Time Stamp,Voltage,Last Stable Current
5256165,54.47684406,26.92984799
5256197,54.47912085,
5256228,54.47684406,
5256260,54.47912085,
5256291,54.48367444,
5256322,54.48367444,
5256354,54.48367444,
5256385,54.48139764,
5256417,54.48595123,
5256448,54.48822803,
5256480,54.48822803,
5256511,54.48822803,
5256542,54.49050482,
5256574,54.48822803,
5256605,54.48822803,
5256636,54.49050482,
5256668,54.49505841,
5256699,54.49278161,
5256798,54.49505841,
5256929,54.50188879,
5256962,54.49961199,
5256994,54.49961199,
5257025,54.49961199,
5257057,54.50188879,
5257089,54.50188879,
5257120,54.50188879,
5257152,54.50188879,
5257183,54.50871917,
5257215,54.50644238,
5257246,54.50871917,
5257278,54.50416558,
5257309,54.50644238,
5257340,54.50871917,
5257372,54.50871917,
5257403,54.50871917,
5257435,54.50871917,
5257466,54.51099596,
5257498,54.51099596,
5257625,54.51327276,
5257756,54.51554955,
5257789,54.51554955,
5257820,54.51782634,
5257851,54.52010314,
5257883,54.52010314,
5257915,54.51782634,
5257946,54.52237993,
5257978,54.52010314,
5258009,54.52237993,
5258040,54.52237993,
5258072,54.52465673,
5258103,54.52465673,
5258135,54.52465673,
5258166,54.52693352,
5258197,54.52921031,
5258229,54.52465673,
5258260,54.52693352,
5258292,54.52921031,
5258323,54.52693352,
5258441,54.53148711,
5258572,54.53148711,
5258604,54.53148711,
5258636,54.53148711,
5258667,54.5337639,
5258699,54.5337639,
5258730,54.53604069,
5258762,54.53604069,
5258793,54.53604069,
5258825,54.5337639,
5258856,54.53604069,
5258887,54.53831749,
5258919,54.5337639,
5258950,54.53831749,
5258982,54.53831749,
5259013,54.53831749,
5259045,54.53831749,
5259076,54.53831749,
5259108,54.54059428,
5259139,54.54287108,
5259256,54.54287108,
5259385,54.54287108,
5259418,54.54514787,
5259449,54.54287108,
5259480,54.54742466,
5259512,54.54742466,
5259544,54.54970146,
5259575,54.54514787,
5259606,54.54970146,
5259638,54.54742466,
5259669,54.54742466,
5259700,54.54970146,
5259732,54.54970146,
5259764,54.54742466,
5259795,54.54742466,
5259826,54.54970146,
5259858,54.55197825,
5259889,54.55197825,
5259920,54.55197825,
5259952,54.55653184,
5260079,54.55425504,
5260211,54.55425504,
5260245,54.55197825,
5260277,54.55425504,
5260309,54.55653184,
5260342,54.55880863,
5260373,54.55425504,
5260404,54.55653184,
5260436,54.56108543,
5260468,54.55880863,
5260499,54.55653184,
5260530,54.56108543,
5260562,54.56336222,
5260593,54.55880863,
5260624,54.55880863,
5260656,54.56108543,
5260689,54.56563901,
5260721,54.56336222,
5260753,54.56108543,
5260784,54.56108543,
5265202,54.61117489,
5265333,54.61345168,
5265365,54.61572848,
5265396,54.61572848,
5265428,54.61572848,
5265459,54.61345168,
5265491,54.61345168,
5265522,54.61572848,
5265553,54.61800527,
5265585,54.61345168,
5265616,54.61800527,
5265648,54.61572848,
5265679,54.61800527,
5265711,54.61572848,
5265742,54.62028206,
5265774,54.62028206,
5265805,54.61800527,
5265836,54.62255886,
5265868,54.62255886,
5265900,54.61800527,
5266025,54.62028206,
5266156,54.62483565,
5266189,54.62483565,
5266222,54.62711244,
5266254,54.62255886,
5266286,54.62255886,
5266317,54.62483565,
5266349,54.62255886,
5266380,54.62483565,
5266412,54.62255886,
5266443,54.62483565,
5266474,54.62711244,
5266507,54.62711244,
5266540,54.62483565,
5266572,54.62483565,
5266604,54.62483565,
5266635,54.62938924,
5266666,54.62711244,
5266698,54.62938924,
5266730,54.62711244,
5266829,54.62711244,
5266961,54.62938924,
5266993,54.62938924,
5267024,54.62938924,
5267056,54.62711244,
5267088,54.62938924,
5267120,54.62938924,
5267152,54.63394283,
5267183,54.63166603,
5267215,54.62938924,
5267246,54.63621962,
5267277,54.63394283,
5267309,54.63166603,
5267341,54.63166603,
5267373,54.63394283,
5267405,54.63394283,
5267436,54.63394283,
5267468,54.63394283,
5267499,54.63166603,
5267531,54.63166603,
5270634,54.66581794,
5270765,54.66126435,
5270797,54.66354114,
5270829,54.66809473,
5270860,54.66126435,
5270892,54.66126435,
5270923,54.66354114,
5270955,54.66354114,
5270986,54.66354114,
5271017,54.66354114,
5271048,54.66581794,
5271079,54.66354114,
5271111,54.66581794,
5271143,54.66581794,
5271174,54.66581794,
5271206,54.66581794,
5271237,54.66581794,
5271268,54.66809473,
5271300,54.66581794,
5271331,54.66581794,
5271438,54.67264832,
5271569,54.67037153,
5271601,54.67037153,
5271632,54.67037153,
5271663,54.66809473,
5271695,54.67037153,
5271726,54.67037153,
5271758,54.67037153,
5271789,54.66809473,
5271820,54.67037153,
5271852,54.67037153,
5271883,54.67492511,
5271914,54.67037153,
5271946,54.67264832,
5271977,54.67037153,
5272009,54.67264832,
5272040,54.67037153,
5272071,54.66809473,
5272103,54.67264832,
5272135,54.67264832,
5272268,54.67492511,
5272399,54.67492511,
5272431,54.67720191,
5272463,54.6794787,
5272494,54.67492511,
5272526,54.67720191,
5272557,54.67720191,
5272588,54.67720191,
5272620,54.67492511,
5272651,54.67720191,
5272682,54.67720191,
5272713,54.67720191,
5272745,54.6794787,
5272776,54.67720191,
5272808,54.6794787,
5272839,54.6794787,
5272871,54.6794787,
5272902,54.68403229,
5272934,54.6794787,
5272965,54.6794787,
5273077,54.68403229,
5273208,54.6794787,
5273241,54.6794787,
5273272,54.68175549,
5273303,54.68403229,
5273334,54.68175549,
5273366,54.68175549,
5273398,54.68175549,
5273429,54.68175549,
5273460,54.68175549,
5273492,54.68175549,
5273523,54.68630908,
5273555,54.68403229,
5273586,54.68630908,
5273617,54.68630908,
5273649,54.68403229,
5273680,54.68630908,
5273712,54.68630908,
5273743,54.68630908,
5273774,54.68630908,
5273917,54.68858588,
5274048,54.68858588,
5274081,54.68403229,
5274112,54.68858588,
5274143,54.68630908,
5274175,54.68858588,
5274206,54.68858588,
5274238,54.68858588,
5274269,54.68858588,
5274301,54.68858588,
5274332,54.68858588,
5274364,54.69086267,
5274395,54.69086267,
5274426,54.69086267,
5274457,54.69086267,
5274489,54.69086267,
5274520,54.68858588,
5274552,54.69086267,
5274583,54.68858588,
5274615,54.69086267,
5274830,54.69541626,
5274961,54.69313946,
5274994,54.69313946,
5275025,54.69313946,
5275056,54.69541626,
5275088,54.69769305,
5275119,54.69086267,
5275151,54.69541626,
5275182,54.69769305,
5275214,54.69541626,
5275245,54.69769305,
5275276,54.69313946,
5275308,54.69541626,
5275339,54.69769305,
5275370,54.69541626,
5275402,54.69769305,
5275433,54.69769305,
5275465,54.69996984,
5275497,54.69996984,
5275529,54.69769305,
5275635,54.69996984,
5275766,54.69769305,
5275798,54.70224664,
5275830,54.69996984,
5275861,54.69769305,
5275893,54.70224664,
5275925,54.69996984,
5275956,54.69996984,
5275987,54.70224664,
5276019,54.70452343,
5276050,54.69996984,
5276082,54.70224664,
5276113,54.70224664,
5276145,54.70224664,
5276176,54.70452343,
5276207,54.69996984,
5276239,54.70680023,
5276270,54.70452343,
5276301,54.70452343,
5276333,54.70452343,
5276470,54.70452343,
5276601,54.70907702,
5276634,54.70680023,
5276665,54.70680023,
5276696,54.70452343,
5276728,54.70907702,
5276760,54.70452343,
5276791,54.70680023,
5276822,54.70907702,
5276854,54.70680023,
5276885,54.70452343,
5276916,54.70680023,
5276948,54.70907702,
5276979,54.70907702,
5277011,54.70907702,
5277042,54.70680023,
5277074,54.70907702,
5277105,54.70907702,
5277137,54.71135381,
5277168,54.70907702,
5277301,54.70907702,
5277431,54.71135381,
5277464,54.71363061,
5277495,54.71135381,
5277526,54.70907702,
5277558,54.71363061,
5277589,54.71135381,
5277621,54.71363061,
5277652,54.71135381,
5277684,54.71135381,
5277715,54.71363061,
5277747,54.71363061,
5277778,54.71363061,
5277809,54.71363061,
5277840,54.71135381,
5277872,54.7159074,
5277903,54.7159074,
5277935,54.7159074,
5277966,54.71818419,
5277998,54.7159074,
5278200,54.7159074,
5278331,54.72046099,
5278363,54.7159074,
5278394,54.71818419,
5278425,54.71818419,
5278457,54.72046099,
5278488,54.71818419,
5278520,54.71818419,
5278551,54.72273778,
5278583,54.71363061,
5278614,54.71818419,
5278645,54.72046099,
5278677,54.72046099,
5278708,54.71818419,
5278740,54.72046099,
5278771,54.72046099,
5278803,54.72046099,
5278834,54.72046099,
5278865,54.72046099,
5278897,54.71818419,
5279022,54.72046099,
5279152,54.72273778,
5279185,54.72273778,
5279216,54.72273778,
5279247,54.72046099,
5279279,54.72273778,
5279311,54.72501458,
5279342,54.72046099,
5279373,54.72273778,
5279405,54.72046099,
5279436,54.72501458,
5279467,54.72729137,
5279499,54.72501458,
5279530,54.72501458,
5279562,54.72501458,
5279593,54.72501458,
5279625,54.72729137,
5279656,54.72729137,
5279688,54.72729137,
5279719,54.72729137,
5279832,54.72956816,
5279963,54.72729137,
5279996,54.72729137,
5280027,54.72729137,
5280058,54.72956816,
5280090,54.72729137,
5280121,54.72729137,
5280153,54.72729137,
5280184,54.72956816,
5280216,54.72729137,
5280247,54.72729137,
5280278,54.72956816,
5280310,54.72956816,
5280341,54.72956816,
5280372,54.72729137,
5280404,54.72956816,
5280435,54.72956816,
5280467,54.72956816,
5280498,54.73184496,
5280530,54.73184496,
5280664,54.73184496,
5280794,54.73412175,
5280826,54.73412175,
5280858,54.73184496,
5280889,54.73184496,
5280921,54.73412175,
5280952,54.73412175,
5280983,54.73639854,
5281015,54.73639854,
5281046,54.73639854,
5281078,54.73412175,
5281109,54.73639854,
5281141,54.73412175,
5281172,54.73639854,
5281203,54.73639854,
5281235,54.73639854,
5281266,54.73639854,
5281297,54.73639854,
5281329,54.73412175,
5281361,54.73639854,
5281473,54.73639854,
5281605,54.73639854,
5281637,54.73867534,
5281668,54.73867534,
5281699,54.73639854,
5281730,54.73867534,
5281762,54.74095213,
5281794,54.73867534,
5281825,54.74095213,
5281857,54.73867534,
5281888,54.74095213,
5281919,54.74095213,
5281951,54.73867534,
5281982,54.73867534,
5282013,54.73867534,
5282045,54.74095213,
5282076,54.74550572,
5282108,54.74322893,
5282139,54.74095213,
5282171,54.74095213,
5282389,54.74322893,
5282520,54.74322893,
5282551,54.74095213,
5282583,54.74095213,
5282614,54.74322893,
5282646,54.74322893,
5282677,54.74322893,
5282709,54.74550572,
5282740,54.74550572,
5282772,54.74550572,
5282803,54.74322893,
5282834,54.74550572,
5282866,54.74550572,
5282897,54.74550572,
5282928,54.74322893,
5282960,54.74550572,
5282991,54.75005931,
5283023,54.74550572,
5283054,54.74550572,
5283086,54.74778251,
5283404,54.75005931,
5283535,54.75005931,
5283567,54.75005931,
5283599,54.75005931,
5283630,54.74550572,
5283662,54.7523361,
5283693,54.7523361,
5283725,54.75005931,
5283756,54.75005931,
5283788,54.75005931,
5283819,54.7523361,
5283850,54.74778251,
5283882,54.75005931,
5283913,54.7523361,
5283945,54.7523361,
5283976,54.7523361,
5284007,54.7523361,
5284039,54.75005931,
5284070,54.7523361,
5284102,54.75461289,
5284242,54.75005931,
5284373,54.75461289,
5284405,54.75005931,
5284437,54.75461289,
5284468,54.75461289,
5284500,54.75461289,
5284531,54.75461289,
5284562,54.75461289,
5284594,54.75688969,
5284625,54.75688969,
5284657,54.75461289,
5284688,54.75688969,
5284720,54.75461289,
5284751,54.75461289,
5284782,54.75688969,
5284814,54.75688969,
5284845,54.75688969,
5284877,54.75688969,
5284908,54.75916648,
5284940,54.75916648,
5285054,54.75688969,
5285184,54.75916648,
5285216,54.75688969,
5285248,54.76144328,
5285279,54.76144328,
5285310,54.76144328,
5285342,54.75916648,
5285373,54.76144328,
5285405,54.76144328,
5285436,54.75688969,
5285468,54.75916648,
5285499,54.76144328,
5285531,54.76144328,
5285562,54.75916648,
5285593,54.76144328,
5285624,54.76144328,
5285656,54.76372007,
5285687,54.76144328,
5285719,54.76372007,
5285750,54.76144328,
5285876,54.76144328,
5286007,54.75916648,
5286040,54.76372007,
5286071,54.76372007,
5286102,54.76372007,
5286133,54.76599686,
5286165,54.76599686,
5286196,54.76599686,
5286228,54.76144328,
5286259,54.76827366,
5286291,54.76372007,
5286322,54.76599686,
5286354,54.76372007,
5286385,54.76599686,
5286416,54.76372007,
5286447,54.76599686,
5286479,54.76372007,
5286510,54.76599686,
5286542,54.76599686,
5286573,54.76827366,
5286698,54.76599686,
5286829,54.76827366,
5286861,54.76827366,
5286893,54.76599686,
5286924,54.76827366,
5286955,54.77282724,
5286987,54.76827366,
5287018,54.76827366,
5287050,54.76827366,
5287081,54.77055045,
5287113,54.76827366,
5287144,54.76827366,
5287176,54.77055045,
5287207,54.77055045,
5287238,54.77055045,
5287270,54.77282724,
5287301,54.76599686,
5287332,54.77055045,
5287364,54.76827366,
5287395,54.77055045,
5287518,54.77055045,
5287649,54.77282724,
5287681,54.76827366,
5287713,54.77055045,
5287744,54.77282724,
5287777,54.77282724,
5287808,54.77510404,
5287839,54.77510404,
5287871,54.77282724,
5287902,54.77282724,
5287934,54.77738083,
5287965,54.77055045,
5287997,54.77510404,
5288028,54.77282724,
5288059,54.77282724,
5288091,54.77510404,
5288122,54.77282724,
5288154,54.77282724,
5288185,54.77510404,
5288217,54.77510404,
5288337,54.77738083,
5288468,54.77510404,
5288499,54.77965763,
5288531,54.77738083,
5288562,54.77510404,
5288593,54.77738083,
5288625,54.77738083,
5288656,54.77738083,
5288688,54.77738083,
5288719,54.77738083,
5288751,54.77510404,
5288782,54.77510404,
5288814,54.77965763,
5288845,54.77738083,
5288876,54.77738083,
5288908,54.77738083,
5288939,54.77965763,
5288971,54.77965763,
5289002,54.77965763,
5289033,54.78193442,
5289148,54.77965763,
5289279,54.77738083,
5289311,54.78193442,
5289343,54.77965763,
5289375,54.78193442,
5289406,54.78193442,
5289437,54.78193442,
5289468,54.78193442,
5289500,54.78193442,
5289531,54.78193442,
5289563,54.78193442,
5289594,54.78421121,
5289626,54.78193442,
5289657,54.78193442,
5289688,54.78421121,
5289719,54.78193442,
5289751,54.78193442,
5289782,54.78193442,
5289814,54.78421121,
5289845,54.78421121,
5289974,54.78193442,
5290106,54.78421121,
5290138,54.78421121,
5290169,54.78421121,
5290200,54.78421121,
5290232,54.78193442,
5290263,54.78648801,
5290295,54.78648801,
5290326,54.78421121,
5290358,54.7887648,
5290389,54.78648801,
5290420,54.78648801,
5290452,54.78421121,
5290483,54.78421121,
5290514,54.78421121,
5290546,54.78648801,
5290578,54.78421121,
5290609,54.79104159,
5290640,54.79104159,
5290672,54.78648801,
5290795,54.79104159,
5290926,54.79104159,
5290958,54.79104159,
5290989,54.79104159,
5291021,54.7887648,
5291052,54.7887648,
5291084,54.78648801,
5291115,54.79104159,
5291146,54.7887648,
5291178,54.79104159,
5291209,54.79104159,
5291241,54.79331839,
5291272,54.79104159,
5291303,54.7887648,
5291335,54.78648801,
5291366,54.79104159,
5291398,54.79104159,
5291429,54.7887648,
5291460,54.79104159,
5291491,54.79331839,
5291614,54.79331839,
5291746,54.79559518,
5291778,54.79331839,
5291809,54.79331839,
5291841,54.79104159,
5291873,54.79331839,
5291904,54.79104159,
5291935,54.79559518,
5291966,54.79331839,
5291998,54.79331839,
5292029,54.79787198,
5292061,54.79331839,
5292092,54.79559518,
5292124,54.79559518,
5292155,54.79559518,
5292187,54.79559518,
5292218,54.79787198,
5292249,54.79559518,
5292280,54.79559518,
5292312,54.79559518,
5292427,54.79787198,
5292559,54.79559518,
5292591,54.79787198,
5292622,54.79787198,
5292654,54.79559518,
5292685,54.79787198,
5292716,54.79787198,
5292747,54.79787198,
5292779,54.79787198,
5292810,54.79787198,
5292842,54.79787198,
5292873,54.79559518,
5292905,54.79559518,
5292936,54.80014877,
5292967,54.80014877,
5292998,54.80014877,
5293030,54.79787198,
5293061,54.80014877,
5293093,54.80014877,
5293124,54.80014877,
5293251,54.80014877,
5293382,54.80014877,
5293414,54.80242556,
5293446,54.80242556,
5293478,54.79787198,
5293509,54.80242556,
5293541,54.80242556,
5293572,54.80014877,
5293603,54.80014877,
5293635,54.80014877,
5293666,54.80242556,
5293697,54.79787198,
5293729,54.80470236,
5293760,54.80242556,
5293792,54.80242556,
5293823,54.80470236,
5293855,54.80242556,
5293886,54.80242556,
5293917,54.80242556,
5293949,54.80470236,
5294071,54.80470236,
5294202,54.80470236,
5294234,54.80470236,
5294266,54.80470236,
5294297,54.80470236,
5294328,54.80014877,
5294360,54.80470236,
5294391,54.80470236,
5294422,54.80470236,
5294454,54.80697915,
5294485,54.80697915,
5294516,54.80697915,
5294548,54.80470236,
5294580,54.80697915,
5294611,54.80014877,
5294642,54.80697915,
5294674,54.80697915,
5294705,54.80697915,
5294736,54.80470236,
5294768,54.80697915,
5294901,54.80697915,
5295033,54.80697915,
5295065,54.80697915,
5295097,54.81153274,
5295128,54.80925594,
5295160,54.81153274,
5295191,54.80697915,
5295222,54.80697915,
5295254,54.80925594,
5295285,54.81153274,
5295316,54.81153274,
5295348,54.80925594,
5295379,54.80925594,
5295411,54.81380953,
5295442,54.80697915,
5295474,54.80925594,
5295505,54.80697915,
5295536,54.80925594,
5295567,54.80925594,
5295599,54.80925594,
5295713,54.81380953,
5295844,54.81380953,
5295876,54.81380953,
5295907,54.81380953,
5295939,54.81380953,
5295970,54.80925594,
5296002,54.81153274,
5296033,54.81380953,
5296064,54.81153274,
5296096,54.80925594,
5296127,54.81608633,
5296159,54.81380953,
5296190,54.81380953,
5296222,54.81380953,
5296253,54.81380953,
5296285,54.81153274,
5296316,54.81153274,
5296347,54.81608633,
5296379,54.81380953,
5296410,54.81608633,
5296526,54.81608633,
5296657,54.81608633,
5296690,54.81608633,
5296721,54.81380953,
5296752,54.81836312,
5296784,54.81380953,
5296815,54.81836312,
5296847,54.81380953,
5296878,54.81608633,
5296910,54.81608633,
5296941,54.81836312,
5296972,54.81608633,
5297004,54.81608633,
5297035,54.81608633,
5297067,54.81380953,
5297098,54.81608633,
5297130,54.81608633,
5297161,54.81836312,
5297192,54.81608633,
5297224,54.82063991,
5297360,54.82063991,
5297491,54.81836312,
5297523,54.82063991,
5297555,54.81608633,
5297586,54.82291671,
5297618,54.82063991,
5297649,54.82063991,
5297680,54.82291671,
5297712,54.82063991,
5297743,54.82291671,
5297775,54.82063991,
5297806,54.82063991,
5297838,54.82063991,
5297869,54.82063991,
5297900,54.82291671,
5297932,54.82063991,
5297963,54.81836312,
5297995,54.82063991,
5298026,54.82063991,
5298058,54.82063991,
5298166,54.82291671,
5298297,54.8251935,
5298329,54.81836312,
5298361,54.8251935,
5298392,54.82291671,
5298423,54.82291671,
5298455,54.8251935,
5298486,54.8251935,
5298517,54.8251935,
5298549,54.82291671,
5298580,54.8251935,
5298612,54.82291671,
5298643,54.82291671,
5298675,54.8251935,
5298706,54.82291671,
5298738,54.8251935,
5298769,54.8251935,
5298800,54.8251935,
5298831,54.82974709,
5298863,54.82747029,
5298989,54.82974709,
5299119,54.82747029,
5299151,54.8251935,
5299183,54.8251935,
5299214,54.82747029,
5299246,54.82747029,
5299277,54.8251935,
5299308,54.82747029,
5299340,54.82974709,
5299371,54.82974709,
5299403,54.82747029,
5299434,54.82747029,
5299466,54.8251935,
5299497,54.82974709,
5299528,54.82747029,
5299560,54.82974709,
5299591,54.82747029,
5299622,54.82974709,
5299654,54.82974709,
5299685,54.82747029,
5299906,54.83202388,
5300038,54.83202388,
5300070,54.82747029,
5300101,54.83202388,
5300133,54.82974709,
5300164,54.82974709,
5300196,54.83202388,
5300227,54.82974709,
5300258,54.83202388,
5300290,54.83202388,
5300321,54.83202388,
5300352,54.83202388,
5300384,54.83430068,
5300415,54.83202388,
5300447,54.83202388,
5300478,54.82974709,
5300510,54.83202388,
5300541,54.83430068,
5300572,54.83430068,
5300604,54.83430068,
5300737,54.83202388,
5300868,54.83202388,
5300900,54.83202388,
5300932,54.83430068,
5300963,54.83657747,
5300995,54.83430068,
5301026,54.83430068,
5301058,54.83657747,
5301089,54.83657747,
5301121,54.83430068,
5301152,54.82974709,
5301183,54.83657747,
5301215,54.83657747,
5301246,54.83202388,
5301278,54.83430068,
5301309,54.83657747,
5301341,54.83657747,
5301372,54.83430068,
5301404,54.83430068,
5301435,54.83657747,
5301555,54.83430068,
5301685,54.83657747,
5301718,54.83430068,
5301749,54.83657747,
5301780,54.83430068,
5301812,54.83657747,
5301843,54.83885426,
5301875,54.83657747,
5301906,54.83885426,
5301938,54.84113106,
5301969,54.83885426,
5302000,54.83885426,
5302032,54.83885426,
5302063,54.84113106,
5302094,54.83885426,
5302126,54.83657747,
5302158,54.83657747,
5302189,54.83885426,
5302220,54.83885426,
5302252,54.83885426,
5302388,54.84113106,
5302519,54.83885426,
5302552,54.84340785,
5302583,54.84340785,
5302614,54.84113106,
5302646,54.84340785,
5302677,54.84113106,
5302709,54.83885426,
5302740,54.84113106,
5302772,54.84113106,
5302803,54.83885426,
5302835,54.84113106,
5302866,54.84113106,
5302897,54.84340785,
5302928,54.84113106,
5302960,54.84113106,
5302992,54.84340785,
5303023,54.84340785,
5303054,54.83885426,
5303086,54.84340785,
5303186,54.84568464,
5303318,54.84340785,
5303350,54.84340785,
5303381,54.84340785,
5303413,54.84340785,
5303445,54.84113106,
5303476,54.84340785,
5303507,54.84568464,
5303538,54.84568464,
5303570,54.84340785,
5303601,54.84568464,
5303633,54.84340785,
5303664,54.84568464,
5303695,54.84568464,
5303727,54.84796144,
5303758,54.84568464,
5303790,54.84340785,
5303821,54.84340785,
5303852,54.84340785,
5303884,54.84568464,
5304010,54.84568464,
5304141,54.84796144,
5304173,54.84568464,
5304205,54.84568464,
5304236,54.84568464,
5304268,54.85023823,
5304299,54.84796144,
5304330,54.84796144,
5304362,54.84796144,
5304393,54.84796144,
5304425,54.84796144,
5304456,54.84796144,
5304488,54.84796144,
5304519,54.84796144,
5304550,54.84796144,
5304582,54.84796144,
5304613,54.85023823,
5304644,54.85023823,
5304676,54.85023823,
5304707,54.85251503,
5304834,54.85023823,
5304966,54.85023823,
5304998,54.85023823,
5305029,54.84796144,
5305061,54.85251503,
5305092,54.85023823,
5305124,54.84796144,
5305155,54.85023823,
5305187,54.85023823,
5305218,54.85251503,
5305249,54.85023823,
5305281,54.85023823,
5305312,54.85251503,
5305344,54.85251503,
5305375,54.84796144,
5305406,54.85251503,
5305438,54.85251503,
5305469,54.85251503,
5305501,54.85479182,
5305532,54.85023823,
5305640,54.85023823,
5305771,54.85251503,
5305803,54.85251503,
5305834,54.85251503,
5305866,54.85479182,
5305897,54.85479182,
5305929,54.85479182,
5305960,54.85251503,
5305991,54.85479182,
5306023,54.85251503,
5306054,54.85251503,
5306086,54.85706861,
5306117,54.85479182,
5306149,54.85251503,
5306180,54.85479182,
5306212,54.85479182,
5306243,54.85479182,
5306274,54.85479182,
5306305,54.85706861,
5306337,54.85479182,
5306540,54.85706861,
5306670,54.85251503,
5306701,54.85251503,
5306733,54.85479182,
5306764,54.85706861,
5306796,54.85706861,
5306827,54.85479182,
5306859,54.85706861,
5306890,54.85479182,
5306921,54.85706861,
5306953,54.85934541,
5306984,54.85934541,
5307016,54.85706861,
5307047,54.85934541,
5307079,54.85479182,
5307110,54.85706861,
5307142,54.85934541,
5307173,54.85934541,
5307204,54.85706861,
5307236,54.85934541,
5307501,54.85934541,
5307632,54.85934541,
5307664,54.85934541,
5307696,54.8616222,
5307727,54.85934541,
5307759,54.86389899,
5307790,54.85934541,
5307822,54.8616222,
5307853,54.85934541,
5307885,54.85934541,
5307916,54.85934541,
5307947,54.8616222,
5307979,54.8616222,
5308010,54.8616222,
5308041,54.86389899,
5308073,54.8616222,
5308104,54.86389899,
5308136,54.85934541,
5308167,54.86389899,
5308199,54.8616222,
5308405,54.86617579,
5308535,54.8616222,
5308567,54.86389899,
5308599,54.8616222,
5308630,54.8616222,
5308661,54.86617579,
5308693,54.86389899,
5308724,54.86617579,
5308756,54.86617579,
5308787,54.86389899,
5308819,54.86389899,
5308850,54.86389899,
5308882,54.86389899,
5308913,54.86617579,
5308944,54.86389899,
5308976,54.86389899,
5309007,54.86845258,
5309039,54.86617579,
5309070,54.86389899,
5309102,54.86389899,
5309231,54.86617579,
5309362,54.86845258,
5309395,54.86389899,
5309426,54.86389899,
5309457,54.86617579,
5309489,54.86617579,
5309520,54.86845258,
5309552,54.86845258,
5309583,54.86845258,
5309615,54.87072938,
5309646,54.86617579,
5309677,54.86845258,
5309709,54.86617579,
5309740,54.86845258,
5309772,54.86845258,
5309803,54.87300617,
5309835,54.86617579,
5309866,54.86845258,
5309898,54.86845258,
5309929,54.86617579,
5310064,54.86845258,
5310195,54.86845258,
5310228,54.86845258,
5310259,54.86845258,
5310291,54.86845258,
5310322,54.87072938,
5310354,54.87072938,
5310385,54.87072938,
5310417,54.87072938,
5310448,54.86845258,
5310479,54.87072938,
5310511,54.87072938,
5310542,54.87072938,
5310573,54.87072938,
5310604,54.87072938,
5310636,54.87072938,
5310667,54.87072938,
5310699,54.87072938,
5310730,54.87072938,
5310762,54.87300617,
5310861,54.86845258,
5310992,54.87072938,
5311023,54.86845258,
5311055,54.87072938,
5311087,54.87300617,
5311118,54.87072938,
5311150,54.87072938,
5311181,54.87300617,
5311213,54.87072938,
5311244,54.87300617,
5311276,54.87300617,
5311307,54.87528296,
5311339,54.87072938,
5311370,54.87300617,
5311401,54.87300617,
5311432,54.87528296,
5311464,54.87072938,
5311495,54.87300617,
5311526,54.87528296,
5311558,54.87300617,
5311701,54.87528296,
5311832,54.87300617,
5311865,54.87300617,
5311897,54.87300617,
5311928,54.87528296,
5311960,54.87528296,
5311991,54.87528296,
5312022,54.87528296,
5312054,54.87300617,
5312085,54.87528296,
5312117,54.87755976,
5312148,54.87528296,
5312180,54.87528296,
5312211,54.87528296,
5312242,54.87755976,
5312274,54.87755976,
5312305,54.87528296,
5312336,54.87983655,
5312368,54.87528296,
5312399,54.87528296,
5312706,54.87755976,
5312837,54.87755976,
5312869,54.87983655,
5312901,54.87755976,
5312932,54.87755976,
5312963,54.87755976,
5312995,54.87983655,
5313026,54.87755976,
5313057,54.88211334,
5313089,54.87983655,
5313120,54.88211334,
5313152,54.87983655,
5313183,54.88211334,
5313215,54.87755976,
5313246,54.87983655,
5313277,54.87983655,
5313308,54.87755976,
5313340,54.87755976,
5313371,54.87983655,
5313402,54.87983655,
5313526,54.88211334,
5313658,54.87755976,
5313690,54.88211334,
5313721,54.88211334,
5313753,54.87983655,
5313784,54.88211334,
5313816,54.87983655,
5313847,54.87983655,
5313878,54.88439014,
5313910,54.88211334,
5313942,54.88211334,
5313973,54.88211334,
5314004,54.88211334,
5314036,54.88439014,
5314067,54.88211334,
5314099,54.88439014,
5314130,54.88211334,
5314161,54.88211334,
5314192,54.88211334,
5314224,54.88439014,
5314466,54.87983655,
5314596,54.88439014,
5314629,54.88211334,
5314660,54.88439014,
5314692,54.88211334,
5314723,54.88439014,
5314755,54.88439014,
5314786,54.88439014,
5314818,54.88666693,
5314849,54.88439014,
5314880,54.88439014,
5314912,54.88439014,
5314943,54.88439014,
5314975,54.88894373,
5315006,54.88666693,
5315038,54.88666693,
5315069,54.88666693,
5315100,54.88894373,
5315132,54.88666693,
5315163,54.88439014,
5315270,54.88439014,
5315401,54.88894373,
5315434,54.88666693,
5315466,54.88439014,
5315497,54.88666693,
5315528,54.88439014,
5315560,54.88894373,
5315591,54.88666693,
5315622,54.88666693,
5315654,54.88666693,
5315685,54.89122052,
5315717,54.88666693,
5315748,54.88894373,
5315780,54.88894373,
5315811,54.88894373,
5315843,54.89122052,
5315874,54.88894373,
5315905,54.88894373,
5315936,54.88894373,
5315968,54.88894373,
5316101,54.88894373,
5316232,54.88666693,
5316265,54.88894373,
5316296,54.88894373,
5316327,54.88666693,
5316359,54.88894373,
5316391,54.88894373,
5316422,54.89122052,
5316454,54.89122052,
5316485,54.88894373,
5316516,54.89122052,
5316547,54.88894373,
5316579,54.89349731,
5316610,54.89122052,
5316642,54.88894373,
5316673,54.88894373,
5316705,54.89122052,
5316736,54.88894373,
5316768,54.88894373,
5316799,54.89349731,
5316910,54.89122052,
5317040,54.89122052,
5317073,54.89122052,
5317104,54.89122052,
5317135,54.89122052,
5317167,54.89577411,
5317199,54.89349731,
5317230,54.89349731,
5317261,54.89349731,
5317293,54.89577411,
5317324,54.89122052,
5317356,54.89122052,
5317387,54.89349731,
5317418,54.89349731,
5317450,54.89122052,
5317481,54.89577411,
5317513,54.89122052,
5317544,54.89349731,
5317575,54.89122052,
5317607,54.89349731,
5317724,54.89349731,
5317855,54.89349731,
5317888,54.89122052,
5317919,54.89577411,
5317951,54.88894373,
5317982,54.89349731,
5318014,54.89577411,
5318045,54.89577411,
5318077,54.89349731,
5318108,54.89577411,
5318140,54.89577411,
5318171,54.89577411,
5318203,54.89577411,
5318234,54.89349731,
5318265,54.8980509,
5318297,54.89577411,
5318328,54.89349731,
5318360,54.89349731,
5318391,54.8980509,
5318422,54.8980509,
5318542,54.90032769,
5318673,54.89577411,
5318705,54.8980509,
5318737,54.89577411,
5318768,54.89577411,
5318799,54.89577411,
5318831,54.90032769,
5318862,54.89577411,
5318894,54.89577411,
5318925,54.8980509,
5318957,54.89577411,
5318988,54.90260449,
5319019,54.8980509,
5319051,54.89349731,
5319082,54.89577411,
5319114,54.90032769,
5319145,54.8980509,
5319176,54.89577411,
5319207,54.90032769,
5319239,54.90032769,
5319367,54.90032769,
5319498,54.90032769,
5319530,54.8980509,
5319561,54.90032769,
5319592,54.90032769,
5319624,54.90032769,
5319655,54.90260449,
5319687,54.90032769,
5319718,54.90032769,
5319750,54.90032769,
5319781,54.90032769,
5319812,54.90032769,
5319844,54.8980509,
5319875,54.90032769,
5319907,54.90260449,
5319938,54.90032769,
5319970,54.90260449,
5320001,54.90260449,
5320032,54.90032769,
5320064,54.90032769,
5320181,54.90032769,
5320313,54.90488128,
5320345,54.90260449,
5320377,54.90032769,
5320408,54.90032769,
5320439,54.90260449,
5320471,54.90032769,
5320502,54.8980509,
5320534,54.90488128,
5320565,54.90032769,
5320597,54.90488128,
5320628,54.90260449,
5320660,54.90488128,
5320691,54.90488128,
5320722,54.90488128,
5320754,54.90260449,
5320785,54.90260449,
5320816,54.90260449,
5320847,54.90260449,
5320879,54.90260449,
5321000,54.90488128,
5321131,54.90260449,
5321163,54.90488128,
5321195,54.90488128,
5321226,54.90488128,
5321257,54.90260449,
5321289,54.90260449,
5321320,54.90260449,
5321351,54.90260449,
5321383,54.90488128,
5321414,54.90488128,
5321446,54.90715808,
5321477,54.90488128,
5321509,54.90488128,
5321540,54.90260449,
5321571,54.90488128,
5321603,54.90488128,
5321634,54.90943487,
5321665,54.90715808,
5321697,54.90943487,
5321819,54.90715808,
5321949,54.90715808,
5321981,54.90488128,
5322012,54.90488128,
5322043,54.90488128,
5322074,54.90488128,
5322106,54.90943487,
5322138,54.90715808,
5322169,54.90943487,
5322200,54.90488128,
5322232,54.90715808,
5322263,54.90715808,
5322295,54.90488128,
5322326,54.90715808,
5322357,54.90943487,
5322389,54.90943487,
5322420,54.90715808,
5322452,54.90715808,
5322483,54.90943487,
5322514,54.90715808,
5322746,54.90943487,
5322877,54.90715808,
5322910,54.90943487,
5322941,54.90943487,
5322972,54.90715808,
5323004,54.90943487,
5323035,54.91171166,
5323066,54.91171166,
5323098,54.91171166,
5323129,54.91171166,
5323161,54.90715808,
5323192,54.90943487,
5323224,54.91398846,
5323255,54.91171166,
5323286,54.91398846,
5323318,54.91171166,
5323349,54.91171166,
5323380,54.91171166,
5323412,54.90943487,
5323443,54.91398846,
5323563,54.90943487,
5323694,54.91398846,
5323726,54.91171166,
5323758,54.90943487,
5323789,54.91171166,
5323820,54.91171166,
5323852,54.90943487,
5323883,54.91171166,
5323914,54.91171166,
5323946,54.90943487,
5323978,54.91398846,
5324009,54.91398846,
5324041,54.91171166,
5324072,54.91398846,
5324103,54.90943487,
5324135,54.91626525,
5324166,54.91171166,
5324197,54.91398846,
5324229,54.91398846,
5324260,54.91398846,
5324397,54.91398846,
5324528,54.91398846,
5324561,54.91398846,
5324592,54.91171166,
5324623,54.91171166,
5324655,54.91398846,
5324687,54.91626525,
5324718,54.91398846,
5324750,54.91171166,
5324781,54.91626525,
5324812,54.91626525,
5324843,54.91626525,
5324875,54.91398846,
5324907,54.91398846,
5324938,54.91398846,
5324969,54.91398846,
5325001,54.91398846,
5325032,54.91626525,
5325064,54.91854204,
5325095,54.91171166,
5325207,54.91854204,
5325338,54.91626525,
5325370,54.91398846,
5325402,54.91854204,
5325433,54.91398846,
5325465,54.92081884,
5325496,54.91626525,
5325527,54.91854204,
5325559,54.91626525,
5325590,54.91854204,
5325622,54.91626525,
5325653,54.91626525,
5325685,54.91626525,
5325716,54.91854204,
5325747,54.92081884,
5325779,54.91626525,
5325811,54.92081884,
5325842,54.91854204,
5325874,54.91854204,
5325905,54.91626525,
5326020,54.91626525,
5326152,54.91854204,
5326184,54.91854204,
5326215,54.91854204,
5326247,54.91626525,
5326278,54.91854204,
5326310,54.91854204,
5326341,54.92081884,
5326372,54.92081884,
5326404,54.92081884,
5326435,54.91854204,
5326467,54.92309563,
5326498,54.91854204,
5326530,54.92309563,
5326561,54.92309563,
5326593,54.92081884,
5326624,54.91854204,
5326655,54.92309563,
5326686,54.91854204,
5326718,54.92081884,
5326851,54.91854204,
5326981,54.92081884,
5327013,54.92081884,
5327045,54.92081884,
5327076,54.91854204,
5327108,54.92081884,
5327139,54.92537243,
5327170,54.92309563,
5327202,54.92081884,
5327233,54.92081884,
5327265,54.92081884,
5327296,54.92309563,
5327328,54.92309563,
5327359,54.92081884,
5327390,54.92081884,
5327422,54.92309563,
5327453,54.92081884,
5327484,54.91854204,
5327516,54.92537243,
5327548,54.92081884,
5327755,54.92081884,
5327885,54.92309563,
5327916,54.92309563,
5327948,54.92309563,
5327979,54.92537243,
5328011,54.92309563,
5328042,54.92309563,
5328074,54.92081884,
5328105,54.92309563,
5328137,54.92764922,
5328168,54.92537243,
5328199,54.92537243,
5328231,54.92309563,
5328262,54.92309563,
5328293,54.92537243,
5328325,54.92309563,
5328356,54.92309563,
5328388,54.92309563,
5328419,54.92537243,
5328451,54.92537243,
5328577,54.92537243,
5328708,54.92764922,
5328741,54.92764922,
5328772,54.92309563,
5328804,54.92537243,
5328835,54.92537243,
5328867,54.92764922,
5328898,54.92537243,
5328929,54.92764922,
5328960,54.92537243,
5328992,54.92309563,
5329023,54.92992601,
5329055,54.92309563,
5329086,54.92537243,
5329117,54.92764922,
5329149,54.92537243,
5329180,54.92764922,
5329211,54.92764922,
5329242,54.92992601,
5329274,54.92309563,
5329422,54.92537243,
5329552,54.92992601,
5329584,54.92537243,
5329616,54.92537243,
5329647,54.92764922,
5329679,54.92537243,
5329710,54.92992601,
5329741,54.92764922,
5329773,54.92764922,
5329804,54.92764922,
5329836,54.92764922,
5329868,54.92537243,
5329899,54.92992601,
5329930,54.92992601,
5329961,54.92537243,
5329993,54.92992601,
5330024,54.92992601,
5330055,54.92992601,
5330087,54.92764922,
5330118,54.92992601,
5330224,54.92992601,
5330355,54.92992601,
5330387,54.92992601,
5330419,54.92992601,
5330450,54.92992601,
5330482,54.93220281,
5330513,54.93220281,
5330544,54.92992601,
5330575,54.92992601,
5330607,54.92992601,
5330638,54.93220281,
5330670,54.92992601,
5330701,54.93220281,
5330733,54.93220281,
5330764,54.92992601,
5330796,54.93220281,
5330827,54.92992601,
5330858,54.93220281,
5330890,54.93220281,
5330921,54.93220281,
5331037,54.93220281,
5331169,54.92992601,
5331201,54.93220281,
5331232,54.93220281,
5331264,54.9344796,
5331295,54.92992601,
5331327,54.92992601,
5331358,54.93220281,
5331389,54.9344796,
5331420,54.92992601,
5331452,54.9344796,
5331483,54.92992601,
5331514,54.93220281,
5331546,54.93220281,
5331577,54.93220281,
5331609,54.9344796,
5331640,54.93220281,
5331671,54.93220281,
5331703,54.93675639,
5331734,54.9344796,
5331877,54.9344796,
5332008,54.9344796,
5332041,54.9344796,
5332072,54.9344796,
5332104,54.93220281,
5332135,54.93675639,
5332167,54.9344796,
5332198,54.93903319,
5332230,54.93220281,
5332261,54.9344796,
5332292,54.93220281,
5332324,54.9344796,
5332355,54.93675639,
5332386,54.93675639,
5332418,54.9344796,
5332449,54.9344796,
5332481,54.9344796,
5332512,54.9344796,
5332544,54.93903319,
5332575,54.9344796,
5332672,54.93675639,
5332803,54.93903319,
5332836,54.93675639,
5332867,54.93675639,
5332899,54.93675639,
5332930,54.9344796,
5332961,54.93675639,
5332992,54.93675639,
5333023,54.93675639,
5333055,54.9344796,
5333087,54.93675639,
5333118,54.93903319,
5333150,54.9344796,
5333181,54.93675639,
5333212,54.93675639,
5333244,54.93903319,
5333275,54.9344796,
5333306,54.93675639,
5333338,54.93675639,
5333369,54.9344796,
5333510,54.93675639,
5333642,54.9344796,
5333674,54.94130998,
5333706,54.93675639,
5333737,54.93903319,
5333768,54.93675639,
5333799,54.93675639,
5333831,54.94130998,
5333863,54.93903319,
5333894,54.94130998,
5333925,54.9344796,
5333956,54.93903319,
5333988,54.93903319,
5334019,54.93903319,
5334051,54.93675639,
5334082,54.94130998,
5334114,54.93903319,
5334145,54.94130998,
5334177,54.93675639,
5334208,54.94130998,
5334515,54.93903319,
5334645,54.94130998,
5334678,54.94130998,
5334709,54.94130998,
5334741,54.94130998,
5334772,54.93903319,
5334804,54.93903319,
5334835,54.93903319,
5334866,54.94130998,
5334898,54.93903319,
5334929,54.94130998,
5334960,54.94358678,
5334992,54.94358678,
5335023,54.94130998,
5335055,54.94358678,
5335086,54.94130998,
5335118,54.94358678,
5335149,54.93903319,
5335180,54.94358678,
5335212,54.94130998,
5335445,54.93903319,
5335576,54.94814036,
5335608,54.94130998,
5335640,54.94130998,
5335671,54.94586357,
5335702,54.94358678,
5335734,54.94358678,
5335765,54.94130998,
5335796,54.94358678,
5335828,54.94358678,
5335860,54.94130998,
5335891,54.94358678,
5335923,54.94358678,
5335954,54.94586357,
5335985,54.94586357,
5336017,54.94130998,
5336048,54.94358678,
5336080,54.94586357,
5336111,54.94358678,
5336143,54.94358678,
5336269,54.94358678,
5336400,54.94586357,
5336432,54.94586357,
5336463,54.94358678,
5336495,54.94358678,
5336526,54.94358678,
5336558,54.94358678,
5336589,54.94358678,
5336620,54.94586357,
5336652,54.94586357,
5336683,54.94814036,
5336714,54.94586357,
5336746,54.95041716,
5336778,54.94358678,
5336809,54.94586357,
5336841,54.94586357,
5336872,54.94358678,
5336903,54.94358678,
5336935,54.94358678,
5336966,54.94814036,
5337078,54.94814036,
5337208,54.94586357,
5337240,54.94586357,
5337272,54.94814036,
5337303,54.94586357,
5337334,54.94814036,
5337366,54.95041716,
5337398,54.94586357,
5337429,54.94814036,
5337460,54.94814036,
5337492,54.95041716,
5337523,54.94586357,
5337555,54.95041716,
5337586,54.94814036,
5337617,54.94814036,
5337649,54.94814036,
5337680,54.94814036,
5337712,54.94814036,
5337743,54.94814036,
5337774,54.95041716,
5337895,54.94814036,
5338027,54.95041716,
5338059,54.94814036,
5338091,54.95041716,
5338122,54.94814036,
5338153,54.95041716,
5338185,54.95041716,
5338216,54.95041716,
5338247,54.95269395,
5338279,54.95041716,
5338310,54.94814036,
5338342,54.95041716,
5338373,54.95041716,
5338405,54.95269395,
5338436,54.94814036,
5338467,54.95269395,
5338499,54.94814036,
5338530,54.94814036,
5338561,54.95041716,
5338593,54.95041716,
5338734,54.95041716,
5338866,54.95269395,
5338898,54.94814036,
5338930,54.95041716,
5338961,54.95041716,
5338993,54.95269395,
5339024,54.95269395,
5339055,54.95041716,
5339087,54.95041716,
5339118,54.95269395,
5339150,54.95041716,
5339181,54.95041716,
5339212,54.95041716,
5339243,54.95497074,
5339274,54.95041716,
5339306,54.95269395,
5339337,54.95269395,
5339369,54.95041716,
5339400,54.95269395,
5339432,54.95497074,
5339533,54.95041716,
5339665,54.95497074,
5339697,54.95497074,
5339728,54.95497074,
5339760,54.95269395,
5339791,54.95497074,
5339823,54.95269395,
5339854,54.95269395,
5339885,54.95269395,
5339917,54.95269395,
5339949,54.95269395,
5339980,54.95041716,
5340011,54.95497074,
5340043,54.95269395,
5340074,54.95269395,
5340105,54.95497074,
5340136,54.95269395,
5340168,54.95497074,
5340199,54.95497074,
5340230,54.95724754,
5340444,54.95269395,
5340574,54.95724754,
5340605,54.95497074,
5340637,54.95497074,
5340669,54.95497074,
5340700,54.95497074,
5340732,54.95269395,
5340763,54.95724754,
5340794,54.95952433,
5340826,54.95269395,
5340857,54.95497074,
5340889,54.95497074,
5340920,54.95269395,
5340952,54.95497074,
5340983,54.95724754,
5341014,54.95724754,
5341046,54.95952433,
5341077,54.95269395,
5341108,54.95724754,
5341140,54.95724754,
5341279,54.95269395,
5341409,54.95497074,
5341441,54.95497074,
5341473,54.95724754,
5341504,54.95497074,
5341535,54.95724754,
5341567,54.95952433,
5341598,54.95952433,
5341630,54.95724754,
5341661,54.95497074,
5341693,54.95724754,
5341724,54.95724754,
5341756,54.95952433,
5341787,54.95724754,
5341818,54.95497074,
5341850,54.95497074,
5341881,54.95952433,
5341913,54.95724754,
5341944,54.95724754,
5341976,54.95952433,
5342097,54.95952433,
5342228,54.95952433,
5342260,54.95952433,
5342292,54.95952433,
5342323,54.95952433,
5342354,54.96180113,
5342386,54.95952433,
5342417,54.95952433,
5342449,54.95724754,
5342480,54.95724754,
5342512,54.95724754,
5342543,54.96180113,
5342575,54.96180113,
5342606,54.96180113,
5342637,54.95952433,
5342669,54.95952433,
5342700,54.95724754,
5342731,54.95952433,
5342763,54.96180113,
5342794,54.95952433,
5343127,54.96180113,
5343258,54.96180113,
5343290,54.96180113,
5343321,54.95952433,
5343353,54.96407792,
5343384,54.96180113,
5343416,54.96407792,
5343447,54.96180113,
5343478,54.96180113,
5343510,54.95952433,
5343541,54.96180113,
5343573,54.95952433,
5343604,54.96407792,
5343635,54.95724754,
5343667,54.96407792,
5343698,54.96180113,
5343730,54.96407792,
5343761,54.96407792,
5343793,54.96635471,
5343824,54.96180113,
5343950,54.96180113,
5344081,54.95952433,
5344113,54.96407792,
5344144,54.96407792,
5344176,54.96180113,
5344207,54.96635471,
5344239,54.96407792,
5344270,54.95952433,
5344301,54.96407792,
5344333,54.96180113,
5344364,54.96407792,
5344396,54.96407792,
5344427,54.96180113,
5344459,54.96407792,
5344490,54.96180113,
5344522,54.96407792,
5344553,54.96407792,
5344584,54.96180113,
5344616,54.96635471,
5344647,54.96180113,
5344757,54.96407792,
5344888,54.96407792,
5344920,54.96407792,
5344951,54.96407792,
5344983,54.96407792,
5345014,54.96407792,
5345046,54.96407792,
5345077,54.96407792,
5345108,54.96635471,
5345140,54.96635471,
5345171,54.96635471,
5345202,54.96863151,
5345234,54.96635471,
5345265,54.96863151,
5345297,54.96407792,
5345328,54.96635471,
5345360,54.96635471,
5345391,54.96635471,
5345422,54.96635471,
5345454,54.96863151,
5345593,54.96635471,
5345725,54.96863151,
5345757,54.96635471,
5345788,54.96635471,
5345820,54.96635471,
5345853,54.96863151,
5345884,54.96635471,
5345915,54.96407792,
5345947,54.96863151,
5345978,54.96635471,
5346010,54.96635471,
5346041,54.96407792,
5346073,54.96635471,
5346104,54.96863151,
5346135,54.96863151,
5346167,54.96863151,
5346198,54.96635471,
5346229,54.96863151,
5346261,54.96863151,
5346292,54.96635471,
5346400,54.96863151,
5346531,54.96863151,
5346563,54.96635471,
5346595,54.96635471,
5346626,54.96863151,
5346657,54.96635471,
5346689,54.96863151,
5346720,54.9709083,
5346751,54.96635471,
5346783,54.9709083,
5346815,54.9709083,
5346846,54.96863151,
5346878,54.96863151,
5346909,54.9709083,
5346940,54.96863151,
5346971,54.96863151,
5347003,54.96863151,
5347034,54.9709083,
5347065,54.9709083,
5347097,54.96863151,
5347216,54.9709083,
5347348,54.97318509,
5347380,54.96863151,
5347411,54.9709083,
5347442,54.9709083,
5347473,54.9709083,
5347505,54.9709083,
5347536,54.9709083,
5347568,54.9709083,
5347599,54.9709083,
5347631,54.9709083,
5347662,54.9709083,
5347694,54.9709083,
5347725,54.9709083,
5347756,54.97318509,
5347788,54.97318509,
5347819,54.97318509,
5347850,54.9709083,
5347881,54.9709083,
5347913,54.9709083,
5348049,54.97318509,
5348180,54.9709083,
5348213,54.97318509,
5348244,54.9709083,
5348275,54.9709083,
5348307,54.9709083,
5348339,54.97318509,
5348370,54.97318509,
5348401,54.9709083,
5348433,54.9709083,
5348464,54.97546189,
5348495,54.97318509,
5348527,54.97546189,
5348558,54.97318509,
5348589,54.97546189,
5348621,54.9709083,
5348652,54.97318509,
5348684,54.97318509,
5348715,54.97546189,
5348747,54.9709083,
5348864,54.97546189,
5348995,54.97318509,
5349027,54.97546189,
5349059,54.9709083,
5349090,54.97546189,
5349122,54.97318509,
5349153,54.97318509,
5349184,54.97318509,
5349216,54.97318509,
5349247,54.97546189,
5349279,54.97546189,
5349310,54.97318509,
5349342,54.97318509,
5349373,54.97546189,
5349404,54.97546189,
5349436,54.97318509,
5349467,54.97318509,
5349499,54.96863151,
5349530,54.97546189,
5349562,54.97546189,
5349692,54.97546189,
5349822,54.97318509,
5349855,54.98001548,
5349886,54.97546189,
5349918,54.97318509,
5349949,54.97773868,
5349981,54.97546189,
5350012,54.97318509,
5350044,54.97318509,
5350075,54.97546189,
5350106,54.97546189,
5350137,54.97546189,
5350169,54.97546189,
5350200,54.97546189,
5350232,54.97773868,
5350263,54.97546189,
5350294,54.97546189,
5350325,54.98001548,
5350357,54.97546189,
5350388,54.97773868,
5350499,54.97773868,
5350631,54.97773868,
5350663,54.98001548,
5350694,54.97546189,
5350726,54.98001548,
5350757,54.97546189,
5350789,54.97546189,
5350820,54.97773868,
5350851,54.98001548,
5350883,54.97546189,
5350915,54.98001548,
5350946,54.97773868,
5350977,54.97773868,
5351009,54.97773868,
5351040,54.98001548,
5351072,54.97773868,
5351103,54.97773868,
5351134,54.97773868,
5351166,54.97773868,
5351197,54.97773868,
5351311,54.97773868,
5351442,54.97773868,
5351474,54.98001548,
5351505,54.97773868,
5351536,54.98001548,
5351567,54.98001548,
5351599,54.97773868,
5351630,54.98001548,
5351662,54.97773868,
5351693,54.97773868,
5351725,54.98001548,
5351756,54.97773868,
5351788,54.98001548,
5351819,54.97773868,
5351850,54.97773868,
5351882,54.98229227,
5351913,54.98001548,
5351945,54.98001548,
5351976,54.97773868,
5352008,54.97773868,
5352143,54.98229227,
5352274,54.98001548,
5352306,54.98001548,
5352338,54.98001548,
5352369,54.98229227,
5352401,54.98001548,
5352432,54.98229227,
5352463,54.98229227,
5352495,54.98229227,
5352526,54.98229227,
5352558,54.98229227,
5352589,54.98001548,
5352621,54.98229227,
5352652,54.98229227,
5352683,54.98229227,
5352715,54.98001548,
5352746,54.98229227,
5352777,54.98229227,
5352809,54.98229227,
5352841,54.98229227,
5352953,54.98001548,
5353084,54.97773868,
5353116,54.98229227,
5353148,54.98456906,
5353179,54.98684586,
5353210,54.98001548,
5353242,54.98229227,
5353273,54.98229227,
5353304,54.98229227,
5353336,54.98229227,
5353367,54.98456906,
5353399,54.98456906,
5353430,54.98229227,
5353462,54.98229227,
5353493,54.98456906,
5353525,54.98229227,
5353556,54.98229227,
5353587,54.98456906,
5353618,54.98229227,
5353650,54.98456906,
5353779,54.98001548,
5353911,54.98456906,
5353943,54.98229227,
5353974,54.98229227,
5354006,54.98456906,
5354037,54.98684586,
5354069,54.98456906,
5354100,54.98684586,
5354131,54.98229227,
5354163,54.98456906,
5354194,54.98456906,
5354225,54.98001548,
5354257,54.98456906,
5354289,54.98456906,
5354320,54.98456906,
5354351,54.98456906,
5354383,54.98229227,
5354414,54.98684586,
5354446,54.98229227,
5354477,54.98456906,
5354587,54.98229227,
5354718,54.98456906,
5354751,54.98456906,
5354782,54.98229227,
5354813,54.98456906,
5354845,54.98684586,
5354876,54.98229227,
5354908,54.98684586,
5354939,54.98456906,
5354971,54.98684586,
5355002,54.98456906,
5355033,54.98912265,
5355065,54.98684586,
5355096,54.98684586,
5355127,54.98456906,
5355159,54.98684586,
5355190,54.98912265,
5355221,54.98684586,
5355252,54.98684586,
5355284,54.98456906,
5355434,54.98684586,
5355566,54.98684586,
5355598,54.98456906,
5355630,54.98456906,
5355661,54.98912265,
5355693,54.98684586,
5355724,54.98684586,
5355756,54.98684586,
5355787,54.98684586,
5355819,54.98912265,
5355850,54.98684586,
5355882,54.98456906,
5355913,54.98912265,
5355944,54.98456906,
5355975,54.98912265,
5356007,54.98912265,
5356038,54.98684586,
5356069,54.98456906,
5356101,54.98912265,
5356132,54.98912265,
5356235,54.98912265,
5356366,54.98912265,
5356398,54.98684586,
5356430,54.98684586,
5356461,54.98912265,
5356493,54.98912265,
5356524,54.98912265,
5356556,54.98912265,
5356587,54.98912265,
5356618,54.99139944,
5356650,54.99139944,
5356681,54.98912265,
5356713,54.98912265,
5356744,54.99139944,
5356775,54.99139944,
5356807,54.99139944,
5356838,54.98912265,
5356870,54.98912265,
5356901,54.98684586,
5356933,54.98912265,
5357045,54.98912265,
5357175,54.98684586,
5357207,54.99367624,
5357239,54.99139944,
5357270,54.99139944,
5357301,54.99139944,
5357333,54.99139944,
5357364,54.98684586,
5357395,54.98912265,
5357427,54.99139944,
5357459,54.99139944,
5357490,54.98912265,
5357521,54.98912265,
5357553,54.99139944,
5357584,54.99139944,
5357616,54.99367624,
5357647,54.98912265,
5357678,54.98912265,
5357709,54.99139944,
5357741,54.99139944,
5357966,54.99139944,
5358097,54.99139944,
5358129,54.98912265,
5358160,54.99139944,
5358191,54.99139944,
5358223,54.99139944,
5358255,54.99367624,
5358286,54.99367624,
5358317,54.98912265,
5358349,54.98912265,
5358380,54.99367624,
5358411,54.99367624,
5358443,54.99367624,
5358474,54.99139944,
5358506,54.99139944,
5358537,54.99367624,
5358569,54.99367624,
5358600,54.99139944,
5358631,54.99595303,
5358663,54.99367624,
5358789,54.99139944,
5358920,54.99139944,
5358952,54.98912265,
5358984,54.99367624,
5359015,54.99595303,
5359046,54.99367624,
5359078,54.99139944,
5359109,54.99367624,
5359140,54.99367624,
5359172,54.99367624,
5359203,54.99595303,
5359235,54.99595303,
5359266,54.99367624,
5359298,54.99595303,
5359329,54.99367624,
5359361,54.99367624,
5359392,54.99595303,
5359423,54.99595303,
5359454,54.99595303,
5359486,54.99139944,
5359608,54.99595303,
5359739,54.99367624,
5359772,54.99367624,
5359803,54.99367624,
5359834,54.99367624,
5359866,54.99595303,
5359897,54.99595303,
5359929,54.99595303,
5359960,54.99822983,
5359992,54.99367624,
5360023,54.99139944,
5360054,54.99367624,
5360086,54.99595303,
5360117,54.99595303,
5360149,54.99367624,
5360180,54.99595303,
5360212,54.99595303,
5360243,54.99367624,
5360274,54.99595303,
5360306,54.99822983,
5360424,54.99367624,
5360555,54.99822983,
5360588,54.99822983,
5360619,54.99822983,
5360651,54.99595303,
5360682,54.99595303,
5360713,54.99822983,
5360745,54.99822983,
5360776,55.00050662,
5360808,54.99822983,
5360839,54.99822983,
5360871,54.99367624,
5360902,54.99822983,
5360934,54.99822983,
5360965,54.99822983,
5360997,54.99595303,
5361028,54.99595303,
5361059,54.99595303,
5361090,54.99595303,
5361122,54.99595303,
5361353,54.99822983,
5361485,54.99595303,
5361517,55.00050662,
5361548,54.99822983,
5361579,55.00050662,
5361611,54.99822983,
5361642,54.99822983,
5361673,54.99595303,
5361705,55.00050662,
5361736,54.99822983,
5361768,54.99822983,
5361799,55.00050662,
5361831,54.99822983,
5361862,54.99822983,
5361893,55.00050662,
5361925,54.99595303,
5361956,54.99822983,
5361988,54.99822983,
5362019,54.99822983,
5362051,54.99595303,
5362167,54.99822983,
5362299,54.99822983,
5362331,55.00050662,
5362362,54.99822983,
5362393,54.99822983,
5362424,54.99822983,
5362456,54.99595303,
5362488,55.00050662,
5362519,55.00050662,
5362550,55.00050662,
5362582,54.99822983,
5362613,55.00050662,
5362645,55.00050662,
5362676,55.00050662,
5362707,55.00050662,
5362739,54.99822983,
5362770,55.00050662,
5362801,55.00050662,
5362833,55.00050662,
5362865,55.00050662,
5363073,54.99822983,
5363204,55.00050662,
5363236,55.00506021,
5363268,55.00278341,
5363300,54.99822983,
5363331,54.99822983,
5363363,54.99822983,
5363394,55.00278341,
5363425,55.00050662,
5363457,55.00050662,
5363488,55.00050662,
5363519,55.00050662,
5363551,55.00050662,
5363582,55.00050662,
5363614,55.00050662,
5363645,55.00050662,
5363677,55.00278341,
5363708,55.00050662,
5363739,55.00506021,
5363771,55.00278341,
5363902,55.00050662,
5364034,55.00278341,
5364065,55.00506021,
5364097,55.00278341,
5364128,55.00278341,
5364160,55.00278341,
5364191,55.00278341,
5364223,55.00506021,
5364254,55.00278341,
5364286,55.00506021,
5364317,55.00278341,
5364348,55.00506021,
5364380,55.00506021,
5364411,55.00278341,
5364442,55.00506021,
5364474,55.00278341,
5364505,55.00278341,
5364537,55.00278341,
5364568,55.00506021,
5364600,55.00050662,
5364732,55.00278341,
5364863,55.00506021,
5364895,55.00050662,
5364927,55.00506021,
5364958,55.00278341,
5364990,55.00506021,
5365021,55.00278341,
5365053,55.007337,
5365084,55.00506021,
5365115,55.00506021,
5365147,55.00278341,
5365178,54.99822983,
5365210,55.00506021,
5365241,55.00278341,
5365272,55.00506021,
5365304,55.00506021,
5365335,55.00506021,
5365367,55.00506021,
5365398,55.00506021,
5365430,55.00278341,
5365549,55.00278341,
5365680,55.007337,
5365712,55.00506021,
5365744,55.007337,
5365775,55.00506021,
5365806,55.007337,
5365838,55.00961379,
5365870,55.00506021,
5365901,55.007337,
5365933,55.007337,
5365964,55.007337,
5365995,55.01189059,
5366027,55.00506021,
5366058,55.007337,
5366089,55.007337,
5366121,55.007337,
5366153,55.007337,
5366184,55.00278341,
5366215,55.007337,
5366247,55.00506021,
5366376,55.00506021,
5366507,55.00506021,
5366539,55.007337,
5366571,55.007337,
5366602,55.007337,
5366634,55.00961379,
5366665,55.007337,
5366696,55.007337,
5366728,55.007337,
5366759,55.00961379,
5366791,55.00506021,
5366822,55.007337,
5366854,55.007337,
5366885,55.007337,
5366916,55.00961379,
5366948,55.00506021,
5366979,55.007337,
5367011,55.00961379,
5367042,55.007337,
5367073,55.00506021,
5367181,55.00961379,
5367312,55.00961379,
5367345,55.00961379,
5367376,55.007337,
5367407,55.007337,
5367439,55.00961379,
5367471,55.007337,
5367502,55.00961379,
5367533,55.00961379,
5367565,55.007337,
5367596,55.00961379,
5367627,55.00961379,
5367659,55.007337,
5367690,55.00961379,
5367722,55.007337,
5367753,55.007337,
5367784,55.00961379,
5367816,55.00961379,
5367847,55.007337,
5367879,55.00961379,
5368083,55.00961379,
5368215,55.01189059,
5368246,55.01416738,
5368278,55.00961379,
5368309,55.007337,
5368340,55.00961379,
5368372,55.00961379,
5368404,55.007337,
5368435,55.00961379,
5368466,55.00961379,
5368498,55.01189059,
5368529,55.01189059,
5368560,55.01189059,
5368591,55.01189059,
5368623,55.01189059,
5368654,55.01416738,
5368686,55.00961379,
5368717,55.00961379,
5368748,55.00961379,
5368780,55.007337,
5369036,55.00961379,
5369166,55.01416738,
5369199,55.00961379,
5369230,55.01189059,
5369261,55.01416738,
5369293,55.01189059,
5369324,55.01189059,
5369356,55.01189059,
5369387,55.01189059,
5369418,55.01189059,
5369450,55.00961379,
5369481,55.01416738,
5369512,55.00961379,
5369544,55.01644418,
5369575,55.01416738,
5369607,55.01189059,
5369638,55.01189059,
5369669,55.01416738,
5369701,55.01189059,
5369732,55.01189059,
5369852,55.01189059,
5369983,55.01189059,
5370016,55.01189059,
5370047,55.01416738,
5370078,55.01189059,
5370110,55.01416738,
5370142,55.01189059,
5370173,55.01189059,
5370204,55.01644418,
5370235,55.01189059,
5370266,55.01416738,
5370298,55.01416738,
5370329,55.01189059,
5370361,55.01644418,
5370392,55.01416738,
5370424,55.01189059,
5370455,55.01416738,
5370486,55.01189059,
5370517,55.01416738,
5370549,55.01189059,
5370680,55.01189059,
5370811,55.01416738,
5370844,55.01416738,
5370875,55.01644418,
5370906,55.01644418,
5370938,55.01644418,
5370969,55.01416738,
5371001,55.01644418,
5371032,55.01416738,
5371063,55.01416738,
5371094,55.01644418,
5371125,55.01416738,
5371157,55.01416738,
5371189,55.01416738,
5371220,55.01872097,
5371252,55.01416738,
5371283,55.01644418,
5371314,55.01872097,
5371346,55.01644418,
5371377,55.01644418,
5371487,55.01644418,
5371618,55.01644418,
5371650,55.01189059,
5371682,55.01644418,
5371713,55.01644418,
5371744,55.01644418,
5371776,55.01416738,
5371807,55.02099776,
5371838,55.02099776,
5371870,55.01644418,
5371901,55.01416738,
5371932,55.01872097,
5371964,55.01872097,
5371995,55.01644418,
5372026,55.02099776,
5372058,55.01416738,
5372089,55.01644418,
5372120,55.01872097,
5372152,55.01644418,
5372183,55.01872097,
5372310,55.01644418,
5372440,55.01872097,
5372472,55.01872097,
5372504,55.01872097,
5372535,55.01872097,
5372567,55.01872097,
5372598,55.01644418,
5372630,55.01644418,
5372661,55.01872097,
5372693,55.01644418,
5372724,55.01872097,
5372755,55.01644418,
5372787,55.01644418,
5372818,55.01872097,
5372850,55.01872097,
5372881,55.01872097,
5372913,55.01644418,
5372944,55.01872097,
5372975,55.01872097,
5373007,55.02099776,
5373215,55.01872097,
5373346,55.01644418,
5373377,55.01872097,
5373409,55.01644418,
5373441,55.01644418,
5373472,55.01872097,
5373503,55.01872097,
5373535,55.01872097,
5373566,55.01872097,
5373598,55.01872097,
5373629,55.02099776,
5373660,55.01872097,
5373692,55.02327456,
5373723,55.01644418,
5373755,55.02099776,
5373786,55.01872097,
5373818,55.02099776,
5373849,55.01644418,
5373880,55.01872097,
5373911,55.02099776,
5374047,55.02327456,
5374178,55.02327456,
5374211,55.01872097,
5374242,55.02099776,
5374273,55.02099776,
5374304,55.01872097,
5374336,55.02099776,
5374368,55.02099776,
5374399,55.01872097,
5374431,55.02327456,
5374462,55.02327456,
5374493,55.02327456,
5374525,55.01872097,
5374556,55.01872097,
5374587,55.01644418,
5374619,55.02099776,
5374651,55.02099776,
5374682,55.02327456,
5374713,55.02327456,
5374745,55.01872097,
5374864,55.02327456,
5374995,55.02327456,
5375027,55.02099776,
5375059,55.02099776,
5375090,55.02099776,
5375121,55.02099776,
5375153,55.02327456,
5375185,55.02099776,
5375216,55.02099776,
5375247,55.01872097,
5375278,55.02099776,
5375310,55.02327456,
5375342,55.02099776,
5375373,55.01872097,
5375404,55.02099776,
5375436,55.01872097,
5375467,55.02327456,
5375498,55.02099776,
5375529,55.01872097,
5375561,55.02099776,
5375688,55.02099776,
5375819,55.02327456,
5375852,55.02099776,
5375883,55.02555135,
5375915,55.02555135,
5375946,55.02555135,
5375978,55.02327456,
5376009,55.02555135,
5376040,55.02327456,
5376072,55.02099776,
5376103,55.02099776,
5376134,55.02099776,
5376166,55.02555135,
5376197,55.02327456,
5376228,55.01872097,
5376260,55.02099776,
5376291,55.01872097,
5376322,55.02327456,
5376354,55.02555135,
5376385,55.02555135,
5376502,55.02327456,
5376633,55.02099776,
5376665,55.02555135,
5376697,55.02555135,
5376728,55.02327456,
5376759,55.02555135,
5376791,55.02327456,
5376822,55.02099776,
5376854,55.02327456,
5376885,55.02327456,
5376917,55.02782814,
5376948,55.02782814,
5376980,55.02327456,
5377011,55.02327456,
5377042,55.02327456,
5377074,55.02327456,
5377105,55.02327456,
5377136,55.02782814,
5377168,55.02782814,
5377199,55.02099776,
5377340,55.02555135,
5377471,55.02782814,
5377504,55.02782814,
5377535,55.02555135,
5377566,55.02555135,
5377598,55.02555135,
5377629,55.02555135,
5377661,55.02099776,
5377692,55.02555135,
5377724,55.02555135,
5377755,55.02782814,
5377786,55.02555135,
5377818,55.02555135,
5377849,55.02782814,
5377881,55.02782814,
5377912,55.02555135,
5377944,55.02555135,
5377975,55.02782814,
5378007,55.02555135,
5378038,55.02555135,
5378137,55.02782814,
5378267,55.02782814,
5378298,55.02327456,
5378330,55.02555135,
5378361,55.02782814,
5378393,55.02555135,
5378424,55.02555135,
5378456,55.02327456,
5378487,55.02782814,
5378519,55.02555135,
5378550,55.02327456,
5378581,55.02782814,
5378613,55.02555135,
5378644,55.02555135,
5378676,55.02782814,
5378707,55.02555135,
5378738,55.02782814,
5378770,55.02782814,
5378801,55.03010494,
5378833,55.02782814,
5378961,55.02782814,
5379092,55.02782814,
5379124,55.03010494,
5379155,55.02555135,
5379186,55.03010494,
5379218,55.02782814,
5379249,55.03010494,
5379281,55.03010494,
5379312,55.03010494,
5379344,55.02555135,
5379375,55.02555135,
5379406,55.02782814,
5379438,55.02782814,
5379469,55.03010494,
5379501,55.02782814,
5379532,55.03010494,
5379564,55.02782814,
5379595,55.02782814,
5379626,55.02782814,
5379658,55.02782814,
5379784,55.02555135,
5379915,55.02782814,
5379947,55.02555135,
5379979,55.02782814,
5380010,55.02782814,
5380041,55.02782814,
5380073,55.02782814,
5380104,55.02782814,
5380135,55.02555135,
5380167,55.03238173,
5380199,55.02782814,
5380230,55.02782814,
5380261,55.02782814,
5380293,55.03238173,
5380324,55.02782814,
5380356,55.03010494,
5380387,55.03010494,
5380418,55.03238173,
5380449,55.02782814,
5380481,55.02782814,
5380597,55.03465853,
5380728,55.02782814,
5380760,55.03238173,
5380791,55.02782814,
5380822,55.03010494,
5380854,55.03010494,
5380885,55.03010494,
5380917,55.03010494,
5380948,55.03010494,
5380980,55.03010494,
5381011,55.03010494,
5381042,55.03010494,
5381074,55.03238173,
5381105,55.03238173,
5381137,55.03010494,
5381168,55.03465853,
5381199,55.03238173,
5381231,55.03238173,
5381262,55.03010494,
5381294,55.03010494,
5381436,55.03238173,
5381567,55.03238173,
5381600,55.03010494,
5381631,55.03238173,
5381662,55.03238173,
5381694,55.03238173,
5381726,55.03465853,
5381757,55.02782814,
5381789,55.03238173,
5381820,55.03010494,
5381851,55.03465853,
5381883,55.03238173,
5381914,55.03238173,
5381946,55.03238173,
5381977,55.03465853,
5382009,55.03238173,
5382040,55.03238173,
5382071,55.03465853,
5382103,55.03238173,
5382134,55.03010494,
5382326,55.03238173,
5382457,55.03238173,
5382489,55.03238173,
5382521,55.03465853,
5382552,55.03238173,
5382583,55.03693532,
5382615,55.03238173,
5382647,55.03238173,
5382678,55.02782814,
5382710,55.03238173,
5382741,55.03238173,
5382772,55.03010494,
5382803,55.03465853,
5382835,55.03238173,
5382867,55.03238173,
5382898,55.03238173,
5382929,55.03693532,
5382961,55.03465853,
5382992,55.03693532,
5383024,55.03465853,
5383159,55.03238173,
5383290,55.03693532,
5383322,55.03238173,
5383353,55.03693532,
5383384,55.03238173,
5383416,55.03465853,
5383447,55.03238173,
5383479,55.03465853,
5383510,55.03465853,
5383542,55.03465853,
5383573,55.03238173,
5383604,55.03465853,
5383636,55.03693532,
5383667,55.03693532,
5383699,55.03010494,
5383730,55.03693532,
5383762,55.03693532,
5383793,55.03693532,
5383824,55.03693532,
5383856,55.03465853,
5384080,55.03921211,
5384212,55.03693532,
5384244,55.03238173,
5384275,55.03693532,
5384307,55.03693532,
5384338,55.03921211,
5384370,55.03465853,
5384401,55.03465853,
5384432,55.03465853,
5384464,55.03465853,
5384495,55.03693532,
5384526,55.03921211,
5384558,55.03921211,
5384589,55.03693532,
5384621,55.03465853,
5384652,55.03693532,
5384684,55.03693532,
5384715,55.03693532,
5384746,55.03921211,
5384778,55.04148891,
5384902,55.03693532,
5385034,55.03921211,
5385066,55.03921211,
5385097,55.03921211,
5385129,55.03693532,
5385160,55.03693532,
5385192,55.03921211,
5385223,55.03465853,
5385255,55.03921211,
5385286,55.03921211,
5385317,55.03693532,
5385349,55.03921211,
5385381,55.03921211,
5385412,55.03921211,
5385443,55.04148891,
5385475,55.03921211,
5385506,55.03921211,
5385537,55.03921211,
5385569,55.03921211,
5385600,55.03921211,
5385715,55.03693532,
5385846,55.04148891,
5385878,55.03693532,
5385909,55.03921211,
5385941,55.03921211,
5385972,55.03921211,
5386004,55.04148891,
5386035,55.03693532,
5386066,55.03921211,
5386098,55.03465853,
5386130,55.04148891,
5386161,55.03921211,
5386192,55.03921211,
5386224,55.03921211,
5386255,55.03921211,
5386286,55.03921211,
5386318,55.0437657,
5386349,55.03693532,
5386381,55.04148891,
5386412,55.03921211,
5386540,55.03921211,
5386671,55.03693532,
5386704,55.03921211,
5386735,55.03921211,
5386766,55.04148891,
5386797,55.03921211,
5386829,55.03921211,
5386861,55.03921211,
5386892,55.04148891,
5386924,55.03921211,
5386955,55.03921211,
5386986,55.04148891,
5387018,55.03921211,
5387049,55.04148891,
5387081,55.04148891,
5387112,55.0437657,
5387144,55.04148891,
5387175,55.04148891,
5387206,55.03921211,
5387238,55.04148891,
5387352,55.0437657,
5387483,55.04148891,
5387514,55.04148891,
5387546,55.04148891,
5387578,55.04148891,
5387609,55.0437657,
5387641,55.04148891,
5387672,55.03693532,
5387703,55.0437657,
5387735,55.04148891,
5387766,55.04604249,
5387798,55.04148891,
5387829,55.04148891,
5387861,55.03921211,
5387892,55.04148891,
5387923,55.0437657,
5387955,55.04148891,
5387986,55.0437657,
5388017,55.0437657,
5388049,55.04148891,
5388170,55.03921211,
5388301,55.0437657,
5388333,55.04148891,
5388365,55.03921211,
5388396,55.04604249,
5388427,55.0437657,
5388459,55.0437657,
5388490,55.0437657,
5388521,55.03921211,
5388553,55.03921211,
5388584,55.0437657,
5388616,55.03921211,
5388647,55.04148891,
5388679,55.0437657,
5388710,55.04148891,
5388741,55.04148891,
5388773,55.03921211,
5388804,55.04604249,
5388835,55.04148891,
5388867,55.04148891,
5388989,55.0437657,
5389120,55.0437657,
5389152,55.04604249,
5389184,55.04148891,
5389216,55.04604249,
5389247,55.04148891,
5389279,55.04604249,
5389310,55.0437657,
5389341,55.0437657,
5389373,55.04604249,
5389404,55.0437657,
5389436,55.04604249,
5389467,55.04604249,
5389499,55.04604249,
5389530,55.0437657,
5389561,55.0437657,
5389593,55.04148891,
5389624,55.04148891,
5389655,55.04604249,
5389687,55.04604249,
5389809,55.0437657,
5389941,55.04604249,
5389972,55.04604249,
5390004,55.04148891,
5390036,55.04831929,
5390067,55.0437657,
5390099,55.0437657,
5390130,55.04604249,
5390161,55.0437657,
5390193,55.04604249,
5390224,55.0437657,
5390256,55.0437657,
5390287,55.04604249,
5390319,55.0437657,
5390350,55.0437657,
5390381,55.04604249,
5390413,55.0437657,
5390444,55.0437657,
5390475,55.04831929,
5390507,55.0437657,
5390637,55.04604249,
5390768,55.04831929,
5390800,55.04831929,
5390832,55.04604249,
5390863,55.0437657,
5390894,55.04604249,
5390926,55.04604249,
5390957,55.04831929,
5390989,55.04604249,
5391020,55.04604249,
5391052,55.04831929,
5391083,55.04831929,
5391114,55.04148891,
5391146,55.04831929,
5391177,55.0437657,
5391209,55.04604249,
5391240,55.04604249,
5391271,55.04831929,
5391303,55.04831929,
5391334,55.0437657,
5391449,55.04831929,
5391580,55.04604249,
5391612,55.04604249,
5391644,55.0437657,
5391675,55.04831929,
5391706,55.04604249,
5391738,55.04604249,
5391769,55.04831929,
5391801,55.04604249,
5391832,55.0437657,
5391864,55.04604249,
5391895,55.04604249,
5391927,55.04604249,
5391958,55.05059608,
5391989,55.04831929,
5392020,55.04831929,
5392052,55.05059608,
5392083,55.04831929,
5392115,55.04604249,
5392146,55.04831929,
5392272,55.04604249,
5392404,55.04831929,
5392436,55.04831929,
5392467,55.04604249,
5392499,55.04604249,
5392530,55.05059608,
5392562,55.04831929,
5392593,55.04831929,
5392624,55.05287288,
5392656,55.04831929,
5392687,55.04831929,
5392718,55.04831929,
5392750,55.04831929,
5392781,55.04604249,
5392813,55.04831929,
5392844,55.04604249,
5392876,55.05059608,
5392907,55.05059608,
5392938,55.05059608,
5392970,55.04604249,
5393090,55.04604249,
5393220,55.04831929,
5393252,55.04604249,
5393284,55.04604249,
5393315,55.05059608,
5393346,55.04831929,
5393378,55.04831929,
5393409,55.04831929,
5393440,55.05059608,
5393472,55.04831929,
5393504,55.05059608,
5393535,55.04831929,
5393566,55.05287288,
5393598,55.05287288,
5393629,55.04831929,
5393660,55.04831929,
5393692,55.05059608,
5393723,55.04831929,
5393754,55.05059608,
5393786,55.05287288,
5393911,55.05059608,
5394042,55.05059608,
5394074,55.05059608,
5394106,55.05059608,
5394137,55.05059608,
5394168,55.05059608,
5394200,55.04831929,
5394231,55.05059608,
5394263,55.04831929,
5394294,55.05059608,
5394326,55.05059608,
5394357,55.05287288,
5394389,55.05287288,
5394420,55.05059608,
5394451,55.05059608,
5394483,55.05059608,
5394514,55.05059608,
5394546,55.05287288,
5394577,55.04831929,
5394609,55.05059608,
5394737,55.05059608,
5394867,55.05287288,
5394900,55.05059608,
5394931,55.05287288,
5394962,55.04831929,
5394994,55.05287288,
5395026,55.05287288,
5395057,55.05287288,
5395088,55.05287288,
5395120,55.05059608,
5395151,55.05287288,
5395182,55.05287288,
5395214,55.05514967,
5395245,55.05287288,
5395277,55.04831929,
5395308,55.05287288,
5395340,55.05287288,
5395371,55.05287288,
5395402,55.05059608,
5395434,55.05287288,
5395544,55.05059608,
5395674,55.05287288,
5395705,55.05059608,
5395737,55.05287288,
5395769,55.05059608,
5395800,55.05287288,
5395832,55.05287288,
5395863,55.05059608,
5395894,55.05514967,
5395926,55.05059608,
5395957,55.05059608,
5395989,55.05287288,
5396020,55.05287288,
5396052,55.05514967,
5396083,55.05514967,
5396114,55.05287288,
5396146,55.05287288,
5396177,55.05514967,
5396208,55.05514967,
5396240,55.05287288,
5396366,55.05287288,
5396498,55.05287288,
5396529,55.05287288,
5396562,55.05287288,
5396593,55.05287288,
5396624,55.05514967,
5396656,55.05514967,
5396687,55.05514967,
5396718,55.05287288,
5396750,55.05514967,
5396781,55.05514967,
5396813,55.05514967,
5396844,55.05059608,
5396876,55.05287288,
5396907,55.05514967,
5396939,55.05514967,
5396970,55.05287288,
5397001,55.05742646,
5397032,55.05514967,
5397064,55.05514967,
5397185,55.05514967,
5397316,55.05514967,
5397347,55.05287288,
5397379,55.05514967,
5397411,55.05287288,
5397442,55.05287288,
5397474,55.05514967,
5397505,55.05287288,
5397537,55.05287288,
5397568,55.05514967,
5397600,55.05514967,
5397631,55.05287288,
5397663,55.05514967,
5397694,55.05742646,
5397725,55.05742646,
5397756,55.05514967,
5397788,55.05287288,
5397819,55.05287288,
5397851,55.05742646,
5397882,55.05514967,
5398004,55.05514967,
5398135,55.05514967,
5398168,55.05287288,
5398199,55.05514967,
5398231,55.05742646,
5398262,55.05970326,
5398293,55.05514967,
5398325,55.05742646,
5398356,55.05287288,
5398388,55.05742646,
5398419,55.05514967,
5398450,55.05742646,
5398482,55.05514967,
5398513,55.05514967,
5398545,55.05742646,
5398576,55.05514967,
5398608,55.05742646,
5398639,55.05742646,
5398670,55.05514967,
5398702,55.05514967,
5398830,55.05742646,
5398962,55.05514967,
5398994,55.05514967,
5399025,55.05514967,
5399057,55.05742646,
5399088,55.05970326,
5399120,55.05742646,
5399151,55.05970326,
5399182,55.05742646,
5399214,55.05742646,
5399245,55.05514967,
5399277,55.05742646,
5399308,55.05742646,
5399340,55.05970326,
5399371,55.05742646,
5399402,55.05514967,
5399434,55.05742646,
5399465,55.05742646,
5399496,55.05742646,
5399528,55.05742646,
5399639,55.05742646,
5399770,55.05742646,
5399802,55.05742646,
5399834,55.05742646,
5399865,55.05742646,
5399897,55.05742646,
5399928,55.05742646,
5399960,55.05742646,
5399991,55.05970326,
5400023,55.05742646,
5400054,55.05970326,
5400085,55.05742646,
5400117,55.05742646,
5400148,55.05514967,
5400179,55.05742646,
5400211,55.05742646,
5400242,55.05742646,
5400274,55.05970326,
5400305,55.05742646,
5400337,55.05742646,
5400477,55.05742646,
5400608,55.05970326,
5400640,55.05970326,
5400672,55.05742646,
5400703,55.05970326,
5400735,55.05742646,
5400766,55.05970326,
5400797,55.05970326,
5400828,55.05970326,
5400860,55.05742646,
5400892,55.05970326,
5400923,55.05742646,
5400955,55.05970326,
5400986,55.05742646,
5401017,55.05970326,
5401049,55.05970326,
5401080,55.05970326,
5401111,55.05970326,
5401143,55.05970326,
5401174,55.05970326,
5401304,55.05742646,
5401435,55.05970326,
5401468,55.05970326,
5401499,55.05970326,
5401530,55.05742646,
5401562,55.05970326,
5401594,55.06198005,
5401625,55.05970326,
5401657,55.06198005,
5401688,55.06198005,
5401719,55.06425684,
5401750,55.05742646,
5401782,55.05970326,
5401813,55.06198005,
5401845,55.05970326,
5401876,55.06198005,
5401908,55.06198005,
5401939,55.06198005,
5401971,55.05742646,
5402002,55.05970326,
5402100,55.06198005,
5402231,55.05970326,
5402262,55.06198005,
5402294,55.06198005,
5402326,55.06198005,
5402357,55.06198005,
5402389,55.06198005,
5402420,55.06198005,
5402451,55.06425684,
5402483,55.06198005,
5402514,55.06198005,
5402546,55.06198005,
5402577,55.05970326,
5402608,55.06198005,
5402640,55.06198005,
5402671,55.05970326,
5402703,55.06198005,
5402734,55.05970326,
5402765,55.06198005,
5402797,55.05742646,
5402922,55.06425684,
5403053,55.06198005,
5403085,55.06198005,
5403116,55.05970326,
5403148,55.06198005,
5403179,55.06198005,
5403211,55.06198005,
5403242,55.06198005,
5403273,55.06198005,
5403305,55.06198005,
5403336,55.06425684,
5403368,55.06198005,
5403399,55.05970326,
5403431,55.06653364,
5403462,55.06425684,
5403494,55.06198005,
5403525,55.06198005,
5403556,55.06425684,
5403587,55.06425684,
5403619,55.06198005,
5403760,55.06425684,
5403892,55.06425684,
5403924,55.06198005,
5403955,55.06198005,
5403987,55.06425684,
5404019,55.06198005,
5404050,55.06425684,
5404081,55.06198005,
5404113,55.06425684,
5404144,55.06425684,
5404175,55.06198005,
5404207,55.06425684,
5404238,55.06198005,
5404270,55.06198005,
5404301,55.06425684,
5404333,55.06425684,
5404364,55.06425684,
5404395,55.06425684,
5404427,55.06425684,
5404458,55.06425684,
5404561,55.06198005,
5404692,55.06198005,
5404724,55.06425684,
5404756,55.06653364,
5404787,55.06198005,
5404818,55.06425684,
5404850,55.06425684,
5404881,55.06425684,
5404913,55.06653364,
5404944,55.06653364,
5404976,55.06425684,
5405007,55.06881043,
5405039,55.06653364,
5405070,55.06653364,
5405101,55.06425684,
5405133,55.06425684,
5405164,55.06425684,
5405195,55.06653364,
5405227,55.06653364,
5405258,55.06653364,
5405388,55.06653364,
5405518,55.06425684,
5405550,55.06425684,
5405582,55.06653364,
5405613,55.06653364,
5405645,55.06881043,
5405676,55.06425684,
5405707,55.06653364,
5405739,55.06653364,
5405770,55.06653364,
5405802,55.06425684,
5405833,55.06425684,
5405865,55.06881043,
5405896,55.06653364,
5405927,55.06653364,
5405959,55.06653364,
5405990,55.06653364,
5406021,55.06425684,
5406053,55.06653364,
5406084,55.06881043,
5406200,55.06881043,
5406331,55.06881043,
5406363,55.06881043,
5406395,55.06425684,
5406426,55.06653364,
5406457,55.06881043,
5406489,55.06653364,
5406520,55.06425684,
5406551,55.06653364,
5406583,55.06653364,
5406614,55.06881043,
5406646,55.06881043,
5406677,55.06653364,
5406709,55.06653364,
5406740,55.06653364,
5406772,55.06198005,
5406803,55.06653364,
5406834,55.06653364,
5406866,55.06881043,
5406897,55.06881043,
5407019,55.06881043,
5407149,55.06653364,
5407182,55.06881043,
5407213,55.06653364,
5407244,55.06653364,
5407276,55.07108723,
5407307,55.06653364,
5407339,55.06881043,
5407370,55.06653364,
5407402,55.06653364,
5407433,55.06653364,
5407464,55.07108723,
5407496,55.06425684,
5407527,55.06881043,
5407558,55.06881043,
5407590,55.06881043,
5407621,55.06881043,
5407653,55.06881043,
5407684,55.06881043,
5407716,55.06653364,
5407838,55.06881043,
5407968,55.06881043,
5408000,55.06881043,
5408031,55.06881043,
5408063,55.07108723,
5408094,55.06881043,
5408126,55.07108723,
5408157,55.07108723,
5408188,55.06653364,
5408220,55.06881043,
5408252,55.06881043,
5408283,55.07108723,
5408314,55.06881043,
5408346,55.06881043,
5408377,55.07108723,
5408409,55.06881043,
5408440,55.06881043,
5408471,55.06881043,
5408503,55.07336402,
5408534,55.06881043,
5408653,55.07108723,
5408785,55.07108723,
5408816,55.07108723,
5408848,55.07108723,
5408880,55.07108723,
5408911,55.07108723,
5408943,55.07108723,
5408974,55.07108723,
5409006,55.06881043,
5409037,55.06881043,
5409069,55.07108723,
5409100,55.07108723,
5409131,55.07108723,
5409163,55.07108723,
5409194,55.06881043,
5409225,55.06881043,
5409257,55.07108723,
5409288,55.07336402,
5409320,55.06881043,
5409351,55.06881043,
5409493,55.06881043,
5409624,55.07108723,
5409657,55.07108723,
5409688,55.06881043,
5409719,55.07108723,
5409751,55.07108723,
5409782,55.06881043,
5409814,55.07108723,
5409845,55.07108723,
5409877,55.06881043,
5409908,55.07336402,
5409939,55.07108723,
5409971,55.07108723,
5410002,55.07108723,
5410034,55.06881043,
5410065,55.07336402,
5410097,55.06881043,
5410128,55.07564081,
5410160,55.07108723,
5410191,55.07336402,
5410297,55.07336402,
5410428,55.06881043,
5410460,55.06881043,
5410491,55.07108723,
5410522,55.06881043,
5410554,55.06881043,
5410585,55.06881043,
5410617,55.07108723,
5410648,55.07108723,
5410680,55.07108723,
5410711,55.07108723,
5410742,55.07108723,
5410774,55.06881043,
5410805,55.07108723,
5410836,55.07564081,
5410868,55.07336402,
5410900,55.07336402,
5410931,55.07108723,
5410962,55.07108723,
5410994,55.06881043,
5411145,55.07336402,
5411277,55.07336402,
5411309,55.07108723,
5411340,55.07564081,
5411372,55.07336402,
5411404,55.07336402,
5411435,55.07336402,
5411466,55.07336402,
5411498,55.07336402,
5411529,55.06881043,
5411560,55.07336402,
5411592,55.07336402,
5411623,55.07336402,
5411655,55.07336402,
5411686,55.06881043,
5411718,55.07336402,
5411749,55.07108723,
5411780,55.07336402,
5411812,55.07108723,
5411843,55.07336402,
5411950,55.07336402,
5412081,55.07564081,
5412113,55.07108723,
5412145,55.07108723,
5412176,55.07564081,
5412208,55.07336402,
5412240,55.07336402,
5412271,55.07336402,
5412302,55.07336402,
5412334,55.07108723,
5412365,55.07564081,
5412396,55.07336402,
5412428,55.07564081,
5412459,55.07336402,
5412490,55.07564081,
5412522,55.07336402,
5412553,55.07564081,
5412585,55.07564081,
5412616,55.07336402,
5412648,55.06881043,
5412763,55.07564081,
5412893,55.07791761,
5412925,55.07336402,
5412957,55.07564081,
5412988,55.07564081,
5413020,55.07336402,
5413051,55.07336402,
5413082,55.07564081,
5413114,55.07336402,
5413145,55.07336402,
5413177,55.07336402,
5413208,55.07336402,
5413240,55.07336402,
5413271,55.07336402,
5413302,55.07336402,
5413334,55.07336402,
5413365,55.07564081,
5413396,55.07336402,
5413428,55.07564081,
5413459,55.07564081,
5413573,55.07564081,
5413704,55.07336402,
5413736,55.07791761,
5413768,55.07336402,
5413799,55.07336402,
5413830,55.07564081,
5413862,55.07791761,
5413894,55.07564081,
5413925,55.07564081,
5413957,55.07564081,
5413988,55.07564081,
5414019,55.07791761,
5414051,55.07564081,
5414082,55.07564081,
5414113,55.07564081,
5414145,55.07564081,
5414177,55.07564081,
5414208,55.07564081,
5414239,55.07564081,
5414271,55.07564081,
5414392,55.07791761,
5414522,55.07791761,
5414555,55.07791761,
5414586,55.07791761,
5414617,55.07564081,
5414648,55.07564081,
5414680,55.07564081,
5414712,55.07564081,
5414743,55.07791761,
5414775,55.07564081,
5414806,55.0801944,
5414837,55.07564081,
5414869,55.07564081,
5414900,55.07791761,
5414931,55.07791761,
5414963,55.07791761,
5414995,55.07791761,
5415026,55.07791761,
5415057,55.07791761,
5415089,55.07791761,
5415217,55.07791761,
5415349,55.07564081,
5415382,55.07791761,
5415413,55.07791761,
5415444,55.07564081,
5415476,55.07791761,
5415507,55.07791761,
5415538,55.07791761,
5415570,55.0801944,
5415601,55.07791761,
5415633,55.07564081,
5415664,55.07791761,
5415696,55.07336402,
5415727,55.07564081,
5415758,55.0801944,
5415790,55.0801944,
5415821,55.07791761,
5415853,55.0801944,
5415884,55.07791761,
5415916,55.07791761,
5416029,55.07791761,
5416160,55.07791761,
5416192,55.0801944,
5416224,55.07564081,
5416255,55.07791761,
5416286,55.07791761,
5416318,55.07791761,
5416350,55.0801944,
5416381,55.0801944,
5416413,55.0801944,
5416444,55.07791761,
5416475,55.07791761,
5416507,55.07791761,
5416538,55.0801944,
5416569,55.08247119,
5416601,55.0801944,
5416632,55.07791761,
5416664,55.0801944,
5416695,55.0801944,
5416727,55.07791761,
5416946,55.0801944,
5417076,55.07791761,
5417107,55.0801944,
5417139,55.07564081,
5417171,55.07564081,
5417202,55.0801944,
5417234,55.07791761,
5417265,55.07791761,
5417296,55.0801944,
5417328,55.0801944,
5417359,55.0801944,
5417391,55.08247119,
5417422,55.0801944,
5417454,55.07791761,
5417485,55.0801944,
5417516,55.0801944,
5417548,55.0801944,
5417579,55.0801944,
5417610,55.0801944,
5417642,55.0801944,
5417774,55.08247119,
5417906,55.0801944,
5417938,55.08247119,
5417969,55.07791761,
5418001,55.08247119,
5418032,55.08247119,
5418064,55.0801944,
5418095,55.07791761,
5418126,55.08247119,
5418158,55.0801944,
5418189,55.07791761,
5418220,55.08247119,
5418252,55.0801944,
5418283,55.0801944,
5418315,55.0801944,
5418346,55.07791761,
5418378,55.0801944,
5418409,55.0801944,
5418440,55.0801944,
5418472,55.07791761,
5418602,55.08247119,
5418733,55.08247119,
5418766,55.08247119,
5418797,55.0801944,
5418828,55.08247119,
5418860,55.0801944,
5418892,55.08247119,
5418923,55.08474799,
5418954,55.08247119,
5418986,55.08247119,
5419017,55.08474799,
5419048,55.08247119,
5419080,55.08247119,
5419111,55.08247119,
5419142,55.0801944,
5419174,55.08247119,
5419205,55.08474799,
5419237,55.07791761,
5419268,55.08247119,
5419300,55.08247119,
5419409,55.08474799,
5419540,55.08474799,
5419572,55.0801944,
5419604,55.08247119,
5419635,55.08247119,
5419666,55.08247119,
5419698,55.08247119,
5419729,55.08247119,
5419761,55.08702478,
5419792,55.08247119,
5419824,55.08247119,
5419855,55.08702478,
5419887,55.08247119,
5419918,55.0801944,
5419949,55.08247119,
5419981,55.08247119,
5420012,55.08247119,
5420044,55.08247119,
5420075,55.08474799,
5420106,55.08474799,
5420229,55.08474799,
5420361,55.08474799,
5420393,55.08247119,
5420424,55.08247119,
5420456,55.08474799,
5420487,55.08247119,
5420519,55.0801944,
5420550,55.08474799,
5420581,55.08474799,
5420613,55.08702478,
5420644,55.08247119,
5420675,55.08474799,
5420707,55.08474799,
5420738,55.08247119,
5420770,55.08247119,
5420801,55.08247119,
5420833,55.08474799,
5420864,55.08247119,
5420895,55.08474799,
5420927,55.08474799,
5421052,55.08474799,
5421184,55.08247119,
5421216,55.08474799,
5421247,55.08247119,
5421278,55.08474799,
5421310,55.08474799,
5421342,55.08474799,
5421373,55.08474799,
5421404,55.08247119,
5421436,55.08474799,
5421467,55.08474799,
5421498,55.08474799,
5421530,55.08247119,
5421561,55.08474799,
5421593,55.08247119,
5421624,55.08247119,
5421656,55.08702478,
5421687,55.08702478,
5421718,55.08474799,
5421750,55.08247119,
5421867,55.08702478,
5421998,55.08702478,
5422030,55.08474799,
5422061,55.08930158,
5422093,55.08474799,
5422124,55.08474799,
5422156,55.08474799,
5422187,55.08702478,
5422218,55.08474799,
5422250,55.08474799,
5422281,55.08474799,
5422312,55.08930158,
5422344,55.08474799,
5422376,55.08702478,
5422407,55.08474799,
5422438,55.08702478,
5422470,55.0801944,
5422501,55.08702478,
5422532,55.08702478,
5422564,55.08474799,
5422685,55.08930158,
5422816,55.08474799,
5422848,55.08474799,
5422880,55.08702478,
5422911,55.08702478,
5422942,55.08702478,
5422974,55.08702478,
5423005,55.08474799,
5423036,55.08702478,
5423068,55.08930158,
5423100,55.08702478,
5423131,55.08930158,
5423162,55.08702478,
5423194,55.08474799,
5423225,55.08702478,
5423257,55.08702478,
5423288,55.08930158,
5423319,55.08702478,
5423350,55.08702478,
5423382,55.08702478,
5423505,55.08702478,
5423636,55.08702478,
5423669,55.08474799,
5423700,55.08930158,
5423731,55.08702478,
5423763,55.08702478,
5423794,55.08474799,
5423826,55.08702478,
5423857,55.08702478,
5423889,55.08930158,
5423920,55.08930158,
5423951,55.08930158,
5423983,55.08702478,
5424014,55.08702478,
5424046,55.08930158,
5424077,55.08702478,
5424109,55.08930158,
5424140,55.08930158,
5424171,55.08930158,
5424203,55.08930158,
5424330,55.08930158,
5424460,55.09157837,
5424492,55.08930158,
5424524,55.09157837,
5424555,55.08702478,
5424586,55.08930158,
5424618,55.09157837,
5424649,55.08930158,
5424681,55.08930158,
5424712,55.09157837,
5424744,55.08930158,
5424775,55.08930158,
5424807,55.09157837,
5424838,55.09157837,
5424869,55.08930158,
5424901,55.08702478,
5424932,55.09157837,
5424963,55.08702478,
5424995,55.08702478,
5425026,55.08930158,
5425162,55.08474799,
5425294,55.08930158,
5425326,55.09157837,
5425358,55.08702478,
5425389,55.09157837,
5425421,55.08930158,
5425452,55.08930158,
5425483,55.08702478,
5425515,55.08930158,
5425546,55.08930158,
5425578,55.08930158,
5425609,55.08930158,
5425641,55.09385516,
5425672,55.08930158,
5425703,55.08930158,
5425735,55.08930158,
5425766,55.09157837,
5425797,55.08930158,
5425829,55.08930158,
5425861,55.09157837,
5426168,55.09157837,
5426300,55.08930158,
5426331,55.09157837,
5426363,55.09157837,
5426394,55.09157837,
5426425,55.08702478,
5426457,55.09157837,
5426488,55.09157837,
5426520,55.09157837,
5426551,55.09157837,
5426583,55.09157837,
5426614,55.09157837,
5426646,55.09385516,
5426677,55.09385516,
5426708,55.09385516,
5426740,55.09157837,
5426771,55.09157837,
5426802,55.09385516,
5426834,55.09385516,
5426865,55.09157837,
5426996,55.09157837,
5427127,55.09385516,
5427160,55.09157837,
5427191,55.09613196,
5427222,55.08702478,
5427254,55.09385516,
5427285,55.09385516,
5427316,55.08930158,
5427348,55.09385516,
5427379,55.09385516,
5427411,55.08930158,
5427442,55.09157837,
5427474,55.09157837,
5427505,55.09157837,
5427536,55.09385516,
5427568,55.08702478,
5427599,55.09385516,
5427630,55.08930158,
5427662,55.09157837,
5427694,55.08930158,
5427806,55.09385516,
5427937,55.09157837,
5427970,55.09157837,
5428001,55.09385516,
5428032,55.09157837,
5428063,55.09385516,
5428095,55.09157837,
5428127,55.09613196,
5428158,55.09157837,
5428189,55.09385516,
5428221,55.09157837,
5428252,55.09157837,
5428284,55.09385516,
5428315,55.09385516,
5428346,55.08930158,
5428378,55.09385516,
5428409,55.09385516,
5428441,55.09613196,
5428472,55.09157837,
5428504,55.09385516,
5428714,55.09157837,
5428846,55.09157837,
5428877,55.09385516,
5428909,55.09385516,
5428940,55.09157837,
5428971,55.09613196,
5429003,55.09385516,
5429034,55.09157837,
5429066,55.09157837,
5429097,55.09385516,
5429129,55.09385516,
5429160,55.09385516,
5429191,55.09157837,
5429223,55.09613196,
5429254,55.09157837,
5429286,55.09157837,
5429317,55.09385516,
5429349,55.09385516,
5429380,55.09385516,
5429411,55.09385516,
5429546,55.09385516,
5429677,55.09385516,
5429708,55.09613196,
5429741,55.09385516,
5429772,55.09157837,
5429803,55.09613196,
5429835,55.09385516,
5429866,55.09385516,
5429897,55.09613196,
5429929,55.09385516,
5429961,55.09385516,
5429992,55.09840875,
5430023,55.09613196,
5430055,55.09613196,
5430086,55.09385516,
5430118,55.09613196,
5430149,55.09385516,
5430180,55.09385516,
5430211,55.09613196,
5430243,55.09613196,
5430369,55.09385516,
5430499,55.09385516,
5430531,55.09613196,
5430563,55.09613196,
5430594,55.09613196,
5430625,55.09613196,
5430657,55.09840875,
5430688,55.09613196,
5430719,55.09613196,
5430751,55.09157837,
5430782,55.09385516,
5430814,55.09385516,
5430845,55.09385516,
5430877,55.09613196,
5430908,55.09613196,
5430940,55.09613196,
5430971,55.09385516,
5431002,55.09613196,
5431033,55.09613196,
5431065,55.09613196,
5431191,55.09613196,
5431322,55.09613196,
5431354,55.09840875,
5431385,55.09613196,
5431416,55.09840875,
5431448,55.09613196,
5431479,55.09840875,
5431511,55.10068554,
5431542,55.09613196,
5431574,55.09840875,
5431605,55.09613196,
5431636,55.09613196,
5431668,55.09613196,
5431699,55.09613196,
5431730,55.09613196,
5431762,55.09840875,
5431793,55.09385516,
5431825,55.09613196,
5431856,55.09613196,
5431888,55.09840875,
5432022,55.09613196,
5432152,55.09613196,
5432185,55.09840875,
5432216,55.09840875,
5432248,55.09613196,
5432280,55.09840875,
5432311,55.09840875,
5432342,55.09840875,
5432374,55.09613196,
5432405,55.09840875,
5432436,55.09613196,
5432468,55.09613196,
5432499,55.10068554,
5432531,55.09613196,
5432562,55.09840875,
5432594,55.09385516,
5432625,55.10068554,
5432656,55.09840875,
5432688,55.09840875,
5432719,55.09840875,
5432836,55.09613196,
5432967,55.09613196,
5433000,55.09840875,
5433031,55.09840875,
5433062,55.09840875,
5433094,55.09613196,
5433126,55.10068554,
5433157,55.09840875,
5433188,55.09840875,
5433220,55.10068554,
5433251,55.10068554,
5433282,55.10068554,
5433314,55.09840875,
5433345,55.09840875,
5433377,55.10068554,
5433408,55.09840875,
5433440,55.10068554,
5433471,55.10296234,
5433503,55.09613196,
5433534,55.10068554,
5433644,55.10068554,
5433774,55.10068554,
5433805,55.09613196,
5433837,55.09840875,
5433868,55.09840875,
5433900,55.09840875,
5433931,55.10068554,
5433963,55.09840875,
5433994,55.09840875,
5434026,55.10296234,
5434057,55.09840875,
5434088,55.10068554,
5434120,55.10068554,
5434151,55.10068554,
5434182,55.10068554,
5434214,55.10068554,
5434245,55.09840875,
5434277,55.09840875,
5434308,55.09840875,
5434340,55.09840875,
5434462,55.09840875,
5434594,55.10068554,
5434626,55.10068554,
5434658,55.10296234,
5434689,55.10068554,
5434720,55.10068554,
5434752,55.10068554,
5434783,55.09840875,
5434814,55.10296234,
5434846,55.10296234,
5434878,55.10068554,
5434909,55.10296234,
5434941,55.10296234,
5434972,55.09840875,
5435003,55.10296234,
5435035,55.10068554,
5435066,55.10068554,
5435097,55.10523913,
5435129,55.09840875,
5435160,55.10068554,
5435283,55.10296234,
5435414,55.10068554,
5435446,55.10296234,
5435478,55.10068554,
5435509,55.10296234,
5435540,55.09840875,
5435572,55.10523913,
5435604,55.10068554,
5435635,55.10296234,
5435666,55.10296234,
5435698,55.10068554,
5435729,55.10068554,
5435761,55.10068554,
5435792,55.10296234,
5435823,55.10296234,
5435855,55.10296234,
5435886,55.10068554,
5435918,55.10068554,
5435949,55.10296234,
5435981,55.10296234,
5436109,55.10068554,
5436241,55.10296234,
5436273,55.10068554,
5436304,55.10068554,
5436336,55.10523913,
5436368,55.10068554,
5436399,55.10068554,
5436430,55.10296234,
5436461,55.10068554,
5436493,55.10068554,
5436524,55.10523913,
5436556,55.10523913,
5436587,55.10068554,
5436619,55.10068554,
5436650,55.10523913,
5436681,55.10296234,
5436713,55.10296234,
5436744,55.10068554,
5436776,55.10523913,
5436807,55.10296234,
5436917,55.10523913,
5437047,55.10296234,
5437079,55.10296234,
5437111,55.10296234,
5437143,55.10068554,
5437174,55.10296234,
5437206,55.10296234,
5437237,55.10523913,
5437268,55.10296234,
5437300,55.10068554,
5437331,55.10296234,
5437362,55.10296234,
5437394,55.10296234,
5437425,55.10296234,
5437457,55.10296234,
5437488,55.10523913,
5437520,55.10068554,
5437551,55.10296234,
5437582,55.10523913,
5437614,55.10523913,
5437741,55.10296234,
5437873,55.10523913,
5437905,55.10523913,
5437937,55.10523913,
5437968,55.10523913,
5437999,55.10296234,
5438031,55.10296234,
5438062,55.10751593,
5438093,55.10523913,
5438125,55.10296234,
5438156,55.10523913,
5438188,55.10523913,
5438219,55.10296234,
5438251,55.10751593,
5438282,55.10296234,
5438314,55.10523913,
5438345,55.10523913,
5438376,55.10523913,
5438407,55.10296234,
5438439,55.10523913,
5438561,55.10523913,
5438692,55.10296234,
5438724,55.10296234,
5438755,55.10523913,
5438786,55.10296234,
5438818,55.10296234,
5438849,55.10523913,
5438881,55.10523913,
5438912,55.10523913,
5438944,55.10751593,
5438975,55.10523913,
5439006,55.10523913,
5439038,55.10523913,
5439069,55.10751593,
5439101,55.10523913,
5439132,55.10751593,
5439164,55.10296234,
5439195,55.10523913,
5439226,55.10523913,
5439258,55.10523913,
5439393,55.10523913,
5439524,55.10296234,
5439556,55.10751593,
5439588,55.10523913,
5439619,55.10751593,
5439651,55.10751593,
5439682,55.10523913,
5439713,55.10751593,
5439745,55.10523913,
5439776,55.10751593,
5439807,55.10523913,
5439839,55.10751593,
5439870,55.10751593,
5439902,55.10751593,
5439933,55.10751593,
5439965,55.10751593,
5439996,55.10523913,
5440027,55.10751593,
5440059,55.10523913,
5440090,55.10979272,
5440202,55.10523913,
5440332,55.10751593,
5440365,55.10523913,
5440396,55.10751593,
5440427,55.10751593,
5440459,55.10296234,
5440490,55.10523913,
5440522,55.10751593,
5440553,55.10751593,
5440585,55.10751593,
5440616,55.10751593,
5440647,55.10751593,
5440679,55.10751593,
5440710,55.10523913,
5440742,55.10523913,
5440773,55.10523913,
5440805,55.10979272,
5440836,55.10751593,
5440867,55.10523913,
5440899,55.10751593,
5441031,55.10751593,
5441162,55.10296234,
5441194,55.10523913,
5441226,55.10751593,
5441257,55.10979272,
5441289,55.10751593,
5441320,55.10751593,
5441352,55.10751593,
5441383,55.10751593,
5441415,55.10751593,
5441446,55.10751593,
5441477,55.10979272,
5441509,55.10751593,
5441540,55.10751593,
5441571,55.10751593,
5441603,55.10979272,
5441634,55.10979272,
5441666,55.10523913,
5441697,55.10523913,
5441729,55.10751593,
5441847,55.10979272,
5441978,55.10979272,
5442010,55.10751593,
5442042,55.10751593,
5442073,55.10523913,
5442105,55.10979272,
5442136,55.10751593,
5442167,55.10979272,
5442199,55.10751593,
5442230,55.10751593,
5442262,55.10979272,
5442293,55.10751593,
5442325,55.10979272,
5442356,55.10979272,
5442387,55.10979272,
5442419,55.10523913,
5442450,55.10751593,
5442482,55.10751593,
5442513,55.11206951,
5442545,55.11206951,
5442657,55.11206951,
5442789,55.10979272,
5442821,55.11206951,
5442852,55.11206951,
5442884,55.10751593,
5442915,55.11206951,
5442947,55.10751593,
5442978,55.10979272,
5443010,55.10751593,
5443041,55.10979272,
5443073,55.10751593,
5443104,55.11206951,
5443135,55.11206951,
5443167,55.10979272,
5443198,55.10751593,
5443230,55.10751593,
5443261,55.10979272,
5443292,55.10979272,
5443324,55.11206951,
5443355,55.10979272,
5443479,55.10979272,
5443611,55.10979272,
5443643,55.10979272,
5443675,55.10979272,
5443706,55.10751593,
5443738,55.10751593,
5443769,55.10979272,
5443800,55.10979272,
5443831,55.10979272,
5443863,55.11206951,
5443895,55.10751593,
5443926,55.11206951,
5443958,55.10979272,
5443989,55.10979272,
5444020,55.10979272,
5444052,55.10751593,
5444083,55.11206951,
5444114,55.11206951,
5444146,55.11206951,
5444177,55.10979272,
5444297,55.10979272,
5444428,55.10751593,
5444460,55.11434631,
5444492,55.10979272,
5444523,55.10979272,
5444554,55.11206951,
5444586,55.10979272,
5444617,55.10979272,
5444648,55.10979272,
5444680,55.11206951,
5444711,55.11434631,
5444743,55.11206951,
5444774,55.10979272,
5444806,55.11206951,
5444837,55.10751593,
5444869,55.10751593,
5444900,55.11206951,
5444931,55.11206951,
5444963,55.10979272,
5444994,55.11206951,
5445113,55.10751593,
5445245,55.11206951,
5445277,55.11434631,
5445309,55.10751593,
5445340,55.10979272,
5445371,55.11206951,
5445403,55.11206951,
5445434,55.11434631,
5445465,55.11206951,
5445497,55.11434631,
5445528,55.11206951,
5445560,55.11434631,
5445591,55.11206951,
5445623,55.11206951,
5445654,55.11206951,
5445686,55.11206951,
5445717,55.10979272,
5445748,55.11206951,
5445780,55.10979272,
5445811,55.11206951,
5445942,55.11434631,
5446072,55.11434631,
5446104,55.11434631,
5446136,55.11206951,
5446167,55.11206951,
5446199,55.11206951,
5446230,55.11206951,
5446262,55.11434631,
5446293,55.11434631,
5446324,55.11434631,
5446356,55.11206951,
5446387,55.11206951,
5446419,55.11206951,
5446450,55.11206951,
5446481,55.11434631,
5446513,55.1166231,
5446544,55.11434631,
5446575,55.11206951,
5446607,55.11434631,
5446639,55.11206951,
5446760,55.11206951,
5446892,55.11434631,
5446924,55.11206951,
5446956,55.10979272,
5446987,55.11206951,
5447019,55.11206951,
5447050,55.11434631,
5447081,55.1166231,
5447112,55.11434631,
5447144,55.11206951,
5447175,55.11206951,
5447207,55.11434631,
5447238,55.11434631,
5447270,55.11434631,
5447301,55.11434631,
5447333,55.11434631,
5447364,55.11434631,
5447395,55.11434631,
5447427,55.11206951,
5447458,55.11206951,
5447578,55.11434631,
5447710,55.1166231,
5447742,55.1166231,
5447773,55.1166231,
5447805,55.11434631,
5447836,55.1166231,
5447868,55.11434631,
5447899,55.11206951,
5447930,55.1166231,
5447962,55.11434631,
5447993,55.11206951,
5448025,55.11434631,
5448056,55.1166231,
5448088,55.11434631,
5448119,55.11434631,
5448151,55.11434631,
5448182,55.11434631,
5448213,55.1166231,
5448245,55.11434631,
5448276,55.1166231,
5448387,55.1166231,
5448518,55.11434631,
5448550,55.11434631,
5448582,55.1166231,
5448613,55.11434631,
5448644,55.11434631,
5448676,55.1166231,
5448708,55.11206951,
5448739,55.11434631,
5448771,55.11434631,
5448802,55.11434631,
5448833,55.11434631,
5448865,55.11434631,
5448896,55.11434631,
5448927,55.11434631,
5448959,55.1166231,
5448990,55.11434631,
5449022,55.1166231,
5449053,55.1166231,
5449085,55.11434631,
5449217,55.11434631,
5449348,55.11434631,
5449380,55.11434631,
5449412,55.1166231,
5449443,55.10979272,
5449475,55.11889989,
5449506,55.11434631,
5449537,55.11434631,
5449569,55.1166231,
5449600,55.1166231,
5449632,55.1166231,
5449663,55.11434631,
5449695,55.11434631,
5449726,55.11434631,
5449757,55.1166231,
5449789,55.1166231,
5449820,55.11434631,
5449851,55.1166231,
5449883,55.1166231,
5449915,55.1166231,
5450028,55.11889989,
5450160,55.1166231,
5450192,55.11434631,
5450223,55.11889989,
5450254,55.1166231,
5450285,55.11434631,
5450317,55.1166231,
5450348,55.1166231,
5450380,55.11434631,
5450411,55.1166231,
5450443,55.1166231,
5450474,55.1166231,
5450506,55.11434631,
5450537,55.11434631,
5450568,55.11434631,
5450599,55.1166231,
5450631,55.11434631,
5450662,55.1166231,
5450694,55.1166231,
5450725,55.1166231,
5450855,55.11889989,
5450986,55.11889989,
5451018,55.1166231,
5451050,55.1166231,
5451081,55.1166231,
5451113,55.11434631,
5451144,55.11889989,
5451175,55.1166231,
5451206,55.11889989,
5451238,55.1166231,
5451270,55.11889989,
5451301,55.11889989,
5451332,55.11889989,
5451364,55.11889989,
5451395,55.1166231,
5451427,55.11889989,
5451458,55.11889989,
5451489,55.1166231,
5451520,55.11889989,
5451552,55.1166231,
5451672,55.1166231,
5451803,55.11889989,
5451835,55.1166231,
5451867,55.11434631,
5451898,55.11889989,
5451929,55.1166231,
5451961,55.12117669,
5451992,55.11889989,
5452024,55.1166231,
5452055,55.11889989,
5452087,55.11889989,
5452118,55.12117669,
5452150,55.11889989,
5452182,55.1166231,
5452213,55.12117669,
5452245,55.11889989,
5452276,55.11889989,
5452308,55.11889989,
5452339,55.1166231,
5452371,55.11889989,
5452491,55.11889989,
5452621,55.11889989,
5452653,55.11889989,
5452684,55.11889989,
5452716,55.11889989,
5452747,55.11889989,
5452779,55.1166231,
5452810,55.11889989,
5452841,55.1166231,
5452873,55.12117669,
5452904,55.12117669,
5452935,55.11889989,
5452967,55.1166231,
5452998,55.11889989,
5453030,55.11889989,
5453061,55.11889989,
5453093,55.11889989,
5453124,55.11889989,
5453155,55.12117669,
5453187,55.1166231,
5453307,55.1166231,
5453438,55.12345348,
5453470,55.11889989,
5453502,55.12117669,
5453533,55.11889989,
5453564,55.11889989,
5453596,55.12117669,
5453627,55.11889989,
5453658,55.12117669,
5453690,55.12345348,
5453721,55.1166231,
5453753,55.12345348,
5453784,55.11889989,
5453816,55.11889989,
5453847,55.12117669,
5453879,55.11889989,
5453910,55.12117669,
5453941,55.12117669,
5453973,55.12117669,
5454004,55.11889989,
5454221,55.11889989,
5454352,55.12345348,
5454384,55.11889989,
5454416,55.11889989,
5454447,55.11889989,
5454478,55.12117669,
5454510,55.11889989,
5454541,55.12117669,
5454572,55.11889989,
5454604,55.1166231,
5454635,55.11889989,
5454667,55.11889989,
5454698,55.12117669,
5454730,55.12117669,
5454761,55.12117669,
5454792,55.12117669,
5454824,55.12345348,
5454855,55.12117669,
5454887,55.11889989,
5454918,55.1166231,
5455126,55.12117669,
5455258,55.11889989,
5455289,55.12117669,
5455321,55.12117669,
5455352,55.12117669,
5455384,55.12345348,
5455415,55.12573028,
5455447,55.12345348,
5455478,55.12345348,
5455509,55.12117669,
5455541,55.12117669,
5455572,55.12345348,
5455603,55.12117669,
5455635,55.12345348,
5455666,55.12117669,
5455698,55.12345348,
5455729,55.11889989,
5455761,55.11889989,
5455792,55.12117669,
5455823,55.12345348,
5456070,55.12117669,
5456200,55.12345348,
5456232,55.12117669,
5456263,55.12573028,
5456295,55.12117669,
5456326,55.11889989,
5456358,55.12345348,
5456389,55.12345348,
5456420,55.12117669,
5456452,55.12573028,
5456483,55.12345348,
5456515,55.12573028,
5456546,55.12573028,
5456578,55.12117669,
5456609,55.12345348,
5456641,55.12117669,
5456672,55.12345348,
5456703,55.12345348,
5456734,55.12345348,
5456766,55.12117669,
5456901,55.12345348,
5457033,55.12345348,
5457065,55.12345348,
5457096,55.12345348,
5457128,55.12345348,
5457160,55.12117669,
5457191,55.12345348,
5457222,55.12573028,
5457253,55.12345348,
5457285,55.12345348,
5457316,55.12345348,
5457348,55.12117669,
5457379,55.12345348,
5457411,55.12345348,
5457442,55.12345348,
5457474,55.12117669,
5457505,55.12573028,
5457536,55.13028386,
5457568,55.12117669,
5457599,55.12117669,
5457818,55.12117669,
5457949,55.12800707,
5457981,55.12345348,
5458013,55.12573028,
5458044,55.12117669,
5458076,55.12345348,
5458107,55.12345348,
5458138,55.12573028,
5458170,55.12345348,
5458201,55.12345348,
5458233,55.12345348,
5458264,55.12345348,
5458296,55.12573028,
5458327,55.12573028,
5458358,55.12573028,
5458390,55.12117669,
5458421,55.12573028,
5458453,55.12345348,
5458484,55.12345348,
5458515,55.12800707,
5458648,55.12573028,
5458779,55.12573028,
5458811,55.12573028,
5458843,55.12573028,
5458874,55.12345348,
5458906,55.12345348,
5458937,55.12573028,
5458968,55.12345348,
5459000,55.12573028,
5459031,55.12573028,
5459063,55.12800707,
5459094,55.12345348,
5459126,55.12573028,
5459157,55.12573028,
5459188,55.12345348,
5459220,55.12345348,
5459251,55.12345348,
5459282,55.12345348,
5459314,55.12573028,
5459345,55.12573028,
5459450,55.12573028,
5459582,55.12573028,
5459614,55.12345348,
5459646,55.12345348,
5459677,55.12345348,
5459708,55.12573028,
5459740,55.12573028,
5459771,55.12573028,
5459802,55.12345348,
5459834,55.12573028,
5459866,55.12345348,
5459897,55.12800707,
5459928,55.12573028,
5459960,55.12800707,
5459991,55.12573028,
5460023,55.12573028,
5460054,55.12573028,
5460085,55.12800707,
5460117,55.12573028,
5460148,55.12800707,
5460278,55.12573028,
5460410,55.12345348,
5460442,55.12800707,
5460474,55.12573028,
5460505,55.13256066,
5460536,55.12800707,
5460568,55.12345348,
5460599,55.12800707,
5460630,55.12800707,
5460662,55.12573028,
5460693,55.12573028,
5460725,55.12800707,
5460756,55.12800707,
5460788,55.12800707,
5460819,55.12573028,
5460851,55.12800707,
5460882,55.12573028,
5460913,55.12345348,
5460945,55.12573028,
5460977,55.12800707,
5461087,55.12800707,
5461217,55.12800707,
5461249,55.12573028,
5461280,55.12800707,
5461311,55.12573028,
5461343,55.12573028,
5461374,55.12800707,
5461406,55.12800707,
5461437,55.12345348,
5461469,55.12345348,
5461500,55.12800707,
5461531,55.12800707,
5461563,55.12800707,
5461594,55.13028386,
5461625,55.12800707,
5461657,55.12573028,
5461688,55.13028386,
5461720,55.12800707,
5461751,55.12573028,
5461782,55.12800707,
5461925,55.12800707,
5462055,55.12573028,
5462087,55.12800707,
5462119,55.13028386,
5462150,55.13028386,
5462182,55.12573028,
5462213,55.12800707,
5462244,55.12800707,
5462276,55.12800707,
5462307,55.13028386,
5462339,55.12800707,
5462370,55.12573028,
5462402,55.13028386,
5462433,55.12800707,
5462464,55.12800707,
5462496,55.12800707,
5462527,55.13028386,
5462558,55.13028386,
5462590,55.12800707,
5462621,55.12800707,
5462831,55.12800707,
5462962,55.13028386,
5462995,55.12800707,
5463026,55.12800707,
5463057,55.12800707,
5463089,55.13028386,
5463120,55.13028386,
5463152,55.13028386,
5463183,55.12800707,
5463214,55.12800707,
5463246,55.12800707,
5463277,55.12573028,
5463309,55.13028386,
5463340,55.12573028,
5463371,55.12800707,
5463403,55.13028386,
5463434,55.13028386,
5463466,55.12573028,
5463497,55.13028386,
5463528,55.13028386,
5463650,55.13028386,
5463781,55.13028386,
5463813,55.12800707,
5463845,55.13028386,
5463876,55.13028386,
5463908,55.13028386,
5463939,55.12800707,
5463971,55.13028386,
5464002,55.13028386,
5464033,55.13028386,
5464065,55.12800707,
5464096,55.13028386,
5464128,55.12800707,
5464159,55.12800707,
5464190,55.13028386,
5464222,55.12800707,
5464253,55.13028386,
5464285,55.12800707,
5464316,55.12800707,
5464348,55.13256066,
5464469,55.12800707,
5464599,55.12573028,
5464631,55.12800707,
5464663,55.13028386,
5464694,55.13028386,
5464725,55.13028386,
5464757,55.13256066,
5464788,55.13028386,
5464819,55.12800707,
5464851,55.13028386,
5464883,55.13256066,
5464914,55.13256066,
5464946,55.13256066,
5464977,55.13028386,
5465008,55.13028386,
5465040,55.13028386,
5465071,55.13028386,
5465102,55.12800707,
5465134,55.13028386,
5465165,55.12800707,
5465290,55.12800707,
5465421,55.12800707,
5465453,55.13028386,
5465485,55.12800707,
5465516,55.13028386,
5465547,55.13256066,
5465579,55.13028386,
5465610,55.13028386,
5465641,55.13256066,
5465673,55.13256066,
5465704,55.13256066,
5465736,55.13483745,
5465767,55.13028386,
5465799,55.13028386,
5465830,55.12800707,
5465862,55.13028386,
5465893,55.13028386,
5465924,55.13028386,
5465956,55.13483745,
5465987,55.13256066,
5466113,55.13028386,
5466245,55.12800707,
5466277,55.13256066,
5466308,55.13028386,
5466340,55.13028386,
5466372,55.13256066,
5466403,55.13256066,
5466434,55.13256066,
5466465,55.13256066,
5466497,55.13256066,
5466528,55.13028386,
5466560,55.13028386,
5466591,55.13483745,
5466623,55.13483745,
5466654,55.13256066,
5466686,55.13028386,
5466717,55.13483745,
5466748,55.13028386,
5466780,55.13256066,
5466811,55.13483745,
5466929,55.13256066,
5467060,55.13256066,
5467092,55.13483745,
5467124,55.13256066,
5467155,55.13028386,
5467186,55.13483745,
5467218,55.13256066,
5467250,55.13028386,
5467281,55.13256066,
5467312,55.13028386,
5467344,55.13256066,
5467375,55.13256066,
5467407,55.13256066,
5467438,55.13256066,
5467469,55.13256066,
5467501,55.13483745,
5467532,55.13256066,
5467564,55.13483745,
5467595,55.13256066,
5467627,55.13256066,
5467746,55.13256066,
5467877,55.13028386,
5467909,55.13256066,
5467940,55.13256066,
5467972,55.13256066,
5468003,55.13483745,
5468034,55.13256066,
5468066,55.13256066,
5468097,55.13256066,
5468129,55.13711424,
5468160,55.13483745,
5468191,55.13711424,
5468223,55.13483745,
5468254,55.13483745,
5468286,55.13256066,
5468317,55.13483745,
5468349,55.13028386,
5468380,55.13256066,
5468411,55.13711424,
5468443,55.13256066,
5468579,55.13256066,
5468710,55.13483745,
5468742,55.13256066,
5468774,55.13256066,
5468805,55.13483745,
5468837,55.13711424,
5468868,55.13256066,
5468899,55.13711424,
5468931,55.13483745,
5468962,55.13483745,
5468994,55.13483745,
5469025,55.13483745,
5469057,55.13483745,
5469088,55.13483745,
5469119,55.13256066,
5469151,55.13483745,
5469182,55.13028386,
5469213,55.13483745,
5469245,55.13256066,
5469277,55.13483745,
5469395,55.13256066,
5469525,55.13483745,
5469557,55.13256066,
5469589,55.13939104,
5469620,55.13483745,
5469652,55.13711424,
5469683,55.13483745,
5469714,55.13483745,
5469746,55.13711424,
5469777,55.13483745,
5469809,55.13483745,
5469840,55.13483745,
5469872,55.13483745,
5469903,55.13483745,
5469934,55.13483745,
5469966,55.13483745,
5469997,55.13483745,
5470028,55.13256066,
5470060,55.13256066,
5470091,55.13256066,
5470210,55.13483745,
5470341,55.13483745,
5470373,55.13483745,
5470405,55.13483745,
5470436,55.13483745,
5470468,55.13483745,
5470499,55.13483745,
5470530,55.13483745,
5470561,55.13483745,
5470593,55.13711424,
5470625,55.13256066,
5470656,55.13483745,
5470687,55.13483745,
5470719,55.13483745,
5470750,55.13711424,
5470782,55.13256066,
5470813,55.13711424,
5470844,55.13483745,
5470876,55.13483745,
5470907,55.13483745,
5471032,55.13483745,
5471163,55.13256066,
5471195,55.13483745,
5471227,55.13256066,
5471258,55.13711424,
5471290,55.13483745,
5471321,55.13711424,
5471352,55.13483745,
5471384,55.13483745,
5471415,55.13483745,
5471447,55.13483745,
5471478,55.13711424,
5471510,55.13256066,
5471541,55.13256066,
5471572,55.13711424,
5471604,55.13483745,
5471635,55.13483745,
5471666,55.13256066,
5471698,55.13483745,
5471729,55.13711424,
5471839,55.13483745,
5471971,55.13483745,
5472003,55.13256066,
5472035,55.13483745,
5472066,55.13483745,
5472097,55.13711424,
5472129,55.13711424,
5472160,55.13711424,
5472191,55.13483745,
5472223,55.13711424,
5472254,55.13483745,
5472286,55.13939104,
5472317,55.13711424,
5472349,55.13483745,
5472380,55.13483745,
5472412,55.13711424,
5472443,55.13483745,
5472474,55.13711424,
5472505,55.13483745,
5472537,55.13711424,
5472684,55.13483745,
5472816,55.13711424,
5472848,55.13711424,
5472880,55.13711424,
5472911,55.13711424,
5472943,55.13711424,
5472974,55.13711424,
5473005,55.13711424,
5473037,55.13939104,
5473068,55.13711424,
5473099,55.13711424,
5473131,55.14166783,
5473163,55.13939104,
5473194,55.13711424,
5473225,55.13939104,
5473257,55.13711424,
5473288,55.13939104,
5473319,55.13711424,
5473351,55.13711424,
5473382,55.13711424,
5473490,55.13711424,
5473621,55.14166783,
5473653,55.13711424,
5473685,55.13256066,
5473716,55.13483745,
5473749,55.13939104,
5473780,55.14166783,
5473811,55.13711424,
5473843,55.13483745,
5473874,55.13939104,
5473906,55.13711424,
5473937,55.13939104,
5473969,55.13939104,
5474000,55.13939104,
5474031,55.13711424,
5474063,55.14166783,
5474094,55.13711424,
5474126,55.13939104,
5474157,55.13711424,
5474189,55.13939104,
5474382,55.13939104,
5474513,55.14166783,
5474544,55.13939104,
5474576,55.13939104,
5474607,55.13939104,
5474639,55.13483745,
5474670,55.13939104,
5474702,55.13711424,
5474733,55.14166783,
5474764,55.13939104,
5474796,55.14166783,
5474827,55.14166783,
5474859,55.13939104,
5474890,55.13711424,
5474922,55.13939104,
5474953,55.13939104,
5474985,55.13939104,
5475016,55.13939104,
5475047,55.14166783,
5475079,55.14166783,
5475226,55.13939104,
5475357,55.13939104,
5475390,55.13939104,
5475421,55.13939104,
5475452,55.13939104,
5475484,55.13711424,
5475515,55.13939104,
5475547,55.13939104,
5475578,55.13939104,
5475610,55.14166783,
5475641,55.13939104,
5475672,55.14166783,
5475704,55.14166783,
5475735,55.13939104,
5475767,55.13939104,
5475798,55.14166783,
5475830,55.14394463,
5475861,55.14166783,
5475893,55.13711424,
5475924,55.13939104,
5476044,55.13939104,
5476175,55.13939104,
5476207,55.13939104,
5476239,55.13939104,
5476270,55.13939104,
5476302,55.13711424,
5476333,55.14166783,
5476365,55.14394463,
5476396,55.14166783,
5476428,55.14166783,
5476459,55.14166783,
5476490,55.14166783,
5476522,55.14166783,
5476553,55.14166783,
5476585,55.13711424,
5476616,55.13939104,
5476648,55.13939104,
5476679,55.14166783,
5476710,55.14166783,
5476742,55.13939104,
5476952,55.14166783,
5477083,55.14394463,
5477115,55.14166783,
5477147,55.14394463,
5477178,55.13939104,
5477209,55.14166783,
5477241,55.13939104,
5477272,55.14166783,
5477303,55.14394463,
5477335,55.14166783,
5477366,55.13939104,
5477398,55.14166783,
5477429,55.14166783,
5477461,55.14166783,
5477492,55.13939104,
5477523,55.14166783,
5477555,55.14394463,
5477586,55.14166783,
5477617,55.14394463,
5477649,55.14394463,
5477786,55.13939104,
5477918,55.14166783,
5477950,55.14166783,
5477982,55.13939104,
5478013,55.14166783,
5478045,55.14166783,
5478076,55.14394463,
5478107,55.14166783,
5478138,55.13939104,
5478170,55.14394463,
5478201,55.14394463,
5478233,55.14394463,
5478264,55.14394463,
5478296,55.14166783,
5478327,55.14394463,
5478358,55.14166783,
5478390,55.13939104,
5478421,55.14394463,
5478453,55.14394463,
5478484,55.14394463,
5478608,55.14166783,
5478740,55.14394463,
5478772,55.14394463,
5478803,55.14166783,
5478835,55.14394463,
5478867,55.14394463,
5478898,55.14394463,
5478929,55.14394463,
5478960,55.14166783,
5478992,55.13939104,
5479023,55.14394463,
5479055,55.14394463,
5479086,55.14394463,
5479118,55.14394463,
5479149,55.14166783,
5479181,55.14166783,
5479212,55.14166783,
5479243,55.13939104,
5479275,55.14622142,
5479306,55.14166783,
5479425,55.14166783,
5479557,55.14166783,
5479589,55.14166783,
5479620,55.14166783,
5479652,55.14394463,
5479683,55.14166783,
5479715,55.14166783,
5479746,55.14394463,
5479777,55.14166783,
5479809,55.14166783,
5479840,55.14394463,
5479872,55.14394463,
5479903,55.14394463,
5479934,55.14394463,
5479966,55.14394463,
5479997,55.14394463,
5480029,55.14166783,
5480060,55.14166783,
5480092,55.14394463,
5480123,55.14394463,
5480239,55.14166783,
5480370,55.14166783,
5480402,55.14394463,
5480434,55.14394463,
5480465,55.14622142,
5480496,55.14622142,
5480528,55.14394463,
5480559,55.14394463,
5480590,55.13939104,
5480622,55.14394463,
5480654,55.14394463,
5480685,55.14394463,
5480717,55.14622142,
5480748,55.14394463,
5480779,55.14394463,
5480811,55.14166783,
5480842,55.14394463,
5480873,55.14166783,
5480905,55.14622142,
5480936,55.14622142,
5481059,55.14394463,
5481191,55.14394463,
5481223,55.14394463,
5481254,55.14394463,
5481286,55.14394463,
5481317,55.14394463,
5481349,55.14394463,
5481380,55.14394463,
5481411,55.14622142,
5481443,55.14622142,
5481474,55.14394463,
5481506,55.14394463,
5481537,55.14849821,
5481569,55.14394463,
5481600,55.14849821,
5481632,55.14166783,
5481663,55.14394463,
5481694,55.14394463,
5481725,55.14622142,
5481757,55.14166783,
5481889,55.14394463,
5482020,55.14166783,
5482053,55.14394463,
5482084,55.14622142,
5482115,55.14622142,
5482147,55.14394463,
5482179,55.14394463,
5482210,55.14394463,
5482241,55.14849821,
5482273,55.14394463,
5482304,55.14394463,
5482335,55.14394463,
5482367,55.14394463,
5482398,55.14394463,
5482429,55.14394463,
5482461,55.14394463,
5482493,55.14622142,
5482524,55.14849821,
5482555,55.14622142,
5482587,55.14622142,
5482898,55.14622142,
5483030,55.14394463,
5483062,55.14622142,
5483093,55.14394463,
5483124,55.14849821,
5483156,55.14622142,
5483188,55.14849821,
5483219,55.14622142,
5483250,55.14394463,
5483282,55.14394463,
5483313,55.14622142,
5483344,55.14849821,
5483376,55.14849821,
5483407,55.14849821,
5483439,55.14622142,
5483470,55.14622142,
5483502,55.14394463,
5483533,55.14622142,
5483564,55.14622142,
5483596,55.14849821,
5483720,55.14622142,
5483852,55.14849821,
5483884,55.14394463,
5483916,55.14622142,
5483947,55.14622142,
5483978,55.14849821,
5484010,55.14622142,
5484041,55.14622142,
5484073,55.14394463,
5484104,55.14622142,
5484136,55.14622142,
5484167,55.14622142,
5484198,55.14622142,
5484230,55.14622142,
5484261,55.14394463,
5484293,55.14622142,
5484324,55.14622142,
5484355,55.14622142,
5484387,55.14622142,
5484418,55.15077501,
5484540,55.14622142,
5484671,55.14622142,
5484704,55.14394463,
5484736,55.14394463,
5484767,55.14849821,
5484798,55.14622142,
5484830,55.14849821,
5484861,55.14622142,
5484892,55.14622142,
5484924,55.14849821,
5484956,55.14849821,
5484987,55.14849821,
5485018,55.14849821,
5485050,55.15077501,
5485081,55.15077501,
5485113,55.14849821,
5485144,55.14622142,
5485175,55.14622142,
5485207,55.14849821,
5485238,55.14622142,
5485373,55.14849821,
5485504,55.14622142,
5485537,55.14622142,
5485568,55.14849821,
5485599,55.14849821,
5485631,55.14849821,
5485663,55.14849821,
5485694,55.14849821,
5485726,55.14622142,
5485757,55.14849821,
5485788,55.14622142,
5485819,55.14849821,
5485851,55.14849821,
5485883,55.14622142,
5485914,55.14622142,
5485946,55.14849821,
5485977,55.14622142,
5486008,55.14849821,
5486040,55.14622142,
5486071,55.14849821,
5486180,55.14849821,
5486311,55.15077501,
5486343,55.14849821,
5486375,55.14622142,
5486406,55.14849821,
5486437,55.14849821,
5486469,55.15077501,
5486500,55.14849821,
5486532,55.14849821,
5486564,55.15077501,
5486595,55.15077501,
5486626,55.14849821,
5486658,55.15077501,
5486689,55.14849821,
5486720,55.14849821,
5486752,55.14394463,
5486783,55.15077501,
5486815,55.15077501,
5486846,55.15077501,
5486878,55.14849821,
5487006,55.15077501,
5487137,55.15077501,
5487170,55.14849821,
5487201,55.15077501,
5487232,55.14849821,
5487264,55.14849821,
5487295,55.14849821,
5487327,55.14622142,
5487358,55.14849821,
5487390,55.14849821,
5487421,55.15077501,
5487452,55.15077501,
5487484,55.1530518,
5487515,55.15077501,
5487546,55.14849821,
5487578,55.14849821,
5487609,55.15077501,
5487641,55.14849821,
5487672,55.14849821,
5487704,55.14849821,
5487815,55.14849821,
5487947,55.15077501,
5487979,55.15077501,
5488010,55.15077501,
5488042,55.14849821,
5488073,55.14849821,
5488105,55.15077501,
5488136,55.14849821,
5488167,55.15077501,
5488199,55.15077501,
5488230,55.15077501,
5488262,55.15077501,
5488293,55.14849821,
5488324,55.15077501,
5488356,55.1530518,
5488387,55.14849821,
5488419,55.14849821,
5488450,55.15077501,
5488481,55.15077501,
5488513,55.15077501,
5488635,55.14849821,
5488767,55.14849821,
5488798,55.15077501,
5488830,55.1530518,
5488861,55.14849821,
5488892,55.15077501,
5488924,55.15077501,
5488955,55.15077501,
5488987,55.14849821,
5489018,55.15077501,
5489050,55.1530518,
5489081,55.1530518,
5489113,55.1530518,
5489144,55.15077501,
5489175,55.1530518,
5489207,55.15077501,
5489239,55.15077501,
5489270,55.15077501,
5489301,55.1530518,
5489333,55.15077501,
5489454,55.1530518,
5489585,55.15077501,
5489617,55.14849821,
5489649,55.15077501,
5489680,55.15077501,
5489711,55.15077501,
5489743,55.1530518,
5489774,55.15077501,
5489805,55.1530518,
5489837,55.14849821,
5489868,55.15077501,
5489900,55.1530518,
5489931,55.15077501,
5489963,55.15077501,
5489994,55.1530518,
5490026,55.1530518,
5490057,55.1530518,
5490088,55.1530518,
5490119,55.15077501,
5490151,55.14849821,
5490283,55.14849821,
5490414,55.15077501,
5490446,55.15077501,
5490478,55.15532859,
5490509,55.15077501,
5490541,55.15077501,
5490572,55.15077501,
5490603,55.15077501,
5490635,55.15077501,
5490666,55.15077501,
5490698,55.15077501,
5490729,55.1530518,
5490761,55.15077501,
5490792,55.1530518,
5490823,55.1530518,
5490855,55.15077501,
5490886,55.1530518,
5490918,55.14849821,
5490949,55.1530518,
5490981,55.15532859,
5491100,55.15532859,
5491230,55.15532859,
5491262,55.1530518,
5491294,55.1530518,
5491325,55.15077501,
5491357,55.15077501,
5491388,55.15077501,
5491419,55.1530518,
5491450,55.15077501,
5491482,55.15532859,
5491513,55.15077501,
5491545,55.15532859,
5491576,55.1530518,
5491608,55.15077501,
5491639,55.1530518,
5491671,55.1530518,
5491702,55.1530518,
5491733,55.1530518,
5491765,55.15077501,
5491796,55.1530518,
5491927,55.15077501,
5492059,55.1530518,
5492091,55.15532859,
5492123,55.15532859,
5492154,55.1530518,
5492186,55.1530518,
5492217,55.1530518,
5492248,55.15532859,
5492280,55.15532859,
5492311,55.1530518,
5492343,55.1530518,
5492374,55.1530518,
5492406,55.1530518,
5492437,55.1530518,
5492468,55.1530518,
5492500,55.1530518,
5492531,55.1530518,
5492562,55.15532859,
5492594,55.1530518,
5492625,55.1530518,
5492735,55.15077501,
5492866,55.1530518,
5492898,55.1530518,
5492930,55.1530518,
5492961,55.1530518,
5492992,55.15532859,
5493024,55.1530518,
5493055,55.1530518,
5493087,55.15077501,
5493118,55.15532859,
5493150,55.1530518,
5493181,55.15532859,
5493213,55.1530518,
5493244,55.15532859,
5493275,55.1530518,
5493307,55.15532859,
5493338,55.1530518,
5493369,55.1530518,
5493401,55.1530518,
5493432,55.1530518,
5493658,55.15760539,
5493790,55.15532859,
5493822,55.15532859,
5493853,55.15532859,
5493885,55.15077501,
5493917,55.15532859,
5493948,55.15760539,
5493979,55.15532859,
5494010,55.1530518,
5494042,55.1530518,
5494073,55.15532859,
5494105,55.15760539,
5494136,55.15532859,
5494168,55.15532859,
5494199,55.1530518,
5494231,55.1530518,
5494262,55.1530518,
5494293,55.15532859,
5494325,55.15532859,
5494356,55.1530518,
5494474,55.15532859,
5494605,55.1530518,
5494637,55.15760539,
5494668,55.1530518,
5494700,55.1530518,
5494731,55.15532859,
5494763,55.15532859,
5494794,55.15532859,
5494825,55.1530518,
5494857,55.15532859,
5494888,55.15532859,
5494920,55.15760539,
5494951,55.15532859,
5494983,55.15532859,
5495014,55.15532859,
5495046,55.1530518,
5495077,55.1530518,
5495108,55.15532859,
5495139,55.15077501,
5495171,55.15532859,
5495305,55.15532859,
5495435,55.15760539,
5495467,55.15532859,
5495498,55.15532859,
5495530,55.15532859,
5495561,55.15760539,
5495593,55.15532859,
5495624,55.1530518,
5495655,55.15760539,
5495687,55.15760539,
5495718,55.15532859,
5495749,55.15760539,
5495781,55.15532859,
5495812,55.15532859,
5495844,55.15532859,
5495875,55.15760539,
5495907,55.15760539,
5495938,55.15988218,
5495970,55.15532859,
5496001,55.15760539,
5496109,55.15532859,
5496240,55.1530518,
5496272,55.15532859,
5496304,55.15532859,
5496335,55.15532859,
5496366,55.15532859,
5496398,55.15532859,
5496429,55.15532859,
5496460,55.15532859,
5496492,55.15532859,
5496524,55.15760539,
5496555,55.15760539,
5496586,55.15532859,
5496618,55.15760539,
5496649,55.15760539,
5496681,55.15532859,
5496712,55.15760539,
5496743,55.15760539,
5496775,55.15532859,
5496806,55.15532859,
5496938,55.15532859,
5497069,55.15760539,
5497101,55.15760539,
5497133,55.15532859,
5497164,55.15760539,
5497196,55.15532859,
5497227,55.15532859,
5497258,55.15532859,
5497290,55.1530518,
5497322,55.15532859,
5497353,55.15760539,
5497384,55.15988218,
5497416,55.15532859,
5497448,55.1530518,
5497479,55.15532859,
5497512,55.15532859,
5497543,55.15760539,
5497574,55.15532859,
5497606,55.15760539,
5497637,55.15532859,
5497748,55.15760539,
5497879,55.15532859,
5497911,55.1530518,
5497942,55.15760539,
5497973,55.15988218,
5498005,55.15760539,
5498036,55.15988218,
5498068,55.15760539,
5498099,55.15760539,
5498131,55.15760539,
5498162,55.15532859,
5498193,55.15988218,
5498225,55.15760539,
5498256,55.15760539,
5498287,55.15988218,
5498319,55.15988218,
5498351,55.15760539,
5498382,55.15760539,
5498413,55.15760539,
5498445,55.15532859,
5498572,55.15532859,
5498702,55.15760539,
5498734,55.15760539,
5498766,55.15532859,
5498797,55.15532859,
5498828,55.15532859,
5498860,55.15988218,
5498892,55.1530518,
5498923,55.15988218,
5498955,55.15760539,
5498986,55.15760539,
5499017,55.16215898,
5499049,55.15988218,
5499080,55.15988218,
5499111,55.15760539,
5499143,55.15760539,
5499174,55.15760539,
5499206,55.16215898,
5499237,55.15760539,
5499268,55.15988218,
5499494,55.15760539,
5499625,55.15760539,
5499657,55.15760539,
5499689,55.15988218,
5499720,55.15760539,
5499751,55.15988218,
5499783,55.15988218,
5499814,55.15532859,
5499845,55.15760539,
5499877,55.15988218,
5499909,55.15760539,
5499940,55.15988218,
5499972,55.15988218,
5500003,55.15988218,
5500034,55.15760539,
5500066,55.1530518,
5500097,55.15988218,
5500128,55.15988218,
5500160,55.15988218,
5500191,55.15988218,
5500305,55.15760539,
5500437,55.15988218,
5500469,55.16215898,
5500501,55.15988218,
5500532,55.15760539,
5500563,55.15988218,
5500595,55.15988218,
5500626,55.15760539,
5500657,55.15760539,
5500689,55.15988218,
5500720,55.15760539,
5500752,55.15760539,
5500783,55.16215898,
5500815,55.15988218,
5500846,55.15988218,
5500877,55.16215898,
5500909,55.15988218,
5500940,55.15988218,
5500972,55.15760539,
5501003,55.15988218,
5501128,55.15760539,
5501259,55.15988218,
5501291,55.15988218,
5501322,55.15760539,
5501354,55.15988218,
5501385,55.15988218,
5501417,55.15988218,
5501448,55.16215898,
5501479,55.15988218,
5501511,55.15988218,
5501542,55.15988218,
5501573,55.15988218,
5501605,55.15988218,
5501636,55.15760539,
5501668,55.15988218,
5501699,55.16443577,
5501731,55.15988218,
5501762,55.16215898,
5501793,55.16215898,
5501825,55.15988218,
5501955,55.15988218,
5502086,55.16215898,
5502118,55.15988218,
5502150,55.15988218,
5502181,55.16215898,
5502213,55.15760539,
5502244,55.15988218,
5502276,55.16215898,
5502307,55.15988218,
5502339,55.15988218,
5502370,55.15988218,
5502401,55.16215898,
5502433,55.16215898,
5502464,55.15988218,
5502495,55.16215898,
5502527,55.16443577,
5502558,55.16215898,
5502590,55.16215898,
5502621,55.15988218,
5502653,55.15988218,
5502869,55.15988218,
5503000,55.16443577,
5503033,55.16215898,
5503064,55.15988218,
5503095,55.16443577,
5503126,55.15988218,
5503158,55.16215898,
5503190,55.15988218,
5503221,55.16215898,
5503252,55.15988218,
5503284,55.16443577,
5503315,55.16443577,
5503347,55.16215898,
5503378,55.16215898,
5503409,55.16215898,
5503441,55.15988218,
5503472,55.16215898,
5503503,55.16215898,
5503535,55.15988218,
5503566,55.16215898,
5503689,55.16215898,
5503819,55.15988218,
5503851,55.15988218,
5503883,55.15988218,
5503914,55.16215898,
5503945,55.16215898,
5503977,55.16215898,
5504008,55.15988218,
5504040,55.16443577,
5504071,55.16443577,
5504103,55.16215898,
5504134,55.16443577,
5504166,55.16215898,
5504197,55.15760539,
5504228,55.16215898,
5504260,55.16215898,
5504291,55.15988218,
5504322,55.16443577,
5504354,55.16215898,
5504385,55.15988218,
5504519,55.16671256,
5504650,55.16215898,
5504682,55.16215898,
5504714,55.15988218,
5504745,55.16215898,
5504777,55.16443577,
5504808,55.16443577,
5504839,55.15988218,
5504871,55.16215898,
5504902,55.16443577,
5504934,55.16443577,
5504965,55.16443577,
5504997,55.16443577,
5505028,55.16215898,
5505059,55.16443577,
5505091,55.15988218,
5505122,55.16215898,
5505154,55.16443577,
5505185,55.16215898,
5505217,55.15988218,
5505351,55.16215898,
5505481,55.16443577,
5505513,55.16215898,
5505545,55.16215898,
5505576,55.16215898,
5505608,55.16443577,
5505639,55.15988218,
5505671,55.16215898,
5505702,55.16671256,
5505734,55.16443577,
5505765,55.16215898,
5505797,55.16443577,
5505828,55.16671256,
5505859,55.16215898,
5505891,55.15988218,
5505922,55.16443577,
5505954,55.16443577,
5505985,55.16443577,
5506017,55.16215898,
5506048,55.16215898,
5506145,55.15988218,
5506277,55.16215898,
5506309,55.16215898,
5506340,55.16215898,
5506372,55.16215898,
5506403,55.16443577,
5506435,55.16215898,
5506466,55.15988218,
5506497,55.16443577,
5506529,55.16215898,
5506560,55.16215898,
5506592,55.16671256,
5506623,55.16215898,
5506655,55.16443577,
5506686,55.16215898,
5506717,55.16443577,
5506749,55.16443577,
5506780,55.16215898,
5506811,55.16215898,
5506843,55.16215898,
5506976,55.16215898,
5507108,55.16671256,
5507141,55.16215898,
5507172,55.16215898,
5507203,55.15988218,
5507235,55.16443577,
5507266,55.16443577,
5507298,55.16215898,
5507329,55.16671256,
5507361,55.16443577,
5507392,55.16215898,
5507423,55.16443577,
5507455,55.16443577,
5507486,55.16215898,
5507517,55.16443577,
5507549,55.16671256,
5507580,55.16215898,
5507612,55.16443577,
5507643,55.16671256,
5507675,55.16443577,
5507785,55.16443577,
5507916,55.16443577,
5507948,55.16443577,
5507979,55.16443577,
5508011,55.16443577,
5508042,55.16443577,
5508074,55.16443577,
5508105,55.16443577,
5508136,55.16443577,
5508168,55.16443577,
5508199,55.16443577,
5508231,55.16443577,
5508262,55.16671256,
5508294,55.16215898,
5508325,55.16671256,
5508357,55.16443577,
5508388,55.16443577,
5508419,55.16215898,
5508451,55.16898936,
5508482,55.16443577,
5508694,55.16671256,
5508825,55.16443577,
5508857,55.16443577,
5508889,55.16443577,
5508920,55.16443577,
5508951,55.16443577,
5508983,55.16443577,
5509014,55.16215898,
5509045,55.16671256,
5509077,55.16443577,
5509108,55.16671256,
5509140,55.16443577,
5509171,55.16671256,
5509203,55.16671256,
5509234,55.16671256,
5509265,55.16443577,
5509297,55.16443577,
5509328,55.16215898,
5509360,55.16443577,
5509391,55.16671256,
5509525,55.16443577,
5509656,55.16443577,
5509688,55.16443577,
5509719,55.16671256,
5509751,55.16443577,
5509782,55.16671256,
5509814,55.16671256,
5509845,55.16671256,
5509876,55.16898936,
5509908,55.16671256,
5509939,55.16443577,
5509971,55.16671256,
5510002,55.16671256,
5510034,55.16671256,
5510065,55.16671256,
5510097,55.16443577,
5510128,55.16671256,
5510159,55.16898936,
5510191,55.16215898,
5510222,55.17126615,
5510360,55.16443577,
5510492,55.16898936,
5510524,55.16443577,
5510556,55.16443577,
5510587,55.16671256,
5510619,55.16898936,
5510650,55.16443577,
5510681,55.16671256,
5510713,55.16671256,
5510744,55.16898936,
5510776,55.16671256,
5510807,55.16671256,
5510839,55.16443577,
5510870,55.16898936,
5510901,55.16671256,
5510933,55.16671256,
5510964,55.16671256,
5510996,55.16898936,
5511027,55.16443577,
5511059,55.16671256,
5511168,55.16671256,
5511299,55.16898936,
5511332,55.16443577,
5511363,55.16671256,
5511394,55.16671256,
5511426,55.16898936,
5511458,55.16671256,
5511489,55.16443577,
5511520,55.16443577,
5511552,55.16671256,
5511583,55.16671256,
5511614,55.16443577,
5511646,55.16898936,
5511677,55.16671256,
5511708,55.17126615,
5511740,55.16898936,
5511772,55.16671256,
5511803,55.16671256,
5511834,55.16443577,
5511866,55.16443577,
5512071,55.16443577,
5512201,55.16443577,
5512232,55.16671256,
5512264,55.16898936,
5512295,55.17126615,
5512327,55.16443577,
5512358,55.16671256,
5512390,55.16671256,
5512421,55.16898936,
5512453,55.16898936,
5512484,55.16671256,
5512515,55.16671256,
5512546,55.16443577,
5512578,55.16671256,
5512609,55.16898936,
5512641,55.16671256,
5512672,55.16898936,
5512704,55.16671256,
5512735,55.16898936,
5512767,55.17126615,
5512903,55.16671256,
5513034,55.16671256,
5513066,55.17126615,
5513098,55.17126615,
5513129,55.16671256,
5513160,55.17126615,
5513192,55.16671256,
5513223,55.16671256,
5513254,55.16898936,
5513286,55.16898936,
5513317,55.16898936,
5513349,55.16898936,
5513380,55.16898936,
5513412,55.16898936,
5513443,55.16671256,
5513474,55.16898936,
5513506,55.16671256,
5513537,55.16671256,
5513569,55.17126615,
5513600,55.17126615,
5513724,55.16671256,
5513854,55.16898936,
5513886,55.16898936,
5513917,55.16671256,
5513949,55.17354294,
5513980,55.16671256,
5514012,55.17126615,
5514043,55.16898936,
5514074,55.16671256,
5514106,55.16898936,
5514137,55.17126615,
5514168,55.16898936,
5514200,55.16898936,
5514231,55.16898936,
5514263,55.17126615,
5514294,55.16898936,
5514326,55.16898936,
5514357,55.17126615,
5514388,55.17126615,
5514420,55.16898936,
5514544,55.17126615,
5514675,55.17126615,
5514707,55.16898936,
5514739,55.17126615,
5514770,55.17126615,
5514801,55.17126615,
5514833,55.16898936,
5514864,55.16898936,
5514896,55.17126615,
5514927,55.16671256,
5514959,55.17126615,
5514990,55.17126615,
5515022,55.16898936,
5515053,55.16898936,
5515084,55.17354294,
5515116,55.16898936,
5515147,55.17126615,
5515178,55.17126615,
5515210,55.16898936,
5515241,55.16671256,
5515371,55.17126615,
5515502,55.17354294,
5515535,55.16898936,
5515566,55.17126615,
5515597,55.17126615,
5515629,55.17126615,
5515660,55.16898936,
5515692,55.17126615,
5515723,55.17126615,
5515755,55.17126615,
5515786,55.17126615,
5515817,55.16898936,
5515849,55.17126615,
5515880,55.16898936,
5515912,55.16898936,
5515943,55.17126615,
5515975,55.17126615,
5516006,55.17126615,
5516038,55.17126615,
5516069,55.16898936,
5516183,55.17126615,
5516314,55.17126615,
5516346,55.17126615,
5516377,55.16898936,
5516408,55.17126615,
5516440,55.17126615,
5516471,55.17126615,
5516503,55.17126615,
5516534,55.17126615,
5516566,55.17126615,
5516597,55.17126615,
5516628,55.17126615,
5516660,55.17354294,
5516691,55.17126615,
5516722,55.17126615,
5516754,55.17354294,
5516785,55.17126615,
5516817,55.17354294,
5516848,55.17126615,
5516880,55.17126615,
5517006,55.17354294,
5517137,55.17126615,
5517169,55.17354294,
5517201,55.16898936,
5517232,55.17126615,
5517263,55.17126615,
5517295,55.17354294,
5517326,55.17354294,
5517358,55.16898936,
5517389,55.17354294,
5517421,55.17126615,
5517452,55.17354294,
5517484,55.17354294,
5517515,55.17354294,
5517546,55.17354294,
5517578,55.17126615,
5517609,55.17354294,
5517641,55.17126615,
5517672,55.17354294,
5517703,55.17354294,
5517828,55.16898936,
5517959,55.17581974,
5517992,55.17126615,
5518023,55.17126615,
5518054,55.17126615,
5518086,55.17354294,
5518117,55.17354294,
5518149,55.17354294,
5518180,55.17354294,
5518212,55.17581974,
5518243,55.17126615,
5518274,55.17126615,
5518306,55.17354294,
5518337,55.17581974,
5518369,55.17126615,
5518400,55.17581974,
5518432,55.17354294,
5518463,55.17354294,
5518495,55.17581974,
5518526,55.17354294,
5518653,55.17354294,
5518785,55.17354294,
5518817,55.17126615,
5518848,55.17126615,
5518880,55.17354294,
5518912,55.17354294,
5518943,55.17354294,
5518974,55.17354294,
5519005,55.17354294,
5519037,55.17354294,
5519068,55.17354294,
5519100,55.17126615,
5519131,55.17354294,
5519163,55.17581974,
5519194,55.17354294,
5519226,55.17581974,
5519257,55.17126615,
5519288,55.17354294,
5519320,55.17354294,
5519351,55.17126615,
5519462,55.17354294,
5519593,55.17126615,
5519625,55.17354294,
5519657,55.17354294,
5519688,55.17354294,
5519719,55.17354294,
5519751,55.17581974,
5519782,55.17354294,
5519813,55.17354294,
5519845,55.17354294,
5519876,55.17354294,
5519908,55.17354294,
5519939,55.17126615,
5519971,55.17354294,
5520002,55.17354294,
5520034,55.17354294,
5520065,55.16898936,
5520096,55.17354294,
5520127,55.17354294,
5520159,55.17354294,
5520286,55.17126615,
5520417,55.17581974,
5520450,55.17354294,
5520481,55.17354294,
5520512,55.17581974,
5520544,55.17354294,
5520576,55.17581974,
5520607,55.17354294,
5520638,55.17126615,
5520670,55.17581974,
5520701,55.17354294,
5520732,55.17354294,
5520764,55.17581974,
5520795,55.17354294,
5520826,55.17581974,
5520858,55.17354294,
5520890,55.17354294,
5520921,55.17581974,
5520953,55.17354294,
5520984,55.17126615,
5521097,55.17581974,
5521227,55.17354294,
5521259,55.17581974,
5521291,55.17581974,
5521323,55.17809653,
5521354,55.17581974,
5521386,55.17581974,
5521417,55.17354294,
5521448,55.17126615,
5521480,55.17126615,
5521511,55.17354294,
5521543,55.17354294,
5521574,55.17809653,
5521606,55.17581974,
5521637,55.17581974,
5521669,55.17581974,
5521700,55.17354294,
5521731,55.17354294,
5521762,55.17581974,
5521794,55.17354294,
5521919,55.17581974,
5522050,55.17581974,
5522082,55.17354294,
5522113,55.17354294,
5522145,55.17354294,
5522176,55.17354294,
5522208,55.17581974,
5522239,55.17354294,
5522270,55.17581974,
5522302,55.17354294,
5522333,55.17354294,
5522365,55.17354294,
5522396,55.17581974,
5522428,55.17354294,
5522459,55.17354294,
5522491,55.17354294,
5522522,55.17809653,
5522553,55.17581974,
5522584,55.17581974,
5522616,55.17581974,
5522734,55.17354294,
5522865,55.17581974,
5522897,55.17809653,
5522928,55.17581974,
5522960,55.17354294,
5522991,55.17581974,
5523022,55.17809653,
5523054,55.17581974,
5523085,55.17354294,
5523117,55.17581974,
5523148,55.17581974,
5523179,55.17809653,
5523211,55.17354294,
5523242,55.17581974,
5523274,55.17581974,
5523305,55.17581974,
5523337,55.17354294,
5523368,55.17354294,
5523399,55.17581974,
5523431,55.17581974,
5523553,55.17581974,
5523683,55.17581974,
5523715,55.17581974,
5523746,55.17809653,
5523778,55.17809653,
5523809,55.17809653,
5523841,55.17581974,
5523872,55.17126615,
5523903,55.17809653,
5523935,55.17581974,
5523966,55.17354294,
5523998,55.17581974,
5524029,55.17809653,
5524061,55.17581974,
5524092,55.17809653,
5524123,55.17809653,
5524155,55.17581974,
5524186,55.17354294,
5524217,55.17354294,
5524249,55.17581974,
5524381,55.17581974,
5524512,55.17581974,
5524545,55.17581974,
5524576,55.17354294,
5524607,55.17809653,
5524639,55.17809653,
5524670,55.17809653,
5524702,55.17581974,
5524733,55.17581974,
5524764,55.17581974,
5524796,55.17581974,
5524827,55.17581974,
5524859,55.17581974,
5524890,55.17809653,
5524921,55.17581974,
5524953,55.17581974,
5524984,55.17809653,
5525016,55.17581974,
5525047,55.17809653,
5525079,55.17809653,
5525220,55.17581974,
5525351,55.17354294,
5525384,55.18037333,
5525415,55.17809653,
5525447,55.17809653,
5525478,55.17809653,
5525510,55.17581974,
5525541,55.17581974,
5525573,55.17581974,
5525604,55.17809653,
5525635,55.17126615,
5525667,55.17581974,
5525698,55.17581974,
5525729,55.18037333,
5525761,55.17809653,
5525792,55.17809653,
5525824,55.17809653,
5525855,55.17581974,
5525887,55.17581974,
5525918,55.17809653,
5526016,55.17809653,
5526148,55.17809653,
5526180,55.17581974,
5526211,55.17809653,
5526243,55.17809653,
5526275,55.17581974,
5526306,55.17581974,
5526337,55.17354294,
5526368,55.17581974,
5526400,55.17809653,
5526431,55.17809653,
5526463,55.17581974,
5526494,55.17809653,
5526526,55.17809653,
5526557,55.17581974,
5526589,55.18037333,
5526620,55.17809653,
5526651,55.17809653,
5526683,55.17809653,
5526714,55.17581974,
5526935,55.17581974,
5527066,55.17809653,
5527098,55.17581974,
5527130,55.17809653,
5527161,55.17581974,
5527192,55.18037333,
5527224,55.17809653,
5527255,55.17809653,
5527287,55.17809653,
5527318,55.17809653,
5527350,55.17809653,
5527381,55.17809653,
5527412,55.17809653,
5527444,55.17581974,
5527475,55.18037333,
5527507,55.17809653,
5527538,55.17809653,
5527569,55.17809653,
5527601,55.18037333,
5527632,55.17809653,
5527860,55.17581974,
5527991,55.17809653,
5528024,55.17809653,
5528055,55.18037333,
5528087,55.17809653,
5528118,55.18037333,
5528150,55.17809653,
5528181,55.17809653,
5528212,55.18037333,
5528244,55.17809653,
5528275,55.17809653,
5528306,55.17581974,
5528338,55.17581974,
5528369,55.18037333,
5528401,55.17581974,
5528432,55.17809653,
5528464,55.17809653,
5528495,55.17809653,
5528526,55.17809653,
5528558,55.18037333,
5528679,55.17809653,
5528811,55.17809653,
5528843,55.18037333,
5528874,55.17581974,
5528905,55.17809653,
5528937,55.17809653,
5528968,55.17809653,
5529000,55.17809653,
5529031,55.17809653,
5529062,55.18037333,
5529094,55.17581974,
5529125,55.18037333,
5529157,55.17809653,
5529188,55.18037333,
5529219,55.18265012,
5529251,55.17809653,
5529282,55.18037333,
5529314,55.18037333,
5529345,55.17581974,
5529376,55.18037333,
5529497,55.17809653,
5529628,55.17809653,
5529661,55.17581974,
5529692,55.17809653,
5529724,55.17809653,
5529755,55.18037333,
5529787,55.17809653,
5529818,55.18037333,
5529849,55.18037333,
5529881,55.17809653,
5529912,55.18037333,
5529944,55.18037333,
5529975,55.18037333,
5530007,55.18037333,
5530038,55.17581974,
5530069,55.18037333,
5530101,55.18037333,
5530132,55.18037333,
5530163,55.18037333,
5530195,55.18037333,
5530312,55.18265012,
5530443,55.17581974,
5530475,55.18037333,
5530507,55.17809653,
5530538,55.17809653,
5530569,55.17809653,
5530601,55.18037333,
5530632,55.17809653,
5530664,55.17581974,
5530695,55.18037333,
5530727,55.18265012,
5530758,55.18037333,
5530790,55.17809653,
5530821,55.18037333,
5530852,55.18037333,
5530884,55.18037333,
5530915,55.18037333,
5530946,55.18265012,
5530978,55.17809653,
5531009,55.18037333,
5531140,55.18037333,
5531271,55.18037333,
5531304,55.17809653,
5531335,55.18037333,
5531366,55.17809653,
5531398,55.18037333,
5531430,55.18492691,
5531461,55.18037333,
5531492,55.18037333,
5531524,55.18037333,
5531555,55.17809653,
5531586,55.17809653,
5531618,55.18265012,
5531649,55.17809653,
5531681,55.18265012,
5531712,55.18037333,
5531744,55.18265012,
5531775,55.18265012,
5531807,55.18037333,
5531838,55.17809653,
5531958,55.18037333,
5532089,55.18037333,
5532122,55.18265012,
5532153,55.18265012,
5532185,55.18265012,
5532216,55.18265012,
5532248,55.18265012,
5532279,55.18037333,
5532310,55.18037333,
5532342,55.18037333,
5532373,55.17809653,
5532404,55.18265012,
5532436,55.18037333,
5532467,55.18037333,
5532499,55.18265012,
5532530,55.18037333,
5532562,55.18037333,
5532593,55.18265012,
5532625,55.18265012,
5532656,55.18037333,
5532777,55.18037333,
5532907,55.18265012,
5532939,55.17809653,
5532970,55.18037333,
5533002,55.18265012,
5533033,55.18265012,
5533065,55.18492691,
5533096,55.18265012,
5533127,55.18037333,
5533159,55.18492691,
5533190,55.18492691,
5533221,55.18265012,
5533253,55.17809653,
5533284,55.18265012,
5533316,55.18037333,
5533347,55.18037333,
5533379,55.18037333,
5533410,55.18037333,
5533441,55.17809653,
5533473,55.18265012,
5533591,55.18265012,
5533721,55.18037333,
5533753,55.18265012,
5533785,55.18037333,
5533816,55.18265012,
5533847,55.18492691,
5533879,55.18037333,
5533910,55.18037333,
5533942,55.18037333,
5533973,55.18492691,
5534005,55.18037333,
5534036,55.18265012,
5534068,55.18492691,
5534099,55.18265012,
5534130,55.18492691,
5534162,55.18265012,
5534193,55.18265012,
5534224,55.18037333,
5534256,55.18265012,
5534287,55.17809653,
5534437,55.18265012,
5534568,55.18265012,
5534600,55.18265012,
5534632,55.18265012,
5534663,55.18492691,
5534695,55.18492691,
5534726,55.18265012,
5534758,55.18492691,
5534789,55.18265012,
5534821,55.18037333,
5534852,55.18265012,
5534884,55.18265012,
5534915,55.18265012,
5534946,55.18037333,
5534977,55.18265012,
5535009,55.18265012,
5535041,55.18265012,
5535072,55.18037333,
5535103,55.18265012,
5535135,55.18037333,
5535227,55.18265012,
5535358,55.18265012,
5535391,55.18265012,
5535422,55.18492691,
5535453,55.18492691,
5535485,55.18492691,
5535516,55.18265012,
5535548,55.18265012,
5535579,55.18265012,
5535611,55.18265012,
5535642,55.18037333,
5535673,55.18492691,
5535705,55.18492691,
5535737,55.18492691,
5535768,55.18037333,
5535800,55.18265012,
5535831,55.18265012,
5535862,55.18492691,
5535893,55.18492691,
5535925,55.18492691,
5536044,55.18265012,
5536176,55.18265012,
5536208,55.18265012,
5536239,55.18492691,
5536271,55.18492691,
5536302,55.18720371,
5536334,55.18265012,
5536365,55.18492691,
5536396,55.18492691,
5536428,55.18265012,
5536459,55.18492691,
5536491,55.18265012,
5536522,55.18265012,
5536554,55.18492691,
5536585,55.18492691,
5536616,55.18492691,
5536648,55.18265012,
5536679,55.18265012,
5536710,55.18265012,
5536742,55.18492691,
5536958,55.18265012,
5537088,55.18492691,
5537119,55.18492691,
5537151,55.18492691,
5537183,55.18265012,
5537214,55.18265012,
5537245,55.18492691,
5537277,55.18265012,
5537308,55.18492691,
5537340,55.18037333,
5537371,55.18265012,
5537402,55.18720371,
5537433,55.18492691,
5537465,55.18492691,
5537497,55.18265012,
5537528,55.18265012,
5537559,55.18720371,
5537591,55.18265012,
5537622,55.18037333,
5537654,55.18265012,
5537794,55.18492691,
5537925,55.18492691,
5537958,55.18492691,
5537989,55.18265012,
5538020,55.18037333,
5538052,55.18720371,
5538084,55.18492691,
5538115,55.18492691,
5538146,55.1894805,
5538178,55.18720371,
5538209,55.18492691,
5538241,55.18492691,
5538272,55.18492691,
5538303,55.18720371,
5538335,55.18492691,
5538367,55.18492691,
5538398,55.18720371,
5538429,55.18492691,
5538460,55.18720371,
5538492,55.18720371,
5538609,55.18492691,
5538740,55.18265012,
5538772,55.18720371,
5538804,55.18492691,
5538835,55.1894805,
5538866,55.18265012,
5538898,55.18492691,
5538930,55.18720371,
5538961,55.18492691,
5538993,55.18492691,
5539024,55.18492691,
5539055,55.18720371,
5539087,55.18265012,
5539118,55.18492691,
5539149,55.18492691,
5539181,55.18492691,
5539212,55.18265012,
5539244,55.18492691,
5539275,55.18720371,
5539307,55.18492691,
5539429,55.18265012,
5539560,55.18492691,
5539592,55.18492691,
5539623,55.18492691,
5539654,55.18265012,
5539686,55.18720371,
5539717,55.18720371,
5539749,55.18492691,
5539780,55.18492691,
5539812,55.18265012,
5539843,55.18720371,
5539874,55.18720371,
5539906,55.18720371,
5539937,55.18265012,
5539969,55.18720371,
5540000,55.18720371,
5540032,55.18492691,
5540063,55.18492691,
5540094,55.18492691,
5540126,55.18492691,
5540259,55.18492691,
5540391,55.18492691,
5540423,55.1894805,
5540455,55.18492691,
5540486,55.18720371,
5540518,55.18720371,
5540549,55.18720371,
5540580,55.18720371,
5540612,55.18720371,
5540643,55.18720371,
5540674,55.18492691,
5540706,55.18720371,
5540737,55.18265012,
5540769,55.18720371,
5540800,55.18492691,
5540832,55.18720371,
5540863,55.18492691,
5540894,55.18720371,
5540926,55.18492691,
5540957,55.18492691,
5541084,55.18720371,
5541215,55.18492691,
5541248,55.18720371,
5541279,55.18492691,
5541310,55.18720371,
5541342,55.18492691,
5541373,55.18720371,
5541405,55.1894805,
5541436,55.18720371,
5541468,55.18492691,
5541499,55.18492691,
5541530,55.18720371,
5541562,55.18265012,
5541593,55.18720371,
5541624,55.1894805,
5541656,55.18720371,
5541687,55.18492691,
5541719,55.18720371,
5541750,55.1894805,
5541782,55.18492691,
5541895,55.19175729,
5542026,55.18720371,
5542058,55.18720371,
5542090,55.18720371,
5542121,55.19175729,
5542153,55.18720371,
5542185,55.18720371,
5542216,55.18720371,
5542247,55.18492691,
5542279,55.18720371,
5542311,55.1894805,
5542342,55.1894805,
5542374,55.18720371,
5542405,55.18720371,
5542436,55.18492691,
5542468,55.1894805,
5542499,55.1894805,
5542530,55.18265012,
5542562,55.1894805,
5542594,55.18720371,
5542700,55.18492691,
5542832,55.1894805,
5542863,55.18720371,
5542895,55.18720371,
5542926,55.18720371,
5542957,55.18720371,
5542989,55.1894805,
5543021,55.18720371,
5543052,55.18720371,
5543083,55.1894805,
5543115,55.18492691,
5543146,55.18492691,
5543178,55.1894805,
5543209,55.18720371,
5543240,55.1894805,
5543272,55.1894805,
5543303,55.18720371,
5543334,55.18720371,
5543366,55.18720371,
5543397,55.1894805,
5543533,55.18720371,
5543664,55.18720371,
5543696,55.1894805,
5543728,55.18720371,
5543759,55.18720371,
5543791,55.1894805,
5543822,55.18720371,
5543854,55.1894805,
5543885,55.1894805,
5543916,55.1894805,
5543948,55.18492691,
5543979,55.1894805,
5544011,55.18720371,
5544042,55.18720371,
5544073,55.1894805,
5544105,55.1894805,
5544136,55.18720371,
5544168,55.1894805,
5544199,55.18720371,
5544231,55.19175729,
5544347,55.18720371,
5544478,55.18492691,
5544511,55.1894805,
5544542,55.18720371,
5544573,55.18492691,
5544605,55.18720371,
5544637,55.18720371,
5544668,55.18720371,
5544699,55.1894805,
5544731,55.1894805,
5544762,55.1894805,
5544793,55.1894805,
5544825,55.1894805,
5544857,55.18720371,
5544888,55.18720371,
5544920,55.18720371,
5544951,55.1894805,
5544982,55.18720371,
5545013,55.19175729,
5545045,55.18720371,
5545163,55.18720371,
5545294,55.18720371,
5545326,55.18720371,
5545358,55.1894805,
5545389,55.18492691,
5545420,55.1894805,
5545452,55.1894805,
5545483,55.18720371,
5545515,55.19403409,
5545546,55.18720371,
5545578,55.1894805,
5545609,55.19175729,
5545641,55.1894805,
5545672,55.1894805,
5545703,55.1894805,
5545735,55.1894805,
5545766,55.1894805,
5545797,55.18720371,
5545829,55.1894805,
5545860,55.1894805,
5545981,55.1894805,
5546112,55.19175729,
5546144,55.1894805,
5546175,55.18492691,
5546207,55.1894805,
5546238,55.1894805,
5546270,55.18720371,
5546301,55.1894805,
5546332,55.1894805,
5546364,55.19175729,
5546395,55.1894805,
5546426,55.18720371,
5546458,55.19175729,
5546489,55.1894805,
5546521,55.19175729,
5546552,55.1894805,
5546584,55.19175729,
5546615,55.1894805,
5546646,55.1894805,
5546678,55.1894805,
5546888,55.19403409,
5547019,55.1894805,
5547051,55.18720371,
5547083,55.1894805,
5547114,55.1894805,
5547146,55.19175729,
5547177,55.19403409,
5547209,55.1894805,
5547240,55.19175729,
5547272,55.19175729,
5547303,55.19175729,
5547334,55.1894805,
5547366,55.1894805,
5547397,55.1894805,
5547429,55.19175729,
5547460,55.1894805,
5547492,55.19175729,
5547523,55.19175729,
5547554,55.19175729,
5547586,55.19175729,
5547720,55.18720371,
5547851,55.1894805,
5547883,55.19175729,
5547914,55.19175729,
5547946,55.1894805,
5547977,55.19175729,
5548009,55.19175729,
5548040,55.1894805,
5548071,55.1894805,
5548103,55.19175729,
5548135,55.1894805,
5548166,55.19175729,
5548197,55.19403409,
5548229,55.19175729,
5548260,55.1894805,
5548292,55.19403409,
5548323,55.19175729,
5548354,55.19403409,
5548386,55.19175729,
5548417,55.19175729,
5548546,55.1894805,
5548677,55.1894805,
5548709,55.1894805,
5548741,55.1894805,
5548772,55.19175729,
5548804,55.19403409,
5548835,55.1894805,
5548866,55.19175729,
5548897,55.19175729,
5548929,55.19403409,
5548961,55.19175729,
5548992,55.1894805,
5549023,55.19175729,
5549055,55.19403409,
5549086,55.1894805,
5549118,55.19175729,
5549149,55.19403409,
5549180,55.19175729,
5549212,55.1894805,
5549243,55.19175729,
5549357,55.19175729,
5549489,55.19175729,
5549521,55.19403409,
5549553,55.19403409,
5549584,55.19403409,
5549615,55.19403409,
5549647,55.19175729,
5549678,55.1894805,
5549710,55.19175729,
5549741,55.19175729,
5549773,55.19175729,
5549804,55.19175729,
5549836,55.19403409,
5549867,55.1894805,
5549898,55.19403409,
5549930,55.19403409,
5549961,55.19403409,
5549993,55.19175729,
5550024,55.1894805,
5550055,55.19175729,
5550196,55.19175729,
5550327,55.19403409,
5550359,55.1894805,
5550391,55.19175729,
5550422,55.19403409,
5550454,55.19175729,
5550485,55.19403409,
5550516,55.19403409,
5550548,55.1894805,
5550579,55.19175729,
5550610,55.19403409,
5550642,55.19403409,
5550673,55.19403409,
5550705,55.19631088,
5550736,55.1894805,
5550768,55.19175729,
5550799,55.19403409,
5550830,55.19175729,
5550862,55.19175729,
5550893,55.19403409,
5550998,55.19631088,
5551129,55.19175729,
5551161,55.19175729,
5551193,55.19175729,
5551224,55.19403409,
5551255,55.19403409,
5551287,55.1894805,
5551318,55.19403409,
5551350,55.19403409,
5551381,55.19403409,
5551413,55.19175729,
5551444,55.19403409,
5551476,55.19175729,
5551507,55.19403409,
5551538,55.1894805,
5551570,55.19175729,
5551601,55.19631088,
5551632,55.19403409,
5551664,55.19175729,
5551695,55.19631088,
5551815,55.19403409,
5551946,55.19403409,
5551977,55.19175729,
5552009,55.19631088,
5552041,55.1894805,
5552072,55.19403409,
5552104,55.19403409,
5552135,55.19175729,
5552166,55.19175729,
5552198,55.19403409,
5552229,55.19403409,
5552261,55.19403409,
5552292,55.19175729,
5552324,55.19403409,
5552355,55.19403409,
5552386,55.19403409,
5552418,55.19403409,
5552449,55.19631088,
5552480,55.19403409,
5552512,55.19403409,
5552633,55.19403409,
5552764,55.19403409,
5552796,55.19175729,
5552827,55.19631088,
5552859,55.19175729,
5552890,55.19631088,
5552922,55.19403409,
5552953,55.19403409,
5552984,55.19175729,
5553016,55.19175729,
5553048,55.19403409,
5553079,55.19175729,
5553110,55.19175729,
5553142,55.19403409,
5553173,55.19403409,
5553204,55.19403409,
5553236,55.19403409,
5553267,55.19631088,
5553298,55.19631088,
5553330,55.19631088,
5553461,55.19175729,
5553592,55.19858768,
5553624,55.19631088,
5553655,55.19858768,
5553686,55.19403409,
5553717,55.19631088,
5553749,55.19631088,
5553781,55.19631088,
5553812,55.19175729,
5553844,55.19631088,
5553875,55.19175729,
5553906,55.19631088,
5553938,55.19175729,
5553969,55.19631088,
5554000,55.19403409,
5554032,55.19631088,
5554064,55.19403409,
5554095,55.19403409,
5554126,55.19631088,
5554158,55.19403409,
5554281,55.19403409,
5554413,55.19631088,
5554445,55.19175729,
5554477,55.19631088,
5554508,55.19631088,
5554539,55.19858768,
5554571,55.19631088,
5554602,55.19403409,
5554633,55.19631088,
5554665,55.19403409,
5554696,55.19403409,
5554727,55.19631088,
5554759,55.19631088,
5554791,55.19631088,
5554822,55.19403409,
5554853,55.19631088,
5554885,55.19403409,
5554916,55.19403409,
5554948,55.19631088,
5554979,55.19403409,
5555104,55.19403409,
5555236,55.19631088,
5555268,55.19403409,
5555300,55.19403409,
5555331,55.19631088,
5555363,55.19403409,
5555394,55.19631088,
5555425,55.19403409,
5555456,55.19403409,
5555488,55.19631088,
5555519,55.19631088,
5555551,55.19858768,
5555582,55.19403409,
5555614,55.19858768,
5555645,55.19631088,
5555677,55.19631088,
5555708,55.19631088,
5555739,55.19631088,
5555771,55.19631088,
5555802,55.19631088,
5555924,55.19403409,
5556054,55.19631088,
5556087,55.19631088,
5556118,55.19403409,
5556149,55.19858768,
5556181,55.19631088,
5556212,55.19403409,
5556244,55.19631088,
5556275,55.19403409,
5556307,55.19858768,
5556338,55.19403409,
5556369,55.19631088,
5556401,55.19403409,
5556432,55.19858768,
5556464,55.19858768,
5556495,55.19403409,
5556527,55.19631088,
5556558,55.19631088,
5556589,55.19858768,
5556621,55.19858768,
5556732,55.19631088,
5556863,55.19858768,
5556895,55.19631088,
5556926,55.19631088,
5556958,55.19631088,
5556989,55.19631088,
5557021,55.19631088,
5557052,55.19403409,
5557083,55.19631088,
5557115,55.19858768,
5557146,55.19631088,
5557178,55.19858768,
5557209,55.19631088,
5557241,55.19858768,
5557272,55.19631088,
5557304,55.19403409,
5557335,55.19858768,
5557366,55.19858768,
5557398,55.19858768,
5557429,55.19858768,
5557566,55.19631088,
5557698,55.19858768,
5557730,55.19858768,
5557762,55.19403409,
5557793,55.19858768,
5557825,55.19631088,
5557856,55.19858768,
5557887,55.19631088,
5557919,55.20086447,
5557950,55.19631088,
5557982,55.19858768,
5558013,55.19403409,
5558045,55.19631088,
5558076,55.19631088,
5558107,55.19631088,
5558139,55.19858768,
5558170,55.19858768,
5558201,55.19858768,
5558233,55.19631088,
5558264,55.19858768,
5558370,55.19403409,
5558501,55.19631088,
5558533,55.19858768,
5558565,55.19858768,
5558596,55.19631088,
5558627,55.19858768,
5558659,55.19631088,
5558690,55.20086447,
5558722,55.19858768,
5558753,55.19403409,
5558785,55.19858768,
5558816,55.19403409,
5558848,55.19631088,
5558879,55.19631088,
5558910,55.19858768,
5558942,55.19631088,
5558973,55.19631088,
5559004,55.20086447,
5559036,55.19858768,
5559067,55.19631088,
5559190,55.19858768,
5559321,55.20086447,
5559353,55.19631088,
5559384,55.19858768,
5559415,55.19858768,
5559447,55.19858768,
5559479,55.19858768,
5559510,55.20086447,
5559541,55.19858768,
5559573,55.19858768,
5559604,55.19858768,
5559635,55.20086447,
5559667,55.19858768,
5559698,55.20086447,
5559729,55.19631088,
5559761,55.19858768,
5559793,55.19631088,
5559824,55.19858768,
5559855,55.19631088,
5559887,55.19858768,
5560007,55.19858768,
5560139,55.19858768,
5560171,55.19403409,
5560202,55.19858768,
5560233,55.19858768,
5560264,55.19858768,
5560296,55.19631088,
5560327,55.19858768,
5560359,55.20086447,
5560390,55.19858768,
5560422,55.20086447,
5560453,55.19631088,
5560485,55.19858768,
5560516,55.20086447,
5560547,55.19858768,
5560579,55.19858768,
5560610,55.19858768,
5560642,55.19858768,
5560673,55.19858768,
5560704,55.19858768,
5560829,55.19858768,
5560959,55.19858768,
5560991,55.19858768,
5561022,55.19858768,
5561054,55.19858768,
5561085,55.20086447,
5561117,55.19631088,
5561148,55.20086447,
5561179,55.19858768,
5561211,55.19631088,
5561242,55.20086447,
5561273,55.20086447,
5561305,55.20086447,
5561336,55.20086447,
5561368,55.20086447,
5561399,55.19858768,
5561431,55.19858768,
5561462,55.20086447,
5561493,55.20086447,
5561525,55.20086447,
5561655,55.19858768,
5561786,55.19858768,
5561818,55.20086447,
5561850,55.20086447,
5561881,55.19631088,
5561912,55.19631088,
5561944,55.19858768,
5561975,55.20086447,
5562007,55.19631088,
5562038,55.19631088,
5562070,55.20086447,
5562101,55.19858768,
5562132,55.19858768,
5562164,55.20086447,
5562195,55.19858768,
5562227,55.20086447,
5562258,55.20086447,
5562289,55.20314126,
5562321,55.19631088,
5562352,55.20086447,
5562470,55.19631088,
5562601,55.19858768,
5562633,55.19858768,
5562665,55.19858768,
5562696,55.19858768,
5562727,55.20314126,
5562759,55.20314126,
5562790,55.20086447,
5562821,55.20086447,
5562853,55.20086447,
5562885,55.19858768,
5562916,55.20086447,
5562948,55.20086447,
5562979,55.19858768,
5563010,55.19858768,
5563042,55.20314126,
5563073,55.19858768,
5563104,55.20086447,
5563136,55.19858768,
5563167,55.20086447,
5563294,55.19403409,
5563425,55.20086447,
5563458,55.19858768,
5563489,55.19631088,
5563520,55.19858768,
5563552,55.19858768,
5563583,55.20314126,
5563615,55.20086447,
5563646,55.20314126,
5563677,55.20086447,
5563709,55.20086447,
5563740,55.20314126,
5563772,55.20086447,
5563803,55.19858768,
5563834,55.20086447,
5563866,55.20314126,
5563897,55.20086447,
5563929,55.20086447,
5563960,55.20086447,
5563992,55.20086447,
5564103,55.20314126,
5564234,55.19858768,
5564266,55.20086447,
5564298,55.20086447,
5564329,55.20086447,
5564360,55.20086447,
5564392,55.20541806,
5564423,55.20314126,
5564455,55.20086447,
5564486,55.20086447,
5564518,55.20314126,
5564549,55.19858768,
5564581,55.20314126,
5564612,55.20086447,
5564643,55.20314126,
5564674,55.20314126,
5564706,55.20314126,
5564737,55.20086447,
5564769,55.20314126,
5564800,55.20086447,
5564931,55.20086447,
5565061,55.19858768,
5565093,55.20314126,
5565125,55.20314126,
5565156,55.20314126,
5565187,55.20314126,
5565219,55.20314126,
5565251,55.20086447,
5565282,55.20086447,
5565313,55.20086447,
5565345,55.20314126,
5565376,55.20314126,
5565408,55.20314126,
5565439,55.20314126,
5565470,55.20086447,
5565502,55.20314126,
5565533,55.20314126,
5565565,55.20086447,
5565596,55.20314126,
5565627,55.20541806,
5565749,55.20086447,
5565879,55.20314126,
5565911,55.19858768,
5565943,55.20086447,
5565974,55.19858768,
5566005,55.20314126,
5566037,55.19858768,
5566068,55.20086447,
5566099,55.20314126,
5566131,55.20314126,
5566163,55.20086447,
5566194,55.20086447,
5566225,55.20086447,
5566257,55.20086447,
5566288,55.20314126,
5566320,55.20086447,
5566351,55.20314126,
5566382,55.20314126,
5566414,55.20314126,
5566445,55.20086447,
5566563,55.20314126,
5566694,55.20314126,
5566726,55.20314126,
5566757,55.20314126,
5566789,55.20314126,
5566820,55.20314126,
5566852,55.20314126,
5566883,55.20314126,
5566914,55.20314126,
5566946,55.20314126,
5566977,55.20314126,
5567008,55.20314126,
5567040,55.20086447,
5567072,55.20314126,
5567103,55.20314126,
5567134,55.20086447,
5567166,55.20086447,
5567197,55.20314126,
5567228,55.20314126,
5567260,55.19858768,
5567383,55.20086447,
5567514,55.20086447,
5567547,55.19858768,
5567578,55.20314126,
5567609,55.20086447,
5567641,55.20541806,
5567673,55.20086447,
5567704,55.20086447,
5567735,55.20314126,
5567767,55.20541806,
5567798,55.20086447,
5567829,55.20541806,
5567861,55.20541806,
5567892,55.20314126,
5567924,55.20086447,
5567955,55.20541806,
5567987,55.20086447,
5568018,55.20314126,
5568049,55.20086447,
5568081,55.20314126,
5568201,55.20086447,
5568332,55.20314126,
5568365,55.20086447,
5568396,55.20314126,
5568427,55.20086447,
5568458,55.20314126,
5568490,55.20314126,
5568521,55.20314126,
5568553,55.20314126,
5568584,55.20541806,
5568616,55.20314126,
5568647,55.20541806,
5568679,55.20314126,
5568710,55.20314126,
5568741,55.20769485,
5568772,55.20541806,
5568804,55.20541806,
5568835,55.20541806,
5568867,55.20314126,
5568898,55.20314126,
5569025,55.20314126,
5569156,55.20086447,
5569188,55.20541806,
5569220,55.20314126,
5569251,55.20314126,
5569282,55.20541806,
5569314,55.20541806,
5569345,55.20314126,
5569376,55.19858768,
5569408,55.20314126,
5569440,55.20541806,
5569471,55.20314126,
5569503,55.20541806,
5569534,55.20541806,
5569565,55.20086447,
5569597,55.20314126,
5569628,55.20314126,
5569659,55.20314126,
5569691,55.20086447,
5569722,55.20314126,
5569846,55.20314126,
5569977,55.20314126,
5570009,55.20086447,
5570041,55.20086447,
5570072,55.20541806,
5570104,55.20541806,
5570135,55.20086447,
5570166,55.20086447,
5570198,55.20314126,
5570229,55.20314126,
5570261,55.20314126,
5570292,55.20541806,
5570324,55.20541806,
5570355,55.20541806,
5570386,55.20541806,
5570418,55.20314126,
5570449,55.20314126,
5570480,55.20314126,
5570512,55.20541806,
5570543,55.20541806,
5570660,55.20086447,
5570791,55.20314126,
5570823,55.20541806,
5570854,55.20541806,
5570886,55.20541806,
5570917,55.20314126,
5570949,55.20314126,
5570980,55.20769485,
5571011,55.20541806,
5571043,55.20541806,
5571074,55.20541806,
5571105,55.20769485,
5571137,55.20314126,
5571168,55.20541806,
5571200,55.20769485,
5571231,55.20314126,
5571263,55.20541806,
5571294,55.20769485,
5571325,55.20541806,
5571357,55.20541806,
5571482,55.20541806,
5571614,55.20541806,
5571646,55.20314126,
5571677,55.20541806,
5571709,55.20086447,
5571740,55.20769485,
5571774,55.20541806,
5571805,55.20541806,
5571836,55.20541806,
5571868,55.20541806,
5571899,55.20541806,
5571931,55.20314126,
5571962,55.20541806,
5571994,55.20314126,
5572025,55.20769485,
5572057,55.20769485,
5572088,55.20769485,
5572119,55.20541806,
5572150,55.20541806,
5572182,55.20769485,
5572295,55.20541806,
5572427,55.20769485,
5572458,55.20314126,
5572490,55.20997164,
5572521,55.20541806,
5572553,55.20541806,
5572584,55.20541806,
5572616,55.20769485,
5572647,55.20541806,
5572679,55.20314126,
5572710,55.20541806,
5572742,55.20769485,
5572773,55.20769485,
5572805,55.20541806,
5572836,55.20314126,
5572867,55.20541806,
5572899,55.20541806,
5572930,55.20314126,
5572961,55.20769485,
5572993,55.20541806,
5573120,55.20314126,
5573251,55.20541806,
5573283,55.20541806,
5573314,55.20314126,
5573345,55.20541806,
5573377,55.20314126,
5573408,55.20541806,
5573440,55.20541806,
5573471,55.20541806,
5573503,55.20541806,
5573534,55.20541806,
5573565,55.20541806,
5573597,55.20769485,
5573628,55.20314126,
5573659,55.20541806,
5573691,55.20541806,
5573722,55.20541806,
5573754,55.20541806,
5573785,55.20314126,
5573817,55.20541806,
5573943,55.20769485,
5574074,55.20769485,
5574106,55.20769485,
5574137,55.20314126,
5574169,55.20541806,
5574200,55.20541806,
5574232,55.20314126,
5574263,55.20541806,
5574294,55.20314126,
5574326,55.20769485,
5574357,55.20769485,
5574389,55.20769485,
5574420,55.20997164,
5574452,55.20769485,
5574483,55.20541806,
5574514,55.20541806,
5574546,55.20769485,
5574577,55.20769485,
5574608,55.20541806,
5574640,55.20541806,
5574760,55.20541806,
5574889,55.20541806,
5574921,55.20769485,
5574952,55.20769485,
5574984,55.20769485,
5575015,55.20769485,
5575047,55.20314126,
5575078,55.20769485,
5575109,55.20769485,
5575141,55.20769485,
5575172,55.20541806,
5575203,55.20541806,
5575235,55.20541806,
5575267,55.20769485,
5575298,55.20541806,
5575329,55.20769485,
5575361,55.20541806,
5575392,55.20997164,
5575423,55.20769485,
5575455,55.20314126,
5575581,55.20541806,
5575712,55.20769485,
5575745,55.20541806,
5575776,55.20541806,
5575807,55.20541806,
5575839,55.20769485,
5575871,55.20997164,
5575902,55.20769485,
5575933,55.20769485,
5575965,55.20769485,
5575996,55.20541806,
5576027,55.20769485,
5576059,55.20541806,
5576090,55.20997164,
5576122,55.20541806,
5576153,55.20769485,
5576185,55.20769485,
5576216,55.20769485,
5576248,55.20769485,
5576279,55.20769485,
5576394,55.20769485,
5576526,55.20769485,
5576558,55.20769485,
5576589,55.20769485,
5576620,55.20769485,
5576651,55.20769485,
5576683,55.20997164,
5576714,55.20541806,
5576746,55.20541806,
5576777,55.20997164,
5576809,55.20541806,
5576840,55.20997164,
5576872,55.20997164,
5576903,55.20769485,
5576934,55.20541806,
5576966,55.20997164,
5576997,55.20997164,
5577029,55.20769485,
5577060,55.20997164,
5577092,55.20997164,
5577231,55.20997164,
5577362,55.20997164,
5577394,55.20769485,
5577426,55.20769485,
5577457,55.20997164,
5577489,55.20997164,
5577520,55.20997164,
5577551,55.20997164,
5577583,55.20769485,
5577614,55.20997164,
5577646,55.20769485,
5577677,55.20997164,
5577708,55.20997164,
5577740,55.20541806,
5577771,55.20769485,
5577803,55.20997164,
5577834,55.20769485,
5577865,55.20997164,
5577897,55.20541806,
5577928,55.20769485,
5578031,55.20541806,
5578162,55.20997164,
5578195,55.20997164,
5578226,55.20769485,
5578257,55.20769485,
5578289,55.20769485,
5578320,55.20769485,
5578352,55.20769485,
5578383,55.20769485,
5578415,55.20997164,
5578446,55.20541806,
5578477,55.20541806,
5578509,55.20541806,
5578541,55.20997164,
5578572,55.20769485,
5578603,55.20769485,
5578635,55.20997164,
5578666,55.20769485,
5578697,55.20769485,
5578729,55.20769485,
5578872,55.20541806,
5579003,55.20769485,
5579036,55.20541806,
5579067,55.20769485,
5579098,55.20769485,
5579130,55.20769485,
5579162,55.21224844,
5579193,55.20769485,
5579225,55.21224844,
5579256,55.20769485,
5579287,55.20769485,
5579318,55.20997164,
5579350,55.20769485,
5579381,55.20997164,
5579413,55.20769485,
5579444,55.20769485,
5579476,55.20769485,
5579507,55.20769485,
5579539,55.20769485,
5579570,55.20997164,
5579674,55.20769485,
5579805,55.20997164,
5579838,55.20997164,
5579869,55.20997164,
5579900,55.20769485,
5579932,55.20997164,
5579963,55.20997164,
5579995,55.20541806,
5580026,55.20541806,
5580058,55.20769485,
5580089,55.20769485,
5580120,55.20997164,
5580152,55.20769485,
5580183,55.20997164,
5580214,55.20769485,
5580246,55.20769485,
5580278,55.20997164,
5580309,55.20997164,
5580340,55.20997164,
5580372,55.20997164,
5580507,55.20541806,
5580638,55.20769485,
5580670,55.21224844,
5580702,55.20997164,
5580733,55.20769485,
5580765,55.20997164,
5580796,55.20769485,
5580827,55.20769485,
5580859,55.20541806,
5580891,55.20769485,
5580922,55.20997164,
5580953,55.20997164,
5580985,55.20769485,
5581016,55.20997164,
5581047,55.21224844,
5581079,55.20997164,
5581110,55.21224844,
5581142,55.21224844,
5581173,55.20997164,
5581205,55.21224844,
5581317,55.20769485,
5581448,55.20997164,
5581481,55.21224844,
5581512,55.20769485,
5581543,55.20997164,
5581575,55.20997164,
5581607,55.21224844,
5581638,55.20769485,
5581669,55.20997164,
5581701,55.20769485,
5581732,55.20769485,
5581763,55.20997164,
5581795,55.20997164,
5581826,55.20997164,
5581858,55.21224844,
5581889,55.20769485,
5581921,55.20769485,
5581952,55.20769485,
5581984,55.20769485,
5582015,55.20997164,
5582221,55.20997164,
5582351,55.20769485,
5582383,55.21224844,
5582415,55.20769485,
5582446,55.20769485,
5582477,55.21224844,
5582509,55.20997164,
5582541,55.20997164,
5582572,55.20997164,
5582603,55.21224844,
5582635,55.20997164,
5582666,55.21224844,
5582697,55.21224844,
5582729,55.20997164,
5582760,55.20997164,
5582791,55.21224844,
5582823,55.20997164,
5582855,55.20997164,
5582886,55.21224844,
5582917,55.20769485,
5583054,55.20997164,
5583185,55.20997164,
5583217,55.20769485,
5583249,55.21224844,
5583280,55.20997164,
5583311,55.21224844,
5583343,55.21224844,
5583374,55.20997164,
5583405,55.21452523,
5583437,55.20997164,
5583468,55.21224844,
5583500,55.21224844,
5583531,55.20997164,
5583563,55.20997164,
5583594,55.20997164,
5583626,55.20997164,
5583657,55.20769485,
5583688,55.21224844,
5583719,55.20997164,
5583751,55.20997164,
5583875,55.21452523,
5584006,55.21224844,
5584038,55.20769485,
5584070,55.20997164,
5584101,55.20997164,
5584133,55.20997164,
5584164,55.20997164,
5584195,55.21452523,
5584227,55.21224844,
5584258,55.20997164,
5584290,55.21224844,
5584321,55.21224844,
5584353,55.20997164,
5584384,55.21224844,
5584415,55.20769485,
5584447,55.21224844,
5584478,55.21452523,
5584509,55.20769485,
5584541,55.20997164,
5584572,55.20997164,
5584687,55.20997164,
5584818,55.21224844,
5584850,55.21224844,
5584882,55.21224844,
5584913,55.21224844,
5584944,55.21224844,
5584976,55.20997164,
5585008,55.21452523,
5585039,55.20997164,
5585071,55.21224844,
5585102,55.21452523,
5585133,55.21224844,
5585165,55.20997164,
5585196,55.21224844,
5585227,55.20997164,
5585259,55.21224844,
5585290,55.21224844,
5585322,55.21224844,
5585353,55.21452523,
5585384,55.20997164,
5585505,55.21224844,
5585636,55.21680203,
5585668,55.21224844,
5585700,55.21452523,
5585731,55.21224844,
5585763,55.20997164,
5585794,55.21452523,
5585826,55.20997164,
5585857,55.21224844,
5585889,55.21452523,
5585920,55.20997164,
5585951,55.21224844,
5585983,55.21224844,
5586014,55.20997164,
5586046,55.21224844,
5586077,55.21224844,
5586109,55.20997164,
5586140,55.21224844,
5586171,55.21224844,
5586203,55.21224844,
5586337,55.21224844,
5586469,55.21224844,
5586501,55.21452523,
5586532,55.21224844,
5586564,55.21224844,
5586595,55.21224844,
5586627,55.20997164,
5586658,55.20997164,
5586689,55.21224844,
5586721,55.21224844,
5586752,55.21224844,
5586783,55.21224844,
5586815,55.21224844,
5586846,55.21680203,
5586878,55.21224844,
5586909,55.20997164,
5586941,55.20997164,
5586972,55.21452523,
5587004,55.21452523,
5587035,55.21224844,
5587252,55.21680203,
5587383,55.21452523,
5587415,55.20997164,
5587447,55.21224844,
5587478,55.20997164,
5587509,55.21224844,
5587541,55.21224844,
5587573,55.21224844,
5587604,55.21224844,
5587635,55.21224844,
5587667,55.21452523,
5587698,55.21452523,
5587730,55.21224844,
5587761,55.21680203,
5587792,55.21452523,
5587824,55.21680203,
5587855,55.21680203,
5587887,55.20997164,
5587918,55.21452523,
5587950,55.21452523,
5588074,55.21224844,
5588205,55.21452523,
5588238,55.21452523,
5588269,55.21224844,
5588300,55.21224844,
5588332,55.21224844,
5588363,55.21452523,
5588395,55.21452523,
5588426,55.21680203,
5588457,55.20997164,
5588489,55.21452523,
5588520,55.21680203,
5588552,55.21224844,
5588583,55.21224844,
5588614,55.21452523,
5588646,55.21224844,
5588677,55.21224844,
5588709,55.21224844,
5588740,55.21224844,
5588771,55.21452523,
5588887,55.21452523,
5589018,55.21224844,
5589050,55.21224844,
5589082,55.21452523,
5589113,55.21680203,
5589144,55.21224844,
5589176,55.21452523,
5589207,55.21224844,
5589239,55.21452523,
5589270,55.21224844,
5589302,55.21452523,
5589333,55.21452523,
5589364,55.21452523,
5589396,55.21452523,
5589427,55.21452523,
5589459,55.21452523,
5589490,55.21452523,
5589521,55.21452523,
5589552,55.21452523,
5589584,55.21224844,
5589716,55.21452523,
5589847,55.20997164,
5589880,55.21224844,
5589912,55.21452523,
5589943,55.21224844,
5589975,55.21224844,
5590006,55.21452523,
5590037,55.21224844,
5590068,55.21452523,
5590100,55.21224844,
5590131,55.21452523,
5590163,55.21224844,
5590194,55.21224844,
5590226,55.21224844,
5590257,55.21224844,
5590289,55.21452523,
5590320,55.21452523,
5590351,55.21452523,
5590383,55.21224844,
5590414,55.21452523,
5590526,55.21680203,
5590657,55.21224844,
5590689,55.21452523,
5590721,55.21452523,
5590752,55.21680203,
5590783,55.21680203,
5590815,55.21452523,
5590847,55.21224844,
5590878,55.21224844,
5590910,55.21680203,
5590941,55.21452523,
5590972,55.21452523,
5591004,55.21680203,
5591035,55.21452523,
5591066,55.21452523,
5591098,55.21452523,
5591129,55.21452523,
5591161,55.21452523,
5591192,55.21452523,
5591224,55.21224844,
5591353,55.21452523,
5591484,55.21452523,
5591516,55.21680203,
5591548,55.21224844,
5591579,55.21452523,
5591611,55.21680203,
5591642,55.21680203,
5591674,55.21680203,
5591705,55.21224844,
5591736,55.21680203,
5591768,55.21680203,
5591799,55.21452523,
5591831,55.21452523,
5591862,55.21452523,
5591893,55.21680203,
5591925,55.21224844,
5591956,55.21452523,
5591988,55.21680203,
5592019,55.21452523,
5592051,55.21452523,
5592166,55.21680203,
5592297,55.21452523,
5592329,55.21680203,
5592361,55.21452523,
5592392,55.21680203,
5592423,55.21452523,
5592455,55.21680203,
5592486,55.20997164,
5592517,55.21680203,
5592549,55.21680203,
5592580,55.21680203,
5592612,55.21452523,
5592643,55.21452523,
5592675,55.21680203,
5592706,55.21452523,
5592738,55.21680203,
5592769,55.21452523,
5592800,55.21452523,
5592831,55.21452523,
5592863,55.21452523,
5592988,55.21680203,
5593119,55.21452523,
5593152,55.21452523,
5593184,55.21452523,
5593215,55.21680203,
5593246,55.21452523,
5593278,55.21452523,
5593309,55.21452523,
5593340,55.21224844,
5593372,55.21452523,
5593403,55.21680203,
5593434,55.20997164,
5593466,55.21452523,
5593497,55.21680203,
5593529,55.21452523,
5593560,55.21452523,
5593592,55.21680203,
5593623,55.21680203,
5593654,55.21680203,
5593686,55.20997164,
5593804,55.21680203,
5593935,55.21680203,
5593967,55.21452523,
5593999,55.21452523,
5594030,55.21452523,
5594061,55.21680203,
5594093,55.21452523,
5594125,55.21452523,
5594156,55.21680203,
5594188,55.21680203,
5594219,55.21680203,
5594250,55.21452523,
5594282,55.21452523,
5594313,55.21680203,
5594344,55.21680203,
5594376,55.21452523,
5594407,55.21224844,
5594439,55.21680203,
5594470,55.21680203,
5594502,55.21452523,
5594620,55.21680203,
5594751,55.21452523,
5594783,55.21680203,
5594814,55.21452523,
5594845,55.21680203,
5594877,55.21452523,
5594909,55.21224844,
5594940,55.21680203,
5594971,55.21680203,
5595003,55.21680203,
5595034,55.21680203,
5595065,55.21224844,
5595097,55.21680203,
5595128,55.21680203,
5595160,55.21224844,
5595191,55.21680203,
5595222,55.21452523,
5595254,55.21907882,
5595285,55.21224844,
5595317,55.21680203,
5595439,55.21452523,
5595570,55.21907882,
5595603,55.21907882,
5595634,55.21680203,
5595666,55.21680203,
5595697,55.21680203,
5595729,55.21452523,
5595760,55.21452523,
5595791,55.22135561,
5595823,55.21680203,
5595854,55.21452523,
5595886,55.21680203,
5595917,55.21452523,
5595949,55.21452523,
5595980,55.21680203,
5596012,55.21907882,
5596043,55.21680203,
5596074,55.21680203,
5596105,55.21680203,
5596137,55.21452523,
5596363,55.21680203,
5596494,55.21452523,
5596527,55.21680203,
5596558,55.21680203,
5596589,55.21680203,
5596620,55.21907882,
5596652,55.21907882,
5596684,55.21680203,
5596715,55.21452523,
5596747,55.21907882,
5596778,55.21907882,
5596809,55.21907882,
5596841,55.21680203,
5596872,55.21907882,
5596903,55.21680203,
5596935,55.21452523,
5596967,55.21680203,
5596998,55.21907882,
5597029,55.21680203,
5597061,55.21907882,
5597190,55.21907882,
5597320,55.22135561,
5597352,55.21680203,
5597384,55.21680203,
5597415,55.21452523,
5597447,55.21680203,
5597478,55.21680203,
5597509,55.21680203,
5597540,55.21452523,
5597572,55.21680203,
5597603,55.21680203,
5597635,55.21452523,
5597666,55.21680203,
5597698,55.21907882,
5597729,55.21680203,
5597761,55.21907882,
5597792,55.21907882,
5597823,55.21680203,
5597855,55.21680203,
5597886,55.21680203,
5598210,55.21680203,
5598342,55.21680203,
5598374,55.21680203,
5598405,55.21680203,
5598437,55.21680203,
5598468,55.21680203,
5598500,55.21680203,
5598531,55.21907882,
5598562,55.21452523,
5598594,55.21680203,
5598625,55.21907882,
5598657,55.21680203,
5598688,55.22135561,
5598719,55.21907882,
5598751,55.21452523,
5598783,55.21907882,
5598814,55.21452523,
5598845,55.21680203,
5598876,55.21680203,
5598908,55.21680203,
5599024,55.21680203,
5599155,55.21680203,
5599188,55.21907882,
5599219,55.21907882,
5599250,55.21907882,
5599281,55.21680203,
5599313,55.21907882,
5599345,55.21680203,
5599376,55.21680203,
5599407,55.21907882,
5599439,55.21680203,
5599470,55.21452523,
5599502,55.21680203,
5599533,55.21907882,
5599564,55.21680203,
5599596,55.21680203,
5599627,55.21680203,
5599659,55.21680203,
5599690,55.21907882,
5599721,55.21452523,
5599849,55.21680203,
5599980,55.21452523,
5600012,55.21907882,
5600044,55.21907882,
5600075,55.21907882,
5600106,55.21907882,
5600138,55.21907882,
5600169,55.21907882,
5600200,55.21907882,
5600232,55.21907882,
5600264,55.21907882,
5600295,55.22135561,
5600326,55.21680203,
5600358,55.21907882,
5600389,55.22135561,
5600421,55.21907882,
5600452,55.21680203,
5600483,55.21907882,
5600515,55.21907882,
5600546,55.21907882,
5600669,55.21907882,
5600800,55.21680203,
5600832,55.22135561,
5600864,55.21907882,
5600895,55.21680203,
5600926,55.21680203,
5600958,55.21680203,
5600989,55.21907882,
5601021,55.21907882,
5601052,55.22363241,
5601084,55.21907882,
5601115,55.21907882,
5601147,55.22135561,
5601178,55.21907882,
5601209,55.22135561,
5601241,55.21907882,
5601272,55.22135561,
5601303,55.21907882,
5601335,55.21680203,
5601366,55.21680203,
5601490,55.21907882,
5601620,55.22135561,
5601652,55.21907882,
5601684,55.21680203,
5601715,55.22135561,
5601747,55.21907882,
5601778,55.21907882,
5601809,55.21907882,
5601840,55.22135561,
5601872,55.21907882,
5601904,55.21907882,
5601935,55.22135561,
5601967,55.21907882,
5601998,55.21907882,
5602029,55.21907882,
5602061,55.21907882,
5602092,55.22135561,
5602123,55.21907882,
5602155,55.22135561,
5602186,55.21907882,
5602301,55.21680203,
5602433,55.21907882,
5602465,55.22363241,
5602497,55.21680203,
5602528,55.22135561,
5602559,55.22135561,
5602591,55.22135561,
5602622,55.21907882,
5602653,55.21907882,
5602685,55.21680203,
5602716,55.22135561,
5602748,55.22363241,
5602779,55.21907882,
5602811,55.21907882,
5602842,55.21907882,
5602874,55.22135561,
5602905,55.22135561,
5602936,55.22135561,
5602968,55.22135561,
5602999,55.22135561,
5603121,55.22135561,
5603253,55.22135561,
5603285,55.21907882,
5603317,55.22135561,
5603348,55.21907882,
5603379,55.22135561,
5603411,55.21907882,
5603442,55.21907882,
5603473,55.21907882,
5603505,55.22135561,
5603537,55.22135561,
5603568,55.22135561,
5603599,55.22135561,
5603631,55.22135561,
5603662,55.22135561,
5603694,55.22135561,
5603725,55.21907882,
5603756,55.22363241,
5603788,55.21907882,
5603819,55.22135561,
5603940,55.22135561,
5604071,55.21907882,
5604103,55.21907882,
5604135,55.22135561,
5604166,55.22135561,
5604197,55.22135561,
5604229,55.22135561,
5604261,55.22363241,
5604292,55.22135561,
5604323,55.22135561,
5604355,55.22135561,
5604386,55.22135561,
5604418,55.22135561,
5604449,55.22135561,
5604480,55.22135561,
5604512,55.22135561,
5604543,55.22135561,
5604575,55.22363241,
5604606,55.22135561,
5604638,55.22363241,
5604763,55.21907882,
5604894,55.22363241,
5604926,55.22135561,
5604957,55.22363241,
5604988,55.21907882,
5605020,55.22135561,
5605051,55.22363241,
5605083,55.21907882,
5605114,55.21907882,
5605146,55.22135561,
5605177,55.22135561,
5605208,55.22135561,
5605240,55.21907882,
5605271,55.22363241,
5605303,55.21907882,
5605334,55.21907882,
5605366,55.22135561,
5605397,55.22135561,
5605428,55.22135561,
5605460,55.21907882,
5605598,55.21907882,
5605730,55.21907882,
5605762,55.22363241,
5605794,55.22135561,
5605825,55.22135561,
5605857,55.21907882,
5605888,55.22135561,
5605920,55.21907882,
5605951,55.22363241,
5605983,55.22135561,
5606014,55.21907882,
5606045,55.21907882,
5606077,55.21907882,
5606108,55.22135561,
5606139,55.21907882,
5606171,55.22135561,
5606202,55.22135561,
5606233,55.22363241,
5606265,55.21907882,
5606297,55.22135561,
5606406,55.22135561,
5606537,55.22135561,
5606570,55.22135561,
5606601,55.22135561,
5606632,55.22363241,
5606664,55.22363241,
5606696,55.22363241,
5606727,55.22363241,
5606758,55.21907882,
5606790,55.22363241,
5606821,55.22135561,
5606852,55.22135561,
5606884,55.22363241,
5606915,55.22135561,
5606947,55.2259092,
5606978,55.22135561,
5607010,55.22363241,
5607041,55.22135561,
5607073,55.22135561,
5607104,55.22135561,
5607219,55.22363241,
5607351,55.22363241,
5607383,55.22363241,
5607415,55.22135561,
5607446,55.22135561,
5607477,55.22135561,
5607509,55.22363241,
5607540,55.22135561,
5607571,55.22363241,
5607603,55.22135561,
5607634,55.22135561,
5607666,55.22135561,
5607697,55.22363241,
5607729,55.22363241,
5607760,55.22363241,
5607792,55.2259092,
5607823,55.22363241,
5607854,55.22363241,
5607885,55.21907882,
5607917,55.22135561,
5608044,55.21907882,
5608175,55.22363241,
5608207,55.22363241,
5608239,55.22135561,
5608270,55.22135561,
5608302,55.22135561,
5608333,55.22135561,
5608365,55.22135561,
5608396,55.22363241,
5608428,55.22135561,
5608459,55.22135561,
5608490,55.22363241,
5608522,55.22363241,
5608553,55.22135561,
5608584,55.22363241,
5608616,55.22363241,
5608648,55.22135561,
5608679,55.22135561,
5608710,55.22363241,
5608742,55.22363241,
5608854,55.21907882,
5608985,55.22363241,
5609017,55.22135561,
5609048,55.22135561,
5609080,55.21907882,
5609111,55.22363241,
5609143,55.22363241,
5609174,55.22363241,
5609205,55.21907882,
5609237,55.22363241,
5609268,55.22135561,
5609299,55.22363241,
5609331,55.21907882,
5609362,55.22363241,
5609394,55.22363241,
5609425,55.22363241,
5609456,55.22135561,
5609488,55.22135561,
5609519,55.22135561,
5609551,55.22363241,
5609676,55.22135561,
5609807,55.22363241,
5609839,55.22135561,
5609871,55.22363241,
5609902,55.22363241,
5609933,55.22363241,
5609965,55.22363241,
5609996,55.22135561,
5610028,55.22135561,
5610059,55.22363241,
5610091,55.22363241,
5610122,55.22363241,
5610154,55.22363241,
5610185,55.22135561,
5610216,55.22363241,
5610248,55.22363241,
5610279,55.2259092,
5610310,55.22135561,
5610342,55.22363241,
5610373,55.22363241,
5610498,55.22363241,
5610629,55.22363241,
5610662,55.2259092,
5610693,55.22363241,
5610724,55.2259092,
5610756,55.22135561,
5610787,55.22363241,
5610819,55.22135561,
5610850,55.22363241,
5610882,55.2259092,
5610913,55.21907882,
5610944,55.22818599,
5610976,55.22363241,
5611007,55.2259092,
5611039,55.22135561,
5611070,55.2259092,
5611102,55.22363241,
5611133,55.22363241,
5611164,55.2259092,
5611196,55.22363241,
5611313,55.22135561,
5611444,55.22363241,
5611476,55.22135561,
5611508,55.22135561,
5611539,55.22363241,
5611570,55.2259092,
5611602,55.22135561,
5611633,55.22363241,
5611664,55.2259092,
5611696,55.2259092,
5611727,55.21907882,
5611759,55.22363241,
5611790,55.2259092,
5611822,55.22363241,
5611853,55.2259092,
5611885,55.22363241,
5611916,55.22135561,
5611947,55.2259092,
5611978,55.22135561,
5612010,55.2259092,
5612136,55.22135561,
5612267,55.22363241,
5612299,55.22363241,
5612330,55.22363241,
5612362,55.22135561,
5612393,55.22363241,
5612424,55.22363241,
5612456,55.2259092,
5612487,55.22363241,
5612519,55.2259092,
5612550,55.22363241,
5612581,55.2259092,
5612613,55.2259092,
5612644,55.2259092,
5612676,55.22363241,
5612707,55.22135561,
5612739,55.2259092,
5612770,55.2259092,
5612801,55.2259092,
5612833,55.2259092,
5612951,55.22363241,
5613082,55.2259092,
5613115,55.2259092,
5613146,55.22135561,
5613177,55.22363241,
5613209,55.2259092,
5613241,55.22818599,
5613272,55.22363241,
5613303,55.2259092,
5613335,55.2259092,
5613366,55.2259092,
5613397,55.2259092,
5613429,55.22363241,
5613460,55.22363241,
5613492,55.2259092,
5613523,55.22363241,
5613555,55.2259092,
5613586,55.2259092,
5613617,55.2259092,
5613649,55.22363241,
5613790,55.22818599,
5613920,55.22363241,
5613952,55.22363241,
5613984,55.22135561,
5614015,55.22135561,
5614047,55.2259092,
5614078,55.2259092,
5614109,55.22135561,
5614141,55.2259092,
5614173,55.22363241,
5614204,55.22363241,
5614235,55.2259092,
5614267,55.2259092,
5614298,55.22363241,
5614329,55.2259092,
5614361,55.2259092,
5614392,55.2259092,
5614423,55.22818599,
5614455,55.22363241,
5614487,55.2259092,
5614599,55.22363241,
5614730,55.22363241,
5614762,55.22363241,
5614794,55.22363241,
5614825,55.22363241,
5614857,55.22363241,
5614888,55.22363241,
5614919,55.22363241,
5614951,55.2259092,
5614982,55.22363241,
5615014,55.22818599,
5615045,55.22363241,
5615077,55.22363241,
5615108,55.2259092,
5615139,55.22818599,
5615171,55.22363241,
5615202,55.2259092,
5615233,55.2259092,
5615265,55.22363241,
5615296,55.22363241,
5615407,55.2259092,
5615538,55.22363241,
5615570,55.22818599,
5615602,55.22363241,
5615633,55.2259092,
5615664,55.22363241,
5615696,55.2259092,
5615727,55.22135561,
5615758,55.22363241,
5615790,55.22363241,
5615821,55.2259092,
5615853,55.22818599,
5615885,55.22363241,
5615916,55.2259092,
5615947,55.2259092,
5615978,55.22363241,
5616010,55.2259092,
5616041,55.22818599,
5616073,55.2259092,
5616104,55.22818599,
5616226,55.2259092,
5616358,55.2259092,
5616389,55.22818599,
5616421,55.2259092,
5616452,55.22363241,
5616484,55.2259092,
5616515,55.2259092,
5616547,55.22818599,
5616578,55.22818599,
5616609,55.2259092,
5616641,55.22363241,
5616672,55.2259092,
5616704,55.2259092,
5616735,55.2259092,
5616766,55.22818599,
5616798,55.22818599,
5616829,55.2259092,
5616861,55.2259092,
5616892,55.22363241,
5616924,55.2259092,
5617059,55.22363241,
5617191,55.22818599,
5617223,55.2259092,
5617254,55.22363241,
5617286,55.22818599,
5617317,55.22363241,
5617349,55.22818599,
5617380,55.2259092,
5617411,55.2259092,
5617443,55.2259092,
5617474,55.2259092,
5617506,55.2259092,
5617537,55.22818599,
5617569,55.22818599,
5617600,55.2259092,
5617632,55.2259092,
5617663,55.22818599,
5617694,55.22818599,
5617726,55.2259092,
5617757,55.2259092,
5617875,55.2259092,
5618005,55.22363241,
5618037,55.22818599,
5618069,55.22818599,
5618100,55.2259092,
5618132,55.2259092,
5618163,55.22818599,
5618194,55.2259092,
5618225,55.22818599,
5618257,55.22818599,
5618289,55.22363241,
5618320,55.2259092,
5618352,55.22818599,
5618383,55.22363241,
5618414,55.22363241,
5618446,55.22818599,
5618477,55.23046279,
5618508,55.22818599,
5618540,55.2259092,
5618571,55.22818599,
5618691,55.2259092,
5618823,55.2259092,
5618855,55.2259092,
5618886,55.2259092,
5618917,55.2259092,
5618949,55.22818599,
5618980,55.22818599,
5619012,55.2259092,
5619043,55.2259092,
5619074,55.22818599,
5619106,55.22818599,
5619137,55.22818599,
5619169,55.22363241,
5619200,55.23046279,
5619231,55.22818599,
5619263,55.22818599,
5619294,55.22818599,
5619325,55.2259092,
5619357,55.2259092,
5619388,55.23046279,
5619517,55.22818599,
5619647,55.22818599,
5619679,55.2259092,
5619711,55.2259092,
5619742,55.23046279,
5619774,55.22818599,
5619805,55.2259092,
5619837,55.22818599,
5619868,55.22818599,
5619900,55.2259092,
5619931,55.2259092,
5619962,55.2259092,
5619994,55.22363241,
5620025,55.22818599,
5620057,55.22818599,
5620088,55.23046279,
5620120,55.22818599,
5620151,55.2259092,
5620183,55.2259092,
5620214,55.2259092,
5620328,55.22818599,
5620459,55.22818599,
5620491,55.2259092,
5620523,55.23273958,
5620554,55.2259092,
5620585,55.22818599,
5620617,55.22818599,
5620649,55.22818599,
5620680,55.22818599,
5620711,55.23046279,
5620743,55.22818599,
5620774,55.23046279,
5620806,55.2259092,
5620837,55.2259092,
5620868,55.22818599,
5620900,55.22363241,
5620932,55.22818599,
5620963,55.22818599,
5620994,55.23046279,
5621026,55.23046279,
5621149,55.22818599,
5621280,55.22135561,
5621313,55.22818599,
5621344,55.22818599,
5621375,55.22818599,
5621406,55.22818599,
5621438,55.2259092,
5621470,55.22818599,
5621501,55.2259092,
5621533,55.23046279,
5621564,55.23046279,
5621595,55.22818599,
5621627,55.22818599,
5621658,55.22818599,
5621689,55.22818599,
5621721,55.22818599,
5621753,55.23046279,
5621784,55.22818599,
5621815,55.22818599,
5621847,55.23046279,
5621970,55.2259092,
5622101,55.22818599,
5622133,55.22818599,
5622164,55.22818599,
5622196,55.23046279,
5622227,55.22818599,
5622259,55.23046279,
5622290,55.22818599,
5622321,55.23046279,
5622353,55.22818599,
5622384,55.22818599,
5622415,55.22818599,
5622447,55.22818599,
5622479,55.22818599,
5622510,55.22818599,
5622541,55.23046279,
5622573,55.23046279,
5622604,55.22818599,
5622635,55.22818599,
5622667,55.23046279,
5622785,55.23046279,
5622917,55.22818599,
5622949,55.22818599,
5622980,55.2259092,
5623012,55.22818599,
5623043,55.2259092,
5623075,55.2259092,
5623106,55.22818599,
5623137,55.22818599,
5623169,55.23046279,
5623200,55.2259092,
5623231,55.22818599,
5623263,55.23046279,
5623294,55.22818599,
5623326,55.22818599,
5623357,55.22818599,
5623389,55.22818599,
5623420,55.22818599,
5623451,55.22818599,
5623483,55.23046279,
5623599,55.22818599,
5623730,55.22818599,
5623762,55.2259092,
5623794,55.23273958,
5623826,55.22818599,
5623857,55.23046279,
5623889,55.23046279,
5623920,55.23273958,
5623951,55.23046279,
5623983,55.22818599,
5624014,55.23046279,
5624046,55.2259092,
5624077,55.22818599,
5624108,55.23046279,
5624140,55.23046279,
5624171,55.22818599,
5624203,55.23046279,
5624234,55.23046279,
5624265,55.2259092,
5624297,55.22818599,
5624436,55.23046279,
5624566,55.23046279,
5624598,55.23046279,
5624630,55.23046279,
5624661,55.23273958,
5624693,55.23046279,
5624724,55.23046279,
5624755,55.23273958,
5624787,55.23046279,
5624818,55.22818599,
5624850,55.22818599,
5624881,55.2259092,
5624913,55.22818599,
5624944,55.23046279,
5624975,55.22818599,
5625007,55.23046279,
5625038,55.23046279,
5625069,55.23273958,
5625101,55.23046279,
5625133,55.23046279,
5625241,55.22818599,
5625372,55.22818599,
5625404,55.23273958,
5625436,55.23273958,
5625467,55.23046279,
5625498,55.23273958,
5625530,55.2259092,
5625561,55.22818599,
5625592,55.23046279,
5625624,55.23046279,
5625656,55.2259092,
5625687,55.23273958,
5625719,55.22818599,
5625750,55.22818599,
5625781,55.22818599,
5625813,55.22818599,
5625844,55.23046279,
5625876,55.23046279,
5625907,55.2259092,
5625939,55.23046279,
5626069,55.23046279,
5626200,55.23273958,
5626233,55.23273958,
5626264,55.22818599,
5626296,55.23046279,
5626327,55.23273958,
5626359,55.23046279,
5626390,55.23046279,
5626421,55.22818599,
5626453,55.22818599,
5626484,55.23046279,
5626516,55.22818599,
5626547,55.23046279,
5626579,55.22818599,
5626610,55.23046279,
5626642,55.23273958,
5626673,55.23046279,
5626704,55.22818599,
5626736,55.23273958,
5626767,55.23046279,
5626900,55.23046279,
5627030,55.23046279,
5627063,55.23046279,
5627094,55.23046279,
5627125,55.23273958,
5627157,55.23046279,
5627188,55.23046279,
5627220,55.2259092,
5627251,55.23046279,
5627283,55.22818599,
5627314,55.23273958,
5627345,55.23046279,
5627377,55.23273958,
5627408,55.23046279,
5627440,55.23046279,
5627471,55.23046279,
5627503,55.23046279,
5627534,55.23046279,
5627566,55.23273958,
5627597,55.23046279,
5627701,55.22818599,
5627833,55.23046279,
5627865,55.22818599,
5627897,55.23273958,
5627928,55.22818599,
5627959,55.23046279,
5627991,55.23273958,
5628022,55.23273958,
5628054,55.23273958,
5628085,55.23273958,
5628117,55.23046279,
5628148,55.23273958,
5628180,55.22818599,
5628211,55.22818599,
5628242,55.23046279,
5628274,55.2259092,
5628305,55.23046279,
5628336,55.22818599,
5628368,55.23273958,
5628399,55.23273958,
5628521,55.23273958,
5628653,55.23273958,
5628685,55.22818599,
5628716,55.23046279,
5628747,55.23046279,
5628779,55.23046279,
5628810,55.23046279,
5628842,55.23046279,
5628873,55.23046279,
5628905,55.23046279,
5628936,55.22818599,
5628967,55.23046279,
5628999,55.23046279,
5629030,55.23046279,
5629061,55.23273958,
5629093,55.23046279,
5629125,55.23046279,
5629156,55.23273958,
5629187,55.23046279,
5629219,55.23046279,
5629334,55.23273958,
5629466,55.23273958,
5629498,55.23501638,
5629529,55.23273958,
5629561,55.23046279,
5629592,55.23273958,
5629624,55.22818599,
5629655,55.23046279,
5629686,55.23046279,
5629718,55.23046279,
5629749,55.22818599,
5629781,55.23273958,
5629812,55.23046279,
5629844,55.23046279,
5629875,55.23273958,
5629906,55.23501638,
5629938,55.23046279,
5629969,55.23046279,
5630000,55.22818599,
5630032,55.23046279,
5630157,55.23501638,
5630288,55.23046279,
5630320,55.23046279,
5630351,55.23046279,
5630382,55.23273958,
5630414,55.23273958,
5630445,55.23046279,
5630477,55.23046279,
5630508,55.23273958,
5630540,55.23046279,
5630571,55.23046279,
5630602,55.23046279,
5630634,55.23046279,
5630665,55.23046279,
5630696,55.22818599,
5630728,55.22818599,
5630760,55.23046279,
5630791,55.23046279,
5630822,55.23273958,
5630854,55.23046279,
5630981,55.23273958,
5631112,55.23273958,
5631144,55.22818599,
5631176,55.23273958,
5631207,55.23046279,
5631239,55.23501638,
5631270,55.23046279,
5631302,55.23273958,
5631333,55.23273958,
5631365,55.23046279,
5631396,55.23273958,
5631427,55.22818599,
5631459,55.23273958,
5631490,55.23273958,
5631521,55.23273958,
5631553,55.23046279,
5631584,55.23046279,
5631616,55.23046279,
5631647,55.2259092,
5631678,55.23046279,
5631799,55.23501638,
5631930,55.23501638,
5631963,55.23501638,
5631994,55.23501638,
5632025,55.23046279,
5632056,55.22818599,
5632088,55.22818599,
5632120,55.23046279,
5632151,55.23046279,
5632182,55.23273958,
5632214,55.23046279,
5632245,55.23046279,
5632277,55.23273958,
5632308,55.23046279,
5632339,55.23273958,
5632371,55.22818599,
5632402,55.23273958,
5632434,55.23273958,
5632465,55.23273958,
5632497,55.23501638,
5632623,55.23501638,
5632754,55.23273958,
5632786,55.23273958,
5632818,55.23046279,
5632849,55.23273958,
5632881,55.23046279,
5632912,55.23046279,
5632943,55.23273958,
5632975,55.23046279,
5633006,55.23273958,
5633038,55.23046279,
5633069,55.23046279,
5633101,55.23046279,
5633132,55.23273958,
5633163,55.23273958,
5633195,55.23273958,
5633226,55.23273958,
5633257,55.23046279,
5633289,55.23046279,
5633320,55.23273958,
5633437,55.23273958,
5633568,55.23273958,
5633601,55.23273958,
5633632,55.23273958,
5633663,55.23273958,
5633694,55.23046279,
5633726,55.23273958,
5633758,55.23273958,
5633789,55.23273958,
5633820,55.23273958,
5633852,55.23046279,
5633883,55.23273958,
5633915,55.23273958,
5633946,55.23046279,
5633977,55.23273958,
5634009,55.23273958,
5634041,55.23046279,
5634072,55.23046279,
5634103,55.23273958,
5634135,55.23273958,
5634264,55.23046279,
5634395,55.23273958,
5634427,55.23501638,
5634459,55.23046279,
5634490,55.23501638,
5634522,55.23273958,
5634553,55.23273958,
5634584,55.23273958,
5634616,55.23273958,
5634647,55.23046279,
5634679,55.23046279,
5634710,55.23273958,
5634742,55.23273958,
5634773,55.23046279,
5634804,55.23046279,
5634836,55.23273958,
5634867,55.23273958,
5634899,55.23501638,
5634930,55.23501638,
5634962,55.23046279,
5635075,55.23273958,
5635205,55.23501638,
5635238,55.23273958,
5635269,55.23501638,
5635300,55.23273958,
5635331,55.23273958,
5635363,55.23501638,
5635395,55.23501638,
5635426,55.23501638,
5635458,55.23501638,
5635489,55.23501638,
5635520,55.23501638,
5635552,55.23273958,
5635583,55.23273958,
5635614,55.23273958,
5635646,55.23273958,
5635678,55.23273958,
5635709,55.23729317,
5635740,55.23046279,
5635772,55.23501638,
5635893,55.23273958,
5636025,55.23501638,
5636057,55.23273958,
5636088,55.23273958,
5636119,55.23046279,
5636150,55.23273958,
5636182,55.23273958,
5636213,55.23273958,
5636245,55.23273958,
5636276,55.23501638,
5636308,55.23273958,
5636339,55.23273958,
5636371,55.23273958,
5636402,55.23273958,
5636434,55.23273958,
5636465,55.23273958,
5636497,55.23273958,
5636528,55.23046279,
5636559,55.23273958,
5636591,55.23273958,
5636708,55.23501638,
5636839,55.23273958,
5636870,55.23501638,
5636902,55.23273958,
5636934,55.23501638,
5636965,55.23273958,
5636996,55.23501638,
5637028,55.23729317,
5637059,55.23501638,
5637091,55.23273958,
5637122,55.23046279,
5637153,55.23501638,
5637185,55.23273958,
5637216,55.23729317,
5637248,55.23273958,
5637279,55.23046279,
5637311,55.23273958,
5637342,55.23273958,
5637373,55.23273958,
5637405,55.23273958,
5637543,55.23729317,
5637674,55.23273958,
5637706,55.23273958,
5637738,55.23501638,
5637769,55.23046279,
5637801,55.23273958,
5637832,55.23273958,
5637863,55.23273958,
5637895,55.23273958,
5637926,55.23273958,
5637958,55.23501638,
5637989,55.23501638,
5638021,55.23273958,
5638052,55.23273958,
5638083,55.23501638,
5638115,55.23273958,
5638146,55.23501638,
5638177,55.23729317,
5638209,55.23273958,
5638241,55.23046279,
5638349,55.23273958,
5638480,55.23273958,
5638512,55.23501638,
5638544,55.23501638,
5638575,55.23273958,
5638606,55.23501638,
5638638,55.23273958,
5638670,55.23273958,
5638701,55.23273958,
5638732,55.23501638,
5638764,55.23273958,
5638795,55.23501638,
5638827,55.23729317,
5638858,55.23729317,
5638889,55.23273958,
5638921,55.23501638,
5638953,55.23273958,
5638984,55.23273958,
5639015,55.23501638,
5639047,55.23501638,
5639172,55.23501638,
5639303,55.23501638,
5639336,55.23501638,
5639367,55.23501638,
5639398,55.23273958,
5639429,55.23501638,
5639461,55.23501638,
5639493,55.23273958,
5639524,55.23501638,
5639556,55.23729317,
5639587,55.23501638,
5639618,55.23273958,
5639650,55.23501638,
5639681,55.23501638,
5639712,55.23501638,
5639744,55.23273958,
5639775,55.23729317,
5639807,55.23501638,
5639838,55.23501638,
5639870,55.23273958,
5640006,55.23273958,
5640138,55.23956996,
5640170,55.23729317,
5640202,55.23501638,
5640233,55.23501638,
5640265,55.23273958,
5640296,55.23501638,
5640327,55.23501638,
5640359,55.23501638,
5640390,55.23729317,
5640422,55.23046279,
5640453,55.23501638,
5640485,55.23273958,
5640516,55.23501638,
5640547,55.23501638,
5640579,55.23729317,
5640610,55.23729317,
5640641,55.23273958,
5640673,55.23729317,
5640704,55.23273958,
5640806,55.23956996,
5640937,55.23501638,
5640970,55.23273958,
5641001,55.23501638,
5641032,55.23501638,
5641063,55.23501638,
5641095,55.23729317,
5641126,55.23501638,
5641158,55.23501638,
5641189,55.23501638,
5641221,55.23501638,
5641252,55.23729317,
5641284,55.23729317,
5641315,55.23501638,
5641346,55.23501638,
5641377,55.23956996,
5641409,55.23729317,
5641441,55.23729317,
5641472,55.23729317,
5641503,55.23501638,
5641624,55.23501638,
5641755,55.23501638,
5641788,55.23273958,
5641819,55.23273958,
5641850,55.23501638,
5641882,55.23729317,
5641913,55.23501638,
5641945,55.23729317,
5641976,55.23501638,
5642008,55.23729317,
5642039,55.23501638,
5642070,55.23729317,
5642102,55.23729317,
5642133,55.23501638,
5642165,55.23501638,
5642196,55.23729317,
5642228,55.23501638,
5642259,55.23729317,
5642290,55.23729317,
5642322,55.23729317,
5642445,55.23729317,
5642577,55.23729317,
5642609,55.23729317,
5642640,55.23501638,
5642671,55.23501638,
5642703,55.23501638,
5642734,55.23501638,
5642766,55.23501638,
5642797,55.23501638,
5642829,55.23729317,
5642860,55.23501638,
5642891,55.23729317,
5642923,55.23501638,
5642955,55.23729317,
5642986,55.23501638,
5643017,55.23956996,
5643049,55.23729317,
5643080,55.23729317,
5643111,55.23273958,
5643143,55.23501638,
5643470,55.24184676,
5643601,55.23729317,
5643633,55.23501638,
5643665,55.23501638,
5643696,55.23501638,
5643727,55.23501638,
5643759,55.23956996,
5643791,55.23729317,
5643822,55.23729317,
5643854,55.23729317,
5643885,55.23729317,
5643916,55.23729317,
5643948,55.23273958,
5643979,55.23729317,
5644011,55.23729317,
5644042,55.23956996,
5644074,55.23501638,
5644105,55.23501638,
5644136,55.23729317,
5644168,55.23729317,
5644288,55.23729317,
5644419,55.23729317,
5644452,55.23729317,
5644483,55.23729317,
5644514,55.23729317,
5644546,55.23956996,
5644577,55.23956996,
5644609,55.23729317,
5644640,55.23501638,
5644672,55.23501638,
5644703,55.23729317,
5644734,55.23729317,
5644766,55.23729317,
5644797,55.23501638,
5644828,55.23729317,
5644860,55.23729317,
5644892,55.23729317,
5644923,55.23729317,
5644954,55.23729317,
5644986,55.23729317,
5645114,55.23729317,
5645245,55.23729317,
5645277,55.23729317,
5645309,55.23501638,
5645340,55.23956996,
5645372,55.23729317,
5645403,55.23729317,
5645434,55.23501638,
5645465,55.23729317,
5645497,55.23729317,
5645528,55.23729317,
5645560,55.23729317,
5645591,55.23729317,
5645623,55.23729317,
5645654,55.23729317,
5645686,55.23501638,
5645717,55.23501638,
5645748,55.23729317,
5645780,55.23501638,
5645811,55.23501638,
5645925,55.23729317,
5646057,55.23729317,
5646089,55.24184676,
5646121,55.23729317,
5646152,55.23729317,
5646183,55.23729317,
5646215,55.24184676,
5646246,55.23729317,
5646277,55.23729317,
5646309,55.23956996,
5646341,55.23729317,
5646372,55.23729317,
5646403,55.23729317,
5646435,55.23729317,
5646466,55.23729317,
5646498,55.23729317,
5646529,55.23729317,
5646560,55.23501638,
5646591,55.23729317,
5646623,55.23729317,
5646758,55.23729317,
5646889,55.23729317,
5646921,55.23729317,
5646953,55.23729317,
5646984,55.23956996,
5647016,55.23956996,
5647047,55.23956996,
5647079,55.23956996,
5647110,55.24184676,
5647142,55.23956996,
5647173,55.23956996,
5647204,55.23729317,
5647236,55.23956996,
5647267,55.23956996,
5647298,55.23501638,
5647330,55.23729317,
5647361,55.23729317,
5647393,55.23956996,
5647424,55.23501638,
5647456,55.23729317,
5647573,55.23729317,
5647705,55.23729317,
5647737,55.23729317,
5647768,55.23956996,
5647800,55.23729317,
5647831,55.23501638,
5647863,55.23956996,
5647894,55.23729317,
5647925,55.23956996,
5647957,55.23956996,
5647988,55.23729317,
5648019,55.23729317,
5648051,55.23729317,
5648082,55.23729317,
5648113,55.23956996,
5648145,55.23501638,
5648176,55.23729317,
5648208,55.23729317,
5648239,55.23729317,
5648271,55.23729317,
5648396,55.23729317,
5648526,55.23729317,
5648559,55.23729317,
5648590,55.23501638,
5648621,55.23501638,
5648653,55.23729317,
5648684,55.23729317,
5648716,55.23729317,
5648747,55.23729317,
5648779,55.23729317,
5648810,55.23729317,
5648841,55.23501638,
5648873,55.23956996,
5648904,55.24184676,
5648936,55.23729317,
5648967,55.23729317,
5648999,55.23729317,
5649030,55.23729317,
5649062,55.23956996,
5649093,55.23956996,
5649207,55.23956996,
5649338,55.23956996,
5649370,55.23956996,
5649402,55.23501638,
5649433,55.23729317,
5649464,55.23729317,
5649496,55.23956996,
5649527,55.23729317,
5649558,55.23729317,
5649590,55.23501638,
5649621,55.23729317,
5649653,55.23956996,
5649684,55.23956996,
5649716,55.23729317,
5649747,55.23729317,
5649779,55.23956996,
5649810,55.23729317,
5649841,55.23729317,
5649873,55.23729317,
5649904,55.23956996,
5650022,55.23729317,
5650153,55.23956996,
5650184,55.23956996,
5650216,55.23729317,
5650248,55.23729317,
5650279,55.23729317,
5650311,55.23956996,
5650342,55.23729317,
5650373,55.23956996,
5650405,55.23729317,
5650436,55.23729317,
5650467,55.24184676,
5650499,55.23729317,
5650530,55.23956996,
5650562,55.23956996,
5650593,55.23729317,
5650625,55.23729317,
5650656,55.23729317,
5650687,55.23501638,
5650719,55.23956996,
5650844,55.24184676,
5650975,55.23729317,
5651007,55.23956996,
5651038,55.23956996,
5651070,55.23729317,
5651101,55.23729317,
5651133,55.23956996,
5651164,55.23729317,
5651195,55.24184676,
5651227,55.23956996,
5651258,55.23956996,
5651289,55.23956996,
5651321,55.23729317,
5651353,55.23729317,
5651384,55.23956996,
5651415,55.23956996,
5651447,55.23956996,
5651478,55.23956996,
5651509,55.23956996,
5651541,55.24184676,
5651664,55.23729317,
5651794,55.23729317,
5651826,55.23956996,
5651858,55.23956996,
5651889,55.23729317,
5651920,55.23956996,
5651952,55.23956996,
5651983,55.23729317,
5652014,55.23729317,
5652046,55.23956996,
5652077,55.23729317,
5652109,55.23956996,
5652140,55.23956996,
5652172,55.23729317,
5652203,55.23729317,
5652235,55.23729317,
5652266,55.23956996,
5652297,55.23956996,
5652328,55.23956996,
5652360,55.23729317,
5652498,55.23729317,
5652629,55.23729317,
5652662,55.23729317,
5652693,55.23729317,
5652724,55.23956996,
5652756,55.24184676,
5652787,55.23956996,
5652819,55.23956996,
5652850,55.23956996,
5652882,55.23729317,
5652913,55.23956996,
5652944,55.23729317,
5652976,55.23956996,
5653007,55.23729317,
5653038,55.24184676,
5653070,55.23956996,
5653101,55.23956996,
5653133,55.23956996,
5653164,55.23956996,
5653196,55.23729317,
5653306,55.24184676,
5653437,55.23956996,
5653469,55.23956996,
5653501,55.24184676,
5653532,55.24184676,
5653564,55.23956996,
5653595,55.23956996,
5653626,55.23956996,
5653657,55.23956996,
5653689,55.23956996,
5653720,55.23956996,
5653752,55.24184676,
5653783,55.23956996,
5653815,55.23729317,
5653846,55.23956996,
5653878,55.23956996,
5653909,55.23956996,
5653940,55.23956996,
5653972,55.23729317,
5654003,55.23956996,
5654122,55.23956996,
5654254,55.23956996,
5654286,55.23729317,
5654317,55.23729317,
5654349,55.23956996,
5654380,55.24184676,
5654412,55.23956996,
5654443,55.23956996,
5654474,55.23729317,
5654506,55.23729317,
5654538,55.24184676,
5654569,55.23956996,
5654600,55.23956996,
5654632,55.23956996,
5654663,55.23729317,
5654695,55.24184676,
5654726,55.23956996,
5654757,55.24412355,
5654789,55.24184676,
5654820,55.23729317,
5654943,55.23729317,
5655074,55.24184676,
5655107,55.23956996,
5655138,55.24184676,
5655169,55.23956996,
5655201,55.23729317,
5655232,55.24412355,
5655264,55.23956996,
5655295,55.23956996,
5655327,55.23956996,
5655358,55.23956996,
5655389,55.24184676,
5655421,55.23729317,
5655452,55.23956996,
5655484,55.23729317,
5655515,55.23956996,
5655546,55.23956996,
5655578,55.24184676,
5655609,55.23729317,
5655641,55.24184676,
5655759,55.24184676,
5655890,55.23956996,
5655923,55.24184676,
5655954,55.24184676,
5655985,55.23729317,
5656017,55.23956996,
5656049,55.23956996,
5656080,55.24184676,
5656111,55.23956996,
5656143,55.24184676,
5656174,55.23729317,
5656205,55.24184676,
5656237,55.23956996,
5656268,55.23956996,
5656300,55.23956996,
5656331,55.23956996,
5656363,55.23956996,
5656394,55.23956996,
5656425,55.23956996,
5656457,55.23956996,
5656581,55.23956996,
5656712,55.24184676,
5656744,55.23956996,
5656775,55.23956996,
5656806,55.24184676,
5656838,55.24184676,
5656869,55.24184676,
5656901,55.23956996,
5656932,55.23956996,
5656964,55.24184676,
5656995,55.23956996,
5657026,55.24412355,
5657058,55.24184676,
5657089,55.23956996,
5657120,55.24184676,
5657152,55.23956996,
5657184,55.23956996,
5657215,55.23956996,
5657246,55.24184676,
5657278,55.23956996,
5657402,55.24184676,
5657533,55.24184676,
5657565,55.24184676,
5657597,55.24184676,
5657628,55.24184676,
5657659,55.23729317,
5657691,55.23956996,
5657722,55.24184676,
5657754,55.23956996,
5657785,55.23956996,
5657817,55.24184676,
5657848,55.24184676,
5657880,55.24184676,
5657911,55.24412355,
5657942,55.24412355,
5657974,55.24184676,
5658006,55.24184676,
5658037,55.24640034,
5658068,55.24184676,
5658100,55.23956996,
5658217,55.24184676,
5658348,55.24184676,
5658381,55.24184676,
5658412,55.24184676,
5658443,55.24184676,
5658475,55.24184676,
5658507,55.23956996,
5658538,55.24184676,
5658569,55.24184676,
5658601,55.24184676,
5658632,55.24412355,
5658663,55.24184676,
5658695,55.23956996,
5658726,55.24184676,
5658758,55.24184676,
5658789,55.24184676,
5658821,55.24412355,
5658852,55.24184676,
5658883,55.23956996,
5658915,55.23956996,
5659047,55.24184676,
5659178,55.24184676,
5659210,55.23729317,
5659242,55.24184676,
5659274,55.24184676,
5659306,55.24184676,
5659337,55.24184676,
5659369,55.24412355,
5659400,55.24184676,
5659431,55.24184676,
5659463,55.24184676,
5659494,55.23956996,
5659526,55.24184676,
5659557,55.24184676,
5659589,55.24412355,
5659620,55.24184676,
5659652,55.24184676,
5659683,55.24184676,
5659714,55.24184676,
5659746,55.24184676,
5659959,55.23956996,
5660090,55.24184676,
5660122,55.24412355,
5660154,55.23956996,
5660185,55.24184676,
5660216,55.24184676,
5660248,55.24412355,
5660279,55.24184676,
5660310,55.24184676,
5660342,55.24184676,
5660373,55.24184676,
5660405,55.24184676,
5660436,55.24412355,
5660468,55.24184676,
5660499,55.24412355,
5660531,55.24184676,
5660562,55.24184676,
5660593,55.24412355,
5660624,55.24184676,
5660656,55.24412355,
5660781,55.24412355,
5660912,55.24184676,
5660944,55.23956996,
5660975,55.24184676,
5661006,55.24184676,
5661038,55.24412355,
5661069,55.24640034,
5661101,55.24184676,
5661132,55.24184676,
5661163,55.24412355,
5661195,55.24412355,
5661226,55.24184676,
5661258,55.24184676,
5661289,55.24184676,
5661320,55.24412355,
5661352,55.24184676,
5661383,55.24412355,
5661415,55.23956996,
5661446,55.23956996,
5661477,55.24640034,
5661593,55.24184676,
5661724,55.24412355,
5661756,55.24412355,
5661788,55.24184676,
5661819,55.24184676,
5661850,55.24184676,
5661882,55.24412355,
5661913,55.24184676,
5661945,55.24412355,
5661976,55.24184676,
5662008,55.24412355,
5662039,55.24184676,
5662071,55.24412355,
5662102,55.24412355,
5662133,55.24184676,
5662165,55.23956996,
5662196,55.24412355,
5662227,55.24640034,
5662259,55.24184676,
5662290,55.24412355,
5662416,55.23956996,
5662548,55.24640034,
5662580,55.24184676,
5662612,55.24640034,
5662643,55.24184676,
5662674,55.24412355,
5662706,55.24412355,
5662737,55.23956996,
5662769,55.24412355,
5662800,55.24412355,
5662832,55.24184676,
5662863,55.24412355,
5662895,55.24412355,
5662926,55.24412355,
5662957,55.24184676,
5662989,55.24184676,
5663020,55.24184676,
5663051,55.24412355,
5663083,55.24412355,
5663114,55.24184676,
5663243,55.23729317,
5663374,55.24184676,
5663406,55.24412355,
5663438,55.24412355,
5663469,55.24640034,
5663501,55.24412355,
5663532,55.24412355,
5663563,55.24640034,
5663594,55.24412355,
5663626,55.24184676,
5663658,55.24412355,
5663689,55.24184676,
5663720,55.24412355,
5663752,55.24184676,
5663783,55.24412355,
5663815,55.24184676,
5663846,55.24184676,
5663877,55.24184676,
5663909,55.24184676,
5663940,55.24412355,
5664056,55.24640034,
5664187,55.24412355,
5664219,55.24184676,
5664251,55.24184676,
5664282,55.24412355,
5664313,55.24184676,
5664345,55.24412355,
5664376,55.24412355,
5664408,55.24867714,
5664439,55.24184676,
5664471,55.24412355,
5664502,55.24412355,
5664534,55.24412355,
5664565,55.24412355,
5664596,55.24412355,
5664628,55.24412355,
5664659,55.24412355,
5664690,55.24184676,
5664722,55.24640034,
5664753,55.24412355,
5664885,55.24412355,
5665017,55.24640034,
5665049,55.24412355,
5665081,55.24184676,
5665112,55.24412355,
5665144,55.24184676,
5665175,55.24412355,
5665206,55.24412355,
5665238,55.24640034,
5665269,55.24640034,
5665301,55.24412355,
5665332,55.24184676,
5665363,55.24412355,
5665395,55.24184676,
5665426,55.24184676,
5665458,55.24412355,
5665489,55.24412355,
5665520,55.24184676,
5665552,55.24412355,
5665583,55.24412355,
5665695,55.24412355,
5665826,55.24412355,
5665859,55.24412355,
5665890,55.24412355,
5665921,55.24412355,
5665953,55.24184676,
5665985,55.24640034,
5666016,55.24412355,
5666047,55.24412355,
5666079,55.24412355,
5666110,55.24412355,
5666141,55.24412355,
5666173,55.24184676,
5666204,55.24412355,
5666236,55.24412355,
5666267,55.24412355,
5666299,55.24412355,
5666330,55.24640034,
5666361,55.24412355,
5666393,55.24640034,
5666528,55.24184676,
5666659,55.24867714,
5666692,55.24412355,
5666723,55.24412355,
5666754,55.24640034,
5666786,55.24867714,
5666818,55.24412355,
5666849,55.24412355,
5666881,55.24640034,
5666912,55.24640034,
5666943,55.24412355,
5666975,55.24640034,
5667006,55.23956996,
5667038,55.24412355,
5667069,55.24412355,
5667100,55.24640034,
5667132,55.24412355,
5667163,55.24867714,
5667195,55.24184676,
5667226,55.24640034,
5667338,55.24184676,
5667469,55.24412355,
5667501,55.24184676,
5667533,55.24412355,
5667564,55.24640034,
5667596,55.24412355,
5667627,55.24412355,
5667658,55.24412355,
5667690,55.24412355,
5667721,55.24640034,
5667753,55.24640034,
5667784,55.24412355,
5667816,55.24412355,
5667847,55.24412355,
5667878,55.24412355,
5667910,55.24184676,
5667941,55.24640034,
5667973,55.24412355,
5668004,55.24412355,
5668036,55.24412355,
5668155,55.24640034,
5668286,55.24640034,
5668319,55.24412355,
5668350,55.24412355,
5668381,55.24412355,
5668413,55.24867714,
5668445,55.24640034,
5668476,55.24640034,
5668507,55.24184676,
5668539,55.24640034,
5668570,55.24184676,
5668601,55.24412355,
5668633,55.24184676,
5668664,55.24412355,
5668695,55.24640034,
5668727,55.24640034,
5668759,55.24640034,
5668790,55.24412355,
5668821,55.24640034,
5668853,55.24640034,
5668968,55.24412355,
5669099,55.24412355,
5669131,55.24640034,
5669162,55.24184676,
5669194,55.24412355,
5669225,55.24412355,
5669257,55.24412355,
5669288,55.24640034,
5669319,55.24867714,
5669351,55.24412355,
5669382,55.24184676,
5669413,55.24867714,
5669445,55.24412355,
5669476,55.24640034,
5669508,55.24412355,
5669539,55.24867714,
5669571,55.24640034,
5669602,55.24412355,
5669633,55.24640034,
5669665,55.24412355,
5669789,55.24640034,
5669921,55.24640034,
5669953,55.24640034,
5669984,55.24640034,
5670016,55.24640034,
5670047,55.24640034,
5670079,55.24412355,
5670110,55.24412355,
5670141,55.24640034,
5670173,55.24640034,
5670204,55.24412355,
5670235,55.24412355,
5670267,55.24640034,
5670299,55.24412355,
5670330,55.24640034,
5670361,55.24412355,
5670393,55.24640034,
5670424,55.24640034,
5670455,55.24412355,
5670487,55.24640034,
5670709,55.24640034,
5670839,55.24412355,
5670871,55.24412355,
5670903,55.24640034,
5670934,55.24640034,
5670965,55.24640034,
5670997,55.24412355,
5671028,55.24640034,
5671060,55.24640034,
5671091,55.24412355,
5671123,55.24867714,
5671154,55.24867714,
5671186,55.24640034,
5671217,55.24640034,
5671248,55.24640034,
5671280,55.24412355,
5671311,55.24640034,
5671342,55.24412355,
5671374,55.24640034,
5671405,55.24412355,
5671527,55.24412355,
5671659,55.24640034,
5671691,55.24412355,
5671723,55.24867714,
5671754,55.24640034,
5671785,55.24184676,
5671817,55.24412355,
5671848,55.24412355,
5671880,55.24412355,
5671911,55.24640034,
5671943,55.24412355,
5671974,55.24412355,
5672006,55.24412355,
5672037,55.24640034,
5672068,55.24640034,
5672100,55.24867714,
5672131,55.24867714,
5672162,55.24640034,
5672194,55.24640034,
5672225,55.24640034,
5672349,55.24640034,
5672481,55.24640034,
5672513,55.24412355,
5672544,55.24640034,
5672576,55.24640034,
5672607,55.24867714,
5672639,55.24640034,
5672670,55.24640034,
5672701,55.24412355,
5672733,55.24412355,
5672764,55.24412355,
5672795,55.24640034,
5672827,55.24640034,
5672859,55.24412355,
5672890,55.24867714,
5672921,55.24867714,
5672953,55.24412355,
5672984,55.24640034,
5673015,55.24412355,
5673047,55.25095393,
5673259,55.24412355,
5673389,55.24640034,
5673421,55.24412355,
5673453,55.24412355,
5673484,55.24640034,
5673515,55.24640034,
5673547,55.24640034,
5673578,55.24640034,
5673609,55.24867714,
5673641,55.24640034,
5673672,55.24867714,
5673704,55.24412355,
5673735,55.24640034,
5673767,55.24640034,
5673798,55.24867714,
5673829,55.24640034,
5673861,55.24867714,
5673892,55.24412355,
5673924,55.24867714,
5673955,55.24412355,
5674086,55.24184676,
5674218,55.24640034,
5674250,55.24412355,
5674282,55.24867714,
5674313,55.24412355,
5674344,55.24867714,
5674376,55.24640034,
5674407,55.24640034,
5674438,55.24640034,
5674470,55.24412355,
5674501,55.24412355,
5674533,55.24412355,
5674564,55.24867714,
5674596,55.24640034,
5674627,55.24640034,
5674658,55.24640034,
5674690,55.24640034,
5674721,55.24640034,
5674752,55.24867714,
5674784,55.24640034,
5674905,55.24867714,
5675036,55.24412355,
5675068,55.24412355,
5675099,55.24640034,
5675131,55.24640034,
5675162,55.24412355,
5675194,55.24640034,
5675225,55.24640034,
5675256,55.24640034,
5675288,55.24412355,
5675319,55.24640034,
5675351,55.24640034,
5675382,55.24867714,
5675414,55.24640034,
5675445,55.24640034,
5675476,55.24640034,
5675508,55.24640034,
5675539,55.24412355,
5675570,55.24867714,
5675602,55.24640034,
5675727,55.24412355,
5675858,55.24867714,
5675890,55.24640034,
5675922,55.24412355,
5675953,55.24412355,
5675984,55.24867714,
5676016,55.24640034,
5676047,55.24412355,
5676079,55.24640034,
5676110,55.24867714,
5676142,55.24412355,
5676173,55.24867714,
5676204,55.24412355,
5676236,55.24640034,
5676267,55.24412355,
5676299,55.24412355,
5676330,55.24412355,
5676361,55.24640034,
5676393,55.24640034,
5676424,55.24640034,
5676553,55.24640034,
5676684,55.24640034,
5676717,55.24412355,
5676748,55.24640034,
5676779,55.24867714,
5676811,55.24640034,
5676843,55.24867714,
5676874,55.24640034,
5676905,55.24867714,
5676937,55.24640034,
5676968,55.24640034,
5676999,55.24640034,
5677031,55.24867714,
5677062,55.24640034,
5677094,55.24867714,
5677125,55.24640034,
5677157,55.24867714,
5677188,55.24412355,
5677220,55.24640034,
5677251,55.24867714,
5677365,55.24867714,
5677497,55.24867714,
5677529,55.24412355,
5677561,55.24640034,
5677592,55.24640034,
5677623,55.24640034,
5677655,55.24867714,
5677686,55.25095393,
5677718,55.24640034,
5677749,55.24867714,
5677781,55.24867714,
5677812,55.24640034,
5677844,55.24867714,
5677875,55.24867714,
5677906,55.24640034,
5677938,55.24640034,
5677969,55.24867714,
5678001,55.24867714,
5678032,55.24640034,
5678064,55.24867714,
5678193,55.24412355,
5678324,55.25095393,
5678356,55.24412355,
5678388,55.24640034,
5678420,55.25323073,
5678452,55.24867714,
5678483,55.24867714,
5678515,55.24640034,
5678546,55.24640034,
5678578,55.25095393,
5678609,55.24640034,
5678640,55.24867714,
5678672,55.24640034,
5678703,55.24867714,
5678734,55.25095393,
5678766,55.24867714,
5678797,55.24640034,
5678829,55.24867714,
5678860,55.24867714,
5678892,55.25095393,
5679101,55.24867714,
5679232,55.24640034,
5679263,55.24412355,
5679295,55.24640034,
5679327,55.24640034,
5679358,55.24640034,
5679390,55.24867714,
5679421,55.24412355,
5679452,55.24412355,
5679484,55.24867714,
5679515,55.24867714,
5679547,55.24640034,
5679578,55.24640034,
5679610,55.24867714,
5679641,55.25095393,
5679672,55.24867714,
5679704,55.24640034,
5679735,55.25095393,
5679766,55.24640034,
5679798,55.24867714,
5679936,55.24640034,
5680066,55.25095393,
5680099,55.24640034,
5680130,55.24640034,
5680162,55.24640034,
5680193,55.24867714,
5680225,55.24640034,
5680256,55.25095393,
5680287,55.24640034,
5680319,55.24640034,
5680350,55.24640034,
5680382,55.24867714,
5680413,55.24867714,
5680445,55.24640034,
5680476,55.24867714,
5680508,55.24640034,
5680539,55.24867714,
5680570,55.24867714,
5680602,55.24640034,
5680633,55.24640034,
5680740,55.24640034,
5680872,55.24640034,
5680903,55.24640034,
5680935,55.24867714,
5680967,55.24867714,
5680998,55.24867714,
5681030,55.24640034,
5681061,55.24867714,
5681092,55.25095393,
5681124,55.25095393,
5681155,55.25095393,
5681187,55.24412355,
5681218,55.24867714,
5681250,55.24640034,
5681281,55.24867714,
5681312,55.24867714,
5681344,55.24640034,
5681375,55.24640034,
5681406,55.24867714,
5681438,55.24867714,
5681568,55.24640034,
5681698,55.24867714,
5681730,55.24867714,
5681761,55.25095393,
5681792,55.24640034,
5681823,55.24867714,
5681855,55.24867714,
5681887,55.24640034,
5681918,55.25095393,
5681950,55.24867714,
5681981,55.24640034,
5682012,55.24867714,
5682044,55.24867714,
5682075,55.24867714,
5682106,55.25095393,
5682138,55.25095393,
5682170,55.25095393,
5682201,55.25095393,
5682232,55.25095393,
5682264,55.24867714,
5682386,55.24867714,
5682518,55.24867714,
5682550,55.24640034,
5682581,55.24867714,
5682613,55.24867714,
5682644,55.24867714,
5682676,55.24640034,
5682707,55.25095393,
5682738,55.24867714,
5682770,55.24867714,
5682801,55.25095393,
5682832,55.24867714,
5682864,55.24867714,
5682896,55.24867714,
5682927,55.25095393,
5682958,55.24867714,
5682990,55.25095393,
5683021,55.24867714,
5683052,55.25095393,
5683084,55.25095393,
5683200,55.24867714,
5683331,55.25095393,
5683363,55.24867714,
5683395,55.24867714,
5683426,55.24867714,
5683457,55.24867714,
5683489,55.25095393,
5683520,55.24867714,
5683552,55.24867714,
5683583,55.24867714,
5683615,55.25323073,
5683646,55.24640034,
5683678,55.25095393,
5683709,55.24867714,
5683740,55.24867714,
5683772,55.24640034,
5683803,55.24867714,
5683834,55.25095393,
5683866,55.25095393,
5683898,55.24867714,
5684037,55.24867714,
5684168,55.24867714,
5684201,55.24867714,
5684232,55.24640034,
5684263,55.24867714,
5684295,55.24867714,
5684326,55.24640034,
5684358,55.24867714,
5684389,55.24867714,
5684421,55.24867714,
5684452,55.24867714,
5684483,55.24640034,
5684515,55.25095393,
5684546,55.24640034,
5684578,55.24640034,
5684609,55.24867714,
5684641,55.24867714,
5684672,55.25323073,
5684704,55.25095393,
5684735,55.25095393,
5684841,55.24867714,
5684972,55.24867714,
5685004,55.24867714,
5685036,55.25095393,
5685067,55.24867714,
5685098,55.25323073,
5685130,55.25095393,
5685161,55.25095393,
5685193,55.25095393,
5685224,55.25095393,
5685256,55.25095393,
5685287,55.25095393,
5685319,55.24867714,
5685350,55.24867714,
5685381,55.25095393,
5685413,55.24867714,
5685444,55.25095393,
5685475,55.24867714,
5685507,55.24867714,
5685538,55.24867714,
5685661,55.25095393,
5685792,55.24640034,
5685824,55.24867714,
5685856,55.24867714,
5685887,55.24867714,
5685918,55.25323073,
5685950,55.24867714,
5685981,55.25095393,
5686013,55.25095393,
5686044,55.24867714,
5686076,55.25095393,
5686107,55.25095393,
5686139,55.25095393,
5686170,55.25095393,
5686201,55.25095393,
5686233,55.24867714,
5686264,55.24640034,
5686295,55.25095393,
5686327,55.25095393,
5686358,55.24867714,
5686478,55.25095393,
5686610,55.24640034,
5686642,55.24867714,
5686673,55.25095393,
5686705,55.25323073,
5686736,55.25095393,
5686768,55.24867714,
5686799,55.25095393,
5686830,55.24867714,
5686862,55.25323073,
5686893,55.25095393,
5686925,55.25095393,
5686956,55.25095393,
5686988,55.24867714,
5687019,55.24867714,
5687051,55.24640034,
5687082,55.25323073,
5687113,55.25095393,
5687144,55.24867714,
5687176,55.24867714,
5687296,55.25095393,
5687426,55.24867714,
5687458,55.24867714,
5687490,55.24867714,
5687521,55.25095393,
5687552,55.25095393,
5687584,55.25323073,
5687615,55.25095393,
5687647,55.25095393,
5687678,55.24867714,
5687710,55.24867714,
5687741,55.24640034,
5687773,55.24867714,
5687804,55.25095393,
5687835,55.25095393,
5687867,55.25323073,
5687898,55.24867714,
5687930,55.25095393,
5687961,55.25095393,
5687992,55.25095393,
5688123,55.25323073,
5688253,55.25095393,
5688286,55.25095393,
5688317,55.24867714,
5688348,55.24867714,
5688380,55.24867714,
5688411,55.24867714,
5688443,55.25095393,
5688474,55.25095393,
5688506,55.25323073,
5688537,55.25095393,
5688568,55.24867714,
5688600,55.25095393,
5688631,55.24867714,
5688663,55.24640034,
5688694,55.24867714,
5688725,55.25095393,
5688757,55.25095393,
5688788,55.24867714,
5688820,55.24867714,
5688935,55.24867714,
5689067,55.25323073,
5689099,55.25323073,
5689131,55.25323073,
5689162,55.25095393,
5689193,55.25095393,
5689225,55.25095393,
5689256,55.25095393,
5689288,55.25095393,
5689319,55.25095393,
5689351,55.24867714,
5689382,55.25323073,
5689414,55.25778431,
5689445,55.25323073,
5689476,55.25095393,
5689508,55.25323073,
5689539,55.25095393,
5689571,55.25095393,
5689602,55.25095393,
5689633,55.25550752,
5689757,55.25095393,
5689888,55.25323073,
5689920,55.25095393,
5689952,55.24867714,
5689983,55.25323073,
5690014,55.25095393,
5690046,55.25095393,
5690077,55.24867714,
5690108,55.25095393,
5690140,55.25095393,
5690172,55.25095393,
5690203,55.25095393,
5690234,55.24867714,
5690266,55.25323073,
5690297,55.25323073,
5690329,55.24867714,
5690360,55.25095393,
5690391,55.24867714,
5690422,55.25095393,
5690454,55.24867714,
5690574,55.24867714,
5690706,55.25323073,
5690738,55.25095393,
5690770,55.25095393,
5690801,55.25095393,
5690832,55.25323073,
5690864,55.25095393,
5690895,55.25095393,
5690926,55.25095393,
5690958,55.25095393,
5690989,55.24867714,
5691021,55.25095393,
5691052,55.25095393,
5691084,55.25095393,
5691115,55.25323073,
5691147,55.25095393,
5691178,55.25095393,
5691209,55.25095393,
5691240,55.24867714,
5691272,55.25323073,
5691392,55.25095393,
5691524,55.25095393,
5691556,55.25095393,
5691587,55.25095393,
5691619,55.24867714,
5691650,55.25323073,
5691682,55.25095393,
5691713,55.25095393,
5691744,55.25323073,
5691776,55.25095393,
5691807,55.25095393,
5691839,55.25095393,
5691870,55.24867714,
5691902,55.25095393,
5691933,55.24867714,
5691965,55.25095393,
5691996,55.25095393,
5692027,55.25095393,
5692058,55.25323073,
5692090,55.25095393,
5692210,55.25095393,
5692341,55.25095393,
5692373,55.25323073,
5692405,55.25095393,
5692437,55.25323073,
5692468,55.25095393,
5692500,55.25095393,
5692531,55.25095393,
5692562,55.25095393,
5692594,55.25095393,
5692625,55.25323073,
5692657,55.25095393,
5692688,55.25095393,
5692720,55.25323073,
5692751,55.25323073,
5692782,55.25095393,
5692814,55.25323073,
5692845,55.25095393,
5692876,55.25095393,
5692908,55.25323073,
5693030,55.25095393,
5693161,55.25095393,
5693193,55.25323073,
5693225,55.25095393,
5693256,55.25323073,
5693287,55.25095393,
5693319,55.25095393,
5693350,55.25550752,
5693382,55.25323073,
5693413,55.25095393,
5693445,55.25323073,
5693476,55.25323073,
5693508,55.25323073,
5693539,55.25323073,
5693570,55.25323073,
5693601,55.24867714,
5693633,55.25323073,
5693664,55.25095393,
5693696,55.25095393,
5693727,55.24867714,
5693851,55.25095393,
5693981,55.25095393,
5694013,55.25095393,
5694045,55.25323073,
5694076,55.25323073,
5694107,55.25323073,
5694139,55.25095393,
5694170,55.25095393,
5694201,55.24867714,
5694233,55.25550752,
5694264,55.25323073,
5694296,55.25323073,
5694327,55.25095393,
5694359,55.25323073,
5694390,55.25323073,
5694421,55.24867714,
5694453,55.25323073,
5694484,55.25323073,
5694515,55.25550752,
5694547,55.25323073,
5694682,55.25095393,
5694813,55.25095393,
5694845,55.25323073,
5694877,55.25323073,
5694908,55.25550752,
5694940,55.25550752,
5694971,55.25323073,
5695003,55.24867714,
5695034,55.25095393,
5695066,55.25323073,
5695097,55.25323073,
5695128,55.25323073,
5695160,55.25095393,
5695191,55.25323073,
5695222,55.25323073,
5695254,55.25095393,
5695285,55.24867714,
5695317,55.25778431,
5695348,55.24867714,
5695380,55.25323073,
5695489,55.25323073,
5695620,55.25095393,
5695653,55.25095393,
5695684,55.25323073,
5695715,55.25323073,
5695747,55.25550752,
5695778,55.25095393,
5695810,55.25550752,
5695841,55.25323073,
5695873,55.25323073,
5695904,55.25095393,
5695935,55.25550752,
5695967,55.25095393,
5695998,55.25323073,
5696030,55.25323073,
5696061,55.25550752,
5696093,55.25323073,
5696124,55.25323073,
5696155,55.25323073,
5696187,55.25095393,
5696319,55.25323073,
5696450,55.25323073,
5696483,55.25095393,
5696514,55.25095393,
5696545,55.25323073,
5696577,55.25095393,
5696608,55.25550752,
5696640,55.25550752,
5696671,55.25095393,
5696703,55.25323073,
5696734,55.25323073,
5696765,55.25550752,
5696797,55.25550752,
5696828,55.25323073,
5696860,55.25323073,
5696891,55.25550752,
5696923,55.25323073,
5696954,55.25550752,
5696986,55.25323073,
5697017,55.25323073,
5697133,55.25550752,
5697264,55.25323073,
5697296,55.25323073,
5697327,55.25323073,
5697358,55.25323073,
5697390,55.25095393,
5697421,55.25550752,
5697453,55.25550752,
5697484,55.25323073,
5697516,55.25550752,
5697547,55.25550752,
5697578,55.25323073,
5697610,55.25323073,
5697641,55.25095393,
5697672,55.25323073,
5697704,55.25550752,
5697735,55.25323073,
5697767,55.25323073,
5697798,55.25323073,
5697830,55.25323073,
5697947,55.25323073,
5698079,55.25323073,
5698111,55.25323073,
5698142,55.25323073,
5698173,55.25550752,
5698204,55.25550752,
5698236,55.25323073,
5698268,55.25323073,
5698299,55.24867714,
5698330,55.25323073,
5698362,55.25550752,
5698393,55.25323073,
5698425,55.25550752,
5698456,55.25323073,
5698487,55.25323073,
5698519,55.25550752,
5698550,55.25323073,
5698582,55.25323073,
5698613,55.25323073,
5698645,55.25323073,
5698767,55.25323073,
5698897,55.25550752,
5698930,55.25323073,
5698961,55.25550752,
5698992,55.25550752,
5699024,55.25323073,
5699055,55.25323073,
5699087,55.25323073,
5699118,55.25323073,
5699150,55.25550752,
5699181,55.25323073,
5699212,55.25323073,
5699244,55.25550752,
5699275,55.25778431,
5699307,55.25778431,
5699338,55.25323073,
5699369,55.25550752,
5699401,55.25550752,
5699432,55.25550752,
5699464,55.25323073,
5699586,55.25323073,
5699717,55.25323073,
5699749,55.25323073,
5699781,55.25323073,
5699812,55.25550752,
5699843,55.25550752,
5699875,55.25095393,
5699906,55.25550752,
5699938,55.25550752,
5699969,55.25550752,
5700001,55.25323073,
5700032,55.25323073,
5700064,55.25323073,
5700095,55.25550752,
5700126,55.25550752,
5700158,55.25095393,
5700189,55.25550752,
5700220,55.25550752,
5700252,55.25323073,
5700283,55.25778431,
5700407,55.25550752,
5700538,55.25550752,
5700571,55.25323073,
5700602,55.25323073,
5700633,55.25550752,
5700665,55.25550752,
5700696,55.25323073,
5700728,55.25778431,
5700759,55.25550752,
5700791,55.25550752,
5700822,55.25550752,
5700853,55.25778431,
5700885,55.25323073,
5700916,55.25550752,
5700948,55.25778431,
5700979,55.25323073,
5701011,55.25323073,
5701042,55.25323073,
5701073,55.25550752,
5701105,55.25550752,
5701225,55.25323073,
5701357,55.25550752,
5701389,55.25550752,
5701421,55.25550752,
5701452,55.25550752,
5701483,55.25550752,
5701515,55.25323073,
5701546,55.25550752,
5701577,55.25323073,
5701609,55.25550752,
5701640,55.25550752,
5701672,55.26006111,
5701703,55.25550752,
5701735,55.25550752,
5701766,55.25550752,
5701798,55.25323073,
5701829,55.25323073,
5701860,55.25550752,
5701891,55.25095393,
5701923,55.25323073,
5702048,55.25550752,
5702179,55.25323073,
5702211,55.25323073,
5702243,55.25550752,
5702274,55.25323073,
5702305,55.25550752,
5702337,55.25550752,
5702368,55.25550752,
5702399,55.25550752,
5702431,55.25323073,
5702462,55.25323073,
5702494,55.25323073,
5702525,55.25323073,
5702557,55.25323073,
5702588,55.26006111,
5702620,55.25323073,
5702651,55.25778431,
5702682,55.25550752,
5702713,55.25778431,
5702745,55.25550752,
5702866,55.25550752,
5702997,55.25323073,
5703030,55.25550752,
5703061,55.25323073,
5703092,55.25550752,
5703124,55.25323073,
5703156,55.25550752,
5703187,55.25550752,
5703218,55.25550752,
5703250,55.25550752,
5703281,55.25550752,
5703312,55.25550752,
5703344,55.25550752,
5703375,55.25323073,
5703407,55.25550752,
5703438,55.25550752,
5703470,55.25550752,
5703501,55.25550752,
5703532,55.25550752,
5703564,55.25550752,
5703684,55.25778431,
5703815,55.25323073,
5703848,55.25550752,
5703879,55.25778431,
5703910,55.25550752,
5703942,55.25323073,
5703974,55.25778431,
5704005,55.25550752,
5704036,55.25323073,
5704068,55.25550752,
5704099,55.25323073,
5704130,55.25550752,
5704162,55.25550752,
5704193,55.25550752,
5704225,55.25323073,
5704256,55.25550752,
5704288,55.25778431,
5704319,55.25778431,
5704350,55.25550752,
5704382,55.25550752,
5704529,55.25323073,
5704660,55.25778431,
5704693,55.25323073,
5704724,55.25323073,
5704756,55.25550752,
5704787,55.25323073,
5704819,55.25550752,
5704850,55.25778431,
5704882,55.25550752,
5704913,55.25323073,
5704944,55.25550752,
5704976,55.25550752,
5705007,55.25550752,
5705039,55.25550752,
5705070,55.25778431,
5705102,55.25778431,
5705133,55.25778431,
5705164,55.25550752,
5705196,55.25323073,
5705227,55.25550752,
5705328,55.25778431,
5705458,55.25323073,
5705490,55.26006111,
5705522,55.25323073,
5705553,55.25778431,
5705585,55.25550752,
5705616,55.25550752,
5705648,55.25550752,
5705679,55.25323073,
5705710,55.25778431,
5705742,55.25550752,
5705773,55.25550752,
5705805,55.25550752,
5705836,55.25778431,
5705868,55.25550752,
5705899,55.25323073,
5705931,55.25323073,
5705962,55.25550752,
5705994,55.25550752,
5706025,55.25095393,
5706139,55.25550752,
5706270,55.25323073,
5706303,55.25778431,
5706334,55.25550752,
5706366,55.25550752,
5706397,55.25550752,
5706428,55.25550752,
5706460,55.25550752,
5706491,55.25550752,
5706523,55.25550752,
5706554,55.25323073,
5706585,55.25778431,
5706617,55.25550752,
5706648,55.25550752,
5706680,55.25778431,
5706711,55.25778431,
5706743,55.25550752,
5706774,55.25323073,
5706805,55.25778431,
5706837,55.25550752,
5706958,55.25778431,
5707089,55.25550752,
5707121,55.25550752,
5707153,55.25778431,
5707184,55.25550752,
5707215,55.25323073,
5707247,55.25778431,
5707279,55.25550752,
5707310,55.25778431,
5707341,55.25323073,
5707373,55.25323073,
5707404,55.25778431,
5707436,55.25778431,
5707467,55.25550752,
5707498,55.25778431,
5707529,55.25778431,
5707561,55.25778431,
5707593,55.25778431,
5707624,55.25778431,
5707655,55.25778431,
5707784,55.25778431,
5707915,55.25778431,
5707948,55.25550752,
5707979,55.25550752,
5708010,55.26006111,
5708042,55.25778431,
5708073,55.25778431,
5708105,55.25550752,
5708136,55.25550752,
5708167,55.25778431,
5708199,55.25778431,
5708230,55.25550752,
5708262,55.25778431,
5708293,55.25778431,
5708324,55.25778431,
5708356,55.25550752,
5708387,55.25778431,
5708419,55.26006111,
5708450,55.25550752,
5708482,55.25778431,
5708598,55.25550752,
5708729,55.25550752,
5708762,55.25778431,
5708793,55.25550752,
5708825,55.25323073,
5708856,55.25778431,
5708888,55.25778431,
5708919,55.25778431,
5708950,55.25550752,
5708982,55.25550752,
5709013,55.25550752,
5709045,55.26006111,
5709076,55.25323073,
5709108,55.25550752,
5709139,55.25778431,
5709171,55.25550752,
5709202,55.25550752,
5709233,55.25550752,
5709265,55.25550752,
5709296,55.25550752,
5709423,55.25323073,
5709555,55.26006111,
5709587,55.25778431,
5709618,55.25778431,
5709650,55.25550752,
5709681,55.25778431,
5709713,55.25550752,
5709744,55.25778431,
5709775,55.25323073,
5709807,55.25778431,
5709838,55.25778431,
5709870,55.25550752,
5709901,55.25550752,
5709933,55.25778431,
5709964,55.25778431,
5709996,55.25778431,
5710027,55.26006111,
5710058,55.25778431,
5710090,55.25550752,
5710121,55.25778431,
5710236,55.25778431,
5710368,55.25778431,
5710400,55.26006111,
5710431,55.25550752,
5710462,55.25550752,
5710493,55.25778431,
5710525,55.25550752,
5710556,55.25550752,
5710588,55.26006111,
5710619,55.26006111,
5710651,55.25778431,
5710682,55.25550752,
5710714,55.26006111,
5710745,55.25323073,
5710776,55.25550752,
5710808,55.25550752,
5710839,55.26006111,
5710871,55.25778431,
5710902,55.25778431,
5710933,55.25778431,
5711070,55.25778431,
5711201,55.25550752,
5711233,55.25550752,
5711265,55.25550752,
5711296,55.25778431,
5711328,55.25778431,
5711359,55.25550752,
5711390,55.25550752,
5711422,55.25550752,
5711454,55.26006111,
5711485,55.25550752,
5711516,55.26006111,
5711548,55.26006111,
5711579,55.25778431,
5711610,55.25778431,
5711642,55.25778431,
5711674,55.25778431,
5711705,55.25778431,
5711737,55.26006111,
5711768,55.25778431,
5711872,55.25550752,
5712003,55.25778431,
5712035,55.25778431,
5712067,55.25778431,
5712098,55.26006111,
5712129,55.25778431,
5712161,55.25778431,
5712192,55.25778431,
5712223,55.25550752,
5712255,55.25778431,
5712286,55.25778431,
5712318,55.25550752,
5712349,55.25778431,
5712381,55.25550752,
5712412,55.25778431,
5712443,55.25550752,
5712475,55.25778431,
5712506,55.25778431,
5712537,55.25778431,
5712569,55.25778431,
5712694,55.25550752,
5712824,55.26006111,
5712856,55.25778431,
5712887,55.25778431,
5712919,55.26006111,
5712950,55.25778431,
5712982,55.25550752,
5713013,55.25778431,
5713044,55.25778431,
5713076,55.25550752,
5713107,55.25778431,
5713138,55.25778431,
5713170,55.25778431,
5713201,55.25550752,
5713233,55.25550752,
5713264,55.25550752,
5713296,55.25550752,
5713327,55.25550752,
5713358,55.25778431,
5713390,55.25778431,
5713527,55.25778431,
5713658,55.25550752,
5713691,55.25778431,
5713722,55.26006111,
5713754,55.26006111,
5713785,55.25778431,
5713817,55.25778431,
5713848,55.26006111,
5713880,55.25778431,
5713911,55.26006111,
5713942,55.25778431,
5713974,55.26006111,
5714005,55.25778431,
5714037,55.25550752,
5714068,55.25778431,
5714100,55.25778431,
5714131,55.25778431,
5714162,55.25550752,
5714194,55.25550752,
5714225,55.25550752,
5714331,55.25778431,
5714462,55.25778431,
5714494,55.25778431,
5714526,55.25778431,
5714557,55.25550752,
5714588,55.25778431,
5714620,55.26006111,
5714651,55.26006111,
5714682,55.25778431,
5714714,55.25778431,
5714746,55.25778431,
5714777,55.25550752,
5714808,55.25778431,
5714840,55.26006111,
5714871,55.25778431,
5714902,55.26006111,
5714934,55.26006111,
5714965,55.25778431,
5714997,55.25778431,
5715028,55.26006111,
5715163,55.25778431,
5715295,55.25778431,
5715327,55.25778431,
5715358,55.25778431,
5715389,55.25778431,
5715421,55.25778431,
5715452,55.25550752,
5715484,55.26006111,
5715515,55.2623379,
5715547,55.25778431,
5715578,55.25778431,
5715609,55.2623379,
5715641,55.26006111,
5715672,55.26006111,
5715704,55.2623379,
5715735,55.25550752,
5715767,55.26006111,
5715798,55.25778431,
5715829,55.25778431,
5715861,55.25778431,
5715967,55.25778431,
5716097,55.25778431,
5716129,55.25778431,
5716161,55.26006111,
5716192,55.26006111,
5716223,55.25778431,
5716255,55.26006111,
5716286,55.25550752,
5716317,55.26006111,
5716349,55.26006111,
5716381,55.25778431,
5716412,55.26006111,
5716444,55.25778431,
5716475,55.25778431,
5716506,55.25778431,
5716537,55.25778431,
5716569,55.25778431,
5716600,55.26006111,
5716631,55.25550752,
5716663,55.26006111,
5716893,55.25778431,
5717024,55.25778431,
5717056,55.25778431,
5717088,55.26006111,
5717119,55.26006111,
5717150,55.26006111,
5717182,55.26006111,
5717213,55.26006111,
5717244,55.26006111,
5717276,55.26006111,
5717307,55.25778431,
5717339,55.26006111,
5717370,55.26006111,
5717402,55.25778431,
5717433,55.2623379,
5717465,55.26006111,
5717496,55.25778431,
5717527,55.26006111,
5717558,55.25778431,
5717590,55.2623379,
5717715,55.25550752,
5717846,55.26006111,
5717878,55.25550752,
5717910,55.26006111,
5717941,55.25778431,
5717972,55.26006111,
5718004,55.25778431,
5718035,55.25550752,
5718066,55.25778431,
5718098,55.26006111,
5718129,55.26006111,
5718161,55.25778431,
5718192,55.26006111,
5718224,55.26006111,
5718255,55.25778431,
5718286,55.26006111,
5718318,55.25778431,
5718349,55.26006111,
5718380,55.26006111,
5718412,55.25778431,
5718619,55.25778431,
5718751,55.25778431,
5718782,55.25778431,
5718814,55.25778431,
5718845,55.25778431,
5718877,55.26006111,
5718908,55.25778431,
5718940,55.25778431,
5718971,55.25778431,
5719002,55.25778431,
5719034,55.2623379,
5719065,55.26006111,
5719096,55.25550752,
5719128,55.25778431,
5719159,55.2623379,
5719190,55.26006111,
5719222,55.25778431,
5719254,55.26006111,
5719285,55.26006111,
5719316,55.25778431,
5719454,55.25778431,
5719584,55.25778431,
5719617,55.26006111,
5719648,55.25778431,
5719679,55.25778431,
5719711,55.2623379,
5719743,55.26006111,
5719774,55.26006111,
5719805,55.25778431,
5719837,55.26006111,
5719868,55.25778431,
5719899,55.26006111,
5719931,55.25550752,
5719962,55.25778431,
5719994,55.26006111,
5720025,55.26006111,
5720057,55.25778431,
5720088,55.26006111,
5720119,55.25778431,
5720151,55.26006111,
5720272,55.26006111,
5720403,55.25778431,
5720435,55.25550752,
5720467,55.26006111,
5720498,55.25778431,
5720529,55.26006111,
5720561,55.26006111,
5720592,55.25778431,
5720623,55.25778431,
5720655,55.26006111,
5720686,55.25778431,
5720718,55.26006111,
5720749,55.26006111,
5720781,55.25778431,
5720812,55.26006111,
5720844,55.26006111,
5720875,55.25778431,
5720906,55.25778431,
5720938,55.26006111,
5720969,55.26006111,
5721094,55.26006111,
5721224,55.25778431,
5721256,55.25778431,
5721288,55.25778431,
5721319,55.26006111,
5721350,55.25550752,
5721382,55.26006111,
5721413,55.25778431,
5721445,55.26006111,
5721476,55.26006111,
5721508,55.25778431,
5721539,55.26006111,
5721570,55.25778431,
5721602,55.25778431,
5721633,55.2623379,
5721665,55.26006111,
5721696,55.26006111,
5721727,55.25778431,
5721758,55.26006111,
5721790,55.26006111,
5721908,55.25778431,
5722040,55.26006111,
5722072,55.25778431,
5722103,55.26006111,
5722135,55.25550752,
5722166,55.25778431,
5722198,55.26006111,
5722229,55.25550752,
5722260,55.25778431,
5722292,55.26006111,
5722323,55.26006111,
5722354,55.26006111,
5722386,55.26006111,
5722417,55.26006111,
5722449,55.25778431,
5722481,55.26006111,
5722512,55.2623379,
5722544,55.26006111,
5722575,55.26006111,
5722607,55.26006111,
5722729,55.26006111,
5722859,55.25778431,
5722891,55.25778431,
5722923,55.26006111,
5722954,55.25778431,
5722985,55.26006111,
5723017,55.2623379,
5723048,55.25778431,
5723080,55.26006111,
5723111,55.26006111,
5723143,55.26006111,
5723174,55.26006111,
5723206,55.2623379,
5723237,55.26006111,
5723268,55.26006111,
5723300,55.25778431,
5723331,55.26006111,
5723362,55.25778431,
5723394,55.2623379,
5723425,55.25778431,
5723561,55.26006111,
5723693,55.26006111,
5723725,55.26006111,
5723757,55.25778431,
5723788,55.26006111,
5723820,55.26006111,
5723851,55.25778431,
5723882,55.26006111,
5723913,55.26006111,
5723945,55.26006111,
5723977,55.26006111,
5724008,55.26006111,
5724039,55.26006111,
5724071,55.25778431,
5724102,55.26006111,
5724134,55.26006111,
5724165,55.25778431,
5724196,55.26006111,
5724228,55.26461469,
5724259,55.26006111,
5724369,55.2623379,
5724501,55.25778431,
5724532,55.26006111,
5724564,55.25778431,
5724595,55.2623379,
5724626,55.2623379,
5724658,55.26006111,
5724689,55.25778431,
5724721,55.2623379,
5724752,55.26006111,
5724784,55.26006111,
5724815,55.2623379,
5724847,55.26006111,
5724878,55.26461469,
5724909,55.2623379,
5724941,55.2623379,
5724972,55.2623379,
5725004,55.25778431,
5725035,55.26006111,
5725066,55.2623379,
5725190,55.25778431,
5725321,55.2623379,
5725353,55.26006111,
5725384,55.25778431,
5725415,55.26006111,
5725447,55.2623379,
5725478,55.2623379,
5725510,55.2623379,
5725541,55.2623379,
5725573,55.2623379,
5725604,55.2623379,
5725635,55.2623379,
5725667,55.25778431,
5725698,55.26461469,
5725729,55.26006111,
5725761,55.26006111,
5725793,55.26006111,
5725824,55.26006111,
5725855,55.26006111,
5725887,55.26006111,
5726013,55.26006111,
5726144,55.26006111,
5726177,55.26461469,
5726208,55.2623379,
5726239,55.25778431,
5726271,55.26006111,
5726302,55.26006111,
5726334,55.2623379,
5726365,55.26006111,
5726397,55.25778431,
5726428,55.25778431,
5726459,55.26006111,
5726491,55.2623379,
5726522,55.2623379,
5726554,55.25778431,
5726585,55.26006111,
5726617,55.2623379,
5726648,55.2623379,
5726680,55.2623379,
5726711,55.2623379,
5726832,55.2623379,
5726963,55.2623379,
5726995,55.26006111,
5727026,55.26006111,
5727057,55.26006111,
5727089,55.2623379,
5727120,55.26006111,
5727152,55.2623379,
5727183,55.2623379,
5727215,55.2623379,
5727246,55.26006111,
5727277,55.2623379,
5727309,55.26006111,
5727340,55.2623379,
5727372,55.25778431,
5727403,55.2623379,
5727435,55.2623379,
5727466,55.2623379,
5727497,55.26006111,
5727529,55.2623379,
5727643,55.2623379,
5727775,55.26006111,
5727807,55.2623379,
5727838,55.26006111,
5727869,55.26006111,
5727901,55.26006111,
5727932,55.2623379,
5727964,55.26006111,
5727995,55.26006111,
5728026,55.26461469,
5728058,55.2623379,
5728089,55.26461469,
5728121,55.2623379,
5728152,55.26006111,
5728183,55.26006111,
5728215,55.26006111,
5728246,55.26461469,
5728278,55.26461469,
5728309,55.2623379,
5728341,55.2623379,
5728467,55.2623379,
5728598,55.2623379,
5728630,55.26461469,
5728661,55.2623379,
5728693,55.2623379,
5728724,55.26006111,
5728756,55.2623379,
5728787,55.2623379,
5728818,55.2623379,
5728850,55.26461469,
5728881,55.2623379,
5728913,55.26006111,
5728944,55.26006111,
5728976,55.26006111,
5729007,55.2623379,
5729039,55.26006111,
5729070,55.2623379,
5729101,55.26006111,
5729132,55.26461469,
5729164,55.2623379,
5729286,55.26006111,
5729417,55.2623379,
5729449,55.2623379,
5729481,55.2623379,
5729512,55.26006111,
5729543,55.2623379,
5729575,55.26461469,
5729606,55.26461469,
5729638,55.26006111,
5729669,55.26461469,
5729701,55.26006111,
5729732,55.26461469,
5729764,55.2623379,
5729795,55.26006111,
5729826,55.26006111,
5729858,55.26461469,
5729889,55.26461469,
5729920,55.26461469,
5729952,55.26006111,
5729983,55.2623379,
5730108,55.26689149,
5730239,55.2623379,
5730271,55.2623379,
5730303,55.26006111,
5730334,55.2623379,
5730366,55.26461469,
5730397,55.2623379,
5730428,55.2623379,
5730460,55.2623379,
5730491,55.26689149,
5730523,55.26461469,
5730554,55.26461469,
5730586,55.26006111,
5730617,55.26461469,
5730648,55.2623379,
5730680,55.26461469,
5730711,55.2623379,
5730742,55.26006111,
5730774,55.2623379,
5730805,55.26461469,
5730919,55.26006111,
5731051,55.2623379,
5731083,55.2623379,
5731115,55.2623379,
5731146,55.26461469,
5731177,55.2623379,
5731209,55.2623379,
5731240,55.26461469,
5731271,55.2623379,
5731303,55.2623379,
5731334,55.2623379,
5731366,55.26461469,
5731397,55.2623379,
5731429,55.2623379,
5731460,55.2623379,
5731492,55.2623379,
5731523,55.2623379,
5731554,55.2623379,
5731586,55.2623379,
5731617,55.26006111,
5731741,55.26461469,
5731872,55.26689149,
5731904,55.2623379,
5731936,55.2623379,
5731967,55.2623379,
5731998,55.26461469,
5732030,55.2623379,
5732061,55.2623379,
5732092,55.26461469,
5732124,55.2623379,
5732155,55.2623379,
5732187,55.26461469,
5732218,55.26461469,
5732250,55.2623379,
5732281,55.2623379,
5732313,55.26461469,
5732344,55.26006111,
5732375,55.26006111,
5732407,55.26461469,
5732438,55.26689149,
5732569,55.2623379,
5732699,55.26689149,
5732731,55.2623379,
5732763,55.2623379,
5732794,55.26006111,
5732826,55.2623379,
5732857,55.2623379,
5732889,55.26006111,
5732920,55.2623379,
5732951,55.26461469,
5732983,55.26006111,
5733014,55.26461469,
5733046,55.26461469,
5733077,55.2623379,
5733108,55.26461469,
5733140,55.2623379,
5733171,55.2623379,
5733203,55.2623379,
5733234,55.26461469,
5733266,55.2623379,
5733394,55.2623379,
5733525,55.2623379,
5733557,55.26689149,
5733589,55.26461469,
5733620,55.26461469,
5733652,55.2623379,
5733683,55.2623379,
5733714,55.2623379,
5733746,55.26461469,
5733777,55.26461469,
5733809,55.26461469,
5733840,55.26461469,
5733872,55.2623379,
5733903,55.2623379,
5733934,55.26689149,
5733966,55.26461469,
5733997,55.26006111,
5734029,55.26461469,
5734060,55.26461469,
5734092,55.26916828,
5734205,55.2623379,
5734336,55.2623379,
5734368,55.26006111,
5734400,55.26461469,
5734431,55.2623379,
5734463,55.26461469,
5734494,55.2623379,
5734526,55.26006111,
5734557,55.26461469,
5734588,55.26461469,
5734620,55.2623379,
5734651,55.26461469,
5734683,55.26461469,
5734714,55.26461469,
5734745,55.2623379,
5734777,55.26461469,
5734808,55.26461469,
5734840,55.26461469,
5734871,55.2623379,
5734903,55.26461469,
5735021,55.26461469,
5735151,55.2623379,
5735183,55.26461469,
5735214,55.2623379,
5735246,55.2623379,
5735277,55.2623379,
5735309,55.26461469,
5735340,55.26461469,
5735371,55.26461469,
5735403,55.2623379,
5735434,55.26461469,
5735465,55.26461469,
5735497,55.26689149,
5735528,55.2623379,
5735560,55.2623379,
5735591,55.2623379,
5735623,55.26461469,
5735654,55.2623379,
5735685,55.26461469,
5735717,55.2623379,
5735838,55.2623379,
5735969,55.2623379,
5736001,55.26461469,
5736033,55.26461469,
5736064,55.26461469,
5736095,55.2623379,
5736127,55.26461469,
5736158,55.26461469,
5736190,55.2623379,
5736221,55.26461469,
5736253,55.26461469,
5736284,55.26689149,
5736316,55.2623379,
5736347,55.2623379,
5736378,55.26006111,
5736409,55.26461469,
5736441,55.26461469,
5736473,55.26461469,
5736504,55.26461469,
5736535,55.26689149,
5736674,55.2623379,
5736805,55.26461469,
5736837,55.26461469,
5736869,55.2623379,
5736900,55.2623379,
5736932,55.26461469,
5736963,55.2623379,
5736994,55.26461469,
5737026,55.2623379,
5737058,55.26461469,
5737089,55.26461469,
5737120,55.26461469,
5737152,55.26461469,
5737183,55.26689149,
5737214,55.26689149,
5737246,55.26461469,
5737277,55.26461469,
5737308,55.26689149,
5737340,55.26689149,
5737371,55.26461469,
5737481,55.26461469,
5737612,55.26689149,
5737644,55.26461469,
5737676,55.26461469,
5737707,55.26461469,
5737738,55.26689149,
5737770,55.26461469,
5737802,55.26461469,
5737833,55.26461469,
5737865,55.26461469,
5737896,55.2623379,
5737927,55.26689149,
5737959,55.26689149,
5737990,55.26689149,
5738022,55.26461469,
5738053,55.26916828,
5738085,55.26461469,
5738116,55.26461469,
5738147,55.26461469,
5738179,55.26689149,
5738304,55.26461469,
5738435,55.26461469,
5738468,55.26461469,
5738499,55.26461469,
5738530,55.26689149,
5738562,55.26916828,
5738594,55.26461469,
5738625,55.26461469,
5738656,55.2623379,
5738688,55.26461469,
5738719,55.2623379,
5738750,55.26006111,
5738782,55.2623379,
5738813,55.26689149,
5738845,55.26461469,
5738876,55.26689149,
5738908,55.26461469,
5738939,55.2623379,
5738971,55.26689149,
5739002,55.26916828,
5739112,55.26461469,
5739243,55.26461469,
5739274,55.26461469,
5739306,55.26461469,
5739338,55.26461469,
5739369,55.26461469,
5739401,55.26461469,
5739432,55.26461469,
5739463,55.26461469,
5739495,55.26689149,
5739526,55.26461469,
5739557,55.26461469,
5739589,55.26461469,
5739620,55.26461469,
5739652,55.26689149,
5739683,55.26689149,
5739714,55.26461469,
5739746,55.26461469,
5739777,55.26689149,
5739809,55.26461469,
5739938,55.26461469,
5740069,55.26461469,
5740101,55.2623379,
5740133,55.26461469,
5740164,55.26461469,
5740195,55.26461469,
5740227,55.26461469,
5740258,55.2623379,
5740290,55.26461469,
5740321,55.26006111,
5740353,55.2623379,
5740384,55.2623379,
5740416,55.26461469,
5740447,55.26461469,
5740478,55.26461469,
5740510,55.2623379,
5740541,55.26461469,
5740572,55.26916828,
5740604,55.26461469,
5740635,55.26461469,
5740765,55.26689149,
5740896,55.26461469,
5740928,55.26461469,
5740959,55.2623379,
5740991,55.2623379,
5741023,55.26461469,
5741054,55.26461469,
5741085,55.26461469,
5741116,55.26689149,
5741148,55.26461469,
5741179,55.26689149,
5741211,55.26689149,
5741242,55.26461469,
5741274,55.26689149,
5741305,55.26689149,
5741337,55.26461469,
5741368,55.26689149,
5741399,55.26461469,
5741431,55.26689149,
5741462,55.26689149,
5741597,55.26461469,
5741728,55.26689149,
5741761,55.26689149,
5741792,55.26689149,
5741824,55.26461469,
5741856,55.26689149,
5741887,55.26461469,
5741918,55.2623379,
5741950,55.26461469,
5741981,55.26689149,
5742012,55.26916828,
5742044,55.26916828,
5742075,55.26916828,
5742107,55.26461469,
5742138,55.26461469,
5742170,55.2623379,
5742201,55.26689149,
5742232,55.26461469,
5742264,55.26689149,
5742295,55.26689149,
5742397,55.2623379,
5742527,55.26461469,
5742559,55.26689149,
5742591,55.26461469,
5742622,55.26689149,
5742653,55.26461469,
5742685,55.26461469,
5742716,55.2623379,
5742748,55.26461469,
5742779,55.26461469,
5742811,55.26461469,
5742842,55.26461469,
5742874,55.26461469,
5742905,55.26689149,
5742936,55.26689149,
5742968,55.26689149,
5742999,55.26689149,
5743030,55.26689149,
5743062,55.26689149,
5743093,55.26689149,
5743218,55.26689149,
5743349,55.26689149,
5743381,55.26689149,
5743413,55.26461469,
5743444,55.26689149,
5743476,55.26689149,
5743507,55.26689149,
5743539,55.26461469,
5743570,55.26461469,
5743602,55.26461469,
5743633,55.26689149,
5743664,55.26689149,
5743696,55.26689149,
5743727,55.26689149,
5743759,55.26916828,
5743790,55.26689149,
5743822,55.26689149,
5743853,55.26916828,
5743885,55.26461469,
5743916,55.26461469,
5744030,55.26461469,
5744162,55.26461469,
5744194,55.26461469,
5744226,55.26689149,
5744257,55.26916828,
5744288,55.26689149,
5744320,55.26689149,
5744351,55.26689149,
5744383,55.26461469,
5744414,55.26461469,
5744446,55.26461469,
5744477,55.26689149,
5744509,55.26689149,
5744540,55.26461469,
5744571,55.26689149,
5744603,55.26689149,
5744634,55.26461469,
5744665,55.26461469,
5744697,55.26689149,
5744728,55.26461469,
5744851,55.26689149,
5744983,55.26916828,
5745015,55.2623379,
5745046,55.26461469,
5745078,55.26461469,
5745109,55.26461469,
5745141,55.26689149,
5745172,55.26461469,
5745203,55.2623379,
5745235,55.26916828,
5745266,55.26461469,
5745298,55.26689149,
5745329,55.26916828,
5745361,55.26461469,
5745392,55.26689149,
5745423,55.26916828,
5745455,55.26689149,
5745486,55.26461469,
5745517,55.26461469,
5745549,55.26689149,
5745681,55.2623379,
5745811,55.26689149,
5745843,55.26461469,
5745875,55.26689149,
5745906,55.26461469,
5745938,55.26689149,
5745969,55.26689149,
5746001,55.26689149,
5746032,55.26689149,
5746064,55.26916828,
5746095,55.26916828,
5746126,55.26689149,
5746158,55.26689149,
5746189,55.26689149,
5746220,55.26916828,
5746252,55.26689149,
5746283,55.26461469,
5746315,55.26461469,
5746346,55.26689149,
5746378,55.26689149,
5746491,55.26461469,
5746621,55.26689149,
5746653,55.26689149,
5746684,55.26689149,
5746715,55.26689149,
5746747,55.26689149,
5746778,55.26689149,
5746810,55.26689149,
5746841,55.26689149,
5746873,55.26689149,
5746904,55.26689149,
5746935,55.26689149,
5746967,55.26916828,
5746998,55.26689149,
5747030,55.26461469,
5747061,55.26916828,
5747093,55.26461469,
5747124,55.26461469,
5747155,55.26461469,
5747187,55.26689149,
5747313,55.26689149,
5747444,55.27144508,
5747476,55.26916828,
5747508,55.26689149,
5747539,55.26689149,
5747571,55.26916828,
5747602,55.26689149,
5747634,55.26916828,
5747665,55.26689149,
5747696,55.26461469,
5747728,55.26916828,
5747759,55.26461469,
5747791,55.26689149,
5747822,55.26689149,
5747853,55.26689149,
5747885,55.26689149,
5747917,55.26916828,
5747948,55.26689149,
5747979,55.26689149,
5748011,55.27144508,
5748131,55.26689149,
5748263,55.26689149,
5748295,55.26689149,
5748326,55.26689149,
5748358,55.26461469,
5748389,55.26689149,
5748421,55.26689149,
5748452,55.26689149,
5748483,55.26689149,
5748515,55.26689149,
5748546,55.26916828,
5748578,55.26689149,
5748609,55.26689149,
5748641,55.26916828,
5748672,55.26461469,
5748703,55.26916828,
5748735,55.26916828,
5748766,55.26689149,
5748797,55.26689149,
5748829,55.26916828,
5748962,55.26461469,
5749093,55.26689149,
5749126,55.26689149,
5749157,55.26689149,
5749189,55.26916828,
5749220,55.26689149,
5749252,55.26689149,
5749283,55.26461469,
5749315,55.26916828,
5749346,55.26689149,
5749377,55.26916828,
5749409,55.26689149,
5749440,55.26689149,
5749472,55.26689149,
5749503,55.26689149,
5749534,55.27144508,
5749566,55.26689149,
5749597,55.26916828,
5749629,55.26689149,
5749660,55.26689149,
5749772,55.26689149,
5749903,55.26689149,
5749935,55.26689149,
5749967,55.26689149,
5749998,55.26461469,
5750030,55.26916828,
5750061,55.26689149,
5750093,55.26689149,
5750124,55.26916828,
5750155,55.26916828,
5750187,55.26689149,
5750218,55.26461469,
5750250,55.26689149,
5750281,55.26689149,
5750312,55.26916828,
5750344,55.26689149,
5750375,55.26916828,
5750407,55.26916828,
5750438,55.26689149,
5750470,55.26916828,
5750580,55.26916828,
5750711,55.26689149,
5750743,55.26689149,
5750775,55.26916828,
5750806,55.26689149,
5750837,55.26689149,
5750869,55.26916828,
5750901,55.26689149,
5750932,55.26916828,
5750964,55.26689149,
5750995,55.26689149,
5751026,55.26916828,
5751058,55.26689149,
5751089,55.26461469,
5751120,55.26689149,
5751152,55.26689149,
5751183,55.26689149,
5751215,55.26689149,
5751246,55.26916828,
5751278,55.26689149,
5751411,55.26461469,
5751542,55.26689149,
5751574,55.26689149,
5751606,55.26916828,
5751637,55.26689149,
5751669,55.26689149,
5751700,55.26689149,
5751731,55.26689149,
5751763,55.26689149,
5751794,55.26689149,
5751826,55.26689149,
5751857,55.26689149,
5751889,55.26461469,
5751920,55.26916828,
5751951,55.26689149,
5751983,55.26916828,
5752014,55.26916828,
5752046,55.26689149,
5752077,55.26916828,
5752109,55.26916828,
5752234,55.26689149,
5752366,55.27144508,
5752397,55.26689149,
5752429,55.26916828,
5752461,55.26461469,
5752492,55.27144508,
5752524,55.26916828,
5752555,55.26916828,
5752586,55.26689149,
5752618,55.26689149,
5752649,55.26461469,
5752680,55.26916828,
5752712,55.26689149,
5752743,55.26916828,
5752775,55.26689149,
5752806,55.26689149,
5752838,55.26689149,
5752869,55.26461469,
5752901,55.26916828,
5752932,55.26689149,
5753043,55.26916828,
5753175,55.26916828,
5753207,55.26916828,
5753238,55.26689149,
5753270,55.26689149,
5753301,55.26461469,
5753333,55.26689149,
5753364,55.26461469,
5753395,55.26461469,
5753427,55.26689149,
5753458,55.26689149,
5753490,55.26916828,
5753521,55.26916828,
5753553,55.26916828,
5753584,55.26916828,
5753615,55.26916828,
5753647,55.26689149,
5753678,55.26689149,
5753709,55.26916828,
5753741,55.27144508,
5753878,55.26461469,
5754008,55.26689149,
5754040,55.26916828,
5754072,55.26689149,
5754103,55.26916828,
5754135,55.26916828,
5754166,55.26916828,
5754197,55.26916828,
5754229,55.26916828,
5754261,55.26689149,
5754292,55.26689149,
5754323,55.26916828,
5754355,55.26689149,
5754386,55.27144508,
5754417,55.26689149,
5754449,55.26916828,
5754480,55.26689149,
5754511,55.26916828,
5754543,55.26916828,
5754575,55.27144508,
5754680,55.26916828,
5754812,55.26689149,
5754844,55.26916828,
5754876,55.26689149,
5754907,55.26916828,
5754938,55.26689149,
5754970,55.26689149,
5755001,55.26916828,
5755033,55.26461469,
5755064,55.26689149,
5755096,55.26916828,
5755127,55.26916828,
5755159,55.26689149,
5755190,55.26916828,
5755221,55.27144508,
5755253,55.26689149,
5755284,55.26916828,
5755315,55.26916828,
5755347,55.26689149,
5755378,55.26689149,
5755587,55.26916828,
5755718,55.26916828,
5755750,55.26689149,
5755782,55.26689149,
5755813,55.26916828,
5755845,55.26916828,
5755877,55.26689149,
5755908,55.26689149,
5755939,55.26916828,
5755971,55.26916828,
5756002,55.26916828,
5756033,55.27144508,
5756065,55.26916828,
5756096,55.26916828,
5756128,55.26916828,
5756159,55.27144508,
5756190,55.26689149,
5756222,55.26916828,
5756253,55.26916828,
5756285,55.26689149,
5756425,55.26916828,
5756556,55.27144508,
5756588,55.26916828,
5756620,55.26916828,
5756651,55.26916828,
5756682,55.26916828,
5756714,55.26916828,
5756745,55.27144508,
5756777,55.27144508,
5756808,55.26916828,
5756840,55.27144508,
5756871,55.27144508,
5756903,55.26916828,
5756934,55.27144508,
5756965,55.26689149,
5756997,55.26916828,
5757028,55.27144508,
5757059,55.26689149,
5757091,55.26689149,
5757122,55.26916828,
5757237,55.27144508,
5757369,55.26916828,
5757401,55.26689149,
5757432,55.27144508,
5757464,55.26916828,
5757495,55.27144508,
5757527,55.26916828,
5757558,55.26689149,
5757589,55.26689149,
5757621,55.27144508,
5757652,55.26689149,
5757683,55.26916828,
5757715,55.27144508,
5757747,55.26916828,
5757778,55.26916828,
5757809,55.26916828,
5757841,55.26916828,
5757872,55.26689149,
5757903,55.26916828,
5757935,55.26916828,
5758059,55.26916828,
5758189,55.26916828,
5758222,55.26916828,
5758253,55.26689149,
5758284,55.26916828,
5758316,55.26916828,
5758347,55.26916828,
5758379,55.27144508,
5758410,55.27372187,
5758442,55.26916828,
5758473,55.26916828,
5758504,55.27372187,
5758536,55.27144508,
5758567,55.26916828,
5758599,55.26916828,
5758630,55.26916828,
5758662,55.26916828,
5758693,55.26916828,
5758724,55.26689149,
5758756,55.26916828,
5758893,55.26689149,
5759024,55.26916828,
5759057,55.26689149,
5759088,55.26689149,
5759119,55.27144508,
5759151,55.26916828,
5759183,55.26916828,
5759214,55.26916828,
5759245,55.26916828,
5759277,55.26916828,
5759308,55.26916828,
5759339,55.27144508,
5759371,55.26916828,
5759402,55.27144508,
5759433,55.27144508,
5759465,55.26689149,
5759496,55.26689149,
5759528,55.27144508,
5759559,55.26916828,
5759591,55.26916828,
5759693,55.26689149,
5759825,55.26689149,
5759856,55.27144508,
5759888,55.26916828,
5759920,55.27144508,
5759951,55.27372187,
5759983,55.27144508,
5760014,55.26916828,
5760045,55.26916828,
5760077,55.27144508,
5760108,55.26461469,
5760140,55.26689149,
5760171,55.26461469,
5760203,55.26916828,
5760234,55.26689149,
5760265,55.26916828,
5760297,55.26916828,
5760328,55.26916828,
5760359,55.27144508,
5760391,55.27144508,
5760538,55.26689149,
5760670,55.26461469,
5760702,55.26689149,
5760734,55.26916828,
5760765,55.26916828,
5760797,55.26916828,
5760828,55.27144508,
5760859,55.27372187,
5760891,55.26916828,
5760923,55.26689149,
5760954,55.26916828,
5760985,55.27372187,
5761017,55.27144508,
5761048,55.26916828,
5761079,55.26916828,
5761111,55.26689149,
5761142,55.26916828,
5761174,55.26916828,
5761205,55.26689149,
5761237,55.26916828,
5761338,55.26689149,
5761469,55.27144508,
5761501,55.26916828,
5761533,55.27144508,
5761564,55.26916828,
5761595,55.26916828,
5761627,55.26916828,
5761658,55.27144508,
5761690,55.27144508,
5761721,55.27144508,
5761753,55.26689149,
5761784,55.26689149,
5761816,55.27144508,
5761847,55.27144508,
5761878,55.27144508,
5761910,55.26916828,
5761941,55.26689149,
5761973,55.26916828,
5762004,55.26916828,
5762035,55.27144508,
5762164,55.26916828,
5762295,55.27144508,
5762327,55.26916828,
5762359,55.27144508,
5762390,55.27144508,
5762422,55.26916828,
5762453,55.26916828,
5762485,55.26689149,
5762516,55.27144508,
5762548,55.26916828,
5762579,55.26689149,
5762610,55.26689149,
5762642,55.27144508,
5762673,55.26916828,
5762704,55.26916828,
5762736,55.26689149,
5762767,55.27144508,
5762799,55.26916828,
5762830,55.26916828,
5762862,55.27144508,
5762974,55.26689149,
5763105,55.26916828,
5763137,55.27372187,
5763169,55.26916828,
5763200,55.26689149,
5763231,55.26916828,
5763263,55.27144508,
5763295,55.27144508,
5763326,55.26916828,
5763357,55.27144508,
5763389,55.27372187,
5763420,55.27372187,
5763452,55.27144508,
5763483,55.27372187,
5763514,55.26689149,
5763546,55.27144508,
5763577,55.26689149,
5763608,55.26689149,
5763640,55.26916828,
5763671,55.26916828,
5763797,55.27144508,
5763927,55.27144508,
5763959,55.26916828,
5763991,55.27144508,
5764022,55.26916828,
5764053,55.26916828,
5764085,55.27144508,
5764116,55.27144508,
5764148,55.27144508,
5764179,55.27144508,
5764211,55.27144508,
5764242,55.26689149,
5764274,55.26689149,
5764305,55.26916828,
5764336,55.26916828,
5764368,55.27144508,
5764399,55.27144508,
5764430,55.26916828,
5764462,55.26916828,
5764493,55.26689149,
5764611,55.26916828,
5764743,55.26916828,
5764775,55.27144508,
5764807,55.26916828,
5764838,55.27144508,
5764869,55.27144508,
5764901,55.26916828,
5764932,55.27144508,
5764963,55.27144508,
5764995,55.27144508,
5765026,55.26916828,
5765058,55.27372187,
5765089,55.27144508,
5765121,55.27144508,
5765152,55.27144508,
5765184,55.26916828,
5765215,55.26916828,
5765246,55.27144508,
5765277,55.26916828,
5765309,55.26916828,
5765437,55.27144508,
5765568,55.27144508,
5765601,55.27372187,
5765632,55.27144508,
5765663,55.26689149,
5765695,55.27372187,
5765726,55.27144508,
5765758,55.26916828,
5765789,55.27144508,
5765820,55.27144508,
5765852,55.26916828,
5765883,55.27144508,
5765915,55.27372187,
5765946,55.26689149,
5765977,55.26916828,
5766009,55.26916828,
5766041,55.27144508,
5766072,55.26916828,
5766103,55.27144508,
5766135,55.26916828,
5766260,55.27372187,
5766391,55.26916828,
5766424,55.26916828,
5766455,55.26916828,
5766486,55.26916828,
5766518,55.27144508,
5766550,55.26916828,
5766581,55.27144508,
5766612,55.26916828,
5766644,55.27144508,
5766675,55.26916828,
5766706,55.26916828,
5766738,55.27372187,
5766770,55.26916828,
5766801,55.27372187,
5766833,55.27144508,
5766864,55.26916828,
5766895,55.26916828,
5766927,55.26916828,
5766958,55.27144508,
5767083,55.27144508,
5767214,55.27144508,
5767247,55.26916828,
5767278,55.26916828,
5767309,55.26916828,
5767342,55.27144508,
5767373,55.26916828,
5767404,55.27144508,
5767436,55.27144508,
5767468,55.27144508,
5767499,55.26916828,
5767530,55.26916828,
5767562,55.27144508,
5767593,55.27372187,
5767625,55.27144508,
5767656,55.27144508,
5767688,55.26916828,
5767719,55.26916828,
5767751,55.27144508,
5767782,55.27372187,
5767896,55.27144508,
5768028,55.27144508,
5768060,55.27144508,
5768091,55.26689149,
5768123,55.27144508,
5768154,55.27144508,
5768186,55.27372187,
5768217,55.27144508,
5768248,55.26916828,
5768280,55.27372187,
5768311,55.27144508,
5768343,55.27372187,
5768374,55.27144508,
5768406,55.26916828,
5768437,55.27144508,
5768468,55.27144508,
5768500,55.26916828,
5768531,55.27144508,
5768562,55.26916828,
5768594,55.27372187,
5768819,55.26916828,
5768949,55.26916828,
5768981,55.26916828,
5769013,55.27144508,
5769044,55.27144508,
5769075,55.27144508,
5769107,55.26916828,
5769138,55.26916828,
5769170,55.27144508,
5769201,55.26916828,
5769233,55.26916828,
5769264,55.27144508,
5769296,55.26916828,
5769327,55.26916828,
5769358,55.27144508,
5769390,55.26916828,
5769421,55.26916828,
5769452,55.27372187,
5769484,55.27372187,
5769515,55.27144508,
5769737,55.26916828,
5769867,55.27372187,
5769899,55.27144508,
5769931,55.27144508,
5769962,55.27372187,
5769993,55.26916828,
5770025,55.27144508,
5770056,55.27144508,
5770088,55.27144508,
5770119,55.27144508,
5770151,55.27144508,
5770182,55.27372187,
5770213,55.27144508,
5770245,55.26916828,
5770276,55.27144508,
5770308,55.27144508,
5770339,55.27144508,
5770370,55.27144508,
5770401,55.27372187,
5770433,55.27372187,
5770555,55.27372187,
5770686,55.27372187,
5770719,55.26916828,
5770750,55.27372187,
5770781,55.27144508,
5770813,55.27144508,
5770844,55.27144508,
5770876,55.27372187,
5770907,55.26916828,
5770939,55.27372187,
5770970,55.27144508,
5771001,55.27144508,
5771033,55.27144508,
5771064,55.27144508,
5771096,55.27372187,
5771127,55.27144508,
5771159,55.27144508,
5771190,55.26916828,
5771221,55.27372187,
5771253,55.27372187,
5771382,55.26916828,
5771513,55.27372187,
5771546,55.27144508,
5771577,55.27372187,
5771608,55.27372187,
5771640,55.27372187,
5771672,55.27372187,
5771703,55.27144508,
5771734,55.27144508,
5771766,55.27372187,
5771797,55.27144508,
5771828,55.27144508,
5771860,55.27144508,
5771891,55.27372187,
5771923,55.27144508,
5771954,55.27144508,
5771986,55.27144508,
5772017,55.26916828,
5772049,55.26916828,
5772080,55.27144508,
5772395,55.27144508,
5772525,55.27144508,
5772558,55.27144508,
5772589,55.27144508,
5772620,55.27144508,
5772652,55.27372187,
5772683,55.27372187,
5772715,55.26916828,
5772746,55.26916828,
5772778,55.27372187,
5772809,55.27144508,
5772840,55.27144508,
5772872,55.26916828,
5772903,55.27372187,
5772935,55.27144508,
5772966,55.27144508,
5772998,55.26916828,
5773029,55.27144508,
5773060,55.27144508,
5773092,55.26916828,
5773218,55.26916828,
5773350,55.27144508,
5773382,55.27372187,
5773413,55.26916828,
5773444,55.27144508,
5773476,55.27372187,
5773507,55.27144508,
5773539,55.26916828,
5773570,55.27372187,
5773602,55.27372187,
5773633,55.27144508,
5773664,55.27372187,
5773696,55.26916828,
5773727,55.26916828,
5773759,55.27144508,
5773790,55.27144508,
5773822,55.27372187,
5773853,55.27144508,
5773884,55.27372187,
5773916,55.27144508,
5774065,55.27144508,
5774197,55.27144508,
5774229,55.26916828,
5774260,55.27144508,
5774291,55.26916828,
5774323,55.27144508,
5774355,55.27372187,
5774386,55.27372187,
5774417,55.27372187,
5774449,55.27144508,
5774480,55.27599866,
5774512,55.27144508,
5774543,55.27372187,
5774574,55.27372187,
5774605,55.27372187,
5774637,55.27599866,
5774669,55.27372187,
5774700,55.27599866,
5774731,55.27144508,
5774763,55.27372187,
5774862,55.27372187,
5774994,55.27372187,
5775026,55.27372187,
5775058,55.27372187,
5775089,55.27144508,
5775120,55.27372187,
5775152,55.27372187,
5775183,55.27372187,
5775214,55.27372187,
5775246,55.27372187,
5775278,55.26916828,
5775309,55.27144508,
5775341,55.27144508,
5775372,55.27599866,
5775403,55.26916828,
5775435,55.27372187,
5775466,55.27372187,
5775497,55.27372187,
5775529,55.27144508,
5775560,55.27372187,
5775681,55.27144508,
5775812,55.27372187,
5775845,55.27144508,
5775876,55.27144508,
5775907,55.27372187,
5775939,55.26916828,
5775971,55.27144508,
5776002,55.27144508,
5776033,55.27372187,
5776065,55.27144508,
5776096,55.27144508,
5776127,55.27144508,
5776159,55.27144508,
5776190,55.27144508,
5776221,55.27599866,
5776253,55.27144508,
5776285,55.27144508,
5776316,55.27372187,
5776347,55.27372187,
5776379,55.27372187,
5776495,55.27144508,
5776626,55.27144508,
5776658,55.27372187,
5776690,55.27372187,
5776721,55.27372187,
5776752,55.27599866,
5776784,55.27144508,
5776815,55.27144508,
5776847,55.27144508,
5776879,55.27144508,
5776910,55.27372187,
5776941,55.27144508,
5776973,55.27372187,
5777004,55.27372187,
5777035,55.27372187,
5777067,55.27144508,
5777098,55.27144508,
5777130,55.27372187,
5777161,55.27144508,
5777193,55.27144508,
5777311,55.27372187,
5777442,55.27144508,
5777474,55.27372187,
5777506,55.27827546,
5777537,55.27372187,
5777568,55.27144508,
5777600,55.27144508,
5777631,55.27372187,
5777663,55.27144508,
5777694,55.27599866,
5777726,55.27144508,
5777757,55.27599866,
5777789,55.27144508,
5777820,55.27372187,
5777851,55.27372187,
5777883,55.27144508,
5777914,55.27144508,
5777946,55.27372187,
5777977,55.27144508,
5778009,55.27372187,
5778139,55.27144508,
5778270,55.27372187,
5778302,55.27372187,
5778334,55.27144508,
5778365,55.27144508,
5778397,55.27599866,
5778428,55.27144508,
5778459,55.27372187,
5778491,55.27144508,
5778522,55.27372187,
5778554,55.27372187,
5778585,55.27144508,
5778617,55.27144508,
5778648,55.27599866,
5778679,55.27372187,
5778711,55.27144508,
5778742,55.27372187,
5778773,55.27372187,
5778805,55.27372187,
5778836,55.27372187,
5778953,55.27144508,
5779084,55.27599866,
5779116,55.27372187,
5779148,55.27144508,
5779179,55.27144508,
5779210,55.27599866,
5779242,55.27372187,
5779273,55.27144508,
5779305,55.27372187,
5779336,55.27144508,
5779368,55.27372187,
5779399,55.27599866,
5779430,55.27372187,
5779462,55.27372187,
5779493,55.27599866,
5779525,55.27372187,
5779556,55.27372187,
5779587,55.27372187,
5779619,55.27827546,
5779650,55.27372187,
5779878,55.27599866,
5780009,55.27372187,
5780042,55.27144508,
5780073,55.27372187,
5780104,55.27372187,
5780136,55.27372187,
5780167,55.27372187,
5780199,55.27144508,
5780230,55.27372187,
5780262,55.27144508,
5780293,55.27144508,
5780324,55.27372187,
5780356,55.27144508,
5780387,55.27144508,
5780418,55.27144508,
5780450,55.27372187,
5780481,55.27144508,
5780513,55.27372187,
5780544,55.27372187,
5780576,55.27372187,
5780696,55.27372187,
5780827,55.27372187,
5780859,55.27144508,
5780891,55.27144508,
5780922,55.27372187,
5780953,55.27372187,
5780985,55.27599866,
5781016,55.27372187,
5781047,55.27599866,
5781079,55.27372187,
5781110,55.27372187,
5781142,55.27599866,
5781173,55.27372187,
5781205,55.27372187,
5781236,55.27372187,
5781267,55.27372187,
5781299,55.27144508,
5781330,55.27372187,
5781361,55.27372187,
5781393,55.27144508,
5781510,55.27372187,
5781640,55.27372187,
5781672,55.27372187,
5781704,55.27372187,
5781735,55.27372187,
5781766,55.27372187,
5781798,55.27144508,
5781829,55.27372187,
5781861,55.27827546,
5781892,55.27599866,
5781924,55.27599866,
5781955,55.27372187,
5781987,55.27599866,
5782018,55.27372187,
5782049,55.27599866,
5782081,55.27599866,
5782112,55.27599866,
5782143,55.27372187,
5782175,55.27372187,
5782206,55.27372187,
5782329,55.27372187,
5782461,55.27372187,
5782493,55.27599866,
5782524,55.27144508,
5782556,55.27372187,
5782587,55.27372187,
5782619,55.27372187,
5782650,55.27827546,
5782681,55.27372187,
5782713,55.27599866,
5782744,55.27599866,
5782776,55.27372187,
5782807,55.27372187,
5782839,55.27599866,
5782870,55.27599866,
5782902,55.27599866,
5782933,55.27827546,
5782964,55.27372187,
5782995,55.27372187,
5783027,55.27372187,
5783159,55.27144508,
5783290,55.27599866,
5783322,55.27144508,
5783354,55.27372187,
5783385,55.27372187,
5783417,55.27372187,
5783449,55.27144508,
5783480,55.27372187,
5783511,55.26916828,
5783543,55.27372187,
5783574,55.27599866,
5783605,55.27599866,
5783637,55.27372187,
5783668,55.27372187,
5783700,55.27599866,
5783731,55.27827546,
5783763,55.27827546,
5783794,55.27372187,
5783825,55.27372187,
5783857,55.27599866,
5783972,55.27372187,
5784103,55.27599866,
5784135,55.27599866,
5784167,55.27372187,
5784198,55.27827546,
5784230,55.27372187,
5784261,55.27599866,
5784293,55.27599866,
5784324,55.27599866,
5784356,55.27599866,
5784387,55.27599866,
5784418,55.27599866,
5784450,55.27599866,
5784481,55.27827546,
5784512,55.27372187,
5784544,55.27599866,
5784575,55.27599866,
5784607,55.27599866,
5784638,55.27599866,
5784670,55.27372187,
5784785,55.27372187,
5784916,55.27372187,
5784948,55.27599866,
5784980,55.27144508,
5785011,55.27599866,
5785042,55.27599866,
5785074,55.27372187,
5785105,55.27599866,
5785136,55.27599866,
5785168,55.27372187,
5785200,55.27599866,
5785231,55.27372187,
5785262,55.27599866,
5785294,55.27599866,
5785325,55.27372187,
5785357,55.27599866,
5785388,55.27599866,
5785419,55.27599866,
5785450,55.27372187,
5785482,55.27372187,
5785606,55.27372187,
5785737,55.27372187,
5785770,55.27599866,
5785801,55.27599866,
5785832,55.27827546,
5785864,55.27599866,
5785896,55.27144508,
5785927,55.27599866,
5785958,55.27599866,
5785990,55.27599866,
5786021,55.27599866,
5786052,55.27372187,
5786084,55.27599866,
5786115,55.27599866,
5786147,55.27372187,
5786178,55.27827546,
5786210,55.27599866,
5786241,55.27372187,
5786272,55.27599866,
5786304,55.27599866,
5786428,55.27372187,
5786559,55.27372187,
5786591,55.27599866,
5786623,55.27599866,
5786654,55.27372187,
5786685,55.27827546,
5786717,55.27599866,
5786748,55.27372187,
5786780,55.27599866,
5786811,55.27372187,
5786843,55.27372187,
5786874,55.27827546,
5786906,55.27599866,
5786937,55.27599866,
5786968,55.27827546,
5787000,55.27599866,
5787031,55.27599866,
5787063,55.27599866,
5787094,55.27599866,
5787125,55.27599866,
5787241,55.27827546,
5787373,55.27827546,
5787404,55.27599866,
5787436,55.27599866,
5787468,55.27599866,
5787499,55.27599866,
5787531,55.27599866,
5787562,55.27827546,
5787593,55.27599866,
5787625,55.27827546,
5787656,55.27599866,
5787688,55.27599866,
5787719,55.27599866,
5787751,55.27599866,
5787782,55.27599866,
5787813,55.27827546,
5787845,55.27599866,
5787876,55.27827546,
5787908,55.27599866,
5787939,55.27599866,
5788067,55.27144508,
5788198,55.27599866,
5788230,55.27599866,
5788262,55.27599866,
5788293,55.27144508,
5788324,55.27599866,
5788356,55.27599866,
5788387,55.27599866,
5788418,55.27599866,
5788450,55.27827546,
5788481,55.27599866,
5788513,55.27599866,
5788544,55.27599866,
5788576,55.27372187,
5788607,55.27599866,
5788639,55.27827546,
5788670,55.27599866,
5788701,55.27599866,
5788732,55.27599866,
5788764,55.27827546,
5788984,55.27827546,
5789116,55.27827546,
5789148,55.27144508,
5789180,55.27599866,
5789211,55.27599866,
5789242,55.27599866,
5789274,55.27827546,
5789305,55.27372187,
5789336,55.27827546,
5789368,55.27599866,
5789399,55.27599866,
5789431,55.27827546,
5789462,55.27599866,
5789494,55.27599866,
5789525,55.27827546,
5789556,55.27599866,
5789588,55.27599866,
5789619,55.27372187,
5789650,55.27599866,
5789682,55.27372187,
5789812,55.27599866,
5789944,55.27599866,
5789976,55.27599866,
5790007,55.27827546,
5790039,55.27599866,
5790070,55.27599866,
5790102,55.27599866,
5790133,55.27599866,
5790164,55.28055225,
5790196,55.27599866,
5790227,55.27599866,
5790259,55.27372187,
5790290,55.27827546,
5790322,55.27372187,
5790353,55.27827546,
5790385,55.27372187,
5790416,55.28055225,
5790447,55.27827546,
5790479,55.27827546,
5790510,55.27827546,
5790629,55.27599866,
5790760,55.28055225,
5790792,55.27599866,
5790823,55.27599866,
5790854,55.27599866,
5790886,55.27599866,
5790918,55.27599866,
5790949,55.27599866,
5790980,55.27599866,
5791012,55.27599866,
5791043,55.28055225,
5791074,55.27827546,
5791106,55.27599866,
5791138,55.27827546,
5791169,55.27599866,
5791200,55.27599866,
5791232,55.27599866,
5791263,55.27827546,
5791294,55.27599866,
5791326,55.27827546,
5791443,55.27827546,
5791574,55.27599866,
5791606,55.27827546,
5791638,55.27599866,
5791669,55.27599866,
5791700,55.27827546,
5791732,55.27599866,
5791763,55.27827546,
5791794,55.27599866,
5791826,55.27599866,
5791858,55.27827546,
5791889,55.27599866,
5791921,55.27599866,
5791952,55.27827546,
5791983,55.27372187,
5792015,55.27599866,
5792046,55.27599866,
5792077,55.28055225,
5792109,55.27599866,
5792140,55.27827546,
5792268,55.27827546,
5792399,55.27827546,
5792431,55.27827546,
5792462,55.27599866,
5792494,55.27827546,
5792525,55.27599866,
5792557,55.27827546,
5792588,55.27827546,
5792619,55.27599866,
5792651,55.27599866,
5792682,55.27599866,
5792713,55.27599866,
5792745,55.27827546,
5792776,55.27599866,
5792808,55.27599866,
5792839,55.27827546,
5792871,55.27599866,
5792902,55.27372187,
5792933,55.28055225,
5792965,55.27599866,
5793088,55.28055225,
5793219,55.28055225,
5793251,55.27827546,
5793283,55.27372187,
5793314,55.27599866,
5793345,55.27827546,
5793377,55.27599866,
5793408,55.27827546,
5793440,55.27599866,
5793471,55.27372187,
5793503,55.27599866,
5793534,55.27827546,
5793566,55.27599866,
5793597,55.27599866,
5793628,55.28282904,
5793660,55.27827546,
5793691,55.27827546,
5793722,55.27827546,
5793754,55.27827546,
5793785,55.27599866,
5793910,55.27827546,
5794041,55.27599866,
5794073,55.28055225,
5794105,55.27599866,
5794136,55.27599866,
5794168,55.27599866,
5794199,55.27599866,
5794230,55.28055225,
5794261,55.27827546,
5794293,55.27827546,
5794324,55.27827546,
5794356,55.27827546,
5794387,55.27372187,
5794419,55.27599866,
5794450,55.27827546,
5794482,55.27827546,
5794513,55.28055225,
5794544,55.27599866,
5794576,55.28055225,
5794607,55.27599866,
5794725,55.27599866,
5794857,55.28055225,
5794889,55.28055225,
5794920,55.27599866,
5794951,55.27827546,
5794983,55.27599866,
5795014,55.27599866,
5795046,55.27827546,
5795077,55.27827546,
5795109,55.27827546,
5795140,55.27827546,
5795171,55.27372187,
5795203,55.27827546,
5795234,55.27599866,
5795265,55.27827546,
5795297,55.27827546,
5795328,55.27599866,
5795360,55.27827546,
5795391,55.28055225,
5795423,55.27827546,
5795546,55.27599866,
5795677,55.28055225,
5795710,55.27827546,
5795741,55.28055225,
5795772,55.27827546,
5795804,55.27827546,
5795835,55.27827546,
5795867,55.28055225,
5795898,55.27599866,
5795930,55.27599866,
5795961,55.27599866,
5795992,55.27827546,
5796024,55.27372187,
5796055,55.27827546,
5796087,55.27599866,
5796118,55.28055225,
5796150,55.27827546,
5796181,55.27827546,
5796213,55.27372187,
5796244,55.27827546,
5796355,55.28055225,
5796486,55.27599866,
5796519,55.28055225,
5796550,55.28055225,
5796581,55.27599866,
5796613,55.27827546,
5796645,55.27827546,
5796676,55.28055225,
5796707,55.27827546,
5796739,55.28055225,
5796770,55.27599866,
5796801,55.27827546,
5796833,55.27827546,
5796864,55.27827546,
5796896,55.27599866,
5796927,55.27827546,
5796959,55.27827546,
5796990,55.27827546,
5797021,55.27599866,
5797053,55.27827546,
5797180,55.27599866,
5797312,55.27599866,
5797344,55.27827546,
5797375,55.28055225,
5797407,55.27599866,
5797438,55.27827546,
5797470,55.27599866,
5797501,55.28055225,
5797532,55.27827546,
5797564,55.27827546,
5797595,55.27827546,
5797626,55.28055225,
5797658,55.28055225,
5797689,55.27827546,
5797721,55.27599866,
5797752,55.27827546,
5797784,55.27827546,
5797815,55.28055225,
5797846,55.27599866,
5797878,55.27827546,
5797995,55.28055225,
5798127,55.28055225,
5798159,55.27599866,
5798190,55.27827546,
5798222,55.27827546,
5798253,55.27599866,
5798285,55.27599866,
5798316,55.27827546,
5798347,55.27599866,
5798379,55.27827546,
5798410,55.27372187,
5798442,55.28055225,
5798473,55.28055225,
5798504,55.28055225,
5798536,55.27827546,
5798567,55.27827546,
5798599,55.28282904,
5798630,55.27827546,
5798661,55.27827546,
5798693,55.27599866,
5798816,55.27827546,
5798947,55.27827546,
5798979,55.27827546,
5799011,55.27599866,
5799042,55.27827546,
5799073,55.27827546,
5799105,55.27827546,
5799136,55.27599866,
5799167,55.27827546,
5799199,55.27827546,
5799230,55.28055225,
5799262,55.28282904,
5799293,55.27827546,
5799325,55.27599866,
5799356,55.27827546,
5799388,55.27827546,
5799419,55.27599866,
5799450,55.27599866,
5799481,55.27827546,
5799513,55.27827546,
5799640,55.28282904,
5799771,55.27827546,
5799803,55.27827546,
5799835,55.28055225,
5799866,55.27827546,
5799897,55.27827546,
5799929,55.27827546,
5799960,55.27827546,
5799991,55.28055225,
5800023,55.28055225,
5800055,55.27827546,
5800086,55.27827546,
5800117,55.28055225,
5800149,55.27827546,
5800180,55.27599866,
5800212,55.27827546,
5800243,55.27599866,
5800274,55.28055225,
5800306,55.27827546,
5800337,55.27827546,
5800543,55.28055225,
5800674,55.28055225,
5800706,55.28055225,
5800738,55.28055225,
5800769,55.27827546,
5800800,55.28055225,
5800832,55.27827546,
5800863,55.27827546,
5800895,55.28282904,
5800926,55.27827546,
5800958,55.28055225,
5800989,55.27827546,
5801020,55.27599866,
5801052,55.27827546,
5801083,55.28055225,
5801114,55.27827546,
5801146,55.28055225,
5801177,55.28282904,
5801208,55.28282904,
5801240,55.28055225,
5801373,55.27827546,
5801504,55.27827546,
5801537,55.27827546,
5801568,55.28055225,
5801599,55.28055225,
5801630,55.28055225,
5801662,55.27827546,
5801693,55.28055225,
5801725,55.27827546,
5801756,55.27827546,
5801788,55.28055225,
5801819,55.27827546,
5801851,55.27827546,
5801882,55.28055225,
5801913,55.28055225,
5801945,55.27827546,
5801976,55.28055225,
5802008,55.27827546,
5802039,55.28055225,
5802071,55.28055225,
5802206,55.27827546,
5802337,55.28055225,
5802369,55.27827546,
5802401,55.27827546,
5802432,55.28282904,
5802464,55.27827546,
5802495,55.28055225,
5802526,55.27827546,
5802558,55.27827546,
5802589,55.28055225,
5802621,55.28282904,
5802652,55.27827546,
5802684,55.28055225,
5802715,55.27827546,
5802746,55.28282904,
5802778,55.28055225,
5802809,55.27827546,
5802840,55.27599866,
5802872,55.27827546,
5802904,55.28055225,
5803021,55.27827546,
5803151,55.28055225,
5803183,55.27827546,
5803214,55.27827546,
5803246,55.28055225,
5803277,55.28055225,
5803309,55.27827546,
5803340,55.28282904,
5803371,55.28055225,
5803403,55.27827546,
5803434,55.28055225,
5803465,55.27827546,
5803497,55.28055225,
5803528,55.28055225,
5803560,55.28055225,
5803591,55.27827546,
5803623,55.27827546,
5803654,55.27827546,
5803685,55.28055225,
5803717,55.27827546,
5803834,55.27599866,
5803966,55.27599866,
5803998,55.28282904,
5804030,55.28055225,
5804061,55.27827546,
5804092,55.28055225,
5804124,55.28282904,
5804155,55.28055225,
5804186,55.28055225,
5804218,55.27827546,
5804250,55.28282904,
5804281,55.28282904,
5804312,55.27827546,
5804344,55.27827546,
5804375,55.28055225,
5804407,55.27827546,
5804438,55.28055225,
5804469,55.27599866,
5804500,55.27827546,
5804532,55.28055225,
5804648,55.27827546,
5804779,55.27599866,
5804811,55.27827546,
5804843,55.28055225,
5804874,55.27827546,
5804906,55.28055225,
5804937,55.28282904,
5804969,55.28055225,
5805000,55.28282904,
5805032,55.28055225,
5805063,55.27827546,
5805094,55.27827546,
5805126,55.28055225,
5805157,55.28055225,
5805189,55.28055225,
5805220,55.27827546,
5805251,55.28055225,
5805283,55.28055225,
5805314,55.27827546,
5805346,55.28282904,
5805469,55.28055225,
5805601,55.28282904,
5805632,55.27827546,
5805664,55.28055225,
5805695,55.28055225,
5805727,55.27599866,
5805759,55.28055225,
5805790,55.28055225,
5805821,55.28055225,
5805853,55.28055225,
5805884,55.28055225,
5805915,55.28055225,
5805947,55.28055225,
5805978,55.28055225,
5806010,55.28282904,
5806041,55.28055225,
5806072,55.28055225,
5806104,55.27827546,
5806135,55.28282904,
5806167,55.27827546,
5806290,55.28055225,
5806421,55.27827546,
5806454,55.28055225,
5806485,55.28282904,
5806516,55.28055225,
5806548,55.28055225,
5806579,55.28055225,
5806611,55.28055225,
5806642,55.28055225,
5806674,55.28055225,
5806705,55.28282904,
5806736,55.28055225,
5806768,55.28055225,
5806799,55.28282904,
5806831,55.28055225,
5806862,55.27827546,
5806894,55.28055225,
5806925,55.28055225,
5806956,55.27827546,
5806988,55.27827546,
5807113,55.27827546,
5807243,55.28282904,
5807275,55.28055225,
5807307,55.27827546,
5807338,55.28282904,
5807369,55.27827546,
5807401,55.27827546,
5807432,55.28282904,
5807464,55.28055225,
5807495,55.27827546,
5807527,55.28055225,
5807558,55.28055225,
5807589,55.27827546,
5807621,55.28055225,
5807652,55.27827546,
5807684,55.28055225,
5807715,55.27827546,
5807746,55.28055225,
5807778,55.28055225,
5807809,55.27599866,
5807924,55.28055225,
5808054,55.28055225,
5808085,55.28055225,
5808117,55.28055225,
5808149,55.28055225,
5808180,55.28282904,
5808212,55.28282904,
5808243,55.28055225,
5808274,55.28282904,
5808306,55.28055225,
5808338,55.28055225,
5808369,55.27827546,
5808400,55.28055225,
5808432,55.28282904,
5808463,55.28055225,
5808494,55.28282904,
5808526,55.28282904,
5808557,55.28282904,
5808588,55.28055225,
5808620,55.28055225,
5808746,55.28055225,
5808877,55.28055225,
5808909,55.28055225,
5808941,55.28055225,
5808972,55.27827546,
5809003,55.28055225,
5809035,55.28055225,
5809066,55.28055225,
5809098,55.28055225,
5809129,55.28282904,
5809161,55.27827546,
5809192,55.28055225,
5809224,55.28055225,
5809255,55.28282904,
5809286,55.28055225,
5809317,55.28055225,
5809349,55.28055225,
5809380,55.28282904,
5809412,55.28510584,
5809443,55.28055225,
5809565,55.28282904,
5809697,55.27827546,
5809729,55.28055225,
5809760,55.28055225,
5809791,55.28055225,
5809822,55.28055225,
5809854,55.28282904,
5809886,55.28055225,
5809917,55.28055225,
5809949,55.28055225,
5809980,55.28055225,
5810011,55.28055225,
5810043,55.28055225,
5810074,55.28055225,
5810106,55.28055225,
5810137,55.28055225,
5810169,55.28055225,
5810200,55.27827546,
5810231,55.28055225,
5810263,55.28055225,
5810381,55.27827546,
5810513,55.28055225,
5810545,55.28055225,
5810577,55.28055225,
5810608,55.28282904,
5810639,55.28055225,
5810671,55.28282904,
5810702,55.28055225,
5810733,55.28055225,
5810765,55.28282904,
5810796,55.28055225,
5810828,55.28282904,
5810860,55.28282904,
5810891,55.28282904,
5810922,55.27599866,
5810953,55.28055225,
5810985,55.28055225,
5811016,55.27827546,
5811048,55.28055225,
5811079,55.28055225,
5811207,55.28055225,
5811338,55.27827546,
5811371,55.28055225,
5811402,55.28055225,
5811433,55.28055225,
5811465,55.28055225,
5811496,55.28055225,
5811528,55.28055225,
5811559,55.27827546,
5811591,55.28055225,
5811622,55.27827546,
5811653,55.28055225,
5811685,55.28055225,
5811716,55.27827546,
5811747,55.28055225,
5811779,55.27827546,
5811810,55.28282904,
5811842,55.28055225,
5811873,55.28055225,
5811905,55.28282904,
5812037,55.28055225,
5812168,55.28055225,
5812200,55.28055225,
5812232,55.28055225,
5812263,55.27599866,
5812295,55.28282904,
5812326,55.28282904,
5812358,55.28282904,
5812389,55.28055225,
5812421,55.28282904,
5812452,55.27827546,
5812484,55.28282904,
5812516,55.27827546,
5812547,55.28055225,
5812579,55.28055225,
5812611,55.28055225,
5812642,55.28055225,
5812673,55.28510584,
5812705,55.28282904,
5812736,55.28055225,
5812841,55.28055225,
5812972,55.28282904,
5813003,55.28055225,
5813035,55.28055225,
5813066,55.28055225,
5813098,55.27827546,
5813129,55.28282904,
5813161,55.28282904,
5813192,55.28282904,
5813224,55.28282904,
5813255,55.28282904,
5813286,55.28055225,
5813318,55.28282904,
5813349,55.28055225,
5813381,55.28282904,
5813412,55.28282904,
5813444,55.27827546,
5813475,55.28282904,
5813506,55.28055225,
5813538,55.28055225,
5813663,55.27827546,
5813795,55.28055225,
5813828,55.28510584,
5813859,55.28282904,
5813890,55.28055225,
5813922,55.28282904,
5813953,55.28055225,
5813985,55.28055225,
5814016,55.28055225,
5814048,55.28055225,
5814079,55.28055225,
5814110,55.28055225,
5814142,55.28055225,
5814173,55.28282904,
5814204,55.28055225,
5814236,55.28282904,
5814267,55.28055225,
5814299,55.28055225,
5814330,55.28510584,
5814362,55.28055225,
5814478,55.27827546,
5814609,55.28055225,
5814641,55.28282904,
5814673,55.28282904,
5814705,55.28282904,
5814736,55.28055225,
5814768,55.28055225,
5814799,55.28510584,
5814830,55.28282904,
5814862,55.28055225,
5814893,55.28055225,
5814925,55.28510584,
5814956,55.28055225,
5814988,55.28282904,
5815019,55.28055225,
5815050,55.28282904,
5815082,55.28055225,
5815113,55.28055225,
5815144,55.27827546,
5815176,55.28282904,
5815297,55.28282904,
5815428,55.28282904,
5815460,55.28055225,
5815492,55.28055225,
5815523,55.28055225,
5815554,55.28510584,
5815586,55.28055225,
5815617,55.28055225,
5815649,55.28055225,
5815680,55.28055225,
5815712,55.28055225,
5815743,55.28055225,
5815775,55.28055225,
5815806,55.28055225,
5815837,55.28282904,
5815869,55.28055225,
5815900,55.28055225,
5815932,55.28055225,
5815963,55.28282904,
5815995,55.28055225,
5816119,55.28055225,
5816251,55.28055225,
5816283,55.27827546,
5816315,55.28510584,
5816346,55.28282904,
5816377,55.28055225,
5816409,55.28282904,
5816440,55.27827546,
5816472,55.28282904,
5816503,55.28055225,
5816535,55.28282904,
5816566,55.28282904,
5816598,55.28282904,
5816629,55.28282904,
5816660,55.27827546,
5816692,55.28282904,
5816723,55.28055225,
5816755,55.28055225,
5816786,55.28055225,
5816817,55.28055225,
5816937,55.28055225,
5817067,55.28282904,
5817099,55.28282904,
5817131,55.28055225,
5817162,55.28282904,
5817193,55.28055225,
5817225,55.28055225,
5817257,55.28055225,
5817288,55.28055225,
5817319,55.28055225,
5817351,55.28055225,
5817382,55.28282904,
5817414,55.28510584,
5817445,55.28055225,
5817476,55.28055225,
5817507,55.28510584,
5817539,55.28055225,
5817571,55.27827546,
5817602,55.28055225,
5817633,55.28282904,
5817772,55.28055225,
5817903,55.28055225,
5817936,55.28055225,
5817967,55.28282904,
5817999,55.28510584,
5818030,55.28282904,
5818062,55.28055225,
5818093,55.28055225,
5818124,55.28055225,
5818156,55.28055225,
5818187,55.28282904,
5818218,55.28055225,
5818250,55.28055225,
5818281,55.27827546,
5818313,55.28055225,
5818344,55.27827546,
5818376,55.28055225,
5818407,55.28055225,
5818439,55.28055225,
5818470,55.28055225,
5818575,55.28055225,
5818706,55.28055225,
5818738,55.28055225,
5818770,55.27827546,
5818801,55.28282904,
5818832,55.28282904,
5818864,55.28055225,
5818896,55.28510584,
5818927,55.28282904,
5818959,55.28282904,
5818990,55.27827546,
5819021,55.28055225,
5819053,55.28055225,
5819084,55.27827546,
5819115,55.28282904,
5819147,55.28282904,
5819178,55.28282904,
5819210,55.28510584,
5819241,55.28055225,
5819273,55.28055225,
5819395,55.28282904,
5819527,55.28282904,
5819558,55.28282904,
5819590,55.28510584,
5819622,55.28282904,
5819654,55.28055225,
5819686,55.28282904,
5819717,55.28055225,
5819748,55.28510584,
5819780,55.28055225,
5819811,55.28282904,
5819842,55.28282904,
5819874,55.27827546,
5819905,55.28055225,
5819937,55.28282904,
5819968,55.28055225,
5820000,55.28282904,
5820031,55.28282904,
5820062,55.28282904,
5820094,55.28282904,
5820241,55.28282904,
5820372,55.28282904,
5820404,55.27827546,
5820435,55.28282904,
5820467,55.28055225,
5820498,55.27827546,
5820530,55.28510584,
5820561,55.28055225,
5820593,55.28055225,
5820624,55.28055225,
5820655,55.28282904,
5820687,55.28282904,
5820718,55.28055225,
5820750,55.28282904,
5820781,55.28282904,
5820812,55.28282904,
5820844,55.28055225,
5820875,55.28055225,
5820907,55.28282904,
5820938,55.28055225,
5821047,55.28510584,
5821179,55.28282904,
5821211,55.28282904,
5821242,55.28282904,
5821274,55.28055225,
5821305,55.28055225,
5821337,55.28282904,
5821368,55.28055225,
5821399,55.28282904,
5821431,55.28282904,
5821462,55.28282904,
5821494,55.28055225,
5821525,55.28282904,
5821557,55.28282904,
5821588,55.28282904,
5821619,55.28055225,
5821651,55.28055225,
5821682,55.28282904,
5821714,55.28510584,
5821745,55.28282904,
5821857,55.28055225,
5821988,55.28282904,
5822021,55.28282904,
5822052,55.28282904,
5822084,55.28055225,
5822115,55.28055225,
5822147,55.28282904,
5822178,55.28282904,
5822209,55.28055225,
5822241,55.28055225,
5822272,55.28055225,
5822304,55.28510584,
5822335,55.28055225,
5822367,55.28055225,
5822398,55.27827546,
5822429,55.28510584,
5822461,55.28055225,
5822492,55.28282904,
5822523,55.28055225,
5822555,55.28510584,
5822679,55.28282904,
5822810,55.28055225,
5822842,55.28282904,
5822874,55.28282904,
5822905,55.28282904,
5822936,55.28282904,
5822968,55.28055225,
5822999,55.28282904,
5823030,55.28282904,
5823062,55.28282904,
5823093,55.28282904,
5823125,55.28282904,
5823156,55.28282904,
5823188,55.28055225,
5823219,55.28055225,
5823251,55.28055225,
5823282,55.28282904,
5823313,55.28282904,
5823344,55.28282904,
5823376,55.28282904,
5823504,55.28282904,
5823636,55.28282904,
5823668,55.28055225,
5823699,55.28055225,
5823731,55.28055225,
5823762,55.28282904,
5823794,55.28055225,
5823825,55.28282904,
5823856,55.28510584,
5823888,55.28282904,
5823919,55.28282904,
5823951,55.28282904,
5823982,55.28282904,
5824014,55.28282904,
5824045,55.28282904,
5824077,55.28282904,
5824108,55.28282904,
5824139,55.28055225,
5824171,55.28510584,
5824202,55.28282904,
5824315,55.28282904,
5824446,55.27827546,
5824478,55.28282904,
5824509,55.28282904,
5824541,55.28055225,
5824572,55.28282904,
5824604,55.28282904,
5824635,55.28510584,
5824666,55.28282904,
5824698,55.28510584,
5824729,55.28055225,
5824761,55.28282904,
5824792,55.28282904,
5824824,55.28282904,
5824855,55.28510584,
5824887,55.28282904,
5824918,55.28055225,
5824949,55.28510584,
5824980,55.28282904,
5825012,55.28282904,
5825129,55.28282904,
5825261,55.28510584,
5825292,55.28282904,
5825324,55.28055225,
5825356,55.28055225,
5825387,55.28282904,
5825419,55.28282904,
5825450,55.28055225,
5825481,55.28282904,
5825513,55.28510584,
5825544,55.28282904,
5825575,55.28282904,
5825607,55.28282904,
5825638,55.28510584,
5825670,55.28055225,
5825701,55.28510584,
5825733,55.28282904,
5825764,55.28282904,
5825795,55.28510584,
5825827,55.28282904,
5825960,55.27827546,
5826091,55.28510584,
5826124,55.28282904,
5826155,55.28282904,
5826186,55.28282904,
5826218,55.28510584,
5826250,55.28282904,
5826281,55.28510584,
5826312,55.28510584,
5826344,55.28282904,
5826375,55.28282904,
5826406,55.28282904,
5826438,55.28510584,
5826469,55.28055225,
5826501,55.28510584,
5826532,55.28055225,
5826564,55.28282904,
5826595,55.28510584,
5826627,55.28510584,
5826658,55.28055225,
5826765,55.28282904,
5826896,55.28055225,
5826928,55.28282904,
5826960,55.28055225,
5826991,55.28055225,
5827022,55.28510584,
5827054,55.28055225,
5827085,55.28055225,
5827116,55.28510584,
5827148,55.28282904,
5827179,55.28055225,
5827211,55.28282904,
5827242,55.28282904,
5827274,55.28282904,
5827305,55.28282904,
5827336,55.28510584,
5827368,55.28510584,
5827399,55.28055225,
5827430,55.28282904,
5827462,55.28055225,
5827594,55.28282904,
5827725,55.28510584,
5827758,55.28510584,
5827789,55.28282904,
5827820,55.28510584,
5827852,55.28282904,
5827884,55.28282904,
5827915,55.28055225,
5827946,55.28510584,
5827978,55.28282904,
5828009,55.28282904,
5828040,55.28282904,
5828072,55.28510584,
5828103,55.28282904,
5828135,55.28282904,
5828166,55.28510584,
5828198,55.28738263,
5828229,55.28510584,
5828260,55.28055225,
5828292,55.28510584,
5828409,55.28282904,
5828539,55.28282904,
5828571,55.28282904,
5828603,55.28055225,
5828634,55.28282904,
5828665,55.28510584,
5828697,55.28282904,
5828728,55.28282904,
5828760,55.28055225,
5828791,55.28282904,
5828823,55.28510584,
5828854,55.28282904,
5828886,55.28282904,
5828917,55.28282904,
5828948,55.28510584,
5828979,55.28510584,
5829011,55.28282904,
5829042,55.28510584,
5829074,55.28282904,
5829105,55.28510584,
5829223,55.28282904,
5829354,55.28282904,
5829386,55.28282904,
5829418,55.28510584,
5829450,55.28282904,
5829481,55.28282904,
5829512,55.28510584,
5829544,55.28282904,
5829575,55.28055225,
5829607,55.28282904,
5829638,55.28510584,
5829669,55.28282904,
5829701,55.28282904,
5829732,55.28282904,
5829764,55.28510584,
5829795,55.28055225,
5829827,55.28282904,
5829858,55.28282904,
5829889,55.28510584,
5829921,55.28510584,
5830046,55.28282904,
5830176,55.28282904,
5830208,55.28282904,
5830240,55.28282904,
5830271,55.28282904,
5830302,55.28510584,
5830334,55.28738263,
5830365,55.28510584,
5830397,55.28282904,
5830428,55.28510584,
5830460,55.28510584,
5830491,55.28282904,
5830523,55.28282904,
5830554,55.28282904,
5830585,55.28510584,
5830616,55.28055225,
5830648,55.28510584,
5830679,55.28282904,
5830711,55.28282904,
5830742,55.28282904,
5830878,55.28510584,
5831009,55.28282904,
5831042,55.28282904,
5831073,55.28282904,
5831104,55.28282904,
5831136,55.28282904,
5831168,55.28055225,
5831199,55.28282904,
5831230,55.28282904,
5831262,55.28282904,
5831293,55.28510584,
5831324,55.28282904,
5831356,55.28282904,
5831387,55.28282904,
5831419,55.28510584,
5831450,55.28510584,
5831482,55.28510584,
5831513,55.28510584,
5831545,55.28510584,
5831576,55.28510584,
5831682,55.28510584,
5831813,55.28510584,
5831844,55.28510584,
5831877,55.28282904,
5831908,55.28282904,
5831939,55.28510584,
5831971,55.28510584,
5832002,55.28510584,
5832033,55.28282904,
5832065,55.28510584,
5832097,55.28282904,
5832128,55.28510584,
5832159,55.28282904,
5832191,55.28510584,
5832222,55.28738263,
5832253,55.28510584,
5832285,55.28738263,
5832316,55.28510584,
5832348,55.28055225,
5832379,55.28510584,
5832508,55.28055225,
5832639,55.28510584,
5832672,55.28055225,
5832703,55.28282904,
5832734,55.28282904,
5832766,55.28055225,
5832797,55.28510584,
5832829,55.28282904,
5832860,55.28510584,
5832892,55.28282904,
5832923,55.28510584,
5832954,55.28510584,
5832986,55.28282904,
5833017,55.28282904,
5833049,55.28282904,
5833080,55.28282904,
5833112,55.28510584,
5833143,55.28282904,
5833174,55.28282904,
5833206,55.28510584,
5833340,55.28055225,
5833471,55.28510584,
5833504,55.28510584,
5833535,55.28282904,
5833566,55.28510584,
5833598,55.28510584,
5833629,55.28510584,
5833661,55.28282904,
5833692,55.28282904,
5833724,55.28510584,
5833755,55.28510584,
5833786,55.28282904,
5833818,55.28055225,
5833849,55.28510584,
5833881,55.28282904,
5833912,55.28055225,
5833944,55.28510584,
5833975,55.28738263,
5834007,55.28510584,
5834038,55.28282904,
5834142,55.28510584,
5834273,55.28282904,
5834304,55.28282904,
5834336,55.28282904,
5834368,55.28510584,
5834399,55.28510584,
5834430,55.28282904,
5834462,55.28510584,
5834493,55.28282904,
5834525,55.28510584,
5834556,55.28282904,
5834587,55.28055225,
5834619,55.28282904,
5834650,55.28510584,
5834682,55.28510584,
5834713,55.28282904,
5834745,55.28282904,
5834776,55.28510584,
5834807,55.28282904,
5834839,55.28282904,
5834965,55.28055225,
5835096,55.28510584,
5835129,55.28282904,
5835160,55.28510584,
5835191,55.28510584,
5835222,55.28055225,
5835254,55.28510584,
5835286,55.28282904,
5835317,55.28055225,
5835349,55.28510584,
5835380,55.28282904,
5835411,55.28510584,
5835443,55.28282904,
5835474,55.28510584,
5835505,55.28510584,
5835537,55.28510584,
5835568,55.28965943,
5835600,55.28510584,
5835631,55.28510584,
5835663,55.28738263,
5835900,55.28282904,
5836032,55.28282904,
5836064,55.28282904,
5836096,55.28055225,
5836127,55.28510584,
5836159,55.28510584,
5836190,55.28510584,
5836221,55.28282904,
5836253,55.28510584,
5836284,55.28282904,
5836316,55.28282904,
5836347,55.28510584,
5836379,55.28510584,
5836410,55.28282904,
5836441,55.28510584,
5836473,55.28738263,
5836504,55.28282904,
5836535,55.28510584,
5836567,55.28510584,
5836598,55.28510584,
5836702,55.28282904,
5836833,55.28738263,
5836864,55.28055225,
5836896,55.28510584,
5836928,55.28055225,
5836959,55.28282904,
5836991,55.28282904,
5837022,55.28510584,
5837053,55.28510584,
5837085,55.28510584,
5837116,55.28282904,
5837148,55.28282904,
5837179,55.28510584,
5837211,55.28510584,
5837242,55.28282904,
5837273,55.28055225,
5837305,55.28510584,
5837336,55.28510584,
5837367,55.28282904,
5837399,55.28510584,
5837719,55.28510584,
5837850,55.28738263,
5837881,55.28510584,
5837913,55.28282904,
5837944,55.28510584,
5837975,55.28510584,
5838007,55.28738263,
5838039,55.28510584,
5838070,55.28738263,
5838101,55.28510584,
5838133,55.28738263,
5838164,55.28510584,
5838195,55.28965943,
5838227,55.28510584,
5838258,55.28510584,
5838289,55.28282904,
5838321,55.28510584,
5838353,55.28510584,
5838384,55.28510584,
5838415,55.28282904,
5838542,55.28510584,
5838673,55.28510584,
5838705,55.28510584,
5838737,55.28510584,
5838768,55.28282904,
5838800,55.28510584,
5838831,55.28282904,
5838863,55.28510584,
5838894,55.28510584,
5838926,55.28510584,
5838957,55.28510584,
5838988,55.28510584,
5839020,55.28282904,
5839051,55.28510584,
5839083,55.28510584,
5839114,55.28510584,
5839145,55.28510584,
5839177,55.28510584,
5839208,55.28510584,
5839240,55.28510584,
5839375,55.28510584,
5839506,55.28510584,
5839539,55.28282904,
5839570,55.28738263,
5839602,55.28510584,
5839633,55.28282904,
5839665,55.28510584,
5839696,55.28510584,
5839727,55.28510584,
5839759,55.28510584,
5839790,55.28510584,
5839821,55.28510584,
5839853,55.28510584,
5839885,55.28738263,
5839916,55.28738263,
5839948,55.28282904,
5839979,55.28510584,
5840010,55.28738263,
5840042,55.28282904,
5840073,55.28510584,
5840186,55.28510584,
5840317,55.28510584,
5840350,55.28282904,
5840381,55.28738263,
5840412,55.28282904,
5840443,55.28282904,
5840475,55.28738263,
5840506,55.28510584,
5840538,55.28738263,
5840569,55.28738263,
5840601,55.28738263,
5840632,55.28738263,
5840664,55.28510584,
5840695,55.28510584,
5840726,55.28510584,
5840757,55.28510584,
5840789,55.28510584,
5840820,55.28510584,
5840852,55.28965943,
5840883,55.28510584,
5841003,55.28510584,
5841134,55.28510584,
5841167,55.28510584,
5841198,55.28510584,
5841229,55.28510584,
5841261,55.28965943,
5841292,55.28738263,
5841324,55.28510584,
5841355,55.28738263,
5841387,55.28510584,
5841418,55.28055225,
5841449,55.28738263,
5841481,55.28510584,
5841512,55.28510584,
5841544,55.28510584,
5841575,55.28510584,
5841606,55.28738263,
5841638,55.28510584,
5841669,55.28510584,
5841701,55.28510584,
5841821,55.28738263,
5841952,55.28510584,
5841983,55.28965943,
5842015,55.28510584,
5842047,55.28510584,
5842078,55.28738263,
5842110,55.28510584,
5842141,55.28738263,
5842172,55.28510584,
5842204,55.28738263,
5842235,55.28510584,
5842267,55.28738263,
5842298,55.28510584,
5842330,55.28738263,
5842361,55.28282904,
5842392,55.28965943,
5842424,55.28738263,
5842455,55.28738263,
5842486,55.28738263,
5842518,55.28282904,
5842640,55.28510584,
5842771,55.28510584,
5842803,55.28510584,
5842835,55.28510584,
5842866,55.28510584,
5842897,55.28965943,
5842929,55.28510584,
5842961,55.28510584,
5842992,55.28738263,
5843023,55.28738263,
5843055,55.28510584,
5843086,55.28738263,
5843118,55.28738263,
5843149,55.28510584,
5843180,55.28738263,
5843211,55.28282904,
5843243,55.28510584,
5843275,55.28738263,
5843306,55.28282904,
5843338,55.28510584,
5843476,55.28510584,
5843607,55.28965943,
5843639,55.28510584,
5843671,55.28282904,
5843702,55.28738263,
5843734,55.28738263,
5843765,55.28965943,
5843796,55.28510584,
5843827,55.28510584,
5843859,55.28510584,
5843891,55.28510584,
5843922,55.28282904,
5843953,55.28510584,
5843985,55.28738263,
5844016,55.28510584,
5844048,55.28282904,
5844079,55.28282904,
5844110,55.28738263,
5844142,55.28510584,
5844173,55.28510584,
5844278,55.28282904,
5844408,55.28738263,
5844440,55.28510584,
5844472,55.28510584,
5844503,55.28510584,
5844534,55.28738263,
5844566,55.28282904,
5844597,55.28738263,
5844629,55.28510584,
5844660,55.28510584,
5844692,55.28738263,
5844723,55.28965943,
5844755,55.28738263,
5844786,55.28510584,
5844817,55.28738263,
5844848,55.28738263,
5844880,55.28510584,
5844912,55.28738263,
5844943,55.28965943,
5844975,55.28738263,
5845101,55.28738263,
5845232,55.28738263,
5845265,55.28965943,
5845296,55.28738263,
5845327,55.28738263,
5845358,55.28738263,
5845390,55.28738263,
5845421,55.28965943,
5845453,55.28738263,
5845484,55.28738263,
5845516,55.28510584,
5845547,55.28965943,
5845579,55.28738263,
5845610,55.28510584,
5845641,55.28510584,
5845673,55.28738263,
5845704,55.28510584,
5845735,55.28738263,
5845767,55.28738263,
5845798,55.28510584,
5845915,55.28738263,
5846045,55.28510584,
5846077,55.28510584,
5846109,55.28965943,
5846140,55.28510584,
5846171,55.28738263,
5846203,55.28510584,
5846234,55.28510584,
5846266,55.28738263,
5846297,55.28510584,
5846329,55.28738263,
5846360,55.28510584,
5846392,55.28738263,
5846423,55.28510584,
5846454,55.28510584,
5846485,55.28738263,
5846517,55.28282904,
5846549,55.28510584,
5846580,55.28510584,
5846611,55.28738263,
5846737,55.28738263,
5846869,55.28965943,
5846901,55.28510584,
5846933,55.28510584,
5846964,55.28510584,
5846995,55.28738263,
5847027,55.28738263,
5847058,55.28510584,
5847089,55.28510584,
5847121,55.28738263,
5847153,55.28510584,
5847184,55.28965943,
5847215,55.28510584,
5847247,55.28510584,
5847278,55.28738263,
5847309,55.28510584,
5847341,55.28738263,
5847372,55.29193622,
5847404,55.28510584,
5847435,55.28510584,
5847567,55.28738263,
5847698,55.28510584,
5847730,55.28510584,
5847762,55.28282904,
5847793,55.28738263,
5847824,55.28510584,
5847856,55.28738263,
5847887,55.28510584,
5847918,55.28510584,
5847950,55.28965943,
5847981,55.28738263,
5848013,55.28738263,
5848044,55.28510584,
5848076,55.28738263,
5848107,55.28965943,
5848139,55.28510584,
5848170,55.28282904,
5848201,55.28282904,
5848233,55.28510584,
5848264,55.28738263,
5848380,55.28738263,
5848511,55.28282904,
5848543,55.28510584,
5848575,55.28738263,
5848606,55.28738263,
5848637,55.28965943,
5848669,55.28738263,
5848701,55.28738263,
5848732,55.28738263,
5848764,55.28738263,
5848795,55.28510584,
5848826,55.28738263,
5848858,55.28965943,
5848889,55.28282904,
5848920,55.28965943,
5848952,55.28510584,
5848983,55.28965943,
5849015,55.28738263,
5849046,55.28738263,
5849078,55.28738263,
5849207,55.28738263,
5849338,55.28510584,
5849370,55.28738263,
5849402,55.28738263,
5849433,55.28738263,
5849465,55.28965943,
5849496,55.28965943,
5849527,55.28510584,
5849558,55.28738263,
5849590,55.28965943,
5849621,55.28510584,
5849653,55.28510584,
5849684,55.28510584,
5849716,55.28510584,
5849747,55.28738263,
5849779,55.28738263,
5849810,55.28738263,
5849841,55.28738263,
5849873,55.28965943,
5849904,55.28738263,
5850014,55.28510584,
5850145,55.28738263,
5850177,55.28510584,
5850209,55.28965943,
5850241,55.28965943,
5850272,55.28738263,
5850304,55.28738263,
5850335,55.28738263,
5850366,55.28510584,
5850398,55.28738263,
5850429,55.28965943,
5850460,55.28738263,
5850492,55.28510584,
5850523,55.28965943,
5850555,55.28738263,
5850586,55.28738263,
5850618,55.28510584,
5850649,55.28738263,
5850680,55.28738263,
5850712,55.28738263,
5850930,55.28510584,
5851061,55.28510584,
5851093,55.28510584,
5851125,55.28510584,
5851156,55.28738263,
5851187,55.28965943,
5851219,55.28965943,
5851251,55.28965943,
5851282,55.28510584,
5851313,55.28738263,
5851345,55.28510584,
5851376,55.28965943,
5851407,55.28738263,
5851439,55.28738263,
5851470,55.28738263,
5851501,55.28510584,
5851533,55.28965943,
5851565,55.28965943,
5851596,55.28738263,
5851627,55.28510584,
5851756,55.28738263,
5851887,55.28738263,
5851919,55.28738263,
5851951,55.28738263,
5851982,55.28510584,
5852013,55.28738263,
5852045,55.28738263,
5852076,55.28965943,
5852108,55.28738263,
5852139,55.28965943,
5852171,55.28510584,
5852202,55.28738263,
5852234,55.28738263,
5852265,55.28965943,
5852296,55.28738263,
5852327,55.28965943,
5852359,55.28510584,
5852391,55.28738263,
5852422,55.28738263,
5852453,55.28738263,
5852686,55.28510584,
5852816,55.28965943,
5852848,55.28738263,
5852880,55.28510584,
5852911,55.28510584,
5852942,55.28738263,
5852974,55.28738263,
5853005,55.28965943,
5853036,55.28738263,
5853068,55.28738263,
5853100,55.28738263,
5853131,55.28738263,
5853162,55.28965943,
5853194,55.28738263,
5853225,55.28965943,
5853257,55.28738263,
5853288,55.28965943,
5853319,55.28738263,
5853351,55.28738263,
5853382,55.28965943,
5853495,55.28738263,
5853625,55.28738263,
5853657,55.28738263,
5853689,55.28965943,
5853720,55.28738263,
5853751,55.28510584,
5853783,55.28965943,
5853814,55.28738263,
5853846,55.28738263,
5853877,55.28738263,
5853909,55.29193622,
5853940,55.28510584,
5853972,55.28738263,
5854003,55.28738263,
5854034,55.28738263,
5854065,55.28510584,
5854097,55.28738263,
5854128,55.28738263,
5854160,55.28738263,
5854191,55.28738263,
5854313,55.28510584,
5854445,55.28738263,
5854476,55.28738263,
5854508,55.28738263,
5854539,55.28510584,
5854570,55.28738263,
5854602,55.28965943,
5854633,55.28965943,
5854665,55.28738263,
5854696,55.28965943,
5854728,55.28965943,
5854759,55.28965943,
5854791,55.28738263,
5854822,55.28965943,
5854853,55.28510584,
5854885,55.28965943,
5854916,55.28965943,
5854948,55.28738263,
5854979,55.28965943,
5855010,55.28510584,
5855142,55.28738263,
5855273,55.28738263,
5855306,55.28738263,
5855337,55.28738263,
5855369,55.28738263,
5855400,55.28965943,
5855432,55.28738263,
5855463,55.28738263,
5855494,55.28510584,
5855526,55.28965943,
5855557,55.28510584,
5855588,55.28738263,
5855620,55.28510584,
5855651,55.28510584,
5855683,55.28510584,
5855714,55.29193622,
5855746,55.28510584,
5855777,55.28965943,
5855808,55.28738263,
5855840,55.28738263,
5855959,55.28738263,
5856090,55.28965943,
5856122,55.28738263,
5856154,55.28738263,
5856185,55.28510584,
5856216,55.28738263,
5856248,55.28965943,
5856279,55.28738263,
5856310,55.28965943,
5856342,55.28738263,
5856374,55.28510584,
5856405,55.28965943,
5856436,55.28510584,
5856468,55.28738263,
5856499,55.28965943,
5856531,55.28738263,
5856562,55.28738263,
5856593,55.28965943,
5856625,55.28510584,
5856656,55.28510584,
5856779,55.28738263,
5856910,55.28510584,
5856942,55.28738263,
5856973,55.28738263,
5857004,55.28738263,
5857036,55.28965943,
5857067,55.28965943,
5857099,55.28738263,
5857130,55.28965943,
5857162,55.28738263,
5857193,55.28738263,
5857224,55.28965943,
5857256,55.28738263,
5857287,55.28738263,
5857319,55.28510584,
5857350,55.29193622,
5857382,55.28738263,
5857413,55.28965943,
5857444,55.28738263,
5857476,55.28965943,
5857609,55.28965943,
5857740,55.28738263,
5857773,55.28738263,
5857804,55.28965943,
5857835,55.28738263,
5857867,55.28965943,
5857899,55.28738263,
5857930,55.28738263,
5857962,55.28510584,
5857993,55.28510584,
5858024,55.28738263,
5858056,55.28738263,
5858087,55.28738263,
5858119,55.28965943,
5858150,55.28965943,
5858182,55.28738263,
5858213,55.28738263,
5858244,55.28738263,
5858276,55.28738263,
5858307,55.28738263,
5858427,55.28738263,
5858558,55.28738263,
5858591,55.28738263,
5858622,55.28965943,
5858654,55.28738263,
5858685,55.28965943,
5858717,55.28738263,
5858748,55.28738263,
5858780,55.28510584,
5858811,55.28965943,
5858842,55.28738263,
5858874,55.28965943,
5858905,55.28738263,
5858937,55.28965943,
5858968,55.28738263,
5859000,55.28510584,
5859031,55.28738263,
5859062,55.28282904,
5859094,55.28510584,
5859125,55.28738263,
5859244,55.28510584,
5859374,55.28738263,
5859406,55.28738263,
5859437,55.28738263,
5859469,55.28738263,
5859500,55.28738263,
5859532,55.28965943,
5859563,55.28965943,
5859594,55.28738263,
5859626,55.28738263,
5859657,55.28738263,
5859689,55.28738263,
5859720,55.28738263,
5859752,55.28510584,
5859783,55.28965943,
5859815,55.28738263,
5859846,55.28965943,
5859877,55.28738263,
5859908,55.28965943,
5859940,55.28738263,
5860075,55.28965943,
5860205,55.29193622,
5860238,55.28738263,
5860269,55.28738263,
5860300,55.28965943,
5860332,55.28738263,
5860363,55.28738263,
5860395,55.28738263,
5860426,55.28965943,
5860458,55.28738263,
5860489,55.28738263,
5860520,55.28510584,
5860552,55.28738263,
5860583,55.28965943,
5860614,55.28738263,
5860646,55.28965943,
5860677,55.28965943,
5860709,55.28738263,
5860740,55.28510584,
5860772,55.28965943,
5860882,55.28510584,
5861013,55.28738263,
5861045,55.28965943,
5861077,55.28738263,
5861108,55.28965943,
5861140,55.28965943,
5861171,55.28738263,
5861203,55.28965943,
5861234,55.28965943,
5861266,55.28738263,
5861297,55.28510584,
5861328,55.28510584,
5861360,55.28738263,
5861391,55.28965943,
5861422,55.28738263,
5861454,55.28965943,
5861485,55.29193622,
5861517,55.28738263,
5861548,55.28965943,
5861580,55.28965943,
5861700,55.28510584,
5861832,55.28965943,
5861864,55.28738263,
5861896,55.28738263,
5861927,55.28738263,
5861959,55.28510584,
5861990,55.28965943,
5862021,55.28738263,
5862052,55.28738263,
5862084,55.28738263,
5862115,55.28738263,
5862147,55.28965943,
5862178,55.28738263,
5862210,55.28738263,
5862241,55.28965943,
5862273,55.28510584,
5862304,55.28738263,
5862335,55.28510584,
5862367,55.28738263,
5862398,55.28738263,
5862606,55.28738263,
5862737,55.28965943,
5862769,55.28965943,
5862801,55.29193622,
5862832,55.28965943,
5862864,55.28738263,
5862895,55.28965943,
5862927,55.28965943,
5862958,55.28738263,
5862990,55.29193622,
5863021,55.28965943,
5863052,55.28965943,
5863084,55.28738263,
5863115,55.28738263,
5863146,55.28510584,
5863178,55.28738263,
5863209,55.28738263,
5863241,55.28738263,
5863272,55.28738263,
5863304,55.28965943,
5863527,55.28965943,
5863657,55.29193622,
5863689,55.28738263,
5863721,55.28738263,
5863752,55.28738263,
5863784,55.28738263,
5863815,55.29193622,
5863847,55.28965943,
5863878,55.28965943,
5863910,55.28738263,
5863941,55.28510584,
5863972,55.28965943,
5864004,55.28965943,
5864035,55.28738263,
5864066,55.28738263,
5864098,55.28965943,
5864129,55.28965943,
5864161,55.28965943,
5864192,55.28738263,
5864224,55.28965943,
5864372,55.28510584,
5864504,55.29193622,
5864536,55.28965943,
5864568,55.28965943,
5864599,55.28965943,
5864631,55.28965943,
5864662,55.28738263,
5864694,55.28965943,
5864725,55.28738263,
5864757,55.29193622,
5864788,55.28738263,
5864819,55.28738263,
5864851,55.28738263,
5864882,55.28510584,
5864913,55.28965943,
5864945,55.29193622,
5864976,55.28965943,
5865008,55.28965943,
5865039,55.28965943,
5865071,55.28965943,
5865196,55.28510584,
5865328,55.29421301,
5865360,55.28738263,
5865392,55.28738263,
5865423,55.28738263,
5865455,55.29193622,
5865486,55.28965943,
5865517,55.29193622,
5865549,55.28965943,
5865580,55.28965943,
5865612,55.28738263,
5865643,55.29193622,
5865675,55.28738263,
5865706,55.28965943,
5865737,55.28965943,
5865769,55.28738263,
5865800,55.28965943,
5865831,55.28738263,
5865863,55.28965943,
5865895,55.28965943,
5866000,55.28738263,
5866130,55.29193622,
5866162,55.28965943,
5866194,55.28738263,
5866225,55.28738263,
5866257,55.28965943,
5866289,55.28965943,
5866320,55.28738263,
5866351,55.28965943,
5866383,55.28738263,
5866414,55.29193622,
5866446,55.29193622,
5866477,55.28965943,
5866509,55.28965943,
5866540,55.28510584,
5866571,55.28738263,
5866603,55.28738263,
5866634,55.28965943,
5866666,55.28510584,
5866697,55.28965943,
5866817,55.28965943,
5866948,55.29193622,
5866980,55.28965943,
5867012,55.28965943,
5867043,55.28738263,
5867075,55.28738263,
5867106,55.28738263,
5867138,55.28965943,
5867169,55.28965943,
5867200,55.28965943,
5867232,55.28965943,
5867263,55.28965943,
5867295,55.29193622,
5867326,55.28965943,
5867357,55.28965943,
5867389,55.28965943,
5867420,55.28965943,
5867452,55.29193622,
5867483,55.28965943,
5867514,55.28738263,
5867635,55.29193622,
5867767,55.29193622,
5867799,55.28965943,
5867830,55.28965943,
5867862,55.28738263,
5867893,55.28738263,
5867925,55.28738263,
5867956,55.29421301,
5867987,55.28965943,
5868019,55.29193622,
5868050,55.28965943,
5868082,55.28965943,
5868113,55.29193622,
5868145,55.28965943,
5868176,55.28965943,
5868207,55.28738263,
5868239,55.28965943,
5868270,55.29193622,
5868301,55.29193622,
5868333,55.28738263,
5868469,55.28738263,
5868600,55.28965943,
5868633,55.28738263,
5868664,55.28965943,
5868695,55.28965943,
5868727,55.28965943,
5868759,55.28965943,
5868790,55.28965943,
5868822,55.28965943,
5868853,55.28965943,
5868884,55.28965943,
5868916,55.28738263,
5868947,55.28965943,
5868979,55.28965943,
5869010,55.28965943,
5869042,55.28738263,
5869073,55.29193622,
5869104,55.28965943,
5869136,55.28965943,
5869167,55.28965943,
5869272,55.28738263,
5869403,55.28965943,
5869435,55.28965943,
5869466,55.28738263,
5869498,55.28965943,
5869529,55.28965943,
5869561,55.28738263,
5869592,55.28738263,
5869623,55.28965943,
5869655,55.28510584,
5869686,55.28965943,
5869718,55.28965943,
5869749,55.29193622,
5869781,55.29193622,
5869812,55.29193622,
5869844,55.28965943,
5869875,55.29193622,
5869906,55.28965943,
5869937,55.29193622,
5869969,55.28738263,
5870096,55.28738263,
5870226,55.28965943,
5870258,55.29193622,
5870290,55.28738263,
5870321,55.29193622,
5870353,55.28965943,
5870384,55.29421301,
5870415,55.28738263,
5870447,55.28965943,
5870478,55.28738263,
5870510,55.28965943,
5870541,55.28510584,
5870573,55.28965943,
5870604,55.28738263,
5870635,55.28965943,
5870667,55.28965943,
5870698,55.28965943,
5870729,55.28738263,
5870761,55.28965943,
5870792,55.28738263,
5871010,55.28965943,
5871140,55.28965943,
5871172,55.29193622,
5871204,55.28965943,
5871235,55.29193622,
5871266,55.28738263,
5871298,55.28965943,
5871329,55.28738263,
5871360,55.28965943,
5871392,55.29193622,
5871423,55.29193622,
5871455,55.28965943,
5871486,55.29193622,
5871518,55.28738263,
5871549,55.28965943,
5871580,55.29193622,
5871612,55.29193622,
5871643,55.28738263,
5871674,55.28965943,
5871706,55.28965943,
5871829,55.28965943,
5871959,55.29193622,
5871992,55.28738263,
5872023,55.28965943,
5872055,55.28965943,
5872086,55.29193622,
5872117,55.29421301,
5872149,55.28738263,
5872180,55.28965943,
5872212,55.28965943,
5872243,55.28965943,
5872274,55.28965943,
5872306,55.28965943,
5872337,55.28738263,
5872369,55.28965943,
5872400,55.28738263,
5872432,55.28965943,
5872463,55.29193622,
5872494,55.28738263,
5872526,55.28738263,
5872648,55.29193622,
5872780,55.28965943,
5872812,55.29193622,
5872844,55.28965943,
5872875,55.28965943,
5872906,55.28965943,
5872938,55.28965943,
5872969,55.29193622,
5873001,55.28738263,
5873032,55.29193622,
5873064,55.28965943,
5873095,55.29421301,
5873127,55.28965943,
5873158,55.28965943,
5873189,55.29193622,
5873221,55.28738263,
5873252,55.29193622,
5873283,55.29193622,
5873315,55.28965943,
5873346,55.28965943,
5873471,55.28965943,
5873601,55.28965943,
5873633,55.29193622,
5873665,55.28965943,
5873696,55.29193622,
5873727,55.29193622,
5873759,55.29193622,
5873790,55.28965943,
5873821,55.28965943,
5873853,55.28965943,
5873884,55.29193622,
5873916,55.28965943,
5873947,55.28965943,
5873979,55.28965943,
5874010,55.29193622,
5874042,55.28965943,
5874073,55.28965943,
5874104,55.28738263,
5874135,55.28965943,
5874167,55.28965943,
5874302,55.28965943,
5874433,55.29193622,
5874466,55.28738263,
5874497,55.28965943,
5874528,55.28965943,
5874560,55.29193622,
5874591,55.28738263,
5874623,55.28965943,
5874654,55.28965943,
5874686,55.28965943,
5874717,55.28965943,
5874748,55.28965943,
5874780,55.28965943,
5874811,55.28738263,
5874842,55.28738263,
5874874,55.28965943,
5874905,55.29193622,
5874937,55.28510584,
5874968,55.28965943,
5875000,55.28965943,
5875212,55.28965943,
5875343,55.29193622,
5875376,55.28965943,
5875407,55.28965943,
5875438,55.28965943,
5875469,55.29193622,
5875501,55.29193622,
5875533,55.29193622,
5875564,55.28965943,
5875596,55.28965943,
5875627,55.28965943,
5875658,55.29421301,
5875690,55.29193622,
5875721,55.28965943,
5875753,55.29193622,
5875784,55.29193622,
5875816,55.28965943,
5875847,55.28965943,
5875878,55.28738263,
5875910,55.28965943,
5876025,55.29193622,
5876157,55.29193622,
5876189,55.28738263,
5876220,55.28965943,
5876251,55.29193622,
5876282,55.28738263,
5876314,55.28738263,
5876346,55.29193622,
5876377,55.29193622,
5876408,55.28965943,
5876440,55.28965943,
5876471,55.28965943,
5876503,55.28965943,
5876534,55.29193622,
5876565,55.28738263,
5876596,55.29193622,
5876628,55.29193622,
5876660,55.29193622,
5876691,55.28965943,
5876722,55.29193622,
5876865,55.28965943,
5876996,55.29193622,
5877028,55.29193622,
5877060,55.29193622,
5877091,55.28965943,
5877123,55.28965943,
5877154,55.28965943,
5877186,55.28965943,
5877217,55.28738263,
5877249,55.29193622,
5877280,55.28965943,
5877311,55.28965943,
5877343,55.28965943,
5877374,55.29193622,
5877405,55.29193622,
5877437,55.29421301,
5877468,55.29193622,
5877500,55.28965943,
5877531,55.29193622,
5877563,55.29193622,
5877668,55.28965943,
5877799,55.29193622,
5877832,55.29193622,
5877863,55.29193622,
5877894,55.28965943,
5877926,55.29193622,
5877957,55.29193622,
5877989,55.28965943,
5878020,55.28965943,
5878052,55.29193622,
5878083,55.29193622,
5878114,55.29193622,
5878146,55.29193622,
5878177,55.28965943,
5878208,55.29193622,
5878240,55.29193622,
5878272,55.28965943,
5878303,55.28965943,
5878334,55.29193622,
5878366,55.28510584,
5878487,55.29193622,
5878618,55.29193622,
5878651,55.29193622,
5878682,55.28965943,
5878713,55.28965943,
5878745,55.28738263,
5878776,55.29193622,
5878808,55.29193622,
5878839,55.29193622,
5878871,55.29193622,
5878902,55.29193622,
5878933,55.29193622,
5878965,55.28965943,
5878996,55.29421301,
5879028,55.29421301,
5879059,55.29193622,
5879091,55.29193622,
5879122,55.29193622,
5879153,55.29193622,
5879185,55.29193622,
5879315,55.29193622,
5879446,55.28965943,
5879479,55.28965943,
5879510,55.29193622,
5879541,55.29193622,
5879573,55.28965943,
5879605,55.29193622,
5879636,55.29193622,
5879667,55.28965943,
5879699,55.29421301,
5879730,55.29193622,
5879761,55.28965943,
5879793,55.29648981,
5879824,55.29193622,
5879856,55.28965943,
5879887,55.29193622,
5879919,55.28965943,
5879950,55.28965943,
5879982,55.28965943,
5880013,55.29193622,
5880125,55.28965943,
5880257,55.28965943,
5880289,55.28738263,
5880321,55.28965943,
5880352,55.28965943,
5880383,55.28965943,
5880415,55.28965943,
5880446,55.29193622,
5880477,55.29193622,
5880509,55.29193622,
5880541,55.28965943,
5880572,55.29193622,
5880603,55.29193622,
5880635,55.29193622,
5880666,55.29193622,
5880698,55.29193622,
5880729,55.29193622,
5880760,55.29193622,
5880792,55.29193622,
5880823,55.29193622,
5880942,55.28965943,
5881073,55.29193622,
5881105,55.29193622,
5881136,55.29193622,
5881168,55.29193622,
5881199,55.29421301,
5881231,55.29193622,
5881262,55.29193622,
5881293,55.29193622,
5881325,55.29193622,
5881356,55.29421301,
5881388,55.28965943,
5881419,55.29421301,
5881451,55.29193622,
5881482,55.29421301,
5881513,55.29421301,
5881545,55.29193622,
5881576,55.29421301,
5881607,55.28965943,
5881639,55.28965943,
5881782,55.28965943,
5881913,55.29421301,
5881946,55.29193622,
5881977,55.29193622,
5882008,55.28965943,
5882040,55.29193622,
5882071,55.28738263,
5882103,55.29193622,
5882134,55.29193622,
5882166,55.28965943,
5882197,55.29421301,
5882228,55.28965943,
5882260,55.29421301,
5882291,55.29193622,
5882322,55.28965943,
5882354,55.29193622,
5882385,55.29193622,
5882417,55.29193622,
5882448,55.29193622,
5882480,55.29193622,
5882579,55.28965943,
5882711,55.29193622,
5882743,55.29421301,
5882775,55.28965943,
5882806,55.29193622,
5882837,55.28965943,
5882869,55.28965943,
5882900,55.29193622,
5882932,55.29421301,
5882963,55.29193622,
5882995,55.29421301,
5883026,55.29421301,
5883058,55.29421301,
5883089,55.29193622,
5883120,55.29193622,
5883151,55.29193622,
5883183,55.28965943,
5883214,55.28965943,
5883246,55.28965943,
5883277,55.29421301,
5883490,55.28965943,
5883621,55.28965943,
5883653,55.29193622,
5883685,55.29193622,
5883716,55.28965943,
5883747,55.28965943,
5883779,55.28965943,
5883810,55.28965943,
5883842,55.29421301,
5883873,55.29193622,
5883905,55.29421301,
5883936,55.29193622,
5883967,55.28738263,
5883999,55.28965943,
5884030,55.29193622,
5884061,55.29421301,
5884093,55.29193622,
5884124,55.28738263,
5884156,55.29193622,
5884187,55.29193622,
5884336,55.29193622,
5884467,55.28965943,
5884499,55.29421301,
5884531,55.28965943,
5884562,55.29193622,
5884594,55.29193622,
5884625,55.28965943,
5884656,55.29193622,
5884688,55.28965943,
5884719,55.29193622,
5884751,55.29193622,
5884782,55.29193622,
5884813,55.28965943,
5884845,55.28965943,
5884876,55.29193622,
5884908,55.28965943,
5884939,55.28965943,
5884970,55.28965943,
5885002,55.29193622,
5885034,55.29193622,
5885144,55.29193622,
5885275,55.29421301,
5885307,55.29193622,
5885339,55.29193622,
5885370,55.28965943,
5885401,55.28965943,
5885433,55.29193622,
5885464,55.28965943,
5885495,55.29193622,
5885527,55.29193622,
5885559,55.29193622,
5885590,55.28965943,
5885621,55.28738263,
5885653,55.28965943,
5885684,55.28965943,
5885716,55.29421301,
5885747,55.29193622,
5885778,55.28965943,
5885809,55.29421301,
5885841,55.28965943,
5885982,55.29193622,
5886114,55.28965943,
5886146,55.28738263,
5886178,55.28965943,
5886209,55.28965943,
5886241,55.29193622,
5886272,55.28965943,
5886303,55.29193622,
5886335,55.28965943,
5886367,55.28965943,
5886398,55.29193622,
5886429,55.29421301,
5886461,55.29421301,
5886492,55.29193622,
5886523,55.29648981,
5886555,55.29193622,
5886586,55.29421301,
5886617,55.28965943,
5886649,55.29421301,
5886680,55.28965943,
5886796,55.29421301,
5886928,55.29421301,
5886960,55.29421301,
5886991,55.29421301,
5887023,55.29421301,
5887054,55.29193622,
5887086,55.29193622,
5887117,55.28738263,
5887149,55.28965943,
5887180,55.29193622,
5887211,55.29193622,
5887242,55.29193622,
5887274,55.29193622,
5887305,55.29421301,
5887337,55.29193622,
5887368,55.29421301,
5887400,55.29193622,
5887431,55.29648981,
5887463,55.28965943,
5887494,55.28965943,
5887619,55.28965943,
5887751,55.29193622,
5887783,55.28738263,
5887815,55.28965943,
5887846,55.29193622,
5887878,55.29193622,
5887909,55.29193622,
5887941,55.29193622,
5887972,55.28965943,
5888004,55.28965943,
5888035,55.29193622,
5888066,55.29193622,
5888098,55.29193622,
5888129,55.28965943,
5888160,55.28738263,
5888192,55.29193622,
5888223,55.29193622,
5888255,55.29193622,
5888286,55.29193622,
5888318,55.29193622,
5888420,55.29193622,
5888551,55.29193622,
5888583,55.29193622,
5888614,55.29193622,
5888645,55.29193622,
5888677,55.29193622,
5888708,55.28965943,
5888740,55.29193622,
5888771,55.29193622,
5888803,55.29193622,
5888834,55.29193622,
5888865,55.29193622,
5888897,55.29193622,
5888928,55.29193622,
5888960,55.29421301,
5888991,55.28965943,
5889023,55.29193622,
5889054,55.29648981,
5889085,55.29193622,
5889116,55.28965943,
5889245,55.29421301,
5889376,55.29193622,
5889408,55.29193622,
5889440,55.29193622,
5889471,55.29193622,
5889503,55.29421301,
5889534,55.29193622,
5889566,55.29193622,
5889597,55.28965943,
5889628,55.29193622,
5889660,55.29421301,
5889691,55.28965943,
5889723,55.28965943,
5889754,55.29421301,
5889785,55.29421301,
5889817,55.29193622,
5889848,55.29193622,
5889880,55.29193622,
5889911,55.29193622,
5889943,55.29193622,
5890066,55.29648981,
5890198,55.29193622,
5890230,55.29193622,
5890262,55.29193622,
5890293,55.29193622,
5890325,55.29193622,
5890356,55.29193622,
5890387,55.29193622,
5890418,55.29421301,
5890450,55.28965943,
5890482,55.28965943,
5890513,55.28965943,
5890545,55.29193622,
5890576,55.29193622,
5890607,55.29421301,
5890639,55.28965943,
5890670,55.29421301,
5890701,55.29193622,
5890733,55.29421301,
5890764,55.28965943,
5890883,55.29193622,
5891015,55.29193622,
5891047,55.28965943,
5891078,55.29648981,
5891110,55.29193622,
5891142,55.29193622,
5891174,55.29648981,
5891205,55.28965943,
5891236,55.28965943,
5891268,55.29193622,
5891299,55.29193622,
5891330,55.29193622,
5891362,55.29193622,
5891394,55.29421301,
5891425,55.29193622,
5891456,55.28965943,
5891488,55.29193622,
5891519,55.29421301,
5891551,55.28965943,
5891582,55.29193622,
5891698,55.29193622,
5891830,55.29193622,
5891862,55.29193622,
5891894,55.29193622,
5891925,55.29193622,
5891956,55.29193622,
5891987,55.28965943,
5892018,55.29421301,
5892050,55.28965943,
5892081,55.29193622,
5892113,55.29193622,
5892144,55.29193622,
5892176,55.29421301,
5892207,55.29193622,
5892238,55.28965943,
5892270,55.29193622,
5892301,55.29421301,
5892333,55.29193622,
5892364,55.29193622,
5892396,55.29193622,
5892529,55.29193622,
5892661,55.29193622,
5892693,55.29648981,
5892725,55.29648981,
5892756,55.29193622,
5892788,55.29421301,
5892819,55.29193622,
5892850,55.29421301,
5892882,55.29421301,
5892913,55.29193622,
5892945,55.29193622,
5892976,55.29193622,
5893007,55.29193622,
5893039,55.29193622,
5893070,55.29193622,
5893102,55.29421301,
5893133,55.29193622,
5893164,55.29193622,
5893196,55.29193622,
5893227,55.29421301,
5893336,55.29421301,
5893467,55.29193622,
5893499,55.29193622,
5893531,55.29193622,
5893563,55.29193622,
5893594,55.28965943,
5893625,55.29193622,
5893657,55.29421301,
5893688,55.29193622,
5893720,55.29193622,
5893751,55.29193622,
5893782,55.28965943,
5893814,55.29421301,
5893845,55.28965943,
5893877,55.29421301,
5893908,55.29193622,
5893940,55.29193622,
5893971,55.29193622,
5894002,55.29193622,
5894034,55.29421301,
5894174,55.28965943,
5894307,55.28965943,
5894340,55.29193622,
5894372,55.28965943,
5894403,55.29193622,
5894435,55.29421301,
5894467,55.29193622,
5894498,55.29421301,
5894530,55.28965943,
5894562,55.29193622,
5894593,55.29421301,
5894625,55.29421301,
5894656,55.29421301,
5894687,55.29193622,
5894719,55.29421301,
5894750,55.29193622,
5894782,55.29421301,
5894813,55.29193622,
5894845,55.29421301,
5894876,55.28965943,
5894977,55.29193622,
5895107,55.29421301,
5895140,55.29193622,
5895171,55.29193622,
5895202,55.28965943,
5895233,55.29193622,
5895265,55.28965943,
5895296,55.29193622,
5895328,55.29421301,
5895359,55.29193622,
5895391,55.29193622,
5895422,55.28965943,
5895454,55.29193622,
5895485,55.28965943,
5895516,55.29193622,
5895548,55.29193622,
5895579,55.29193622,
5895610,55.29193622,
5895642,55.29193622,
5895673,55.29193622,
5895791,55.29193622,
5895922,55.29421301,
5895954,55.29193622,
5895986,55.29193622,
5896017,55.29193622,
5896048,55.29421301,
5896080,55.29193622,
5896112,55.28965943,
5896143,55.29421301,
5896175,55.29421301,
5896206,55.29421301,
5896237,55.29193622,
5896269,55.29193622,
5896300,55.29421301,
5896331,55.29193622,
5896363,55.29421301,
5896394,55.29193622,
5896426,55.29193622,
5896457,55.29421301,
5896489,55.28965943,
5896614,55.29421301,
5896744,55.29193622,
5896775,55.29193622,
5896807,55.29421301,
5896839,55.29421301,
5896871,55.29193622,
5896903,55.29421301,
5896934,55.28965943,
5896966,55.29193622,
5896997,55.29421301,
5897029,55.29193622,
5897060,55.29193622,
5897091,55.29421301,
5897123,55.29421301,
5897154,55.29193622,
5897186,55.29193622,
5897217,55.29421301,
5897248,55.29421301,
5897280,55.29193622,
5897311,55.29193622,
5897434,55.29193622,
5897565,55.29421301,
5897597,55.28965943,
5897629,55.28965943,
5897660,55.29648981,
5897691,55.29421301,
5897723,55.29421301,
5897754,55.29421301,
5897786,55.29421301,
5897817,55.29193622,
5897849,55.29421301,
5897880,55.29193622,
5897912,55.29193622,
5897943,55.29421301,
5897974,55.29421301,
5898006,55.29421301,
5898038,55.29193622,
5898069,55.29193622,
5898100,55.29193622,
5898132,55.29193622,
5898258,55.29193622,
5898389,55.29421301,
5898421,55.29421301,
5898453,55.28965943,
5898484,55.29421301,
5898516,55.29193622,
5898547,55.28965943,
5898578,55.29193622,
5898609,55.29421301,
5898641,55.29193622,
5898673,55.29648981,
5898704,55.29421301,
5898735,55.29421301,
5898767,55.29421301,
5898798,55.29421301,
5898830,55.29193622,
5898861,55.29421301,
5898892,55.29648981,
5898924,55.29193622,
5898956,55.29193622,
5899072,55.29421301,
5899203,55.29421301,
5899236,55.29193622,
5899267,55.29421301,
5899299,55.29193622,
5899330,55.29421301,
5899362,55.28965943,
5899393,55.29421301,
5899424,55.29421301,
5899456,55.29193622,
5899487,55.29421301,
5899518,55.29421301,
5899550,55.29421301,
5899581,55.29193622,
5899613,55.29421301,
5899644,55.29193622,
5899676,55.29193622,
5899707,55.29193622,
5899738,55.29193622,
5899769,55.29193622,
5899885,55.29193622,
5900016,55.29193622,
5900047,55.29193622,
5900079,55.29193622,
5900111,55.29193622,
5900142,55.29193622,
5900174,55.29193622,
5900205,55.29193622,
5900236,55.29421301,
5900268,55.29648981,
5900299,55.29193622,
5900330,55.29648981,
5900362,55.29193622,
5900393,55.29421301,
5900425,55.29421301,
5900456,55.29421301,
5900487,55.28965943,
5900519,55.29421301,
5900550,55.29648981,
5900582,55.29193622,
5900728,55.29193622,
5900860,55.29648981,
5900892,55.29421301,
5900924,55.29648981,
5900955,55.28965943,
5900987,55.29421301,
5901018,55.29193622,
5901049,55.29421301,
5901081,55.29421301,
5901112,55.29193622,
5901144,55.29421301,
5901175,55.28965943,
5901207,55.29421301,
5901238,55.29421301,
5901269,55.28965943,
5901301,55.29421301,
5901332,55.29421301,
5901363,55.29193622,
5901395,55.29193622,
5901426,55.29193622,
5901530,55.29421301,
5901661,55.29193622,
5901693,55.29193622,
5901725,55.29421301,
5901756,55.29193622,
5901787,55.29421301,
5901819,55.29193622,
5901850,55.29193622,
5901882,55.29421301,
5901913,55.29193622,
5901945,55.29421301,
5901976,55.29193622,
5902008,55.29193622,
5902039,55.29421301,
5902070,55.28965943,
5902102,55.29193622,
5902133,55.29421301,
5902164,55.29421301,
5902196,55.29421301,
5902227,55.29193622,
5902345,55.29421301,
5902476,55.29193622,
5902508,55.29193622,
5902540,55.29193622,
5902571,55.29193622,
5902602,55.29421301,
5902634,55.29421301,
5902665,55.29648981,
5902697,55.29193622,
5902728,55.29193622,
5902760,55.29193622,
5902791,55.29421301,
5902823,55.29421301,
5902854,55.29648981,
5902885,55.29648981,
5902916,55.29421301,
5902948,55.29421301,
5902980,55.29193622,
5903011,55.29648981,
5903042,55.29421301,
5903263,55.29421301,
5903394,55.29193622,
5903426,55.29421301,
5903458,55.29193622,
5903489,55.29193622,
5903520,55.28965943,
5903552,55.29193622,
5903584,55.29421301,
5903615,55.29421301,
5903646,55.29421301,
5903678,55.29648981,
5903709,55.29648981,
5903741,55.28965943,
5903772,55.29648981,
5903803,55.29193622,
5903834,55.29421301,
5903866,55.29193622,
5903898,55.29421301,
5903929,55.29648981,
5903961,55.29193622,
5904089,55.29421301,
5904221,55.29648981,
5904253,55.29193622,
5904284,55.29193622,
5904316,55.28965943,
5904347,55.29193622,
5904379,55.29648981,
5904410,55.29421301,
5904441,55.28965943,
5904473,55.29421301,
5904504,55.29421301,
5904535,55.29193622,
5904567,55.29193622,
5904598,55.29421301,
5904630,55.29193622,
5904661,55.29648981,
5904693,55.29648981,
5904724,55.29421301,
5904755,55.29193622,
5904787,55.29193622,
5904925,55.29648981,
5905056,55.29193622,
5905089,55.29421301,
5905120,55.29421301,
5905151,55.29421301,
5905183,55.29648981,
5905215,55.29193622,
5905246,55.29648981,
5905278,55.29421301,
5905309,55.29648981,
5905340,55.28965943,
5905371,55.29421301,
5905403,55.29421301,
5905434,55.29193622,
5905466,55.29421301,
5905498,55.29421301,
5905529,55.29193622,
5905560,55.29648981,
5905591,55.29421301,
5905622,55.29193622,
5905724,55.29648981,
5905856,55.29648981,
5905888,55.29421301,
5905920,55.29648981,
5905951,55.29421301,
5905982,55.29421301,
5906014,55.29421301,
5906045,55.29421301,
5906077,55.29193622,
5906108,55.29421301,
5906140,55.28965943,
5906171,55.29648981,
5906202,55.29193622,
5906234,55.29421301,
5906265,55.29193622,
5906297,55.29421301,
5906328,55.29421301,
5906359,55.29193622,
5906390,55.29421301,
5906422,55.29648981,
5906544,55.29421301,
5906675,55.29421301,
5906707,55.29421301,
5906739,55.29648981,
5906770,55.29193622,
5906801,55.29421301,
5906833,55.29648981,
5906865,55.29193622,
5906896,55.29193622,
5906928,55.29648981,
5906959,55.29648981,
5906990,55.29648981,
5907022,55.29648981,
5907053,55.29193622,
5907084,55.29421301,
5907116,55.29648981,
5907148,55.29421301,
5907179,55.29421301,
5907210,55.29421301,
5907242,55.29193622,
5907469,55.29421301,
5907600,55.29421301,
5907632,55.29421301,
5907663,55.29648981,
5907695,55.29421301,
5907726,55.29193622,
5907757,55.29421301,
5907789,55.29193622,
5907820,55.29421301,
5907852,55.29421301,
5907883,55.29421301,
5907914,55.29648981,
5907946,55.2987666,
5907977,55.29648981,
5908009,55.29648981,
5908040,55.29421301,
5908072,55.29421301,
5908103,55.29421301,
5908134,55.28965943,
5908166,55.2987666,
5908293,55.29193622,
5908424,55.29193622,
5908456,55.29421301,
5908488,55.29421301,
5908519,55.29421301,
5908551,55.29648981,
5908582,55.29648981,
5908613,55.29421301,
5908644,55.29193622,
5908676,55.29648981,
5908708,55.29421301,
5908739,55.29193622,
5908770,55.29421301,
5908802,55.29648981,
5908833,55.29648981,
5908865,55.29193622,
5908896,55.29421301,
5908927,55.29421301,
5908959,55.29648981,
5908990,55.29421301,
5909211,55.29648981,
5909342,55.29648981,
5909374,55.29193622,
5909406,55.29421301,
5909437,55.29193622,
5909468,55.29421301,
5909500,55.29193622,
5909531,55.29421301,
5909563,55.29421301,
5909594,55.29421301,
5909626,55.29421301,
5909657,55.29193622,
5909689,55.29421301,
5909720,55.29421301,
5909751,55.29421301,
5909783,55.29193622,
5909814,55.29193622,
5909845,55.29193622,
5909877,55.29193622,
5909908,55.29193622,
5910036,55.29193622,
5910167,55.29421301,
5910200,55.29193622,
5910231,55.29421301,
5910262,55.29421301,
5910294,55.29421301,
5910326,55.29193622,
5910357,55.29421301,
5910388,55.29193622,
5910420,55.29648981,
5910451,55.29421301,
5910482,55.29421301,
5910514,55.29648981,
5910545,55.29421301,
5910577,55.29648981,
5910608,55.29421301,
5910640,55.29421301,
5910671,55.29421301,
5910702,55.29421301,
5910734,55.29193622,
5910844,55.29193622,
5910975,55.29648981,
5911007,55.29193622,
5911038,55.29421301,
5911069,55.29421301,
5911101,55.29648981,
5911132,55.29421301,
5911164,55.2987666,
5911195,55.29193622,
5911227,55.29648981,
5911258,55.29193622,
5911289,55.29421301,
5911321,55.29193622,
5911352,55.2987666,
5911384,55.29648981,
5911415,55.29648981,
5911447,55.2987666,
5911478,55.29421301,
5911509,55.29421301,
5911541,55.29193622,
5911781,55.29648981,
5911913,55.29421301,
5911945,55.29421301,
5911976,55.29193622,
5912008,55.29648981,
5912039,55.29421301,
5912071,55.29193622,
5912102,55.29193622,
5912133,55.29421301,
5912165,55.29193622,
5912196,55.29648981,
5912227,55.29648981,
5912259,55.29421301,
5912291,55.29421301,
5912322,55.29648981,
5912354,55.29421301,
5912385,55.29193622,
5912416,55.29648981,
5912448,55.29193622,
5912479,55.29648981,
5912590,55.29648981,
5912720,55.29421301,
5912752,55.29421301,
5912784,55.29421301,
5912815,55.29421301,
5912846,55.29421301,
5912878,55.29648981,
5912909,55.29193622,
5912941,55.29421301,
5912972,55.29421301,
5913004,55.29421301,
5913035,55.29648981,
5913066,55.29648981,
5913098,55.29648981,
5913129,55.29421301,
5913161,55.29421301,
5913192,55.29648981,
5913223,55.29193622,
5913255,55.29421301,
5913286,55.29421301,
5913406,55.29421301,
5913536,55.29193622,
5913569,55.29421301,
5913600,55.29421301,
5913631,55.29421301,
5913663,55.29648981,
5913694,55.29648981,
5913726,55.29421301,
5913757,55.29421301,
5913789,55.29421301,
5913820,55.29421301,
5913851,55.29648981,
5913883,55.29193622,
5913914,55.29648981,
5913946,55.29421301,
5913977,55.29421301,
5914009,55.29193622,
5914040,55.29648981,
5914071,55.29648981,
5914103,55.29648981,
5914434,55.29421301,
5914565,55.2987666,
5914597,55.29421301,
5914628,55.29421301,
5914660,55.28965943,
5914691,55.29421301,
5914723,55.29193622,
5914754,55.29193622,
5914785,55.2987666,
5914817,55.29421301,
5914848,55.29421301,
5914880,55.2987666,
5914911,55.29421301,
5914943,55.29421301,
5914974,55.29421301,
5915006,55.29648981,
5915037,55.29421301,
5915068,55.29648981,
5915099,55.29193622,
5915131,55.29421301,
5915253,55.29421301,
5915384,55.29648981,
5915417,55.29421301,
5915448,55.29648981,
5915479,55.29648981,
5915511,55.29421301,
5915542,55.29648981,
5915574,55.29421301,
5915605,55.29648981,
5915637,55.29421301,
5915668,55.29648981,
5915699,55.29193622,
5915731,55.29421301,
5915762,55.29421301,
5915793,55.29421301,
5915825,55.29648981,
5915857,55.29648981,
5915888,55.29648981,
5915919,55.29421301,
5915951,55.29421301,
5916064,55.29421301,
5916195,55.29421301,
5916227,55.29648981,
5916259,55.29648981,
5916291,55.29648981,
5916322,55.29648981,
5916354,55.29421301,
5916385,55.29421301,
5916416,55.29421301,
5916448,55.29193622,
5916479,55.29421301,
5916511,55.2987666,
5916542,55.29193622,
5916574,55.29648981,
5916605,55.29421301,
5916636,55.29421301,
5916668,55.29648981,
5916699,55.29193622,
5916730,55.29421301,
5916762,55.29648981,
5916890,55.29648981,
5917021,55.29421301,
5917053,55.29421301,
5917085,55.29421301,
5917116,55.29193622,
5917147,55.29648981,
5917179,55.29193622,
5917210,55.29648981,
5917241,55.29421301,
5917273,55.29193622,
5917304,55.29193622,
5917336,55.2987666,
5917367,55.29648981,
5917399,55.29193622,
5917430,55.29648981,
5917462,55.29421301,
5917493,55.29648981,
5917524,55.29648981,
5917555,55.29648981,
5917587,55.29648981,
5917735,55.29421301,
5917867,55.2987666,
5917899,55.29421301,
5917930,55.29648981,
5917961,55.29421301,
5917993,55.29421301,
5918025,55.29421301,
5918056,55.29648981,
5918087,55.29648981,
5918119,55.29193622,
5918150,55.29648981,
5918182,55.29421301,
5918213,55.29421301,
5918244,55.29648981,
5918276,55.29648981,
5918307,55.29648981,
5918339,55.29421301,
5918370,55.29421301,
5918402,55.29648981,
5918433,55.29193622,
5918532,55.29648981,
5918662,55.29421301,
5918694,55.29648981,
5918726,55.29648981,
5918757,55.29421301,
5918789,55.29648981,
5918821,55.29421301,
5918852,55.29193622,
5918883,55.29648981,
5918915,55.29648981,
5918946,55.29421301,
5918978,55.29648981,
5919009,55.29421301,
5919041,55.29648981,
5919072,55.29421301,
5919104,55.29421301,
5919135,55.29648981,
5919166,55.2987666,
5919197,55.29648981,
5919229,55.29421301,
5919343,55.29421301,
5919475,55.29421301,
5919507,55.29648981,
5919538,55.29421301,
5919570,55.29648981,
5919601,55.29648981,
5919633,55.29421301,
5919664,55.29421301,
5919695,55.29648981,
5919727,55.29421301,
5919758,55.29193622,
5919789,55.29421301,
5919821,55.29648981,
5919852,55.29648981,
5919884,55.2987666,
5919915,55.29648981,
5919947,55.29648981,
5919978,55.29648981,
5920009,55.29421301,
5920041,55.29421301,
5920178,55.2987666,
5920310,55.2987666,
5920342,55.29421301,
5920373,55.29421301,
5920405,55.29421301,
5920436,55.29648981,
5920468,55.29193622,
5920499,55.2987666,
5920531,55.29421301,
5920562,55.29648981,
5920593,55.2987666,
5920625,55.29648981,
5920656,55.29648981,
5920688,55.29648981,
5920719,55.2987666,
5920751,55.2987666,
5920782,55.29421301,
5920813,55.29421301,
5920845,55.29648981,
5920876,55.29421301,
5920991,55.29648981,
5921122,55.29421301,
5921154,55.29421301,
5921186,55.29421301,
5921217,55.29421301,
5921249,55.29421301,
5921280,55.29648981,
5921311,55.29421301,
5921343,55.29193622,
5921374,55.29648981,
5921406,55.29648981,
5921437,55.2987666,
5921469,55.2987666,
5921500,55.29648981,
5921531,55.29421301,
5921563,55.29648981,
5921594,55.29193622,
5921625,55.29421301,
5921657,55.29648981,
5921688,55.29421301,
5921803,55.29648981,
5921934,55.29648981,
5921966,55.29648981,
5921997,55.29648981,
5922029,55.29421301,
5922060,55.29648981,
5922092,55.29648981,
5922123,55.29648981,
5922154,55.29648981,
5922186,55.29648981,
5922217,55.29648981,
5922248,55.2987666,
5922280,55.29648981,
5922311,55.29648981,
5922343,55.29648981,
5922374,55.29193622,
5922406,55.29421301,
5922437,55.29421301,
5922468,55.29648981,
5922500,55.29421301,
5922728,55.29648981,
5922859,55.29421301,
5922892,55.29648981,
5922923,55.29648981,
5922954,55.29648981,
5922986,55.29648981,
5923017,55.2987666,
5923049,55.29648981,
5923080,55.29421301,
5923112,55.29421301,
5923143,55.29421301,
5923174,55.29421301,
5923206,55.2987666,
5923237,55.29421301,
5923268,55.29193622,
5923300,55.29648981,
5923331,55.29648981,
5923363,55.29648981,
5923394,55.29421301,
5923426,55.2987666,
5923639,55.2987666,
5923770,55.29648981,
5923801,55.29421301,
5923833,55.29648981,
5923865,55.29648981,
5923896,55.29648981,
5923928,55.29193622,
5923959,55.29421301,
5923990,55.29421301,
5924022,55.2987666,
5924053,55.29648981,
5924085,55.29421301,
5924116,55.29648981,
5924148,55.29648981,
5924179,55.29648981,
5924210,55.29421301,
5924242,55.29421301,
5924273,55.29648981,
5924304,55.2987666,
5924336,55.29648981,
5924498,55.29193622,
5924630,55.29648981,
5924661,55.29648981,
5924693,55.29421301,
5924724,55.2987666,
5924756,55.29648981,
5924787,55.29421301,
5924818,55.29648981,
5924850,55.29648981,
5924881,55.2987666,
5924913,55.29648981,
5924944,55.29648981,
5924976,55.2987666,
5925007,55.29648981,
5925039,55.29648981,
5925070,55.29648981,
5925102,55.29421301,
5925133,55.29648981,
5925165,55.2987666,
5925196,55.29421301,
5925286,55.29648981,
5925418,55.2987666,
5925450,55.29421301,
5925481,55.29648981,
5925513,55.29648981,
5925544,55.29648981,
5925576,55.29648981,
5925607,55.29648981,
5925638,55.30104339,
5925670,55.29648981,
5925701,55.29648981,
5925733,55.2987666,
5925764,55.2987666,
5925796,55.2987666,
5925827,55.29648981,
5925859,55.2987666,
5925890,55.29421301,
5925921,55.29648981,
5925952,55.29648981,
5925984,55.29421301,
5926103,55.29648981,
5926234,55.29648981,
5926266,55.29648981,
5926298,55.29421301,
5926329,55.29421301,
5926360,55.29421301,
5926392,55.29648981,
5926423,55.29648981,
5926454,55.2987666,
5926486,55.29648981,
5926517,55.29648981,
5926549,55.2987666,
5926580,55.29648981,
5926612,55.29648981,
5926643,55.29648981,
5926675,55.29648981,
5926706,55.29648981,
5926737,55.2987666,
5926769,55.2987666,
5926800,55.2987666,
5926952,55.29648981,
5927083,55.29648981,
5927115,55.29648981,
5927147,55.29648981,
5927178,55.29648981,
5927210,55.30104339,
5927241,55.2987666,
5927272,55.29648981,
5927304,55.29648981,
5927335,55.29648981,
5927367,55.2987666,
5927398,55.2987666,
5927430,55.29421301,
5927461,55.29648981,
5927492,55.29648981,
5927524,55.2987666,
5927555,55.29193622,
5927586,55.29648981,
5927618,55.29648981,
5927650,55.2987666,
5927754,55.29648981,
5927886,55.2987666,
5927918,55.2987666,
5927950,55.29648981,
5927981,55.29648981,
5928012,55.29648981,
5928044,55.29648981,
5928075,55.30104339,
5928106,55.2987666,
5928138,55.2987666,
5928169,55.2987666,
5928200,55.2987666,
5928232,55.2987666,
5928264,55.2987666,
5928295,55.29648981,
5928326,55.29648981,
5928358,55.29648981,
5928389,55.2987666,
5928421,55.29648981,
5928452,55.29648981,
5928567,55.29648981,
5928698,55.29648981,
5928730,55.2987666,
5928762,55.29648981,
5928793,55.29421301,
5928825,55.2987666,
5928857,55.2987666,
5928888,55.29648981,
5928919,55.30104339,
5928951,55.2987666,
5928982,55.29648981,
5929013,55.2987666,
5929045,55.2987666,
5929076,55.29421301,
5929108,55.2987666,
5929139,55.29421301,
5929171,55.2987666,
5929202,55.29648981,
5929233,55.29648981,
5929265,55.2987666,
5929381,55.29648981,
5929512,55.29648981,
5929544,55.29648981,
5929576,55.30104339,
5929607,55.29421301,
5929638,55.29421301,
5929670,55.2987666,
5929701,55.29648981,
5929733,55.29648981,
5929764,55.29648981,
5929796,55.29648981,
5929827,55.30104339,
5929859,55.29648981,
5929890,55.29648981,
5929921,55.29648981,
5929953,55.2987666,
5929984,55.2987666,
5930016,55.2987666,
5930047,55.29648981,
5930078,55.2987666,
5930211,55.2987666,
5930342,55.30104339,
5930374,55.29648981,
5930405,55.29648981,
5930436,55.29648981,
5930468,55.2987666,
5930500,55.2987666,
5930531,55.2987666,
5930562,55.30104339,
5930594,55.2987666,
5930625,55.29648981,
5930656,55.29648981,
5930688,55.29648981,
5930719,55.29648981,
5930751,55.2987666,
5930782,55.29648981,
5930814,55.30104339,
5930845,55.29421301,
5930877,55.29421301,
5930908,55.2987666,
5931039,55.30332019,
5931170,55.2987666,
5931203,55.29648981,
5931234,55.29648981,
5931265,55.29421301,
5931297,55.29648981,
5931328,55.29421301,
5931360,55.29421301,
5931391,55.29648981,
5931423,55.30104339,
5931454,55.2987666,
5931485,55.30104339,
5931517,55.2987666,
5931548,55.2987666,
5931579,55.30104339,
5931611,55.29648981,
5931642,55.2987666,
5931673,55.29421301,
5931705,55.2987666,
5931736,55.29421301,
5931849,55.29648981,
5931981,55.29648981,
5932013,55.29648981,
5932045,55.29648981,
5932076,55.29421301,
5932107,55.2987666,
5932139,55.29648981,
5932170,55.30104339,
5932201,55.2987666,
5932233,55.29648981,
5932264,55.29648981,
5932295,55.29648981,
5932327,55.2987666,
5932358,55.2987666,
5932390,55.2987666,
5932421,55.2987666,
5932453,55.2987666,
5932484,55.2987666,
5932516,55.29648981,
5932547,55.2987666,
5932658,55.2987666,
5932790,55.2987666,
5932822,55.2987666,
5932854,55.2987666,
5932885,55.2987666,
5932916,55.29648981,
5932948,55.2987666,
5932979,55.29648981,
5933010,55.29648981,
5933042,55.2987666,
5933073,55.2987666,
5933105,55.2987666,
5933136,55.29421301,
5933168,55.2987666,
5933199,55.2987666,
5933231,55.2987666,
5933262,55.29421301,
5933293,55.2987666,
5933324,55.29421301,
5933356,55.2987666,
5933565,55.30104339,
5933696,55.29648981,
5933728,55.2987666,
5933759,55.30104339,
5933791,55.29648981,
5933822,55.2987666,
5933853,55.2987666,
5933885,55.2987666,
5933916,55.2987666,
5933947,55.2987666,
5933979,55.2987666,
5934010,55.29648981,
5934041,55.2987666,
5934073,55.2987666,
5934104,55.2987666,
5934135,55.29648981,
5934167,55.30104339,
5934198,55.2987666,
5934230,55.29648981,
5934261,55.2987666,
5934497,55.2987666,
5934627,55.2987666,
5934658,55.2987666,
5934690,55.29648981,
5934722,55.2987666,
5934753,55.29648981,
5934785,55.29193622,
5934816,55.29648981,
5934847,55.2987666,
5934879,55.2987666,
5934911,55.29648981,
5934942,55.29648981,
5934974,55.2987666,
5935005,55.30104339,
5935036,55.29648981,
5935067,55.2987666,
5935099,55.2987666,
5935130,55.29648981,
5935162,55.29648981,
5935193,55.29648981,
5935325,55.2987666,
5935456,55.29421301,
5935488,55.2987666,
5935519,55.29648981,
5935551,55.29648981,
5935582,55.29648981,
5935614,55.29648981,
5935645,55.30104339,
5935676,55.2987666,
5935708,55.2987666,
5935739,55.2987666,
5935771,55.2987666,
5935802,55.29648981,
5935834,55.2987666,
5935865,55.29648981,
5935897,55.29648981,
5935928,55.2987666,
5935959,55.2987666,
5935990,55.30104339,
5936022,55.2987666,
5936157,55.29421301,
5936288,55.2987666,
5936321,55.29421301,
5936353,55.29648981,
5936384,55.29648981,
5936416,55.2987666,
5936447,55.2987666,
5936478,55.2987666,
5936510,55.29648981,
5936541,55.2987666,
5936573,55.2987666,
5936604,55.2987666,
5936635,55.29421301,
5936667,55.2987666,
5936698,55.2987666,
5936730,55.29648981,
5936761,55.2987666,
5936792,55.30104339,
5936824,55.2987666,
5936855,55.29648981,
5936963,55.29648981,
5937095,55.2987666,
5937127,55.2987666,
5937158,55.2987666,
5937190,55.30104339,
5937221,55.29421301,
5937253,55.29648981,
5937284,55.2987666,
5937315,55.2987666,
5937347,55.2987666,
5937378,55.2987666,
5937410,55.2987666,
5937441,55.29648981,
5937473,55.30104339,
5937504,55.2987666,
5937536,55.29648981,
5937567,55.2987666,
5937598,55.29648981,
5937629,55.2987666,
5937661,55.29421301,
5937792,55.2987666,
5937924,55.2987666,
5937956,55.30104339,
5937988,55.29648981,
5938019,55.30104339,
5938051,55.2987666,
5938082,55.2987666,
5938113,55.29648981,
5938145,55.2987666,
5938176,55.29648981,
5938208,55.2987666,
5938239,55.30104339,
5938270,55.2987666,
5938302,55.2987666,
5938333,55.30104339,
5938365,55.2987666,
5938396,55.2987666,
5938427,55.2987666,
5938459,55.30104339,
5938490,55.2987666,
5938593,55.29648981,
5938724,55.2987666,
5938756,55.30104339,
5938788,55.29648981,
5938819,55.29648981,
5938850,55.2987666,
5938882,55.2987666,
5938913,55.29421301,
5938944,55.2987666,
5938976,55.30104339,
5939007,55.2987666,
5939038,55.2987666,
5939070,55.30104339,
5939101,55.2987666,
5939133,55.30104339,
5939164,55.29648981,
5939196,55.30104339,
5939227,55.29648981,
5939258,55.30104339,
5939290,55.2987666,
5939423,55.30104339,
5939555,55.30104339,
5939587,55.29648981,
5939618,55.2987666,
5939650,55.29648981,
5939681,55.29648981,
5939713,55.2987666,
5939744,55.30104339,
5939775,55.2987666,
5939807,55.2987666,
5939838,55.29648981,
5939870,55.30104339,
5939901,55.2987666,
5939933,55.2987666,
5939964,55.30104339,
5939996,55.30104339,
5940027,55.30104339,
5940058,55.2987666,
5940090,55.2987666,
5940121,55.30104339,
5940342,55.29648981,
5940472,55.29648981,
5940505,55.29648981,
5940536,55.2987666,
5940567,55.30104339,
5940599,55.2987666,
5940630,55.2987666,
5940662,55.2987666,
5940693,55.2987666,
5940725,55.30104339,
5940756,55.30104339,
5940787,55.2987666,
5940819,55.29648981,
5940850,55.30104339,
5940882,55.2987666,
5940913,55.2987666,
5940945,55.30104339,
5940976,55.30104339,
5941007,55.2987666,
5941039,55.30104339,
5941156,55.2987666,
5941288,55.2987666,
5941320,55.30104339,
5941351,55.30104339,
5941383,55.2987666,
5941414,55.30104339,
5941446,55.30104339,
5941477,55.2987666,
5941508,55.2987666,
5941540,55.29648981,
5941571,55.30104339,
5941602,55.30104339,
5941634,55.2987666,
5941665,55.30104339,
5941697,55.2987666,
5941728,55.2987666,
5941760,55.2987666,
5941791,55.29648981,
5941822,55.30104339,
5941854,55.2987666,
5941996,55.2987666,
5942128,55.30104339,
5942160,55.2987666,
5942192,55.2987666,
5942223,55.29648981,
5942255,55.2987666,
5942286,55.2987666,
5942317,55.2987666,
5942349,55.2987666,
5942380,55.29648981,
5942412,55.2987666,
5942443,55.30104339,
5942475,55.30104339,
5942506,55.2987666,
5942537,55.29648981,
5942569,55.2987666,
5942600,55.30104339,
5942631,55.30332019,
5942663,55.30104339,
5942694,55.30104339,
5942793,55.30104339,
5942923,55.30104339,
5942955,55.2987666,
5942987,55.30104339,
5943018,55.29648981,
5943049,55.30104339,
5943080,55.2987666,
5943112,55.2987666,
5943143,55.2987666,
5943175,55.30104339,
5943206,55.30104339,
5943237,55.30104339,
5943269,55.30104339,
5943300,55.2987666,
5943331,55.30104339,
5943363,55.30104339,
5943394,55.2987666,
5943426,55.29648981,
5943457,55.30104339,
5943489,55.29421301,
5943612,55.2987666,
5943743,55.2987666,
5943775,55.2987666,
5943807,55.2987666,
5943838,55.29648981,
5943869,55.30104339,
5943901,55.30104339,
5943932,55.2987666,
5943964,55.2987666,
5943995,55.30104339,
5944027,55.2987666,
5944058,55.2987666,
5944090,55.2987666,
5944121,55.30104339,
5944152,55.2987666,
5944184,55.30332019,
5944215,55.2987666,
5944247,55.2987666,
5944278,55.2987666,
5944309,55.2987666,
5944551,55.2987666,
5944682,55.2987666,
5944715,55.29648981,
5944746,55.2987666,
5944777,55.2987666,
5944809,55.2987666,
5944841,55.30104339,
5944872,55.30104339,
5944904,55.2987666,
5944935,55.2987666,
5944966,55.2987666,
5944997,55.2987666,
5945029,55.30104339,
5945060,55.30104339,
5945092,55.2987666,
5945123,55.2987666,
5945155,55.30104339,
5945186,55.2987666,
5945218,55.30104339,
5945249,55.30104339,
5945457,55.2987666,
5945588,55.2987666,
5945620,55.2987666,
5945651,55.30104339,
5945683,55.30332019,
5945714,55.29648981,
5945746,55.2987666,
5945777,55.2987666,
5945808,55.2987666,
5945840,55.2987666,
5945871,55.2987666,
5945903,55.29648981,
5945934,55.29648981,
5945966,55.30104339,
5945997,55.2987666,
5946029,55.2987666,
5946060,55.30104339,
5946091,55.2987666,
5946123,55.2987666,
5946154,55.2987666,
5946281,55.29648981,
5946412,55.2987666,
5946444,55.30104339,
5946475,55.30332019,
5946507,55.30104339,
5946538,55.30104339,
5946570,55.29421301,
5946601,55.30104339,
5946632,55.2987666,
5946664,55.30104339,
5946695,55.2987666,
5946726,55.30104339,
5946758,55.2987666,
5946789,55.30104339,
5946821,55.29648981,
5946852,55.2987666,
5946884,55.30104339,
5946915,55.2987666,
5946946,55.30104339,
5946978,55.30104339,
5947095,55.2987666,
5947225,55.2987666,
5947257,55.2987666,
5947289,55.2987666,
5947320,55.2987666,
5947352,55.29648981,
5947384,55.30104339,
5947416,55.30332019,
5947448,55.30104339,
5947480,55.30104339,
5947512,55.30104339,
5947543,55.2987666,
5947575,55.30104339,
5947606,55.2987666,
5947638,55.30332019,
5947669,55.2987666,
5947702,55.29648981,
5947733,55.30104339,
5947765,55.2987666,
5947797,55.30104339,
5947924,55.2987666,
5948054,55.2987666,
5948087,55.29648981,
5948119,55.2987666,
5948150,55.30104339,
5948182,55.2987666,
5948214,55.2987666,
5948246,55.30104339,
5948277,55.30104339,
5948309,55.30104339,
5948341,55.30332019,
5948372,55.30104339,
5948404,55.30332019,
5948436,55.2987666,
5948467,55.30104339,
5948499,55.30104339,
5948530,55.30104339,
5948561,55.2987666,
5948593,55.30332019,
5948624,55.2987666,
5948741,55.30104339,
5948872,55.30104339,
5948904,55.30104339,
5948935,55.30104339,
5948967,55.2987666,
5948999,55.30104339,
5949030,55.30104339,
5949061,55.30104339,
5949092,55.30104339,
5949124,55.2987666,
5949155,55.2987666,
5949187,55.29648981,
5949218,55.30104339,
5949250,55.30104339,
5949281,55.2987666,
5949313,55.30332019,
5949344,55.30104339,
5949375,55.30104339,
5949406,55.30104339,
5949438,55.30104339,
5949643,55.2987666,
5949774,55.30104339,
5949805,55.2987666,
5949838,55.30104339,
5949869,55.30104339,
5949900,55.30104339,
5949932,55.2987666,
5949963,55.30104339,
5949995,55.2987666,
5950026,55.2987666,
5950058,55.30104339,
5950089,55.30104339,
5950120,55.30104339,
5950152,55.2987666,
5950183,55.30104339,
5950214,55.30104339,
5950246,55.30104339,
5950277,55.30104339,
5950309,55.2987666,
5950340,55.30104339,
5950483,55.30332019,
5950613,55.2987666,
5950645,55.30104339,
5950677,55.30104339,
5950708,55.2987666,
5950740,55.30104339,
5950771,55.2987666,
5950802,55.30104339,
5950833,55.2987666,
5950865,55.29648981,
5950897,55.30104339,
5950928,55.30104339,
5950960,55.29648981,
5950991,55.30104339,
5951022,55.30104339,
5951054,55.2987666,
5951085,55.30104339,
5951116,55.2987666,
5951148,55.2987666,
5951179,55.30104339,
5951386,55.2987666,
5951517,55.30104339,
5951548,55.2987666,
5951580,55.2987666,
5951611,55.2987666,
5951643,55.30104339,
5951674,55.30332019,
5951706,55.30332019,
5951737,55.30104339,
5951768,55.2987666,
5951800,55.30104339,
5951831,55.2987666,
5951862,55.30104339,
5951894,55.30104339,
5951925,55.30332019,
5951957,55.30104339,
5951988,55.2987666,
5952020,55.30104339,
5952051,55.2987666,
5952083,55.30332019,
5952297,55.2987666,
5952429,55.30104339,
5952460,55.30104339,
5952492,55.30332019,
5952523,55.2987666,
5952554,55.30104339,
5952586,55.30104339,
5952617,55.30104339,
5952649,55.30104339,
5952680,55.30104339,
5952712,55.30104339,
5952743,55.2987666,
5952774,55.2987666,
5952806,55.30332019,
5952837,55.30104339,
5952869,55.30104339,
5952900,55.2987666,
5952932,55.30104339,
5952963,55.2987666,
5952995,55.30104339,
5953146,55.2987666,
5953274,55.30104339,
5953308,55.2987666,
5953339,55.2987666,
5953371,55.30104339,
5953403,55.30332019,
5953434,55.30104339,
5953466,55.30104339,
5953497,55.2987666,
5953529,55.2987666,
5953560,55.2987666,
5953591,55.30332019,
5953623,55.30332019,
5953654,55.2987666,
5953685,55.30332019,
5953717,55.30332019,
5953749,55.30104339,
5953780,55.30104339,
5953811,55.30332019,
5953843,55.30104339,
5954055,55.30104339,
5954186,55.30332019,
5954218,55.30104339,
5954249,55.30559698,
5954281,55.30104339,
5954313,55.30104339,
5954345,55.30104339,
5954376,55.30104339,
5954407,55.2987666,
5954439,55.2987666,
5954470,55.2987666,
5954501,55.30104339,
5954533,55.30104339,
5954564,55.30104339,
5954596,55.30104339,
5954627,55.30332019,
5954659,55.2987666,
5954690,55.30104339,
5954721,55.30104339,
5954753,55.30332019,
5954894,55.30332019,
5955024,55.30104339,
5955056,55.30332019,
5955088,55.30104339,
5955119,55.30104339,
5955151,55.30104339,
5955183,55.2987666,
5955214,55.2987666,
5955245,55.30104339,
5955277,55.30104339,
5955308,55.30332019,
5955339,55.30104339,
5955371,55.2987666,
5955402,55.30104339,
5955433,55.30104339,
5955465,55.2987666,
5955496,55.30332019,
5955528,55.30332019,
5955559,55.2987666,
5955591,55.30104339,
5955711,55.30559698,
5955842,55.30104339,
5955875,55.30332019,
5955906,55.30104339,
5955937,55.30332019,
5955969,55.30104339,
5956001,55.30104339,
5956032,55.30104339,
5956063,55.30332019,
5956095,55.30104339,
5956126,55.30104339,
5956157,55.30332019,
5956189,55.30332019,
5956220,55.30332019,
5956252,55.30332019,
5956283,55.30332019,
5956315,55.2987666,
5956346,55.2987666,
5956378,55.30332019,
5956409,55.30104339,
5956527,55.30104339,
5956658,55.2987666,
5956690,55.30104339,
5956721,55.2987666,
5956753,55.30104339,
5956784,55.30559698,
5956816,55.30332019,
5956847,55.30332019,
5956878,55.30104339,
5956910,55.29648981,
5956942,55.30104339,
5956973,55.2987666,
5957004,55.30332019,
5957036,55.30332019,
5957067,55.30104339,
5957099,55.30104339,
5957130,55.30332019,
5957161,55.2987666,
5957193,55.2987666,
5957224,55.30104339,
5957344,55.30104339,
5957476,55.30104339,
5957508,55.30332019,
5957539,55.2987666,
5957571,55.30104339,
5957602,55.30104339,
5957634,55.30332019,
5957665,55.30104339,
5957696,55.30332019,
5957728,55.30104339,
5957759,55.2987666,
5957790,55.30104339,
5957822,55.2987666,
5957854,55.30104339,
5957885,55.30104339,
5957917,55.30559698,
5957948,55.30332019,
5957979,55.30104339,
5958010,55.30104339,
5958042,55.30104339,
5958181,55.30104339,
5958312,55.30332019,
5958345,55.30332019,
5958376,55.30104339,
5958408,55.30104339,
5958439,55.30104339,
5958471,55.2987666,
5958502,55.30104339,
5958534,55.30104339,
5958565,55.30104339,
5958596,55.30332019,
5958628,55.30332019,
5958659,55.30104339,
5958690,55.30104339,
5958722,55.30104339,
5958753,55.30332019,
5958785,55.30332019,
5958816,55.30332019,
5958848,55.30104339,
5958879,55.30104339,
5958985,55.30104339,
5959115,55.30104339,
5959147,55.30104339,
5959179,55.30104339,
5959210,55.30332019,
5959242,55.30104339,
5959273,55.2987666,
5959304,55.30104339,
5959335,55.30332019,
5959367,55.30104339,
5959399,55.30104339,
5959430,55.2987666,
5959462,55.30104339,
5959493,55.30332019,
5959524,55.30104339,
5959556,55.30332019,
5959587,55.2987666,
5959618,55.30104339,
5959650,55.30332019,
5959681,55.30104339,
5959895,55.30332019,
5960026,55.30104339,
5960058,55.30104339,
5960089,55.2987666,
5960121,55.30104339,
5960152,55.30104339,
5960183,55.30104339,
5960215,55.30104339,
5960246,55.30104339,
5960278,55.30332019,
5960309,55.30332019,
5960340,55.30104339,
5960372,55.30332019,
5960403,55.30104339,
5960435,55.2987666,
5960466,55.30332019,
5960498,55.30104339,
5960529,55.2987666,
5960560,55.30332019,
5960592,55.30332019,
5960912,55.30104339,
5961043,55.30332019,
5961075,55.30332019,
5961107,55.30104339,
5961138,55.30332019,
5961169,55.30332019,
5961201,55.2987666,
5961232,55.30104339,
5961264,55.30104339,
5961295,55.30104339,
5961327,55.30332019,
5961358,55.30104339,
5961390,55.30104339,
5961421,55.30104339,
5961452,55.2987666,
5961483,55.30332019,
5961515,55.30104339,
5961546,55.30104339,
5961578,55.30332019,
5961609,55.30104339,
5961849,55.30104339,
5961981,55.30104339,
5962013,55.2987666,
5962044,55.30332019,
5962075,55.30332019,
5962107,55.30332019,
5962138,55.30332019,
5962170,55.30104339,
5962201,55.30332019,
5962232,55.30332019,
5962264,55.30332019,
5962295,55.30104339,
5962327,55.30332019,
5962358,55.30104339,
5962389,55.30104339,
5962421,55.30104339,
5962452,55.30104339,
5962484,55.30332019,
5962515,55.30332019,
5962547,55.30332019,
5962661,55.2987666,
5962792,55.30332019,
5962825,55.30332019,
5962856,55.30104339,
5962888,55.30332019,
5962919,55.30104339,
5962951,55.30332019,
5962982,55.30332019,
5963013,55.30332019,
5963045,55.30104339,
5963076,55.30332019,
5963108,55.30104339,
5963139,55.30332019,
5963171,55.30332019,
5963202,55.30104339,
5963234,55.2987666,
5963265,55.30332019,
5963296,55.30104339,
5963327,55.30559698,
5963359,55.2987666,
5963482,55.2987666,
5963613,55.30332019,
5963645,55.30104339,
5963676,55.30332019,
5963708,55.30104339,
5963739,55.30332019,
5963771,55.30104339,
5963802,55.30332019,
5963833,55.30332019,
5963865,55.30104339,
5963896,55.30104339,
5963928,55.30332019,
5963959,55.30104339,
5963991,55.30332019,
5964022,55.30104339,
5964054,55.30104339,
5964085,55.30104339,
5964116,55.30104339,
5964147,55.30332019,
5964179,55.30104339,
5964392,55.30104339,
5964523,55.30332019,
5964555,55.30104339,
5964587,55.30104339,
5964619,55.30104339,
5964650,55.2987666,
5964682,55.30332019,
5964713,55.30332019,
5964744,55.2987666,
5964776,55.30104339,
5964807,55.30332019,
5964839,55.30104339,
5964870,55.30332019,
5964902,55.30332019,
5964933,55.30332019,
5964964,55.30559698,
5964996,55.30332019,
5965027,55.30332019,
5965059,55.30104339,
5965090,55.30332019,
5965331,55.30104339,
5965462,55.30104339,
5965495,55.30332019,
5965526,55.30104339,
5965558,55.30104339,
5965589,55.30104339,
5965621,55.30104339,
5965652,55.30104339,
5965683,55.30104339,
5965715,55.30332019,
5965746,55.30332019,
5965778,55.30104339,
5965809,55.30332019,
5965841,55.30332019,
5965872,55.30332019,
5965904,55.30104339,
5965935,55.30104339,
5965966,55.30332019,
5965998,55.30332019,
5966029,55.30104339,
5966150,55.30332019,
5966282,55.30332019,
5966314,55.30104339,
5966345,55.30104339,
5966377,55.30104339,
5966408,55.30104339,
5966440,55.30559698,
5966471,55.30104339,
5966502,55.30332019,
5966534,55.30332019,
5966565,55.30104339,
5966597,55.30104339,
5966628,55.30104339,
5966660,55.30332019,
5966691,55.30104339,
5966722,55.30332019,
5966754,55.30332019,
5966785,55.30104339,
5966817,55.30332019,
5966848,55.30104339,
5966969,55.30104339,
5967100,55.30332019,
5967132,55.30332019,
5967163,55.30104339,
5967194,55.30104339,
5967226,55.30332019,
5967257,55.30332019,
5967289,55.2987666,
5967320,55.30104339,
5967352,55.30332019,
5967383,55.30332019,
5967414,55.30332019,
5967446,55.30104339,
5967477,55.30332019,
5967508,55.30104339,
5967540,55.30332019,
5967571,55.30332019,
5967603,55.30332019,
5967634,55.30559698,
5967666,55.30332019,
5967801,55.30104339,
5967932,55.30104339,
5967965,55.30332019,
5967996,55.2987666,
5968028,55.30104339,
5968060,55.30104339,
5968091,55.30104339,
5968122,55.30104339,
5968154,55.30104339,
5968185,55.30104339,
5968216,55.30104339,
5968248,55.30332019,
5968279,55.30104339,
5968311,55.30332019,
5968342,55.30104339,
5968374,55.30104339,
5968405,55.30104339,
5968436,55.30332019,
5968468,55.30332019,
5968499,55.30104339,
5968603,55.30559698,
5968734,55.30332019,
5968767,55.30332019,
5968798,55.30332019,
5968829,55.30104339,
5968861,55.30104339,
5968892,55.30104339,
5968924,55.30332019,
5968955,55.30104339,
5968987,55.30104339,
5969018,55.30104339,
5969049,55.30332019,
5969081,55.30332019,
5969112,55.30104339,
5969144,55.30332019,
5969175,55.2987666,
5969207,55.30332019,
5969238,55.30104339,
5969269,55.30104339,
5969301,55.30332019,
5969444,55.30332019,
5969575,55.30104339,
5969608,55.30332019,
5969639,55.30332019,
5969670,55.30332019,
5969702,55.30104339,
5969733,55.30104339,
5969765,55.30559698,
5969796,55.30332019,
5969828,55.30104339,
5969859,55.30104339,
5969891,55.30332019,
5969922,55.30559698,
5969954,55.30332019,
5969985,55.30559698,
5970016,55.30332019,
5970048,55.30104339,
5970079,55.30332019,
5970111,55.30104339,
5970142,55.30332019,
5970248,55.30332019,
5970379,55.30332019,
5970411,55.30104339,
5970443,55.30332019,
5970474,55.30559698,
5970506,55.30332019,
5970537,55.30332019,
5970568,55.30104339,
5970600,55.30559698,
5970631,55.30559698,
5970663,55.30104339,
5970694,55.30104339,
5970726,55.30332019,
5970757,55.30104339,
5970788,55.30332019,
5970820,55.30104339,
5970851,55.30104339,
5970883,55.30104339,
5970914,55.2987666,
5970946,55.30332019,
5971062,55.30332019,
5971193,55.30104339,
5971226,55.2987666,
5971257,55.30332019,
5971289,55.2987666,
5971320,55.30332019,
5971352,55.30332019,
5971383,55.30104339,
5971414,55.30104339,
5971446,55.30104339,
5971477,55.30332019,
5971508,55.30104339,
5971540,55.30104339,
5971571,55.30104339,
5971603,55.30332019,
5971634,55.2987666,
5971666,55.30332019,
5971697,55.30104339,
5971728,55.30332019,
5971760,55.30104339,
5971977,55.30332019,
5972108,55.30332019,
5972139,55.30332019,
5972171,55.30104339,
5972202,55.30104339,
5972234,55.30559698,
5972265,55.30332019,
5972297,55.30332019,
5972328,55.30104339,
5972359,55.30332019,
5972391,55.30559698,
5972422,55.30559698,
5972454,55.30332019,
5972485,55.30104339,
5972516,55.30332019,
5972548,55.30332019,
5972579,55.30559698,
5972611,55.30332019,
5972642,55.30559698,
5972673,55.30332019,
5972810,55.30332019,
5972941,55.30332019,
5972973,55.30332019,
5973005,55.2987666,
5973036,55.30104339,
5973068,55.30332019,
5973099,55.30332019,
5973130,55.30332019,
5973162,55.30104339,
5973193,55.30559698,
5973225,55.30332019,
5973256,55.30332019,
5973288,55.30332019,
5973319,55.30332019,
5973350,55.30104339,
5973382,55.30332019,
5973413,55.30332019,
5973444,55.30104339,
5973476,55.30104339,
5973507,55.30332019,
5973615,55.30559698,
5973747,55.30332019,
5973778,55.30332019,
5973810,55.30332019,
5973842,55.2987666,
5973873,55.30332019,
5973905,55.30332019,
5973936,55.2987666,
5973968,55.30104339,
5973999,55.30332019,
5974030,55.30332019,
5974062,55.30104339,
5974093,55.30332019,
5974125,55.30559698,
5974156,55.30332019,
5974187,55.30332019,
5974219,55.30332019,
5974250,55.30332019,
5974282,55.30332019,
5974313,55.30104339,
5974436,55.30332019,
5974567,55.30104339,
5974598,55.30332019,
5974630,55.30104339,
5974661,55.30332019,
5974693,55.30332019,
5974724,55.30332019,
5974756,55.30104339,
5974787,55.30332019,
5974819,55.30332019,
5974850,55.30104339,
5974881,55.30332019,
5974913,55.30332019,
5974944,55.30104339,
5974976,55.30559698,
5975007,55.30559698,
5975039,55.30332019,
5975070,55.30104339,
5975101,55.30332019,
5975133,55.30332019,
5975262,55.30332019,
5975393,55.30332019,
5975425,55.30559698,
5975456,55.30332019,
5975488,55.30104339,
5975519,55.30332019,
5975551,55.30332019,
5975582,55.30332019,
5975613,55.30332019,
5975645,55.30104339,
5975676,55.30559698,
5975707,55.30332019,
5975739,55.30104339,
5975771,55.30332019,
5975802,55.2987666,
5975834,55.2987666,
5975865,55.30332019,
5975896,55.30559698,
5975928,55.30332019,
5975959,55.30104339,
5976081,55.30332019,
5976212,55.30332019,
5976244,55.30559698,
5976276,55.30559698,
5976307,55.30332019,
5976338,55.30332019,
5976370,55.30332019,
5976401,55.30332019,
5976433,55.30104339,
5976464,55.30559698,
5976496,55.30332019,
5976527,55.30332019,
5976559,55.30332019,
5976590,55.30104339,
5976621,55.30104339,
5976653,55.30104339,
5976684,55.30332019,
5976715,55.30559698,
5976747,55.30332019,
5976778,55.30332019,
5976912,55.30104339,
5977043,55.30332019,
5977076,55.30332019,
5977107,55.30104339,
5977138,55.30559698,
5977170,55.2987666,
5977202,55.30104339,
5977233,55.30332019,
5977265,55.30559698,
5977296,55.30332019,
5977327,55.30332019,
5977358,55.30104339,
5977390,55.30332019,
5977421,55.30559698,
5977453,55.30104339,
5977484,55.30104339,
5977516,55.2987666,
5977547,55.30332019,
5977579,55.30104339,
5977610,55.30332019,
5977811,55.30559698,
5977942,55.30332019,
5977973,55.30104339,
5978005,55.30559698,
5978037,55.30332019,
5978068,55.30104339,
5978100,55.30332019,
5978131,55.30559698,
5978162,55.30104339,
5978194,55.30332019,
5978225,55.30559698,
5978257,55.2987666,
5978288,55.30559698,
5978320,55.30332019,
5978351,55.30332019,
5978382,55.30332019,
5978414,55.30332019,
5978445,55.30332019,
5978476,55.30104339,
5978508,55.30332019,
5978744,55.30104339,
5978875,55.30559698,
5978907,55.30332019,
5978938,55.2987666,
5978969,55.30559698,
5979001,55.30559698,
5979032,55.30332019,
5979064,55.30332019,
5979095,55.30332019,
5979127,55.30559698,
5979158,55.30104339,
5979189,55.30559698,
5979221,55.30559698,
5979252,55.30104339,
5979284,55.30332019,
5979315,55.30332019,
5979347,55.30559698,
5979378,55.30559698,
5979409,55.30332019,
5979441,55.30104339,
5979572,55.30332019,
5979704,55.30787378,
5979736,55.30332019,
5979767,55.30332019,
5979799,55.30332019,
5979830,55.30559698,
5979862,55.30332019,
5979893,55.30332019,
5979925,55.30332019,
5979956,55.30332019,
5979987,55.30332019,
5980019,55.30787378,
5980050,55.30332019,
5980082,55.30332019,
5980113,55.30104339,
5980145,55.30332019,
5980176,55.30104339,
5980207,55.30559698,
5980239,55.30104339,
5980270,55.30332019,
5980481,55.30559698,
5980613,55.30332019,
5980645,55.30104339,
5980676,55.30104339,
5980707,55.30332019,
5980738,55.30104339,
5980770,55.30559698,
5980801,55.30559698,
5980833,55.30104339,
5980864,55.30332019,
5980896,55.30332019,
5980927,55.30332019,
5980959,55.30104339,
5980990,55.30104339,
5981021,55.30559698,
5981053,55.30787378,
5981084,55.30332019,
5981116,55.30104339,
5981147,55.30559698,
5981179,55.30332019,
5981304,55.30332019,
5981435,55.30559698,
5981467,55.30559698,
5981499,55.30332019,
5981530,55.30332019,
5981561,55.30104339,
5981593,55.30104339,
5981624,55.30332019,
5981655,55.30559698,
5981687,55.30559698,
5981718,55.30104339,
5981750,55.30332019,
5981781,55.30332019,
5981813,55.30104339,
5981844,55.30559698,
5981876,55.30332019,
5981907,55.30332019,
5981938,55.30332019,
5981970,55.30559698,
5982001,55.30332019,
5982321,55.30332019,
5982453,55.30559698,
5982485,55.30332019,
5982517,55.30104339,
5982548,55.30332019,
5982579,55.30332019,
5982611,55.30332019,
5982642,55.30332019,
5982673,55.30104339,
5982705,55.30559698,
5982736,55.30559698,
5982768,55.30559698,
5982799,55.30332019,
5982831,55.30332019,
5982862,55.30559698,
5982894,55.30332019,
5982925,55.30559698,
5982956,55.30104339,
5982988,55.30559698,
5983019,55.30332019,
5983143,55.30332019,
5983274,55.30559698,
5983306,55.30332019,
5983338,55.30104339,
5983369,55.30332019,
5983400,55.30332019,
5983432,55.30787378,
5983463,55.30559698,
5983494,55.30332019,
5983526,55.30332019,
5983558,55.30332019,
5983589,55.30332019,
5983620,55.30332019,
5983652,55.30559698,
5983683,55.30104339,
5983715,55.30559698,
5983746,55.30559698,
5983777,55.30332019,
5983809,55.30559698,
5983841,55.30787378,
5983972,55.30332019,
5984104,55.30559698,
5984136,55.30332019,
5984167,55.30332019,
5984199,55.30332019,
5984230,55.30559698,
5984262,55.30332019,
5984293,55.30787378,
5984324,55.30559698,
5984356,55.30332019,
5984387,55.30104339,
5984419,55.30332019,
5984450,55.30104339,
5984482,55.30559698,
5984513,55.30559698,
5984545,55.30559698,
5984576,55.30104339,
5984607,55.30332019,
5984639,55.30559698,
5984670,55.30332019,
5984878,55.30559698,
5985009,55.30559698,
5985041,55.30559698,
5985073,55.30332019,
5985105,55.30332019,
5985136,55.30559698,
5985168,55.30332019,
5985199,55.30559698,
5985230,55.30332019,
5985262,55.30559698,
5985293,55.30332019,
5985324,55.30332019,
5985356,55.30332019,
5985388,55.30332019,
5985419,55.30559698,
5985450,55.30332019,
5985482,55.30559698,
5985513,55.30332019,
5985544,55.30332019,
5985576,55.30332019,
5985714,55.30559698,
5985845,55.30104339,
5985878,55.30332019,
5985909,55.30332019,
5985941,55.30104339,
5985972,55.30559698,
5986004,55.30332019,
5986035,55.30559698,
5986066,55.30332019,
5986098,55.30104339,
5986129,55.30559698,
5986160,55.30559698,
5986192,55.30332019,
5986223,55.30332019,
5986255,55.30559698,
5986286,55.30332019,
5986318,55.30332019,
5986349,55.30332019,
5986381,55.30559698,
5986412,55.30559698,
5986521,55.30332019,
5986652,55.30332019,
5986684,55.30559698,
5986716,55.30787378,
5986747,55.30559698,
5986778,55.30559698,
5986810,55.30559698,
5986841,55.30332019,
5986872,55.30332019,
5986904,55.30332019,
5986935,55.30559698,
5986967,55.30332019,
5986999,55.30559698,
5987030,55.30332019,
5987061,55.30332019,
5987093,55.30559698,
5987124,55.30332019,
5987156,55.30332019,
5987187,55.30559698,
5987218,55.30559698,
5987341,55.30332019,
5987472,55.30559698,
5987504,55.30559698,
5987536,55.30559698,
5987567,55.30559698,
5987598,55.30559698,
5987630,55.30332019,
5987661,55.30332019,
5987692,55.30332019,
5987724,55.30559698,
5987755,55.30332019,
5987787,55.30559698,
5987818,55.30332019,
5987850,55.30332019,
5987881,55.30559698,
5987913,55.30559698,
5987944,55.30559698,
5987975,55.30559698,
5988006,55.30332019,
5988038,55.30332019,
5988266,55.30559698,
5988397,55.30559698,
5988429,55.30332019,
5988461,55.30559698,
5988492,55.30559698,
5988523,55.30559698,
5988555,55.30559698,
5988586,55.30559698,
5988617,55.30787378,
5988649,55.30559698,
5988680,55.30332019,
5988712,55.30559698,
5988743,55.30559698,
5988775,55.30787378,
5988806,55.30332019,
5988838,55.30559698,
5988869,55.30332019,
5988900,55.30559698,
5988932,55.30332019,
5988963,55.30332019,
5989102,55.30559698,
5989234,55.30559698,
5989266,55.30559698,
5989297,55.30332019,
5989329,55.30332019,
5989361,55.30787378,
5989393,55.30332019,
5989425,55.30787378,
5989457,55.30559698,
5989488,55.30559698,
5989520,55.30559698,
5989552,55.30559698,
5989583,55.30559698,
5989615,55.30559698,
5989646,55.30559698,
5989678,55.30787378,
5989710,55.30104339,
5989742,55.30787378,
5989774,55.30559698,
5989805,55.30332019,
5989918,55.30559698,
5990050,55.30787378,
5990082,55.30332019,
5990114,55.30332019,
5990145,55.30559698,
5990176,55.30559698,
5990208,55.30559698,
5990239,55.30787378,
5990271,55.30559698,
5990303,55.30332019,
5990335,55.30332019,
5990366,55.30559698,
5990398,55.30559698,
5990430,55.30332019,
5990461,55.30332019,
5990493,55.30559698,
5990525,55.30787378,
5990556,55.30332019,
5990588,55.30332019,
5990619,55.30559698,
5990727,55.30559698,
5990859,55.30559698,
5990891,55.30332019,
5990922,55.30332019,
5990954,55.30332019,
5990985,55.30332019,
5991017,55.30559698,
5991048,55.30787378,
5991079,55.30787378,
5991111,55.30332019,
5991142,55.30787378,
5991173,55.30332019,
5991205,55.30332019,
5991236,55.30559698,
5991268,55.30787378,
5991299,55.30559698,
5991331,55.30559698,
5991362,55.30559698,
5991394,55.30559698,
5991425,55.30332019,
5991744,55.30332019,
5991875,55.30559698,
5991906,55.30787378,
5991938,55.30559698,
5991970,55.30559698,
5992001,55.30559698,
5992032,55.30332019,
5992064,55.30559698,
5992095,55.30787378,
5992127,55.30559698,
5992158,55.30559698,
5992189,55.30559698,
5992221,55.30559698,
5992252,55.30559698,
5992284,55.30559698,
5992315,55.30559698,
5992347,55.30332019,
5992378,55.30559698,
5992409,55.30787378,
5992441,55.30559698,
5992772,55.30559698,
5992902,55.30559698,
5992934,55.30559698,
5992966,55.30332019,
5992997,55.30559698,
5993028,55.30559698,
5993060,55.30559698,
5993091,55.30559698,
5993122,55.30559698,
5993154,55.30559698,
5993185,55.30559698,
5993217,55.30559698,
5993248,55.30787378,
5993280,55.30559698,
5993311,55.30332019,
5993343,55.30559698,
5993374,55.30332019,
5993405,55.30559698,
5993437,55.30559698,
5993468,55.30787378,
5993598,55.30559698,
5993728,55.30559698,
5993760,55.30559698,
5993792,55.30559698,
5993823,55.30787378,
5993855,55.30787378,
5993886,55.30559698,
5993918,55.30559698,
5993949,55.30559698,
5993981,55.30559698,
5994012,55.30332019,
5994043,55.30559698,
5994075,55.31015057,
5994106,55.30332019,
5994137,55.31015057,
5994169,55.30559698,
5994200,55.30332019,
5994232,55.30559698,
5994263,55.30787378,
5994295,55.30787378,
5994409,55.30559698,
5994541,55.30559698,
5994573,55.30332019,
5994604,55.30559698,
5994636,55.30559698,
5994667,55.30559698,
5994699,55.30559698,
5994730,55.30559698,
5994761,55.30787378,
5994793,55.31015057,
5994824,55.30332019,
5994856,55.30559698,
5994887,55.30559698,
5994919,55.30332019,
5994950,55.30559698,
5994982,55.30559698,
5995013,55.30559698,
5995044,55.30559698,
5995075,55.30559698,
5995107,55.30559698,
5995338,55.30559698,
5995469,55.30559698,
5995501,55.30787378,
5995533,55.30787378,
5995564,55.30787378,
5995596,55.30559698,
5995628,55.30332019,
5995659,55.30332019,
5995690,55.30787378,
5995722,55.30787378,
5995753,55.30332019,
5995784,55.30332019,
5995816,55.30559698,
5995847,55.30332019,
5995879,55.30559698,
5995910,55.30559698,
5995942,55.30787378,
5995973,55.30787378,
5996005,55.30559698,
5996036,55.30559698,
5996172,55.30787378,
5996304,55.30559698,
5996336,55.30332019,
5996368,55.30332019,
5996399,55.30787378,
5996431,55.30332019,
5996462,55.30559698,
5996493,55.30787378,
5996525,55.31015057,
5996556,55.30332019,
5996588,55.30559698,
5996619,55.30787378,
5996651,55.30332019,
5996682,55.30559698,
5996713,55.30559698,
5996745,55.30332019,
5996776,55.30787378,
5996807,55.30559698,
5996839,55.30787378,
5996871,55.30787378,
5997062,55.30559698,
5997194,55.30787378,
5997226,55.30332019,
5997258,55.30559698,
5997289,55.30787378,
5997320,55.30559698,
5997352,55.30787378,
5997383,55.30559698,
5997415,55.30559698,
5997446,55.30787378,
5997478,55.30787378,
5997509,55.30787378,
5997541,55.30787378,
5997572,55.30332019,
5997603,55.30559698,
5997634,55.30559698,
5997666,55.30787378,
5997697,55.30559698,
5997729,55.30787378,
5997760,55.30787378,
5997900,55.30559698,
5998031,55.30559698,
5998063,55.30559698,
5998095,55.30332019,
5998126,55.30559698,
5998158,55.30559698,
5998189,55.30787378,
5998220,55.30787378,
5998251,55.30559698,
5998283,55.30559698,
5998314,55.30559698,
5998346,55.30332019,
5998377,55.30559698,
5998409,55.30332019,
5998440,55.30787378,
5998472,55.30787378,
5998503,55.30332019,
5998534,55.30787378,
5998566,55.30559698,
5998597,55.30787378,
5998729,55.30559698,
5998861,55.30559698,
5998893,55.30332019,
5998924,55.30332019,
5998955,55.30559698,
5998987,55.30559698,
5999019,55.30559698,
5999050,55.30559698,
5999082,55.30332019,
5999113,55.30559698,
5999145,55.30787378,
5999176,55.30559698,
5999208,55.30559698,
5999239,55.30787378,
5999270,55.30787378,
5999302,55.30559698,
5999333,55.30559698,
5999364,55.30559698,
5999396,55.30332019,
5999427,55.30332019,
5999619,55.30332019,
5999750,55.30559698,
5999782,55.30559698,
5999813,55.30559698,
5999845,55.30559698,
5999876,55.30787378,
5999908,55.30559698,
5999939,55.30559698,
5999970,55.30332019,
6000002,55.30559698,
6000033,55.30559698,
6000065,55.30559698,
6000096,55.30787378,
6000128,55.30559698,
6000159,55.30787378,
6000190,55.30559698,
6000222,55.30332019,
6000253,55.30332019,
6000284,55.30332019,
6000316,55.30787378,
6000544,55.30559698,
6000674,55.31015057,
6000706,55.30559698,
6000738,55.30787378,
6000769,55.31015057,
6000801,55.30559698,
6000832,55.30559698,
6000864,55.30559698,
6000895,55.31015057,
6000927,55.30559698,
6000958,55.30559698,
6000989,55.30559698,
6001020,55.30787378,
6001052,55.30787378,
6001083,55.30332019,
6001115,55.30787378,
6001146,55.30787378,
6001178,55.30332019,
6001209,55.30559698,
6001241,55.30787378,
6001455,55.30559698,
6001586,55.30559698,
6001617,55.30559698,
6001649,55.30787378,
6001681,55.30559698,
6001712,55.30787378,
6001744,55.30559698,
6001775,55.30787378,
6001806,55.30787378,
6001837,55.30787378,
6001869,55.30787378,
6001900,55.30787378,
6001932,55.30559698,
6001963,55.31015057,
6001995,55.30332019,
6002026,55.30787378,
6002058,55.30787378,
6002089,55.30787378,
6002120,55.30559698,
6002152,55.30332019,
6002297,55.30332019,
6002428,55.30559698,
6002460,55.30559698,
6002491,55.30787378,
6002522,55.30559698,
6002554,55.30332019,
6002586,55.30787378,
6002617,55.30332019,
6002648,55.30332019,
6002680,55.30559698,
6002711,55.30787378,
6002742,55.30559698,
6002774,55.30787378,
6002805,55.30559698,
6002837,55.30787378,
6002869,55.30559698,
6002900,55.30787378,
6002931,55.30559698,
6002962,55.30787378,
6002994,55.30787378,
6003212,55.30559698,
6003343,55.30787378,
6003375,55.30559698,
6003407,55.30332019,
6003438,55.30787378,
6003469,55.31015057,
6003501,55.30787378,
6003532,55.30787378,
6003563,55.30787378,
6003595,55.30559698,
6003626,55.30559698,
6003658,55.30787378,
6003689,55.31015057,
6003720,55.30787378,
6003751,55.30332019,
6003783,55.30787378,
6003814,55.30787378,
6003846,55.30559698,
6003877,55.30787378,
6003909,55.31015057,
6006896,55.31242736,
6007027,55.30559698,
6007058,55.30787378,
6007090,55.30787378,
6007122,55.30559698,
6007153,55.30559698,
6007185,55.30787378,
6007216,55.30787378,
6007247,55.30559698,
6007279,55.30559698,
6007310,55.30787378,
6007342,55.30559698,
6007373,55.30787378,
6007404,55.30787378,
6007435,55.30559698,
6007466,55.30787378,
6007498,55.30787378,
6007529,55.30787378,
6007561,55.30559698,
6007592,55.30332019,
6007831,55.30559698,
6007963,55.30787378,
6007995,55.30559698,
6008026,55.30559698,
6008058,55.30787378,
6008091,55.30559698,
6008123,55.30559698,
6008154,55.30787378,
6008186,55.30559698,
6008218,55.30559698,
6008249,55.30559698,
6008281,55.30559698,
6008312,55.30787378,
6008344,55.30559698,
6008376,55.30559698,
6008408,55.30787378,
6008439,55.30787378,
6008471,55.30787378,
6008502,55.30559698,
6008534,55.30559698,
6008641,55.30559698,
6008772,55.30787378,
6008805,55.30559698,
6008836,55.30559698,
6008867,55.30787378,
6008899,55.30787378,
6008930,55.30559698,
6008962,55.30787378,
6008993,55.30559698,
6009024,55.30332019,
6009055,55.30332019,
6009087,55.30787378,
6009118,55.30787378,
6009150,55.30559698,
6009181,55.30787378,
6009213,55.30787378,
6009244,55.31015057,
6009275,55.30787378,
6009306,55.30787378,
6009338,55.30559698,
6009463,55.30559698,
6009594,55.30559698,
6009626,55.30787378,
6009657,55.30559698,
6009688,55.30787378,
6009720,55.30787378,
6009752,55.30559698,
6009783,55.30559698,
6009814,55.30787378,
6009846,55.30787378,
6009877,55.30787378,
6009909,55.31015057,
6009940,55.31015057,
6009972,55.30559698,
6010003,55.30559698,
6010035,55.31015057,
6010066,55.30559698,
6010097,55.30787378,
6010128,55.30787378,
6010160,55.30559698,
6010471,55.30332019,
6010602,55.31015057,
6010634,55.30787378,
6010666,55.30332019,
6010698,55.30787378,
6010729,55.30787378,
6010761,55.31015057,
6010792,55.30559698,
6010823,55.30787378,
6010855,55.30787378,
6010886,55.30559698,
6010917,55.30559698,
6010948,55.30787378,
6010980,55.30559698,
6011011,55.30559698,
6011043,55.30559698,
6011074,55.30559698,
6011106,55.30787378,
6011137,55.30787378,
6011169,55.30787378,
6011398,55.30787378,
6011530,55.30787378,
6011561,55.30787378,
6011594,55.30787378,
6011625,55.30787378,
6011656,55.30559698,
6011688,55.30787378,
6011719,55.30787378,
6011751,55.30787378,
6011782,55.30559698,
6011814,55.30787378,
6011845,55.30787378,
6011877,55.30559698,
6011908,55.30787378,
6011939,55.30787378,
6011971,55.30787378,
6012002,55.30787378,
6012034,55.30787378,
6012065,55.30559698,
6012096,55.30332019,
6012245,55.30559698,
6012377,55.31015057,
6012409,55.30787378,
6012441,55.30787378,
6012473,55.30787378,
6012505,55.31015057,
6012536,55.31015057,
6012567,55.30787378,
6012599,55.30559698,
6012630,55.30787378,
6012662,55.30559698,
6012693,55.30787378,
6012724,55.30787378,
6012755,55.30787378,
6012787,55.30559698,
6012818,55.30559698,
6012850,55.30559698,
6012881,55.30559698,
6012913,55.30559698,
6012944,55.30559698,
6014344,55.30559698,
6014475,55.31015057,
6014506,55.30787378,
6014538,55.30559698,
6014570,55.30787378,
6014601,55.30787378,
6014632,55.30787378,
6014664,55.30559698,
6014695,55.30559698,
6014726,55.30559698,
6014758,55.30787378,
6014790,55.30559698,
6014821,55.31015057,
6014853,55.31015057,
6014884,55.30787378,
6014915,55.30787378,
6014947,55.30787378,
6014978,55.31015057,
6015010,55.30787378,
6015041,55.30559698,
6015223,55.31015057,
6015354,55.31015057,
6015387,55.30787378,
6015418,55.30787378,
6015450,55.30559698,
6015482,55.30559698,
6015514,55.30559698,
6015546,55.30787378,
6015578,55.30787378,
6015610,55.31015057,
6015641,55.30787378,
6015674,55.30787378,
6015705,55.30787378,
6015736,55.30787378,
6015768,55.30787378,
6015801,55.30787378,
6015832,55.30787378,
6015864,55.31015057,
6015895,55.30787378,
6015927,55.31015057,
6016095,55.30559698,
6016226,55.30559698,
6016257,55.30787378,
6016289,55.30559698,
6016321,55.30787378,
6016352,55.31015057,
6016384,55.30787378,
6016415,55.30787378,
6016446,55.30787378,
6016478,55.30787378,
6016509,55.30787378,
6016541,55.30559698,
6016572,55.31015057,
6016604,55.31015057,
6016635,55.30787378,
6016667,55.30787378,
6016700,55.31015057,
6016732,55.30787378,
6016763,55.30559698,
6016796,55.30787378,
6018282,55.30787378,
6018413,55.31015057,
6018445,55.31015057,
6018476,55.30559698,
6018508,55.30559698,
6018539,55.31242736,
6018571,55.30559698,
6018602,55.30787378,
6018633,55.30559698,
6018665,55.31015057,
6018696,55.30787378,
6018728,55.30559698,
6018759,55.30787378,
6018791,55.30787378,
6018822,55.31015057,
6018854,55.30787378,
6018885,55.31015057,
6018916,55.30787378,
6018948,55.30559698,
6018979,55.31015057,
6019102,55.30559698,
6019234,55.30787378,
6019266,55.30787378,
6019298,55.30787378,
6019329,55.31015057,
6019361,55.30787378,
6019392,55.31015057,
6019423,55.31242736,
6019455,55.30787378,
6019487,55.30559698,
6019518,55.31015057,
6019549,55.31015057,
6019581,55.30787378,
6019612,55.31015057,
6019643,55.30787378,
6019675,55.31015057,
6019706,55.30787378,
6019739,55.31015057,
6019771,55.30787378,
6019803,55.30787378,
6019917,55.30559698,
6020048,55.31015057,
6020081,55.31015057,
6020112,55.31015057,
6020144,55.30559698,
6020175,55.30787378,
6020207,55.31015057,
6020238,55.30787378,
6020269,55.30787378,
6020301,55.30787378,
6020332,55.30787378,
6020364,55.31015057,
6020395,55.31015057,
6020427,55.30787378,
6020458,55.31242736,
6020490,55.30559698,
6020521,55.30787378,
6020552,55.30559698,
6020584,55.31015057,
6020615,55.31015057,
6020731,55.31015057,
6020862,55.30559698,
6020896,55.30559698,
6020928,55.30787378,
6020959,55.31242736,
6020992,55.30559698,
6021026,55.30787378,
6021057,55.31242736,
6021089,55.31015057,
6021121,55.31015057,
6021152,55.30787378,
6021184,55.30787378,
6021216,55.31242736,
6021247,55.30787378,
6021279,55.31015057,
6021310,55.30787378,
6021342,55.30787378,
6021373,55.30787378,
6021405,55.31015057,
6021436,55.30787378,
6021545,55.30787378,
6021676,55.30559698,
6021708,55.30787378,
6021740,55.30787378,
6021771,55.30787378,
6021802,55.31015057,
6021834,55.31015057,
6021866,55.30787378,
6021897,55.31015057,
6021929,55.30787378,
6021960,55.31015057,
6021991,55.31015057,
6022023,55.30559698,
6022054,55.30787378,
6022086,55.30559698,
6022117,55.31015057,
6022149,55.31015057,
6022180,55.31242736,
6022211,55.30787378,
6022243,55.30787378,
6022362,55.30787378,
6022494,55.31015057,
6022526,55.30787378,
6022558,55.31015057,
6022589,55.30559698,
6022620,55.30787378,
6022652,55.30559698,
6022683,55.30787378,
6022714,55.30332019,
6022746,55.30787378,
6022777,55.30559698,
6022809,55.31015057,
6022840,55.30787378,
6022872,55.30787378,
6022903,55.30787378,
6022934,55.30787378,
6022966,55.30787378,
6022997,55.30787378,
6023029,55.31015057,
6023060,55.31015057,
6023183,55.30787378,
6023314,55.31015057,
6023347,55.31015057,
6023378,55.30787378,
6023409,55.30787378,
6023440,55.31242736,
6023472,55.30787378,
6023504,55.30559698,
6023535,55.30787378,
6023567,55.30787378,
6023598,55.31015057,
6023629,55.31015057,
6023661,55.30787378,
6023692,55.30787378,
6023724,55.30787378,
6023755,55.31015057,
6023787,55.31015057,
6023818,55.31015057,
6023849,55.30787378,
6023881,55.30787378,
6024193,55.30559698,
6024323,55.30787378,
6024354,55.30787378,
6024386,55.30559698,
6024417,55.30787378,
6024449,55.30787378,
6024480,55.30787378,
6024512,55.30787378,
6024543,55.31015057,
6024575,55.31015057,
6024606,55.30787378,
6024637,55.31015057,
6024669,55.30787378,
6024700,55.31015057,
6024732,55.30787378,
6024763,55.30787378,
6024795,55.31015057,
6024826,55.31015057,
6024857,55.31015057,
6024889,55.31015057,
6025051,55.30559698,
6025182,55.31015057,
6025215,55.30787378,
6025246,55.30787378,
6025278,55.31015057,
6025309,55.30787378,
6025341,55.30787378,
6025372,55.31015057,
6025404,55.30559698,
6025435,55.30787378,
6025466,55.31015057,
6025498,55.30787378,
6025529,55.30787378,
6025561,55.31015057,
6025592,55.30787378,
6025624,55.31015057,
6025655,55.30559698,
6025686,55.31015057,
6025718,55.31015057,
6025749,55.30787378,
6025871,55.30787378,
6026003,55.30559698,
6026035,55.30787378,
6026066,55.30559698,
6026098,55.30787378,
6026130,55.30787378,
6026162,55.31015057,
6026193,55.30787378,
6026224,55.30787378,
6026256,55.30787378,
6026287,55.30787378,
6026319,55.31015057,
6026350,55.31015057,
6026381,55.30559698,
6026413,55.31242736,
6026444,55.30559698,
6026476,55.30787378,
6026507,55.30787378,
6026539,55.31015057,
6026570,55.30787378,
6026674,55.30787378,
6026805,55.30787378,
6026837,55.31015057,
6026869,55.30787378,
6026900,55.31015057,
6026932,55.31015057,
6026964,55.30787378,
6026995,55.30787378,
6027026,55.31015057,
6027058,55.30787378,
6027089,55.30787378,
6027120,55.30787378,
6027152,55.30787378,
6027184,55.30787378,
6027215,55.30787378,
6027246,55.31015057,
6027278,55.31015057,
6027309,55.31015057,
6027341,55.30787378,
6027372,55.31015057,
6027594,55.31015057,
6027725,55.31015057,
6027758,55.31015057,
6027789,55.30787378,
6027820,55.31015057,
6027852,55.31015057,
6027884,55.31015057,
6027915,55.31015057,
6027946,55.31015057,
6027978,55.31015057,
6028009,55.31015057,
6028040,55.30787378,
6028072,55.31015057,
6028103,55.31242736,
6028135,55.31242736,
6028166,55.31015057,
6028198,55.30559698,
6028229,55.31015057,
6028260,55.31015057,
6028292,55.31015057,
6028406,55.31015057,
6028537,55.31242736,
6028569,55.30787378,
6028601,55.30559698,
6028632,55.30787378,
6028663,55.31015057,
6028695,55.31242736,
6028727,55.30787378,
6028758,55.30787378,
6028790,55.30787378,
6028821,55.31015057,
6028852,55.31015057,
6028884,55.31015057,
6028915,55.31015057,
6028947,55.31015057,
6028978,55.31015057,
6029010,55.31015057,
6029041,55.31015057,
6029072,55.31242736,
6029104,55.30787378,
6029224,55.30787378,
6029356,55.30787378,
6029388,55.30787378,
6029419,55.30787378,
6029450,55.31015057,
6029482,55.31015057,
6029513,55.31015057,
6029545,55.31015057,
6029576,55.30787378,
6029608,55.30787378,
6029639,55.31015057,
6029670,55.31242736,
6029702,55.30787378,
6029733,55.31242736,
6029765,55.31015057,
6029796,55.31015057,
6029828,55.30787378,
6029859,55.31015057,
6029890,55.31015057,
6029922,55.31242736,
6030056,55.31015057,
6030187,55.31015057,
6030219,55.30787378,
6030251,55.31015057,
6030282,55.31015057,
6030314,55.31242736,
6030345,55.31015057,
6030376,55.31242736,
6030408,55.31242736,
6030439,55.30787378,
6030471,55.31015057,
6030502,55.31242736,
6030534,55.30787378,
6030565,55.30787378,
6030596,55.30559698,
6030628,55.30787378,
6030659,55.31015057,
6030691,55.31242736,
6030722,55.31015057,
6030754,55.31015057,
6030873,55.31015057,
6031004,55.31015057,
6031036,55.30787378,
6031068,55.31015057,
6031099,55.30787378,
6031131,55.31015057,
6031162,55.31015057,
6031194,55.31015057,
6031225,55.30787378,
6031257,55.31015057,
6031288,55.30787378,
6031319,55.31015057,
6031351,55.31242736,
6031382,55.31242736,
6031413,55.31242736,
6031445,55.31015057,
6031476,55.31015057,
6031508,55.30559698,
6031539,55.31242736,
6031571,55.31015057,
6031786,55.30787378,
6031917,55.31242736,
6031949,55.30787378,
6031980,55.31015057,
6032011,55.31015057,
6032043,55.31015057,
6032074,55.31242736,
6032106,55.30787378,
6032137,55.30787378,
6032169,55.31015057,
6032200,55.30787378,
6032231,55.30787378,
6032263,55.31015057,
6032294,55.31015057,
6032326,55.31015057,
6032357,55.31015057,
6032389,55.30787378,
6032420,55.31015057,
6032451,55.31242736,
6032483,55.30559698,
6032604,55.31015057,
6032736,55.31015057,
6032768,55.31015057,
6032799,55.30787378,
6032831,55.31242736,
6032862,55.31015057,
6032894,55.31015057,
6032925,55.31015057,
6032956,55.31015057,
6032988,55.31242736,
6033019,55.31015057,
6033051,55.31015057,
6033082,55.31015057,
6033114,55.31015057,
6033145,55.30787378,
6033177,55.31015057,
6033208,55.31015057,
6033239,55.30787378,
6033271,55.31015057,
6033302,55.31242736,
6033717,55.30787378,
6033849,55.31015057,
6033880,55.30787378,
6033912,55.30787378,
6033943,55.30787378,
6033975,55.30787378,
6034006,55.31015057,
6034038,55.30787378,
6034069,55.31242736,
6034101,55.31242736,
6034132,55.31015057,
6034163,55.30787378,
6034194,55.31242736,
6034226,55.31015057,
6034258,55.30787378,
6034289,55.31015057,
6034320,55.31015057,
6034352,55.31015057,
6034383,55.31015057,
6034415,55.31015057,
6034553,55.31015057,
6034684,55.31242736,
6034717,55.30787378,
6034748,55.30787378,
6034779,55.30787378,
6034810,55.31015057,
6034842,55.31015057,
6034874,55.30787378,
6034905,55.31015057,
6034937,55.31242736,
6034968,55.30787378,
6034999,55.31242736,
6035031,55.30787378,
6035062,55.30787378,
6035094,55.30787378,
6035125,55.31242736,
6035157,55.31015057,
6035188,55.30787378,
6035219,55.31015057,
6035251,55.31015057,
6035373,55.31242736,
6035504,55.31015057,
6035536,55.31015057,
6035568,55.30787378,
6035599,55.31015057,
6035630,55.31242736,
6035662,55.31015057,
6035693,55.31242736,
6035725,55.31242736,
6035756,55.30787378,
6035788,55.31015057,
6035819,55.31015057,
6035851,55.31015057,
6035882,55.31015057,
6035913,55.31015057,
6035945,55.31015057,
6035976,55.31015057,
6036008,55.31015057,
6036039,55.31242736,
6036071,55.31015057,
6036184,55.30787378,
6036315,55.31242736,
6036346,55.31242736,
6036378,55.31015057,
6036410,55.31242736,
6036441,55.31015057,
6036473,55.31015057,
6036504,55.30787378,
6036535,55.31015057,
6036567,55.31242736,
6036598,55.31015057,
6036629,55.31015057,
6036661,55.31015057,
6036693,55.31015057,
6036724,55.30787378,
6036755,55.30787378,
6036787,55.30787378,
6036818,55.31015057,
6036849,55.30787378,
6036881,55.31015057,
6037018,55.31015057,
6037150,55.31242736,
6037182,55.30787378,
6037213,55.31015057,
6037245,55.31242736,
6037277,55.30787378,
6037308,55.31242736,
6037339,55.31015057,
6037370,55.30787378,
6037402,55.31242736,
6037433,55.31242736,
6037465,55.31242736,
6037496,55.31015057,
6037528,55.31015057,
6037559,55.30787378,
6037591,55.30787378,
6037622,55.31242736,
6037653,55.31015057,
6037686,55.31242736,
6037717,55.31242736,
6037839,55.31015057,
6037970,55.31470416,
6038003,55.31015057,
6038034,55.31015057,
6038065,55.31015057,
6038097,55.31015057,
6038129,55.31015057,
6038160,55.31470416,
6038192,55.31242736,
6038223,55.31015057,
6038254,55.31015057,
6038285,55.31015057,
6038317,55.31015057,
6038348,55.31015057,
6038379,55.30787378,
6038411,55.31015057,
6038442,55.31242736,
6038473,55.30787378,
6038505,55.31015057,
6038536,55.31242736,
6038655,55.30787378,
6038786,55.31242736,
6038818,55.31015057,
6038850,55.30787378,
6038881,55.30787378,
6038913,55.31015057,
6038944,55.31015057,
6038975,55.31242736,
6039007,55.31242736,
6039038,55.31015057,
6039070,55.31242736,
6039101,55.31015057,
6039133,55.31015057,
6039164,55.31242736,
6039195,55.30787378,
6039227,55.31015057,
6039258,55.31015057,
6039290,55.31015057,
6039321,55.31015057,
6039353,55.31015057,
6039480,55.31242736,
6039611,55.31242736,
6039644,55.31015057,
6039675,55.31242736,
6039706,55.31015057,
6039738,55.31015057,
6039770,55.31015057,
6039801,55.31242736,
6039832,55.30787378,
6039864,55.31242736,
6039895,55.31015057,
6039926,55.31015057,
6039958,55.31015057,
6039989,55.31015057,
6040021,55.31242736,
6040052,55.30787378,
6040084,55.31015057,
6040115,55.31242736,
6040146,55.31242736,
6040177,55.31015057,
6040300,55.31015057,
6040430,55.31015057,
6040463,55.31015057,
6040494,55.31015057,
6040525,55.31242736,
6040557,55.31470416,
6040589,55.31242736,
6040620,55.31015057,
6040652,55.31015057,
6040683,55.31242736,
6040714,55.31015057,
6040745,55.31015057,
6040777,55.31015057,
6040808,55.31242736,
6040840,55.31242736,
6040872,55.31015057,
6040903,55.31242736,
6040934,55.31015057,
6040966,55.31242736,
6040997,55.31015057,
6041201,55.30787378,
6041333,55.31242736,
6041365,55.31242736,
6041397,55.31242736,
6041428,55.31015057,
6041459,55.31015057,
6041491,55.31015057,
6041522,55.31242736,
6041554,55.31015057,
6041585,55.31015057,
6041617,55.31015057,
6041648,55.31242736,
6041680,55.31015057,
6041711,55.31242736,
6041742,55.31470416,
6041774,55.31015057,
6041805,55.31242736,
6041837,55.31242736,
6041868,55.31015057,
6041900,55.31015057,
6042026,55.31015057,
6042158,55.31015057,
6042190,55.31242736,
6042222,55.31015057,
6042253,55.30787378,
6042284,55.31242736,
6042316,55.31242736,
6042347,55.31242736,
6042379,55.31242736,
6042410,55.31015057,
6042442,55.31015057,
6042473,55.31015057,
6042505,55.31015057,
6042536,55.31015057,
6042567,55.31015057,
6042599,55.30787378,
6042630,55.31015057,
6042661,55.31015057,
6042693,55.31242736,
6042724,55.31242736,
6042858,55.31242736,
6042989,55.31242736,
6043022,55.31015057,
6043053,55.31242736,
6043084,55.31242736,
6043116,55.31242736,
6043148,55.31242736,
6043179,55.31015057,
6043211,55.31015057,
6043242,55.31242736,
6043273,55.31470416,
6043304,55.31242736,
6043336,55.31242736,
6043367,55.31015057,
6043399,55.30559698,
6043430,55.31242736,
6043462,55.31242736,
6043493,55.30787378,
6043525,55.31015057,
6043556,55.31015057,
6043665,55.30787378,
6043796,55.31470416,
6043828,55.31015057,
6043860,55.31242736,
6043891,55.31015057,
6043922,55.31242736,
6043954,55.31470416,
6043985,55.31242736,
6044017,55.31015057,
6044048,55.31242736,
6044080,55.31015057,
6044111,55.31242736,
6044143,55.31470416,
6044174,55.31242736,
6044205,55.30787378,
6044237,55.31242736,
6044268,55.31015057,
6044300,55.31242736,
6044331,55.30787378,
6044362,55.31015057,
6044485,55.31242736,
6044616,55.31242736,
6044649,55.31470416,
6044680,55.31242736,
6044712,55.31015057,
6044743,55.31015057,
6044775,55.31015057,
6044806,55.31242736,
6044837,55.31242736,
6044869,55.31242736,
6044900,55.31015057,
6044932,55.31242736,
6044963,55.31242736,
6044995,55.31242736,
6045026,55.31015057,
6045058,55.31015057,
6045089,55.31242736,
6045120,55.31015057,
6045151,55.31242736,
6045183,55.31470416,
6045308,55.31015057,
6045439,55.31242736,
6045471,55.31015057,
6045503,55.31015057,
6045534,55.31470416,
6045566,55.31015057,
6045597,55.31242736,
6045629,55.31015057,
6045660,55.31242736,
6045691,55.31242736,
6045723,55.31242736,
6045754,55.30787378,
6045786,55.31242736,
6045817,55.31015057,
6045848,55.31242736,
6045880,55.31015057,
6045911,55.31242736,
6045943,55.31242736,
6045974,55.31242736,
6046006,55.31242736,
6046127,55.31015057,
6046259,55.31015057,
6046291,55.31470416,
6046323,55.30787378,
6046354,55.31242736,
6046386,55.31242736,
6046417,55.31242736,
6046448,55.31242736,
6046479,55.31242736,
6046511,55.31242736,
6046543,55.31015057,
6046574,55.31015057,
6046605,55.31242736,
6046637,55.31242736,
6046668,55.31470416,
6046700,55.31242736,
6046731,55.31015057,
6046762,55.31242736,
6046794,55.31015057,
6046825,55.31242736,
6046949,55.31242736,
6047081,55.31015057,
6047113,55.30787378,
6047144,55.31242736,
6047176,55.31242736,
6047207,55.31242736,
6047239,55.31015057,
6047270,55.31242736,
6047301,55.31242736,
6047333,55.31242736,
6047364,55.31470416,
6047396,55.31470416,
6047427,55.31015057,
6047459,55.31015057,
6047490,55.31015057,
6047522,55.31015057,
6047553,55.31242736,
6047584,55.31015057,
6047616,55.30787378,
6047647,55.31015057,
6047763,55.30787378,
6047895,55.30787378,
6047927,55.30787378,
6047959,55.31242736,
6047990,55.31470416,
6048021,55.31470416,
6048053,55.31242736,
6048084,55.31015057,
6048115,55.31242736,
6048147,55.31242736,
6048179,55.31242736,
6048210,55.31242736,
6048241,55.31242736,
6048273,55.31015057,
6048304,55.31242736,
6048336,55.31242736,
6048367,55.31470416,
6048398,55.31242736,
6048430,55.31015057,
6048461,55.31242736,
6048576,55.31242736,
6048707,55.31242736,
6048739,55.31242736,
6048770,55.31015057,
6048802,55.31242736,
6048833,55.31015057,
6048865,55.31015057,
6048896,55.31242736,
6048927,55.31242736,
6048959,55.31015057,
6048990,55.31242736,
6049022,55.31470416,
6049053,55.31015057,
6049084,55.31470416,
6049115,55.31242736,
6049146,55.31470416,
6049178,55.31242736,
6049209,55.31242736,
6049241,55.31015057,
6049272,55.31015057,
6049400,55.31015057,
6049531,55.31242736,
6049564,55.31470416,
6049595,55.30787378,
6049626,55.31242736,
6049658,55.31242736,
6049689,55.31015057,
6049721,55.31470416,
6049752,55.31015057,
6049784,55.31242736,
6049815,55.31242736,
6049846,55.31242736,
6049878,55.31242736,
6049910,55.31242736,
6049941,55.31242736,
6049973,55.31242736,
6050004,55.31242736,
6050035,55.31015057,
6050066,55.31242736,
6050098,55.31470416,
6050315,55.31470416,
6050445,55.31242736,
6050476,55.31242736,
6050508,55.31242736,
6050540,55.31242736,
6050571,55.31242736,
6050602,55.31015057,
6050634,55.31242736,
6050665,55.31470416,
6050697,55.31242736,
6050728,55.31242736,
6050759,55.31242736,
6050791,55.31470416,
6050822,55.31242736,
6050854,55.31015057,
6050885,55.31242736,
6050917,55.31015057,
6050948,55.31242736,
6050979,55.31242736,
6051011,55.31242736,
6051150,55.30787378,
6051282,55.31015057,
6051314,55.31242736,
6051346,55.31242736,
6051377,55.31242736,
6051409,55.30787378,
6051440,55.31242736,
6051471,55.31242736,
6051502,55.31242736,
6051534,55.31242736,
6051566,55.31242736,
6051597,55.31242736,
6051628,55.31242736,
6051660,55.31015057,
6051691,55.31242736,
6051722,55.31015057,
6051753,55.31242736,
6051785,55.31015057,
6051816,55.31242736,
6051848,55.31242736,
6052051,55.31470416,
6052183,55.31242736,
6052215,55.31242736,
6052247,55.31242736,
6052278,55.31015057,
6052309,55.31242736,
6052341,55.31242736,
6052372,55.31015057,
6052404,55.31015057,
6052435,55.31242736,
6052466,55.31242736,
6052497,55.31242736,
6052529,55.31015057,
6052560,55.31015057,
6052591,55.31242736,
6052623,55.31015057,
6052654,55.31015057,
6052686,55.31242736,
6052717,55.31015057,
6052749,55.31470416,
6052883,55.31470416,
6053014,55.31242736,
6053046,55.31015057,
6053078,55.31242736,
6053109,55.31470416,
6053140,55.31015057,
6053172,55.31015057,
6053203,55.31242736,
6053234,55.31242736,
6053266,55.31242736,
6053298,55.31015057,
6053329,55.31015057,
6053360,55.31015057,
6053392,55.31242736,
6053423,55.31015057,
6053455,55.31470416,
6053486,55.31470416,
6053517,55.31015057,
6053549,55.31242736,
6053580,55.31242736,
6053713,55.31015057,
6053844,55.31242736,
6053877,55.31242736,
6053908,55.31015057,
6053939,55.31015057,
6053971,55.31242736,
6054003,55.31015057,
6054034,55.31242736,
6054065,55.31015057,
6054096,55.31242736,
6054128,55.31242736,
6054159,55.31242736,
6054190,55.31242736,
6054222,55.31470416,
6054253,55.31015057,
6054285,55.31242736,
6054316,55.31015057,
6054347,55.31015057,
6054379,55.30787378,
6054410,55.31470416,
6054517,55.31015057,
6054648,55.31470416,
6054681,55.31242736,
6054712,55.31242736,
6054743,55.31470416,
6054774,55.31242736,
6054806,55.31470416,
6054838,55.31242736,
6054869,55.31242736,
6054900,55.31015057,
6054931,55.31242736,
6054963,55.31015057,
6054994,55.31242736,
6055026,55.31242736,
6055057,55.31470416,
6055089,55.31470416,
6055120,55.31470416,
6055151,55.31242736,
6055182,55.31470416,
6055214,55.31015057,
6055334,55.31470416,
6055466,55.31242736,
6055498,55.31470416,
6055529,55.31242736,
6055561,55.31242736,
6055592,55.31470416,
6055624,55.31242736,
6055655,55.31242736,
6055686,55.31698095,
6055718,55.31015057,
6055750,55.31242736,
6055781,55.31470416,
6055812,55.31242736,
6055844,55.31470416,
6055875,55.31470416,
6055906,55.31470416,
6055938,55.31470416,
6055969,55.31698095,
6056001,55.31242736,
6056032,55.31470416,
6056156,55.31242736,
6056287,55.31242736,
6056318,55.31015057,
6056350,55.31242736,
6056381,55.31242736,
6056413,55.31242736,
6056444,55.31242736,
6056476,55.31242736,
6056507,55.31015057,
6056539,55.31242736,
6056570,55.31242736,
6056601,55.31470416,
6056633,55.31242736,
6056664,55.31470416,
6056696,55.31015057,
6056727,55.31015057,
6056759,55.31242736,
6056790,55.31242736,
6056821,55.31470416,
6056853,55.31015057,
6060026,55.31470416,
6060158,55.31470416,
6060189,55.31470416,
6060221,55.31470416,
6060252,55.31015057,
6060283,55.31015057,
6060315,55.31242736,
6060347,55.31242736,
6060378,55.31015057,
6060409,55.31242736,
6060441,55.31470416,
6060472,55.31698095,
6060503,55.31470416,
6060535,55.31470416,
6060566,55.31015057,
6060597,55.31470416,
6060629,55.31242736,
6060661,55.31242736,
6060692,55.31015057,
6060724,55.31242736,
6060880,55.31470416,
6061012,55.31242736,
6061044,55.31242736,
6061076,55.31242736,
6061107,55.31242736,
6061139,55.31242736,
6061170,55.31242736,
6061201,55.31015057,
6061233,55.31242736,
6061264,55.31242736,
6061296,55.31242736,
6061327,55.31015057,
6061359,55.31242736,
6061390,55.31242736,
6061421,55.31242736,
6061453,55.31015057,
6061484,55.31242736,
6061515,55.31470416,
6061547,55.31015057,
6061578,55.31242736,
6061698,55.31015057,
6061829,55.31015057,
6061862,55.31698095,
6061893,55.31242736,
6061924,55.31470416,
6061956,55.31470416,
6061988,55.31015057,
6062019,55.31015057,
6062050,55.31015057,
6062082,55.31242736,
6062113,55.31470416,
6062144,55.31015057,
6062176,55.31015057,
6062207,55.31470416,
6062239,55.31242736,
6062270,55.31015057,
6062302,55.31242736,
6062333,55.31242736,
6062365,55.31015057,
6062396,55.31242736,
6062533,55.31015057,
6062664,55.31242736,
6062697,55.31242736,
6062728,55.31015057,
6062759,55.31242736,
6062791,55.31015057,
6062822,55.31242736,
6062854,55.31015057,
6062886,55.31242736,
6062917,55.31470416,
6062948,55.31242736,
6062980,55.31242736,
6063011,55.31242736,
6063042,55.31242736,
6063074,55.31242736,
6063105,55.31242736,
6063137,55.31470416,
6063168,55.31242736,
6063200,55.31698095,
6063231,55.31242736,
6063329,55.31242736,
6063460,55.31470416,
6063492,55.31242736,
6063524,55.31242736,
6063555,55.30787378,
6063586,55.30787378,
6063618,55.31470416,
6063649,55.31242736,
6063681,55.31015057,
6063712,55.31242736,
6063744,55.31015057,
6063775,55.31015057,
6063807,55.31242736,
6063838,55.31015057,
6063869,55.31470416,
6063901,55.31015057,
6063932,55.31470416,
6063964,55.31242736,
6063995,55.31015057,
6064027,55.31242736,
6064147,55.31470416,
6064277,55.31470416,
6064309,55.31470416,
6064341,55.31242736,
6064372,55.31242736,
6064403,55.31242736,
6064435,55.31242736,
6064467,55.31242736,
6064498,55.31470416,
6064529,55.31242736,
6064561,55.31470416,
6064592,55.31242736,
6064624,55.31242736,
6064655,55.31015057,
6064686,55.31698095,
6064718,55.31242736,
6064749,55.31470416,
6064781,55.31470416,
6064812,55.31015057,
6064844,55.31242736,
6064971,55.31470416,
6065103,55.31242736,
6065135,55.31015057,
6065167,55.31015057,
6065198,55.31015057,
6065230,55.31698095,
6065261,55.31242736,
6065292,55.31242736,
6065323,55.31242736,
6065355,55.31242736,
6065387,55.31242736,
6065418,55.31242736,
6065449,55.31015057,
6065481,55.31015057,
6065512,55.31698095,
6065544,55.31470416,
6065575,55.31242736,
6065606,55.31242736,
6065638,55.31015057,
6065669,55.31470416,
6065788,55.31242736,
6065919,55.31242736,
6065951,55.31242736,
6065983,55.31242736,
6066014,55.31242736,
6066046,55.31242736,
6066077,55.31242736,
6066108,55.31242736,
6066139,55.31242736,
6066171,55.31015057,
6066203,55.31015057,
6066234,55.31242736,
6066265,55.31470416,
6066297,55.31470416,
6066328,55.31242736,
6066360,55.31015057,
6066391,55.31470416,
6066422,55.31242736,
6066454,55.31698095,
6066485,55.31242736,
6066623,55.31470416,
6066754,55.31470416,
6066787,55.31242736,
6066818,55.31242736,
6066849,55.31242736,
6066881,55.31470416,
6066913,55.31242736,
6066944,55.31698095,
6066976,55.31242736,
6067007,55.31242736,
6067038,55.31242736,
6067070,55.31242736,
6067101,55.31470416,
6067133,55.31242736,
6067164,55.31242736,
6067196,55.31242736,
6067227,55.31470416,
6067258,55.31470416,
6067290,55.31242736,
6067321,55.31242736,
6067428,55.31470416,
6067559,55.31242736,
6067591,55.31242736,
6067623,55.31470416,
6067654,55.31470416,
6067685,55.31015057,
6067717,55.31470416,
6067749,55.31242736,
6067780,55.31242736,
6067811,55.31015057,
6067843,55.31470416,
6067874,55.31015057,
6067906,55.31470416,
6067937,55.31015057,
6067968,55.31470416,
6068000,55.31242736,
6068031,55.31242736,
6068063,55.31470416,
6068094,55.31242736,
6068126,55.31242736,
6068247,55.31242736,
6068378,55.31470416,
6068410,55.31242736,
6068442,55.31242736,
6068473,55.31242736,
6068505,55.31242736,
6068536,55.31470416,
6068567,55.31470416,
6068598,55.31242736,
6068630,55.31470416,
6068661,55.31015057,
6068693,55.31242736,
6068724,55.31698095,
6068756,55.31015057,
6068787,55.31470416,
6068819,55.31242736,
6068850,55.31015057,
6068881,55.31242736,
6068913,55.31242736,
6068944,55.31242736,
6069168,55.31242736,
6069299,55.31242736,
6069331,55.31470416,
6069363,55.31470416,
6069394,55.31242736,
6069426,55.31242736,
6069457,55.31015057,
6069488,55.31015057,
6069520,55.31015057,
6069551,55.31470416,
6069583,55.31242736,
6069614,55.31242736,
6069646,55.31242736,
6069677,55.31242736,
6069708,55.31242736,
6069740,55.31242736,
6069771,55.31925774,
6069802,55.31242736,
6069834,55.31242736,
6069866,55.31242736,
6069980,55.31470416,
6070111,55.31698095,
6070143,55.31242736,
6070175,55.31242736,
6070206,55.31242736,
6070237,55.31470416,
6070269,55.31470416,
6070302,55.31242736,
6070334,55.31470416,
6070366,55.31698095,
6070397,55.31470416,
6070429,55.31242736,
6070461,55.31015057,
6070492,55.31015057,
6070524,55.31470416,
6070556,55.31698095,
6070588,55.31015057,
6070619,55.31470416,
6070651,55.31242736,
6070683,55.31242736,
6070991,55.31015057,
6071123,55.31470416,
6071154,55.31470416,
6071186,55.31242736,
6071217,55.31242736,
6071249,55.31470416,
6071280,55.31470416,
6071312,55.31242736,
6071343,55.31242736,
6071375,55.31470416,
6071406,55.31242736,
6071437,55.31698095,
6071468,55.31242736,
6071500,55.31470416,
6071531,55.31470416,
6071563,55.31242736,
6071594,55.31242736,
6071626,55.31242736,
6071657,55.31470416,
6071689,55.31242736,
6071833,55.31470416,
6071964,55.31470416,
6071996,55.31242736,
6072028,55.31242736,
6072059,55.31470416,
6072091,55.31242736,
6072123,55.31470416,
6072154,55.31015057,
6072185,55.31242736,
6072217,55.31242736,
6072248,55.31242736,
6072280,55.31242736,
6072311,55.31470416,
6072343,55.31242736,
6072374,55.31015057,
6072406,55.31242736,
6072437,55.31470416,
6072468,55.31015057,
6072500,55.31242736,
6072531,55.31242736,
6072649,55.31470416,
6072780,55.31470416,
6072812,55.31242736,
6072844,55.31470416,
6072875,55.31242736,
6072907,55.31470416,
6072938,55.31015057,
6072970,55.31470416,
6073001,55.31698095,
6073032,55.31242736,
6073064,55.31242736,
6073095,55.31015057,
6073127,55.31470416,
6073158,55.31242736,
6073189,55.31470416,
6073221,55.31242736,
6073252,55.31242736,
6073284,55.31242736,
6073315,55.31470416,
6073347,55.31242736,
6073468,55.31242736,
6073600,55.31242736,
6073632,55.31242736,
6073663,55.31242736,
6073695,55.31242736,
6073726,55.31470416,
6073758,55.31242736,
6073789,55.31242736,
6073820,55.31470416,
6073852,55.31242736,
6073883,55.31698095,
6073914,55.31470416,
6073946,55.31015057,
6073977,55.31242736,
6074008,55.31470416,
6074040,55.31470416,
6074071,55.31242736,
6074103,55.31470416,
6074134,55.31242736,
6074166,55.31470416,
6074283,55.31242736,
6074415,55.31698095,
6074447,55.31242736,
6074478,55.31242736,
6074509,55.31470416,
6074540,55.31470416,
6074572,55.31242736,
6074604,55.31242736,
6074635,55.31242736,
6074666,55.31242736,
6074698,55.31470416,
6074729,55.31470416,
6074761,55.31242736,
6074792,55.31470416,
6074823,55.31470416,
6074855,55.31470416,
6074886,55.31242736,
6074917,55.31242736,
6074948,55.31015057,
6074980,55.31470416,
6075104,55.31470416,
6075235,55.31242736,
6075267,55.31470416,
6075299,55.31242736,
6075330,55.31242736,
6075361,55.31698095,
6075393,55.31015057,
6075424,55.31470416,
6075456,55.31242736,
6075487,55.31470416,
6075519,55.31242736,
6075550,55.31470416,
6075582,55.31470416,
6075613,55.31242736,
6075644,55.31470416,
6075676,55.31470416,
6075707,55.31015057,
6075739,55.31470416,
6075770,55.31470416,
6075802,55.31242736,
6076034,55.31470416,
6076165,55.31698095,
6076197,55.31698095,
6076228,55.31470416,
6076260,55.31470416,
6076292,55.31242736,
6076323,55.31242736,
6076354,55.31242736,
6076385,55.31470416,
6076417,55.31470416,
6076448,55.31242736,
6076480,55.31015057,
6076511,55.31015057,
6076543,55.31470416,
6076574,55.31242736,
6076606,55.31470416,
6076637,55.31242736,
6076668,55.31470416,
6076700,55.31470416,
6076731,55.31470416,
6076842,55.31015057,
6076973,55.31698095,
6077005,55.31015057,
6077037,55.31242736,
6077068,55.31470416,
6077099,55.31470416,
6077131,55.31470416,
6077164,55.31242736,
6077196,55.31470416,
6077228,55.31470416,
6077259,55.31242736,
6077291,55.31470416,
6077323,55.31470416,
6077354,55.31470416,
6077386,55.31242736,
6077418,55.31698095,
6077449,55.31242736,
6077480,55.31470416,
6077512,55.31242736,
6077545,55.31470416,
6077662,55.31698095,
6077791,55.31242736,
6077823,55.31470416,
6077855,55.31242736,
6077886,55.31015057,
6077917,55.31470416,
6077949,55.31470416,
6077981,55.31242736,
6078012,55.31242736,
6078043,55.31015057,
6078075,55.31242736,
6078106,55.31242736,
6078138,55.31470416,
6078169,55.31242736,
6078200,55.31242736,
6078232,55.31470416,
6078263,55.31242736,
6078295,55.31242736,
6078326,55.31470416,
6078358,55.31470416,
6078494,55.31698095,
6078625,55.31242736,
6078657,55.31470416,
6078689,55.31242736,
6078720,55.31470416,
6078753,55.31470416,
6078784,55.31242736,
6078815,55.31698095,
6078847,55.31242736,
6078879,55.31698095,
6078910,55.31470416,
6078941,55.31242736,
6078973,55.31698095,
6079004,55.31242736,
6079035,55.31242736,
6079067,55.31470416,
6079098,55.31242736,
6079129,55.31242736,
6079161,55.31470416,
6079193,55.31242736,
6079317,55.31242736,
6079448,55.31470416,
6079481,55.31242736,
6079512,55.31470416,
6079544,55.31242736,
6079575,55.31242736,
6079607,55.31242736,
6079638,55.31242736,
6079670,55.31242736,
6079701,55.31015057,
6079732,55.31242736,
6079764,55.31698095,
6079795,55.31242736,
6079827,55.31242736,
6079858,55.31242736,
6079890,55.31242736,
6079921,55.31242736,
6079952,55.31470416,
6079984,55.31242736,
6080015,55.31242736,
6080135,55.31015057,
6080266,55.31470416,
6080298,55.31242736,
6080331,55.31242736,
6080363,55.31242736,
6080394,55.31470416,
6080426,55.31242736,
6080457,55.31015057,
6080490,55.31470416,
6080521,55.31242736,
6080552,55.31242736,
6080584,55.31470416,
6080615,55.31698095,
6080647,55.31470416,
6080678,55.31242736,
6080710,55.31470416,
6080742,55.31242736,
6080774,55.31242736,
6080806,55.31698095,
6080838,55.31242736,
6080944,55.31242736,
6081076,55.31470416,
6081108,55.31242736,
6081139,55.31242736,
6081171,55.31470416,
6081202,55.31470416,
6081234,55.31242736,
6081265,55.31470416,
6081296,55.31470416,
6081328,55.31470416,
6081361,55.31242736,
6081392,55.31698095,
6081425,55.31470416,
6081456,55.31470416,
6081487,55.31698095,
6081519,55.31470416,
6081551,55.31242736,
6081582,55.31698095,
6081614,55.31470416,
6081645,55.31242736,
6081851,55.31242736,
6081982,55.31242736,
6082013,55.31470416,
6082045,55.31470416,
6082077,55.31470416,
6082108,55.31470416,
6082139,55.31242736,
6082171,55.31470416,
6082202,55.31470416,
6082234,55.31242736,
6082265,55.31698095,
6082296,55.31242736,
6082328,55.31242736,
6082359,55.31242736,
6082391,55.31242736,
6082422,55.31470416,
6082454,55.31242736,
6082485,55.31242736,
6082516,55.31698095,
6082548,55.31242736,
6082691,55.31242736,
6082823,55.31470416,
6082855,55.31470416,
6082886,55.31242736,
6082917,55.31470416,
6082949,55.31242736,
6082980,55.31242736,
6083012,55.31470416,
6083043,55.31470416,
6083075,55.31698095,
6083106,55.31470416,
6083137,55.31470416,
6083169,55.31015057,
6083200,55.31015057,
6083231,55.31698095,
6083263,55.31242736,
6083294,55.31470416,
6083326,55.31470416,
6083357,55.31698095,
6083389,55.31470416,
6083506,55.31470416,
6083638,55.31470416,
6083670,55.31242736,
6083701,55.31470416,
6083732,55.31470416,
6083764,55.31470416,
6083795,55.31698095,
6083827,55.31470416,
6083858,55.31242736,
6083890,55.31470416,
6083921,55.31470416,
6083952,55.31698095,
6083983,55.31470416,
6084015,55.31698095,
6084046,55.31698095,
6084078,55.31470416,
6084109,55.31698095,
6084140,55.31470416,
6084172,55.31242736,
6084203,55.31242736,
6084333,55.31470416,
6084464,55.31242736,
6084496,55.31470416,
6084527,55.31242736,
6084558,55.31698095,
6084590,55.31470416,
6084621,55.31242736,
6084652,55.31470416,
6084684,55.31698095,
6084715,55.31242736,
6084747,55.31470416,
6084778,55.31242736,
6084810,55.31470416,
6084841,55.31242736,
6084872,55.31242736,
6084904,55.31470416,
6084935,55.31242736,
6084967,55.31242736,
6084998,55.31470416,
6085030,55.31242736,
6085148,55.31242736,
6085279,55.31242736,
6085311,55.31242736,
6085342,55.31470416,
6085374,55.31015057,
6085405,55.31698095,
6085437,55.31698095,
6085468,55.31242736,
6085499,55.31470416,
6085531,55.31925774,
6085562,55.31242736,
6085593,55.31242736,
6085625,55.31470416,
6085657,55.31242736,
6085688,55.31698095,
6085719,55.31698095,
6085751,55.31470416,
6085782,55.31470416,
6085814,55.31242736,
6085845,55.31470416,
6088955,55.31698095,
6089086,55.31242736,
6089118,55.31698095,
6089150,55.31470416,
6089182,55.31698095,
6089214,55.31470416,
6089245,55.31470416,
6089276,55.31242736,
6089308,55.31470416,
6089339,55.31242736,
6089370,55.31470416,
6089402,55.31470416,
6089433,55.31470416,
6089465,55.31470416,
6089496,55.31242736,
6089528,55.31470416,
6089559,55.31470416,
6089590,55.31470416,
6089622,55.31470416,
6089653,55.31470416,
6089748,55.31698095,
6089880,55.31925774,
6089912,55.31698095,
6089944,55.31470416,
6089975,55.31470416,
6090006,55.31470416,
6090038,55.31470416,
6090069,55.31242736,
6090100,55.31242736,
6090132,55.31470416,
6090164,55.31470416,
6090195,55.31242736,
6090226,55.31698095,
6090258,55.31470416,
6090289,55.31470416,
6090321,55.31470416,
6090352,55.31470416,
6090383,55.31242736,
6090414,55.31242736,
6090446,55.31470416,
6090585,55.31242736,
6090717,55.31470416,
6090749,55.31242736,
6090781,55.31698095,
6090812,55.31698095,
6090844,55.31242736,
6090875,55.31470416,
6090906,55.31470416,
6090938,55.31698095,
6090970,55.31470416,
6091001,55.31242736,
6091032,55.31470416,
6091064,55.31242736,
6091095,55.31470416,
6091126,55.31470416,
6091158,55.31470416,
6091189,55.31698095,
6091220,55.31470416,
6091252,55.31470416,
6091284,55.31470416,
6091383,55.31925774,
6091514,55.31470416,
6091547,55.31470416,
6091578,55.31698095,
6091609,55.31470416,
6091640,55.31242736,
6091672,55.31698095,
6091703,55.31242736,
6091735,55.31242736,
6091766,55.31242736,
6091798,55.31470416,
6091829,55.31470416,
6091861,55.31925774,
6091892,55.31470416,
6091923,55.31470416,
6091955,55.31698095,
6091986,55.31698095,
6092017,55.31698095,
6092049,55.31698095,
6092080,55.31698095,
6092212,55.31698095,
6092343,55.31698095,
6092375,55.31698095,
6092407,55.31242736,
6092438,55.31242736,
6092470,55.31470416,
6092501,55.31698095,
6092532,55.31470416,
6092564,55.31698095,
6092595,55.31470416,
6092627,55.31698095,
6092658,55.31470416,
6092690,55.31470416,
6092721,55.31470416,
6092752,55.31470416,
6092784,55.31470416,
6092815,55.31698095,
6092846,55.31698095,
6092878,55.31698095,
6092909,55.31470416,
6093041,55.31242736,
6093172,55.31470416,
6093205,55.31470416,
6093236,55.31470416,
6093268,55.31470416,
6093299,55.31470416,
6093330,55.31242736,
6093362,55.31925774,
6093393,55.31470416,
6093425,55.31242736,
6093456,55.31698095,
6093487,55.31470416,
6093519,55.31698095,
6093550,55.31698095,
6093582,55.31698095,
6093613,55.31470416,
6093645,55.31470416,
6093676,55.31470416,
6093708,55.31470416,
6093739,55.31470416,
6093854,55.31470416,
6093986,55.31470416,
6094019,55.31470416,
6094050,55.31470416,
6094081,55.31470416,
6094113,55.31470416,
6094144,55.31470416,
6094176,55.31698095,
6094207,55.31698095,
6094239,55.31470416,
6094270,55.31698095,
6094301,55.31470416,
6094333,55.31242736,
6094364,55.31470416,
6094395,55.31698095,
6094427,55.31698095,
6094458,55.31242736,
6094490,55.31470416,
6094521,55.31470416,
6094553,55.31470416,
6094661,55.31698095,
6094792,55.31698095,
6094824,55.31470416,
6094856,55.31470416,
6094887,55.31698095,
6094918,55.31470416,
6094950,55.31698095,
6094982,55.31470416,
6095013,55.31470416,
6095045,55.31470416,
6095076,55.31698095,
6095107,55.31698095,
6095139,55.31470416,
6095170,55.31698095,
6095202,55.31925774,
6095233,55.31698095,
6095265,55.31470416,
6095296,55.31925774,
6095327,55.31470416,
6095359,55.31015057,
6095484,55.31925774,
6095615,55.31698095,
6095648,55.31470416,
6095679,55.31470416,
6095711,55.31698095,
6095742,55.31470416,
6095774,55.31698095,
6095805,55.31470416,
6095836,55.31470416,
6095868,55.31470416,
6095899,55.31925774,
6095930,55.31470416,
6095962,55.31470416,
6095993,55.31698095,
6096025,55.31470416,
6096056,55.31698095,
6096088,55.31242736,
6096119,55.31470416,
6096150,55.31470416,
6096182,55.31698095,
6096297,55.31698095,
6096428,55.31470416,
6096461,55.31698095,
6096492,55.31698095,
6096524,55.31698095,
6096555,55.31925774,
6096586,55.31698095,
6096617,55.31698095,
6096649,55.31698095,
6096680,55.31698095,
6096712,55.31242736,
6096743,55.31925774,
6096775,55.31470416,
6096806,55.31470416,
6096837,55.31470416,
6096869,55.31698095,
6096900,55.31925774,
6096932,55.31242736,
6096963,55.31470416,
6096995,55.31470416,
6097131,55.31470416,
6097262,55.31698095,
6097294,55.31470416,
6097326,55.31698095,
6097357,55.31470416,
6097389,55.31470416,
6097420,55.31470416,
6097451,55.31470416,
6097483,55.31470416,
6097514,55.31470416,
6097546,55.31470416,
6097577,55.31925774,
6097609,55.31698095,
6097640,55.31470416,
6097671,55.31698095,
6097703,55.31242736,
6097734,55.31470416,
6097765,55.31925774,
6097797,55.31470416,
6097828,55.31698095,
6097939,55.31698095,
6098070,55.31698095,
6098102,55.31698095,
6098134,55.31242736,
6098165,55.31470416,
6098197,55.31470416,
6098229,55.31925774,
6098261,55.31470416,
6098292,55.31470416,
6098323,55.31470416,
6098355,55.31470416,
6098386,55.31698095,
6098418,55.31698095,
6098449,55.31698095,
6098480,55.31698095,
6098512,55.31470416,
6098543,55.31470416,
6098575,55.31470416,
6098606,55.31470416,
6098638,55.31698095,
6098769,55.31698095,
6098899,55.31925774,
6098931,55.31698095,
6098963,55.31925774,
6098995,55.31925774,
6099027,55.31470416,
6099058,55.31470416,
6099090,55.31698095,
6099121,55.31470416,
6099153,55.31470416,
6099184,55.31470416,
6099215,55.31698095,
6099247,55.31698095,
6099278,55.31470416,
6099309,55.31470416,
6099341,55.31470416,
6099372,55.31470416,
6099404,55.31698095,
6099435,55.31698095,
6099467,55.31470416,
6099578,55.31698095,
6099709,55.31698095,
6099741,55.31698095,
6099773,55.31470416,
6099804,55.31242736,
6099835,55.31698095,
6099867,55.31470416,
6099898,55.31470416,
6099930,55.31470416,
6099961,55.31698095,
6099993,55.31470416,
6100024,55.31698095,
6100056,55.31698095,
6100087,55.31470416,
6100118,55.31698095,
6100150,55.31470416,
6100181,55.31470416,
6100212,55.31470416,
6100244,55.31698095,
6100275,55.31698095,
6100399,55.31470416,
6100530,55.31698095,
6100562,55.31698095,
6100593,55.31470416,
6100625,55.31698095,
6100656,55.31470416,
6100688,55.31698095,
6100719,55.31470416,
6100750,55.31698095,
6100782,55.31470416,
6100813,55.31470416,
6100844,55.31925774,
6100876,55.31925774,
6100908,55.31470416,
6100939,55.31470416,
6100970,55.31925774,
6101002,55.31698095,
6101033,55.31470416,
6101064,55.31470416,
6101096,55.31698095,
6101226,55.31470416,
6101357,55.31470416,
6101390,55.31470416,
6101421,55.31925774,
6101452,55.31925774,
6101484,55.31925774,
6101516,55.31925774,
6101547,55.31698095,
6101578,55.31470416,
6101610,55.31698095,
6101641,55.31698095,
6101672,55.31698095,
6101704,55.31698095,
6101735,55.31698095,
6101767,55.31698095,
6101798,55.31698095,
6101830,55.31470416,
6101861,55.31242736,
6101893,55.31470416,
6101924,55.31925774,
6102040,55.31698095,
6102171,55.31698095,
6102203,55.31698095,
6102235,55.31698095,
6102266,55.31925774,
6102298,55.31698095,
6102329,55.31698095,
6102360,55.31470416,
6102392,55.31925774,
6102423,55.31470416,
6102455,55.31698095,
6102486,55.31698095,
6102518,55.31470416,
6102549,55.31242736,
6102580,55.31698095,
6102612,55.31698095,
6102643,55.31698095,
6102675,55.31470416,
6102706,55.31470416,
6102738,55.31242736,
6102873,55.31925774,
6103004,55.31698095,
6103037,55.31470416,
6103068,55.31470416,
6103099,55.31925774,
6103131,55.31925774,
6103162,55.31470416,
6103194,55.31698095,
6103225,55.31470416,
6103257,55.31698095,
6103288,55.31470416,
6103319,55.31698095,
6103351,55.31698095,
6103382,55.31698095,
6103414,55.31470416,
6103445,55.31698095,
6103477,55.31698095,
6103508,55.31925774,
6103540,55.31698095,
6103571,55.31698095,
6103669,55.31470416,
6103799,55.31698095,
6103831,55.31925774,
6103863,55.31698095,
6103895,55.31698095,
6103926,55.31698095,
6103959,55.31698095,
6103990,55.31698095,
6104021,55.31698095,
6104053,55.31470416,
6104084,55.31698095,
6104116,55.31698095,
6104147,55.31698095,
6104179,55.31698095,
6104210,55.31698095,
6104241,55.31698095,
6104273,55.31925774,
6104304,55.31698095,
6104335,55.31698095,
6104367,55.31698095,
6104519,55.31470416,
6104651,55.31470416,
6104683,55.31470416,
6104715,55.31698095,
6104746,55.32153454,
6104778,55.31698095,
6104809,55.31470416,
6104841,55.31698095,
6104872,55.31925774,
6104904,55.31698095,
6104935,55.31698095,
6104967,55.31925774,
6104998,55.31698095,
6105029,55.31698095,
6105060,55.31925774,
6105092,55.31698095,
6105123,55.31925774,
6105155,55.31698095,
6105187,55.31698095,
6105218,55.31698095,
6105391,55.31698095,
6105522,55.31698095,
6105553,55.31925774,
6105585,55.31698095,
6105617,55.31698095,
6105648,55.31470416,
6105679,55.31698095,
6105710,55.31925774,
6105742,55.31698095,
6105773,55.31698095,
6105804,55.31698095,
6105836,55.31698095,
6105867,55.31698095,
6105899,55.31698095,
6105930,55.31470416,
6105961,55.31470416,
6105993,55.31698095,
6106024,55.31698095,
6106056,55.31470416,
6106087,55.31925774,
6106260,55.31698095,
6106391,55.31698095,
6106424,55.31698095,
6106455,55.31698095,
6106486,55.31470416,
6106518,55.31925774,
6106549,55.31925774,
6106580,55.31698095,
6106612,55.31470416,
6106643,55.31470416,
6106675,55.31698095,
6106706,55.31698095,
6106738,55.31925774,
6106769,55.31698095,
6106800,55.31470416,
6106832,55.31698095,
6106863,55.31698095,
6106894,55.31698095,
6106926,55.31925774,
6106957,55.31698095,
6107161,55.31698095,
6107292,55.31925774,
6107324,55.31698095,
6107355,55.31925774,
6107386,55.31698095,
6107418,55.31925774,
6107449,55.31698095,
6107481,55.31925774,
6107512,55.31698095,
6107544,55.31470416,
6107575,55.31698095,
6107606,55.31698095,
6107638,55.31698095,
6107669,55.31470416,
6107701,55.31925774,
6107732,55.31698095,
6107764,55.31925774,
6107795,55.31698095,
6107826,55.31470416,
6107858,55.31698095,
6107979,55.31925774,
6108110,55.31698095,
6108143,55.31470416,
6108174,55.31698095,
6108205,55.31698095,
6108237,55.31698095,
6108268,55.31925774,
6108300,55.31698095,
6108331,55.31925774,
6108363,55.31470416,
6108394,55.31925774,
6108425,55.31698095,
6108457,55.31698095,
6108488,55.31925774,
6108519,55.31698095,
6108551,55.31470416,
6108582,55.31698095,
6108614,55.31698095,
6108645,55.31925774,
6108677,55.31470416,
6108797,55.31698095,
6108928,55.31698095,
6108960,55.31698095,
6108992,55.31698095,
6109023,55.31925774,
6109054,55.31925774,
6109086,55.31470416,
6109117,55.31698095,
6109149,55.32153454,
6109180,55.31698095,
6109212,55.31698095,
6109243,55.31925774,
6109275,55.31698095,
6109306,55.31470416,
6109337,55.31470416,
6109369,55.31698095,
6109400,55.31925774,
6109431,55.31925774,
6109463,55.31698095,
6109494,55.31698095,
6109733,55.31698095,
6109864,55.31470416,
6109896,55.31698095,
6109928,55.31470416,
6109959,55.31698095,
6109991,55.31470416,
6110022,55.31698095,
6110053,55.31698095,
6110085,55.31698095,
6110116,55.31698095,
6110148,55.31470416,
6110179,55.31925774,
6110211,55.31925774,
6110242,55.31470416,
6110273,55.31470416,
6110305,55.31470416,
6110336,55.31470416,
6110367,55.31925774,
6110399,55.31470416,
6110430,55.31925774,
6110548,55.31698095,
6110680,55.31698095,
6110712,55.31925774,
6110744,55.31698095,
6110775,55.31925774,
6110807,55.31925774,
6110838,55.31698095,
6110869,55.31698095,
6110901,55.31925774,
6110932,55.31698095,
6110964,55.31925774,
6110995,55.31925774,
6111027,55.31470416,
6111058,55.31470416,
6111089,55.31698095,
6111121,55.31698095,
6111152,55.32153454,
6111184,55.31925774,
6111215,55.31698095,
6111247,55.31698095,
6111358,55.31698095,
6111489,55.31470416,
6111522,55.31925774,
6111553,55.31698095,
6111584,55.31698095,
6111616,55.31925774,
6111648,55.31698095,
6111679,55.31698095,
6111710,55.31925774,
6111742,55.31698095,
6111773,55.31925774,
6111804,55.31698095,
6111836,55.31925774,
6111867,55.31925774,
6111899,55.31698095,
6111930,55.31698095,
6111962,55.31698095,
6111993,55.31925774,
6112025,55.31925774,
6112056,55.31925774,
6112380,55.31698095,
6112511,55.31925774,
6112543,55.31925774,
6112574,55.31925774,
6112605,55.31698095,
6112637,55.31698095,
6112668,55.31698095,
6112700,55.31698095,
6112731,55.31242736,
6112763,55.31698095,
6112794,55.31925774,
6112825,55.31925774,
6112857,55.31925774,
6112888,55.31925774,
6112919,55.31698095,
6112951,55.31242736,
6112983,55.31698095,
6113014,55.31698095,
6113045,55.32153454,
6113077,55.31470416,
6113196,55.31698095,
6113327,55.31925774,
6113360,55.31698095,
6113391,55.31698095,
6113422,55.31698095,
6113454,55.31698095,
6113485,55.31925774,
6113517,55.31925774,
6113548,55.31698095,
6113580,55.31698095,
6113611,55.31470416,
6113642,55.31925774,
6113674,55.31925774,
6113705,55.31698095,
6113736,55.31470416,
6113768,55.31698095,
6113799,55.31925774,
6113831,55.31470416,
6113862,55.31698095,
6113894,55.31925774,
6114017,55.31698095,
6114148,55.31925774,
6114180,55.31698095,
6114212,55.31925774,
6114243,55.31698095,
6114274,55.31698095,
6114306,55.31470416,
6114337,55.31698095,
6114368,55.31925774,
6114400,55.31698095,
6114431,55.31925774,
6114463,55.31698095,
6114494,55.31925774,
6114526,55.31925774,
6114557,55.31698095,
6114589,55.31698095,
6114620,55.31925774,
6114651,55.31470416,
6114682,55.31925774,
6114714,55.31698095,
6114850,55.31698095,
6114981,55.31698095,
6115014,55.31698095,
6115045,55.31470416,
6115077,55.31698095,
6115108,55.31698095,
6115140,55.31925774,
6115171,55.31698095,
6115203,55.32153454,
6115234,55.31698095,
6115265,55.31698095,
6115296,55.31698095,
6115328,55.31470416,
6115360,55.31925774,
6115391,55.31925774,
6115422,55.31698095,
6115454,55.31698095,
6115485,55.31925774,
6115517,55.31470416,
6115548,55.31698095,
6115654,55.31698095,
6115785,55.31925774,
6115817,55.31470416,
6115849,55.31925774,
6115880,55.31698095,
6115911,55.31925774,
6115943,55.32153454,
6115974,55.31698095,
6116005,55.31925774,
6116037,55.31925774,
6116068,55.31698095,
6116100,55.31698095,
6116131,55.31698095,
6116163,55.31698095,
6116194,55.31925774,
6116225,55.31698095,
6116257,55.31698095,
6116288,55.31925774,
6116320,55.31698095,
6116351,55.31470416,
6116494,55.31925774,
6116625,55.31925774,
6116658,55.31698095,
6116689,55.31698095,
6116721,55.31470416,
6116752,55.31698095,
6116784,55.31698095,
6116815,55.31925774,
6116847,55.31925774,
6116878,55.31925774,
6116909,55.31925774,
6116941,55.31698095,
6116973,55.31925774,
6117004,55.31698095,
6117035,55.31925774,
6117067,55.31698095,
6117098,55.31698095,
6117129,55.32153454,
6117161,55.31698095,
6117192,55.31925774,
6117300,55.31698095,
6117431,55.31925774,
6117463,55.31698095,
6117495,55.31698095,
6117526,55.31470416,
6117558,55.31698095,
6117589,55.31925774,
6117621,55.32153454,
6117652,55.32153454,
6117684,55.31698095,
6117715,55.31925774,
6117746,55.31925774,
6117778,55.31698095,
6117809,55.31698095,
6117840,55.32153454,
6117872,55.31925774,
6117904,55.31698095,
6117935,55.31698095,
6117967,55.31698095,
6117998,55.31925774,
6118113,55.31925774,
6118245,55.31925774,
6118277,55.31470416,
6118308,55.31698095,
6118339,55.31925774,
6118370,55.31698095,
6118402,55.31925774,
6118433,55.31698095,
6118465,55.31470416,
6118496,55.31698095,
6118528,55.31925774,
6118559,55.32153454,
6118591,55.31698095,
6118622,55.31925774,
6118653,55.31698095,
6118685,55.31698095,
6118716,55.32153454,
6118748,55.31698095,
6118779,55.31698095,
6118810,55.31698095,
6118940,55.31470416,
6119071,55.31698095,
6119104,55.31470416,
6119135,55.31698095,
6119166,55.31925774,
6119198,55.31698095,
6119230,55.31925774,
6119261,55.31698095,
6119292,55.31698095,
6119324,55.31698095,
6119355,55.31698095,
6119386,55.31698095,
6119418,55.32153454,
6119449,55.31925774,
6119481,55.31698095,
6119512,55.31925774,
6119544,55.31698095,
6119575,55.31470416,
6119607,55.31698095,
6119638,55.31925774,
6119753,55.31698095,
6119884,55.31698095,
6119916,55.31470416,
6119947,55.31925774,
6119979,55.31925774,
6120010,55.31698095,
6120042,55.31925774,
6120073,55.31698095,
6120104,55.31925774,
6120136,55.31698095,
6120167,55.31470416,
6120198,55.31925774,
6120230,55.31698095,
6120261,55.31698095,
6120293,55.31925774,
6120324,55.31470416,
6120356,55.31925774,
6120387,55.31925774,
6120418,55.31925774,
6120450,55.31698095,
6120588,55.31698095,
6120719,55.31698095,
6120752,55.31470416,
6120783,55.31698095,
6120815,55.31470416,
6120847,55.31470416,
6120878,55.31925774,
6120909,55.31925774,
6120941,55.31925774,
6120972,55.31925774,
6121003,55.31698095,
6121035,55.31698095,
6121066,55.31925774,
6121098,55.31698095,
6121129,55.31925774,
6121161,55.31698095,
6121192,55.31698095,
6121223,55.31698095,
6121255,55.32153454,
6121286,55.31925774,
6121396,55.31698095,
6121527,55.31925774,
6121560,55.31698095,
6121591,55.31698095,
6121623,55.31925774,
6121654,55.31925774,
6121686,55.31925774,
6121717,55.31925774,
6121748,55.31698095,
6121780,55.31698095,
6121811,55.31925774,
6121842,55.31925774,
6121874,55.31698095,
6121906,55.31925774,
6121937,55.31925774,
6121969,55.31698095,
6122000,55.31470416,
6122031,55.31470416,
6122063,55.31698095,
6122094,55.31698095,
6122212,55.31925774,
6122343,55.31925774,
6122375,55.31698095,
6122407,55.31698095,
6122438,55.31698095,
6122469,55.31698095,
6122501,55.31925774,
6122532,55.31470416,
6122563,55.31925774,
6122595,55.31925774,
6122626,55.31925774,
6122658,55.31698095,
6122689,55.31925774,
6122721,55.31698095,
6122752,55.31925774,
6122784,55.31925774,
6122815,55.31698095,
6122846,55.31698095,
6122877,55.31698095,
6122909,55.32153454,
6123033,55.32153454,
6123165,55.31925774,
6123197,55.31698095,
6123228,55.31698095,
6123260,55.31698095,
6123291,55.31698095,
6123323,55.31925774,
6123354,55.31698095,
6123385,55.31698095,
6123417,55.31925774,
6123448,55.31925774,
6123480,55.31698095,
6123511,55.31925774,
6123543,55.31925774,
6123574,55.31925774,
6123606,55.31925774,
6123637,55.31698095,
6123668,55.31698095,
6123700,55.31698095,
6123731,55.31698095,
6123852,55.31925774,
6123983,55.31925774,
6124016,55.31470416,
6124047,55.31698095,
6124079,55.31925774,
6124110,55.31925774,
6124142,55.31925774,
6124173,55.31698095,
6124204,55.31925774,
6124236,55.31925774,
6124267,55.31698095,
6124299,55.31925774,
6124330,55.31925774,
6124362,55.31698095,
6124393,55.31698095,
6124425,55.31925774,
6124456,55.31925774,
6124487,55.31925774,
6124518,55.31698095,
6124550,55.31925774,
6124776,55.31698095,
6124907,55.31698095,
6124940,55.31925774,
6124971,55.31698095,
6125002,55.31925774,
6125034,55.31925774,
6125066,55.31698095,
6125097,55.31925774,
6125128,55.31925774,
6125160,55.32153454,
6125191,55.31698095,
6125222,55.31925774,
6125254,55.31698095,
6125285,55.32153454,
6125317,55.31698095,
6125348,55.31925774,
6125380,55.31925774,
6125411,55.31925774,
6125442,55.31925774,
6125474,55.31925774,
6125600,55.31925774,
6125731,55.31925774,
6125764,55.31925774,
6125795,55.31698095,
6125826,55.31925774,
6125858,55.31925774,
6125890,55.32153454,
6125921,55.31925774,
6125953,55.32153454,
6125984,55.31925774,
6126015,55.31925774,
6126046,55.31698095,
6126078,55.31698095,
6126109,55.31698095,
6126141,55.31698095,
6126172,55.31925774,
6126204,55.31925774,
6126235,55.31925774,
6126267,55.31925774,
6126298,55.31698095,
6126426,55.31470416,
6126557,55.31925774,
6126590,55.32153454,
6126621,55.31925774,
6126653,55.31925774,
6126685,55.31698095,
6126716,55.32153454,
6126747,55.31698095,
6126779,55.31925774,
6126810,55.31925774,
6126841,55.31698095,
6126873,55.31925774,
6126905,55.31698095,
6126936,55.31925774,
6126967,55.32153454,
6126999,55.31925774,
6127030,55.32153454,
6127061,55.31925774,
6127093,55.31925774,
6127124,55.31470416,
6127233,55.31698095,
6127364,55.31925774,
6127396,55.31925774,
6127428,55.31698095,
6127459,55.31698095,
6127491,55.31698095,
6127522,55.31698095,
6127553,55.31925774,
6127584,55.31925774,
6127616,55.32153454,
6127648,55.31925774,
6127679,55.31698095,
6127711,55.32153454,
6127742,55.31698095,
6127773,55.31925774,
6127805,55.31925774,
6127836,55.31925774,
6127868,55.31925774,
6127900,55.32153454,
6127931,55.31925774,
6128047,55.31470416,
6128178,55.31925774,
6128211,55.31698095,
6128242,55.32153454,
6128274,55.31698095,
6128305,55.31925774,
6128336,55.31698095,
6128368,55.31925774,
6128399,55.31925774,
6128431,55.31925774,
6128462,55.31925774,
6128493,55.31925774,
6128525,55.31698095,
6128556,55.31925774,
6128588,55.31925774,
6128619,55.31925774,
6128651,55.31698095,
6128682,55.31698095,
6128713,55.31925774,
6128745,55.31698095,
6128872,55.31925774,
6129004,55.31925774,
6129036,55.31925774,
6129068,55.31698095,
6129099,55.31698095,
6129131,55.31925774,
6129162,55.31698095,
6129193,55.31698095,
6129224,55.31698095,
6129256,55.31925774,
6129288,55.31925774,
6129319,55.31698095,
6129350,55.31698095,
6129382,55.31698095,
6129413,55.31925774,
6129445,55.31925774,
6129476,55.31698095,
6129507,55.31925774,
6129539,55.32153454,
6129570,55.31925774,
6129692,55.31698095,
6129823,55.32153454,
6129856,55.31698095,
6129887,55.31925774,
6129918,55.31925774,
6129950,55.31470416,
6129982,55.31698095,
6130013,55.31698095,
6130044,55.32153454,
6130076,55.32153454,
6130107,55.31925774,
6130138,55.31925774,
6130170,55.31925774,
6130201,55.31698095,
6130233,55.32153454,
6130264,55.31925774,
6130296,55.31925774,
6130327,55.31925774,
6130359,55.31925774,
6130390,55.31925774,
6130530,55.31925774,
6130662,55.31698095,
6130694,55.31925774,
6130725,55.31698095,
6130756,55.31698095,
6130788,55.32153454,
6130819,55.31698095,
6130851,55.31470416,
6130882,55.31925774,
6130914,55.31925774,
6130945,55.31698095,
6130977,55.32381133,
6131008,55.31698095,
6131039,55.31925774,
6131070,55.31698095,
6131102,55.31925774,
6131134,55.31925774,
6131165,55.31698095,
6131196,55.31925774,
6131228,55.31925774,
6131329,55.31925774,
6131460,55.31698095,
6131492,55.31470416,
6131524,55.31925774,
6131555,55.31698095,
6131587,55.31470416,
6131618,55.31698095,
6131649,55.31698095,
6131681,55.31925774,
6131712,55.31698095,
6131744,55.31470416,
6131775,55.31698095,
6131807,55.31698095,
6131838,55.31925774,
6131869,55.32153454,
6131901,55.31698095,
6131932,55.32153454,
6131964,55.31470416,
6131995,55.31925774,
6132027,55.31925774,
6132238,55.31925774,
6132369,55.31698095,
6132401,55.31698095,
6132433,55.32153454,
6132464,55.31925774,
6132495,55.31925774,
6132527,55.31925774,
6132558,55.31925774,
6132589,55.31925774,
6132621,55.31925774,
6132653,55.31698095,
6132684,55.32153454,
6132715,55.31698095,
6132747,55.31698095,
6132778,55.31925774,
6132809,55.31698095,
6132841,55.32153454,
6132872,55.31698095,
6132904,55.31698095,
6132935,55.31925774,
6133079,55.31698095,
6133211,55.31925774,
6133243,55.31925774,
6133275,55.31698095,
6133306,55.32153454,
6133338,55.31698095,
6133369,55.31698095,
6133400,55.31698095,
6133432,55.31698095,
6133463,55.32153454,
6133495,55.31925774,
6133526,55.31698095,
6133558,55.32153454,
6133589,55.31925774,
6133620,55.31925774,
6133652,55.31925774,
6133683,55.31698095,
6133714,55.32153454,
6133746,55.31698095,
6133778,55.32153454,
6133883,55.31698095,
6134014,55.31698095,
6134046,55.31698095,
6134077,55.31925774,
6134108,55.31925774,
6134140,55.31925774,
6134171,55.31698095,
6134203,55.31925774,
6134234,55.31698095,
6134266,55.31925774,
6134297,55.31925774,
6134328,55.31925774,
6134360,55.31925774,
6134391,55.31925774,
6134422,55.31925774,
6134454,55.31698095,
6134485,55.31925774,
6134517,55.31925774,
6134548,55.31698095,
6134579,55.31698095,
6134709,55.31925774,
6134839,55.31925774,
6134871,55.31698095,
6134903,55.31698095,
6134934,55.31470416,
6134966,55.31698095,
6134997,55.31925774,
6135028,55.31925774,
6135060,55.31698095,
6135091,55.32153454,
6135123,55.31925774,
6135154,55.31925774,
6135186,55.31698095,
6135217,55.31698095,
6135248,55.32153454,
6135280,55.31925774,
6135311,55.31925774,
6135342,55.31925774,
6135374,55.31925774,
6135405,55.31925774,
6135535,55.32153454,
6135666,55.32153454,
6135698,55.31470416,
6135730,55.31925774,
6135761,55.32153454,
6135793,55.32153454,
6135824,55.31698095,
6135855,55.31470416,
6135887,55.31925774,
6135918,55.31925774,
6135950,55.31925774,
6135981,55.31698095,
6136013,55.32153454,
6136044,55.31698095,
6136075,55.31698095,
6136107,55.32153454,
6136138,55.31925774,
6136169,55.31925774,
6136201,55.31698095,
6136233,55.32153454,
6136343,55.31698095,
6136474,55.31925774,
6136506,55.32153454,
6136537,55.31925774,
6136569,55.31698095,
6136600,55.32153454,
6136632,55.31698095,
6136663,55.32153454,
6136694,55.31925774,
6136726,55.31698095,
6136757,55.32381133,
6136788,55.31925774,
6136820,55.32153454,
6136851,55.31925774,
6136883,55.31925774,
6136914,55.32153454,
6136946,55.31925774,
6136977,55.31698095,
6137008,55.32153454,
6137040,55.32153454,
6137159,55.32153454,
6137290,55.31925774,
6137322,55.31925774,
6137354,55.31925774,
6137385,55.31925774,
6137416,55.31470416,
6137448,55.31925774,
6137479,55.31925774,
6137511,55.31698095,
6137542,55.31925774,
6137574,55.31925774,
6137605,55.31925774,
6137636,55.31698095,
6137668,55.31925774,
6137699,55.31925774,
6137731,55.31925774,
6137762,55.31925774,
6137793,55.31925774,
6137825,55.31698095,
6137856,55.32153454,
6137980,55.32153454,
6138112,55.31925774,
6138144,55.31925774,
6138175,55.31925774,
6138207,55.31925774,
6138238,55.32153454,
6138270,55.31925774,
6138301,55.31698095,
6138332,55.31925774,
6138364,55.31925774,
6138395,55.32153454,
6138426,55.31925774,
6138458,55.32153454,
6138489,55.32153454,
6138521,55.31242736,
6138552,55.31925774,
6138584,55.31925774,
6138615,55.32153454,
6138646,55.31925774,
6138678,55.31925774,
6138995,55.31925774,
6139127,55.31925774,
6139159,55.31925774,
6139190,55.31925774,
6139222,55.32153454,
6139253,55.32153454,
6139285,55.32153454,
6139316,55.32153454,
6139347,55.31698095,
6139379,55.32153454,
6139410,55.31925774,
6139442,55.31698095,
6139473,55.31698095,
6139505,55.31925774,
6139536,55.31925774,
6139567,55.32153454,
6139599,55.31925774,
6139630,55.31698095,
6139661,55.31925774,
6139693,55.31698095,
6139833,55.31925774,
6139965,55.31698095,
6139997,55.32153454,
6140028,55.31925774,
6140059,55.31925774,
6140091,55.31925774,
6140123,55.31925774,
6140154,55.32153454,
6140186,55.31925774,
6140217,55.31698095,
6140248,55.31925774,
6140280,55.31470416,
6140311,55.32153454,
6140343,55.31925774,
6140374,55.31925774,
6140405,55.31925774,
6140437,55.31925774,
6140468,55.32153454,
6140500,55.31925774,
6140531,55.31925774,
6140646,55.32381133,
6140777,55.32153454,
6140809,55.31698095,
6140840,55.31925774,
6140872,55.31698095,
6140903,55.31698095,
6140934,55.31925774,
6140966,55.32381133,
6140997,55.31925774,
6141029,55.32153454,
6141060,55.32153454,
6141091,55.31925774,
6141123,55.32153454,
6141154,55.31698095,
6141186,55.32153454,
6141217,55.31698095,
6141249,55.31925774,
6141280,55.31698095,
6141311,55.31698095,
6141343,55.31925774,
6141555,55.31698095,
6141686,55.32153454,
6141717,55.31925774,
6141749,55.31698095,
6141780,55.31925774,
6141812,55.32153454,
6141843,55.32153454,
6141875,55.31698095,
6141906,55.31925774,
6141938,55.31925774,
6141969,55.31925774,
6142000,55.32153454,
6142032,55.31925774,
6142063,55.31925774,
6142095,55.31925774,
6142126,55.31698095,
6142157,55.32381133,
6142189,55.31925774,
6142220,55.31925774,
6142252,55.32153454,
6142388,55.32381133,
6142520,55.32153454,
6142552,55.32153454,
6142583,55.32153454,
6142615,55.31925774,
6142647,55.31698095,
6142678,55.31925774,
6142709,55.31925774,
6142740,55.31925774,
6142772,55.32153454,
6142803,55.32153454,
6142835,55.31925774,
6142866,55.31925774,
6142898,55.31698095,
6142929,55.32381133,
6142961,55.31925774,
6142992,55.31925774,
6143023,55.31925774,
6143055,55.32153454,
6143086,55.31925774,
6143207,55.31925774,
6143338,55.32153454,
6143371,55.32153454,
6143402,55.31925774,
6143433,55.32153454,
6143465,55.32153454,
6143497,55.31925774,
6143528,55.31698095,
6143559,55.31925774,
6143591,55.32153454,
6143622,55.31925774,
6143653,55.31925774,
6143685,55.31925774,
6143716,55.32153454,
6143748,55.32381133,
6143779,55.32153454,
6143811,55.32153454,
6143842,55.31925774,
6143874,55.31925774,
6143905,55.31925774,
6144103,55.31925774,
6144234,55.31925774,
6144265,55.31925774,
6144297,55.31925774,
6144329,55.31925774,
6144360,55.31698095,
6144392,55.31925774,
6144423,55.31698095,
6144454,55.32153454,
6144485,55.31925774,
6144517,55.32153454,
6144549,55.31925774,
6144580,55.32381133,
6144611,55.31925774,
6144643,55.31925774,
6144674,55.31925774,
6144706,55.31925774,
6144737,55.31925774,
6144768,55.31698095,
6144800,55.31698095,
6144954,55.31698095,
6145086,55.31698095,
6145118,55.32153454,
6145149,55.31925774,
6145181,55.31925774,
6145212,55.31925774,
6145244,55.32153454,
6145275,55.31925774,
6145307,55.31698095,
6145338,55.31925774,
6145369,55.31925774,
6145400,55.32153454,
6145432,55.32153454,
6145463,55.32381133,
6145495,55.31925774,
6145526,55.32153454,
6145558,55.31925774,
6145589,55.31925774,
6145621,55.31925774,
6145652,55.32153454,
6145765,55.31925774,
6145896,55.32153454,
6145928,55.31925774,
6145959,55.32153454,
6145990,55.31925774,
6146022,55.32381133,
6146053,55.32153454,
6146085,55.32153454,
6146116,55.32153454,
6146148,55.31925774,
6146179,55.32153454,
6146210,55.32381133,
6146242,55.31925774,
6146273,55.32153454,
6146304,55.32153454,
6146336,55.31698095,
6146367,55.31925774,
6146399,55.32153454,
6146430,55.32153454,
6146461,55.32153454,
6146587,55.31698095,
6146719,55.32381133,
6146751,55.32153454,
6146783,55.31925774,
6146814,55.32153454,
6146846,55.32153454,
6146877,55.32153454,
6146908,55.32153454,
6146940,55.32153454,
6146971,55.32153454,
6147003,55.31925774,
6147034,55.31925774,
6147065,55.32153454,
6147097,55.32153454,
6147128,55.31925774,
6147160,55.32153454,
6147191,55.32153454,
6147222,55.31925774,
6147254,55.32153454,
6147285,55.32153454,
6147494,55.31925774,
6147625,55.31925774,
6147656,55.31925774,
6147688,55.31925774,
6147719,55.31698095,
6147751,55.32153454,
6147782,55.31925774,
6147814,55.32153454,
6147845,55.32153454,
6147877,55.32153454,
6147908,55.31698095,
6147939,55.31925774,
6147971,55.31925774,
6148002,55.31698095,
6148034,55.32153454,
6148065,55.31925774,
6148097,55.31925774,
6148128,55.31925774,
6148159,55.31925774,
6148191,55.31925774,
6148426,55.32153454,
6148557,55.32381133,
6148589,55.31925774,
6148620,55.31925774,
6148652,55.31925774,
6148683,55.32381133,
6148715,55.32381133,
6148746,55.31698095,
6148777,55.32153454,
6148809,55.32153454,
6148840,55.32153454,
6148872,55.31925774,
6148903,55.31925774,
6148935,55.31925774,
6148966,55.32153454,
6148998,55.31925774,
6149029,55.31925774,
6149060,55.32153454,
6149091,55.31925774,
6149123,55.31925774,
6149246,55.32153454,
6149377,55.32153454,
6149409,55.32153454,
6149441,55.31925774,
6149472,55.32153454,
6149503,55.31925774,
6149535,55.31925774,
6149567,55.32153454,
6149598,55.31698095,
6149630,55.31698095,
6149661,55.32153454,
6149692,55.31925774,
6149724,55.32153454,
6149755,55.31925774,
6149786,55.32153454,
6149818,55.32381133,
6149849,55.32153454,
6149881,55.32153454,
6149912,55.31925774,
6149944,55.32153454,
6150060,55.32153454,
6150191,55.32153454,
6150224,55.31925774,
6150255,55.31925774,
6150286,55.31925774,
6150318,55.31925774,
6150349,55.31698095,
6150381,55.32153454,
6150412,55.32153454,
6150444,55.31925774,
6150475,55.31925774,
6150506,55.32153454,
6150538,55.32153454,
6150569,55.31925774,
6150600,55.31925774,
6150632,55.31925774,
6150664,55.32153454,
6150695,55.32153454,
6150726,55.32153454,
6150758,55.32153454,
6150886,55.32153454,
6151017,55.31925774,
6151049,55.32153454,
6151080,55.31925774,
6151112,55.31925774,
6151143,55.31925774,
6151175,55.32608813,
6151206,55.32381133,
6151237,55.32153454,
6151269,55.32381133,
6151300,55.32153454,
6151331,55.31925774,
6151363,55.32153454,
6151394,55.32153454,
6151426,55.32153454,
6151457,55.31925774,
6151489,55.31925774,
6151520,55.32153454,
6151551,55.31925774,
6151583,55.32153454,
6151701,55.31925774,
6151832,55.32153454,
6151864,55.32153454,
6151896,55.32153454,
6151927,55.32153454,
6151958,55.32153454,
6151990,55.32381133,
6152021,55.32153454,
6152052,55.31698095,
6152084,55.32153454,
6152115,55.32381133,
6152147,55.31925774,
6152178,55.31925774,
6152210,55.32381133,
6152241,55.32153454,
6152273,55.32153454,
6152304,55.32153454,
6152335,55.32153454,
6152366,55.31925774,
6152398,55.31925774,
6152630,55.32153454,
6152761,55.32153454,
6152793,55.31925774,
6152825,55.32153454,
6152856,55.31925774,
6152888,55.32153454,
6152919,55.32153454,
6152950,55.32153454,
6152982,55.32153454,
6153013,55.31925774,
6153045,55.31925774,
6153076,55.32153454,
6153107,55.31925774,
6153139,55.32381133,
6153170,55.31925774,
6153202,55.32153454,
6153233,55.32153454,
6153264,55.31925774,
6153296,55.31925774,
6153327,55.32153454,
6153650,55.32153454,
6153781,55.32153454,
6153814,55.32153454,
6153845,55.32153454,
6153877,55.32153454,
6153908,55.31925774,
6153940,55.32153454,
6153971,55.31925774,
6154002,55.31925774,
6154034,55.32381133,
6154065,55.32153454,
6154096,55.31925774,
6154128,55.31925774,
6154159,55.31925774,
6154191,55.31925774,
6154222,55.32153454,
6154254,55.32153454,
6154285,55.31925774,
6154316,55.32381133,
6154348,55.31925774,
6154573,55.32153454,
6154704,55.32153454,
6154736,55.31925774,
6154768,55.32153454,
6154799,55.31925774,
6154830,55.31925774,
6154862,55.32153454,
6154893,55.32153454,
6154924,55.31925774,
6154956,55.32153454,
6154987,55.31925774,
6155019,55.31925774,
6155050,55.32153454,
6155082,55.31698095,
6155113,55.31925774,
6155145,55.32153454,
6155176,55.32153454,
6155207,55.31925774,
6155238,55.32153454,
6155270,55.32381133,
6155383,55.32608813,
6155514,55.31925774,
6155547,55.32153454,
6155578,55.32381133,
6155610,55.31925774,
6155641,55.31925774,
6155673,55.32153454,
6155704,55.31925774,
6155735,55.32153454,
6155767,55.32153454,
6155798,55.32153454,
6155829,55.31698095,
6155861,55.31925774,
6155893,55.32153454,
6155924,55.32153454,
6155955,55.32153454,
6155987,55.32153454,
6156018,55.32153454,
6156049,55.31925774,
6156081,55.32153454,
6156218,55.32153454,
6156349,55.32153454,
6156382,55.32153454,
6156413,55.32381133,
6156444,55.32153454,
6156476,55.31925774,
6156508,55.31925774,
6156539,55.32153454,
6156570,55.32153454,
6156602,55.32153454,
6156633,55.32153454,
6156664,55.32381133,
6156696,55.32153454,
6156727,55.31698095,
6156759,55.31925774,
6156790,55.32153454,
6156822,55.31925774,
6156853,55.32153454,
6156885,55.32381133,
6156916,55.32153454,
6157032,55.32153454,
6157163,55.32381133,
6157196,55.31698095,
6157227,55.32381133,
6157259,55.32153454,
6157290,55.31925774,
6157321,55.32153454,
6157352,55.31925774,
6157383,55.32153454,
6157415,55.32381133,
6157447,55.31925774,
6157478,55.31925774,
6157509,55.32153454,
6157541,55.32153454,
6157572,55.32153454,
6157604,55.32153454,
6157635,55.32153454,
6157666,55.31925774,
6157698,55.31698095,
6157729,55.32381133,
6157845,55.32153454,
6157977,55.32153454,
6158009,55.32153454,
6158041,55.32153454,
6158072,55.31925774,
6158103,55.32153454,
6158135,55.32153454,
6158166,55.32153454,
6158197,55.32153454,
6158229,55.32153454,
6158260,55.32153454,
6158292,55.32153454,
6158323,55.32153454,
6158355,55.32153454,
6158386,55.31925774,
6158417,55.32153454,
6158449,55.31925774,
6158480,55.31925774,
6158511,55.32381133,
6158543,55.32153454,
6158664,55.31925774,
6158794,55.32153454,
6158826,55.32153454,
6158858,55.31925774,
6158889,55.31925774,
6158920,55.31925774,
6158952,55.31698095,
6158984,55.32153454,
6159015,55.32153454,
6159047,55.32153454,
6159078,55.32153454,
6159109,55.32153454,
6159141,55.32153454,
6159172,55.32153454,
6159204,55.32153454,
6159235,55.32153454,
6159267,55.31925774,
6159298,55.32381133,
6159329,55.32153454,
6159361,55.32153454,
6159491,55.32381133,
6159622,55.32153454,
6159655,55.32153454,
6159686,55.32153454,
6159717,55.31925774,
6159749,55.32153454,
6159780,55.32153454,
6159812,55.32153454,
6159843,55.32153454,
6159875,55.32153454,
6159906,55.31925774,
6159937,55.31925774,
6159969,55.32153454,
6160000,55.32153454,
6160032,55.32153454,
6160063,55.31925774,
6160095,55.32153454,
6160126,55.32381133,
6160157,55.32153454,
6160189,55.32153454,
6160404,55.32153454,
6160536,55.32153454,
6160569,55.32153454,
6160600,55.31925774,
6160631,55.31925774,
6160662,55.32153454,
6160694,55.32381133,
6160725,55.32153454,
6160757,55.32153454,
6160788,55.32153454,
6160820,55.32153454,
6160851,55.32153454,
6160883,55.32153454,
6160914,55.32153454,
6160945,55.32153454,
6160977,55.32381133,
6161008,55.32153454,
6161040,55.32153454,
6161071,55.32153454,
6161102,55.32381133,
6161223,55.32153454,
6161354,55.32381133,
6161386,55.31925774,
6161417,55.31925774,
6161449,55.31925774,
6161480,55.31925774,
6161512,55.32153454,
6161543,55.32153454,
6161574,55.31925774,
6161606,55.31925774,
6161637,55.31925774,
6161669,55.32381133,
6161700,55.31925774,
6161731,55.31925774,
6161763,55.31925774,
6161794,55.32153454,
6161826,55.31925774,
6161857,55.32153454,
6161888,55.31925774,
6161920,55.32153454,
6162046,55.32153454,
6162177,55.31925774,
6162210,55.32381133,
6162241,55.32153454,
6162272,55.32153454,
6162304,55.31925774,
6162335,55.32153454,
6162367,55.31925774,
6162398,55.32153454,
6162430,55.32153454,
6162461,55.32153454,
6162492,55.32381133,
6162524,55.32153454,
6162555,55.32153454,
6162587,55.32153454,
6162618,55.31925774,
6162650,55.31925774,
6162681,55.32381133,
6162712,55.32153454,
6162744,55.32153454,
6162859,55.31925774,
6162990,55.32381133,
6163023,55.32153454,
6163054,55.31925774,
6163085,55.32153454,
6163117,55.32153454,
6163148,55.32153454,
6163180,55.32153454,
6163211,55.32381133,
6163243,55.32153454,
6163274,55.32153454,
6163305,55.32153454,
6163337,55.32153454,
6163368,55.32153454,
6163399,55.32381133,
6163431,55.31925774,
6163462,55.31925774,
6163494,55.32153454,
6163525,55.32153454,
6163557,55.32153454,
6163681,55.32381133,
6163812,55.32381133,
6163844,55.31925774,
6163876,55.31925774,
6163907,55.31925774,
6163938,55.31925774,
6163970,55.32153454,
6164001,55.32608813,
6164033,55.31925774,
6164064,55.32153454,
6164096,55.32153454,
6164127,55.32153454,
6164159,55.31925774,
6164190,55.32153454,
6164221,55.32153454,
6164253,55.32381133,
6164284,55.32153454,
6164315,55.31925774,
6164347,55.32153454,
6164378,55.32153454,
6164496,55.31925774,
6164627,55.32153454,
6164659,55.31925774,
6164691,55.31925774,
6164722,55.32153454,
6164754,55.32381133,
6164785,55.31925774,
6164817,55.32381133,
6164848,55.31925774,
6164880,55.32153454,
6164911,55.31925774,
6164942,55.32153454,
6164974,55.32153454,
6165005,55.32153454,
6165036,55.31925774,
6165068,55.32153454,
6165099,55.32381133,
6165131,55.31925774,
6165162,55.32153454,
6165194,55.32153454,
6165326,55.32381133,
6165457,55.32153454,
6165490,55.31925774,
6165521,55.32153454,
6165553,55.32381133,
6165584,55.32153454,
6165616,55.32153454,
6165647,55.32381133,
6165678,55.32153454,
6165710,55.32381133,
6165741,55.32381133,
6165773,55.31698095,
6165804,55.31925774,
6165835,55.31698095,
6165867,55.32381133,
6165899,55.32153454,
6165930,55.31925774,
6165961,55.32153454,
6165993,55.32153454,
6166024,55.32153454,
6166146,55.32381133,
6166277,55.32153454,
6166309,55.31925774,
6166341,55.32153454,
6166372,55.32153454,
6166404,55.32153454,
6166435,55.32381133,
6166466,55.32153454,
6166498,55.32153454,
6166529,55.31925774,
6166561,55.32153454,
6166592,55.32153454,
6166624,55.31925774,
6166655,55.31925774,
6166686,55.31925774,
6166718,55.32153454,
6166749,55.32153454,
6166781,55.31925774,
6166812,55.32153454,
6166844,55.32381133,
6166982,55.31925774,
6167113,55.32381133,
6167146,55.32153454,
6167177,55.32153454,
6167209,55.31925774,
6167240,55.31925774,
6167272,55.31925774,
6167303,55.32153454,
6167335,55.32153454,
6167366,55.32153454,
6167397,55.31925774,
6167429,55.32153454,
6167460,55.31925774,
6167491,55.31925774,
6167523,55.32153454,
6167554,55.32153454,
6167586,55.32381133,
6167617,55.32153454,
6167649,55.31925774,
6167680,55.32153454,
6167775,55.31925774,
6167907,55.32153454,
6167939,55.32153454,
6167970,55.32153454,
6168001,55.32153454,
6168032,55.32153454,
6168064,55.31925774,
6168096,55.32153454,
6168127,55.31925774,
6168159,55.31925774,
6168190,55.32153454,
6168221,55.32153454,
6168253,55.32153454,
6168284,55.32153454,
6168315,55.32381133,
6168347,55.31698095,
6168378,55.31925774,
6168410,55.32153454,
6168441,55.31925774,
6168473,55.32153454,
6168592,55.31925774,
6168724,55.31925774,
6168756,55.31925774,
6168788,55.32153454,
6168819,55.31925774,
6168850,55.32381133,
6168882,55.32153454,
6168913,55.32153454,
6168945,55.32153454,
6168976,55.32153454,
6169008,55.31925774,
6169039,55.31925774,
6169070,55.31925774,
6169102,55.32381133,
6169133,55.32153454,
6169164,55.31925774,
6169196,55.31925774,
6169227,55.32381133,
6169259,55.32153454,
6169290,55.32381133,
6169420,55.32153454,
6169552,55.32381133,
6169584,55.31925774,
6169615,55.32153454,
6169646,55.32381133,
6169677,55.32153454,
6169709,55.32153454,
6169741,55.32153454,
6169772,55.32153454,
6169803,55.32153454,
6169835,55.32381133,
6169866,55.32153454,
6169898,55.31925774,
6169929,55.32381133,
6169961,55.32381133,
6169992,55.32153454,
6170023,55.32381133,
6170055,55.32381133,
6170086,55.32381133,
6170118,55.32153454,
6170250,55.31925774,
6170381,55.32153454,
6170414,55.32608813,
6170445,55.31925774,
6170476,55.31925774,
6170508,55.32153454,
6170540,55.32153454,
6170571,55.32153454,
6170602,55.31925774,
6170634,55.32381133,
6170665,55.32153454,
6170696,55.31698095,
6170728,55.32153454,
6170759,55.31925774,
6170791,55.32153454,
6170822,55.31698095,
6170854,55.32153454,
6170885,55.32153454,
6170917,55.31925774,
6170948,55.31925774,
6171061,55.32153454,
6171192,55.32153454,
6171225,55.32153454,
6171256,55.32153454,
6171287,55.32608813,
6171319,55.31925774,
6171351,55.31925774,
6171382,55.32381133,
6171413,55.32153454,
6171445,55.32381133,
6171476,55.32153454,
6171507,55.32153454,
6171539,55.32153454,
6171570,55.32153454,
6171601,55.32153454,
6171633,55.32153454,
6171665,55.32153454,
6171696,55.32153454,
6171727,55.32153454,
6171759,55.32381133,
6171880,55.31925774,
6172011,55.32153454,
6172044,55.32153454,
6172075,55.32153454,
6172106,55.32153454,
6172138,55.32153454,
6172170,55.31925774,
6172201,55.32153454,
6172232,55.32381133,
6172264,55.32153454,
6172295,55.31925774,
6172326,55.32381133,
6172358,55.31925774,
6172389,55.31925774,
6172421,55.32381133,
6172452,55.31925774,
6172484,55.32153454,
6172515,55.32381133,
6172547,55.31925774,
6172578,55.32153454,
6172690,55.32153454,
6172821,55.32153454,
6172853,55.32153454,
6172885,55.32153454,
6172916,55.32381133,
6172947,55.32153454,
6172979,55.32153454,
6173010,55.32153454,
6173041,55.32153454,
6173073,55.31925774,
6173104,55.31925774,
6173136,55.32381133,
6173167,55.31925774,
6173199,55.32381133,
6173230,55.32153454,
6173261,55.32153454,
6173293,55.32381133,
6173324,55.31925774,
6173355,55.32153454,
6173387,55.32153454,
6173530,55.31925774,
6173661,55.32381133,
6173694,55.31925774,
6173725,55.32381133,
6173756,55.31925774,
6173788,55.32153454,
6173819,55.32381133,
6173851,55.32608813,
6173883,55.31925774,
6173914,55.32153454,
6173945,55.32153454,
6173976,55.32153454,
6174008,55.32153454,
6174039,55.32153454,
6174071,55.32153454,
6174102,55.31925774,
6174134,55.32153454,
6174165,55.31925774,
6174197,55.32381133,
6174228,55.32381133,
6174334,55.32153454,
6174465,55.32153454,
6174497,55.32153454,
6174528,55.31925774,
6174559,55.31925774,
6174591,55.32381133,
6174622,55.31698095,
6174654,55.32381133,
6174685,55.32381133,
6174717,55.31925774,
6174748,55.31925774,
6174779,55.31925774,
6174811,55.32153454,
6174842,55.31925774,
6174874,55.31925774,
6174905,55.31925774,
6174937,55.31925774,
6174968,55.31925774,
6174999,55.31925774,
6175031,55.32153454,
6175373,55.32381133,
6175504,55.32153454,
6175536,55.32153454,
6175568,55.32153454,
6175599,55.32153454,
6175631,55.32608813,
6175662,55.32381133,
6175694,55.32381133,
6175725,55.31925774,
6175757,55.32153454,
6175788,55.31925774,
6175819,55.32153454,
6175851,55.32608813,
6175882,55.32381133,
6175914,55.32153454,
6175946,55.32381133,
6175977,55.32153454,
6176008,55.32153454,
6176040,55.32153454,
6176071,55.31925774,
6176181,55.32153454,
6176312,55.32381133,
6176344,55.31925774,
6176376,55.31925774,
6176407,55.32381133,
6176439,55.32153454,
6176470,55.32153454,
6176501,55.31925774,
6176533,55.32153454,
6176564,55.32381133,
6176596,55.32153454,
6176627,55.32153454,
6176659,55.32153454,
6176690,55.32153454,
6176721,55.32381133,
6176753,55.32153454,
6176784,55.32153454,
6176815,55.32153454,
6176847,55.32153454,
6176879,55.31925774,
6177000,55.32153454,
6177131,55.32381133,
6177164,55.32381133,
6177195,55.32381133,
6177226,55.32153454,
6177258,55.32381133,
6177290,55.32381133,
6177321,55.31925774,
6177352,55.31925774,
6177384,55.32381133,
6177415,55.32381133,
6177446,55.32381133,
6177478,55.32381133,
6177509,55.32153454,
6177541,55.32381133,
6177572,55.31925774,
6177604,55.32153454,
6177635,55.32381133,
6177667,55.32153454,
6177698,55.32153454,
6177896,55.32608813,
6178027,55.32381133,
6178059,55.32608813,
6178090,55.32153454,
6178122,55.32381133,
6178153,55.32153454,
6178185,55.32153454,
6178216,55.31925774,
6178247,55.32153454,
6178279,55.31925774,
6178310,55.32153454,
6178342,55.32153454,
6178373,55.31925774,
6178405,55.32381133,
6178436,55.31925774,
6178467,55.31925774,
6178499,55.32381133,
6178530,55.31925774,
6178561,55.32153454,
6178593,55.32153454,
6178749,55.32381133,
6178881,55.32153454,
6178913,55.32153454,
6178945,55.32381133,
6178976,55.32153454,
6179008,55.32153454,
6179039,55.32381133,
6179070,55.32381133,
6179102,55.32381133,
6179133,55.32153454,
6179164,55.32153454,
6179196,55.32153454,
6179227,55.32381133,
6179259,55.31925774,
6179290,55.32153454,
6179322,55.32381133,
6179353,55.31925774,
6179384,55.32153454,
6179416,55.32153454,
6179447,55.32153454,
6179580,55.32153454,
6179711,55.32381133,
6179744,55.31925774,
6179775,55.32153454,
6179807,55.32153454,
6179838,55.32153454,
6179870,55.32381133,
6179901,55.32153454,
6179933,55.32381133,
6179964,55.31925774,
6179995,55.32153454,
6180027,55.32153454,
6180058,55.32381133,
6180090,55.32608813,
6180121,55.32153454,
6180153,55.32381133,
6180184,55.32153454,
6180215,55.32381133,
6180247,55.32153454,
6180278,55.32153454,
6180400,55.32381133,
6180531,55.32153454,
6180564,55.32381133,
6180595,55.32381133,
6180626,55.32381133,
6180658,55.32381133,
6180690,55.32381133,
6180721,55.32381133,
6180753,55.32153454,
6180784,55.32153454,
6180815,55.31925774,
6180847,55.32153454,
6180878,55.32153454,
6180909,55.32381133,
6180941,55.32153454,
6180972,55.32153454,
6181004,55.32153454,
6181035,55.32153454,
6181067,55.32381133,
6181098,55.32153454,
6181200,55.32381133,
6181331,55.32153454,
6181363,55.32153454,
6181395,55.32381133,
6181426,55.32608813,
6181458,55.32153454,
6181489,55.32381133,
6181520,55.32153454,
6181552,55.32381133,
6181583,55.32608813,
6181615,55.32153454,
6181646,55.32381133,
6181678,55.31925774,
6181709,55.31925774,
6181740,55.32608813,
6181772,55.32381133,
6181803,55.32381133,
6181834,55.32381133,
6181866,55.32153454,
6181897,55.32381133,
6182318,55.32608813,
6182449,55.31925774,
6182481,55.32153454,
6182512,55.32381133,
6182543,55.32153454,
6182575,55.32381133,
6182606,55.32381133,
6182638,55.32153454,
6182669,55.32153454,
6182701,55.32153454,
6182732,55.32153454,
6182763,55.32381133,
6182795,55.32381133,
6182826,55.32153454,
6182858,55.32153454,
6182889,55.32153454,
6182921,55.32381133,
6182952,55.31925774,
6182983,55.32381133,
6183015,55.32153454,
6183240,55.32153454,
6183370,55.32381133,
6183402,55.32153454,
6183434,55.32153454,
6183465,55.32381133,
6183496,55.32153454,
6183528,55.32153454,
6183559,55.32153454,
6183590,55.32153454,
6183622,55.32153454,
6183654,55.31925774,
6183685,55.32381133,
6183716,55.32153454,
6183748,55.32153454,
6183779,55.32153454,
6183811,55.32381133,
6183842,55.32381133,
6183873,55.32153454,
6183905,55.32381133,
6183936,55.32153454,
6184068,55.32381133,
6184199,55.32381133,
6184231,55.32381133,
6184263,55.32608813,
6184294,55.32381133,
6184326,55.32381133,
6184357,55.32381133,
6184388,55.32153454,
6184420,55.32381133,
6184451,55.32153454,
6184483,55.32381133,
6184514,55.32381133,
6184546,55.32153454,
6184577,55.32381133,
6184608,55.32381133,
6184640,55.32153454,
6184671,55.32153454,
6184702,55.32153454,
6184734,55.32153454,
6184765,55.32381133,
6184894,55.31925774,
6185025,55.32381133,
6185058,55.32153454,
6185089,55.32608813,
6185121,55.32153454,
6185152,55.32153454,
6185184,55.32381133,
6185215,55.32381133,
6185247,55.32153454,
6185278,55.32381133,
6185309,55.32153454,
6185341,55.32153454,
6185372,55.32153454,
6185404,55.31925774,
6185435,55.32381133,
6185467,55.32381133,
6185499,55.32381133,
6185530,55.32153454,
6185562,55.32381133,
6185594,55.32381133,
6185705,55.32608813,
6185837,55.32608813,
6185869,55.32381133,
6185901,55.32381133,
6185932,55.32153454,
6185964,55.32153454,
6185995,55.32381133,
6186027,55.32381133,
6186058,55.32153454,
6186090,55.32153454,
6186121,55.32381133,
6186152,55.32381133,
6186184,55.32153454,
6186215,55.32381133,
6186246,55.32381133,
6186278,55.32381133,
6186309,55.32153454,
6186341,55.32381133,
6186372,55.32153454,
6186404,55.31925774,
6186521,55.32608813,
6186652,55.32381133,
6186684,55.32153454,
6186716,55.32153454,
6186747,55.32153454,
6186778,55.32608813,
6186810,55.32381133,
6186841,55.32153454,
6186873,55.32836492,
6186904,55.32153454,
6186936,55.32381133,
6186967,55.32153454,
6186999,55.32381133,
6187030,55.32153454,
6187061,55.32381133,
6187093,55.32381133,
6187124,55.32608813,
6187156,55.32381133,
6187187,55.32381133,
6187218,55.32381133,
6187350,55.32381133,
6187482,55.32153454,
6187514,55.32153454,
6187546,55.32153454,
6187577,55.32381133,
6187609,55.32608813,
6187642,55.32608813,
6187673,55.32381133,
6187705,55.31925774,
6187736,55.32608813,
6187768,55.32381133,
6187800,55.32153454,
6187831,55.32381133,
6187863,55.32381133,
6187894,55.32381133,
6187926,55.31925774,
6187957,55.32381133,
6187988,55.32153454,
6188020,55.32381133,
6188051,55.32153454,
6188161,55.32381133,
6188292,55.32153454,
6188325,55.32381133,
6188356,55.32153454,
6188387,55.32153454,
6188419,55.32153454,
6188450,55.32381133,
6188482,55.32381133,
6188513,55.32381133,
6188545,55.32608813,
6188576,55.31925774,
6188607,55.32608813,
6188639,55.32381133,
6188670,55.32381133,
6188701,55.32381133,
6188733,55.32381133,
6188764,55.32381133,
6188796,55.32381133,
6188827,55.32381133,
6188859,55.32381133,
6188977,55.32153454,
6189108,55.32381133,
6189140,55.32381133,
6189171,55.32381133,
6189202,55.32836492,
6189234,55.32153454,
6189265,55.32381133,
6189297,55.32381133,
6189328,55.32381133,
6189360,55.32381133,
6189391,55.32381133,
6189422,55.32381133,
6189454,55.32381133,
6189485,55.32381133,
6189516,55.32608813,
6189548,55.32381133,
6189579,55.32608813,
6189611,55.32381133,
6189642,55.32153454,
6189674,55.32381133,
6189806,55.32381133,
6189938,55.32381133,
6189970,55.32381133,
6190001,55.32381133,
6190033,55.32381133,
6190064,55.32153454,
6190096,55.32608813,
6190127,55.32153454,
6190158,55.32381133,
6190190,55.32381133,
6190221,55.32153454,
6190252,55.32381133,
6190284,55.32381133,
6190316,55.32381133,
6190347,55.32153454,
6190378,55.31925774,
6190410,55.32381133,
6190441,55.32153454,
6190473,55.32381133,
6190504,55.32153454,
6190630,55.32381133,
6190762,55.32381133,
6190794,55.32153454,
6190826,55.32153454,
6190857,55.32153454,
6190889,55.32381133,
6190920,55.32381133,
6190951,55.32608813,
6190983,55.32153454,
6191014,55.32381133,
6191046,55.32381133,
6191077,55.32381133,
6191108,55.32381133,
6191140,55.32381133,
6191171,55.31925774,
6191203,55.32153454,
6191234,55.32153454,
6191265,55.32381133,
6191297,55.32608813,
6191328,55.32381133,
6191436,55.32153454,
6191567,55.32153454,
6191599,55.32153454,
6191630,55.32608813,
6191661,55.32153454,
6191693,55.32381133,
6191724,55.32608813,
6191756,55.32381133,
6191787,55.32381133,
6191819,55.32153454,
6191850,55.32381133,
6191881,55.32608813,
6191913,55.32381133,
6191945,55.32381133,
6191976,55.32381133,
6192008,55.32381133,
6192039,55.32608813,
6192070,55.32381133,
6192101,55.32153454,
6192133,55.32608813,
6192261,55.32381133,
6192392,55.32153454,
6192424,55.32153454,
6192456,55.32153454,
6192487,55.32608813,
6192519,55.32381133,
6192550,55.32153454,
6192581,55.32153454,
6192613,55.32381133,
6192644,55.32381133,
6192676,55.32381133,
6192707,55.32153454,
6192739,55.32381133,
6192770,55.32153454,
6192801,55.32381133,
6192833,55.32381133,
6192864,55.32153454,
6192896,55.32381133,
6192927,55.32381133,
6192959,55.32608813,
6193077,55.32381133,
6193209,55.32381133,
6193241,55.32381133,
6193272,55.32153454,
6193304,55.32153454,
6193335,55.32381133,
6193367,55.32608813,
6193398,55.32381133,
6193429,55.32836492,
6193461,55.32608813,
6193492,55.32381133,
6193523,55.32381133,
6193555,55.32381133,
6193586,55.32153454,
6193618,55.32608813,
6193649,55.32381133,
6193681,55.32153454,
6193712,55.32608813,
6193743,55.32153454,
6193775,55.32608813,
6193911,55.32381133,
6194042,55.32381133,
6194075,55.32608813,
6194106,55.32381133,
6194138,55.32381133,
6194169,55.32381133,
6194201,55.32153454,
6194232,55.32608813,
6194264,55.32381133,
6194295,55.32381133,
6194326,55.32381133,
6194358,55.32381133,
6194389,55.32153454,
6194420,55.32153454,
6194452,55.32381133,
6194483,55.32381133,
6194515,55.32381133,
6194546,55.32153454,
6194578,55.32381133,
6194609,55.32381133,
6194915,55.32381133,
6195046,55.32153454,
6195078,55.32153454,
6195109,55.32381133,
6195141,55.32381133,
6195172,55.32608813,
6195204,55.32381133,
6195235,55.32153454,
6195266,55.32153454,
6195298,55.32608813,
6195329,55.32153454,
6195361,55.32381133,
6195392,55.32608813,
6195424,55.32381133,
6195455,55.32608813,
6195486,55.32381133,
6195518,55.32608813,
6195549,55.32381133,
6195580,55.32381133,
6195612,55.32608813,
6195934,55.32381133,
6196065,55.32381133,
6196097,55.32153454,
6196129,55.32608813,
6196160,55.32381133,
6196192,55.32381133,
6196223,55.32153454,
6196255,55.32381133,
6196286,55.32153454,
6196318,55.32608813,
6196349,55.32381133,
6196380,55.32608813,
6196412,55.32381133,
6196443,55.32153454,
6196474,55.32608813,
6196506,55.32381133,
6196537,55.32608813,
6196569,55.32608813,
6196600,55.32381133,
6196632,55.32381133,
6196758,55.32836492,
6196890,55.32608813,
6196922,55.32381133,
6196953,55.32608813,
6196984,55.32608813,
6197015,55.32608813,
6197047,55.32381133,
6197078,55.32153454,
6197110,55.32381133,
6197141,55.32153454,
6197173,55.32153454,
6197204,55.32608813,
6197236,55.32381133,
6197267,55.32381133,
6197298,55.32153454,
6197330,55.32608813,
6197361,55.32153454,
6197393,55.32608813,
6197424,55.31925774,
6197456,55.32381133,
6197593,55.32381133,
6197724,55.32608813,
6197757,55.32608813,
6197788,55.32381133,
6197819,55.32381133,
6197851,55.32381133,
6197883,55.32381133,
6197914,55.32381133,
6197946,55.32381133,
6197977,55.32153454,
6198008,55.32608813,
6198039,55.32381133,
6198071,55.32153454,
6198102,55.32608813,
6198133,55.32381133,
6198165,55.32153454,
6198197,55.32381133,
6198228,55.32608813,
6198259,55.32608813,
6198291,55.32381133,
6198400,55.32381133,
6198531,55.32608813,
6198563,55.32381133,
6198595,55.32381133,
6198626,55.32153454,
6198657,55.32153454,
6198689,55.32381133,
6198720,55.32153454,
6198752,55.32153454,
6198783,55.32381133,
6198815,55.31925774,
6198846,55.32381133,
6198878,55.32608813,
6198909,55.32381133,
6198940,55.32381133,
6198972,55.32381133,
6199003,55.32381133,
6199034,55.32381133,
6199066,55.32381133,
6199097,55.32608813,
6199217,55.32381133,
6199348,55.32608813,
6199380,55.32153454,
6199412,55.32381133,
6199443,55.32381133,
6199474,55.32608813,
6199506,55.32153454,
6199537,55.32381133,
6199568,55.32381133,
6199600,55.32608813,
6199631,55.32153454,
6199663,55.32608813,
6199694,55.32381133,
6199726,55.32608813,
6199757,55.32381133,
6199789,55.31925774,
6199820,55.32608813,
6199851,55.32381133,
6199882,55.32153454,
6199914,55.31925774,
6200041,55.32608813,
6200173,55.32381133,
6200205,55.32381133,
6200237,55.32153454,
6200268,55.32381133,
6200299,55.32381133,
6200331,55.32381133,
6200362,55.32608813,
6200393,55.32381133,
6200425,55.32381133,
6200457,55.32381133,
6200488,55.32381133,
6200519,55.32381133,
6200551,55.32153454,
6200582,55.32608813,
6200614,55.32608813,
6200645,55.32381133,
6200676,55.32381133,
6200708,55.32381133,
6200739,55.32608813,
6200870,55.32381133,
6201002,55.32381133,
6201034,55.32153454,
6201065,55.32608813,
6201097,55.32381133,
6201129,55.32381133,
6201160,55.32608813,
6201191,55.32836492,
6201223,55.32608813,
6201255,55.32608813,
6201286,55.32608813,
6201317,55.32381133,
6201349,55.32608813,
6201380,55.32381133,
6201411,55.32381133,
6201443,55.32153454,
6201474,55.32381133,
6201506,55.32381133,
6201537,55.32381133,
6201569,55.32608813,
6201677,55.32153454,
6201807,55.32608813,
6201840,55.32381133,
6201871,55.32608813,
6201902,55.32381133,
6201934,55.32608813,
6201965,55.32381133,
6201997,55.32381133,
6202028,55.32153454,
6202060,55.32608813,
6202091,55.32381133,
6202122,55.32608813,
6202154,55.32608813,
6202185,55.32381133,
6202216,55.32836492,
6202248,55.32153454,
6202280,55.32608813,
6202311,55.32153454,
6202342,55.32608813,
6202374,55.32153454,
6202495,55.32608813,
6202627,55.32381133,
6202659,55.32153454,
6202690,55.32381133,
6202721,55.32153454,
6202753,55.32608813,
6202784,55.32381133,
6202816,55.32381133,
6202847,55.32381133,
6202879,55.32608813,
6202910,55.32153454,
6202941,55.32381133,
6202973,55.32608813,
6203004,55.32608813,
6203035,55.32153454,
6203067,55.32153454,
6203099,55.32153454,
6203130,55.32381133,
6203161,55.32381133,
6203193,55.32381133,
6203325,55.32608813,
6203457,55.32608813,
6203489,55.32608813,
6203520,55.32381133,
6203552,55.32608813,
6203583,55.32608813,
6203615,55.32381133,
6203646,55.32153454,
6203678,55.32153454,
6203709,55.32381133,
6203740,55.32153454,
6203772,55.32381133,
6203803,55.32381133,
6203834,55.32608813,
6203866,55.32608813,
6203898,55.32381133,
6203929,55.32608813,
6203960,55.32608813,
6203992,55.32608813,
6204023,55.32381133,
6204136,55.32153454,
6204267,55.32608813,
6204300,55.32153454,
6204331,55.32608813,
6204362,55.32381133,
6204394,55.32153454,
6204426,55.32608813,
6204457,55.32381133,
6204488,55.32381133,
6204520,55.32153454,
6204551,55.32153454,
6204582,55.32381133,
6204614,55.32381133,
6204645,55.32153454,
6204677,55.32153454,
6204708,55.32381133,
6204740,55.32381133,
6204771,55.32381133,
6204803,55.32381133,
6204834,55.32381133,
6204951,55.32608813,
6205082,55.32381133,
6205114,55.32381133,
6205146,55.32153454,
6205177,55.32153454,
6205208,55.32381133,
6205240,55.32153454,
6205271,55.32608813,
6205302,55.32381133,
6205334,55.32381133,
6205366,55.32608813,
6205397,55.32381133,
6205428,55.32381133,
6205460,55.32381133,
6205491,55.32381133,
6205523,55.32608813,
6205554,55.32381133,
6205585,55.32381133,
6205616,55.32608813,
6205648,55.32381133,
6207068,55.32381133,
6207199,55.32608813,
6207230,55.32381133,
6207262,55.32153454,
6207293,55.32608813,
6207325,55.32381133,
6207356,55.32608813,
6207388,55.32381133,
6207419,55.32153454,
6207450,55.32381133,
6207482,55.32608813,
6207513,55.32381133,
6207545,55.32608813,
6207576,55.32381133,
6207608,55.32381133,
6207639,55.32608813,
6207671,55.32381133,
6207702,55.32153454,
6207733,55.32608813,
6207765,55.32381133,
6208007,55.32608813,
6208139,55.32608813,
6208170,55.32381133,
6208202,55.32381133,
6208234,55.32153454,
6208265,55.32608813,
6208297,55.32608813,
6208328,55.32381133,
6208359,55.32381133,
6208391,55.32608813,
6208422,55.32381133,
6208454,55.32608813,
6208485,55.32381133,
6208517,55.32608813,
6208548,55.32381133,
6208579,55.32153454,
6208611,55.32608813,
6208643,55.32608813,
6208674,55.32608813,
6208705,55.32381133,
6208853,55.32381133,
6208984,55.32381133,
6209016,55.32608813,
6209048,55.32153454,
6209080,55.32608813,
6209114,55.32381133,
6209145,55.32153454,
6209177,55.32608813,
6209209,55.32381133,
6209240,55.32153454,
6209271,55.32381133,
6209303,55.32381133,
6209335,55.32608813,
6209366,55.32153454,
6209398,55.32608813,
6209429,55.32381133,
6209461,55.32608813,
6209492,55.32381133,
6209524,55.32381133,
6209555,55.32153454,
6209669,55.32608813,
6209800,55.32608813,
6209833,55.32381133,
6209867,55.32608813,
6209898,55.32608813,
6209931,55.32608813,
6209963,55.32381133,
6209995,55.32153454,
6210027,55.32608813,
6210058,55.32608813,
6210089,55.32608813,
6210121,55.32608813,
6210153,55.32381133,
6210185,55.32381133,
6210216,55.32836492,
6210248,55.32381133,
6210280,55.32153454,
6210311,55.32381133,
6210343,55.32608813,
6210374,55.32381133,
6210481,55.32608813,
6210612,55.32608813,
6210644,55.32153454,
6210676,55.32381133,
6210707,55.32381133,
6210739,55.32608813,
6210770,55.32381133,
6210802,55.32381133,
6210833,55.32381133,
6210864,55.32608813,
6210895,55.32153454,
6210927,55.32836492,
6210958,55.32608813,
6210990,55.32608813,
6211021,55.32608813,
6211053,55.32381133,
6211084,55.32608813,
6211115,55.32608813,
6211146,55.32381133,
6211178,55.32608813,
6211302,55.32381133,
6211433,55.32608813,
6211465,55.32153454,
6211497,55.32153454,
6211528,55.32153454,
6211559,55.32608813,
6211591,55.32381133,
6211622,55.32381133,
6211654,55.32381133,
6211685,55.32836492,
6211717,55.32381133,
6211748,55.32381133,
6211780,55.32608813,
6211811,55.32381133,
6211842,55.32608813,
6211874,55.32381133,
6211905,55.32153454,
6211936,55.32608813,
6211968,55.32608813,
6211999,55.32381133,
6212120,55.32608813,
6212251,55.32608813,
6212284,55.32381133,
6212316,55.32381133,
6212347,55.32608813,
6212379,55.32608813,
6212411,55.32608813,
6212442,55.32381133,
6212474,55.32381133,
6212505,55.32608813,
6212536,55.32153454,
6212568,55.32608813,
6212599,55.32608813,
6212630,55.32381133,
6212661,55.32153454,
6212693,55.32381133,
6212724,55.32381133,
6212756,55.32381133,
6212787,55.32381133,
6212819,55.32381133,
6214330,55.32608813,
6214460,55.32608813,
6214492,55.32381133,
6214523,55.32153454,
6214555,55.32381133,
6214587,55.32381133,
6214618,55.32381133,
6214650,55.32608813,
6214681,55.32608813,
6214712,55.32381133,
6214744,55.32381133,
6214775,55.32608813,
6214807,55.32381133,
6214838,55.32608813,
6214870,55.32608813,
6214901,55.32153454,
6214932,55.32381133,
6214964,55.32381133,
6214995,55.32381133,
6215027,55.32381133,
6215209,55.32608813,
6215341,55.32608813,
6215374,55.32153454,
6215406,55.32153454,
6215437,55.32153454,
6215472,55.32608813,
6215503,55.32381133,
6215535,55.32608813,
6215567,55.32381133,
6215598,55.32381133,
6215630,55.32608813,
6215662,55.32608813,
6215693,55.32381133,
6215724,55.32608813,
6215756,55.32381133,
6215787,55.32381133,
6215819,55.32381133,
6215850,55.32381133,
6215882,55.32608813,
6215913,55.32381133,
6216022,55.32153454,
6216153,55.32153454,
6216185,55.32381133,
6216217,55.32381133,
6216248,55.32608813,
6216280,55.32608813,
6216312,55.32608813,
6216344,55.32836492,
6216377,55.32608813,
6216408,55.32608813,
6216440,55.32608813,
6216471,55.32608813,
6216503,55.32153454,
6216534,55.32381133,
6216566,55.32381133,
6216597,55.32608813,
6216629,55.32608813,
6216660,55.32381133,
6216692,55.32608813,
6216723,55.32608813,
6216830,55.32608813,
6216960,55.32608813,
6216992,55.32381133,
6217024,55.32381133,
6217055,55.32153454,
6217086,55.32381133,
6217118,55.32836492,
6217149,55.32381133,
6217181,55.32381133,
6217212,55.32153454,
6217244,55.32608813,
6217275,55.32153454,
6217307,55.32608813,
6217338,55.32381133,
6217369,55.32381133,
6217401,55.32608813,
6217432,55.32608813,
6217463,55.32381133,
6217495,55.32381133,
6217526,55.32608813,
6217756,55.32381133,
6217886,55.32608813,
6217918,55.32381133,
6217950,55.32608813,
6217981,55.32608813,
6218012,55.32381133,
6218044,55.32836492,
6218075,55.32608813,
6218106,55.32608813,
6218137,55.32608813,
6218169,55.32608813,
6218200,55.32153454,
6218232,55.32608813,
6218263,55.32381133,
6218294,55.32381133,
6218326,55.32608813,
6218357,55.32608813,
6218388,55.32381133,
6218420,55.32608813,
6218451,55.32608813,
6218572,55.32608813,
6218703,55.32381133,
6218735,55.32381133,
6218767,55.32608813,
6218798,55.32608813,
6218829,55.32608813,
6218861,55.32608813,
6218892,55.32153454,
6218924,55.32381133,
6218955,55.32836492,
6218987,55.32608813,
6219018,55.32381133,
6219050,55.32836492,
6219081,55.32608813,
6219112,55.32381133,
6219144,55.32381133,
6219175,55.32608813,
6219206,55.32381133,
6219238,55.32381133,
6219269,55.32153454,
6219389,55.32836492,
6219520,55.32608813,
6219552,55.32608813,
6219584,55.32381133,
6219615,55.32381133,
6219646,55.32381133,
6219678,55.32381133,
6219709,55.32608813,
6219741,55.32836492,
6219772,55.32608813,
6219804,55.32381133,
6219835,55.32836492,
6219867,55.32608813,
6219898,55.32608813,
6219929,55.32836492,
6219961,55.32608813,
6219992,55.32608813,
6220023,55.32608813,
6220055,55.32381133,
6220086,55.32608813,
6220206,55.32608813,
6220336,55.32381133,
6220369,55.32381133,
6220400,55.32608813,
6220431,55.32153454,
6220463,55.32381133,
6220494,55.32608813,
6220526,55.32381133,
6220557,55.32381133,
6220589,55.32381133,
6220620,55.32381133,
6220651,55.32608813,
6220683,55.32836492,
6220714,55.32381133,
6220746,55.32608813,
6220777,55.32153454,
6220808,55.32836492,
6220840,55.32381133,
6220871,55.32836492,
6220903,55.32381133,
6221024,55.32381133,
6221155,55.32608813,
6221186,55.32608813,
6221218,55.32608813,
6221249,55.32608813,
6221280,55.32608813,
6221312,55.32608813,
6221344,55.32836492,
6221375,55.32608813,
6221406,55.32381133,
6221438,55.32381133,
6221469,55.32836492,
6221501,55.32608813,
6221532,55.32836492,
6221564,55.32608813,
6221595,55.32381133,
6221626,55.32608813,
6221658,55.32608813,
6221689,55.32836492,
6221721,55.32608813,
6221856,55.32381133,
6221986,55.32836492,
6222019,55.32608813,
6222050,55.32608813,
6222081,55.32381133,
6222112,55.32608813,
6222144,55.32608813,
6222176,55.32608813,
6222207,55.32153454,
6222239,55.32836492,
6222270,55.32608813,
6222301,55.32608813,
6222333,55.32608813,
6222364,55.32836492,
6222395,55.32608813,
6222427,55.32608813,
6222458,55.32381133,
6222490,55.32381133,
6222521,55.32608813,
6222553,55.32381133,
6222775,55.32608813,
6222906,55.32381133,
6222938,55.32153454,
6222970,55.32381133,
6223001,55.32381133,
6223033,55.32153454,
6223064,55.32381133,
6223095,55.32608813,
6223126,55.32608813,
6223158,55.32608813,
6223189,55.32381133,
6223221,55.32381133,
6223252,55.32608813,
6223284,55.32608813,
6223315,55.32608813,
6223347,55.32381133,
6223378,55.32608813,
6223409,55.32608813,
6223441,55.32381133,
6223472,55.32608813,
6223588,55.32381133,
6223720,55.32608813,
6223752,55.32153454,
6223783,55.32608813,
6223814,55.32381133,
6223845,55.32608813,
6223877,55.32608813,
6223909,55.32381133,
6223940,55.32608813,
6223972,55.32608813,
6224003,55.32381133,
6224034,55.32608813,
6224066,55.32608813,
6224097,55.32608813,
6224128,55.32608813,
6224160,55.32381133,
6224191,55.32381133,
6224223,55.32608813,
6224254,55.32381133,
6224285,55.32608813,
6224424,55.32608813,
6224556,55.32608813,
6224588,55.32381133,
6224620,55.32608813,
6224651,55.32381133,
6224683,55.32608813,
6224714,55.32381133,
6224746,55.32836492,
6224777,55.32381133,
6224809,55.32836492,
6224840,55.32608813,
6224871,55.32381133,
6224903,55.32608813,
6224934,55.32608813,
6224965,55.32381133,
6224997,55.32608813,
6225028,55.32608813,
6225060,55.32608813,
6225091,55.32608813,
6225123,55.32381133,
6225230,55.32608813,
6225361,55.32381133,
6225393,55.32381133,
6225424,55.32381133,
6225456,55.32836492,
6225487,55.32608813,
6225519,55.32836492,
6225550,55.32153454,
6225582,55.32608813,
6225613,55.32608813,
6225645,55.32381133,
6225676,55.32836492,
6225707,55.32608813,
6225739,55.32608813,
6225770,55.32608813,
6225802,55.32608813,
6225833,55.32608813,
6225864,55.32608813,
6225896,55.32608813,
6225927,55.32381133,
6226049,55.32153454,
6226180,55.32381133,
6226212,55.32608813,
6226244,55.32381133,
6226275,55.32608813,
6226306,55.32608813,
6226338,55.32836492,
6226369,55.32836492,
6226400,55.32836492,
6226432,55.32608813,
6226463,55.32608813,
6226495,55.32608813,
6226526,55.32381133,
6226558,55.32381133,
6226589,55.32608813,
6226621,55.32608813,
6226652,55.32608813,
6226684,55.32836492,
6226715,55.32608813,
6226747,55.32381133,
6226869,55.32381133,
6227000,55.32608813,
6227032,55.32381133,
6227064,55.32381133,
6227095,55.32608813,
6227126,55.32608813,
6227158,55.32381133,
6227189,55.32608813,
6227220,55.32608813,
6227252,55.32608813,
6227284,55.32608813,
6227315,55.32608813,
6227347,55.32608813,
6227378,55.32381133,
6227409,55.32608813,
6227441,55.32608813,
6227472,55.32608813,
6227504,55.32381133,
6227535,55.32608813,
6227567,55.32608813,
6227686,55.32608813,
6227817,55.32381133,
6227849,55.32381133,
6227881,55.32608813,
6227912,55.32381133,
6227943,55.32608813,
6227975,55.32381133,
6228006,55.32608813,
6228037,55.32381133,
6228069,55.32608813,
6228100,55.32608813,
6228132,55.32608813,
6228163,55.32608813,
6228195,55.32381133,
6228226,55.32836492,
6228258,55.32836492,
6228289,55.32608813,
6228320,55.32608813,
6228351,55.32381133,
6228383,55.32836492,
6228502,55.32836492,
6228634,55.32381133,
6228666,55.32381133,
6228697,55.32153454,
6228729,55.32381133,
6228760,55.32381133,
6228792,55.32381133,
6228823,55.32608813,
6228854,55.32608813,
6228886,55.32381133,
6228917,55.32608813,
6228949,55.32836492,
6228980,55.32608813,
6229012,55.32608813,
6229043,55.32381133,
6229075,55.32608813,
6229106,55.32836492,
6229137,55.32381133,
6229169,55.32608813,
6229200,55.32608813,
6229320,55.32381133,
6229450,55.32608813,
6229482,55.32608813,
6229514,55.32608813,
6229545,55.32836492,
6229576,55.32608813,
6229608,55.32836492,
6229640,55.32381133,
6229671,55.32608813,
6229703,55.32381133,
6229734,55.32381133,
6229765,55.32381133,
6229797,55.32836492,
6229828,55.32836492,
6229860,55.32608813,
6229891,55.32836492,
6229922,55.32381133,
6229954,55.32381133,
6229985,55.32608813,
6230017,55.32608813,
6230143,55.32608813,
6230274,55.32608813,
6230306,55.32381133,
6230337,55.32381133,
6230369,55.32608813,
6230400,55.32608813,
6230432,55.32608813,
6230463,55.32381133,
6230494,55.32381133,
6230526,55.32381133,
6230557,55.32381133,
6230588,55.32836492,
6230620,55.32381133,
6230651,55.32608813,
6230683,55.32608813,
6230714,55.32608813,
6230746,55.32608813,
6230777,55.32608813,
6230808,55.32608813,
6230840,55.32608813,
6230981,55.32381133,
6231112,55.32836492,
6231145,55.32381133,
6231176,55.32608813,
6231207,55.32608813,
6231239,55.32608813,
6231271,55.32608813,
6231302,55.32381133,
6231334,55.32381133,
6231365,55.32608813,
6231396,55.32608813,
6231428,55.32381133,
6231459,55.32608813,
6231490,55.32608813,
6231522,55.32608813,
6231553,55.32608813,
6231585,55.32608813,
6231616,55.32608813,
6231647,55.32608813,
6231678,55.32153454,
6231776,55.32608813,
6231908,55.32381133,
6231940,55.32381133,
6231972,55.32381133,
6232003,55.32608813,
6232034,55.32608813,
6232066,55.32608813,
6232097,55.32608813,
6232128,55.32608813,
6232160,55.32381133,
6232192,55.32381133,
6232223,55.32381133,
6232254,55.32608813,
6232286,55.32608813,
6232317,55.32381133,
6232348,55.32381133,
6232380,55.32608813,
6232411,55.32608813,
6232443,55.32608813,
6232474,55.32836492,
6232608,55.32836492,
6232740,55.32608813,
6232772,55.32608813,
6232804,55.32608813,
6232835,55.32608813,
6232867,55.32836492,
6232898,55.32608813,
6232929,55.32608813,
6232961,55.32381133,
6232992,55.32608813,
6233024,55.32836492,
6233055,55.32381133,
6233086,55.32381133,
6233118,55.32381133,
6233149,55.32608813,
6233181,55.32381133,
6233212,55.32608813,
6233243,55.32608813,
6233275,55.32836492,
6233306,55.32608813,
6233436,55.33291851,
6233567,55.32608813,
6233600,55.32381133,
6233631,55.32608813,
6233663,55.32381133,
6233694,55.32836492,
6233726,55.32608813,
6233757,55.32608813,
6233789,55.32381133,
6233820,55.32836492,
6233851,55.32608813,
6233883,55.32608813,
6233914,55.32836492,
6233946,55.32381133,
6233977,55.32608813,
6234009,55.32608813,
6234040,55.32381133,
6234071,55.32608813,
6234103,55.32608813,
6234134,55.32381133,
6234243,55.32381133,
6234374,55.32381133,
6234406,55.32608813,
6234438,55.32381133,
6234469,55.32836492,
6234501,55.32608813,
6234532,55.32836492,
6234563,55.32608813,
6234594,55.32836492,
6234626,55.32608813,
6234658,55.32836492,
6234689,55.32608813,
6234720,55.32608813,
6234752,55.32608813,
6234783,55.32381133,
6234815,55.32608813,
6234846,55.32836492,
6234877,55.32381133,
6234909,55.32608813,
6234940,55.32381133,
6235082,55.32608813,
6235214,55.32608813,
6235246,55.32836492,
6235277,55.32381133,
6235308,55.32381133,
6235340,55.32608813,
6235372,55.32608813,
6235403,55.32608813,
6235434,55.32608813,
6235466,55.32608813,
6235497,55.32608813,
6235529,55.32608813,
6235560,55.32836492,
6235591,55.32836492,
6235623,55.32836492,
6235654,55.32836492,
6235686,55.32381133,
6235717,55.32381133,
6235749,55.32608813,
6235780,55.32608813,
6235882,55.32608813,
6236013,55.32836492,
6236045,55.32608813,
6236077,55.32608813,
6236108,55.32381133,
6236140,55.32608813,
6236171,55.32836492,
6236202,55.33064171,
6236233,55.32608813,
6236265,55.32608813,
6236297,55.32608813,
6236328,55.32381133,
6236360,55.32381133,
6236391,55.32608813,
6236422,55.32836492,
6236454,55.32836492,
6236485,55.32836492,
6236516,55.32836492,
6236548,55.32381133,
6236579,55.33064171,
6236705,55.32608813,
6236836,55.32153454,
6236868,55.32836492,
6236900,55.32836492,
6236931,55.32608813,
6236963,55.32381133,
6236995,55.32836492,
6237026,55.32608813,
6237057,55.32381133,
6237089,55.32608813,
6237120,55.32608813,
6237151,55.32608813,
6237183,55.32836492,
6237214,55.32608813,
6237246,55.32608813,
6237277,55.32608813,
6237309,55.32608813,
6237340,55.32836492,
6237372,55.32608813,
6237403,55.32381133,
6237520,55.32608813,
6237652,55.32608813,
6237683,55.32381133,
6237715,55.32608813,
6237746,55.33064171,
6237778,55.32608813,
6237809,55.32381133,
6237841,55.32608813,
6237872,55.32608813,
6237904,55.32153454,
6237935,55.32608813,
6237966,55.32608813,
6237998,55.32608813,
6238029,55.32381133,
6238060,55.32608813,
6238092,55.32608813,
6238123,55.32836492,
6238155,55.32381133,
6238186,55.32381133,
6238217,55.32608813,
6238443,55.32381133,
6238574,55.33064171,
6238607,55.32608813,
6238638,55.32836492,
6238669,55.32381133,
6238701,55.32836492,
6238732,55.32608813,
6238764,55.32836492,
6238795,55.32381133,
6238827,55.32836492,
6238858,55.32608813,
6238889,55.32836492,
6238921,55.32608813,
6238952,55.32836492,
6238984,55.33064171,
6239015,55.32836492,
6239047,55.32836492,
6239078,55.33064171,
6239110,55.32608813,
6239141,55.32381133,
6239275,55.32608813,
6239407,55.32608813,
6239439,55.32836492,
6239471,55.32381133,
6239502,55.32836492,
6239534,55.32608813,
6239565,55.32608813,
6239596,55.32381133,
6239628,55.32608813,
6239659,55.32608813,
6239691,55.32381133,
6239722,55.32608813,
6239754,55.32381133,
6239785,55.32608813,
6239816,55.32836492,
6239848,55.32608813,
6239879,55.32836492,
6239911,55.32608813,
6239942,55.32381133,
6239974,55.32836492,
6240070,55.32608813,
6240201,55.32381133,
6240233,55.32381133,
6240265,55.32381133,
6240297,55.32381133,
6240328,55.32608813,
6240360,55.32608813,
6240391,55.32381133,
6240422,55.32608813,
6240454,55.32608813,
6240485,55.32381133,
6240516,55.32381133,
6240548,55.32608813,
6240579,55.32608813,
6240611,55.32608813,
6240642,55.32608813,
6240674,55.32608813,
6240705,55.32608813,
6240736,55.32608813,
6240768,55.32608813,
6240902,55.32836492,
6241033,55.32836492,
6241066,55.32836492,
6241097,55.32608813,
6241128,55.32836492,
6241160,55.32608813,
6241191,55.32836492,
6241223,55.32608813,
6241254,55.32836492,
6241286,55.32381133,
6241317,55.32381133,
6241348,55.32608813,
6241380,55.32608813,
6241411,55.32608813,
6241442,55.32608813,
6241474,55.32836492,
6241505,55.32836492,
6241537,55.32381133,
6241568,55.32608813,
6241600,55.32381133,
6241723,55.32608813,
6241854,55.32836492,
6241887,55.32381133,
6241918,55.32608813,
6241949,55.32836492,
6241981,55.32836492,
6242012,55.32381133,
6242044,55.32381133,
6242075,55.32836492,
6242107,55.32608813,
6242138,55.32381133,
6242169,55.32381133,
6242201,55.32381133,
6242232,55.32608813,
6242264,55.32836492,
6242295,55.32836492,
6242327,55.32836492,
6242358,55.32836492,
6242389,55.32608813,
6242421,55.32836492,
6242530,55.32608813,
6242662,55.32608813,
6242694,55.32608813,
6242726,55.32608813,
6242757,55.32608813,
6242788,55.32608813,
6242820,55.33291851,
6242851,55.32836492,
6242883,55.32836492,
6242914,55.32608813,
6242946,55.32608813,
6242977,55.32836492,
6243009,55.32836492,
6243040,55.32608813,
6243071,55.32608813,
6243103,55.32608813,
6243134,55.32836492,
6243165,55.32608813,
6243197,55.32381133,
6243228,55.32608813,
6243365,55.32608813,
6243497,55.32608813,
6243529,55.32381133,
6243561,55.32608813,
6243592,55.32608813,
6243624,55.32608813,
6243655,55.32608813,
6243686,55.32608813,
6243718,55.32836492,
6243749,55.32836492,
6243780,55.32608813,
6243812,55.32608813,
6243843,55.32608813,
6243875,55.32836492,
6243906,55.32608813,
6243938,55.32608813,
6243969,55.32836492,
6244000,55.32836492,
6244032,55.32608813,
6244063,55.32608813,
6244166,55.32381133,
6244297,55.32836492,
6244329,55.32381133,
6244361,55.32381133,
6244392,55.32608813,
6244423,55.32836492,
6244455,55.32836492,
6244486,55.32608813,
6244517,55.32608813,
6244549,55.32836492,
6244581,55.32608813,
6244612,55.32836492,
6244643,55.32836492,
6244675,55.32836492,
6244706,55.32608813,
6244737,55.32608813,
6244769,55.32608813,
6244800,55.32836492,
6244831,55.32836492,
6244863,55.32836492,
6244990,55.32381133,
6245121,55.32608813,
6245153,55.32608813,
6245185,55.32608813,
6245216,55.32608813,
6245248,55.32836492,
6245280,55.32836492,
6245311,55.32608813,
6245342,55.32608813,
6245374,55.32608813,
6245406,55.32608813,
6245437,55.32608813,
6245469,55.32608813,
6245500,55.32836492,
6245531,55.32836492,
6245563,55.32608813,
6245594,55.32381133,
6245625,55.33064171,
6245657,55.32836492,
6245688,55.32608813,
6245808,55.32608813,
6245940,55.32836492,
6245972,55.32608813,
6246004,55.32608813,
6246035,55.32381133,
6246066,55.32608813,
6246098,55.32608813,
6246129,55.32608813,
6246161,55.32608813,
6246192,55.32836492,
6246224,55.32608813,
6246255,55.32381133,
6246287,55.32836492,
6246318,55.32381133,
6246349,55.32836492,
6246381,55.32381133,
6246412,55.32608813,
6246444,55.32608813,
6246475,55.32836492,
6246506,55.32608813,
6246625,55.32836492,
6246757,55.32836492,
6246788,55.32381133,
6246820,55.32608813,
6246852,55.32836492,
6246883,55.32608813,
6246915,55.32836492,
6246946,55.32608813,
6246977,55.32836492,
6247009,55.32608813,
6247040,55.32608813,
6247072,55.32836492,
6247103,55.32836492,
6247135,55.32608813,
6247166,55.32608813,
6247197,55.32836492,
6247229,55.32608813,
6247260,55.32381133,
6247291,55.32608813,
6247323,55.32381133,
6247463,55.32608813,
6247595,55.32836492,
6247627,55.32836492,
6247659,55.32608813,
6247690,55.33064171,
6247722,55.32608813,
6247753,55.32608813,
6247784,55.32836492,
6247816,55.32836492,
6247847,55.32608813,
6247879,55.32608813,
6247910,55.32608813,
6247942,55.32608813,
6247973,55.32608813,
6248004,55.32836492,
6248036,55.32608813,
6248067,55.32608813,
6248098,55.32608813,
6248130,55.32608813,
6248161,55.32608813,
6248260,55.32836492,
6248392,55.32608813,
6248423,55.32836492,
6248455,55.32608813,
6248486,55.32836492,
6248517,55.32608813,
6248549,55.32608813,
6248581,55.32608813,
6248612,55.32381133,
6248643,55.32836492,
6248675,55.32608813,
6248706,55.32836492,
6248738,55.32836492,
6248769,55.32836492,
6248800,55.32608813,
6248831,55.33064171,
6248863,55.32836492,
6248895,55.32381133,
6248926,55.32608813,
6248958,55.32608813,
6249078,55.32608813,
6249210,55.32608813,
6249242,55.32608813,
6249274,55.32608813,
6249305,55.32836492,
6249336,55.33064171,
6249368,55.32608813,
6249399,55.32381133,
6249431,55.32836492,
6249462,55.32608813,
6249494,55.32381133,
6249525,55.32836492,
6249556,55.32836492,
6249588,55.32836492,
6249619,55.32836492,
6249650,55.32608813,
6249682,55.32836492,
6249713,55.32836492,
6249745,55.32836492,
6249776,55.32836492,
6249993,55.32836492,
6250124,55.32608813,
6250156,55.32608813,
6250188,55.32836492,
6250219,55.32608813,
6250251,55.32836492,
6250282,55.32836492,
6250314,55.32608813,
6250345,55.32836492,
6250376,55.33064171,
6250408,55.32836492,
6250439,55.32608813,
6250470,55.32836492,
6250502,55.32836492,
6250533,55.32836492,
6250565,55.32381133,
6250596,55.32608813,
6250628,55.32608813,
6250659,55.32836492,
6250691,55.32608813,
6250818,55.32836492,
6250949,55.32608813,
6250980,55.32608813,
6251012,55.32608813,
6251044,55.33064171,
6251075,55.32836492,
6251107,55.32836492,
6251138,55.32836492,
6251169,55.32836492,
6251201,55.32608813,
6251232,55.32836492,
6251263,55.32836492,
6251295,55.32608813,
6251326,55.32608813,
6251358,55.32608813,
6251389,55.32608813,
6251421,55.33064171,
6251452,55.32836492,
6251483,55.32608813,
6251515,55.32836492,
6251665,55.32836492,
6251797,55.32836492,
6251829,55.32836492,
6251860,55.32836492,
6251892,55.32608813,
6251923,55.32836492,
6251955,55.32608813,
6251986,55.32836492,
6252018,55.32608813,
6252049,55.32836492,
6252080,55.32836492,
6252111,55.32608813,
6252143,55.32836492,
6252174,55.32608813,
6252206,55.32608813,
6252237,55.32836492,
6252269,55.32608813,
6252300,55.32836492,
6252332,55.32836492,
6252363,55.32608813,
6252560,55.32608813,
6252692,55.32836492,
6252723,55.32608813,
6252755,55.32836492,
6252786,55.32608813,
6252817,55.32836492,
6252849,55.32608813,
6252881,55.32381133,
6252912,55.32836492,
6252943,55.32608813,
6252975,55.32836492,
6253006,55.32608813,
6253038,55.32608813,
6253069,55.33064171,
6253100,55.32608813,
6253131,55.32608813,
6253163,55.32836492,
6253195,55.32608813,
6253226,55.32608813,
6253257,55.32608813,
6253387,55.32608813,
6253518,55.32836492,
6253550,55.32836492,
6253581,55.32608813,
6253613,55.32836492,
6253644,55.32608813,
6253676,55.32836492,
6253707,55.32836492,
6253738,55.33064171,
6253770,55.32836492,
6253801,55.32608813,
6253832,55.32836492,
6253864,55.32381133,
6253895,55.32836492,
6253927,55.33064171,
6253958,55.32608813,
6253990,55.32836492,
6254021,55.32608813,
6254052,55.32836492,
6254084,55.33064171,
6254205,55.32836492,
6254335,55.32608813,
6254367,55.32608813,
6254399,55.32836492,
6254430,55.32608813,
6254461,55.33064171,
6254493,55.32608813,
6254524,55.32381133,
6254555,55.32608813,
6254587,55.32608813,
6254618,55.33064171,
6254650,55.33064171,
6254681,55.33064171,
6254713,55.32836492,
6254744,55.32608813,
6254775,55.32608813,
6254807,55.32608813,
6254838,55.32836492,
6254870,55.32836492,
6254901,55.32608813,
6255023,55.32836492,
6255155,55.32608813,
6255187,55.32608813,
6255219,55.32608813,
6255250,55.32608813,
6255282,55.32608813,
6255313,55.32836492,
6255345,55.32608813,
6255376,55.32836492,
6255408,55.32381133,
6255439,55.32608813,
6255470,55.32836492,
6255502,55.32608813,
6255533,55.32836492,
6255565,55.32381133,
6255596,55.32836492,
6255628,55.32836492,
6255659,55.33064171,
6255690,55.32836492,
6255722,55.33064171,
6255839,55.32608813,
6255970,55.32836492,
6256002,55.32608813,
6256034,55.32608813,
6256065,55.32836492,
6256096,55.32608813,
6256128,55.32608813,
6256159,55.32608813,
6256191,55.32381133,
6256222,55.32836492,
6256254,55.32608813,
6256285,55.32836492,
6256317,55.32608813,
6256348,55.32608813,
6256379,55.33064171,
6256410,55.32608813,
6256442,55.32381133,
6256473,55.32381133,
6256505,55.32836492,
6256536,55.32836492,
6256662,55.32608813,
6256793,55.32381133,
6256825,55.32381133,
6256857,55.32608813,
6256888,55.32608813,
6256919,55.33064171,
6256951,55.32608813,
6256983,55.32608813,
6257014,55.32836492,
6257045,55.32381133,
6257077,55.32836492,
6257108,55.32608813,
6257140,55.32836492,
6257171,55.32608813,
6257202,55.32381133,
6257234,55.32608813,
6257265,55.32608813,
6257297,55.32836492,
6257328,55.32608813,
6257360,55.32836492,
6257497,55.32836492,
6257628,55.32608813,
6257661,55.32836492,
6257692,55.32836492,
6257724,55.32608813,
6257755,55.32608813,
6257787,55.32608813,
6257818,55.32836492,
6257850,55.32608813,
6257881,55.32836492,
6257912,55.32608813,
6257943,55.32608813,
6257975,55.33064171,
6258006,55.32608813,
6258038,55.32836492,
6258069,55.32836492,
6258101,55.32608813,
6258132,55.32836492,
6258164,55.32836492,
6258195,55.32836492,
6258296,55.32381133,
6258428,55.32836492,
6258459,55.32836492,
6258491,55.32836492,
6258522,55.32608813,
6258553,55.32608813,
6258585,55.32836492,
6258617,55.32836492,
6258648,55.32608813,
6258679,55.32381133,
6258711,55.32608813,
6258742,55.32608813,
6258774,55.32836492,
6258805,55.32608813,
6258836,55.32608813,
6258868,55.32381133,
6258899,55.32836492,
6258931,55.32608813,
6258962,55.32608813,
6258994,55.32608813,
6259132,55.32836492,
6259263,55.32608813,
6259296,55.32608813,
6259327,55.32836492,
6259358,55.32608813,
6259390,55.32836492,
6259421,55.32836492,
6259453,55.32608813,
6259484,55.32836492,
6259516,55.32836492,
6259547,55.32608813,
6259578,55.32836492,
6259610,55.32836492,
6259641,55.33064171,
6259673,55.32836492,
6259704,55.32836492,
6259735,55.32836492,
6259767,55.32608813,
6259798,55.32608813,
6259830,55.32608813,
6259933,55.33064171,
6260064,55.32836492,
6260096,55.32836492,
6260128,55.32608813,
6260159,55.32836492,
6260190,55.32608813,
6260222,55.32836492,
6260253,55.32836492,
6260285,55.32608813,
6260316,55.32836492,
6260348,55.32608813,
6260379,55.33064171,
6260410,55.33064171,
6260442,55.32836492,
6260473,55.32836492,
6260504,55.32836492,
6260536,55.32836492,
6260567,55.32608813,
6260598,55.32836492,
6260630,55.32836492,
6260776,55.32608813,
6260907,55.32608813,
6260940,55.32608813,
6260971,55.32836492,
6261002,55.32608813,
6261034,55.32836492,
6261066,55.32381133,
6261097,55.32608813,
6261128,55.32836492,
6261160,55.32608813,
6261191,55.32381133,
6261222,55.32836492,
6261254,55.32836492,
6261285,55.32836492,
6261317,55.32836492,
6261348,55.32836492,
6261380,55.32836492,
6261411,55.32836492,
6261443,55.32836492,
6261474,55.33064171,
6261573,55.32608813,
6261704,55.33064171,
6261736,55.32608813,
6261768,55.32836492,
6261799,55.32608813,
6261830,55.32836492,
6261862,55.32836492,
6261894,55.32836492,
6261925,55.32608813,
6261957,55.32836492,
6261988,55.32608813,
6262019,55.32836492,
6262051,55.32608813,
6262082,55.33064171,
6262114,55.32608813,
6262145,55.32381133,
6262177,55.32608813,
6262208,55.32836492,
6262239,55.32608813,
6262271,55.32836492,
6262400,55.32381133,
6262531,55.32608813,
6262563,55.32608813,
6262595,55.32608813,
6262626,55.32608813,
6262657,55.32836492,
6262689,55.32836492,
6262720,55.32608813,
6262752,55.32836492,
6262783,55.33064171,
6262815,55.32608813,
6262846,55.32608813,
6262879,55.32608813,
6262910,55.32836492,
6262941,55.33064171,
6262973,55.32836492,
6263005,55.32608813,
6263036,55.32836492,
6263067,55.32381133,
6263099,55.32608813,
6263338,55.32836492,
6263470,55.32836492,
6263502,55.33064171,
6263533,55.32608813,
6263564,55.32608813,
6263596,55.32836492,
6263627,55.32836492,
6263659,55.32608813,
6263690,55.33064171,
6263722,55.32836492,
6263753,55.32836492,
6263784,55.32836492,
6263816,55.32836492,
6263847,55.32836492,
6263878,55.32836492,
6263910,55.32836492,
6263941,55.32608813,
6263973,55.32836492,
6264004,55.32608813,
6264036,55.33064171,
6264129,55.32836492,
6264260,55.32836492,
6264292,55.32608813,
6264323,55.33064171,
6264355,55.33064171,
6264386,55.33064171,
6264418,55.33064171,
6264449,55.32608813,
6264480,55.32836492,
6264512,55.33064171,
6264543,55.32608813,
6264575,55.32836492,
6264606,55.32836492,
6264638,55.33064171,
6264669,55.32608813,
6264700,55.32608813,
6264732,55.32608813,
6264763,55.32608813,
6264794,55.32608813,
6264826,55.32608813,
6264979,55.32836492,
6265110,55.32836492,
6265142,55.32608813,
6265174,55.32836492,
6265205,55.32836492,
6265237,55.32836492,
6265268,55.32836492,
6265300,55.32836492,
6265331,55.32836492,
6265363,55.32836492,
6265394,55.32836492,
6265425,55.32608813,
6265457,55.32836492,
6265488,55.32608813,
6265519,55.32381133,
6265551,55.32608813,
6265582,55.32608813,
6265614,55.32836492,
6265645,55.32836492,
6265677,55.32836492,
6265773,55.32608813,
6265904,55.32608813,
6265936,55.32836492,
6265968,55.32836492,
6266000,55.32608813,
6266031,55.32836492,
6266063,55.32608813,
6266094,55.32608813,
6266125,55.32381133,
6266157,55.32836492,
6266188,55.32381133,
6266219,55.32836492,
6266251,55.33064171,
6266283,55.33064171,
6266314,55.32608813,
6266345,55.32836492,
6266377,55.32608813,
6266408,55.33064171,
6266439,55.32608813,
6266471,55.32608813,
6266697,55.32608813,
6266829,55.32836492,
6266861,55.33064171,
6266893,55.33064171,
6266924,55.32608813,
6266955,55.32608813,
6266987,55.32836492,
6267018,55.32608813,
6267049,55.32836492,
6267081,55.33064171,
6267112,55.32836492,
6267144,55.32608813,
6267175,55.32836492,
6267207,55.32836492,
6267238,55.32836492,
6267270,55.32608813,
6267301,55.32608813,
6267332,55.32836492,
6267364,55.32608813,
6267395,55.32608813,
6267525,55.32608813,
6267656,55.33064171,
6267689,55.32608813,
6267720,55.32836492,
6267751,55.32836492,
6267783,55.32608813,
6267814,55.32381133,
6267846,55.32836492,
6267877,55.32836492,
6267909,55.32836492,
6267940,55.32836492,
6267971,55.32836492,
6268003,55.32608813,
6268034,55.32608813,
6268066,55.32608813,
6268097,55.32608813,
6268129,55.32836492,
6268160,55.32836492,
6268191,55.33064171,
6268223,55.33064171,
6268331,55.32608813,
6268462,55.32836492,
6268493,55.32381133,
6268525,55.32836492,
6268557,55.32608813,
6268588,55.32836492,
6268619,55.32608813,
6268651,55.32608813,
6268682,55.32608813,
6268714,55.32608813,
6268745,55.33064171,
6268776,55.32836492,
6268808,55.32836492,
6268839,55.32836492,
6268871,55.32836492,
6268902,55.32836492,
6268934,55.32608813,
6268965,55.32608813,
6268996,55.32608813,
6269028,55.32608813,
6269165,55.32608813,
6269296,55.32836492,
6269329,55.32836492,
6269360,55.32608813,
6269391,55.32836492,
6269423,55.32608813,
6269455,55.32608813,
6269486,55.32608813,
6269517,55.33064171,
6269549,55.32608813,
6269580,55.32836492,
6269611,55.32836492,
6269643,55.32608813,
6269674,55.32608813,
6269706,55.32836492,
6269737,55.32836492,
6269769,55.32836492,
6269800,55.32836492,
6269832,55.32381133,
6269863,55.32836492,
6269987,55.32836492,
6270118,55.33064171,
6270151,55.32836492,
6270182,55.32608813,
6270214,55.32381133,
6270245,55.32836492,
6270277,55.33064171,
6270308,55.32836492,
6270339,55.32608813,
6270371,55.32836492,
6270402,55.32608813,
6270433,55.32608813,
6270465,55.32608813,
6270496,55.32836492,
6270528,55.32836492,
6270559,55.32836492,
6270591,55.32608813,
6270622,55.33064171,
6270654,55.32836492,
6270685,55.32836492,
6270790,55.33064171,
6270921,55.32608813,
6270953,55.32608813,
6270985,55.32836492,
6271016,55.32608813,
6271048,55.32836492,
6271079,55.32608813,
6271111,55.32608813,
6271142,55.32608813,
6271174,55.32836492,
6271205,55.32608813,
6271236,55.32836492,
6271268,55.32608813,
6271299,55.32608813,
6271330,55.32836492,
6271362,55.32836492,
6271393,55.32836492,
6271425,55.32836492,
6271456,55.32608813,
6271488,55.32836492,
6271624,55.32608813,
6271755,55.32608813,
6271787,55.33064171,
6271819,55.32608813,
6271850,55.32836492,
6271882,55.32608813,
6271913,55.32836492,
6271945,55.32608813,
6271976,55.32836492,
6272007,55.32836492,
6272039,55.32836492,
6272070,55.32608813,
6272102,55.32836492,
6272133,55.32836492,
6272164,55.33064171,
6272196,55.32836492,
6272227,55.32836492,
6272259,55.32608813,
6272290,55.32836492,
6272322,55.32608813,
6272433,55.32836492,
6272564,55.32836492,
6272597,55.32608813,
6272628,55.32836492,
6272659,55.32836492,
6272691,55.32608813,
6272722,55.32608813,
6272754,55.32836492,
6272785,55.32836492,
6272817,55.32608813,
6272848,55.32608813,
6272880,55.33064171,
6272911,55.32836492,
6272943,55.32608813,
6272974,55.32836492,
6273005,55.32836492,
6273037,55.32836492,
6273068,55.32836492,
6273099,55.32608813,
6273131,55.32836492,
6273266,55.32608813,
6273397,55.32608813,
6273429,55.32836492,
6273461,55.32608813,
6273492,55.32836492,
6273524,55.32836492,
6273555,55.32608813,
6273586,55.32608813,
6273618,55.32608813,
6273649,55.32608813,
6273681,55.32836492,
6273712,55.32836492,
6273744,55.33064171,
6273775,55.32836492,
6273806,55.32608813,
6273838,55.32608813,
6273869,55.32608813,
6273900,55.32836492,
6273932,55.32836492,
6273964,55.32608813,
6274072,55.32608813,
6274203,55.33064171,
6274235,55.32836492,
6274267,55.33064171,
6274298,55.32608813,
6274329,55.32836492,
6274361,55.32381133,
6274392,55.32608813,
6274424,55.32836492,
6274455,55.32836492,
6274487,55.32836492,
6274518,55.33064171,
6274550,55.32608813,
6274581,55.32608813,
6274612,55.32608813,
6274644,55.32608813,
6274675,55.32836492,
6274706,55.32608813,
6274738,55.33064171,
6274769,55.32836492,
6274897,55.33064171,
6275028,55.32608813,
6275061,55.32608813,
6275092,55.32836492,
6275123,55.32836492,
6275155,55.32836492,
6275186,55.33064171,
6275218,55.32836492,
6275249,55.32608813,
6275281,55.32608813,
6275312,55.32608813,
6275343,55.32836492,
6275375,55.33064171,
6275406,55.32608813,
6275437,55.32608813,
6275469,55.32836492,
6275500,55.32608813,
6275532,55.32608813,
6275563,55.32608813,
6275595,55.32381133,
6275738,55.32608813,
6275870,55.32836492,
6275902,55.32608813,
6275933,55.32608813,
6275964,55.32836492,
6275996,55.32836492,
6276027,55.32608813,
6276059,55.32608813,
6276090,55.32836492,
6276122,55.32608813,
6276153,55.32608813,
6276185,55.32836492,
6276216,55.32608813,
6276247,55.32608813,
6276278,55.32608813,
6276310,55.32836492,
6276341,55.32836492,
6276373,55.32836492,
6276404,55.32836492,
6276436,55.32608813,
6276541,55.32608813,
6276672,55.32608813,
6276704,55.32836492,
6276736,55.32836492,
6276767,55.32836492,
6276799,55.32836492,
6276830,55.32836492,
6276862,55.32836492,
6276893,55.33064171,
6276924,55.32608813,
6276956,55.32608813,
6276987,55.32836492,
6277019,55.32608813,
6277050,55.32836492,
6277081,55.32836492,
6277113,55.32836492,
6277144,55.32836492,
6277176,55.33291851,
6277207,55.32836492,
6277239,55.32608813,
6277349,55.32836492,
6277480,55.32836492,
6277512,55.32608813,
6277544,55.32608813,
6277575,55.32836492,
6277606,55.32836492,
6277638,55.32381133,
6277669,55.32608813,
6277700,55.33064171,
6277732,55.33064171,
6277764,55.32608813,
6277795,55.32836492,
6277826,55.32608813,
6277858,55.33064171,
6277889,55.32836492,
6277921,55.33064171,
6277952,55.32836492,
6277983,55.32836492,
6278015,55.32836492,
6278046,55.32608813,
6278166,55.32836492,
6278297,55.32836492,
6278330,55.32608813,
6278361,55.32836492,
6278392,55.32608813,
6278424,55.32836492,
6278455,55.32381133,
6278487,55.33291851,
6278518,55.32836492,
6278550,55.32608813,
6278581,55.32608813,
6278612,55.33064171,
6278644,55.32836492,
6278675,55.32836492,
6278706,55.33291851,
6278738,55.32836492,
6278770,55.32836492,
6278801,55.32836492,
6278832,55.32608813,
6278864,55.32836492,
6278983,55.32836492,
6279114,55.32836492,
6279146,55.32381133,
6279178,55.32608813,
6279209,55.32608813,
6279241,55.32836492,
6279273,55.32381133,
6279304,55.32836492,
6279335,55.32608813,
6279367,55.32608813,
6279398,55.32836492,
6279429,55.32836492,
6279461,55.32608813,
6279492,55.32608813,
6279523,55.32836492,
6279555,55.32836492,
6279586,55.32608813,
6279618,55.32608813,
6279649,55.32608813,
6279681,55.32836492,
6279887,55.32836492,
6280019,55.32608813,
6280050,55.33064171,
6280082,55.32608813,
6280113,55.32836492,
6280144,55.33064171,
6280176,55.32836492,
6280207,55.32608813,
6280239,55.32608813,
6280270,55.32836492,
6280302,55.32836492,
6280333,55.32608813,
6280364,55.32608813,
6280396,55.33064171,
6280427,55.32608813,
6280458,55.32836492,
6280490,55.33064171,
6280521,55.32608813,
6280553,55.33064171,
6280584,55.32608813,
6280727,55.32836492,
6280858,55.32608813,
6280890,55.32836492,
6280922,55.32836492,
6280953,55.32836492,
6280984,55.32836492,
6281016,55.32608813,
6281047,55.32836492,
6281079,55.32836492,
6281110,55.32608813,
6281142,55.32608813,
6281173,55.33064171,
6281204,55.32608813,
6281236,55.32836492,
6281267,55.32836492,
6281299,55.32836492,
6281330,55.32836492,
6281361,55.32836492,
6281393,55.32836492,
6281424,55.32608813,
6281538,55.32608813,
6281669,55.32836492,
6281701,55.33064171,
6281733,55.32836492,
6281764,55.32836492,
6281795,55.32836492,
6281827,55.32836492,
6281859,55.32608813,
6281890,55.32836492,
6281921,55.32836492,
6281953,55.32836492,
6281984,55.32836492,
6282015,55.32836492,
6282047,55.32836492,
6282078,55.32608813,
6282109,55.32608813,
6282141,55.32836492,
6282173,55.32836492,
6282204,55.32608813,
6282235,55.32836492,
6282369,55.32836492,
6282501,55.33064171,
6282533,55.32836492,
6282564,55.32836492,
6282596,55.32836492,
6282627,55.32836492,
6282659,55.32836492,
6282690,55.32836492,
6282721,55.32836492,
6282753,55.32608813,
6282784,55.32836492,
6282816,55.32836492,
6282847,55.32836492,
6282879,55.32836492,
6282910,55.32608813,
6282942,55.32836492,
6282973,55.33064171,
6283004,55.32836492,
6283035,55.32836492,
6283067,55.32836492,
6283276,55.32608813,
6283407,55.33064171,
6283439,55.32836492,
6283471,55.32836492,
6283503,55.32836492,
6283534,55.33064171,
6283566,55.32608813,
6283597,55.32608813,
6283628,55.32836492,
6283660,55.32836492,
6283691,55.32608813,
6283722,55.32836492,
6283754,55.32836492,
6283785,55.32836492,
6283817,55.32836492,
6283848,55.32836492,
6283880,55.32608813,
6283911,55.32608813,
6283942,55.32836492,
6283974,55.32608813,
6284101,55.33064171,
6284232,55.32608813,
6284264,55.32608813,
6284296,55.32836492,
6284327,55.32836492,
6284359,55.33064171,
6284390,55.32836492,
6284422,55.32836492,
6284453,55.32836492,
6284485,55.32836492,
6284516,55.32836492,
6284547,55.32836492,
6284579,55.32608813,
6284610,55.32836492,
6284641,55.33064171,
6284673,55.32608813,
6284704,55.32836492,
6284736,55.32836492,
6284767,55.32836492,
6284799,55.32608813,
6284948,55.32836492,
6285080,55.32836492,
6285112,55.32608813,
6285143,55.32836492,
6285174,55.32836492,
6285206,55.33291851,
6285238,55.32836492,
6285269,55.33064171,
6285301,55.32836492,
6285332,55.32836492,
6285363,55.32836492,
6285395,55.33064171,
6285426,55.32836492,
6285457,55.32836492,
6285489,55.32836492,
6285520,55.33064171,
6285552,55.32836492,
6285583,55.32836492,
6285615,55.33064171,
6285646,55.32836492,
6285747,55.32836492,
6285878,55.32836492,
6285910,55.32836492,
6285941,55.32836492,
6285972,55.33064171,
6286004,55.32608813,
6286035,55.33064171,
6286067,55.32836492,
6286098,55.32608813,
6286130,55.32608813,
6286161,55.32836492,
6286192,55.32836492,
6286224,55.32836492,
6286255,55.32836492,
6286287,55.32836492,
6286318,55.32836492,
6286350,55.32608813,
6286381,55.32608813,
6286412,55.32836492,
6286444,55.32608813,
6286570,55.33064171,
6286701,55.32836492,
6286734,55.32608813,
6286765,55.32836492,
6286797,55.32836492,
6286828,55.32836492,
6286860,55.32608813,
6286891,55.32836492,
6286922,55.33064171,
6286954,55.32608813,
6286985,55.33064171,
6287017,55.33064171,
6287048,55.32836492,
6287080,55.33064171,
6287111,55.32836492,
6287143,55.32836492,
6287174,55.33064171,
6287205,55.33291851,
6287236,55.32608813,
6287268,55.32836492,
6287383,55.32608813,
6287514,55.32836492,
6287547,55.32836492,
6287578,55.32836492,
6287609,55.32836492,
6287640,55.33064171,
6287672,55.32836492,
6287703,55.33064171,
6287734,55.33064171,
6287766,55.33291851,
6287798,55.32836492,
6287829,55.32836492,
6287861,55.32836492,
6287892,55.32836492,
6287923,55.32608813,
6287954,55.32836492,
6287986,55.32608813,
6288017,55.32608813,
6288049,55.32836492,
6288080,55.33064171,
6288209,55.32608813,
6288340,55.32836492,
6288372,55.32836492,
6288404,55.32608813,
6288435,55.32608813,
6288466,55.32608813,
6288498,55.32608813,
6288529,55.32836492,
6288560,55.32836492,
6288592,55.32836492,
6288623,55.33064171,
6288655,55.32836492,
6288686,55.32608813,
6288718,55.32836492,
6288749,55.32836492,
6288781,55.32836492,
6288812,55.32836492,
6288843,55.32836492,
6288875,55.32836492,
6288906,55.32608813,
6289020,55.33064171,
6289152,55.32836492,
6289184,55.33064171,
6289215,55.32608813,
6289246,55.32836492,
6289278,55.32836492,
6289310,55.32836492,
6289341,55.33291851,
6289372,55.33064171,
6289404,55.32836492,
6289435,55.33064171,
6289466,55.33064171,
6289498,55.32608813,
6289529,55.32608813,
6289561,55.32836492,
6289592,55.33064171,
6289624,55.32836492,
6289655,55.32836492,
6289686,55.32836492,
6289718,55.32836492,
6289838,55.32836492,
6289969,55.33064171,
6290001,55.32608813,
6290033,55.32608813,
6290064,55.32836492,
6290095,55.32836492,
6290127,55.33064171,
6290159,55.33064171,
6290190,55.32836492,
6290221,55.33064171,
6290253,55.33064171,
6290284,55.33064171,
6290316,55.32836492,
6290347,55.33064171,
6290378,55.32836492,
6290410,55.33064171,
6290441,55.32836492,
6290473,55.32836492,
6290504,55.32608813,
6290536,55.32836492,
6290666,55.32836492,
6290797,55.33291851,
6290829,55.33064171,
6290860,55.33064171,
6290892,55.33064171,
6290923,55.32836492,
6290955,55.33064171,
6290986,55.33064171,
6291017,55.32836492,
6291049,55.32836492,
6291080,55.32836492,
6291111,55.32836492,
6291143,55.32608813,
6291174,55.32836492,
6291206,55.32608813,
6291237,55.33064171,
6291269,55.32836492,
6291300,55.32836492,
6291331,55.32836492,
6291363,55.32836492,
6291481,55.33064171,
6291613,55.33064171,
6291645,55.32836492,
6291676,55.33064171,
6291708,55.32836492,
6291739,55.32836492,
6291771,55.33064171,
6291802,55.32836492,
6291833,55.32608813,
6291865,55.32836492,
6291896,55.32836492,
6291928,55.32836492,
6291959,55.32836492,
6291991,55.32836492,
6292022,55.32608813,
6292054,55.33064171,
6292085,55.32836492,
6292116,55.32836492,
6292147,55.32608813,
6292179,55.32836492,
6292302,55.32836492,
6292433,55.33064171,
6292466,55.33291851,
6292497,55.32836492,
6292529,55.32836492,
6292560,55.32836492,
6292592,55.32608813,
6292623,55.32836492,
6292654,55.33064171,
6292686,55.32836492,
6292717,55.32836492,
6292748,55.32836492,
6292780,55.32608813,
6292811,55.32836492,
6292843,55.32836492,
6292874,55.32836492,
6292906,55.33064171,
6292937,55.32836492,
6292968,55.33064171,
6293000,55.33064171,
6293116,55.32836492,
6293248,55.33064171,
6293279,55.32836492,
6293311,55.32836492,
6293342,55.32836492,
6293373,55.32608813,
6293405,55.32836492,
6293436,55.32836492,
6293468,55.33064171,
6293499,55.32836492,
6293531,55.32836492,
6293562,55.32836492,
6293594,55.32836492,
6293625,55.32836492,
6293656,55.32608813,
6293688,55.32836492,
6293719,55.32836492,
6293751,55.32608813,
6293782,55.32836492,
6293814,55.32608813,
6293932,55.32836492,
6294063,55.33064171,
6294095,55.32608813,
6294127,55.32836492,
6294159,55.32836492,
6294190,55.33064171,
6294222,55.32836492,
6294253,55.32836492,
6294284,55.33064171,
6294316,55.33064171,
6294347,55.32836492,
6294379,55.33291851,
6294410,55.32836492,
6294442,55.32608813,
6294473,55.32608813,
6294504,55.33064171,
6294536,55.33064171,
6294567,55.33064171,
6294598,55.32836492,
6294630,55.32608813,
6294763,55.32836492,
6294894,55.33064171,
6294926,55.32836492,
6294957,55.33064171,
6294988,55.32836492,
6295020,55.32836492,
6295051,55.32608813,
6295083,55.32836492,
6295114,55.32836492,
6295146,55.32608813,
6295177,55.32836492,
6295208,55.32836492,
6295240,55.32608813,
6295271,55.32836492,
6295303,55.32836492,
6295334,55.3351953,
6295366,55.33064171,
6295397,55.32836492,
6295428,55.33064171,
6295460,55.33064171,
6295570,55.32836492,
6295701,55.32836492,
6295732,55.32836492,
6295764,55.33064171,
6295796,55.32836492,
6295827,55.33064171,
6295859,55.33064171,
6295890,55.32836492,
6295921,55.32836492,
6295953,55.33064171,
6295984,55.33064171,
6296016,55.32836492,
6296047,55.32836492,
6296079,55.33291851,
6296110,55.32836492,
6296141,55.33064171,
6296173,55.33064171,
6296204,55.32836492,
6296235,55.32836492,
6296267,55.32836492,
6296395,55.32836492,
6296524,55.32836492,
6296556,55.32836492,
6296588,55.33064171,
6296620,55.33064171,
6296651,55.32608813,
6296683,55.32836492,
6296714,55.32836492,
6296745,55.32608813,
6296777,55.33064171,
6296808,55.32836492,
6296839,55.32836492,
6296871,55.32836492,
6296903,55.33064171,
6296934,55.32836492,
6296965,55.32836492,
6296997,55.33064171,
6297028,55.32836492,
6297059,55.32608813,
6297091,55.33064171,
6297211,55.32836492,
6297342,55.33064171,
6297374,55.32836492,
6297406,55.33064171,
6297437,55.32836492,
6297468,55.32836492,
6297500,55.33064171,
6297531,55.32836492,
6297563,55.32836492,
6297594,55.32836492,
6297626,55.32836492,
6297657,55.33064171,
6297689,55.33064171,
6297720,55.32836492,
6297751,55.32836492,
6297783,55.32836492,
6297814,55.33064171,
6297846,55.33064171,
6297877,55.33064171,
6297909,55.33064171,
6298038,55.33064171,
6298169,55.33064171,
6298201,55.32836492,
6298232,55.33064171,
6298264,55.32836492,
6298295,55.32836492,
6298327,55.33064171,
6298358,55.32836492,
6298389,55.32608813,
6298421,55.33064171,
6298452,55.32836492,
6298484,55.33064171,
6298515,55.32836492,
6298547,55.33064171,
6298578,55.33064171,
6298609,55.33064171,
6298641,55.32836492,
6298672,55.32608813,
6298703,55.32836492,
6298735,55.33064171,
6298858,55.32608813,
6298989,55.32836492,
6299021,55.32608813,
6299052,55.32836492,
6299083,55.32836492,
6299114,55.32836492,
6299146,55.33064171,
6299178,55.33291851,
6299209,55.33064171,
6299241,55.32836492,
6299272,55.32836492,
6299303,55.33064171,
6299335,55.32836492,
6299366,55.33064171,
6299397,55.32836492,
6299429,55.33064171,
6299460,55.33064171,
6299492,55.33064171,
6299523,55.32836492,
6299555,55.32836492,
6299669,55.32836492,
6299801,55.32608813,
6299832,55.33064171,
6299865,55.32836492,
6299896,55.32836492,
6299927,55.33064171,
6299959,55.32836492,
6299990,55.32836492,
6300021,55.33064171,
6300053,55.32836492,
6300084,55.32836492,
6300116,55.32608813,
6300147,55.32608813,
6300179,55.32836492,
6300210,55.32836492,
6300241,55.32836492,
6300273,55.33064171,
6300304,55.32836492,
6300335,55.32836492,
6300367,55.32836492,
6300501,55.33064171,
6300632,55.32836492,
6300664,55.32608813,
6300696,55.32608813,
6300727,55.33064171,
6300758,55.33291851,
6300790,55.32608813,
6300821,55.32836492,
6300852,55.32836492,
6300884,55.33064171,
6300916,55.33064171,
6300947,55.33064171,
6300978,55.32836492,
6301010,55.32608813,
6301041,55.33064171,
6301073,55.32836492,
6301104,55.32836492,
6301135,55.33064171,
6301167,55.32836492,
6301198,55.32836492,
6301306,55.33064171,
6301437,55.33064171,
6301469,55.32836492,
6301501,55.32836492,
6301533,55.32608813,
6301564,55.32836492,
6301596,55.32836492,
6301627,55.32836492,
6301658,55.32836492,
6301690,55.32836492,
6301721,55.32608813,
6301752,55.33064171,
6301784,55.33064171,
6301815,55.33064171,
6301847,55.33064171,
6301878,55.32836492,
6301910,55.33064171,
6301941,55.32836492,
6301972,55.33064171,
6302004,55.32836492,
6302132,55.33064171,
6302263,55.32836492,
6302295,55.32836492,
6302326,55.32836492,
6302358,55.32608813,
6302389,55.32836492,
6302421,55.32608813,
6302452,55.32836492,
6302483,55.32836492,
6302515,55.32608813,
6302546,55.32608813,
6302578,55.33064171,
6302609,55.32836492,
6302641,55.33064171,
6302672,55.32836492,
6302703,55.33064171,
6302735,55.32836492,
6302766,55.32836492,
6302797,55.33064171,
6302829,55.32836492,
6302948,55.32608813,
6303079,55.32836492,
6303112,55.32836492,
6303143,55.33064171,
6303174,55.32608813,
6303206,55.33064171,
6303237,55.32836492,
6303269,55.32608813,
6303300,55.32608813,
6303332,55.32836492,
6303363,55.33064171,
6303394,55.32608813,
6303426,55.33064171,
6303457,55.33064171,
6303488,55.32836492,
6303520,55.32836492,
6303551,55.32836492,
6303583,55.33064171,
6303614,55.32836492,
6303646,55.33291851,
6303770,55.32836492,
6303902,55.32608813,
6303934,55.32608813,
6303965,55.33064171,
6303997,55.32836492,
6304028,55.33064171,
6304060,55.33064171,
6304091,55.33064171,
6304122,55.32608813,
6304154,55.32836492,
6304185,55.32836492,
6304216,55.32836492,
6304248,55.32836492,
6304279,55.33064171,
6304311,55.33064171,
6304342,55.32836492,
6304374,55.32836492,
6304405,55.32836492,
6304436,55.33064171,
6304468,55.33064171,
6304580,55.33064171,
6304711,55.33064171,
6304743,55.32836492,
6304775,55.32836492,
6304806,55.32836492,
6304838,55.32836492,
6304869,55.32836492,
6304901,55.32836492,
6304932,55.33064171,
6304964,55.32836492,
6304995,55.32836492,
6305026,55.32836492,
6305058,55.33064171,
6305089,55.32836492,
6305120,55.33064171,
6305152,55.32836492,
6305183,55.32836492,
6305215,55.33064171,
6305246,55.32836492,
6305278,55.33291851,
6305513,55.33064171,
6305644,55.32836492,
6305677,55.32836492,
6305708,55.32608813,
6305739,55.33064171,
6305771,55.32836492,
6305802,55.33064171,
6305834,55.32836492,
6305865,55.33064171,
6305897,55.32836492,
6305928,55.32608813,
6305959,55.32836492,
6305991,55.33064171,
6306022,55.33064171,
6306054,55.32836492,
6306085,55.33064171,
6306117,55.33064171,
6306148,55.32836492,
6306179,55.33064171,
6306211,55.33064171,
6306326,55.33064171,
6306457,55.32836492,
6306489,55.32836492,
6306521,55.32836492,
6306552,55.32836492,
6306583,55.33064171,
6306615,55.33291851,
6306646,55.33064171,
6306677,55.33064171,
6306709,55.32836492,
6306741,55.33064171,
6306772,55.33291851,
6306803,55.33064171,
6306835,55.33064171,
6306866,55.32836492,
6306897,55.32836492,
6306929,55.32836492,
6306960,55.33064171,
6306992,55.33064171,
6307023,55.32836492,
6307144,55.32836492,
6307275,55.33291851,
6307306,55.32836492,
6307338,55.33064171,
6307369,55.32836492,
6307401,55.33064171,
6307432,55.32608813,
6307464,55.32836492,
6307495,55.33064171,
6307527,55.32608813,
6307558,55.33064171,
6307589,55.32836492,
6307621,55.33064171,
6307652,55.32836492,
6307684,55.32836492,
6307715,55.32608813,
6307747,55.32836492,
6307779,55.32836492,
6307810,55.33064171,
6307842,55.33291851,
6307965,55.33064171,
6308097,55.32836492,
6308129,55.32836492,
6308161,55.32608813,
6308192,55.32836492,
6308223,55.32836492,
6308255,55.32836492,
6308286,55.32836492,
6308318,55.32836492,
6308349,55.33064171,
6308381,55.32836492,
6308412,55.32836492,
6308444,55.32836492,
6308475,55.32836492,
6308506,55.33064171,
6308538,55.33064171,
6308569,55.32836492,
6308600,55.33064171,
6308632,55.33064171,
6308663,55.33291851,
6308777,55.33064171,
6308908,55.33064171,
6308940,55.32836492,
6308972,55.33064171,
6309003,55.32836492,
6309034,55.32836492,
6309066,55.32836492,
6309097,55.32836492,
6309128,55.33064171,
6309160,55.33291851,
6309192,55.32836492,
6309223,55.32836492,
6309254,55.32836492,
6309286,55.32836492,
6309317,55.33064171,
6309348,55.32836492,
6309380,55.32836492,
6309411,55.33064171,
6309443,55.33064171,
6309474,55.32836492,
6309605,55.33064171,
6309736,55.32836492,
6309769,55.33064171,
6309800,55.33064171,
6309831,55.32836492,
6309863,55.32836492,
6309894,55.33064171,
6309926,55.32836492,
6309957,55.32836492,
6309989,55.32836492,
6310020,55.32836492,
6310051,55.32836492,
6310083,55.33064171,
6310114,55.32836492,
6310146,55.32836492,
6310177,55.32836492,
6310209,55.33064171,
6310240,55.32836492,
6310271,55.32836492,
6310303,55.33064171,
6310524,55.33064171,
6310655,55.33064171,
6310687,55.33064171,
6310719,55.32836492,
6310750,55.32836492,
6310782,55.32836492,
6310813,55.33064171,
6310845,55.32836492,
6310876,55.32836492,
6310908,55.33064171,
6310939,55.33064171,
6310970,55.33064171,
6311002,55.33064171,
6311033,55.32836492,
6311064,55.32836492,
6311096,55.33291851,
6311127,55.3351953,
6311159,55.32836492,
6311190,55.33291851,
6311222,55.32608813,
6311349,55.33064171,
6311480,55.33291851,
6311513,55.32836492,
6311544,55.32836492,
6311575,55.32836492,
6311607,55.32836492,
6311639,55.32836492,
6311670,55.33064171,
6311701,55.33064171,
6311733,55.33064171,
6311764,55.32836492,
6311795,55.32836492,
6311827,55.32836492,
6311858,55.32836492,
6311890,55.32836492,
6311921,55.33291851,
6311953,55.32836492,
6311984,55.33064171,
6312015,55.33064171,
6312047,55.33064171,
6312159,55.33064171,
6312289,55.33064171,
6312321,55.33064171,
6312353,55.33291851,
6312385,55.33064171,
6312416,55.32608813,
6312448,55.33291851,
6312479,55.33064171,
6312510,55.33291851,
6312542,55.33064171,
6312573,55.33291851,
6312604,55.33291851,
6312636,55.33291851,
6312667,55.32836492,
6312699,55.33291851,
6312730,55.33064171,
6312762,55.32836492,
6312793,55.33064171,
6312824,55.33291851,
6312856,55.32836492,
6312986,55.33064171,
6313117,55.33291851,
6313149,55.33064171,
6313180,55.33064171,
6313211,55.33064171,
6313243,55.32836492,
6313274,55.33064171,
6313306,55.32836492,
6313337,55.33291851,
6313369,55.33064171,
6313400,55.33064171,
6313431,55.33291851,
6313463,55.33064171,
6313494,55.32836492,
6313525,55.33064171,
6313557,55.32836492,
6313589,55.33064171,
6313620,55.32836492,
6313651,55.32836492,
6313683,55.33291851,
6313799,55.33064171,
6313930,55.33064171,
6313962,55.33064171,
6313994,55.32836492,
6314025,55.32836492,
6314057,55.32836492,
6314088,55.33291851,
6314120,55.33064171,
6314151,55.33064171,
6314183,55.33064171,
6314214,55.32836492,
6314245,55.33064171,
6314277,55.33064171,
6314308,55.32836492,
6314340,55.33064171,
6314371,55.32836492,
6314402,55.32836492,
6314434,55.32836492,
6314465,55.33291851,
6314497,55.32836492,
6314638,55.32836492,
6314770,55.32608813,
6314802,55.32836492,
6314833,55.33291851,
6314865,55.33291851,
6314897,55.32836492,
6314928,55.33064171,
6314959,55.32836492,
6314991,55.32608813,
6315022,55.32608813,
6315053,55.33064171,
6315085,55.33064171,
6315116,55.33291851,
6315148,55.32836492,
6315179,55.33291851,
6315211,55.32836492,
6315242,55.33064171,
6315273,55.32836492,
6315305,55.33291851,
6315336,55.33064171,
6315454,55.32836492,
6315585,55.33064171,
6315617,55.33064171,
6315648,55.32836492,
6315680,55.32836492,
6315711,55.33064171,
6315743,55.33064171,
6315774,55.33064171,
6315805,55.32836492,
6315837,55.32836492,
6315868,55.32836492,
6315899,55.32836492,
6315931,55.33064171,
6315962,55.33064171,
6315994,55.32836492,
6316025,55.32836492,
6316057,55.32836492,
6316088,55.32836492,
6316120,55.32836492,
6316151,55.32836492,
6316366,55.33064171,
6316497,55.32608813,
6316529,55.33064171,
6316561,55.33291851,
6316592,55.33064171,
6316623,55.33064171,
6316655,55.33064171,
6316686,55.33291851,
6316717,55.33064171,
6316749,55.32836492,
6316780,55.32836492,
6316812,55.33064171,
6316843,55.33291851,
6316875,55.33064171,
6316906,55.33064171,
6316938,55.32836492,
6316969,55.32836492,
6317000,55.33064171,
6317031,55.33064171,
6317063,55.33291851,
6317200,55.33064171,
6317331,55.33064171,
6317363,55.32836492,
6317395,55.32836492,
6317426,55.32836492,
6317458,55.33064171,
6317489,55.32836492,
6317520,55.32836492,
6317552,55.32836492,
6317583,55.33291851,
6317615,55.33291851,
6317646,55.33291851,
6317677,55.33064171,
6317709,55.32836492,
6317740,55.32836492,
6317772,55.33291851,
6317803,55.33291851,
6317834,55.33291851,
6317866,55.33291851,
6317897,55.33064171,
6318223,55.32836492,
6318354,55.33291851,
6318387,55.33064171,
6318418,55.32836492,
6318449,55.33064171,
6318481,55.33064171,
6318513,55.33064171,
6318544,55.32836492,
6318575,55.32608813,
6318607,55.33291851,
6318638,55.32836492,
6318669,55.33064171,
6318701,55.33291851,
6318732,55.33291851,
6318764,55.32836492,
6318795,55.33064171,
6318827,55.33064171,
6318858,55.33291851,
6318890,55.32836492,
6318921,55.33291851,
6319204,55.32836492,
6319335,55.33064171,
6319367,55.33064171,
6319398,55.32836492,
6319430,55.33291851,
6319461,55.33291851,
6319492,55.32836492,
6319524,55.32608813,
6319555,55.33064171,
6319586,55.33064171,
6319618,55.32836492,
6319649,55.33064171,
6319681,55.33064171,
6319712,55.33064171,
6319744,55.32836492,
6319775,55.33064171,
6319807,55.33064171,
6319838,55.33291851,
6319869,55.33064171,
6319901,55.32608813,
6320140,55.32836492,
6320272,55.33064171,
6320303,55.32836492,
6320335,55.33064171,
6320366,55.32836492,
6320397,55.33064171,
6320429,55.33064171,
6320460,55.32836492,
6320492,55.32836492,
6320523,55.33064171,
6320555,55.33064171,
6320586,55.32836492,
6320617,55.33064171,
6320649,55.33064171,
6320680,55.32836492,
6320711,55.32836492,
6320743,55.33291851,
6320774,55.32836492,
6320806,55.33064171,
6320837,55.32836492,
6321061,55.33064171,
6321193,55.33064171,
6321224,55.33064171,
6321256,55.32836492,
6321287,55.32836492,
6321318,55.33064171,
6321350,55.32836492,
6321381,55.32836492,
6321413,55.33064171,
6321444,55.32836492,
6321476,55.33064171,
6321507,55.33064171,
6321538,55.33064171,
6321570,55.33064171,
6321601,55.32836492,
6321632,55.33064171,
6321664,55.33291851,
6321695,55.33064171,
6321726,55.32608813,
6321758,55.33291851,
6322004,55.32836492,
6322136,55.32836492,
6322168,55.33064171,
6322199,55.33064171,
6322230,55.33064171,
6322262,55.33064171,
6322293,55.33064171,
6322324,55.33291851,
6322356,55.33064171,
6322387,55.33064171,
6322419,55.32836492,
6322450,55.33064171,
6322482,55.33064171,
6322513,55.33291851,
6322544,55.33291851,
6322576,55.33064171,
6322607,55.32836492,
6322639,55.33064171,
6322670,55.33291851,
6322702,55.32836492,
6322826,55.32836492,
6322957,55.33064171,
6322989,55.32836492,
6323020,55.32836492,
6323052,55.33064171,
6323083,55.32836492,
6323115,55.33064171,
6323146,55.33064171,
6323177,55.32836492,
6323209,55.33291851,
6323240,55.33064171,
6323271,55.33291851,
6323303,55.33064171,
6323334,55.33291851,
6323366,55.33064171,
6323397,55.33064171,
6323429,55.32836492,
6323460,55.33291851,
6323492,55.33291851,
6323523,55.33064171,
6323635,55.33064171,
6323766,55.33064171,
6323799,55.33064171,
6323830,55.32836492,
6323862,55.33291851,
6323894,55.33291851,
6323926,55.32836492,
6323958,55.33064171,
6323989,55.32836492,
6324021,55.33064171,
6324052,55.32836492,
6324083,55.32836492,
6324115,55.33064171,
6324146,55.32836492,
6324177,55.33291851,
6324210,55.32836492,
6324242,55.33064171,
6324273,55.33064171,
6324304,55.33064171,
6324336,55.32836492,
6324462,55.32836492,
6324593,55.33064171,
6324627,55.33064171,
6324659,55.33064171,
6324690,55.33064171,
6324723,55.32836492,
6324754,55.32836492,
6324785,55.33064171,
6324817,55.33064171,
6324848,55.33064171,
6324880,55.33064171,
6324911,55.33291851,
6324943,55.33064171,
6324974,55.32836492,
6325005,55.33064171,
6325037,55.33064171,
6325068,55.33064171,
6325100,55.32836492,
6325131,55.33064171,
6325163,55.33064171,
6325302,55.33064171,
6325433,55.32836492,
6325466,55.32836492,
6325497,55.33064171,
6325528,55.32836492,
6325560,55.33064171,
6325591,55.33064171,
6325622,55.33064171,
6325654,55.32836492,
6325685,55.33064171,
6325717,55.32836492,
6325748,55.33064171,
6325780,55.33064171,
6325811,55.33064171,
6325842,55.32836492,
6325874,55.32836492,
6325905,55.33064171,
6325937,55.33064171,
6325968,55.32836492,
6326000,55.33291851,
6326304,55.32836492,
6326435,55.33064171,
6326467,55.33064171,
6326498,55.33064171,
6326529,55.32836492,
6326561,55.33291851,
6326592,55.33291851,
6326623,55.33064171,
6326655,55.33064171,
6326686,55.33064171,
6326718,55.32836492,
6326749,55.33064171,
6326781,55.32836492,
6326812,55.32836492,
6326843,55.32836492,
6326875,55.33291851,
6326906,55.33291851,
6326938,55.33291851,
6326969,55.33064171,
6327001,55.33291851,
6332084,55.33064171,
6332216,55.32608813,
6332248,55.33291851,
6332279,55.33291851,
6332311,55.33064171,
6332343,55.33064171,
6332374,55.32836492,
6332406,55.33064171,
6332437,55.33064171,
6332468,55.33064171,
6332500,55.33291851,
6332531,55.33064171,
6332563,55.33064171,
6332594,55.32608813,
6332626,55.33291851,
6332657,55.32836492,
6332688,55.33291851,
6332720,55.33064171,
6332751,55.33064171,
6332782,55.33064171,
6332966,55.33291851,
6333098,55.3351953,
6333130,55.33291851,
6333161,55.33064171,
6333193,55.33064171,
6333224,55.33064171,
6333256,55.33064171,
6333287,55.32836492,
6333318,55.32836492,
6333350,55.33064171,
6333381,55.32836492,
6333412,55.33064171,
6333444,55.33291851,
6333476,55.33064171,
6333507,55.33064171,
6333539,55.32836492,
6333570,55.33064171,
6333601,55.33064171,
6333633,55.33291851,
6333664,55.33064171,
6333891,55.33291851,
6334021,55.33291851,
6334053,55.33291851,
6334085,55.33291851,
6334116,55.33064171,
6334148,55.33064171,
6334179,55.33064171,
6334210,55.33064171,
6334242,55.32836492,
6334274,55.33291851,
6334305,55.33291851,
6334336,55.32836492,
6334368,55.32836492,
6334399,55.33064171,
6334430,55.33064171,
6334462,55.33064171,
6334494,55.33291851,
6334525,55.33064171,
6334556,55.33291851,
6334588,55.33291851,
6334687,55.33291851,
6334818,55.33291851,
6334850,55.33064171,
6334882,55.32836492,
6334913,55.3351953,
6334944,55.33064171,
6334976,55.32836492,
6335007,55.33064171,
6335039,55.32836492,
6335070,55.33064171,
6335102,55.33064171,
6335133,55.32836492,
6335164,55.33064171,
6335196,55.33291851,
6335227,55.33291851,
6335258,55.33064171,
6335290,55.33064171,
6335321,55.33064171,
6335353,55.33064171,
6335384,55.33291851,
6335511,55.33064171,
6335642,55.3351953,
6335674,55.32836492,
6335706,55.33291851,
6335737,55.32836492,
6335768,55.33064171,
6335800,55.32836492,
6335831,55.33064171,
6335863,55.33064171,
6335894,55.32836492,
6335926,55.33064171,
6335957,55.33064171,
6335989,55.33064171,
6336020,55.32836492,
6336051,55.33291851,
6336083,55.32836492,
6336114,55.32836492,
6336146,55.33064171,
6336177,55.33064171,
6336209,55.32836492,
6336335,55.33064171,
6336466,55.33064171,
6336499,55.33064171,
6336530,55.32836492,
6336561,55.33064171,
6336593,55.32836492,
6336624,55.33064171,
6336656,55.33291851,
6336687,55.33064171,
6336719,55.33291851,
6336750,55.33291851,
6336781,55.33064171,
6336813,55.33291851,
6336844,55.33291851,
6336876,55.33064171,
6336907,55.33064171,
6336939,55.32836492,
6336970,55.32836492,
6337001,55.33064171,
6337033,55.33064171,
6337149,55.32836492,
6337280,55.33291851,
6337312,55.33291851,
6337344,55.33291851,
6337375,55.33064171,
6337406,55.33064171,
6337438,55.33064171,
6337469,55.33064171,
6337501,55.33291851,
6337532,55.33291851,
6337564,55.33291851,
6337595,55.33064171,
6337627,55.33064171,
6337658,55.33064171,
6337689,55.33064171,
6337720,55.33064171,
6337752,55.33064171,
6337784,55.33064171,
6337815,55.33064171,
6337847,55.33291851,
6337973,55.33064171,
6338104,55.33064171,
6338136,55.33064171,
6338168,55.32836492,
6338199,55.33064171,
6338230,55.33064171,
6338262,55.33291851,
6338293,55.32836492,
6338324,55.33064171,
6338356,55.33291851,
6338387,55.33064171,
6338419,55.33291851,
6338450,55.33291851,
6338482,55.33064171,
6338513,55.33291851,
6338545,55.33064171,
6338576,55.33291851,
6338607,55.33064171,
6338638,55.33291851,
6338670,55.33291851,
6338787,55.32836492,
6338918,55.32836492,
6338950,55.33064171,
6338982,55.33291851,
6339013,55.33291851,
6339044,55.33291851,
6339076,55.33064171,
6339107,55.32836492,
6339139,55.32836492,
6339170,55.33064171,
6339202,55.33064171,
6339233,55.33291851,
6339265,55.33064171,
6339296,55.33064171,
6339327,55.33064171,
6339358,55.33064171,
6339390,55.33064171,
6339421,55.33064171,
6339453,55.33064171,
6339484,55.33291851,
6339608,55.32836492,
6339740,55.33064171,
6339773,55.33064171,
6339804,55.33064171,
6339835,55.32836492,
6339866,55.33064171,
6339898,55.32836492,
6339930,55.33064171,
6339961,55.33064171,
6339993,55.33064171,
6340024,55.33064171,
6340055,55.3351953,
6340087,55.33064171,
6340118,55.33064171,
6340149,55.33291851,
6340181,55.32836492,
6340212,55.33064171,
6340244,55.33291851,
6340275,55.33064171,
6340307,55.33064171,
6340430,55.3351953,
6340562,55.33064171,
6340594,55.33064171,
6340626,55.33291851,
6340657,55.32836492,
6340688,55.33291851,
6340720,55.33064171,
6340751,55.33291851,
6340782,55.33291851,
6340814,55.33064171,
6340846,55.33064171,
6340877,55.33291851,
6340909,55.32836492,
6340940,55.33064171,
6340971,55.33064171,
6341003,55.33064171,
6341034,55.32836492,
6341065,55.33064171,
6341097,55.32836492,
6341128,55.33291851,
6341250,55.33291851,
6341381,55.3351953,
6341413,55.33064171,
6341445,55.32836492,
6341476,55.33064171,
6341507,55.33064171,
6341539,55.33291851,
6341570,55.33291851,
6341601,55.33064171,
6341633,55.33064171,
6341665,55.32836492,
6341696,55.33064171,
6341728,55.33064171,
6341759,55.33291851,
6341790,55.32836492,
6341822,55.33064171,
6341853,55.33064171,
6341885,55.32836492,
6341916,55.33064171,
6341948,55.33291851,
6342072,55.33747209,
6342203,55.33064171,
6342235,55.33064171,
6342267,55.32836492,
6342298,55.33291851,
6342329,55.33291851,
6342361,55.33064171,
6342392,55.3351953,
6342424,55.3351953,
6342455,55.33064171,
6342487,55.32836492,
6342518,55.33291851,
6342550,55.33064171,
6342581,55.33064171,
6342612,55.33064171,
6342644,55.33291851,
6342675,55.33291851,
6342706,55.33064171,
6342738,55.33064171,
6342769,55.32836492,
6342886,55.33064171,
6343017,55.33064171,
6343050,55.33064171,
6343081,55.33064171,
6343112,55.32836492,
6343143,55.33064171,
6343175,55.32836492,
6343207,55.33064171,
6343238,55.32836492,
6343270,55.33064171,
6343301,55.33064171,
6343332,55.33291851,
6343364,55.33064171,
6343395,55.33291851,
6343426,55.33064171,
6343458,55.33747209,
6343489,55.33064171,
6343521,55.33291851,
6343552,55.33291851,
6343584,55.33064171,
6343699,55.33291851,
6343830,55.33064171,
6343862,55.33064171,
6343894,55.32836492,
6343925,55.3351953,
6343956,55.33291851,
6343988,55.33064171,
6344020,55.33064171,
6344051,55.33064171,
6344083,55.33064171,
6344114,55.33064171,
6344145,55.33064171,
6344177,55.33064171,
6344208,55.33064171,
6344239,55.33291851,
6344271,55.32836492,
6344302,55.33064171,
6344334,55.33291851,
6344365,55.33291851,
6344397,55.3351953,
6344521,55.33064171,
6344652,55.3351953,
6344684,55.33291851,
6344716,55.33064171,
6344747,55.33064171,
6344779,55.33064171,
6344810,55.33064171,
6344842,55.3351953,
6344873,55.33291851,
6344905,55.33291851,
6344936,55.33291851,
6344967,55.33747209,
6344999,55.33291851,
6345030,55.33064171,
6345062,55.33064171,
6345093,55.3351953,
6345125,55.33064171,
6345156,55.33064171,
6345187,55.33291851,
6345219,55.33064171,
6345373,55.33291851,
6345503,55.33064171,
6345536,55.32836492,
6345567,55.33064171,
6345598,55.32836492,
6345630,55.3351953,
6345662,55.33291851,
6345693,55.32836492,
6345724,55.32836492,
6345756,55.32836492,
6345787,55.33291851,
6345819,55.33291851,
6345850,55.33291851,
6345881,55.33064171,
6345913,55.33064171,
6345944,55.33064171,
6345976,55.33064171,
6346007,55.33064171,
6346039,55.33291851,
6346070,55.33291851,
6346165,55.32836492,
6346296,55.32836492,
6346329,55.33064171,
6346360,55.33291851,
6346391,55.33064171,
6346423,55.33064171,
6346454,55.33064171,
6346486,55.33064171,
6346517,55.33291851,
6346549,55.33291851,
6346580,55.32608813,
6346611,55.33291851,
6346643,55.33064171,
6346674,55.33291851,
6346705,55.33291851,
6346737,55.33291851,
6346769,55.33291851,
6346800,55.33291851,
6346831,55.33064171,
6346863,55.3351953,
6346995,55.33064171,
6347127,55.33064171,
6347159,55.33064171,
6347190,55.32836492,
6347222,55.33064171,
6347254,55.33064171,
6347285,55.33291851,
6347316,55.33064171,
6347347,55.33064171,
6347379,55.33064171,
6347410,55.32836492,
6347442,55.33747209,
6347473,55.33064171,
6347505,55.33291851,
6347536,55.33291851,
6347568,55.32836492,
6347599,55.33064171,
6347630,55.33064171,
6347662,55.33064171,
6347693,55.32836492,
6347797,55.33064171,
6347927,55.33064171,
6347959,55.33291851,
6347991,55.33291851,
6348023,55.33064171,
6348054,55.33291851,
6348086,55.32836492,
6348117,55.3351953,
6348148,55.33064171,
6348180,55.33064171,
6348211,55.32836492,
6348243,55.33064171,
6348275,55.3351953,
6348306,55.32836492,
6348337,55.33064171,
6348368,55.33291851,
6348400,55.33064171,
6348431,55.33064171,
6348463,55.33064171,
6348494,55.33291851,
6348720,55.3351953,
6348851,55.33064171,
6348883,55.33064171,
6348915,55.33064171,
6348946,55.3351953,
6348977,55.33291851,
6349009,55.33291851,
6349040,55.33064171,
6349072,55.3351953,
6349103,55.33064171,
6349135,55.33064171,
6349166,55.3351953,
6349198,55.32836492,
6349229,55.33291851,
6349260,55.33291851,
6349291,55.33291851,
6349323,55.33064171,
6349354,55.33064171,
6349386,55.33064171,
6349417,55.33064171,
6349538,55.33291851,
6349668,55.33291851,
6349700,55.33064171,
6349732,55.33291851,
6349763,55.33064171,
6349795,55.33291851,
6349826,55.33291851,
6349858,55.3351953,
6349889,55.33064171,
6349921,55.33064171,
6349952,55.32836492,
6349983,55.33291851,
6350015,55.33291851,
6350047,55.33291851,
6350078,55.33291851,
6350109,55.32836492,
6350141,55.33291851,
6350172,55.33291851,
6350203,55.33291851,
6350235,55.33291851,
6350362,55.33291851,
6350494,55.33064171,
6350526,55.33064171,
6350558,55.33064171,
6350589,55.33064171,
6350620,55.33291851,
6350652,55.32836492,
6350683,55.33064171,
6350714,55.33064171,
6350746,55.33291851,
6350778,55.33291851,
6350809,55.33291851,
6350841,55.32836492,
6350872,55.33064171,
6350903,55.33291851,
6350935,55.33291851,
6350966,55.33291851,
6350997,55.32836492,
6351029,55.33291851,
6351060,55.33064171,
6351180,55.33291851,
6351311,55.33064171,
6351343,55.33064171,
6351375,55.33291851,
6351406,55.33064171,
6351437,55.3351953,
6351469,55.33291851,
6351500,55.33064171,
6351531,55.33064171,
6351563,55.33291851,
6351594,55.33064171,
6351626,55.33291851,
6351657,55.33064171,
6351689,55.33064171,
6351720,55.33291851,
6351751,55.33291851,
6351783,55.33291851,
6351814,55.33291851,
6351845,55.33291851,
6351877,55.32836492,
6351993,55.33064171,
6352124,55.33291851,
6352156,55.33064171,
6352188,55.33291851,
6352220,55.33064171,
6352251,55.33291851,
6352283,55.33291851,
6352314,55.33064171,
6352345,55.33291851,
6352377,55.33291851,
6352408,55.33064171,
6352440,55.33064171,
6352471,55.33064171,
6352503,55.32836492,
6352534,55.33064171,
6352565,55.33064171,
6352597,55.33291851,
6352628,55.33064171,
6352660,55.33291851,
6352691,55.33064171,
6352921,55.33291851,
6353053,55.33291851,
6353085,55.33064171,
6353116,55.33064171,
6353148,55.33291851,
6353179,55.33291851,
6353211,55.33064171,
6353243,55.33064171,
6353274,55.33291851,
6353306,55.33064171,
6353337,55.33064171,
6353368,55.3351953,
6353400,55.33064171,
6353431,55.33291851,
6353463,55.33291851,
6353494,55.33064171,
6353526,55.33291851,
6353557,55.33291851,
6353588,55.33064171,
6353620,55.33291851,
6353733,55.33064171,
6353863,55.33064171,
6353894,55.32836492,
6353926,55.33291851,
6353958,55.32836492,
6353989,55.33291851,
6354021,55.33064171,
6354052,55.33064171,
6354083,55.33291851,
6354115,55.33291851,
6354146,55.33291851,
6354177,55.33064171,
6354209,55.33291851,
6354240,55.3351953,
6354272,55.32836492,
6354303,55.3351953,
6354335,55.33291851,
6354366,55.33064171,
6354397,55.3351953,
6354429,55.33291851,
6354552,55.33291851,
6354683,55.33291851,
6354715,55.33064171,
6354747,55.33064171,
6354779,55.32836492,
6354810,55.33064171,
6354842,55.33064171,
6354873,55.33291851,
6354904,55.33291851,
6354936,55.33064171,
6354967,55.33064171,
6354999,55.32836492,
6355030,55.33291851,
6355062,55.33291851,
6355093,55.33291851,
6355124,55.33291851,
6355156,55.33064171,
6355187,55.33291851,
6355219,55.33064171,
6355250,55.33291851,
6355378,55.33064171,
6355510,55.33291851,
6355542,55.33064171,
6355573,55.33291851,
6355605,55.33064171,
6355636,55.3351953,
6355668,55.33064171,
6355699,55.33291851,
6355730,55.3351953,
6355762,55.33291851,
6355793,55.33064171,
6355825,55.33064171,
6355856,55.3351953,
6355888,55.3351953,
6355919,55.33291851,
6355950,55.33291851,
6355982,55.33064171,
6356013,55.33064171,
6356045,55.3351953,
6356076,55.33064171,
6356193,55.33064171,
6356324,55.33064171,
6356355,55.33064171,
6356387,55.33291851,
6356419,55.32836492,
6356450,55.33064171,
6356482,55.33291851,
6356513,55.33064171,
6356544,55.33291851,
6356575,55.33291851,
6356607,55.33291851,
6356638,55.33291851,
6356670,55.33064171,
6356701,55.33064171,
6356732,55.33064171,
6356764,55.32836492,
6356795,55.33064171,
6356827,55.33291851,
6356858,55.33291851,
6356890,55.33291851,
6357022,55.33291851,
6357153,55.3351953,
6357185,55.33291851,
6357216,55.33064171,
6357248,55.33064171,
6357279,55.33064171,
6357311,55.32836492,
6357342,55.33064171,
6357374,55.32836492,
6357405,55.3351953,
6357437,55.33291851,
6357468,55.33291851,
6357500,55.33291851,
6357531,55.33291851,
6357562,55.32836492,
6357594,55.33064171,
6357625,55.33291851,
6357656,55.33064171,
6357688,55.33064171,
6357719,55.33291851,
6357845,55.33064171,
6357977,55.33291851,
6358009,55.33064171,
6358040,55.33064171,
6358072,55.32836492,
6358103,55.33291851,
6358135,55.33064171,
6358166,55.33064171,
6358197,55.33064171,
6358229,55.33291851,
6358260,55.33291851,
6358292,55.33064171,
6358323,55.33291851,
6358355,55.33064171,
6358386,55.33291851,
6358418,55.33291851,
6358449,55.33064171,
6358480,55.33064171,
6358512,55.33064171,
6358543,55.33291851,
6358653,55.33064171,
6358784,55.33291851,
6358815,55.33064171,
6358847,55.33291851,
6358879,55.33291851,
6358910,55.3351953,
6358942,55.33291851,
6358973,55.33064171,
6359004,55.33291851,
6359036,55.33291851,
6359067,55.33291851,
6359099,55.3351953,
6359130,55.33064171,
6359162,55.33064171,
6359193,55.33291851,
6359224,55.33291851,
6359256,55.33064171,
6359287,55.33064171,
6359318,55.3351953,
6359350,55.33064171,
6359471,55.33291851,
6359602,55.33747209,
6359633,55.33291851,
6359665,55.33064171,
6359697,55.33064171,
6359728,55.33291851,
6359760,55.33291851,
6359791,55.33064171,
6359822,55.3351953,
6359854,55.33291851,
6359886,55.33064171,
6359917,55.33291851,
6359948,55.33291851,
6359980,55.33064171,
6360011,55.33291851,
6360042,55.33291851,
6360074,55.3351953,
6360105,55.33064171,
6360136,55.32836492,
6360168,55.3351953,
6360294,55.33291851,
6360426,55.33064171,
6360457,55.33291851,
6360489,55.33291851,
6360521,55.33291851,
6360552,55.3351953,
6360584,55.32836492,
6360616,55.33291851,
6360647,55.33291851,
6360679,55.33291851,
6360710,55.33291851,
6360741,55.33291851,
6360773,55.3351953,
6360804,55.33291851,
6360836,55.33064171,
6360867,55.33064171,
6360899,55.33291851,
6360930,55.33291851,
6360961,55.33291851,
6360993,55.33291851,
6361115,55.33064171,
6361246,55.33291851,
6361278,55.33291851,
6361309,55.33291851,
6361341,55.33291851,
6361372,55.33291851,
6361403,55.33291851,
6361434,55.33291851,
6361465,55.33064171,
6361497,55.33064171,
6361529,55.33064171,
6361560,55.33291851,
6361592,55.33291851,
6361623,55.33291851,
6361654,55.33291851,
6361686,55.33064171,
6361717,55.3351953,
6361749,55.33291851,
6361780,55.33291851,
6361812,55.33291851,
6361942,55.33291851,
6362073,55.33291851,
6362105,55.33064171,
6362137,55.32836492,
6362168,55.33291851,
6362199,55.33291851,
6362230,55.33291851,
6362261,55.33291851,
6362293,55.3351953,
6362324,55.33291851,
6362356,55.33291851,
6362387,55.3351953,
6362419,55.33291851,
6362450,55.33291851,
6362481,55.33291851,
6362513,55.33291851,
6362544,55.3351953,
6362576,55.33291851,
6362607,55.33291851,
6362639,55.3351953,
6362747,55.33291851,
6362878,55.33291851,
6362909,55.33291851,
6362941,55.33064171,
6362973,55.3351953,
6363004,55.33291851,
6363035,55.33291851,
6363066,55.3351953,
6363097,55.33291851,
6363129,55.33064171,
6363161,55.32836492,
6363192,55.33291851,
6363223,55.33064171,
6363255,55.33291851,
6363286,55.33064171,
6363317,55.33064171,
6363349,55.32836492,
6363380,55.33291851,
6363412,55.33291851,
6363443,55.33064171,
6363566,55.33064171,
6363697,55.33291851,
6363729,55.33064171,
6363761,55.33291851,
6363792,55.33291851,
6363823,55.3351953,
6363855,55.33291851,
6363887,55.33291851,
6363918,55.33291851,
6363950,55.33291851,
6363981,55.33064171,
6364012,55.33291851,
6364044,55.33291851,
6364075,55.33291851,
6364107,55.33291851,
6364138,55.33291851,
6364169,55.33064171,
6364201,55.33064171,
6364232,55.33291851,
6364263,55.3351953,
6364590,55.3351953,
6364721,55.33291851,
6364753,55.3351953,
6364785,55.33064171,
6364817,55.33291851,
6364848,55.33291851,
6364880,55.33291851,
6364911,55.32836492,
6364942,55.33291851,
6364974,55.33291851,
6365005,55.33291851,
6365037,55.3351953,
6365068,55.33291851,
6365100,55.33291851,
6365131,55.3351953,
6365162,55.33291851,
6365194,55.33064171,
6365225,55.33291851,
6365257,55.3351953,
6365288,55.33064171,
6365418,55.33291851,
6365549,55.3351953,
6365581,55.32836492,
6365612,55.3351953,
6365643,55.33064171,
6365675,55.33064171,
6365706,55.3351953,
6365738,55.33291851,
6365769,55.33291851,
6365801,55.33064171,
6365832,55.33064171,
6365863,55.33291851,
6365895,55.3351953,
6365927,55.33291851,
6365958,55.33064171,
6365990,55.33291851,
6366021,55.33064171,
6366052,55.33064171,
6366083,55.33064171,
6366115,55.3351953,
6366310,55.3351953,
6366441,55.33064171,
6366473,55.3351953,
6366505,55.33291851,
6366536,55.33291851,
6366567,55.33291851,
6366598,55.33064171,
6366630,55.33291851,
6366662,55.33291851,
6366693,55.32836492,
6366724,55.33064171,
6366756,55.3351953,
6366787,55.33064171,
6366819,55.33291851,
6366850,55.33291851,
6366882,55.3351953,
6366913,55.33291851,
6366945,55.3351953,
6366976,55.32836492,
6367007,55.33291851,
6367155,55.32836492,
6367286,55.33291851,
6367318,55.33974889,
6367349,55.33291851,
6367380,55.33064171,
6367411,55.33064171,
6367443,55.33291851,
6367475,55.33291851,
6367506,55.3351953,
6367538,55.33064171,
6367569,55.33291851,
6367600,55.33064171,
6367632,55.33064171,
6367663,55.33291851,
6367695,55.33291851,
6367726,55.33291851,
6367757,55.33291851,
6367789,55.33291851,
6367820,55.33291851,
6367852,55.33291851,
6367995,55.33064171,
6368126,55.33291851,
6368158,55.3351953,
6368190,55.33291851,
6368221,55.33064171,
6368253,55.33291851,
6368284,55.33291851,
6368315,55.33064171,
6368346,55.33064171,
6368378,55.33291851,
6368409,55.33291851,
6368440,55.33291851,
6368472,55.33064171,
6368503,55.33291851,
6368534,55.33064171,
6368566,55.33291851,
6368597,55.33291851,
6368629,55.3351953,
6368660,55.33291851,
6368692,55.33064171,
6368794,55.33064171,
6368925,55.33747209,
6368957,55.33291851,
6368988,55.33064171,
6369019,55.33064171,
6369050,55.33291851,
6369082,55.33291851,
6369114,55.33291851,
6369145,55.33064171,
6369177,55.33291851,
6369208,55.33291851,
6369239,55.33064171,
6369271,55.33291851,
6369302,55.33291851,
6369333,55.33291851,
6369365,55.33291851,
6369396,55.3351953,
6369427,55.33291851,
6369458,55.33291851,
6369490,55.33291851,
6372380,55.33064171,
6372511,55.33291851,
6372543,55.33291851,
6372574,55.33291851,
6372606,55.33291851,
6372637,55.33291851,
6372669,55.33064171,
6372700,55.33291851,
6372731,55.33291851,
6372763,55.33291851,
6372794,55.33291851,
6372825,55.3351953,
6372857,55.33291851,
6372889,55.33291851,
6372920,55.33291851,
6372952,55.33291851,
6372983,55.33291851,
6373014,55.33291851,
6373045,55.33291851,
6373077,55.33291851,
6373199,55.33291851,
6373330,55.33747209,
6373362,55.33747209,
6373394,55.33291851,
6373425,55.33291851,
6373456,55.33064171,
6373488,55.33064171,
6373519,55.33064171,
6373551,55.33291851,
6373582,55.33291851,
6373614,55.33291851,
6373645,55.33291851,
6373677,55.33291851,
6373708,55.3351953,
6373739,55.33291851,
6373771,55.33291851,
6373802,55.3351953,
6373834,55.33291851,
6373865,55.33747209,
6373897,55.33291851,
6374027,55.33291851,
6374159,55.33291851,
6374191,55.3351953,
6374223,55.33064171,
6374254,55.33291851,
6374286,55.3351953,
6374318,55.33291851,
6374350,55.3351953,
6374381,55.33291851,
6374413,55.3351953,
6374445,55.33291851,
6374477,55.33291851,
6374509,55.3351953,
6374540,55.33291851,
6374571,55.3351953,
6374603,55.3351953,
6374634,55.33291851,
6374666,55.33291851,
6374697,55.3351953,
6374729,55.3351953,
6374852,55.33291851,
6374983,55.33291851,
6375017,55.3351953,
6375050,55.33291851,
6375082,55.3351953,
6375114,55.3351953,
6375145,55.33291851,
6375177,55.33747209,
6375209,55.33291851,
6375240,55.33291851,
6375271,55.33291851,
6375302,55.33291851,
6375334,55.3351953,
6375366,55.33064171,
6375397,55.33291851,
6375429,55.33291851,
6375461,55.33291851,
6375493,55.3351953,
6375525,55.3351953,
6375557,55.33291851,
6378840,55.3351953,
6378972,55.33064171,
6379003,55.3351953,
6379035,55.33291851,
6379066,55.32836492,
6379098,55.33291851,
6379129,55.33291851,
6379160,55.3351953,
6379191,55.33291851,
6379223,55.33291851,
6379255,55.3351953,
6379286,55.33291851,
6379317,55.33291851,
6379348,55.33747209,
6379379,55.33747209,
6379411,55.33291851,
6379442,55.33291851,
6379474,55.3351953,
6379505,55.3351953,
6379537,55.33064171,
6379658,55.33291851,
6379789,55.3351953,
6379822,55.3351953,
6379853,55.33064171,
6379884,55.33291851,
6379916,55.3351953,
6379947,55.33291851,
6379979,55.33291851,
6380010,55.33291851,
6380042,55.33291851,
6380073,55.3351953,
6380104,55.33291851,
6380135,55.33064171,
6380167,55.3351953,
6380198,55.33291851,
6380229,55.33291851,
6380261,55.33291851,
6380292,55.33064171,
6380324,55.33291851,
6380355,55.33291851,
6380478,55.3351953,
6380609,55.33291851,
6380641,55.33291851,
6380673,55.33747209,
6380704,55.33291851,
6380736,55.3351953,
6380767,55.33291851,
6380798,55.33291851,
6380829,55.33291851,
6380861,55.3351953,
6380893,55.3351953,
6380924,55.33064171,
6380956,55.33291851,
6380987,55.3351953,
6381018,55.33747209,
6381050,55.33291851,
6381081,55.33064171,
6381112,55.33291851,
6381144,55.33291851,
6381176,55.33291851,
6381301,55.3351953,
6381432,55.33291851,
6381464,55.33974889,
6381495,55.3351953,
6381527,55.33291851,
6381558,55.3351953,
6381590,55.33291851,
6381621,55.3351953,
6381652,55.33291851,
6381684,55.33291851,
6381715,55.3351953,
6381746,55.3351953,
6381778,55.33291851,
6381810,55.3351953,
6381841,55.33291851,
6381872,55.33291851,
6381903,55.33064171,
6381934,55.33291851,
6381966,55.3351953,
6381998,55.3351953,
6382216,55.33291851,
6382347,55.3351953,
6382379,55.33291851,
6382410,55.33747209,
6382442,55.3351953,
6382473,55.3351953,
6382505,55.33747209,
6382536,55.3351953,
6382567,55.3351953,
6382599,55.3351953,
6382630,55.3351953,
6382662,55.3351953,
6382693,55.33291851,
6382725,55.33747209,
6382756,55.33291851,
6382788,55.33291851,
6382819,55.3351953,
6382850,55.3351953,
6382882,55.33291851,
6382913,55.33291851,
6383039,55.3351953,
6383170,55.33291851,
6383202,55.33291851,
6383233,55.3351953,
6383265,55.33064171,
6383296,55.3351953,
6383328,55.3351953,
6383359,55.33291851,
6383390,55.33291851,
6383422,55.33747209,
6383453,55.33291851,
6383485,55.3351953,
6383516,55.33291851,
6383548,55.33064171,
6383579,55.3351953,
6383611,55.33291851,
6383642,55.3351953,
6383673,55.3351953,
6383704,55.33291851,
6383736,55.3351953,
6387113,55.33291851,
6387244,55.3351953,
6387276,55.3351953,
6387308,55.33291851,
6387339,55.33291851,
6387370,55.33291851,
6387402,55.3351953,
6387433,55.3351953,
6387465,55.3351953,
6387496,55.33291851,
6387528,55.3351953,
6387559,55.3351953,
6387590,55.3351953,
6387622,55.33291851,
6387653,55.33291851,
6387685,55.33291851,
6387716,55.33291851,
6387748,55.33291851,
6387779,55.33291851,
6387810,55.3351953,
6387945,55.33291851,
6388076,55.3351953,
6388108,55.33291851,
6388139,55.33291851,
6388171,55.33291851,
6388202,55.33291851,
6388234,55.3351953,
6388265,55.33291851,
6388296,55.33291851,
6388328,55.33291851,
6388359,55.33291851,
6388391,55.33291851,
6388422,55.33064171,
6388454,55.33747209,
6388485,55.3351953,
6388516,55.33291851,
6388548,55.33291851,
6388579,55.33291851,
6388610,55.3351953,
6388642,55.3351953,
6388859,55.3351953,
6388990,55.3351953,
6389021,55.33291851,
6389053,55.33291851,
6389085,55.3351953,
6389116,55.3351953,
6389148,55.3351953,
6389179,55.3351953,
6389210,55.33747209,
6389242,55.33291851,
6389273,55.33291851,
6389304,55.33291851,
6389336,55.3351953,
6389367,55.33291851,
6389399,55.33291851,
6389430,55.3351953,
6389462,55.33291851,
6389493,55.3351953,
6389524,55.33291851,
6389556,55.3351953,
6389692,55.3351953,
6389823,55.3351953,
6389855,55.33291851,
6389887,55.33291851,
6389918,55.33291851,
6389950,55.33064171,
6389981,55.33291851,
6390013,55.3351953,
6390044,55.33291851,
6390076,55.33291851,
6390107,55.3351953,
6390138,55.33291851,
6390170,55.33291851,
6390201,55.33291851,
6390232,55.3351953,
6390264,55.3351953,
6390295,55.33291851,
6390327,55.3351953,
6390358,55.3351953,
6390390,55.33291851,
6390514,55.3351953,
6390646,55.3351953,
6390678,55.33291851,
6390709,55.3351953,
6390741,55.33291851,
6390773,55.3351953,
6390804,55.33291851,
6390835,55.33291851,
6390866,55.3351953,
6390898,55.33747209,
6390930,55.3351953,
6390961,55.33291851,
6390992,55.33291851,
6391024,55.3351953,
6391055,55.3351953,
6391087,55.3351953,
6391118,55.33291851,
6391149,55.33064171,
6391181,55.3351953,
6391212,55.3351953,
6391332,55.3351953,
6391463,55.3351953,
6391495,55.33291851,
6391526,55.33291851,
6391558,55.3351953,
6391590,55.33291851,
6391621,55.3351953,
6391652,55.33291851,
6391683,55.33291851,
6391715,55.3351953,
6391747,55.33291851,
6391778,55.3351953,
6391809,55.33291851,
6391841,55.33291851,
6391872,55.3351953,
6391904,55.33291851,
6391935,55.33291851,
6391966,55.33291851,
6391998,55.33291851,
6392029,55.33291851,
6392154,55.3351953,
6392285,55.3351953,
6392317,55.33747209,
6392349,55.33291851,
6392380,55.3351953,
6392412,55.3351953,
6392443,55.3351953,
6392475,55.3351953,
6392506,55.33291851,
6392538,55.3351953,
6392569,55.33747209,
6392600,55.33291851,
6392632,55.3351953,
6392663,55.3351953,
6392694,55.3351953,
6392726,55.3351953,
6392757,55.33291851,
6392789,55.33291851,
6392820,55.33291851,
6392852,55.3351953,
6392965,55.33291851,
6393096,55.3351953,
6393128,55.33747209,
6393159,55.33747209,
6393191,55.33291851,
6393222,55.3351953,
6393254,55.33291851,
6393285,55.3351953,
6393316,55.3351953,
6393348,55.3351953,
6393379,55.33064171,
6393411,55.3351953,
6393442,55.3351953,
6393474,55.3351953,
6393505,55.3351953,
6393536,55.33291851,
6393568,55.33291851,
6393599,55.33747209,
6393630,55.3351953,
6393662,55.33291851,
6393785,55.33064171,
6393916,55.3351953,
6393948,55.33747209,
6393980,55.33291851,
6394011,55.3351953,
6394042,55.3351953,
6394074,55.3351953,
6394106,55.3351953,
6394137,55.33291851,
6394169,55.3351953,
6394200,55.3351953,
6394231,55.33747209,
6394263,55.3351953,
6394294,55.3351953,
6394325,55.33064171,
6394357,55.33291851,
6394388,55.3351953,
6394420,55.3351953,
6394451,55.3351953,
6394483,55.33291851,
6394610,55.33291851,
6394741,55.3351953,
6394773,55.33291851,
6394805,55.3351953,
6394836,55.33291851,
6394868,55.33291851,
6394899,55.33291851,
6394931,55.3351953,
6394962,55.33291851,
6394993,55.3351953,
6395025,55.33291851,
6395056,55.3351953,
6395088,55.3351953,
6395119,55.3351953,
6395151,55.3351953,
6395182,55.33291851,
6395214,55.33291851,
6395245,55.3351953,
6395277,55.33747209,
6395308,55.3351953,
6395425,55.3351953,
6395556,55.3351953,
6395588,55.3351953,
6395620,55.33064171,
6395651,55.3351953,
6395682,55.3351953,
6395714,55.3351953,
6395746,55.3351953,
6395777,55.33291851,
6395809,55.3351953,
6395840,55.33291851,
6395871,55.3351953,
6395903,55.33291851,
6395934,55.3351953,
6395966,55.33291851,
6395997,55.3351953,
6396029,55.33291851,
6396060,55.3351953,
6396091,55.3351953,
6396123,55.33291851,
6396255,55.33747209,
6396386,55.33291851,
6396419,55.33747209,
6396451,55.33291851,
6396482,55.33747209,
6396514,55.33291851,
6396545,55.33291851,
6396576,55.33291851,
6396608,55.3351953,
6396639,55.33747209,
6396670,55.33064171,
6396702,55.33291851,
6396733,55.33291851,
6396765,55.3351953,
6396796,55.3351953,
6396828,55.3351953,
6396859,55.33291851,
6396890,55.3351953,
6396922,55.3351953,
6396954,55.3351953,
6397064,55.33291851,
6397195,55.3351953,
6397227,55.33291851,
6397259,55.3351953,
6397290,55.3351953,
6397322,55.3351953,
6397353,55.3351953,
6397385,55.33291851,
6397416,55.33747209,
6397447,55.33747209,
6397479,55.3351953,
6397510,55.3351953,
6397542,55.33291851,
6397573,55.3351953,
6397604,55.3351953,
6397636,55.3351953,
6397667,55.33747209,
6397699,55.33291851,
6397730,55.3351953,
6397762,55.3351953,
6397893,55.3351953,
6398025,55.33747209,
6398057,55.33291851,
6398088,55.33291851,
6398120,55.3351953,
6398152,55.33291851,
6398183,55.3351953,
6398214,55.33291851,
6398245,55.33291851,
6398277,55.3351953,
6398308,55.3351953,
6398340,55.33291851,
6398371,55.33747209,
6398403,55.33291851,
6398434,55.33291851,
6398466,55.3351953,
6398497,55.33291851,
6398528,55.3351953,
6398560,55.3351953,
6398591,55.3351953,
6398702,55.33747209,
6398834,55.33747209,
6398866,55.3351953,
6398898,55.3351953,
6398929,55.33291851,
6398961,55.3351953,
6398992,55.3351953,
6399023,55.3351953,
6399054,55.33291851,
6399086,55.3351953,
6399118,55.3351953,
6399149,55.33291851,
6399180,55.33291851,
6399212,55.3351953,
6399243,55.33291851,
6399275,55.3351953,
6399306,55.3351953,
6399337,55.3351953,
6399369,55.33291851,
6399400,55.33747209,
6399525,55.33747209,
6399656,55.3351953,
6399689,55.3351953,
6399720,55.3351953,
6399752,55.3351953,
6399783,55.33291851,
6399815,55.3351953,
6399846,55.3351953,
6399877,55.33291851,
6399909,55.3351953,
6399940,55.33291851,
6399972,55.3351953,
6400003,55.33747209,
6400035,55.33291851,
6400066,55.33974889,
6400098,55.3351953,
6400129,55.3351953,
6400160,55.3351953,
6400192,55.33291851,
6400223,55.33747209,
6400337,55.33291851,
6400468,55.3351953,
6400501,55.33747209,
6400532,55.3351953,
6400563,55.3351953,
6400595,55.3351953,
6400626,55.3351953,
6400658,55.3351953,
6400689,55.3351953,
6400721,55.3351953,
6400752,55.3351953,
6400783,55.3351953,
6400815,55.3351953,
6400846,55.33291851,
6400878,55.33747209,
6400910,55.33747209,
6400941,55.3351953,
6400972,55.3351953,
6401003,55.33291851,
6401035,55.3351953,
6401161,55.33291851,
6401292,55.3351953,
6401325,55.33974889,
6401356,55.3351953,
6401387,55.33291851,
6401419,55.33291851,
6401451,55.3351953,
6401482,55.3351953,
6401513,55.3351953,
6401545,55.33747209,
6401576,55.3351953,
6401607,55.33747209,
6401639,55.3351953,
6401670,55.3351953,
6401702,55.3351953,
6401733,55.33747209,
6401765,55.3351953,
6401796,55.3351953,
6401828,55.33291851,
6401859,55.33291851,
6401990,55.33291851,
6402121,55.3351953,
6402154,55.3351953,
6402185,55.33747209,
6402216,55.33974889,
6402248,55.33291851,
6402279,55.3351953,
6402311,55.33747209,
6402342,55.3351953,
6402374,55.33747209,
6402405,55.3351953,
6402436,55.3351953,
6402468,55.3351953,
6402499,55.33747209,
6402530,55.3351953,
6402562,55.33747209,
6402594,55.3351953,
6402625,55.3351953,
6402656,55.33747209,
6402688,55.3351953,
6402817,55.3351953,
6402948,55.3351953,
6402981,55.33747209,
6403012,55.33747209,
6403043,55.3351953,
6403075,55.33291851,
6403107,55.3351953,
6403138,55.33747209,
6403170,55.3351953,
6403201,55.3351953,
6403232,55.33974889,
6403264,55.3351953,
6403295,55.3351953,
6403326,55.33291851,
6403358,55.3351953,
6403389,55.3351953,
6403421,55.33291851,
6403452,55.3351953,
6403484,55.33064171,
6403515,55.33747209,
6403623,55.3351953,
6403754,55.3351953,
6403786,55.3351953,
6403817,55.33291851,
6403849,55.3351953,
6403881,55.33291851,
6403912,55.33747209,
6403943,55.3351953,
6403975,55.3351953,
6404006,55.33747209,
6404038,55.3351953,
6404069,55.33291851,
6404101,55.3351953,
6404132,55.33291851,
6404163,55.33291851,
6404195,55.3351953,
6404226,55.33291851,
6404258,55.3351953,
6404289,55.3351953,
6404321,55.3351953,
6404521,55.33291851,
6404652,55.3351953,
6404683,55.3351953,
6404715,55.3351953,
6404747,55.3351953,
6404778,55.3351953,
6404810,55.33291851,
6404841,55.3351953,
6404873,55.3351953,
6404904,55.3351953,
6404936,55.33291851,
6404967,55.3351953,
6404998,55.3351953,
6405030,55.33747209,
6405061,55.33747209,
6405092,55.33747209,
6405124,55.3351953,
6405156,55.33291851,
6405187,55.33747209,
6405218,55.33291851,
6405355,55.33974889,
6405486,55.3351953,
6405519,55.33291851,
6405551,55.3351953,
6405582,55.33291851,
6405613,55.33747209,
6405645,55.33747209,
6405676,55.3351953,
6405707,55.33747209,
6405739,55.3351953,
6405770,55.3351953,
6405802,55.3351953,
6405833,55.33291851,
6405865,55.3351953,
6405896,55.33291851,
6405928,55.3351953,
6405959,55.3351953,
6405990,55.3351953,
6406021,55.33291851,
6406053,55.3351953,
6406183,55.33747209,
6406314,55.3351953,
6406346,55.3351953,
6406378,55.33291851,
6406409,55.3351953,
6406441,55.3351953,
6406472,55.3351953,
6406503,55.3351953,
6406534,55.33747209,
6406566,55.33747209,
6406597,55.33291851,
6406629,55.33747209,
6406660,55.3351953,
6406692,55.3351953,
6406723,55.3351953,
6406755,55.33291851,
6406786,55.3351953,
6406817,55.3351953,
6406849,55.33291851,
6406880,55.3351953,
6406996,55.3351953,
6407128,55.33747209,
6407160,55.3351953,
6407191,55.3351953,
6407222,55.3351953,
6407253,55.33747209,
6407285,55.33747209,
6407317,55.3351953,
6407348,55.3351953,
6407380,55.33291851,
6407411,55.33291851,
6407442,55.33291851,
6407474,55.33291851,
6407505,55.33291851,
6407536,55.33291851,
6407568,55.3351953,
6407599,55.3351953,
6407631,55.3351953,
6407662,55.3351953,
6407694,55.33291851,
6407924,55.33291851,
6408055,55.3351953,
6408087,55.3351953,
6408119,55.3351953,
6408150,55.33064171,
6408182,55.33747209,
6408213,55.3351953,
6408244,55.3351953,
6408276,55.33747209,
6408307,55.3351953,
6408339,55.3351953,
6408370,55.3351953,
6408402,55.33291851,
6408433,55.33064171,
6408464,55.33291851,
6408496,55.33747209,
6408527,55.33291851,
6408559,55.3351953,
6408590,55.3351953,
6408621,55.3351953,
6408933,55.3351953,
6409064,55.33291851,
6409096,55.3351953,
6409128,55.3351953,
6409159,55.33747209,
6409191,55.33291851,
6409222,55.33291851,
6409254,55.33747209,
6409285,55.3351953,
6409317,55.3351953,
6409348,55.33291851,
6409379,55.3351953,
6409411,55.33747209,
6409442,55.3351953,
6409474,55.3351953,
6409505,55.33291851,
6409536,55.3351953,
6409568,55.33747209,
6409599,55.33747209,
6409631,55.3351953,
6409782,55.33291851,
6409914,55.3351953,
6409946,55.3351953,
6409978,55.3351953,
6410009,55.33747209,
6410041,55.33747209,
6410072,55.33291851,
6410103,55.3351953,
6410135,55.33291851,
6410167,55.33291851,
6410198,55.33747209,
6410229,55.3351953,
6410261,55.3351953,
6410292,55.33747209,
6410323,55.3351953,
6410355,55.3351953,
6410386,55.33747209,
6410418,55.33747209,
6410449,55.33291851,
6410481,55.33747209,
6410577,55.3351953,
6410708,55.3351953,
6410741,55.3351953,
6410772,55.33291851,
6410803,55.3351953,
6410834,55.33747209,
6410866,55.3351953,
6410897,55.3351953,
6410929,55.33291851,
6410960,55.3351953,
6410992,55.3351953,
6411023,55.33747209,
6411055,55.33291851,
6411086,55.33747209,
6411117,55.33291851,
6411149,55.3351953,
6411180,55.3351953,
6411211,55.3351953,
6411243,55.3351953,
6411274,55.33747209,
6411407,55.33747209,
6411539,55.33747209,
6411571,55.33291851,
6411602,55.33291851,
6411634,55.3351953,
6411666,55.3351953,
6411697,55.3351953,
6411728,55.33291851,
6411759,55.33291851,
6411791,55.33747209,
6411822,55.33291851,
6411854,55.3351953,
6411885,55.3351953,
6411917,55.33747209,
6411948,55.33747209,
6411980,55.33747209,
6412011,55.33974889,
6412043,55.3351953,
6412074,55.3351953,
6412106,55.3351953,
6412236,55.3351953,
6412366,55.3351953,
6412399,55.33291851,
6412430,55.3351953,
6412461,55.33291851,
6412493,55.33747209,
6412525,55.3351953,
6412556,55.3351953,
6412588,55.3351953,
6412619,55.33291851,
6412650,55.3351953,
6412681,55.3351953,
6412713,55.33747209,
6412744,55.33291851,
6412776,55.3351953,
6412807,55.3351953,
6412839,55.33747209,
6412870,55.33291851,
6412902,55.3351953,
6412933,55.33291851,
6413058,55.33064171,
6413189,55.3351953,
6413222,55.3351953,
6413253,55.33291851,
6413285,55.33747209,
6413316,55.33747209,
6413348,55.3351953,
6413379,55.33747209,
6413411,55.33291851,
6413442,55.3351953,
6413473,55.33291851,
6413505,55.3351953,
6413536,55.33291851,
6413568,55.33747209,
6413599,55.33291851,
6413630,55.3351953,
6413662,55.33291851,
6413693,55.3351953,
6413725,55.33747209,
6413756,55.33064171,
6413959,55.3351953,
6414091,55.3351953,
6414123,55.3351953,
6414155,55.33747209,
6414186,55.33291851,
6414217,55.3351953,
6414249,55.3351953,
6414280,55.3351953,
6414311,55.3351953,
6414343,55.33747209,
6414374,55.33291851,
6414406,55.33747209,
6414437,55.3351953,
6414469,55.3351953,
6414500,55.33291851,
6414532,55.33291851,
6414563,55.3351953,
6414594,55.33747209,
6414625,55.33291851,
6414657,55.33291851,
6414775,55.3351953,
6414906,55.33747209,
6414938,55.33747209,
6414970,55.33291851,
6415001,55.3351953,
6415032,55.3351953,
6415064,55.3351953,
6415096,55.3351953,
6415127,55.33747209,
6415158,55.33747209,
6415190,55.33747209,
6415221,55.33747209,
6415253,55.3351953,
6415284,55.3351953,
6415315,55.33291851,
6415347,55.3351953,
6415378,55.3351953,
6415410,55.3351953,
6415441,55.33747209,
6415473,55.33747209,
6415604,55.3351953,
6415735,55.33747209,
6415767,55.33291851,
6415799,55.3351953,
6415830,55.3351953,
6415862,55.3351953,
6415893,55.33747209,
6415924,55.3351953,
6415956,55.3351953,
6415987,55.33747209,
6416019,55.3351953,
6416050,55.3351953,
6416081,55.3351953,
6416112,55.33747209,
6416144,55.3351953,
6416175,55.3351953,
6416207,55.33291851,
6416238,55.3351953,
6416270,55.33747209,
6416301,55.3351953,
6416421,55.33747209,
6416552,55.3351953,
6416585,55.3351953,
6416616,55.33291851,
6416647,55.33747209,
6416679,55.33747209,
6416710,55.33291851,
6416742,55.33291851,
6416773,55.3351953,
6416805,55.3351953,
6416836,55.3351953,
6416867,55.33291851,
6416899,55.33291851,
6416930,55.3351953,
6416962,55.33747209,
6416993,55.33747209,
6417025,55.3351953,
6417056,55.3351953,
6417088,55.33291851,
6417119,55.3351953,
6417232,55.33291851,
6417364,55.33747209,
6417396,55.33747209,
6417427,55.33747209,
6417459,55.3351953,
6417490,55.33291851,
6417522,55.3351953,
6417553,55.3351953,
6417584,55.3351953,
6417616,55.3351953,
6417648,55.33291851,
6417679,55.3351953,
6417711,55.33747209,
6417742,55.33747209,
6417773,55.3351953,
6417805,55.33747209,
6417836,55.33291851,
6417868,55.3351953,
6417899,55.3351953,
6417930,55.3351953,
6418055,55.3351953,
6418186,55.33291851,
6418219,55.33291851,
6418251,55.3351953,
6418282,55.33747209,
6418313,55.33291851,
6418345,55.3351953,
6418376,55.3351953,
6418407,55.33291851,
6418439,55.3351953,
6418470,55.33974889,
6418502,55.3351953,
6418533,55.3351953,
6418565,55.33291851,
6418596,55.3351953,
6418628,55.33064171,
6418659,55.33291851,
6418690,55.3351953,
6418721,55.33747209,
6418753,55.33747209,
6418876,55.33747209,
6419007,55.3351953,
6419040,55.33291851,
6419072,55.3351953,
6419103,55.3351953,
6419135,55.3351953,
6419166,55.33747209,
6419198,55.3351953,
6419229,55.3351953,
6419261,55.3351953,
6419292,55.33291851,
6419323,55.33747209,
6419355,55.33291851,
6419387,55.33291851,
6419418,55.3351953,
6419449,55.33747209,
6419481,55.3351953,
6419512,55.33747209,
6419544,55.3351953,
6419575,55.33974889,
6419697,55.3351953,
6419828,55.3351953,
6419861,55.3351953,
6419892,55.33291851,
6419923,55.33291851,
6419955,55.3351953,
6419986,55.3351953,
6420018,55.3351953,
6420049,55.3351953,
6420080,55.33291851,
6420112,55.3351953,
6420143,55.33291851,
6420175,55.3351953,
6420206,55.3351953,
6420237,55.3351953,
6420269,55.33291851,
6420300,55.33291851,
6420331,55.3351953,
6420363,55.3351953,
6420394,55.33291851,
6420510,55.3351953,
6420641,55.33974889,
6420674,55.33291851,
6420705,55.3351953,
6420737,55.33291851,
6420768,55.33747209,
6420800,55.3351953,
6420831,55.33747209,
6420862,55.33291851,
6420894,55.3351953,
6420925,55.3351953,
6420957,55.33747209,
6420988,55.3351953,
6421020,55.33291851,
6421051,55.3351953,
6421083,55.33291851,
6421114,55.3351953,
6421145,55.33291851,
6421177,55.33291851,
6421208,55.3351953,
6421330,55.33291851,
6421462,55.3351953,
6421494,55.33291851,
6421526,55.3351953,
6421557,55.3351953,
6421588,55.3351953,
6421619,55.33291851,
6421650,55.33747209,
6421682,55.3351953,
6421713,55.3351953,
6421745,55.3351953,
6421776,55.3351953,
6421808,55.3351953,
6421839,55.33747209,
6421870,55.33747209,
6421902,55.33747209,
6421933,55.33747209,
6421965,55.3351953,
6421996,55.33064171,
6422028,55.3351953,
6422156,55.33291851,
6422287,55.3351953,
6422320,55.3351953,
6422351,55.3351953,
6422383,55.3351953,
6422414,55.33747209,
6422447,55.33747209,
6422479,55.33291851,
6422510,55.33291851,
6422542,55.33747209,
6422573,55.33291851,
6422605,55.3351953,
6422637,55.3351953,
6422668,55.33291851,
6422700,55.33291851,
6422731,55.33291851,
6422763,55.33291851,
6422794,55.33291851,
6422826,55.33747209,
6422857,55.33747209,
6422976,55.3351953,
6423108,55.33747209,
6423140,55.33747209,
6423171,55.3351953,
6423203,55.3351953,
6423234,55.33747209,
6423266,55.33291851,
6423297,55.3351953,
6423328,55.33291851,
6423360,55.3351953,
6423391,55.3351953,
6423423,55.3351953,
6423454,55.33291851,
6423486,55.3351953,
6423517,55.3351953,
6423549,55.33291851,
6423580,55.3351953,
6423611,55.3351953,
6423643,55.33747209,
6423674,55.3351953,
6423789,55.33291851,
6423920,55.33291851,
6423952,55.33291851,
6423983,55.3351953,
6424014,55.3351953,
6424046,55.33291851,
6424077,55.33291851,
6424109,55.3351953,
6424140,55.33291851,
6424171,55.33291851,
6424202,55.3351953,
6424234,55.3351953,
6424265,55.33291851,
6424297,55.3351953,
6424328,55.33291851,
6424360,55.3351953,
6424391,55.33747209,
6424422,55.3351953,
6424453,55.3351953,
6424485,55.33291851,
6424605,55.3351953,
6424736,55.3351953,
6424768,55.33974889,
6424800,55.3351953,
6424831,55.33291851,
6424863,55.3351953,
6424895,55.3351953,
6424926,55.33064171,
6424957,55.3351953,
6424989,55.33747209,
6425020,55.3351953,
6425051,55.3351953,
6425083,55.3351953,
6425114,55.33747209,
6425146,55.3351953,
6425177,55.3351953,
6425209,55.3351953,
6425240,55.3351953,
6425271,55.33974889,
6425303,55.33747209,
6425531,55.33974889,
6425662,55.33974889,
6425695,55.33291851,
6425726,55.3351953,
6425757,55.33747209,
6425789,55.3351953,
6425820,55.3351953,
6425852,55.33747209,
6425883,55.3351953,
6425915,55.33747209,
6425946,55.33747209,
6425977,55.33747209,
6426009,55.3351953,
6426041,55.3351953,
6426072,55.3351953,
6426104,55.33291851,
6426135,55.33291851,
6426166,55.3351953,
6426197,55.3351953,
6426229,55.3351953,
6426354,55.3351953,
6426485,55.3351953,
6426517,55.33291851,
6426549,55.33291851,
6426580,55.3351953,
6426611,55.3351953,
6426643,55.3351953,
6426674,55.3351953,
6426705,55.3351953,
6426737,55.3351953,
6426768,55.33747209,
6426799,55.3351953,
6426831,55.33747209,
6426863,55.33747209,
6426894,55.33974889,
6426925,55.33747209,
6426957,55.3351953,
6426988,55.3351953,
6427020,55.33747209,
6427051,55.33291851,
6427188,55.33747209,
6427320,55.33747209,
6427352,55.3351953,
6427384,55.3351953,
6427415,55.33291851,
6427447,55.33747209,
6427478,55.3351953,
6427509,55.33747209,
6427541,55.3351953,
6427573,55.33747209,
6427604,55.3351953,
6427635,55.33291851,
6427667,55.3351953,
6427698,55.3351953,
6427729,55.3351953,
6427761,55.3351953,
6427792,55.33747209,
6427824,55.33291851,
6427855,55.3351953,
6427887,55.3351953,
6427987,55.3351953,
6428118,55.33291851,
6428150,55.3351953,
6428182,55.33747209,
6428213,55.3351953,
6428244,55.3351953,
6428276,55.3351953,
6428307,55.3351953,
6428339,55.3351953,
6428370,55.3351953,
6428402,55.33291851,
6428433,55.3351953,
6428465,55.3351953,
6428496,55.3351953,
6428527,55.33747209,
6428559,55.33291851,
6428590,55.33747209,
6428621,55.33747209,
6428653,55.3351953,
6428684,55.3351953,
6429012,55.3351953,
6429143,55.33747209,
6429175,55.3351953,
6429206,55.33291851,
6429238,55.3351953,
6429269,55.3351953,
6429301,55.33747209,
6429332,55.33291851,
6429363,55.33747209,
6429395,55.3351953,
6429426,55.3351953,
6429458,55.3351953,
6429489,55.33747209,
6429521,55.3351953,
6429552,55.33974889,
6429584,55.33291851,
6429615,55.3351953,
6429646,55.3351953,
6429677,55.33974889,
6429709,55.33747209,
6429833,55.3351953,
6429965,55.3351953,
6429997,55.3351953,
6430028,55.3351953,
6430060,55.3351953,
6430091,55.33747209,
6430123,55.3351953,
6430154,55.33291851,
6430185,55.33747209,
6430217,55.3351953,
6430248,55.3351953,
6430280,55.3351953,
6430311,55.3351953,
6430343,55.3351953,
6430374,55.3351953,
6430406,55.3351953,
6430437,55.3351953,
6430468,55.33291851,
6430499,55.3351953,
6430531,55.33747209,
6430675,55.33747209,
6430807,55.33747209,
6430839,55.3351953,
6430871,55.33974889,
6430902,55.3351953,
6430934,55.3351953,
6430965,55.33747209,
6430997,55.33974889,
6431028,55.33747209,
6431060,55.3351953,
6431091,55.3351953,
6431123,55.3351953,
6431154,55.33747209,
6431185,55.33974889,
6431216,55.3351953,
6431248,55.3351953,
6431279,55.3351953,
6431311,55.33747209,
6431342,55.33747209,
6431374,55.33747209,
6431562,55.33974889,
6431693,55.3351953,
6431725,55.33747209,
6431757,55.3351953,
6431788,55.3351953,
6431819,55.3351953,
6431851,55.33747209,
6431882,55.33291851,
6431914,55.33747209,
6431945,55.3351953,
6431977,55.3351953,
6432008,55.3351953,
6432040,55.3351953,
6432071,55.3351953,
6432102,55.3351953,
6432133,55.33291851,
6432165,55.3351953,
6432197,55.33747209,
6432228,55.3351953,
6432259,55.3351953,
6432388,55.3351953,
6432519,55.3351953,
6432552,55.33291851,
6432583,55.3351953,
6432615,55.33747209,
6432646,55.3351953,
6432678,55.33291851,
6432709,55.3351953,
6432740,55.33291851,
6432772,55.3351953,
6432803,55.33291851,
6432834,55.33747209,
6432866,55.33291851,
6432898,55.33747209,
6432929,55.3351953,
6432960,55.3351953,
6432992,55.33747209,
6433023,55.3351953,
6433054,55.33291851,
6433086,55.33747209,
6433234,55.3351953,
6433365,55.33064171,
6433398,55.3351953,
6433429,55.3351953,
6433460,55.33064171,
6433492,55.3351953,
6433524,55.33291851,
6433555,55.33747209,
6433587,55.33064171,
6433618,55.33291851,
6433649,55.33747209,
6433681,55.3351953,
6433712,55.33747209,
6433744,55.33291851,
6433775,55.3351953,
6433806,55.33291851,
6433838,55.33291851,
6433869,55.33291851,
6433901,55.3351953,
6433932,55.33291851,
6434035,55.33291851,
6434166,55.33291851,
6434198,55.3351953,
6434230,55.3351953,
6434262,55.3351953,
6434293,55.33291851,
6434325,55.3351953,
6434356,55.33291851,
6434387,55.33291851,
6434419,55.33291851,
6434450,55.33291851,
6434482,55.33291851,
6434513,55.33291851,
6434545,55.33291851,
6434576,55.33291851,
6434608,55.33291851,
6434639,55.3351953,
6434670,55.3351953,
6434702,55.3351953,
6434733,55.3351953,
6434873,55.33291851,
6435004,55.3351953,
6435037,55.3351953,
6435068,55.3351953,
6435099,55.33291851,
6435131,55.3351953,
6435163,55.3351953,
6435194,55.33291851,
6435226,55.3351953,
6435257,55.3351953,
6435288,55.32836492,
6435320,55.33064171,
6435351,55.33291851,
6435382,55.33291851,
6435414,55.33291851,
6435445,55.3351953,
6435477,55.33291851,
6435508,55.3351953,
6435540,55.33747209,
6435571,55.3351953,
6435671,55.33291851,
6435802,55.33291851,
6435834,55.33291851,
6435866,55.3351953,
6435897,55.33291851,
6435929,55.33291851,
6435960,55.3351953,
6435991,55.3351953,
6436023,55.33291851,
6436054,55.33291851,
6436086,55.33291851,
6436117,55.3351953,
6436149,55.3351953,
6436180,55.33291851,
6436211,55.3351953,
6436243,55.33291851,
6436274,55.33291851,
6436305,55.33291851,
6436337,55.3351953,
6436368,55.33291851,
6436577,55.33291851,
6436708,55.33291851,
6436740,55.33291851,
6436772,55.33291851,
6436804,55.3351953,
6436835,55.3351953,
6436867,55.3351953,
6436898,55.33064171,
6436929,55.3351953,
6436961,55.33291851,
6436992,55.3351953,
6437023,55.33747209,
6437055,55.33747209,
6437087,55.3351953,
6437118,55.3351953,
6437149,55.3351953,
6437181,55.33291851,
6437212,55.33064171,
6437243,55.3351953,
6437275,55.33291851,
6437436,55.3351953,
6437568,55.3351953,
6437600,55.33291851,
6437631,55.33291851,
6437662,55.3351953,
6437694,55.3351953,
6437726,55.33747209,
6437757,55.3351953,
6437789,55.3351953,
6437820,55.33064171,
6437851,55.33291851,
6437883,55.33291851,
6437914,55.3351953,
6437946,55.33291851,
6437977,55.33291851,
6438009,55.3351953,
6438040,55.33291851,
6438071,55.33291851,
6438103,55.33747209,
6438134,55.33291851,
6438236,55.33291851,
6438368,55.33291851,
6438400,55.3351953,
6438431,55.33291851,
6438463,55.33747209,
6438494,55.3351953,
6438526,55.33291851,
6438557,55.3351953,
6438588,55.33291851,
6438620,55.33747209,
6438651,55.33291851,
6438683,55.3351953,
6438714,55.3351953,
6438746,55.3351953,
6438777,55.3351953,
6438809,55.3351953,
6438840,55.33291851,
6438871,55.33747209,
6438903,55.33064171,
6438934,55.3351953,
6439455,55.33291851,
6439586,55.3351953,
6439618,55.3351953,
6439650,55.33291851,
6439681,55.3351953,
6439712,55.33291851,
6439744,55.33291851,
6439775,55.3351953,
6439806,55.33291851,
6439838,55.3351953,
6439870,55.3351953,
6439901,55.3351953,
6439932,55.3351953,
6439964,55.33291851,
6439995,55.3351953,
6440027,55.3351953,
6440058,55.33291851,
6440089,55.3351953,
6440120,55.33291851,
6440152,55.3351953,
6440366,55.33974889,
6440498,55.3351953,
6440529,55.33291851,
6440561,55.3351953,
6440592,55.33291851,
6440623,55.33291851,
6440655,55.3351953,
6440686,55.3351953,
6440718,55.33291851,
6440749,55.33291851,
6440781,55.3351953,
6440812,55.3351953,
6440844,55.3351953,
6440875,55.33291851,
6440906,55.33291851,
6440938,55.3351953,
6440969,55.33291851,
6441001,55.33291851,
6441032,55.33291851,
6441064,55.3351953,
6446147,55.3351953,
6446279,55.33974889,
6446310,55.3351953,
6446341,55.33291851,
6446372,55.3351953,
6446404,55.33291851,
6446435,55.3351953,
6446467,55.33291851,
6446498,55.33747209,
6446530,55.33974889,
6446561,55.33747209,
6446593,55.3351953,
6446624,55.3351953,
6446655,55.33291851,
6446687,55.33747209,
6446718,55.33291851,
6446750,55.33291851,
6446781,55.33747209,
6446813,55.33747209,
6446844,55.33291851,
6446958,55.3351953,
6447090,55.3351953,
6447122,55.3351953,
6447153,55.3351953,
6447185,55.3351953,
6447216,55.3351953,
6447248,55.33291851,
6447279,55.33291851,
6447311,55.3351953,
6447342,55.3351953,
6447373,55.3351953,
6447405,55.3351953,
6447436,55.3351953,
6447468,55.33291851,
6447499,55.3351953,
6447531,55.3351953,
6447562,55.3351953,
6447593,55.33291851,
6447625,55.33291851,
6447656,55.3351953,
6447751,55.33747209,
6447883,55.3351953,
6447915,55.33747209,
6447946,55.33291851,
6447977,55.33747209,
6448008,55.3351953,
6448040,55.3351953,
6448072,55.33747209,
6448103,55.3351953,
6448134,55.3351953,
6448166,55.33747209,
6448197,55.3351953,
6448229,55.33291851,
6448260,55.33291851,
6448291,55.33291851,
6448323,55.3351953,
6448354,55.3351953,
6448386,55.3351953,
6448417,55.33291851,
6448449,55.33291851,
6448586,55.3351953,
6448718,55.3351953,
6448750,55.33291851,
6448782,55.33747209,
6448813,55.3351953,
6448845,55.3351953,
6448876,55.3351953,
6448908,55.33747209,
6448939,55.33291851,
6448971,55.3351953,
6449002,55.3351953,
6449033,55.3351953,
6449065,55.33291851,
6449096,55.3351953,
6449127,55.3351953,
6449159,55.33291851,
6449190,55.3351953,
6449222,55.3351953,
6449253,55.3351953,
6449285,55.3351953,
6449399,55.3351953,
6449530,55.3351953,
6449563,55.33291851,
6449594,55.3351953,
6449625,55.33064171,
6449657,55.3351953,
6449689,55.3351953,
6449720,55.3351953,
6449751,55.33747209,
6449783,55.33747209,
6449814,55.3351953,
6449846,55.3351953,
6449877,55.33747209,
6449909,55.3351953,
6449940,55.3351953,
6449972,55.3351953,
6450003,55.3351953,
6450034,55.33747209,
6450066,55.3351953,
6450097,55.33747209,
6450206,55.33747209,
6450338,55.33064171,
6450370,55.3351953,
6450401,55.3351953,
6450433,55.3351953,
6450464,55.3351953,
6450496,55.3351953,
6450527,55.3351953,
6450558,55.33747209,
6450590,55.3351953,
6450621,55.3351953,
6450653,55.33747209,
6450684,55.33291851,
6450716,55.33291851,
6450747,55.3351953,
6450779,55.33291851,
6450810,55.33747209,
6450841,55.3351953,
6450872,55.3351953,
6450904,55.33747209,
6451044,55.33747209,
6451176,55.33747209,
6451208,55.33747209,
6451240,55.3351953,
6451271,55.3351953,
6451303,55.3351953,
6451334,55.33747209,
6451365,55.33747209,
6451397,55.33291851,
6451428,55.33747209,
6451460,55.33747209,
6451491,55.3351953,
6451523,55.33747209,
6451554,55.3351953,
6451585,55.33747209,
6451617,55.3351953,
6451648,55.33747209,
6451680,55.33291851,
6451711,55.33747209,
6451743,55.33291851,
6451851,55.33747209,
6451982,55.3351953,
6452014,55.3351953,
6452046,55.3351953,
6452077,55.3351953,
6452108,55.3351953,
6452140,55.3351953,
6452171,55.3351953,
6452203,55.33747209,
6452234,55.3351953,
6452266,55.33747209,
6452297,55.33291851,
6452329,55.33974889,
6452360,55.33291851,
6452391,55.3351953,
6452423,55.33747209,
6452454,55.3351953,
6452486,55.33291851,
6452517,55.3351953,
6452548,55.33747209,
6452687,55.33747209,
6452818,55.33747209,
6452851,55.33747209,
6452882,55.33974889,
6452913,55.3351953,
6452945,55.3351953,
6452977,55.3351953,
6453008,55.33974889,
6453040,55.33747209,
6453071,55.3351953,
6453102,55.3351953,
6453134,55.3351953,
6453165,55.3351953,
6453196,55.33747209,
6453228,55.33747209,
6453259,55.3351953,
6453291,55.3351953,
6453322,55.3351953,
6453354,55.33747209,
6453385,55.33747209,
6453486,55.33291851,
6453617,55.3351953,
6453649,55.33747209,
6453681,55.33747209,
6453712,55.33747209,
6453743,55.33747209,
6453775,55.3351953,
6453806,55.3351953,
6453838,55.33747209,
6453870,55.3351953,
6453901,55.3351953,
6453932,55.33747209,
6453964,55.33747209,
6453995,55.3351953,
6454026,55.33747209,
6454058,55.3351953,
6454089,55.33974889,
6454121,55.3351953,
6454152,55.33974889,
6454184,55.33747209,
6454312,55.33747209,
6454443,55.3351953,
6454476,55.3351953,
6454507,55.3351953,
6454538,55.33974889,
6454570,55.3351953,
6454602,55.3351953,
6454633,55.3351953,
6454664,55.3351953,
6454696,55.33747209,
6454727,55.3351953,
6454759,55.3351953,
6454790,55.3351953,
6454822,55.33747209,
6454853,55.3351953,
6454885,55.3351953,
6454916,55.33747209,
6454947,55.3351953,
6454979,55.33747209,
6455010,55.33747209,
6455134,55.3351953,
6455265,55.33974889,
6455297,55.33747209,
6455329,55.3351953,
6455360,55.33747209,
6455392,55.3351953,
6455423,55.33747209,
6455455,55.3351953,
6455486,55.33291851,
6455518,55.3351953,
6455549,55.3351953,
6455580,55.3351953,
6455612,55.33747209,
6455643,55.3351953,
6455674,55.3351953,
6455706,55.33291851,
6455738,55.3351953,
6455769,55.3351953,
6455800,55.3351953,
6455832,55.3351953,
6455949,55.33747209,
6456081,55.3351953,
6456113,55.33747209,
6456144,55.3351953,
6456176,55.3351953,
6456207,55.33974889,
6456239,55.3351953,
6456270,55.3351953,
6456301,55.3351953,
6456333,55.3351953,
6456364,55.3351953,
6456396,55.3351953,
6456427,55.33747209,
6456459,55.3351953,
6456490,55.3351953,
6456522,55.3351953,
6456553,55.33747209,
6456584,55.33747209,
6456616,55.3351953,
6456647,55.33291851,
6456770,55.3351953,
6456901,55.33747209,
6456933,55.3351953,
6456965,55.33291851,
6456996,55.3351953,
6457027,55.33747209,
6457059,55.33747209,
6457090,55.3351953,
6457121,55.33747209,
6457153,55.3351953,
6457185,55.3351953,
6457216,55.33747209,
6457248,55.3351953,
6457279,55.33747209,
6457310,55.3351953,
6457342,55.3351953,
6457373,55.33747209,
6457404,55.33291851,
6457436,55.33747209,
6457468,55.33974889,
6457582,55.3351953,
6457713,55.33747209,
6457745,55.33291851,
6457776,55.33291851,
6457807,55.33747209,
6457839,55.3351953,
6457871,55.33747209,
6457902,55.3351953,
6457933,55.33291851,
6457965,55.33747209,
6457996,55.33747209,
6458027,55.3351953,
6458059,55.33747209,
6458090,55.33747209,
6458122,55.33974889,
6458153,55.33291851,
6458185,55.33747209,
6458216,55.3351953,
6458247,55.33747209,
6458279,55.3351953,
6458489,55.3351953,
6458620,55.3351953,
6458652,55.3351953,
6458683,55.33747209,
6458715,55.3351953,
6458746,55.3351953,
6458778,55.3351953,
6458809,55.33747209,
6458840,55.3351953,
6458872,55.33974889,
6458904,55.3351953,
6458935,55.3351953,
6458966,55.3351953,
6458998,55.3351953,
6459029,55.3351953,
6459060,55.33747209,
6459092,55.33747209,
6459123,55.3351953,
6459155,55.33291851,
6459186,55.33747209,
6459540,55.3351953,
6459672,55.33747209,
6459704,55.33291851,
6459735,55.33291851,
6459767,55.33747209,
6459798,55.3351953,
6459830,55.33747209,
6459861,55.33747209,
6459893,55.33747209,
6459924,55.33291851,
6459955,55.3351953,
6459987,55.33747209,
6460018,55.33747209,
6460050,55.3351953,
6460081,55.33291851,
6460113,55.33747209,
6460144,55.33291851,
6460175,55.3351953,
6460207,55.33291851,
6460238,55.33747209,
6460357,55.3351953,
6460488,55.3351953,
6460520,55.3351953,
6460552,55.3351953,
6460583,55.33747209,
6460615,55.3351953,
6460646,55.3351953,
6460677,55.3351953,
6460709,55.33747209,
6460740,55.33747209,
6460772,55.33747209,
6460803,55.33291851,
6460835,55.3351953,
6460866,55.3351953,
6460897,55.3351953,
6460929,55.3351953,
6460960,55.33747209,
6460992,55.3351953,
6461023,55.3351953,
6461055,55.33747209,
6461165,55.3351953,
6461296,55.33291851,
6461328,55.3351953,
6461359,55.3351953,
6461391,55.33747209,
6461422,55.33747209,
6461454,55.3351953,
6461485,55.33747209,
6461516,55.3351953,
6461548,55.33747209,
6461579,55.33747209,
6461610,55.33974889,
6461642,55.3351953,
6461674,55.33747209,
6461705,55.33974889,
6461736,55.33974889,
6461768,55.33974889,
6461799,55.33747209,
6461830,55.33974889,
6461862,55.33747209,
6461989,55.3351953,
6462120,55.3351953,
6462153,55.33747209,
6462184,55.3351953,
6462215,55.33291851,
6462247,55.33974889,
6462278,55.3351953,
6462310,55.33747209,
6462341,55.33974889,
6462373,55.33747209,
6462404,55.33747209,
6462435,55.3351953,
6462467,55.33747209,
6462498,55.33747209,
6462530,55.3351953,
6462561,55.33747209,
6462593,55.33747209,
6462624,55.3351953,
6462656,55.33747209,
6462687,55.33747209,
6462807,55.33747209,
6462938,55.33747209,
6462970,55.33974889,
6463002,55.33291851,
6463033,55.33747209,
6463064,55.3351953,
6463096,55.3351953,
6463127,55.33747209,
6463159,55.33747209,
6463190,55.33747209,
6463222,55.3351953,
6463253,55.33747209,
6463285,55.33974889,
6463316,55.33747209,
6463347,55.33747209,
6463379,55.3351953,
6463410,55.33747209,
6463442,55.33747209,
6463473,55.3351953,
6463505,55.33974889,
6463617,55.33747209,
6463748,55.33747209,
6463780,55.3351953,
6463812,55.33974889,
6463843,55.3351953,
6463874,55.3351953,
6463906,55.33747209,
6463937,55.3351953,
6463969,55.33974889,
6464000,55.33747209,
6464032,55.33291851,
6464063,55.3351953,
6464095,55.33747209,
6464126,55.33747209,
6464157,55.33747209,
6464188,55.3351953,
6464220,55.33747209,
6464252,55.33747209,
6464283,55.33747209,
6464314,55.3351953,
6464437,55.33747209,
6464569,55.3351953,
6464600,55.3351953,
6464632,55.3351953,
6464664,55.33747209,
6464695,55.33747209,
6464727,55.3351953,
6464758,55.33747209,
6464789,55.33747209,
6464821,55.3351953,
6464853,55.3351953,
6464884,55.33747209,
6464916,55.33747209,
6464947,55.3351953,
6464978,55.3351953,
6465009,55.33747209,
6465041,55.3351953,
6465072,55.3351953,
6465104,55.33291851,
6465135,55.33747209,
6465260,55.33747209,
6465391,55.33747209,
6465423,55.33974889,
6465455,55.33747209,
6465486,55.33747209,
6465517,55.33747209,
6465549,55.33747209,
6465581,55.33747209,
6465612,55.3351953,
6465644,55.3351953,
6465675,55.33974889,
6465706,55.33747209,
6465738,55.3351953,
6465769,55.3351953,
6465800,55.33747209,
6465832,55.33747209,
6465864,55.33747209,
6465895,55.33747209,
6465926,55.3351953,
6465958,55.33747209,
6466077,55.33747209,
6466208,55.33747209,
6466241,55.3351953,
6466272,55.33747209,
6466303,55.33747209,
6466334,55.33747209,
6466366,55.33747209,
6466397,55.3351953,
6466429,55.3351953,
6466460,55.33747209,
6466492,55.33291851,
6466523,55.33974889,
6466555,55.33747209,
6466586,55.33747209,
6466617,55.33974889,
6466649,55.33974889,
6466680,55.33974889,
6466712,55.33747209,
6466743,55.3351953,
6466775,55.33974889,
6466896,55.3351953,
6467027,55.33747209,
6467058,55.33974889,
6467090,55.33747209,
6467121,55.33291851,
6467153,55.3351953,
6467184,55.33974889,
6467216,55.33747209,
6467247,55.3351953,
6467279,55.3351953,
6467310,55.33747209,
6467341,55.33974889,
6467373,55.33747209,
6467404,55.33974889,
6467436,55.33747209,
6467467,55.33974889,
6467499,55.3351953,
6467530,55.33974889,
6467561,55.33747209,
6467593,55.33747209,
6467732,55.3351953,
6467864,55.33974889,
6467896,55.3351953,
6467928,55.33747209,
6467959,55.33747209,
6467991,55.33747209,
6468022,55.33747209,
6468053,55.3351953,
6468085,55.33747209,
6468116,55.33747209,
6468148,55.3351953,
6468179,55.3351953,
6468211,55.33974889,
6468242,55.3351953,
6468273,55.33747209,
6468305,55.3351953,
6468336,55.3351953,
6468368,55.33747209,
6468399,55.33974889,
6468431,55.3351953,
6468539,55.3351953,
6468670,55.33974889,
6468703,55.3351953,
6468734,55.33747209,
6468765,55.3351953,
6468797,55.33747209,
6468828,55.33291851,
6468860,55.33974889,
6468891,55.33974889,
6468923,55.3351953,
6468954,55.33747209,
6468985,55.33747209,
6469017,55.3351953,
6469049,55.33747209,
6469080,55.33747209,
6469111,55.3351953,
6469142,55.3351953,
6469174,55.3351953,
6469205,55.33747209,
6469236,55.33974889,
6469360,55.3351953,
6469491,55.33291851,
6469524,55.33747209,
6469555,55.33747209,
6469587,55.33747209,
6469618,55.33974889,
6469650,55.33747209,
6469681,55.3351953,
6469712,55.3351953,
6469744,55.33974889,
6469775,55.33747209,
6469807,55.33747209,
6469838,55.33747209,
6469870,55.3351953,
6469901,55.3351953,
6469933,55.33747209,
6469964,55.3351953,
6469995,55.33974889,
6470027,55.3351953,
6470058,55.33974889,
6470283,55.3351953,
6470414,55.33747209,
6470447,55.33747209,
6470478,55.3351953,
6470509,55.3351953,
6470541,55.33747209,
6470573,55.33747209,
6470604,55.3351953,
6470635,55.33747209,
6470667,55.33974889,
6470698,55.3351953,
6470729,55.33974889,
6470761,55.33747209,
6470792,55.3351953,
6470824,55.33291851,
6470855,55.33747209,
6470887,55.33747209,
6470918,55.33747209,
6470949,55.33974889,
6470981,55.33974889,
6471106,55.3351953,
6471238,55.33747209,
6471270,55.33747209,
6471302,55.33747209,
6471333,55.33291851,
6471365,55.33747209,
6471396,55.33747209,
6471427,55.33747209,
6471458,55.33747209,
6471490,55.3351953,
6471521,55.33974889,
6471553,55.33291851,
6471584,55.33747209,
6471616,55.33747209,
6471647,55.33974889,
6471679,55.3351953,
6471710,55.33974889,
6471741,55.3351953,
6471773,55.3351953,
6471804,55.33291851,
6472020,55.3351953,
6472152,55.33747209,
6472184,55.33747209,
6472215,55.3351953,
6472246,55.33747209,
6472277,55.33747209,
6472309,55.3351953,
6472340,55.33974889,
6472372,55.33747209,
6472403,55.33747209,
6472435,55.33747209,
6472466,55.33974889,
6472498,55.33747209,
6472529,55.33747209,
6472560,55.33747209,
6472592,55.33747209,
6472623,55.34202568,
6472655,55.33747209,
6472686,55.33747209,
6472718,55.33747209,
6472851,55.33747209,
6472982,55.33747209,
6473015,55.33747209,
6473046,55.33747209,
6473078,55.33747209,
6473109,55.33974889,
6473141,55.33747209,
6473172,55.3351953,
6473203,55.33974889,
6473235,55.33974889,
6473266,55.33974889,
6473297,55.33974889,
6473329,55.33974889,
6473361,55.33974889,
6473392,55.33974889,
6473423,55.33747209,
6473455,55.33974889,
6473486,55.33747209,
6473518,55.33747209,
6473549,55.3351953,
6473656,55.33747209,
6473787,55.33747209,
6473820,55.33291851,
6473851,55.33747209,
6473882,55.33747209,
6473914,55.33291851,
6473946,55.33974889,
6473977,55.33747209,
6474008,55.33747209,
6474040,55.33747209,
6474071,55.33974889,
6474102,55.33747209,
6474134,55.3351953,
6474165,55.33747209,
6474197,55.33747209,
6474228,55.3351953,
6474260,55.33747209,
6474291,55.33974889,
6474322,55.3351953,
6474354,55.3351953,
6474491,55.3351953,
6474623,55.33291851,
6474655,55.33974889,
6474687,55.3351953,
6474718,55.33747209,
6474750,55.33747209,
6474781,55.33747209,
6474812,55.33974889,
6474844,55.3351953,
6474876,55.33747209,
6474907,55.33974889,
6474938,55.33747209,
6474970,55.33747209,
6475001,55.33291851,
6475032,55.33291851,
6475064,55.3351953,
6475095,55.33974889,
6475126,55.33974889,
6475158,55.33291851,
6475190,55.33974889,
6475295,55.3351953,
6475426,55.33974889,
6475458,55.3351953,
6475490,55.3351953,
6475521,55.3351953,
6475552,55.3351953,
6475584,55.33747209,
6475615,55.33747209,
6475647,55.33974889,
6475678,55.3351953,
6475710,55.3351953,
6475741,55.33747209,
6475773,55.3351953,
6475804,55.3351953,
6475835,55.33747209,
6475867,55.33747209,
6475898,55.33747209,
6475929,55.33974889,
6475961,55.33747209,
6475992,55.33747209,
6476137,55.3351953,
6476268,55.33747209,
6476300,55.3351953,
6476332,55.3351953,
6476363,55.33974889,
6476395,55.33747209,
6476426,55.33747209,
6476457,55.33747209,
6476489,55.33974889,
6476521,55.33747209,
6476552,55.33747209,
6476583,55.33747209,
6476615,55.33747209,
6476646,55.3351953,
6476677,55.33747209,
6476709,55.3351953,
6476740,55.33747209,
6476772,55.33747209,
6476803,55.33974889,
6476835,55.33747209,
6476938,55.3351953,
6477068,55.33974889,
6477101,55.3351953,
6477132,55.33747209,
6477164,55.33747209,
6477195,55.3351953,
6477226,55.3351953,
6477258,55.33747209,
6477289,55.33747209,
6477321,55.33747209,
6477352,55.33747209,
6477383,55.33974889,
6477415,55.3351953,
6477446,55.3351953,
6477478,55.33747209,
6477509,55.3351953,
6477541,55.3351953,
6477572,55.3351953,
6477603,55.33974889,
6477635,55.33747209,
6477767,55.3351953,
6477898,55.3351953,
6477930,55.33747209,
6477962,55.33747209,
6477993,55.33974889,
6478025,55.3351953,
6478056,55.33747209,
6478088,55.33747209,
6478119,55.33291851,
6478151,55.33747209,
6478182,55.33747209,
6478213,55.3351953,
6478245,55.33747209,
6478276,55.33974889,
6478307,55.33974889,
6478339,55.33747209,
6478371,55.33291851,
6478402,55.33747209,
6478433,55.33974889,
6478465,55.33974889,
6478580,55.33747209,
6478711,55.34202568,
6478743,55.33747209,
6478775,55.33747209,
6478806,55.3351953,
6478838,55.33747209,
6478869,55.33974889,
6478900,55.33747209,
6478932,55.33974889,
6478963,55.33747209,
6478995,55.3351953,
6479026,55.3351953,
6479058,55.33747209,
6479089,55.3351953,
6479120,55.33974889,
6479152,55.33974889,
6479183,55.33974889,
6479215,55.33747209,
6479246,55.33974889,
6479278,55.3351953,
6479391,55.34202568,
6479522,55.33974889,
6479555,55.33747209,
6479586,55.33974889,
6479617,55.3351953,
6479649,55.33974889,
6479681,55.33974889,
6479712,55.33974889,
6479743,55.33747209,
6479775,55.33974889,
6479806,55.33747209,
6479838,55.33974889,
6479869,55.33747209,
6479901,55.33747209,
6479932,55.3351953,
6479964,55.33747209,
6479995,55.33974889,
6480026,55.33747209,
6480057,55.3351953,
6480089,55.33747209,
6480213,55.3351953,
6480344,55.3351953,
6480376,55.3351953,
6480408,55.33747209,
6480439,55.33747209,
6480470,55.33291851,
6480502,55.3351953,
6480533,55.3351953,
6480565,55.3351953,
6480596,55.33974889,
6480628,55.33974889,
6480659,55.33747209,
6480691,55.3351953,
6480722,55.33747209,
6480753,55.33974889,
6480785,55.33747209,
6480816,55.3351953,
6480848,55.33974889,
6480879,55.33747209,
6480911,55.33747209,
6481135,55.33747209,
6481266,55.33747209,
6481298,55.33747209,
6481330,55.33747209,
6481361,55.33747209,
6481392,55.33974889,
6481424,55.33974889,
6481456,55.33974889,
6481487,55.3351953,
6481519,55.3351953,
6481550,55.33747209,
6481581,55.3351953,
6481613,55.3351953,
6481644,55.33747209,
6481676,55.3351953,
6481707,55.33747209,
6481739,55.3351953,
6481770,55.33747209,
6481801,55.33747209,
6481833,55.33747209,
6482040,55.33747209,
6482171,55.33291851,
6482203,55.33747209,
6482235,55.33747209,
6482266,55.33974889,
6482297,55.33747209,
6482329,55.3351953,
6482360,55.33747209,
6482392,55.33747209,
6482423,55.33747209,
6482455,55.33974889,
6482486,55.3351953,
6482517,55.33974889,
6482549,55.33974889,
6482580,55.33747209,
6482611,55.33747209,
6482643,55.33747209,
6482674,55.33974889,
6482706,55.33974889,
6482737,55.33974889,
6482895,55.33747209,
6483026,55.3351953,
6483059,55.3351953,
6483090,55.3351953,
6483121,55.33974889,
6483153,55.33974889,
6483185,55.3351953,
6483216,55.33974889,
6483248,55.33974889,
6483279,55.33747209,
6483310,55.33747209,
6483342,55.33747209,
6483373,55.33974889,
6483404,55.33747209,
6483436,55.33747209,
6483467,55.33974889,
6483499,55.33747209,
6483530,55.33747209,
6483562,55.33974889,
6483593,55.33974889,
6483691,55.3351953,
6483823,55.33747209,
6483855,55.33747209,
6483887,55.33747209,
6483918,55.3351953,
6483949,55.33747209,
6483981,55.33974889,
6484012,55.33747209,
6484043,55.33747209,
6484075,55.33747209,
6484106,55.33747209,
6484138,55.3351953,
6484169,55.33974889,
6484201,55.3351953,
6484232,55.33747209,
6484264,55.34202568,
6484295,55.33974889,
6484326,55.3351953,
6484357,55.33974889,
6484389,55.33747209,
6484520,55.33974889,
6484651,55.33747209,
6484683,55.3351953,
6484715,55.33974889,
6484746,55.33747209,
6484777,55.3351953,
6484809,55.33747209,
6484840,55.3351953,
6484872,55.33747209,
6484903,55.3351953,
6484935,55.33747209,
6484966,55.33747209,
6484998,55.3351953,
6485029,55.33747209,
6485061,55.3351953,
6485092,55.33974889,
6485123,55.3351953,
6485155,55.33747209,
6485186,55.33291851,
6485218,55.33747209,
6485433,55.33747209,
6485564,55.33747209,
6485596,55.3351953,
6485628,55.33747209,
6485659,55.33974889,
6485690,55.3351953,
6485722,55.3351953,
6485753,55.33747209,
6485785,55.33747209,
6485816,55.3351953,
6485848,55.33747209,
6485879,55.3351953,
6485911,55.3351953,
6485942,55.33747209,
6485973,55.33747209,
6486005,55.33974889,
6486036,55.33974889,
6486068,55.33974889,
6486099,55.33747209,
6486130,55.33974889,
6486254,55.33974889,
6486386,55.33747209,
6486418,55.33747209,
6486449,55.3351953,
6486481,55.33974889,
6486512,55.3351953,
6486544,55.33974889,
6486575,55.33974889,
6486606,55.33747209,
6486638,55.33974889,
6486669,55.3351953,
6486701,55.33747209,
6486732,55.3351953,
6486764,55.33747209,
6486795,55.3351953,
6486827,55.33747209,
6486858,55.33747209,
6486889,55.3351953,
6486920,55.33974889,
6486952,55.33747209,
6487066,55.34202568,
6487197,55.33974889,
6487228,55.33747209,
6487260,55.33974889,
6487292,55.3351953,
6487323,55.3351953,
6487355,55.33747209,
6487386,55.33747209,
6487417,55.33747209,
6487449,55.33974889,
6487480,55.33747209,
6487511,55.33747209,
6487543,55.33747209,
6487575,55.33974889,
6487606,55.3351953,
6487637,55.33747209,
6487669,55.3351953,
6487700,55.3351953,
6487731,55.33747209,
6487763,55.33747209,
6488005,55.33747209,
6488135,55.33747209,
6488168,55.33747209,
6488199,55.33747209,
6488230,55.34202568,
6488262,55.33974889,
6488294,55.33974889,
6488325,55.33747209,
6488356,55.33747209,
6488388,55.33974889,
6488419,55.3351953,
6488450,55.33747209,
6488482,55.33747209,
6488513,55.33747209,
6488545,55.33974889,
6488576,55.33747209,
6488608,55.33747209,
6488639,55.33291851,
6488671,55.33747209,
6488702,55.33747209,
6488816,55.33974889,
6488947,55.33974889,
6488979,55.33747209,
6489010,55.33974889,
6489042,55.33747209,
6489073,55.33747209,
6489105,55.33747209,
6489136,55.3351953,
6489167,55.3351953,
6489199,55.33974889,
6489230,55.33974889,
6489262,55.33974889,
6489293,55.33974889,
6489325,55.3351953,
6489356,55.33974889,
6489388,55.33974889,
6489419,55.3351953,
6489450,55.33974889,
6489481,55.33747209,
6489513,55.33747209,
6489640,55.33974889,
6489772,55.33974889,
6489804,55.33747209,
6489836,55.33747209,
6489867,55.33747209,
6489899,55.33747209,
6489930,55.33747209,
6489961,55.34202568,
6489993,55.33747209,
6490024,55.33747209,
6490056,55.33974889,
6490087,55.33747209,
6490119,55.3351953,
6490150,55.33974889,
6490181,55.33974889,
6490213,55.3351953,
6490245,55.3351953,
6490276,55.33747209,
6490307,55.33974889,
6490339,55.33747209,
6490447,55.3351953,
6490579,55.33747209,
6490610,55.33747209,
6490642,55.33974889,
6490673,55.33747209,
6490704,55.3351953,
6490736,55.33974889,
6490768,55.33747209,
6490799,55.33747209,
6490830,55.33747209,
6490862,55.33747209,
6490893,55.33974889,
6490925,55.33974889,
6490956,55.33974889,
6490988,55.33974889,
6491019,55.33747209,
6491051,55.33747209,
6491082,55.33747209,
6491113,55.33974889,
6491145,55.3351953,
6491276,55.33747209,
6491407,55.3351953,
6491440,55.33747209,
6491471,55.33747209,
6491502,55.33747209,
6491534,55.33974889,
6491566,55.33974889,
6491597,55.33747209,
6491628,55.3351953,
6491660,55.3351953,
6491691,55.33747209,
6491722,55.33974889,
6491754,55.33747209,
6491785,55.3351953,
6491817,55.34202568,
6491848,55.33747209,
6491880,55.33747209,
6491911,55.33747209,
6491942,55.33747209,
6491974,55.33747209,
6492093,55.33747209,
6492224,55.33974889,
6492257,55.33747209,
6492288,55.3351953,
6492319,55.33747209,
6492351,55.33974889,
6492382,55.33747209,
6492414,55.3351953,
6492445,55.33974889,
6492477,55.33747209,
6492508,55.33747209,
6492539,55.33974889,
6492571,55.33747209,
6492602,55.33747209,
6492634,55.33747209,
6492665,55.33974889,
6492697,55.33747209,
6492728,55.33747209,
6492759,55.3351953,
6492791,55.3351953,
6492916,55.33974889,
6493047,55.33974889,
6493080,55.33747209,
6493111,55.33747209,
6493143,55.3351953,
6493174,55.33747209,
6493206,55.33747209,
6493237,55.33747209,
6493268,55.33974889,
6493300,55.33974889,
6493331,55.33747209,
6493363,55.33747209,
6493394,55.33747209,
6493426,55.3351953,
6493457,55.33974889,
6493489,55.33747209,
6493520,55.33747209,
6493551,55.3351953,
6493583,55.33974889,
6493614,55.33747209,
6493728,55.33747209,
6493860,55.33974889,
6493892,55.33974889,
6493924,55.33747209,
6493955,55.33747209,
6493986,55.33747209,
6494018,55.33974889,
6494050,55.33747209,
6494081,55.33974889,
6494113,55.3351953,
6494144,55.33974889,
6494175,55.3351953,
6494207,55.33747209,
6494238,55.3351953,
6494270,55.33974889,
6494301,55.33974889,
6494332,55.33747209,
6494364,55.33747209,
6494395,55.3351953,
6494427,55.34202568,
6494554,55.33747209,
6494686,55.33974889,
6494718,55.33974889,
6494750,55.33747209,
6494781,55.33747209,
6494813,55.33974889,
6494844,55.3351953,
6494875,55.3351953,
6494907,55.33974889,
6494938,55.33747209,
6494970,55.33974889,
6495001,55.33974889,
6495033,55.33747209,
6495064,55.33747209,
6495095,55.33974889,
6495127,55.33974889,
6495158,55.33747209,
6495189,55.33974889,
6495221,55.33974889,
6495253,55.33747209,
6495364,55.33747209,
6495495,55.33747209,
6495527,55.3351953,
6495559,55.33747209,
6495590,55.33974889,
6495621,55.3351953,
6495653,55.33974889,
6495684,55.33747209,
6495715,55.33974889,
6495747,55.33747209,
6495778,55.33747209,
6495810,55.3351953,
6495841,55.33747209,
6495873,55.33974889,
6495904,55.33747209,
6495935,55.3351953,
6495967,55.33747209,
6495998,55.33747209,
6496030,55.33747209,
6496061,55.33974889,
6496186,55.33974889,
6496318,55.33747209,
6496350,55.33747209,
6496382,55.33747209,
6496413,55.33291851,
6496444,55.33974889,
6496476,55.3351953,
6496507,55.33974889,
6496538,55.3351953,
6496570,55.33974889,
6496601,55.33747209,
6496633,55.33974889,
6496664,55.34202568,
6496696,55.33747209,
6496727,55.3351953,
6496759,55.33974889,
6496790,55.33974889,
6496821,55.33747209,
6496852,55.33974889,
6496884,55.33974889,
6497002,55.33974889,
6497133,55.33747209,
6497165,55.33747209,
6497196,55.33747209,
6497228,55.3351953,
6497259,55.3351953,
6497291,55.33747209,
6497322,55.33747209,
6497353,55.33747209,
6497385,55.34202568,
6497416,55.33747209,
6497448,55.33974889,
6497479,55.3351953,
6497511,55.33974889,
6497542,55.34202568,
6497573,55.3351953,
6497605,55.33747209,
6497636,55.33974889,
6497667,55.33974889,
6497699,55.33747209,
6497831,55.33747209,
6497962,55.34202568,
6497995,55.33747209,
6498026,55.33747209,
6498057,55.33747209,
6498089,55.3351953,
6498120,55.33974889,
6498152,55.33974889,
6498183,55.3351953,
6498215,55.33747209,
6498246,55.3351953,
6498277,55.33747209,
6498309,55.33974889,
6498340,55.33974889,
6498372,55.33974889,
6498403,55.33747209,
6498435,55.3351953,
6498466,55.33747209,
6498498,55.34202568,
6498529,55.33974889,
6498649,55.33974889,
6498780,55.33747209,
6498812,55.33747209,
6498844,55.33974889,
6498875,55.33974889,
6498907,55.33974889,
6498939,55.33974889,
6498970,55.33974889,
6499001,55.33974889,
6499033,55.34202568,
6499064,55.33747209,
6499095,55.33974889,
6499127,55.33747209,
6499158,55.3351953,
6499190,55.33747209,
6499221,55.33974889,
6499253,55.33974889,
6499284,55.33747209,
6499315,55.33974889,
6499347,55.33974889,
6499464,55.33747209,
6499596,55.33747209,
6499628,55.33974889,
6499660,55.3351953,
6499691,55.33747209,
6499722,55.33747209,
6499754,55.34202568,
6499785,55.34202568,
6499817,55.33747209,
6499848,55.33747209,
6499880,55.33747209,
6499911,55.33747209,
6499943,55.33747209,
6499974,55.34202568,
6500005,55.33747209,
6500037,55.3351953,
6500068,55.33747209,
6500100,55.33974889,
6500131,55.33747209,
6500163,55.33974889,
6500282,55.33747209,
6500413,55.3351953,
6500446,55.33747209,
6500477,55.34202568,
6500509,55.33974889,
6500540,55.33974889,
6500572,55.33974889,
6500603,55.33747209,
6500634,55.33747209,
6500666,55.33747209,
6500697,55.33747209,
6500728,55.33974889,
6500760,55.33747209,
6500791,55.33974889,
6500823,55.33974889,
6500854,55.33747209,
6500886,55.34202568,
6500917,55.34202568,
6500948,55.33974889,
6500980,55.33974889,
6501109,55.33974889,
6501240,55.33974889,
6501273,55.33974889,
6501304,55.33747209,
6501335,55.33974889,
6501367,55.3351953,
6501399,55.34202568,
6501430,55.3351953,
6501461,55.33747209,
6501493,55.33974889,
6501524,55.33747209,
6501555,55.33974889,
6501587,55.33747209,
6501618,55.33974889,
6501650,55.3351953,
6501681,55.33747209,
6501713,55.33974889,
6501744,55.33974889,
6501776,55.3351953,
6501807,55.33974889,
6501922,55.33747209,
6502053,55.33747209,
6502085,55.33974889,
6502117,55.33747209,
6502148,55.3351953,
6502179,55.33747209,
6502211,55.33974889,
6502243,55.33974889,
6502274,55.33974889,
6502305,55.34202568,
6502337,55.33747209,
6502368,55.33747209,
6502400,55.33747209,
6502431,55.33974889,
6502462,55.33974889,
6502494,55.33974889,
6502525,55.33974889,
6502557,55.34202568,
6502588,55.33974889,
6502620,55.33974889,
6502742,55.33747209,
6502873,55.3351953,
6502905,55.33974889,
6502936,55.3351953,
6502968,55.3351953,
6502999,55.33974889,
6503031,55.33747209,
6503062,55.33974889,
6503093,55.33974889,
6503125,55.33974889,
6503156,55.33974889,
6503188,55.34202568,
6503219,55.33747209,
6503251,55.33747209,
6503282,55.33747209,
6503314,55.34202568,
6503345,55.33974889,
6503376,55.33974889,
6503407,55.3351953,
6503439,55.33974889,
6503556,55.33974889,
6503687,55.33747209,
6503719,55.33974889,
6503751,55.33747209,
6503782,55.33974889,
6503814,55.33974889,
6503845,55.33747209,
6503877,55.3351953,
6503908,55.33974889,
6503940,55.33974889,
6503971,55.33974889,
6504002,55.33747209,
6504034,55.3351953,
6504065,55.33747209,
6504096,55.33747209,
6504128,55.33747209,
6504159,55.33974889,
6504191,55.33974889,
6504222,55.33974889,
6504254,55.33974889,
6504386,55.33974889,
6504518,55.33747209,
6504550,55.33747209,
6504582,55.33747209,
6504613,55.3351953,
6504645,55.33747209,
6504676,55.33747209,
6504707,55.33974889,
6504739,55.33747209,
6504770,55.33747209,
6504802,55.33747209,
6504833,55.3351953,
6504865,55.33974889,
6504896,55.33974889,
6504927,55.33747209,
6504959,55.33747209,
6504990,55.34202568,
6505022,55.33974889,
6505053,55.33747209,
6505085,55.33974889,
6505198,55.33747209,
6505329,55.33747209,
6505362,55.33974889,
6505393,55.33747209,
6505424,55.33747209,
6505456,55.33974889,
6505487,55.33974889,
6505519,55.33747209,
6505550,55.33974889,
6505582,55.34202568,
6505613,55.33974889,
6505644,55.33974889,
6505676,55.33747209,
6505707,55.33747209,
6505739,55.33974889,
6505770,55.33974889,
6505802,55.3351953,
6505833,55.34202568,
6505864,55.33974889,
6505896,55.33974889,
6506023,55.33747209,
6506154,55.33974889,
6506186,55.33747209,
6506218,55.33974889,
6506249,55.33974889,
6506281,55.33974889,
6506312,55.34202568,
6506343,55.33747209,
6506375,55.33747209,
6506406,55.33747209,
6506438,55.3351953,
6506469,55.33974889,
6506501,55.33974889,
6506532,55.33974889,
6506563,55.33974889,
6506595,55.33747209,
6506626,55.33974889,
6506658,55.33747209,
6506689,55.34202568,
6506721,55.33974889,
6506837,55.33747209,
6506969,55.33974889,
6507001,55.33974889,
6507032,55.33974889,
6507063,55.33747209,
6507095,55.34202568,
6507126,55.33747209,
6507158,55.3351953,
6507189,55.33974889,
6507220,55.33974889,
6507252,55.3351953,
6507283,55.33974889,
6507315,55.33974889,
6507346,55.33747209,
6507377,55.33974889,
6507409,55.33747209,
6507441,55.33747209,
6507472,55.33974889,
6507503,55.33747209,
6507535,55.33974889,
6507758,55.33747209,
6507888,55.3351953,
6507920,55.33974889,
6507952,55.33747209,
6507983,55.34202568,
6508014,55.33747209,
6508046,55.34202568,
6508077,55.33747209,
6508108,55.33974889,
6508140,55.33747209,
6508171,55.33974889,
6508203,55.33974889,
6508234,55.33974889,
6508266,55.33747209,
6508297,55.33747209,
6508329,55.33747209,
6508360,55.33747209,
6508391,55.33974889,
6508422,55.33974889,
6508454,55.34202568,
6508576,55.33747209,
6508708,55.33974889,
6508740,55.33974889,
6508771,55.33974889,
6508802,55.33747209,
6508833,55.33747209,
6508865,55.33747209,
6508897,55.33974889,
6508928,55.33747209,
6508960,55.33747209,
6508991,55.33747209,
6509022,55.33974889,
6509054,55.33974889,
6509085,55.33974889,
6509117,55.33974889,
6509148,55.33974889,
6509180,55.33747209,
6509211,55.33974889,
6509242,55.33974889,
6509274,55.3351953,
6509400,55.33974889,
6509531,55.34202568,
6509563,55.33747209,
6509595,55.33747209,
6509626,55.3351953,
6509657,55.33974889,
6509689,55.34202568,
6509720,55.33974889,
6509751,55.33974889,
6509783,55.33974889,
6509814,55.33747209,
6509846,55.33974889,
6509878,55.3351953,
6509909,55.33747209,
6509940,55.33974889,
6509972,55.3351953,
6510003,55.33974889,
6510034,55.33974889,
6510066,55.33974889,
6510097,55.33974889,
6510225,55.34202568,
6510356,55.33974889,
6510388,55.3351953,
6510420,55.33974889,
6510451,55.33974889,
6510483,55.33974889,
6510514,55.33747209,
6510545,55.33974889,
6510577,55.33974889,
6510608,55.33974889,
6510640,55.33974889,
6510671,55.34202568,
6510703,55.34202568,
6510734,55.33747209,
6510765,55.33974889,
6510797,55.33974889,
6510828,55.33974889,
6510860,55.33974889,
6510891,55.34202568,
6510923,55.33974889,
6511057,55.3351953,
6511188,55.33974889,
6511220,55.33974889,
6511252,55.33747209,
6511283,55.33974889,
6511315,55.33974889,
6511346,55.33747209,
6511378,55.3351953,
6511409,55.33747209,
6511441,55.33974889,
6511472,55.33974889,
6511504,55.33974889,
6511535,55.33974889,
6511566,55.33974889,
6511597,55.33974889,
6511629,55.33747209,
6511660,55.33974889,
6511692,55.33974889,
6511723,55.33974889,
6511755,55.33974889,
6511857,55.33974889,
6511986,55.33974889,
6512019,55.34202568,
6512050,55.33974889,
6512081,55.34430248,
6512113,55.33747209,
6512144,55.3351953,
6512176,55.33974889,
6512207,55.33747209,
6512239,55.33747209,
6512270,55.33974889,
6512301,55.34202568,
6512333,55.33974889,
6512365,55.33974889,
6512396,55.33747209,
6512427,55.34202568,
6512459,55.33747209,
6512490,55.33974889,
6512521,55.33974889,
6512553,55.33747209,
6512686,55.33974889,
6512817,55.33974889,
6512850,55.33747209,
6512881,55.33974889,
6512913,55.34202568,
6512945,55.33974889,
6512976,55.33974889,
6513007,55.33974889,
6513039,55.33974889,
6513070,55.33974889,
6513101,55.33747209,
6513133,55.33974889,
6513164,55.33747209,
6513196,55.3351953,
6513227,55.33974889,
6513259,55.33974889,
6513290,55.33747209,
6513321,55.33974889,
6513353,55.33747209,
6513384,55.33974889,
6513499,55.33747209,
6513629,55.34202568,
6513661,55.33747209,
6513692,55.34202568,
6513724,55.33974889,
6513756,55.33974889,
6513787,55.33974889,
6513818,55.33747209,
6513849,55.33974889,
6513881,55.33747209,
6513913,55.34202568,
6513944,55.33974889,
6513976,55.33747209,
6514007,55.33974889,
6514038,55.34202568,
6514070,55.33974889,
6514101,55.33974889,
6514132,55.33747209,
6514164,55.33974889,
6514195,55.33974889,
6514310,55.33747209,
6514441,55.33747209,
6514473,55.33974889,
6514505,55.33974889,
6514536,55.3351953,
6514567,55.33747209,
6514599,55.33747209,
6514630,55.34202568,
6514662,55.33747209,
6514693,55.33974889,
6514725,55.33974889,
6514756,55.33747209,
6514788,55.33747209,
6514819,55.33974889,
6514850,55.33974889,
6514882,55.33974889,
6514914,55.33974889,
6514945,55.33974889,
6514976,55.34202568,
6515008,55.33974889,
6515128,55.33747209,
6515259,55.33974889,
6515290,55.33747209,
6515322,55.33974889,
6515354,55.34202568,
6515385,55.33747209,
6515417,55.33974889,
6515448,55.33747209,
6515479,55.33974889,
6515511,55.33974889,
6515542,55.33974889,
6515574,55.33974889,
6515605,55.34202568,
6515637,55.33747209,
6515668,55.33974889,
6515699,55.33974889,
6515731,55.33974889,
6515762,55.33974889,
6515793,55.33974889,
6515825,55.33974889,
6515958,55.33974889,
6516089,55.34202568,
6516121,55.33974889,
6516153,55.33974889,
6516184,55.33747209,
6516216,55.33974889,
6516247,55.33974889,
6516278,55.33974889,
6516310,55.33747209,
6516341,55.33747209,
6516373,55.33974889,
6516404,55.33974889,
6516436,55.34202568,
6516467,55.34202568,
6516498,55.33974889,
6516530,55.33747209,
6516561,55.33974889,
6516593,55.33747209,
6516624,55.33974889,
6516656,55.33974889,
6516773,55.33974889,
6516904,55.3351953,
6516936,55.33747209,
6516967,55.34202568,
6516998,55.33747209,
6517030,55.34202568,
6517061,55.33974889,
6517093,55.33747209,
6517124,55.34202568,
6517156,55.34202568,
6517187,55.34202568,
6517218,55.33974889,
6517250,55.33974889,
6517281,55.34202568,
6517313,55.33974889,
6517344,55.33974889,
6517376,55.33974889,
6517407,55.33974889,
6517438,55.33974889,
6517470,55.33747209,
6517589,55.34202568,
6517720,55.33747209,
6517752,55.33974889,
6517784,55.33974889,
6517815,55.34202568,
6517846,55.3351953,
6517878,55.33974889,
6517909,55.33974889,
6517941,55.33974889,
6517972,55.33747209,
6518004,55.33747209,
6518035,55.33974889,
6518066,55.33974889,
6518098,55.33747209,
6518129,55.33974889,
6518161,55.33974889,
6518192,55.34202568,
6518223,55.33974889,
6518255,55.34202568,
6518286,55.33974889,
6518410,55.33974889,
6518541,55.33747209,
6518573,55.33974889,
6518605,55.33747209,
6518636,55.33974889,
6518667,55.33747209,
6518698,55.33974889,
6518729,55.34202568,
6518761,55.33974889,
6518793,55.33974889,
6518824,55.33974889,
6518855,55.33974889,
6518887,55.33747209,
6518918,55.33747209,
6518950,55.33974889,
6518981,55.33974889,
6519013,55.33974889,
6519044,55.33974889,
6519075,55.33974889,
6519107,55.33747209,
6519326,55.33974889,
6519457,55.33974889,
6519489,55.33747209,
6519521,55.33974889,
6519552,55.33974889,
6519583,55.33974889,
6519615,55.33974889,
6519646,55.33974889,
6519677,55.34202568,
6519709,55.33974889,
6519741,55.33974889,
6519772,55.34202568,
6519803,55.34202568,
6519835,55.33974889,
6519866,55.33747209,
6519897,55.33747209,
6519929,55.34202568,
6519961,55.33974889,
6519992,55.33747209,
6520023,55.33747209,
6520156,55.33974889,
6520288,55.33974889,
6520320,55.33747209,
6520352,55.33974889,
6520383,55.33747209,
6520416,55.34202568,
6520447,55.34202568,
6520478,55.34202568,
6520509,55.33747209,
6520541,55.33974889,
6520573,55.33974889,
6520604,55.3351953,
6520635,55.34430248,
6520667,55.34202568,
6520698,55.33974889,
6520730,55.34202568,
6520761,55.33974889,
6520792,55.34202568,
6520824,55.33974889,
6520855,55.33974889,
6521051,55.33747209,
6521182,55.33974889,
6521214,55.33974889,
6521246,55.33747209,
6521278,55.33974889,
6521309,55.33974889,
6521341,55.33747209,
6521372,55.33974889,
6521403,55.33974889,
6521434,55.33974889,
6521466,55.33747209,
6521498,55.33747209,
6521529,55.33974889,
6521560,55.33747209,
6521592,55.33974889,
6521623,55.33747209,
6521655,55.34202568,
6521686,55.33974889,
6521717,55.33974889,
6521749,55.33747209,
6523286,55.34202568,
6523416,55.33974889,
6523448,55.33747209,
6523479,55.33747209,
6523511,55.33974889,
6523542,55.33974889,
6523574,55.33974889,
6523606,55.33974889,
6523638,55.33974889,
6523670,55.33747209,
6523702,55.33974889,
6523733,55.33974889,
6523765,55.33974889,
6523797,55.33974889,
6523828,55.33974889,
6523860,55.33747209,
6523891,55.33974889,
6523923,55.33747209,
6523955,55.33974889,
6523987,55.33747209,
6527140,55.33974889,
6527271,55.33747209,
6527303,55.33747209,
6527334,55.34202568,
6527366,55.33974889,
6527397,55.33974889,
6527429,55.33747209,
6527460,55.33974889,
6527492,55.33974889,
6527524,55.33974889,
6527555,55.33974889,
6527587,55.33974889,
6527618,55.33974889,
6527649,55.33974889,
6527681,55.33974889,
6527713,55.33747209,
6527744,55.33747209,
6527776,55.33747209,
6527807,55.33747209,
6527839,55.33974889,
6528027,55.34202568,
6528158,55.33747209,
6528189,55.33974889,
6528221,55.33747209,
6528252,55.33747209,
6528283,55.33974889,
6528315,55.3351953,
6528347,55.33747209,
6528378,55.34202568,
6528410,55.33747209,
6528441,55.33974889,
6528472,55.34202568,
6528504,55.33974889,
6528535,55.33974889,
6528566,55.34202568,
6528598,55.33974889,
6528629,55.33974889,
6528661,55.33974889,
6528692,55.33974889,
6528724,55.33974889,
6533329,55.33974889,
6533460,55.34202568,
6533492,55.34202568,
6533523,55.33747209,
6533555,55.33974889,
6533586,55.34202568,
6533617,55.33747209,
6533649,55.34202568,
6533680,55.33974889,
6533712,55.33747209,
6533743,55.33747209,
6533775,55.34202568,
6533806,55.33974889,
6533838,55.33747209,
6533869,55.34202568,
6533900,55.33974889,
6533932,55.34202568,
6533963,55.33747209,
6533995,55.34202568,
6534026,55.33974889,
6534277,55.33974889,
6534409,55.33974889,
6534440,55.34202568,
6534472,55.33974889,
6534504,55.33974889,
6534535,55.33974889,
6534567,55.33974889,
6534598,55.33974889,
6534630,55.33974889,
6534661,55.33974889,
6534693,55.34202568,
6534724,55.34430248,
6534756,55.34430248,
6534787,55.34202568,
6534818,55.33974889,
6534850,55.33974889,
6534881,55.33974889,
6534913,55.33974889,
6534944,55.33974889,
6534976,55.33747209,
6535112,55.33974889,
6535243,55.34202568,
6535276,55.34202568,
6535307,55.33974889,
6535339,55.33747209,
6535372,55.33974889,
6535403,55.33974889,
6535434,55.33974889,
6535465,55.33974889,
6535497,55.33974889,
6535529,55.33974889,
6535561,55.34202568,
6535593,55.33747209,
6535625,55.34202568,
6535657,55.33974889,
6535690,55.34202568,
6535721,55.33747209,
6535753,55.33747209,
6535786,55.33747209,
6535819,55.33974889,
6535923,55.34202568,
6536054,55.33974889,
6536086,55.33974889,
6536118,55.33974889,
6536149,55.33747209,
6536180,55.33747209,
6536212,55.33974889,
6536244,55.33974889,
6536275,55.33974889,
6536307,55.33747209,
6536338,55.33974889,
6536369,55.33974889,
6536401,55.34202568,
6536432,55.33974889,
6536463,55.34202568,
6536495,55.33974889,
6536526,55.34202568,
6536558,55.33747209,
6536589,55.34202568,
6536621,55.33747209,
6536750,55.34202568,
6536881,55.33974889,
6536916,55.33974889,
6536948,55.34202568,
6536979,55.33974889,
6537012,55.33974889,
6537044,55.33747209,
6537076,55.34202568,
6537108,55.33974889,
6537139,55.33974889,
6537171,55.33974889,
6537202,55.34202568,
6537234,55.33974889,
6537265,55.34202568,
6537297,55.33974889,
6537328,55.34202568,
6537359,55.34202568,
6537390,55.34202568,
6537422,55.33974889,
6537455,55.33974889,
6542539,55.34202568,
6542670,55.34202568,
6542701,55.33974889,
6542732,55.34202568,
6542764,55.34202568,
6542796,55.33974889,
6542827,55.33747209,
6542859,55.34202568,
6542890,55.34202568,
6542921,55.33974889,
6542953,55.33747209,
6542984,55.33747209,
6543016,55.34202568,
6543047,55.33974889,
6543079,55.34430248,
6543110,55.33974889,
6543141,55.33974889,
6543173,55.33974889,
6543204,55.33974889,
6543235,55.33747209,
6544832,55.34202568,
6544963,55.34202568,
6544995,55.33974889,
6545027,55.33974889,
6545058,55.33747209,
6545091,55.33747209,
6545122,55.34202568,
6545153,55.33974889,
6545185,55.34202568,
6545216,55.33974889,
6545248,55.33974889,
6545279,55.33747209,
6545311,55.34202568,
6545342,55.33974889,
6545373,55.33974889,
6545405,55.34202568,
6545436,55.34430248,
6545468,55.34202568,
6545499,55.33974889,
6545531,55.34202568,
6545666,55.33974889,
6545797,55.33747209,
6545829,55.34202568,
6545861,55.33974889,
6545892,55.33974889,
6545924,55.33974889,
6545956,55.33747209,
6545987,55.34430248,
6546019,55.33747209,
6546050,55.33974889,
6546081,55.33974889,
6546112,55.34430248,
6546144,55.33974889,
6546176,55.33974889,
6546207,55.33974889,
6546238,55.34202568,
6546270,55.34202568,
6546301,55.33974889,
6546333,55.34202568,
6546364,55.33974889,
6546470,55.34202568,
6546601,55.34202568,
6546633,55.33974889,
6546665,55.33974889,
6546696,55.34202568,
6546727,55.33974889,
6546759,55.33974889,
6546790,55.34202568,
6546821,55.33974889,
6546853,55.33974889,
6546884,55.33747209,
6546916,55.33974889,
6546947,55.33747209,
6546979,55.33974889,
6547010,55.34430248,
6547042,55.33974889,
6547073,55.33974889,
6547104,55.33747209,
6547135,55.34202568,
6547167,55.34202568,
6547310,55.34202568,
6547441,55.34202568,
6547473,55.33974889,
6547505,55.33974889,
6547536,55.34202568,
6547568,55.34202568,
6547599,55.33747209,
6547631,55.34202568,
6547662,55.33974889,
6547694,55.33974889,
6547725,55.34202568,
6547757,55.33747209,
6547788,55.33974889,
6547819,55.33974889,
6547851,55.33974889,
6547883,55.34202568,
6547914,55.34202568,
6547945,55.33974889,
6547977,55.33974889,
6548008,55.33974889,
6548105,55.34202568,
6548236,55.34202568,
6548269,55.33974889,
6548300,55.34202568,
6548331,55.34202568,
6548362,55.3351953,
6548394,55.33974889,
6548426,55.34202568,
6548457,55.34202568,
6548489,55.33974889,
6548520,55.33974889,
6548551,55.34202568,
6548583,55.33974889,
6548614,55.33747209,
6548646,55.34202568,
6548677,55.34202568,
6548709,55.33974889,
6548740,55.33974889,
6548771,55.33974889,
6548803,55.34202568,
6548945,55.33974889,
6549076,55.33974889,
6549109,55.34202568,
6549140,55.33747209,
6549172,55.34202568,
6549203,55.33974889,
6549235,55.33974889,
6549266,55.33974889,
6549298,55.33974889,
6549329,55.33974889,
6549360,55.34202568,
6549392,55.33974889,
6549423,55.33747209,
6549455,55.33974889,
6549486,55.33974889,
6549518,55.34202568,
6549549,55.33747209,
6549580,55.34202568,
6549612,55.34202568,
6549643,55.34202568,
6549749,55.33974889,
6549880,55.33747209,
6549912,55.33974889,
6549943,55.33974889,
6549975,55.33974889,
6550007,55.33747209,
6550038,55.34202568,
6550069,55.33974889,
6550100,55.34202568,
6550132,55.34202568,
6550163,55.34202568,
6550195,55.33974889,
6550226,55.33974889,
6550258,55.33974889,
6550289,55.33974889,
6550321,55.33974889,
6550352,55.34430248,
6550383,55.33974889,
6550414,55.34202568,
6550446,55.33974889,
6550660,55.34202568,
6550790,55.34430248,
6550822,55.34202568,
6550854,55.33974889,
6550886,55.33974889,
6550917,55.33974889,
6550949,55.34202568,
6550980,55.34202568,
6551011,55.34202568,
6551043,55.33974889,
6551074,55.34202568,
6551105,55.34430248,
6551137,55.34202568,
6551169,55.33974889,
6551200,55.34202568,
6551231,55.33747209,
6551263,55.33974889,
6551294,55.33747209,
6551325,55.34202568,
6551357,55.34202568,
6551485,55.33974889,
6551616,55.33974889,
6551649,55.33747209,
6551681,55.33974889,
6551712,55.34202568,
6551743,55.34202568,
6551775,55.34202568,
6551806,55.33747209,
6551837,55.33974889,
6551869,55.33974889,
6551901,55.33974889,
6551932,55.34202568,
6551964,55.34202568,
6551995,55.34202568,
6552026,55.33974889,
6552058,55.34202568,
6552089,55.33974889,
6552120,55.34202568,
6552152,55.34202568,
6552183,55.33974889,
6552305,55.33974889,
6552436,55.34202568,
6552468,55.34202568,
6552500,55.33974889,
6552531,55.33974889,
6552562,55.33974889,
6552594,55.33974889,
6552625,55.34202568,
6552657,55.33974889,
6552688,55.33974889,
6552720,55.33974889,
6552751,55.34202568,
6552783,55.33974889,
6552814,55.33974889,
6552845,55.34202568,
6552877,55.33974889,
6552908,55.34202568,
6552940,55.34202568,
6552971,55.33974889,
6553003,55.34202568,
6553133,55.33974889,
6553264,55.34202568,
6553297,55.34202568,
6553328,55.33974889,
6553360,55.34202568,
6553391,55.33974889,
6553423,55.33974889,
6553454,55.34202568,
6553485,55.34202568,
6553517,55.34202568,
6553548,55.34202568,
6553579,55.34202568,
6553611,55.34202568,
6553643,55.34202568,
6553674,55.34202568,
6553705,55.34202568,
6553737,55.33974889,
6553768,55.33974889,
6553800,55.34202568,
6553831,55.33974889,
6553944,55.34202568,
6554075,55.34202568,
6554107,55.34202568,
6554139,55.34202568,
6554170,55.33974889,
6554201,55.34202568,
6554233,55.33974889,
6554264,55.33974889,
6554296,55.33974889,
6554327,55.33974889,
6554359,55.33747209,
6554390,55.34202568,
6554422,55.33747209,
6554453,55.34202568,
6554484,55.34202568,
6554516,55.33974889,
6554547,55.34202568,
6554578,55.34202568,
6554610,55.34202568,
6554641,55.34202568,
6554767,55.33974889,
6554898,55.34202568,
6554931,55.34202568,
6554962,55.34202568,
6554993,55.33974889,
6555025,55.33974889,
6555057,55.33974889,
6555088,55.33974889,
6555119,55.34202568,
6555151,55.34202568,
6555182,55.33974889,
6555214,55.34202568,
6555246,55.34202568,
6555277,55.33974889,
6555308,55.34202568,
6555340,55.33974889,
6555371,55.34202568,
6555403,55.34202568,
6555434,55.33974889,
6555466,55.34202568,
6555579,55.34202568,
6555710,55.33974889,
6555743,55.34202568,
6555774,55.33974889,
6555805,55.34430248,
6555836,55.33974889,
6555868,55.34202568,
6555900,55.34430248,
6555931,55.34430248,
6555963,55.33747209,
6555994,55.34202568,
6556025,55.34202568,
6556057,55.33974889,
6556088,55.34202568,
6556120,55.34202568,
6556151,55.34202568,
6556183,55.34430248,
6556214,55.33974889,
6556245,55.34430248,
6556277,55.34202568,
6556411,55.34202568,
6556542,55.34202568,
6556575,55.34202568,
6556606,55.33974889,
6556637,55.34202568,
6556669,55.34202568,
6556701,55.34430248,
6556732,55.34202568,
6556763,55.34202568,
6556795,55.33747209,
6556826,55.33974889,
6556858,55.34202568,
6556889,55.34202568,
6556921,55.34430248,
6556952,55.34202568,
6556984,55.34202568,
6557015,55.33974889,
6557046,55.34430248,
6557078,55.33974889,
6557109,55.34202568,
6557224,55.34202568,
6557355,55.34202568,
6557387,55.33974889,
6557418,55.34202568,
6557450,55.33974889,
6557481,55.34430248,
6557513,55.33974889,
6557544,55.33974889,
6557575,55.33974889,
6557607,55.34430248,
6557638,55.34202568,
6557669,55.33974889,
6557701,55.34202568,
6557732,55.33974889,
6557764,55.33974889,
6557796,55.34202568,
6557827,55.33974889,
6557858,55.33974889,
6557889,55.34202568,
6557921,55.33974889,
6558044,55.34202568,
6558176,55.34202568,
6558208,55.33974889,
6558240,55.34202568,
6558271,55.34202568,
6558303,55.34430248,
6558334,55.34202568,
6558365,55.34430248,
6558397,55.33974889,
6558428,55.34202568,
6558460,55.34430248,
6558491,55.34202568,
6558523,55.34202568,
6558554,55.34202568,
6558585,55.34202568,
6558617,55.34202568,
6558648,55.33974889,
6558679,55.34202568,
6558711,55.34202568,
6558743,55.34430248,
6558860,55.33974889,
6558991,55.33974889,
6559023,55.33974889,
6559054,55.33747209,
6559086,55.34202568,
6559117,55.34202568,
6559148,55.34202568,
6559180,55.34202568,
6559211,55.34202568,
6559243,55.34202568,
6559274,55.33974889,
6559305,55.34430248,
6559337,55.33747209,
6559368,55.33974889,
6559400,55.34202568,
6559431,55.34202568,
6559463,55.33747209,
6559494,55.33974889,
6559525,55.33974889,
6559557,55.34202568,
6559680,55.33974889,
6559811,55.34202568,
6559843,55.34202568,
6559874,55.33974889,
6559906,55.33974889,
6559937,55.34430248,
6559969,55.33974889,
6560000,55.34202568,
6560031,55.34202568,
6560063,55.33974889,
6560094,55.33974889,
6560125,55.33974889,
6560157,55.34202568,
6560188,55.34202568,
6560220,55.33974889,
6560251,55.33974889,
6560283,55.33974889,
6560314,55.34202568,
6560345,55.34202568,
6560377,55.34202568,
6560513,55.34202568,
6560644,55.34202568,
6560677,55.34202568,
6560708,55.33974889,
6560740,55.34430248,
6560771,55.33974889,
6560803,55.33974889,
6560834,55.34202568,
6560866,55.33747209,
6560897,55.33974889,
6560928,55.34430248,
6560960,55.33974889,
6560991,55.33974889,
6561023,55.33747209,
6561054,55.34202568,
6561086,55.33747209,
6561117,55.33974889,
6561148,55.34202568,
6561180,55.33974889,
6561211,55.34202568,
6561318,55.33974889,
6561450,55.34202568,
6561482,55.34202568,
6561513,55.34202568,
6561544,55.33974889,
6561575,55.33974889,
6561607,55.34202568,
6561639,55.34202568,
6561670,55.34430248,
6561701,55.34202568,
6561733,55.34202568,
6561764,55.33747209,
6561796,55.34202568,
6561827,55.33974889,
6561859,55.34430248,
6561890,55.33974889,
6561922,55.33974889,
6561953,55.33974889,
6561984,55.34202568,
6562016,55.34202568,
6562144,55.33974889,
6562275,55.34202568,
6562307,55.33974889,
6562339,55.33974889,
6562371,55.34202568,
6562403,55.33974889,
6562435,55.34202568,
6562466,55.34202568,
6562497,55.34202568,
6562529,55.33974889,
6562560,55.33974889,
6562591,55.33974889,
6562623,55.34202568,
6562654,55.33974889,
6562686,55.33974889,
6562717,55.34202568,
6562749,55.34202568,
6562780,55.33974889,
6562812,55.34202568,
6562843,55.34430248,
6562964,55.33974889,
6563096,55.33974889,
6563128,55.33974889,
6563160,55.33974889,
6563191,55.34430248,
6563223,55.33974889,
6563254,55.33974889,
6563285,55.33974889,
6563316,55.33974889,
6563348,55.34202568,
6563380,55.33974889,
6563411,55.33974889,
6563443,55.33974889,
6563474,55.33747209,
6563505,55.34202568,
6563537,55.34202568,
6563568,55.33974889,
6563599,55.33974889,
6563631,55.34657927,
6563663,55.33974889,
6563783,55.33974889,
6563914,55.33974889,
6563946,55.34202568,
6563978,55.33974889,
6564009,55.34430248,
6564041,55.33974889,
6564072,55.34202568,
6564103,55.34202568,
6564135,55.34202568,
6564166,55.34202568,
6564198,55.33974889,
6564229,55.34430248,
6564261,55.34202568,
6564292,55.34202568,
6564323,55.34202568,
6564355,55.34430248,
6564386,55.34202568,
6564417,55.34202568,
6564449,55.34202568,
6564481,55.33974889,
6564701,55.33974889,
6564833,55.33974889,
6564865,55.34430248,
6564896,55.33974889,
6564928,55.33974889,
6564960,55.34202568,
6564991,55.34202568,
6565022,55.34202568,
6565053,55.33747209,
6565085,55.34430248,
6565116,55.34430248,
6565148,55.33747209,
6565179,55.33974889,
6565211,55.33974889,
6565242,55.34430248,
6565274,55.33974889,
6565305,55.34202568,
6565336,55.34430248,
6565368,55.34202568,
6565399,55.33974889,
6565512,55.34202568,
6565644,55.34430248,
6565676,55.33974889,
6565707,55.33974889,
6565738,55.34202568,
6565769,55.34202568,
6565801,55.34202568,
6565833,55.34202568,
6565864,55.33974889,
6565896,55.33974889,
6565927,55.33974889,
6565958,55.34202568,
6565990,55.33974889,
6566021,55.33974889,
6566053,55.34202568,
6566084,55.34202568,
6566116,55.33974889,
6566147,55.34202568,
6566178,55.34202568,
6566210,55.33974889,
6566340,55.33974889,
6566471,55.34202568,
6566503,55.33974889,
6566534,55.34202568,
6566565,55.34430248,
6566597,55.34202568,
6566628,55.33974889,
6566660,55.34430248,
6566691,55.33974889,
6566723,55.33974889,
6566754,55.33974889,
6566785,55.33747209,
6566817,55.33974889,
6566848,55.34202568,
6566880,55.34202568,
6566911,55.34430248,
6566943,55.34202568,
6566974,55.33974889,
6567006,55.34202568,
6567037,55.34202568,
6567155,55.34202568,
6567286,55.34202568,
6567318,55.33974889,
6567350,55.34202568,
6567381,55.34202568,
6567412,55.34202568,
6567444,55.33974889,
6567476,55.34202568,
6567507,55.33974889,
6567539,55.34430248,
6567570,55.34202568,
6567601,55.34430248,
6567633,55.34430248,
6567664,55.34202568,
6567695,55.34202568,
6567727,55.34202568,
6567758,55.33974889,
6567790,55.34202568,
6567821,55.33974889,
6567853,55.34430248,
6567985,55.34202568,
6568116,55.34202568,
6568149,55.33974889,
6568180,55.34202568,
6568211,55.34202568,
6568243,55.33974889,
6568275,55.33974889,
6568306,55.34202568,
6568337,55.34430248,
6568369,55.33747209,
6568400,55.34202568,
6568431,55.34202568,
6568463,55.34202568,
6568494,55.33974889,
6568525,55.33974889,
6568557,55.33747209,
6568589,55.33974889,
6568620,55.34202568,
6568652,55.34202568,
6568683,55.33974889,
6568807,55.33974889,
6568939,55.34202568,
6568971,55.33974889,
6569002,55.33747209,
6569033,55.34202568,
6569065,55.34202568,
6569097,55.34202568,
6569128,55.33747209,
6569160,55.34430248,
6569191,55.34202568,
6569222,55.33974889,
6569253,55.34202568,
6569285,55.34430248,
6569316,55.34430248,
6569348,55.33974889,
6569379,55.34202568,
6569410,55.34430248,
6569441,55.34202568,
6569473,55.34202568,
6569504,55.34430248,
6569611,55.34202568,
6569742,55.33974889,
6569775,55.33747209,
6569806,55.33974889,
6569838,55.33974889,
6569869,55.34430248,
6569901,55.34202568,
6569932,55.33974889,
6569963,55.34202568,
6569995,55.34202568,
6570026,55.34202568,
6570058,55.33974889,
6570089,55.33974889,
6570121,55.33974889,
6570152,55.34202568,
6570184,55.34202568,
6570215,55.34202568,
6570246,55.34202568,
6570278,55.33974889,
6570309,55.34430248,
6570431,55.33974889,
6570562,55.34430248,
6570594,55.34202568,
6570626,55.33974889,
6570657,55.33747209,
6570689,55.34202568,
6570721,55.34202568,
6570752,55.33974889,
6570783,55.34430248,
6570815,55.34430248,
6570846,55.33974889,
6570878,55.33974889,
6570909,55.34202568,
6570941,55.34202568,
6570972,55.33974889,
6571004,55.34430248,
6571035,55.34202568,
6571066,55.34202568,
6571097,55.33974889,
6571129,55.34202568,
6571255,55.34202568,
6571386,55.33974889,
6571418,55.34202568,
6571449,55.34202568,
6571480,55.33974889,
6571512,55.34202568,
6571543,55.34202568,
6571575,55.34885606,
6571606,55.34202568,
6571638,55.34202568,
6571669,55.33974889,
6571700,55.33974889,
6571732,55.34202568,
6571763,55.34202568,
6571795,55.33974889,
6571826,55.34202568,
6571858,55.34202568,
6571889,55.34202568,
6571920,55.34430248,
6571952,55.34202568,
6572067,55.33974889,
6572198,55.34202568,
6572230,55.34202568,
6572262,55.33974889,
6572293,55.33974889,
6572324,55.34202568,
6572356,55.34430248,
6572387,55.33974889,
6572418,55.34202568,
6572450,55.34202568,
6572482,55.33974889,
6572513,55.34430248,
6572545,55.34202568,
6572576,55.34202568,
6572607,55.34202568,
6572639,55.33747209,
6572670,55.33974889,
6572701,55.33974889,
6572733,55.33974889,
6572764,55.34202568,
6572976,55.34202568,
6573107,55.34202568,
6573139,55.33974889,
6573170,55.34202568,
6573202,55.33974889,
6573233,55.34202568,
6573265,55.33747209,
6573296,55.34202568,
6573327,55.34202568,
6573359,55.33974889,
6573390,55.34202568,
6573422,55.33974889,
6573453,55.34430248,
6573484,55.33974889,
6573516,55.34202568,
6573547,55.33747209,
6573579,55.34202568,
6573610,55.33974889,
6573641,55.34202568,
6573673,55.34430248,
6576578,55.33974889,
6576709,55.34202568,
6576742,55.34202568,
6576773,55.34202568,
6576804,55.34202568,
6576836,55.33974889,
6576868,55.33974889,
6576899,55.34202568,
6576930,55.33974889,
6576962,55.33747209,
6576993,55.34430248,
6577024,55.33974889,
6577056,55.34657927,
6577087,55.33974889,
6577119,55.34430248,
6577150,55.34202568,
6577182,55.34202568,
6577213,55.34430248,
6577244,55.34202568,
6577276,55.34202568,
6577401,55.34202568,
6577532,55.34202568,
6577564,55.34202568,
6577596,55.34202568,
6577627,55.34202568,
6577659,55.34202568,
6577691,55.34430248,
6577722,55.33974889,
6577753,55.33974889,
6577785,55.33974889,
6577816,55.34430248,
6577847,55.33974889,
6577879,55.33974889,
6577911,55.34430248,
6577942,55.34430248,
6577973,55.34202568,
6578005,55.34202568,
6578036,55.34430248,
6578068,55.34202568,
6578100,55.33974889,
6578222,55.34202568,
6578353,55.33974889,
6578385,55.34202568,
6578417,55.33974889,
6578448,55.34430248,
6578480,55.34202568,
6578511,55.34202568,
6578543,55.34430248,
6578574,55.34202568,
6578605,55.34430248,
6578637,55.34202568,
6578668,55.34202568,
6578700,55.34430248,
6578731,55.34430248,
6578763,55.34202568,
6578794,55.34202568,
6578826,55.34202568,
6578857,55.34202568,
6578889,55.34202568,
6578920,55.33974889,
6579032,55.33974889,
6579162,55.34202568,
6579194,55.34202568,
6579225,55.33974889,
6579257,55.34202568,
6579288,55.34202568,
6579320,55.33974889,
6579351,55.34202568,
6579383,55.34202568,
6579414,55.34202568,
6579446,55.34430248,
6579477,55.34202568,
6579509,55.34202568,
6579540,55.33974889,
6579571,55.34430248,
6579602,55.34202568,
6579634,55.33974889,
6579665,55.34202568,
6579697,55.34202568,
6579728,55.33974889,
6579858,55.34430248,
6579990,55.34202568,
6580022,55.34202568,
6580053,55.34202568,
6580085,55.33974889,
6580117,55.34202568,
6580148,55.34430248,
6580179,55.33974889,
6580210,55.33974889,
6580242,55.33974889,
6580273,55.34430248,
6580305,55.33974889,
6580336,55.34202568,
6580368,55.33974889,
6580399,55.34430248,
6580431,55.34202568,
6580462,55.33974889,
6580493,55.34202568,
6580525,55.34430248,
6580556,55.34202568,
6580673,55.34430248,
6580804,55.34430248,
6580836,55.34202568,
6580868,55.33974889,
6580899,55.33974889,
6580930,55.33974889,
6580962,55.33974889,
6580993,55.34202568,
6581024,55.34202568,
6581056,55.33974889,
6581088,55.33747209,
6581119,55.33974889,
6581150,55.34430248,
6581182,55.34202568,
6581213,55.34430248,
6581245,55.33974889,
6581276,55.34202568,
6581307,55.33974889,
6581339,55.34202568,
6581370,55.33974889,
6581495,55.34202568,
6581626,55.34202568,
6581659,55.33974889,
6581690,55.34202568,
6581722,55.34202568,
6581753,55.34430248,
6581785,55.33974889,
6581816,55.33974889,
6581847,55.33974889,
6581879,55.34202568,
6581910,55.33974889,
6581942,55.34202568,
6581973,55.34202568,
6582005,55.34430248,
6582036,55.34202568,
6582068,55.33974889,
6582099,55.34202568,
6582130,55.33974889,
6582162,55.34202568,
6582193,55.34202568,
6582324,55.33974889,
6582455,55.34202568,
6582487,55.34430248,
6582519,55.34430248,
6582550,55.33974889,
6582582,55.34202568,
6582613,55.34202568,
6582645,55.34430248,
6582676,55.33974889,
6582708,55.34202568,
6582739,55.34202568,
6582770,55.34202568,
6582802,55.33974889,
6582833,55.34430248,
6582865,55.33974889,
6582896,55.34202568,
6582928,55.33974889,
6582959,55.34202568,
6582991,55.34202568,
6583022,55.34202568,
6583131,55.34202568,
6583262,55.34202568,
6583294,55.34202568,
6583325,55.34202568,
6583357,55.33974889,
6583388,55.33974889,
6583419,55.33974889,
6583451,55.34202568,
6583482,55.34202568,
6583514,55.34430248,
6583545,55.34202568,
6583576,55.33974889,
6583608,55.33974889,
6583639,55.33974889,
6583671,55.33974889,
6583702,55.34202568,
6583734,55.33974889,
6583765,55.34430248,
6583796,55.34202568,
6583828,55.33974889,
6583960,55.34430248,
6584092,55.34202568,
6584124,55.34202568,
6584155,55.33974889,
6584187,55.34202568,
6584218,55.34202568,
6584250,55.34430248,
6584281,55.34202568,
6584313,55.34430248,
6584344,55.34202568,
6584375,55.34202568,
6584407,55.34202568,
6584438,55.34202568,
6584470,55.33974889,
6584501,55.33974889,
6584533,55.34430248,
6584564,55.34202568,
6584595,55.33974889,
6584627,55.34202568,
6584658,55.34202568,
6584779,55.34202568,
6584911,55.33974889,
6584943,55.34430248,
6584975,55.34430248,
6585006,55.33974889,
6585038,55.33974889,
6585069,55.34202568,
6585100,55.34202568,
6585132,55.34202568,
6585163,55.34202568,
6585195,55.33974889,
6585226,55.34202568,
6585258,55.34202568,
6585289,55.33974889,
6585320,55.34202568,
6585352,55.34202568,
6585383,55.34202568,
6585414,55.34202568,
6585446,55.34202568,
6585478,55.34430248,
6585604,55.34202568,
6585735,55.33974889,
6585767,55.34202568,
6585799,55.34202568,
6585830,55.33974889,
6585862,55.34202568,
6585894,55.34202568,
6585925,55.34430248,
6585957,55.33974889,
6585988,55.33974889,
6586019,55.33747209,
6586050,55.34202568,
6586082,55.34202568,
6586113,55.34430248,
6586145,55.33974889,
6586176,55.34202568,
6586208,55.34202568,
6586239,55.34202568,
6586271,55.33974889,
6586302,55.34202568,
6586425,55.34202568,
6586555,55.34430248,
6586588,55.34202568,
6586619,55.34430248,
6586650,55.34202568,
6586682,55.34202568,
6586713,55.33974889,
6586745,55.34202568,
6586776,55.34202568,
6586808,55.34202568,
6586839,55.34430248,
6586870,55.34202568,
6586902,55.33974889,
6586933,55.34430248,
6586965,55.34430248,
6586996,55.33974889,
6587028,55.34202568,
6587059,55.34202568,
6587091,55.34430248,
6587122,55.33974889,
6587224,55.34202568,
6587355,55.34202568,
6587387,55.34202568,
6587419,55.34202568,
6587450,55.34202568,
6587481,55.34430248,
6587513,55.34202568,
6587544,55.33974889,
6587575,55.34202568,
6587607,55.34202568,
6587639,55.34430248,
6587670,55.34430248,
6587701,55.34202568,
6587733,55.33974889,
6587764,55.34202568,
6587796,55.34202568,
6587827,55.34202568,
6587858,55.34202568,
6587890,55.34202568,
6587921,55.34202568,
6588045,55.34202568,
6588176,55.34202568,
6588208,55.33974889,
6588240,55.34202568,
6588271,55.34202568,
6588302,55.34202568,
6588334,55.34430248,
6588365,55.34202568,
6588396,55.34430248,
6588428,55.34202568,
6588460,55.34202568,
6588491,55.33974889,
6588522,55.34202568,
6588554,55.34202568,
6588585,55.33974889,
6588617,55.33974889,
6588648,55.34202568,
6588679,55.34202568,
6588711,55.34202568,
6588742,55.34202568,
6588884,55.34202568,
6589015,55.33974889,
6589048,55.34202568,
6589080,55.34202568,
6589111,55.34202568,
6589143,55.33974889,
6589174,55.33974889,
6589205,55.34430248,
6589237,55.34202568,
6589268,55.34202568,
6589299,55.34202568,
6589331,55.34430248,
6589362,55.34202568,
6589394,55.33974889,
6589425,55.33974889,
6589457,55.34430248,
6589488,55.34430248,
6589519,55.34202568,
6589551,55.33974889,
6589582,55.34202568,
6589681,55.34202568,
6589812,55.34202568,
6589844,55.34202568,
6589875,55.34202568,
6589906,55.34202568,
6589938,55.33974889,
6589970,55.34202568,
6590001,55.33974889,
6590032,55.34202568,
6590063,55.34202568,
6590094,55.34430248,
6590126,55.34202568,
6590157,55.34202568,
6590189,55.34657927,
6590220,55.34202568,
6590252,55.34202568,
6590283,55.34202568,
6590314,55.34202568,
6590345,55.34202568,
6590377,55.34430248,
6590500,55.34430248,
6590631,55.34202568,
6590663,55.34430248,
6590694,55.34430248,
6590726,55.33974889,
6590757,55.34202568,
6590789,55.34430248,
6590820,55.34202568,
6590851,55.34202568,
6590883,55.33974889,
6590914,55.34202568,
6590946,55.34430248,
6590977,55.34202568,
6591009,55.34430248,
6591040,55.34202568,
6591072,55.34202568,
6591103,55.33974889,
6591134,55.33974889,
6591165,55.34430248,
6591197,55.33974889,
6591328,55.34430248,
6591460,55.33974889,
6591492,55.34202568,
6591524,55.34202568,
6591555,55.34202568,
6591587,55.34202568,
6591618,55.34430248,
6591649,55.34202568,
6591681,55.34430248,
6591712,55.34202568,
6591744,55.34202568,
6591775,55.34202568,
6591807,55.34202568,
6591838,55.34202568,
6591869,55.34202568,
6591901,55.34430248,
6591932,55.34202568,
6591964,55.34202568,
6591995,55.34202568,
6592027,55.34430248,
6592149,55.34430248,
6592280,55.34657927,
6592313,55.34202568,
6592344,55.34430248,
6592375,55.34202568,
6592407,55.34202568,
6592439,55.34430248,
6592470,55.34202568,
6592501,55.34202568,
6592533,55.34430248,
6592564,55.34202568,
6592595,55.34430248,
6592627,55.34202568,
6592658,55.34202568,
6592690,55.34202568,
6592721,55.34430248,
6592753,55.33974889,
6592784,55.34430248,
6592816,55.33974889,
6592847,55.34202568,
6592978,55.34202568,
6593109,55.34202568,
6593142,55.34202568,
6593173,55.34202568,
6593204,55.34430248,
6593236,55.34202568,
6593268,55.34202568,
6593299,55.34202568,
6593330,55.33974889,
6593362,55.34430248,
6593393,55.33974889,
6593424,55.33747209,
6593456,55.34430248,
6593487,55.33974889,
6593519,55.34430248,
6593550,55.34202568,
6593582,55.34430248,
6593613,55.33974889,
6593645,55.34202568,
6593676,55.34202568,
6593783,55.34430248,
6593914,55.34430248,
6593947,55.34202568,
6593978,55.34202568,
6594009,55.34202568,
6594041,55.34202568,
6594073,55.33974889,
6594104,55.34202568,
6594135,55.34202568,
6594167,55.34202568,
6594198,55.34430248,
6594229,55.34657927,
6594261,55.33974889,
6594292,55.34202568,
6594324,55.34202568,
6594355,55.34202568,
6594387,55.34202568,
6594418,55.34202568,
6594449,55.34202568,
6594481,55.34430248,
6594623,55.34202568,
6594754,55.34202568,
6594787,55.34202568,
6594818,55.34202568,
6594850,55.34202568,
6594882,55.34202568,
6594913,55.34202568,
6594944,55.34430248,
6594976,55.33974889,
6595007,55.34202568,
6595039,55.34202568,
6595070,55.34430248,
6595102,55.34430248,
6595133,55.34202568,
6595164,55.34202568,
6595196,55.34430248,
6595227,55.34657927,
6595258,55.33974889,
6595290,55.34202568,
6595321,55.34430248,
6595524,55.33974889,
6595655,55.34202568,
6595688,55.33974889,
6595719,55.34430248,
6595750,55.34202568,
6595782,55.34430248,
6595813,55.34430248,
6595845,55.34430248,
6595876,55.34202568,
6595908,55.34202568,
6595939,55.33747209,
6595970,55.33974889,
6596002,55.34202568,
6596033,55.34202568,
6596065,55.33974889,
6596096,55.34202568,
6596128,55.34430248,
6596159,55.33974889,
6596191,55.34202568,
6596222,55.34430248,
6596536,55.34430248,
6596667,55.34202568,
6596698,55.33974889,
6596730,55.34202568,
6596762,55.34202568,
6596793,55.34202568,
6596825,55.34202568,
6596856,55.34202568,
6596887,55.34202568,
6596919,55.33974889,
6596951,55.34202568,
6596982,55.34202568,
6597013,55.34430248,
6597045,55.34202568,
6597076,55.34430248,
6597107,55.34202568,
6597139,55.34430248,
6597170,55.34202568,
6597202,55.34202568,
6597233,55.34202568,
6597450,55.34657927,
6597581,55.34430248,
6597612,55.34202568,
6597644,55.33974889,
6597675,55.33974889,
6597707,55.34430248,
6597738,55.34202568,
6597770,55.34202568,
6597801,55.33974889,
6597833,55.34202568,
6597864,55.34430248,
6597895,55.34202568,
6597926,55.33974889,
6597958,55.34657927,
6597990,55.34430248,
6598021,55.34202568,
6598053,55.34202568,
6598084,55.34430248,
6598115,55.34430248,
6598147,55.34202568,
6598286,55.34885606,
6598417,55.3351953,
6598449,55.34430248,
6598480,55.34202568,
6598512,55.34202568,
6598543,55.34202568,
6598575,55.34202568,
6598606,55.34202568,
6598637,55.34202568,
6598669,55.34202568,
6598700,55.34657927,
6598732,55.33974889,
6598763,55.34202568,
6598795,55.34202568,
6598826,55.34430248,
6598858,55.34657927,
6598889,55.34202568,
6598920,55.33747209,
6598952,55.34202568,
6598983,55.34202568,
6599109,55.34657927,
6599240,55.34202568,
6599273,55.34202568,
6599304,55.34430248,
6599335,55.34430248,
6599367,55.34430248,
6599399,55.34202568,
6599430,55.34202568,
6599461,55.34430248,
6599493,55.33974889,
6599524,55.34430248,
6599555,55.34430248,
6599587,55.34202568,
6599618,55.33974889,
6599650,55.33974889,
6599681,55.34202568,
6599713,55.34202568,
6599744,55.34202568,
6599776,55.34202568,
6599807,55.34202568,
6599929,55.34202568,
6600060,55.33974889,
6600092,55.34202568,
6600124,55.33974889,
6600155,55.34430248,
6600187,55.34430248,
6600218,55.34202568,
6600249,55.34430248,
6600280,55.33974889,
6600312,55.34202568,
6600344,55.34430248,
6600375,55.34657927,
6600407,55.34202568,
6600438,55.34202568,
6600469,55.34202568,
6600501,55.34202568,
6600532,55.34430248,
6600563,55.34202568,
6600595,55.34202568,
6600626,55.34430248,
6600744,55.34430248,
6600875,55.34430248,
6600907,55.34202568,
6600939,55.34430248,
6600970,55.34430248,
6601002,55.34202568,
6601033,55.34430248,
6601065,55.34202568,
6601096,55.34202568,
6601128,55.34202568,
6601159,55.34430248,
6601190,55.34430248,
6601222,55.34202568,
6601254,55.34430248,
6601285,55.34430248,
6601316,55.34202568,
6601348,55.34430248,
6601379,55.34202568,
6601410,55.34202568,
6601442,55.34430248,
6601566,55.34430248,
6601698,55.34430248,
6601730,55.34202568,
6601761,55.33974889,
6601793,55.34430248,
6601824,55.34430248,
6601856,55.34202568,
6601887,55.34657927,
6601918,55.34202568,
6601950,55.34202568,
6601982,55.34202568,
6602013,55.33974889,
6602044,55.34430248,
6602076,55.34202568,
6602107,55.34430248,
6602139,55.34430248,
6602170,55.34430248,
6602201,55.34202568,
6602233,55.34430248,
6602264,55.34202568,
6602378,55.34657927,
6602509,55.33974889,
6602542,55.34202568,
6602573,55.34430248,
6602605,55.34430248,
6602636,55.34202568,
6602668,55.34202568,
6602699,55.34430248,
6602730,55.34430248,
6602762,55.34430248,
6602793,55.34202568,
6602824,55.34430248,
6602856,55.34430248,
6602888,55.33974889,
6602919,55.34202568,
6602950,55.34202568,
6602982,55.34430248,
6603013,55.34202568,
6603044,55.34202568,
6603076,55.34202568,
6603199,55.33974889,
6603329,55.34202568,
6603361,55.34202568,
6603392,55.34430248,
6603423,55.34430248,
6603455,55.34430248,
6603486,55.34430248,
6603518,55.34202568,
6603549,55.34430248,
6603581,55.34202568,
6603612,55.34202568,
6603643,55.34202568,
6603675,55.34202568,
6603706,55.34657927,
6603738,55.34202568,
6603769,55.34657927,
6603801,55.34430248,
6603832,55.34202568,
6603863,55.34202568,
6603895,55.33974889,
6604033,55.34202568,
6604165,55.33974889,
6604197,55.34430248,
6604228,55.34430248,
6604260,55.34430248,
6604292,55.34202568,
6604323,55.34657927,
6604354,55.34657927,
6604386,55.34202568,
6604417,55.34430248,
6604449,55.34430248,
6604480,55.34202568,
6604511,55.34430248,
6604543,55.33974889,
6604574,55.34430248,
6604606,55.33974889,
6604637,55.34202568,
6604669,55.34430248,
6604700,55.34202568,
6604731,55.34430248,
6604838,55.34202568,
6604969,55.33974889,
6605001,55.33974889,
6605032,55.34202568,
6605064,55.33974889,
6605095,55.34430248,
6605127,55.34430248,
6605158,55.33974889,
6605189,55.34202568,
6605221,55.34430248,
6605252,55.34430248,
6605284,55.34430248,
6605315,55.34202568,
6605347,55.34202568,
6605378,55.33974889,
6605410,55.34657927,
6605441,55.34202568,
6605472,55.34430248,
6605503,55.34430248,
6605535,55.34202568,
6605752,55.34202568,
6605883,55.33974889,
6605914,55.34430248,
6605946,55.34430248,
6605978,55.34430248,
6606009,55.34430248,
6606041,55.34657927,
6606072,55.34202568,
6606103,55.34202568,
6606135,55.34202568,
6606166,55.34430248,
6606198,55.34430248,
6606229,55.34430248,
6606261,55.34202568,
6606292,55.34430248,
6606323,55.34202568,
6606355,55.34430248,
6606386,55.34202568,
6606417,55.34430248,
6606449,55.34202568,
6606680,55.34430248,
6606810,55.34202568,
6606842,55.34202568,
6606874,55.34657927,
6606905,55.33974889,
6606936,55.34430248,
6606968,55.34430248,
6607000,55.33974889,
6607031,55.34430248,
6607063,55.34430248,
6607094,55.34430248,
6607125,55.34202568,
6607157,55.34430248,
6607188,55.34202568,
6607219,55.34202568,
6607251,55.34202568,
6607283,55.34657927,
6607314,55.34430248,
6607345,55.34202568,
6607377,55.34657927,
6607501,55.33974889,
6607632,55.34202568,
6607664,55.34430248,
6607696,55.34202568,
6607727,55.33974889,
6607758,55.34202568,
6607790,55.34430248,
6607821,55.34657927,
6607852,55.34430248,
6607884,55.34202568,
6607916,55.34430248,
6607947,55.34202568,
6607979,55.34430248,
6608010,55.34202568,
6608041,55.34657927,
6608073,55.34430248,
6608104,55.34430248,
6608135,55.34430248,
6608167,55.34202568,
6608198,55.33747209,
6608426,55.34430248,
6608558,55.34430248,
6608590,55.34430248,
6608621,55.34430248,
6608653,55.34202568,
6608685,55.34430248,
6608716,55.34657927,
6608747,55.34202568,
6608778,55.34657927,
6608810,55.34202568,
6608841,55.34202568,
6608873,55.34202568,
6608904,55.33974889,
6608936,55.33974889,
6608967,55.34430248,
6608999,55.34202568,
6609030,55.34202568,
6609061,55.34202568,
6609093,55.34202568,
6609124,55.34657927,
6609237,55.34430248,
6609368,55.34430248,
6609400,55.34202568,
6609432,55.33974889,
6609464,55.34202568,
6609495,55.34202568,
6609527,55.34202568,
6609558,55.34430248,
6609589,55.34202568,
6609621,55.34202568,
6609652,55.34430248,
6609684,55.34202568,
6609715,55.34430248,
6609747,55.34430248,
6609778,55.34430248,
6609809,55.34657927,
6609841,55.34657927,
6609872,55.34657927,
6609903,55.34202568,
6609935,55.34657927,
6610059,55.34430248,
6610190,55.34202568,
6610222,55.34430248,
6610254,55.34430248,
6610285,55.33974889,
6610317,55.34202568,
6610348,55.34202568,
6610380,55.34430248,
6610411,55.34430248,
6610443,55.34430248,
6610474,55.34657927,
6610505,55.34202568,
6610537,55.34430248,
6610568,55.33974889,
6610599,55.33974889,
6610631,55.34430248,
6610663,55.34202568,
6610694,55.34202568,
6610725,55.34202568,
6610757,55.34202568,
6610883,55.33974889,
6611013,55.33974889,
6611045,55.34430248,
6611077,55.34430248,
6611108,55.34202568,
6611139,55.34202568,
6611171,55.34430248,
6611202,55.34430248,
6611233,55.34430248,
6611265,55.34430248,
6611297,55.34202568,
6611328,55.34202568,
6611360,55.34202568,
6611391,55.34657927,
6611422,55.33974889,
6611454,55.34430248,
6611485,55.34430248,
6611516,55.34430248,
6611548,55.34202568,
6611579,55.34430248,
6611816,55.33974889,
6611946,55.34202568,
6611980,55.34430248,
6612013,55.34202568,
6612045,55.34430248,
6612077,55.34657927,
6612108,55.34430248,
6612140,55.34430248,
6612172,55.34202568,
6612203,55.34430248,
6612234,55.34430248,
6612265,55.34202568,
6612297,55.34430248,
6612329,55.34430248,
6612360,55.34657927,
6612392,55.34430248,
6612424,55.34202568,
6612456,55.33974889,
6612488,55.34430248,
6612519,55.34430248,
6612621,55.34430248,
6612752,55.34430248,
6612784,55.34430248,
6612815,55.34202568,
6612846,55.34430248,
6612878,55.34430248,
6612909,55.34202568,
6612940,55.34430248,
6612971,55.34202568,
6613004,55.34430248,
6613035,55.34202568,
6613067,55.34657927,
6613099,55.34430248,
6613130,55.34202568,
6613161,55.34657927,
6613193,55.33974889,
6613224,55.34430248,
6613256,55.34202568,
6613287,55.34430248,
6613319,55.34430248,
6613465,55.34202568,
6613596,55.34430248,
6613629,55.33974889,
6613660,55.34430248,
6613691,55.34430248,
6613723,55.34202568,
6613754,55.33974889,
6613786,55.34202568,
6613817,55.34202568,
6613849,55.34430248,
6613880,55.34430248,
6613912,55.34202568,
6613943,55.34430248,
6613974,55.34430248,
6614006,55.34202568,
6614037,55.34657927,
6614069,55.34430248,
6614100,55.34202568,
6614132,55.34202568,
6614163,55.34430248,
6614258,55.34202568,
6614389,55.34430248,
6614421,55.34430248,
6614452,55.34202568,
6614483,55.34202568,
6614515,55.34657927,
6614546,55.34430248,
6614578,55.34430248,
6614609,55.34202568,
6614641,55.34657927,
6614672,55.34202568,
6614703,55.34202568,
6614735,55.34202568,
6614766,55.34430248,
6614798,55.34202568,
6614829,55.34430248,
6614861,55.34430248,
6614892,55.34202568,
6614923,55.34430248,
6614955,55.34202568,
6615172,55.34202568,
6615303,55.34657927,
6615335,55.34202568,
6615367,55.33974889,
6615398,55.34202568,
6615429,55.34202568,
6615461,55.34430248,
6615492,55.34657927,
6615524,55.34202568,
6615555,55.34430248,
6615587,55.34430248,
6615618,55.34430248,
6615650,55.34202568,
6615681,55.34430248,
6615712,55.34430248,
6615743,55.34430248,
6615775,55.34202568,
6615806,55.34430248,
6615838,55.34202568,
6615870,55.34430248,
6616019,55.34430248,
6616150,55.34430248,
6616183,55.34430248,
6616214,55.34202568,
6616245,55.34657927,
6616277,55.34430248,
6616308,55.34430248,
6616340,55.34430248,
6616371,55.34202568,
6616403,55.34657927,
6616434,55.34202568,
6616465,55.34202568,
6616497,55.34430248,
6616528,55.34657927,
6616560,55.34202568,
6616591,55.34657927,
6616623,55.34430248,
6616654,55.34430248,
6616686,55.34430248,
6616717,55.33974889,
6616823,55.34202568,
6616954,55.34430248,
6616986,55.34202568,
6617018,55.34430248,
6617049,55.34202568,
6617080,55.34202568,
6617112,55.34430248,
6617143,55.34430248,
6617175,55.34202568,
6617206,55.34430248,
6617238,55.34430248,
6617269,55.33974889,
6617301,55.34430248,
6617332,55.33974889,
6617363,55.34430248,
6617395,55.34430248,
6617426,55.34430248,
6617458,55.34430248,
6617489,55.34202568,
6617520,55.34202568,
6617655,55.34202568,
6617786,55.34657927,
6617818,55.34202568,
6617850,55.34430248,
6617881,55.34430248,
6617913,55.34430248,
6617944,55.34430248,
6617975,55.34430248,
6618007,55.33974889,
6618038,55.34202568,
6618070,55.34430248,
6618101,55.34430248,
6618133,55.34202568,
6618164,55.34885606,
6618195,55.33974889,
6618227,55.34202568,
6618258,55.34430248,
6618290,55.34430248,
6618321,55.34430248,
6618353,55.34202568,
6618455,55.34430248,
6618586,55.34202568,
6618618,55.34430248,
6618650,55.34202568,
6618681,55.34657927,
6618712,55.34430248,
6618744,55.34430248,
6618775,55.34430248,
6618806,55.34657927,
6618838,55.34885606,
6618870,55.34430248,
6618901,55.34657927,
6618932,55.34202568,
6618964,55.34430248,
6618995,55.34202568,
6619026,55.34430248,
6619058,55.34657927,
6619089,55.34202568,
6619121,55.34202568,
6619152,55.34202568,
6619279,55.34202568,
6619411,55.34430248,
6619443,55.34430248,
6619474,55.34202568,
6619505,55.34430248,
6619536,55.34430248,
6619568,55.34430248,
6619600,55.34430248,
6619631,55.34430248,
6619663,55.34430248,
6619694,55.34430248,
6619725,55.34430248,
6619757,55.34202568,
6619788,55.34430248,
6619819,55.34202568,
6619851,55.34657927,
6619883,55.34430248,
6619914,55.34202568,
6619945,55.34430248,
6619977,55.33974889,
6620127,55.34430248,
6620259,55.34657927,
6620291,55.34657927,
6620322,55.34202568,
6620353,55.34430248,
6620385,55.34430248,
6620416,55.34430248,
6620448,55.34202568,
6620479,55.34202568,
6620511,55.34202568,
6620542,55.34202568,
6620574,55.34202568,
6620605,55.34430248,
6620636,55.34657927,
6620668,55.34430248,
6620699,55.34657927,
6620730,55.34430248,
6620761,55.34430248,
6620793,55.34202568,
6620825,55.34202568,
6620919,55.34430248,
6621050,55.34202568,
6621082,55.34202568,
6621114,55.34430248,
6621145,55.34430248,
6621176,55.34202568,
6621208,55.34430248,
6621239,55.34430248,
6621271,55.34430248,
6621302,55.34657927,
6621334,55.34202568,
6621365,55.34657927,
6621397,55.34657927,
6621428,55.34202568,
6621459,55.34430248,
6621491,55.34657927,
6621522,55.34657927,
6621553,55.34430248,
6621585,55.34430248,
6621616,55.34202568,
6621815,55.34657927,
6621946,55.34430248,
6621978,55.34430248,
6622009,55.34430248,
6622041,55.34430248,
6622072,55.34430248,
6622104,55.34430248,
6622135,55.34430248,
6622166,55.34202568,
6622198,55.34430248,
6622229,55.34202568,
6622261,55.34202568,
6622292,55.34430248,
6622324,55.34202568,
6622355,55.34202568,
6622386,55.33974889,
6622418,55.33974889,
6622449,55.34657927,
6622481,55.34202568,
6622512,55.34430248,
6622677,55.34657927,
6622808,55.34430248,
6622841,55.34430248,
6622872,55.34202568,
6622903,55.34430248,
6622936,55.34430248,
6622967,55.34430248,
6622998,55.34430248,
6623030,55.34202568,
6623061,55.34657927,
6623093,55.34657927,
6623124,55.34430248,
6623156,55.34657927,
6623187,55.34202568,
6623218,55.34202568,
6623250,55.34430248,
6623281,55.34430248,
6623312,55.34657927,
6623344,55.34657927,
6623376,55.34430248,
6623476,55.34202568,
6623607,55.34202568,
6623639,55.34202568,
6623671,55.34430248,
6623702,55.34202568,
6623733,55.34202568,
6623765,55.34430248,
6623796,55.34202568,
6623827,55.34430248,
6623859,55.34430248,
6623891,55.34430248,
6623922,55.34430248,
6623954,55.34657927,
6623985,55.34430248,
6624016,55.34430248,
6624048,55.34430248,
6624079,55.34430248,
6624110,55.34657927,
6624142,55.34430248,
6624173,55.34430248,
6624300,55.34657927,
6624431,55.34657927,
6624463,55.33974889,
6624495,55.34202568,
6624526,55.34430248,
6624557,55.34657927,
6624589,55.34202568,
6624620,55.34430248,
6624651,55.34430248,
6624683,55.34430248,
6624714,55.34430248,
6624746,55.34657927,
6624777,55.34202568,
6624809,55.34202568,
6624840,55.34885606,
6624872,55.34202568,
6624903,55.34202568,
6624934,55.34430248,
6624966,55.34202568,
6624997,55.34202568,
6625121,55.34430248,
6625252,55.34430248,
6625285,55.34430248,
6625316,55.34430248,
6625347,55.34202568,
6625379,55.34430248,
6625410,55.34202568,
6625442,55.34430248,
6625473,55.34430248,
6625504,55.34202568,
6625536,55.34430248,
6625567,55.34202568,
6625599,55.34202568,
6625630,55.34202568,
6625661,55.34202568,
6625693,55.34430248,
6625724,55.34430248,
6625756,55.34202568,
6625787,55.34430248,
6625819,55.34202568,
6625946,55.34430248,
6626078,55.34657927,
6626110,55.34430248,
6626141,55.34430248,
6626172,55.34430248,
6626204,55.34202568,
6626236,55.34657927,
6626267,55.34202568,
6626298,55.34657927,
6626330,55.34202568,
6626361,55.34202568,
6626392,55.34430248,
6626424,55.34430248,
6626456,55.34430248,
6626487,55.34430248,
6626518,55.34202568,
6626550,55.34430248,
6626581,55.34657927,
6626613,55.34202568,
6626644,55.34202568,
6626869,55.34430248,
6627000,55.34430248,
6627032,55.34430248,
6627063,55.34430248,
6627094,55.34430248,
6627126,55.34202568,
6627157,55.34657927,
6627189,55.34657927,
6627220,55.34657927,
6627252,55.34657927,
6627283,55.34430248,
6627314,55.34202568,
6627346,55.34202568,
6627377,55.34657927,
6627409,55.34657927,
6627440,55.34430248,
6627472,55.34430248,
6627503,55.34657927,
6627535,55.34202568,
6627566,55.33974889,
6627677,55.34430248,
6627808,55.34430248,
6627840,55.34202568,
6627872,55.34202568,
6627903,55.34430248,
6627934,55.34430248,
6627966,55.34430248,
6627997,55.34657927,
6628028,55.34202568,
6628060,55.34202568,
6628092,55.34430248,
6628123,55.34430248,
6628154,55.34202568,
6628186,55.34430248,
6628217,55.34657927,
6628249,55.34430248,
6628280,55.34657927,
6628311,55.34202568,
6628343,55.34430248,
6628374,55.34430248,
6628510,55.34430248,
6628641,55.34430248,
6628673,55.34202568,
6628704,55.34202568,
6628736,55.34430248,
6628767,55.34202568,
6628799,55.34202568,
6628830,55.34202568,
6628862,55.34202568,
6628893,55.34202568,
6628924,55.34202568,
6628956,55.34430248,
6628987,55.34657927,
6629019,55.34430248,
6629050,55.34430248,
6629082,55.34430248,
6629113,55.34657927,
6629144,55.34430248,
6629176,55.34202568,
6629207,55.34202568,
6629319,55.34657927,
6629450,55.34430248,
6629482,55.34202568,
6629513,55.34202568,
6629544,55.34657927,
6629576,55.34202568,
6629607,55.34430248,
6629639,55.34657927,
6629670,55.34430248,
6629701,55.34430248,
6629733,55.34430248,
6629764,55.34430248,
6629796,55.34430248,
6629827,55.34430248,
6629859,55.34202568,
6629890,55.33974889,
6629922,55.34430248,
6629953,55.34657927,
6629985,55.34430248,
6630016,55.34430248,
6630137,55.34430248,
6630268,55.34430248,
6630300,55.34430248,
6630331,55.34430248,
6630362,55.33974889,
6630394,55.34430248,
6630425,55.34430248,
6630457,55.34202568,
6630488,55.34202568,
6630520,55.34430248,
6630551,55.34430248,
6630582,55.34430248,
6630614,55.34430248,
6630645,55.34202568,
6630676,55.34430248,
6630708,55.34202568,
6630739,55.34657927,
6630771,55.34430248,
6630802,55.34430248,
6630834,55.34430248,
6630956,55.34657927,
6631087,55.34430248,
6631119,55.34202568,
6631151,55.34430248,
6631182,55.34430248,
6631214,55.34430248,
6631245,55.34430248,
6631276,55.34657927,
6631307,55.34657927,
6631339,55.34657927,
6631371,55.34202568,
6631402,55.34202568,
6631433,55.34657927,
6631465,55.34430248,
6631496,55.34657927,
6631528,55.34202568,
6631559,55.34657927,
6631590,55.34430248,
6631622,55.34657927,
6631653,55.34430248,
6631780,55.34202568,
6631911,55.34657927,
6631943,55.34202568,
6631975,55.34202568,
6632006,55.34430248,
6632037,55.34202568,
6632069,55.34657927,
6632100,55.34430248,
6632131,55.34430248,
6632163,55.34430248,
6632194,55.34430248,
6632225,55.34657927,
6632257,55.34430248,
6632289,55.34657927,
6632320,55.34430248,
6632352,55.34657927,
6632383,55.34430248,
6632414,55.34430248,
6632446,55.34430248,
6632477,55.34430248,
6632696,55.34657927,
6632827,55.34657927,
6632859,55.34430248,
6632890,55.34202568,
6632921,55.34202568,
6632953,55.34430248,
6632984,55.34430248,
6633016,55.34657927,
6633047,55.34657927,
6633079,55.34430248,
6633110,55.34430248,
6633141,55.34202568,
6633173,55.34430248,
6633204,55.34657927,
6633236,55.33974889,
6633267,55.34202568,
6633299,55.34430248,
6633330,55.34657927,
6633361,55.34430248,
6633393,55.34202568,
6633514,55.34430248,
6633645,55.34657927,
6633677,55.34657927,
6633708,55.34202568,
6633739,55.34202568,
6633771,55.34657927,
6633802,55.34430248,
6633834,55.34430248,
6633865,55.34430248,
6633897,55.34885606,
6633928,55.34430248,
6633959,55.34430248,
6633991,55.34430248,
6634022,55.34202568,
6634054,55.34657927,
6634085,55.34202568,
6634117,55.34657927,
6634148,55.34657927,
6634179,55.34430248,
6634211,55.34430248,
6634342,55.34430248,
6634473,55.34202568,
6634505,55.34430248,
6634537,55.34430248,
6634568,55.34430248,
6634600,55.34430248,
6634631,55.34202568,
6634662,55.34430248,
6634694,55.34657927,
6634725,55.34430248,
6634757,55.34430248,
6634788,55.34430248,
6634820,55.34885606,
6634851,55.34657927,
6634882,55.34430248,
6634914,55.34202568,
6634945,55.34202568,
6634977,55.34657927,
6635008,55.34202568,
6635040,55.34430248,
6635167,55.34430248,
6635298,55.34202568,
6635330,55.34430248,
6635361,55.34430248,
6635393,55.34202568,
6635424,55.34430248,
6635456,55.34430248,
6635487,55.34202568,
6635519,55.34202568,
6635550,55.34430248,
6635581,55.34430248,
6635613,55.34657927,
6635644,55.34430248,
6635676,55.33974889,
6635707,55.34430248,
6635739,55.34430248,
6635770,55.34430248,
6635801,55.34430248,
6635833,55.34430248,
6635864,55.34657927,
6635974,55.34202568,
6636105,55.34430248,
6636137,55.34430248,
6636169,55.34430248,
6636200,55.34430248,
6636232,55.34202568,
6636263,55.34430248,
6636294,55.34657927,
6636325,55.34430248,
6636357,55.34430248,
6636389,55.34430248,
6636420,55.34430248,
6636451,55.33974889,
6636483,55.34657927,
6636514,55.34430248,
6636546,55.34430248,
6636577,55.34430248,
6636608,55.34430248,
6636640,55.34657927,
6636672,55.34430248,
6636808,55.34202568,
6636939,55.34430248,
6636972,55.34202568,
6637003,55.34657927,
6637034,55.34430248,
6637066,55.34430248,
6637097,55.34657927,
6637128,55.34657927,
6637160,55.34430248,
6637192,55.34430248,
6637223,55.34430248,
6637254,55.34430248,
6637286,55.34657927,
6637317,55.34202568,
6637348,55.34430248,
6637380,55.34430248,
6637411,55.34202568,
6637443,55.34430248,
6637474,55.34657927,
6637506,55.34430248,
6637622,55.34885606,
6637753,55.34202568,
6637785,55.34430248,
6637816,55.34430248,
6637848,55.34657927,
6637880,55.34657927,
6637911,55.34430248,
6637942,55.34202568,
6637974,55.34430248,
6638005,55.34430248,
6638036,55.34657927,
6638068,55.34202568,
6638100,55.34430248,
6638131,55.34202568,
6638162,55.34430248,
6638194,55.34430248,
6638225,55.34202568,
6638256,55.34657927,
6638288,55.34430248,
6638319,55.34430248,
6638434,55.34430248,
6638566,55.34885606,
6638597,55.34202568,
6638629,55.34657927,
6638660,55.34430248,
6638692,55.34657927,
6638723,55.34430248,
6638755,55.34202568,
6638786,55.34202568,
6638817,55.34657927,
6638849,55.34202568,
6638880,55.34430248,
6638912,55.34430248,
6638943,55.34202568,
6638975,55.34430248,
6639006,55.34430248,
6639038,55.34202568,
6639069,55.34657927,
6639100,55.34430248,
6639132,55.34657927,
6639258,55.34657927,
6639390,55.34430248,
6639422,55.34657927,
6639453,55.34202568,
6639484,55.34657927,
6639516,55.34202568,
6639547,55.34202568,
6639579,55.34657927,
6639610,55.34657927,
6639642,55.34657927,
6639673,55.34430248,
6639704,55.34202568,
6639736,55.33974889,
6639767,55.34430248,
6639798,55.34657927,
6639830,55.34202568,
6639862,55.34430248,
6639893,55.34430248,
6639925,55.34202568,
6639956,55.34430248,
6643217,55.34430248,
6643348,55.34885606,
6643380,55.34885606,
6643411,55.34430248,
6643443,55.34657927,
6643474,55.34430248,
6643506,55.34430248,
6643537,55.34885606,
6643568,55.34430248,
6643599,55.34657927,
6643631,55.34657927,
6643663,55.34430248,
6643694,55.34430248,
6643726,55.34202568,
6643757,55.34202568,
6643788,55.34202568,
6643820,55.34202568,
6643851,55.34430248,
6643883,55.34430248,
6643914,55.34657927,
6644146,55.34430248,
6644277,55.34430248,
6644308,55.34430248,
6644340,55.34430248,
6644371,55.34430248,
6644403,55.34430248,
6644434,55.34430248,
6644466,55.34202568,
6644497,55.34657927,
6644529,55.34202568,
6644560,55.34430248,
6644591,55.34430248,
6644622,55.34430248,
6644654,55.34202568,
6644686,55.34657927,
6644717,55.34430248,
6644749,55.34430248,
6644780,55.34430248,
6644811,55.34657927,
6644843,55.34657927,
6644988,55.34657927,
6645119,55.34657927,
6645151,55.34430248,
6645183,55.34202568,
6645214,55.34202568,
6645246,55.34657927,
6645277,55.34657927,
6645308,55.34430248,
6645340,55.34430248,
6645371,55.34202568,
6645403,55.34202568,
6645434,55.34657927,
6645466,55.34657927,
6645497,55.34430248,
6645528,55.34430248,
6645560,55.34430248,
6645591,55.34657927,
6645622,55.34430248,
6645654,55.34657927,
6645685,55.34657927,
6645800,55.34430248,
6645931,55.34430248,
6645963,55.34430248,
6645995,55.34202568,
6646026,55.34430248,
6646057,55.34430248,
6646089,55.34202568,
6646120,55.34657927,
6646152,55.34202568,
6646183,55.34430248,
6646215,55.34430248,
6646246,55.34430248,
6646278,55.34430248,
6646309,55.34430248,
6646340,55.34430248,
6646372,55.34657927,
6646403,55.34202568,
6646434,55.34657927,
6646466,55.34657927,
6646497,55.34657927,
6646620,55.34202568,
6646751,55.34657927,
6646783,55.34430248,
6646814,55.34202568,
6646846,55.34202568,
6646877,55.34657927,
6646909,55.34430248,
6646940,55.34657927,
6646971,55.34657927,
6647003,55.34430248,
6647034,55.34430248,
6647066,55.34430248,
6647097,55.34657927,
6647129,55.34885606,
6647160,55.34430248,
6647192,55.34202568,
6647223,55.34657927,
6647255,55.34657927,
6647286,55.34430248,
6647317,55.34202568,
6647450,55.34202568,
6647581,55.34430248,
6647614,55.34202568,
6647645,55.34430248,
6647676,55.34657927,
6647708,55.34657927,
6647740,55.34202568,
6647771,55.34657927,
6647803,55.34430248,
6647834,55.34430248,
6647865,55.34430248,
6647896,55.34657927,
6647928,55.34202568,
6647960,55.34202568,
6647991,55.34202568,
6648022,55.34202568,
6648054,55.34430248,
6648085,55.34657927,
6648117,55.34430248,
6648148,55.34430248,
6648374,55.34657927,
6648505,55.34430248,
6648537,55.34430248,
6648569,55.34430248,
6648600,55.34430248,
6648632,55.34202568,
6648664,55.34657927,
6648695,55.34430248,
6648726,55.34430248,
6648758,55.34430248,
6648789,55.34657927,
6648820,55.34657927,
6648852,55.34657927,
6648884,55.34430248,
6648915,55.34202568,
6648947,55.34430248,
6648978,55.34430248,
6649009,55.34430248,
6649041,55.34657927,
6649072,55.34885606,
6649267,55.34657927,
6649398,55.34430248,
6649429,55.34202568,
6649461,55.34657927,
6649492,55.34430248,
6649523,55.34202568,
6649555,55.34430248,
6649587,55.34430248,
6649618,55.34885606,
6649649,55.34657927,
6649681,55.34657927,
6649712,55.34202568,
6649743,55.34430248,
6649775,55.34430248,
6649806,55.34430248,
6649838,55.34657927,
6649869,55.34430248,
6649901,55.34430248,
6649932,55.34430248,
6649964,55.34202568,
6650182,55.34202568,
6650313,55.34430248,
6650345,55.34657927,
6650377,55.33974889,
6650408,55.34657927,
6650439,55.33974889,
6650471,55.34657927,
6650502,55.34657927,
6650534,55.34430248,
6650565,55.34430248,
6650597,55.34657927,
6650628,55.34430248,
6650659,55.34202568,
6650691,55.34657927,
6650722,55.34430248,
6650753,55.34657927,
6650785,55.34657927,
6650816,55.34202568,
6650848,55.34657927,
6650880,55.34430248,
6651056,55.34430248,
6651187,55.34430248,
6651219,55.34430248,
6651251,55.34430248,
6651282,55.34657927,
6651314,55.34430248,
6651345,55.34430248,
6651376,55.34202568,
6651408,55.34430248,
6651439,55.34430248,
6651471,55.34430248,
6651502,55.34430248,
6651534,55.34430248,
6651565,55.34430248,
6651597,55.34430248,
6651628,55.34430248,
6651659,55.34202568,
6651690,55.34430248,
6651722,55.34430248,
6651754,55.34430248,
6651851,55.34430248,
6651982,55.34430248,
6652015,55.34657927,
6652046,55.34430248,
6652077,55.34430248,
6652109,55.34430248,
6652141,55.34430248,
6652172,55.34202568,
6652203,55.34430248,
6652235,55.34430248,
6652266,55.34202568,
6652297,55.34202568,
6652329,55.34430248,
6652360,55.34202568,
6652392,55.34657927,
6652423,55.34430248,
6652455,55.34885606,
6652486,55.34430248,
6652517,55.34430248,
6652549,55.34430248,
6652755,55.34657927,
6652886,55.34202568,
6652918,55.34202568,
6652950,55.34202568,
6652982,55.34202568,
6653013,55.34202568,
6653044,55.34202568,
6653076,55.34657927,
6653107,55.34430248,
6653139,55.34430248,
6653170,55.34430248,
6653201,55.34202568,
6653233,55.34430248,
6653264,55.34430248,
6653296,55.34657927,
6653327,55.34657927,
6653359,55.34430248,
6653390,55.34657927,
6653421,55.33974889,
6653453,55.34430248,
6653605,55.34430248,
6653737,55.34430248,
6653769,55.34430248,
6653800,55.34202568,
6653832,55.34657927,
6653864,55.34657927,
6653895,55.34430248,
6653926,55.34430248,
6653958,55.34430248,
6653989,55.34657927,
6654020,55.34202568,
6654052,55.34430248,
6654084,55.34430248,
6654115,55.34657927,
6654146,55.34657927,
6654178,55.34202568,
6654209,55.34657927,
6654240,55.34202568,
6654272,55.34657927,
6654303,55.34430248,
6654403,55.34430248,
6654534,55.34430248,
6654567,55.34202568,
6654598,55.34430248,
6654629,55.34657927,
6654661,55.34202568,
6654692,55.34202568,
6654724,55.34430248,
6654755,55.34430248,
6654787,55.34202568,
6654818,55.34202568,
6654850,55.34430248,
6654881,55.34202568,
6654913,55.34430248,
6654944,55.34202568,
6654976,55.34657927,
6655007,55.34202568,
6655038,55.34657927,
6655069,55.34657927,
6655101,55.34202568,
6655317,55.34657927,
6655448,55.34657927,
6655479,55.34430248,
6655511,55.34430248,
6655543,55.34430248,
6655574,55.33974889,
6655606,55.34430248,
6655637,55.34657927,
6655668,55.34430248,
6655700,55.34202568,
6655731,55.34202568,
6655763,55.34430248,
6655794,55.34430248,
6655826,55.34202568,
6655857,55.34430248,
6655888,55.34430248,
6655920,55.34202568,
6655951,55.34202568,
6655983,55.34657927,
6656014,55.34430248,
6656159,55.34430248,
6656290,55.34202568,
6656323,55.34430248,
6656354,55.34430248,
6656385,55.34202568,
6656417,55.34657927,
6656449,55.34657927,
6656480,55.34430248,
6656512,55.34202568,
6656543,55.34430248,
6656574,55.34430248,
6656605,55.34657927,
6656637,55.34430248,
6656668,55.34430248,
6656700,55.34430248,
6656731,55.34657927,
6656763,55.34430248,
6656794,55.34430248,
6656826,55.34657927,
6656857,55.34202568,
6656964,55.34202568,
6657096,55.34430248,
6657128,55.34430248,
6657159,55.34202568,
6657191,55.34430248,
6657222,55.34430248,
6657254,55.34202568,
6657285,55.34430248,
6657316,55.33974889,
6657348,55.34202568,
6657379,55.34430248,
6657411,55.34657927,
6657442,55.34202568,
6657474,55.34430248,
6657505,55.34657927,
6657537,55.34430248,
6657568,55.34430248,
6657599,55.34657927,
6657630,55.34202568,
6657662,55.34430248,
6657783,55.34657927,
6657914,55.34202568,
6657947,55.34430248,
6657979,55.34430248,
6658010,55.34202568,
6658041,55.34430248,
6658073,55.34430248,
6658104,55.34430248,
6658135,55.34430248,
6658167,55.34202568,
6658198,55.34657927,
6658230,55.34202568,
6658261,55.34430248,
6658293,55.34430248,
6658324,55.34885606,
6658356,55.34430248,
6658387,55.34430248,
6658418,55.34430248,
6658449,55.34430248,
6658481,55.34657927,
6658601,55.34657927,
6658732,55.34657927,
6658764,55.34202568,
6658795,55.34430248,
6658827,55.34202568,
6658858,55.34430248,
6658890,55.34657927,
6658921,55.34430248,
6658952,55.34430248,
6658984,55.34657927,
6659015,55.34202568,
6659047,55.34202568,
6659078,55.34430248,
6659110,55.34430248,
6659141,55.34657927,
6659172,55.34430248,
6659204,55.34430248,
6659235,55.34430248,
6659266,55.34430248,
6659298,55.34430248,
6659422,55.34202568,
6659553,55.34657927,
6659585,55.34202568,
6659617,55.34202568,
6659648,55.34202568,
6659679,55.34430248,
6659711,55.34430248,
6659742,55.34430248,
6659774,55.34430248,
6659805,55.34657927,
6659837,55.34430248,
6659868,55.34430248,
6659900,55.34430248,
6659931,55.34657927,
6659962,55.34430248,
6659994,55.34430248,
6660025,55.34885606,
6660057,55.34430248,
6660088,55.34430248,
6660120,55.34430248,
6660243,55.34657927,
6660375,55.34430248,
6660407,55.34430248,
6660439,55.34430248,
6660470,55.34657927,
6660502,55.34430248,
6660533,55.34202568,
6660564,55.34657927,
6660595,55.34430248,
6660627,55.34657927,
6660658,55.34202568,
6660690,55.34202568,
6660721,55.34657927,
6660753,55.34202568,
6660784,55.34657927,
6660816,55.34430248,
6660847,55.34430248,
6660878,55.34430248,
6660910,55.34657927,
6660941,55.34657927,
6661054,55.34430248,
6661185,55.34430248,
6661217,55.34430248,
6661249,55.34430248,
6661280,55.34657927,
6661311,55.34657927,
6661343,55.34657927,
6661374,55.34202568,
6661406,55.34202568,
6661437,55.34430248,
6661469,55.34430248,
6661500,55.34202568,
6661532,55.34430248,
6661563,55.34885606,
6661594,55.34657927,
6661625,55.34430248,
6661657,55.34430248,
6661689,55.34430248,
6661720,55.34885606,
6661752,55.34430248,
6661878,55.34885606,
6662009,55.34430248,
6662041,55.34430248,
6662072,55.34657927,
6662104,55.34430248,
6662135,55.34430248,
6662167,55.34430248,
6662198,55.34430248,
6662229,55.34430248,
6662261,55.34430248,
6662292,55.34657927,
6662323,55.34430248,
6662355,55.34657927,
6662386,55.34430248,
6662418,55.34430248,
6662449,55.34430248,
6662481,55.34202568,
6662512,55.34657927,
6662543,55.34430248,
6662575,55.34430248,
6662701,55.34657927,
6662832,55.34430248,
6662865,55.34430248,
6662896,55.34430248,
6662927,55.34657927,
6662959,55.34657927,
6662991,55.34202568,
6663022,55.34202568,
6663053,55.34202568,
6663085,55.34430248,
6663116,55.34657927,
6663147,55.34202568,
6663179,55.34430248,
6663210,55.34430248,
6663242,55.34657927,
6663273,55.34657927,
6663305,55.34430248,
6663336,55.34430248,
6663368,55.34202568,
6663399,55.34430248,
6663543,55.34885606,
6663675,55.34657927,
6663706,55.34430248,
6663738,55.34430248,
6663769,55.34430248,
6663801,55.34430248,
6663832,55.34430248,
6663864,55.34430248,
6663895,55.34430248,
6663927,55.34430248,
6663958,55.34430248,
6663990,55.34202568,
6664021,55.34657927,
6664052,55.34430248,
6664084,55.34657927,
6664115,55.34430248,
6664147,55.34430248,
6664178,55.34202568,
6664209,55.34430248,
6664241,55.34202568,
6664350,55.34430248,
6664482,55.34885606,
6664514,55.34430248,
6664546,55.34657927,
6664577,55.34430248,
6664609,55.34430248,
6664640,55.34202568,
6664671,55.34885606,
6664703,55.34657927,
6664734,55.34657927,
6664765,55.34430248,
6664797,55.34430248,
6664828,55.34202568,
6664860,55.34202568,
6664891,55.34657927,
6664923,55.34202568,
6664954,55.34430248,
6664985,55.34430248,
6665017,55.34657927,
6665048,55.34657927,
6665183,55.34657927,
6665315,55.34202568,
6665347,55.34430248,
6665378,55.34430248,
6665409,55.34657927,
6665441,55.34430248,
6665473,55.34430248,
6665504,55.34430248,
6665536,55.34202568,
6665567,55.34430248,
6665598,55.34657927,
6665630,55.34430248,
6665661,55.34430248,
6665692,55.34657927,
6665724,55.34430248,
6665756,55.34430248,
6665787,55.34430248,
6665818,55.34657927,
6665850,55.34430248,
6665881,55.34657927,
6665979,55.34657927,
6666110,55.34657927,
6666142,55.34430248,
6666174,55.34657927,
6666205,55.34430248,
6666237,55.34430248,
6666268,55.34202568,
6666299,55.34430248,
6666331,55.34430248,
6666362,55.34657927,
6666394,55.34202568,
6666425,55.34430248,
6666457,55.34430248,
6666488,55.34430248,
6666519,55.34430248,
6666551,55.34430248,
6666582,55.34885606,
6666614,55.34430248,
6666645,55.34430248,
6666677,55.34657927,
6666789,55.34202568,
6666920,55.34430248,
6666951,55.34430248,
6666983,55.34202568,
6667015,55.34657927,
6667046,55.34430248,
6667078,55.34430248,
6667109,55.34657927,
6667140,55.34202568,
6667172,55.34430248,
6667203,55.34430248,
6667235,55.34202568,
6667266,55.34202568,
6667298,55.34430248,
6667329,55.34657927,
6667360,55.34430248,
6667392,55.34657927,
6667423,55.34430248,
6667454,55.34430248,
6667486,55.34430248,
6667617,55.34657927,
6667748,55.34430248,
6667780,55.34430248,
6667812,55.34430248,
6667843,55.34657927,
6667875,55.34657927,
6667907,55.34657927,
6667938,55.34657927,
6667969,55.34657927,
6668001,55.34430248,
6668032,55.34202568,
6668064,55.34657927,
6668096,55.34430248,
6668128,55.34885606,
6668159,55.34657927,
6668191,55.34202568,
6668222,55.34430248,
6668254,55.34657927,
6668285,55.34885606,
6668317,55.34657927,
6668435,55.34657927,
6668566,55.34430248,
6668599,55.34657927,
6668630,55.34430248,
6668661,55.34430248,
6668692,55.34430248,
6668724,55.34430248,
6668756,55.34430248,
6668787,55.34657927,
6668818,55.34430248,
6668850,55.34657927,
6668881,55.34430248,
6668913,55.34885606,
6668944,55.34430248,
6668975,55.34885606,
6669007,55.34657927,
6669039,55.34430248,
6669070,55.34657927,
6669101,55.34430248,
6669133,55.34202568,
6669267,55.34657927,
6669398,55.34657927,
6669430,55.34430248,
6669462,55.34202568,
6669493,55.34657927,
6669525,55.34430248,
6669556,55.34657927,
6669588,55.34430248,
6669619,55.34430248,
6669651,55.34430248,
6669682,55.34430248,
6669713,55.34430248,
6669745,55.34430248,
6669776,55.34430248,
6669807,55.34430248,
6669839,55.34430248,
6669871,55.34430248,
6669902,55.34430248,
6669934,55.34430248,
6669965,55.34657927,
6670073,55.34202568,
6670204,55.34657927,
6670237,55.34657927,
6670268,55.34657927,
6670299,55.34430248,
6670331,55.34657927,
6670363,55.34430248,
6670394,55.34430248,
6670425,55.34202568,
6670457,55.34430248,
6670488,55.34657927,
6670519,55.34657927,
6670551,55.34657927,
6670582,55.34657927,
6670614,55.34657927,
6670645,55.34430248,
6670677,55.34657927,
6670708,55.34885606,
6670739,55.34885606,
6670771,55.34657927,
6670901,55.34430248,
6671033,55.34657927,
6671065,55.34430248,
6671097,55.34430248,
6671128,55.34430248,
6671160,55.34430248,
6671191,55.34430248,
6671222,55.34430248,
6671254,55.34430248,
6671285,55.34430248,
6671316,55.34430248,
6671348,55.34430248,
6671379,55.34430248,
6671411,55.34430248,
6671442,55.34430248,
6671474,55.34657927,
6671505,55.34202568,
6671536,55.34657927,
6671568,55.34657927,
6671599,55.34430248,
6671809,55.34202568,
6671940,55.34885606,
6671972,55.34202568,
6672003,55.34657927,
6672034,55.34202568,
6672066,55.34430248,
6672098,55.34430248,
6672129,55.34430248,
6672160,55.34657927,
6672192,55.34430248,
6672223,55.34430248,
6672254,55.34430248,
6672286,55.34657927,
6672317,55.34657927,
6672349,55.34657927,
6672380,55.34657927,
6672412,55.34885606,
6672443,55.34430248,
6672474,55.34430248,
6672506,55.34657927,
6672629,55.34657927,
6672760,55.34657927,
6672792,55.34430248,
6672824,55.34430248,
6672855,55.34657927,
6672886,55.34657927,
6672918,55.34657927,
6672950,55.34430248,
6672981,55.34430248,
6673012,55.34430248,
6673044,55.34430248,
6673075,55.34430248,
6673107,55.34657927,
6673138,55.34657927,
6673169,55.34430248,
6673201,55.34202568,
6673232,55.34657927,
6673264,55.34657927,
6673295,55.34657927,
6673327,55.34430248,
6673463,55.34202568,
6673595,55.34657927,
6673627,55.34430248,
6673658,55.34657927,
6673690,55.34657927,
6673722,55.34430248,
6673754,55.34430248,
6673785,55.34430248,
6673817,55.34430248,
6673848,55.34885606,
6673880,55.34657927,
6673911,55.34657927,
6673943,55.34657927,
6673974,55.34430248,
6674005,55.34885606,
6674037,55.34657927,
6674068,55.34657927,
6674099,55.34657927,
6674131,55.34657927,
6674162,55.34430248,
6674273,55.34885606,
6674404,55.34657927,
6674436,55.34657927,
6674467,55.34657927,
6674499,55.34430248,
6674530,55.34430248,
6674562,55.34430248,
6674593,55.34430248,
6674624,55.34430248,
6674656,55.34885606,
6674687,55.34430248,
6674718,55.34430248,
6674750,55.34657927,
6674782,55.34657927,
6674813,55.34430248,
6674845,55.34430248,
6674876,55.34657927,
6674907,55.34657927,
6674939,55.34202568,
6674970,55.34885606,
6675090,55.34657927,
6675221,55.34885606,
6675254,55.34430248,
6675285,55.34430248,
6675316,55.34430248,
6675348,55.34657927,
6675379,55.34657927,
6675411,55.34430248,
6675442,55.34885606,
6675474,55.34657927,
6675505,55.34885606,
6675537,55.34657927,
6675568,55.34202568,
6675600,55.34885606,
6675631,55.34430248,
6675663,55.34657927,
6675694,55.34430248,
6675725,55.34657927,
6675756,55.34657927,
6675788,55.34202568,
6675923,55.34430248,
6676054,55.34657927,
6676086,55.34202568,
6676118,55.34430248,
6676149,55.34657927,
6676181,55.34657927,
6676212,55.34657927,
6676243,55.34202568,
6676275,55.34202568,
6676306,55.34657927,
6676338,55.34885606,
6676369,55.34657927,
6676401,55.34430248,
6676432,55.34430248,
6676463,55.34657927,
6676495,55.34430248,
6676526,55.34430248,
6676557,55.34657927,
6676589,55.34657927,
6676620,55.34885606,
6676722,55.34430248,
6676853,55.34657927,
6676886,55.34657927,
6676917,55.34430248,
6676948,55.34657927,
6676979,55.34430248,
6677011,55.34885606,
6677043,55.34657927,
6677074,55.34430248,
6677105,55.34657927,
6677137,55.34202568,
6677168,55.34430248,
6677200,55.34657927,
6677231,55.34657927,
6677262,55.34430248,
6677294,55.34657927,
6677325,55.34657927,
6677357,55.34657927,
6677388,55.34657927,
6677420,55.34657927,
6677564,55.34430248,
6677695,55.34657927,
6677727,55.34657927,
6677759,55.34202568,
6677790,55.34430248,
6677822,55.34657927,
6677853,55.34657927,
6677885,55.34657927,
6677917,55.34430248,
6677948,55.34657927,
6677979,55.34430248,
6678010,55.34657927,
6678042,55.34430248,
6678074,55.34657927,
6678105,55.34202568,
6678136,55.34657927,
6678168,55.34202568,
6678199,55.34430248,
6678231,55.34430248,
6678262,55.34657927,
6678365,55.34657927,
6678496,55.34657927,
6678528,55.34657927,
6678559,55.34202568,
6678591,55.34430248,
6678622,55.34657927,
6678654,55.34657927,
6678685,55.34657927,
6678716,55.34430248,
6678748,55.34430248,
6678779,55.34657927,
6678811,55.34657927,
6678842,55.34430248,
6678874,55.34430248,
6678905,55.34657927,
6678937,55.34657927,
6678968,55.34430248,
6678999,55.34657927,
6679030,55.34430248,
6679062,55.34657927,
6679202,55.34657927,
6679333,55.34657927,
6679366,55.34657927,
6679397,55.34430248,
6679429,55.34430248,
6679460,55.34657927,
6679492,55.34657927,
6679523,55.34657927,
6679555,55.34430248,
6679586,55.34657927,
6679617,55.34657927,
6679648,55.34657927,
6679680,55.34657927,
6679712,55.34430248,
6679743,55.34885606,
6679775,55.34657927,
6679806,55.34657927,
6679837,55.34657927,
6679869,55.34657927,
6679900,55.34657927,
6680009,55.34657927,
6680140,55.34430248,
6680172,55.34430248,
6680204,55.34657927,
6680235,55.34430248,
6680267,55.34430248,
6680298,55.34430248,
6680330,55.34657927,
6680361,55.34430248,
6680393,55.34657927,
6680424,55.34657927,
6680455,55.34430248,
6680487,55.34657927,
6680518,55.34430248,
6680550,55.34430248,
6680581,55.34657927,
6680613,55.34430248,
6680644,55.34885606,
6680675,55.34657927,
6680707,55.34430248,
6680821,55.34657927,
6680952,55.34657927,
6680984,55.34657927,
6681016,55.34885606,
6681047,55.34430248,
6681078,55.34657927,
6681110,55.34657927,
6681141,55.34430248,
6681173,55.34657927,
6681204,55.34430248,
6681236,55.34657927,
6681267,55.34430248,
6681299,55.34657927,
6681330,55.34657927,
6681361,55.34657927,
6681393,55.34885606,
6681424,55.34885606,
6681456,55.34657927,
6681487,55.34657927,
6681518,55.34657927,
6681659,55.34430248,
6681790,55.34430248,
6681823,55.34657927,
6681854,55.34430248,
6681886,55.34657927,
6681917,55.34657927,
6681949,55.34430248,
6681980,55.34657927,
6682012,55.34657927,
6682043,55.34885606,
6682074,55.34657927,
6682106,55.34657927,
6682137,55.34657927,
6682169,55.34657927,
6682200,55.34657927,
6682232,55.34885606,
6682263,55.34430248,
6682294,55.34657927,
6682326,55.34430248,
6682357,55.34657927,
6682464,55.34657927,
6682595,55.34657927,
6682627,55.34657927,
6682659,55.34430248,
6682690,55.34430248,
6682722,55.34430248,
6682753,55.34657927,
6682785,55.34885606,
6682816,55.34657927,
6682847,55.34430248,
6682879,55.34430248,
6682910,55.34657927,
6682942,55.34430248,
6682973,55.34657927,
6683005,55.34430248,
6683036,55.34430248,
6683068,55.34657927,
6683099,55.34430248,
6683130,55.34657927,
6683162,55.34657927,
6683286,55.34202568,
6683417,55.34657927,
6683450,55.34202568,
6683481,55.34885606,
6683513,55.34657927,
6683544,55.34657927,
6683576,55.34885606,
6683607,55.34657927,
6683638,55.34202568,
6683670,55.34657927,
6683701,55.34657927,
6683732,55.34430248,
6683764,55.34657927,
6683795,55.34430248,
6683827,55.34657927,
6683859,55.34202568,
6683890,55.34430248,
6683921,55.34430248,
6683953,55.34430248,
6683984,55.34885606,
6684204,55.34885606,
6684335,55.34657927,
6684367,55.34657927,
6684399,55.34657927,
6684430,55.34430248,
6684461,55.34657927,
6684493,55.34657927,
6684524,55.34430248,
6684556,55.34430248,
6684587,55.34657927,
6684619,55.34430248,
6684650,55.34430248,
6684682,55.34430248,
6684713,55.34657927,
6684744,55.34657927,
6684776,55.34657927,
6684807,55.34657927,
6684839,55.34657927,
6684870,55.34657927,
6684902,55.34657927,
6685025,55.34657927,
6685156,55.34885606,
6685188,55.34657927,
6685220,55.34657927,
6685251,55.34430248,
6685283,55.34885606,
6685314,55.34202568,
6685345,55.34657927,
6685377,55.34657927,
6685408,55.34430248,
6685440,55.34657927,
6685471,55.34430248,
6685503,55.34430248,
6685534,55.34430248,
6685565,55.34430248,
6685597,55.34657927,
6685628,55.34657927,
6685660,55.34657927,
6685691,55.34657927,
6685723,55.34430248,
6685859,55.34885606,
6685991,55.34430248,
6686023,55.34657927,
6686055,55.34657927,
6686086,55.34430248,
6686118,55.34430248,
6686149,55.34657927,
6686181,55.34430248,
6686212,55.34430248,
6686244,55.34657927,
6686275,55.34430248,
6686306,55.34430248,
6686338,55.34430248,
6686369,55.34430248,
6686400,55.34430248,
6686432,55.34657927,
6686463,55.34657927,
6686495,55.34430248,
6686526,55.34430248,
6686558,55.34430248,
6686656,55.34202568,
6686787,55.34657927,
6686818,55.34430248,
6686850,55.34657927,
6686882,55.34430248,
6686913,55.34430248,
6686945,55.34657927,
6686976,55.34430248,
6687007,55.34657927,
6687039,55.34657927,
6687071,55.34430248,
6687102,55.34657927,
6687134,55.34657927,
6687165,55.34657927,
6687196,55.34430248,
6687227,55.34657927,
6687259,55.34885606,
6687290,55.34657927,
6687322,55.34885606,
6687353,55.34657927,
6687485,55.34657927,
6687617,55.34885606,
6687649,55.34430248,
6687680,55.34657927,
6687711,55.34430248,
6687743,55.34430248,
6687774,55.34202568,
6687806,55.34885606,
6687837,55.34202568,
6687869,55.34657927,
6687900,55.34657927,
6687931,55.34657927,
6687963,55.34430248,
6687994,55.34430248,
6688025,55.34657927,
6688057,55.34657927,
6688089,55.34657927,
6688120,55.34657927,
6688151,55.34885606,
6688183,55.34657927,
6688298,55.34657927,
6688429,55.34430248,
6688461,55.34430248,
6688493,55.34657927,
6688524,55.34885606,
6688555,55.34657927,
6688587,55.34430248,
6688619,55.34430248,
6688650,55.34430248,
6688682,55.34430248,
6688713,55.34430248,
6688744,55.34657927,
6688776,55.34657927,
6688807,55.34657927,
6688838,55.34430248,
6688870,55.34885606,
6688902,55.34430248,
6688933,55.34430248,
6688964,55.34885606,
6688996,55.34657927,
6689137,55.34202568,
6689268,55.34657927,
6689301,55.34430248,
6689332,55.34430248,
6689363,55.34657927,
6689395,55.34430248,
6689427,55.34885606,
6689458,55.34657927,
6689490,55.34657927,
6689521,55.34430248,
6689552,55.34430248,
6689584,55.34430248,
6689615,55.34657927,
6689647,55.34430248,
6689678,55.34202568,
6689709,55.34885606,
6689741,55.34430248,
6689772,55.34885606,
6689804,55.34430248,
6689835,55.34657927,
6689936,55.34657927,
6690067,55.34657927,
6690099,55.34657927,
6690130,55.34885606,
6690162,55.34430248,
6690193,55.34657927,
6690225,55.34657927,
6690256,55.34657927,
6690287,55.34657927,
6690319,55.34430248,
6690350,55.34657927,
6690382,55.34657927,
6690413,55.34657927,
6690445,55.34885606,
6690476,55.34657927,
6690508,55.34657927,
6690539,55.34657927,
6690570,55.34430248,
6690601,55.34657927,
6690633,55.34885606,
6690764,55.34885606,
6690895,55.34430248,
6690927,55.34430248,
6690959,55.34657927,
6690990,55.34430248,
6691022,55.34430248,
6691053,55.34657927,
6691085,55.34657927,
6691116,55.34885606,
6691147,55.34657927,
6691179,55.34430248,
6691210,55.34430248,
6691242,55.34430248,
6691273,55.34430248,
6691304,55.34657927,
6691336,55.34430248,
6691367,55.34430248,
6691399,55.34657927,
6691430,55.34885606,
6691462,55.34657927,
6691583,55.34430248,
6691715,55.34657927,
6691747,55.34202568,
6691778,55.34430248,
6691810,55.34430248,
6691841,55.34657927,
6691873,55.34657927,
6691904,55.34202568,
6691935,55.34430248,
6691967,55.34430248,
6691998,55.34657927,
6692030,55.34657927,
6692061,55.34657927,
6692093,55.34657927,
6692124,55.34657927,
6692156,55.34430248,
6692187,55.34202568,
6692218,55.34430248,
6692250,55.34657927,
6692281,55.34657927,
6692403,55.34657927,
6692534,55.34657927,
6692566,55.34657927,
6692598,55.34657927,
6692629,55.34430248,
6692661,55.34202568,
6692693,55.34430248,
6692724,55.34657927,
6692755,55.34657927,
6692787,55.34430248,
6692818,55.34885606,
6692849,55.34430248,
6692881,55.34657927,
6692912,55.34885606,
6692944,55.34885606,
6692975,55.34657927,
6693007,55.34657927,
6693038,55.34657927,
6693070,55.34430248,
6693101,55.34430248,
6693212,55.34430248,
6693344,55.34430248,
6693376,55.34657927,
6693408,55.34657927,
6693439,55.34657927,
6693470,55.34885606,
6693502,55.34430248,
6693533,55.34430248,
6693564,55.34430248,
6693596,55.34430248,
6693627,55.34885606,
6693659,55.34885606,
6693690,55.35113286,
6693722,55.34657927,
6693753,55.34657927,
6693785,55.34657927,
6693816,55.34430248,
6693847,55.34885606,
6693879,55.34430248,
6693910,55.34202568,
6694041,55.34657927,
6694172,55.34657927,
6694205,55.34430248,
6694236,55.34657927,
6694267,55.34885606,
6694299,55.34657927,
6694331,55.34657927,
6694362,55.34657927,
6694393,55.34657927,
6694425,55.34430248,
6694456,55.34202568,
6694487,55.34657927,
6694519,55.34657927,
6694550,55.34885606,
6694582,55.34657927,
6694613,55.34885606,
6694645,55.34885606,
6694676,55.34430248,
6694707,55.34657927,
6694739,55.34430248,
6694849,55.34657927,
6694981,55.34430248,
6695012,55.34657927,
6695044,55.34430248,
6695075,55.34657927,
6695106,55.34657927,
6695138,55.34430248,
6695169,55.34430248,
6695201,55.34885606,
6695232,55.34657927,
6695264,55.34657927,
6695295,55.34430248,
6695327,55.34657927,
6695358,55.34885606,
6695389,55.34657927,
6695421,55.34657927,
6695452,55.34885606,
6695484,55.34885606,
6695515,55.34430248,
6695547,55.34657927,
6695671,55.34657927,
6695803,55.34657927,
6695835,55.34430248,
6695867,55.34430248,
6695898,55.34657927,
6695929,55.34657927,
6695961,55.34657927,
6695992,55.34657927,
6696023,55.34430248,
6696055,55.34657927,
6696086,55.34657927,
6696118,55.34430248,
6696149,55.34657927,
6696181,55.34430248,
6696212,55.34657927,
6696244,55.34657927,
6696275,55.34657927,
6696306,55.34657927,
6696338,55.34430248,
6696369,55.34657927,
6696493,55.34885606,
6696624,55.34430248,
6696656,55.34430248,
6696688,55.34430248,
6696719,55.34430248,
6696750,55.34430248,
6696782,55.34657927,
6696813,55.34657927,
6696845,55.34657927,
6696876,55.34885606,
6696908,55.34657927,
6696939,55.34657927,
6696971,55.34885606,
6697002,55.34430248,
6697033,55.34657927,
6697065,55.34202568,
6697096,55.34657927,
6697128,55.34885606,
6697159,55.34657927,
6697190,55.34657927,
6697312,55.34657927,
6697443,55.34657927,
6697476,55.34657927,
6697507,55.34430248,
6697538,55.34657927,
6697570,55.34657927,
6697602,55.34657927,
6697633,55.34430248,
6697664,55.34202568,
6697696,55.34657927,
6697727,55.34885606,
6697758,55.34657927,
6697790,55.34885606,
6697821,55.34430248,
6697853,55.34885606,
6697885,55.34202568,
6697916,55.34885606,
6697947,55.34657927,
6697978,55.34430248,
6698010,55.34657927,
6698137,55.34430248,
6698268,55.34657927,
6698300,55.34430248,
6698332,55.34657927,
6698363,55.34430248,
6698395,55.34657927,
6698426,55.34430248,
6698457,55.34430248,
6698489,55.34657927,
6698520,55.34657927,
6698552,55.34657927,
6698583,55.34430248,
6698615,55.34657927,
6698646,55.34657927,
6698677,55.34657927,
6698709,55.34657927,
6698740,55.34430248,
6698771,55.34657927,
6698803,55.34657927,
6698834,55.34430248,
6698950,55.34657927,
6699081,55.34657927,
6699113,55.34657927,
6699145,55.34430248,
6699176,55.34657927,
6699207,55.34657927,
6699239,55.34657927,
6699270,55.34657927,
6699301,55.34430248,
6699333,55.34430248,
6699365,55.34885606,
6699396,55.34885606,
6699427,55.34885606,
6699459,55.34885606,
6699490,55.34657927,
6699522,55.34885606,
6699553,55.34657927,
6699584,55.34657927,
6699616,55.34430248,
6699647,55.34430248,
6699880,55.34430248,
6700011,55.34657927,
6700043,55.34657927,
6700075,55.34430248,
6700106,55.34885606,
6700138,55.34430248,
6700169,55.34657927,
6700200,55.34657927,
6700231,55.34657927,
6700263,55.34430248,
6700294,55.34657927,
6700326,55.34430248,
6700357,55.34430248,
6700389,55.34657927,
6700420,55.34657927,
6700452,55.34430248,
6700483,55.34657927,
6700514,55.34885606,
6700546,55.34657927,
6700577,55.34885606,
6700689,55.34657927,
6700820,55.35113286,
6700852,55.34885606,
6700884,55.34657927,
6700915,55.34657927,
6700946,55.34430248,
6700978,55.34885606,
6701009,55.34430248,
6701041,55.34657927,
6701072,55.34430248,
6701104,55.34657927,
6701135,55.34657927,
6701167,55.34885606,
6701198,55.34430248,
6701229,55.34885606,
6701261,55.34657927,
6701292,55.34657927,
6701323,55.34430248,
6701355,55.34657927,
6701386,55.34657927,
6701506,55.34430248,
6701638,55.34657927,
6701670,55.34430248,
6701702,55.34657927,
6701733,55.34657927,
6701764,55.34657927,
6701796,55.34657927,
6701827,55.34430248,
6701859,55.34657927,
6701890,55.34202568,
6701922,55.34430248,
6701953,55.34657927,
6701985,55.34657927,
6702016,55.34430248,
6702047,55.34430248,
6702079,55.34430248,
6702110,55.34657927,
6702142,55.34657927,
6702173,55.34885606,
6702205,55.34657927,
6702325,55.34657927,
6702456,55.34430248,
6702489,55.34430248,
6702520,55.34657927,
6702551,55.34430248,
6702583,55.34885606,
6702614,55.34430248,
6702646,55.34430248,
6702677,55.34430248,
6702709,55.34657927,
6702740,55.34430248,
6702771,55.34885606,
6702803,55.34657927,
6702834,55.34657927,
6702866,55.34430248,
6702897,55.34657927,
6702929,55.34657927,
6702960,55.34885606,
6702991,55.34430248,
6703023,55.34657927,
6703144,55.34430248,
6703275,55.34657927,
6703307,55.34657927,
6703338,55.34657927,
6703370,55.34657927,
6703401,55.34657927,
6703433,55.34657927,
6703464,55.34657927,
6703495,55.34657927,
6703527,55.34657927,
6703558,55.34430248,
6703590,55.34885606,
6703621,55.34657927,
6703653,55.34657927,
6703684,55.34657927,
6703716,55.34885606,
6703747,55.34657927,
6703778,55.34885606,
6703809,55.34430248,
6703841,55.34430248,
6703973,55.34430248,
6704104,55.34657927,
6704136,55.34885606,
6704168,55.34430248,
6704199,55.34657927,
6704231,55.34885606,
6704262,55.34202568,
6704293,55.34430248,
6704324,55.34885606,
6704356,55.34657927,
6704388,55.34430248,
6704419,55.34657927,
6704451,55.34657927,
6704482,55.34885606,
6704513,55.35113286,
6704545,55.34430248,
6704576,55.34657927,
6704607,55.34657927,
6704639,55.34202568,
6704671,55.34657927,
6704791,55.34657927,
6704922,55.34885606,
6704954,55.34430248,
6704986,55.34657927,
6705017,55.34657927,
6705049,55.34657927,
6705080,55.34885606,
6705111,55.34430248,
6705143,55.34430248,
6705174,55.34430248,
6705206,55.34430248,
6705237,55.34657927,
6705269,55.34657927,
6705300,55.34885606,
6705331,55.34885606,
6705363,55.34885606,
6705394,55.34657927,
6705426,55.34657927,
6705458,55.34885606,
6705489,55.34657927,
6705608,55.34657927,
6705740,55.34885606,
6705772,55.34885606,
6705803,55.34657927,
6705835,55.34657927,
6705866,55.34430248,
6705898,55.34202568,
6705929,55.34657927,
6705960,55.34657927,
6705992,55.34657927,
6706023,55.34657927,
6706055,55.34657927,
6706086,55.34657927,
6706118,55.34885606,
6706149,55.34657927,
6706181,55.34657927,
6706212,55.34657927,
6706243,55.34657927,
6706274,55.34430248,
6706306,55.34657927,
6713823,55.34657927,
6713855,55.34657927,
6713887,55.34657927,
6713918,55.34657927,
6713949,55.34430248,
6713981,55.34657927,
6714012,55.34430248,
6714043,55.34430248,
6714075,55.34430248,
6714107,55.34885606,
6714139,55.34657927,
6714171,55.34885606,
6714203,55.34657927,
6714235,55.34657927,
6714268,55.34657927,
6714300,55.34885606,
6714331,55.34430248,
6714363,55.34657927,
6714394,55.34430248,
6714426,55.34885606,
6714610,55.34430248,
6714741,55.34885606,
6714775,55.34430248,
6714808,55.34885606,
6714840,55.34657927,
6714872,55.34885606,
6714905,55.34657927,
6714936,55.34657927,
6714967,55.34657927,
6714999,55.34885606,
6715031,55.34657927,
6715062,55.34657927,
6715094,55.34885606,
6715125,55.34430248,
6715156,55.34430248,
6715188,55.34657927,
6715220,55.34885606,
6715251,55.34657927,
6715282,55.34657927,
6715314,55.34885606,
6715440,55.34885606,
6715571,55.34430248,
6715603,55.34430248,
6715635,55.34430248,
6715666,55.34657927,
6715698,55.34430248,
6715729,55.34885606,
6715761,55.34657927,
6715792,55.34885606,
6715824,55.34657927,
6715855,55.34657927,
6715886,55.34430248,
6715918,55.34657927,
6715949,55.34657927,
6715981,55.34657927,
6716012,55.34430248,
6716044,55.34657927,
6716075,55.34430248,
6716107,55.34657927,
6716138,55.34657927,
6716270,55.34885606,
6716401,55.34430248,
6716435,55.34885606,
6716468,55.34657927,
6716500,55.34885606,
6716532,55.34657927,
6716563,55.34885606,
6716595,55.34885606,
6716626,55.34657927,
6716658,55.34657927,
6716689,55.35113286,
6716721,55.34657927,
6716752,55.34657927,
6716784,55.34430248,
6716815,55.34885606,
6716847,55.34885606,
6716879,55.34430248,
6716911,55.34657927,
6716943,55.34885606,
6716975,55.34657927,
6717073,55.34657927,
6717204,55.34885606,
6717236,55.34657927,
6717268,55.34657927,
6717299,55.34657927,
6717330,55.34885606,
6717362,55.34657927,
6717393,55.34657927,
6717425,55.34885606,
6717457,55.34657927,
6717489,55.34885606,
6717521,55.34657927,
6717553,55.34885606,
6717584,55.34885606,
6717616,55.34885606,
6717648,55.34430248,
6717679,55.34885606,
6717710,55.34657927,
6717742,55.34430248,
6717773,55.34657927,
6717906,55.34885606,
6718038,55.34430248,
6718070,55.34657927,
6718101,55.34430248,
6718132,55.34885606,
6718164,55.34657927,
6718195,55.34430248,
6718226,55.34430248,
6718258,55.34657927,
6718289,55.34657927,
6718321,55.34885606,
6718352,55.34657927,
6718384,55.34885606,
6718415,55.34657927,
6718446,55.34430248,
6718478,55.34657927,
6718509,55.34657927,
6718541,55.34885606,
6718573,55.34657927,
6718605,55.34885606,
6718714,55.34657927,
6718846,55.34657927,
6718878,55.34657927,
6718909,55.34430248,
6718940,55.34657927,
6718971,55.35113286,
6719003,55.34657927,
6719034,55.34430248,
6719066,55.34657927,
6719097,55.34885606,
6719129,55.34657927,
6719160,55.34657927,
6719192,55.34657927,
6719223,55.34657927,
6719254,55.35113286,
6719286,55.34657927,
6719317,55.34885606,
6719349,55.34657927,
6719380,55.34657927,
6719412,55.34657927,
6719555,55.34657927,
6719686,55.34657927,
6719718,55.34657927,
6719750,55.34657927,
6719781,55.34430248,
6719813,55.34885606,
6719844,55.34885606,
6719876,55.34885606,
6719907,55.34885606,
6719939,55.34430248,
6719970,55.34657927,
6720002,55.34657927,
6720033,55.34657927,
6720064,55.34657927,
6720095,55.34885606,
6720127,55.34657927,
6720159,55.34885606,
6720190,55.34657927,
6720221,55.34657927,
6720253,55.34885606,
6720348,55.34657927,
6720479,55.34657927,
6720510,55.34885606,
6720542,55.34657927,
6720574,55.34657927,
6720605,55.34657927,
6720637,55.34885606,
6720668,55.34657927,
6720699,55.34885606,
6720731,55.34885606,
6720762,55.34657927,
6720793,55.34430248,
6720825,55.34885606,
6720857,55.34657927,
6720888,55.34657927,
6720920,55.35113286,
6720951,55.34885606,
6720982,55.34885606,
6721013,55.34885606,
6721045,55.34885606,
6721258,55.34430248,
6721389,55.34657927,
6721420,55.34657927,
6721452,55.34657927,
6721483,55.34430248,
6721515,55.34885606,
6721546,55.34430248,
6721578,55.34885606,
6721609,55.34657927,
6721641,55.34885606,
6721672,55.34885606,
6721703,55.34657927,
6721734,55.34657927,
6721766,55.34885606,
6721798,55.34430248,
6721829,55.34657927,
6721861,55.34430248,
6721892,55.34885606,
6721923,55.34885606,
6721955,55.34430248,
6722113,55.34430248,
6722244,55.34657927,
6722276,55.34657927,
6722308,55.34657927,
6722339,55.34657927,
6722371,55.34885606,
6722402,55.34657927,
6722433,55.34885606,
6722465,55.34657927,
6722496,55.34885606,
6722528,55.34885606,
6722559,55.34657927,
6722591,55.34885606,
6722622,55.34885606,
6722653,55.34657927,
6722685,55.34885606,
6722716,55.34885606,
6722747,55.34657927,
6722779,55.34885606,
6722810,55.34657927,
6722913,55.35113286,
6723044,55.34657927,
6723076,55.34885606,
6723108,55.34430248,
6723139,55.34657927,
6723170,55.34657927,
6723202,55.34885606,
6723233,55.34885606,
6723265,55.34885606,
6723296,55.34657927,
6723328,55.34657927,
6723359,55.34657927,
6723391,55.34657927,
6723422,55.34885606,
6723453,55.34885606,
6723485,55.34657927,
6723516,55.34657927,
6723548,55.34657927,
6723579,55.34885606,
6723611,55.34657927,
6723749,55.34657927,
6723880,55.34657927,
6723912,55.34430248,
6723944,55.34657927,
6723975,55.34657927,
6724006,55.34885606,
6724038,55.34885606,
6724069,55.34657927,
6724101,55.34885606,
6724132,55.34657927,
6724163,55.34430248,
6724195,55.34657927,
6724226,55.34657927,
6724258,55.34885606,
6724289,55.34885606,
6724321,55.34657927,
6724352,55.35113286,
6724383,55.34657927,
6724415,55.34885606,
6724446,55.34885606,
6724550,55.34885606,
6724681,55.35113286,
6724713,55.34657927,
6724744,55.34657927,
6724776,55.34885606,
6724807,55.34657927,
6724839,55.34885606,
6724870,55.34885606,
6724901,55.34885606,
6724933,55.34885606,
6724964,55.34657927,
6724996,55.34885606,
6725027,55.34657927,
6725059,55.34885606,
6725090,55.35113286,
6725122,55.34885606,
6725153,55.34657927,
6725184,55.34885606,
6725215,55.34657927,
6725247,55.34657927,
6725561,55.34657927,
6725692,55.34430248,
6725723,55.34885606,
6725755,55.34657927,
6725786,55.34657927,
6725818,55.34885606,
6725849,55.34657927,
6725881,55.34657927,
6725912,55.34430248,
6725944,55.34885606,
6725975,55.34657927,
6726006,55.34657927,
6726038,55.34657927,
6726069,55.34885606,
6726101,55.34657927,
6726132,55.34885606,
6726164,55.34885606,
6726195,55.34657927,
6726226,55.34657927,
6726258,55.34885606,
6729371,55.34885606,
6729503,55.34885606,
6729535,55.34657927,
6729566,55.34430248,
6729597,55.34885606,
6729628,55.34430248,
6729660,55.34657927,
6729692,55.34885606,
6729723,55.34885606,
6729754,55.34657927,
6729786,55.34657927,
6729817,55.34430248,
6729849,55.34885606,
6729880,55.34657927,
6729911,55.34657927,
6729943,55.34885606,
6729974,55.34885606,
6730006,55.34885606,
6730037,55.34885606,
6730069,55.34657927,
6730178,55.34885606,
6730309,55.34657927,
6730341,55.34657927,
6730372,55.34430248,
6730404,55.34657927,
6730435,55.34657927,
6730467,55.34657927,
6730498,55.34885606,
6730529,55.34657927,
6730561,55.34885606,
6730592,55.34657927,
6730623,55.34657927,
6730655,55.34657927,
6730686,55.34657927,
6730718,55.34657927,
6730749,55.34430248,
6730781,55.34657927,
6730812,55.34657927,
6730843,55.35113286,
6730875,55.34430248,
6731002,55.34885606,
6731132,55.34885606,
6731165,55.34430248,
6731196,55.34657927,
6731227,55.34657927,
6731258,55.34657927,
6731290,55.34885606,
6731322,55.34657927,
6731353,55.34657927,
6731385,55.34657927,
6731416,55.34657927,
6731447,55.34657927,
6731479,55.34657927,
6731510,55.34430248,
6731541,55.34657927,
6731573,55.35113286,
6731604,55.34885606,
6731636,55.34430248,
6731667,55.34657927,
6731699,55.34885606,
6731821,55.34657927,
6731953,55.34885606,
6731985,55.34657927,
6732016,55.34657927,
6732048,55.34657927,
6732079,55.34430248,
6732111,55.34430248,
6732142,55.34657927,
6732173,55.34885606,
6732205,55.34430248,
6732236,55.34885606,
6732267,55.34885606,
6732299,55.34657927,
6732330,55.34430248,
6732362,55.34430248,
6732393,55.34885606,
6732425,55.34430248,
6732456,55.34657927,
6732487,55.34657927,
6732519,55.34430248,
6732660,55.34430248,
6732791,55.34657927,
6732824,55.35113286,
6732855,55.34657927,
6732887,55.34430248,
6732919,55.34885606,
6732950,55.34885606,
6732981,55.34885606,
6733013,55.34885606,
6733044,55.34657927,
6733075,55.34885606,
6733107,55.34885606,
6733138,55.34657927,
6733170,55.34885606,
6733201,55.34885606,
6733233,55.34657927,
6733264,55.34885606,
6733295,55.34885606,
6733327,55.34657927,
6733358,55.34657927,
6733457,55.35113286,
6733588,55.34657927,
6733620,55.34430248,
6733651,55.34657927,
6733683,55.34885606,
6733714,55.34885606,
6733746,55.34657927,
6733777,55.34657927,
6733808,55.34657927,
6733840,55.34657927,
6733871,55.34657927,
6733903,55.34885606,
6733934,55.34885606,
6733966,55.34657927,
6733997,55.34657927,
6734028,55.34657927,
6734060,55.34657927,
6734091,55.34657927,
6734122,55.34885606,
6734154,55.34885606,
6734294,55.34657927,
6734425,55.35113286,
6734457,55.34657927,
6734489,55.34885606,
6734520,55.34885606,
6734552,55.34885606,
6734583,55.34657927,
6734614,55.35113286,
6734646,55.34657927,
6734678,55.34885606,
6734709,55.34657927,
6734740,55.34885606,
6734772,55.34657927,
6734803,55.34657927,
6734834,55.34430248,
6734866,55.34885606,
6734897,55.34657927,
6734929,55.34885606,
6734960,55.34885606,
6734992,55.34657927,
6735312,55.34885606,
6735444,55.34657927,
6735476,55.34885606,
6735507,55.34885606,
6735539,55.34885606,
6735570,55.34657927,
6735602,55.34885606,
6735633,55.34885606,
6735665,55.34885606,
6735696,55.34657927,
6735727,55.35113286,
6735758,55.35113286,
6735790,55.34885606,
6735821,55.34657927,
6735853,55.34885606,
6735884,55.34430248,
6735916,55.34885606,
6735947,55.34885606,
6735979,55.34657927,
6736010,55.34885606,
6736116,55.34657927,
6736248,55.34885606,
6736280,55.34885606,
6736312,55.34885606,
6736343,55.34885606,
6736374,55.34885606,
6736406,55.34657927,
6736437,55.34657927,
6736469,55.34885606,
6736500,55.35113286,
6736532,55.34430248,
6736563,55.34657927,
6736594,55.34657927,
6736625,55.34657927,
6736657,55.34657927,
6736688,55.34885606,
6736720,55.34657927,
6736751,55.34885606,
6736782,55.34657927,
6736814,55.34885606,
6736941,55.34885606,
6737072,55.34657927,
6737104,55.34657927,
6737135,55.34657927,
6737167,55.34885606,
6737198,55.34657927,
6737230,55.34657927,
6737261,55.34885606,
6737292,55.34885606,
6737324,55.34885606,
6737355,55.34430248,
6737387,55.34657927,
6737418,55.34885606,
6737450,55.35113286,
6737481,55.34885606,
6737513,55.34430248,
6737544,55.35113286,
6737575,55.34885606,
6737606,55.34657927,
6737638,55.35113286,
6739101,55.35113286,
6739232,55.34657927,
6739264,55.34657927,
6739295,55.34885606,
6739327,55.34885606,
6739358,55.34657927,
6739390,55.34657927,
6739421,55.34657927,
6739452,55.34657927,
6739484,55.34885606,
6739515,55.34885606,
6739547,55.35113286,
6739578,55.35113286,
6739610,55.34657927,
6739641,55.34657927,
6739673,55.34885606,
6739704,55.35113286,
6739735,55.34657927,
6739767,55.35113286,
6739798,55.35113286,
6739943,55.34885606,
6740075,55.34885606,
6740106,55.35113286,
6740139,55.34885606,
6740171,55.35113286,
6740204,55.34885606,
6740236,55.34657927,
6740268,55.34657927,
6740300,55.34657927,
6740332,55.34885606,
6740363,55.34657927,
6740395,55.34657927,
6740426,55.34657927,
6740458,55.34885606,
6740491,55.34657927,
6740522,55.34885606,
6740553,55.35113286,
6740585,55.34885606,
6740616,55.34885606,
6740647,55.34885606,
6740744,55.34885606,
6740875,55.34885606,
6740907,55.35113286,
6740939,55.34657927,
6740970,55.34885606,
6741002,55.34885606,
6741033,55.34657927,
6741064,55.34657927,
6741096,55.34657927,
6741127,55.34885606,
6741159,55.34657927,
6741190,55.34885606,
6741221,55.34430248,
6741253,55.34657927,
6741284,55.34657927,
6741316,55.34657927,
6741347,55.34657927,
6741378,55.34885606,
6741410,55.34657927,
6741441,55.34885606,
6741542,55.34657927,
6741673,55.34885606,
6741705,55.34885606,
6741737,55.34885606,
6741769,55.34885606,
6741800,55.34657927,
6741831,55.34657927,
6741863,55.34885606,
6741894,55.34885606,
6741926,55.34657927,
6741957,55.34657927,
6741989,55.34885606,
6742020,55.34430248,
6742052,55.34885606,
6742083,55.34657927,
6742114,55.34657927,
6742146,55.34885606,
6742177,55.34885606,
6742209,55.34885606,
6742240,55.34885606,
6742370,55.34657927,
6742501,55.34885606,
6742533,55.34885606,
6742565,55.34885606,
6742596,55.34657927,
6742627,55.35113286,
6742659,55.35113286,
6742690,55.34885606,
6742721,55.34657927,
6742753,55.34885606,
6742785,55.34657927,
6742816,55.34885606,
6742848,55.34885606,
6742879,55.34885606,
6742910,55.34885606,
6742942,55.35113286,
6742973,55.34885606,
6743004,55.34885606,
6743036,55.34885606,
6743067,55.35113286,
6743187,55.34657927,
6743318,55.34657927,
6743351,55.34885606,
6743382,55.34885606,
6743413,55.35113286,
6743445,55.34885606,
6743476,55.34885606,
6743508,55.34657927,
6743539,55.34885606,
6743571,55.34885606,
6743602,55.34430248,
6743633,55.34885606,
6743665,55.35113286,
6743696,55.35113286,
6743727,55.35113286,
6743759,55.34885606,
6743790,55.34885606,
6743822,55.34885606,
6743853,55.34885606,
6743885,55.34885606,
6744013,55.35113286,
6744144,55.34430248,
6744176,55.34885606,
6744208,55.34657927,
6744239,55.34657927,
6744271,55.34885606,
6744302,55.34657927,
6744334,55.34885606,
6744365,55.34657927,
6744396,55.35113286,
6744428,55.34885606,
6744459,55.34657927,
6744491,55.35113286,
6744522,55.35113286,
6744553,55.34885606,
6744585,55.34885606,
6744616,55.34885606,
6744648,55.34885606,
6744679,55.35113286,
6744711,55.34885606,
6744828,55.34885606,
6744959,55.34885606,
6744991,55.35113286,
6745022,55.34657927,
6745054,55.34885606,
6745085,55.34657927,
6745116,55.34885606,
6745148,55.34885606,
6745179,55.34657927,
6745211,55.34657927,
6745242,55.34885606,
6745273,55.34657927,
6745305,55.34657927,
6745336,55.34657927,
6745368,55.34885606,
6745399,55.34885606,
6745431,55.35113286,
6745462,55.34657927,
6745493,55.34885606,
6745525,55.35113286,
6745639,55.34657927,
6745770,55.34885606,
6745802,55.34885606,
6745834,55.34657927,
6745865,55.34657927,
6745896,55.34657927,
6745928,55.35113286,
6745959,55.34885606,
6745991,55.34885606,
6746022,55.34657927,
6746054,55.35113286,
6746085,55.34657927,
6746117,55.34657927,
6746148,55.35113286,
6746179,55.35113286,
6746210,55.34885606,
6746242,55.35113286,
6746273,55.34885606,
6746305,55.34657927,
6746336,55.34885606,
6746485,55.34657927,
6746616,55.34885606,
6746648,55.34885606,
6746680,55.34657927,
6746711,55.34657927,
6746743,55.34885606,
6746774,55.34657927,
6746805,55.34885606,
6746837,55.35113286,
6746869,55.34885606,
6746900,55.34885606,
6746931,55.34885606,
6746963,55.34885606,
6746994,55.35113286,
6747025,55.34885606,
6747057,55.34885606,
6747088,55.34885606,
6747119,55.34657927,
6747151,55.34885606,
6747183,55.34657927,
6747283,55.34885606,
6747414,55.35113286,
6747446,55.34657927,
6747478,55.34885606,
6747510,55.34885606,
6747541,55.34885606,
6747573,55.34885606,
6747604,55.34657927,
6747635,55.34657927,
6747667,55.34885606,
6747698,55.34657927,
6747729,55.34885606,
6747761,55.34885606,
6747792,55.34657927,
6747824,55.34430248,
6747855,55.34657927,
6747887,55.34657927,
6747918,55.34657927,
6747949,55.34657927,
6747981,55.35113286,
6748118,55.34885606,
6748250,55.34657927,
6748282,55.34885606,
6748314,55.34657927,
6748345,55.34885606,
6748377,55.34885606,
6748408,55.34885606,
6748439,55.34657927,
6748471,55.34885606,
6748502,55.34657927,
6748534,55.34885606,
6748565,55.34885606,
6748597,55.34885606,
6748628,55.34885606,
6748659,55.35113286,
6748691,55.35113286,
6748722,55.34885606,
6748753,55.34885606,
6748785,55.34885606,
6748816,55.34657927,
6748920,55.34885606,
6749052,55.34657927,
6749084,55.34885606,
6749116,55.34885606,
6749147,55.34885606,
6749178,55.34885606,
6749210,55.34885606,
6749241,55.34885606,
6749273,55.34885606,
6749304,55.35113286,
6749336,55.34657927,
6749367,55.34885606,
6749399,55.34885606,
6749430,55.34885606,
6749461,55.35113286,
6749493,55.34885606,
6749524,55.34885606,
6749555,55.34657927,
6749587,55.34885606,
6749618,55.34885606,
6749741,55.34885606,
6749872,55.35113286,
6749904,55.34885606,
6749936,55.34885606,
6749967,55.35113286,
6749998,55.35113286,
6750030,55.35113286,
6750062,55.34885606,
6750093,55.34885606,
6750124,55.34885606,
6750156,55.34885606,
6750187,55.34657927,
6750219,55.34657927,
6750250,55.34885606,
6750282,55.35113286,
6750313,55.34885606,
6750345,55.35113286,
6750376,55.34657927,
6750407,55.34657927,
6750439,55.34885606,
6750553,55.34657927,
6750684,55.34657927,
6750716,55.34885606,
6750748,55.34657927,
6750779,55.34885606,
6750810,55.34657927,
6750842,55.34657927,
6750873,55.34657927,
6750905,55.34657927,
6750936,55.34657927,
6750968,55.34885606,
6750999,55.34657927,
6751031,55.34885606,
6751062,55.34885606,
6751093,55.35113286,
6751124,55.35113286,
6751156,55.34885606,
6751188,55.34885606,
6751219,55.34885606,
6751251,55.35113286,
6751374,55.34885606,
6751505,55.34885606,
6751537,55.34885606,
6751569,55.34657927,
6751600,55.34885606,
6751631,55.34885606,
6751663,55.34885606,
6751694,55.34885606,
6751725,55.34885606,
6751757,55.34885606,
6751789,55.34885606,
6751820,55.34657927,
6751852,55.34885606,
6751883,55.34657927,
6751914,55.34885606,
6751946,55.34657927,
6751977,55.34885606,
6752009,55.34657927,
6752040,55.34430248,
6752072,55.34885606,
6752203,55.34657927,
6752334,55.34885606,
6752366,55.34657927,
6752398,55.34885606,
6752429,55.34885606,
6752461,55.34430248,
6752492,55.34885606,
6752524,55.34885606,
6752555,55.34885606,
6752587,55.34657927,
6752618,55.34657927,
6752649,55.34885606,
6752681,55.35113286,
6752712,55.34657927,
6752743,55.34885606,
6752775,55.34657927,
6752806,55.35113286,
6752838,55.34885606,
6752869,55.34885606,
6752901,55.34885606,
6753022,55.34885606,
6753154,55.35113286,
6753186,55.34657927,
6753217,55.34885606,
6753248,55.34885606,
6753280,55.34885606,
6753312,55.34885606,
6753343,55.34430248,
6753374,55.34885606,
6753406,55.35113286,
6753437,55.34885606,
6753468,55.34885606,
6753500,55.35113286,
6753531,55.34657927,
6753563,55.35113286,
6753594,55.35113286,
6753626,55.34885606,
6753657,55.35113286,
6753689,55.34657927,
6753720,55.35113286,
6753835,55.34885606,
6753967,55.35113286,
6753999,55.34657927,
6754031,55.34885606,
6754062,55.34657927,
6754093,55.34885606,
6754125,55.34657927,
6754156,55.34885606,
6754187,55.34885606,
6754219,55.34657927,
6754251,55.35340965,
6754282,55.34885606,
6754313,55.34885606,
6754345,55.34885606,
6754376,55.34430248,
6754408,55.34885606,
6754439,55.35113286,
6754470,55.34885606,
6754501,55.34657927,
6754533,55.34430248,
6754653,55.34885606,
6754784,55.34885606,
6754816,55.34885606,
6754848,55.34885606,
6754879,55.34430248,
6754910,55.34657927,
6754942,55.34885606,
6754973,55.34657927,
6755004,55.35113286,
6755036,55.34885606,
6755067,55.34657927,
6755099,55.34885606,
6755130,55.34885606,
6755162,55.34885606,
6755193,55.34885606,
6755224,55.34430248,
6755255,55.34657927,
6755287,55.34885606,
6755318,55.34885606,
6755349,55.34885606,
6755476,55.34885606,
6755607,55.34657927,
6755640,55.34885606,
6755671,55.34657927,
6755703,55.35113286,
6755734,55.35113286,
6755766,55.34885606,
6755797,55.34430248,
6755828,55.34885606,
6755860,55.34885606,
6755891,55.34885606,
6755923,55.34657927,
6755954,55.34885606,
6755986,55.34885606,
6756017,55.34885606,
6756048,55.35113286,
6756079,55.34657927,
6756110,55.34657927,
6756142,55.34657927,
6756173,55.34885606,
6756297,55.34885606,
6756428,55.34885606,
6756460,55.34885606,
6756492,55.35113286,
6756523,55.34885606,
6756554,55.34657927,
6756586,55.34885606,
6756617,55.34430248,
6756648,55.34885606,
6756680,55.34885606,
6756711,55.34885606,
6756743,55.34657927,
6756774,55.34885606,
6756806,55.34657927,
6756837,55.35113286,
6756869,55.34657927,
6756900,55.34885606,
6756931,55.35113286,
6756963,55.34657927,
6756994,55.34885606,
6757119,55.35113286,
6757250,55.34885606,
6757282,55.34885606,
6757314,55.34885606,
6757345,55.34885606,
6757377,55.34885606,
6757408,55.34885606,
6757440,55.34885606,
6757471,55.34885606,
6757502,55.34885606,
6757534,55.34657927,
6757565,55.34885606,
6757597,55.35113286,
6757628,55.35113286,
6757659,55.34885606,
6757691,55.34885606,
6757722,55.34885606,
6757754,55.35113286,
6757785,55.34885606,
6757817,55.34885606,
6757939,55.34885606,
6758070,55.34885606,
6758103,55.34885606,
6758134,55.34885606,
6758165,55.34885606,
6758197,55.34885606,
6758228,55.34885606,
6758260,55.34885606,
6758291,55.34885606,
6758323,55.34657927,
6758354,55.34885606,
6758385,55.34657927,
6758417,55.34885606,
6758448,55.34885606,
6758480,55.34657927,
6758511,55.34885606,
6758543,55.34885606,
6758574,55.34657927,
6758606,55.34885606,
6758637,55.34885606,
6758751,55.34885606,
6758882,55.34885606,
6758914,55.35113286,
6758946,55.34885606,
6758977,55.34885606,
6759008,55.34885606,
6759040,55.34885606,
6759071,55.34657927,
6759102,55.34885606,
6759134,55.34885606,
6759165,55.34885606,
6759197,55.34885606,
6759228,55.34885606,
6759260,55.34657927,
6759291,55.35113286,
6759323,55.34885606,
6759354,55.34885606,
6759385,55.35113286,
6759416,55.35113286,
6759448,55.34885606,
6759786,55.34657927,
6759917,55.34885606,
6759950,55.34657927,
6759981,55.34885606,
6760012,55.34885606,
6760044,55.34885606,
6760075,55.34885606,
6760107,55.34885606,
6760138,55.35113286,
6760169,55.34657927,
6760201,55.34657927,
6760232,55.34657927,
6760264,55.34657927,
6760295,55.34885606,
6760326,55.34657927,
6760358,55.35113286,
6760389,55.34885606,
6760421,55.34657927,
6760452,55.34885606,
6760484,55.35113286,
6760601,55.35113286,
6760733,55.35113286,
6760765,55.34885606,
6760796,55.35113286,
6760828,55.34885606,
6760860,55.35113286,
6760891,55.35113286,
6760922,55.35113286,
6760953,55.34657927,
6760985,55.34885606,
6761016,55.34885606,
6761048,55.34657927,
6761079,55.34657927,
6761111,55.34657927,
6761142,55.34885606,
6761174,55.34657927,
6761205,55.34885606,
6761236,55.34885606,
6761268,55.34885606,
6761299,55.34885606,
6761414,55.34430248,
6761546,55.34657927,
6761578,55.34657927,
6761609,55.34885606,
6761640,55.34885606,
6761671,55.34657927,
6761703,55.34657927,
6761734,55.34885606,
6761766,55.34885606,
6761797,55.34885606,
6761829,55.34885606,
6761860,55.34657927,
6761892,55.35113286,
6761923,55.34885606,
6761955,55.34657927,
6761986,55.35113286,
6762018,55.34657927,
6762049,55.35113286,
6762080,55.34885606,
6762112,55.34657927,
6762327,55.34885606,
6762459,55.35113286,
6762490,55.34885606,
6762522,55.34885606,
6762554,55.34657927,
6762585,55.34885606,
6762617,55.34885606,
6762648,55.34657927,
6762679,55.34885606,
6762711,55.34885606,
6762742,55.35113286,
6762773,55.34885606,
6762805,55.34885606,
6762836,55.34885606,
6762868,55.34885606,
6762899,55.34885606,
6762931,55.34885606,
6762962,55.34885606,
6762993,55.34885606,
6763024,55.35113286,
6763164,55.35113286,
6763295,55.35113286,
6763327,55.34885606,
6763359,55.34657927,
6763390,55.35113286,
6763422,55.34657927,
6763453,55.35113286,
6763485,55.34885606,
6763516,55.34657927,
6763548,55.34885606,
6763579,55.35113286,
6763610,55.34885606,
6763642,55.34657927,
6763673,55.34657927,
6763704,55.35340965,
6763736,55.34430248,
6763767,55.34430248,
6763799,55.34885606,
6763830,55.34430248,
6763862,55.34885606,
6763970,55.34885606,
6764101,55.34885606,
6764133,55.34657927,
6764165,55.34657927,
6764196,55.34657927,
6764227,55.34657927,
6764259,55.34885606,
6764290,55.34430248,
6764321,55.34885606,
6764353,55.34885606,
6764384,55.34885606,
6764416,55.35113286,
6764447,55.34657927,
6764479,55.34885606,
6764510,55.34885606,
6764541,55.34885606,
6764573,55.34657927,
6764604,55.34885606,
6764635,55.34657927,
6764667,55.35113286,
6764796,55.34657927,
6764927,55.34657927,
6764959,55.35113286,
6764991,55.34885606,
6765022,55.34885606,
6765053,55.34885606,
6765085,55.34885606,
6765116,55.34657927,
6765148,55.34657927,
6765179,55.35113286,
6765211,55.34657927,
6765242,55.35113286,
6765274,55.34657927,
6765305,55.34657927,
6765336,55.34885606,
6765368,55.34657927,
6765399,55.34657927,
6765431,55.34657927,
6765462,55.34885606,
6765494,55.34657927,
6765608,55.35113286,
6765740,55.34657927,
6765771,55.34430248,
6765802,55.34885606,
6765833,55.34885606,
6765865,55.34657927,
6765897,55.34885606,
6765928,55.34657927,
6765959,55.34657927,
6765991,55.34885606,
6766022,55.34885606,
6766053,55.34430248,
6766085,55.34657927,
6766116,55.35113286,
6766148,55.35113286,
6766179,55.34885606,
6766211,55.34885606,
6766242,55.34657927,
6766273,55.34885606,
6766305,55.35113286,
6766447,55.34885606,
6766578,55.34657927,
6766610,55.34657927,
6766642,55.34657927,
6766673,55.34657927,
6766706,55.35113286,
6766737,55.34885606,
6766768,55.34885606,
6766800,55.34657927,
6766831,55.34885606,
6766863,55.35113286,
6766894,55.35113286,
6766926,55.34657927,
6766957,55.35113286,
6766988,55.34657927,
6767020,55.34657927,
6767051,55.34885606,
6767083,55.34885606,
6767114,55.35113286,
6767146,55.34885606,
6767256,55.34885606,
6767388,55.34885606,
6767420,55.34657927,
6767451,55.34885606,
6767483,55.34885606,
6767514,55.34885606,
6767546,55.34885606,
6767577,55.35113286,
6767608,55.34885606,
6767640,55.34885606,
6767671,55.34657927,
6767702,55.34885606,
6767734,55.34657927,
6767766,55.35113286,
6767797,55.34885606,
6767829,55.35113286,
6767860,55.34885606,
6767891,55.34657927,
6767923,55.34885606,
6767954,55.34657927,
6768067,55.34885606,
6768198,55.34885606,
6768231,55.34657927,
6768262,55.34657927,
6768294,55.34657927,
6768325,55.34885606,
6768357,55.34885606,
6768388,55.34885606,
6768419,55.34885606,
6768451,55.34657927,
6768482,55.34885606,
6768513,55.35113286,
6768545,55.35113286,
6768576,55.34657927,
6768608,55.34657927,
6768639,55.35113286,
6768671,55.34885606,
6768702,55.34885606,
6768733,55.34885606,
6768765,55.34885606,
6768890,55.34885606,
6769022,55.35113286,
6769054,55.35113286,
6769086,55.34885606,
6769117,55.35113286,
6769148,55.34885606,
6769180,55.34885606,
6769211,55.34657927,
6769242,55.34657927,
6769274,55.35113286,
6769305,55.34885606,
6769336,55.34885606,
6769368,55.34885606,
6769399,55.34885606,
6769431,55.34885606,
6769462,55.34885606,
6769494,55.34885606,
6769525,55.35113286,
6769556,55.34657927,
6769588,55.34885606,
6769716,55.34885606,
6769847,55.35113286,
6769879,55.34657927,
6769911,55.34885606,
6769942,55.34657927,
6769973,55.35113286,
6770005,55.35113286,
6770037,55.34885606,
6770068,55.34885606,
6770100,55.34657927,
6770131,55.34657927,
6770162,55.34885606,
6770194,55.34657927,
6770225,55.34885606,
6770256,55.34885606,
6770288,55.34657927,
6770319,55.34885606,
6770351,55.34657927,
6770382,55.34657927,
6770414,55.34885606,
6770551,55.34657927,
6770682,55.35113286,
6770715,55.34885606,
6770746,55.34885606,
6770777,55.34885606,
6770809,55.35113286,
6770841,55.34885606,
6770872,55.34885606,
6770904,55.34885606,
6770935,55.34885606,
6770966,55.34885606,
6770998,55.34885606,
6771029,55.34885606,
6771060,55.35113286,
6771092,55.34885606,
6771123,55.34885606,
6771155,55.34657927,
6771186,55.34885606,
6771217,55.34885606,
6771249,55.35113286,
6771352,55.34885606,
6771483,55.34885606,
6771516,55.34657927,
6771547,55.34657927,
6771579,55.34885606,
6771610,55.34657927,
6771641,55.34657927,
6771672,55.34885606,
6771703,55.34885606,
6771735,55.34885606,
6771767,55.34657927,
6771798,55.34885606,
6771829,55.34885606,
6771861,55.35340965,
6771892,55.34657927,
6771924,55.34885606,
6771955,55.35113286,
6771986,55.34657927,
6772018,55.34885606,
6772049,55.35113286,
6772180,55.34657927,
6772311,55.34885606,
6772344,55.34657927,
6772375,55.34657927,
6772406,55.34885606,
6772438,55.34885606,
6772470,55.34657927,
6772501,55.35113286,
6772532,55.35113286,
6772564,55.34657927,
6772595,55.34657927,
6772626,55.34885606,
6772658,55.35113286,
6772689,55.34885606,
6772720,55.34885606,
6772752,55.34885606,
6772784,55.34885606,
6772815,55.34885606,
6772846,55.34885606,
6772878,55.34885606,
6772981,55.34657927,
6773112,55.34430248,
6773144,55.34657927,
6773176,55.34430248,
6773207,55.34885606,
6773238,55.34885606,
6773270,55.34657927,
6773301,55.34885606,
6773332,55.34430248,
6773364,55.34657927,
6773395,55.35113286,
6773427,55.34657927,
6773458,55.34885606,
6773490,55.34885606,
6773521,55.35113286,
6773552,55.34885606,
6773584,55.34430248,
6773615,55.34885606,
6773646,55.34657927,
6773678,55.34885606,
6774012,55.35113286,
6774143,55.34885606,
6774175,55.34657927,
6774206,55.34885606,
6774238,55.34885606,
6774269,55.35113286,
6774300,55.34885606,
6774332,55.34657927,
6774363,55.35113286,
6774395,55.34885606,
6774426,55.34885606,
6774457,55.34885606,
6774489,55.34885606,
6774520,55.35113286,
6774552,55.35113286,
6774583,55.34885606,
6774615,55.34885606,
6774646,55.34885606,
6774677,55.34430248,
6774709,55.35113286,
6774833,55.35113286,
6774964,55.34885606,
6774997,55.34885606,
6775028,55.34885606,
6775060,55.34885606,
6775091,55.34885606,
6775122,55.34657927,
6775154,55.34885606,
6775185,55.34657927,
6775217,55.34657927,
6775248,55.34885606,
6775279,55.35113286,
6775311,55.34885606,
6775342,55.34885606,
6775374,55.34657927,
6775405,55.34657927,
6775437,55.34885606,
6775468,55.34885606,
6775499,55.34885606,
6775531,55.34657927,
6775663,55.34885606,
6775795,55.34657927,
6775827,55.34885606,
6775859,55.34885606,
6775890,55.34885606,
6775922,55.34885606,
6775953,55.34885606,
6775984,55.34885606,
6776016,55.34885606,
6776047,55.34885606,
6776079,55.34885606,
6776110,55.34885606,
6776142,55.34885606,
6776173,55.34885606,
6776204,55.34885606,
6776236,55.34657927,
6776267,55.34885606,
6776298,55.34885606,
6776330,55.34885606,
6776361,55.34885606,
6776467,55.35113286,
6776599,55.34885606,
6776630,55.34885606,
6776662,55.34885606,
6776693,55.34885606,
6776724,55.34657927,
6776756,55.34885606,
6776787,55.34885606,
6776819,55.35113286,
6776850,55.34885606,
6776882,55.34885606,
6776913,55.34885606,
6776945,55.34657927,
6776976,55.35113286,
6777007,55.34657927,
6777039,55.35113286,
6777070,55.34885606,
6777101,55.35113286,
6777133,55.35113286,
6777164,55.34657927,
6777287,55.35113286,
6777418,55.35113286,
6777450,55.34885606,
6777482,55.34885606,
6777513,55.34885606,
6777544,55.35113286,
6777576,55.34885606,
6777607,55.34885606,
6777638,55.34885606,
6777670,55.34885606,
6777701,55.35113286,
6777733,55.34885606,
6777764,55.34885606,
6777796,55.35113286,
6777827,55.34885606,
6777859,55.34885606,
6777890,55.34885606,
6777921,55.34885606,
6777953,55.34885606,
6777984,55.34657927,
6778116,55.34657927,
6778248,55.34657927,
6778280,55.34885606,
6778311,55.34885606,
6778343,55.35113286,
6778374,55.34885606,
6778406,55.34657927,
6778437,55.34657927,
6778468,55.35113286,
6778500,55.34885606,
6778531,55.34657927,
6778563,55.34657927,
6778594,55.34885606,
6778625,55.34657927,
6778657,55.34885606,
6778688,55.34657927,
6778720,55.34885606,
6778751,55.34885606,
6778783,55.34657927,
6778814,55.35113286,
6778930,55.35113286,
6779061,55.34885606,
6779093,55.34885606,
6779125,55.35113286,
6779156,55.34885606,
6779187,55.34885606,
6779219,55.34885606,
6779251,55.34885606,
6779282,55.34657927,
6779313,55.34885606,
6779345,55.34657927,
6779376,55.34885606,
6779408,55.35113286,
6779439,55.35340965,
6779470,55.35113286,
6779502,55.34885606,
6779533,55.35113286,
6779565,55.34885606,
6779596,55.35113286,
6779627,55.34885606,
6779756,55.34885606,
6779888,55.35340965,
6779920,55.34885606,
6779952,55.34885606,
6779983,55.35340965,
6780014,55.34885606,
6780046,55.35113286,
6780077,55.34657927,
6780108,55.34657927,
6780140,55.34885606,
6780171,55.35113286,
6780203,55.34885606,
6780234,55.34885606,
6780266,55.34885606,
6780297,55.35113286,
6780329,55.34885606,
6780360,55.34657927,
6780391,55.34885606,
6780423,55.34885606,
6780454,55.34885606,
6780577,55.35113286,
6780708,55.34885606,
6780740,55.34657927,
6780772,55.35113286,
6780803,55.34885606,
6780835,55.34657927,
6780866,55.35113286,
6780898,55.34657927,
6780929,55.34885606,
6780961,55.34885606,
6780992,55.34885606,
6781023,55.34885606,
6781055,55.35113286,
6781086,55.34657927,
6781117,55.34885606,
6781149,55.34657927,
6781180,55.34885606,
6781212,55.34885606,
6781243,55.35113286,
6781275,55.34885606,
6781380,55.34657927,
6781512,55.35113286,
6781544,55.34657927,
6781575,55.35113286,
6781607,55.34657927,
6781638,55.34885606,
6781669,55.34885606,
6781701,55.35113286,
6781732,55.34885606,
6781764,55.35113286,
6781795,55.35113286,
6781826,55.34885606,
6781858,55.34657927,
6781890,55.34885606,
6781921,55.34657927,
6781953,55.34885606,
6781984,55.34885606,
6782015,55.34657927,
6782046,55.34885606,
6782078,55.34885606,
6782211,55.34430248,
6782342,55.34657927,
6782375,55.34885606,
6782406,55.34885606,
6782437,55.34885606,
6782469,55.34657927,
6782500,55.34885606,
6782532,55.34657927,
6782563,55.34657927,
6782595,55.34885606,
6782626,55.34885606,
6782657,55.34657927,
6782689,55.34885606,
6782720,55.35113286,
6782751,55.34657927,
6782783,55.34885606,
6782814,55.34657927,
6782846,55.35113286,
6782877,55.35113286,
6782909,55.35113286,
6783026,55.35113286,
6783157,55.35113286,
6783189,55.34657927,
6783220,55.34885606,
6783252,55.35113286,
6783283,55.34885606,
6783315,55.34885606,
6783346,55.34885606,
6783377,55.34885606,
6783409,55.34885606,
6783440,55.34885606,
6783471,55.34657927,
6783503,55.35113286,
6783535,55.34657927,
6783566,55.34885606,
6783598,55.34657927,
6783629,55.34885606,
6783660,55.34885606,
6783691,55.35340965,
6783723,55.34885606,
6783848,55.34885606,
6783979,55.34885606,
6784011,55.35113286,
6784043,55.34657927,
6784074,55.34885606,
6784106,55.34885606,
6784137,55.34885606,
6784168,55.35113286,
6784200,55.34885606,
6784231,55.34885606,
6784263,55.34885606,
6784294,55.34885606,
6784326,55.34885606,
6784357,55.34885606,
6784388,55.34885606,
6784420,55.34657927,
6784451,55.35113286,
6784482,55.34657927,
6784514,55.35113286,
6784545,55.34885606,
6784662,55.34657927,
6784793,55.34885606,
6784825,55.35113286,
6784857,55.34885606,
6784888,55.35113286,
6784919,55.35113286,
6784951,55.35113286,
6784983,55.34657927,
6785014,55.34885606,
6785046,55.35113286,
6785077,55.34657927,
6785108,55.34885606,
6785140,55.34657927,
6785171,55.34885606,
6785202,55.34657927,
6785234,55.34885606,
6785266,55.34885606,
6785297,55.34885606,
6785328,55.34885606,
6785360,55.34885606,
6785496,55.34885606,
6785627,55.34885606,
6785659,55.34885606,
6785691,55.34430248,
6785722,55.34885606,
6785755,55.35113286,
6785786,55.34885606,
6785817,55.34885606,
6785849,55.34657927,
6785880,55.35113286,
6785912,55.34885606,
6785943,55.34657927,
6785974,55.35113286,
6786006,55.34885606,
6786037,55.34885606,
6786069,55.34657927,
6786100,55.34885606,
6786131,55.34657927,
6786163,55.35113286,
6786194,55.34885606,
6786296,55.34885606,
6786428,55.34885606,
6786460,55.34885606,
6786492,55.34885606,
6786523,55.34885606,
6786554,55.34657927,
6786586,55.34885606,
6786617,55.35113286,
6786649,55.34885606,
6786680,55.34885606,
6786712,55.34885606,
6786743,55.34885606,
6786775,55.35113286,
6786806,55.34885606,
6786837,55.34657927,
6786869,55.34885606,
6786900,55.35113286,
6786932,55.34885606,
6786963,55.35113286,
6786995,55.34885606,
6787120,55.34885606,
6787251,55.34885606,
6787283,55.34885606,
6787315,55.34885606,
6787346,55.35113286,
6787377,55.34885606,
6787409,55.34657927,
6787440,55.35113286,
6787471,55.34885606,
6787503,55.34885606,
6787535,55.34885606,
6787566,55.34885606,
6787597,55.34885606,
6787629,55.34885606,
6787660,55.35113286,
6787692,55.35113286,
6787723,55.34885606,
6787754,55.34885606,
6787786,55.35113286,
6787817,55.35113286,
6787946,55.35113286,
6788078,55.34885606,
6788110,55.34885606,
6788142,55.34885606,
6788173,55.35340965,
6788204,55.34885606,
6788236,55.35113286,
6788267,55.34885606,
6788299,55.34885606,
6788330,55.34885606,
6788362,55.34657927,
6788393,55.35113286,
6788424,55.34885606,
6788456,55.34657927,
6788487,55.35113286,
6788519,55.35113286,
6788550,55.34885606,
6788581,55.34885606,
6788613,55.34657927,
6788644,55.34885606,
6788753,55.34885606,
6788884,55.34885606,
6788917,55.35113286,
6788948,55.34657927,
6788979,55.34885606,
6789011,55.34885606,
6789042,55.35113286,
6789074,55.35113286,
6789105,55.34657927,
6789137,55.34885606,
6789168,55.34657927,
6789199,55.34885606,
6789231,55.34657927,
6789262,55.34885606,
6789294,55.34885606,
6789325,55.35113286,
6789357,55.34885606,
6789388,55.34885606,
6789419,55.35113286,
6789451,55.35340965,
6789573,55.34885606,
6789703,55.34657927,
6789735,55.34657927,
6789767,55.34885606,
6789798,55.34657927,
6789829,55.35340965,
6789861,55.35113286,
6789893,55.34885606,
6789924,55.35113286,
6789956,55.35113286,
6789987,55.34885606,
6790018,55.35113286,
6790050,55.34657927,
6790081,55.34885606,
6790112,55.34885606,
6790144,55.34657927,
6790176,55.35340965,
6790207,55.34885606,
6790238,55.34657927,
6790269,55.34657927,
6790396,55.34885606,
6790527,55.34885606,
6790560,55.35113286,
6790591,55.35113286,
6790623,55.34885606,
6790654,55.34885606,
6790686,55.35113286,
6790717,55.34885606,
6790748,55.34430248,
6790780,55.34885606,
6790811,55.34885606,
6790842,55.35113286,
6790874,55.34657927,
6790906,55.34657927,
6790937,55.34657927,
6790969,55.34885606,
6791000,55.34885606,
6791031,55.34885606,
6791062,55.34885606,
6791094,55.34885606,
6791216,55.35113286,
6791347,55.34885606,
6791379,55.35113286,
6791411,55.34885606,
6791442,55.34885606,
6791473,55.34885606,
6791505,55.35340965,
6791536,55.34885606,
6791568,55.34885606,
6791599,55.34885606,
6791631,55.34885606,
6791662,55.34885606,
6791694,55.35113286,
6791725,55.34885606,
6791756,55.34885606,
6791788,55.35113286,
6791819,55.34885606,
6791851,55.34885606,
6791882,55.35113286,
6791914,55.34885606,
6792031,55.34885606,
6792162,55.34885606,
6792194,55.35113286,
6792225,55.35340965,
6792256,55.34885606,
6792288,55.34885606,
6792319,55.35113286,
6792350,55.34885606,
6792381,55.34885606,
6792413,55.34885606,
6792444,55.34885606,
6792476,55.35113286,
6792507,55.34657927,
6792539,55.34885606,
6792570,55.34885606,
6792602,55.35113286,
6792633,55.34885606,
6792664,55.34657927,
6792695,55.34885606,
6792727,55.34657927,
6792852,55.34885606,
6792983,55.35113286,
6793015,55.34657927,
6793047,55.35113286,
6793078,55.34885606,
6793109,55.35113286,
6793141,55.34885606,
6793172,55.34657927,
6793203,55.34885606,
6793235,55.34885606,
6793266,55.34657927,
6793297,55.34885606,
6793329,55.34885606,
6793360,55.34885606,
6793392,55.34885606,
6793423,55.34885606,
6793455,55.35113286,
6793486,55.34657927,
6793517,55.34885606,
6793549,55.34885606,
6793777,55.35340965,
6793909,55.34885606,
6793940,55.35113286,
6793971,55.35340965,
6794002,55.34885606,
6794034,55.35113286,
6794066,55.34885606,
6794097,55.35340965,
6794128,55.34885606,
6794160,55.34885606,
6794191,55.35113286,
6794222,55.34885606,
6794254,55.34885606,
6794285,55.34885606,
6794317,55.34885606,
6794348,55.34885606,
6794380,55.34657927,
6794411,55.35113286,
6794442,55.35113286,
6794474,55.35113286,
6794597,55.35113286,
6794728,55.35113286,
6794760,55.35113286,
6794791,55.35340965,
6794822,55.34885606,
6794854,55.34885606,
6794886,55.34885606,
6794917,55.35113286,
6794948,55.35113286,
6794980,55.34430248,
6795011,55.34885606,
6795043,55.34885606,
6795074,55.35113286,
6795106,55.35113286,
6795137,55.34885606,
6795169,55.34885606,
6795200,55.35113286,
6795231,55.34885606,
6795262,55.35113286,
6795294,55.34885606,
6795432,55.35113286,
6795563,55.35340965,
6795596,55.34885606,
6795627,55.34885606,
6795658,55.34657927,
6795690,55.35113286,
6795722,55.35113286,
6795753,55.34885606,
6795785,55.34885606,
6795816,55.34885606,
6795847,55.35340965,
6795878,55.34885606,
6795910,55.34885606,
6795942,55.34885606,
6795973,55.34885606,
6796004,55.35113286,
6796036,55.34885606,
6796067,55.34885606,
6796099,55.34885606,
6796130,55.34885606,
6796232,55.35113286,
6796363,55.34885606,
6796395,55.35113286,
6796427,55.34885606,
6796458,55.34885606,
6796489,55.34885606,
6796521,55.34885606,
6796552,55.34885606,
6796584,55.35113286,
6796615,55.34657927,
6796647,55.34885606,
6796678,55.35113286,
6796709,55.35113286,
6796741,55.34657927,
6796772,55.35113286,
6796804,55.34885606,
6796835,55.35113286,
6796866,55.34885606,
6796898,55.35340965,
6796929,55.35113286,
6797055,55.35340965,
6797186,55.34885606,
6797218,55.34885606,
6797250,55.34885606,
6797281,55.34885606,
6797313,55.35113286,
6797344,55.34885606,
6797375,55.35113286,
6797406,55.34885606,
6797438,55.34885606,
6797470,55.35113286,
6797501,55.34885606,
6797532,55.35113286,
6797564,55.34885606,
6797595,55.35113286,
6797627,55.35113286,
6797658,55.35113286,
6797689,55.34885606,
6797720,55.35113286,
6797752,55.35113286,
6797887,55.35113286,
6798018,55.34885606,
6798051,55.34657927,
6798082,55.35113286,
6798114,55.34885606,
6798145,55.35113286,
6798176,55.34885606,
6798207,55.34885606,
6798239,55.34657927,
6798270,55.34885606,
6798302,55.34885606,
6798333,55.35113286,
6798364,55.34885606,
6798396,55.34657927,
6798427,55.35113286,
6798459,55.34657927,
6798490,55.34885606,
6798521,55.34885606,
6798553,55.34885606,
6798584,55.34885606,
6798697,55.35113286,
6798828,55.35113286,
6798860,55.34885606,
6798892,55.34885606,
6798923,55.35113286,
6798955,55.34885606,
6798986,55.35113286,
6799017,55.34885606,
6799048,55.35113286,
6799080,55.35113286,
6799111,55.34885606,
6799143,55.35113286,
6799174,55.35340965,
6799206,55.35113286,
6799237,55.35340965,
6799269,55.35113286,
6799300,55.34885606,
6799331,55.34885606,
6799363,55.34885606,
6799394,55.34885606,
6799515,55.35113286,
6799646,55.34885606,
6799679,55.35113286,
6799710,55.35340965,
6799741,55.35113286,
6799773,55.34885606,
6799804,55.35113286,
6799836,55.35113286,
6799867,55.35113286,
6799899,55.35113286,
6799930,55.34885606,
6799961,55.35113286,
6799993,55.35340965,
6800024,55.34885606,
6800055,55.35113286,
6800087,55.35113286,
6800118,55.34885606,
6800150,55.35113286,
6800181,55.34885606,
6800213,55.35113286,
6800331,55.34885606,
6800462,55.35113286,
6800494,55.35113286,
6800526,55.34885606,
6800557,55.34885606,
6800589,55.35113286,
6800620,55.35340965,
6800652,55.35113286,
6800683,55.34885606,
6800714,55.35340965,
6800746,55.35113286,
6800777,55.34657927,
6800809,55.34885606,
6800840,55.34885606,
6800871,55.34885606,
6800903,55.34885606,
6800934,55.34885606,
6800966,55.34657927,
6800997,55.34885606,
6801029,55.34885606,
6801148,55.35113286,
6801279,55.35113286,
6801311,55.34885606,
6801342,55.34657927,
6801373,55.35113286,
6801405,55.34885606,
6801436,55.35340965,
6801468,55.34885606,
6801499,55.35113286,
6801531,55.34885606,
6801562,55.34885606,
6801593,55.35113286,
6801625,55.35113286,
6801656,55.35113286,
6801687,55.35113286,
6801719,55.34885606,
6801751,55.35340965,
6801782,55.35340965,
6801813,55.34885606,
6801845,55.34885606,
6802063,55.34885606,
6802194,55.34885606,
6802226,55.34885606,
6802258,55.35113286,
6802289,55.34885606,
6802320,55.34885606,
6802352,55.35113286,
6802384,55.34657927,
6802415,55.34885606,
6802446,55.35113286,
6802478,55.34885606,
6802509,55.35340965,
6802541,55.35113286,
6802572,55.35113286,
6802603,55.34885606,
6802634,55.35113286,
6802666,55.35113286,
6802697,55.34885606,
6802729,55.34885606,
6802760,55.35113286,
6802889,55.34885606,
6803019,55.34885606,
6803051,55.34657927,
6803083,55.34885606,
6803114,55.35113286,
6803145,55.35113286,
6803177,55.34885606,
6803208,55.34657927,
6803240,55.34885606,
6803272,55.34885606,
6803304,55.35113286,
6803335,55.34885606,
6803367,55.34657927,
6803398,55.35113286,
6803429,55.35113286,
6803461,55.34885606,
6803493,55.34885606,
6803524,55.34885606,
6803555,55.35113286,
6803587,55.34885606,
6803713,55.34885606,
6803844,55.34657927,
6803876,55.35113286,
6803908,55.34885606,
6803939,55.34885606,
6803971,55.35113286,
6804002,55.35113286,
6804033,55.34885606,
6804065,55.34885606,
6804096,55.34885606,
6804128,55.34885606,
6804159,55.34885606,
6804191,55.35113286,
6804222,55.35113286,
6804253,55.35113286,
6804285,55.35113286,
6804316,55.35113286,
6804348,55.35113286,
6804379,55.34885606,
6804411,55.34657927,
6804520,55.35113286,
6804652,55.35340965,
6804683,55.35113286,
6804715,55.34885606,
6804746,55.34885606,
6804778,55.34885606,
6804809,55.35113286,
6804841,55.34657927,
6804872,55.35113286,
6804904,55.35113286,
6804935,55.35340965,
6804967,55.34885606,
6804998,55.35113286,
6805030,55.35113286,
6805061,55.35113286,
6805092,55.35113286,
6805124,55.35113286,
6805155,55.35113286,
6805186,55.35113286,
6805218,55.34885606,
6805372,55.34657927,
6805504,55.35113286,
6805536,55.34885606,
6805567,55.34885606,
6805598,55.34885606,
6805630,55.34885606,
6805662,55.35340965,
6805693,55.35113286,
6805725,55.34885606,
6805756,55.35113286,
6805787,55.34885606,
6805819,55.35113286,
6805850,55.35113286,
6805882,55.34885606,
6805913,55.34885606,
6805945,55.35113286,
6805976,55.34885606,
6806007,55.34885606,
6806039,55.34885606,
6806070,55.35113286,
6806170,55.34885606,
6806302,55.35113286,
6806334,55.34657927,
6806365,55.34885606,
6806396,55.34885606,
6806428,55.35113286,
6806459,55.34885606,
6806490,55.34885606,
6806522,55.35113286,
6806553,55.34885606,
6806585,55.34885606,
6806616,55.35113286,
6806648,55.35113286,
6806679,55.34885606,
6806710,55.34885606,
6806742,55.35113286,
6806773,55.34885606,
6806804,55.35340965,
6806836,55.34885606,
6806868,55.35113286,
6806980,55.34885606,
6807112,55.34885606,
6807144,55.35113286,
6807175,55.35113286,
6807206,55.35113286,
6807237,55.34885606,
6807269,55.34657927,
6807301,55.35113286,
6807332,55.35113286,
6807363,55.35113286,
6807395,55.35113286,
6807426,55.34657927,
6807458,55.35113286,
6807489,55.35113286,
6807520,55.35113286,
6807552,55.34885606,
6807583,55.34885606,
6807614,55.34885606,
6807646,55.34885606,
6807677,55.34885606,
6807912,55.34657927,
6808044,55.35113286,
6808076,55.34885606,
6808107,55.35113286,
6808139,55.34885606,
6808171,55.34885606,
6808202,55.34885606,
6808233,55.34885606,
6808264,55.34885606,
6808296,55.34885606,
6808327,55.34885606,
6808359,55.35113286,
6808390,55.35340965,
6808422,55.35340965,
6808453,55.35113286,
6808485,55.35340965,
6808516,55.34885606,
6808547,55.35340965,
6808579,55.34885606,
6808610,55.35113286,
6808729,55.34885606,
6808860,55.35113286,
6808893,55.34885606,
6808924,55.35113286,
6808955,55.35340965,
6808987,55.35113286,
6809018,55.35113286,
6809050,55.35113286,
6809081,55.35113286,
6809113,55.35113286,
6809144,55.34885606,
6809175,55.35113286,
6809207,55.35113286,
6809238,55.34885606,
6809269,55.35113286,
6809301,55.35113286,
6809332,55.35340965,
6809364,55.35113286,
6809395,55.34885606,
6809427,55.34885606,
6809547,55.35113286,
6809677,55.35113286,
6809709,55.35113286,
6809740,55.35113286,
6809771,55.35113286,
6809803,55.35113286,
6809834,55.34885606,
6809866,55.35113286,
6809897,55.35113286,
6809929,55.35113286,
6809960,55.35340965,
6809991,55.35113286,
6810023,55.34657927,
6810054,55.34885606,
6810086,55.35113286,
6810117,55.35113286,
6810149,55.35113286,
6810180,55.35113286,
6810211,55.35340965,
6810243,55.34885606,
6810366,55.35113286,
6810497,55.35113286,
6810530,55.35113286,
6810561,55.35113286,
6810592,55.35113286,
6810624,55.35113286,
6810656,55.35340965,
6810687,55.34885606,
6810718,55.34885606,
6810750,55.35113286,
6810781,55.34885606,
6810812,55.35113286,
6810844,55.35113286,
6810875,55.34885606,
6810907,55.34657927,
6810938,55.34885606,
6810970,55.34885606,
6811001,55.35113286,
6811032,55.34885606,
6811064,55.35113286,
6811183,55.34885606,
6811314,55.35113286,
6811346,55.34885606,
6811377,55.35113286,
6811409,55.35113286,
6811440,55.35113286,
6811472,55.35113286,
6811503,55.35113286,
6811534,55.35113286,
6811566,55.35113286,
6811597,55.34885606,
6811628,55.35340965,
6811660,55.35113286,
6811691,55.34885606,
6811723,55.34885606,
6811754,55.34657927,
6811786,55.35113286,
6811817,55.35340965,
6811848,55.35113286,
6811880,55.35113286,
6812003,55.34885606,
6812134,55.35113286,
6812167,55.35340965,
6812198,55.35113286,
6812229,55.35113286,
6812260,55.35113286,
6812292,55.35113286,
6812323,55.34657927,
6812355,55.34885606,
6812386,55.35113286,
6812418,55.34885606,
6812449,55.34885606,
6812481,55.34885606,
6812512,55.35113286,
6812543,55.35568644,
6812575,55.34885606,
6812606,55.35113286,
6812638,55.34885606,
6812669,55.34885606,
6812700,55.34885606,
6812820,55.34885606,
6812952,55.34885606,
6812984,55.35113286,
6813015,55.34885606,
6813047,55.34885606,
6813078,55.35113286,
6813110,55.34885606,
6813141,55.35340965,
6813172,55.35113286,
6813204,55.35113286,
6813235,55.34657927,
6813267,55.35113286,
6813298,55.35340965,
6813329,55.34885606,
6813361,55.35113286,
6813392,55.34885606,
6813424,55.34657927,
6813455,55.35113286,
6813486,55.34885606,
6813518,55.35113286,
6813652,55.35113286,
6813783,55.35113286,
6813816,55.35113286,
6813847,55.34885606,
6813879,55.34885606,
6813910,55.34885606,
6813942,55.35113286,
6813973,55.35340965,
6814005,55.34885606,
6814036,55.35340965,
6814067,55.34885606,
6814098,55.34657927,
6814130,55.34885606,
6814161,55.35113286,
6814193,55.35113286,
6814224,55.35113286,
6814256,55.34885606,
6814287,55.34885606,
6814319,55.34885606,
6814350,55.35113286,
6814465,55.34885606,
6814596,55.35113286,
6814628,55.34885606,
6814660,55.35113286,
6814692,55.34885606,
6814723,55.35113286,
6814755,55.35113286,
6814787,55.35113286,
6814818,55.35340965,
6814850,55.34885606,
6814881,55.34885606,
6814913,55.35113286,
6814944,55.35340965,
6814976,55.35113286,
6815007,55.34885606,
6815039,55.34885606,
6815070,55.35113286,
6815101,55.35113286,
6815133,55.34885606,
6815164,55.34885606,
6815280,55.34885606,
6815412,55.35113286,
6815444,55.35113286,
6815475,55.35113286,
6815507,55.34885606,
6815538,55.34885606,
6815570,55.35340965,
6815601,55.35113286,
6815632,55.34885606,
6815664,55.35340965,
6815695,55.34885606,
6815726,55.35113286,
6815758,55.34657927,
6815789,55.34885606,
6815821,55.35340965,
6815852,55.35113286,
6815884,55.35113286,
6815915,55.35113286,
6815946,55.34885606,
6815978,55.35113286,
6816095,55.34885606,
6816226,55.34885606,
6816259,55.35113286,
6816290,55.35113286,
6816321,55.34885606,
6816353,55.34885606,
6816384,55.34885606,
6816417,55.35113286,
6816449,55.35113286,
6816481,55.35113286,
6816512,55.35113286,
6816544,55.34885606,
6816576,55.35340965,
6816607,55.35113286,
6816639,55.35340965,
6816671,55.35340965,
6816703,55.35340965,
6816734,55.35113286,
6816766,55.35113286,
6816798,55.34885606,
6817021,55.34885606,
6817152,55.35113286,
6817184,55.34885606,
6817215,55.34885606,
6817246,55.35340965,
6817278,55.35113286,
6817309,55.35113286,
6817341,55.35113286,
6817372,55.35568644,
6817404,55.35113286,
6817435,55.35113286,
6817466,55.34885606,
6817498,55.35113286,
6817529,55.34885606,
6817561,55.34885606,
6817592,55.35113286,
6817623,55.34885606,
6817654,55.34885606,
6817685,55.34885606,
6817717,55.34885606,
6817845,55.35113286,
6817976,55.35340965,
6818008,55.35113286,
6818040,55.35113286,
6818072,55.34885606,
6818104,55.35113286,
6818135,55.35113286,
6818166,55.35113286,
6818198,55.35340965,
6818229,55.34885606,
6818261,55.35113286,
6818292,55.35113286,
6818323,55.35340965,
6818355,55.35340965,
6818386,55.35340965,
6818418,55.35113286,
6818449,55.35340965,
6818480,55.35113286,
6818512,55.35113286,
6818543,55.35113286,
6818839,55.35113286,
6818970,55.35113286,
6819001,55.35113286,
6819033,55.35113286,
6819064,55.34885606,
6819096,55.35340965,
6819127,55.34885606,
6819159,55.35113286,
6819190,55.35340965,
6819221,55.35113286,
6819253,55.35113286,
6819284,55.35113286,
6819315,55.35113286,
6819347,55.35113286,
6819378,55.35113286,
6819410,55.35113286,
6819441,55.34885606,
6819473,55.34885606,
6819504,55.35113286,
6819536,55.35113286,
6820980,55.34885606,
6821110,55.35113286,
6821141,55.35340965,
6821173,55.35113286,
6821205,55.34885606,
6821236,55.35340965,
6821267,55.34885606,
6821299,55.35340965,
6821330,55.34885606,
6821361,55.35113286,
6821393,55.34885606,
6821425,55.35113286,
6821456,55.34885606,
6821487,55.34885606,
6821518,55.34885606,
6821549,55.34885606,
6821581,55.35113286,
6821612,55.34885606,
6821644,55.35340965,
6821675,55.34885606,
6823232,55.35113286,
6823362,55.35113286,
6823394,55.35113286,
6823425,55.35340965,
6823457,55.34885606,
6823488,55.34885606,
6823520,55.34885606,
6823552,55.35113286,
6823583,55.34885606,
6823614,55.34885606,
6823646,55.35113286,
6823678,55.34885606,
6823709,55.35113286,
6823740,55.35340965,
6823772,55.35340965,
6823803,55.34885606,
6823835,55.35113286,
6823866,55.35113286,
6823897,55.34885606,
6823928,55.34885606,
6824266,55.35113286,
6824397,55.34657927,
6824428,55.35340965,
6824460,55.35113286,
6824491,55.35113286,
6824523,55.35113286,
6824554,55.34885606,
6824586,55.35113286,
6824617,55.34885606,
6824648,55.34885606,
6824679,55.35113286,
6824710,55.34885606,
6824742,55.35113286,
6824773,55.35340965,
6824805,55.34657927,
6824836,55.35340965,
6824868,55.35113286,
6824899,55.35113286,
6824930,55.34885606,
6824962,55.34885606,
6825134,55.35113286,
6825265,55.34885606,
6825296,55.35340965,
6825328,55.34885606,
6825360,55.35113286,
6825392,55.35113286,
6825423,55.35113286,
6825455,55.34885606,
6825486,55.35113286,
6825518,55.34657927,
6825549,55.35340965,
6825581,55.35113286,
6825612,55.35113286,
6825643,55.35113286,
6825674,55.35113286,
6825706,55.34885606,
6825738,55.35113286,
6825769,55.35340965,
6825800,55.35113286,
6825832,55.35340965,
6826045,55.35113286,
6826175,55.35113286,
6826208,55.34885606,
6826240,55.35340965,
6826271,55.35113286,
6826303,55.35113286,
6826334,55.35340965,
6826366,55.34885606,
6826397,55.35340965,
6826429,55.35340965,
6826460,55.34885606,
6826491,55.34885606,
6826522,55.34885606,
6826554,55.34885606,
6826585,55.34885606,
6826617,55.34885606,
6826648,55.35113286,
6826679,55.34885606,
6826711,55.35113286,
6826742,55.34885606,
6828194,55.34885606,
6828325,55.35340965,
6828357,55.35113286,
6828389,55.34885606,
6828420,55.35113286,
6828452,55.35113286,
6828483,55.35113286,
6828514,55.35113286,
6828546,55.35113286,
6828577,55.35113286,
6828608,55.35113286,
6828640,55.35340965,
6828671,55.34885606,
6828703,55.35113286,
6828734,55.34885606,
6828766,55.35340965,
6828797,55.35340965,
6828828,55.35113286,
6828860,55.34885606,
6828891,55.35113286,
6829112,55.35340965,
6829244,55.35113286,
6829276,55.35113286,
6829308,55.35113286,
6829339,55.35113286,
6829370,55.35113286,
6829403,55.35113286,
6829434,55.35113286,
6829466,55.35113286,
6829498,55.35340965,
6829530,55.35113286,
6829561,55.35568644,
6829594,55.34885606,
6829625,55.35340965,
6829657,55.35340965,
6829692,55.35113286,
6829723,55.35340965,
6829755,55.35340965,
6829787,55.35113286,
6829818,55.35340965,
6829918,55.35113286,
6830050,55.34885606,
6830082,55.35113286,
6830114,55.35113286,
6830145,55.34657927,
6830176,55.34885606,
6830208,55.35113286,
6830239,55.35340965,
6830271,55.35113286,
6830302,55.35113286,
6830334,55.35113286,
6830365,55.35340965,
6830397,55.35340965,
6830428,55.35113286,
6830459,55.35113286,
6830491,55.35113286,
6830522,55.35113286,
6830553,55.34885606,
6830585,55.34885606,
6830616,55.35113286,
6830737,55.35113286,
6830869,55.35568644,
6830901,55.35340965,
6830933,55.35113286,
6830964,55.34885606,
6830996,55.35113286,
6831027,55.35113286,
6831059,55.34885606,
6831090,55.35113286,
6831122,55.35340965,
6831153,55.35113286,
6831184,55.34885606,
6831216,55.35113286,
6831247,55.35113286,
6831278,55.35113286,
6831310,55.35113286,
6831341,55.35340965,
6831372,55.35113286,
6831403,55.35340965,
6831435,55.34885606,
6831571,55.34657927,
6831701,55.34885606,
6831733,55.35113286,
6831765,55.35113286,
6831796,55.35113286,
6831828,55.35113286,
6831860,55.35113286,
6831891,55.35113286,
6831922,55.34885606,
6831954,55.34885606,
6831985,55.34885606,
6832016,55.35340965,
6832048,55.35340965,
6832079,55.35113286,
6832110,55.34657927,
6832142,55.35113286,
6832173,55.35113286,
6832204,55.34885606,
6832236,55.35340965,
6832267,55.35113286,
6832386,55.34885606,
6832517,55.35340965,
6832549,55.35113286,
6832581,55.35113286,
6832612,55.34885606,
6832644,55.34885606,
6832676,55.35340965,
6832707,55.34657927,
6832738,55.34885606,
6832770,55.35113286,
6832801,55.35113286,
6832832,55.35340965,
6832864,55.34885606,
6832895,55.34885606,
6832927,55.35113286,
6832958,55.34885606,
6832990,55.35340965,
6833021,55.34885606,
6833053,55.35113286,
6833084,55.35113286,
6833317,55.35113286,
6833448,55.34885606,
6833481,55.34657927,
6833512,55.34657927,
6833544,55.35340965,
6833575,55.35113286,
6833607,55.35340965,
6833638,55.34885606,
6833670,55.35113286,
6833701,55.35113286,
6833732,55.35113286,
6833763,55.35340965,
6833795,55.35340965,
6833826,55.34885606,
6833858,55.35113286,
6833890,55.34885606,
6833921,55.35113286,
6833952,55.35113286,
6833984,55.35113286,
6834015,55.35340965,
6834132,55.35113286,
6834263,55.34885606,
6834295,55.34885606,
6834326,55.35340965,
6834358,55.35340965,
6834389,55.35113286,
6834421,55.35113286,
6834452,55.34885606,
6834483,55.35113286,
6834514,55.34885606,
6834546,55.34885606,
6834577,55.35113286,
6834609,55.35113286,
6834640,55.35340965,
6834671,55.35340965,
6834703,55.35113286,
6834734,55.34885606,
6834765,55.35113286,
6834797,55.35340965,
6834828,55.34885606,
6834938,55.34885606,
6835069,55.35113286,
6835101,55.35113286,
6835133,55.35113286,
6835164,55.34657927,
6835195,55.35113286,
6835227,55.35113286,
6835259,55.35340965,
6835290,55.35113286,
6835321,55.35113286,
6835353,55.35113286,
6835384,55.34885606,
6835416,55.35340965,
6835447,55.35113286,
6835478,55.34885606,
6835510,55.35113286,
6835541,55.35113286,
6835572,55.35113286,
6835603,55.35113286,
6835635,55.34885606,
6835975,55.35113286,
6836106,55.35113286,
6836138,55.35113286,
6836169,55.35113286,
6836200,55.35340965,
6836232,55.35340965,
6836263,55.35340965,
6836295,55.35568644,
6836326,55.34885606,
6836358,55.35113286,
6836389,55.34885606,
6836420,55.35113286,
6836452,55.34885606,
6836483,55.34657927,
6836514,55.35113286,
6836546,55.34885606,
6836577,55.34885606,
6836609,55.34885606,
6836640,55.35340965,
6836672,55.35113286,
6836796,55.34885606,
6836927,55.35113286,
6836959,55.35113286,
6836991,55.35113286,
6837022,55.35113286,
6837054,55.34885606,
6837085,55.35113286,
6837116,55.35113286,
6837148,55.35113286,
6837179,55.34885606,
6837211,55.35113286,
6837242,55.35113286,
6837274,55.35568644,
6837305,55.34885606,
6837336,55.35113286,
6837368,55.34885606,
6837399,55.34885606,
6837430,55.35113286,
6837462,55.34885606,
6837493,55.35113286,
6837602,55.35113286,
6837733,55.34885606,
6837766,55.35340965,
6837798,55.34885606,
6837829,55.35113286,
6837861,55.35113286,
6837893,55.35340965,
6837924,55.34885606,
6837956,55.35340965,
6837987,55.35340965,
6838019,55.34885606,
6838050,55.35113286,
6838082,55.34885606,
6838113,55.35113286,
6838144,55.35113286,
6838176,55.34657927,
6838207,55.35340965,
6838239,55.35113286,
6838270,55.35113286,
6838302,55.35113286,
6838421,55.34885606,
6838552,55.35113286,
6838585,55.34885606,
6838616,55.34885606,
6838648,55.35113286,
6838679,55.35340965,
6838711,55.35340965,
6838743,55.35113286,
6838775,55.35113286,
6838807,55.35340965,
6838839,55.35113286,
6838870,55.35340965,
6838902,55.34885606,
6838934,55.34885606,
6838965,55.35340965,
6838997,55.34885606,
6839029,55.34885606,
6839061,55.35340965,
6839092,55.34885606,
6839124,55.35113286,
6839255,55.34885606,
6839386,55.35113286,
6839418,55.35113286,
6839450,55.34885606,
6839481,55.34885606,
6839512,55.34885606,
6839543,55.34885606,
6839574,55.35340965,
6839606,55.35113286,
6839638,55.35113286,
6839669,55.35113286,
6839700,55.35113286,
6839732,55.35113286,
6839763,55.35113286,
6839794,55.35113286,
6839826,55.35113286,
6839857,55.34885606,
6839889,55.35113286,
6839920,55.35113286,
6839952,55.35113286,
6840064,55.35113286,
6840195,55.35113286,
6840227,55.35113286,
6840259,55.34885606,
6840290,55.34885606,
6840322,55.35340965,
6840353,55.34885606,
6840384,55.34885606,
6840416,55.35113286,
6840447,55.35340965,
6840479,55.35113286,
6840510,55.34885606,
6840542,55.34885606,
6840573,55.35113286,
6840604,55.34885606,
6840636,55.35113286,
6840667,55.35113286,
6840698,55.34885606,
6840730,55.35113286,
6840761,55.34885606,
6840979,55.35340965,
6841110,55.35113286,
6841141,55.35113286,
6841173,55.34885606,
6841205,55.34885606,
6841236,55.34885606,
6841268,55.35113286,
6841299,55.35113286,
6841330,55.34885606,
6841362,55.35113286,
6841393,55.35113286,
6841424,55.35340965,
6841456,55.35113286,
6841487,55.35568644,
6841519,55.35113286,
6841550,55.35113286,
6841582,55.35113286,
6841613,55.35113286,
6841644,55.35113286,
6841675,55.35113286,
6841801,55.35340965,
6841932,55.34885606,
6841964,55.34885606,
6841996,55.34885606,
6842027,55.35113286,
6842058,55.35340965,
6842090,55.34885606,
6842121,55.34657927,
6842153,55.34885606,
6842184,55.35340965,
6842216,55.35340965,
6842247,55.35113286,
6842279,55.35113286,
6842310,55.35113286,
6842341,55.34885606,
6842373,55.35113286,
6842404,55.34885606,
6842436,55.35113286,
6842467,55.35113286,
6842499,55.35113286,
6842624,55.35340965,
6842755,55.35113286,
6842787,55.34885606,
6842819,55.35113286,
6842850,55.35340965,
6842882,55.35113286,
6842913,55.35113286,
6842945,55.34885606,
6842976,55.35113286,
6843007,55.35113286,
6843039,55.34885606,
6843070,55.35113286,
6843102,55.35113286,
6843133,55.35113286,
6843164,55.34885606,
6843196,55.35340965,
6843227,55.34885606,
6843259,55.35113286,
6843290,55.35340965,
6843322,55.35113286,
6843538,55.35113286,
6843668,55.34885606,
6843699,55.34885606,
6843730,55.34657927,
6843761,55.34885606,
6843793,55.35340965,
6843824,55.35113286,
6843856,55.35340965,
6843887,55.34885606,
6843919,55.35340965,
6843950,55.35340965,
6843982,55.35113286,
6844013,55.35113286,
6844045,55.35113286,
6844076,55.34657927,
6844107,55.35113286,
6844139,55.35113286,
6844170,55.35113286,
6844201,55.35113286,
6844233,55.34885606,
6844371,55.35113286,
6844502,55.35113286,
6844535,55.35113286,
6844566,55.35340965,
6844598,55.35113286,
6844629,55.35340965,
6844661,55.35113286,
6844692,55.35113286,
6844723,55.35113286,
6844755,55.35340965,
6844786,55.35340965,
6844817,55.35340965,
6844849,55.35113286,
6844880,55.35113286,
6844912,55.34885606,
6844943,55.35113286,
6844975,55.35113286,
6845006,55.34885606,
6845038,55.35340965,
6845069,55.34885606,
6845283,55.35340965,
6845415,55.34885606,
6845447,55.35113286,
6845478,55.35113286,
6845510,55.34885606,
6845541,55.34885606,
6845573,55.35113286,
6845604,55.35113286,
6845635,55.35340965,
6845667,55.34885606,
6845698,55.35340965,
6845729,55.35113286,
6845761,55.35340965,
6845792,55.34885606,
6845824,55.34885606,
6845855,55.35113286,
6845887,55.35340965,
6845918,55.35340965,
6845949,55.34885606,
6845981,55.34885606,
6846097,55.34885606,
6846227,55.35113286,
6846259,55.35113286,
6846291,55.35113286,
6846322,55.34657927,
6846354,55.35113286,
6846385,55.35113286,
6846417,55.35340965,
6846448,55.35113286,
6846480,55.34885606,
6846511,55.35113286,
6846542,55.35113286,
6846574,55.35113286,
6846605,55.35340965,
6846637,55.35113286,
6846668,55.35113286,
6846699,55.35340965,
6846731,55.35340965,
6846762,55.35340965,
6846794,55.35113286,
6847010,55.35113286,
6847141,55.35113286,
6847172,55.34885606,
6847204,55.35113286,
6847235,55.35113286,
6847267,55.35113286,
6847298,55.34885606,
6847330,55.35113286,
6847361,55.35340965,
6847393,55.35113286,
6847424,55.35340965,
6847455,55.34885606,
6847486,55.34885606,
6847518,55.35340965,
6847549,55.35113286,
6847581,55.35113286,
6847612,55.35340965,
6847644,55.35113286,
6847675,55.35113286,
6847707,55.35113286,
6847945,55.34885606,
6848077,55.35340965,
6848109,55.35113286,
6848141,55.35113286,
6848172,55.35113286,
6848203,55.35113286,
6848235,55.35340965,
6848266,55.34885606,
6848298,55.34885606,
6848329,55.35113286,
6848361,55.35113286,
6848392,55.35113286,
6848424,55.35340965,
6848455,55.35113286,
6848486,55.35113286,
6848518,55.35340965,
6848549,55.34885606,
6848580,55.35113286,
6848612,55.35113286,
6848643,55.35113286,
6848775,55.34885606,
6848906,55.35113286,
6848938,55.34885606,
6848970,55.35113286,
6849001,55.34885606,
6849033,55.34885606,
6849064,55.34885606,
6849095,55.34885606,
6849126,55.35113286,
6849158,55.35113286,
6849190,55.35113286,
6849221,55.35113286,
6849253,55.35113286,
6849284,55.35113286,
6849315,55.35340965,
6849347,55.34885606,
6849378,55.34885606,
6849409,55.35340965,
6849441,55.35113286,
6849472,55.35113286,
6849605,55.35113286,
6849737,55.35340965,
6849769,55.35113286,
6849801,55.35340965,
6849832,55.34885606,
6849864,55.35340965,
6849895,55.35113286,
6849926,55.35113286,
6849958,55.35113286,
6849989,55.35340965,
6850021,55.35340965,
6850052,55.34885606,
6850084,55.35113286,
6850115,55.35113286,
6850146,55.35340965,
6850178,55.35113286,
6850209,55.34885606,
6850240,55.35340965,
6850272,55.35113286,
6850303,55.34885606,
6850410,55.35113286,
6850541,55.35340965,
6850573,55.35113286,
6850605,55.35113286,
6850636,55.35113286,
6850668,55.35113286,
6850699,55.35113286,
6850730,55.35113286,
6850761,55.35113286,
6850793,55.35340965,
6850824,55.34885606,
6850856,55.35113286,
6850887,55.35113286,
6850919,55.34885606,
6850950,55.35340965,
6850982,55.35340965,
6851013,55.35113286,
6851044,55.35113286,
6851076,55.35113286,
6851107,55.34885606,
6851225,55.34885606,
6851356,55.35340965,
6851388,55.35113286,
6851420,55.35340965,
6851451,55.35113286,
6851482,55.34885606,
6851514,55.35340965,
6851545,55.35113286,
6851576,55.35113286,
6851608,55.35113286,
6851640,55.34885606,
6851671,55.35113286,
6851702,55.35568644,
6851734,55.35340965,
6851765,55.35340965,
6851797,55.34885606,
6851828,55.35113286,
6851859,55.34885606,
6851891,55.34885606,
6851922,55.34885606,
6852052,55.34885606,
6852183,55.35113286,
6852215,55.35568644,
6852247,55.34885606,
6852278,55.35113286,
6852309,55.35113286,
6852341,55.35113286,
6852372,55.35340965,
6852403,55.35113286,
6852435,55.35113286,
6852466,55.34885606,
6852498,55.35113286,
6852529,55.35113286,
6852561,55.35340965,
6852592,55.35113286,
6852623,55.35113286,
6852654,55.35113286,
6852685,55.34885606,
6852717,55.35340965,
6852749,55.35113286,
6852869,55.35340965,
6853001,55.35113286,
6853033,55.35113286,
6853065,55.35113286,
6853096,55.35113286,
6853127,55.35113286,
6853159,55.35113286,
6853190,55.35113286,
6853221,55.35340965,
6853253,55.34885606,
6853284,55.34657927,
6853316,55.35113286,
6853347,55.35113286,
6853379,55.35113286,
6853410,55.35113286,
6853442,55.35113286,
6853473,55.35113286,
6853504,55.35568644,
6853536,55.35340965,
6853567,55.35113286,
6853685,55.35113286,
6853815,55.34885606,
6853847,55.35113286,
6853878,55.35113286,
6853909,55.35113286,
6853941,55.35113286,
6853972,55.35113286,
6854003,55.35113286,
6854034,55.35340965,
6854066,55.35340965,
6854097,55.34885606,
6854128,55.34885606,
6854160,55.35113286,
6854191,55.35113286,
6854223,55.34885606,
6854254,55.35113286,
6854286,55.34885606,
6854317,55.35113286,
6854348,55.35113286,
6854380,55.35113286,
6854525,55.35113286,
6854657,55.34885606,
6854689,55.35113286,
6854721,55.34885606,
6854752,55.34885606,
6854784,55.35340965,
6854815,55.34885606,
6854846,55.35113286,
6854878,55.35340965,
6854909,55.35113286,
6854940,55.35568644,
6854972,55.35113286,
6855003,55.35113286,
6855034,55.34885606,
6855066,55.34885606,
6855097,55.35113286,
6855129,55.35113286,
6855160,55.35113286,
6855192,55.35340965,
6855223,55.34885606,
6855323,55.34885606,
6855454,55.35340965,
6855486,55.35113286,
6855517,55.35113286,
6855549,55.35113286,
6855580,55.35113286,
6855612,55.35340965,
6855643,55.35113286,
6855674,55.34885606,
6855706,55.34885606,
6855737,55.35113286,
6855768,55.34885606,
6855799,55.34885606,
6855831,55.34885606,
6855862,55.35340965,
6855894,55.35340965,
6855925,55.35113286,
6855956,55.35113286,
6855987,55.35340965,
6856019,55.35113286,
6856142,55.34885606,
6856273,55.35113286,
6856305,55.35113286,
6856336,55.34885606,
6856367,55.35113286,
6856399,55.34885606,
6856430,55.34885606,
6856461,55.34885606,
6856493,55.34885606,
6856524,55.34885606,
6856556,55.35113286,
6856587,55.34885606,
6856618,55.35113286,
6856649,55.34885606,
6856681,55.35340965,
6856712,55.35340965,
6856744,55.34885606,
6856775,55.35113286,
6856806,55.35113286,
6856838,55.35340965,
6856970,55.35113286,
6857102,55.35340965,
6857134,55.35113286,
6857165,55.35340965,
6857197,55.35113286,
6857229,55.35340965,
6857260,55.35113286,
6857291,55.35340965,
6857323,55.34885606,
6857354,55.35340965,
6857385,55.35113286,
6857417,55.34885606,
6857448,55.35113286,
6857480,55.35340965,
6857511,55.35340965,
6857543,55.35113286,
6857574,55.34885606,
6857605,55.35340965,
6857637,55.34885606,
6857668,55.35340965,
6857773,55.35340965,
6857904,55.35113286,
6857936,55.35113286,
6857967,55.35113286,
6857999,55.34885606,
6858030,55.35340965,
6858062,55.35113286,
6858093,55.34885606,
6858124,55.35340965,
6858156,55.34885606,
6858187,55.35340965,
6858218,55.34885606,
6858250,55.34885606,
6858281,55.35113286,
6858312,55.34885606,
6858343,55.35568644,
6858375,55.35113286,
6858406,55.35113286,
6858438,55.35340965,
6858469,55.34885606,
6858618,55.34885606,
6858750,55.35340965,
6858783,55.35113286,
6858814,55.35340965,
6858845,55.34885606,
6858877,55.34885606,
6858908,55.34885606,
6858940,55.34885606,
6858971,55.34885606,
6859003,55.34885606,
6859034,55.35340965,
6859066,55.35113286,
6859097,55.35340965,
6859128,55.35113286,
6859159,55.34885606,
6859191,55.35113286,
6859222,55.34885606,
6859254,55.35113286,
6859285,55.35113286,
6859317,55.35340965,
6859422,55.35113286,
6859553,55.35113286,
6859586,55.35113286,
6859617,55.34885606,
6859648,55.35113286,
6859680,55.35113286,
6859711,55.35340965,
6859743,55.34885606,
6859774,55.34885606,
6859806,55.35113286,
6859837,55.35113286,
6859868,55.35113286,
6859900,55.35113286,
6859931,55.35113286,
6859963,55.34885606,
6859994,55.35340965,
6860026,55.34885606,
6860057,55.34885606,
6860089,55.35340965,
6860120,55.35113286,
6860340,55.35113286,
6860471,55.35340965,
6860503,55.35340965,
6860535,55.35113286,
6860566,55.35340965,
6860597,55.35340965,
6860629,55.34885606,
6860660,55.34885606,
6860691,55.35113286,
6860723,55.35113286,
6860754,55.35113286,
6860786,55.35113286,
6860817,55.35113286,
6860849,55.35340965,
6860880,55.35113286,
6860912,55.35340965,
6860943,55.35113286,
6860974,55.35113286,
6861005,55.34885606,
6861037,55.34885606,
6861165,55.35113286,
6861296,55.34885606,
6861329,55.35340965,
6861360,55.34885606,
6861391,55.34885606,
6861423,55.35568644,
6861455,55.35113286,
6861486,55.35340965,
6861517,55.35113286,
6861549,55.35113286,
6861580,55.35113286,
6861611,55.35113286,
6861643,55.34885606,
6861674,55.34885606,
6861705,55.34885606,
6861737,55.35113286,
6861769,55.35340965,
6861800,55.35113286,
6861831,55.35340965,
6861863,55.35340965,
6861975,55.35113286,
6862104,55.34657927,
6862136,55.34885606,
6862168,55.35340965,
6862199,55.35113286,
6862230,55.35113286,
6862262,55.35113286,
6862294,55.34885606,
6862325,55.35340965,
6862357,55.35113286,
6862388,55.35113286,
6862419,55.35113286,
6862451,55.35113286,
6862482,55.35113286,
6862513,55.35113286,
6862545,55.34885606,
6862577,55.35113286,
6862608,55.35113286,
6862639,55.35340965,
6862671,55.35113286,
6862812,55.35340965,
6862943,55.35113286,
6862976,55.35113286,
6863007,55.35340965,
6863039,55.35113286,
6863070,55.35113286,
6863102,55.34885606,
6863133,55.34885606,
6863165,55.34885606,
6863196,55.35113286,
6863227,55.35340965,
6863259,55.35113286,
6863290,55.34885606,
6863322,55.34885606,
6863353,55.35113286,
6863385,55.35113286,
6863416,55.35113286,
6863447,55.35113286,
6863479,55.35113286,
6863510,55.35113286,
6863620,55.35113286,
6863751,55.35340965,
6863783,55.35113286,
6863815,55.35113286,
6863846,55.35340965,
6863878,55.35340965,
6863909,55.35340965,
6863940,55.34885606,
6863972,55.34885606,
6864003,55.34885606,
6864035,55.34885606,
6864066,55.35340965,
6864098,55.35113286,
6864129,55.35340965,
6864160,55.34885606,
6864191,55.35113286,
6864223,55.35340965,
6864254,55.34885606,
6864286,55.35113286,
6864317,55.34885606,
6864429,55.35113286,
6864560,55.35113286,
6864592,55.35340965,
6864624,55.35113286,
6864655,55.35113286,
6864686,55.34885606,
6864718,55.35113286,
6864749,55.34885606,
6864781,55.35113286,
6864812,55.35113286,
6864844,55.35113286,
6864875,55.34885606,
6864907,55.34885606,
6864938,55.35113286,
6864969,55.35113286,
6865000,55.35113286,
6865032,55.35340965,
6865063,55.34885606,
6865095,55.35113286,
6865126,55.35113286,
6865250,55.34885606,
6865381,55.35568644,
6865413,55.35113286,
6865444,55.35340965,
6865475,55.35113286,
6865507,55.35340965,
6865538,55.35113286,
6865569,55.35113286,
6865600,55.35113286,
6865632,55.35340965,
6865663,55.35113286,
6865695,55.35340965,
6865726,55.35340965,
6865758,55.35340965,
6865789,55.35340965,
6865821,55.34885606,
6865852,55.35113286,
6865883,55.35340965,
6865915,55.35113286,
6865946,55.35340965,
6866070,55.34885606,
6866201,55.34885606,
6866234,55.35113286,
6866265,55.35113286,
6866296,55.34885606,
6866328,55.34885606,
6866359,55.35568644,
6866391,55.35113286,
6866422,55.35113286,
6866454,55.35113286,
6866485,55.34885606,
6866516,55.35113286,
6866548,55.35113286,
6866579,55.35113286,
6866610,55.35340965,
6866642,55.35113286,
6866674,55.34885606,
6866705,55.34885606,
6866736,55.35340965,
6866768,55.35340965,
6866896,55.35340965,
6867028,55.35340965,
6867060,55.35340965,
6867091,55.35113286,
6867123,55.34885606,
6867154,55.34885606,
6867186,55.35113286,
6867217,55.35113286,
6867248,55.35113286,
6867280,55.35113286,
6867311,55.35340965,
6867342,55.35340965,
6867374,55.35340965,
6867405,55.35113286,
6867436,55.35113286,
6867468,55.34657927,
6867499,55.35113286,
6867530,55.35113286,
6867562,55.35113286,
6867593,55.35113286,
6867711,55.35340965,
6867842,55.35113286,
6867874,55.35113286,
6867906,55.35113286,
6867937,55.34885606,
6867968,55.34885606,
6868000,55.35113286,
6868031,55.35340965,
6868062,55.35340965,
6868094,55.35340965,
6868125,55.35113286,
6868157,55.35340965,
6868188,55.35113286,
6868220,55.35113286,
6868251,55.35113286,
6868283,55.35113286,
6868314,55.34885606,
6868345,55.35113286,
6868376,55.35113286,
6868408,55.34885606,
6868532,55.35340965,
6868663,55.35340965,
6868695,55.35113286,
6868726,55.35340965,
6868758,55.35113286,
6868789,55.35113286,
6868821,55.35340965,
6868852,55.34885606,
6868883,55.35113286,
6868915,55.35113286,
6868947,55.34885606,
6868978,55.35113286,
6869009,55.35568644,
6869041,55.35113286,
6869072,55.35113286,
6869104,55.35113286,
6869135,55.35113286,
6869166,55.35113286,
6869197,55.35113286,
6869229,55.35113286,
6869365,55.35113286,
6869496,55.35113286,
6869528,55.35340965,
6869560,55.35113286,
6869591,55.35113286,
6869623,55.35113286,
6869654,55.35113286,
6869685,55.35113286,
6869717,55.35113286,
6869749,55.35113286,
6869780,55.35113286,
6869811,55.35340965,
6869843,55.35340965,
6869874,55.35113286,
6869905,55.35113286,
6869937,55.35113286,
6869968,55.35113286,
6870000,55.34885606,
6870031,55.35113286,
6870063,55.35113286,
6870266,55.35340965,
6870397,55.35113286,
6870429,55.35340965,
6870461,55.35113286,
6870492,55.34885606,
6870523,55.34885606,
6870555,55.35340965,
6870586,55.34885606,
6870618,55.35113286,
6870649,55.35340965,
6870681,55.34885606,
6870712,55.35340965,
6870744,55.34885606,
6870775,55.34885606,
6870806,55.35113286,
6870838,55.34885606,
6870869,55.35113286,
6870901,55.35113286,
6870932,55.35113286,
6870964,55.35113286,
6871098,55.34885606,
6871230,55.34885606,
6871264,55.34885606,
6871296,55.35568644,
6871327,55.35340965,
6871361,55.35340965,
6871393,55.35340965,
6871424,55.35340965,
6871456,55.35113286,
6871488,55.35113286,
6871519,55.35340965,
6871550,55.35340965,
6871582,55.35113286,
6871614,55.35340965,
6871645,55.35113286,
6871677,55.35340965,
6871708,55.35340965,
6871739,55.35340965,
6871771,55.35340965,
6871802,55.34885606,
6871908,55.34885606,
6872040,55.34885606,
6872072,55.34885606,
6872104,55.35340965,
6872135,55.35113286,
6872166,55.35340965,
6872198,55.35113286,
6872229,55.35113286,
6872260,55.35113286,
6872292,55.35113286,
6872323,55.35113286,
6872355,55.35113286,
6872386,55.35113286,
6872417,55.34885606,
6872448,55.35340965,
6872480,55.35113286,
6872511,55.35113286,
6872543,55.35113286,
6872574,55.35113286,
6872605,55.35340965,
6872727,55.35113286,
6872858,55.34885606,
6872890,55.35113286,
6872922,55.35113286,
6872953,55.35340965,
6872984,55.35113286,
6873016,55.35113286,
6873047,55.35340965,
6873079,55.35340965,
6873110,55.35113286,
6873142,55.35113286,
6873173,55.34885606,
6873204,55.35113286,
6873235,55.35568644,
6873267,55.35113286,
6873298,55.34885606,
6873330,55.35113286,
6873361,55.35113286,
6873392,55.35113286,
6873424,55.35113286,
6873573,55.35340965,
6873704,55.35113286,
6873736,55.35113286,
6873768,55.35113286,
6873799,55.35113286,
6873831,55.35113286,
6873862,55.34885606,
6873894,55.35113286,
6873925,55.35113286,
6873957,55.35113286,
6873988,55.34885606,
6874020,55.35340965,
6874051,55.35340965,
6874082,55.35340965,
6874113,55.35113286,
6874145,55.35568644,
6874177,55.35113286,
6874208,55.35340965,
6874239,55.35340965,
6874271,55.35340965,
6874366,55.35340965,
6874497,55.35113286,
6874529,55.34885606,
6874560,55.35113286,
6874591,55.35113286,
6874622,55.35113286,
6874654,55.35340965,
6874686,55.34885606,
6874717,55.35113286,
6874749,55.35113286,
6874780,55.35340965,
6874811,55.35340965,
6874843,55.35113286,
6874874,55.35113286,
6874906,55.35113286,
6874937,55.35340965,
6874969,55.35113286,
6875000,55.35340965,
6875031,55.35340965,
6875063,55.35340965,
6875188,55.35113286,
6875319,55.35113286,
6875351,55.35340965,
6875382,55.35113286,
6875413,55.35113286,
6875445,55.34885606,
6875476,55.35113286,
6875507,55.34885606,
6875538,55.35340965,
6875570,55.35113286,
6875601,55.35340965,
6875632,55.35113286,
6875664,55.35113286,
6875695,55.35113286,
6875727,55.35340965,
6875758,55.35340965,
6875790,55.35113286,
6875821,55.35113286,
6875852,55.35340965,
6875884,55.35340965,
6876005,55.35340965,
6876136,55.35340965,
6876168,55.35340965,
6876199,55.34885606,
6876231,55.35113286,
6876262,55.35113286,
6876294,55.35113286,
6876325,55.35113286,
6876356,55.35113286,
6876388,55.35340965,
6876419,55.35113286,
6876451,55.34885606,
6876482,55.35113286,
6876514,55.35113286,
6876545,55.35113286,
6876577,55.35113286,
6876608,55.34885606,
6876639,55.35113286,
6876670,55.35340965,
6876702,55.34885606,
6876825,55.35340965,
6876956,55.34885606,
6876988,55.35113286,
6877020,55.35113286,
6877051,55.35113286,
6877082,55.34885606,
6877114,55.35113286,
6877145,55.35568644,
6877177,55.35113286,
6877208,55.35340965,
6877240,55.35340965,
6877271,55.35113286,
6877303,55.35113286,
6877334,55.35113286,
6877365,55.35113286,
6877397,55.35340965,
6877428,55.35113286,
6877460,55.35568644,
6877491,55.35340965,
6877523,55.35340965,
6877637,55.35113286,
6877769,55.35113286,
6877800,55.35113286,
6877832,55.35340965,
6877863,55.35340965,
6877895,55.35113286,
6877926,55.34885606,
6877958,55.35113286,
6877989,55.35340965,
6878021,55.35340965,
6878052,55.34885606,
6878083,55.35340965,
6878115,55.34885606,
6878146,55.35113286,
6878177,55.34885606,
6878209,55.35340965,
6878240,55.35113286,
6878272,55.35113286,
6878303,55.35340965,
6878335,55.35113286,
6878469,55.35340965,
6878600,55.35113286,
6878632,55.35113286,
6878664,55.35113286,
6878695,55.35340965,
6878727,55.35113286,
6878758,55.35113286,
6878790,55.35340965,
6878821,55.35340965,
6878852,55.35340965,
6878884,55.35340965,
6878915,55.35340965,
6878947,55.34885606,
6878978,55.35113286,
6879009,55.35340965,
6879041,55.35113286,
6879072,55.35113286,
6879104,55.34885606,
6879135,55.35340965,
6879167,55.35113286,
6879368,55.35340965,
6879498,55.35113286,
6879530,55.35113286,
6879562,55.34885606,
6879593,55.35113286,
6879624,55.35113286,
6879656,55.35340965,
6879687,55.35113286,
6879719,55.35113286,
6879750,55.34885606,
6879782,55.35340965,
6879813,55.35113286,
6879844,55.35113286,
6879876,55.34885606,
6879907,55.35340965,
6879938,55.35113286,
6879970,55.35113286,
6880002,55.35113286,
6880033,55.35340965,
6880065,55.35113286,
6880208,55.35568644,
6880339,55.35113286,
6880371,55.35113286,
6880403,55.35113286,
6880434,55.35568644,
6880466,55.35113286,
6880497,55.35113286,
6880528,55.35113286,
6880560,55.35340965,
6880591,55.35113286,
6880623,55.35340965,
6880654,55.35113286,
6880686,55.35340965,
6880717,55.35113286,
6880748,55.35113286,
6880780,55.35340965,
6880811,55.35113286,
6880843,55.35113286,
6880874,55.35113286,
6880906,55.34885606,
6881034,55.35113286,
6881165,55.35340965,
6881197,55.35113286,
6881229,55.35113286,
6881260,55.35340965,
6881292,55.35113286,
6881323,55.35113286,
6881355,55.35113286,
6881386,55.35113286,
6881418,55.35340965,
6881449,55.35340965,
6881480,55.35113286,
6881512,55.34885606,
6881543,55.35340965,
6881574,55.35113286,
6881606,55.35113286,
6881637,55.35113286,
6881669,55.35113286,
6881700,55.35113286,
6881732,55.35340965,
6881846,55.35340965,
6881977,55.35113286,
6882009,55.35340965,
6882041,55.35113286,
6882072,55.35340965,
6882104,55.35340965,
6882135,55.35340965,
6882166,55.35340965,
6882197,55.35340965,
6882229,55.35340965,
6882260,55.35113286,
6882292,55.34885606,
6882323,55.34885606,
6882355,55.35340965,
6882386,55.35340965,
6882418,55.35113286,
6882449,55.35113286,
6882480,55.35113286,
6882512,55.35340965,
6882543,55.35113286,
6882661,55.35113286,
6882792,55.35340965,
6882825,55.35113286,
6882857,55.35113286,
6882888,55.35113286,
6882919,55.35113286,
6882951,55.34885606,
6882982,55.35113286,
6883013,55.35340965,
6883045,55.34885606,
6883076,55.35113286,
6883108,55.35340965,
6883139,55.35113286,
6883171,55.34885606,
6883202,55.35113286,
6883234,55.35113286,
6883265,55.35113286,
6883296,55.35113286,
6883327,55.35113286,
6883359,55.35340965,
6883595,55.35340965,
6883726,55.35113286,
6883758,55.35113286,
6883790,55.35340965,
6883821,55.35113286,
6883853,55.35340965,
6883884,55.35340965,
6883916,55.35113286,
6883947,55.35340965,
6883979,55.34885606,
6884010,55.35340965,
6884041,55.34885606,
6884073,55.35113286,
6884104,55.35113286,
6884135,55.34885606,
6884167,55.35113286,
6884198,55.35113286,
6884229,55.35340965,
6884261,55.35340965,
6884292,55.35113286,
6884408,55.35340965,
6884539,55.34885606,
6884572,55.35113286,
6884603,55.35113286,
6884634,55.35113286,
6884666,55.34885606,
6884698,55.35340965,
6884729,55.35340965,
6884760,55.35340965,
6884792,55.34885606,
6884823,55.35113286,
6884854,55.35340965,
6884886,55.35340965,
6884917,55.34885606,
6884949,55.35113286,
6884980,55.35340965,
6885012,55.35113286,
6885043,55.35113286,
6885074,55.35340965,
6885106,55.35113286,
6885220,55.34885606,
6885351,55.35113286,
6885383,55.35340965,
6885415,55.35113286,
6885446,55.35113286,
6885477,55.35113286,
6885509,55.34885606,
6885540,55.35113286,
6885572,55.35113286,
6885603,55.35340965,
6885635,55.34885606,
6885666,55.35568644,
6885698,55.35340965,
6885729,55.35113286,
6885760,55.34885606,
6885792,55.35340965,
6885823,55.35340965,
6885854,55.35113286,
6885886,55.35113286,
6885917,55.35113286,
6886047,55.35340965,
6886178,55.35340965,
6886210,55.35113286,
6886241,55.35113286,
6886273,55.35113286,
6886304,55.35113286,
6886336,55.35113286,
6886367,55.35113286,
6886398,55.35113286,
6886430,55.35113286,
6886461,55.34885606,
6886493,55.35340965,
6886524,55.35340965,
6886556,55.35113286,
6886587,55.35113286,
6886618,55.35113286,
6886650,55.35113286,
6886681,55.35113286,
6886713,55.35340965,
6886744,55.35113286,
6886857,55.35113286,
6886988,55.35340965,
6887020,55.35340965,
6887052,55.35340965,
6887083,55.35113286,
6887114,55.35340965,
6887146,55.35113286,
6887177,55.34885606,
6887208,55.35113286,
6887240,55.35340965,
6887272,55.35113286,
6887303,55.35568644,
6887334,55.35113286,
6887366,55.35113286,
6887397,55.34885606,
6887429,55.35113286,
6887460,55.35113286,
6887491,55.35113286,
6887522,55.35113286,
6887554,55.35113286,
6887796,55.34885606,
6887928,55.34885606,
6887960,55.35340965,
6887991,55.35113286,
6888023,55.35113286,
6888056,55.35340965,
6888087,55.35113286,
6888118,55.35113286,
6888150,55.35113286,
6888181,55.35568644,
6888212,55.35113286,
6888244,55.35113286,
6888275,55.35113286,
6888307,55.35340965,
6888338,55.35113286,
6888370,55.35113286,
6888401,55.35113286,
6888432,55.35340965,
6888464,55.34885606,
6888495,55.35340965,
6888599,55.35340965,
6888730,55.35340965,
6888762,55.35113286,
6888793,55.35340965,
6888824,55.35113286,
6888856,55.35113286,
6888888,55.35340965,
6888919,55.35340965,
6888950,55.35568644,
6888982,55.35113286,
6889013,55.35113286,
6889044,55.35568644,
6889076,55.35113286,
6889107,55.35340965,
6889139,55.35113286,
6889170,55.35340965,
6889202,55.35113286,
6889233,55.35113286,
6889264,55.35340965,
6889296,55.35113286,
6889442,55.35113286,
6889573,55.34885606,
6889605,55.34885606,
6889637,55.34885606,
6889668,55.34885606,
6889700,55.34885606,
6889731,55.35113286,
6889763,55.35340965,
6889794,55.35340965,
6889826,55.35113286,
6889857,55.35340965,
6889889,55.35340965,
6889920,55.35113286,
6889951,55.35340965,
6889983,55.35113286,
6890014,55.35113286,
6890046,55.35113286,
6890077,55.35113286,
6890108,55.35340965,
6890140,55.35113286,
6890238,55.35113286,
6890369,55.35340965,
6890401,55.35113286,
6890432,55.35113286,
6890464,55.35113286,
6890495,55.35113286,
6890527,55.35113286,
6890558,55.35340965,
6890590,55.35113286,
6890621,55.35113286,
6890653,55.35113286,
6890684,55.35340965,
6890715,55.34885606,
6890747,55.35113286,
6890778,55.35113286,
6890810,55.34885606,
6890841,55.34885606,
6890872,55.35113286,
6890904,55.35340965,
6890935,55.35113286,
6891144,55.35340965,
6891275,55.35113286,
6891307,55.35113286,
6891339,55.35113286,
6891371,55.35113286,
6891402,55.35113286,
6891433,55.35113286,
6891465,55.34885606,
6891496,55.35113286,
6891528,55.35113286,
6891559,55.35340965,
6891590,55.35113286,
6891621,55.35340965,
6891653,55.35113286,
6891685,55.35340965,
6891716,55.35113286,
6891747,55.35113286,
6891779,55.35340965,
6891810,55.35113286,
6891842,55.35113286,
6891983,55.35113286,
6892114,55.35113286,
6892147,55.34885606,
6892178,55.35113286,
6892209,55.35113286,
6892240,55.35113286,
6892272,55.35113286,
6892304,55.35113286,
6892335,55.35340965,
6892366,55.34885606,
6892398,55.34885606,
6892429,55.34885606,
6892461,55.35113286,
6892492,55.35340965,
6892523,55.35113286,
6892555,55.34885606,
6892586,55.35340965,
6892618,55.35113286,
6892649,55.35340965,
6892680,55.35113286,
6892812,55.35113286,
6892943,55.35340965,
6892976,55.35113286,
6893007,55.35113286,
6893038,55.35340965,
6893070,55.35113286,
6893102,55.35340965,
6893133,55.35113286,
6893164,55.35340965,
6893196,55.35568644,
6893227,55.35113286,
6893258,55.35568644,
6893291,55.35113286,
6893322,55.34885606,
6893353,55.34657927,
6893385,55.35340965,
6893417,55.35113286,
6893448,55.35113286,
6893480,55.35113286,
6893511,55.34885606,
6893620,55.35340965,
6893751,55.35340965,
6893783,55.35113286,
6893815,55.35113286,
6893846,55.35113286,
6893877,55.35340965,
6893909,55.35113286,
6893941,55.35113286,
6893972,55.35340965,
6894003,55.35113286,
6894035,55.35340965,
6894066,55.35340965,
6894098,55.35340965,
6894129,55.35340965,
6894160,55.35113286,
6894192,55.35340965,
6894223,55.35340965,
6894255,55.35340965,
6894286,55.35340965,
6894317,55.34885606,
6894435,55.34885606,
6894566,55.35113286,
6894598,55.34885606,
6894630,55.35113286,
6894661,55.35113286,
6894692,55.35340965,
6894724,55.35340965,
6894755,55.35340965,
6894787,55.35113286,
6894818,55.35113286,
6894850,55.35113286,
6894881,55.35113286,
6894913,55.35113286,
6894944,55.35340965,
6894975,55.35113286,
6895007,55.35340965,
6895038,55.35113286,
6895070,55.34885606,
6895101,55.35113286,
6895132,55.35340965,
6895255,55.35113286,
6895386,55.35113286,
6895418,55.35113286,
6895450,55.35113286,
6895481,55.35113286,
6895512,55.35113286,
6895544,55.35340965,
6895575,55.34885606,
6895607,55.35113286,
6895638,55.34885606,
6895670,55.34885606,
6895701,55.35340965,
6895732,55.35113286,
6895764,55.35340965,
6895795,55.35113286,
6895827,55.34885606,
6895858,55.35568644,
6895890,55.35340965,
6895921,55.35113286,
6895953,55.35113286,
6896095,55.35340965,
6896225,55.34885606,
6896258,55.35340965,
6896289,55.35113286,
6896321,55.35340965,
6896353,55.35340965,
6896384,55.35113286,
6896415,55.34885606,
6896447,55.34885606,
6896478,55.35113286,
6896509,55.34885606,
6896541,55.35340965,
6896572,55.34885606,
6896604,55.35340965,
6896635,55.35340965,
6896666,55.34885606,
6896698,55.35113286,
6896729,55.35113286,
6896761,55.35340965,
6896792,55.34885606,
6896895,55.35113286,
6897027,55.35113286,
6897060,55.35340965,
6897091,55.34885606,
6897122,55.35113286,
6897153,55.35113286,
6897185,55.35113286,
6897216,55.35113286,
6897248,55.35113286,
6897279,55.35340965,
6897311,55.35113286,
6897342,55.35340965,
6897374,55.35113286,
6897405,55.35113286,
6897436,55.34885606,
6897468,55.35340965,
6897499,55.35340965,
6897530,55.35113286,
6897562,55.35113286,
6897593,55.35113286,
6897816,55.35113286,
6897947,55.35340965,
6897980,55.35340965,
6898011,55.35113286,
6898042,55.35340965,
6898073,55.35340965,
6898105,55.35113286,
6898136,55.35113286,
6898168,55.34885606,
6898199,55.35340965,
6898231,55.35113286,
6898262,55.35340965,
6898294,55.35340965,
6898325,55.35340965,
6898356,55.35113286,
6898388,55.35340965,
6898419,55.35340965,
6898450,55.35113286,
6898482,55.34885606,
6898513,55.35340965,
6898638,55.35113286,
6898769,55.34885606,
6898801,55.34885606,
6898832,55.34885606,
6898864,55.35113286,
6898895,55.35340965,
6898927,55.35568644,
6898958,55.35113286,
6898989,55.35340965,
6899021,55.35568644,
6899053,55.35340965,
6899084,55.34885606,
6899115,55.35113286,
6899147,55.35113286,
6899178,55.35340965,
6899210,55.35340965,
6899241,55.35113286,
6899272,55.35340965,
6899304,55.35340965,
6899335,55.35340965,
6899478,55.35113286,
6899610,55.34885606,
6899642,55.35113286,
6899674,55.35340965,
6899705,55.35113286,
6899737,55.35340965,
6899768,55.35340965,
6899799,55.35340965,
6899831,55.35340965,
6899863,55.35340965,
6899894,55.35340965,
6899925,55.35113286,
6899957,55.35568644,
6899988,55.35340965,
6900019,55.35113286,
6900051,55.35113286,
6900082,55.35340965,
6900113,55.35340965,
6900145,55.34885606,
6900177,55.35113286,
6900286,55.35340965,
6900417,55.35340965,
6900450,55.35113286,
6900481,55.35113286,
6900513,55.35340965,
6900544,55.34885606,
6900576,55.35340965,
6900607,55.35568644,
6900639,55.35113286,
6900670,55.35113286,
6900701,55.35340965,
6900732,55.35113286,
6900764,55.35568644,
6900795,55.35113286,
6900827,55.35113286,
6900859,55.35340965,
6900890,55.35340965,
6900921,55.35340965,
6900953,55.35113286,
6900984,55.35340965,
6901091,55.35113286,
6901222,55.35113286,
6901254,55.35113286,
6901286,55.35340965,
6901317,55.35113286,
6901348,55.35340965,
6901380,55.35340965,
6901411,55.35340965,
6901443,55.35340965,
6901474,55.35568644,
6901506,55.35568644,
6901537,55.35340965,
6901569,55.34885606,
6901600,55.35113286,
6901631,55.35113286,
6901663,55.35340965,
6901694,55.35340965,
6901725,55.35340965,
6901757,55.35113286,
6901788,55.35340965,
6901927,55.35340965,
6902058,55.35113286,
6902091,55.35340965,
6902122,55.35568644,
6902153,55.35113286,
6902185,55.35113286,
6902217,55.34885606,
6902248,55.35340965,
6902280,55.35568644,
6902311,55.35340965,
6902342,55.35113286,
6902373,55.35340965,
6902405,55.35340965,
6902436,55.35340965,
6902468,55.35340965,
6902499,55.35340965,
6902531,55.35340965,
6902562,55.35340965,
6902594,55.35113286,
6902625,55.35113286,
6902835,55.35340965,
6902966,55.34885606,
6902998,55.35113286,
6903029,55.35113286,
6903061,55.35340965,
6903092,55.34885606,
6903124,55.35113286,
6903155,55.34885606,
6903186,55.35113286,
6903218,55.34885606,
6903249,55.35113286,
6903281,55.35113286,
6903312,55.35113286,
6903344,55.35340965,
6903375,55.34885606,
6903407,55.35113286,
6903438,55.35113286,
6903469,55.35113286,
6903500,55.34885606,
6903532,55.35113286,
6903657,55.35113286,
6903788,55.35113286,
6903819,55.35113286,
6903851,55.34885606,
6903882,55.35113286,
6903914,55.35113286,
6903945,55.35340965,
6903977,55.35340965,
6904008,55.35113286,
6904040,55.35113286,
6904071,55.34885606,
6904102,55.34885606,
6904134,55.35113286,
6904165,55.35113286,
6904196,55.35113286,
6904228,55.35113286,
6904260,55.34885606,
6904291,55.34885606,
6904322,55.35113286,
6904354,55.35113286,
6904582,55.34657927,
6904713,55.34885606,
6904746,55.35113286,
6904777,55.34885606,
6904808,55.35113286,
6904840,55.35340965,
6904872,55.35113286,
6904903,55.35113286,
6904934,55.35113286,
6904966,55.34885606,
6904997,55.35113286,
6905028,55.35113286,
6905060,55.35113286,
6905091,55.35340965,
6905123,55.34885606,
6905154,55.35113286,
6905186,55.35113286,
6905217,55.35340965,
6905249,55.35113286,
6905280,55.35113286,
6905389,55.35340965,
6905520,55.35340965,
6905552,55.35340965,
6905583,55.35340965,
6905615,55.34885606,
6905646,55.35340965,
6905678,55.35113286,
6905709,55.35340965,
6905740,55.35340965,
6905772,55.35113286,
6905803,55.35113286,
6905835,55.35113286,
6905866,55.35113286,
6905898,55.35340965,
6905929,55.34885606,
6905960,55.35113286,
6905992,55.34657927,
6906023,55.34885606,
6906054,55.35340965,
6906086,55.34885606,
6906230,55.34885606,
6906362,55.34885606,
6906394,55.35113286,
6906426,55.35340965,
6906457,55.34885606,
6906489,55.35113286,
6906520,55.35340965,
6906552,55.35113286,
6906583,55.35113286,
6906615,55.35113286,
6906646,55.35113286,
6906677,55.35113286,
6906709,55.34885606,
6906740,55.35113286,
6906771,55.35340965,
6906803,55.34885606,
6906834,55.35340965,
6906866,55.35113286,
6906897,55.35113286,
6906929,55.35113286,
6907038,55.34885606,
6907168,55.35340965,
6907200,55.35113286,
6907232,55.34885606,
6907263,55.34885606,
6907295,55.35113286,
6907326,55.35113286,
6907357,55.35340965,
6907389,55.35113286,
6907420,55.35113286,
6907452,55.34885606,
6907483,55.35113286,
6907514,55.35113286,
6907546,55.35113286,
6907577,55.35340965,
6907609,55.34885606,
6907640,55.35113286,
6907671,55.34885606,
6907703,55.35113286,
6907734,55.35113286,
6907856,55.35340965,
6907988,55.35340965,
6908020,55.34885606,
6908051,55.35113286,
6908083,55.34885606,
6908114,55.35113286,
6908146,55.35340965,
6908177,55.35113286,
6908208,55.35113286,
6908240,55.34885606,
6908271,55.34885606,
6908303,55.35113286,
6908334,55.35340965,
6908366,55.34657927,
6908397,55.35340965,
6908428,55.35113286,
6908460,55.35113286,
6908491,55.34885606,
6908523,55.35113286,
6908554,55.35340965,
6908678,55.35113286,
6908808,55.34885606,
6908840,55.35340965,
6908872,55.34885606,
6908903,55.35113286,
6908935,55.34885606,
6908967,55.35113286,
6908998,55.35113286,
6909029,55.34885606,
6909061,55.35340965,
6909092,55.35340965,
6909123,55.35113286,
6909155,55.35113286,
6909186,55.35113286,
6909218,55.35340965,
6909249,55.35340965,
6909281,55.35113286,
6909312,55.35113286,
6909344,55.35340965,
6909375,55.34885606,
6909485,55.35113286,
6909616,55.35113286,
6909649,55.34885606,
6909680,55.35340965,
6909711,55.35340965,
6909743,55.35113286,
6909774,55.34885606,
6909806,55.35340965,
6909837,55.35568644,
6909869,55.35113286,
6909900,55.34885606,
6909931,55.35113286,
6909963,55.34885606,
6909994,55.35340965,
6910026,55.34885606,
6910057,55.34885606,
6910089,55.35113286,
6910120,55.35113286,
6910151,55.35113286,
6910183,55.35340965,
6910389,55.35113286,
6910520,55.35113286,
6910552,55.34885606,
6910584,55.35113286,
6910615,55.35113286,
6910646,55.35568644,
6910678,55.34885606,
6910709,55.35340965,
6910741,55.35113286,
6910772,55.35113286,
6910803,55.35113286,
6910835,55.34885606,
6910866,55.35113286,
6910898,55.34885606,
6910929,55.35340965,
6910960,55.35340965,
6910992,55.35340965,
6911023,55.35113286,
6911055,55.34885606,
6911086,55.35113286,
6911262,55.35340965,
6911394,55.35113286,
6911425,55.35340965,
6911457,55.35340965,
6911488,55.34885606,
6911520,55.35113286,
6911551,55.35340965,
6911582,55.34885606,
6911614,55.35113286,
6911646,55.35340965,
6911677,55.35113286,
6911708,55.35340965,
6911740,55.35340965,
6911771,55.35340965,
6911803,55.35113286,
6911834,55.35113286,
6911866,55.35113286,
6911897,55.35113286,
6911929,55.35113286,
6911960,55.35113286,
6912055,55.35113286,
6912186,55.35340965,
6912218,55.34885606,
6912250,55.35113286,
6912281,55.35340965,
6912313,55.35340965,
6912344,55.35340965,
6912375,55.34885606,
6912407,55.35113286,
6912438,55.35340965,
6912470,55.35113286,
6912501,55.35340965,
6912533,55.35113286,
6912564,55.35113286,
6912595,55.35113286,
6912627,55.35568644,
6912658,55.35340965,
6912689,55.35113286,
6912721,55.35113286,
6912753,55.35568644,
6912868,55.34885606,
6913000,55.35340965,
6913032,55.34885606,
6913064,55.35113286,
6913095,55.35113286,
6913126,55.35113286,
6913158,55.34885606,
6913189,55.35113286,
6913220,55.35113286,
6913252,55.34885606,
6913283,55.34885606,
6913315,55.35340965,
6913346,55.35113286,
6913378,55.35340965,
6913409,55.35340965,
6913441,55.35113286,
6913472,55.35340965,
6913503,55.34885606,
6913534,55.35113286,
6913566,55.35113286,
6913891,55.35340965,
6914023,55.35113286,
6914055,55.35340965,
6914087,55.35113286,
6914118,55.34885606,
6914149,55.35340965,
6914181,55.35340965,
6914212,55.35113286,
6914243,55.35340965,
6914275,55.35340965,
6914306,55.34885606,
6914338,55.35568644,
6914369,55.35340965,
6914401,55.35340965,
6914432,55.35340965,
6914463,55.34885606,
6914495,55.35340965,
6914526,55.35113286,
6914557,55.35113286,
6914589,55.35568644,
6914711,55.35568644,
6914843,55.35340965,
6914875,55.35113286,
6914907,55.35113286,
6914938,55.35113286,
6914969,55.35113286,
6915001,55.35340965,
6915032,55.35113286,
6915063,55.35568644,
6915095,55.35113286,
6915126,55.34885606,
6915158,55.35340965,
6915189,55.35340965,
6915220,55.35340965,
6915252,55.35340965,
6915283,55.34885606,
6915315,55.35340965,
6915346,55.35340965,
6915377,55.35340965,
6915409,55.35568644,
6915551,55.35113286,
6915682,55.35113286,
6915715,55.35340965,
6915746,55.35113286,
6915777,55.35113286,
6915809,55.35340965,
6915841,55.34885606,
6915872,55.35340965,
6915904,55.35340965,
6915935,55.35340965,
6915966,55.35340965,
6915997,55.35340965,
6916029,55.34885606,
6916060,55.35113286,
6916092,55.34885606,
6916123,55.35113286,
6916155,55.35340965,
6916186,55.35340965,
6916218,55.35113286,
6916249,55.35340965,
6916346,55.35340965,
6916478,55.35113286,
6916509,55.35113286,
6916541,55.35113286,
6916572,55.34885606,
6916603,55.35568644,
6916635,55.35113286,
6916666,55.35113286,
6916698,55.35113286,
6916729,55.35113286,
6916761,55.35340965,
6916792,55.35340965,
6916824,55.35340965,
6916855,55.35340965,
6916886,55.35113286,
6916918,55.35113286,
6916949,55.35113286,
6916981,55.35113286,
6917012,55.35113286,
6917044,55.35340965,
6917270,55.35113286,
6917400,55.34885606,
6917433,55.35113286,
6917464,55.34885606,
6917495,55.35113286,
6917526,55.35113286,
6917558,55.35113286,
6917590,55.35113286,
6917621,55.35113286,
6917652,55.34885606,
6917684,55.35340965,
6917715,55.35113286,
6917747,55.35113286,
6917778,55.35340965,
6917809,55.34885606,
6917841,55.35340965,
6917872,55.35113286,
6917904,55.35340965,
6917935,55.35113286,
6917967,55.35340965,
6918103,55.35340965,
6918234,55.35568644,
6918266,55.35113286,
6918298,55.35340965,
6918329,55.35568644,
6918361,55.35340965,
6918393,55.35113286,
6918424,55.35113286,
6918455,55.35568644,
6918487,55.35113286,
6918518,55.35340965,
6918549,55.35340965,
6918581,55.35113286,
6918612,55.35340965,
6918644,55.35568644,
6918675,55.35113286,
6918707,55.35113286,
6918738,55.34657927,
6918770,55.35340965,
6918801,55.35568644,
6918908,55.35113286,
6919039,55.35340965,
6919072,55.34885606,
6919103,55.35113286,
6919135,55.34885606,
6919166,55.35113286,
6919197,55.35340965,
6919229,55.35113286,
6919260,55.34885606,
6919292,55.35113286,
6919323,55.35340965,
6919354,55.35113286,
6919386,55.35113286,
6919417,55.35340965,
6919449,55.35113286,
6919480,55.35340965,
6919512,55.35340965,
6919543,55.35113286,
6919574,55.35340965,
6919606,55.35340965,
6919765,55.35568644,
6919896,55.35113286,
6919928,55.35113286,
6919959,55.35340965,
6919990,55.35340965,
6920022,55.35113286,
6920054,55.35340965,
6920085,55.34885606,
6920116,55.35113286,
6920148,55.35340965,
6920179,55.35113286,
6920211,55.35113286,
6920242,55.35340965,
6920273,55.35340965,
6920305,55.35113286,
6920336,55.35340965,
6920368,55.35113286,
6920399,55.35340965,
6920431,55.35113286,
6920462,55.35113286,
6920553,55.35340965,
6920685,55.35340965,
6920716,55.35113286,
6920748,55.35113286,
6920779,55.35340965,
6920810,55.35340965,
6920842,55.35340965,
6920874,55.35113286,
6920905,55.34885606,
6920937,55.35113286,
6920968,55.35113286,
6920999,55.35340965,
6921031,55.35340965,
6921062,55.35113286,
6921093,55.35568644,
6921125,55.35113286,
6921156,55.35340965,
6921188,55.35340965,
6921219,55.35113286,
6921251,55.34885606,
6921366,55.35113286,
6921498,55.35113286,
6921530,55.35113286,
6921562,55.35340965,
6921593,55.35113286,
6921624,55.35113286,
6921656,55.35340965,
6921687,55.35340965,
6921718,55.35113286,
6921750,55.35113286,
6921781,55.35340965,
6921813,55.35340965,
6921844,55.35340965,
6921876,55.34885606,
6921907,55.35340965,
6921939,55.35113286,
6921970,55.35113286,
6922001,55.35568644,
6922032,55.35113286,
6922064,55.35340965,
6922203,55.35568644,
6922334,55.35113286,
6922366,55.35113286,
6922398,55.35113286,
6922429,55.35340965,
6922461,55.35113286,
6922492,55.35113286,
6922523,55.35340965,
6922555,55.35113286,
6922586,55.35340965,
6922617,55.35113286,
6922649,55.35113286,
6922680,55.35340965,
6922712,55.35340965,
6922743,55.35340965,
6922774,55.35113286,
6922806,55.35113286,
6922837,55.35340965,
6922869,55.35340965,
6922900,55.35113286,
6923035,55.35568644,
6923167,55.35340965,
6923198,55.35340965,
6923230,55.35340965,
6923261,55.35340965,
6923293,55.35340965,
6923324,55.35113286,
6923355,55.35113286,
6923387,55.34885606,
6923418,55.35113286,
6923450,55.35340965,
6923481,55.35340965,
6923513,55.35340965,
6923544,55.35340965,
6923576,55.35340965,
6923607,55.35113286,
6923638,55.35113286,
6923670,55.35113286,
6923701,55.35113286,
6923732,55.35113286,
6923831,55.35340965,
6923962,55.35113286,
6923994,55.35340965,
6924026,55.34885606,
6924057,55.35113286,
6924088,55.35113286,
6924120,55.35340965,
6924152,55.35340965,
6924183,55.35340965,
6924214,55.35340965,
6924246,55.35113286,
6924277,55.35113286,
6924309,55.35113286,
6924340,55.35113286,
6924371,55.35113286,
6924403,55.35340965,
6924434,55.35340965,
6924466,55.35113286,
6924497,55.35340965,
6924528,55.35113286,
6924641,55.35113286,
6924772,55.35340965,
6924803,55.35340965,
6924835,55.35113286,
6924867,55.35568644,
6924898,55.34885606,
6924930,55.35340965,
6924961,55.35113286,
6924992,55.35340965,
6925024,55.35113286,
6925055,55.34885606,
6925087,55.35568644,
6925118,55.35113286,
6925150,55.35113286,
6925181,55.35340965,
6925212,55.35113286,
6925244,55.35340965,
6925275,55.35340965,
6925306,55.34885606,
6925338,55.35340965,
6925461,55.35340965,
6925592,55.35113286,
6925624,55.35113286,
6925656,55.35340965,
6925687,55.34885606,
6925718,55.35340965,
6925750,55.35113286,
6925781,55.35113286,
6925813,55.35340965,
6925844,55.35113286,
6925876,55.35340965,
6925907,55.35340965,
6925939,55.35113286,
6925970,55.35113286,
6926001,55.35568644,
6926032,55.35568644,
6926064,55.35568644,
6926095,55.35340965,
6926127,55.35340965,
6926158,55.35113286,
6926290,55.34885606,
6926422,55.35340965,
6926454,55.35113286,
6926485,55.35340965,
6926517,55.35340965,
6926548,55.35568644,
6926580,55.35340965,
6926611,55.35340965,
6926642,55.35113286,
6926674,55.35568644,
6926705,55.35113286,
6926736,55.35340965,
6926768,55.35113286,
6926799,55.35340965,
6926831,55.35568644,
6926862,55.35340965,
6926894,55.34885606,
6926925,55.34885606,
6926957,55.35113286,
6926988,55.34885606,
6927103,55.35113286,
6927235,55.35340965,
6927267,55.35113286,
6927299,55.35113286,
6927330,55.35340965,
6927361,55.35113286,
6927393,55.35340965,
6927424,55.35113286,
6927455,55.35113286,
6927487,55.35113286,
6927518,55.35340965,
6927550,55.35113286,
6927581,55.35568644,
6927613,55.35113286,
6927644,55.35340965,
6927676,55.35340965,
6927707,55.35113286,
6927738,55.35340965,
6927769,55.35113286,
6927801,55.35113286,
6928022,55.35340965,
6928153,55.35113286,
6928185,55.35340965,
6928217,55.35113286,
6928248,55.35113286,
6928279,55.35113286,
6928311,55.35340965,
6928343,55.35340965,
6928374,55.35340965,
6928405,55.35340965,
6928437,55.35340965,
6928468,55.35568644,
6928500,55.35340965,
6928531,55.35340965,
6928562,55.35113286,
6928594,55.35113286,
6928625,55.35113286,
6928656,55.35113286,
6928688,55.35340965,
6928719,55.35340965,
6928853,55.35340965,
6928985,55.35340965,
6929017,55.35568644,
6929049,55.35340965,
6929080,55.35568644,
6929112,55.35340965,
6929143,55.35113286,
6929174,55.35113286,
6929205,55.35340965,
6929237,55.35340965,
6929268,55.35340965,
6929300,55.35113286,
6929331,55.35568644,
6929363,55.35340965,
6929394,55.35340965,
6929426,55.34885606,
6929457,55.34885606,
6929488,55.35340965,
6929520,55.35340965,
6929551,55.35340965,
6929661,55.35113286,
6929792,55.35568644,
6929823,55.35340965,
6929855,55.34885606,
6929886,55.35113286,
6929918,55.35340965,
6929949,55.35113286,
6929981,55.35340965,
6930012,55.35113286,
6930044,55.35340965,
6930075,55.35340965,
6930106,55.35568644,
6930138,55.35340965,
6930169,55.35340965,
6930200,55.35340965,
6930232,55.35340965,
6930264,55.35113286,
6930295,55.34885606,
6930326,55.35568644,
6930358,55.35340965,
6930496,55.35340965,
6930627,55.35340965,
6930659,55.35113286,
6930690,55.35340965,
6930722,55.35113286,
6930754,55.35340965,
6930785,55.35340965,
6930816,55.35113286,
6930847,55.35113286,
6930879,55.35340965,
6930910,55.35113286,
6930942,55.35113286,
6930973,55.35340965,
6931005,55.35340965,
6931036,55.35113286,
6931068,55.35340965,
6931099,55.35340965,
6931130,55.35340965,
6931162,55.35340965,
6931193,55.35340965,
6931310,55.35113286,
6931441,55.35340965,
6931473,55.35113286,
6931505,55.35568644,
6931536,55.35340965,
6931568,55.35340965,
6931599,55.35340965,
6931630,55.35340965,
6931661,55.35340965,
6931693,55.35340965,
6931725,55.35340965,
6931756,55.35113286,
6931788,55.35113286,
6931819,55.35340965,
6931850,55.35568644,
6931882,55.35113286,
6931913,55.35568644,
6931944,55.35340965,
6931976,55.35340965,
6932007,55.35340965,
6932121,55.35113286,
6932252,55.35340965,
6932284,55.35340965,
6932315,55.35113286,
6932346,55.35340965,
6932378,55.35796324,
6932409,55.35113286,
6932441,55.34885606,
6932472,55.35340965,
6932504,55.35340965,
6932535,55.35113286,
6932566,55.35568644,
6932598,55.35340965,
6932629,55.35340965,
6932661,55.35340965,
6932692,55.35340965,
6932724,55.35340965,
6932755,55.35568644,
6932786,55.35113286,
6932818,55.35113286,
6933050,55.35340965,
6933182,55.35113286,
6933214,55.35340965,
6933245,55.35113286,
6933277,55.35568644,
6933308,55.35340965,
6933340,55.35113286,
6933371,55.35340965,
6933402,55.35340965,
6933434,55.35340965,
6933465,55.35340965,
6933496,55.35113286,
6933528,55.35340965,
6933559,55.35113286,
6933591,55.35340965,
6933622,55.35568644,
6933654,55.35340965,
6933685,55.35340965,
6933717,55.35340965,
6933748,55.35340965,
6933865,55.35340965,
6933996,55.35340965,
6934028,55.35113286,
6934060,55.35568644,
6934091,55.35568644,
6934122,55.35568644,
6934154,55.35340965,
6934185,55.35113286,
6934216,55.35113286,
6934248,55.35340965,
6934280,55.35340965,
6934311,55.35340965,
6934342,55.35340965,
6934374,55.34885606,
6934405,55.35340965,
6934437,55.35113286,
6934468,55.35113286,
6934499,55.35340965,
6934530,55.35340965,
6934562,55.35340965,
6934679,55.35113286,
6934811,55.35340965,
6934843,55.35340965,
6934874,55.35113286,
6934905,55.35340965,
6934936,55.35340965,
6934968,55.35568644,
6935000,55.35340965,
6935031,55.35113286,
6935062,55.35113286,
6935094,55.35340965,
6935125,55.35568644,
6935157,55.35340965,
6935188,55.35340965,
6935219,55.34885606,
6935251,55.35340965,
6935282,55.35340965,
6935314,55.35340965,
6935345,55.35113286,
6935376,55.35113286,
6935497,55.35568644,
6935628,55.35340965,
6935660,55.35340965,
6935692,55.35340965,
6935723,55.35113286,
6935754,55.35340965,
6935786,55.35340965,
6935817,55.35340965,
6935848,55.35340965,
6935880,55.34885606,
6935911,55.35340965,
6935943,55.35340965,
6935974,55.35568644,
6936006,55.35113286,
6936037,55.35340965,
6936069,55.35340965,
6936100,55.35340965,
6936131,55.35113286,
6936162,55.35340965,
6936194,55.35340965,
6936335,55.35113286,
6936466,55.35113286,
6936499,55.35568644,
6936530,55.35340965,
6936562,55.35113286,
6936593,55.35113286,
6936625,55.35113286,
6936656,55.35568644,
6936688,55.35113286,
6936719,55.35340965,
6936750,55.35113286,
6936781,55.34885606,
6936813,55.35113286,
6936845,55.35340965,
6936876,55.35340965,
6936908,55.35340965,
6936939,55.35113286,
6936970,55.35568644,
6937002,55.35340965,
6937033,55.35340965,
6937136,55.35340965,
6937267,55.35113286,
6937299,55.35113286,
6937331,55.35340965,
6937362,55.35568644,
6937393,55.35113286,
6937425,55.35340965,
6937456,55.35340965,
6937488,55.35340965,
6937519,55.35113286,
6937551,55.35340965,
6937582,55.35568644,
6937613,55.35568644,
6937645,55.35340965,
6937676,55.35340965,
6937708,55.35340965,
6937739,55.35113286,
6937770,55.35340965,
6937802,55.35340965,
6937833,55.35340965,
6937957,55.34885606,
6938089,55.35340965,
6938121,55.35568644,
6938153,55.35113286,
6938184,55.35113286,
6938215,55.35113286,
6938247,55.35340965,
6938278,55.35113286,
6938310,55.35568644,
6938341,55.35340965,
6938373,55.35568644,
6938404,55.35340965,
6938436,55.35340965,
6938467,55.35340965,
6938498,55.35113286,
6938530,55.35113286,
6938561,55.35340965,
6938593,55.35568644,
6938624,55.35113286,
6938656,55.35340965,
6938781,55.35340965,
6938912,55.35568644,
6938945,55.35113286,
6938976,55.35340965,
6939007,55.35340965,
6939038,55.35340965,
6939070,55.35113286,
6939101,55.34885606,
6939133,55.35113286,
6939164,55.35796324,
6939196,55.35340965,
6939227,55.35340965,
6939259,55.35113286,
6939290,55.35568644,
6939321,55.35340965,
6939353,55.35113286,
6939384,55.35340965,
6939415,55.35340965,
6939447,55.35340965,
6939478,55.35568644,
6939596,55.35113286,
6939727,55.35340965,
6939759,55.35568644,
6939791,55.35340965,
6939822,55.35113286,
6939853,55.35113286,
6939885,55.35340965,
6939916,55.35113286,
6939948,55.35340965,
6939979,55.35113286,
6940011,55.35113286,
6940042,55.35340965,
6940074,55.35113286,
6940105,55.35340965,
6940136,55.35113286,
6940167,55.35340965,
6940199,55.34885606,
6940230,55.34885606,
6940262,55.35340965,
6940293,55.35113286,
6940425,55.35340965,
6940556,55.35340965,
6940588,55.35113286,
6940620,55.35796324,
6940651,55.35113286,
6940683,55.35113286,
6940714,55.35340965,
6940745,55.35113286,
6940776,55.35340965,
6940808,55.35340965,
6940840,55.35113286,
6940871,55.35113286,
6940903,55.35113286,
6940934,55.35340965,
6940965,55.35340965,
6940997,55.35340965,
6941028,55.35340965,
6941059,55.35113286,
6941091,55.35340965,
6941123,55.35568644,
6941231,55.35340965,
6941362,55.35340965,
6941394,55.35340965,
6941426,55.35340965,
6941457,55.35340965,
6941488,55.35340965,
6941520,55.35340965,
6941551,55.35113286,
6941582,55.35340965,
6941614,55.35340965,
6941645,55.35340965,
6941677,55.35340965,
6941708,55.35340965,
6941740,55.35568644,
6941771,55.35340965,
6941802,55.35340965,
6941834,55.35340965,
6941865,55.35340965,
6941896,55.35340965,
6941928,55.35113286,
6942073,55.35340965,
6942204,55.35568644,
6942237,55.35340965,
6942268,55.35113286,
6942300,55.35340965,
6942331,55.35340965,
6942363,55.35113286,
6942394,55.35568644,
6942426,55.35113286,
6942457,55.35113286,
6942488,55.34885606,
6942520,55.35113286,
6942551,55.35340965,
6942583,55.35113286,
6942614,55.35113286,
6942646,55.35568644,
6942677,55.35340965,
6942708,55.35340965,
6942740,55.35340965,
6942771,55.35113286,
6944916,55.35568644,
6945047,55.35340965,
6945079,55.35113286,
6945111,55.35340965,
6945142,55.35340965,
6945173,55.35113286,
6945205,55.35340965,
6945236,55.35568644,
6945268,55.35340965,
6945299,55.35340965,
6945331,55.35340965,
6945362,55.35340965,
6945394,55.35340965,
6945425,55.35340965,
6945457,55.35113286,
6945488,55.35568644,
6945519,55.35340965,
6945551,55.35568644,
6945582,55.35568644,
6945614,55.35340965,
6945744,55.35568644,
6945875,55.35340965,
6945908,55.35340965,
6945939,55.35340965,
6945970,55.35113286,
6946001,55.35568644,
6946033,55.35568644,
6946064,55.35340965,
6946096,55.35340965,
6946127,55.35340965,
6946159,55.35340965,
6946190,55.35340965,
6946222,55.35340965,
6946253,55.35340965,
6946284,55.35340965,
6946316,55.35113286,
6946347,55.35340965,
6946378,55.35340965,
6946410,55.35340965,
6946441,55.35340965,
6946556,55.35340965,
6946687,55.35113286,
6946719,55.35340965,
6946751,55.35340965,
6946782,55.35113286,
6946813,55.35340965,
6946845,55.35340965,
6946877,55.35113286,
6946908,55.35568644,
6946939,55.34885606,
6946971,55.34885606,
6947002,55.35340965,
6947034,55.35340965,
6947065,55.35568644,
6947096,55.35568644,
6947128,55.35340965,
6947159,55.35113286,
6947191,55.35340965,
6947222,55.34885606,
6947254,55.35568644,
6947378,55.35113286,
6947509,55.35340965,
6947541,55.35340965,
6947573,55.35340965,
6947604,55.35340965,
6947635,55.35796324,
6947667,55.35568644,
6947698,55.35113286,
6947729,55.35340965,
6947761,55.35340965,
6947792,55.35113286,
6947824,55.35568644,
6947855,55.35340965,
6947887,55.35340965,
6947918,55.35340965,
6947950,55.35568644,
6947981,55.35568644,
6948012,55.35340965,
6948043,55.35340965,
6948075,55.35340965,
6948222,55.35340965,
6948353,55.35568644,
6948385,55.35113286,
6948416,55.35340965,
6948448,55.35340965,
6948480,55.35340965,
6948511,55.35340965,
6948542,55.35568644,
6948574,55.35113286,
6948605,55.35340965,
6948636,55.35568644,
6948668,55.35113286,
6948699,55.35340965,
6948731,55.35568644,
6948762,55.35340965,
6948794,55.35340965,
6948825,55.35340965,
6948856,55.35113286,
6948888,55.35113286,
6948919,55.35340965,
6949029,55.35113286,
6949161,55.35340965,
6949193,55.35340965,
6949224,55.35340965,
6949256,55.35340965,
6949288,55.35113286,
6949319,55.35568644,
6949350,55.35568644,
6949382,55.35340965,
6949413,55.35113286,
6949444,55.35113286,
6949476,55.35568644,
6949507,55.35340965,
6949539,55.35113286,
6949570,55.35340965,
6949602,55.35340965,
6949633,55.35113286,
6949664,55.35340965,
6949696,55.35113286,
6949727,55.35340965,
6949840,55.35340965,
6949971,55.34885606,
6950003,55.35340965,
6950034,55.35340965,
6950066,55.35113286,
6950097,55.35340965,
6950128,55.35568644,
6950160,55.34885606,
6950191,55.35113286,
6950223,55.35340965,
6950254,55.35113286,
6950285,55.35113286,
6950317,55.35340965,
6950348,55.35568644,
6950380,55.35113286,
6950411,55.35340965,
6950443,55.35796324,
6950474,55.35113286,
6950505,55.35113286,
6950537,55.35340965,
6950675,55.35340965,
6950806,55.35568644,
6950839,55.35340965,
6950871,55.35340965,
6950902,55.35113286,
6950934,55.35113286,
6950965,55.35340965,
6950996,55.35340965,
6951028,55.35340965,
6951059,55.35568644,
6951090,55.35340965,
6951122,55.35340965,
6951153,55.35568644,
6951185,55.35568644,
6951216,55.35568644,
6951248,55.35340965,
6951279,55.35113286,
6951310,55.35568644,
6951342,55.35340965,
6951373,55.35340965,
6951490,55.35340965,
6951620,55.35340965,
6951652,55.35340965,
6951684,55.35568644,
6951715,55.35113286,
6951747,55.35568644,
6951778,55.35340965,
6951810,55.35340965,
6951841,55.35340965,
6951873,55.35340965,
6951904,55.35340965,
6951935,55.35340965,
6951967,55.35340965,
6951998,55.35568644,
6952029,55.35340965,
6952061,55.35340965,
6952092,55.35340965,
6952124,55.35113286,
6952155,55.34885606,
6952187,55.35340965,
6952295,55.35340965,
6952426,55.35340965,
6952458,55.35340965,
6952490,55.35113286,
6952521,55.35340965,
6952552,55.35568644,
6952584,55.35340965,
6952615,55.35340965,
6952647,55.35568644,
6952678,55.35113286,
6952710,55.35113286,
6952741,55.34885606,
6952773,55.35340965,
6952804,55.35568644,
6952835,55.35340965,
6952867,55.35340965,
6952898,55.35113286,
6952930,55.35340965,
6952961,55.35340965,
6952993,55.35340965,
6953119,55.35340965,
6953251,55.35340965,
6953283,55.35340965,
6953314,55.35340965,
6953346,55.35340965,
6953377,55.35340965,
6953409,55.35568644,
6953440,55.35340965,
6953471,55.35340965,
6953503,55.35340965,
6953534,55.35113286,
6953565,55.35340965,
6953597,55.35568644,
6953628,55.35340965,
6953660,55.35113286,
6953691,55.35340965,
6953723,55.35340965,
6953754,55.35340965,
6953786,55.35568644,
6953817,55.35113286,
6953939,55.35340965,
6954070,55.35568644,
6954102,55.35113286,
6954134,55.35113286,
6954165,55.35113286,
6954197,55.35568644,
6954228,55.35340965,
6954260,55.35340965,
6954291,55.35340965,
6954322,55.35113286,
6954354,55.35340965,
6954385,55.35340965,
6954417,55.35113286,
6954448,55.35340965,
6954479,55.35113286,
6954511,55.35340965,
6954542,55.35568644,
6954574,55.35340965,
6954605,55.35568644,
6954636,55.35568644,
6954762,55.35568644,
6954893,55.35340965,
6954925,55.35340965,
6954957,55.35340965,
6954988,55.35796324,
6955020,55.35340965,
6955051,55.35340965,
6955082,55.35340965,
6955113,55.35340965,
6955145,55.35113286,
6955176,55.35340965,
6955208,55.35340965,
6955239,55.35340965,
6955271,55.35568644,
6955302,55.35113286,
6955334,55.35340965,
6955365,55.35113286,
6955396,55.35340965,
6955428,55.35568644,
6955459,55.35340965,
6955570,55.35340965,
6955701,55.35340965,
6955733,55.35568644,
6955764,55.35340965,
6955795,55.35568644,
6955827,55.35340965,
6955859,55.35340965,
6955890,55.35113286,
6955921,55.35340965,
6955953,55.35340965,
6955984,55.35568644,
6956015,55.35340965,
6956047,55.35340965,
6956078,55.35340965,
6956110,55.35113286,
6956141,55.35340965,
6956173,55.35340965,
6956204,55.35113286,
6956235,55.35113286,
6956267,55.35340965,
6956406,55.35340965,
6956538,55.35113286,
6956570,55.35568644,
6956601,55.35340965,
6956633,55.35340965,
6956664,55.35340965,
6956696,55.35340965,
6956727,55.35568644,
6956759,55.35340965,
6956790,55.35340965,
6956821,55.35340965,
6956853,55.35340965,
6956884,55.35340965,
6956916,55.35340965,
6956947,55.35568644,
6956979,55.35340965,
6957010,55.35340965,
6957041,55.35568644,
6957073,55.35340965,
6957104,55.35568644,
6957215,55.35113286,
6957346,55.35340965,
6957378,55.35113286,
6957409,55.35340965,
6957441,55.35568644,
6957472,55.35340965,
6957504,55.35568644,
6957535,55.35340965,
6957566,55.35340965,
6957598,55.35340965,
6957629,55.35340965,
6957661,55.35113286,
6957692,55.35113286,
6957723,55.35568644,
6957755,55.35340965,
6957786,55.35340965,
6957818,55.35568644,
6957849,55.35340965,
6957881,55.35568644,
6957912,55.35568644,
6958026,55.35568644,
6958157,55.35113286,
6958189,55.35340965,
6958220,55.35340965,
6958252,55.35340965,
6958283,55.35340965,
6958315,55.35113286,
6958346,55.35340965,
6958377,55.35568644,
6958409,55.35340965,
6958440,55.35340965,
6958472,55.35568644,
6958503,55.35568644,
6958535,55.35340965,
6958566,55.35113286,
6958597,55.35340965,
6958629,55.35568644,
6958660,55.35340965,
6958691,55.35568644,
6958723,55.35113286,
6958853,55.35340965,
6958984,55.35113286,
6959017,55.35568644,
6959048,55.35340965,
6959079,55.35340965,
6959111,55.35340965,
6959142,55.35568644,
6959174,55.35340965,
6959205,55.35340965,
6959236,55.35340965,
6959268,55.35113286,
6959299,55.35340965,
6959331,55.35113286,
6959362,55.35340965,
6959393,55.35340965,
6959425,55.35340965,
6959456,55.35340965,
6959488,55.35340965,
6959519,55.35340965,
6959551,55.35340965,
6959673,55.35113286,
6959804,55.35568644,
6959836,55.35340965,
6959868,55.35340965,
6959899,55.35340965,
6959931,55.35568644,
6959962,55.35340965,
6959993,55.35340965,
6960025,55.35568644,
6960056,55.35568644,
6960087,55.35340965,
6960118,55.35568644,
6960150,55.35340965,
6960181,55.34885606,
6960213,55.35340965,
6960244,55.35568644,
6960276,55.35340965,
6960307,55.34885606,
6960338,55.35568644,
6960370,55.35340965,
6960492,55.35568644,
6960623,55.35340965,
6960656,55.35340965,
6960687,55.35113286,
6960718,55.35340965,
6960750,55.35113286,
6960781,55.35340965,
6960813,55.35340965,
6960844,55.35568644,
6960876,55.35340965,
6960907,55.35340965,
6960938,55.35340965,
6960970,55.35340965,
6961001,55.35340965,
6961033,55.35340965,
6961064,55.35340965,
6961096,55.35113286,
6961127,55.35340965,
6961159,55.35113286,
6961190,55.35568644,
6961305,55.35340965,
6961436,55.35113286,
6961469,55.35340965,
6961500,55.35568644,
6961531,55.35340965,
6961563,55.35340965,
6961594,55.35340965,
6961626,55.35340965,
6961657,55.35113286,
6961689,55.35568644,
6961720,55.35568644,
6961751,55.35568644,
6961783,55.35340965,
6961814,55.35340965,
6961846,55.35340965,
6961877,55.35340965,
6961909,55.35568644,
6961940,55.35568644,
6961971,55.35568644,
6962003,55.34885606,
6962121,55.35340965,
6962252,55.35568644,
6962285,55.35340965,
6962316,55.35113286,
6962348,55.35568644,
6962379,55.35568644,
6962411,55.35113286,
6962442,55.35340965,
6962473,55.35113286,
6962505,55.35340965,
6962536,55.35568644,
6962567,55.35568644,
6962599,55.35340965,
6962630,55.35113286,
6962662,55.35113286,
6962693,55.35340965,
6962725,55.35340965,
6962756,55.35340965,
6962787,55.35340965,
6962819,55.35340965,
6962943,55.35340965,
6963074,55.35113286,
6963107,55.35340965,
6963138,55.35113286,
6963169,55.35340965,
6963201,55.35113286,
6963232,55.35568644,
6963264,55.35340965,
6963295,55.35113286,
6963327,55.35340965,
6963358,55.35568644,
6963389,55.35568644,
6963421,55.35340965,
6963452,55.35340965,
6963484,55.35113286,
6963515,55.35340965,
6963547,55.35113286,
6963578,55.35340965,
6963609,55.35568644,
6963641,55.35340965,
6963861,55.35340965,
6963992,55.35340965,
6964023,55.34885606,
6964055,55.35340965,
6964086,55.35340965,
6964117,55.35113286,
6964149,55.35340965,
6964180,55.35340965,
6964211,55.35340965,
6964243,55.35340965,
6964275,55.35340965,
6964306,55.35568644,
6964337,55.35340965,
6964369,55.35340965,
6964400,55.35340965,
6964431,55.35340965,
6964463,55.35340965,
6964494,55.35340965,
6964525,55.34885606,
6964557,55.35113286,
6964692,55.35568644,
6964824,55.35340965,
6964856,55.35340965,
6964888,55.35113286,
6964919,55.35340965,
6964951,55.35340965,
6964982,55.35340965,
6965013,55.35340965,
6965045,55.35340965,
6965076,55.35568644,
6965108,55.35340965,
6965139,55.35568644,
6965171,55.35340965,
6965202,55.35340965,
6965233,55.35113286,
6965265,55.35340965,
6965296,55.35340965,
6965327,55.35568644,
6965359,55.35340965,
6965391,55.35113286,
6965699,55.35340965,
6965831,55.35113286,
6965863,55.35340965,
6965895,55.35340965,
6965926,55.35113286,
6965957,55.35113286,
6965989,55.35340965,
6966020,55.35340965,
6966051,55.35568644,
6966083,55.35568644,
6966114,55.35568644,
6966146,55.35340965,
6966177,55.35340965,
6966209,55.35568644,
6966240,55.35568644,
6966271,55.35113286,
6966303,55.35340965,
6966334,55.35340965,
6966365,55.35113286,
6966397,55.35340965,
6966529,55.35340965,
6966661,55.35340965,
6966693,55.35340965,
6966724,55.35113286,
6966756,55.35340965,
6966787,55.35340965,
6966819,55.35568644,
6966850,55.35340965,
6966882,55.35340965,
6966913,55.35113286,
6966945,55.35340965,
6966976,55.35568644,
6967008,55.35113286,
6967039,55.35113286,
6967070,55.35340965,
6967102,55.35568644,
6967133,55.35568644,
6967164,55.35340965,
6967196,55.35113286,
6967227,55.35113286,
6967456,55.35113286,
6967588,55.35340965,
6967620,55.35113286,
6967651,55.35113286,
6967683,55.35113286,
6967714,55.35568644,
6967746,55.34885606,
6967777,55.35340965,
6967808,55.35340965,
6967840,55.35340965,
6967871,55.35340965,
6967903,55.35340965,
6967934,55.35340965,
6967966,55.35340965,
6967997,55.35568644,
6968029,55.35340965,
6968060,55.35340965,
6968091,55.35568644,
6968123,55.35113286,
6968154,55.35340965,
6968274,55.35568644,
6968405,55.35340965,
6968438,55.35113286,
6968469,55.35340965,
6968500,55.35113286,
6968532,55.35568644,
6968563,55.35340965,
6968595,55.35340965,
6968626,55.35113286,
6968658,55.35340965,
6968689,55.35568644,
6968720,55.35340965,
6968752,55.35340965,
6968783,55.34885606,
6968814,55.35340965,
6968846,55.35340965,
6968878,55.35340965,
6968909,55.35113286,
6968940,55.35340965,
6968972,55.35340965,
6969097,55.35340965,
6969228,55.35340965,
6969260,55.35340965,
6969292,55.35340965,
6969323,55.35113286,
6969355,55.35340965,
6969386,55.35568644,
6969417,55.35113286,
6969449,55.35340965,
6969480,55.35340965,
6969512,55.35340965,
6969543,55.35113286,
6969575,55.35113286,
6969606,55.35113286,
6969637,55.35113286,
6969669,55.35340965,
6969700,55.35340965,
6969731,55.35568644,
6969763,55.35113286,
6969794,55.35568644,
6969909,55.35113286,
6970040,55.35568644,
6970072,55.35340965,
6970103,55.35113286,
6970134,55.35340965,
6970166,55.35340965,
6970197,55.35568644,
6970229,55.35340965,
6970260,55.35568644,
6970292,55.35796324,
6970323,55.35113286,
6970354,55.35568644,
6970386,55.35568644,
6970417,55.35340965,
6970449,55.35340965,
6970480,55.35113286,
6970512,55.35340965,
6970543,55.35113286,
6970574,55.35568644,
6970606,55.35340965,
6970728,55.35568644,
6970860,55.35568644,
6970893,55.35113286,
6970924,55.35340965,
6970955,55.35340965,
6970986,55.35113286,
6971018,55.35568644,
6971050,55.35113286,
6971081,55.35340965,
6971112,55.35340965,
6971144,55.35340965,
6971175,55.35796324,
6971207,55.35568644,
6971238,55.35568644,
6971269,55.35113286,
6971301,55.35340965,
6971332,55.35113286,
6971364,55.35340965,
6971395,55.35340965,
6971426,55.35568644,
6971641,55.35340965,
6971772,55.35340965,
6971804,55.35568644,
6971836,55.35340965,
6971867,55.35113286,
6971898,55.35340965,
6971930,55.35340965,
6971961,55.35340965,
6971993,55.35796324,
6972024,55.35568644,
6972056,55.35568644,
6972087,55.35340965,
6972119,55.35113286,
6972150,55.35568644,
6972181,55.35568644,
6972212,55.35113286,
6972244,55.35340965,
6972275,55.35340965,
6972307,55.35113286,
6972338,55.35568644,
6972466,55.35340965,
6972597,55.35113286,
6972629,55.35340965,
6972661,55.35568644,
6972692,55.35568644,
6972723,55.35340965,
6972755,55.35340965,
6972786,55.35340965,
6972817,55.35568644,
6972849,55.35340965,
6972881,55.35568644,
6972912,55.35568644,
6972944,55.35568644,
6972975,55.35340965,
6973006,55.35340965,
6973038,55.35568644,
6973069,55.35340965,
6973100,55.35340965,
6973131,55.35113286,
6973163,55.35340965,
6973288,55.35113286,
6973419,55.35340965,
6973451,55.35340965,
6973483,55.35340965,
6973514,55.35113286,
6973545,55.35340965,
6973577,55.35340965,
6973608,55.35340965,
6973640,55.35340965,
6973671,55.35340965,
6973703,55.34885606,
6973734,55.35568644,
6973766,55.35568644,
6973797,55.35113286,
6973828,55.35568644,
6973860,55.35340965,
6973891,55.35340965,
6973922,55.35340965,
6973954,55.35113286,
6973985,55.35113286,
6974206,55.35113286,
6974337,55.35340965,
6974369,55.35340965,
6974401,55.35340965,
6974432,55.35113286,
6974463,55.35113286,
6974495,55.35340965,
6974526,55.35340965,
6974558,55.35340965,
6974589,55.35113286,
6974621,55.35340965,
6974652,55.35340965,
6974684,55.35113286,
6974715,55.35340965,
6974746,55.35340965,
6974778,55.35340965,
6974809,55.35340965,
6974841,55.35113286,
6974872,55.35113286,
6974904,55.35113286,
6975032,55.35113286,
6975163,55.35113286,
6975196,55.35113286,
6975227,55.35113286,
6975258,55.35113286,
6975290,55.35113286,
6975321,55.35340965,
6975353,55.35340965,
6975384,55.35340965,
6975416,55.35568644,
6975447,55.35340965,
6975478,55.35340965,
6975510,55.35340965,
6975542,55.35340965,
6975573,55.35568644,
6975604,55.35113286,
6975636,55.35340965,
6975667,55.34885606,
6975698,55.35340965,
6975730,55.35113286,
6975870,55.35113286,
6976001,55.35568644,
6976034,55.35113286,
6976065,55.35113286,
6976096,55.35113286,
6976128,55.35340965,
6976160,55.35340965,
6976191,55.35340965,
6976223,55.35340965,
6976254,55.35340965,
6976285,55.35340965,
6976317,55.35568644,
6976348,55.35113286,
6976379,55.35340965,
6976411,55.35113286,
6976443,55.34885606,
6976474,55.35340965,
6976505,55.35340965,
6976537,55.35340965,
6976568,55.35113286,
6976664,55.35340965,
6976795,55.35568644,
6976826,55.35340965,
6976858,55.35113286,
6976889,55.35340965,
6976921,55.35340965,
6976952,55.35340965,
6976984,55.35340965,
6977015,55.35340965,
6977047,55.34885606,
6977078,55.35113286,
6977109,55.35113286,
6977141,55.35113286,
6977172,55.35113286,
6977203,55.35340965,
6977235,55.35340965,
6977267,55.35568644,
6977298,55.35113286,
6977329,55.35340965,
6977361,55.35340965,
6977489,55.35340965,
6977620,55.35113286,
6977652,55.35340965,
6977684,55.35113286,
6977715,55.35113286,
6977746,55.35113286,
6977778,55.35340965,
6977809,55.35340965,
6977841,55.35340965,
6977872,55.35113286,
6977904,55.35340965,
6977935,55.35340965,
6977967,55.35113286,
6977998,55.35113286,
6978029,55.35113286,
6978061,55.35340965,
6978092,55.35340965,
6978124,55.35113286,
6978155,55.35340965,
6978187,55.35113286,
6978309,55.35340965,
6978440,55.35340965,
6978472,55.35340965,
6978503,55.35340965,
6978535,55.35340965,
6978567,55.35568644,
6978598,55.35113286,
6978629,55.35340965,
6978661,55.35568644,
6978692,55.35113286,
6978724,55.35340965,
6978755,55.35340965,
6978787,55.35340965,
6978818,55.35113286,
6978849,55.35340965,
6978881,55.35340965,
6978912,55.35340965,
6978944,55.35113286,
6978975,55.35113286,
6979006,55.35340965,
6979122,55.35340965,
6979254,55.35113286,
6979286,55.35340965,
6979318,55.35340965,
6979349,55.35113286,
6979380,55.35568644,
6979412,55.35340965,
6979443,55.35340965,
6979474,55.35113286,
6979506,55.35340965,
6979538,55.35113286,
6979569,55.35340965,
6979600,55.35340965,
6979632,55.35340965,
6979663,55.35340965,
6979695,55.35340965,
6979726,55.35340965,
6979757,55.35340965,
6979788,55.35340965,
6979820,55.35340965,
6979940,55.35340965,
6980071,55.35113286,
6980103,55.35340965,
6980135,55.35340965,
6980166,55.35340965,
6980197,55.34885606,
6980229,55.35568644,
6980260,55.35113286,
6980291,55.35340965,
6980323,55.35340965,
6980354,55.35340965,
6980386,55.35568644,
6980417,55.35568644,
6980449,55.35113286,
6980480,55.35340965,
6980511,55.35340965,
6980543,55.35340965,
6980574,55.34885606,
6980605,55.35340965,
6980637,55.35113286,
6980768,55.35340965,
6980899,55.35340965,
6980932,55.35568644,
6980963,55.35340965,
6980994,55.35113286,
6981026,55.35568644,
6981058,55.35340965,
6981089,55.35113286,
6981120,55.35340965,
6981152,55.35340965,
6981183,55.35340965,
6981214,55.35340965,
6981246,55.35568644,
6981277,55.35568644,
6981309,55.35796324,
6981340,55.35340965,
6981372,55.35113286,
6981403,55.35568644,
6981435,55.35340965,
6981466,55.35340965,
6981594,55.35340965,
6981724,55.35340965,
6981756,55.35340965,
6981788,55.35113286,
6981819,55.35568644,
6981851,55.35568644,
6981882,55.35113286,
6981914,55.35340965,
6981945,55.35568644,
6981976,55.35568644,
6982008,55.35340965,
6982039,55.34885606,
6982071,55.35340965,
6982102,55.35568644,
6982133,55.35340965,
6982165,55.35340965,
6982196,55.35113286,
6982227,55.35113286,
6982259,55.35340965,
6982290,55.35340965,
6982401,55.35340965,
6982532,55.35113286,
6982565,55.35568644,
6982596,55.35340965,
6982627,55.35340965,
6982659,55.35340965,
6982690,55.35568644,
6982722,55.35113286,
6982753,55.35568644,
6982785,55.35340965,
6982816,55.35113286,
6982847,55.35340965,
6982879,55.35568644,
6982910,55.35568644,
6982942,55.35568644,
6982973,55.34885606,
6983005,55.35113286,
6983036,55.35568644,
6983067,55.35340965,
6983099,55.35340965,
6983220,55.35568644,
6983351,55.35568644,
6983383,55.35340965,
6983415,55.35568644,
6983446,55.35113286,
6983477,55.35113286,
6983509,55.35340965,
6983540,55.35340965,
6983572,55.35340965,
6983603,55.35340965,
6983635,55.35113286,
6983666,55.35568644,
6983698,55.35340965,
6983729,55.35340965,
6983760,55.35568644,
6983792,55.35340965,
6983823,55.35568644,
6983854,55.35340965,
6983886,55.35568644,
6983917,55.35113286,
6984043,55.35113286,
6984174,55.35340965,
6984206,55.35340965,
6984238,55.35340965,
6984269,55.35568644,
6984301,55.35340965,
6984332,55.35340965,
6984364,55.35568644,
6984395,55.35340965,
6984427,55.35568644,
6984458,55.35113286,
6984489,55.35340965,
6984521,55.35340965,
6984552,55.35340965,
6984583,55.35340965,
6984615,55.35340965,
6984647,55.35340965,
6984678,55.35340965,
6984709,55.35568644,
6984741,55.35568644,
6984857,55.35340965,
6984988,55.35340965,
6985020,55.35568644,
6985051,55.35340965,
6985082,55.35340965,
6985113,55.35340965,
6985145,55.35340965,
6985176,55.35340965,
6985208,55.35340965,
6985239,55.35340965,
6985271,55.35340965,
6985302,55.35340965,
6985334,55.35568644,
6985365,55.35340965,
6985396,55.35340965,
6985427,55.35568644,
6985459,55.35568644,
6985490,55.35340965,
6985522,55.35340965,
6985553,55.35340965,
6985781,55.35340965,
6985912,55.35568644,
6985945,55.35340965,
6985976,55.35796324,
6986007,55.35340965,
6986039,55.35568644,
6986070,55.35340965,
6986102,55.35568644,
6986133,55.35568644,
6986165,55.35568644,
6986196,55.35568644,
6986227,55.35340965,
6986259,55.35340965,
6986290,55.35340965,
6986321,55.35568644,
6986353,55.35340965,
6986384,55.35340965,
6986416,55.35113286,
6986447,55.35113286,
6986479,55.35568644,
6986700,55.35340965,
6986831,55.35340965,
6986863,55.35340965,
6986894,55.35340965,
6986926,55.35113286,
6986957,55.35340965,
6986989,55.35568644,
6987020,55.35113286,
6987051,55.35340965,
6987083,55.35568644,
6987114,55.35340965,
6987145,55.35340965,
6987177,55.35340965,
6987208,55.35113286,
6987240,55.35340965,
6987271,55.35568644,
6987303,55.35340965,
6987334,55.35113286,
6987365,55.35568644,
6987397,55.35340965,
6987522,55.35568644,
6987653,55.35113286,
6987685,55.35340965,
6987717,55.35340965,
6987748,55.35568644,
6987779,55.35113286,
6987811,55.35568644,
6987843,55.35340965,
6987874,55.35340965,
6987906,55.35113286,
6987937,55.35340965,
6987968,55.35113286,
6988000,55.35568644,
6988031,55.35340965,
6988063,55.35340965,
6988094,55.35568644,
6988126,55.35568644,
6988157,55.35340965,
6988188,55.35340965,
6988220,55.35113286,
6988342,55.35340965,
6988473,55.35340965,
6988505,55.35340965,
6988537,55.35340965,
6988568,55.35113286,
6988599,55.35340965,
6988631,55.35340965,
6988662,55.35113286,
6988694,55.35340965,
6988725,55.35340965,
6988757,55.35568644,
6988788,55.35568644,
6988820,55.35340965,
6988851,55.35113286,
6988882,55.35340965,
6988914,55.35340965,
6988945,55.35340965,
6988977,55.35340965,
6989008,55.35340965,
6989040,55.35113286,
6989158,55.35340965,
6989290,55.35340965,
6989322,55.35340965,
6989354,55.35568644,
6989385,55.35340965,
6989416,55.35568644,
6989448,55.35568644,
6989479,55.35113286,
6989510,55.35568644,
6989542,55.35113286,
6989573,55.35113286,
6989605,55.35568644,
6989636,55.35568644,
6989668,55.35568644,
6989699,55.35340965,
6989730,55.35340965,
6989762,55.35113286,
6989793,55.35113286,
6989824,55.35340965,
6989856,55.35113286,
6990077,55.35568644,
6990208,55.35340965,
6990241,55.35340965,
6990272,55.35340965,
6990303,55.35340965,
6990334,55.35340965,
6990366,55.35340965,
6990397,55.35340965,
6990428,55.35568644,
6990460,55.35340965,
6990492,55.35340965,
6990523,55.35568644,
6990555,55.35340965,
6990586,55.35340965,
6990617,55.35340965,
6990648,55.35340965,
6990680,55.35340965,
6990711,55.35340965,
6990743,55.35340965,
6990774,55.35568644,
6990904,55.35568644,
6991035,55.35340965,
6991068,55.35568644,
6991099,55.35340965,
6991130,55.35796324,
6991162,55.35796324,
6991194,55.35340965,
6991225,55.35340965,
6991256,55.35340965,
6991288,55.35340965,
6991319,55.35340965,
6991350,55.35340965,
6991382,55.35113286,
6991413,55.35340965,
6991445,55.35340965,
6991476,55.35340965,
6991508,55.35113286,
6991539,55.35340965,
6991570,55.35340965,
6991602,55.35340965,
6991743,55.35340965,
6991874,55.35340965,
6991906,55.35113286,
6991938,55.35340965,
6991969,55.35340965,
6992001,55.35568644,
6992032,55.35568644,
6992063,55.35340965,
6992095,55.35568644,
6992126,55.35340965,
6992158,55.35568644,
6992189,55.35113286,
6992221,55.35568644,
6992252,55.35340965,
6992283,55.35568644,
6992315,55.35568644,
6992346,55.35568644,
6992377,55.35113286,
6992409,55.35340965,
6992441,55.35568644,
6992536,55.35340965,
6992668,55.35568644,
6992700,55.35113286,
6992731,55.35340965,
6992763,55.35113286,
6992794,55.35113286,
6992826,55.35568644,
6992857,55.35340965,
6992888,55.35340965,
6992920,55.35113286,
6992951,55.35340965,
6992983,55.35796324,
6993014,55.35340965,
6993046,55.35568644,
6993077,55.35340965,
6993108,55.35113286,
6993140,55.35340965,
6993171,55.35340965,
6993202,55.35340965,
6993234,55.35340965,
6993357,55.35113286,
6993488,55.35340965,
6993520,55.35113286,
6993552,55.35568644,
6993583,55.35113286,
6993614,55.35340965,
6993646,55.35340965,
6993677,55.35113286,
6993709,55.35340965,
6993740,55.35340965,
6993772,55.35568644,
6993803,55.35796324,
6993835,55.35568644,
6993866,55.35340965,
6993898,55.35568644,
6993929,55.35113286,
6993961,55.35340965,
6993992,55.35113286,
6994023,55.35113286,
6994055,55.35340965,
6994277,55.35568644,
6994408,55.34885606,
6994440,55.35113286,
6994471,55.35568644,
6994503,55.35340965,
6994534,55.35340965,
6994566,55.35568644,
6994597,55.35568644,
6994628,55.35340965,
6994660,55.35568644,
6994691,55.35340965,
6994722,55.35340965,
6994754,55.35568644,
6994786,55.35340965,
6994817,55.35340965,
6994848,55.35113286,
6994880,55.35340965,
6994911,55.35340965,
6994942,55.35568644,
6994974,55.35340965,
6995100,55.35113286,
6995231,55.35340965,
6995263,55.35340965,
6995295,55.35340965,
6995326,55.35340965,
6995357,55.35568644,
6995389,55.35340965,
6995420,55.35568644,
6995451,55.35340965,
6995483,55.35340965,
6995515,55.35113286,
6995546,55.35340965,
6995577,55.35340965,
6995609,55.35340965,
6995640,55.35568644,
6995672,55.35568644,
6995703,55.35568644,
6995734,55.35568644,
6995766,55.35113286,
6995797,55.35340965,
6997216,55.35340965,
6997347,55.35340965,
6997378,55.35568644,
6997410,55.35340965,
6997441,55.35796324,
6997473,55.35340965,
6997504,55.35568644,
6997536,55.35340965,
6997567,55.35568644,
6997598,55.35568644,
6997630,55.35340965,
6997661,55.35340965,
6997693,55.35568644,
6997724,55.35340965,
6997756,55.35340965,
6997787,55.35568644,
6997819,55.35340965,
6997850,55.35340965,
6997881,55.35568644,
6997913,55.35568644,
6998166,55.35340965,
6998297,55.35568644,
6998329,55.35568644,
6998361,55.35568644,
6998392,55.35113286,
6998423,55.35340965,
6998455,55.35340965,
6998486,55.35340965,
6998517,55.35568644,
6998549,55.35113286,
6998581,55.35568644,
6998612,55.35340965,
6998644,55.35568644,
6998675,55.35568644,
6998706,55.35568644,
6998737,55.35568644,
6998769,55.35340965,
6998800,55.35568644,
6998831,55.35568644,
6998863,55.35340965,
6998990,55.35113286,
6999121,55.35568644,
6999153,55.35568644,
6999184,55.35796324,
6999216,55.35340965,
6999247,55.35340965,
6999279,55.35568644,
6999310,55.35568644,
6999341,55.35340965,
6999373,55.35340965,
6999404,55.35113286,
6999436,55.35568644,
6999467,55.35568644,
6999499,55.35568644,
6999530,55.35340965,
6999562,55.35340965,
6999593,55.35340965,
6999624,55.35340965,
6999655,55.35340965,
6999687,55.35340965,
7001210,55.35568644,
7001341,55.35568644,
7001373,55.35568644,
7001406,55.35568644,
7001438,55.34885606,
7001470,55.35568644,
7001501,55.35568644,
7001533,55.35568644,
7001564,55.35113286,
7001596,55.35340965,
7001627,55.35568644,
7001659,55.35340965,
7001690,55.35568644,
7001722,55.35568644,
7001754,55.35568644,
7001785,55.35796324,
7001817,55.35568644,
7001849,55.35340965,
7001880,55.35568644,
7001912,55.35568644,
7002088,55.35568644,
7002219,55.35568644,
7002252,55.35340965,
7002283,55.35568644,
7002314,55.35796324,
7002347,55.35340965,
7002378,55.35340965,
7002409,55.35568644,
7002441,55.35568644,
7002473,55.35568644,
7002504,55.35568644,
7002536,55.35340965,
7002567,55.35340965,
7002598,55.35113286,
7002629,55.35340965,
7002662,55.35568644,
7002693,55.35568644,
7002724,55.35340965,
7002756,55.35340965,
7002788,55.35113286,
7002881,55.35568644,
7003012,55.35568644,
7003044,55.35340965,
7003076,55.35113286,
7003107,55.35568644,
7003139,55.35113286,
7003170,55.35113286,
7003202,55.35568644,
7003233,55.35340965,
7003265,55.35340965,
7003296,55.35113286,
7003327,55.35340965,
7003359,55.35568644,
7003390,55.35568644,
7003421,55.35568644,
7003453,55.35568644,
7003484,55.35340965,
7003516,55.35568644,
7003547,55.35568644,
7003579,55.35340965,
7003709,55.35568644,
7003840,55.35568644,
7003872,55.35568644,
7003904,55.35340965,
7003935,55.35568644,
7003967,55.35340965,
7003998,55.35568644,
7004029,55.35568644,
7004061,55.35340965,
7004092,55.35568644,
7004124,55.35568644,
7004155,55.35568644,
7004187,55.35568644,
7004218,55.35568644,
7004249,55.35568644,
7004281,55.35568644,
7004312,55.35568644,
7004343,55.35796324,
7004375,55.35340965,
7004406,55.35796324,
7004528,55.35340965,
7004659,55.35340965,
7004691,55.35340965,
7004723,55.35796324,
7004754,55.35796324,
7004786,55.35568644,
7004817,55.35568644,
7004848,55.35340965,
7004880,55.35340965,
7004911,55.35340965,
7004943,55.35568644,
7004974,55.35568644,
7005005,55.35568644,
7005037,55.35568644,
7005068,55.35568644,
7005100,55.35340965,
7005131,55.35568644,
7005162,55.35340965,
7005194,55.35340965,
7005225,55.35568644,
7005354,55.35796324,
7005485,55.35340965,
7005518,55.35568644,
7005549,55.35568644,
7005580,55.35568644,
7005612,55.35568644,
7005644,55.35113286,
7005675,55.35568644,
7005706,55.35340965,
7005738,55.35340965,
7005769,55.35340965,
7005800,55.35340965,
7005832,55.35568644,
7005864,55.35340965,
7005895,55.35340965,
7005926,55.35568644,
7005958,55.35340965,
7005989,55.35568644,
7006021,55.35340965,
7006052,55.35568644,
7007458,55.35340965,
7007588,55.35796324,
7007620,55.35568644,
7007651,55.35568644,
7007683,55.35796324,
7007714,55.35340965,
7007745,55.35568644,
7007777,55.35340965,
7007808,55.35340965,
7007840,55.35568644,
7007871,55.35340965,
7007903,55.35340965,
7007934,55.35568644,
7007966,55.35340965,
7007997,55.35340965,
7008028,55.35568644,
7008060,55.35568644,
7008091,55.35340965,
7008123,55.35568644,
7008154,55.35568644,
7008324,55.35340965,
7008455,55.35340965,
7008487,55.35340965,
7008518,55.35568644,
7008550,55.35568644,
7008581,55.35568644,
7008613,55.35568644,
7008644,55.35340965,
7008676,55.35340965,
7008708,55.35796324,
7008739,55.35568644,
7008770,55.35568644,
7008802,55.35568644,
7008833,55.35340965,
7008864,55.35113286,
7008896,55.35340965,
7008927,55.35568644,
7008959,55.35568644,
7008990,55.35568644,
7009022,55.35568644,
7009130,55.35568644,
7009261,55.35340965,
7009293,55.35340965,
7009325,55.35568644,
7009356,55.35340965,
7009387,55.35568644,
7009419,55.35340965,
7009451,55.35340965,
7009482,55.35568644,
7009514,55.35340965,
7009545,55.35113286,
7009576,55.35568644,
7009608,55.35568644,
7009639,55.35340965,
7009672,55.35568644,
7009704,55.35340965,
7009736,55.35568644,
7009767,55.35796324,
7009800,55.35568644,
7009832,55.35340965,
7009956,55.35568644,
7010087,55.35340965,
7010119,55.35568644,
7010151,55.35568644,
7010182,55.35340965,
7010214,55.35568644,
7010246,55.35340965,
7010277,55.35568644,
7010308,55.35340965,
7010340,55.35340965,
7010371,55.35340965,
7010403,55.35340965,
7010434,55.35340965,
7010466,55.35340965,
7010497,55.35340965,
7010529,55.35340965,
7010560,55.35340965,
7010591,55.35340965,
7010623,55.35568644,
7010654,55.35340965,
7010766,55.35340965,
7010897,55.35340965,
7010929,55.35796324,
7010960,55.35568644,
7010991,55.35568644,
7011023,55.35568644,
7011054,55.35340965,
7011086,55.35568644,
7011117,55.35340965,
7011149,55.35340965,
7011180,55.35340965,
7011211,55.35796324,
7011243,55.35340965,
7011274,55.35568644,
7011305,55.35568644,
7011337,55.35568644,
7011369,55.35113286,
7011400,55.35568644,
7011431,55.35568644,
7011463,55.35568644,
7011609,55.35340965,
7011740,55.35340965,
7011773,55.35796324,
7011804,55.35796324,
7011835,55.35796324,
7011867,55.35340965,
7011899,55.35113286,
7011930,55.35568644,
7011962,55.35568644,
7011993,55.35568644,
7012024,55.35340965,
7012056,55.35568644,
7012087,55.35340965,
7012118,55.35568644,
7012150,55.35340965,
7012181,55.35340965,
7012213,55.35340965,
7012244,55.35340965,
7012276,55.35340965,
7012307,55.35568644,
7012422,55.35340965,
7012553,55.35568644,
7012585,55.35568644,
7012617,55.35340965,
7012648,55.35340965,
7012680,55.35340965,
7012711,55.35796324,
7012743,55.35340965,
7012774,55.35568644,
7012806,55.35568644,
7012837,55.35340965,
7012868,55.35568644,
7012900,55.35568644,
7012931,55.35340965,
7012962,55.35568644,
7012994,55.35340965,
7013025,55.35340965,
7013057,55.35340965,
7013088,55.35340965,
7013120,55.35340965,
7013241,55.35340965,
7013372,55.35340965,
7013405,55.35113286,
7013436,55.35340965,
7013468,55.35340965,
7013499,55.35568644,
7013531,55.35340965,
7013562,55.35568644,
7013594,55.35568644,
7013625,55.35340965,
7013656,55.35340965,
7013687,55.35340965,
7013719,55.35113286,
7013751,55.35568644,
7013782,55.35568644,
7013813,55.35340965,
7013845,55.35340965,
7013876,55.35796324,
7013908,55.35568644,
7013939,55.35340965,
7014068,55.35340965,
7014199,55.35113286,
7014231,55.35340965,
7014263,55.35340965,
7014294,55.35568644,
7014326,55.35340965,
7014357,55.35568644,
7014389,55.35568644,
7014420,55.35568644,
7014452,55.35340965,
7014483,55.35568644,
7014515,55.35340965,
7014546,55.35568644,
7014577,55.35340965,
7014608,55.35568644,
7014640,55.35340965,
7014671,55.35340965,
7014703,55.35568644,
7014734,55.35568644,
7014766,55.35113286,
7014871,55.35340965,
7015002,55.35796324,
7015035,55.35340965,
7015066,55.35568644,
7015097,55.35568644,
7015129,55.35340965,
7015161,55.35340965,
7015192,55.35340965,
7015223,55.35340965,
7015255,55.35568644,
7015286,55.35568644,
7015317,55.35568644,
7015349,55.35340965,
7015380,55.35568644,
7015412,55.35340965,
7015443,55.35340965,
7015475,55.35568644,
7015506,55.35340965,
7015538,55.35568644,
7015569,55.35340965,
7015686,55.35568644,
7015818,55.35568644,
7015850,55.35340965,
7015881,55.35340965,
7015913,55.35568644,
7015945,55.35340965,
7015976,55.35796324,
7016007,55.35340965,
7016038,55.35340965,
7016070,55.35796324,
7016101,55.35796324,
7016133,55.35340965,
7016164,55.35568644,
7016196,55.35340965,
7016227,55.35568644,
7016258,55.35340965,
7016290,55.35340965,
7016321,55.35340965,
7016352,55.35340965,
7016384,55.35568644,
7016503,55.35340965,
7016634,55.35340965,
7016666,55.35340965,
7016697,55.35340965,
7016728,55.35340965,
7016759,55.35568644,
7016791,55.35340965,
7016822,55.35568644,
7016854,55.35113286,
7016886,55.35568644,
7016917,55.35340965,
7016948,55.35796324,
7016980,55.35568644,
7017011,55.35568644,
7017042,55.35568644,
7017074,55.35340965,
7017105,55.35340965,
7017137,55.35568644,
7017168,55.35796324,
7017200,55.35568644,
7017317,55.35568644,
7017448,55.35340965,
7017480,55.35340965,
7017512,55.35340965,
7017543,55.35340965,
7017574,55.35568644,
7017606,55.35340965,
7017637,55.35340965,
7017669,55.35340965,
7017700,55.35568644,
7017732,55.35113286,
7017763,55.35568644,
7017795,55.35568644,
7017826,55.35340965,
7017858,55.35568644,
7017889,55.35113286,
7017920,55.35568644,
7017952,55.35568644,
7017983,55.35113286,
7018015,55.35340965,
7018147,55.35340965,
7018278,55.35568644,
7018310,55.35340965,
7018342,55.35568644,
7018373,55.35568644,
7018405,55.35340965,
7018436,55.35113286,
7018467,55.35340965,
7018499,55.35796324,
7018530,55.35113286,
7018562,55.35568644,
7018593,55.35568644,
7018625,55.35340965,
7018656,55.35340965,
7018687,55.35568644,
7018719,55.35568644,
7018750,55.35568644,
7018781,55.35568644,
7018813,55.35796324,
7018844,55.35568644,
7018970,55.35568644,
7019101,55.35568644,
7019134,55.35340965,
7019165,55.35568644,
7019197,55.35568644,
7019228,55.35568644,
7019260,55.35796324,
7019291,55.35340965,
7019322,55.35568644,
7019353,55.36024003,
7019384,55.35340965,
7019416,55.35340965,
7019447,55.35568644,
7019479,55.35113286,
7019510,55.35340965,
7019542,55.35568644,
7019573,55.35568644,
7019604,55.35568644,
7019636,55.35796324,
7019667,55.35568644,
7019784,55.35796324,
7019915,55.35568644,
7019948,55.35568644,
7019979,55.35340965,
7020010,55.35796324,
7020042,55.35568644,
7020074,55.35568644,
7020105,55.35568644,
7020136,55.35340965,
7020168,55.35568644,
7020199,55.35568644,
7020230,55.35568644,
7020262,55.35340965,
7020293,55.35340965,
7020325,55.35796324,
7020356,55.35568644,
7020388,55.35796324,
7020419,55.35340965,
7020450,55.35568644,
7020482,55.35340965,
7020602,55.35340965,
7020733,55.35568644,
7020766,55.35568644,
7020797,55.35796324,
7020828,55.35568644,
7020860,55.35340965,
7020892,55.35340965,
7020923,55.35796324,
7020954,55.35568644,
7020986,55.35340965,
7021017,55.35568644,
7021048,55.35568644,
7021080,55.35568644,
7021111,55.35796324,
7021143,55.35568644,
7021174,55.35340965,
7021206,55.35568644,
7021237,55.35796324,
7021268,55.35340965,
7021300,55.35568644,
7021419,55.35568644,
7021550,55.34885606,
7021582,55.35568644,
7021614,55.35340965,
7021645,55.35340965,
7021676,55.35568644,
7021708,55.35568644,
7021740,55.35568644,
7021771,55.35340965,
7021802,55.35568644,
7021834,55.35340965,
7021865,55.35568644,
7021897,55.35568644,
7021928,55.35568644,
7021960,55.35568644,
7021991,55.35340965,
7022022,55.35568644,
7022054,55.35796324,
7022085,55.35340965,
7022117,55.35568644,
7022546,55.35568644,
7022678,55.35796324,
7022710,55.35568644,
7022741,55.35340965,
7022773,55.35340965,
7022804,55.35568644,
7022836,55.35568644,
7022867,55.35568644,
7022898,55.35340965,
7022930,55.35568644,
7022961,55.35340965,
7022993,55.35568644,
7023024,55.35568644,
7023056,55.35796324,
7023087,55.35340965,
7023118,55.35568644,
7023150,55.35568644,
7023181,55.35796324,
7023212,55.35568644,
7023244,55.35340965,
7023369,55.35340965,
7023500,55.35568644,
7023532,55.35568644,
7023564,55.35568644,
7023595,55.35568644,
7023627,55.35568644,
7023658,55.35340965,
7023690,55.35340965,
7023721,55.35796324,
7023753,55.35568644,
7023784,55.35340965,
7023815,55.35568644,
7023847,55.35568644,
7023878,55.35796324,
7023909,55.35568644,
7023941,55.35340965,
7023973,55.35568644,
7024004,55.35568644,
7024035,55.35568644,
7024066,55.35340965,
7024186,55.35796324,
7024317,55.35568644,
7024349,55.35568644,
7024381,55.35568644,
7024412,55.35340965,
7024444,55.35568644,
7024475,55.35340965,
7024506,55.35796324,
7024537,55.35568644,
7024569,55.35340965,
7024600,55.35796324,
7024632,55.35568644,
7024663,55.35796324,
7024694,55.35568644,
7024726,55.35340965,
7024757,55.35340965,
7024789,55.35796324,
7024820,55.35796324,
7024851,55.35340965,
7024883,55.35568644,
7025005,55.35340965,
7025136,55.35568644,
7025168,55.35796324,
7025200,55.35113286,
7025231,55.35568644,
7025263,55.35796324,
7025294,55.35568644,
7025325,55.35340965,
7025357,55.35796324,
7025389,55.35568644,
7025420,55.35568644,
7025451,55.35568644,
7025483,55.35568644,
7025514,55.35796324,
7025545,55.35113286,
7025577,55.35568644,
7025608,55.35568644,
7025640,55.35568644,
7025671,55.35568644,
7025703,55.35568644,
7025830,55.35568644,
7025961,55.35568644,
7025994,55.35340965,
7026025,55.35340965,
7026056,55.35568644,
7026088,55.35340965,
7026120,55.35340965,
7026151,55.35568644,
7026182,55.35568644,
7026214,55.35568644,
7026245,55.35568644,
7026276,55.35568644,
7026308,55.35568644,
7026339,55.35340965,
7026371,55.35796324,
7026402,55.35568644,
7026434,55.35340965,
7026465,55.35568644,
7026497,55.35568644,
7026528,55.35568644,
7026651,55.35568644,
7026783,55.35568644,
7026815,55.35340965,
7026847,55.35568644,
7026878,55.35568644,
7026910,55.35340965,
7026941,55.35340965,
7026972,55.35568644,
7027003,55.35796324,
7027035,55.35340965,
7027066,55.35568644,
7027098,55.35568644,
7027129,55.35340965,
7027161,55.35568644,
7027192,55.35568644,
7027224,55.35568644,
7027255,55.35796324,
7027286,55.35796324,
7027318,55.35340965,
7027349,55.35568644,
7027472,55.35568644,
7027603,55.35568644,
7027636,55.35568644,
7027667,55.35568644,
7027698,55.35568644,
7027730,55.35340965,
7027762,55.35340965,
7027793,55.35568644,
7027824,55.35568644,
7027856,55.35568644,
7027887,55.35340965,
7027918,55.35568644,
7027950,55.35568644,
7027981,55.35340965,
7028013,55.35796324,
7028044,55.35568644,
7028076,55.35340965,
7028107,55.35568644,
7028139,55.35568644,
7028170,55.35340965,
7028284,55.35796324,
7028415,55.35568644,
7028448,55.35568644,
7028479,55.35340965,
7028511,55.35113286,
7028542,55.35340965,
7028574,55.35340965,
7028605,55.35796324,
7028636,55.35340965,
7028668,55.35796324,
7028699,55.35340965,
7028730,55.35796324,
7028762,55.35568644,
7028793,55.35340965,
7028825,55.35568644,
7028857,55.35568644,
7028888,55.35568644,
7028919,55.35568644,
7028951,55.35796324,
7028982,55.35568644,
7029097,55.35796324,
7029228,55.35340965,
7029260,55.35568644,
7029292,55.35568644,
7029323,55.35340965,
7029354,55.35568644,
7029386,55.35568644,
7029417,55.35796324,
7029448,55.35568644,
7029480,55.35796324,
7029511,55.35568644,
7029543,55.35568644,
7029574,55.35568644,
7029606,55.35568644,
7029637,55.35340965,
7029668,55.35568644,
7029700,55.35568644,
7029731,55.35568644,
7029762,55.35568644,
7029794,55.35796324,
7030015,55.35568644,
7030146,55.35568644,
7030177,55.35568644,
7030209,55.35340965,
7030240,55.35340965,
7030272,55.35568644,
7030303,55.35568644,
7030335,55.35568644,
7030366,55.35340965,
7030397,55.35568644,
7030429,55.35568644,
7030460,55.35568644,
7030492,55.35568644,
7030523,55.35796324,
7030554,55.35796324,
7030586,55.35796324,
7030617,55.35568644,
7030649,55.35568644,
7030680,55.35568644,
7030711,55.35796324,
7030844,55.35796324,
7030976,55.35796324,
7031008,55.35568644,
7031040,55.35568644,
7031071,55.35568644,
7031103,55.35340965,
7031134,55.35568644,
7031165,55.35568644,
7031196,55.35568644,
7031228,55.35568644,
7031259,55.35340965,
7031291,55.35340965,
7031322,55.35568644,
7031354,55.35568644,
7031385,55.35568644,
7031417,55.35796324,
7031448,55.35340965,
7031479,55.35568644,
7031511,55.35568644,
7031542,55.35340965,
7031661,55.35568644,
7031792,55.35796324,
7031825,55.35568644,
7031856,55.35340965,
7031888,55.35568644,
7031919,55.35796324,
7031951,55.35796324,
7031982,55.35568644,
7032013,55.35568644,
7032045,55.35568644,
7032076,55.35113286,
7032107,55.35340965,
7032139,55.35796324,
7032170,55.35568644,
7032202,55.35340965,
7032233,55.35568644,
7032265,55.35568644,
7032296,55.35340965,
7032327,55.35113286,
7032359,55.35568644,
7032477,55.35568644,
7032608,55.35340965,
7032640,55.35340965,
7032672,55.35340965,
7032703,55.35568644,
7032734,55.35340965,
7032766,55.35568644,
7032798,55.35568644,
7032829,55.35340965,
7032861,55.35568644,
7032892,55.35796324,
7032923,55.35796324,
7032955,55.35796324,
7032986,55.35796324,
7033017,55.35340965,
7033049,55.35796324,
7033080,55.35796324,
7033112,55.35568644,
7033143,55.35568644,
7033175,55.35568644,
7033294,55.35568644,
7033424,55.35568644,
7033456,55.35568644,
7033488,55.35568644,
7033519,55.35568644,
7033550,55.35568644,
7033582,55.35568644,
7033613,55.35796324,
7033645,55.35568644,
7033676,55.35568644,
7033708,55.35340965,
7033739,55.35568644,
7033771,55.35568644,
7033802,55.35340965,
7033833,55.35340965,
7033865,55.35568644,
7033896,55.35568644,
7033927,55.35568644,
7033959,55.35340965,
7033990,55.35340965,
7034331,55.35568644,
7034463,55.35340965,
7034495,55.35568644,
7034527,55.35796324,
7034558,55.35796324,
7034590,55.35568644,
7034621,55.35796324,
7034652,55.35340965,
7034683,55.35568644,
7034715,55.35340965,
7034747,55.35568644,
7034778,55.35796324,
7034809,55.35796324,
7034841,55.35796324,
7034872,55.35568644,
7034904,55.35796324,
7034935,55.35796324,
7034966,55.35568644,
7034998,55.35568644,
7035029,55.36024003,
7035139,55.35568644,
7035271,55.35568644,
7035303,55.35796324,
7035334,55.35568644,
7035366,55.35568644,
7035397,55.35796324,
7035429,55.35568644,
7035460,55.35340965,
7035491,55.35568644,
7035523,55.36024003,
7035555,55.35340965,
7035586,55.35568644,
7035617,55.35568644,
7035649,55.35796324,
7035680,55.35568644,
7035712,55.35568644,
7035743,55.35796324,
7035774,55.35568644,
7035806,55.35340965,
7035837,55.35796324,
7035961,55.35568644,
7036092,55.35340965,
7036125,55.35340965,
7036156,55.35568644,
7036188,55.35568644,
7036219,55.35796324,
7036251,55.35113286,
7036282,55.35340965,
7036313,55.35568644,
7036345,55.35568644,
7036376,55.35568644,
7036407,55.35568644,
7036439,55.35340965,
7036471,55.36024003,
7036502,55.35568644,
7036533,55.35568644,
7036565,55.35340965,
7036596,55.35568644,
7036627,55.35340965,
7036659,55.35796324,
7036779,55.35796324,
7036910,55.35568644,
7036942,55.35340965,
7036973,55.35568644,
7037005,55.35568644,
7037036,55.35568644,
7037068,55.35568644,
7037099,55.35568644,
7037130,55.35796324,
7037162,55.35340965,
7037193,55.35340965,
7037224,55.36024003,
7037256,55.35568644,
7037288,55.35796324,
7037319,55.35796324,
7037351,55.35340965,
7037382,55.35568644,
7037413,55.35796324,
7037444,55.35568644,
7037476,55.35568644,
7037594,55.35796324,
7037725,55.35568644,
7037756,55.35340965,
7037788,55.35568644,
7037819,55.35340965,
7037851,55.35568644,
7037883,55.35340965,
7037914,55.35568644,
7037945,55.35113286,
7037977,55.35568644,
7038008,55.35568644,
7038039,55.35340965,
7038071,55.35340965,
7038102,55.35340965,
7038134,55.35796324,
7038165,55.35568644,
7038197,55.35568644,
7038228,55.35340965,
7038259,55.35340965,
7038291,55.35568644,
7038416,55.35568644,
7038547,55.35340965,
7038579,55.35568644,
7038610,55.35568644,
7038641,55.35568644,
7038673,55.35796324,
7038704,55.35796324,
7038736,55.35568644,
7038767,55.35568644,
7038799,55.35568644,
7038830,55.35340965,
7038862,55.35568644,
7038893,55.35796324,
7038925,55.35568644,
7038956,55.35340965,
7038987,55.35340965,
7039019,55.35568644,
7039050,55.35568644,
7039081,55.35340965,
7039113,55.35796324,
7039232,55.35796324,
7039363,55.35796324,
7039395,55.35340965,
7039427,55.35568644,
7039458,55.35568644,
7039489,55.35796324,
7039521,55.35568644,
7039552,55.35568644,
7039584,55.35796324,
7039615,55.35340965,
7039647,55.35340965,
7039678,55.35568644,
7039709,55.35568644,
7039741,55.35568644,
7039772,55.35796324,
7039803,55.35568644,
7039835,55.35568644,
7039867,55.35796324,
7039898,55.35568644,
7039929,55.35568644,
7040081,55.35340965,
7040212,55.35340965,
7040245,55.35568644,
7040277,55.35340965,
7040308,55.36024003,
7040340,55.35796324,
7040371,55.35568644,
7040402,55.35568644,
7040434,55.35568644,
7040465,55.35568644,
7040497,55.35568644,
7040528,55.35340965,
7040560,55.35568644,
7040591,55.35340965,
7040622,55.35340965,
7040654,55.35568644,
7040685,55.35340965,
7040717,55.35568644,
7040748,55.35568644,
7040780,55.35568644,
7040873,55.35568644,
7041004,55.35568644,
7041036,55.35340965,
7041068,55.35340965,
7041099,55.35568644,
7041130,55.35568644,
7041162,55.35568644,
7041193,55.35568644,
7041224,55.35568644,
7041256,55.35568644,
7041287,55.35340965,
7041319,55.35568644,
7041350,55.35568644,
7041382,55.35568644,
7041413,55.35568644,
7041445,55.35568644,
7041476,55.35568644,
7041507,55.35568644,
7041538,55.35568644,
7041570,55.35796324,
7041697,55.35796324,
7041828,55.35568644,
7041861,55.35568644,
7041892,55.35568644,
7041923,55.35340965,
7041955,55.35568644,
7041987,55.35568644,
7042018,55.35568644,
7042049,55.35568644,
7042081,55.35568644,
7042112,55.35568644,
7042143,55.35796324,
7042175,55.35340965,
7042206,55.35340965,
7042238,55.35568644,
7042269,55.35340965,
7042301,55.35340965,
7042332,55.35340965,
7042363,55.36024003,
7042395,55.35568644,
7042517,55.35568644,
7042648,55.35796324,
7042680,55.35568644,
7042712,55.35340965,
7042743,55.35568644,
7042775,55.35340965,
7042806,55.35568644,
7042837,55.35568644,
7042868,55.35796324,
7042900,55.35340965,
7042932,55.35340965,
7042963,55.35568644,
7042994,55.35568644,
7043026,55.35568644,
7043057,55.35340965,
7043089,55.35568644,
7043120,55.35796324,
7043151,55.35568644,
7043183,55.36024003,
7043214,55.35568644,
7043336,55.35568644,
7043467,55.35568644,
7043499,55.35568644,
7043530,55.35568644,
7043562,55.35568644,
7043593,55.35796324,
7043625,55.35568644,
7043656,55.35568644,
7043687,55.35568644,
7043719,55.35568644,
7043750,55.35340965,
7043782,55.35340965,
7043813,55.35340965,
7043845,55.35568644,
7043876,55.35568644,
7043908,55.35340965,
7043939,55.35568644,
7043970,55.35568644,
7044001,55.35568644,
7044033,55.35568644,
7044163,55.35796324,
7044294,55.35568644,
7044326,55.35568644,
7044358,55.35796324,
7044389,55.35340965,
7044421,55.35796324,
7044452,55.35568644,
7044483,55.35568644,
7044515,55.35796324,
7044547,55.35568644,
7044578,55.35568644,
7044609,55.35796324,
7044641,55.35568644,
7044672,55.35340965,
7044703,55.35568644,
7044735,55.35568644,
7044766,55.35796324,
7044797,55.35568644,
7044829,55.35340965,
7044861,55.35796324,
7044971,55.35568644,
7045102,55.35568644,
7045134,55.35340965,
7045166,55.35568644,
7045197,55.35796324,
7045228,55.35340965,
7045260,55.35796324,
7045292,55.35568644,
7045323,55.35568644,
7045355,55.35340965,
7045386,55.35568644,
7045417,55.35568644,
7045449,55.35568644,
7045480,55.35568644,
7045512,55.35340965,
7045543,55.35568644,
7045575,55.35568644,
7045606,55.35568644,
7045637,55.35340965,
7045669,55.35568644,
7045798,55.35796324,
7045929,55.35568644,
7045962,55.35568644,
7045993,55.35568644,
7046024,55.35796324,
7046056,55.35568644,
7046087,55.35568644,
7046119,55.35568644,
7046150,55.35568644,
7046182,55.35340965,
7046213,55.35340965,
7046244,55.35568644,
7046276,55.35568644,
7046307,55.35568644,
7046338,55.35568644,
7046370,55.35568644,
7046401,55.35568644,
7046433,55.35568644,
7046464,55.35796324,
7046496,55.35568644,
7046629,55.35796324,
7046760,55.35340965,
7046793,55.35796324,
7046824,55.35568644,
7046856,55.35568644,
7046888,55.35340965,
7046919,55.35568644,
7046950,55.35568644,
7046982,55.36024003,
7047013,55.35796324,
7047045,55.35568644,
7047076,55.35568644,
7047108,55.35568644,
7047139,55.35796324,
7047170,55.35796324,
7047202,55.35340965,
7047233,55.35568644,
7047265,55.35340965,
7047296,55.35568644,
7047327,55.35568644,
7047429,55.35796324,
7047560,55.35796324,
7047592,55.35340965,
7047624,55.35568644,
7047655,55.35796324,
7047686,55.35340965,
7047718,55.35568644,
7047750,55.35568644,
7047781,55.35568644,
7047813,55.35568644,
7047844,55.35568644,
7047875,55.35568644,
7047907,55.35340965,
7047938,55.35340965,
7047970,55.35568644,
7048001,55.35568644,
7048033,55.35568644,
7048064,55.35568644,
7048095,55.35796324,
7048127,55.35568644,
7048440,55.35568644,
7048571,55.35568644,
7048602,55.35568644,
7048634,55.35568644,
7048665,55.35568644,
7048696,55.35568644,
7048728,55.35568644,
7048759,55.35568644,
7048791,55.35568644,
7048822,55.35796324,
7048854,55.35568644,
7048885,55.35796324,
7048916,55.35340965,
7048948,55.35796324,
7048979,55.35796324,
7049011,55.35113286,
7049042,55.35568644,
7049074,55.35568644,
7049105,55.35796324,
7049137,55.35796324,
7049266,55.35568644,
7049396,55.35340965,
7049427,55.35568644,
7049459,55.35568644,
7049491,55.35340965,
7049522,55.35568644,
7049554,55.35568644,
7049585,55.35568644,
7049616,55.35796324,
7049648,55.35340965,
7049679,55.35568644,
7049710,55.35340965,
7049742,55.35568644,
7049773,55.35568644,
7049805,55.35568644,
7049836,55.35568644,
7049868,55.35796324,
7049899,55.35568644,
7049930,55.35568644,
7049962,55.35568644,
7050089,55.35568644,
7050220,55.35568644,
7050252,55.35568644,
7050284,55.35568644,
7050315,55.35568644,
7050346,55.35796324,
7050378,55.35796324,
7050409,55.35568644,
7050440,55.35796324,
7050472,55.35568644,
7050503,55.35340965,
7050535,55.35568644,
7050566,55.35568644,
7050598,55.35796324,
7050629,55.35568644,
7050661,55.35568644,
7050692,55.35568644,
7050723,55.35340965,
7050754,55.35796324,
7050786,55.35568644,
7050909,55.35568644,
7051040,55.35568644,
7051072,55.35340965,
7051104,55.35796324,
7051135,55.35796324,
7051166,55.35568644,
7051198,55.35568644,
7051229,55.35568644,
7051261,55.35568644,
7051292,55.35796324,
7051324,55.35340965,
7051355,55.35796324,
7051387,55.35796324,
7051418,55.35568644,
7051449,55.35568644,
7051481,55.35340965,
7051512,55.35796324,
7051543,55.35568644,
7051575,55.35340965,
7051606,55.35568644,
7051729,55.35568644,
7051860,55.35568644,
7051892,55.35340965,
7051924,55.35796324,
7051955,55.35796324,
7051986,55.35568644,
7052018,55.35796324,
7052049,55.35568644,
7052081,55.35568644,
7052112,55.35796324,
7052144,55.35796324,
7052175,55.35340965,
7052207,55.35340965,
7052238,55.35568644,
7052269,55.35340965,
7052301,55.35796324,
7052332,55.35568644,
7052364,55.35796324,
7052395,55.35568644,
7052426,55.35568644,
7052553,55.35340965,
7052685,55.35796324,
7052717,55.35568644,
7052748,55.35568644,
7052780,55.35568644,
7052811,55.35796324,
7052843,55.35568644,
7052874,55.35568644,
7052905,55.35340965,
7052937,55.35568644,
7052968,55.35568644,
7053000,55.35796324,
7053031,55.35568644,
7053063,55.35340965,
7053094,55.35568644,
7053126,55.35568644,
7053157,55.35568644,
7053188,55.35568644,
7053220,55.35340965,
7053251,55.35340965,
7053367,55.35568644,
7053497,55.35568644,
7053528,55.35568644,
7053560,55.35796324,
7053591,55.35568644,
7053623,55.35568644,
7053654,55.35796324,
7053686,55.35340965,
7053717,55.35568644,
7053749,55.35796324,
7053780,55.35568644,
7053811,55.35568644,
7053843,55.35340965,
7053874,55.35568644,
7053906,55.35568644,
7053937,55.35796324,
7053969,55.35340965,
7054000,55.35568644,
7054031,55.35568644,
7054063,55.35568644,
7054183,55.35796324,
7054314,55.35568644,
7054346,55.35340965,
7054378,55.35796324,
7054409,55.35568644,
7054440,55.35340965,
7054472,55.35340965,
7054503,55.35340965,
7054534,55.35568644,
7054566,55.35568644,
7054597,55.35568644,
7054629,55.35340965,
7054660,55.35796324,
7054692,55.35568644,
7054723,55.35568644,
7054754,55.35568644,
7054786,55.35568644,
7054817,55.35568644,
7054849,55.35568644,
7054880,55.35568644,
7055006,55.35568644,
7055137,55.35568644,
7055169,55.35568644,
7055200,55.35340965,
7055231,55.35340965,
7055262,55.36024003,
7055294,55.35568644,
7055325,55.35796324,
7055357,55.35568644,
7055388,55.35568644,
7055420,55.35568644,
7055451,55.35568644,
7055483,55.35568644,
7055514,55.35796324,
7055545,55.35568644,
7055577,55.35796324,
7055608,55.35796324,
7055640,55.35568644,
7055671,55.35568644,
7055702,55.35568644,
7055817,55.35568644,
7055948,55.35568644,
7055980,55.35340965,
7056012,55.35568644,
7056043,55.35568644,
7056074,55.35340965,
7056106,55.35568644,
7056137,55.35568644,
7056169,55.35340965,
7056200,55.35568644,
7056232,55.35568644,
7056263,55.35796324,
7056295,55.35796324,
7056326,55.35568644,
7056357,55.35568644,
7056388,55.35568644,
7056420,55.35796324,
7056451,55.35340965,
7056483,55.35796324,
7056514,55.35796324,
7056639,55.36024003,
7056770,55.35340965,
7056801,55.35568644,
7056833,55.35568644,
7056865,55.35568644,
7056896,55.35796324,
7056928,55.35568644,
7056959,55.35796324,
7056990,55.35796324,
7057022,55.35796324,
7057053,55.35568644,
7057085,55.35796324,
7057116,55.35568644,
7057148,55.35568644,
7057179,55.35796324,
7057210,55.35568644,
7057242,55.35340965,
7057273,55.35568644,
7057304,55.35340965,
7057336,55.35796324,
7057462,55.35568644,
7057592,55.35340965,
7057625,55.35568644,
7057656,55.35568644,
7057688,55.35568644,
7057719,55.35568644,
7057751,55.35796324,
7057782,55.35568644,
7057813,55.35796324,
7057845,55.35568644,
7057876,55.35568644,
7057908,55.35340965,
7057939,55.35568644,
7057971,55.35568644,
7058002,55.35340965,
7058033,55.35796324,
7058065,55.35340965,
7058096,55.35568644,
7058127,55.35340965,
7058159,55.35568644,
7058292,55.35796324,
7058423,55.35796324,
7058455,55.35796324,
7058487,55.35340965,
7058518,55.35568644,
7058550,55.35796324,
7058581,55.35796324,
7058612,55.36024003,
7058643,55.35568644,
7058675,55.35568644,
7058706,55.35340965,
7058738,55.35796324,
7058769,55.35568644,
7058801,55.35568644,
7058832,55.35568644,
7058864,55.35568644,
7058895,55.35568644,
7058926,55.35796324,
7058958,55.35340965,
7058989,55.35796324,
7059097,55.35568644,
7059228,55.35568644,
7059259,55.35796324,
7059291,55.35796324,
7059323,55.35568644,
7059354,55.35796324,
7059386,55.35796324,
7059417,55.35113286,
7059448,55.35568644,
7059480,55.35340965,
7059511,55.35568644,
7059542,55.35568644,
7059574,55.35796324,
7059605,55.35796324,
7059637,55.35568644,
7059668,55.35568644,
7059700,55.35340965,
7059731,55.35568644,
7059762,55.35568644,
7059794,55.35568644,
7059928,55.35340965,
7060060,55.35796324,
7060092,55.35568644,
7060123,55.35568644,
7060155,55.36024003,
7060186,55.35568644,
7060218,55.35568644,
7060249,55.35340965,
7060280,55.35796324,
7060312,55.35568644,
7060344,55.35796324,
7060375,55.35796324,
7060406,55.35796324,
7060438,55.35568644,
7060469,55.35568644,
7060501,55.35340965,
7060532,55.35568644,
7060563,55.35568644,
7060595,55.35568644,
7060626,55.35568644,
7060736,55.35796324,
7060866,55.35568644,
7060898,55.35796324,
7060930,55.35340965,
7060961,55.35568644,
7060993,55.35568644,
7061024,55.35568644,
7061056,55.35796324,
7061087,55.35568644,
7061119,55.35568644,
7061150,55.35796324,
7061181,55.36024003,
7061213,55.35568644,
7061244,55.35340965,
7061276,55.35340965,
7061307,55.35568644,
7061339,55.35568644,
7061370,55.35568644,
7061401,55.35568644,
7061433,55.35568644,
7061565,55.35568644,
7061696,55.35796324,
7061728,55.35340965,
7061759,55.35568644,
7061790,55.35340965,
7061821,55.35568644,
7061853,55.35568644,
7061885,55.35796324,
7061916,55.35568644,
7061948,55.35568644,
7061979,55.35796324,
7062010,55.35340965,
7062042,55.35796324,
7062073,55.35340965,
7062104,55.35568644,
7062136,55.35568644,
7062167,55.35340965,
7062199,55.35568644,
7062230,55.35568644,
7062262,55.35796324,
7062386,55.35568644,
7062517,55.35568644,
7062549,55.35568644,
7062581,55.35568644,
7062612,55.35340965,
7062644,55.35340965,
7062675,55.35796324,
7062707,55.36024003,
7062738,55.35796324,
7062769,55.35568644,
7062801,55.35796324,
7062832,55.35340965,
7062864,55.35568644,
7062895,55.35568644,
7062926,55.35568644,
7062958,55.35340965,
7062989,55.35340965,
7063021,55.35568644,
7063052,55.35568644,
7063084,55.35568644,
7063196,55.35340965,
7063328,55.35796324,
7063360,55.35568644,
7063392,55.35568644,
7063423,55.35568644,
7063454,55.35568644,
7063486,55.35796324,
7063517,55.35568644,
7063548,55.35796324,
7063580,55.35340965,
7063611,55.35340965,
7063643,55.35796324,
7063674,55.35796324,
7063706,55.35568644,
7063737,55.35568644,
7063768,55.35340965,
7063800,55.35568644,
7063831,55.35340965,
7063862,55.35568644,
7063894,55.35796324,
7064126,55.35568644,
7064257,55.36024003,
7064289,55.35796324,
7064321,55.35568644,
7064352,55.35796324,
7064384,55.35568644,
7064415,55.35340965,
7064446,55.35340965,
7064478,55.35796324,
7064509,55.35568644,
7064541,55.35568644,
7064572,55.35568644,
7064604,55.35796324,
7064635,55.35568644,
7064666,55.36024003,
7064698,55.35568644,
7064729,55.35568644,
7064760,55.35568644,
7064792,55.35340965,
7064823,55.35568644,
7064941,55.35796324,
7065072,55.35568644,
7065104,55.35340965,
7065135,55.35340965,
7065166,55.35568644,
7065197,55.35796324,
7065229,55.35796324,
7065261,55.35568644,
7065292,55.35796324,
7065324,55.35796324,
7065355,55.36024003,
7065386,55.35340965,
7065418,55.35568644,
7065449,55.35568644,
7065481,55.35568644,
7065512,55.35340965,
7065544,55.35568644,
7065575,55.35796324,
7065606,55.35568644,
7065638,55.35796324,
7065762,55.35568644,
7065893,55.35796324,
7065925,55.35568644,
7065957,55.35796324,
7065988,55.35340965,
7066019,55.35568644,
7066051,55.35796324,
7066082,55.35568644,
7066114,55.35796324,
7066145,55.35568644,
7066177,55.35568644,
7066208,55.35796324,
7066240,55.35340965,
7066271,55.35568644,
7066302,55.35568644,
7066334,55.35796324,
7066365,55.35796324,
7066396,55.35568644,
7066428,55.35796324,
7066459,55.35568644,
7066578,55.35796324,
7066709,55.35568644,
7066742,55.35340965,
7066773,55.35568644,
7066804,55.35568644,
7066835,55.35568644,
7066867,55.35796324,
7066899,55.35568644,
7066930,55.35340965,
7066962,55.35340965,
7066993,55.35568644,
7067024,55.35568644,
7067056,55.35796324,
7067087,55.35568644,
7067118,55.35796324,
7067150,55.35568644,
7067182,55.35796324,
7067213,55.35796324,
7067244,55.35340965,
7067276,55.35796324,
7067401,55.35568644,
7067532,55.35568644,
7067564,55.35796324,
7067596,55.35568644,
7067627,55.35568644,
7067659,55.35340965,
7067690,55.35340965,
7067721,55.35568644,
7067753,55.35796324,
7067784,55.35568644,
7067816,55.35796324,
7067847,55.35568644,
7067879,55.35568644,
7067910,55.35568644,
7067941,55.35340965,
7067973,55.35796324,
7068004,55.35796324,
7068036,55.35568644,
7068067,55.35568644,
7068099,55.35796324,
7068222,55.35796324,
7068353,55.35796324,
7068385,55.35568644,
7068417,55.35568644,
7068448,55.35568644,
7068480,55.35340965,
7068511,55.35568644,
7068542,55.35796324,
7068574,55.35340965,
7068605,55.35568644,
7068637,55.35796324,
7068668,55.35568644,
7068700,55.35568644,
7068731,55.35796324,
7068762,55.35796324,
7068794,55.35796324,
7068825,55.35796324,
7068857,55.35568644,
7068888,55.35568644,
7068920,55.35796324,
7069035,55.35796324,
7069166,55.36024003,
7069197,55.35568644,
7069229,55.35568644,
7069261,55.35340965,
7069292,55.35568644,
7069324,55.35568644,
7069355,55.35796324,
7069386,55.35796324,
7069418,55.35340965,
7069449,55.35568644,
7069480,55.35568644,
7069512,55.35796324,
7069544,55.35568644,
7069575,55.35796324,
7069606,55.35568644,
7069638,55.35568644,
7069669,55.35568644,
7069700,55.35568644,
7069732,55.35796324,
7069960,55.35796324,
7070091,55.35568644,
7070122,55.35796324,
7070154,55.35340965,
7070185,55.35568644,
7070217,55.35796324,
7070249,55.35796324,
7070280,55.35796324,
7070311,55.35340965,
7070343,55.35796324,
7070374,55.35568644,
7070405,55.35568644,
7070437,55.35568644,
7070468,55.35568644,
7070500,55.35796324,
7070531,55.35568644,
7070563,55.35796324,
7070594,55.35568644,
7070625,55.35568644,
7070657,55.35568644,
7070775,55.35568644,
7070906,55.35568644,
7070938,55.35568644,
7070970,55.35796324,
7071001,55.35568644,
7071032,55.35568644,
7071064,55.35796324,
7071095,55.35796324,
7071126,55.36024003,
7071158,55.35796324,
7071190,55.35568644,
7071221,55.35796324,
7071253,55.35796324,
7071284,55.35568644,
7071315,55.35340965,
7071347,55.35796324,
7071378,55.35568644,
7071409,55.35568644,
7071441,55.35568644,
7071472,55.35796324,
7071698,55.35796324,
7071829,55.36024003,
7071862,55.35796324,
7071893,55.35568644,
7071924,55.35568644,
7071956,55.35340965,
7071987,55.35796324,
7072019,55.35568644,
7072050,55.35340965,
7072082,55.36024003,
7072113,55.35568644,
7072144,55.35796324,
7072176,55.35796324,
7072207,55.35796324,
7072239,55.35796324,
7072270,55.35568644,
7072301,55.36024003,
7072333,55.35796324,
7072364,55.35568644,
7072396,55.35568644,
7072747,55.35340965,
7072878,55.35796324,
7072910,55.35796324,
7072942,55.35796324,
7072973,55.35568644,
7073005,55.35568644,
7073036,55.35340965,
7073067,55.35568644,
7073099,55.35568644,
7073130,55.35568644,
7073162,55.35796324,
7073193,55.35568644,
7073225,55.35796324,
7073256,55.35796324,
7073287,55.35796324,
7073319,55.36024003,
7073351,55.35796324,
7073382,55.35796324,
7073414,55.36024003,
7073445,55.35796324,
7073545,55.35568644,
7073676,55.35796324,
7073709,55.35568644,
7073740,55.35796324,
7073772,55.36024003,
7073803,55.35568644,
7073835,55.35796324,
7073866,55.35568644,
7073897,55.35796324,
7073929,55.36024003,
7073960,55.35340965,
7073992,55.35568644,
7074023,55.35796324,
7074055,55.35796324,
7074086,55.36024003,
7074117,55.35340965,
7074149,55.35796324,
7074180,55.35796324,
7074212,55.35568644,
7074243,55.35568644,
7074370,55.35568644,
7074502,55.35796324,
7074534,55.35568644,
7074565,55.35568644,
7074597,55.35796324,
7074628,55.35568644,
7074660,55.35568644,
7074691,55.35796324,
7074722,55.35796324,
7074754,55.35340965,
7074785,55.35340965,
7074817,55.35568644,
7074848,55.35568644,
7074880,55.35568644,
7074911,55.35568644,
7074943,55.35568644,
7074974,55.35568644,
7075005,55.36024003,
7075037,55.36024003,
7075068,55.35568644,
7075282,55.35568644,
7075414,55.35568644,
7075446,55.35340965,
7075477,55.35796324,
7075509,55.35796324,
7075540,55.35568644,
7075572,55.35568644,
7075603,55.35568644,
7075634,55.35568644,
7075666,55.35568644,
7075697,55.35796324,
7075728,55.35568644,
7075760,55.35568644,
7075791,55.35568644,
7075823,55.35796324,
7075854,55.35796324,
7075886,55.35568644,
7075917,55.36024003,
7075948,55.35568644,
7075980,55.36024003,
7076105,55.35568644,
7076236,55.35796324,
7076268,55.35796324,
7076300,55.35568644,
7076331,55.35796324,
7076363,55.35796324,
7076394,55.35340965,
7076425,55.35340965,
7076456,55.35796324,
7076488,55.35568644,
7076519,55.35568644,
7076551,55.35568644,
7076582,55.36024003,
7076614,55.35568644,
7076645,55.35568644,
7076677,55.35796324,
7076708,55.35796324,
7076739,55.35796324,
7076770,55.35796324,
7076802,55.35796324,
7076923,55.35796324,
7077054,55.35796324,
7077086,55.35796324,
7077118,55.35796324,
7077149,55.35568644,
7077180,55.35796324,
7077212,55.35796324,
7077244,55.35340965,
7077275,55.35568644,
7077306,55.35568644,
7077338,55.35796324,
7077369,55.35568644,
7077401,55.35568644,
7077432,55.35568644,
7077463,55.35568644,
7077495,55.35340965,
7077526,55.35568644,
7077558,55.35796324,
7077589,55.35568644,
7077621,55.35568644,
7077745,55.35568644,
7077876,55.35568644,
7077908,55.35568644,
7077939,55.35568644,
7077970,55.35340965,
7078002,55.35568644,
7078033,55.35796324,
7078065,55.35796324,
7078096,55.35796324,
7078128,55.35568644,
7078159,55.35568644,
7078190,55.35568644,
7078222,55.35568644,
7078253,55.35796324,
7078285,55.35568644,
7078316,55.35796324,
7078348,55.35568644,
7078379,55.35568644,
7078410,55.35568644,
7078442,55.35568644,
7078569,55.36024003,
7078700,55.35568644,
7078732,55.35568644,
7078764,55.35568644,
7078795,55.35568644,
7078826,55.35796324,
7078858,55.35796324,
7078890,55.35568644,
7078921,55.35796324,
7078953,55.35568644,
7078984,55.35796324,
7079015,55.35568644,
7079047,55.35796324,
7079078,55.35568644,
7079109,55.35796324,
7079141,55.35796324,
7079172,55.35568644,
7079204,55.35796324,
7079235,55.35568644,
7079267,55.35796324,
7079381,55.35796324,
7079512,55.35568644,
7079545,55.35568644,
7079576,55.36024003,
7079607,55.35340965,
7079639,55.35796324,
7079671,55.35568644,
7079702,55.35568644,
7079733,55.35568644,
7079765,55.35796324,
7079796,55.35568644,
7079827,55.35568644,
7079859,55.35796324,
7079890,55.35796324,
7079922,55.35568644,
7079953,55.35796324,
7079985,55.35796324,
7080016,55.35796324,
7080047,55.35568644,
7080079,55.35796324,
7080195,55.35568644,
7080326,55.35796324,
7080358,55.35340965,
7080389,55.35796324,
7080420,55.35568644,
7080452,55.35796324,
7080483,55.35568644,
7080515,55.35568644,
7080546,55.35796324,
7080578,55.35568644,
7080609,55.35796324,
7080640,55.35796324,
7080672,55.35796324,
7080703,55.35568644,
7080734,55.35568644,
7080766,55.35796324,
7080797,55.36024003,
7080829,55.36024003,
7080860,55.35796324,
7080892,55.35568644,
7081025,55.35568644,
7081156,55.35796324,
7081188,55.36024003,
7081220,55.35568644,
7081251,55.35796324,
7081283,55.35340965,
7081314,55.35568644,
7081346,55.35568644,
7081377,55.35796324,
7081408,55.35796324,
7081440,55.35568644,
7081471,55.35568644,
7081503,55.35568644,
7081534,55.35796324,
7081565,55.35340965,
7081597,55.35796324,
7081628,55.35796324,
7081660,55.35568644,
7081691,55.35796324,
7081723,55.35568644,
7081834,55.35568644,
7081965,55.35568644,
7081998,55.35568644,
7082029,55.35568644,
7082060,55.35568644,
7082092,55.36251683,
7082123,55.36024003,
7082155,55.35340965,
7082186,55.35796324,
7082218,55.35796324,
7082249,55.35796324,
7082280,55.35796324,
7082312,55.35568644,
7082343,55.35796324,
7082374,55.35796324,
7082406,55.35568644,
7082438,55.35568644,
7082469,55.35796324,
7082500,55.35568644,
7082532,55.35796324,
7082666,55.35568644,
7082797,55.35568644,
7082829,55.35568644,
7082861,55.35796324,
7082892,55.35796324,
7082924,55.35796324,
7082955,55.35568644,
7082987,55.36024003,
7083018,55.35796324,
7083050,55.35796324,
7083081,55.36024003,
7083112,55.35568644,
7083144,55.35568644,
7083175,55.35796324,
7083206,55.35568644,
7083238,55.35796324,
7083269,55.36024003,
7083301,55.35796324,
7083332,55.36024003,
7083364,55.35340965,
7083473,55.35568644,
7083604,55.35796324,
7083636,55.35568644,
7083667,55.35568644,
7083698,55.35796324,
7083730,55.35568644,
7083762,55.35568644,
7083793,55.35568644,
7083824,55.35796324,
7083856,55.35796324,
7083887,55.35796324,
7083918,55.35796324,
7083950,55.35340965,
7083981,55.35796324,
7084013,55.35796324,
7084044,55.35568644,
7084076,55.35796324,
7084107,55.36024003,
7084138,55.35568644,
7084170,55.35796324,
7084295,55.35796324,
7084426,55.35796324,
7084459,55.35568644,
7084490,55.35568644,
7084521,55.35796324,
7084552,55.35796324,
7084584,55.35568644,
7084616,55.35796324,
7084647,55.35568644,
7084678,55.35568644,
7084710,55.35568644,
7084741,55.35568644,
7084773,55.35340965,
7084804,55.35568644,
7084835,55.35796324,
7084867,55.35796324,
7084898,55.35568644,
7084930,55.35340965,
7084961,55.35568644,
7084993,55.35796324,
7085128,55.35796324,
7085258,55.35796324,
7085291,55.35796324,
7085322,55.35796324,
7085354,55.36024003,
7085385,55.35796324,
7085417,55.35568644,
7085448,55.35340965,
7085480,55.35340965,
7085511,55.35796324,
7085542,55.35796324,
7085574,55.35568644,
7085605,55.35796324,
7085636,55.35796324,
7085668,55.35796324,
7085699,55.35568644,
7085731,55.35568644,
7085762,55.35796324,
7085794,55.35568644,
7085825,55.35796324,
7085940,55.35796324,
7086072,55.35796324,
7086104,55.35796324,
7086136,55.35568644,
7086167,55.36024003,
7086199,55.35568644,
7086230,55.36024003,
7086261,55.35568644,
7086292,55.35568644,
7086324,55.36024003,
7086356,55.35796324,
7086387,55.36024003,
7086418,55.35796324,
7086450,55.35796324,
7086481,55.35796324,
7086513,55.35796324,
7086544,55.35796324,
7086575,55.36024003,
7086607,55.35568644,
7086638,55.35796324,
7086756,55.35796324,
7086888,55.35796324,
7086920,55.35568644,
7086951,55.35568644,
7086983,55.35796324,
7087014,55.36024003,
7087046,55.35568644,
7087077,55.35796324,
7087108,55.35796324,
7087140,55.35568644,
7087171,55.35568644,
7087203,55.35568644,
7087234,55.35796324,
7087266,55.35796324,
7087297,55.36024003,
7087328,55.35568644,
7087360,55.35340965,
7087391,55.35796324,
7087423,55.35796324,
7087454,55.35796324,
7087671,55.35568644,
7087802,55.35796324,
7087834,55.35568644,
7087866,55.35568644,
7087897,55.35796324,
7087928,55.35568644,
7087960,55.35568644,
7087992,55.35568644,
7088023,55.35568644,
7088055,55.36024003,
7088086,55.35568644,
7088117,55.35796324,
7088149,55.35796324,
7088180,55.35796324,
7088211,55.35796324,
7088243,55.35568644,
7088274,55.35796324,
7088306,55.35568644,
7088337,55.35796324,
7088369,55.35796324,
7088503,55.36024003,
7088634,55.35796324,
7088667,55.35796324,
7088698,55.35568644,
7088729,55.35568644,
7088761,55.35568644,
7088793,55.35340965,
7088824,55.35796324,
7088855,55.35796324,
7088887,55.35568644,
7088918,55.35568644,
7088949,55.35796324,
7088981,55.36024003,
7089012,55.35568644,
7089044,55.35796324,
7089075,55.35568644,
7089107,55.35568644,
7089138,55.36251683,
7089170,55.35568644,
7089201,55.35568644,
7089330,55.35340965,
7089461,55.35796324,
7089494,55.35568644,
7089525,55.35568644,
7089557,55.35568644,
7089588,55.35796324,
7089620,55.35796324,
7089651,55.36024003,
7089683,55.35796324,
7089714,55.35796324,
7089745,55.35568644,
7089777,55.35568644,
7089808,55.35796324,
7089840,55.35340965,
7089871,55.35796324,
7089903,55.35796324,
7089934,55.35796324,
7089965,55.35568644,
7089997,55.35796324,
7090028,55.35568644,
7090135,55.35568644,
7090265,55.35796324,
7090297,55.35568644,
7090329,55.35568644,
7090360,55.35568644,
7090392,55.35568644,
7090423,55.35568644,
7090455,55.35568644,
7090486,55.35340965,
7090517,55.35796324,
7090549,55.35796324,
7090580,55.35340965,
7090612,55.35568644,
7090643,55.35796324,
7090674,55.35796324,
7090706,55.35796324,
7090737,55.35796324,
7090769,55.35568644,
7090800,55.35568644,
7090831,55.36024003,
7090948,55.35796324,
7091079,55.36024003,
7091111,55.35568644,
7091142,55.35568644,
7091174,55.35796324,
7091205,55.35796324,
7091236,55.35568644,
7091268,55.35568644,
7091299,55.35568644,
7091331,55.35568644,
7091362,55.35568644,
7091393,55.35796324,
7091425,55.35568644,
7091456,55.35796324,
7091488,55.35568644,
7091519,55.35568644,
7091551,55.35568644,
7091582,55.35568644,
7091613,55.35568644,
7091645,55.36024003,
7091786,55.36024003,
7091917,55.35796324,
7091949,55.35568644,
7091981,55.35796324,
7092012,55.35568644,
7092044,55.35796324,
7092075,55.35796324,
7092106,55.36024003,
7092138,55.35796324,
7092170,55.35568644,
7092201,55.35340965,
7092232,55.36024003,
7092264,55.35796324,
7092295,55.35568644,
7092326,55.35796324,
7092358,55.35796324,
7092389,55.35340965,
7092421,55.35796324,
7092452,55.35796324,
7092484,55.36024003,
7092587,55.36024003,
7092717,55.35796324,
7092750,55.35568644,
7092781,55.35796324,
7092812,55.35796324,
7092843,55.35796324,
7092875,55.35568644,
7092907,55.35568644,
7092938,55.35796324,
7092970,55.35796324,
7093001,55.35796324,
7093032,55.35796324,
7093064,55.35796324,
7093095,55.36024003,
7093126,55.35796324,
7093158,55.35340965,
7093189,55.35568644,
7093221,55.35796324,
7093252,55.35796324,
7093283,55.35796324,
7093406,55.35568644,
7093538,55.35796324,
7093570,55.35568644,
7093602,55.35568644,
7093633,55.35568644,
7093664,55.35796324,
7093696,55.35796324,
7093727,55.35796324,
7093758,55.35796324,
7093790,55.35568644,
7093821,55.35796324,
7093853,55.35796324,
7093885,55.35796324,
7093916,55.35796324,
7093947,55.35796324,
7093979,55.35796324,
7094010,55.35568644,
7094042,55.35568644,
7094073,55.35568644,
7094104,55.35796324,
7094230,55.35796324,
7094360,55.35796324,
7094392,55.36024003,
7094423,55.35796324,
7094455,55.35568644,
7094486,55.35796324,
7094518,55.36024003,
7094549,55.35568644,
7094580,55.35796324,
7094612,55.36024003,
7094643,55.35796324,
7094675,55.35568644,
7094706,55.35796324,
7094738,55.35568644,
7094769,55.35796324,
7094801,55.35796324,
7094832,55.35796324,
7094863,55.35796324,
7094895,55.35568644,
7094926,55.35568644,
7095048,55.35796324,
7095179,55.35568644,
7095211,55.35796324,
7095243,55.35568644,
7095274,55.35796324,
7095305,55.35796324,
7095337,55.35796324,
7095369,55.35568644,
7095400,55.35568644,
7095432,55.35568644,
7095463,55.35568644,
7095494,55.35796324,
7095526,55.35568644,
7095557,55.35568644,
7095589,55.36024003,
7095620,55.35796324,
7095652,55.35568644,
7095683,55.36024003,
7095714,55.35796324,
7095746,55.35340965,
7095864,55.35796324,
7095995,55.35796324,
7096027,55.35568644,
7096059,55.35796324,
7096090,55.35796324,
7096121,55.35568644,
7096153,55.35796324,
7096185,55.35568644,
7096216,55.35568644,
7096247,55.35568644,
7096279,55.36024003,
7096310,55.35796324,
7096342,55.35568644,
7096373,55.35796324,
7096404,55.36024003,
7096436,55.35796324,
7096467,55.35796324,
7096499,55.35796324,
7096530,55.35796324,
7096561,55.35796324,
7096681,55.35568644,
7096812,55.35796324,
7096844,55.35796324,
7096875,55.36024003,
7096906,55.35568644,
7096938,55.35568644,
7096970,55.35340965,
7097001,55.35796324,
7097032,55.35568644,
7097064,55.36024003,
7097095,55.35796324,
7097127,55.35796324,
7097158,55.35796324,
7097190,55.35796324,
7097221,55.35796324,
7097253,55.35796324,
7097284,55.35796324,
7097315,55.35796324,
7097347,55.35340965,
7097378,55.35796324,
7097508,55.36024003,
7097640,55.36024003,
7097672,55.35568644,
7097703,55.35568644,
7097734,55.35796324,
7097766,55.35796324,
7097797,55.35568644,
7097828,55.35796324,
7097860,55.35568644,
7097891,55.35796324,
7097923,55.36024003,
7097954,55.35796324,
7097986,55.35796324,
7098017,55.35796324,
7098048,55.35796324,
7098080,55.35796324,
7098111,55.35568644,
7098142,55.36024003,
7098174,55.35796324,
7098205,55.35796324,
7098325,55.35796324,
7098457,55.35796324,
7098489,55.35796324,
7098520,55.36024003,
7098552,55.35796324,
7098583,55.35568644,
7098615,55.35796324,
7098646,55.36024003,
7098677,55.35796324,
7098709,55.35796324,
7098740,55.35796324,
7098772,55.35568644,
7098803,55.35796324,
7098834,55.35796324,
7098866,55.35796324,
7098898,55.35796324,
7098929,55.35796324,
7098960,55.36024003,
7098991,55.35568644,
7099023,55.35796324,
7099156,55.35796324,
7099287,55.35796324,
7099319,55.36024003,
7099351,55.35796324,
7099382,55.35796324,
7099414,55.35796324,
7099446,55.35568644,
7099477,55.35340965,
7099508,55.35568644,
7099540,55.35796324,
7099571,55.35796324,
7099602,55.35796324,
7099634,55.36024003,
7099665,55.35340965,
7099697,55.36024003,
7099728,55.35568644,
7099760,55.35796324,
7099791,55.35796324,
7099822,55.35796324,
7099854,55.35568644,
7099961,55.36024003,
7100092,55.35568644,
7100124,55.35796324,
7100155,55.35796324,
7100187,55.35796324,
7100218,55.36251683,
7100250,55.35796324,
7100281,55.35568644,
7100312,55.35568644,
7100344,55.35796324,
7100375,55.35568644,
7100406,55.35568644,
7100438,55.35568644,
7100470,55.35568644,
7100501,55.36024003,
7100532,55.35796324,
7100564,55.36024003,
7100595,55.35796324,
7100626,55.35796324,
7100658,55.35796324,
7100787,55.35796324,
7100919,55.35796324,
7100951,55.35568644,
7100982,55.35796324,
7101014,55.35796324,
7101045,55.35796324,
7101077,55.35796324,
7101108,55.36251683,
7101139,55.35796324,
7101171,55.35796324,
7101202,55.35796324,
7101233,55.35568644,
7101265,55.35796324,
7101297,55.35568644,
7101328,55.36024003,
7101359,55.35568644,
7101391,55.35568644,
7101422,55.35340965,
7101454,55.36024003,
7101485,55.35796324,
7101603,55.35568644,
7101734,55.35796324,
7101767,55.35340965,
7101798,55.35796324,
7101829,55.35796324,
7101861,55.35796324,
7101893,55.36024003,
7101924,55.35796324,
7101955,55.35568644,
7101987,55.35796324,
7102018,55.35796324,
7102049,55.35796324,
7102081,55.35796324,
7102112,55.35796324,
7102144,55.35796324,
7102175,55.35568644,
7102207,55.35796324,
7102238,55.36024003,
7102269,55.35568644,
7102301,55.35796324,
7102416,55.35796324,
7102547,55.35796324,
7102579,55.36024003,
7102611,55.35796324,
7102642,55.36024003,
7102673,55.35796324,
7102705,55.35568644,
7102736,55.35796324,
7102767,55.35340965,
7102799,55.35796324,
7102831,55.35796324,
7102862,55.35796324,
7102894,55.36024003,
7102925,55.35796324,
7102956,55.35796324,
7102988,55.35796324,
7103019,55.35796324,
7103050,55.35796324,
7103082,55.35796324,
7103113,55.35796324,
7103348,55.35568644,
7103479,55.35796324,
7103512,55.35568644,
7103543,55.35568644,
7103574,55.35796324,
7103606,55.35568644,
7103637,55.35796324,
7103669,55.35796324,
7103700,55.35796324,
7103731,55.35796324,
7103763,55.35568644,
7103794,55.35796324,
7103826,55.35568644,
7103857,55.35568644,
7103889,55.35568644,
7103920,55.35796324,
7103952,55.35796324,
7103983,55.35568644,
7104014,55.36251683,
7104046,55.35568644,
7104161,55.35796324,
7104292,55.35796324,
7104324,55.35568644,
7104356,55.35796324,
7104387,55.35796324,
7104418,55.35796324,
7104450,55.36024003,
7104481,55.35568644,
7104512,55.35796324,
7104544,55.35796324,
7104575,55.35796324,
7104606,55.35796324,
7104638,55.35568644,
7104669,55.35568644,
7104701,55.36024003,
7104732,55.35568644,
7104764,55.35796324,
7104795,55.36024003,
7104826,55.35796324,
7104858,55.35796324,
7104988,55.35796324,
7105119,55.35796324,
7105151,55.35796324,
7105183,55.35568644,
7105214,55.35796324,
7105246,55.35796324,
7105277,55.35568644,
7105308,55.35796324,
7105340,55.35568644,
7105371,55.35796324,
7105403,55.35568644,
7105434,55.36024003,
7105465,55.35796324,
7105497,55.35796324,
7105528,55.35568644,
7105560,55.35568644,
7105591,55.35796324,
7105622,55.35796324,
7105654,55.35796324,
7105685,55.35568644,
7105803,55.35796324,
7105933,55.35796324,
7105965,55.35796324,
7105997,55.35796324,
7106028,55.36024003,
7106059,55.35340965,
7106091,55.35568644,
7106122,55.35796324,
7106154,55.35796324,
7106185,55.35796324,
7106217,55.35340965,
7106248,55.35568644,
7106280,55.35796324,
7106311,55.35796324,
7106342,55.35796324,
7106374,55.35796324,
7106405,55.35796324,
7106436,55.35568644,
7106468,55.36024003,
7106499,55.35568644,
7106634,55.35796324,
7106765,55.35568644,
7106797,55.35568644,
7106829,55.35568644,
7106860,55.35796324,
7106892,55.35796324,
7106924,55.36024003,
7106955,55.36024003,
7106987,55.35796324,
7107018,55.35796324,
7107049,55.36024003,
7107080,55.35568644,
7107112,55.35796324,
7107143,55.35796324,
7107175,55.35796324,
7107206,55.36024003,
7107238,55.35340965,
7107269,55.36024003,
7107300,55.35796324,
7107332,55.35796324,
7107437,55.35796324,
7107568,55.35796324,
7107600,55.36024003,
7107631,55.36024003,
7107662,55.36024003,
7107694,55.35568644,
7107725,55.35796324,
7107757,55.35796324,
7107788,55.35796324,
7107820,55.35796324,
7107851,55.35796324,
7107882,55.36024003,
7107914,55.36024003,
7107945,55.35796324,
7107977,55.35796324,
7108008,55.35568644,
7108040,55.35568644,
7108071,55.36024003,
7108102,55.35796324,
7108134,55.35796324,
7108260,55.35796324,
7108390,55.36251683,
7108422,55.35568644,
7108454,55.35796324,
7108485,55.35568644,
7108516,55.36024003,
7108548,55.35796324,
7108580,55.35796324,
7108611,55.35796324,
7108643,55.35568644,
7108674,55.35568644,
7108705,55.35568644,
7108737,55.35796324,
7108768,55.36024003,
7108799,55.35568644,
7108831,55.35568644,
7108862,55.36024003,
7108894,55.36024003,
7108925,55.35796324,
7108957,55.35796324,
7109288,55.35796324,
7109419,55.36024003,
7109451,55.35796324,
7109482,55.35796324,
7109514,55.35796324,
7109546,55.36024003,
7109577,55.35340965,
7109608,55.35568644,
7109639,55.35796324,
7109671,55.36024003,
7109702,55.35796324,
7109733,55.36024003,
7109765,55.35796324,
7109797,55.36024003,
7109828,55.36024003,
7109860,55.35568644,
7109891,55.35796324,
7109922,55.35796324,
7109954,55.35796324,
7109985,55.35796324,
7110112,55.36024003,
7110243,55.35568644,
7110276,55.35796324,
7110307,55.35568644,
7110338,55.35796324,
7110370,55.35796324,
7110401,55.35796324,
7110433,55.36024003,
7110464,55.35796324,
7110496,55.35796324,
7110527,55.35568644,
7110558,55.35796324,
7110590,55.35568644,
7110621,55.36024003,
7110652,55.36024003,
7110684,55.36024003,
7110715,55.36024003,
7110747,55.36024003,
7110778,55.35796324,
7110810,55.35568644,
7110926,55.35796324,
7111057,55.35796324,
7111089,55.35796324,
7111121,55.35796324,
7111152,55.35796324,
7111184,55.35796324,
7111215,55.36024003,
7111246,55.35796324,
7111278,55.36024003,
7111309,55.35796324,
7111341,55.35796324,
7111372,55.35568644,
7111404,55.35796324,
7111435,55.35796324,
7111466,55.36024003,
7111498,55.36024003,
7111529,55.35568644,
7111560,55.35796324,
7111592,55.35568644,
7111623,55.36024003,
7111738,55.35568644,
7111870,55.35568644,
7111901,55.35796324,
7111933,55.36024003,
7111964,55.36024003,
7111995,55.35796324,
7112027,55.36024003,
7112058,55.35796324,
7112090,55.36024003,
7112121,55.36024003,
7112153,55.36024003,
7112184,55.35796324,
7112216,55.35568644,
7112247,55.35796324,
7112278,55.35796324,
7112310,55.35796324,
7112341,55.35796324,
7112373,55.36024003,
7112404,55.35796324,
7112435,55.35568644,
7112557,55.35796324,
7112687,55.35568644,
7112719,55.35796324,
7112751,55.35796324,
7112782,55.35796324,
7112813,55.36024003,
7112845,55.36024003,
7112876,55.35796324,
7112907,55.35796324,
7112939,55.35796324,
7112970,55.35796324,
7113002,55.35796324,
7113033,55.35796324,
7113065,55.35796324,
7113096,55.35796324,
7113128,55.36024003,
7113159,55.35796324,
7113190,55.35796324,
7113221,55.35796324,
7113253,55.36024003,
7113377,55.35796324,
7113508,55.35568644,
7113541,55.35796324,
7113572,55.35796324,
7113603,55.35796324,
7113635,55.35796324,
7113666,55.35568644,
7113698,55.36024003,
7113729,55.35796324,
7113761,55.35796324,
7113792,55.36024003,
7113823,55.35796324,
7113855,55.36024003,
7113886,55.35796324,
7113918,55.36024003,
7113949,55.35568644,
7113981,55.35796324,
7114012,55.35568644,
7114043,55.35796324,
7114075,55.35796324,
7114290,55.35796324,
7114421,55.35568644,
7114453,55.35796324,
7114484,55.36024003,
7114516,55.36024003,
7114547,55.35796324,
7114579,55.35796324,
7114610,55.35796324,
7114641,55.35796324,
7114673,55.36024003,
7114704,55.36024003,
7114736,55.35796324,
7114767,55.36024003,
7114799,55.36024003,
7114830,55.35796324,
7114861,55.36024003,
7114893,55.36024003,
7114924,55.35796324,
7114955,55.35796324,
7114987,55.35796324,
7115145,55.35568644,
7115277,55.35568644,
7115309,55.35796324,
7115341,55.35796324,
7115372,55.35796324,
7115404,55.36024003,
7115435,55.35568644,
7115466,55.35796324,
7115498,55.35796324,
7115529,55.36024003,
7115561,55.36024003,
7115592,55.35796324,
7115624,55.36024003,
7115655,55.35796324,
7115687,55.35796324,
7115718,55.35796324,
7115749,55.35796324,
7115780,55.35796324,
7115812,55.36024003,
7115843,55.35796324,
7115943,55.35796324,
7116075,55.36024003,
7116106,55.36024003,
7116138,55.36024003,
7116170,55.35568644,
7116201,55.36024003,
7116233,55.35796324,
7116264,55.36251683,
7116295,55.36024003,
7116327,55.35796324,
7116358,55.35796324,
7116390,55.36024003,
7116421,55.35796324,
7116453,55.35568644,
7116484,55.35568644,
7116515,55.36024003,
7116547,55.36024003,
7116578,55.36024003,
7116610,55.35796324,
7116641,55.36024003,
7116774,55.35796324,
7116905,55.35568644,
7116938,55.36024003,
7116969,55.36024003,
7117000,55.35340965,
7117032,55.35796324,
7117064,55.36024003,
7117095,55.35796324,
7117126,55.35796324,
7117158,55.36024003,
7117189,55.35796324,
7117220,55.36024003,
7117252,55.35796324,
7117283,55.35568644,
7117315,55.35796324,
7117346,55.35796324,
7117378,55.35796324,
7117409,55.35796324,
7117441,55.35796324,
7117472,55.36024003,
7117582,55.35796324,
7117713,55.36024003,
7117745,55.35796324,
7117777,55.35568644,
7117808,55.35796324,
7117839,55.35796324,
7117871,55.35796324,
7117902,55.35796324,
7117933,55.35796324,
7117965,55.36024003,
7117996,55.35796324,
7118028,55.36024003,
7118059,55.36024003,
7118091,55.35796324,
7118122,55.36251683,
7118154,55.35796324,
7118185,55.36024003,
7118216,55.35568644,
7118248,55.35796324,
7118279,55.35568644,
7118422,55.35796324,
7118555,55.35796324,
7118586,55.36024003,
7118617,55.35568644,
7118649,55.35796324,
7118680,55.36251683,
7118712,55.35796324,
7118743,55.35796324,
7118775,55.36024003,
7118806,55.35796324,
7118837,55.36251683,
7118869,55.35796324,
7118900,55.35796324,
7118932,55.36024003,
7118963,55.35796324,
7118995,55.36024003,
7119026,55.35568644,
7119057,55.36251683,
7119089,55.36024003,
7119120,55.35796324,
7119213,55.35796324,
7119344,55.35340965,
7119376,55.36024003,
7119408,55.36024003,
7119439,55.35796324,
7119470,55.36024003,
7119502,55.36024003,
7119533,55.36024003,
7119564,55.35796324,
7119596,55.35796324,
7119628,55.35796324,
7119659,55.35796324,
7119691,55.35796324,
7119722,55.35568644,
7119753,55.36024003,
7119785,55.35568644,
7119816,55.36024003,
7119847,55.35796324,
7119879,55.36024003,
7119910,55.35568644,
7120027,55.36024003,
7120157,55.35568644,
7120189,55.35796324,
7120221,55.35796324,
7120253,55.35568644,
7120284,55.36024003,
7120316,55.35568644,
7120347,55.36024003,
7120378,55.36024003,
7120410,55.35796324,
7120441,55.35796324,
7120473,55.36024003,
7120504,55.35796324,
7120536,55.36024003,
7120567,55.36024003,
7120598,55.36251683,
7120630,55.36024003,
7120661,55.35796324,
7120692,55.35796324,
7120724,55.35796324,
7120867,55.35796324,
7120998,55.35568644,
7121031,55.35796324,
7121062,55.36024003,
7121094,55.35796324,
7121125,55.36024003,
7121157,55.36024003,
7121188,55.35568644,
7121220,55.35568644,
7121251,55.35796324,
7121282,55.35796324,
7121314,55.35568644,
7121345,55.36024003,
7121377,55.35796324,
7121408,55.36251683,
7121440,55.36024003,
7121471,55.35796324,
7121502,55.36024003,
7121534,55.36024003,
7121565,55.36251683,
7121670,55.36024003,
7121801,55.35796324,
7121833,55.35796324,
7121865,55.35568644,
7121896,55.35568644,
7121927,55.35796324,
7121959,55.35796324,
7121990,55.35796324,
7122021,55.35796324,
7122053,55.35796324,
7122085,55.36024003,
7122116,55.35796324,
7122147,55.35796324,
7122179,55.35796324,
7122210,55.36024003,
7122242,55.35796324,
7122273,55.36024003,
7122304,55.36251683,
7122336,55.35796324,
7122367,55.35568644,
7122490,55.35568644,
7122621,55.35796324,
7122653,55.35796324,
7122684,55.35796324,
7122715,55.36251683,
7122746,55.35796324,
7122778,55.36024003,
7122809,55.35796324,
7122841,55.35796324,
7122873,55.35796324,
7122904,55.35568644,
7122935,55.35796324,
7122967,55.35796324,
7122998,55.35796324,
7123029,55.36024003,
7123061,55.36024003,
7123092,55.36024003,
7123124,55.35568644,
7123155,55.35796324,
7123187,55.36024003,
7123306,55.35796324,
7123437,55.35796324,
7123470,55.35796324,
7123501,55.35796324,
7123532,55.35568644,
7123564,55.35796324,
7123595,55.36024003,
7123627,55.35796324,
7123658,55.35796324,
7123690,55.35568644,
7123721,55.35796324,
7123752,55.36024003,
7123784,55.35568644,
7123815,55.35796324,
7123847,55.35796324,
7123878,55.35796324,
7123910,55.35796324,
7123941,55.35796324,
7123972,55.35568644,
7124004,55.35568644,
7124127,55.35796324,
7124258,55.35796324,
7124290,55.36024003,
7124322,55.36024003,
7124353,55.35796324,
7124384,55.36024003,
7124416,55.35796324,
7124447,55.36024003,
7124479,55.36024003,
7124510,55.36024003,
7124542,55.35796324,
7124573,55.36024003,
7124605,55.35796324,
7124636,55.35796324,
7124667,55.35796324,
7124699,55.35568644,
7124730,55.36251683,
7124761,55.35568644,
7124793,55.35796324,
7124824,55.36024003,
7124950,55.35796324,
7125081,55.36024003,
7125113,55.36251683,
7125145,55.35568644,
7125176,55.36024003,
7125207,55.36024003,
7125239,55.36024003,
7125271,55.35796324,
7125302,55.35796324,
7125334,55.35796324,
7125365,55.35796324,
7125396,55.35796324,
7125428,55.36251683,
7125459,55.35796324,
7125491,55.36024003,
7125522,55.36024003,
7125554,55.36024003,
7125585,55.35796324,
7125616,55.35568644,
7125648,55.36024003,
7125873,55.36024003,
7126004,55.36024003,
7126037,55.35340965,
7126068,55.36024003,
7126099,55.35796324,
7126131,55.35796324,
7126163,55.35568644,
7126194,55.35340965,
7126225,55.35796324,
7126257,55.35796324,
7126288,55.35796324,
7126319,55.35568644,
7126351,55.35796324,
7126382,55.36251683,
7126413,55.35796324,
7126445,55.36251683,
7126477,55.36024003,
7126508,55.36024003,
7126539,55.35796324,
7126571,55.36024003,
7126686,55.36024003,
7126818,55.35796324,
7126849,55.36251683,
7126882,55.35568644,
7126913,55.35796324,
7126944,55.36024003,
7126976,55.35796324,
7127007,55.35568644,
7127038,55.35796324,
7127070,55.35796324,
7127101,55.35568644,
7127133,55.36024003,
7127164,55.35568644,
7127196,55.35796324,
7127227,55.35796324,
7127259,55.36024003,
7127290,55.35796324,
7127321,55.35796324,
7127352,55.35568644,
7127384,55.36024003,
7127507,55.35796324,
7127639,55.35568644,
7127671,55.36024003,
7127703,55.35796324,
7127734,55.36024003,
7127765,55.36024003,
7127797,55.35568644,
7127828,55.35568644,
7127860,55.35796324,
7127892,55.35796324,
7127923,55.35796324,
7127954,55.35796324,
7127986,55.35796324,
7128017,55.35568644,
7128048,55.35796324,
7128080,55.35796324,
7128111,55.35568644,
7128143,55.36024003,
7128174,55.35796324,
7128206,55.36024003,
7128321,55.35796324,
7128452,55.35796324,
7128484,55.36024003,
7128516,55.35796324,
7128547,55.35796324,
7128578,55.35796324,
7128610,55.35796324,
7128641,55.35796324,
7128672,55.36024003,
7128704,55.36024003,
7128735,55.35568644,
7128766,55.36024003,
7128798,55.36024003,
7128829,55.35568644,
7128861,55.35796324,
7128892,55.36024003,
7128924,55.35568644,
7128955,55.35568644,
7128986,55.35568644,
7129018,55.35796324,
7129146,55.35796324,
7129277,55.35568644,
7129309,55.35796324,
7129341,55.35796324,
7129372,55.35796324,
7129403,55.35568644,
7129435,55.35796324,
7129466,55.35796324,
7129497,55.35796324,
7129529,55.35796324,
7129561,55.36024003,
7129592,55.35796324,
7129623,55.35796324,
7129655,55.35796324,
7129686,55.35796324,
7129718,55.36024003,
7129749,55.35796324,
7129780,55.35796324,
7129812,55.35796324,
7129843,55.35796324,
7129970,55.35568644,
7130101,55.36024003,
7130134,55.35796324,
7130165,55.35796324,
7130196,55.35796324,
7130228,55.35796324,
7130260,55.35568644,
7130291,55.36024003,
7130322,55.36024003,
7130354,55.36024003,
7130385,55.35796324,
7130416,55.36024003,
7130448,55.35796324,
7130479,55.35796324,
7130510,55.35796324,
7130542,55.35796324,
7130574,55.36251683,
7130605,55.35796324,
7130636,55.35796324,
7130668,55.36024003,
7130788,55.36024003,
7130919,55.35796324,
7130951,55.35796324,
7130983,55.36024003,
7131014,55.35796324,
7131045,55.35796324,
7131077,55.35796324,
7131109,55.35796324,
7131140,55.35568644,
7131172,55.36024003,
7131203,55.35796324,
7131234,55.35568644,
7131266,55.35796324,
7131297,55.35796324,
7131328,55.35796324,
7131360,55.35796324,
7131391,55.35796324,
7131423,55.35796324,
7131454,55.35796324,
7131486,55.35568644,
7131693,55.35796324,
7131824,55.35796324,
7131856,55.35796324,
7131888,55.35568644,
7131919,55.35796324,
7131951,55.35796324,
7131982,55.35796324,
7132014,55.36024003,
7132045,55.35568644,
7132077,55.36024003,
7132108,55.35796324,
7132139,55.35568644,
7132171,55.35796324,
7132202,55.36024003,
7132233,55.35796324,
7132265,55.36024003,
7132296,55.35568644,
7132328,55.36024003,
7132359,55.35568644,
7132391,55.35796324,
7132524,55.36251683,
7132654,55.36251683,
7132687,55.36024003,
7132718,55.36024003,
7132749,55.35796324,
7132781,55.36024003,
7132812,55.35796324,
7132844,55.35568644,
7132875,55.36024003,
7132907,55.35796324,
7132938,55.35796324,
7132969,55.35796324,
7133001,55.35796324,
7133032,55.36024003,
7133064,55.35796324,
7133095,55.35568644,
7133127,55.36024003,
7133158,55.35568644,
7133189,55.36024003,
7133221,55.35796324,
7133338,55.35568644,
7133470,55.36024003,
7133501,55.35796324,
7133533,55.35796324,
7133565,55.35796324,
7133596,55.35796324,
7133628,55.35796324,
7133659,55.35568644,
7133690,55.36024003,
7133722,55.35796324,
7133753,55.35796324,
7133785,55.35796324,
7133816,55.36024003,
7133848,55.35796324,
7133879,55.36024003,
7133910,55.36024003,
7133942,55.35796324,
7133973,55.36024003,
7134004,55.36024003,
7134036,55.35796324,
7134161,55.35568644,
7134292,55.35796324,
7134324,55.36024003,
7134356,55.35796324,
7134387,55.36024003,
7134418,55.35796324,
7134450,55.35796324,
7134481,55.36024003,
7134512,55.35796324,
7134544,55.35568644,
7134575,55.35568644,
7134607,55.35796324,
7134638,55.35796324,
7134670,55.35796324,
7134701,55.35796324,
7134733,55.35796324,
7134764,55.35796324,
7134795,55.36024003,
7134826,55.36024003,
7134858,55.35340965,
7134980,55.35796324,
7135111,55.35796324,
7135142,55.35796324,
7135174,55.35796324,
7135206,55.35796324,
7135237,55.35796324,
7135268,55.35796324,
7135300,55.36024003,
7135331,55.35568644,
7135363,55.35340965,
7135394,55.35796324,
7135425,55.35568644,
7135457,55.35796324,
7135488,55.35796324,
7135519,55.36024003,
7135551,55.35796324,
7135582,55.35796324,
7135614,55.35796324,
7135645,55.36024003,
7135677,55.35796324,
7135805,55.35568644,
7135936,55.35568644,
7135968,55.35796324,
7135999,55.36251683,
7136030,55.35796324,
7136062,55.35568644,
7136093,55.35568644,
7136125,55.35796324,
7136156,55.35568644,
7136188,55.36024003,
7136219,55.35796324,
7136250,55.35796324,
7136282,55.36024003,
7136313,55.35796324,
7136345,55.35796324,
7136376,55.36024003,
7136408,55.36251683,
7136439,55.35568644,
7136470,55.36251683,
7136502,55.36024003,
7136617,55.35796324,
7136748,55.35568644,
7136781,55.35796324,
7136812,55.35796324,
7136844,55.35796324,
7136875,55.36024003,
7136907,55.35568644,
7136938,55.35796324,
7136969,55.36024003,
7137001,55.36251683,
7137032,55.35796324,
7137064,55.35796324,
7137095,55.35796324,
7137127,55.36024003,
7137158,55.35796324,
7137189,55.35568644,
7137221,55.36024003,
7137252,55.35568644,
7137283,55.35796324,
7137315,55.36024003,
7137438,55.35796324,
7137569,55.36024003,
7137601,55.35796324,
7137632,55.36024003,
7137663,55.35796324,
7137695,55.36024003,
7137726,55.36024003,
7137758,55.35568644,
7137789,55.35796324,
7137821,55.35796324,
7137852,55.35568644,
7137884,55.35796324,
7137915,55.36024003,
7137947,55.36024003,
7137978,55.36024003,
7138010,55.35796324,
7138041,55.35796324,
7138072,55.35796324,
7138103,55.36024003,
7138135,55.35796324,
7138258,55.36024003,
7138390,55.35796324,
7138421,55.36024003,
7138453,55.35796324,
7138484,55.35796324,
7138515,55.35796324,
7138547,55.35796324,
7138578,55.35796324,
7138610,55.36024003,
7138641,55.35796324,
7138673,55.35568644,
7138704,55.35796324,
7138735,55.35796324,
7138767,55.35796324,
7138798,55.35796324,
7138830,55.35796324,
7138861,55.36024003,
7138892,55.35568644,
7138924,55.36024003,
7138955,55.36024003,
7139077,55.36024003,
7139209,55.35568644,
7139242,55.36251683,
7139273,55.35796324,
7139304,55.35796324,
7139335,55.35796324,
7139367,55.35796324,
7139399,55.35796324,
7139430,55.36024003,
7139462,55.35796324,
7139493,55.36251683,
7139524,55.36251683,
7139556,55.35796324,
7139587,55.36024003,
7139618,55.35796324,
7139650,55.35796324,
7139681,55.35796324,
7139713,55.36024003,
7139744,55.35796324,
7139776,55.36024003,
7139904,55.35796324,
7140035,55.35796324,
7140068,55.36024003,
7140099,55.35796324,
7140130,55.36024003,
7140162,55.36024003,
7140193,55.35796324,
7140225,55.36024003,
7140256,55.36024003,
7140288,55.36024003,
7140319,55.36251683,
7140350,55.35796324,
7140382,55.36024003,
7140414,55.35796324,
7140445,55.36024003,
7140477,55.35796324,
7140508,55.35796324,
7140539,55.36024003,
7140571,55.35796324,
7140602,55.36024003,
7140805,55.35568644,
7140936,55.35796324,
7140968,55.36024003,
7140999,55.35568644,
7141031,55.35796324,
7141062,55.35796324,
7141094,55.36024003,
7141125,55.36024003,
7141156,55.35796324,
7141188,55.35796324,
7141219,55.35796324,
7141251,55.36024003,
7141282,55.35796324,
7141313,55.36024003,
7141345,55.35796324,
7141376,55.35796324,
7141408,55.35796324,
7141439,55.35568644,
7141470,55.35796324,
7141502,55.35796324,
7141644,55.35796324,
7141775,55.36024003,
7141807,55.36024003,
7141839,55.36024003,
7141870,55.36024003,
7141901,55.35568644,
7141933,55.35796324,
7141964,55.36024003,
7141996,55.35568644,
7142027,55.36024003,
7142059,55.35796324,
7142090,55.36024003,
7142122,55.36024003,
7142153,55.35796324,
7142184,55.35796324,
7142216,55.35568644,
7142247,55.35796324,
7142279,55.36024003,
7142310,55.35796324,
7142342,55.36024003,
7142457,55.35796324,
7142588,55.35796324,
7142620,55.35568644,
7142652,55.35796324,
7142683,55.36024003,
7142714,55.35796324,
7142746,55.35796324,
7142777,55.36024003,
7142809,55.36024003,
7142840,55.35796324,
7142872,55.35796324,
7142903,55.36024003,
7142935,55.35796324,
7142966,55.35796324,
7142997,55.36024003,
7143029,55.36024003,
7143060,55.36024003,
7143092,55.35796324,
7143123,55.36024003,
7143155,55.36024003,
7143284,55.36024003,
7143416,55.35796324,
7143448,55.35568644,
7143479,55.35796324,
7143511,55.35568644,
7143543,55.36024003,
7143574,55.35796324,
7143605,55.36024003,
7143636,55.35796324,
7143668,55.35796324,
7143699,55.36251683,
7143730,55.35796324,
7143762,55.35796324,
7143794,55.36024003,
7143825,55.35796324,
7143857,55.35796324,
7143888,55.35796324,
7143919,55.35796324,
7143951,55.35796324,
7143982,55.35568644,
7144120,55.35568644,
7144251,55.36024003,
7144283,55.35796324,
7144315,55.36251683,
7144346,55.35796324,
7144378,55.36024003,
7144409,55.36024003,
7144440,55.36024003,
7144472,55.35796324,
7144504,55.35568644,
7144535,55.35796324,
7144566,55.35796324,
7144598,55.36024003,
7144629,55.35796324,
7144660,55.36024003,
7144692,55.36024003,
7144723,55.35796324,
7144754,55.35796324,
7144786,55.35568644,
7144817,55.36024003,
7144924,55.36024003,
7145056,55.35568644,
7145088,55.35796324,
7145119,55.35796324,
7145151,55.36024003,
7145182,55.36024003,
7145214,55.36024003,
7145245,55.35568644,
7145276,55.35796324,
7145308,55.36024003,
7145339,55.36251683,
7145370,55.35796324,
7145402,55.35796324,
7145433,55.35796324,
7145465,55.36024003,
7145496,55.35796324,
7145528,55.36024003,
7145559,55.36024003,
7145591,55.35796324,
7145622,55.36024003,
7145728,55.35568644,
7145859,55.35568644,
7145891,55.36024003,
7145923,55.35796324,
7145955,55.35796324,
7145986,55.36024003,
7146017,55.36251683,
7146049,55.35796324,
7146080,55.35796324,
7146112,55.36479362,
7146143,55.35796324,
7146174,55.35568644,
7146206,55.36024003,
7146237,55.36024003,
7146269,55.36024003,
7146300,55.36024003,
7146332,55.35796324,
7146363,55.35568644,
7146394,55.35796324,
7146426,55.36024003,
7146549,55.36024003,
7146679,55.36251683,
7146710,55.35568644,
7146742,55.36251683,
7146773,55.35568644,
7146805,55.36024003,
7146836,55.36024003,
7146868,55.36024003,
7146899,55.35796324,
7146931,55.35568644,
7146962,55.36024003,
7146993,55.36251683,
7147025,55.35796324,
7147056,55.36024003,
7147087,55.35796324,
7147119,55.35796324,
7147150,55.35568644,
7147182,55.35796324,
7147213,55.36024003,
7147245,55.35568644,
7147368,55.36251683,
7147499,55.35796324,
7147531,55.35796324,
7147563,55.35796324,
7147594,55.35568644,
7147625,55.35796324,
7147657,55.35796324,
7147688,55.35796324,
7147720,55.36251683,
7147751,55.36024003,
7147783,55.36024003,
7147814,55.35796324,
7147846,55.36024003,
7147877,55.35568644,
7147908,55.36251683,
7147940,55.35796324,
7147971,55.36024003,
7148003,55.35796324,
7148034,55.35796324,
7148065,55.35796324,
7148198,55.36024003,
7148330,55.36024003,
7148362,55.35796324,
7148393,55.35568644,
7148425,55.36024003,
7148456,55.35796324,
7148488,55.36024003,
7148519,55.36251683,
7148550,55.35796324,
7148582,55.35568644,
7148613,55.35568644,
7148644,55.35568644,
7148676,55.36024003,
7148707,55.36024003,
7148739,55.35796324,
7148770,55.35796324,
7148802,55.35796324,
7148833,55.35568644,
7148865,55.35568644,
7148896,55.36251683,
7149022,55.35796324,
7149153,55.35796324,
7149185,55.35568644,
7149217,55.35796324,
7149248,55.36251683,
7149280,55.35568644,
7149311,55.36251683,
7149342,55.36024003,
7149374,55.36024003,
7149405,55.35796324,
7149437,55.35796324,
7149468,55.35796324,
7149499,55.35796324,
7149531,55.36024003,
7149562,55.36024003,
7149594,55.35568644,
7149625,55.36024003,
7149656,55.36024003,
7149688,55.35796324,
7149719,55.35796324,
7149829,55.36024003,
7149960,55.35568644,
7149993,55.35568644,
7150024,55.35568644,
7150055,55.35796324,
7150087,55.36024003,
7150118,55.35568644,
7150150,55.35568644,
7150181,55.35568644,
7150213,55.36024003,
7150244,55.35796324,
7150275,55.36024003,
7150307,55.35796324,
7150338,55.35796324,
7150370,55.35796324,
7150401,55.35796324,
7150433,55.35796324,
7150464,55.35796324,
7150495,55.36024003,
7150527,55.36024003,
7150661,55.36251683,
7150792,55.36024003,
7150824,55.36251683,
7150856,55.35568644,
7150887,55.36024003,
7150919,55.35796324,
7150950,55.35796324,
7150982,55.36024003,
7151013,55.36024003,
7151044,55.35796324,
7151076,55.36024003,
7151107,55.35796324,
7151138,55.36024003,
7151169,55.36024003,
7151201,55.36024003,
7151232,55.35796324,
7151264,55.36024003,
7151295,55.36251683,
7151327,55.36024003,
7151358,55.35796324,
7151464,55.35796324,
7151595,55.36024003,
7151626,55.35796324,
7151658,55.36024003,
7151690,55.35796324,
7151721,55.35796324,
7151753,55.36024003,
7151784,55.36024003,
7151815,55.36024003,
7151847,55.35796324,
7151878,55.36024003,
7151909,55.35796324,
7151941,55.36024003,
7151972,55.36251683,
7152004,55.36251683,
7152035,55.36251683,
7152067,55.36024003,
7152098,55.35796324,
7152129,55.35796324,
7152161,55.36024003,
7152291,55.36024003,
7152422,55.35796324,
7152454,55.36024003,
7152486,55.36024003,
7152517,55.35796324,
7152548,55.36024003,
7152580,55.35796324,
7152611,55.35796324,
7152643,55.35796324,
7152674,55.35796324,
7152706,55.36024003,
7152737,55.36024003,
7152769,55.36024003,
7152800,55.35796324,
7152831,55.36251683,
7152863,55.36024003,
7152894,55.35796324,
7152926,55.35796324,
7152957,55.35796324,
7152989,55.36024003,
7153109,55.35568644,
7153240,55.36024003,
7153272,55.36024003,
7153303,55.35568644,
7153334,55.36024003,
7153366,55.36251683,
7153397,55.35796324,
7153429,55.36024003,
7153460,55.35796324,
7153492,55.36024003,
7153523,55.36024003,
7153554,55.36024003,
7153586,55.35796324,
7153617,55.35796324,
7153648,55.35796324,
7153680,55.35796324,
7153711,55.36251683,
7153743,55.35796324,
7153774,55.36024003,
7153806,55.35796324,
7153936,55.36024003,
7154068,55.35796324,
7154100,55.36024003,
7154131,55.35796324,
7154163,55.36024003,
7154194,55.35796324,
7154226,55.36024003,
7154257,55.35796324,
7154288,55.35796324,
7154320,55.36024003,
7154351,55.35796324,
7154383,55.35568644,
7154414,55.36024003,
7154446,55.35796324,
7154477,55.36024003,
7154509,55.36024003,
7154540,55.35796324,
7154571,55.35796324,
7154603,55.36024003,
7154634,55.36024003,
7154740,55.36024003,
7154870,55.35796324,
7154902,55.36024003,
7154934,55.35568644,
7154966,55.35796324,
7154997,55.35796324,
7155028,55.35340965,
7155060,55.35568644,
7155091,55.36024003,
7155123,55.36024003,
7155154,55.36024003,
7155185,55.36024003,
7155217,55.36024003,
7155248,55.36024003,
7155280,55.36024003,
7155311,55.35796324,
7155343,55.36024003,
7155374,55.35796324,
7155405,55.36024003,
7155437,55.35796324,
7155563,55.35796324,
7155694,55.36024003,
7155726,55.35796324,
7155758,55.35796324,
7155789,55.35568644,
7155820,55.35796324,
7155852,55.35796324,
7155883,55.35568644,
7155915,55.35796324,
7155946,55.36024003,
7155978,55.35796324,
7156009,55.35796324,
7156041,55.36024003,
7156072,55.36024003,
7156103,55.36024003,
7156134,55.35796324,
7156166,55.36024003,
7156197,55.35796324,
7156229,55.35796324,
7156260,55.36024003,
7156381,55.36024003,
7156513,55.35796324,
7156545,55.36024003,
7156576,55.36024003,
7156607,55.36024003,
7156639,55.35796324,
7156670,55.35796324,
7156702,55.35796324,
7156733,55.35796324,
7156765,55.35796324,
7156796,55.36024003,
7156827,55.36024003,
7156859,55.36024003,
7156890,55.35796324,
7156922,55.35796324,
7156953,55.36251683,
7156984,55.35796324,
7157016,55.36251683,
7157047,55.35568644,
7157079,55.36024003,
7157206,55.36024003,
7157337,55.35796324,
7157370,55.35796324,
7157401,55.35796324,
7157432,55.35796324,
7157463,55.36024003,
7157495,55.36024003,
7157527,55.35796324,
7157558,55.35796324,
7157589,55.35796324,
7157621,55.36024003,
7157652,55.35796324,
7157684,55.36024003,
7157715,55.36024003,
7157746,55.36024003,
7157778,55.35796324,
7157809,55.36024003,
7157841,55.36251683,
7157872,55.35796324,
7157904,55.35796324,
7158017,55.35796324,
7158148,55.35796324,
7158179,55.35796324,
7158211,55.36024003,
7158242,55.35796324,
7158274,55.35796324,
7158305,55.36024003,
7158337,55.35796324,
7158368,55.36024003,
7158400,55.36251683,
7158431,55.36024003,
7158462,55.36024003,
7158494,55.36024003,
7158525,55.36024003,
7158557,55.35796324,
7158588,55.35796324,
7158619,55.35796324,
7158651,55.35796324,
7158682,55.35796324,
7158714,55.35796324,
7158930,55.35796324,
7159061,55.35796324,
7159093,55.35796324,
7159124,55.35568644,
7159156,55.36024003,
7159187,55.36251683,
7159219,55.36024003,
7159250,55.36251683,
7159281,55.35796324,
7159313,55.35796324,
7159344,55.36024003,
7159376,55.35568644,
7159407,55.35796324,
7159438,55.35796324,
7159470,55.36024003,
7159501,55.35796324,
7159533,55.36024003,
7159564,55.36024003,
7159595,55.35796324,
7159627,55.35796324,
7159766,55.35796324,
7159898,55.36024003,
7159930,55.35568644,
7159962,55.35796324,
7159993,55.36024003,
7160024,55.36024003,
7160056,55.35796324,
7160087,55.35796324,
7160118,55.35796324,
7160150,55.36024003,
7160181,55.35796324,
7160213,55.35796324,
7160244,55.35796324,
7160276,55.36024003,
7160307,55.35796324,
7160339,55.36024003,
7160370,55.35796324,
7160401,55.35796324,
7160432,55.35796324,
7160464,55.36251683,
7160591,55.36251683,
7160723,55.35796324,
7160755,55.35796324,
7160787,55.36024003,
7160818,55.35796324,
7160850,55.35796324,
7160881,55.36024003,
7160912,55.36024003,
7160943,55.35796324,
7160975,55.36024003,
7161007,55.36024003,
7161038,55.36024003,
7161069,55.35796324,
7161101,55.36024003,
7161132,55.36024003,
7161164,55.36024003,
7161195,55.36024003,
7161226,55.36251683,
7161258,55.36024003,
7161289,55.36024003,
7161481,55.36024003,
7161612,55.35796324,
7161643,55.36024003,
7161675,55.36024003,
7161706,55.35796324,
7161738,55.36024003,
7161770,55.36251683,
7161801,55.36251683,
7161832,55.36024003,
7161863,55.35796324,
7161895,55.35796324,
7161926,55.35796324,
7161958,55.35568644,
7161989,55.36251683,
7162021,55.35796324,
7162052,55.36024003,
7162084,55.35796324,
7162115,55.35796324,
7162146,55.35796324,
7162178,55.36024003,
7162316,55.35796324,
7162447,55.35568644,
7162479,55.36024003,
7162511,55.36024003,
7162542,55.35796324,
7162573,55.36024003,
7162605,55.36251683,
7162636,55.35796324,
7162667,55.36251683,
7162699,55.36251683,
7162730,55.36024003,
7162762,55.35796324,
7162793,55.35796324,
7162825,55.36024003,
7162856,55.35796324,
7162887,55.35796324,
7162919,55.35796324,
7162950,55.36024003,
7162982,55.36024003,
7163013,55.35796324,
7163155,55.36024003,
7163287,55.35568644,
7163319,55.36024003,
7163350,55.35796324,
7163382,55.36251683,
7163413,55.35796324,
7163445,55.36024003,
7163476,55.36251683,
7163507,55.36024003,
7163539,55.36024003,
7163570,55.35796324,
7163601,55.35796324,
7163633,55.36024003,
7163665,55.35796324,
7163696,55.36251683,
7163728,55.36024003,
7163759,55.35796324,
7163790,55.35568644,
7163822,55.35796324,
7163853,55.36024003,
7163958,55.35796324,
7164089,55.35796324,
7164121,55.36024003,
7164153,55.36024003,
7164184,55.36024003,
7164215,55.36024003,
7164247,55.35796324,
7164278,55.36024003,
7164309,55.36024003,
7164341,55.35796324,
7164373,55.35568644,
7164404,55.35796324,
7164435,55.35796324,
7164467,55.35796324,
7164498,55.36024003,
7164529,55.35568644,
7164561,55.35796324,
7164592,55.35796324,
7164624,55.35796324,
7164655,55.35796324,
7164781,55.35796324,
7164912,55.35796324,
7164944,55.35796324,
7164975,55.35796324,
7165006,55.35796324,
7165038,55.35796324,
7165069,55.36024003,
7165101,55.36024003,
7165132,55.35568644,
7165164,55.35796324,
7165195,55.35796324,
7165226,55.35796324,
7165258,55.35340965,
7165289,55.36251683,
7165320,55.36024003,
7165352,55.36024003,
7165383,55.35796324,
7165415,55.36024003,
7165446,55.35796324,
7165478,55.36024003,
7165599,55.35568644,
7165731,55.35796324,
7165763,55.35796324,
7165794,55.36251683,
7165825,55.35796324,
7165857,55.35568644,
7165889,55.35796324,
7165920,55.35796324,
7165951,55.35796324,
7165983,55.36024003,
7166014,55.35796324,
7166046,55.36251683,
7166077,55.36024003,
7166109,55.35796324,
7166140,55.35796324,
7166171,55.36024003,
7166203,55.36024003,
7166234,55.36024003,
7166265,55.35796324,
7166297,55.35796324,
7166427,55.35796324,
7166559,55.36024003,
7166591,55.35796324,
7166623,55.35796324,
7166654,55.36024003,
7166686,55.36024003,
7166717,55.36024003,
7166748,55.36024003,
7166779,55.36024003,
7166811,55.36024003,
7166843,55.36024003,
7166874,55.36024003,
7166906,55.35796324,
7166937,55.35796324,
7166968,55.36024003,
7167000,55.36024003,
7167031,55.36024003,
7167062,55.36024003,
7167094,55.35796324,
7167125,55.36251683,
7167242,55.35796324,
7167373,55.36024003,
7167405,55.36024003,
7167436,55.35796324,
7167468,55.35796324,
7167499,55.36024003,
7167530,55.36024003,
7167562,55.36024003,
7167593,55.36024003,
7167625,55.35796324,
7167656,55.36024003,
7167687,55.36024003,
7167719,55.35796324,
7167750,55.36024003,
7167782,55.35796324,
7167813,55.35796324,
7167845,55.36024003,
7167876,55.36024003,
7167907,55.35796324,
7167939,55.36024003,
7168063,55.36024003,
7168194,55.35796324,
7168226,55.36024003,
7168258,55.35796324,
7168289,55.35796324,
7168320,55.36024003,
7168352,55.36024003,
7168383,55.35796324,
7168415,55.36251683,
7168446,55.36024003,
7168478,55.36024003,
7168509,55.35796324,
7168541,55.36251683,
7168572,55.36024003,
7168603,55.35796324,
7168635,55.35796324,
7168666,55.36024003,
7168697,55.35796324,
7168729,55.36024003,
7168760,55.36024003,
7168900,55.35796324,
7169032,55.36251683,
7169064,55.36024003,
7169096,55.35796324,
7169127,55.35796324,
7169159,55.35568644,
7169190,55.36251683,
7169221,55.36024003,
7169253,55.36024003,
7169285,55.35796324,
7169316,55.35796324,
7169347,55.36024003,
7169379,55.36024003,
7169410,55.35796324,
7169441,55.36251683,
7169473,55.36251683,
7169504,55.35796324,
7169535,55.35568644,
7169567,55.35796324,
7169598,55.36024003,
7169705,55.35796324,
7169837,55.36024003,
7169869,55.36024003,
7169900,55.36024003,
7169932,55.35796324,
7169963,55.36251683,
7169995,55.35796324,
7170026,55.35796324,
7170057,55.35568644,
7170089,55.35796324,
7170120,55.36024003,
7170152,55.36024003,
7170183,55.35796324,
7170214,55.35796324,
7170246,55.35796324,
7170277,55.36024003,
7170309,55.36024003,
7170340,55.35796324,
7170372,55.36024003,
7170403,55.36024003,
7170627,55.36251683,
7170758,55.36024003,
7170790,55.36024003,
7170822,55.35796324,
7170853,55.35796324,
7170885,55.36024003,
7170916,55.36024003,
7170947,55.36024003,
7170979,55.35796324,
7171010,55.36251683,
7171042,55.35796324,
7171073,55.36024003,
7171105,55.36024003,
7171136,55.36024003,
7171167,55.35796324,
7171199,55.35796324,
7171230,55.36024003,
7171262,55.35796324,
7171293,55.36024003,
7171325,55.35796324,
7171437,55.36024003,
7171568,55.36024003,
7171601,55.35796324,
7171632,55.36251683,
7171664,55.35796324,
7171695,55.35796324,
7171727,55.36024003,
7171758,55.36024003,
7171789,55.36024003,
7171821,55.35796324,
7171852,55.36024003,
7171884,55.35796324,
7171915,55.36024003,
7171947,55.36024003,
7171978,55.36024003,
7172010,55.35568644,
7172041,55.35796324,
7172072,55.35796324,
7172103,55.35796324,
7172135,55.36251683,
7172253,55.36024003,
7172385,55.36024003,
7172416,55.36024003,
7172448,55.36024003,
7172479,55.35796324,
7172510,55.35796324,
7172542,55.36024003,
7172573,55.36024003,
7172605,55.36024003,
7172636,55.36024003,
7172668,55.36024003,
7172699,55.36251683,
7172731,55.35796324,
7172762,55.36024003,
7172793,55.35568644,
7172824,55.36024003,
7172856,55.35796324,
7172888,55.36024003,
7172919,55.36024003,
7172951,55.35796324,
7173090,55.35796324,
7173221,55.36024003,
7173254,55.35796324,
7173285,55.35796324,
7173316,55.36024003,
7173348,55.36251683,
7173380,55.35796324,
7173411,55.35796324,
7173442,55.35796324,
7173474,55.36024003,
7173505,55.36024003,
7173536,55.36024003,
7173568,55.36024003,
7173599,55.36024003,
7173630,55.35568644,
7173662,55.35796324,
7173693,55.36024003,
7173725,55.35796324,
7173756,55.35796324,
7173788,55.35796324,
7173891,55.36024003,
7174022,55.35568644,
7174054,55.35796324,
7174085,55.35796324,
7174117,55.36024003,
7174148,55.36024003,
7174180,55.35796324,
7174211,55.36024003,
7174242,55.36024003,
7174274,55.36024003,
7174305,55.35796324,
7174337,55.35113286,
7174368,55.36251683,
7174400,55.36251683,
7174431,55.36024003,
7174462,55.36024003,
7174494,55.36024003,
7174525,55.35796324,
7174556,55.35796324,
7174588,55.36024003,
7174712,55.35568644,
7174844,55.36251683,
7174876,55.35796324,
7174907,55.36024003,
7174938,55.35796324,
7174969,55.35796324,
7175001,55.35796324,
7175032,55.35796324,
7175064,55.35796324,
7175095,55.35796324,
7175127,55.35568644,
7175158,55.35796324,
7175190,55.36024003,
7175221,55.36024003,
7175252,55.36251683,
7175283,55.36024003,
7175315,55.36251683,
7175346,55.36024003,
7175378,55.36024003,
7175410,55.35568644,
7175535,55.35796324,
7175667,55.35796324,
7175699,55.35796324,
7175731,55.35796324,
7175762,55.35796324,
7175793,55.35796324,
7175825,55.36024003,
7175856,55.35796324,
7175887,55.35796324,
7175919,55.35796324,
7175951,55.36024003,
7175982,55.36024003,
7176013,55.36024003,
7176045,55.35796324,
7176076,55.35568644,
7176108,55.35568644,
7176139,55.36024003,
7176170,55.35796324,
7176201,55.35796324,
7176233,55.35796324,
7176365,55.36479362,
7176496,55.36024003,
7176529,55.36024003,
7176560,55.36024003,
7176591,55.36251683,
7176623,55.36024003,
7176655,55.36024003,
7176686,55.36024003,
7176717,55.36251683,
7176749,55.35796324,
7176780,55.36024003,
7176811,55.35796324,
7176843,55.35796324,
7176874,55.36024003,
7176906,55.36024003,
7176937,55.36024003,
7176969,55.36024003,
7177000,55.35340965,
7177032,55.36024003,
7177063,55.36024003,
7177168,55.36024003,
7177299,55.35796324,
7177330,55.36251683,
7177362,55.36024003,
7177394,55.35796324,
7177425,55.36024003,
7177457,55.36251683,
7177488,55.36024003,
7177519,55.35796324,
7177551,55.35796324,
7177582,55.35796324,
7177613,55.36251683,
7177645,55.36024003,
7177676,55.35796324,
7177708,55.35796324,
7177739,55.36024003,
7177771,55.35796324,
7177802,55.35796324,
7177833,55.35796324,
7177865,55.35796324,
7177995,55.35796324,
7178126,55.36024003,
7178159,55.35568644,
7178190,55.35796324,
7178221,55.36024003,
7178252,55.36024003,
7178284,55.35568644,
7178315,55.36251683,
7178347,55.36024003,
7178378,55.36251683,
7178410,55.36024003,
7178441,55.35796324,
7178473,55.36251683,
7178504,55.36024003,
7178535,55.35796324,
7178567,55.35796324,
7178598,55.36024003,
7178629,55.36024003,
7178661,55.36024003,
7178692,55.36024003,
7178810,55.35796324,
7178941,55.35796324,
7178974,55.35568644,
7179005,55.35796324,
7179036,55.36024003,
7179068,55.35796324,
7179099,55.35796324,
7179131,55.35796324,
7179162,55.36251683,
7179194,55.36024003,
7179225,55.35796324,
7179256,55.35796324,
7179288,55.36024003,
7179319,55.35796324,
7179351,55.35796324,
7179382,55.36024003,
7179414,55.35796324,
7179445,55.35796324,
7179476,55.36024003,
7179507,55.35796324,
7179635,55.35568644,
7179766,55.35796324,
7179799,55.36024003,
7179830,55.36024003,
7179862,55.36024003,
7179895,55.35796324,
7179926,55.36024003,
7179957,55.35796324,
7179988,55.35796324,
7180020,55.36024003,
7180052,55.36251683,
7180083,55.36024003,
7180114,55.36024003,
7180145,55.36024003,
7180176,55.35796324,
7180208,55.35568644,
7180240,55.36024003,
7180271,55.36024003,
7180302,55.36024003,
7180334,55.36024003,
7181747,55.36251683,
7181878,55.36024003,
7181910,55.36024003,
7181942,55.35796324,
7181974,55.36024003,
7182005,55.36024003,
7182036,55.36024003,
7182068,55.36024003,
7182099,55.36024003,
7182130,55.36024003,
7182162,55.35796324,
7182193,55.36024003,
7182225,55.36024003,
7182256,55.35568644,
7182288,55.35796324,
7182319,55.35796324,
7182351,55.35796324,
7182382,55.35568644,
7182414,55.36024003,
7182445,55.35796324,
7182733,55.35568644,
7182865,55.35796324,
7182897,55.36024003,
7182929,55.35796324,
7182961,55.35796324,
7182993,55.36024003,
7183024,55.35796324,
7183055,55.36024003,
7183087,55.36024003,
7183118,55.36024003,
7183150,55.36024003,
7183181,55.35796324,
7183212,55.36024003,
7183243,55.35796324,
7183275,55.36024003,
7183306,55.35796324,
7183337,55.35796324,
7183369,55.36024003,
7183400,55.36024003,
7183432,55.36024003,
7184821,55.35796324,
7184952,55.36024003,
7184984,55.36024003,
7185015,55.35796324,
7185047,55.36024003,
7185078,55.36024003,
7185109,55.36024003,
7185141,55.35796324,
7185172,55.35796324,
7185204,55.36024003,
7185235,55.35796324,
7185267,55.36024003,
7185298,55.36024003,
7185330,55.36024003,
7185362,55.36251683,
7185393,55.35568644,
7185424,55.35796324,
7185456,55.35796324,
7185487,55.35796324,
7185518,55.35796324,
7186074,55.35568644,
7186205,55.36024003,
7186237,55.35796324,
7186269,55.35796324,
7186300,55.35568644,
7186331,55.35796324,
7186363,55.36024003,
7186394,55.35796324,
7186426,55.36024003,
7186457,55.35796324,
7186489,55.35796324,
7186520,55.35796324,
7186552,55.36024003,
7186583,55.35796324,
7186614,55.36024003,
7186645,55.36024003,
7186677,55.36024003,
7186708,55.35568644,
7186740,55.36251683,
7186771,55.36024003,
7188245,55.35796324,
7188376,55.35796324,
7188408,55.35796324,
7188440,55.35796324,
7188471,55.35796324,
7188502,55.35796324,
7188534,55.36024003,
7188565,55.36251683,
7188597,55.35796324,
7188628,55.36251683,
7188659,55.35796324,
7188691,55.35568644,
7188722,55.35796324,
7188754,55.36024003,
7188785,55.35796324,
7188817,55.35796324,
7188848,55.36024003,
7188879,55.35568644,
7188911,55.36024003,
7188943,55.36024003,
7189057,55.36024003,
7189187,55.35796324,
7189220,55.35796324,
7189251,55.35796324,
7189282,55.36024003,
7189314,55.35796324,
7189345,55.36024003,
7189377,55.35796324,
7189408,55.36024003,
7189440,55.35796324,
7189471,55.36024003,
7189502,55.35568644,
7189534,55.36024003,
7189566,55.36024003,
7189597,55.35796324,
7189628,55.36024003,
7189660,55.35796324,
7189691,55.36024003,
7189722,55.35568644,
7189754,55.36024003,
7189873,55.35796324,
7190004,55.35796324,
7190037,55.35796324,
7190069,55.35796324,
7190101,55.36024003,
7190134,55.35796324,
7190167,55.36251683,
7190198,55.35796324,
7190230,55.36024003,
7190262,55.35796324,
7190293,55.35796324,
7190325,55.35796324,
7190357,55.36024003,
7190389,55.36024003,
7190420,55.36024003,
7190452,55.35796324,
7190483,55.36024003,
7190514,55.35796324,
7190546,55.36251683,
7190577,55.36024003,
7190688,55.35796324,
7190819,55.36024003,
7190851,55.35796324,
7190883,55.35568644,
7190914,55.35796324,
7190945,55.35568644,
7190977,55.36251683,
7191010,55.36024003,
7191042,55.35796324,
7191074,55.36024003,
7191105,55.35796324,
7191137,55.36251683,
7191170,55.36024003,
7191203,55.36024003,
7191235,55.36024003,
7191267,55.36251683,
7191298,55.36024003,
7191330,55.36024003,
7191361,55.36024003,
7191393,55.35796324,
7191528,55.35796324,
7191658,55.35796324,
7191691,55.35796324,
7191722,55.35796324,
7191753,55.36024003,
7191785,55.36024003,
7191816,55.35796324,
7191847,55.36251683,
7191879,55.36024003,
7191911,55.36024003,
7191942,55.36251683,
7191973,55.36024003,
7192005,55.36024003,
7192036,55.35796324,
7192067,55.36024003,
7192099,55.36024003,
7192130,55.35796324,
7192162,55.36251683,
7192193,55.35796324,
7192225,55.36024003,
7192325,55.36024003,
7192456,55.35796324,
7192489,55.35568644,
7192520,55.36024003,
7192552,55.35568644,
7192583,55.35796324,
7192615,55.35796324,
7192646,55.35796324,
7192677,55.36024003,
7192709,55.36024003,
7192740,55.35796324,
7192772,55.36251683,
7192803,55.36024003,
7192835,55.35796324,
7192866,55.36024003,
7192897,55.35796324,
7192929,55.36024003,
7192960,55.36024003,
7192991,55.36024003,
7193023,55.35796324,
7193141,55.35796324,
7193272,55.36251683,
7193303,55.36024003,
7193335,55.36024003,
7193366,55.35796324,
7193398,55.35796324,
7193429,55.36251683,
7193461,55.36024003,
7193492,55.36251683,
7193523,55.36251683,
7193555,55.36024003,
7193586,55.36024003,
7193618,55.36024003,
7193649,55.36024003,
7193680,55.36024003,
7193711,55.35568644,
7193743,55.36251683,
7193775,55.35796324,
7193806,55.36024003,
7193837,55.35796324,
7193964,55.35796324,
7194096,55.36024003,
7194128,55.35796324,
7194159,55.36024003,
7194191,55.35796324,
7194222,55.36024003,
7194254,55.36024003,
7194285,55.36251683,
7194316,55.36024003,
7194348,55.36251683,
7194379,55.36024003,
7194410,55.35796324,
7194442,55.35796324,
7194473,55.35568644,
7194504,55.36024003,
7194536,55.35568644,
7194568,55.36024003,
7194599,55.36251683,
7194630,55.36024003,
7194662,55.35568644,
7194776,55.36024003,
7194907,55.35796324,
7194938,55.35796324,
7194970,55.35796324,
7195002,55.35796324,
7195033,55.36024003,
7195065,55.36024003,
7195096,55.36024003,
7195127,55.36024003,
7195159,55.36024003,
7195190,55.36251683,
7195221,55.36251683,
7195253,55.35568644,
7195284,55.35796324,
7195316,55.35568644,
7195347,55.36024003,
7195379,55.36024003,
7195410,55.36251683,
7195441,55.36251683,
7195473,55.36024003,
7195600,55.36024003,
7195731,55.36024003,
7195763,55.36251683,
7195795,55.36024003,
7195826,55.36024003,
7195857,55.36024003,
7195889,55.36024003,
7195920,55.35796324,
7195952,55.36024003,
7195983,55.35796324,
7196015,55.35796324,
7196046,55.36024003,
7196078,55.36024003,
7196109,55.36024003,
7196141,55.36024003,
7196172,55.35796324,
7196203,55.36024003,
7196235,55.36024003,
7196266,55.36024003,
7196298,55.36024003,
7196420,55.36024003,
7196551,55.35568644,
7196583,55.35796324,
7196614,55.36024003,
7196646,55.35796324,
7196677,55.36024003,
7196709,55.35568644,
7196740,55.35796324,
7196771,55.36024003,
7196803,55.36251683,
7196834,55.36024003,
7196866,55.35568644,
7196897,55.36024003,
7196929,55.35796324,
7196960,55.35796324,
7196991,55.36024003,
7197023,55.36024003,
7197055,55.35796324,
7197086,55.35796324,
7197118,55.35796324,
7197238,55.35796324,
7197368,55.36251683,
7197400,55.36024003,
7197432,55.35796324,
7197463,55.35796324,
7197494,55.36024003,
7197526,55.35796324,
7197558,55.35796324,
7197589,55.36024003,
7197621,55.36024003,
7197652,55.35568644,
7197683,55.36024003,
7197715,55.36479362,
7197746,55.36024003,
7197778,55.36251683,
7197809,55.35568644,
7197840,55.35796324,
7197872,55.35796324,
7197903,55.36024003,
7197935,55.36024003,
7198055,55.35796324,
7198186,55.35796324,
7198218,55.36024003,
7198250,55.35796324,
7198281,55.35796324,
7198312,55.35796324,
7198344,55.36024003,
7198375,55.35796324,
7198407,55.36251683,
7198438,55.36024003,
7198470,55.35796324,
7198501,55.35796324,
7198533,55.36024003,
7198564,55.35796324,
7198595,55.36024003,
7198626,55.36024003,
7198658,55.36251683,
7198689,55.36251683,
7198721,55.35796324,
7198752,55.35796324,
7198879,55.36024003,
7199011,55.35796324,
7199043,55.35796324,
7199075,55.35796324,
7199106,55.36024003,
7199137,55.35796324,
7199169,55.35796324,
7199200,55.36024003,
7199231,55.35796324,
7199263,55.36251683,
7199294,55.36024003,
7199326,55.36024003,
7199357,55.35796324,
7199389,55.36024003,
7199420,55.35796324,
7199452,55.35796324,
7199483,55.35796324,
7199514,55.36024003,
7199545,55.36024003,
7199577,55.36024003,
7199696,55.36024003,
7199827,55.36024003,
7199859,55.36024003,
7199891,55.35796324,
7199922,55.35796324,
7199954,55.35796324,
7199985,55.36024003,
7200017,55.35796324,
7200048,55.36024003,
7200080,55.36024003,
7200111,55.36024003,
7200142,55.36024003,
7200174,55.36024003,
7200205,55.36024003,
7200237,55.35796324,
7200268,55.36024003,
7200300,55.35796324,
7200331,55.35796324,
7200362,55.36024003,
7200394,55.36024003,
7200516,55.35796324,
7200647,55.36024003,
7200679,55.36251683,
7200710,55.36024003,
7200742,55.35796324,
7200773,55.35796324,
7200805,55.36024003,
7200836,55.36024003,
7200867,55.36251683,
7200899,55.36024003,
7200930,55.35796324,
7200962,55.36251683,
7200993,55.36251683,
7201025,55.35796324,
7201056,55.35796324,
7201087,55.36251683,
7201119,55.36024003,
7201150,55.36024003,
7201181,55.36024003,
7201213,55.36024003,
7201329,55.35796324,
7201459,55.36024003,
7201491,55.35796324,
7201523,55.35796324,
7201554,55.36251683,
7201585,55.35796324,
7201617,55.36024003,
7201648,55.35796324,
7201679,55.35796324,
7201711,55.35796324,
7201743,55.35796324,
7201774,55.36024003,
7201805,55.36024003,
7201837,55.36024003,
7201868,55.36251683,
7201899,55.35796324,
7201931,55.35796324,
7201962,55.36251683,
7201994,55.36024003,
7202025,55.36024003,
7202160,55.35796324,
7202291,55.36024003,
7202324,55.35796324,
7202355,55.35796324,
7202386,55.35796324,
7202417,55.36479362,
7202449,55.35796324,
7202480,55.36024003,
7202512,55.35796324,
7202543,55.35796324,
7202575,55.36024003,
7202606,55.36024003,
7202638,55.36024003,
7202669,55.35796324,
7202700,55.35796324,
7202732,55.36024003,
7202763,55.35796324,
7202794,55.36251683,
7202826,55.36251683,
7202857,55.36251683,
7202972,55.35796324,
7203103,55.35796324,
7203135,55.35568644,
7203167,55.35796324,
7203198,55.35796324,
7203229,55.35796324,
7203261,55.35796324,
7203293,55.36024003,
7203324,55.35796324,
7203356,55.36024003,
7203387,55.36024003,
7203418,55.35796324,
7203450,55.35796324,
7203481,55.36251683,
7203512,55.35796324,
7203544,55.36251683,
7203575,55.36024003,
7203607,55.36024003,
7203638,55.35796324,
7203670,55.35796324,
7203803,55.36024003,
7203934,55.36251683,
7203966,55.35796324,
7203998,55.36024003,
7204029,55.36024003,
7204061,55.36024003,
7204092,55.35796324,
7204123,55.36024003,
7204155,55.36024003,
7204186,55.35796324,
7204218,55.36024003,
7204249,55.36024003,
7204281,55.35796324,
7204312,55.35796324,
7204343,55.36024003,
7204375,55.36024003,
7204406,55.35796324,
7204438,55.36024003,
7204469,55.36024003,
7204500,55.36251683,
7204611,55.36251683,
7204742,55.36024003,
7204774,55.35796324,
7204806,55.36024003,
7204837,55.35568644,
7204868,55.35796324,
7204900,55.36251683,
7204931,55.36024003,
7204963,55.35796324,
7204994,55.35568644,
7205026,55.35568644,
7205057,55.35796324,
7205089,55.35568644,
7205120,55.36024003,
7205151,55.36024003,
7205182,55.35796324,
7205214,55.36024003,
7205246,55.36024003,
7205277,55.36251683,
7205308,55.35796324,
7205434,55.35796324,
7205565,55.36024003,
7205597,55.36024003,
7205629,55.35796324,
7205660,55.35796324,
7205691,55.36251683,
7205723,55.36251683,
7205754,55.36024003,
7205785,55.36479362,
7205817,55.36024003,
7205848,55.35796324,
7205880,55.36024003,
7205911,55.36024003,
7205943,55.36024003,
7205974,55.35796324,
7206005,55.35796324,
7206037,55.36024003,
7206068,55.36024003,
7206100,55.36251683,
7206131,55.35796324,
7206263,55.35796324,
7206394,55.35796324,
7206426,55.35796324,
7206458,55.36251683,
7206489,55.35796324,
7206521,55.36024003,
7206552,55.36251683,
7206583,55.36024003,
7206615,55.36024003,
7206646,55.36024003,
7206678,55.36024003,
7206709,55.35796324,
7206741,55.36024003,
7206772,55.36251683,
7206803,55.36024003,
7206835,55.36024003,
7206866,55.36024003,
7206898,55.35568644,
7206929,55.36024003,
7206961,55.36024003,
7207075,55.36024003,
7207207,55.35796324,
7207239,55.35796324,
7207270,55.35796324,
7207301,55.36024003,
7207332,55.36024003,
7207364,55.36024003,
7207395,55.35796324,
7207427,55.36024003,
7207458,55.35796324,
7207490,55.36024003,
7207521,55.36024003,
7207553,55.36024003,
7207584,55.36024003,
7207615,55.36024003,
7207646,55.35796324,
7207678,55.35796324,
7207709,55.35796324,
7207741,55.36024003,
7207772,55.36024003,
7207890,55.36024003,
7208021,55.35796324,
7208052,55.35796324,
7208084,55.35796324,
7208116,55.36024003,
7208147,55.35796324,
7208179,55.35796324,
7208210,55.35796324,
7208241,55.36024003,
7208273,55.36024003,
7208304,55.35796324,
7208335,55.35796324,
7208367,55.36024003,
7208399,55.35796324,
7208430,55.35568644,
7208461,55.36024003,
7208493,55.36024003,
7208525,55.35796324,
7208556,55.35796324,
7208588,55.35796324,
7208716,55.35568644,
7208848,55.35796324,
7208880,55.35796324,
7208911,55.35796324,
7208943,55.35796324,
7208974,55.36024003,
7209006,55.35568644,
7209037,55.36024003,
7209068,55.35796324,
7209100,55.35796324,
7209131,55.35796324,
7209163,55.36024003,
7209194,55.36024003,
7209226,55.35796324,
7209257,55.35796324,
7209289,55.36024003,
7209320,55.35796324,
7209351,55.36024003,
7209382,55.36024003,
7209414,55.35796324,
7209531,55.36024003,
7209663,55.36024003,
7209694,55.36024003,
7209726,55.36251683,
7209757,55.35796324,
7209788,55.36024003,
7209820,55.36024003,
7209851,55.35796324,
7209883,55.36024003,
7209914,55.36024003,
7209946,55.35796324,
7209977,55.36251683,
7210009,55.36024003,
7210040,55.36024003,
7210071,55.36024003,
7210103,55.35796324,
7210134,55.36024003,
7210166,55.36251683,
7210197,55.36024003,
7210229,55.36024003,
7210348,55.36024003,
7210479,55.36251683,
7210511,55.35796324,
7210543,55.36024003,
7210574,55.36251683,
7210605,55.36251683,
7210637,55.36024003,
7210669,55.36024003,
7210700,55.36024003,
7210731,55.35796324,
7210763,55.36024003,
7210794,55.35796324,
7210826,55.35796324,
7210857,55.36024003,
7210889,55.35796324,
7210920,55.36251683,
7210952,55.35796324,
7210983,55.35796324,
7211014,55.36024003,
7211046,55.36251683,
7211170,55.36251683,
7211301,55.36024003,
7211333,55.36024003,
7211364,55.35796324,
7211395,55.36024003,
7211426,55.36024003,
7211458,55.35796324,
7211490,55.36251683,
7211521,55.36024003,
7211553,55.35796324,
7211584,55.35796324,
7211615,55.36024003,
7211647,55.36024003,
7211678,55.36024003,
7211709,55.36024003,
7211741,55.36251683,
7211772,55.35796324,
7211804,55.36024003,
7211835,55.36024003,
7211867,55.36024003,
7211988,55.36251683,
7212119,55.36024003,
7212151,55.36024003,
7212183,55.36024003,
7212214,55.36024003,
7212245,55.36024003,
7212277,55.36024003,
7212308,55.36024003,
7212339,55.36024003,
7212371,55.35796324,
7212403,55.35796324,
7212434,55.35796324,
7212465,55.36251683,
7212497,55.35796324,
7212528,55.36024003,
7212559,55.36024003,
7212591,55.36024003,
7212622,55.35796324,
7212653,55.36024003,
7212685,55.36024003,
7212817,55.35796324,
7212948,55.36024003,
7212980,55.36251683,
7213011,55.35796324,
7213043,55.36251683,
7213074,55.36024003,
7213106,55.36024003,
7213137,55.36024003,
7213168,55.35796324,
7213200,55.36024003,
7213231,55.35796324,
7213263,55.36251683,
7213294,55.36251683,
7213326,55.36024003,
7213357,55.36251683,
7213389,55.36251683,
7213420,55.35796324,
7213451,55.36251683,
7213483,55.36024003,
7213514,55.35568644,
7213623,55.36024003,
7213754,55.36251683,
7213786,55.36024003,
7213818,55.35796324,
7213849,55.36024003,
7213881,55.35796324,
7213912,55.36024003,
7213944,55.36024003,
7213975,55.36479362,
7214007,55.35796324,
7214038,55.36251683,
7214069,55.36024003,
7214101,55.36024003,
7214132,55.36024003,
7214163,55.36024003,
7214195,55.35796324,
7214226,55.35568644,
7214258,55.36024003,
7214289,55.35796324,
7214321,55.36251683,
7214446,55.36024003,
7214577,55.36024003,
7214609,55.36024003,
7214641,55.35796324,
7214672,55.36024003,
7214703,55.35568644,
7214735,55.36024003,
7214766,55.36024003,
7214798,55.35568644,
7214829,55.35796324,
7214861,55.36024003,
7214892,55.36024003,
7214924,55.36251683,
7214955,55.35796324,
7214986,55.36024003,
7215018,55.36024003,
7215049,55.35796324,
7215081,55.36024003,
7215112,55.35796324,
7215144,55.36024003,
7215269,55.36024003,
7215401,55.36024003,
7215433,55.36251683,
7215464,55.36251683,
7215496,55.35796324,
7215527,55.36251683,
7215559,55.36251683,
7215590,55.36024003,
7215621,55.35796324,
7215653,55.35796324,
7215684,55.35568644,
7215716,55.36024003,
7215747,55.36024003,
7215779,55.35568644,
7215810,55.35568644,
7215842,55.35796324,
7215873,55.35568644,
7215904,55.36024003,
7215935,55.35796324,
7215967,55.36024003,
7216083,55.36024003,
7216214,55.36024003,
7216246,55.36024003,
7216278,55.36251683,
7216309,55.35796324,
7216340,55.35796324,
7216372,55.36024003,
7216403,55.36024003,
7216435,55.36024003,
7216466,55.36024003,
7216498,55.36024003,
7216529,55.36024003,
7216561,55.36024003,
7216592,55.36024003,
7216623,55.35796324,
7216654,55.35796324,
7216686,55.35796324,
7216717,55.35796324,
7216749,55.35796324,
7216780,55.35796324,
7216901,55.35796324,
7217032,55.36024003,
7217063,55.35568644,
7217095,55.35796324,
7217126,55.35796324,
7217158,55.35796324,
7217190,55.35796324,
7217221,55.35796324,
7217252,55.36024003,
7217284,55.35796324,
7217315,55.35796324,
7217346,55.36024003,
7217378,55.36024003,
7217409,55.35796324,
7217441,55.36024003,
7217472,55.35796324,
7217504,55.36024003,
7217535,55.35796324,
7217566,55.35796324,
7217598,55.35796324,
7217718,55.35796324,
7217849,55.36024003,
7217881,55.35796324,
7217913,55.35796324,
7217944,55.35796324,
7217975,55.36024003,
7218007,55.35568644,
7218038,55.36024003,
7218070,55.36024003,
7218101,55.35796324,
7218133,55.35796324,
7218164,55.36024003,
7218196,55.36251683,
7218227,55.35796324,
7218258,55.36479362,
7218289,55.36024003,
7218321,55.35796324,
7218353,55.35796324,
7218384,55.35796324,
7218415,55.35796324,
7218544,55.35796324,
7218676,55.36024003,
7218708,55.36251683,
7218739,55.36024003,
7218770,55.36024003,
7218801,55.36024003,
7218833,55.36024003,
7218865,55.36024003,
7218896,55.35796324,
7218928,55.35796324,
7218959,55.36024003,
7218990,55.36251683,
7219022,55.36024003,
7219053,55.35568644,
7219084,55.35796324,
7219116,55.35796324,
7219147,55.36024003,
7219179,55.36024003,
7219210,55.36024003,
7219242,55.35796324,
7219369,55.35796324,
7219500,55.36024003,
7219532,55.36024003,
7219564,55.36024003,
7219595,55.36251683,
7219627,55.35796324,
7219658,55.36251683,
7219690,55.35796324,
7219721,55.36024003,
7219753,55.35796324,
7219784,55.36024003,
7219815,55.36024003,
7219847,55.36024003,
7219878,55.35796324,
7219909,55.36024003,
7219941,55.36479362,
7219972,55.35796324,
7220004,55.36024003,
7220035,55.36024003,
7220067,55.36024003,
7220295,55.36024003,
7220426,55.36024003,
7220458,55.35796324,
7220490,55.35796324,
7220521,55.36251683,
7220553,55.35796324,
7220584,55.35796324,
7220615,55.36024003,
7220646,55.36251683,
7220678,55.36024003,
7220709,55.36024003,
7220741,55.35796324,
7220772,55.35568644,
7220804,55.35796324,
7220835,55.36024003,
7220867,55.35796324,
7220898,55.35796324,
7220929,55.36024003,
7220961,55.35796324,
7220992,55.35796324,
7221097,55.35796324,
7221229,55.35796324,
7221261,55.35796324,
7221293,55.35796324,
7221324,55.35796324,
7221355,55.35796324,
7221387,55.35796324,
7221418,55.35796324,
7221450,55.36024003,
7221482,55.36251683,
7221513,55.36024003,
7221544,55.35568644,
7221576,55.36024003,
7221607,55.36024003,
7221638,55.35796324,
7221670,55.36024003,
7221701,55.36024003,
7221733,55.35796324,
7221764,55.35796324,
7221796,55.36024003,
7221923,55.35796324,
7222054,55.35796324,
7222086,55.35796324,
7222117,55.36024003,
7222149,55.35796324,
7222180,55.35796324,
7222212,55.35796324,
7222243,55.35796324,
7222275,55.36024003,
7222306,55.36024003,
7222338,55.35796324,
7222369,55.36024003,
7222400,55.36024003,
7222432,55.36024003,
7222463,55.36024003,
7222494,55.35796324,
7222525,55.35796324,
7222557,55.36024003,
7222588,55.36251683,
7222619,55.36024003,
7222742,55.35796324,
7222873,55.36024003,
7222905,55.35796324,
7222936,55.35796324,
7222968,55.36024003,
7222999,55.35796324,
7223031,55.35796324,
7223062,55.36024003,
7223093,55.35796324,
7223125,55.36024003,
7223156,55.35796324,
7223187,55.36024003,
7223219,55.35796324,
7223250,55.36024003,
7223282,55.36024003,
7223313,55.36024003,
7223345,55.36251683,
7223376,55.36024003,
7223407,55.36024003,
7223439,55.35568644,
7223563,55.36024003,
7223695,55.36251683,
7223727,55.35796324,
7223758,55.35796324,
7223789,55.35796324,
7223820,55.35796324,
7223852,55.35796324,
7223884,55.35568644,
7223915,55.35568644,
7223947,55.36024003,
7223978,55.36024003,
7224009,55.36251683,
7224041,55.35796324,
7224072,55.36024003,
7224103,55.36251683,
7224135,55.35796324,
7224166,55.36024003,
7224198,55.36251683,
7224229,55.35796324,
7224261,55.35796324,
7224380,55.36024003,
7224511,55.35796324,
7224544,55.35340965,
7224575,55.36251683,
7224606,55.35796324,
7224637,55.36251683,
7224669,55.35796324,
7224700,55.35796324,
7224732,55.36024003,
7224763,55.36024003,
7224795,55.35796324,
7224826,55.36024003,
7224858,55.35796324,
7224889,55.35796324,
7224920,55.35796324,
7224952,55.35796324,
7224983,55.36024003,
7225015,55.36251683,
7225046,55.35796324,
7225077,55.36024003,
7225204,55.36024003,
7225335,55.36024003,
7225367,55.36024003,
7225398,55.35796324,
7225430,55.36024003,
7225461,55.36024003,
7225493,55.36024003,
7225524,55.36251683,
7225556,55.36251683,
7225587,55.36024003,
7225619,55.35796324,
7225650,55.36024003,
7225682,55.36024003,
7225713,55.36024003,
7225744,55.36024003,
7225776,55.35796324,
7225807,55.36024003,
7225839,55.35796324,
7225870,55.36251683,
7225902,55.35796324,
7226017,55.35796324,
7226148,55.36024003,
7226180,55.35796324,
7226211,55.36024003,
7226243,55.36024003,
7226274,55.35796324,
7226306,55.36024003,
7226337,55.36024003,
7226368,55.35796324,
7226400,55.35568644,
7226431,55.36024003,
7226463,55.36024003,
7226494,55.36024003,
7226525,55.35796324,
7226557,55.35796324,
7226588,55.36251683,
7226620,55.36024003,
7226651,55.35796324,
7226682,55.36024003,
7226714,55.35796324,
7226833,55.35796324,
7226964,55.36024003,
7226996,55.35796324,
