Time Stamp,Voltage,Last Stable Current
650295,56.36202928,28.42892578
650328,56.36658287,
650360,56.37341325,
650391,56.37569004,
650423,56.38024363,
650454,56.38024363,
650486,56.38479722,
650518,56.38707401,
650549,56.38935081,
650580,56.38935081,
650611,56.3916276,
650643,56.39390439,
650675,56.39618119,
650706,56.39845798,
650738,56.39845798,
650769,56.40073478,
650800,56.40073478,
650832,56.40301157,
653967,56.47359218,
654096,56.47359218,
654128,56.47814576,
654159,56.48042256,
654191,56.48042256,
654222,56.48042256,
654254,56.48269935,
654285,56.47814576,
654316,56.48269935,
654347,56.48269935,
654379,56.48269935,
654410,56.48042256,
654441,56.48269935,
654473,56.48269935,
654504,56.48497614,
654536,56.48725294,
654567,56.48269935,
654598,56.48725294,
654630,56.48497614,
654661,56.48725294,
655055,56.49180653,
655186,56.49636011,
655217,56.48952973,
655249,56.49408332,
655281,56.49408332,
655313,56.49408332,
655345,56.49636011,
655376,56.49636011,
655407,56.49863691,
655439,56.49636011,
655470,56.49408332,
655501,56.5009137,
655533,56.5009137,
655564,56.5009137,
655595,56.5009137,
655626,56.5009137,
655658,56.49636011,
655689,56.5009137,
655721,56.50319049,
655752,56.50319049,
657186,56.51912805,
657316,56.51912805,
657347,56.51912805,
657379,56.52140484,
657410,56.52368164,
657441,56.51912805,
657472,56.52368164,
657504,56.52140484,
657535,56.52368164,
657567,56.52368164,
657598,56.52140484,
657630,56.52368164,
657661,56.52368164,
657693,56.52595843,
657724,56.52368164,
657755,56.52368164,
657787,56.52595843,
657818,56.52595843,
657850,56.52595843,
657881,56.52823523,
658149,56.53051202,
658279,56.53278881,
658311,56.52823523,
658343,56.53051202,
658375,56.53278881,
658407,56.53278881,
658439,56.53051202,
658470,56.53051202,
658501,56.53278881,
658533,56.53051202,
658564,56.53278881,
658595,56.53278881,
658627,56.5373424,
658658,56.53506561,
658690,56.5373424,
658721,56.5373424,
658753,56.53278881,
658784,56.53506561,
658815,56.53506561,
658846,56.53506561,
659050,56.54189599,
659181,56.53506561,
659212,56.53961919,
659245,56.54417278,
659276,56.53961919,
659307,56.54189599,
659339,56.54189599,
659370,56.54189599,
659401,56.54189599,
659433,56.54189599,
659464,56.54644958,
659496,56.54189599,
659527,56.54644958,
659559,56.54189599,
659590,56.54417278,
659621,56.54644958,
659653,56.54189599,
659685,56.54872637,
659717,56.54417278,
659750,56.54644958,
659964,56.54644958,
660094,56.55100316,
660126,56.54872637,
660159,56.54872637,
660190,56.55100316,
660221,56.55100316,
660253,56.54872637,
660284,56.54872637,
660316,56.55100316,
660347,56.55555675,
660379,56.55100316,
660410,56.55100316,
660441,56.55555675,
660473,56.55327996,
660504,56.55327996,
660535,56.55100316,
660567,56.55327996,
660599,56.55555675,
660630,56.55555675,
660661,56.55555675,
660807,56.55555675,
660937,56.56011034,
660969,56.55555675,
661001,56.55783354,
661033,56.55783354,
661065,56.56011034,
661097,56.55783354,
661128,56.55783354,
661159,56.55783354,
661191,56.56238713,
661222,56.55783354,
661254,56.55783354,
661285,56.56011034,
661317,56.56011034,
661348,56.56238713,
661379,56.56011034,
661411,56.56011034,
661442,56.55783354,
661473,56.56011034,
661505,56.56011034,
662921,56.57149431,
663049,56.57832469,
663080,56.5737711,
663112,56.57604789,
663144,56.5737711,
663175,56.5737711,
663206,56.5737711,
663238,56.5737711,
663269,56.57832469,
663301,56.5737711,
663332,56.57604789,
663364,56.58060148,
663395,56.5737711,
663427,56.57832469,
663458,56.57832469,
663489,56.57604789,
663521,56.57604789,
663552,56.57832469,
663584,56.57832469,
663615,56.57604789,
663862,56.58060148,
663993,56.58515507,
664024,56.58287828,
664056,56.58515507,
664088,56.58060148,
664119,56.58287828,
664151,56.58287828,
664182,56.58287828,
664213,56.58287828,
664245,56.58287828,
664276,56.58515507,
664307,56.58287828,
664339,56.58287828,
664370,56.58743186,
664402,56.58743186,
664433,56.58515507,
664465,56.58515507,
664496,56.58515507,
664527,56.58743186,
664559,56.58743186,
664895,56.58970866,
665025,56.59198545,
665057,56.58970866,
665089,56.59198545,
665120,56.59426224,
665151,56.58970866,
665183,56.58970866,
665215,56.58970866,
665246,56.58970866,
665278,56.59426224,
665309,56.59198545,
665340,56.59198545,
665372,56.59198545,
665403,56.59426224,
665435,56.58970866,
665467,56.59426224,
665499,56.59198545,
665531,56.59653904,
665562,56.59198545,
665595,56.59426224,
665831,56.59653904,
665959,56.59653904,
665992,56.59653904,
666023,56.59653904,
666055,56.59198545,
666086,56.59653904,
666118,56.59881583,
666149,56.59653904,
666180,56.59653904,
666212,56.59881583,
666243,56.59881583,
666275,56.59653904,
666306,56.59881583,
666338,56.59653904,
666369,56.60109263,
666400,56.60109263,
666432,56.59881583,
666463,56.60109263,
666495,56.60109263,
666526,56.59881583,
666646,56.60109263,
666776,56.60336942,
666808,56.60336942,
666840,56.60109263,
666871,56.60336942,
666902,56.60109263,
666934,56.60564621,
666965,56.60564621,
666996,56.60336942,
667028,56.60564621,
667060,56.60109263,
667091,56.60564621,
667122,56.60336942,
667154,56.60564621,
667185,56.60336942,
667217,56.60792301,
667248,56.60564621,
667279,56.60792301,
667310,56.60564621,
667342,56.60564621,
667539,56.60564621,
667669,56.6101998,
667701,56.60564621,
667732,56.60792301,
667764,56.60792301,
667795,56.60792301,
667827,56.6101998,
667858,56.6101998,
667889,56.60792301,
667921,56.60564621,
667952,56.60792301,
667984,56.61247659,
668015,56.61247659,
668047,56.61247659,
668078,56.6101998,
668109,56.61247659,
668141,56.61475339,
668172,56.6101998,
668203,56.6101998,
668235,56.61247659,
671445,56.63296774,
671575,56.63296774,
671606,56.63296774,
671638,56.63524453,
671670,56.63069094,
671701,56.63296774,
671733,56.63524453,
671764,56.63524453,
671796,56.63296774,
671827,56.63296774,
671859,56.63524453,
671890,56.63296774,
671922,56.63296774,
671953,56.63296774,
671984,56.63296774,
672015,56.63524453,
672047,56.63524453,
672079,56.63752133,
672110,56.63752133,
672141,56.63296774,
672305,56.63524453,
672435,56.63524453,
672467,56.63979812,
672499,56.63979812,
672530,56.63752133,
672562,56.63979812,
672593,56.63979812,
672624,56.63979812,
672656,56.63752133,
672687,56.63979812,
672718,56.63752133,
672750,56.63752133,
672782,56.63979812,
672813,56.63979812,
672844,56.63979812,
672876,56.63979812,
672907,56.63752133,
672938,56.64207491,
672970,56.64207491,
673002,56.63752133,
673101,56.64435171,
673231,56.64435171,
673264,56.64207491,
673295,56.64435171,
673326,56.64207491,
673358,56.64207491,
673391,56.6466285,
673422,56.64207491,
673454,56.63979812,
673486,56.64435171,
673517,56.64207491,
673549,56.64435171,
673581,56.6466285,
673612,56.6466285,
673644,56.64435171,
673675,56.64435171,
673707,56.64435171,
673738,56.64890529,
673770,56.6466285,
673801,56.64435171,
674014,56.6466285,
674144,56.64890529,
674176,56.65118209,
674208,56.64435171,
674239,56.64890529,
674270,56.64435171,
674302,56.65118209,
674333,56.6466285,
674364,56.64890529,
674396,56.65118209,
674427,56.65118209,
674459,56.64890529,
674491,56.64890529,
674522,56.65118209,
674553,56.64890529,
674584,56.64890529,
674616,56.6466285,
674647,56.65118209,
674679,56.65345888,
674710,56.65118209,
677928,56.66711964,
678059,56.66711964,
678091,56.66484285,
678122,56.66484285,
678154,56.66939644,
678186,56.66711964,
678217,56.67167323,
678248,56.66711964,
678280,56.66711964,
678311,56.66939644,
678342,56.66939644,
678374,56.66939644,
678406,56.66711964,
678437,56.67167323,
678468,56.66939644,
678500,56.66939644,
678531,56.67167323,
678562,56.67167323,
678594,56.66711964,
678625,56.66711964,
678724,56.66939644,
678852,56.67167323,
678884,56.67395003,
678916,56.67167323,
678947,56.67167323,
678978,56.67395003,
679010,56.67167323,
679042,56.67395003,
679073,56.67167323,
679105,56.67167323,
679136,56.67167323,
679167,56.67167323,
679199,56.67167323,
679230,56.67167323,
679261,56.67395003,
679293,56.67167323,
679324,56.67167323,
679356,56.67395003,
679387,56.67622682,
679419,56.67622682,
679624,56.67622682,
679754,56.67622682,
679785,56.67622682,
679817,56.67622682,
679848,56.67622682,
679880,56.67850361,
679911,56.67622682,
679943,56.67395003,
679974,56.67622682,
680005,56.67850361,
680037,56.67622682,
680068,56.67850361,
680099,56.67395003,
680131,56.67395003,
680163,56.67850361,
680194,56.68078041,
680225,56.67850361,
680257,56.67622682,
680288,56.67850361,
680320,56.67395003,
680647,56.68078041,
680775,56.68078041,
680806,56.67850361,
680838,56.6830572,
680870,56.67850361,
680901,56.68078041,
680933,56.67850361,
680964,56.6830572,
680995,56.67622682,
681027,56.68078041,
681058,56.68078041,
681090,56.68533399,
681121,56.67850361,
681153,56.68533399,
681184,56.67850361,
681215,56.68533399,
681247,56.6830572,
681278,56.6830572,
681309,56.6830572,
681341,56.68078041,
681507,56.6830572,
681638,56.6830572,
681671,56.6830572,
681702,56.68078041,
681733,56.6830572,
681765,56.68533399,
681797,56.6830572,
681828,56.68533399,
681859,56.68988758,
681890,56.6830572,
681922,56.68533399,
681953,56.68761079,
681985,56.6830572,
682016,56.6830572,
682047,56.6830572,
682079,56.68761079,
682110,56.68761079,
682142,56.68533399,
682173,56.68533399,
682205,56.68533399,
682421,56.68761079,
682551,56.68533399,
682584,56.69216438,
682615,56.68988758,
682647,56.68533399,
682678,56.68988758,
682710,56.68988758,
682741,56.68988758,
682772,56.68761079,
682804,56.69216438,
682835,56.68988758,
682867,56.68988758,
682899,56.68988758,
682930,56.68988758,
682961,56.68761079,
682993,56.68761079,
683024,56.68988758,
683056,56.68988758,
683087,56.68988758,
683119,56.69444117,
683259,56.68988758,
683390,56.69216438,
683423,56.69216438,
683454,56.68761079,
683485,56.69216438,
683517,56.69216438,
683549,56.69216438,
683580,56.69216438,
683612,56.69216438,
683643,56.69216438,
683674,56.69671796,
683706,56.69216438,
683738,56.69216438,
683769,56.69444117,
683800,56.69444117,
683832,56.69671796,
683863,56.69899476,
683894,56.69216438,
683926,56.69216438,
683957,56.69444117,
685793,56.69899476,
685921,56.70582514,
685953,56.70582514,
685984,56.70354834,
686016,56.70582514,
686047,56.70354834,
686079,56.70354834,
686110,56.70582514,
686141,56.70582514,
686173,56.70354834,
686204,56.70127155,
686236,56.70127155,
686267,56.70127155,
686299,56.70354834,
686330,56.70582514,
686361,56.70582514,
686393,56.70127155,
686424,56.70354834,
686455,56.70354834,
686487,56.70582514,
686709,56.70582514,
686837,56.70582514,
686869,56.70810193,
686901,56.70810193,
686932,56.70810193,
686964,56.70354834,
686995,56.70810193,
687028,56.70810193,
687060,56.70582514,
687092,56.70810193,
687123,56.70810193,
687155,56.70810193,
687187,56.70582514,
687218,56.70810193,
687250,56.70810193,
687281,56.70810193,
687313,56.71037873,
687345,56.70582514,
687377,56.70582514,
687409,56.70810193,
690408,56.7194859,
690538,56.72176269,
690571,56.72176269,
690602,56.7194859,
690633,56.72176269,
690665,56.72176269,
690696,56.72403949,
690728,56.72176269,
690759,56.71720911,
690791,56.72176269,
690822,56.72403949,
690853,56.72631628,
690885,56.72403949,
690916,56.72176269,
690948,56.7194859,
690979,56.72176269,
691011,56.7194859,
691042,56.72176269,
691073,56.72176269,
691105,56.72176269,
691305,56.72403949,
691435,56.72403949,
691466,56.72631628,
691498,56.72176269,
691529,56.72631628,
691561,56.72403949,
691592,56.72176269,
691624,56.72631628,
691655,56.72403949,
691687,56.72403949,
691718,56.72631628,
691749,56.72403949,
691781,56.72403949,
691812,56.72176269,
691844,56.72176269,
691875,56.72859308,
691907,56.72403949,
691938,56.72403949,
691969,56.72631628,
692001,56.72403949,
692152,56.72859308,
692282,56.72631628,
692315,56.72631628,
692346,56.72859308,
692377,56.72631628,
692409,56.72631628,
692441,56.72631628,
692472,56.72631628,
692503,56.72859308,
692535,56.72859308,
692566,56.72631628,
692597,56.72631628,
692629,56.72631628,
692661,56.73086987,
692692,56.73086987,
692723,56.73086987,
692755,56.72859308,
692786,56.73086987,
692818,56.72859308,
692849,56.72631628,
692983,56.72859308,
693114,56.72631628,
693146,56.73086987,
693178,56.72859308,
693209,56.73314666,
693241,56.73086987,
693272,56.73086987,
693303,56.73086987,
693335,56.73086987,
693366,56.73086987,
693398,56.72859308,
693429,56.73314666,
693461,56.73086987,
693492,56.73086987,
693523,56.73086987,
693555,56.72859308,
693586,56.73086987,
693617,56.73314666,
693649,56.72859308,
693680,56.72859308,
693791,56.73086987,
693920,56.73542346,
693952,56.73314666,
693984,56.73314666,
694015,56.73314666,
694047,56.73314666,
694078,56.73086987,
694109,56.73086987,
694140,56.73086987,
694172,56.73086987,
694203,56.73314666,
694235,56.73542346,
694266,56.73314666,
694298,56.73314666,
694329,56.73542346,
694361,56.73542346,
694392,56.73314666,
694423,56.73542346,
694455,56.73542346,
694486,56.73542346,
694597,56.73542346,
694726,56.73542346,
694759,56.73542346,
694790,56.73542346,
694822,56.73542346,
694853,56.73542346,
694885,56.73542346,
694916,56.73770025,
694947,56.73770025,
694979,56.73770025,
695010,56.73542346,
695042,56.73997704,
695073,56.73314666,
695105,56.73542346,
695136,56.73770025,
695167,56.74225384,
695199,56.73770025,
695230,56.73997704,
695261,56.73542346,
695293,56.73542346,
695508,56.73314666,
695638,56.74225384,
695669,56.73997704,
695701,56.73997704,
695733,56.74225384,
695764,56.74225384,
695796,56.73997704,
695827,56.73770025,
695858,56.73997704,
695890,56.73770025,
695921,56.73997704,
695953,56.73997704,
695984,56.73997704,
696016,56.74225384,
696047,56.74225384,
696078,56.73997704,
696110,56.73770025,
696141,56.74225384,
696172,56.73997704,
696204,56.73770025,
696337,56.73997704,
696467,56.73997704,
696499,56.74225384,
696531,56.73997704,
696562,56.74225384,
696594,56.73997704,
696625,56.74453063,
696657,56.74225384,
696688,56.74225384,
696720,56.74225384,
696751,56.74680743,
696782,56.74225384,
696814,56.74453063,
696846,56.73997704,
696877,56.74225384,
696909,56.74225384,
696940,56.74453063,
696971,56.74225384,
697002,56.74680743,
697034,56.74453063,
697174,56.74453063,
697305,56.74225384,
697337,56.74453063,
697369,56.74453063,
697400,56.74453063,
697432,56.74453063,
697463,56.74680743,
697494,56.74453063,
697526,56.74453063,
697557,56.74453063,
697589,56.74453063,
697620,56.74680743,
697651,56.74680743,
697683,56.74225384,
697714,56.74453063,
697746,56.74453063,
697777,56.74453063,
697808,56.74908422,
697840,56.74908422,
697872,56.74453063,
697993,56.74453063,
698124,56.75136101,
698156,56.74680743,
698188,56.74225384,
698219,56.74680743,
698251,56.74680743,
698282,56.74908422,
698314,56.74680743,
698345,56.74680743,
698377,56.74680743,
698408,56.74680743,
698439,56.74908422,
698471,56.74453063,
698502,56.74908422,
698533,56.74680743,
698565,56.74908422,
698596,56.75136101,
698628,56.74680743,
698659,56.74908422,
698691,56.74680743,
698824,56.74908422,
698956,56.74908422,
698988,56.74908422,
699019,56.74908422,
699050,56.74680743,
699082,56.74908422,
699114,56.74908422,
699145,56.75136101,
699177,56.75363781,
699208,56.75136101,
699239,56.75363781,
699271,56.75136101,
699302,56.74908422,
699333,56.75136101,
699365,56.75136101,
699396,56.75136101,
699428,56.75136101,
699459,56.75136101,
699491,56.75136101,
699522,56.75136101,
699712,56.75363781,
699840,56.7559146,
699872,56.75363781,
699904,56.75363781,
699936,56.75363781,
699967,56.75363781,
699999,56.75363781,
700030,56.7559146,
700061,56.75136101,
700093,56.75136101,
700124,56.75363781,
700156,56.75136101,
700187,56.75363781,
700219,56.75363781,
700250,56.7559146,
700281,56.75363781,
700313,56.75363781,
700344,56.75136101,
700376,56.75363781,
700407,56.7559146,
700829,56.75819139,
700959,56.7559146,
700991,56.75363781,
701023,56.7559146,
701054,56.75363781,
701085,56.75363781,
701117,56.7559146,
701148,56.75819139,
701180,56.75363781,
701211,56.7559146,
701243,56.75363781,
701274,56.7559146,
701305,56.75819139,
701337,56.7559146,
701368,56.76046819,
701399,56.75819139,
701431,56.7559146,
701462,56.7559146,
701494,56.7559146,
701525,56.7559146,
701743,56.7559146,
701873,56.76046819,
701904,56.75819139,
701936,56.76046819,
701968,56.75819139,
701999,56.75819139,
702031,56.75819139,
702062,56.7559146,
702093,56.75819139,
702124,56.75819139,
702156,56.76046819,
702188,56.76046819,
702219,56.75819139,
702250,56.76046819,
702282,56.7559146,
702313,56.75819139,
702345,56.76046819,
702376,56.76046819,
702407,56.76046819,
702439,56.76274498,
702600,56.76046819,
702731,56.76502178,
702763,56.76046819,
702795,56.76274498,
702826,56.76046819,
702858,56.75819139,
702889,56.76046819,
702921,56.76046819,
702952,56.76046819,
702984,56.76046819,
703015,56.76046819,
703046,56.76274498,
703078,56.75819139,
703109,56.76502178,
703141,56.76274498,
703172,56.76502178,
703204,56.76274498,
703235,56.76046819,
703267,56.76502178,
703298,56.76274498,
703407,56.76046819,
703536,56.76274498,
703568,56.76502178,
703599,56.76046819,
703631,56.76274498,
703662,56.76502178,
703694,56.76274498,
703725,56.76502178,
703756,56.76502178,
703788,56.76274498,
703819,56.76274498,
703851,56.76274498,
703882,56.76502178,
703914,56.76274498,
703945,56.76502178,
703977,56.76502178,
704008,56.76274498,
704039,56.76729857,
704071,56.76502178,
704102,56.76274498,
704252,56.76046819,
704382,56.76274498,
704414,56.76729857,
704446,56.76274498,
704477,56.76274498,
704509,56.76729857,
704540,56.76729857,
704571,56.76274498,
704603,56.76957536,
704634,56.76274498,
704666,56.76729857,
704697,56.76729857,
704729,56.76729857,
704760,56.76957536,
704792,56.76502178,
704823,56.76729857,
704854,56.76729857,
704886,56.76502178,
704917,56.76957536,
704949,56.76502178,
705074,56.76502178,
705204,56.76502178,
705236,56.76502178,
705268,56.76729857,
705299,56.76729857,
705331,56.76957536,
705362,56.76729857,
705393,56.76957536,
705425,56.76729857,
705457,56.76729857,
705488,56.76957536,
705519,56.76957536,
705551,56.76957536,
705582,56.77185216,
705614,56.76957536,
705645,56.76957536,
705676,56.76957536,
705708,56.76957536,
705739,56.76957536,
705771,56.77185216,
705879,56.76957536,
706009,56.76957536,
706042,56.76729857,
706073,56.76729857,
706105,56.76957536,
706136,56.77185216,
706168,56.76957536,
706199,56.76957536,
706231,56.77185216,
706262,56.77185216,
706293,56.76957536,
706325,56.76729857,
706356,56.76957536,
706388,56.77412895,
706419,56.77185216,
706451,56.77640574,
706482,56.77185216,
706513,56.76957536,
706545,56.77185216,
706576,56.76957536,
706783,56.77185216,
706913,56.77185216,
706946,56.77185216,
706977,56.77412895,
707008,56.77185216,
707040,56.77412895,
707071,56.77185216,
707103,56.77185216,
707134,56.77412895,
707166,56.77412895,
707197,56.77185216,
707228,56.77185216,
707260,56.77412895,
707291,56.77185216,
707323,56.77412895,
707354,56.77412895,
707386,56.77412895,
707417,56.77640574,
707448,56.77412895,
707480,56.77185216,
707696,56.77640574,
707824,56.77640574,
707856,56.77412895,
707888,56.77640574,
707919,56.77640574,
707950,56.77640574,
707982,56.77640574,
708013,56.77412895,
708045,56.77640574,
708076,56.77412895,
708108,56.77412895,
708139,56.77868254,
708171,56.77412895,
708202,56.77868254,
708233,56.77412895,
708265,56.77640574,
708296,56.77640574,
708328,56.77640574,
708359,56.77868254,
708391,56.77868254,
708533,56.77868254,
708664,56.77868254,
708696,56.77640574,
708727,56.78095933,
708759,56.77868254,
708790,56.77868254,
708822,56.77868254,
708853,56.77640574,
708884,56.78095933,
708916,56.77868254,
708948,56.77640574,
708979,56.77868254,
709010,56.77640574,
709042,56.77868254,
709073,56.77868254,
709105,56.77640574,
709136,56.78095933,
709167,56.77640574,
709199,56.77868254,
709230,56.77640574,
709437,56.77868254,
709568,56.78095933,
709599,56.77868254,
709631,56.77868254,
709663,56.77868254,
709694,56.77868254,
709726,56.78095933,
709757,56.77868254,
709788,56.77868254,
709820,56.77868254,
709851,56.77868254,
709883,56.78095933,
709914,56.78095933,
709946,56.78095933,
709977,56.78095933,
710008,56.78323613,
710040,56.78095933,
710071,56.78095933,
710102,56.78323613,
710134,56.78323613,
710293,56.77868254,
710425,56.78323613,
710457,56.78323613,
710488,56.78551292,
710519,56.78323613,
710551,56.78095933,
710583,56.78323613,
710614,56.78551292,
710646,56.78095933,
710677,56.77868254,
710708,56.78323613,
710740,56.78551292,
710771,56.78323613,
710803,56.78551292,
710834,56.78323613,
710866,56.78323613,
710897,56.78323613,
710928,56.78095933,
710960,56.78551292,
710991,56.78323613,
711094,56.78095933,
711222,56.78323613,
711255,56.78095933,
711286,56.78323613,
711318,56.78778971,
711349,56.78323613,
711381,56.78323613,
711412,56.78323613,
711443,56.78551292,
711475,56.78778971,
711506,56.78095933,
711538,56.78551292,
711569,56.78323613,
711600,56.78551292,
711632,56.78323613,
711663,56.78551292,
711695,56.78551292,
711726,56.78551292,
711758,56.78551292,
711789,56.78551292,
711923,56.78323613,
712053,56.78778971,
712086,56.78778971,
712117,56.78323613,
712148,56.78778971,
712180,56.78323613,
712211,56.78778971,
712243,56.78778971,
712274,56.78551292,
712306,56.78778971,
712337,56.78323613,
712368,56.78778971,
712400,56.78778971,
712431,56.78778971,
712463,56.78778971,
712494,56.78778971,
712526,56.78323613,
712557,56.78551292,
712589,56.78778971,
712620,56.79006651,
712802,56.78778971,
712932,56.79006651,
712963,56.78551292,
712995,56.78778971,
713027,56.78778971,
713058,56.78778971,
713089,56.78778971,
713121,56.78323613,
713152,56.79006651,
713183,56.79006651,
713215,56.79006651,
713246,56.78778971,
713278,56.78778971,
713309,56.79006651,
713341,56.78778971,
713372,56.78778971,
713404,56.79006651,
713435,56.78778971,
713466,56.7923433,
713498,56.78778971,
713655,56.79006651,
713784,56.79006651,
713816,56.7923433,
713848,56.78778971,
713879,56.79006651,
713911,56.78778971,
713942,56.79006651,
713973,56.78778971,
714005,56.79006651,
714036,56.79006651,
714068,56.7923433,
714099,56.7923433,
714131,56.79006651,
714162,56.7923433,
714193,56.7923433,
714225,56.7923433,
714256,56.79006651,
714288,56.78778971,
714319,56.79006651,
714351,56.79006651,
714466,56.7923433,
714594,56.79462009,
714627,56.7923433,
714658,56.79462009,
714689,56.79462009,
714720,56.7923433,
714752,56.79462009,
714784,56.7923433,
714815,56.7923433,
714847,56.79462009,
714878,56.79006651,
714909,56.79006651,
714941,56.7923433,
714972,56.79462009,
715004,56.7923433,
715035,56.79462009,
715067,56.79462009,
715098,56.79462009,
715129,56.7923433,
715161,56.79462009,
715308,56.79689689,
715438,56.7923433,
715471,56.79689689,
715502,56.7923433,
715533,56.79462009,
715565,56.7923433,
715596,56.79462009,
715628,56.79689689,
715659,56.79689689,
715691,56.79462009,
715722,56.7923433,
715754,56.79462009,
715785,56.79462009,
715816,56.79462009,
715848,56.79689689,
715879,56.79689689,
715911,56.79689689,
715942,56.79689689,
715974,56.79462009,
716005,56.79689689,
716114,56.79689689,
716244,56.79689689,
716277,56.79689689,
716308,56.79689689,
716340,56.79462009,
716371,56.79689689,
716403,56.79689689,
716434,56.79462009,
716466,56.79917368,
716497,56.79462009,
716528,56.79689689,
716559,56.79462009,
716591,56.79689689,
716622,56.79689689,
716654,56.79689689,
716685,56.79917368,
716717,56.79917368,
716748,56.79689689,
716779,56.79689689,
716810,56.79917368,
717033,56.79689689,
717163,56.79689689,
717196,56.80145048,
717227,56.79689689,
717259,56.79689689,
717291,56.79917368,
717323,56.79689689,
717354,56.79917368,
717385,56.79689689,
717417,56.80145048,
717448,56.79917368,
717480,56.79689689,
717511,56.79689689,
717543,56.79917368,
717574,56.79917368,
717606,56.79917368,
717637,56.79689689,
717668,56.79689689,
717700,56.79689689,
717731,56.80372727,
717922,56.79689689,
718052,56.80145048,
718084,56.79917368,
718115,56.80145048,
718147,56.79917368,
718178,56.79917368,
718210,56.80145048,
718241,56.79917368,
718272,56.80145048,
718303,56.79917368,
718335,56.80145048,
718367,56.80372727,
718398,56.80145048,
718429,56.79917368,
718461,56.80145048,
718492,56.80145048,
718524,56.79917368,
718555,56.80145048,
718586,56.80145048,
718618,56.79917368,
718773,56.80600406,
718903,56.80145048,
718935,56.79917368,
718967,56.80372727,
718998,56.80145048,
719029,56.80372727,
719061,56.80145048,
719092,56.79917368,
719124,56.80600406,
719156,56.80145048,
719187,56.80145048,
719218,56.80372727,
719250,56.80372727,
719281,56.80600406,
719312,56.80372727,
719344,56.80145048,
719375,56.80372727,
719407,56.80372727,
719438,56.80145048,
719470,56.80600406,
719794,56.80372727,
719922,56.80600406,
719955,56.80600406,
719986,56.80600406,
720017,56.80372727,
720048,56.80372727,
720080,56.80600406,
720112,56.80372727,
720143,56.80372727,
720175,56.80828086,
720206,56.80372727,
720237,56.80600406,
720269,56.80600406,
720300,56.80828086,
720332,56.80600406,
720363,56.80600406,
720395,56.80600406,
720426,56.80600406,
720457,56.80372727,
720489,56.80600406,
720606,56.80372727,
720736,56.80600406,
720768,56.80828086,
720800,56.80145048,
720831,56.80828086,
720862,56.81055765,
720894,56.80828086,
720926,56.80828086,
720957,56.81055765,
720989,56.80828086,
721020,56.80828086,
721051,56.80828086,
721083,56.80828086,
721114,56.80600406,
721146,56.80372727,
721177,56.80600406,
721208,56.80828086,
721240,56.80600406,
721271,56.80828086,
721303,56.80600406,
721507,56.80828086,
721637,56.80828086,
721668,56.80600406,
721700,56.81055765,
721732,56.80600406,
721763,56.80600406,
721795,56.80600406,
721826,56.80600406,
721857,56.80828086,
721888,56.80600406,
721920,56.80600406,
721952,56.80828086,
721983,56.81055765,
722015,56.81055765,
722046,56.80600406,
722077,56.81055765,
722109,56.80600406,
722140,56.81055765,
722171,56.80828086,
722203,56.80828086,
722365,56.80828086,
722493,56.81055765,
722526,56.81055765,
722558,56.81055765,
722589,56.80828086,
722621,56.80600406,
722652,56.81055765,
722683,56.81055765,
722715,56.81283444,
722746,56.81055765,
722778,56.81283444,
722809,56.80828086,
722841,56.81283444,
722872,56.81283444,
722903,56.81283444,
722935,56.80828086,
722966,56.81055765,
722997,56.81055765,
723029,56.80828086,
723061,56.81055765,
723365,56.81055765,
723495,56.81055765,
723527,56.81055765,
723559,56.81283444,
723590,56.81511124,
723621,56.81055765,
723653,56.81055765,
723684,56.81511124,
723716,56.81055765,
723747,56.81511124,
723779,56.81283444,
723810,56.81511124,
723842,56.81283444,
723873,56.81055765,
723905,56.81283444,
723936,56.81283444,
723967,56.81283444,
723999,56.81055765,
724030,56.81283444,
724062,56.81055765,
724279,56.81055765,
724410,56.81283444,
724441,56.81283444,
724473,56.81055765,
724504,56.81511124,
724536,56.81283444,
724567,56.81511124,
724599,56.81283444,
724630,56.81283444,
724662,56.81283444,
724693,56.81283444,
724724,56.81511124,
724755,56.81738803,
724788,56.81511124,
724819,56.81511124,
724851,56.81511124,
724883,56.81511124,
724914,56.81283444,
724945,56.81511124,
724977,56.81511124,
725193,56.81283444,
725323,56.81511124,
725354,56.81511124,
725386,56.81511124,
725417,56.81511124,
725449,56.81283444,
725480,56.81966483,
725512,56.81511124,
725543,56.81511124,
725574,56.81511124,
725606,56.81511124,
725637,56.81738803,
725669,56.81738803,
725700,56.81511124,
725732,56.81511124,
725763,56.81738803,
725795,56.81511124,
725826,56.81738803,
725857,56.81511124,
725889,56.81511124,
726115,56.81738803,
726246,56.81511124,
726277,56.81738803,
726309,56.81738803,
726340,56.81511124,
726372,56.81511124,
726403,56.81738803,
726435,56.81966483,
726466,56.81511124,
726497,56.81966483,
726529,56.81738803,
726560,56.81966483,
726591,56.81511124,
726623,56.81738803,
726655,56.81966483,
726686,56.81738803,
726717,56.81511124,
726749,56.81738803,
726780,56.81738803,
726812,56.81738803,
726964,56.81966483,
727093,56.81511124,
727126,56.82194162,
727157,56.81738803,
727188,56.81966483,
727220,56.81738803,
727252,56.82194162,
727283,56.81966483,
727314,56.81738803,
727346,56.81966483,
727377,56.81966483,
727408,56.81738803,
727440,56.81966483,
727471,56.81966483,
727503,56.81738803,
727534,56.81738803,
727566,56.81738803,
727597,56.81966483,
727628,56.81966483,
727660,56.81738803,
727793,56.81966483,
727921,56.81966483,
727954,56.81966483,
727985,56.82421841,
728017,56.82194162,
728049,56.81966483,
728080,56.81966483,
728111,56.82194162,
728143,56.82194162,
728174,56.81966483,
728205,56.81966483,
728237,56.81966483,
728268,56.81966483,
728300,56.82194162,
728331,56.81966483,
728363,56.81966483,
728394,56.81966483,
728425,56.82194162,
728457,56.82421841,
728488,56.82194162,
728603,56.81966483,
728733,56.81966483,
728765,56.82421841,
728797,56.82421841,
728828,56.82194162,
728860,56.82194162,
728891,56.82194162,
728922,56.82194162,
728954,56.82194162,
728985,56.82421841,
729017,56.82421841,
729048,56.82421841,
729080,56.82649521,
729111,56.82194162,
729142,56.82421841,
729174,56.82649521,
729205,56.82194162,
729237,56.81966483,
729268,56.81966483,
729300,56.82194162,
729443,56.82421841,
729573,56.82421841,
729605,56.82194162,
729637,56.82194162,
729668,56.82421841,
729700,56.82649521,
729731,56.82194162,
729763,56.82194162,
729794,56.82421841,
729826,56.82421841,
729857,56.82421841,
729889,56.82421841,
729920,56.82649521,
729951,56.82421841,
729983,56.81966483,
730014,56.82649521,
730046,56.82194162,
730077,56.82194162,
730108,56.82649521,
730140,56.82649521,
730257,56.82421841,
730389,56.82649521,
730421,56.82421841,
730453,56.82649521,
730484,56.82649521,
730516,56.82194162,
730547,56.82421841,
730578,56.828772,
730610,56.82421841,
730641,56.82194162,
730673,56.82421841,
730704,56.82649521,
730736,56.82421841,
730767,56.82421841,
730798,56.82194162,
730830,56.82194162,
730861,56.82194162,
730893,56.82649521,
730924,56.828772,
730956,56.82649521,
731132,56.82649521,
731262,56.82649521,
731294,56.82421841,
731326,56.82649521,
731357,56.828772,
731388,56.82421841,
731420,56.82649521,
731451,56.82649521,
731482,56.828772,
731514,56.828772,
731545,56.82649521,
731577,56.82649521,
731608,56.82421841,
731640,56.828772,
731671,56.82649521,
731702,56.828772,
731734,56.828772,
731766,56.82421841,
731797,56.82649521,
731828,56.82649521,
731982,56.82421841,
732112,56.82649521,
732145,56.828772,
732176,56.828772,
732207,56.828772,
732239,56.82649521,
732270,56.82649521,
732302,56.82421841,
732333,56.82649521,
732365,56.82649521,
732396,56.82649521,
732427,56.828772,
732459,56.82649521,
732490,56.82649521,
732521,56.828772,
732553,56.828772,
732584,56.82649521,
732616,56.83104879,
732647,56.82649521,
732679,56.828772,
732884,56.83104879,
733014,56.83104879,
733046,56.828772,
733078,56.828772,
733110,56.83104879,
733141,56.82649521,
733173,56.828772,
733204,56.82649521,
733235,56.828772,
733267,56.83104879,
733298,56.828772,
733330,56.82649521,
733361,56.83104879,
733392,56.83332559,
733424,56.828772,
733455,56.83332559,
733487,56.83104879,
733518,56.83332559,
733549,56.82649521,
733581,56.83104879,
733819,56.83104879,
733947,56.83104879,
733979,56.828772,
734010,56.83332559,
734042,56.83104879,
734073,56.83104879,
734105,56.828772,
734136,56.83332559,
734167,56.83104879,
734199,56.83104879,
734230,56.83104879,
734262,56.83332559,
734293,56.83104879,
734325,56.83104879,
734356,56.83332559,
734388,56.83332559,
734419,56.83332559,
734450,56.83560238,
734481,56.83332559,
734513,56.828772,
734716,56.83104879,
734844,56.83104879,
734876,56.83104879,
734908,56.83332559,
734939,56.83332559,
734970,56.83104879,
735002,56.83104879,
735033,56.83332559,
735065,56.83332559,
735096,56.83104879,
735127,56.83104879,
735159,56.83332559,
735190,56.83104879,
735222,56.83104879,
735253,56.83104879,
735284,56.83560238,
735316,56.83332559,
735347,56.83332559,
735379,56.83104879,
735410,56.83332559,
735671,56.83104879,
735799,56.83332559,
735831,56.83787918,
735863,56.83560238,
735894,56.83332559,
735925,56.83787918,
735957,56.83560238,
735989,56.83787918,
736020,56.83332559,
736052,56.83560238,
736083,56.83332559,
736114,56.83332559,
736146,56.83104879,
736177,56.83104879,
736208,56.83560238,
736240,56.83560238,
736271,56.83104879,
736303,56.83560238,
736334,56.83332559,
736366,56.83560238,
736561,56.83560238,
736691,56.83560238,
736722,56.83560238,
736754,56.84015597,
736786,56.83560238,
736817,56.83560238,
736849,56.83560238,
736880,56.83560238,
736911,56.83560238,
736943,56.83560238,
736974,56.83560238,
737006,56.83560238,
737037,56.83560238,
737069,56.83332559,
737100,56.83332559,
737131,56.83560238,
737163,56.83560238,
737194,56.83560238,
737225,56.84015597,
737257,56.83560238,
737481,56.83787918,
737612,56.84015597,
737644,56.83787918,
737676,56.83560238,
737707,56.83787918,
737738,56.83787918,
737770,56.83787918,
737801,56.83787918,
737833,56.83787918,
737864,56.83787918,
737896,56.83560238,
737927,56.84015597,
737958,56.84015597,
737990,56.83787918,
738021,56.83332559,
738053,56.83332559,
738084,56.84243276,
738116,56.83787918,
738147,56.83332559,
738179,56.83787918,
739230,56.84015597,
739360,56.84015597,
739392,56.84015597,
739424,56.83787918,
739455,56.83787918,
739486,56.84015597,
739518,56.84015597,
739549,56.83787918,
739581,56.84015597,
739612,56.83787918,
739644,56.84015597,
739675,56.84015597,
739706,56.84243276,
739738,56.84015597,
739769,56.84015597,
739800,56.83787918,
739832,56.84243276,
739863,56.84470956,
739895,56.84015597,
739926,56.84470956,
739230,56.84015597,
739360,56.84015597,
739392,56.84015597,
739424,56.83787918,
739455,56.83787918,
739486,56.84015597,
739518,56.84015597,
739549,56.83787918,
739581,56.84015597,
739612,56.83787918,
739644,56.84015597,
739675,56.84015597,
739706,56.84243276,
739738,56.84015597,
739769,56.84015597,
739800,56.83787918,
739832,56.84243276,
739863,56.84470956,
739895,56.84015597,
739926,56.84470956,
745077,56.84926314,
745207,56.85153994,
745239,56.84926314,
745271,56.84926314,
745302,56.84698635,
745333,56.84926314,
745365,56.84698635,
745397,56.85381673,
745428,56.84470956,
745460,56.84926314,
745491,56.84243276,
745522,56.84698635,
745554,56.84698635,
745585,56.84926314,
745616,56.84926314,
745648,56.84698635,
745679,56.84698635,
745711,56.84698635,
745742,56.84926314,
745774,56.84698635,
754210,56.8652007,
754242,56.85837032,
754274,56.85837032,
754305,56.8652007,
754337,56.85609353,
754368,56.86064711,
754400,56.86064711,
754431,56.85837032,
754463,56.86064711,
754494,56.85837032,
754525,56.85837032,
754556,56.86064711,
754588,56.86064711,
754620,56.86064711,
754651,56.85837032,
754682,56.86064711,
754714,56.86292391,
754745,56.86064711,
754777,56.86064711,
754808,56.86292391,
754210,56.8652007,
754242,56.85837032,
754274,56.85837032,
754305,56.8652007,
754337,56.85609353,
754368,56.86064711,
754400,56.86064711,
754431,56.85837032,
754463,56.86064711,
754494,56.85837032,
754525,56.85837032,
754556,56.86064711,
754588,56.86064711,
754620,56.86064711,
754651,56.85837032,
754682,56.86064711,
754714,56.86292391,
754745,56.86064711,
754777,56.86064711,
754808,56.86292391,
760002,56.87203108,
760132,56.86975429,
760164,56.86747749,
760195,56.86747749,
760227,56.87203108,
760258,56.86747749,
760289,56.86747749,
760321,56.86747749,
760352,56.86747749,
760384,56.8652007,
760415,56.86747749,
760447,56.8652007,
760478,56.86975429,
760510,56.86975429,
760541,56.86747749,
760572,56.86975429,
760604,56.8652007,
760635,56.87203108,
760667,56.8652007,
760698,56.8652007,
764630,56.86975429,
764757,56.86975429,
764789,56.86975429,
764821,56.87430788,
764852,56.87203108,
764883,56.87203108,
764915,56.86975429,
764946,56.87203108,
764978,56.87203108,
765009,56.87430788,
765041,56.87430788,
765072,56.87430788,
765103,56.87430788,
765135,56.87430788,
765166,56.87658467,
765197,56.87430788,
765229,56.87203108,
765260,56.87430788,
765292,56.87203108,
765323,56.87203108,
765553,56.87658467,
765682,56.87203108,
765714,56.87203108,
765746,56.87430788,
765777,56.87430788,
765808,56.87430788,
765840,56.87658467,
765872,56.87430788,
765903,56.87430788,
765934,56.87886146,
765966,56.87203108,
765997,56.86975429,
766028,56.87203108,
766060,56.87430788,
766091,56.87658467,
766123,56.87203108,
766154,56.87430788,
766186,56.87658467,
766217,56.87430788,
766249,56.87886146,
766572,56.87658467,
766701,56.87430788,
766733,56.87430788,
766766,56.87658467,
766797,56.87658467,
766828,56.87430788,
766860,56.87658467,
766891,56.87430788,
766923,56.87658467,
766954,56.87886146,
766986,56.87430788,
767017,56.87430788,
767048,56.87430788,
767080,56.87430788,
767111,56.87658467,
767142,56.87203108,
767174,56.87430788,
767205,56.87430788,
767237,56.87658467,
767268,56.87430788,
767518,56.87658467,
767648,56.87658467,
767680,56.87658467,
767712,56.87886146,
767743,56.87203108,
767775,56.87886146,
767806,56.87658467,
767838,56.87658467,
767869,56.87658467,
767901,56.87658467,
767932,56.87886146,
767963,56.87430788,
767995,56.87658467,
768026,56.87658467,
768058,56.87658467,
768089,56.87658467,
768121,56.87886146,
768152,56.87430788,
768184,56.87430788,
768215,56.87658467,
768620,56.87886146,
768749,56.87886146,
768781,56.87658467,
768813,56.87658467,
768844,56.87430788,
768876,56.87886146,
768907,56.87886146,
768939,56.87658467,
768970,56.87430788,
769002,56.87886146,
769033,56.87658467,
769064,56.87658467,
769095,56.87886146,
769127,56.87886146,
769158,56.87886146,
769190,56.87886146,
769221,56.87886146,
769253,56.87658467,
769284,56.87658467,
769316,56.87658467,
769644,56.87886146,
769772,56.87658467,
769804,56.87886146,
769836,56.87886146,
769867,56.87886146,
769898,56.88113826,
769930,56.88113826,
769962,56.87886146,
769993,56.87886146,
770024,56.87886146,
770056,56.87886146,
770087,56.87886146,
770118,56.87886146,
770150,56.87886146,
770181,56.87886146,
770213,56.87658467,
770244,56.87886146,
770276,56.88113826,
770307,56.88113826,
770339,56.87658467,
770668,56.87886146,
770796,56.87658467,
770827,56.88341505,
770859,56.87886146,
770891,56.88113826,
770922,56.88113826,
770954,56.88113826,
770985,56.87886146,
771016,56.88113826,
771048,56.87658467,
771079,56.87886146,
771110,56.87886146,
771142,56.87886146,
771173,56.88113826,
771205,56.87886146,
771236,56.87886146,
771267,56.87430788,
771299,56.88113826,
771330,56.88113826,
771362,56.87886146,
771519,56.87430788,
771649,56.88113826,
771681,56.88113826,
771713,56.87658467,
771744,56.87886146,
771776,56.87886146,
771807,56.87886146,
771839,56.88341505,
771870,56.87886146,
771902,56.88113826,
771933,56.88569184,
771964,56.87886146,
771996,56.87886146,
772027,56.88341505,
772058,56.88113826,
772090,56.88113826,
772121,56.87886146,
772153,56.88113826,
772184,56.88113826,
772216,56.87886146,
772435,56.88569184,
772565,56.88113826,
772597,56.87658467,
772629,56.88341505,
772660,56.88113826,
772692,56.87886146,
772723,56.88113826,
772754,56.87886146,
772786,56.87886146,
772817,56.87658467,
772849,56.88341505,
772880,56.88113826,
772912,56.88113826,
772943,56.88341505,
772974,56.87886146,
773006,56.88113826,
773037,56.87886146,
773069,56.88341505,
773100,56.88113826,
773132,56.87886146,
773243,56.88341505,
773373,56.88113826,
773405,56.88341505,
773437,56.88113826,
773468,56.88341505,
773499,56.88341505,
773531,56.87886146,
773562,56.88341505,
773594,56.88113826,
773625,56.88341505,
773657,56.88113826,
773688,56.88113826,
773720,56.88113826,
773751,56.88113826,
773782,56.88341505,
773814,56.88113826,
773845,56.88569184,
773877,56.88113826,
773908,56.88113826,
773940,56.87886146,
774241,56.88113826,
774371,56.88341505,
774402,56.88113826,
774434,56.88341505,
774465,56.88113826,
774497,56.88113826,
774528,56.88113826,
774560,56.88341505,
774591,56.88341505,
774622,56.88113826,
774654,56.88569184,
774685,56.88341505,
774716,56.88569184,
774748,56.88341505,
774780,56.87886146,
774811,56.88113826,
774842,56.88341505,
774874,56.88569184,
774905,56.88113826,
774936,56.88113826,
775584,56.88341505,
775712,56.88113826,
775744,56.88341505,
775776,56.88113826,
775807,56.88341505,
775838,56.88569184,
775870,56.87886146,
775901,56.88341505,
775933,56.88113826,
775964,56.88341505,
775996,56.88569184,
776027,56.88113826,
776058,56.88341505,
776090,56.88341505,
776121,56.88569184,
776152,56.88341505,
776184,56.88341505,
776215,56.88113826,
776247,56.88341505,
776278,56.88341505,
776523,56.88341505,
776653,56.88569184,
776685,56.88569184,
776716,56.88569184,
776747,56.88569184,
776778,56.88341505,
776810,56.88569184,
776842,56.88569184,
776873,56.88341505,
776905,56.88113826,
776936,56.88341505,
776967,56.88569184,
776999,56.88569184,
777030,56.88569184,
777061,56.88569184,
777093,56.88113826,
777124,56.88569184,
777156,56.88341505,
777187,56.88341505,
777219,56.88341505,
777529,56.88341505,
777661,56.88341505,
777692,56.88341505,
777724,56.88341505,
777755,56.88569184,
777787,56.88569184,
777818,56.88569184,
777850,56.88341505,
777881,56.88569184,
777913,56.88341505,
777944,56.88569184,
777975,56.88569184,
778007,56.88569184,
778038,56.88341505,
778070,56.88569184,
778101,56.88796864,
778133,56.88341505,
778164,56.88796864,
778195,56.88113826,
778227,56.88341505,
778657,56.88569184,
778785,56.88569184,
778817,56.88569184,
778849,56.89024543,
778880,56.88796864,
778911,56.88569184,
778943,56.88569184,
778974,56.88569184,
779005,56.88796864,
779037,56.88569184,
779069,56.88796864,
779100,56.88569184,
779131,56.89024543,
779163,56.89024543,
779194,56.88796864,
779225,56.88569184,
779257,56.88569184,
779288,56.88569184,
779320,56.88796864,
779351,56.88569184,
780602,56.89024543,
780730,56.89024543,
780761,56.89024543,
780793,56.88796864,
780825,56.88796864,
780856,56.89024543,
780888,56.88796864,
780919,56.88796864,
780950,56.88569184,
780982,56.89024543,
781013,56.89024543,
781045,56.88341505,
781076,56.88796864,
781107,56.88796864,
781139,56.89252223,
781170,56.88796864,
781202,56.88796864,
781233,56.88796864,
781264,56.88569184,
781296,56.88796864,
783366,56.89252223,
783496,56.89024543,
783528,56.88796864,
783560,56.89024543,
783591,56.89024543,
783622,56.89024543,
783654,56.89024543,
783685,56.88796864,
783717,56.89024543,
783748,56.88796864,
783780,56.88796864,
783811,56.89024543,
783842,56.89252223,
783874,56.89024543,
783905,56.89024543,
783936,56.89252223,
783968,56.89252223,
784000,56.89024543,
784031,56.89252223,
784062,56.89252223,
784379,56.89024543,
784509,56.88796864,
784541,56.89252223,
784572,56.89024543,
784604,56.89024543,
784635,56.89252223,
784667,56.89024543,
784698,56.89024543,
784729,56.89024543,
784760,56.89024543,
784792,56.89252223,
784823,56.88796864,
784855,56.89252223,
784887,56.88796864,
784918,56.89024543,
784949,56.89479902,
784981,56.89252223,
785012,56.89024543,
785043,56.88796864,
785075,56.89252223,
785249,56.89024543,
785379,56.89252223,
785411,56.89024543,
785443,56.88796864,
785475,56.89252223,
785507,56.89479902,
785538,56.89479902,
785569,56.89252223,
785601,56.89024543,
785632,56.89024543,
785664,56.89024543,
785695,56.89479902,
785727,56.89252223,
785758,56.89707581,
785789,56.89252223,
785821,56.89252223,
785852,56.89252223,
785884,56.89252223,
785915,56.89252223,
785947,56.89479902,
790125,56.89252223,
790253,56.89479902,
790285,56.89479902,
790317,56.89479902,
790349,56.89479902,
790380,56.89479902,
790412,56.89252223,
790443,56.89707581,
790474,56.89707581,
790506,56.89252223,
790537,56.89252223,
790569,56.89707581,
790600,56.89479902,
790631,56.89707581,
790663,56.89707581,
790694,56.89252223,
790726,56.89707581,
790757,56.89479902,
790788,56.89707581,
790820,56.89252223,
791074,56.89479902,
791205,56.89707581,
791237,56.89479902,
791269,56.89479902,
791301,56.89479902,
791333,56.89935261,
791364,56.89479902,
791396,56.89479902,
791427,56.89479902,
791459,56.89252223,
791490,56.89252223,
791521,56.89479902,
791553,56.89707581,
791584,56.89707581,
791615,56.89707581,
791647,56.89479902,
791678,56.89479902,
791710,56.89707581,
791741,56.89707581,
791773,56.89935261,
793267,56.89935261,
793397,56.89935261,
793429,56.89707581,
793460,56.89707581,
793492,56.89935261,
793524,56.89935261,
793555,56.89479902,
793587,56.89707581,
793618,56.89935261,
793649,56.89479902,
793681,56.89935261,
793712,56.89935261,
793744,56.9016294,
793775,56.89707581,
793807,56.89935261,
793838,56.89707581,
793869,56.89707581,
793901,56.9016294,
793932,56.89935261,
793964,56.89707581,
794216,56.89935261,
794347,56.89707581,
794378,56.89935261,
794410,56.9016294,
794442,56.89935261,
794473,56.89707581,
794505,56.89935261,
794536,56.89935261,
794567,56.89707581,
794598,56.9016294,
794630,56.9016294,
794662,56.89707581,
794693,56.89935261,
794724,56.89935261,
794756,56.89935261,
794787,56.89707581,
794819,56.89935261,
794850,56.89935261,
794881,56.89707581,
794913,56.89707581,
795557,56.89935261,
795687,56.89935261,
795718,56.90390619,
795750,56.9016294,
795781,56.89707581,
795813,56.89935261,
795844,56.89935261,
795876,56.89935261,
795907,56.9016294,
795939,56.9016294,
795970,56.89935261,
796001,56.89707581,
796032,56.9016294,
796064,56.89707581,
796096,56.89935261,
796127,56.9016294,
796159,56.9016294,
796190,56.89935261,
796221,56.89935261,
796253,56.89935261,
796494,56.89935261,
796622,56.90390619,
796654,56.89935261,
796686,56.89935261,
796717,56.89935261,
796748,56.9016294,
796780,56.9016294,
796812,56.89935261,
796843,56.89935261,
796875,56.89707581,
796906,56.89935261,
796937,56.9016294,
796969,56.9016294,
797000,56.89935261,
797032,56.89935261,
797063,56.89935261,
797095,56.9016294,
797126,56.90390619,
797157,56.89935261,
797189,56.9016294,
798319,56.9016294,
798449,56.89935261,
798481,56.9016294,
798513,56.90390619,
798544,56.90390619,
798575,56.9016294,
798607,56.90618299,
798638,56.9016294,
798670,56.89935261,
798701,56.9016294,
798733,56.9016294,
798764,56.90618299,
798795,56.89935261,
798827,56.90390619,
798858,56.90390619,
798890,56.9016294,
798921,56.89707581,
798953,56.9016294,
798984,56.9016294,
799016,56.9016294,
799449,56.9016294,
799579,56.90390619,
799611,56.9016294,
799642,56.9016294,
799674,56.90390619,
799705,56.90390619,
799737,56.9016294,
799768,56.90390619,
799799,56.90390619,
799831,56.90390619,
799863,56.9016294,
799894,56.90390619,
799925,56.90390619,
799957,56.90390619,
799988,56.90618299,
800019,56.90390619,
800051,56.9016294,
800082,56.89707581,
800114,56.90618299,
800145,56.9016294,
800570,56.90618299,
800701,56.90390619,
800732,56.90618299,
800764,56.90390619,
800795,56.9016294,
800827,56.90390619,
800858,56.90390619,
800890,56.90390619,
800921,56.90390619,
800953,56.9016294,
800984,56.90845978,
801015,56.9016294,
801046,56.90390619,
801078,56.90390619,
801109,56.90618299,
801141,56.90390619,
801172,56.90618299,
801204,56.9016294,
801235,56.9016294,
801267,56.90390619,
801502,56.90618299,
801632,56.90390619,
801664,56.90390619,
801696,56.90390619,
801727,56.90390619,
801759,56.90618299,
801790,56.90618299,
801822,56.90390619,
801853,56.90390619,
801885,56.90618299,
801916,56.90390619,
801948,56.90390619,
801979,56.90390619,
802011,56.9016294,
802042,56.90390619,
802073,56.9016294,
802105,56.90618299,
802136,56.90618299,
802167,56.90390619,
802199,56.9016294,
802430,56.90390619,
802560,56.90618299,
802593,56.9016294,
802624,56.90390619,
802656,56.90390619,
802687,56.90618299,
802719,56.89935261,
802750,56.90390619,
802781,56.90845978,
802813,56.9016294,
802844,56.90618299,
802876,56.90390619,
802907,56.90390619,
802939,56.90618299,
802970,56.90390619,
803002,56.90390619,
803033,56.90390619,
803064,56.90390619,
803095,56.9016294,
803127,56.9016294,
803362,56.9016294,
803492,56.90390619,
803524,56.90618299,
803556,56.90390619,
803587,56.90618299,
803619,56.9016294,
803650,56.90390619,
803682,56.90390619,
803713,56.90390619,
803745,56.90618299,
803776,56.90845978,
803807,56.90845978,
803839,56.90618299,
803870,56.90618299,
803901,56.91073658,
803933,56.90845978,
803965,56.90618299,
803996,56.90618299,
804027,56.90390619,
804059,56.90845978,
804193,56.90390619,
804323,56.90845978,
804356,56.90618299,
804387,56.90390619,
804419,56.90618299,
804450,56.90845978,
804482,56.90845978,
804513,56.90390619,
804545,56.90618299,
804576,56.90618299,
804608,56.9016294,
804639,56.90618299,
804671,56.90618299,
804702,56.90618299,
804733,56.90845978,
804765,56.90390619,
804796,56.90390619,
804827,56.90618299,
804859,56.90390619,
804890,56.90618299,
805178,56.90618299,
805308,56.90845978,
805339,56.90618299,
805371,56.90618299,
805402,56.90618299,
805433,56.90618299,
805465,56.90618299,
805497,56.90845978,
805528,56.90618299,
805560,56.90618299,
805591,56.90618299,
805622,56.90390619,
805653,56.90618299,
805685,56.90618299,
805716,56.90618299,
805748,56.90845978,
805779,56.90618299,
805811,56.90390619,
805842,56.90618299,
805874,56.91073658,
806208,56.90618299,
806336,56.91073658,
806367,56.90845978,
806399,56.90845978,
806431,56.90845978,
806462,56.90618299,
806494,56.90390619,
806525,56.90618299,
806556,56.90845978,
806588,56.90390619,
806619,56.90845978,
806650,56.91073658,
806682,56.90618299,
806713,56.90390619,
806745,56.90845978,
806776,56.90618299,
806808,56.90618299,
806839,56.90618299,
806870,56.90845978,
806902,56.90618299,
809480,56.90845978,
809608,56.90845978,
809639,56.91073658,
809671,56.90845978,
809702,56.90845978,
809734,56.90618299,
809765,56.90845978,
809797,56.91073658,
809828,56.90845978,
809860,56.90845978,
809891,56.91073658,
809922,56.91073658,
809953,56.91073658,
809985,56.91301337,
810016,56.90845978,
810048,56.91301337,
810079,56.90845978,
810111,56.91073658,
810142,56.90845978,
810174,56.90845978,
810513,56.91073658,
810641,56.90845978,
810673,56.90618299,
810705,56.90845978,
810736,56.90845978,
810768,56.91301337,
810799,56.90845978,
810831,56.91073658,
810862,56.91073658,
810894,56.91301337,
810925,56.91073658,
810956,56.90845978,
810988,56.91073658,
811019,56.91073658,
811051,56.91073658,
811082,56.91301337,
811114,56.91073658,
811145,56.91301337,
811176,56.91073658,
811208,56.91301337,
811733,56.90845978,
811862,56.91073658,
811894,56.91073658,
811926,56.91073658,
811957,56.91301337,
811988,56.91073658,
812020,56.91301337,
812052,56.91073658,
812083,56.91073658,
812114,56.91073658,
812146,56.91073658,
812177,56.91301337,
812208,56.90845978,
812240,56.91301337,
812272,56.91073658,
812303,56.91073658,
812334,56.90845978,
812366,56.91301337,
812397,56.90845978,
812429,56.91301337,
812663,56.91073658,
812793,56.91301337,
812825,56.91073658,
812857,56.91301337,
812888,56.91073658,
812919,56.91301337,
812951,56.91073658,
812983,56.90845978,
813014,56.91073658,
813045,56.91073658,
813077,56.91073658,
813108,56.91529016,
813140,56.91301337,
813171,56.91301337,
813202,56.91073658,
813234,56.91073658,
813265,56.91073658,
813297,56.91073658,
813328,56.91073658,
813360,56.91301337,
813780,56.90845978,
813911,56.91073658,
813942,56.91529016,
813974,56.91073658,
814005,56.91301337,
814036,56.91301337,
814068,56.91073658,
814100,56.91301337,
814131,56.91301337,
814162,56.91073658,
814194,56.91529016,
814225,56.91301337,
814256,56.91301337,
814288,56.91073658,
814319,56.91301337,
814351,56.90845978,
814382,56.91301337,
814414,56.91529016,
814445,56.91301337,
814477,56.91301337,
814907,56.91301337,
815037,56.91073658,
815069,56.91301337,
815101,56.91301337,
815132,56.91529016,
815163,56.91301337,
815195,56.91529016,
815226,56.91301337,
815257,56.91301337,
815289,56.91301337,
815320,56.91301337,
815352,56.91301337,
815383,56.91301337,
815415,56.91529016,
815446,56.91301337,
815477,56.91301337,
815509,56.91529016,
815540,56.91073658,
815572,56.91529016,
815603,56.91301337,
815817,56.91301337,
815947,56.91301337,
815978,56.91073658,
816010,56.91301337,
816041,56.91301337,
816073,56.91529016,
816104,56.91301337,
816136,56.91756696,
816167,56.91301337,
816198,56.91529016,
816230,56.91073658,
816261,56.91301337,
816292,56.91073658,
816324,56.91756696,
816355,56.91073658,
816387,56.91073658,
816419,56.91301337,
816450,56.91529016,
816481,56.91529016,
816512,56.91301337,
816959,56.91301337,
817090,56.91073658,
817122,56.91529016,
817154,56.91301337,
817185,56.91073658,
817216,56.91529016,
817248,56.91301337,
817279,56.91529016,
817310,56.91073658,
817342,56.91073658,
817373,56.91529016,
817405,56.91529016,
817436,56.91301337,
817468,56.91301337,
817499,56.91529016,
817530,56.91301337,
817562,56.91301337,
817593,56.91301337,
817624,56.91529016,
817656,56.91529016,
817798,56.91073658,
817929,56.91756696,
817961,56.91301337,
817992,56.91529016,
818024,56.91073658,
818056,56.91301337,
818087,56.91301337,
818118,56.91301337,
818149,56.91301337,
818181,56.91301337,
818212,56.91529016,
818244,56.91529016,
818275,56.91301337,
818307,56.91529016,
818338,56.91756696,
818370,56.91301337,
818401,56.91756696,
818432,56.91529016,
818464,56.91529016,
818495,56.91073658,
818623,56.91529016,
818753,56.91529016,
818786,56.91529016,
818817,56.91529016,
818849,56.91301337,
818881,56.90845978,
818912,56.91529016,
818943,56.91529016,
818975,56.91073658,
819006,56.91301337,
819038,56.91301337,
819069,56.91756696,
819100,56.91529016,
819132,56.91301337,
819163,56.91529016,
819195,56.91301337,
819226,56.91756696,
819257,56.91529016,
819289,56.91529016,
819320,56.91529016,
819524,56.91073658,
819654,56.91756696,
819686,56.91301337,
819718,56.91984375,
819749,56.91301337,
819780,56.91301337,
819812,56.91756696,
819843,56.91529016,
819875,56.91529016,
819906,56.91301337,
819938,56.91529016,
819969,56.91984375,
820001,56.91756696,
820032,56.91756696,
820063,56.91529016,
820095,56.91529016,
820126,56.91756696,
820158,56.91529016,
820189,56.91529016,
820221,56.91073658,
820347,56.91301337,
820477,56.91301337,
820509,56.91529016,
820541,56.91529016,
820572,56.91756696,
820603,56.91529016,
820635,56.91301337,
820666,56.91529016,
820697,56.91756696,
820729,56.91756696,
820761,56.91756696,
820792,56.91756696,
820823,56.91529016,
820855,56.91756696,
820886,56.91529016,
820918,56.91529016,
820949,56.91529016,
820980,56.91529016,
821012,56.91756696,
821043,56.91756696,
821871,56.91529016,
822001,56.91529016,
822032,56.91756696,
822064,56.91301337,
822096,56.91529016,
822127,56.91756696,
822159,56.91756696,
822190,56.91529016,
822221,56.91529016,
822253,56.91984375,
822284,56.91756696,
822315,56.91756696,
822347,56.91756696,
822378,56.91756696,
822410,56.91529016,
822441,56.91756696,
822473,56.91756696,
822504,56.91756696,
822535,56.91984375,
822567,56.91529016,
822791,56.91529016,
822919,56.91756696,
822951,56.91984375,
822983,56.91756696,
823014,56.91756696,
823045,56.91529016,
823077,56.91756696,
823108,56.91756696,
823140,56.91073658,
823171,56.91756696,
823203,56.91529016,
823234,56.91756696,
823265,56.91756696,
823297,56.91756696,
823328,56.91756696,
823360,56.91529016,
823391,56.91756696,
823423,56.91529016,
823454,56.91756696,
823486,56.91529016,
824024,56.91756696,
824154,56.91984375,
824186,56.91756696,
824217,56.91529016,
824249,56.91529016,
824280,56.91756696,
824312,56.91301337,
824343,56.91756696,
824374,56.91756696,
824406,56.91529016,
824437,56.91529016,
824469,56.91984375,
824500,56.91529016,
824532,56.92212054,
824563,56.91529016,
824594,56.91301337,
824626,56.91529016,
824657,56.91756696,
824688,56.91984375,
824720,56.91756696,
825045,56.91984375,
825175,56.92212054,
825206,56.91984375,
825238,56.91756696,
825270,56.91756696,
825301,56.91529016,
825333,56.91756696,
825364,56.91529016,
825395,56.91756696,
825427,56.91756696,
825458,56.91756696,
825490,56.91529016,
825521,56.91984375,
825552,56.91984375,
825584,56.91529016,
825615,56.91756696,
825647,56.91756696,
825678,56.91756696,
825709,56.91984375,
825741,56.91529016,
825954,56.91984375,
826084,56.91756696,
826116,56.91984375,
826147,56.91984375,
826179,56.91984375,
826210,56.91529016,
826241,56.91756696,
826273,56.91756696,
826304,56.91529016,
826335,56.91756696,
826367,56.91984375,
826399,56.91756696,
826430,56.91756696,
826461,56.91984375,
826493,56.91756696,
826524,56.91984375,
826556,56.91756696,
826587,56.91756696,
826618,56.91984375,
826650,56.91756696,
830082,56.92212054,
830212,56.92212054,
830244,56.91756696,
830276,56.91984375,
830307,56.91984375,
830339,56.92212054,
830370,56.92212054,
830401,56.91756696,
830433,56.91984375,
830464,56.91984375,
830496,56.92212054,
830527,56.91984375,
830559,56.91756696,
830590,56.92212054,
830621,56.92212054,
830653,56.92212054,
830684,56.92212054,
830715,56.91984375,
830747,56.91756696,
830778,56.91756696,
830928,56.91756696,
831057,56.92212054,
831089,56.91984375,
831120,56.91984375,
831151,56.91984375,
831183,56.92439734,
831215,56.92212054,
831246,56.92212054,
831277,56.92212054,
831309,56.91984375,
831340,56.92212054,
831372,56.91984375,
831403,56.92439734,
831434,56.92212054,
831466,56.92212054,
831497,56.91984375,
831529,56.92439734,
831560,56.92439734,
831592,56.91984375,
831623,56.91984375,
831742,56.91984375,
831872,56.91984375,
831904,56.92212054,
831936,56.92212054,
831967,56.92439734,
831999,56.92212054,
832030,56.92212054,
832061,56.92212054,
832093,56.91756696,
832124,56.91984375,
832156,56.91756696,
832188,56.92212054,
832219,56.92212054,
832250,56.91984375,
832281,56.92212054,
832313,56.91984375,
832344,56.92439734,
832376,56.92212054,
832407,56.91984375,
832439,56.92212054,
832930,56.92212054,
833060,56.91984375,
833092,56.91984375,
833124,56.92212054,
833155,56.92212054,
833186,56.91984375,
833218,56.92212054,
833249,56.92439734,
833281,56.91984375,
833312,56.91984375,
833344,56.92439734,
833375,56.92439734,
833406,56.92212054,
833438,56.92439734,
833469,56.91984375,
833500,56.92212054,
833532,56.91984375,
833564,56.91984375,
833595,56.92439734,
833626,56.92212054,
835900,56.92212054,
836028,56.92667413,
836059,56.92439734,
836091,56.91984375,
836122,56.92212054,
836154,56.92212054,
836185,56.92439734,
836217,56.91756696,
836248,56.92895093,
836279,56.92212054,
836311,56.92439734,
836342,56.92667413,
836373,56.92667413,
836405,56.92667413,
836436,56.92439734,
836468,56.92212054,
836499,56.92439734,
836531,56.92667413,
836562,56.92667413,
836594,56.92439734,
836815,56.92439734,
836943,56.92212054,
836975,56.92667413,
837007,56.92667413,
837039,56.92667413,
837070,56.92667413,
837102,56.92439734,
837133,56.92439734,
837164,56.92439734,
837195,56.92212054,
837227,56.92439734,
837258,56.92439734,
837290,56.92439734,
837321,56.92667413,
837353,56.92212054,
837384,56.92439734,
837416,56.92439734,
837447,56.92212054,
837478,56.92212054,
837510,56.92439734,
842594,56.92667413,
842724,56.92439734,
842756,56.92439734,
842788,56.92212054,
842819,56.92667413,
842851,56.92439734,
842882,56.92212054,
842913,56.92212054,
842945,56.92439734,
842976,56.92439734,
843008,56.92439734,
843039,56.92439734,
843071,56.92895093,
843102,56.92212054,
843133,56.92667413,
843165,56.92667413,
843196,56.92667413,
843227,56.92439734,
843259,56.92439734,
843290,56.92439734,
843407,56.92212054,
843538,56.92667413,
843571,56.92667413,
843602,56.92667413,
843633,56.92895093,
843665,56.92895093,
843697,56.92439734,
843728,56.92667413,
843760,56.92439734,
843791,56.92439734,
843822,56.92439734,
843853,56.92895093,
843885,56.92439734,
843917,56.92895093,
843948,56.92439734,
843980,56.92439734,
844011,56.92439734,
844042,56.92667413,
844074,56.92667413,
844105,56.92439734,
844287,56.92439734,
844418,56.92667413,
844450,56.92439734,
844481,56.92667413,
844513,56.92667413,
844544,56.92439734,
844576,56.92439734,
844607,56.92895093,
844638,56.92667413,
844670,56.92667413,
844701,56.92439734,
844733,56.92895093,
844764,56.92895093,
844796,56.92667413,
844827,56.92895093,
844858,56.92667413,
844890,56.92212054,
844921,56.92439734,
844953,56.92667413,
844984,56.92439734,
845147,56.92667413,
845278,56.92667413,
845310,56.92895093,
845342,56.92895093,
845373,56.92667413,
845405,56.92667413,
845436,56.92439734,
845467,56.92667413,
845499,56.92439734,
845530,56.92667413,
845562,56.92895093,
845593,56.92667413,
845624,56.92212054,
845656,56.92667413,
845687,56.92895093,
845719,56.92439734,
845750,56.92895093,
845781,56.92439734,
845813,56.92439734,
845845,56.92667413,
846026,56.92895093,
846154,56.92895093,
846186,56.92895093,
846217,56.92667413,
846249,56.92667413,
846280,56.92439734,
846311,56.92895093,
846343,56.92667413,
846374,56.92667413,
846405,56.92667413,
846437,56.92667413,
846468,56.92667413,
846500,56.92895093,
846531,56.92667413,
846563,56.92667413,
846594,56.92895093,
846626,56.92895093,
846657,56.92439734,
846688,56.92667413,
846719,56.92439734,
847062,56.92667413,
847190,56.92667413,
847221,56.92667413,
847253,56.92895093,
847284,56.92895093,
847316,56.92895093,
847347,56.92439734,
847379,56.92667413,
847410,56.92667413,
847442,56.92439734,
847473,56.92667413,
847504,56.92667413,
847535,56.92895093,
847567,56.92895093,
847598,56.92667413,
847630,56.92667413,
847661,56.92667413,
847693,56.92667413,
847724,56.92895093,
847756,56.92895093,
848190,56.92895093,
848318,56.92895093,
848350,56.92895093,
848382,56.93122772,
848413,56.92895093,
848444,56.92895093,
848476,56.92667413,
848507,56.92895093,
848538,56.92667413,
848570,56.92895093,
848601,56.92667413,
848633,56.93122772,
848664,56.92667413,
848696,56.92667413,
848727,56.92895093,
848758,56.92895093,
848790,56.92895093,
848821,56.92895093,
848853,56.92895093,
848884,56.93350451,
849417,56.92439734,
849547,56.92895093,
849579,56.92667413,
849610,56.92895093,
849642,56.93350451,
849673,56.93122772,
849705,56.92667413,
849736,56.92667413,
849767,56.93350451,
849799,56.92895093,
849830,56.92895093,
849862,56.93122772,
849893,56.92895093,
849925,56.92667413,
849956,56.92667413,
849987,56.92667413,
850019,56.93122772,
850050,56.92439734,
850082,56.92667413,
850113,56.92667413,
850250,56.92895093,
850378,56.92439734,
850411,56.92667413,
850442,56.93122772,
850474,56.92667413,
850505,56.93122772,
850537,56.92667413,
850568,56.92667413,
850599,56.92895093,
850631,56.92895093,
850662,56.92895093,
850693,56.93350451,
850725,56.92895093,
850757,56.93122772,
850788,56.92895093,
850819,56.92667413,
850851,56.92667413,
850882,56.92667413,
850913,56.92895093,
850945,56.92895093,
851082,56.92667413,
851212,56.92895093,
851244,56.92895093,
851276,56.92667413,
851307,56.92895093,
851339,56.92895093,
851371,56.93122772,
851402,56.92667413,
851433,56.92895093,
851465,56.92895093,
851496,56.92895093,
851527,56.92895093,
851559,56.92895093,
851590,56.92895093,
851622,56.92895093,
851653,56.93350451,
851685,56.93122772,
851716,56.92895093,
851748,56.92667413,
851779,56.93122772,
851898,56.93122772,
852028,56.93122772,
852061,56.93122772,
852092,56.92895093,
852123,56.93122772,
852155,56.92895093,
852187,56.92895093,
852218,56.92895093,
852249,56.93350451,
852281,56.92895093,
852312,56.93122772,
852343,56.92439734,
852375,56.92895093,
852406,56.92895093,
852438,56.92895093,
852469,56.92667413,
852501,56.92667413,
852532,56.92895093,
852564,56.92895093,
852595,56.93350451,
852784,56.92895093,
852914,56.93122772,
852945,56.93350451,
852977,56.92895093,
853008,56.93122772,
853040,56.93122772,
853071,56.92895093,
853103,56.92895093,
853134,56.92895093,
853165,56.93122772,
853197,56.93122772,
853228,56.93122772,
853260,56.92895093,
853291,56.92667413,
853323,56.93122772,
853354,56.92895093,
853386,56.92895093,
853417,56.93122772,
853448,56.92895093,
853479,56.93122772,
853810,56.93122772,
853938,56.93122772,
853970,56.93122772,
854002,56.92895093,
854033,56.92895093,
854064,56.93350451,
854095,56.93350451,
854127,56.93350451,
854159,56.92895093,
854190,56.92667413,
854221,56.93122772,
854253,56.92895093,
854284,56.92895093,
854316,56.92895093,
854347,56.93122772,
854378,56.92895093,
854410,56.93350451,
854442,56.92895093,
854473,56.92667413,
854504,56.92895093,
854947,56.93122772,
855075,56.93578131,
855106,56.93122772,
855138,56.93350451,
855169,56.93122772,
855201,56.93122772,
855232,56.92895093,
855264,56.93122772,
855295,56.93122772,
855326,56.92895093,
855358,56.93350451,
855389,56.93122772,
855420,56.93350451,
855452,56.93122772,
855483,56.93122772,
855515,56.92895093,
855546,56.92895093,
855578,56.92895093,
855609,56.93122772,
855641,56.92895093,
855869,56.92895093,
855999,56.93122772,
856030,56.93122772,
856062,56.93122772,
856093,56.92667413,
856124,56.93122772,
856156,56.93122772,
856188,56.93350451,
856219,56.93350451,
856251,56.93350451,
856282,56.93122772,
856313,56.93350451,
856344,56.93350451,
856376,56.93350451,
856407,56.93350451,
856439,56.93350451,
856470,56.93122772,
856502,56.93350451,
856533,56.93122772,
856565,56.92895093,
856808,56.93122772,
856939,56.93350451,
856971,56.92895093,
857002,56.93122772,
857033,56.93122772,
857065,56.93350451,
857096,56.93122772,
857128,56.92895093,
857159,56.93350451,
857191,56.93350451,
857222,56.93350451,
857253,56.93578131,
857285,56.93350451,
857316,56.93122772,
857347,56.92895093,
857379,56.93122772,
857410,56.93122772,
857442,56.93350451,
857473,56.93350451,
857505,56.93350451,
857704,56.93350451,
857835,56.93122772,
857866,56.93350451,
857898,56.93578131,
857929,56.93350451,
857961,56.93350451,
857992,56.93350451,
858024,56.93578131,
858055,56.92895093,
858086,56.93350451,
858118,56.93350451,
858149,56.93350451,
858180,56.93122772,
858212,56.93122772,
858244,56.93350451,
858275,56.93350451,
858306,56.93122772,
858338,56.93350451,
858369,56.93122772,
858401,56.93122772,
858545,56.93578131,
858675,56.93578131,
858707,56.93122772,
858738,56.93350451,
858769,56.93122772,
858801,56.92895093,
858832,56.93350451,
858864,56.93350451,
858895,56.93350451,
858927,56.92895093,
858958,56.93350451,
858989,56.93122772,
859021,56.92895093,
859052,56.93350451,
859084,56.93350451,
859115,56.93350451,
859147,56.93122772,
859178,56.93122772,
859209,56.93122772,
859241,56.92895093,
859465,56.93350451,
859596,56.93122772,
859627,56.93122772,
859659,56.92895093,
859690,56.93578131,
859721,56.93122772,
859753,56.92895093,
859784,56.92895093,
859816,56.92895093,
859847,56.93350451,
859879,56.93350451,
859910,56.93578131,
859942,56.93350451,
859973,56.93122772,
860004,56.93122772,
860035,56.93350451,
860067,56.92895093,
860098,56.93350451,
860130,56.93350451,
860161,56.93578131,
860369,56.93122772,
860500,56.93350451,
860532,56.9380581,
860563,56.93122772,
860595,56.93578131,
860626,56.93122772,
860658,56.93350451,
860689,56.93350451,
860720,56.93122772,
860752,56.93350451,
860783,56.93350451,
860815,56.93578131,
860846,56.93350451,
860878,56.93122772,
860909,56.93350451,
860940,56.93122772,
860972,56.9380581,
861003,56.93578131,
861035,56.93350451,
861066,56.93350451,
864049,56.93350451,
864179,56.93578131,
864211,56.93350451,
864243,56.93122772,
864274,56.93350451,
864305,56.9380581,
864336,56.93578131,
864368,56.93122772,
864399,56.93578131,
864431,56.93350451,
864462,56.93578131,
864494,56.93578131,
864525,56.93350451,
864557,56.93578131,
864588,56.93350451,
864619,56.93350451,
864651,56.9380581,
864682,56.93578131,
864714,56.93350451,
864745,56.93578131,
865085,56.93578131,
865213,56.93122772,
865245,56.93350451,
865277,56.93578131,
865308,56.93350451,
865339,56.93578131,
865371,56.93350451,
865402,56.93578131,
865433,56.93350451,
865465,56.93350451,
865496,56.93350451,
865528,56.93578131,
865559,56.93578131,
865591,56.93122772,
865622,56.93350451,
865653,56.93122772,
865685,56.93578131,
865716,56.93578131,
865748,56.93350451,
865779,56.93578131,
865928,56.93122772,
866058,56.93578131,
866091,56.93350451,
866122,56.93122772,
866153,56.93350451,
866185,56.93578131,
866216,56.93350451,
866248,56.93578131,
866279,56.93350451,
866311,56.93350451,
866342,56.93578131,
866373,56.93578131,
866405,56.9380581,
866436,56.93578131,
866468,56.93350451,
866499,56.93578131,
866531,56.93350451,
866562,56.93578131,
866593,56.93578131,
866625,56.93350451,
867034,56.93578131,
867164,56.92895093,
867196,56.9380581,
867228,56.94033489,
867259,56.93350451,
867290,56.93350451,
867322,56.93350451,
867353,56.9380581,
867385,56.93578131,
867416,56.93578131,
867448,56.93578131,
867479,56.93578131,
867510,56.93350451,
867542,56.93578131,
867573,56.93578131,
867604,56.93350451,
867636,56.93350451,
867667,56.93350451,
867699,56.93578131,
867730,56.93578131,
867968,56.93578131,
868096,56.9380581,
868129,56.93122772,
868160,56.93578131,
868191,56.9380581,
868223,56.9380581,
868254,56.93578131,
868286,56.9380581,
868317,56.93578131,
868349,56.93578131,
868380,56.9380581,
868411,56.9380581,
868443,56.93122772,
868474,56.9380581,
868506,56.93122772,
868537,56.93578131,
868568,56.93578131,
868600,56.93350451,
868631,56.93578131,
868663,56.9380581,
868815,56.93578131,
868945,56.93578131,
868978,56.93578131,
869009,56.9380581,
869041,56.93578131,
869072,56.93578131,
869104,56.93578131,
869135,56.93578131,
869167,56.93578131,
869198,56.93578131,
869229,56.93578131,
869261,56.93578131,
869292,56.9380581,
869324,56.9380581,
869355,56.9380581,
869387,56.9380581,
869418,56.93578131,
869449,56.9380581,
869481,56.93578131,
869512,56.94033489,
869618,56.93578131,
869746,56.93578131,
869779,56.93578131,
869810,56.93578131,
869842,56.93578131,
869873,56.9380581,
869905,56.9380581,
869936,56.93350451,
869967,56.93578131,
869999,56.93578131,
870030,56.93350451,
870062,56.93578131,
870093,56.9380581,
870125,56.93578131,
870156,56.93578131,
870188,56.9380581,
870219,56.9380581,
870250,56.9380581,
870282,56.93578131,
870313,56.93578131,
870516,56.9380581,
870646,56.9380581,
870678,56.9380581,
870710,56.93578131,
870741,56.9380581,
870773,56.93350451,
870804,56.9380581,
870836,56.93578131,
870867,56.9380581,
870899,56.9380581,
870930,56.93578131,
870961,56.93578131,
870993,56.93578131,
871024,56.9380581,
871056,56.9380581,
871087,56.9380581,
871119,56.94033489,
871150,56.9380581,
871181,56.9380581,
871213,56.93578131,
871459,56.93578131,
871589,56.9380581,
871621,56.9380581,
871653,56.93350451,
871684,56.93578131,
871716,56.9380581,
871747,56.93578131,
871778,56.9380581,
871810,56.93350451,
871841,56.93578131,
871873,56.93578131,
871904,56.93578131,
871936,56.93578131,
871967,56.9380581,
871998,56.9380581,
872030,56.94033489,
872061,56.93350451,
872093,56.9380581,
872124,56.93578131,
872156,56.93578131,
872366,56.93578131,
872494,56.93578131,
872525,56.9380581,
872558,56.9380581,
872589,56.9380581,
872620,56.93578131,
872652,56.9380581,
872683,56.9380581,
872714,56.94033489,
872746,56.94033489,
872777,56.9380581,
872809,56.9380581,
872840,56.9380581,
872872,56.9380581,
872903,56.94033489,
872934,56.9380581,
872966,56.9380581,
872997,56.93578131,
873028,56.94033489,
873060,56.94033489,
873265,56.9380581,
873393,56.93578131,
873424,56.93350451,
873456,56.93578131,
873487,56.93578131,
873518,56.94033489,
873550,56.94261169,
873581,56.93578131,
873613,56.9380581,
873644,56.93578131,
873676,56.93350451,
873707,56.93578131,
873738,56.9380581,
873770,56.93578131,
873801,56.93350451,
873833,56.94033489,
873864,56.9380581,
873896,56.9380581,
873927,56.9380581,
873958,56.93578131,
877054,56.9380581,
877185,56.94033489,
877216,56.9380581,
877248,56.9380581,
877280,56.94033489,
877311,56.94033489,
877343,56.94033489,
877374,56.9380581,
877405,56.94033489,
877437,56.9380581,
877468,56.94033489,
877500,56.94033489,
877531,56.94033489,
877562,56.9380581,
877594,56.94033489,
877625,56.94033489,
877657,56.94033489,
877688,56.94033489,
877719,56.9380581,
877751,56.9380581,
877917,56.94033489,
878045,56.9380581,
878078,56.94033489,
878109,56.9380581,
878140,56.94261169,
878172,56.94033489,
878203,56.9380581,
878235,56.9380581,
878266,56.94261169,
878298,56.9380581,
878329,56.9380581,
878360,56.94033489,
878392,56.9380581,
878423,56.9380581,
878455,56.9380581,
878486,56.94033489,
878518,56.94033489,
878549,56.94033489,
878581,56.9380581,
878612,56.94033489,
878719,56.94033489,
878849,56.94033489,
878881,56.94261169,
878913,56.9380581,
878945,56.94033489,
878976,56.94033489,
879008,56.94033489,
879039,56.9380581,
879070,56.94261169,
879102,56.94261169,
879133,56.94033489,
879164,56.94033489,
879196,56.94261169,
879228,56.94261169,
879259,56.94033489,
879291,56.93578131,
879322,56.94033489,
879353,56.94033489,
879384,56.94033489,
879416,56.94261169,
879537,56.94033489,
879665,56.94261169,
879698,56.93578131,
879729,56.9380581,
879761,56.9380581,
879792,56.94261169,
879824,56.9380581,
879855,56.94261169,
879886,56.9380581,
879918,56.94033489,
879949,56.94033489,
879981,56.94033489,
880012,56.94033489,
880044,56.94033489,
880075,56.94261169,
880106,56.9380581,
880138,56.9380581,
880169,56.9380581,
880200,56.9380581,
880232,56.9380581,
880577,56.94033489,
880705,56.94033489,
880738,56.94033489,
880769,56.94033489,
880800,56.94033489,
880832,56.94261169,
880864,56.94261169,
880895,56.94033489,
880927,56.94033489,
880958,56.94033489,
880989,56.9380581,
881020,56.9380581,
881052,56.9380581,
881084,56.9380581,
881115,56.94033489,
881147,56.94033489,
881178,56.94033489,
881209,56.9380581,
881241,56.94261169,
881272,56.9380581,
881781,56.94261169,
881909,56.94033489,
881941,56.94261169,
881973,56.9380581,
882004,56.94033489,
882035,56.94033489,
882067,56.9380581,
882099,56.94033489,
882130,56.94261169,
882161,56.94261169,
882193,56.9380581,
882224,56.94033489,
882255,56.94261169,
882287,56.9380581,
882318,56.94261169,
882350,56.94033489,
882381,56.94033489,
882413,56.94261169,
882444,56.94261169,
882476,56.94033489,
882722,56.94033489,
882852,56.94261169,
882884,56.94261169,
882916,56.94261169,
882947,56.9380581,
882979,56.94033489,
883010,56.9380581,
883041,56.94261169,
883073,56.94488848,
883104,56.94261169,
883136,56.94261169,
883167,56.94261169,
883199,56.94261169,
883230,56.93578131,
883261,56.94261169,
883293,56.94033489,
883324,56.94261169,
883355,56.94033489,
883387,56.9380581,
883419,56.94033489,
883722,56.94261169,
883850,56.94261169,
883882,56.94033489,
883914,56.93578131,
883945,56.94033489,
883976,56.94033489,
884008,56.94261169,
884039,56.94261169,
884071,56.94033489,
884102,56.9380581,
884134,56.94716528,
884165,56.94261169,
884196,56.94261169,
884228,56.94033489,
884259,56.94033489,
884290,56.94033489,
884322,56.94261169,
884353,56.94261169,
884385,56.94033489,
884416,56.94033489,
884654,56.94261169,
884782,56.94033489,
884814,56.94261169,
884846,56.94033489,
884878,56.94033489,
884909,56.94261169,
884941,56.94033489,
884972,56.94261169,
885003,56.94488848,
885035,56.94261169,
885066,56.94033489,
885097,56.94261169,
885129,56.94488848,
885161,56.94261169,
885192,56.94261169,
885223,56.94033489,
885255,56.94033489,
885286,56.94033489,
885317,56.94261169,
885349,56.94488848,
885670,56.94033489,
885798,56.94488848,
885830,56.94261169,
885862,56.94261169,
885893,56.94033489,
885924,56.94033489,
885956,56.94488848,
885987,56.94488848,
886019,56.94488848,
886050,56.94033489,
886082,56.94261169,
886113,56.94488848,
886144,56.94033489,
886176,56.94033489,
886207,56.94033489,
886238,56.94033489,
886270,56.94261169,
886301,56.94261169,
886333,56.94261169,
886364,56.94488848,
886501,56.94261169,
886631,56.94488848,
886664,56.94033489,
886695,56.94261169,
886727,56.94488848,
886758,56.94033489,
886790,56.94261169,
886821,56.94488848,
886852,56.94033489,
886884,56.94261169,
886916,56.94261169,
886947,56.94261169,
886979,56.94261169,
887010,56.94488848,
887041,56.94261169,
887073,56.94033489,
887104,56.94261169,
887136,56.94033489,
887167,56.94261169,
887199,56.94716528,
887332,56.94261169,
887464,56.94261169,
887496,56.94488848,
887528,56.94261169,
887559,56.94261169,
887591,56.94261169,
887622,56.94261169,
887653,56.94488848,
887685,56.94033489,
887716,56.94261169,
887748,56.94261169,
887779,56.94488848,
887810,56.94261169,
887842,56.94033489,
887873,56.94488848,
887905,56.94488848,
887936,56.94261169,
887967,56.94033489,
887999,56.94261169,
888030,56.94033489,
888138,56.94033489,
888266,56.94033489,
888298,56.94261169,
888330,56.94033489,
888361,56.94488848,
888392,56.94033489,
888424,56.94261169,
888455,56.94033489,
888487,56.94033489,
888518,56.94033489,
888550,56.94261169,
888581,56.94488848,
888613,56.94261169,
888644,56.94261169,
888675,56.94261169,
888706,56.94488848,
888738,56.94261169,
888770,56.94261169,
888801,56.94261169,
888832,56.94261169,
889137,56.94261169,
889267,56.94261169,
889299,56.94261169,
889330,56.94261169,
889362,56.94488848,
889393,56.94261169,
889424,56.94488848,
889456,56.94488848,
889487,56.94261169,
889519,56.94261169,
889550,56.94261169,
889582,56.94261169,
889613,56.94261169,
889645,56.94488848,
889676,56.94261169,
889707,56.94261169,
889739,56.94488848,
889770,56.94261169,
889801,56.94261169,
889833,56.94261169,
889994,56.94033489,
890122,56.94261169,
890155,56.94488848,
890186,56.94261169,
890218,56.94488848,
890250,56.94488848,
890281,56.94488848,
890312,56.94488848,
890343,56.94488848,
890375,56.94488848,
890406,56.94261169,
890438,56.94033489,
890469,56.94261169,
890501,56.94261169,
890532,56.94261169,
890564,56.94261169,
890595,56.94261169,
890626,56.94488848,
890658,56.94261169,
890689,56.94261169,
890898,56.94488848,
891028,56.94488848,
891059,56.94261169,
891091,56.94488848,
891123,56.94488848,
891154,56.94261169,
891186,56.94261169,
891217,56.94261169,
891248,56.94488848,
891280,56.94716528,
891311,56.94261169,
891342,56.94488848,
891374,56.94261169,
891405,56.94033489,
891437,56.94261169,
891468,56.94033489,
891500,56.94488848,
891531,56.94488848,
891562,56.94261169,
891594,56.94488848,
891730,56.94261169,
891858,56.94488848,
891890,56.94033489,
891922,56.94261169,
891953,56.94716528,
891984,56.94488848,
892016,56.94488848,
892048,56.94033489,
892079,56.94261169,
892110,56.94033489,
892142,56.94261169,
892173,56.94488848,
892205,56.94261169,
892236,56.94261169,
892267,56.94488848,
892299,56.94488848,
892330,56.94261169,
892362,56.94488848,
892393,56.94261169,
892425,56.94261169,
892653,56.94716528,
892783,56.94261169,
892815,56.94261169,
892847,56.94261169,
892878,56.94261169,
892910,56.94488848,
892942,56.94261169,
892973,56.94261169,
893004,56.94261169,
893036,56.94261169,
893067,56.94716528,
893098,56.94716528,
893130,56.94488848,
893161,56.94261169,
893193,56.94261169,
893224,56.94261169,
893256,56.94716528,
893287,56.94261169,
893318,56.94488848,
893350,56.94261169,
893468,56.94488848,
893596,56.94033489,
893628,56.94944207,
893660,56.94261169,
893691,56.94488848,
893722,56.94716528,
893754,56.94488848,
893785,56.94261169,
893817,56.94488848,
893848,56.94716528,
893880,56.94488848,
893911,56.94261169,
893943,56.94716528,
893974,56.94716528,
894005,56.94716528,
894037,56.94488848,
894068,56.94261169,
894099,56.94944207,
894131,56.94033489,
894162,56.94716528,
894394,56.94488848,
894521,56.94261169,
894554,56.94261169,
894585,56.94261169,
894616,56.94488848,
894648,56.94488848,
894679,56.94261169,
894711,56.94261169,
894742,56.94261169,
894774,56.94716528,
894805,56.94488848,
894836,56.94488848,
894868,56.94716528,
894899,56.94488848,
894931,56.94488848,
894962,56.94716528,
894994,56.94261169,
895025,56.94716528,
895056,56.94716528,
895088,56.94488848,
895396,56.94716528,
895527,56.94488848,
895558,56.94488848,
895590,56.94488848,
895621,56.94488848,
895652,56.94488848,
895684,56.94488848,
895715,56.94261169,
895747,56.94488848,
895778,56.94261169,
895810,56.94716528,
895841,56.94488848,
895872,56.94488848,
895904,56.94488848,
895935,56.94488848,
895967,56.94488848,
895998,56.94488848,
896030,56.94261169,
896061,56.94488848,
896093,56.94716528,
896420,56.94488848,
896548,56.94488848,
896580,56.94488848,
896612,56.94716528,
896643,56.94716528,
896674,56.94261169,
896706,56.94488848,
896738,56.94716528,
896769,56.94716528,
896800,56.94488848,
896832,56.94488848,
896863,56.94716528,
896894,56.94033489,
896926,56.94488848,
896957,56.94488848,
896989,56.94261169,
897020,56.94716528,
897052,56.94261169,
897083,56.94261169,
897115,56.94488848,
897254,56.94488848,
897382,56.94488848,
897415,56.94488848,
897446,56.94488848,
897477,56.94488848,
897508,56.94716528,
897540,56.94488848,
897572,56.94488848,
897603,56.94488848,
897635,56.94716528,
897666,56.94488848,
897697,56.94488848,
897729,56.94488848,
897760,56.94716528,
897792,56.94716528,
897823,56.94261169,
897854,56.94488848,
897886,56.94488848,
897917,56.94488848,
897949,56.94488848,
898181,56.94488848,
898311,56.94261169,
898344,56.94488848,
898375,56.94488848,
898406,56.94716528,
898438,56.94488848,
898469,56.94716528,
898501,56.94488848,
898532,56.94488848,
898564,56.94488848,
898595,56.94488848,
898626,56.94488848,
898658,56.94488848,
898689,56.94944207,
898720,56.94488848,
898752,56.94488848,
898784,56.94488848,
898815,56.94716528,
898846,56.94716528,
898878,56.94488848,
899288,56.94488848,
899418,56.94716528,
899450,56.94716528,
899481,56.94261169,
899513,56.94716528,
899544,56.94488848,
899576,56.94261169,
899607,56.94944207,
899638,56.94261169,
899670,56.94944207,
899701,56.94488848,
899733,56.94488848,
899764,56.94716528,
899795,56.94488848,
899827,56.94716528,
899858,56.94716528,
899890,56.94261169,
899921,56.94488848,
899953,56.94716528,
899984,56.94261169,
900421,56.94488848,
900551,56.94261169,
900583,56.94488848,
900615,56.94261169,
900646,56.94261169,
900677,56.94488848,
900709,56.94488848,
900740,56.94261169,
900771,56.94716528,
900804,56.94716528,
900835,56.94488848,
900867,56.94944207,
900899,56.94488848,
900930,56.94488848,
900961,56.94716528,
900993,56.94944207,
901024,56.94261169,
901056,56.94261169,
901087,56.94716528,
901119,56.94488848,
901541,56.94716528,
901669,56.94716528,
901701,56.94716528,
901732,56.94716528,
901764,56.94944207,
901795,56.94716528,
901827,56.94488848,
901858,56.94716528,
901889,56.94716528,
901921,56.94261169,
901953,56.94716528,
901984,56.94261169,
902015,56.94488848,
902047,56.94488848,
902078,56.94716528,
902109,56.94488848,
902141,56.94716528,
902172,56.94261169,
902203,56.95171886,
902235,56.94716528,
903077,56.94488848,
903207,56.94488848,
903238,56.94488848,
903270,56.94488848,
903302,56.94261169,
903333,56.94716528,
903365,56.94488848,
903396,56.94716528,
903427,56.94716528,
903459,56.94488848,
903490,56.94488848,
903521,56.94488848,
903553,56.94488848,
903584,56.94488848,
903616,56.94944207,
903647,56.94716528,
903679,56.94716528,
903710,56.94488848,
903741,56.94488848,
903773,56.94716528,
904101,56.94716528,
904231,56.94716528,
904263,56.94488848,
904295,56.94488848,
904326,56.94944207,
904357,56.94488848,
904389,56.94716528,
904420,56.94488848,
904452,56.94488848,
904483,56.94488848,
904515,56.94488848,
904546,56.94488848,
904577,56.94488848,
904609,56.94716528,
904640,56.94716528,
904672,56.94488848,
904703,56.94488848,
904735,56.94716528,
904766,56.94716528,
904798,56.94716528,
905437,56.94944207,
905565,56.94488848,
905597,56.94716528,
905629,56.94716528,
905660,56.94716528,
905691,56.94944207,
905723,56.94944207,
905754,56.94716528,
905786,56.94716528,
905817,56.94716528,
905849,56.94944207,
905880,56.94716528,
905911,56.94716528,
905943,56.94944207,
905974,56.94716528,
906005,56.94488848,
906037,56.94488848,
906069,56.94944207,
906100,56.94944207,
906131,56.94716528,
906456,56.94944207,
906584,56.94716528,
906616,56.94716528,
906647,56.94944207,
906679,56.94944207,
906710,56.94488848,
906742,56.94488848,
906773,56.94716528,
906804,56.94716528,
906836,56.94488848,
906868,56.94716528,
906899,56.94716528,
906930,56.94944207,
906962,56.94944207,
906993,56.94944207,
907024,56.94944207,
907056,56.95171886,
907087,56.94944207,
907118,56.94488848,
907150,56.94716528,
907366,56.94944207,
907494,56.94944207,
907525,56.94716528,
907557,56.94944207,
907589,56.94488848,
907620,56.94716528,
907651,56.94944207,
907683,56.94944207,
907714,56.94716528,
907745,56.94716528,
907777,56.94716528,
907808,56.94944207,
907840,56.94716528,
907872,56.94944207,
907903,56.94716528,
907934,56.94488848,
907966,56.94716528,
907997,56.94944207,
908029,56.94716528,
908060,56.94716528,
908215,56.94488848,
908343,56.94716528,
908375,56.94944207,
908406,56.94716528,
908438,56.94716528,
908469,56.94488848,
908501,56.94716528,
908532,56.94716528,
908563,56.94944207,
908595,56.94716528,
908626,56.94716528,
908658,56.94716528,
908689,56.94488848,
908721,56.95171886,
908752,56.94261169,
908784,56.94716528,
908815,56.94716528,
908846,56.94944207,
908878,56.94716528,
908909,56.94716528,
909034,56.95171886,
909164,56.94716528,
909196,56.94716528,
909227,56.94944207,
909259,56.94488848,
909290,56.94716528,
909322,56.95399566,
909353,56.94716528,
909384,56.94716528,
909416,56.94488848,
909448,56.94488848,
909479,56.94944207,
909510,56.94716528,
909542,56.94716528,
909573,56.94488848,
909605,56.94716528,
909636,56.94716528,
909667,56.94716528,
909699,56.94944207,
909730,56.94716528,
909926,56.94716528,
910056,56.94944207,
910088,56.94716528,
910119,56.94716528,
910151,56.95171886,
910182,56.94716528,
910214,56.94716528,
910245,56.94716528,
910276,56.94716528,
910308,56.94944207,
910339,56.94716528,
910371,56.94716528,
910402,56.94716528,
910434,56.94944207,
910465,56.94716528,
910496,56.94716528,
910528,56.95399566,
910559,56.94944207,
910591,56.94944207,
910622,56.94944207,
910775,56.94716528,
910904,56.94944207,
910936,56.94944207,
910968,56.94944207,
910999,56.94944207,
911030,56.95171886,
911062,56.95171886,
911093,56.94716528,
911124,56.94716528,
911156,56.94488848,
911187,56.95171886,
911219,56.94944207,
911250,56.94944207,
911282,56.94716528,
911313,56.94944207,
911345,56.94716528,
911376,56.95171886,
911407,56.94944207,
911438,56.94944207,
911470,56.94944207,
911883,56.94716528,
912014,56.94716528,
912045,56.94716528,
912077,56.94488848,
912108,56.94944207,
912139,56.94944207,
912171,56.94944207,
912202,56.94944207,
912234,56.94944207,
912265,56.95171886,
912297,56.95171886,
912328,56.94944207,
912359,56.94944207,
912391,56.95171886,
912422,56.94944207,
912454,56.95171886,
912485,56.94944207,
912517,56.94944207,
912548,56.94716528,
912580,56.94944207,
913112,56.94716528,
913242,56.94944207,
913274,56.94716528,
913306,56.94716528,
913337,56.94716528,
913368,56.94944207,
913400,56.95171886,
913431,56.94716528,
913462,56.94944207,
913494,56.94944207,
913525,56.95171886,
913557,56.94716528,
913588,56.95399566,
913620,56.94944207,
913651,56.94944207,
913682,56.94944207,
913714,56.94944207,
913745,56.94944207,
913777,56.94944207,
913808,56.94944207,
913976,56.94944207,
914107,56.94944207,
914138,56.94944207,
914170,56.94944207,
914201,56.95171886,
914233,56.94944207,
914264,56.95171886,
914295,56.94716528,
914327,56.94488848,
914359,56.94944207,
914390,56.95171886,
914421,56.94944207,
914453,56.94944207,
914484,56.94944207,
914516,56.95171886,
914547,56.95171886,
914578,56.95171886,
914610,56.94716528,
914641,56.95399566,
914673,56.94716528,
914770,56.94716528,
914900,56.95171886,
914932,56.94716528,
914964,56.95171886,
914995,56.95171886,
915026,56.94716528,
915058,56.95171886,
915089,56.94944207,
915121,56.94944207,
915152,56.94716528,
915184,56.94944207,
915215,56.94488848,
915247,56.94716528,
915278,56.94944207,
915309,56.94944207,
915341,56.94716528,
915372,56.94716528,
915403,56.94716528,
915435,56.94716528,
915466,56.94716528,
915601,56.94716528,
915731,56.94944207,
915764,56.94944207,
915795,56.95171886,
915827,56.94944207,
915858,56.94716528,
915890,56.94716528,
915921,56.94716528,
915953,56.94944207,
915984,56.94944207,
916015,56.94944207,
916047,56.94944207,
916078,56.94944207,
916110,56.94944207,
916141,56.94944207,
916173,56.94944207,
916204,56.94944207,
916235,56.94716528,
916267,56.95171886,
916298,56.94944207,
916798,56.94944207,
916928,56.94716528,
916960,56.94716528,
916991,56.94944207,
917023,56.94716528,
917054,56.94944207,
917086,56.94944207,
917117,56.94716528,
917148,56.94716528,
917180,56.94716528,
917211,56.94944207,
917243,56.94716528,
917274,56.95171886,
917306,56.94944207,
917337,56.94944207,
917368,56.94944207,
917400,56.94944207,
917431,56.94716528,
917462,56.95171886,
917494,56.94716528,
917728,56.94716528,
917857,56.94716528,
917888,56.94716528,
917920,56.94944207,
917952,56.94944207,
917983,56.94716528,
918015,56.95171886,
918046,56.94716528,
918077,56.94944207,
918109,56.94716528,
918140,56.94944207,
918172,56.94944207,
918203,56.94716528,
918235,56.94716528,
918266,56.94716528,
918297,56.94716528,
918329,56.94716528,
918360,56.94944207,
918391,56.94944207,
918423,56.95171886,
918563,56.94944207,
918694,56.94944207,
918726,56.94944207,
918758,56.95171886,
918789,56.94944207,
918821,56.94944207,
918852,56.94944207,
918883,56.94944207,
918914,56.94944207,
918946,56.95171886,
918978,56.94944207,
919009,56.94716528,
919041,56.94716528,
919072,56.94716528,
919103,56.94944207,
919135,56.94944207,
919166,56.94944207,
919197,56.95171886,
919229,56.94944207,
919261,56.94716528,
919768,56.95171886,
919896,56.95399566,
919928,56.94944207,
919960,56.94944207,
919991,56.94944207,
920022,56.94944207,
920054,56.94716528,
920085,56.95171886,
920117,56.94944207,
920148,56.95171886,
920180,56.95171886,
920211,56.94944207,
920242,56.95171886,
920274,56.94944207,
920305,56.95171886,
920336,56.95171886,
920368,56.94944207,
920399,56.94944207,
920431,56.95171886,
920462,56.94944207,
920621,56.94944207,
920751,56.95171886,
920784,56.94944207,
920815,56.95171886,
920846,56.95171886,
920878,56.95399566,
920910,56.94944207,
920941,56.95171886,
920973,56.94944207,
921004,56.95171886,
921035,56.94944207,
921066,56.95171886,
921098,56.94944207,
921129,56.94944207,
921161,56.94944207,
921192,56.94716528,
921224,56.94944207,
921255,56.95171886,
921287,56.94944207,
921318,56.95171886,
921518,56.94944207,
921648,56.95171886,
921680,56.95171886,
921712,56.94944207,
921743,56.94944207,
921774,56.94944207,
921806,56.95171886,
921838,56.95171886,
921869,56.94944207,
921901,56.94944207,
921932,56.95171886,
921963,56.95171886,
921995,56.94944207,
922026,56.95171886,
922057,56.95171886,
922089,56.95627245,
922120,56.95627245,
922152,56.95171886,
922183,56.95627245,
922215,56.94944207,
922636,56.94944207,
922766,56.95399566,
922797,56.95399566,
922829,56.94944207,
922861,56.95171886,
922892,56.95399566,
922924,56.95171886,
922955,56.94944207,
922986,56.94944207,
923018,56.95171886,
923049,56.95171886,
923081,56.95171886,
923112,56.95171886,
923144,56.95171886,
923175,56.95171886,
923206,56.95171886,
923238,56.94716528,
923269,56.95399566,
923300,56.95399566,
923332,56.95171886,
923660,56.94944207,
923788,56.95171886,
923819,56.94944207,
923851,56.95171886,
923883,56.94944207,
923914,56.95171886,
923946,56.95171886,
923977,56.95171886,
924008,56.95171886,
924040,56.95171886,
924071,56.95171886,
924102,56.95171886,
924134,56.95171886,
924165,56.94944207,
924197,56.94944207,
924228,56.94944207,
924260,56.94944207,
924291,56.94944207,
924322,56.95399566,
924354,56.94944207,
924570,56.94944207,
924698,56.95399566,
924729,56.95171886,
924761,56.95171886,
924792,56.94944207,
924823,56.95627245,
924855,56.95399566,
924887,56.95171886,
924918,56.95171886,
924949,56.94944207,
924981,56.95171886,
925012,56.95171886,
925043,56.95171886,
925075,56.95399566,
925106,56.95171886,
925138,56.95399566,
925169,56.94944207,
925201,56.95171886,
925232,56.94944207,
925263,56.94944207,
925491,56.94944207,
925622,56.95171886,
925653,56.94944207,
925685,56.95171886,
925716,56.94944207,
925747,56.95171886,
925779,56.95171886,
925811,56.95171886,
925842,56.95171886,
925873,56.95171886,
925905,56.95171886,
925936,56.94944207,
925967,56.94944207,
925999,56.95171886,
926030,56.95171886,
926062,56.95171886,
926093,56.94944207,
926125,56.95171886,
926156,56.94944207,
926187,56.95171886,
926630,56.95171886,
926760,56.95399566,
926792,56.95171886,
926823,56.95399566,
926855,56.95627245,
926886,56.95399566,
926918,56.95399566,
926949,56.95171886,
926980,56.94944207,
927012,56.94944207,
927043,56.95171886,
927075,56.95399566,
927106,56.95171886,
927138,56.94944207,
927169,56.94944207,
927200,56.95627245,
927232,56.94944207,
927263,56.95399566,
927294,56.95399566,
927326,56.95171886,
928086,56.94944207,
928217,56.95171886,
928249,56.95399566,
928280,56.94944207,
928311,56.95171886,
928343,56.95171886,
928374,56.95171886,
928406,56.95627245,
928437,56.95171886,
928468,56.95399566,
928500,56.95171886,
928531,56.95399566,
928563,56.95171886,
928594,56.94944207,
928625,56.95171886,
928657,56.95171886,
928688,56.94944207,
928720,56.95171886,
928751,56.95171886,
928783,56.95171886,
929078,56.95399566,
929208,56.95171886,
929240,56.95171886,
929271,56.95171886,
929303,56.94944207,
929334,56.95171886,
929366,56.95399566,
929397,56.95399566,
929428,56.94944207,
929459,56.95399566,
929491,56.95627245,
929522,56.95627245,
929554,56.95399566,
929585,56.95171886,
929617,56.95171886,
929648,56.95399566,
929680,56.94944207,
929711,56.95399566,
929742,56.95399566,
929774,56.95399566,
930117,56.94944207,
930245,56.95171886,
930276,56.95171886,
930308,56.95399566,
930339,56.94944207,
930371,56.95171886,
930402,56.95399566,
930434,56.95171886,
930465,56.95399566,
930497,56.95399566,
930528,56.95399566,
930559,56.95399566,
930590,56.95171886,
930622,56.95399566,
930654,56.95399566,
930685,56.95399566,
930717,56.95171886,
930748,56.95171886,
930779,56.95399566,
930811,56.95171886,
931024,56.95399566,
931154,56.95399566,
931185,56.95399566,
931217,56.95171886,
931248,56.95171886,
931280,56.95171886,
931311,56.95171886,
931343,56.95171886,
931374,56.95399566,
931405,56.95171886,
931437,56.95399566,
931468,56.95627245,
931499,56.95399566,
931531,56.95171886,
931563,56.95171886,
931594,56.95399566,
931625,56.95399566,
931657,56.95399566,
931688,56.95399566,
931720,56.95627245,
932045,56.95399566,
932176,56.95627245,
932207,56.95171886,
932239,56.95171886,
932270,56.95171886,
932301,56.95399566,
932333,56.94944207,
932364,56.95399566,
932396,56.95399566,
932427,56.95399566,
932459,56.95399566,
932490,56.95627245,
932521,56.95399566,
932553,56.95171886,
932584,56.95171886,
932615,56.95171886,
932647,56.95399566,
932679,56.95399566,
932710,56.95399566,
932741,56.95627245,
933124,56.95171886,
933255,56.95399566,
933287,56.95399566,
933318,56.95399566,
933349,56.95171886,
933381,56.95171886,
933412,56.95171886,
933444,56.95399566,
933475,56.95627245,
933507,56.95399566,
933538,56.95171886,
933570,56.95399566,
933601,56.95171886,
933632,56.95171886,
933664,56.95399566,
933695,56.95171886,
933727,56.95171886,
933758,56.95399566,
933790,56.95399566,
933821,56.95399566,
934196,56.95171886,
934326,56.95399566,
934358,56.95627245,
934389,56.95171886,
934421,56.95171886,
934452,56.95399566,
934484,56.95399566,
934515,56.95399566,
934546,56.94944207,
934578,56.95171886,
934609,56.95399566,
934641,56.95627245,
934672,56.95171886,
934704,56.95399566,
934735,56.95399566,
934766,56.95171886,
934798,56.95399566,
934829,56.95399566,
934861,56.95627245,
934892,56.95171886,
935128,56.95399566,
935258,56.95399566,
935290,56.95627245,
935321,56.95399566,
935353,56.95399566,
935384,56.95399566,
935416,56.95399566,
935447,56.95627245,
935478,56.94944207,
935510,56.95399566,
935541,56.95399566,
935573,56.95399566,
935604,56.95171886,
935636,56.95854924,
935667,56.95399566,
935698,56.95399566,
935730,56.95627245,
935761,56.95399566,
935793,56.95171886,
935824,56.95399566,
938929,56.95627245,
939057,56.95399566,
939089,56.95854924,
939121,56.95399566,
939153,56.95171886,
939184,56.95171886,
939215,56.95399566,
939247,56.95171886,
939278,56.95854924,
939310,56.95627245,
939341,56.95399566,
939372,56.95399566,
939404,56.95171886,
939435,56.95171886,
939467,56.95399566,
939498,56.95399566,
939530,56.95854924,
939561,56.95399566,
939592,56.95399566,
939624,56.95399566,
939758,56.95627245,
939886,56.95627245,
939918,56.95399566,
939950,56.95627245,
939981,56.95627245,
940012,56.95399566,
940044,56.95399566,
940075,56.95171886,
940106,56.95399566,
940138,56.95399566,
940169,56.95627245,
940201,56.95399566,
940232,56.95399566,
940264,56.95627245,
940295,56.95627245,
940327,56.95171886,
940358,56.95399566,
940389,56.95399566,
940420,56.95627245,
940452,56.95627245,
940580,56.95399566,
940708,56.95627245,
940741,56.95627245,
940772,56.95627245,
940803,56.95399566,
940835,56.95399566,
940867,56.95399566,
940898,56.95627245,
940929,56.95171886,
940961,56.95399566,
940992,56.95627245,
941023,56.95627245,
941055,56.95627245,
941086,56.95627245,
941118,56.95399566,
941149,56.95627245,
941181,56.95627245,
941212,56.95854924,
941244,56.95399566,
941275,56.95399566,
941384,56.95399566,
941515,56.95627245,
941546,56.95627245,
941578,56.95627245,
941609,56.95627245,
941640,56.95627245,
941672,56.95399566,
941704,56.95627245,
941735,56.95399566,
941766,56.95399566,
941798,56.95399566,
941829,56.95399566,
941861,56.95627245,
941892,56.95627245,
941923,56.95399566,
941955,56.95627245,
941986,56.95627245,
942018,56.95399566,
942049,56.95399566,
942081,56.95399566,
942400,56.95627245,
942531,56.95399566,
942562,56.95854924,
942594,56.95399566,
942625,56.95399566,
942657,56.95854924,
942688,56.95399566,
942720,56.95627245,
942751,56.95627245,
942783,56.95399566,
942814,56.95627245,
942845,56.95627245,
942877,56.95627245,
942908,56.95399566,
942940,56.95399566,
942971,56.95399566,
943003,56.95171886,
943034,56.95627245,
943065,56.95399566,
943097,56.95399566,
943309,56.95627245,
943437,56.95627245,
943469,56.95399566,
943500,56.95627245,
943532,56.95399566,
943563,56.95627245,
943594,56.95627245,
943626,56.95627245,
943658,56.95399566,
943689,56.95399566,
943720,56.95627245,
943752,56.95399566,
943783,56.95399566,
943815,56.95399566,
943846,56.95627245,
943877,56.95627245,
943909,56.95399566,
943940,56.95399566,
943972,56.95399566,
944003,56.95627245,
944171,56.95171886,
944299,56.95399566,
944332,56.95399566,
944363,56.95627245,
944394,56.95627245,
944426,56.95399566,
944458,56.95627245,
944489,56.95171886,
944520,56.95399566,
944552,56.95627245,
944583,56.95399566,
944614,56.95171886,
944646,56.95399566,
944677,56.95399566,
944709,56.95627245,
944740,56.95399566,
944772,56.95854924,
944803,56.95399566,
944835,56.95171886,
944866,56.95627245,
945000,56.95171886,
945128,56.95627245,
945161,56.95399566,
945192,56.95627245,
945224,56.95627245,
945255,56.95399566,
945287,56.95171886,
945318,56.95627245,
945350,56.95171886,
945381,56.95627245,
945412,56.95399566,
945444,56.95627245,
945476,56.95627245,
945507,56.95399566,
945538,56.95171886,
945570,56.95854924,
945601,56.95627245,
945632,56.95399566,
945664,56.95399566,
945695,56.95171886,
945805,56.95171886,
945936,56.95399566,
945968,56.95627245,
945999,56.95627245,
946031,56.95399566,
946063,56.95627245,
946094,56.95399566,
946125,56.95399566,
946156,56.95399566,
946188,56.95627245,
946219,56.95399566,
946251,56.95627245,
946282,56.95399566,
946314,56.95627245,
946345,56.95627245,
946377,56.95627245,
946408,56.95627245,
946439,56.95399566,
946471,56.95399566,
946502,56.95627245,
946707,56.95399566,
946836,56.95171886,
946867,56.95627245,
946899,56.95627245,
946931,56.95627245,
946962,56.95854924,
946994,56.95627245,
947025,56.95399566,
947057,56.95399566,
947088,56.95399566,
947120,56.95627245,
947151,56.95854924,
947183,56.95627245,
947214,56.95627245,
947245,56.95399566,
947276,56.95627245,
947308,56.95627245,
947339,56.95627245,
947371,56.95399566,
947402,56.95399566,
947544,56.95399566,
947674,56.95627245,
947707,56.95627245,
947738,56.95627245,
947769,56.95627245,
947801,56.95399566,
947833,56.95627245,
947864,56.95171886,
947895,56.95627245,
947927,56.95399566,
947958,56.95399566,
947989,56.95399566,
948021,56.95627245,
948052,56.95399566,
948084,56.95627245,
948115,56.95399566,
948147,56.95627245,
948178,56.95171886,
948210,56.95399566,
948241,56.95399566,
948357,56.95627245,
948487,56.95399566,
948519,56.95854924,
948551,56.95627245,
948582,56.95399566,
948613,56.95627245,
948645,56.95399566,
948676,56.95399566,
948708,56.95399566,
948739,56.95399566,
948771,56.95627245,
948802,56.95399566,
948834,56.95627245,
948865,56.95399566,
948896,56.95399566,
948928,56.95627245,
948959,56.95399566,
948991,56.95854924,
949022,56.95399566,
949054,56.95399566,
949260,56.95627245,
949391,56.95854924,
949422,56.95627245,
949454,56.95627245,
949485,56.95627245,
949516,56.95399566,
949548,56.95627245,
949579,56.95399566,
949611,56.95627245,
949642,56.95627245,
949674,56.95627245,
949705,56.95854924,
949736,56.95399566,
949768,56.95627245,
949799,56.95854924,
949830,56.95399566,
949862,56.95854924,
949894,56.95627245,
949925,56.95854924,
949957,56.95627245,
950273,56.95854924,
950402,56.95627245,
950433,56.95399566,
950465,56.95399566,
950496,56.95399566,
950527,56.95399566,
950559,56.95171886,
950590,56.95627245,
950622,56.95627245,
950653,56.95627245,
950685,56.95627245,
950716,56.95627245,
950747,56.95627245,
950779,56.95627245,
950810,56.95854924,
950842,56.95399566,
950874,56.95627245,
950905,56.95627245,
950936,56.95399566,
950967,56.95627245,
952357,56.95399566,
952487,56.95627245,
952519,56.95171886,
952551,56.95627245,
952582,56.95399566,
952614,56.95627245,
952645,56.95854924,
952676,56.95399566,
952707,56.95627245,
952739,56.95627245,
952770,56.95399566,
952802,56.95854924,
952833,56.95627245,
952865,56.95854924,
952896,56.95627245,
952928,56.95627245,
952959,56.95627245,
952990,56.95854924,
953022,56.95854924,
953054,56.95627245,
953179,56.95627245,
953307,56.95854924,
953339,56.95399566,
953371,56.95399566,
953402,56.95627245,
953434,56.96082604,
953465,56.95627245,
953497,56.95627245,
953528,56.96082604,
953561,56.95854924,
953592,56.95399566,
953624,56.95854924,
953656,56.95399566,
953687,56.95627245,
953719,56.95399566,
953751,56.95854924,
953782,56.95627245,
953814,56.95399566,
953845,56.95399566,
953877,56.95399566,
954104,56.95854924,
954234,56.95854924,
954266,56.95399566,
954298,56.95627245,
954329,56.95399566,
954361,56.95854924,
954392,56.95627245,
954424,56.95627245,
954455,56.95627245,
954487,56.95627245,
954518,56.95399566,
954549,56.95854924,
954581,56.95627245,
954612,56.95627245,
954644,56.95854924,
954676,56.95627245,
954707,56.95399566,
954738,56.95627245,
954770,56.95627245,
954801,56.95627245,
955200,56.95399566,
955331,56.95399566,
955362,56.95854924,
955394,56.95627245,
955425,56.95399566,
955457,56.95627245,
955488,56.95627245,
955520,56.95399566,
955551,56.95854924,
955583,56.95627245,
955614,56.95854924,
955645,56.95627245,
955677,56.95854924,
955708,56.95627245,
955740,56.95399566,
955771,56.95399566,
955803,56.95854924,
955834,56.95854924,
955865,56.95854924,
955897,56.95627245,
956736,56.95854924,
956864,56.95627245,
956895,56.96082604,
956927,56.95854924,
956958,56.95627245,
956990,56.95854924,
957021,56.95627245,
957053,56.95854924,
957084,56.95854924,
957116,56.95854924,
957147,56.95854924,
957178,56.95627245,
957210,56.95854924,
957242,56.95854924,
957273,56.96082604,
957304,56.95627245,
957336,56.95399566,
957367,56.95627245,
957399,56.95399566,
957430,56.95399566,
957749,56.95627245,
957877,56.95627245,
957908,56.95854924,
957940,56.95627245,
957972,56.96082604,
958003,56.95627245,
958034,56.95854924,
958066,56.95854924,
958097,56.95627245,
958128,56.95627245,
958160,56.95399566,
958191,56.95854924,
958223,56.95854924,
958255,56.95854924,
958286,56.95854924,
958317,56.95627245,
958349,56.95399566,
958380,56.95627245,
958412,56.96082604,
958443,56.95854924,
959091,56.96082604,
959221,56.95854924,
959252,56.95627245,
959284,56.95627245,
959318,56.95854924,
959349,56.95627245,
959382,56.95854924,
959413,56.95627245,
959444,56.95627245,
959476,56.96082604,
959508,56.95627245,
959539,56.95854924,
959570,56.96082604,
959602,56.95627245,
959633,56.95399566,
959665,56.95627245,
959696,56.95399566,
959728,56.95627245,
959759,56.95854924,
959791,56.95854924,
960423,56.95854924,
960551,56.95399566,
960582,56.95854924,
960614,56.95854924,
960646,56.95854924,
960677,56.95854924,
960709,56.95627245,
960740,56.96310283,
960771,56.96082604,
960803,56.96082604,
960834,56.95627245,
960866,56.95627245,
960897,56.95854924,
960929,56.96082604,
960960,56.95627245,
960991,56.95627245,
961023,56.95854924,
961054,56.95854924,
961086,56.95854924,
961117,56.95854924,
961549,56.95854924,
961680,56.95854924,
961711,56.95854924,
961743,56.95627245,
961774,56.95627245,
961805,56.96082604,
961837,56.96310283,
961869,56.95627245,
961900,56.95627245,
961932,56.95854924,
961963,56.95854924,
961994,56.96082604,
962025,56.95627245,
962057,56.95627245,
962088,56.95854924,
962120,56.96082604,
962151,56.95627245,
962183,56.96537963,
962214,56.95399566,
962246,56.96082604,
962459,56.95627245,
962590,56.95854924,
962621,56.95854924,
962653,56.95854924,
962684,56.95627245,
962715,56.96082604,
962747,56.95854924,
962778,56.95854924,
962810,56.95854924,
962841,56.95854924,
962873,56.95627245,
962904,56.95854924,
962935,56.95854924,
962967,56.95627245,
962999,56.95854924,
963030,56.95854924,
963062,56.95854924,
963093,56.95627245,
963124,56.95627245,
963156,56.95854924,
963601,56.95627245,
963732,56.95854924,
963764,56.96310283,
963796,56.95627245,
963827,56.96082604,
963858,56.95854924,
963890,56.95627245,
963921,56.95627245,
963953,56.95854924,
963984,56.95854924,
964016,56.95627245,
964047,56.95627245,
964079,56.96082604,
964110,56.96310283,
964141,56.96082604,
964172,56.95854924,
964204,56.96082604,
964235,56.95854924,
964267,56.96082604,
964298,56.95854924,
964626,56.96082604,
964758,56.96310283,
964789,56.96082604,
964821,56.96082604,
964852,56.95854924,
964884,56.96082604,
964915,56.95399566,
964947,56.95627245,
964978,56.96082604,
965010,56.96310283,
965041,56.95854924,
965072,56.95854924,
965104,56.95627245,
965135,56.95627245,
965167,56.96082604,
965198,56.96082604,
965230,56.95854924,
965261,56.95627245,
965292,56.96310283,
965324,56.96082604,
966054,56.96310283,
966185,56.95399566,
966216,56.96082604,
966248,56.95854924,
966280,56.96082604,
966311,56.96310283,
966343,56.95854924,
966374,56.95854924,
966405,56.95854924,
966437,56.95627245,
966468,56.96082604,
966500,56.95627245,
966531,56.95854924,
966563,56.96310283,
966594,56.95854924,
966625,56.95854924,
966657,56.95854924,
966688,56.95854924,
966719,56.95854924,
966751,56.96082604,
967079,56.95854924,
967210,56.95854924,
967241,56.96082604,
967273,56.95854924,
967304,56.95854924,
967335,56.95854924,
967367,56.95854924,
967399,56.95854924,
967430,56.95627245,
967462,56.95854924,
967493,56.95854924,
967524,56.95854924,
967555,56.95854924,
967587,56.96082604,
967618,56.95627245,
967650,56.96082604,
967681,56.96082604,
967713,56.95627245,
967744,56.95854924,
967776,56.95854924,
968091,56.95627245,
968219,56.95854924,
968251,56.95627245,
968283,56.95627245,
968314,56.95854924,
968345,56.95854924,
968377,56.95854924,
968408,56.95854924,
968440,56.96082604,
968471,56.95854924,
968503,56.95854924,
968534,56.95854924,
968565,56.95854924,
968597,56.95854924,
968628,56.96082604,
968659,56.95854924,
968691,56.96310283,
968722,56.96082604,
968754,56.95854924,
968785,56.95627245,
969435,56.95627245,
969565,56.95854924,
969596,56.96082604,
969628,56.95854924,
969659,56.95854924,
969691,56.95627245,
969722,56.95854924,
969754,56.95627245,
969785,56.96082604,
969817,56.96310283,
969848,56.95854924,
969879,56.95627245,
969910,56.95854924,
969942,56.96082604,
969974,56.96310283,
970005,56.96082604,
970037,56.96082604,
970068,56.95854924,
970099,56.96082604,
970131,56.96082604,
970566,56.96082604,
970696,56.95854924,
970727,56.95854924,
970759,56.95854924,
970790,56.95854924,
970822,56.96082604,
970853,56.95854924,
970885,56.95854924,
970916,56.95854924,
970948,56.96082604,
970979,56.96082604,
971010,56.96082604,
971042,56.95854924,
971073,56.95854924,
971105,56.96082604,
971136,56.96082604,
971168,56.96082604,
971199,56.96082604,
971230,56.96310283,
971262,56.96310283,
971790,56.95854924,
971918,56.95854924,
971949,56.95854924,
971981,56.96082604,
972012,56.96082604,
972044,56.96310283,
972075,56.95854924,
972107,56.96082604,
972138,56.95627245,
972170,56.96082604,
972201,56.95854924,
972232,56.96082604,
972263,56.95854924,
972295,56.96082604,
972327,56.96082604,
972358,56.96310283,
972390,56.96082604,
972421,56.95627245,
972452,56.96082604,
972484,56.95854924,
972814,56.96310283,
972944,56.96082604,
972976,56.95854924,
973007,56.96082604,
973039,56.96082604,
973070,56.95854924,
973102,56.96082604,
973133,56.95854924,
973164,56.95854924,
973196,56.96082604,
973228,56.95854924,
973259,56.96310283,
973290,56.96082604,
973322,56.96082604,
973353,56.96082604,
973384,56.96082604,
973416,56.96310283,
973447,56.95627245,
973479,56.96082604,
973510,56.95854924,
973842,56.95854924,
973971,56.96082604,
974002,56.95854924,
974034,56.95854924,
974065,56.95854924,
974096,56.96082604,
974128,56.96082604,
974160,56.96082604,
974191,56.95854924,
974222,56.96082604,
974254,56.96310283,
974285,56.96082604,
974316,56.95854924,
974348,56.96310283,
974379,56.95854924,
974411,56.96082604,
974442,56.96082604,
974474,56.95854924,
974505,56.96082604,
974537,56.95854924,
975169,56.96310283,
975299,56.96082604,
975331,56.96082604,
975363,56.96310283,
975394,56.95854924,
975425,56.96082604,
975457,56.95854924,
975488,56.96082604,
975519,56.96310283,
975551,56.96082604,
975582,56.96310283,
975614,56.96082604,
975645,56.96082604,
975677,56.96082604,
975708,56.96082604,
975739,56.95854924,
975771,56.96310283,
975802,56.95854924,
975834,56.95854924,
975865,56.96310283,
976198,56.96310283,
976328,56.96082604,
976360,56.96082604,
976391,56.96082604,
976423,56.96310283,
976454,56.96082604,
976486,56.96082604,
976517,56.96082604,
976548,56.95854924,
976580,56.96310283,
976611,56.96082604,
976643,56.96310283,
976674,56.95854924,
976706,56.96082604,
976737,56.96310283,
976768,56.96310283,
976800,56.96082604,
976831,56.96082604,
976863,56.96082604,
976894,56.96082604,
977217,56.96082604,
977347,56.96082604,
977379,56.96082604,
977411,56.96082604,
977442,56.96082604,
977473,56.96310283,
977505,56.96082604,
977536,56.96082604,
977567,56.96310283,
977599,56.96082604,
977631,56.96082604,
977662,56.96082604,
977693,56.96082604,
977725,56.96082604,
977756,56.96082604,
977787,56.96310283,
977819,56.96082604,
977850,56.96082604,
977882,56.96310283,
977913,56.96082604,
978127,56.96082604,
978255,56.96082604,
978287,56.96310283,
978319,56.96537963,
978351,56.96082604,
978382,56.96082604,
978413,56.96082604,
978445,56.95854924,
978476,56.96082604,
978508,56.96537963,
978539,56.96310283,
978571,56.96082604,
978602,56.96310283,
978634,56.96082604,
978665,56.96310283,
978696,56.96082604,
978728,56.96082604,
978759,56.96082604,
978790,56.96082604,
978822,56.96082604,
979061,56.96082604,
979189,56.96082604,
979220,56.96310283,
979252,56.96082604,
979283,56.95854924,
979315,56.96310283,
979346,56.96082604,
979378,56.95854924,
979409,56.96082604,
979441,56.96310283,
979472,56.95854924,
979503,56.96082604,
979534,56.96082604,
979566,56.96537963,
979597,56.96082604,
979629,56.96082604,
979660,56.96310283,
979692,56.96310283,
979723,56.96082604,
979755,56.96310283,
979970,56.96082604,
980100,56.96082604,
980131,56.96082604,
980163,56.96082604,
980194,56.96082604,
980225,56.96310283,
980257,56.95854924,
980288,56.96082604,
980320,56.96082604,
980351,56.96537963,
980383,56.96310283,
980414,56.96537963,
980445,56.95854924,
980477,56.96310283,
980508,56.96082604,
980540,56.96310283,
980571,56.95854924,
980603,56.96082604,
980634,56.96310283,
980665,56.96082604,
981313,56.95854924,
981444,56.96537963,
981475,56.95854924,
981507,56.95854924,
981538,56.96310283,
981569,56.96082604,
981601,56.96082604,
981632,56.96082604,
981664,56.95854924,
981695,56.96310283,
981727,56.96082604,
981758,56.96537963,
981789,56.96310283,
981821,56.96082604,
981852,56.95627245,
981884,56.96082604,
981915,56.96310283,
981947,56.96082604,
981978,56.96537963,
982010,56.96082604,
982543,56.96082604,
982672,56.96310283,
982704,56.96310283,
982736,56.96082604,
982767,56.95854924,
982798,56.96537963,
982830,56.96082604,
982862,56.96082604,
982893,56.96537963,
982924,56.96310283,
982956,56.96310283,
982987,56.95854924,
983018,56.96310283,
983050,56.96537963,
983081,56.96082604,
983112,56.96537963,
983144,56.96310283,
983175,56.96082604,
983207,56.96082604,
983238,56.96310283,
983398,56.96310283,
983526,56.96310283,
983559,56.95854924,
983590,56.96082604,
983621,56.96310283,
983653,56.96310283,
983685,56.96310283,
983716,56.96310283,
983748,56.96537963,
983779,56.96310283,
983810,56.96310283,
983841,56.95854924,
983873,56.96310283,
983904,56.96310283,
983936,56.96310283,
983967,56.96537963,
983999,56.96310283,
984030,56.96082604,
984062,56.96082604,
984093,56.96310283,
984305,56.96310283,
984435,56.96082604,
984468,56.96310283,
984499,56.95854924,
984530,56.96310283,
984562,56.96082604,
984594,56.96310283,
984625,56.96310283,
984656,56.96537963,
984688,56.95854924,
984719,56.96082604,
984750,56.96082604,
984782,56.96310283,
984813,56.96310283,
984845,56.96082604,
984877,56.96310283,
984908,56.96082604,
984939,56.96082604,
984971,56.96310283,
985002,56.96082604,
985145,56.96082604,
985276,56.96310283,
985308,56.96310283,
985339,56.96082604,
985371,56.96310283,
985403,56.96082604,
985434,56.96082604,
985465,56.96082604,
985497,56.96310283,
985528,56.96082604,
985559,56.96310283,
985591,56.95854924,
985622,56.96537963,
985654,56.96310283,
985685,56.96310283,
985717,56.96310283,
985748,56.96082604,
985779,56.96082604,
985811,56.96310283,
985842,56.96310283,
985968,56.96082604,
986099,56.96310283,
986131,56.96082604,
986162,56.96082604,
986193,56.96310283,
986225,56.96082604,
986257,56.96537963,
986288,56.96082604,
986320,56.96082604,
986351,56.96310283,
986382,56.96310283,
986414,56.96310283,
986445,56.96310283,
986476,56.95854924,
986508,56.95854924,
986540,56.96082604,
986571,56.96310283,
986602,56.96537963,
986634,56.96310283,
986665,56.96082604,
986831,56.96082604,
986962,56.96310283,
986993,56.96537963,
987025,56.96082604,
987056,56.96310283,
987088,56.96537963,
987119,56.96537963,
987151,56.96310283,
987182,56.96310283,
987213,56.95854924,
987245,56.96310283,
987276,56.96537963,
987307,56.96310283,
987339,56.96310283,
987370,56.96537963,
987402,56.95854924,
987433,56.96537963,
987465,56.96310283,
987496,56.96310283,
987527,56.96310283,
987774,56.96310283,
987904,56.96082604,
987935,56.96310283,
987967,56.96310283,
987999,56.96310283,
988030,56.96310283,
988062,56.96310283,
988093,56.96082604,
988124,56.96310283,
988156,56.96082604,
988187,56.96082604,
988219,56.96537963,
988250,56.96537963,
988282,56.96537963,
988313,56.96765642,
988344,56.96310283,
988376,56.96310283,
988407,56.96310283,
988438,56.96082604,
988470,56.96310283,
988624,56.96310283,
988754,56.96310283,
988786,56.96310283,
988818,56.96310283,
988849,56.96082604,
988882,56.95854924,
988913,56.96537963,
988944,56.96082604,
988976,56.96310283,
989007,56.96082604,
989038,56.96082604,
989070,56.96537963,
989102,56.96082604,
989133,56.96310283,
989164,56.96537963,
989196,56.96082604,
989227,56.96310283,
989258,56.96537963,
989290,56.96310283,
989321,56.96082604,
989534,56.96310283,
989663,56.96082604,
989695,56.96082604,
989727,56.96310283,
989759,56.96310283,
989791,56.96310283,
989822,56.96310283,
989854,56.96082604,
989886,56.96310283,
989917,56.96537963,
989948,56.96537963,
989979,56.96310283,
990011,56.96537963,
990042,56.96082604,
990073,56.95854924,
990105,56.96310283,
990136,56.96310283,
990167,56.96082604,
990199,56.96310283,
990230,56.96537963,
990334,56.96082604,
990464,56.96537963,
990495,56.96082604,
990527,56.96537963,
990559,56.96310283,
990590,56.96082604,
990622,56.96537963,
990653,56.96310283,
990684,56.96310283,
990716,56.96310283,
990748,56.96310283,
990779,56.96082604,
990811,56.96310283,
990842,56.96310283,
990873,56.96310283,
990904,56.96310283,
990936,56.96082604,
990968,56.96310283,
990999,56.96537963,
991030,56.96310283,
991182,56.96082604,
991313,56.96310283,
991345,56.96537963,
991376,56.96310283,
991408,56.96537963,
991440,56.96082604,
991471,56.96082604,
991502,56.96537963,
991534,56.96310283,
991565,56.96537963,
991596,56.96310283,
991628,56.96537963,
991660,56.96310283,
991692,56.96082604,
991723,56.96082604,
991755,56.96537963,
991787,56.96082604,
991819,56.96310283,
991851,56.96537963,
991882,56.96310283,
991999,56.96310283,
992129,56.96082604,
992162,56.96537963,
992193,56.96310283,
992225,56.96310283,
992257,56.96537963,
992288,56.96310283,
992320,56.96310283,
992352,56.96537963,
992383,56.96537963,
992416,56.96310283,
992448,56.96310283,
992480,56.95854924,
992511,56.96537963,
992543,56.96537963,
992574,56.96082604,
992606,56.96537963,
992637,56.96310283,
992669,56.96537963,
992701,56.96765642,
994097,56.96537963,
994227,56.96310283,
994258,56.96537963,
994290,56.96310283,
994321,56.96537963,
994352,56.96537963,
994383,56.95854924,
994415,56.96310283,
994447,56.96310283,
994478,56.96537963,
994509,56.96537963,
994541,56.96310283,
994572,56.96310283,
994604,56.96310283,
994635,56.96310283,
994666,56.96310283,
994698,56.96765642,
994729,56.96310283,
994761,56.96310283,
994792,56.96537963,
999202,56.96310283,
999330,56.96537963,
999362,56.96310283,
999393,56.96537963,
999426,56.96310283,
999457,56.96310283,
999488,56.96537963,
999520,56.95854924,
999551,56.96310283,
999582,56.96765642,
999614,56.96765642,
999646,56.96310283,
999677,56.96537963,
999708,56.96310283,
999740,56.96082604,
999771,56.96310283,
999802,56.96082604,
999834,56.96082604,
999865,56.96537963,
999897,56.96310283,
1000144,56.96310283,
1000274,56.96537963,
1000306,56.96537963,
1000338,56.96082604,
1000369,56.96765642,
1000400,56.96310283,
1000432,56.96537963,
1000463,56.96765642,
1000494,56.96537963,
1000526,56.96082604,
1000557,56.96310283,
1000589,56.96537963,
1000620,56.96537963,
1000652,56.96310283,
1000683,56.96310283,
1000714,56.96537963,
1000746,56.96310283,
1000777,56.96310283,
1000808,56.96765642,
1000840,56.96537963,
1003842,56.96537963,
1003972,56.96082604,
1004004,56.96537963,
1004036,56.96537963,
1004067,56.96310283,
1004099,56.96765642,
1004130,56.96537963,
1004162,56.96765642,
1004193,56.96537963,
1004225,56.96082604,
1004256,56.96537963,
1004287,56.96537963,
1004318,56.96310283,
1004350,56.96310283,
1004381,56.96537963,
1004413,56.96537963,
1004444,56.96537963,
1004476,56.96537963,
1004507,56.96537963,
1004539,56.96310283,
1004689,56.96310283,
1004819,56.96765642,
1004851,56.96537963,
1004883,56.96765642,
1004914,56.96537963,
1004946,56.96537963,
1004977,56.96537963,
1005009,56.96310283,
1005040,56.96765642,
1005072,56.96537963,
1005103,56.96537963,
1005134,56.96537963,
1005166,56.96310283,
1005197,56.96537963,
1005228,56.96310283,
1005260,56.96310283,
1005292,56.96537963,
1005323,56.96537963,
1005355,56.96765642,
1005386,56.96310283,
1005510,56.96310283,
1005640,56.96082604,
1005673,56.96310283,
1005704,56.96537963,
1005735,56.96537963,
1005767,56.96082604,
1005799,56.96310283,
1005830,56.96765642,
1005862,56.96537963,
1005893,56.96310283,
1005924,56.96765642,
1005955,56.96537963,
1005987,56.96310283,
1006018,56.96310283,
1006050,56.96537963,
1006081,56.96765642,
1006113,56.96310283,
1006144,56.96310283,
1006176,56.96310283,
1006207,56.96537963,
1006403,56.96537963,
1006533,56.96082604,
1006564,56.96537963,
1006596,56.96765642,
1006627,56.96310283,
1006659,56.96537963,
1006690,56.96310283,
1006722,56.96310283,
1006753,56.96537963,
1006785,56.96310283,
1006816,56.96537963,
1006848,56.96765642,
1006879,56.96537963,
1006910,56.96537963,
1006942,56.96310283,
1006973,56.96310283,
1007005,56.96537963,
1007036,56.96765642,
1007067,56.96310283,
1007099,56.96765642,
1007234,56.96537963,
1007364,56.96765642,
1007396,56.96537963,
1007428,56.96310283,
1007460,56.96310283,
1007491,56.96082604,
1007523,56.96537963,
1007554,56.96765642,
1007585,56.96310283,
1007617,56.96537963,
1007648,56.96537963,
1007679,56.96310283,
1007711,56.96537963,
1007742,56.96765642,
1007774,56.96765642,
1007805,56.96765642,
1007837,56.96765642,
1007868,56.96310283,
1007899,56.96765642,
1007931,56.96537963,
1008073,56.96537963,
1008203,56.96537963,
1008236,56.96765642,
1008268,56.96537963,
1008299,56.96537963,
1008331,56.96537963,
1008362,56.96765642,
1008393,56.96993321,
1008425,56.96765642,
1008456,56.96765642,
1008488,56.96537963,
1008519,56.96537963,
1008551,56.96537963,
1008582,56.96765642,
1008613,56.96537963,
1008645,56.96310283,
1008676,56.96537963,
1008707,56.96765642,
1008739,56.96765642,
1008770,56.96765642,
1008888,56.96310283,
1009018,56.96537963,
1009050,56.96765642,
1009082,56.96993321,
1009113,56.96310283,
1009145,56.96537963,
1009176,56.96537963,
1009208,56.96310283,
1009239,56.96993321,
1009271,56.96310283,
1009302,56.96537963,
1009333,56.96310283,
1009365,56.96537963,
1009396,56.96765642,
1009427,56.96537963,
1009459,56.96765642,
1009490,56.96537963,
1009522,56.96765642,
1009553,56.96537963,
1009585,56.96537963,
1009817,56.96310283,
1009946,56.96765642,
1009978,56.96765642,
1010010,56.96537963,
1010041,56.96765642,
1010073,56.96310283,
1010104,56.96765642,
1010135,56.96537963,
1010167,56.96993321,
1010198,56.96537963,
1010229,56.96537963,
1010261,56.96537963,
1010292,56.96765642,
1010324,56.96537963,
1010355,56.96537963,
1010387,56.96537963,
1010418,56.96310283,
1010449,56.96310283,
1010481,56.96537963,
1010512,56.96765642,
1010614,56.96765642,
1010744,56.96537963,
1010776,56.96537963,
1010808,56.96765642,
1010839,56.96310283,
1010870,56.96765642,
1010902,56.96765642,
1010934,56.96765642,
1010965,56.96537963,
1010997,56.96765642,
1011028,56.96765642,
1011059,56.96537963,
1011091,56.96765642,
1011122,56.96765642,
1011154,56.96537963,
1011185,56.96310283,
1011216,56.96537963,
1011248,56.96537963,
1011279,56.96537963,
1011311,56.96310283,
1011439,56.96537963,
1011569,56.96537963,
1011601,56.96310283,
1011633,56.96310283,
1011664,56.96310283,
1011696,56.96993321,
1011727,56.96765642,
1011759,56.96537963,
1011790,56.96310283,
1011822,56.96537963,
1011853,56.96310283,
1011884,56.96765642,
1011916,56.96537963,
1011947,56.96537963,
1011979,56.96537963,
1012010,56.96765642,
1012042,56.96765642,
1012073,56.96537963,
1012104,56.96765642,
1012136,56.96993321,
1012283,56.96537963,
1012413,56.96765642,
1012446,56.96765642,
1012477,56.96537963,
1012508,56.96765642,
1012540,56.96765642,
1012572,56.96765642,
1012603,56.96765642,
1012635,56.96310283,
1012666,56.96537963,
1012697,56.96765642,
1012729,56.96765642,
1012760,56.96765642,
1012791,56.96537963,
1012823,56.96765642,
1012855,56.96310283,
1012886,56.96993321,
1012917,56.96537963,
1012949,56.96537963,
1012980,56.96537963,
1013079,56.96765642,
1013207,56.96310283,
1013239,56.96537963,
1013271,56.96537963,
1013302,56.96537963,
1013333,56.96537963,
1013365,56.96765642,
1013396,56.96765642,
1013428,56.96537963,
1013459,56.96765642,
1013491,56.96537963,
1013522,56.96537963,
1013554,56.96537963,
1013585,56.96765642,
1013616,56.96537963,
1013648,56.96537963,
1013679,56.96765642,
1013711,56.96765642,
1013742,56.96765642,
1013773,56.96310283,
1014021,56.96993321,
1014152,56.96765642,
1014184,56.96537963,
1014215,56.96765642,
1014247,56.96765642,
1014278,56.96310283,
1014310,56.96993321,
1014341,56.96310283,
1014373,56.96765642,
1014404,56.96765642,
1014435,56.96537963,
1014467,56.96310283,
1014498,56.96537963,
1014529,56.96537963,
1014561,56.96765642,
1014592,56.96765642,
1014624,56.96765642,
1014655,56.96537963,
1014687,56.96537963,
1014718,56.96765642,
1014890,56.96765642,
1015021,56.96765642,
1015052,56.96537963,
1015084,56.96993321,
1015115,56.96537963,
1015147,56.96537963,
1015178,56.96537963,
1015210,56.96537963,
1015241,56.96765642,
1015272,56.96537963,
1015304,56.96765642,
1015335,56.96537963,
1015366,56.96993321,
1015398,56.96765642,
1015429,56.96537963,
1015461,56.96765642,
1015492,56.96537963,
1015524,56.96537963,
1015555,56.96537963,
1015586,56.96765642,
1015732,56.96310283,
1015860,56.96765642,
1015892,56.96537963,
1015924,56.96765642,
1015955,56.96765642,
1015987,56.96310283,
1016018,56.96537963,
1016050,56.96765642,
1016081,56.96765642,
1016113,56.96765642,
1016144,56.96537963,
1016175,56.96765642,
1016207,56.96310283,
1016238,56.96537963,
1016270,56.96765642,
1016301,56.96537963,
1016332,56.96537963,
1016364,56.96993321,
1016395,56.96765642,
1016427,56.96537963,
1016631,56.96537963,
1016761,56.96537963,
1016793,56.96765642,
1016825,56.96765642,
1016856,56.96765642,
1016887,56.96993321,
1016918,56.96537963,
1016950,56.96310283,
1016982,56.96765642,
1017013,56.96537963,
1017045,56.96537963,
1017076,56.96993321,
1017107,56.96537963,
1017139,56.96765642,
1017170,56.96537963,
1017201,56.96765642,
1017233,56.96537963,
1017264,56.96537963,
1017296,56.96537963,
1017327,56.96765642,
1020550,56.96537963,
1020679,56.96765642,
1020712,56.96765642,
1020743,56.96310283,
1020774,56.96765642,
1020806,56.96993321,
1020837,56.96765642,
1020869,56.96537963,
1020900,56.96537963,
1020932,56.96537963,
1020963,56.96765642,
1020994,56.96310283,
1021026,56.96537963,
1021057,56.96537963,
1021089,56.96765642,
1021120,56.96993321,
1021152,56.96765642,
1021183,56.96765642,
1021214,56.96993321,
1021246,56.96310283,
1021392,56.96765642,
1021522,56.96993321,
1021555,56.96765642,
1021586,56.96993321,
1021617,56.96993321,
1021649,56.96765642,
1021681,56.96993321,
1021712,56.96765642,
1021744,56.96765642,
1021775,56.96993321,
1021806,56.96765642,
1021838,56.96765642,
1021869,56.96537963,
1021901,56.96765642,
1021932,56.96537963,
1021964,56.96537963,
1021995,56.96537963,
1022026,56.96537963,
1022058,56.96537963,
1022089,56.96993321,
1022189,56.96537963,
1022319,56.96537963,
1022351,56.96537963,
1022383,56.96993321,
1022414,56.96765642,
1022445,56.96537963,
1022477,56.96310283,
1022508,56.96765642,
1022540,56.96310283,
1022571,56.96537963,
1022603,56.96537963,
1022634,56.96765642,
1022666,56.96993321,
1022697,56.96310283,
1022728,56.96537963,
1022760,56.96765642,
1022791,56.96537963,
1022822,56.96537963,
1022854,56.96537963,
1022885,56.96537963,
1023002,56.96765642,
1023130,56.96310283,
1023162,56.96765642,
1023194,56.96537963,
1023225,56.96537963,
1023257,56.96537963,
1023288,56.96537963,
1023320,56.96765642,
1023351,56.96765642,
1023383,56.96537963,
1023414,56.96537963,
1023445,56.96765642,
1023477,56.96993321,
1023508,56.96537963,
1023540,56.96765642,
1023571,56.96765642,
1023602,56.96765642,
1023634,56.96537963,
1023665,56.96993321,
1023697,56.96765642,
1023824,56.96765642,
1023952,56.96765642,
1023985,56.96537963,
1024016,56.96537963,
1024047,56.96537963,
1024079,56.96993321,
1024111,56.97221001,
1024142,56.96537963,
1024173,56.96537963,
1024205,56.96765642,
1024236,56.96993321,
1024267,56.96537963,
1024299,56.96993321,
1024330,56.96993321,
1024362,56.96993321,
1024393,56.96765642,
1024425,56.96537963,
1024456,56.96537963,
1024488,56.96765642,
1024519,56.96537963,
1024747,56.96537963,
1024877,56.96765642,
1024910,56.96993321,
1024941,56.96310283,
1024972,56.96993321,
1025004,56.96993321,
1025035,56.96765642,
1025067,56.96765642,
1025098,56.96993321,
1025130,56.96765642,
1025161,56.96765642,
1025192,56.96993321,
1025224,56.96765642,
1025255,56.96765642,
1025287,56.96993321,
1025318,56.96765642,
1025350,56.96765642,
1025381,56.96765642,
1025412,56.96993321,
1025444,56.96537963,
1025569,56.96537963,
1025697,56.96537963,
1025729,56.96993321,
1025761,56.96765642,
1025792,56.96993321,
1025823,56.96765642,
1025855,56.96993321,
1025887,56.96993321,
1025918,56.96537963,
1025950,56.96993321,
1025981,56.96765642,
1026012,56.96537963,
1026044,56.96765642,
1026075,56.96765642,
1026107,56.96765642,
1026138,56.96765642,
1026170,56.96993321,
1026201,56.96765642,
1026232,56.96765642,
1026264,56.96765642,
1026400,56.96993321,
1026530,56.97221001,
1026563,56.96993321,
1026595,56.96310283,
1026626,56.96993321,
1026658,56.97221001,
1026689,56.96765642,
1026720,56.96765642,
1026752,56.96537963,
1026783,56.96765642,
1026815,56.96993321,
1026846,56.96765642,
1026878,56.96765642,
1026909,56.96765642,
1026940,56.96765642,
1026972,56.96993321,
1027003,56.96765642,
1027034,56.96993321,
1027066,56.96537963,
1027098,56.96765642,
1027210,56.96765642,
1027340,56.96537963,
1027373,56.96993321,
1027404,56.96537963,
1027435,56.96765642,
1027467,56.96993321,
1027499,56.96993321,
1027530,56.96765642,
1027561,56.96765642,
1027593,56.96993321,
1027624,56.96993321,
1027655,56.96765642,
1027687,56.96993321,
1027718,56.96993321,
1027750,56.96765642,
1027781,56.96765642,
1027813,56.96993321,
1027844,56.96993321,
1027875,56.96993321,
1027907,56.96993321,
1028041,56.96993321,
1028171,56.96993321,
1028204,56.96993321,
1028235,56.96765642,
1028267,56.96537963,
1028298,56.96537963,
1028330,56.96537963,
1028361,56.96765642,
1028393,56.96993321,
1028424,56.96537963,
1028455,56.96993321,
1028487,56.96765642,
1028518,56.96765642,
1028550,56.96765642,
1028581,56.96993321,
1028613,56.97221001,
1028644,56.97221001,
1028675,56.96765642,
1028707,56.96993321,
1028738,56.96765642,
1028943,56.96993321,
1029073,56.96765642,
1029104,56.96765642,
1029136,56.96537963,
1029168,56.96537963,
1029199,56.96993321,
1029231,56.96765642,
1029262,56.96993321,
1029293,56.96537963,
1029325,56.96765642,
1029356,56.96765642,
1029388,56.96537963,
1029419,56.96993321,
1029451,56.96765642,
1029482,56.96765642,
1029513,56.96993321,
1029545,56.96765642,
1029576,56.96993321,
1029607,56.96993321,
1029639,56.96765642,
1029863,56.97221001,
1029991,56.96765642,
1030023,56.96993321,
1030055,56.96765642,
1030086,56.96765642,
1030118,56.96993321,
1030149,56.96537963,
1030181,56.96993321,
1030212,56.96765642,
1030244,56.96765642,
1030275,56.96765642,
1030306,56.97221001,
1030338,56.96993321,
1030369,56.96765642,
1030401,56.96993321,
1030432,56.96537963,
1030464,56.96537963,
1030495,56.96765642,
1030526,56.96765642,
1030558,56.96537963,
1030787,56.96993321,
1030917,56.96537963,
1030949,56.96765642,
1030981,56.96993321,
1031012,56.96993321,
1031043,56.96537963,
1031075,56.96993321,
1031106,56.96537963,
1031138,56.96993321,
1031169,56.96765642,
1031201,56.96765642,
1031232,56.96993321,
1031264,56.96537963,
1031295,56.96765642,
1031326,56.96537963,
1031358,56.96537963,
1031389,56.97221001,
1031420,56.96765642,
1031452,56.96765642,
1031483,56.97221001,
1031728,56.96765642,
1031858,56.96993321,
1031890,56.96765642,
1031922,56.97221001,
1031953,56.96993321,
1031985,56.96765642,
1032016,56.96993321,
1032048,56.96993321,
1032079,56.96993321,
1032111,56.96993321,
1032142,56.96993321,
1032173,56.96993321,
1032205,56.96993321,
1032236,56.96993321,
1032267,56.96765642,
1032299,56.96537963,
1032330,56.96993321,
1032362,56.96765642,
1032393,56.96765642,
1032425,56.96765642,
1032538,56.96765642,
1032667,56.96993321,
1032699,56.96765642,
1032730,56.97221001,
1032762,56.97221001,
1032793,56.96537963,
1032825,56.96765642,
1032856,56.96765642,
1032887,56.96993321,
1032919,56.96993321,
1032950,56.96993321,
1032982,56.97221001,
1033013,56.96993321,
1033045,56.97221001,
1033076,56.96537963,
1033108,56.96993321,
1033139,56.96993321,
1033170,56.96765642,
1033202,56.96765642,
1033233,56.96765642,
1033348,56.96993321,
1033479,56.97221001,
1033511,56.96765642,
1033542,56.96993321,
1033574,56.96537963,
1033605,56.96993321,
1033636,56.96537963,
1033668,56.97221001,
1033699,56.96537963,
1033731,56.96993321,
1033762,56.96765642,
1033793,56.96993321,
1033825,56.96765642,
1033857,56.97221001,
1033888,56.96765642,
1033920,56.96765642,
1033951,56.96993321,
1033982,56.96993321,
1034013,56.97221001,
1034045,56.96537963,
1034181,56.96537963,
1034312,56.97221001,
1034344,56.96993321,
1034376,56.96765642,
1034407,56.96537963,
1034439,56.96993321,
1034470,56.96765642,
1034501,56.96993321,
1034532,56.96537963,
1034564,56.96993321,
1034595,56.96993321,
1034627,56.96765642,
1034658,56.96765642,
1034690,56.96537963,
1034721,56.96537963,
1034753,56.96765642,
1034784,56.96765642,
1034815,56.9744868,
1034847,56.96993321,
1034878,56.96993321,
1035011,56.96993321,
1035142,56.96993321,
1035174,56.96993321,
1035206,56.96537963,
1035237,56.96993321,
1035269,56.96993321,
1035300,56.96765642,
1035331,56.96993321,
1035363,56.96765642,
1035394,56.96993321,
1035426,56.96993321,
1035457,56.97221001,
1035489,56.96765642,
1035520,56.97221001,
1035551,56.96993321,
1035583,56.96765642,
1035614,56.96765642,
1035645,56.96993321,
1035677,56.96993321,
1035708,56.96993321,
1035897,56.96993321,
1036027,56.96765642,
1036058,56.96537963,
1036090,56.96993321,
1036122,56.96993321,
1036153,56.96993321,
1036185,56.97221001,
1036216,56.97221001,
1036247,56.96765642,
1036279,56.96765642,
1036311,56.97221001,
1036342,56.96765642,
1036373,56.96993321,
1036405,56.96993321,
1036437,56.96993321,
1036468,56.97221001,
1036500,56.96765642,
1036531,56.96765642,
1036563,56.96993321,
1036594,56.97221001,
1036803,56.96993321,
1036934,56.96993321,
1036965,56.96765642,
1036997,56.96765642,
1037028,56.96993321,
1037059,56.96765642,
1037091,56.96993321,
1037122,56.96537963,
1037154,56.9744868,
1037185,56.97221001,
1037217,56.96993321,
1037248,56.97221001,
1037279,56.96765642,
1037311,56.96765642,
1037342,56.96993321,
1037374,56.96765642,
1037405,56.97221001,
1037437,56.96537963,
1037468,56.96765642,
1037499,56.97676359,
1037659,56.96765642,
1037791,56.96765642,
1037823,56.96993321,
1037855,56.96993321,
1037886,56.96993321,
1037918,56.96765642,
1037949,56.96993321,
1037980,56.96537963,
1038011,56.9744868,
1038043,56.97221001,
1038075,56.96993321,
1038106,56.96765642,
1038138,56.96993321,
1038169,56.96765642,
1038200,56.96993321,
1038232,56.96993321,
1038263,56.96993321,
1038295,56.96765642,
1038326,56.96993321,
1038358,56.96993321,
1038502,56.96765642,
1038631,56.96765642,
1038662,56.96993321,
1038694,56.96993321,
1038725,56.96765642,
1038757,56.97221001,
1038788,56.96537963,
1038820,56.96993321,
1038851,56.96993321,
1038883,56.97221001,
1038914,56.96765642,
1038946,56.97221001,
1038977,56.96765642,
1039008,56.96765642,
1039040,56.96765642,
1039071,56.97221001,
1039103,56.96765642,
1039134,56.96993321,
1039166,56.96993321,
1039197,56.96993321,
1039290,56.96765642,
1039420,56.96765642,
1039452,56.96765642,
1039484,56.96765642,
1039515,56.97221001,
1039546,56.96765642,
1039578,56.96993321,
1039609,56.97221001,
1039641,56.96993321,
1039672,56.96765642,
1039704,56.97221001,
1039735,56.96993321,
1039767,56.96765642,
1039798,56.96993321,
1039829,56.97221001,
1039861,56.97221001,
1039892,56.97221001,
1039924,56.96993321,
1039955,56.96993321,
1039987,56.96993321,
1040137,56.96765642,
1040267,56.96765642,
1040300,56.96993321,
1040331,56.96993321,
1040363,56.96993321,
1040394,56.96765642,
1040426,56.96993321,
1040457,56.96765642,
1040489,56.96993321,
1040520,56.96993321,
1040551,56.96993321,
1040583,56.96993321,
1040614,56.96993321,
1040646,56.96765642,
1040677,56.96993321,
1040709,56.96537963,
1040740,56.96993321,
1040771,56.97221001,
1040803,56.96993321,
1040834,56.96993321,
1040956,56.96765642,
1041087,56.97221001,
1041119,56.96993321,
1041150,56.96993321,
1041182,56.96993321,
1041213,56.97221001,
1041245,56.96993321,
1041276,56.96765642,
1041308,56.96993321,
1041339,56.96993321,
1041370,56.96993321,
1041402,56.96765642,
1041433,56.97221001,
1041465,56.97221001,
1041496,56.97221001,
1041528,56.9744868,
1041559,56.97221001,
1041590,56.96993321,
1041622,56.96537963,
1041653,56.97221001,
1041924,56.96993321,
1042054,56.96993321,
1042085,56.96993321,
1042117,56.96993321,
1042149,56.96765642,
1042180,56.96993321,
1042211,56.97221001,
1042243,56.96993321,
1042274,56.96993321,
1042305,56.96765642,
1042337,56.97221001,
1042368,56.97221001,
1042400,56.96993321,
1042431,56.96993321,
1042463,56.96993321,
1042494,56.97221001,
1042526,56.96993321,
1042557,56.9744868,
1042588,56.96765642,
1042619,56.96993321,
1042772,56.96993321,
1042902,56.96765642,
1042935,56.96993321,
1042966,56.96993321,
1042997,56.96765642,
1043029,56.97221001,
1043061,56.96993321,
1043092,56.97221001,
1043123,56.96993321,
1043155,56.97221001,
1043186,56.96765642,
1043217,56.96993321,
1043249,56.96765642,
1043280,56.96765642,
1043312,56.96993321,
1043343,56.96765642,
1043375,56.96993321,
1043406,56.97221001,
1043437,56.96993321,
1043469,56.96993321,
1043692,56.96993321,
1043822,56.97221001,
1043854,56.96993321,
1043886,56.96765642,
1043917,56.96993321,
1043948,56.96993321,
1043980,56.96993321,
1044012,56.97221001,
1044043,56.96993321,
1044074,56.97221001,
1044106,56.96993321,
1044137,56.97221001,
1044169,56.97221001,
1044200,56.96993321,
1044231,56.97221001,
1044263,56.97221001,
1044294,56.96993321,
1044326,56.96993321,
1044357,56.97221001,
1044389,56.96765642,
1044523,56.96765642,
1044654,56.97221001,
1044687,56.97221001,
1044718,56.96993321,
1044750,56.96993321,
1044782,56.96765642,
1044813,56.96993321,
1044844,56.97221001,
1044876,56.97221001,
1044907,56.96993321,
1044939,56.97221001,
1044970,56.97221001,
1045001,56.96993321,
1045033,56.96993321,
1045064,56.96993321,
1045096,56.97221001,
1045127,56.97221001,
1045158,56.97221001,
1045190,56.97221001,
1045221,56.96765642,
1045409,56.96765642,
1045537,56.96993321,
1045569,56.97221001,
1045601,56.96993321,
1045632,56.97221001,
1045663,56.97221001,
1045695,56.96993321,
1045726,56.96993321,
1045757,56.96993321,
1045789,56.9744868,
1045820,56.96993321,
1045852,56.97221001,
1045883,56.96993321,
1045915,56.96993321,
1045946,56.97221001,
1045977,56.96993321,
1046009,56.96993321,
1046040,56.96765642,
1046072,56.97221001,
1046103,56.96993321,
1046339,56.96993321,
1046467,56.96993321,
1046498,56.96993321,
1046530,56.97221001,
1046561,56.96765642,
1046593,56.96993321,
1046624,56.96765642,
1046656,56.96993321,
1046687,56.96993321,
1046719,56.96993321,
1046750,56.96993321,
1046781,56.97221001,
1046812,56.96765642,
1046844,56.96993321,
1046876,56.97221001,
1046907,56.97221001,
1046939,56.96993321,
1046970,56.97221001,
1047001,56.96765642,
1047033,56.96993321,
1047186,56.96993321,
1047316,56.97221001,
1047349,56.96765642,
1047380,56.96765642,
1047412,56.97221001,
1047443,56.96993321,
1047475,56.96993321,
1047506,56.96765642,
1047538,56.97221001,
1047569,56.96993321,
1047600,56.97221001,
1047631,56.97221001,
1047663,56.97221001,
1047695,56.96993321,
1047726,56.96993321,
1047758,56.96765642,
1047789,56.97221001,
1047820,56.97221001,
1047852,56.96993321,
1047883,56.96993321,
1047993,56.96765642,
1048121,56.96993321,
1048153,56.96993321,
1048185,56.96993321,
1048216,56.96993321,
1048247,56.9744868,
1048279,56.96993321,
1048310,56.97221001,
1048341,56.97221001,
1048373,56.96993321,
1048405,56.96993321,
1048436,56.96993321,
1048467,56.96993321,
1048499,56.96993321,
1048530,56.96993321,
1048562,56.97221001,
1048593,56.96993321,
1048624,56.97221001,
1048655,56.96765642,
1048687,56.96993321,
1048816,56.96993321,
1048946,56.96993321,
1048979,56.96993321,
1049010,56.96993321,
1049041,56.97221001,
1049073,56.96993321,
1049104,56.97221001,
1049136,56.97221001,
1049167,56.97221001,
1049199,56.96993321,
1049230,56.97221001,
1049261,56.96765642,
1049293,56.97221001,
1049324,56.97221001,
1049356,56.96993321,
1049387,56.96993321,
1049419,56.9744868,
1049450,56.96993321,
1049481,56.9744868,
1049513,56.97221001,
1049707,56.96765642,
1049838,56.96993321,
1049869,56.97221001,
1049901,56.96765642,
1049932,56.96993321,
1049964,56.97221001,
1049995,56.97221001,
1050027,56.96993321,
1050058,56.97221001,
1050089,56.97221001,
1050121,56.96993321,
1050152,56.97221001,
1050183,56.96993321,
1050215,56.97221001,
1050247,56.96993321,
1050278,56.96993321,
1050309,56.96993321,
1050341,56.9744868,
1050372,56.9744868,
1050403,56.96993321,
1050568,56.96765642,
1050698,56.97221001,
1050731,56.9744868,
1050762,56.96993321,
1050794,56.97221001,
1050825,56.96993321,
1050857,56.96993321,
1050888,56.97221001,
1050920,56.96993321,
1050951,56.97221001,
1050982,56.9744868,
1051014,56.9744868,
1051045,56.97221001,
1051077,56.97221001,
1051108,56.97221001,
1051140,56.97221001,
1051171,56.96993321,
1051202,56.96993321,
1051234,56.97221001,
1051265,56.96993321,
1051379,56.9744868,
1051509,56.97221001,
1051542,56.97221001,
1051573,56.97221001,
1051605,56.96993321,
1051636,56.97221001,
1051668,56.97221001,
1051699,56.97221001,
1051730,56.96993321,
1051762,56.97221001,
1051793,56.97221001,
1051824,56.97221001,
1051856,56.96993321,
1051888,56.97221001,
1051919,56.9744868,
1051951,56.97221001,
1051982,56.97221001,
1052013,56.97221001,
1052044,56.97221001,
1052076,56.96993321,
1052278,56.97221001,
1052408,56.97221001,
1052440,56.96765642,
1052472,56.97221001,
1052503,56.96765642,
1052534,56.96993321,
1052566,56.97221001,
1052597,56.9744868,
1052628,56.96993321,
1052660,56.96993321,
1052692,56.9744868,
1052723,56.97221001,
1052754,56.97221001,
1052786,56.97221001,
1052817,56.97221001,
1052848,56.97221001,
1052880,56.97221001,
1052912,56.96993321,
1052943,56.9744868,
1052975,56.96993321,
1053227,56.96993321,
1053357,56.9744868,
1053390,56.97221001,
1053421,56.97221001,
1053452,56.97221001,
1053484,56.97221001,
1053515,56.96993321,
1053547,56.97221001,
1053578,56.96993321,
1053610,56.97221001,
1053641,56.96993321,
1053672,56.9744868,
1053704,56.96993321,
1053735,56.96765642,
1053766,56.97221001,
1053798,56.96993321,
1053829,56.96765642,
1053861,56.97221001,
1053893,56.97221001,
1053924,56.97221001,
1054060,56.97221001,
1054188,56.96765642,
1054220,56.97221001,
1054252,56.96993321,
1054283,56.96993321,
1054315,56.96993321,
1054346,56.96993321,
1054378,56.97221001,
1054409,56.97221001,
1054441,56.96765642,
1054472,56.96765642,
1054504,56.9744868,
1054535,56.96765642,
1054566,56.97221001,
1054597,56.96993321,
1054629,56.96993321,
1054660,56.96993321,
1054692,56.96993321,
1054723,56.97221001,
1054755,56.96993321,
1054930,56.9744868,
1055058,56.97221001,
1055089,56.97221001,
1055121,56.97221001,
1055153,56.9744868,
1055184,56.96993321,
1055215,56.97221001,
1055247,56.96765642,
1055278,56.97221001,
1055309,56.96993321,
1055341,56.97221001,
1055373,56.97221001,
1055404,56.96993321,
1055435,56.96993321,
1055467,56.96993321,
1055498,56.97221001,
1055530,56.97221001,
1055561,56.96993321,
1055592,56.97221001,
1055624,56.97221001,
1055866,56.97221001,
1055994,56.96993321,
1056026,56.96993321,
1056058,56.97221001,
1056089,56.97221001,
1056120,56.96993321,
1056152,56.97221001,
1056184,56.9744868,
1056215,56.96993321,
1056246,56.97221001,
1056278,56.97221001,
1056309,56.9744868,
1056340,56.97221001,
1056372,56.97221001,
1056403,56.97221001,
1056435,56.96993321,
1056466,56.97221001,
1056498,56.96993321,
1056529,56.9744868,
1056561,56.97221001,
1056726,56.97221001,
1056857,56.9744868,
1056889,56.9744868,
1056920,56.97221001,
1056952,56.97221001,
1056983,56.97221001,
1057015,56.96993321,
1057046,56.97221001,
1057078,56.97221001,
1057109,56.97221001,
1057141,56.96993321,
1057172,56.96765642,
1057204,56.97221001,
1057235,56.96993321,
1057267,56.97221001,
1057298,56.97221001,
1057329,56.97676359,
1057360,56.9744868,
1057392,56.96993321,
1057423,56.96993321,
1057593,56.97221001,
1057720,56.9744868,
1057752,56.96993321,
1057784,56.97221001,
1057815,56.97221001,
1057847,56.97221001,
1057878,56.97221001,
1057910,56.9744868,
1057941,56.97221001,
1057972,56.97221001,
1058004,56.9744868,
1058035,56.97221001,
1058066,56.9744868,
1058098,56.96993321,
1058129,56.97221001,
1058161,56.9744868,
1058192,56.96993321,
1058224,56.97221001,
1058255,56.96765642,
1058286,56.9744868,
1061598,56.97221001,
1061728,56.96993321,
1061760,56.97221001,
1061792,56.97676359,
1061823,56.96765642,
1061854,56.97221001,
1061886,56.97221001,
1061917,56.97221001,
1061949,56.9744868,
1061980,56.97221001,
1062012,56.96993321,
1062043,56.9744868,
1062074,56.97221001,
1062106,56.96993321,
1062137,56.9744868,
1062168,56.96993321,
1062200,56.97221001,
1062231,56.97221001,
1062263,56.96993321,
1062294,56.97221001,
1062442,56.97221001,
1062572,56.97221001,
1062604,56.96993321,
1062636,56.9744868,
1062667,56.97676359,
1062700,56.97221001,
1062731,56.96993321,
1062762,56.96993321,
1062794,56.96993321,
1062825,56.97221001,
1062857,56.97221001,
1062888,56.97221001,
1062920,56.96993321,
1062951,56.96993321,
1062982,56.96993321,
1063014,56.9744868,
1063045,56.9744868,
1063077,56.97676359,
1063108,56.9744868,
1063140,56.97221001,
1063379,56.97221001,
1063509,56.97221001,
1063541,56.96765642,
1063573,56.96993321,
1063604,56.97221001,
1063636,56.97221001,
1063667,56.97221001,
1063698,56.97221001,
1063730,56.96993321,
1063762,56.97221001,
1063793,56.97221001,
1063824,56.97221001,
1063856,56.97221001,
1063887,56.96993321,
1063918,56.9744868,
1063950,56.9744868,
1063981,56.97221001,
1064013,56.96993321,
1064044,56.9744868,
1064076,56.97221001,
1064200,56.9744868,
1064330,56.9744868,
1064363,56.96993321,
1064395,56.9744868,
1064426,56.9744868,
1064457,56.97221001,
1064488,56.96993321,
1064519,56.9744868,
1064551,56.97221001,
1064583,56.97221001,
1064614,56.96993321,
1064646,56.9744868,
1064677,56.9744868,
1064708,56.97221001,
1064739,56.97221001,
1064771,56.96993321,
1064802,56.97676359,
1064834,56.97221001,
1064865,56.97221001,
1064897,56.97221001,
1065387,56.97221001,
1065517,56.97221001,
1065549,56.97221001,
1065580,56.96993321,
1065611,56.97221001,
1065642,56.97221001,
1065674,56.97221001,
1065706,56.97221001,
1065737,56.97221001,
1065768,56.97221001,
1065800,56.9744868,
1065831,56.97221001,
1065862,56.97221001,
1065894,56.97221001,
1065926,56.9744868,
1065957,56.9744868,
1065988,56.97221001,
1066020,56.97676359,
1066051,56.97221001,
1066083,56.9744868,
1066513,56.97221001,
1066644,56.9744868,
1066675,56.9744868,
1066707,56.97221001,
1066739,56.97221001,
1066770,56.97221001,
1066801,56.9744868,
1066832,56.96993321,
1066864,56.96993321,
1066895,56.9744868,
1066927,56.97221001,
1066958,56.97221001,
1066989,56.9744868,
1067021,56.97221001,
1067052,56.97221001,
1067083,56.96993321,
1067115,56.97676359,
1067147,56.97221001,
1067178,56.9744868,
1067209,56.9744868,
1070347,56.96993321,
1070477,56.9744868,
1070509,56.9744868,
1070541,56.97221001,
1070572,56.9744868,
1070604,56.96993321,
1070635,56.97221001,
1070666,56.97676359,
1070698,56.97221001,
1070729,56.9744868,
1070761,56.9744868,
1070792,56.9744868,
1070824,56.97221001,
1070855,56.96993321,
1070886,56.97221001,
1070917,56.97221001,
1070949,56.96993321,
1070980,56.97221001,
1071011,56.97221001,
1071043,56.96993321,
1071236,56.9744868,
1071365,56.96993321,
1071398,56.97221001,
1071429,56.9744868,
1071460,56.96993321,
1071492,56.97221001,
1071524,56.97221001,
1071555,56.97221001,
1071586,56.9744868,
1071618,56.97221001,
1071649,56.97221001,
1071681,56.9744868,
1071712,56.97221001,
1071744,56.9744868,
1071775,56.9744868,
1071806,56.9744868,
1071838,56.9744868,
1071869,56.97221001,
1071900,56.9744868,
1071932,56.97221001,
1072236,56.96765642,
1072366,56.9744868,
1072397,56.97221001,
1072429,56.96993321,
1072460,56.97221001,
1072491,56.9744868,
1072523,56.97221001,
1072554,56.97221001,
1072586,56.9744868,
1072617,56.97221001,
1072649,56.97221001,
1072680,56.97221001,
1072711,56.97221001,
1072743,56.9744868,
1072774,56.97221001,
1072805,56.97221001,
1072837,56.9744868,
1072869,56.9744868,
1072900,56.9744868,
1072931,56.9744868,
1073272,56.97221001,
1073402,56.9744868,
1073434,56.97676359,
1073465,56.97221001,
1073497,56.97221001,
1073528,56.97221001,
1073560,56.9744868,
1073591,56.96993321,
1073622,56.9744868,
1073654,56.97221001,
1073685,56.97221001,
1073716,56.96993321,
1073748,56.96993321,
1073779,56.97221001,
1073811,56.9744868,
1073842,56.96993321,
1073874,56.97221001,
1073905,56.9744868,
1073936,56.97221001,
1073968,56.97221001,
1074194,56.96993321,
1074324,56.97221001,
1074355,56.9744868,
1074387,56.9744868,
1074419,56.96993321,
1074450,56.97221001,
1074482,56.9744868,
1074513,56.9744868,
1074544,56.97221001,
1074576,56.9744868,
1074607,56.97221001,
1074638,56.9744868,
1074670,56.97676359,
1074701,56.97221001,
1074733,56.96993321,
1074764,56.96993321,
1074796,56.9744868,
1074827,56.97221001,
1074858,56.97221001,
1074890,56.96993321,
1075104,56.97676359,
1075234,56.97676359,
1075266,56.9744868,
1075298,56.97221001,
1075329,56.96993321,
1075360,56.97221001,
1075391,56.97221001,
1075423,56.97221001,
1075454,56.97221001,
1075486,56.97221001,
1075517,56.96993321,
1075549,56.96993321,
1075580,56.9744868,
1075612,56.9744868,
1075643,56.9744868,
1075674,56.97221001,
1075706,56.9744868,
1075737,56.97221001,
1075768,56.97676359,
1075800,56.9744868,
1075955,56.97221001,
1076087,56.9744868,
1076119,56.9744868,
1076150,56.9744868,
1076181,56.9744868,
1076213,56.9744868,
1076245,56.9744868,
1076276,56.97221001,
1076307,56.97221001,
1076339,56.97221001,
1076370,56.97221001,
1076401,56.97221001,
1076433,56.96993321,
1076465,56.97221001,
1076496,56.9744868,
1076527,56.9744868,
1076559,56.97221001,
1076590,56.97221001,
1076622,56.96993321,
1076653,56.9744868,
1076844,56.97221001,
1076972,56.97221001,
1077004,56.97221001,
1077036,56.97676359,
1077067,56.96993321,
1077098,56.9744868,
1077129,56.9744868,
1077161,56.9744868,
1077193,56.97221001,
1077224,56.97221001,
1077255,56.96993321,
1077287,56.9744868,
1077318,56.97221001,
1077350,56.9744868,
1077381,56.97221001,
1077412,56.97221001,
1077444,56.9744868,
1077475,56.97221001,
1077507,56.97221001,
1077538,56.97221001,
1078927,56.97221001,
1079055,56.97221001,
1079087,56.97221001,
1079118,56.97676359,
1079149,56.96993321,
1079181,56.97221001,
1079213,56.97221001,
1079244,56.97221001,
1079275,56.97221001,
1079307,56.97221001,
1079338,56.96993321,
1079369,56.96993321,
1079401,56.96993321,
1079432,56.97221001,
1079464,56.97221001,
1079496,56.97221001,
1079527,56.96993321,
1079558,56.97221001,
1079590,56.97221001,
1079621,56.97221001,
1079916,56.97221001,
1080047,56.9744868,
1080078,56.9744868,
1080110,56.96993321,
1080142,56.97221001,
1080173,56.97221001,
1080205,56.9744868,
1080236,56.9744868,
1080268,56.96993321,
1080299,56.97221001,
1080331,56.97221001,
1080362,56.97221001,
1080393,56.9744868,
1080425,56.9744868,
1080456,56.9744868,
1080488,56.97221001,
1080519,56.97221001,
1080551,56.96993321,
1080582,56.97221001,
1080613,56.97221001,
1082156,56.97676359,
1082283,56.9744868,
1082314,56.9744868,
1082346,56.97221001,
1082377,56.9744868,
1082409,56.97221001,
1082440,56.97676359,
1082472,56.97221001,
1082504,56.96993321,
1082536,56.96993321,
1082568,56.97221001,
1082602,56.97221001,
1082633,56.97221001,
1082666,56.97221001,
1082697,56.9744868,
1082728,56.97221001,
1082760,56.9744868,
1082792,56.9744868,
1082823,56.97221001,
1082855,56.97221001,
1083040,56.97221001,
1083170,56.9744868,
1083202,56.97221001,
1083234,56.97221001,
1083265,56.9744868,
1083297,56.96993321,
1083328,56.9744868,
1083359,56.9744868,
1083391,56.97676359,
1083422,56.97221001,
1083454,56.9744868,
1083485,56.97221001,
1083517,56.97221001,
1083548,56.9744868,
1083579,56.97676359,
1083611,56.97904039,
1083642,56.97676359,
1083674,56.97676359,
1083705,56.97221001,
1083736,56.97221001,
1083845,56.9744868,
1083975,56.97676359,
1084008,56.9744868,
1084039,56.96993321,
1084070,56.96993321,
1084102,56.97221001,
1084133,56.97221001,
1084165,56.97676359,
1084196,56.9744868,
1084228,56.97221001,
1084259,56.9744868,
1084290,56.97221001,
1084322,56.97221001,
1084353,56.97221001,
1084385,56.9744868,
1084416,56.9744868,
1084448,56.9744868,
1084479,56.9744868,
1084511,56.97676359,
1084542,56.97221001,
1084676,56.9744868,
1084806,56.96993321,
1084839,56.9744868,
1084870,56.97221001,
1084901,56.97221001,
1084933,56.9744868,
1084965,56.9744868,
1084996,56.97221001,
1085028,56.97221001,
1085059,56.97221001,
1085090,56.97221001,
1085122,56.97221001,
1085153,56.9744868,
1085184,56.97221001,
1085216,56.97676359,
1085247,56.9744868,
1085279,56.9744868,
1085310,56.97676359,
1085342,56.9744868,
1085373,56.9744868,
1085586,56.97221001,
1085715,56.9744868,
1085747,56.9744868,
1085778,56.96993321,
1085809,56.9744868,
1085842,56.97221001,
1085874,56.97221001,
1085905,56.9744868,
1085936,56.9744868,
1085968,56.9744868,
1086000,56.9744868,
1086031,56.9744868,
1086063,56.97221001,
1086094,56.97221001,
1086125,56.9744868,
1086157,56.97676359,
1086188,56.9744868,
1086220,56.9744868,
1086251,56.97221001,
1086283,56.97221001,
1086421,56.97221001,
1086551,56.97676359,
1086584,56.97221001,
1086615,56.9744868,
1086646,56.97221001,
1086678,56.97676359,
1086709,56.9744868,
1086741,56.97676359,
1086772,56.97221001,
1086804,56.9744868,
1086835,56.9744868,
1086867,56.97221001,
1086898,56.9744868,
1086929,56.97221001,
1086961,56.9744868,
1086992,56.97221001,
1087024,56.97221001,
1087055,56.9744868,
1087086,56.9744868,
1087118,56.97904039,
1087236,56.96993321,
1087364,56.97221001,
1087397,56.97221001,
1087428,56.97676359,
1087460,56.97221001,
1087491,56.9744868,
1087523,56.9744868,
1087554,56.9744868,
1087586,56.97676359,
1087617,56.97676359,
1087648,56.9744868,
1087679,56.9744868,
1087711,56.97676359,
1087743,56.97221001,
1087774,56.9744868,
1087805,56.97676359,
1087837,56.97221001,
1087868,56.97676359,
1087900,56.9744868,
1087931,56.97221001,
1089377,56.97221001,
1089507,56.96993321,
1089539,56.97221001,
1089570,56.9744868,
1089602,56.97221001,
1089633,56.9744868,
1089665,56.96993321,
1089696,56.97221001,
1089727,56.97221001,
1089759,56.97676359,
1089790,56.9744868,
1089822,56.97676359,
1089853,56.97221001,
1089885,56.97221001,
1089916,56.97221001,
1089948,56.9744868,
1089979,56.9744868,
1090010,56.97221001,
1090042,56.9744868,
1090073,56.97221001,
1090568,56.9744868,
1090698,56.97221001,
1090729,56.97221001,
1090761,56.9744868,
1090793,56.97676359,
1090824,56.97221001,
1090856,56.96993321,
1090887,56.97221001,
1090918,56.9744868,
1090950,56.96993321,
1090981,56.97221001,
1091013,56.9744868,
1091044,56.96993321,
1091076,56.97221001,
1091107,56.97221001,
1091138,56.9744868,
1091170,56.9744868,
1091201,56.97221001,
1091233,56.9744868,
1091264,56.9744868,
1091493,56.97676359,
1091621,56.97221001,
1091653,56.9744868,
1091685,56.97221001,
1091716,56.96993321,
1091747,56.97221001,
1091779,56.96993321,
1091810,56.97221001,
1091842,56.9744868,
1091873,56.9744868,
1091905,56.9744868,
1091936,56.97221001,
1091967,56.97221001,
1091999,56.9744868,
1092030,56.9744868,
1092062,56.97221001,
1092093,56.9744868,
1092125,56.97221001,
1092156,56.9744868,
1092188,56.9744868,
1093577,56.97676359,
1093705,56.97221001,
1093737,56.9744868,
1093768,56.97221001,
1093800,56.9744868,
1093831,56.9744868,
1093863,56.9744868,
1093894,56.9744868,
1093925,56.9744868,
1093957,56.97676359,
1093989,56.9744868,
1094020,56.97676359,
1094052,56.97676359,
1094083,56.9744868,
1094114,56.97221001,
1094146,56.97221001,
1094177,56.97676359,
1094208,56.97221001,
1094240,56.97221001,
1094271,56.97221001,
1094779,56.97221001,
1094908,56.97221001,
1094939,56.9744868,
1094971,56.97221001,
1095002,56.97221001,
1095034,56.97221001,
1095065,56.97221001,
1095097,56.9744868,
1095128,56.9744868,
1095160,56.97221001,
1095191,56.97676359,
1095222,56.9744868,
1095253,56.9744868,
1095285,56.9744868,
1095317,56.9744868,
1095348,56.97221001,
1095379,56.9744868,
1095411,56.97676359,
1095442,56.9744868,
1095474,56.9744868,
1095643,56.9744868,
1095773,56.9744868,
1095805,56.9744868,
1095836,56.9744868,
1095868,56.97221001,
1095900,56.9744868,
1095931,56.9744868,
1095962,56.9744868,
1095994,56.97676359,
1096025,56.9744868,
1096057,56.9744868,
1096088,56.97221001,
1096119,56.9744868,
1096151,56.9744868,
1096182,56.97221001,
1096214,56.9744868,
1096245,56.9744868,
1096276,56.9744868,
1096308,56.97221001,
1096339,56.97904039,
1096449,56.97221001,
1096579,56.9744868,
1096611,56.97676359,
1096643,56.97221001,
1096674,56.9744868,
1096706,56.9744868,
1096737,56.9744868,
1096769,56.97221001,
1096800,56.97676359,
1096831,56.9744868,
1096863,56.97221001,
1096894,56.96993321,
1096926,56.9744868,
1096957,56.97221001,
1096988,56.97221001,
1097020,56.9744868,
1097051,56.9744868,
1097083,56.97676359,
1097114,56.9744868,
1097146,56.97221001,
1097325,56.97676359,
1097453,56.97676359,
1097485,56.9744868,
1097517,56.9744868,
1097548,56.9744868,
1097579,56.9744868,
1097610,56.9744868,
1097642,56.9744868,
1097674,56.9744868,
1097705,56.9744868,
1097736,56.9744868,
1097768,56.9744868,
1097799,56.9744868,
1097831,56.9744868,
1097862,56.9744868,
1097893,56.9744868,
1097925,56.9744868,
1097957,56.97221001,
1097988,56.9744868,
1098019,56.97904039,
1098191,56.9744868,
1098321,56.97676359,
1098354,56.9744868,
1098385,56.96993321,
1098416,56.97676359,
1098448,56.97221001,
1098479,56.9744868,
1098511,56.9744868,
1098542,56.97221001,
1098574,56.97221001,
1098605,56.97676359,
1098636,56.97676359,
1098668,56.97676359,
1098699,56.97676359,
1098730,56.97221001,
1098762,56.9744868,
1098793,56.97676359,
1098824,56.9744868,
1098856,56.9744868,
1098888,56.97221001,
1099385,56.97221001,
1099515,56.9744868,
1099547,56.9744868,
1099578,56.96993321,
1099610,56.97676359,
1099641,56.97221001,
1099673,56.97676359,
1099704,56.97676359,
1099735,56.96993321,
1099767,56.97676359,
1099798,56.97221001,
1099829,56.97221001,
1099861,56.9744868,
1099892,56.97676359,
1099924,56.9744868,
1099955,56.9744868,
1099987,56.97676359,
1100018,56.97676359,
1100049,56.97676359,
1100081,56.97676359,
1100511,56.97676359,
1100640,56.97676359,
1100671,56.97904039,
1100703,56.97676359,
1100734,56.9744868,
1100765,56.97676359,
1100797,56.97676359,
1100828,56.97676359,
1100860,56.97904039,
1100891,56.97676359,
1100923,56.9744868,
1100954,56.9744868,
1100985,56.97676359,
1101017,56.9744868,
1101048,56.9744868,
1101080,56.9744868,
1101111,56.97904039,
1101143,56.9744868,
1101174,56.9744868,
1101206,56.9744868,
1101422,56.97676359,
1101550,56.97676359,
1101582,56.97676359,
1101613,56.9744868,
1101645,56.9744868,
1101676,56.9744868,
1101707,56.9744868,
1101739,56.9744868,
1101770,56.9744868,
1101801,56.9744868,
1101833,56.9744868,
1101865,56.9744868,
1101896,56.9744868,
1101928,56.97676359,
1101959,56.9744868,
1101990,56.97676359,
1102022,56.9744868,
1102053,56.97676359,
1102084,56.9744868,
1102116,56.9744868,
1106268,56.9744868,
1106398,56.97221001,
1106430,56.97676359,
1106461,56.97676359,
1106493,56.97676359,
1106525,56.9744868,
1106556,56.97676359,
1106587,56.97676359,
1106618,56.97676359,
1106650,56.97676359,
1106682,56.97676359,
1106713,56.9744868,
1106745,56.97676359,
1106776,56.97676359,
1106807,56.97676359,
1106838,56.9744868,
1106870,56.97676359,
1106902,56.97221001,
1106933,56.97676359,
1106965,56.9744868,
1107156,56.97676359,
1107284,56.97676359,
1107315,56.9744868,
1107347,56.9744868,
1107379,56.97676359,
1107410,56.97676359,
1107441,56.97676359,
1107473,56.97676359,
1107504,56.97676359,
1107536,56.97676359,
1107569,56.97221001,
1107602,56.97904039,
1107634,56.9744868,
1107666,56.97904039,
1107698,56.9744868,
1107729,56.97676359,
1107761,56.97221001,
1107793,56.97676359,
1107824,56.97676359,
1107856,56.97676359,
1108111,56.9744868,
1108240,56.97676359,
1108272,56.97676359,
1108304,56.97676359,
1108335,56.9744868,
1108367,56.9744868,
1108398,56.97904039,
1108429,56.9744868,
1108461,56.97221001,
1108492,56.97904039,
1108524,56.97676359,
1108555,56.9744868,
1108587,56.97676359,
1108618,56.9744868,
1108649,56.97904039,
1108681,56.97904039,
1108712,56.9744868,
1108744,56.9744868,
1108775,56.97676359,
1108806,56.97676359,
1108942,56.9744868,
1109074,56.9744868,
1109106,56.97676359,
1109138,56.97904039,
1109169,56.9744868,
1109201,56.97904039,
1109232,56.9744868,
1109263,56.97221001,
1109295,56.9744868,
1109326,56.9744868,
1109358,56.9744868,
1109389,56.97221001,
1109421,56.9744868,
1109452,56.9744868,
1109483,56.97904039,
1109515,56.97676359,
1109546,56.97676359,
1109578,56.9744868,
1109609,56.97904039,
1109641,56.97676359,
1109933,56.9744868,
1110061,56.97676359,
1110092,56.97676359,
1110124,56.97676359,
1110155,56.97676359,
1110187,56.97904039,
1110218,56.97676359,
1110250,56.9744868,
1110281,56.9744868,
1110312,56.97676359,
1110344,56.97676359,
1110375,56.9744868,
1110406,56.97676359,
1110438,56.97904039,
1110469,56.97904039,
1110501,56.97676359,
1110532,56.9744868,
1110564,56.97221001,
1110595,56.9744868,
1110627,56.97904039,
1111060,56.97676359,
1111189,56.97676359,
1111221,56.97676359,
1111253,56.98131718,
1111284,56.97904039,
1111315,56.97676359,
1111347,56.9744868,
1111378,56.97676359,
1111409,56.97676359,
1111441,56.97676359,
1111472,56.9744868,
1111504,56.97676359,
1111535,56.97676359,
1111567,56.97904039,
1111598,56.97676359,
1111629,56.97904039,
1111661,56.9744868,
1111692,56.97904039,
1111724,56.97676359,
1111755,56.97676359,
1112083,56.97904039,
1112213,56.97904039,
1112245,56.97904039,
1112277,56.97676359,
1112308,56.97676359,
1112339,56.97221001,
1112371,56.9744868,
1112402,56.9744868,
1112434,56.9744868,
1112465,56.97904039,
1112497,56.97676359,
1112528,56.9744868,
1112559,56.97676359,
1112591,56.97904039,
1112622,56.97676359,
1112653,56.9744868,
1112685,56.97904039,
1112716,56.97676359,
1112748,56.97904039,
1112779,56.97676359,
1112992,56.9744868,
1113123,56.9744868,
1113154,56.9744868,
1113186,56.97676359,
1113217,56.97676359,
1113248,56.97904039,
1113280,56.9744868,
1113311,56.97676359,
1113343,56.97904039,
1113374,56.9744868,
1113406,56.97676359,
1113437,56.97676359,
1113468,56.97676359,
1113500,56.9744868,
1113531,56.97676359,
1113562,56.97676359,
1113594,56.97676359,
1113626,56.97904039,
1113657,56.97676359,
1113688,56.97676359,
1113858,56.97221001,
1113988,56.97904039,
1114021,56.97676359,
1114052,56.9744868,
1114084,56.9744868,
1114116,56.97904039,
1114147,56.9744868,
1114178,56.97904039,
1114210,56.97904039,
1114241,56.97676359,
1114272,56.97904039,
1114304,56.97676359,
1114335,56.97676359,
1114367,56.97676359,
1114398,56.97676359,
1114430,56.97676359,
1114461,56.97676359,
1114492,56.97904039,
1114524,56.97676359,
1114555,56.9744868,
1114651,56.97676359,
1114780,56.97676359,
1114811,56.97676359,
1114843,56.97904039,
1114875,56.97221001,
1114906,56.97904039,
1114938,56.97676359,
1114969,56.97676359,
1115001,56.9744868,
1115032,56.97676359,
1115064,56.97676359,
1115095,56.97904039,
1115126,56.9744868,
1115158,56.97904039,
1115189,56.97676359,
1115220,56.97676359,
1115252,56.9744868,
1115283,56.97676359,
1115315,56.9744868,
1115346,56.97676359,
1115476,56.97676359,
1115606,56.9744868,
1115638,56.97904039,
1115670,56.9744868,
1115701,56.97676359,
1115732,56.97904039,
1115764,56.97904039,
1115796,56.97676359,
1115827,56.98131718,
1115859,56.97904039,
1115890,56.97676359,
1115921,56.97904039,
1115953,56.9744868,
1115984,56.98131718,
1116015,56.9744868,
1116047,56.97904039,
1116079,56.97904039,
1116110,56.97904039,
1116141,56.97904039,
1116173,56.97676359,
1116309,56.9744868,
1116437,56.97676359,
1116469,56.97676359,
1116501,56.9744868,
1116532,56.97904039,
1116564,56.9744868,
1116595,56.9744868,
1116626,56.97904039,
1116658,56.97904039,
1116689,56.97676359,
1116721,56.97676359,
1116752,56.97676359,
1116784,56.97676359,
1116815,56.9744868,
1116846,56.97904039,
1116878,56.97676359,
1116909,56.97676359,
1116941,56.9744868,
1116972,56.9744868,
1117004,56.97904039,
1117119,56.97904039,
1117249,56.97676359,
1117281,56.97676359,
1117313,56.98131718,
1117344,56.97676359,
1117375,56.9744868,
1117407,56.97676359,
1117438,56.97676359,
1117469,56.9744868,
1117501,56.97676359,
1117533,56.97676359,
1117564,56.97676359,
1117596,56.97676359,
1117627,56.97676359,
1117658,56.97676359,
1117690,56.9744868,
1117721,56.97904039,
1117752,56.97676359,
1117784,56.97676359,
1117815,56.97676359,
1118024,56.97904039,
1118154,56.97676359,
1118186,56.9744868,
1118218,56.97221001,
1118249,56.97676359,
1118280,56.97676359,
1118312,56.97676359,
1118343,56.97676359,
1118375,56.9744868,
1118406,56.98131718,
1118438,56.97676359,
1118469,56.97676359,
1118500,56.97904039,
1118532,56.97221001,
1118563,56.9744868,
1118594,56.97676359,
1118626,56.97904039,
1118657,56.9744868,
1118689,56.97676359,
1118720,56.97904039,
1118872,56.9744868,
1119002,56.9744868,
1119035,56.97904039,
1119066,56.9744868,
1119097,56.97676359,
1119129,56.97676359,
1119161,56.97676359,
1119192,56.97904039,
1119223,56.97676359,
1119255,56.97676359,
1119286,56.97676359,
1119317,56.97676359,
1119349,56.97904039,
1119380,56.97904039,
1119412,56.9744868,
1119443,56.97676359,
1119475,56.97676359,
1119506,56.97676359,
1119538,56.97676359,
1119569,56.9744868,
1119693,56.9744868,
1119821,56.97676359,
1119854,56.97904039,
1119886,56.97676359,
1119917,56.97676359,
1119949,56.9744868,
1119980,56.9744868,
1120011,56.97676359,
1120043,56.97904039,
1120074,56.97676359,
1120106,56.97676359,
1120137,56.97904039,
1120168,56.97676359,
1120200,56.97904039,
1120231,56.97676359,
1120263,56.9744868,
1120294,56.97904039,
1120325,56.97904039,
1120357,56.9744868,
1120388,56.97904039,
1120516,56.97676359,
1120647,56.97676359,
1120679,56.97676359,
1120711,56.97676359,
1120742,56.9744868,
1120774,56.97676359,
1120805,56.97676359,
1120836,56.97676359,
1120868,56.97904039,
1120900,56.97676359,
1120931,56.97676359,
1120963,56.97676359,
1120994,56.97676359,
1121025,56.9744868,
1121056,56.97676359,
1121088,56.97676359,
1121119,56.97676359,
1121151,56.97676359,
1121182,56.97676359,
1121214,56.97676359,
1121417,56.97904039,
1121546,56.97904039,
1121578,56.97676359,
1121609,56.9744868,
1121641,56.97676359,
1121672,56.9744868,
1121703,56.97676359,
1121735,56.9744868,
1121766,56.97676359,
1121798,56.97676359,
1121829,56.97904039,
1121861,56.97676359,
1121892,56.97676359,
1121924,56.9744868,
1121955,56.97676359,
1121987,56.97676359,
1122018,56.97904039,
1122049,56.9744868,
1122080,56.98131718,
1122112,56.97676359,
1122356,56.9744868,
1122486,56.97676359,
1122518,56.97676359,
1122550,56.97676359,
1122581,56.9744868,
1122613,56.97676359,
1122644,56.97904039,
1122676,56.97904039,
1122707,56.97904039,
1122739,56.97676359,
1122770,56.97676359,
1122801,56.97904039,
1122833,56.97676359,
1122864,56.98131718,
1122895,56.97676359,
1122927,56.97904039,
1122959,56.97904039,
1122990,56.97676359,
1123021,56.97676359,
1123053,56.97904039,
1123233,56.97904039,
1123361,56.97676359,
1123392,56.97904039,
1123424,56.97676359,
1123456,56.97676359,
1123487,56.97676359,
1123518,56.97904039,
1123550,56.9744868,
1123581,56.97904039,
1123613,56.97904039,
1123644,56.9744868,
1123676,56.97904039,
1123707,56.97904039,
1123739,56.97904039,
1123770,56.9744868,
1123802,56.97676359,
1123833,56.97904039,
1123865,56.97676359,
1123896,56.97904039,
1123927,56.97904039,
1124088,56.97221001,
1124218,56.97676359,
1124251,56.97676359,
1124282,56.9744868,
1124313,56.97676359,
1124345,56.97676359,
1124376,56.97676359,
1124408,56.97676359,
1124439,56.98131718,
1124471,56.97676359,
1124502,56.97676359,
1124533,56.97676359,
1124565,56.97676359,
1124596,56.97676359,
1124627,56.97676359,
1124659,56.9744868,
1124690,56.97904039,
1124722,56.97676359,
1124754,56.97676359,
1124785,56.97676359,
1124919,56.97676359,
1125050,56.97676359,
1125082,56.97676359,
1125113,56.97904039,
1125144,56.97904039,
1125176,56.9744868,
1125207,56.9744868,
1125239,56.97904039,
1125270,56.97676359,
1125302,56.97904039,
1125333,56.97676359,
1125365,56.97676359,
1125396,56.97904039,
1125427,56.97904039,
1125458,56.97676359,
1125490,56.97904039,
1125521,56.97904039,
1125553,56.9744868,
1125584,56.97904039,
1125616,56.97676359,
1125749,56.9744868,
1125879,56.97904039,
1125912,56.97904039,
1125943,56.97676359,
1125974,56.97676359,
1126006,56.97904039,
1126038,56.97676359,
1126069,56.97676359,
1126100,56.97676359,
1126132,56.97676359,
1126163,56.97676359,
1126195,56.97676359,
1126226,56.97904039,
1126257,56.97904039,
1126289,56.9744868,
1126320,56.9744868,
1126352,56.97676359,
1126383,56.97904039,
1126415,56.97676359,
1126446,56.97676359,
1126560,56.97221001,
1126689,56.97904039,
1126721,56.98131718,
1126753,56.98131718,
1126784,56.9744868,
1126816,56.97904039,
1126847,56.97904039,
1126878,56.97676359,
1126910,56.97676359,
1126941,56.97676359,
1126973,56.97676359,
1127004,56.97904039,
1127036,56.97904039,
1127067,56.98131718,
1127098,56.97676359,
1127130,56.97904039,
1127161,56.97676359,
1127192,56.97904039,
1127224,56.97904039,
1127256,56.97676359,
1127361,56.9744868,
1127489,56.98131718,
1127521,56.97676359,
1127552,56.97904039,
1127584,56.97676359,
1127615,56.9744868,
1127647,56.97904039,
1127678,56.9744868,
1127709,56.98131718,
1127741,56.97904039,
1127772,56.97676359,
1127804,56.97676359,
1127835,56.9744868,
1127867,56.97904039,
1127898,56.97676359,
1127930,56.9744868,
1127961,56.97904039,
1127992,56.97676359,
1128024,56.97676359,
1128055,56.97904039,
1128187,56.97904039,
1128317,56.97676359,
1128349,56.98131718,
1128381,56.97904039,
1128412,56.97904039,
1128444,56.97676359,
1128475,56.98131718,
1128506,56.97676359,
1128537,56.97904039,
1128569,56.97676359,
1128600,56.97676359,
1128632,56.97676359,
1128663,56.97904039,
1128695,56.97676359,
1128726,56.98131718,
1128758,56.98131718,
1128789,56.97676359,
1128820,56.97904039,
1128852,56.97676359,
1128883,56.97904039,
1129070,56.9744868,
1129198,56.97676359,
1129230,56.9744868,
1129262,56.97904039,
1129293,56.97904039,
1129324,56.97904039,
1129356,56.97904039,
1129387,56.97904039,
1129419,56.97676359,
1129450,56.97904039,
1129482,56.98131718,
1129513,56.97904039,
1129544,56.97904039,
1129576,56.97904039,
1129607,56.97904039,
1129639,56.97904039,
1129670,56.97676359,
1129702,56.97676359,
1129733,56.97676359,
1129764,56.97676359,
1130310,56.97676359,
1130440,56.97904039,
1130472,56.97904039,
1130504,56.97676359,
1130535,56.9744868,
1130566,56.98131718,
1130598,56.97676359,
1130629,56.97904039,
1130661,56.98131718,
1130692,56.97904039,
1130724,56.97676359,
1130755,56.97676359,
1130786,56.97676359,
1130818,56.97904039,
1130849,56.97904039,
1130881,56.97904039,
1130912,56.97676359,
1130944,56.97904039,
1130975,56.97676359,
1131007,56.97676359,
1131159,56.97676359,
1131289,56.97904039,
1131322,56.97221001,
1131353,56.97904039,
1131384,56.98131718,
1131416,56.97904039,
1131448,56.97676359,
1131479,56.97676359,
1131510,56.97904039,
1131542,56.9744868,
1131573,56.97904039,
1131604,56.97676359,
1131636,56.97676359,
1131667,56.98131718,
1131699,56.97904039,
1131730,56.97904039,
1131762,56.98131718,
1131793,56.98131718,
1131825,56.97904039,
1131856,56.97676359,
1132974,56.97904039,
1133102,56.97904039,
1133133,56.97676359,
1133165,56.98131718,
1133196,56.97676359,
1133228,56.98131718,
1133259,56.97676359,
1133291,56.97676359,
1133322,56.97676359,
1133354,56.97904039,
1133385,56.97904039,
1133416,56.97676359,
1133447,56.97676359,
1133479,56.97676359,
1133510,56.97904039,
1133542,56.97904039,
1133573,56.97904039,
1133605,56.97676359,
1133636,56.97676359,
1133668,56.97676359,
1133889,56.98131718,
1134017,56.97676359,
1134048,56.97904039,
1134080,56.97676359,
1134112,56.98131718,
1134143,56.97904039,
1134175,56.97904039,
1134206,56.97904039,
1134237,56.97676359,
1134268,56.97904039,
1134300,56.97676359,
1134331,56.97904039,
1134363,56.98131718,
1134394,56.97676359,
1134426,56.97676359,
1134457,56.98359398,
1134489,56.97904039,
1134520,56.97676359,
1134551,56.97904039,
1134583,56.97904039,
1137518,56.97676359,
1137646,56.98131718,
1137678,56.97676359,
1137710,56.97904039,
1137741,56.97676359,
1137773,56.97676359,
1137804,56.98131718,
1137835,56.97676359,
1137867,56.97676359,
1137899,56.97904039,
1137930,56.97676359,
1137962,56.97904039,
1137993,56.97676359,
1138024,56.97904039,
1138055,56.97904039,
1138087,56.98131718,
1138118,56.97904039,
1138150,56.97904039,
1138181,56.97904039,
1138213,56.97904039,
1138448,56.97676359,
1138578,56.9744868,
1138610,56.97904039,
1138641,56.97676359,
1138672,56.97676359,
1138704,56.97676359,
1138735,56.97676359,
1138767,56.97676359,
1138798,56.97676359,
1138830,56.97676359,
1138861,56.97904039,
1138893,56.97904039,
1138924,56.98131718,
1138955,56.97904039,
1138987,56.97676359,
1139018,56.97676359,
1139049,56.97904039,
1139081,56.97904039,
1139112,56.98131718,
1139144,56.97676359,
1139453,56.97676359,
1139584,56.97904039,
1139616,56.98131718,
1139647,56.97904039,
1139679,56.97676359,
1139710,56.97676359,
1139742,56.97676359,
1139773,56.97904039,
1139805,56.97676359,
1139836,56.98131718,
1139868,56.98131718,
1139899,56.98131718,
1139931,56.97904039,
1139962,56.97676359,
1139993,56.97904039,
1140025,56.97676359,
1140056,56.98131718,
1140088,56.97676359,
1140119,56.97904039,
1140151,56.97904039,
1140255,56.97904039,
1140385,56.97904039,
1140416,56.98359398,
1140448,56.97676359,
1140480,56.97904039,
1140511,56.97676359,
1140543,56.9744868,
1140574,56.97904039,
1140605,56.97676359,
1140637,56.97904039,
1140668,56.97676359,
1140699,56.97904039,
1140731,56.97676359,
1140762,56.97904039,
1140794,56.9744868,
1140825,56.97676359,
1140857,56.97904039,
1140888,56.97904039,
1140919,56.97904039,
1140951,56.98131718,
1141083,56.97676359,
1141211,56.97904039,
1141243,56.98359398,
1141275,56.9744868,
1141306,56.97676359,
1141337,56.97904039,
1141369,56.97676359,
1141400,56.97904039,
1141431,56.97904039,
1141463,56.98359398,
1141494,56.97676359,
1141526,56.97676359,
1141557,56.97904039,
1141589,56.97676359,
1141620,56.97904039,
1141652,56.98131718,
1141683,56.98131718,
1141714,56.97904039,
1141745,56.97676359,
1141777,56.98131718,
1141908,56.97904039,
1142036,56.97676359,
1142069,56.97904039,
1142100,56.97904039,
1142131,56.98359398,
1142163,56.97904039,
1142195,56.97676359,
1142226,56.97904039,
1142257,56.97676359,
1142289,56.98131718,
1142320,56.97676359,
1142351,56.97904039,
1142383,56.97904039,
1142414,56.97904039,
1142446,56.97904039,
1142477,56.98131718,
1142509,56.97904039,
1142540,56.97904039,
1142572,56.97904039,
1142603,56.97904039,
1142712,56.97676359,
1142842,56.97904039,
1142874,56.97904039,
1142906,56.97904039,
1142938,56.97904039,
1142969,56.97676359,
1143001,56.97904039,
1143032,56.97904039,
1143063,56.97904039,
1143095,56.97676359,
1143126,56.97904039,
1143158,56.97676359,
1143189,56.97676359,
1143221,56.97676359,
1143252,56.9744868,
1143283,56.9744868,
1143315,56.97904039,
1143346,56.97676359,
1143377,56.97676359,
1143409,56.98359398,
1143563,56.97904039,
1143693,56.98359398,
1143725,56.97676359,
1143757,56.97904039,
1143788,56.98359398,
1143820,56.97676359,
1143851,56.97676359,
1143883,56.97676359,
1143914,56.97904039,
1143946,56.98131718,
1143977,56.97676359,
1144009,56.98131718,
1144040,56.9744868,
1144071,56.97904039,
1144102,56.97904039,
1144134,56.98131718,
1144165,56.97676359,
1144197,56.9744868,
1144228,56.97904039,
1144260,56.97904039,
1144363,56.98131718,
1144493,56.97904039,
1144526,56.97676359,
1144557,56.97904039,
1144588,56.9744868,
1144620,56.98131718,
1144652,56.98359398,
1144683,56.98131718,
1144714,56.98131718,
1144746,56.97904039,
1144777,56.98131718,
1144808,56.97904039,
1144840,56.97904039,
1144872,56.98359398,
1144903,56.97904039,
1144935,56.97676359,
1144966,56.97904039,
1144997,56.97904039,
1145029,56.97904039,
1145060,56.97904039,
1145299,56.97676359,
1145430,56.97904039,
1145463,56.97904039,
1145494,56.97676359,
1145526,56.97904039,
1145557,56.98131718,
1145589,56.98131718,
1145620,56.97676359,
1145652,56.98131718,
1145683,56.98131718,
1145714,56.98131718,
1145746,56.98131718,
1145777,56.97904039,
1145808,56.97904039,
1145840,56.97676359,
1145872,56.97904039,
1145903,56.97904039,
1145934,56.98131718,
1145966,56.97904039,
1145997,56.98131718,
1146200,56.98131718,
1146330,56.98131718,
1146362,56.97676359,
1146393,56.97676359,
1146424,56.97676359,
1146456,56.98359398,
1146487,56.97904039,
1146519,56.97904039,
1146550,56.97904039,
1146582,56.97676359,
1146613,56.98131718,
1146644,56.97904039,
1146676,56.97676359,
1146707,56.97904039,
1146738,56.97904039,
1146770,56.97904039,
1146801,56.97904039,
1146833,56.97676359,
1146864,56.97904039,
1146896,56.97904039,
1147093,56.97904039,
1147221,56.97904039,
1147252,56.97904039,
1147284,56.97676359,
1147315,56.98131718,
1147346,56.97904039,
1147378,56.97904039,
1147409,56.97904039,
1147441,56.97904039,
1147472,56.97904039,
1147504,56.98131718,
1147535,56.97676359,
1147566,56.97676359,
1147598,56.97904039,
1147629,56.98131718,
1147661,56.97904039,
1147692,56.97904039,
1147724,56.98131718,
1147755,56.98131718,
1147786,56.98131718,
1148032,56.97904039,
1148162,56.97904039,
1148193,56.97676359,
1148225,56.98131718,
1148256,56.97904039,
1148288,56.97904039,
1148319,56.97904039,
1148351,56.97904039,
1148382,56.98131718,
1148414,56.97904039,
1148445,56.97904039,
1148476,56.98131718,
1148508,56.98131718,
1148539,56.97904039,
1148571,56.98131718,
1148602,56.97676359,
1148633,56.98131718,
1148665,56.97676359,
1148696,56.97676359,
1148728,56.98131718,
1148937,56.98131718,
1149065,56.97676359,
1149096,56.97676359,
1149128,56.97904039,
1149160,56.98131718,
1149191,56.98131718,
1149222,56.98359398,
1149254,56.98359398,
1149285,56.97904039,
1149316,56.97904039,
1149348,56.97904039,
1149379,56.97904039,
1149411,56.97904039,
1149442,56.97904039,
1149474,56.98131718,
1149505,56.98131718,
1149537,56.97904039,
1149568,56.98131718,
1149599,56.97904039,
1149630,56.97904039,
1151069,56.97904039,
1151198,56.98131718,
1151230,56.98131718,
1151262,56.97904039,
1151294,56.97904039,
1151325,56.98131718,
1151356,56.98131718,
1151388,56.97904039,
1151419,56.97904039,
1151451,56.97904039,
1151482,56.97904039,
1151514,56.97904039,
1151545,56.97676359,
1151576,56.98131718,
1151608,56.97904039,
1151639,56.97904039,
1151670,56.97904039,
1151702,56.97904039,
1151733,56.98131718,
1151765,56.98131718,
1152009,56.98131718,
1152139,56.97904039,
1152170,56.98131718,
1152202,56.98131718,
1152234,56.97904039,
1152265,56.98131718,
1152297,56.97904039,
1152328,56.98131718,
1152359,56.98131718,
1152391,56.97904039,
1152422,56.98359398,
1152454,56.97904039,
1152485,56.97676359,
1152517,56.97904039,
1152548,56.98131718,
1152579,56.97904039,
1152611,56.98131718,
1152642,56.98131718,
1152673,56.98131718,
1152705,56.98131718,
1152875,56.97904039,
1153003,56.98131718,
1153036,56.97676359,
1153067,56.97676359,
1153098,56.98131718,
1153130,56.98131718,
1153162,56.97904039,
1153193,56.97904039,
1153225,56.97904039,
1153256,56.97904039,
1153287,56.97676359,
1153318,56.98131718,
1153350,56.98131718,
1153381,56.98131718,
1153413,56.98131718,
1153444,56.98131718,
1153476,56.97904039,
1153507,56.98131718,
1153539,56.97904039,
1153570,56.97904039,
1153679,56.97904039,
1153810,56.98131718,
1153842,56.98131718,
1153874,56.97904039,
1153905,56.98131718,
1153937,56.97904039,
1153968,56.97904039,
1153999,56.98131718,
1154031,56.98131718,
1154062,56.97904039,
1154094,56.98131718,
1154125,56.98131718,
1154157,56.97904039,
1154188,56.97904039,
1154219,56.97904039,
1154251,56.98131718,
1154282,56.98131718,
1154313,56.98359398,
1154345,56.97904039,
1154376,56.97904039,
1154569,56.98131718,
1154697,56.97676359,
1154729,56.97904039,
1154761,56.98131718,
1154792,56.98131718,
1154823,56.98131718,
1154855,56.98131718,
1154886,56.97904039,
1154918,56.97676359,
1154949,56.97904039,
1154981,56.97904039,
1155012,56.97676359,
1155043,56.97904039,
1155075,56.97676359,
1155106,56.97904039,
1155138,56.97676359,
1155169,56.98131718,
1155201,56.98131718,
1155232,56.98359398,
1155263,56.98131718,
1155419,56.98131718,
1155549,56.97904039,
1155581,56.97904039,
1155613,56.97676359,
1155644,56.97676359,
1155675,56.98131718,
1155707,56.98131718,
1155738,56.97904039,
1155769,56.98131718,
1155801,56.98131718,
1155832,56.97904039,
1155864,56.98131718,
1155896,56.97904039,
1155927,56.97904039,
1155958,56.97904039,
1155990,56.97904039,
1156021,56.98131718,
1156053,56.97904039,
1156084,56.98131718,
1156115,56.97904039,
1156254,56.97676359,
1156382,56.98131718,
1156415,56.98131718,
1156446,56.97676359,
1156478,56.97904039,
1156509,56.98131718,
1156541,56.98131718,
1156572,56.97904039,
1156604,56.97904039,
1156635,56.97904039,
1156666,56.98131718,
1156698,56.98131718,
1156729,56.98131718,
1156761,56.97904039,
1156792,56.98131718,
1156824,56.98131718,
1156855,56.97904039,
1156886,56.98131718,
1156918,56.98131718,
1156950,56.97904039,
1157075,56.98131718,
1157205,56.98131718,
1157238,56.98131718,
1157269,56.97904039,
1157301,56.98131718,
1157332,56.97904039,
1157364,56.98131718,
1157395,56.98131718,
1157427,56.97904039,
1157458,56.98131718,
1157489,56.98131718,
1157521,56.98131718,
1157552,56.98131718,
1157584,56.98131718,
1157615,56.98131718,
1157647,56.98131718,
1157678,56.98131718,
1157709,56.97904039,
1157741,56.97904039,
1157772,56.98359398,
1157880,56.98131718,
1158010,56.97904039,
1158042,56.98131718,
1158074,56.97904039,
1158105,56.97904039,
1158137,56.98131718,
1158168,56.98131718,
1158199,56.98587077,
1158231,56.98359398,
1158262,56.98131718,
1158294,56.98131718,
1158325,56.98131718,
1158357,56.98131718,
1158388,56.97904039,
1158419,56.98131718,
1158451,56.97904039,
1158482,56.97904039,
1158513,56.97904039,
1158545,56.98359398,
1158577,56.98131718,
1158697,56.98359398,
1158828,56.98131718,
1158860,56.98359398,
1158892,56.98131718,
1158923,56.97904039,
1158955,56.97904039,
1158986,56.98131718,
1159017,56.97904039,
1159048,56.98131718,
1159080,56.98131718,
1159111,56.98131718,
1159143,56.97904039,
1159174,56.97676359,
1159206,56.98131718,
1159237,56.98587077,
1159269,56.98131718,
1159300,56.98131718,
1159331,56.97904039,
1159362,56.98131718,
1159394,56.98131718,
1159613,56.98131718,
1159743,56.98131718,
1159775,56.98131718,
1159806,56.97904039,
1159838,56.97904039,
1159869,56.98131718,
1159901,56.98131718,
1159932,56.98587077,
1159963,56.98131718,
1159995,56.97904039,
1160026,56.97904039,
1160058,56.98359398,
1160089,56.97904039,
1160121,56.98359398,
1160152,56.98359398,
1160184,56.98131718,
1160215,56.98131718,
1160246,56.98131718,
1160277,56.97676359,
1160309,56.98359398,
1160520,56.98131718,
1160651,56.98359398,
1160682,56.98131718,
1160714,56.98359398,
1160745,56.98131718,
1160776,56.98131718,
1160808,56.97904039,
1160839,56.97904039,
1160871,56.97676359,
1160902,56.98131718,
1160934,56.98131718,
1160965,56.98131718,
1160996,56.97904039,
1161028,56.98131718,
1161059,56.97904039,
1161091,56.97676359,
1161122,56.98131718,
1161154,56.97904039,
1161185,56.97904039,
1161217,56.98131718,
1161364,56.97221001,
1161492,56.97904039,
1161524,56.97676359,
1161556,56.97904039,
1161587,56.98131718,
1161619,56.97904039,
1161651,56.97904039,
1161683,56.97904039,
1161714,56.98131718,
1161746,56.97904039,
1161778,56.97904039,
1161809,56.98131718,
1161841,56.97904039,
1161873,56.98131718,
1161904,56.98131718,
1161936,56.97904039,
1161967,56.98131718,
1161998,56.97904039,
1162030,56.97904039,
1162061,56.97904039,
1162284,56.97904039,
1162412,56.97676359,
1162445,56.97676359,
1162476,56.98131718,
1162507,56.97904039,
1162539,56.97676359,
1162570,56.97904039,
1162602,56.97904039,
1162633,56.97676359,
1162664,56.98131718,
1162696,56.97904039,
1162727,56.97676359,
1162759,56.97904039,
1162790,56.97904039,
1162821,56.98131718,
1162853,56.98359398,
1162884,56.98131718,
1162916,56.97904039,
1162947,56.97904039,
1162979,56.97904039,
1163171,56.97904039,
1163301,56.97676359,
1163333,56.97676359,
1163364,56.97676359,
1163396,56.9744868,
1163427,56.97904039,
1163459,56.9744868,
1163490,56.97676359,
1163521,56.98131718,
1163552,56.97904039,
1163584,56.98131718,
1163615,56.97676359,
1163647,56.97904039,
1163678,56.97904039,
1163710,56.97904039,
1163741,56.97904039,
1163773,56.98131718,
1163804,56.98131718,
1163835,56.9744868,
1163867,56.97676359,
1164414,56.97904039,
1164544,56.98131718,
1164576,56.97904039,
1164608,56.97904039,
1164639,56.97676359,
1164671,56.98131718,
1164702,56.97904039,
1164734,56.97676359,
1164765,56.97904039,
1164797,56.97904039,
1164828,56.97904039,
1164860,56.97904039,
1164891,56.97904039,
1164923,56.98131718,
1164954,56.97904039,
1164985,56.97676359,
1165017,56.97904039,
1165048,56.98131718,
1165079,56.97676359,
1165111,56.97904039,
1165252,56.97676359,
1165383,56.98131718,
1165415,56.97904039,
1165446,56.98131718,
1165478,56.98131718,
1165510,56.97904039,
1165541,56.97904039,
1165572,56.97676359,
1165603,56.97676359,
1165635,56.98131718,
1165666,56.97676359,
1165698,56.97904039,
1165729,56.97676359,
1165761,56.97904039,
1165792,56.97676359,
1165824,56.97904039,
1165855,56.97904039,
1165886,56.97904039,
1165918,56.98131718,
1165949,56.97676359,
1166155,56.98131718,
1166286,56.97904039,
1166317,56.97904039,
1166349,56.97904039,
1166381,56.98131718,
1166412,56.98131718,
1166444,56.97904039,
1166475,56.97676359,
1166506,56.97676359,
1166538,56.97904039,
1166569,56.97904039,
1166601,56.97904039,
1166632,56.98359398,
1166663,56.97904039,
1166695,56.98131718,
1166726,56.98131718,
1166758,56.97904039,
1166789,56.98131718,
1166820,56.97904039,
1166852,56.97904039,
1167996,56.97904039,
1168127,56.98359398,
1168158,56.97904039,
1168190,56.9744868,
1168222,56.97676359,
1168253,56.97904039,
1168285,56.97904039,
1168316,56.97904039,
1168347,56.97904039,
1168379,56.97676359,
1168410,56.98131718,
1168442,56.97904039,
1168473,56.98131718,
1168505,56.97904039,
1168536,56.97904039,
1168567,56.97904039,
1168599,56.97904039,
1168630,56.97904039,
1168661,56.98131718,
1168693,56.98131718,
1168855,56.98131718,
1168985,56.97904039,
1169017,56.97676359,
1169049,56.98131718,
1169080,56.97904039,
1169112,56.98131718,
1169145,56.97676359,
1169177,56.98359398,
1169208,56.97904039,
1169239,56.97904039,
1169270,56.97904039,
1169303,56.97904039,
1169334,56.97676359,
1169366,56.97904039,
1169397,56.97904039,
1169429,56.97904039,
1169461,56.98131718,
1169493,56.97676359,
1169525,56.97904039,
1169556,56.97904039,
1169944,56.97904039,
1170074,56.98131718,
1170106,56.98131718,
1170138,56.97676359,
1170170,56.97904039,
1170201,56.97904039,
1170232,56.97904039,
1170264,56.97676359,
1170295,56.97676359,
1170327,56.97676359,
1170358,56.98131718,
1170389,56.98131718,
1170421,56.97904039,
1170452,56.97904039,
1170484,56.98359398,
1170515,56.97676359,
1170547,56.98131718,
1170578,56.97904039,
1170609,56.97676359,
1170640,56.97676359,
1170892,56.97904039,
1171023,56.98131718,
1171055,56.97676359,
1171087,56.98131718,
1171118,56.98131718,
1171150,56.98131718,
1171181,56.97904039,
1171212,56.97904039,
1171244,56.97904039,
1171275,56.98359398,
1171306,56.98359398,
1171338,56.98359398,
1171369,56.98131718,
1171401,56.97904039,
1171432,56.97676359,
1171463,56.98131718,
1171494,56.98131718,
1171526,56.98359398,
1171557,56.98131718,
1171589,56.98131718,
1171876,56.97904039,
1172007,56.98131718,
1172038,56.98131718,
1172070,56.97904039,
1172101,56.98131718,
1172133,56.98359398,
1172164,56.97904039,
1172196,56.98131718,
1172227,56.98131718,
1172258,56.98131718,
1172290,56.98131718,
1172321,56.98131718,
1172352,56.97904039,
1172384,56.97904039,
1172415,56.97904039,
1172447,56.97904039,
1172478,56.98131718,
1172509,56.98131718,
1172540,56.97676359,
1172571,56.97904039,
1176086,56.98359398,
1176216,56.98131718,
1176247,56.97904039,
1176279,56.97904039,
1176311,56.98359398,
1176342,56.97904039,
1176374,56.98359398,
1176405,56.98359398,
1176436,56.97904039,
1176468,56.97904039,
1176499,56.98131718,
1176530,56.97904039,
1176562,56.98131718,
1176593,56.98131718,
1176625,56.98131718,
1176656,56.98131718,
1176688,56.97904039,
1176719,56.98131718,
1176750,56.98131718,
1176782,56.97904039,
1177217,56.98131718,
1177347,56.97904039,
1177379,56.98131718,
1177411,56.97904039,
1177443,56.98359398,
1177474,56.97904039,
1177505,56.98131718,
1177537,56.98131718,
1177568,56.98131718,
1177600,56.98359398,
1177631,56.98131718,
1177662,56.98131718,
1177694,56.98131718,
1177725,56.98131718,
1177757,56.98359398,
1177788,56.97904039,
1177819,56.98359398,
1177851,56.98359398,
1177882,56.98359398,
1177914,56.98359398,
1178441,56.98131718,
1178569,56.98131718,
1178600,56.98131718,
1178632,56.98131718,
1178664,56.97904039,
1178695,56.98359398,
1178726,56.98359398,
1178758,56.97904039,
1178789,56.98359398,
1178820,56.97904039,
1178852,56.98131718,
1178883,56.98131718,
1178915,56.97904039,
1178946,56.98359398,
1178978,56.98131718,
1179009,56.98131718,
1179041,56.98131718,
1179072,56.98131718,
1179103,56.98359398,
1179135,56.98131718,
1179363,56.98131718,
1179493,56.98131718,
1179524,56.98359398,
1179556,56.97904039,
1179587,56.98587077,
1179619,56.97904039,
1179650,56.98131718,
1179682,56.97904039,
1179713,56.97904039,
1179745,56.98131718,
1179776,56.98131718,
1179807,56.98359398,
1179838,56.97676359,
1179870,56.98131718,
1179902,56.98131718,
1179933,56.98131718,
1179965,56.98131718,
1179996,56.97904039,
1180027,56.98359398,
1180059,56.97904039,
1180298,56.98359398,
1180429,56.98131718,
1180461,56.97904039,
1180492,56.98131718,
1180523,56.98359398,
1180555,56.97904039,
1180586,56.98131718,
1180618,56.98131718,
1180649,56.98359398,
1180681,56.97676359,
1180712,56.97904039,
1180743,56.97904039,
1180775,56.97904039,
1180806,56.97904039,
1180837,56.97904039,
1180869,56.98131718,
1180900,56.97904039,
1180932,56.98131718,
1180963,56.98131718,
1180995,56.98131718,
1181296,56.98131718,
1181426,56.97904039,
1181458,56.98131718,
1181489,56.98131718,
1181521,56.97904039,
1181552,56.98359398,
1181583,56.98131718,
1181615,56.98359398,
1181646,56.98131718,
1181677,56.98131718,
1181709,56.98131718,
1181741,56.98131718,
1181772,56.98131718,
1181803,56.98359398,
1181835,56.97904039,
1181866,56.98131718,
1181898,56.98587077,
1181929,56.97904039,
1181961,56.97904039,
1181992,56.98131718,
1182218,56.98131718,
1182349,56.97904039,
1182380,56.98359398,
1182412,56.98359398,
1182443,56.98131718,
1182474,56.98587077,
1182506,56.98131718,
1182538,56.98359398,
1182569,56.98131718,
1182600,56.97904039,
1182632,56.98359398,
1182663,56.97904039,
1182694,56.98131718,
1182726,56.97904039,
1182757,56.98131718,
1182789,56.98131718,
1182820,56.98359398,
1182852,56.98359398,
1182883,56.98359398,
1182914,56.98359398,
1183092,56.98359398,
1183222,56.98359398,
1183254,56.98131718,
1183285,56.98131718,
1183317,56.98131718,
1183348,56.98131718,
1183380,56.98131718,
1183411,56.98131718,
1183443,56.98359398,
1183474,56.98359398,
1183505,56.98359398,
1183537,56.98359398,
1183568,56.97676359,
1183599,56.97904039,
1183631,56.98359398,
1183662,56.98359398,
1183694,56.98359398,
1183725,56.98131718,
1183757,56.98359398,
1183788,56.98131718,
1183995,56.98131718,
1184124,56.98359398,
1184156,56.97904039,
1184187,56.98131718,
1184218,56.97904039,
1184250,56.98359398,
1184282,56.98131718,
1184313,56.98131718,
1184344,56.98131718,
1184376,56.98359398,
1184407,56.98131718,
1184438,56.98131718,
1184470,56.98131718,
1184501,56.98359398,
1184533,56.98131718,
1184564,56.98587077,
1184596,56.98131718,
1184627,56.97904039,
1184659,56.98131718,
1184690,56.98131718,
1185086,56.97904039,
1185214,56.98131718,
1185246,56.98359398,
1185277,56.98359398,
1185309,56.98131718,
1185340,56.98131718,
1185371,56.98359398,
1185403,56.98131718,
1185434,56.98359398,
1185466,56.98131718,
1185497,56.98131718,
1185529,56.97904039,
1185560,56.98587077,
1185592,56.98131718,
1185623,56.98131718,
1185654,56.98359398,
1185686,56.98131718,
1185717,56.98359398,
1185749,56.98359398,
1185780,56.97904039,
1185925,56.98131718,
1186055,56.98131718,
1186086,56.98359398,
1186118,56.98131718,
1186150,56.98131718,
1186181,56.97904039,
1186213,56.98359398,
1186244,56.98131718,
1186275,56.97904039,
1186307,56.98131718,
1186338,56.98131718,
1186370,56.98131718,
1186401,56.98131718,
1186433,56.98131718,
1186464,56.98131718,
1186495,56.98587077,
1186527,56.98131718,
1186558,56.98359398,
1186589,56.97904039,
1186621,56.98359398,
1189694,56.98131718,
1189824,56.98131718,
1189856,56.98131718,
1189888,56.98359398,
1189919,56.97904039,
1189950,56.97904039,
1189982,56.98131718,
1190013,56.98131718,
1190045,56.98131718,
1190076,56.98359398,
1190108,56.97904039,
1190139,56.98131718,
1190170,56.97676359,
1190202,56.97904039,
1190233,56.98131718,
1190265,56.98131718,
1190296,56.97676359,
1190328,56.98359398,
1190359,56.98359398,
1190390,56.98131718,
1190730,56.98131718,
1190860,56.98131718,
1190891,56.98359398,
1190923,56.98359398,
1190955,56.98359398,
1190986,56.97904039,
1191018,56.98131718,
1191049,56.98359398,
1191080,56.98587077,
1191112,56.98359398,
1191143,56.98131718,
1191174,56.97904039,
1191206,56.97904039,
1191237,56.98131718,
1191269,56.98131718,
1191300,56.98131718,
1191331,56.98131718,
1191363,56.98359398,
1191394,56.97904039,
1191426,56.98587077,
1192062,56.98359398,
1192192,56.97904039,
1192223,56.97904039,
1192255,56.98359398,
1192286,56.98359398,
1192318,56.98131718,
1192349,56.98131718,
1192381,56.98587077,
1192412,56.98131718,
1192443,56.98131718,
1192475,56.98359398,
1192506,56.98359398,
1192537,56.98359398,
1192569,56.98359398,
1192600,56.98131718,
1192632,56.98587077,
1192663,56.98359398,
1192695,56.98131718,
1192726,56.98131718,
1192758,56.98131718,
1192970,56.98359398,
1193101,56.98131718,
1193132,56.98587077,
1193164,56.98359398,
1193195,56.98587077,
1193227,56.98359398,
1193258,56.98131718,
1193290,56.97904039,
1193321,56.98359398,
1193352,56.98131718,
1193384,56.98131718,
1193415,56.98359398,
1193446,56.98131718,
1193478,56.98359398,
1193509,56.98131718,
1193541,56.98131718,
1193572,56.97904039,
1193604,56.98587077,
1193635,56.98131718,
1193666,56.98131718,
1193938,56.98587077,
1194068,56.98131718,
1194100,56.98587077,
1194132,56.98131718,
1194163,56.97904039,
1194195,56.98131718,
1194226,56.98359398,
1194258,56.98359398,
1194289,56.98131718,
1194321,56.98131718,
1194352,56.98359398,
1194383,56.98131718,
1194415,56.98359398,
1194446,56.98359398,
1194477,56.98131718,
1194509,56.98359398,
1194540,56.98359398,
1194572,56.97904039,
1194603,56.98359398,
1194635,56.98131718,
1194825,56.98359398,
1194953,56.98587077,
1194985,56.98359398,
1195017,56.98359398,
1195048,56.98359398,
1195080,56.98359398,
1195111,56.98131718,
1195143,56.98587077,
1195174,56.98359398,
1195205,56.98359398,
1195237,56.98587077,
1195268,56.98359398,
1195299,56.97904039,
1195331,56.98587077,
1195363,56.98359398,
1195394,56.98131718,
1195425,56.98359398,
1195457,56.98131718,
1195488,56.98587077,
1195520,56.98587077,
1195748,56.98359398,
1195876,56.97904039,
1195908,56.98359398,
1195940,56.98359398,
1195972,56.98131718,
1196003,56.98131718,
1196035,56.98131718,
1196066,56.98359398,
1196097,56.98131718,
1196129,56.98587077,
1196160,56.97904039,
1196191,56.98131718,
1196223,56.98131718,
1196254,56.98131718,
1196286,56.98359398,
1196317,56.98131718,
1196349,56.98359398,
1196380,56.98359398,
1196411,56.98359398,
1196443,56.98359398,
1196780,56.98131718,
1196908,56.97904039,
1196940,56.98131718,
1196972,56.98131718,
1197004,56.98131718,
1197035,56.98131718,
1197067,56.98359398,
1197098,56.98359398,
1197129,56.97904039,
1197161,56.97904039,
1197192,56.98587077,
1197223,56.98587077,
1197255,56.98131718,
1197287,56.98131718,
1197318,56.98359398,
1197349,56.98359398,
1197381,56.98131718,
1197412,56.98359398,
1197443,56.98587077,
1197475,56.98359398,
1197795,56.98131718,
1197925,56.98359398,
1197956,56.98359398,
1197988,56.98131718,
1198020,56.98359398,
1198051,56.98131718,
1198083,56.97904039,
1198114,56.98131718,
1198145,56.98359398,
1198177,56.98814756,
1198208,56.98131718,
1198240,56.98131718,
1198271,56.97904039,
1198303,56.98359398,
1198334,56.98131718,
1198365,56.98587077,
1198397,56.97904039,
1198428,56.98131718,
1198459,56.98131718,
1198491,56.97904039,
1198659,56.98131718,
1198787,56.98359398,
1198820,56.98131718,
1198851,56.98131718,
1198882,56.98131718,
1198914,56.98359398,
1198946,56.98131718,
1198977,56.98131718,
1199009,56.98131718,
1199040,56.98131718,
1199071,56.98131718,
1199103,56.98131718,
1199134,56.98131718,
1199166,56.98131718,
1199197,56.98131718,
1199228,56.98359398,
1199260,56.98131718,
1199291,56.98131718,
1199323,56.97904039,
1199354,56.98131718,
1199663,56.98587077,
1199791,56.98131718,
1199823,56.98587077,
1199855,56.98131718,
1199886,56.98359398,
1199918,56.98359398,
1199949,56.98131718,
1199981,56.98131718,
1200012,56.97904039,
1200044,56.98131718,
1200075,56.98131718,
1200106,56.98587077,
1200138,56.98131718,
1200169,56.98359398,
1200200,56.98359398,
1200232,56.98131718,
1200264,56.98359398,
1200295,56.98359398,
1200326,56.97904039,
1200358,56.98359398,
1200548,56.98359398,
1200676,56.98131718,
1200708,56.98359398,
1200740,56.98359398,
1200771,56.98131718,
1200802,56.98131718,
1200833,56.98131718,
1200865,56.98131718,
1200897,56.98131718,
1200928,56.98359398,
1200960,56.98131718,
1200991,56.98587077,
1201022,56.98131718,
1201054,56.98131718,
1201085,56.98359398,
1201116,56.98131718,
1201148,56.98359398,
1201180,56.98359398,
1201211,56.98131718,
1201242,56.98131718,
1201482,56.98131718,
1201612,56.98359398,
1201644,56.98359398,
1201675,56.98359398,
1201707,56.98131718,
1201738,56.98359398,
1201770,56.98359398,
1201801,56.98359398,
1201832,56.98359398,
1201864,56.98359398,
1201895,56.98814756,
1201927,56.98587077,
1201958,56.98587077,
1201990,56.98587077,
1202021,56.98359398,
1202052,56.98359398,
1202084,56.98359398,
1202115,56.98359398,
1202146,56.98359398,
1202178,56.98131718,
1202408,56.98587077,
1202536,56.98359398,
1202568,56.98131718,
1202600,56.98587077,
1202631,56.97904039,
1202662,56.98359398,
1202694,56.98587077,
1202725,56.98131718,
1202757,56.98359398,
1202788,56.98131718,
1202820,56.98359398,
1202851,56.98359398,
1202882,56.98814756,
1202914,56.98131718,
1202945,56.98359398,
1202977,56.98131718,
1203008,56.98359398,
1203040,56.98587077,
1203071,56.98587077,
1203103,56.98131718,
1203245,56.98359398,
1203376,56.98359398,
1203408,56.98359398,
1203439,56.98359398,
1203470,56.98131718,
1203502,56.98359398,
1203533,56.98359398,
1203565,56.98359398,
1203596,56.98587077,
1203628,56.98359398,
1203659,56.98359398,
1203690,56.98359398,
1203722,56.98587077,
1203753,56.98131718,
1203785,56.98359398,
1203816,56.98359398,
1203848,56.98359398,
1203879,56.98359398,
1203911,56.98131718,
1203942,56.98587077,
1204160,56.98131718,
1204290,56.98131718,
1204322,56.98587077,
1204353,56.98359398,
1204385,56.98359398,
1204416,56.98359398,
1204448,56.98359398,
1204479,56.98359398,
1204510,56.98131718,
1204542,56.98359398,
1204573,56.98587077,
1204604,56.98359398,
1204636,56.98587077,
1204668,56.98131718,
1204699,56.98359398,
1204730,56.98587077,
1204762,56.98131718,
1204793,56.98359398,
1204824,56.98131718,
1204856,56.98359398,
1204979,56.98587077,
1205107,56.98359398,
1205138,56.98359398,
1205170,56.98359398,
1205201,56.98131718,
1205232,56.98131718,
1205264,56.98359398,
1205296,56.98359398,
1205327,56.98359398,
1205358,56.98587077,
1205390,56.98587077,
1205421,56.98587077,
1205453,56.98359398,
1205484,56.98359398,
1205515,56.98587077,
1205547,56.98359398,
1205578,56.98131718,
1205610,56.98359398,
1205641,56.98587077,
1205673,56.98359398,
1205918,56.98359398,
1206046,56.98587077,
1206078,56.98359398,
1206110,56.98359398,
1206141,56.97904039,
1206173,56.98359398,
1206204,56.98359398,
1206235,56.98359398,
1206267,56.98359398,
1206298,56.98359398,
1206329,56.98359398,
1206361,56.98359398,
1206392,56.98359398,
1206424,56.98359398,
1206455,56.98587077,
1206487,56.98359398,
1206518,56.98359398,
1206549,56.98359398,
1206581,56.98359398,
1206612,56.98814756,
1206834,56.98587077,
1206962,56.98359398,
1206994,56.98359398,
1207025,56.98587077,
1207057,56.98587077,
1207088,56.98359398,
1207120,56.98587077,
1207151,56.98359398,
1207182,56.98359398,
1207214,56.98131718,
1207245,56.98131718,
1207277,56.98359398,
1207308,56.98359398,
1207340,56.98131718,
1207371,56.98131718,
1207403,56.98359398,
1207434,56.98131718,
1207465,56.98359398,
1207497,56.98587077,
1207528,56.98587077,
1207759,56.98587077,
1207887,56.98359398,
1207919,56.98359398,
1207950,56.98587077,
1207982,56.98359398,
1208013,56.98359398,
1208045,56.98587077,
1208076,56.98359398,
1208108,56.98359398,
1208139,56.98359398,
1208170,56.98359398,
1208201,56.98587077,
1208233,56.98131718,
1208265,56.98587077,
1208296,56.98587077,
1208328,56.98587077,
1208359,56.98587077,
1208390,56.98359398,
1208422,56.98359398,
1208453,56.98131718,
1208572,56.98359398,
1208700,56.98359398,
1208732,56.98131718,
1208764,56.98587077,
1208795,56.98359398,
1208827,56.98131718,
1208858,56.98814756,
1208889,56.98359398,
1208921,56.98359398,
1208952,56.98359398,
1208984,56.98359398,
1209015,56.98359398,
1209047,56.98131718,
1209078,56.98587077,
1209109,56.98587077,
1209141,56.98359398,
1209172,56.98359398,
1209203,56.98587077,
1209235,56.98587077,
1209267,56.98131718,
1209463,56.98359398,
1209593,56.98587077,
1209624,56.98587077,
1209656,56.98587077,
1209687,56.98587077,
1209719,56.98359398,
1209750,56.98131718,
1209782,56.98359398,
1209813,56.98587077,
1209844,56.98587077,
1209876,56.98359398,
1209907,56.98814756,
1209939,56.98359398,
1209970,56.98587077,
1210002,56.98131718,
1210033,56.98359398,
1210065,56.98131718,
1210096,56.98359398,
1210127,56.98587077,
1210159,56.98359398,
1210418,56.98359398,
1210549,56.98359398,
1210581,56.98359398,
1210612,56.98359398,
1210643,56.98131718,
1210675,56.98131718,
1210706,56.98587077,
1210738,56.98131718,
1210769,56.98359398,
1210801,56.98359398,
1210832,56.98359398,
1210863,56.98359398,
1210895,56.98359398,
1210926,56.98587077,
1210958,56.98359398,
1210989,56.98814756,
1211021,56.98587077,
1211052,56.98587077,
1211084,56.98131718,
1211115,56.98587077,
1211301,56.98359398,
1211431,56.98359398,
1211463,56.98359398,
1211494,56.98359398,
1211526,56.98587077,
1211557,56.98359398,
1211589,56.98587077,
1211620,56.98814756,
1211651,56.98587077,
1211683,56.98359398,
1211714,56.98359398,
1211746,56.98359398,
1211777,56.98814756,
1211809,56.98587077,
1211840,56.98131718,
1211871,56.98587077,
1211903,56.98587077,
1211934,56.98131718,
1211966,56.98131718,
1211997,56.98359398,
1212247,56.98131718,
1212378,56.98587077,
1212410,56.98131718,
1212441,56.98587077,
1212472,56.98131718,
1212503,56.98587077,
1212535,56.98587077,
1212566,56.98359398,
1212598,56.98587077,
1212629,56.98359398,
1212661,56.98587077,
1212692,56.98359398,
1212724,56.98359398,
1212755,56.98359398,
1212786,56.98587077,
1212818,56.98359398,
1212849,56.98359398,
1212881,56.98359398,
1212912,56.98131718,
1212944,56.98359398,
1213186,56.98359398,
1213317,56.98587077,
1213349,56.98131718,
1213380,56.98587077,
1213411,56.98131718,
1213443,56.98359398,
1213475,56.98131718,
1213506,56.97904039,
1213538,56.98359398,
1213569,56.98587077,
1213600,56.98587077,
1213631,56.98587077,
1213663,56.98814756,
1213694,56.98359398,
1213726,56.97904039,
1213757,56.99042436,
1213789,56.98359398,
1213820,56.98359398,
1213852,56.98814756,
1213883,56.98359398,
1214001,56.98359398,
1214129,56.98587077,
1214161,56.98359398,
1214192,56.98359398,
1214223,56.98359398,
1214255,56.98359398,
1214286,56.98814756,
1214317,56.98587077,
1214349,56.98587077,
1214380,56.98131718,
1214412,56.98359398,
1214443,56.98359398,
1214475,56.98587077,
1214506,56.98359398,
1214537,56.98359398,
1214569,56.98359398,
1214600,56.98359398,
1214631,56.98359398,
1214663,56.98587077,
1214694,56.98359398,
1214884,56.98359398,
1215012,56.98587077,
1215044,56.98814756,
1215075,56.98587077,
1215107,56.98587077,
1215138,56.98587077,
1215169,56.98131718,
1215201,56.98587077,
1215232,56.98587077,
1215264,56.98359398,
1215295,56.98359398,
1215327,56.98587077,
1215358,56.98359398,
1215390,56.98359398,
1215421,56.98587077,
1215452,56.98131718,
1215484,56.98587077,
1215515,56.98359398,
1215547,56.98587077,
1215578,56.98131718,
1218929,56.98359398,
1219059,56.98587077,
1219091,56.98359398,
1219122,56.98359398,
1219153,56.98131718,
1219185,56.98587077,
1219216,56.98359398,
1219248,56.98587077,
1219279,56.98587077,
1219311,56.98359398,
1219342,56.98359398,
1219374,56.98359398,
1219405,56.98587077,
1219436,56.98359398,
1219467,56.98359398,
1219499,56.98359398,
1219531,56.98359398,
1219562,56.98587077,
1219594,56.98359398,
1219625,56.98814756,
1219724,56.98359398,
1219854,56.98587077,
1219887,56.98359398,
1219918,56.98814756,
1219950,56.98587077,
1219981,56.98587077,
1220013,56.98814756,
1220044,56.98587077,
1220075,56.98587077,
1220107,56.98359398,
1220138,56.98131718,
1220170,56.98587077,
1220201,56.98131718,
1220233,56.98359398,
1220264,56.98587077,
1220295,56.98131718,
1220327,56.98359398,
1220358,56.98359398,
1220389,56.98359398,
1220421,56.98587077,
1220762,56.98587077,
1220892,56.98587077,
1220924,56.98359398,
1220956,56.98587077,
1220987,56.98359398,
1221019,56.98359398,
1221050,56.98587077,
1221081,56.98359398,
1221113,56.98587077,
1221144,56.98359398,
1221176,56.98359398,
1221207,56.98814756,
1221238,56.98359398,
1221270,56.98587077,
1221301,56.98587077,
1221333,56.98814756,
1221364,56.98359398,
1221395,56.98131718,
1221427,56.98587077,
1221458,56.98587077,
1221673,56.98131718,
1221802,56.98814756,
1221834,56.98587077,
1221866,56.98359398,
1221897,56.98359398,
1221928,56.98587077,
1221960,56.98587077,
1221991,56.98359398,
1222022,56.98359398,
1222054,56.98359398,
1222085,56.98359398,
1222117,56.98587077,
1222148,56.98359398,
1222180,56.98359398,
1222211,56.98359398,
1222243,56.98814756,
1222274,56.98359398,
1222305,56.98587077,
1222336,56.98359398,
1222368,56.98814756,
1222500,56.98587077,
1222630,56.98587077,
1222662,56.98587077,
1222694,56.98359398,
1222725,56.98131718,
1222757,56.98814756,
1222788,56.98359398,
1222819,56.98359398,
1222851,56.98814756,
1222882,56.98587077,
1222914,56.98587077,
1222945,56.98587077,
1222977,56.98587077,
1223008,56.98587077,
1223039,56.98587077,
1223071,56.98587077,
1223102,56.98814756,
1223133,56.98359398,
1223165,56.98587077,
1223197,56.98359398,
1223339,56.98359398,
1223470,56.98814756,
1223502,56.98359398,
1223533,56.98814756,
1223565,56.98359398,
1223597,56.98359398,
1223628,56.98131718,
1223659,56.98814756,
1223691,56.98359398,
1223722,56.98814756,
1223753,56.98359398,
1223785,56.98587077,
1223817,56.98587077,
1223848,56.98359398,
1223880,56.98587077,
1223911,56.98359398,
1223942,56.98359398,
1223973,56.98359398,
1224005,56.98359398,
1224036,56.98131718,
1224146,56.98587077,
1224276,56.98587077,
1224309,56.98814756,
1224340,56.98587077,
1224372,56.98587077,
1224404,56.98587077,
1224435,56.98587077,
1224466,56.98359398,
1224498,56.98359398,
1224529,56.98359398,
1224560,56.98359398,
1224592,56.98587077,
1224623,56.98814756,
1224655,56.98359398,
1224686,56.98359398,
1224718,56.98359398,
1224749,56.98587077,
1224780,56.98814756,
1224812,56.98359398,
1224843,56.98359398,
1224947,56.98587077,
1225075,56.98814756,
1225108,56.98359398,
1225139,56.98587077,
1225170,56.98587077,
1225202,56.98359398,
1225233,56.98131718,
1225265,56.98359398,
1225296,56.98587077,
1225328,56.98131718,
1225359,56.98587077,
1225390,56.98359398,
1225422,56.98359398,
1225453,56.98359398,
1225485,56.98587077,
1225516,56.98814756,
1225548,56.98587077,
1225579,56.98587077,
1225610,56.98587077,
1225642,56.98587077,
1225842,56.98814756,
1225972,56.98814756,
1226004,56.98587077,
1226037,56.98587077,
1226068,56.98814756,
1226099,56.98359398,
1226131,56.98359398,
1226162,56.98587077,
1226193,56.98587077,
1226225,56.98587077,
1226256,56.98587077,
1226288,56.98587077,
1226319,56.98587077,
1226351,56.98587077,
1226382,56.98587077,
1226413,56.98587077,
1226445,56.98587077,
1226476,56.98359398,
1226508,56.98359398,
1226539,56.98814756,
1226778,56.98814756,
1226908,56.98359398,
1226939,56.98587077,
1226971,56.98587077,
1227003,56.98587077,
1227034,56.98359398,
1227066,56.98359398,
1227097,56.98359398,
1227128,56.98359398,
1227160,56.98814756,
1227191,56.98587077,
1227222,56.98359398,
1227254,56.98131718,
1227285,56.98359398,
1227317,56.98587077,
1227348,56.98587077,
1227380,56.98587077,
1227411,56.98814756,
1227442,56.98587077,
1227474,56.98359398,
1227630,56.98359398,
1227760,56.98587077,
1227793,56.98359398,
1227824,56.98814756,
1227855,56.98814756,
1227887,56.98359398,
1227918,56.98359398,
1227950,56.98359398,
1227981,56.98587077,
1228013,56.98359398,
1228044,56.98814756,
1228076,56.98587077,
1228107,56.98587077,
1228138,56.98587077,
1228169,56.98359398,
1228201,56.98131718,
1228232,56.98587077,
1228264,56.98359398,
1228295,56.98359398,
1228327,56.98359398,
1228436,56.98587077,
1228565,56.98814756,
1228597,56.98587077,
1228628,56.98587077,
1228660,56.98359398,
1228691,56.98587077,
1228723,56.98359398,
1228754,56.98814756,
1228785,56.98359398,
1228817,56.98587077,
1228848,56.98814756,
1228880,56.98359398,
1228911,56.98587077,
1228943,56.98587077,
1228974,56.98814756,
1229006,56.98587077,
1229037,56.98814756,
1229068,56.98359398,
1229099,56.98359398,
1229131,56.98587077,
1229271,56.98359398,
1229401,56.98587077,
1229433,56.98587077,
1229465,56.98587077,
1229496,56.98814756,
1229528,56.98587077,
1229559,56.98814756,
1229590,56.98359398,
1229622,56.98359398,
1229653,56.98587077,
1229685,56.98359398,
1229716,56.98814756,
1229748,56.98587077,
1229779,56.98587077,
1229810,56.98587077,
1229842,56.98587077,
1229873,56.98814756,
1229905,56.98131718,
1229936,56.98359398,
1229968,56.98587077,
1230090,56.98131718,
1230220,56.98814756,
1230252,56.98359398,
1230284,56.98587077,
1230315,56.98814756,
1230347,56.98814756,
1230378,56.98587077,
1230410,56.98359398,
1230441,56.98587077,
1230473,56.98359398,
1230504,56.98587077,
1230535,56.98587077,
1230567,56.98359398,
1230598,56.98359398,
1230629,56.98814756,
1230661,56.98359398,
1230692,56.98814756,
1230724,56.98359398,
1230755,56.98587077,
1230787,56.98587077,
1230963,56.98814756,
1231093,56.98131718,
1231124,56.98587077,
1231156,56.99042436,
1231187,56.98587077,
1231218,56.98131718,
1231250,56.98587077,
1231282,56.98814756,
1231313,56.98814756,
1231344,56.98359398,
1231376,56.98587077,
1231407,56.98587077,
1231438,56.98587077,
1231470,56.98587077,
1231501,56.98587077,
1231533,56.98359398,
1231564,56.98587077,
1231596,56.98587077,
1231627,56.98587077,
1231658,56.98814756,
1231915,56.99042436,
1232043,56.98814756,
1232075,56.98814756,
1232106,56.98587077,
1232138,56.98359398,
1232169,56.98587077,
1232201,56.98587077,
1232232,56.98587077,
1232263,56.98587077,
1232295,56.98587077,
1232326,56.98359398,
1232358,56.98359398,
1232389,56.98587077,
1232421,56.98814756,
1232452,56.98587077,
1232484,56.98359398,
1232515,56.98587077,
1232546,56.98587077,
1232577,56.99042436,
1232609,56.98359398,
1232806,56.98587077,
1232936,56.98814756,
1232967,56.98587077,
1232999,56.98587077,
1233030,56.98587077,
1233062,56.98814756,
1233093,56.98587077,
1233125,56.98814756,
1233156,56.98359398,
1233187,56.98359398,
1233219,56.98587077,
1233250,56.98814756,
1233282,56.98587077,
1233313,56.98359398,
1233345,56.98814756,
1233376,56.98587077,
1233408,56.98587077,
1233439,56.98587077,
1233470,56.98587077,
1233501,56.98359398,
1233728,56.98587077,
1233858,56.98814756,
1233889,56.98359398,
1233921,56.98359398,
1233953,56.98587077,
1233984,56.99042436,
1234015,56.98587077,
1234047,56.98814756,
1234078,56.98814756,
1234109,56.98359398,
1234141,56.98359398,
1234172,56.98587077,
1234204,56.98131718,
1234235,56.98587077,
1234267,56.98814756,
1234298,56.98131718,
1234330,56.98587077,
1234361,56.98587077,
1234392,56.98814756,
1234423,56.98587077,
1235816,56.98587077,
1235946,56.98587077,
1235978,56.98587077,
1236009,56.98587077,
1236041,56.98359398,
1236072,56.98359398,
1236104,56.98359398,
1236135,56.98587077,
1236166,56.98359398,
1236198,56.98587077,
1236229,56.98359398,
1236261,56.98587077,
1236292,56.98587077,
1236324,56.98814756,
1236355,56.98587077,
1236387,56.98587077,
1236418,56.98814756,
1236449,56.98131718,
1236481,56.98587077,
1236512,56.98587077,
1236648,56.98587077,
1236778,56.98587077,
1236811,56.98587077,
1236843,56.98359398,
1236875,56.98587077,
1236909,56.98587077,
1236941,56.99042436,
1236973,56.98587077,
1237005,56.98587077,
1237037,56.98814756,
1237068,56.98587077,
1237100,56.98587077,
1237131,56.98814756,
1237163,56.98587077,
1237195,56.98814756,
1237226,56.98587077,
1237257,56.98814756,
1237288,56.98814756,
1237320,56.98814756,
1237351,56.98587077,
1237444,56.98814756,
1237572,56.98587077,
1237604,56.98359398,
1237636,56.98814756,
1237667,56.98587077,
1237698,56.98814756,
1237730,56.98587077,
1237761,56.98359398,
1237793,56.98359398,
1237824,56.98814756,
1237856,56.98587077,
1237887,56.98814756,
1237919,56.99042436,
1237950,56.98587077,
1237981,56.99042436,
1238013,56.98587077,
1238044,56.98587077,
1238076,56.98359398,
1238107,56.98587077,
1238139,56.98359398,
1238276,56.98814756,
1238407,56.98814756,
1238439,56.98814756,
1238470,56.99042436,
1238502,56.98587077,
1238533,56.98359398,
1238565,56.98587077,
1238596,56.98814756,
1238628,56.99042436,
1238659,56.98814756,
1238690,56.98587077,
1238722,56.98359398,
1238753,56.98814756,
1238785,56.98814756,
1238816,56.98814756,
1238848,56.98587077,
1238879,56.99270115,
1238910,56.98587077,
1238942,56.98587077,
1238973,56.98587077,
1239154,56.98587077,
1239284,56.98587077,
1239316,56.98359398,
1239347,56.98814756,
1239379,56.98814756,
1239410,56.98814756,
1239441,56.98359398,
1239473,56.98814756,
1239504,56.98814756,
1239535,56.98814756,
1239567,56.98587077,
1239598,56.98814756,
1239630,56.98814756,
1239661,56.98814756,
1239693,56.98587077,
1239724,56.99042436,
1239756,56.98814756,
1239787,56.98814756,
1239818,56.98359398,
1239849,56.98814756,
1240018,56.98359398,
1240148,56.98814756,
1240180,56.98587077,
1240212,56.98359398,
1240243,56.98814756,
1240275,56.98587077,
1240306,56.98814756,
1240337,56.98587077,
1240369,56.98587077,
1240400,56.98587077,
1240431,56.98814756,
1240463,56.98359398,
1240494,56.98587077,
1240526,56.98814756,
1240557,56.98359398,
1240589,56.98587077,
1240620,56.98814756,
1240651,56.98814756,
1240683,56.98359398,
1240714,56.98587077,
1240826,56.99042436,
1240955,56.98587077,
1240988,56.98359398,
1241019,56.99042436,
1241050,56.98587077,
1241082,56.98814756,
1241114,56.98359398,
1241145,56.98587077,
1241176,56.98359398,
1241208,56.98814756,
1241239,56.98587077,
1241270,56.98814756,
1241302,56.98359398,
1241333,56.98587077,
1241365,56.98814756,
1241396,56.98359398,
1241428,56.98587077,
1241459,56.98587077,
1241491,56.98359398,
1241522,56.98587077,
1241642,56.98814756,
1241770,56.98587077,
1241802,56.98814756,
1241834,56.99042436,
1241865,56.98359398,
1241896,56.99042436,
1241928,56.99042436,
1241959,56.98587077,
1241991,56.98587077,
1242022,56.98587077,
1242054,56.98587077,
1242085,56.98814756,
1242117,56.98814756,
1242148,56.98587077,
1242179,56.98814756,
1242211,56.98587077,
1242242,56.98587077,
1242274,56.98587077,
1242305,56.98587077,
1242336,56.98587077,
1242656,56.98359398,
1242784,56.98587077,
1242815,56.98814756,
1242847,56.98587077,
1242879,56.98587077,
1242910,56.98814756,
1242942,56.98587077,
1242973,56.98587077,
1243004,56.98587077,
1243036,56.98587077,
1243067,56.98814756,
1243098,56.98587077,
1243130,56.98587077,
1243161,56.98814756,
1243193,56.99042436,
1243224,56.98587077,
1243256,56.98814756,
1243287,56.98814756,
1243318,56.98359398,
1243350,56.98814756,
1243491,56.99042436,
1243621,56.98814756,
1243654,56.98587077,
1243685,56.98587077,
1243716,56.98359398,
1243748,56.98587077,
1243780,56.98587077,
1243811,56.98131718,
1243842,56.98814756,
1243874,56.98814756,
1243905,56.98359398,
1243936,56.98814756,
1243968,56.98814756,
1244000,56.98587077,
1244031,56.98814756,
1244062,56.98587077,
1244094,56.98587077,
1244125,56.98587077,
1244157,56.98814756,
1244188,56.98587077,
1244314,56.98814756,
1244442,56.98814756,
1244475,56.98359398,
1244506,56.98587077,
1244537,56.98587077,
1244569,56.98587077,
1244600,56.98814756,
1244632,56.98814756,
1244663,56.98587077,
1244695,56.98814756,
1244726,56.98359398,
1244757,56.98814756,
1244789,56.98587077,
1244820,56.98814756,
1244852,56.98814756,
1244883,56.98814756,
1244915,56.98359398,
1244946,56.98587077,
1244978,56.99042436,
1245009,56.98814756,
1245136,56.98814756,
1245264,56.98814756,
1245296,56.98587077,
1245328,56.98587077,
1245359,56.98814756,
1245391,56.98814756,
1245422,56.98587077,
1245453,56.98587077,
1245485,56.99042436,
1245516,56.98587077,
1245548,56.98587077,
1245579,56.98587077,
1245611,56.98587077,
1245642,56.98587077,
1245673,56.98814756,
1245705,56.98814756,
1245736,56.98587077,
1245768,56.98814756,
1245799,56.98587077,
1245831,56.98587077,
1245942,56.98814756,
1246070,56.98814756,
1246102,56.98587077,
1246134,56.98587077,
1246165,56.98587077,
1246196,56.98587077,
1246228,56.98587077,
1246260,56.98359398,
1246291,56.98814756,
1246322,56.98587077,
1246354,56.98587077,
1246385,56.98359398,
1246417,56.98587077,
1246448,56.98587077,
1246479,56.98587077,
1246511,56.98814756,
1246543,56.98587077,
1246574,56.98587077,
1246605,56.98814756,
1246637,56.98814756,
1246757,56.98359398,
1246887,56.98587077,
1246918,56.98587077,
1246951,56.98814756,
1246982,56.98587077,
1247013,56.98814756,
1247045,56.99042436,
1247076,56.98359398,
1247108,56.98814756,
1247139,56.98587077,
1247171,56.98587077,
1247202,56.98587077,
1247234,56.98587077,
1247265,56.98587077,
1247296,56.98587077,
1247328,56.98587077,
1247359,56.98814756,
1247391,56.98587077,
1247422,56.98814756,
1247453,56.98359398,
1247666,56.98814756,
1247795,56.98359398,
1247826,56.98814756,
1247858,56.98587077,
1247890,56.98587077,
1247921,56.98587077,
1247953,56.98587077,
1247984,56.98587077,
1248015,56.98359398,
1248047,56.98587077,
1248078,56.98587077,
1248110,56.99042436,
1248141,56.98587077,
1248172,56.98587077,
1248204,56.98587077,
1248235,56.98814756,
1248267,56.98587077,
1248298,56.98814756,
1248329,56.99042436,
1248361,56.98587077,
1248587,56.98587077,
1248715,56.98587077,
1248746,56.98587077,
1248778,56.98814756,
1248809,56.98587077,
1248841,56.99042436,
1248873,56.98814756,
1248904,56.98587077,
1248935,56.98814756,
1248967,56.98814756,
1248998,56.98359398,
1249029,56.98587077,
1249061,56.98587077,
1249092,56.98587077,
1249124,56.98814756,
1249155,56.99042436,
1249187,56.98587077,
1249218,56.98587077,
1249249,56.98587077,
1249281,56.98359398,
1249425,56.98359398,
1249553,56.98359398,
1249585,56.98814756,
1249616,56.98587077,
1249648,56.98814756,
1249679,56.99042436,
1249711,56.98587077,
1249742,56.98587077,
1249774,56.98814756,
1249805,56.98814756,
1249837,56.98814756,
1249868,56.98587077,
1249900,56.98131718,
1249931,56.98814756,
1249962,56.98587077,
1249994,56.98814756,
1250025,56.98587077,
1250057,56.98587077,
1250088,56.98587077,
1250120,56.98587077,
1250254,56.98587077,
1250384,56.98359398,
1250417,56.98359398,
1250449,56.98814756,
1250480,56.98814756,
1250512,56.98814756,
1250543,56.98814756,
1250574,56.98587077,
1250606,56.98587077,
1250637,56.98587077,
1250669,56.98587077,
1250700,56.98587077,
1250731,56.98814756,
1250763,56.98587077,
1250794,56.99042436,
1250826,56.98587077,
1250857,56.98359398,
1250888,56.99042436,
1250920,56.98814756,
1250952,56.98814756,
1251079,56.98814756,
1251208,56.98587077,
1251240,56.99042436,
1251272,56.98587077,
1251303,56.98587077,
1251335,56.98587077,
1251366,56.98359398,
1251397,56.98587077,
1251429,56.98814756,
1251460,56.98587077,
1251492,56.98587077,
1251523,56.99042436,
1251555,56.98814756,
1251586,56.98587077,
1251617,56.98814756,
1251649,56.98814756,
1251680,56.98587077,
1251711,56.98359398,
1251743,56.98814756,
1251775,56.98587077,
1251903,56.98359398,
1252033,56.98587077,
1252066,56.98587077,
1252097,56.98814756,
1252129,56.98587077,
1252160,56.98587077,
1252192,56.98814756,
1252223,56.98587077,
1252255,56.98587077,
1252286,56.98359398,
1252317,56.98814756,
1252349,56.98587077,
1252380,56.98587077,
1252412,56.98587077,
1252443,56.98587077,
1252475,56.98359398,
1252506,56.98359398,
1252537,56.98814756,
1252569,56.99042436,
1252600,56.98359398,
1252703,56.99042436,
1252833,56.99042436,
1252865,56.99042436,
1252897,56.98359398,
1252928,56.98587077,
1252960,56.98587077,
1252991,56.99042436,
1253022,56.98359398,
1253054,56.98814756,
1253085,56.98587077,
1253117,56.98587077,
1253148,56.98587077,
1253180,56.98587077,
1253211,56.98814756,
1253242,56.99042436,
1253274,56.98814756,
1253305,56.98814756,
1253336,56.98587077,
1253368,56.98814756,
1253399,56.98587077,
1253595,56.98814756,
1253725,56.98587077,
1253756,56.98814756,
1253788,56.98359398,
1253820,56.98587077,
1253851,56.99042436,
1253883,56.98814756,
1253914,56.98814756,
1253945,56.99042436,
1253977,56.98814756,
1254009,56.98587077,
1254040,56.98587077,
1254071,56.98587077,
1254103,56.98814756,
1254134,56.98587077,
1254166,56.98359398,
1254197,56.98587077,
1254229,56.98587077,
1254260,56.98814756,
1254291,56.98814756,
1254445,56.98814756,
1254576,56.98814756,
1254608,56.99042436,
1254639,56.98587077,
1254671,56.98814756,
1254702,56.98587077,
1254734,56.98359398,
1254765,56.98359398,
1254796,56.99042436,
1254828,56.98814756,
1254859,56.98587077,
1254891,56.98359398,
1254922,56.98587077,
1254954,56.98814756,
1254985,56.98814756,
1255017,56.98131718,
1255048,56.98814756,
1255079,56.98814756,
1255111,56.98587077,
1255142,56.98587077,
1255460,56.98587077,
1255591,56.98587077,
1255623,56.98587077,
1255654,56.98814756,
1255685,56.98814756,
1255717,56.99042436,
1255749,56.98814756,
1255780,56.98814756,
1255811,56.98587077,
1255843,56.99270115,
1255874,56.98814756,
1255905,56.98587077,
1255937,56.99270115,
1255969,56.98587077,
1256000,56.98587077,
1256031,56.98587077,
1256063,56.98814756,
1256094,56.98359398,
1256125,56.98814756,
1256157,56.98814756,
1256575,56.98814756,
1256705,56.98587077,
1256737,56.98814756,
1256769,56.98587077,
1256800,56.98814756,
1256831,56.98814756,
1256863,56.98587077,
1256894,56.98587077,
1256926,56.98359398,
1256957,56.98587077,
1256989,56.99042436,
1257020,56.99042436,
1257051,56.99042436,
1257083,56.98587077,
1257114,56.98587077,
1257145,56.98814756,
1257177,56.98814756,
1257208,56.98587077,
1257240,56.98814756,
1257271,56.98587077,
1257504,56.98587077,
1257634,56.98587077,
1257666,56.98359398,
1257698,56.98814756,
1257729,56.98587077,
1257760,56.98814756,
1257792,56.98587077,
1257823,56.98587077,
1257855,56.98814756,
1257886,56.98587077,
1257918,56.98587077,
1257949,56.98587077,
1257981,56.98814756,
1258012,56.98587077,
1258044,56.98814756,
1258075,56.98587077,
1258106,56.99042436,
1258138,56.98814756,
1258169,56.98814756,
1258201,56.98814756,
1258428,56.98814756,
1258559,56.98814756,
1258590,56.98587077,
1258622,56.98814756,
1258653,56.98814756,
1258685,56.99042436,
1258716,56.98814756,
1258748,56.98814756,
1258779,56.98587077,
1258811,56.98587077,
1258842,56.98587077,
1258873,56.98814756,
1258905,56.98587077,
1258936,56.98587077,
1258968,56.98814756,
1258999,56.98359398,
1259030,56.98814756,
1259062,56.98587077,
1259093,56.98814756,
1259125,56.99042436,
1259283,56.98587077,
1259412,56.98814756,
1259444,56.98814756,
1259475,56.98814756,
1259506,56.98587077,
1259538,56.98587077,
1259570,56.98814756,
1259601,56.98587077,
1259633,56.99042436,
1259664,56.98814756,
1259695,56.99042436,
1259727,56.98359398,
1259758,56.98814756,
1259789,56.98814756,
1259821,56.98814756,
1259853,56.98587077,
1259884,56.98814756,
1259915,56.98587077,
1259947,56.99042436,
1259978,56.99042436,
1260088,56.98814756,
1260218,56.98587077,
1260250,56.99042436,
1260282,56.98814756,
1260313,56.98814756,
1260345,56.98359398,
1260376,56.98587077,
1260407,56.99042436,
1260439,56.98587077,
1260470,56.98587077,
1260502,56.98587077,
1260533,56.98814756,
1260564,56.98814756,
1260596,56.98587077,
1260627,56.99042436,
1260659,56.98814756,
1260690,56.98814756,
1260721,56.98359398,
1260753,56.98359398,
1260784,56.98814756,
1260977,56.98587077,
1261108,56.98587077,
1261139,56.98814756,
1261171,56.99042436,
1261202,56.98814756,
1261233,56.98814756,
1261265,56.98359398,
1261296,56.98587077,
1261328,56.98814756,
1261359,56.98587077,
1261391,56.98587077,
1261422,56.98587077,
1261453,56.98587077,
1261485,56.98587077,
1261516,56.98587077,
1261548,56.98587077,
1261579,56.98587077,
1261611,56.98587077,
1261642,56.98814756,
1261674,56.98587077,
1261916,56.98587077,
1262045,56.98587077,
1262076,56.98814756,
1262108,56.98587077,
1262139,56.98814756,
1262171,56.98587077,
1262202,56.98587077,
1262234,56.98814756,
1262265,56.98359398,
1262297,56.98587077,
1262328,56.98587077,
1262359,56.98587077,
1262391,56.98814756,
1262422,56.98814756,
1262454,56.98814756,
1262485,56.98587077,
1262517,56.98587077,
1262548,56.98814756,
1262579,56.99042436,
1262611,56.99042436,
1262810,56.98359398,
1262938,56.98359398,
1262970,56.99042436,
1263002,56.98587077,
1263033,56.98587077,
1263064,56.98587077,
1263095,56.98814756,
1263127,56.98814756,
1263159,56.98587077,
1263190,56.99042436,
1263221,56.98587077,
1263253,56.98587077,
1263284,56.98814756,
1263316,56.98814756,
1263347,56.98587077,
1263378,56.98814756,
1263410,56.98587077,
1263441,56.99270115,
1263473,56.98587077,
1263504,56.98814756,
1263745,56.98587077,
1263875,56.98587077,
1263906,56.98359398,
1263938,56.98587077,
1263970,56.98359398,
1264001,56.98587077,
1264032,56.99042436,
1264064,56.98587077,
1264095,56.98814756,
1264127,56.98587077,
1264158,56.98587077,
1264189,56.98359398,
1264221,56.98587077,
1264252,56.98814756,
1264284,56.98587077,
1264315,56.98814756,
1264347,56.98814756,
1264378,56.98587077,
1264409,56.98587077,
1264441,56.98814756,
1264683,56.98587077,
1264813,56.98814756,
1264845,56.98814756,
1264877,56.98587077,
1264908,56.98587077,
1264939,56.98587077,
1264971,56.98587077,
1265002,56.98587077,
1265033,56.98587077,
1265065,56.98814756,
1265096,56.98814756,
1265128,56.98587077,
1265159,56.98814756,
1265191,56.98814756,
1265222,56.98814756,
1265254,56.98587077,
1265285,56.98814756,
1265316,56.99042436,
1265347,56.98359398,
1265379,56.98814756,
1265597,56.98587077,
1265727,56.98587077,
1265758,56.98359398,
1265790,56.98587077,
1265821,56.98587077,
1265853,56.98587077,
1265885,56.98587077,
1265916,56.98587077,
1265947,56.98814756,
1265979,56.98814756,
1266010,56.98587077,
1266041,56.98587077,
1266073,56.98814756,
1266104,56.98814756,
1266136,56.98814756,
1266167,56.98814756,
1266199,56.98587077,
1266230,56.98587077,
1266261,56.99042436,
1266293,56.98587077,
1269376,56.98587077,
1269506,56.98587077,
1269538,56.98587077,
1269570,56.98587077,
1269602,56.98359398,
1269633,56.98587077,
1269664,56.98814756,
1269696,56.98587077,
1269727,56.98587077,
1269759,56.98814756,
1269790,56.98587077,
1269821,56.98587077,
1269853,56.98814756,
1269884,56.98587077,
1269916,56.98814756,
1269947,56.98814756,
1269979,56.98359398,
1270010,56.98587077,
1270041,56.98814756,
1270073,56.98814756,
1270221,56.98359398,
1270349,56.98587077,
1270381,56.98587077,
1270413,56.98587077,
1270444,56.98587077,
1270476,56.98587077,
1270507,56.98587077,
1270538,56.99042436,
1270570,56.98814756,
1270601,56.98587077,
1270633,56.98814756,
1270664,56.98587077,
1270696,56.99042436,
1270727,56.98587077,
1270758,56.98587077,
1270790,56.98587077,
1270821,56.98587077,
1270853,56.98814756,
1270884,56.98587077,
1270916,56.98587077,
1271110,56.98814756,
1271240,56.98587077,
1271272,56.98587077,
1271303,56.98814756,
1271335,56.98587077,
1271366,56.98814756,
1271398,56.98814756,
1271429,56.98359398,
1271460,56.98587077,
1271492,56.98814756,
1271523,56.98814756,
1271555,56.98814756,
1271586,56.98587077,
1271618,56.98587077,
1271649,56.98814756,
1271680,56.98587077,
1271712,56.98587077,
1271743,56.98814756,
1271774,56.98587077,
1271806,56.98587077,
1271969,56.98587077,
1272100,56.98814756,
1272132,56.98814756,
1272164,56.98814756,
1272195,56.98814756,
1272227,56.99042436,
1272258,56.98814756,
1272289,56.98587077,
1272321,56.98814756,
1272352,56.99042436,
1272384,56.98814756,
1272415,56.98587077,
1272447,56.98587077,
1272478,56.98587077,
1272509,56.98814756,
1272541,56.98587077,
1272572,56.98814756,
1272603,56.98814756,
1272635,56.98814756,
1272666,56.98814756,
1272960,56.98814756,
1273090,56.98814756,
1273121,56.98814756,
1273153,56.98814756,
1273184,56.98814756,
1273216,56.98814756,
1273247,56.98814756,
1273279,56.98814756,
1273310,56.98587077,
1273342,56.98814756,
1273373,56.98814756,
1273404,56.99042436,
1273435,56.99270115,
1273467,56.98814756,
1273499,56.98587077,
1273530,56.98814756,
1273561,56.99042436,
1273593,56.98587077,
1273624,56.98587077,
1273656,56.98587077,
1273899,56.98587077,
1274028,56.98587077,
1274061,56.98814756,
1274092,56.99042436,
1274123,56.98814756,
1274155,56.99042436,
1274186,56.98587077,
1274218,56.98587077,
1274249,56.98814756,
1274281,56.99042436,
1274312,56.98814756,
1274343,56.99042436,
1274375,56.98814756,
1274406,56.98359398,
1274438,56.98587077,
1274469,56.98587077,
1274501,56.98587077,
1274532,56.98814756,
1274563,56.99270115,
1274595,56.98814756,
1274746,56.98587077,
1274875,56.98814756,
1274907,56.98814756,
1274938,56.98359398,
1274969,56.98587077,
1275001,56.98587077,
1275033,56.98814756,
1275064,56.99042436,
1275096,56.99042436,
1275127,56.98814756,
1275158,56.99042436,
1275190,56.99270115,
1275221,56.98814756,
1275252,56.98814756,
1275284,56.98814756,
1275315,56.99042436,
1275347,56.98814756,
1275378,56.98587077,
1275410,56.98814756,
1275441,56.98814756,
1275549,56.98587077,
1275679,56.98587077,
1275711,56.98587077,
1275743,56.98359398,
1275774,56.98587077,
1275806,56.98587077,
1275837,56.98587077,
1275869,56.99042436,
1275900,56.99042436,
1275932,56.98814756,
1275963,56.98814756,
1275994,56.98814756,
1276026,56.98814756,
1276057,56.98814756,
1276089,56.99042436,
1276120,56.98814756,
1276152,56.98814756,
1276183,56.99042436,
1276214,56.98814756,
1276246,56.98814756,
1276435,56.99042436,
1276563,56.98814756,
1276595,56.98814756,
1276626,56.98814756,
1276658,56.98814756,
1276689,56.99270115,
1276721,56.99042436,
1276752,56.98814756,
1276784,56.99042436,
1276815,56.99042436,
1276846,56.99270115,
1276878,56.99042436,
1276909,56.98814756,
1276941,56.98814756,
1276972,56.98814756,
1277003,56.98814756,
1277035,56.98587077,
1277066,56.98587077,
1277098,56.98587077,
1277129,56.98587077,
1280254,56.98587077,
1280384,56.99042436,
1280416,56.99042436,
1280448,56.99042436,
1280479,56.98814756,
1280511,56.98814756,
1280542,56.99042436,
1280573,56.98814756,
1280605,56.98814756,
1280636,56.99042436,
1280668,56.98814756,
1280699,56.98587077,
1280731,56.98814756,
1280762,56.99042436,
1280793,56.98814756,
1280825,56.98359398,
1280857,56.98814756,
1280888,56.99042436,
1280919,56.98587077,
1280951,56.98587077,
1281066,56.98814756,
1281193,56.99042436,
1281225,56.99042436,
1281257,56.98814756,
1281288,56.99042436,
1281319,56.98814756,
1281351,56.99042436,
1281383,56.98814756,
1281414,56.98814756,
1281446,56.99042436,
1281477,56.98814756,
1281508,56.98814756,
1281540,56.98814756,
1281571,56.99042436,
1281602,56.99042436,
1281634,56.98814756,
1281666,56.98587077,
1281697,56.98587077,
1281728,56.98814756,
1281760,56.98587077,
1281899,56.98587077,
1282029,56.98587077,
1282062,56.98814756,
1282093,56.98587077,
1282124,56.98814756,
1282156,56.99042436,
1282188,56.98814756,
1282219,56.98814756,
1282251,56.98814756,
1282282,56.99042436,
1282313,56.98814756,
1282344,56.99042436,
1282376,56.99270115,
1282407,56.99042436,
1282439,56.99042436,
1282470,56.98814756,
1282502,56.98814756,
1282533,56.98814756,
1282565,56.99042436,
1282596,56.99042436,
1282707,56.98814756,
1282836,56.99042436,
1282869,56.99042436,
1282900,56.99270115,
1282931,56.98814756,
1282963,56.98814756,
1282994,56.99042436,
1283026,56.98814756,
1283057,56.98587077,
1283089,56.99270115,
1283120,56.98814756,
1283151,56.98587077,
1283183,56.98814756,
1283214,56.98814756,
1283246,56.98814756,
1283277,56.98814756,
1283309,56.98587077,
1283340,56.99042436,
1283371,56.98814756,
1283403,56.99042436,
1283528,56.98814756,
1283659,56.98814756,
1283691,56.98814756,
1283722,56.99042436,
1283754,56.98814756,
1283786,56.98814756,
1283817,56.99042436,
1283848,56.99042436,
1283879,56.99042436,
1283911,56.98587077,
1283943,56.98814756,
1283974,56.99042436,
1284005,56.99042436,
1284037,56.98587077,
1284068,56.98814756,
1284100,56.98814756,
1284131,56.98814756,
1284162,56.98814756,
1284194,56.98814756,
1284225,56.99270115,
1284743,56.98587077,
1284871,56.99042436,
1284903,56.98814756,
1284935,56.98814756,
1284966,56.98814756,
1284998,56.98814756,
1285029,56.98587077,
1285061,56.99042436,
1285092,56.98814756,
1285124,56.98814756,
1285155,56.98587077,
1285186,56.98814756,
1285218,56.98587077,
1285249,56.98587077,
1285280,56.98587077,
1285312,56.98587077,
1285343,56.99270115,
1285375,56.99042436,
1285406,56.98587077,
1285438,56.98587077,
1285581,56.99042436,
1285711,56.98587077,
1285744,56.98359398,
1285775,56.98587077,
1285806,56.99042436,
1285838,56.98587077,
1285870,56.98814756,
1285901,56.98814756,
1285932,56.98814756,
1285964,56.98814756,
1285995,56.99042436,
1286026,56.98587077,
1286058,56.98587077,
1286089,56.98359398,
1286121,56.98814756,
1286152,56.98814756,
1286184,56.98814756,
1286215,56.98359398,
1286247,56.98587077,
1286278,56.98814756,
1286579,56.98814756,
1286710,56.99042436,
1286742,56.98814756,
1286774,56.98587077,
1286805,56.98814756,
1286836,56.98814756,
1286868,56.99042436,
1286900,56.99270115,
1286931,56.98814756,
1286963,56.99042436,
1286994,56.99270115,
1287025,56.98587077,
1287056,56.98587077,
1287088,56.99270115,
1287120,56.98587077,
1287151,56.99042436,
1287182,56.98814756,
1287214,56.98587077,
1287245,56.99042436,
1287277,56.99042436,
1287441,56.98587077,
1287571,56.99042436,
1287604,56.98814756,
1287635,56.98814756,
1287666,56.98587077,
1287698,56.98359398,
1287729,56.99270115,
1287760,56.99042436,
1287792,56.99042436,
1287823,56.99042436,
1287855,56.98814756,
1287887,56.99042436,
1287918,56.99042436,
1287949,56.99042436,
1287980,56.99042436,
1288012,56.98814756,
1288043,56.99042436,
1288075,56.99042436,
1288106,56.98814756,
1288138,56.98814756,
1288248,56.98814756,
1288376,56.98814756,
1288408,56.99042436,
1288440,56.98814756,
1288471,56.98814756,
1288503,56.98587077,
1288534,56.98587077,
1288566,56.99270115,
1288597,56.98587077,
1288628,56.98587077,
1288660,56.99042436,
1288691,56.99042436,
1288723,56.98587077,
1288754,56.98814756,
1288785,56.98814756,
1288817,56.98587077,
1288848,56.98814756,
1288880,56.98814756,
1288911,56.99042436,
1288943,56.99270115,
1289064,56.98814756,
1289192,56.98814756,
1289224,56.98814756,
1289256,56.98587077,
1289287,56.99042436,
1289319,56.99270115,
1289350,56.99270115,
1289382,56.98587077,
1289413,56.98587077,
1289444,56.99270115,
1289476,56.98814756,
1289507,56.98814756,
1289539,56.98587077,
1289570,56.98814756,
1289601,56.99270115,
1289633,56.99042436,
1289664,56.98814756,
1289696,56.99042436,
1289727,56.99270115,
1289759,56.99042436,
1289903,56.98587077,
1290032,56.98587077,
1290064,56.98587077,
1290095,56.99042436,
1290127,56.99042436,
1290159,56.98814756,
1290190,56.98587077,
1290221,56.98814756,
1290253,56.98587077,
1290284,56.99042436,
1290315,56.98814756,
1290347,56.98587077,
1290378,56.99042436,
1290410,56.98814756,
1290441,56.98814756,
1290473,56.98587077,
1290504,56.98814756,
1290535,56.98587077,
1290567,56.98359398,
1290598,56.98587077,
1290885,56.99270115,
1291016,56.98814756,
1291047,56.98814756,
1291079,56.99042436,
1291110,56.98814756,
1291142,56.99042436,
1291173,56.98814756,
1291205,56.99270115,
1291236,56.98814756,
1291268,56.99042436,
1291299,56.98814756,
1291330,56.98814756,
1291362,56.99042436,
1291393,56.98814756,
1291424,56.99042436,
1291456,56.99042436,
1291487,56.99042436,
1291519,56.98587077,
1291550,56.98814756,
1291582,56.98587077,
1291716,56.98814756,
1291846,56.99042436,
1291879,56.98814756,
1291910,56.98814756,
1291941,56.98814756,
1291973,56.98814756,
1292004,56.99042436,
1292036,56.98814756,
1292067,56.98814756,
1292099,56.99042436,
1292130,56.99042436,
1292161,56.98587077,
1292193,56.99042436,
1292224,56.98814756,
1292256,56.99042436,
1292287,56.99042436,
1292319,56.99270115,
1292350,56.98814756,
1292381,56.99270115,
1292413,56.98814756,
1292555,56.98814756,
1292683,56.99042436,
1292716,56.98814756,
1292748,56.98814756,
1292779,56.98814756,
1292811,56.98814756,
1292842,56.99270115,
1292873,56.99042436,
1292905,56.98814756,
1292936,56.98814756,
1292968,56.99042436,
1292999,56.98814756,
1293031,56.98814756,
1293062,56.99270115,
1293093,56.99042436,
1293125,56.99042436,
1293156,56.98814756,
1293187,56.99042436,
1293219,56.99042436,
1293251,56.99042436,
1293448,56.98814756,
1293579,56.98814756,
1293610,56.98814756,
1293643,56.99042436,
1293674,56.99042436,
1293705,56.98814756,
1293737,56.99270115,
1293768,56.98814756,
1293800,56.98814756,
1293831,56.99042436,
1293863,56.98814756,
1293894,56.99042436,
1293926,56.98814756,
1293957,56.99042436,
1293988,56.99042436,
1294019,56.99042436,
1294051,56.98587077,
1294082,56.98814756,
1294114,56.99042436,
1294145,56.98814756,
1294562,56.99042436,
1294690,56.98814756,
1294722,56.99270115,
1294754,56.99042436,
1294785,56.98814756,
1294817,56.98587077,
1294848,56.98814756,
1294880,56.98814756,
1294911,56.98814756,
1294942,56.98814756,
1294974,56.99042436,
1295005,56.98587077,
1295036,56.98814756,
1295068,56.99042436,
1295099,56.99270115,
1295131,56.99042436,
1295162,56.99042436,
1295194,56.98814756,
1295225,56.98814756,
1295257,56.98814756,
1295405,56.98587077,
1295535,56.99042436,
1295567,56.98814756,
1295599,56.99042436,
1295630,56.99042436,
1295661,56.99042436,
1295693,56.99042436,
1295724,56.99497794,
1295756,56.99042436,
1295787,56.98814756,
1295819,56.99270115,
1295850,56.99042436,
1295882,56.98587077,
1295913,56.98814756,
1295944,56.98814756,
1295976,56.98814756,
1296008,56.99042436,
1296039,56.99042436,
1296070,56.99497794,
1296102,56.99042436,
1296302,56.99042436,
1296432,56.99042436,
1296464,56.98587077,
1296495,56.98587077,
1296527,56.98814756,
1296558,56.98814756,
1296590,56.98814756,
1296621,56.99270115,
1296652,56.99270115,
1296683,56.99042436,
1296715,56.98587077,
1296747,56.98814756,
1296778,56.98814756,
1296809,56.98814756,
1296841,56.99042436,
1296872,56.99270115,
1296904,56.99042436,
1296935,56.99270115,
1296967,56.99270115,
1296998,56.99042436,
1297224,56.98814756,
1297352,56.99042436,
1297384,56.99042436,
1297415,56.99270115,
1297447,56.98814756,
1297478,56.98814756,
1297510,56.99042436,
1297541,56.99042436,
1297572,56.98814756,
1297603,56.98814756,
1297635,56.98814756,
1297667,56.98814756,
1297698,56.98814756,
1297729,56.99270115,
1297761,56.98814756,
1297792,56.98814756,
1297824,56.99042436,
1297855,56.98814756,
1297887,56.99270115,
1297918,56.99042436,
1298082,56.98814756,
1298212,56.99042436,
1298245,56.99042436,
1298276,56.99042436,
1298307,56.98814756,
1298339,56.99042436,
1298371,56.99270115,
1298402,56.98814756,
1298434,56.98587077,
1298465,56.98587077,
1298496,56.98814756,
1298527,56.99042436,
1298559,56.98814756,
1298590,56.98814756,
1298622,56.98814756,
1298653,56.98814756,
1298685,56.98814756,
1298716,56.98814756,
1298748,56.99497794,
1298779,56.99042436,
1298885,56.99042436,
1299013,56.98814756,
1299046,56.99042436,
1299077,56.99270115,
1299109,56.99042436,
1299140,56.98814756,
1299172,56.99042436,
1299203,56.98814756,
1299234,56.99042436,
1299266,56.98814756,
1299297,56.99270115,
1299328,56.99042436,
1299360,56.98814756,
1299391,56.99270115,
1299423,56.99042436,
1299454,56.98814756,
1299486,56.98814756,
1299517,56.98814756,
1299548,56.99042436,
1299580,56.99270115,
1299707,56.99042436,
1299837,56.99042436,
1299869,56.98814756,
1299901,56.98814756,
1299932,56.98814756,
1299963,56.99042436,
1299995,56.99042436,
1300026,56.98814756,
1300058,56.99270115,
1300089,56.99270115,
1300121,56.99270115,
1300152,56.99042436,
1300184,56.98814756,
1300215,56.99270115,
1300246,56.98814756,
1300278,56.99042436,
1300309,56.99042436,
1300341,56.98814756,
1300372,56.98814756,
1300403,56.99042436,
1300623,56.98814756,
1300753,56.99042436,
1300786,56.99042436,
1300817,56.99042436,
1300848,56.98814756,
1300880,56.99042436,
1300911,56.98587077,
1300943,56.99270115,
1300974,56.99042436,
1301006,56.98587077,
1301037,56.99270115,
1301068,56.98814756,
1301100,56.98587077,
1301131,56.99042436,
1301163,56.99042436,
1301194,56.98814756,
1301226,56.98814756,
1301257,56.98814756,
1301288,56.98814756,
1301320,56.98814756,
1301524,56.99042436,
1301655,56.99042436,
1301686,56.99042436,
1301718,56.99042436,
1301749,56.99042436,
1301781,56.99042436,
1301812,56.98587077,
1301844,56.99042436,
1301875,56.98814756,
1301906,56.99042436,
1301938,56.99042436,
1301969,56.98814756,
1302000,56.98587077,
1302032,56.99042436,
1302064,56.98814756,
1302095,56.99042436,
1302126,56.99042436,
1302158,56.99042436,
1302189,56.98814756,
1302221,56.98814756,
1302672,56.99270115,
1302800,56.98587077,
1302832,56.99042436,
1302864,56.99042436,
1302895,56.99270115,
1302926,56.98814756,
1302958,56.99725474,
1302990,56.98814756,
1303021,56.99270115,
1303052,56.99270115,
1303084,56.98814756,
1303115,56.98814756,
1303147,56.99042436,
1303178,56.98587077,
1303209,56.98359398,
1303241,56.98814756,
1303272,56.98587077,
1303304,56.99270115,
1303335,56.98587077,
1303367,56.98814756,
1303506,56.99042436,
1303634,56.98814756,
1303667,56.99042436,
1303698,56.98814756,
1303730,56.99042436,
1303762,56.98814756,
1303793,56.98587077,
1303824,56.98814756,
1303856,56.98814756,
1303887,56.98814756,
1303919,56.98814756,
1303950,56.99042436,
1303982,56.98814756,
1304013,56.99042436,
1304044,56.98814756,
1304076,56.98814756,
1304107,56.99042436,
1304139,56.99270115,
1304170,56.99042436,
1304201,56.99042436,
1304324,56.98814756,
1304452,56.98814756,
1304485,56.98814756,
1304517,56.99270115,
1304548,56.98814756,
1304580,56.98587077,
1304611,56.99042436,
1304642,56.98814756,
1304674,56.99042436,
1304705,56.98814756,
1304736,56.98587077,
1304768,56.99042436,
1304799,56.99042436,
1304831,56.99042436,
1304862,56.98814756,
1304894,56.99042436,
1304925,56.98587077,
1304956,56.99042436,
1304988,56.98814756,
1305020,56.99042436,
1305211,56.98814756,
1305341,56.98814756,
1305373,56.98814756,
1305405,56.98814756,
1305436,56.99042436,
1305467,56.99042436,
1305499,56.99270115,
1305530,56.99042436,
1305562,56.98814756,
1305593,56.99042436,
1305625,56.99270115,
1305656,56.98814756,
1305687,56.98587077,
1305719,56.99042436,
1305750,56.98814756,
1305782,56.98587077,
1305813,56.99042436,
1305845,56.99270115,
1305876,56.99042436,
1305908,56.98814756,
1306057,56.98814756,
1306187,56.99270115,
1306220,56.99042436,
1306251,56.98814756,
1306282,56.99042436,
1306314,56.99042436,
1306346,56.98814756,
1306377,56.98814756,
1306408,56.98814756,
1306440,56.99042436,
1306471,56.98814756,
1306502,56.99270115,
1306534,56.98814756,
1306565,56.98814756,
1306597,56.98814756,
1306628,56.99042436,
1306660,56.98587077,
1306691,56.98814756,
1306723,56.98814756,
1306754,56.98814756,
1306971,56.98814756,
1307101,56.98587077,
1307134,56.98814756,
1307165,56.98814756,
1307196,56.98587077,
1307228,56.99042436,
1307260,56.98587077,
1307291,56.98814756,
1307323,56.98587077,
1307355,56.99042436,
1307386,56.99042436,
1307417,56.98814756,
1307449,56.98814756,
1307480,56.98814756,
1307512,56.99042436,
1307543,56.99270115,
1307575,56.98814756,
1307606,56.98587077,
1307637,56.99270115,
1307669,56.98814756,
1307796,56.98814756,
1307924,56.98814756,
1307956,56.98359398,
1307988,56.99042436,
1308019,56.98814756,
1308050,56.98814756,
1308082,56.98587077,
1308113,56.98814756,
1308145,56.99270115,
1308176,56.98587077,
1308208,56.99042436,
1308239,56.99042436,
1308271,56.98814756,
1308302,56.99042436,
1308333,56.98814756,
1308365,56.98587077,
1308396,56.99270115,
1308427,56.99042436,
1308459,56.99042436,
1308490,56.98587077,
1308692,56.98814756,
1308820,56.99042436,
1308852,56.99042436,
1308884,56.98814756,
1308916,56.98814756,
1308947,56.98814756,
1308979,56.98814756,
1309010,56.98814756,
1309041,56.98814756,
1309072,56.99042436,
1309104,56.98587077,
1309135,56.98814756,
1309167,56.99270115,
1309198,56.99270115,
1309230,56.99270115,
1309261,56.99042436,
1309293,56.99042436,
1309324,56.98814756,
1309355,56.99042436,
1309387,56.98814756,
1309546,56.98814756,
1309676,56.99042436,
1309708,56.99042436,
1309740,56.98814756,
1309771,56.99270115,
1309803,56.99042436,
1309834,56.98814756,
1309866,56.98814756,
1309898,56.98587077,
1309929,56.98814756,
1309960,56.98814756,
1309991,56.99042436,
1310023,56.99270115,
1310054,56.99042436,
1310086,56.98587077,
1310117,56.99270115,
1310149,56.98587077,
1310180,56.98587077,
1310212,56.99042436,
1310243,56.98587077,
1310433,56.99042436,
1310563,56.99270115,
1310594,56.99042436,
1310626,56.99042436,
1310657,56.98814756,
1310689,56.99042436,
1310720,56.99270115,
1310752,56.99042436,
1310783,56.99042436,
1310814,56.99497794,
1310846,56.99042436,
1310877,56.99042436,
1310909,56.98814756,
1310940,56.99042436,
1310972,56.99270115,
1311003,56.99042436,
1311035,56.98814756,
1311066,56.98814756,
1311097,56.98814756,
1311129,56.98814756,
1311490,56.99042436,
1311620,56.99270115,
1311652,56.99270115,
1311684,56.99042436,
1311715,56.99270115,
1311747,56.98814756,
1311778,56.99042436,
1311810,56.99497794,
1311841,56.98814756,
1311873,56.98814756,
1311904,56.98814756,
1311935,56.99042436,
1311967,56.99270115,
1311998,56.99042436,
1312029,56.98814756,
1312061,56.99270115,
1312092,56.98814756,
1312124,56.98814756,
1312155,56.98814756,
1312187,56.99270115,
1312492,56.98814756,
1312622,56.99042436,
1312653,56.99042436,
1312685,56.99042436,
1312717,56.99042436,
1312748,56.99270115,
1312780,56.99042436,
1312811,56.99042436,
1312842,56.98814756,
1312874,56.98814756,
1312905,56.99270115,
1312937,56.98814756,
1312968,56.99042436,
1312999,56.99270115,
1313031,56.98814756,
1313062,56.99042436,
1313094,56.98814756,
1313125,56.98814756,
1313156,56.99042436,
1313188,56.98814756,
1313434,56.99042436,
1313564,56.99042436,
1313596,56.98814756,
1313628,56.99270115,
1313659,56.99042436,
1313691,56.99270115,
1313722,56.99042436,
1313753,56.99042436,
1313784,56.99270115,
1313816,56.98587077,
1313848,56.98814756,
1313879,56.98814756,
1313911,56.98359398,
1313942,56.98587077,
1313973,56.99042436,
1314005,56.98814756,
1314036,56.99270115,
1314067,56.99270115,
1314099,56.98587077,
1314130,56.99270115,
1314248,56.99270115,
1314378,56.98814756,
1314411,56.99042436,
1314442,56.99270115,
1314473,56.98814756,
1314505,56.99042436,
1314536,56.99270115,
1314568,56.99042436,
1314599,56.99042436,
1314631,56.99042436,
1314662,56.98587077,
1314693,56.99270115,
1314725,56.99042436,
1314756,56.98814756,
1314788,56.99042436,
1314819,56.99270115,
1314851,56.98814756,
1314882,56.99042436,
1314913,56.98814756,
1314945,56.98814756,
1315062,56.98814756,
1315192,56.98814756,
1315224,56.99270115,
1315256,56.98814756,
1315287,56.98814756,
1315318,56.98814756,
1315350,56.99042436,
1315382,56.99042436,
1315413,56.99497794,
1315445,56.99270115,
1315476,56.99042436,
1315507,56.99270115,
1315539,56.98814756,
1315570,56.99042436,
1315601,56.98814756,
1315633,56.98814756,
1315664,56.98814756,
1315696,56.99042436,
1315727,56.99042436,
1315759,56.98814756,
1315893,56.98814756,
1316021,56.98814756,
1316053,56.98814756,
1316085,56.98814756,
1316116,56.99042436,
1316148,56.99497794,
1316179,56.99270115,
1316210,56.98814756,
1316242,56.98814756,
1316273,56.99497794,
1316305,56.99042436,
1316336,56.99270115,
1316368,56.98587077,
1316399,56.99270115,
1316430,56.99042436,
1316462,56.98814756,
1316493,56.99270115,
1316524,56.99270115,
1316556,56.98814756,
1316588,56.98814756,
1317608,56.99042436,
1317736,56.99042436,
1317767,56.99042436,
1317799,56.99042436,
1317831,56.99042436,
1317862,56.98814756,
1317894,56.98814756,
1317925,56.98814756,
1317956,56.98814756,
1317988,56.99042436,
1318019,56.99042436,
1318051,56.99497794,
1318082,56.99042436,
1318113,56.98814756,
1318145,56.99042436,
1318176,56.99270115,
1318208,56.99042436,
1318239,56.98814756,
1318270,56.99042436,
1318302,56.99042436,
1318662,56.99042436,
1318793,56.99042436,
1318825,56.99270115,
1318856,56.98814756,
1318888,56.98814756,
1318919,56.98814756,
1318951,56.98814756,
1318982,56.99042436,
1319014,56.99042436,
1319045,56.98814756,
1319076,56.99042436,
1319107,56.98814756,
1319139,56.99270115,
1319171,56.99042436,
1319202,56.99497794,
1319233,56.99042436,
1319265,56.99270115,
1319296,56.98814756,
1319328,56.99042436,
1319359,56.99042436,
1319547,56.98814756,
1319677,56.99042436,
1319709,56.99042436,
1319741,56.98814756,
1319772,56.99270115,
1319803,56.99270115,
1319835,56.99042436,
1319866,56.99042436,
1319897,56.99042436,
1319929,56.98587077,
1319960,56.99042436,
1319992,56.98814756,
1320023,56.99042436,
1320055,56.98587077,
1320086,56.99042436,
1320117,56.98814756,
1320149,56.99042436,
1320180,56.99270115,
1320212,56.99042436,
1320243,56.99270115,
1321723,56.98814756,
1321851,56.99042436,
1321883,56.99042436,
1321914,56.98814756,
1321946,56.99042436,
1321977,56.99042436,
1322008,56.99042436,
1322040,56.99042436,
1322071,56.99497794,
1322103,56.99497794,
1322134,56.99042436,
1322165,56.99042436,
1322197,56.99042436,
1322228,56.99042436,
1322260,56.99042436,
1322292,56.99270115,
1322324,56.98814756,
1322357,56.98814756,
1322389,56.99270115,
1322421,56.98814756,
1323230,56.99270115,
1323361,56.99042436,
1323392,56.99042436,
1323424,56.99042436,
1323455,56.99042436,
1323486,56.99270115,
1323518,56.99270115,
1323549,56.98814756,
1323581,56.98814756,
1323612,56.99270115,
1323644,56.99042436,
1323675,56.99270115,
1323706,56.99042436,
1323737,56.98814756,
1323769,56.98814756,
1323800,56.99042436,
1323831,56.98814756,
1323863,56.99270115,
1323894,56.99497794,
1323925,56.98814756,
1324197,56.99042436,
1324326,56.99042436,
1324358,56.99270115,
1324390,56.98814756,
1324421,56.98814756,
1324453,56.99042436,
1324484,56.99270115,
1324515,56.99270115,
1324547,56.99270115,
1324578,56.99270115,
1324610,56.99042436,
1324641,56.99042436,
1324673,56.99270115,
1324704,56.99042436,
1324735,56.99042436,
1324767,56.98814756,
1324798,56.99042436,
1324829,56.99042436,
1324861,56.99042436,
1324892,56.99270115,
1325277,56.99042436,
1325407,56.98814756,
1325439,56.99042436,
1325470,56.99042436,
1325502,56.99042436,
1325533,56.99042436,
1325565,56.99270115,
1325596,56.99270115,
1325627,56.99270115,
1325659,56.99270115,
1325690,56.99270115,
1325722,56.99270115,
1325753,56.99042436,
1325785,56.99042436,
1325816,56.99270115,
1325847,56.98814756,
1325879,56.99270115,
1325911,56.99042436,
1325942,56.98814756,
1325974,56.98814756,
1326200,56.99042436,
1326330,56.98814756,
1326361,56.99042436,
1326393,56.99042436,
1326424,56.98814756,
1326455,56.99042436,
1326487,56.99270115,
1326518,56.99042436,
1326550,56.98814756,
1326581,56.99042436,
1326613,56.99042436,
1326644,56.99042436,
1326675,56.99042436,
1326707,56.99042436,
1326738,56.98814756,
1326770,56.99042436,
1326801,56.99042436,
1326833,56.99042436,
1326864,56.98814756,
1326895,56.98814756,
1330091,56.98814756,
1330219,56.99270115,
1330250,56.99270115,
1330282,56.99270115,
1330313,56.98814756,
1330345,56.99042436,
1330376,56.98814756,
1330408,56.99042436,
1330439,56.99042436,
1330470,56.99042436,
1330502,56.98814756,
1330533,56.99042436,
1330565,56.98814756,
1330596,56.98587077,
1330628,56.99042436,
1330659,56.99042436,
1330691,56.98814756,
1330722,56.99042436,
1330753,56.99042436,
1330784,56.98814756,
1330943,56.98814756,
1331072,56.99042436,
1331104,56.98814756,
1331135,56.99042436,
1331167,56.99042436,
1331198,56.99270115,
1331230,56.99042436,
1331261,56.99042436,
1331292,56.99042436,
1331324,56.98814756,
1331355,56.99042436,
1331387,56.99270115,
1331418,56.99042436,
1331450,56.99042436,
1331481,56.99042436,
1331513,56.99270115,
1331544,56.99042436,
1331575,56.99042436,
1331607,56.98814756,
1331638,56.99270115,
1331866,56.99042436,
1331994,56.98814756,
1332027,56.99497794,
1332058,56.98814756,
1332089,56.99042436,
1332121,56.99270115,
1332153,56.99270115,
1332184,56.99270115,
1332215,56.98587077,
1332247,56.99270115,
1332278,56.99042436,
1332309,56.98814756,
1332341,56.99042436,
1332372,56.99042436,
1332404,56.99042436,
1332435,56.99042436,
1332467,56.99042436,
1332498,56.98814756,
1332530,56.99042436,
1332561,56.98814756,
1332969,56.98814756,
1333099,56.99042436,
1333130,56.98814756,
1333162,56.98814756,
1333194,56.99042436,
1333225,56.99042436,
1333256,56.99270115,
1333288,56.98814756,
1333319,56.99042436,
1333351,56.99042436,
1333382,56.99042436,
1333413,56.98814756,
1333445,56.98587077,
1333476,56.99042436,
1333508,56.99270115,
1333539,56.98814756,
1333571,56.99270115,
1333602,56.99042436,
1333633,56.99042436,
1333665,56.99042436,
1333992,56.98814756,
1334123,56.99042436,
1334154,56.98814756,
1334186,56.99270115,
1334217,56.98587077,
1334249,56.98814756,
1334280,56.99042436,
1334312,56.98814756,
1334343,56.99042436,
1334375,56.99270115,
1334406,56.98814756,
1334437,56.99042436,
1334468,56.99042436,
1334500,56.98587077,
1334531,56.99270115,
1334563,56.99042436,
1334594,56.98814756,
1334626,56.98587077,
1334657,56.98814756,
1334689,56.99042436,
1335119,56.99042436,
1335247,56.98814756,
1335279,56.99270115,
1335310,56.98587077,
1335342,56.99042436,
1335373,56.99042436,
1335405,56.98814756,
1335436,56.98587077,
1335467,56.98814756,
1335499,56.98814756,
1335530,56.99270115,
1335562,56.98587077,
1335593,56.99270115,
1335625,56.99042436,
1335656,56.98814756,
1335687,56.99042436,
1335719,56.99042436,
1335750,56.99042436,
1335781,56.98814756,
1335813,56.99042436,
1336143,56.99042436,
1336273,56.99270115,
1336305,56.98814756,
1336336,56.98814756,
1336368,56.99042436,
1336399,56.99270115,
1336431,56.99270115,
1336462,56.99042436,
1336493,56.99042436,
1336525,56.99042436,
1336556,56.98814756,
1336588,56.99270115,
1336619,56.98814756,
1336651,56.99042436,
1336682,56.98814756,
1336713,56.99270115,
1336745,56.99042436,
1336776,56.98814756,
1336808,56.98814756,
1336839,56.99270115,
1337577,56.99042436,
1337707,56.98814756,
1337738,56.98814756,
1337770,56.99042436,
1337802,56.98587077,
1337833,56.99042436,
1337865,56.99042436,
1337896,56.98814756,
1337927,56.98814756,
1337959,56.98814756,
1337990,56.98814756,
1338022,56.98587077,
1338053,56.99042436,
1338085,56.99042436,
1338116,56.99042436,
1338147,56.98814756,
1338179,56.99042436,
1338210,56.99042436,
1338241,56.99042436,
1338273,56.99270115,
1338410,56.99042436,
1338540,56.99042436,
1338572,56.99042436,
1338603,56.99042436,
1338635,56.98814756,
1338666,56.99042436,
1338698,56.99270115,
1338729,56.99042436,
1338760,56.99270115,
1338792,56.99042436,
1338823,56.99270115,
1338855,56.99042436,
1338887,56.99497794,
1338918,56.98814756,
1338949,56.99270115,
1338981,56.99042436,
1339012,56.98814756,
1339043,56.98814756,
1339075,56.99270115,
1339106,56.99270115,
1339232,56.99042436,
1339362,56.99042436,
1339394,56.99270115,
1339426,56.99042436,
1339457,56.99042436,
1339488,56.99270115,
1339520,56.99042436,
1339552,56.98587077,
1339583,56.98814756,
1339615,56.99270115,
1339646,56.99270115,
1339677,56.99497794,
1339709,56.98814756,
1339740,56.99042436,
1339772,56.99270115,
1339803,56.98814756,
1339835,56.99497794,
1339866,56.99270115,
1339897,56.99042436,
1339929,56.99497794,
1340228,56.98814756,
1340357,56.99270115,
1340388,56.98814756,
1340420,56.99042436,
1340451,56.99042436,
1340482,56.99042436,
1340514,56.98814756,
1340545,56.99497794,
1340577,56.99042436,
1340608,56.98587077,
1340640,56.99270115,
1340671,56.99270115,
1340702,56.99042436,
1340734,56.98587077,
1340765,56.99270115,
1340797,56.98814756,
1340828,56.99042436,
1340860,56.98814756,
1340891,56.99270115,
1340922,56.98814756,
1341173,56.99042436,
1341303,56.99270115,
1341335,56.99042436,
1341367,56.99270115,
1341398,56.99042436,
1341429,56.99042436,
1341461,56.98587077,
1341492,56.98814756,
1341523,56.99270115,
1341555,56.99042436,
1341586,56.99042436,
1341618,56.99042436,
1341649,56.99270115,
1341681,56.99042436,
1341712,56.98814756,
1341743,56.99270115,
1341775,56.99497794,
1341806,56.99042436,
1341838,56.99042436,
1341869,56.99042436,
1342072,56.98814756,
1342200,56.99042436,
1342231,56.99042436,
1342263,56.99042436,
1342294,56.99270115,
1342325,56.99497794,
1342357,56.98587077,
1342388,56.99042436,
1342420,56.98814756,
1342451,56.99497794,
1342483,56.99042436,
1342514,56.98814756,
1342545,56.99042436,
1342577,56.99042436,
1342608,56.99270115,
1342640,56.99042436,
1342671,56.98814756,
1342703,56.99270115,
1342734,56.99042436,
1342765,56.99270115,
1342943,56.99042436,
1343074,56.99270115,
1343106,56.99042436,
1343138,56.99270115,
1343169,56.99270115,
1343201,56.98814756,
1343232,56.99042436,
1343263,56.99270115,
1343295,56.99042436,
1343326,56.99497794,
1343357,56.99042436,
1343389,56.99270115,
1343421,56.99270115,
1343452,56.98814756,
1343483,56.99042436,
1343515,56.99042436,
1343546,56.99042436,
1343577,56.99042436,
1343609,56.98814756,
1343640,56.98814756,
1343833,56.99042436,
1343961,56.99270115,
1343993,56.98814756,
1344025,56.99042436,
1344057,56.99270115,
1344088,56.99497794,
1344120,56.98814756,
1344151,56.99270115,
1344182,56.99270115,
1344214,56.99270115,
1344245,56.99042436,
1344276,56.99270115,
1344308,56.99042436,
1344340,56.99042436,
1344371,56.99270115,
1344402,56.99497794,
1344434,56.98814756,
1344465,56.98814756,
1344496,56.99497794,
1344528,56.99042436,
1344664,56.99270115,
1344792,56.99270115,
1344824,56.99042436,
1344856,56.99270115,
1344887,56.99042436,
1344919,56.98814756,
1344950,56.99270115,
1344982,56.99042436,
1345013,56.99042436,
1345045,56.99497794,
1345076,56.99270115,
1345107,56.98814756,
1345139,56.99042436,
1345170,56.99270115,
1345201,56.99042436,
1345233,56.99270115,
1345264,56.99270115,
1345296,56.98814756,
1345327,56.99042436,
1345359,56.99042436,
1345483,56.98814756,
1345611,56.99270115,
1345644,56.99042436,
1345675,56.99042436,
1345706,56.99270115,
1345738,56.98814756,
1345771,56.99042436,
1345802,56.99042436,
1345834,56.99270115,
1345866,56.99270115,
1345897,56.99042436,
1345929,56.99042436,
1345961,56.99042436,
1345992,56.99042436,
1346024,56.99042436,
1346055,56.99270115,
1346087,56.99497794,
1346118,56.99042436,
1346150,56.98587077,
1346181,56.99042436,
1346294,56.98814756,
1346424,56.98814756,
1346457,56.99270115,
1346488,56.99042436,
1346519,56.98814756,
1346551,56.99042436,
1346582,56.99042436,
1346613,56.99042436,
1346644,56.99042436,
1346676,56.99270115,
1346707,56.98814756,
1346739,56.99270115,
1346770,56.99270115,
1346802,56.99042436,
1346833,56.99042436,
1346865,56.99042436,
1346896,56.99042436,
1346927,56.99042436,
1346958,56.98814756,
1346990,56.98814756,
1347126,56.99270115,
1347255,56.99042436,
1347287,56.99270115,
1347319,56.99042436,
1347350,56.99042436,
1347382,56.98814756,
1347413,56.99270115,
1347444,56.98814756,
1347475,56.98814756,
1347507,56.99042436,
1347539,56.98814756,
1347570,56.99042436,
1347602,56.98814756,
1347633,56.99042436,
1347664,56.99270115,
1347696,56.99270115,
1347727,56.99270115,
1347759,56.99270115,
1347790,56.99270115,
1347822,56.99270115,
1348016,56.99042436,
1348147,56.99042436,
1348178,56.99042436,
1348211,56.99042436,
1348242,56.99042436,
1348273,56.99042436,
1348305,56.99042436,
1348337,56.99270115,
1348368,56.99270115,
1348399,56.99270115,
1348431,56.99042436,
1348462,56.98814756,
1348493,56.98814756,
1348525,56.99270115,
1348556,56.99270115,
1348588,56.99270115,
1348619,56.99270115,
1348651,56.99270115,
1348682,56.98814756,
1348714,56.98814756,
1348866,56.98814756,
1348996,56.99042436,
1349028,56.99042436,
1349060,56.99042436,
1349091,56.98814756,
1349123,56.99270115,
1349154,56.99270115,
1349185,56.99497794,
1349217,56.99270115,
1349248,56.99497794,
1349280,56.99042436,
1349311,56.99270115,
1349343,56.99042436,
1349374,56.99042436,
1349405,56.99270115,
1349437,56.99042436,
1349468,56.99270115,
1349499,56.99270115,
1349531,56.99042436,
1349563,56.99270115,
1349694,56.99042436,
1349824,56.98814756,
1349857,56.99270115,
1349888,56.99270115,
1349920,56.98814756,
1349952,56.99042436,
1349983,56.99270115,
1350014,56.99270115,
1350046,56.99497794,
1350077,56.98814756,
1350108,56.98814756,
1350140,56.98814756,
1350171,56.99270115,
1350203,56.98814756,
1350234,56.99497794,
1350266,56.98814756,
1350297,56.99270115,
1350328,56.99042436,
1350360,56.99497794,
1350391,56.99270115,
1350497,56.98814756,
1350627,56.99497794,
1350660,56.99270115,
1350691,56.99270115,
1350722,56.99270115,
1350754,56.99270115,
1350785,56.99270115,
1350817,56.99042436,
1350848,56.99042436,
1350880,56.99042436,
1350911,56.99042436,
1350942,56.99042436,
1350974,56.99270115,
1351005,56.99042436,
1351037,56.99270115,
1351068,56.99270115,
1351100,56.99270115,
1351131,56.99042436,
1351162,56.98814756,
1351194,56.98587077,
1351506,56.99270115,
1351634,56.99270115,
1351665,56.99042436,
1351697,56.99042436,
1351728,56.99270115,
1351759,56.99270115,
1351791,56.99270115,
1351822,56.99270115,
1351854,56.99042436,
1351886,56.99497794,
1351917,56.99042436,
1351948,56.99042436,
1351979,56.98587077,
1352011,56.99270115,
1352042,56.99042436,
1352074,56.99497794,
1352105,56.99042436,
1352137,56.99042436,
1352168,56.99042436,
1352200,56.99270115,
1352332,56.99270115,
1352462,56.99042436,
1352494,56.99042436,
1352526,56.98814756,
1352558,56.99042436,
1352589,56.99270115,
1352620,56.99497794,
1352652,56.99270115,
1352683,56.99042436,
1352715,56.98814756,
1352746,56.99497794,
1352777,56.99042436,
1352809,56.99270115,
1352840,56.99270115,
1352872,56.99270115,
1352903,56.99270115,
1352935,56.98814756,
1352966,56.99270115,
1352997,56.99270115,
1353029,56.99270115,
1353173,56.99270115,
1353301,56.99042436,
1353334,56.99042436,
1353365,56.99497794,
1353396,56.99042436,
1353428,56.99497794,
1353460,56.99497794,
1353491,56.99042436,
1353523,56.99270115,
1353554,56.99497794,
1353585,56.99497794,
1353616,56.99497794,
1353648,56.99042436,
1353679,56.99270115,
1353711,56.98814756,
1353742,56.99042436,
1353774,56.99042436,
1353805,56.99270115,
1353837,56.99270115,
1353868,56.99042436,
1354002,56.99042436,
1354130,56.99042436,
1354163,56.99270115,
1354194,56.99270115,
1354226,56.99725474,
1354258,56.99270115,
1354289,56.99270115,
1354320,56.99042436,
1354352,56.99270115,
1354383,56.99497794,
1354414,56.98814756,
1354446,56.99497794,
1354478,56.99497794,
1354509,56.99497794,
1354540,56.98814756,
1354572,56.99042436,
1354603,56.99497794,
1354634,56.99270115,
1354666,56.99270115,
1354697,56.99270115,
1354886,56.99270115,
1355014,56.99042436,
1355046,56.99497794,
1355078,56.99270115,
1355109,56.99270115,
1355140,56.99725474,
1355172,56.99270115,
1355203,56.99270115,
1355234,56.99270115,
1355266,56.99270115,
1355298,56.99042436,
1355329,56.98814756,
1355360,56.99042436,
1355392,56.98814756,
1355423,56.99270115,
1355454,56.99270115,
1355486,56.99042436,
1355517,56.99042436,
1355549,56.99042436,
1355580,56.99270115,
1355748,56.98814756,
1355879,56.99042436,
1355910,56.99042436,
1355942,56.98814756,
1355973,56.99270115,
1356005,56.99270115,
1356036,56.99270115,
1356068,56.99042436,
1356099,56.99270115,
1356131,56.99042436,
1356162,56.99497794,
1356194,56.99042436,
1356225,56.99042436,
1356256,56.99270115,
1356288,56.99270115,
1356319,56.99270115,
1356350,56.99270115,
1356382,56.99270115,
1356413,56.99725474,
1356445,56.99042436,
1356564,56.99042436,
1356692,56.99270115,
1356725,56.98814756,
1356757,56.99270115,
1356788,56.99042436,
1356820,56.98814756,
1356851,56.99497794,
1356882,56.99042436,
1356914,56.99042436,
1356945,56.99270115,
1356977,56.99270115,
1357008,56.99497794,
1357040,56.99270115,
1357071,56.99497794,
1357102,56.99497794,
1357134,56.99270115,
1357165,56.99270115,
1357196,56.99270115,
1357228,56.99270115,
1357260,56.99042436,
1357364,56.99270115,
1357495,56.99042436,
1357528,56.99270115,
1357559,56.99270115,
1357590,56.99042436,
1357622,56.99270115,
1357654,56.99270115,
1357685,56.99497794,
1357716,56.99270115,
1357748,56.99497794,
1357779,56.99497794,
1357810,56.99042436,
1357842,56.99042436,
1357873,56.99497794,
1357905,56.99270115,
1357936,56.99042436,
1357968,56.99270115,
1357999,56.99497794,
1358031,56.99270115,
1358062,56.99042436,
1358202,56.99042436,
1358333,56.99042436,
1358365,56.99270115,
1358397,56.99042436,
1358428,56.99042436,
1358460,56.99042436,
1358491,56.99042436,
1358522,56.99270115,
1358554,56.99042436,
1358585,56.99497794,
1358617,56.99042436,
1358648,56.99497794,
1358680,56.99270115,
1358711,56.99270115,
1358743,56.99497794,
1358774,56.99497794,
1358806,56.99270115,
1358837,56.99270115,
1358869,56.99270115,
1358900,56.99497794,
1361052,56.99042436,
1361180,56.99497794,
1361212,56.99270115,
1361244,56.99270115,
1361275,56.99497794,
1361307,56.99497794,
1361338,56.99042436,
1361370,56.99497794,
1361401,56.99497794,
1361433,56.99497794,
1361464,56.99953153,
1361495,56.99497794,
1361527,56.99497794,
1361558,56.99042436,
1361589,56.99497794,
1361621,56.99497794,
1361653,56.99497794,
1361684,56.99270115,
1361715,56.99042436,
1361747,56.99270115,
1361859,56.99042436,
1361987,56.99497794,
1362018,56.99725474,
1362050,56.99497794,
1362082,56.99042436,
1362113,56.99042436,
1362145,56.99497794,
1362176,56.99270115,
1362207,56.99497794,
1362239,56.99270115,
1362270,56.99497794,
1362302,56.99270115,
1362333,56.99725474,
1362365,56.99725474,
1362396,56.99270115,
1362427,56.98814756,
1362459,56.99270115,
1362490,56.99042436,
1362521,56.99270115,
1362553,56.99270115,
1362757,56.99497794,
1362888,56.99497794,
1362919,56.99725474,
1362951,56.99497794,
1362982,56.99270115,
1363013,56.99270115,
1363045,56.99270115,
1363077,56.99270115,
1363108,56.99042436,
1363139,56.99042436,
1363171,56.99270115,
1363202,56.99270115,
1363233,56.99042436,
1363265,56.99497794,
1363296,56.99497794,
1363327,56.99270115,
1363359,56.99270115,
1363391,56.99725474,
1363422,56.99270115,
1363453,56.99497794,
1366590,56.99270115,
1366720,56.99270115,
1366752,56.99270115,
1366784,56.99042436,
1366815,56.99497794,
1366848,56.99497794,
1366879,56.99270115,
1366910,56.99042436,
1366942,56.99042436,
1366973,56.99497794,
1367005,56.99497794,
1367036,56.99497794,
1367067,56.99042436,
1367099,56.99270115,
1367130,56.99497794,
1367162,56.99042436,
1367193,56.99042436,
1367224,56.98814756,
1367256,56.99042436,
1367287,56.99270115,
1367392,56.99042436,
1367522,56.99497794,
1367555,56.99270115,
1367586,56.99270115,
1367617,56.99725474,
1367649,56.99270115,
1367680,56.99270115,
1367712,56.99270115,
1367743,56.99725474,
1367775,56.99497794,
1367806,56.99270115,
1367837,56.99497794,
1367869,56.99497794,
1367900,56.99042436,
1367932,56.99497794,
1367963,56.99270115,
1367995,56.99497794,
1368026,56.99270115,
1368057,56.99042436,
1368089,56.99042436,
1368287,56.99042436,
1368417,56.99497794,
1368449,56.99270115,
1368481,56.99270115,
1368512,56.99042436,
1368543,56.99497794,
1368575,56.99270115,
1368606,56.99270115,
1368638,56.99042436,
1368669,56.99270115,
1368701,56.99497794,
1368732,56.99497794,
1368763,56.99497794,
1368795,56.99270115,
1368826,56.99270115,
1368858,56.99270115,
1368889,56.99270115,
1368921,56.99270115,
1368952,56.99270115,
1368983,56.99497794,
1372107,56.99042436,
1372237,56.99270115,
1372269,56.99497794,
1372300,56.99270115,
1372332,56.99270115,
1372363,56.99270115,
1372395,56.98814756,
1372426,56.99042436,
1372457,56.98814756,
1372489,56.99497794,
1372520,56.99042436,
1372551,56.99042436,
1372583,56.99270115,
1372614,56.99042436,
1372646,56.98814756,
1372677,56.99497794,
1372709,56.99270115,
1372740,56.99042436,
1372771,56.99270115,
1372803,56.99042436,
1372950,56.99270115,
1373082,56.99270115,
1373114,56.99042436,
1373145,56.99497794,
1373176,56.99270115,
1373208,56.99270115,
1373239,56.99270115,
1373271,56.99497794,
1373302,56.99270115,
1373334,56.98814756,
1373365,56.99497794,
1373397,56.99270115,
1373428,56.99042436,
1373459,56.99042436,
1373491,56.99270115,
1373522,56.99042436,
1373553,56.99042436,
1373585,56.99497794,
1373616,56.99270115,
1373648,56.98814756,
1373836,56.99270115,
1373964,56.99270115,
1373996,56.99042436,
1374027,56.99270115,
1374059,56.99270115,
1374090,56.99270115,
1374122,56.99270115,
1374153,56.99497794,
1374184,56.99042436,
1374216,56.99497794,
1374247,56.99042436,
1374279,56.99270115,
1374310,56.99270115,
1374342,56.99270115,
1374373,56.99497794,
1374404,56.98814756,
1374436,56.99042436,
1374467,56.99270115,
1374498,56.99042436,
1374530,56.99270115,
1374739,56.99497794,
1374869,56.99270115,
1374900,56.99270115,
1374932,56.99042436,
1374964,56.99497794,
1374995,56.99270115,
1375026,56.99497794,
1375058,56.99270115,
1375089,56.99270115,
1375120,56.99270115,
1375152,56.99270115,
1375183,56.99042436,
1375215,56.99497794,
1375246,56.99497794,
1375278,56.99497794,
1375309,56.99042436,
1375341,56.99270115,
1375372,56.99497794,
1375403,56.99042436,
1375435,56.99270115,
1375583,56.99042436,
1375711,56.99270115,
1375743,56.99497794,
1375775,56.99042436,
1375806,56.99270115,
1375837,56.99270115,
1375869,56.99042436,
1375901,56.99270115,
1375932,56.99497794,
1375963,56.99270115,
1375995,56.99270115,
1376026,56.99270115,
1376058,56.99497794,
1376089,56.99497794,
1376120,56.99270115,
1376152,56.99497794,
1376183,56.99270115,
1376215,56.99270115,
1376246,56.99042436,
1376277,56.99270115,
1376411,56.99497794,
1376539,56.99042436,
1376571,56.99497794,
1376603,56.99497794,
1376634,56.99042436,
1376666,56.99270115,
1376697,56.99270115,
1376729,56.99042436,
1376760,56.99270115,
1376792,56.99270115,
1376823,56.99270115,
1376854,56.99270115,
1376886,56.99270115,
1376917,56.99270115,
1376949,56.99042436,
1376980,56.99042436,
1377012,56.99270115,
1377043,56.99270115,
1377075,56.99270115,
1377106,56.99270115,
1377228,56.99497794,
1377358,56.99270115,
1377390,56.99270115,
1377422,56.99270115,
1377453,56.99270115,
1377485,56.99042436,
1377516,56.99042436,
1377547,56.99042436,
1377578,56.99042436,
1377610,56.99497794,
1377642,56.99270115,
1377673,56.99497794,
1377704,56.99270115,
1377736,56.99497794,
1377767,56.99725474,
1377799,56.99725474,
1377830,56.99270115,
1377861,56.99270115,
1377893,56.99042436,
1377925,56.99497794,
1378236,56.99497794,
1378366,56.99042436,
1378398,56.99270115,
1378430,56.99270115,
1378461,56.99497794,
1378492,56.99497794,
1378524,56.99270115,
1378556,56.99270115,
1378587,56.99270115,
1378618,56.99497794,
1378650,56.99042436,
1378681,56.99497794,
1378713,56.99270115,
1378744,56.99270115,
1378775,56.99497794,
1378807,56.99270115,
1378838,56.99042436,
1378870,56.99497794,
1378901,56.99270115,
1378933,56.99270115,
1379063,56.99497794,
1379193,56.99497794,
1379225,56.99270115,
1379257,56.99270115,
1379288,56.99497794,
1379319,56.98814756,
1379351,56.99497794,
1379382,56.99497794,
1379414,56.99725474,
1379445,56.99497794,
1379477,56.99042436,
1379508,56.99042436,
1379540,56.99270115,
1379571,56.99270115,
1379602,56.99042436,
1379633,56.99497794,
1379665,56.99725474,
1379697,56.99270115,
1379728,56.99497794,
1379759,56.99042436,
1379884,56.99497794,
1380013,56.99497794,
1380045,56.99270115,
1380077,56.99270115,
1380108,56.99270115,
1380139,56.99270115,
1380171,56.98814756,
1380202,56.99270115,
1380234,56.99497794,
1380265,56.99725474,
1380297,56.99042436,
1380328,56.99497794,
1380360,56.99270115,
1380391,56.99270115,
1380422,56.99497794,
1380453,56.99497794,
1380485,56.99270115,
1380516,56.99042436,
1380548,56.99270115,
1380579,56.99497794,
1380708,56.99270115,
1380838,56.99725474,
1380870,56.99497794,
1380902,56.99270115,
1380933,56.99270115,
1380965,56.99497794,
1380996,56.99042436,
1381027,56.99270115,
1381059,56.99497794,
1381090,56.99497794,
1381122,56.99042436,
1381153,56.99270115,
1381185,56.99270115,
1381216,56.99270115,
1381247,56.99270115,
1381279,56.99270115,
1381310,56.99270115,
1381342,56.99042436,
1381373,56.99270115,
1381404,56.99497794,
1381542,56.99497794,
1381673,56.99270115,
1381705,56.99042436,
1381736,56.99270115,
1381768,56.99497794,
1381799,56.99270115,
1381831,56.99497794,
1381862,56.99497794,
1381894,56.99270115,
1381925,56.99042436,
1381956,56.99725474,
1381988,56.99042436,
1382019,56.99042436,
1382051,56.99497794,
1382082,56.99042436,
1382114,56.99270115,
1382145,56.99270115,
1382176,56.99270115,
1382208,56.99270115,
1382239,56.99270115,
1382349,56.99270115,
1382479,56.99497794,
1382511,56.99270115,
1382543,56.99497794,
1382574,56.99725474,
1382606,56.99270115,
1382638,56.99042436,
1382669,56.99270115,
1382700,56.99042436,
1382732,56.99270115,
1382763,56.99270115,
1382794,56.99042436,
1382826,56.99042436,
1382858,56.99497794,
1382889,56.99497794,
1382920,56.99042436,
1382952,56.99270115,
1382983,56.99725474,
1383015,56.99270115,
1383046,56.99497794,
1383170,56.99270115,
1383300,56.99270115,
1383332,56.99725474,
1383364,56.99725474,
1383395,56.99042436,
1383427,56.99270115,
1383458,56.99270115,
1383490,56.99042436,
1383521,56.99270115,
1383553,56.99270115,
1383584,56.99270115,
1383615,56.99497794,
1383647,56.99042436,
1383678,56.99270115,
1383709,56.99497794,
1383741,56.99270115,
1383772,56.99497794,
1383804,56.99270115,
1383835,56.99270115,
1383867,56.99042436,
1384057,56.99270115,
1384188,56.99270115,
1384219,56.99042436,
1384251,56.99042436,
1384282,56.99270115,
1384313,56.99042436,
1384345,56.98814756,
1384377,56.99270115,
1384408,56.99042436,
1384439,56.99497794,
1384471,56.99270115,
1384502,56.99497794,
1384533,56.99270115,
1384565,56.99042436,
1384596,56.98814756,
1384628,56.99270115,
1384659,56.99270115,
1384691,56.99953153,
1384722,56.99270115,
1384754,56.99270115,
1384908,56.99270115,
1385037,56.99497794,
1385070,56.99270115,
1385101,56.99270115,
1385132,56.98814756,
1385164,56.99270115,
1385196,56.99497794,
1385227,56.99497794,
1385259,56.99497794,
1385290,56.99497794,
1385322,56.99497794,
1385353,56.99270115,
1385385,56.99270115,
1385416,56.99497794,
1385447,56.99497794,
1385479,56.99270115,
1385510,56.99270115,
1385542,56.99497794,
1385573,56.99042436,
1385604,56.99497794,
1385798,56.99497794,
1385928,56.99270115,
1385960,56.99270115,
1385992,56.99725474,
1386023,56.99497794,
1386054,56.99725474,
1386086,56.99270115,
1386117,56.99725474,
1386149,56.99270115,
1386180,56.99270115,
1386212,56.99497794,
1386243,56.99042436,
1386274,56.99725474,
1386306,56.99497794,
1386337,56.99270115,
1386369,56.99270115,
1386400,56.99270115,
1386431,56.99497794,
1386463,56.99042436,
1386494,56.99042436,
1386663,56.99270115,
1386793,56.99042436,
1386826,56.99042436,
1386857,56.99725474,
1386889,56.99270115,
1386921,56.99270115,
1386952,56.99497794,
1386983,56.99270115,
1387015,56.99270115,
1387046,56.99270115,
1387077,56.99270115,
1387109,56.99497794,
1387140,56.99270115,
1387172,56.99497794,
1387203,56.99270115,
1387235,56.99725474,
1387266,56.99497794,
1387297,56.99270115,
1387329,56.99042436,
1387360,56.99270115,
1387482,56.99270115,
1387610,56.99497794,
1387643,56.99497794,
1387674,56.99270115,
1387706,56.99270115,
1387737,56.99270115,
1387769,56.99270115,
1387800,56.99497794,
1387832,56.99497794,
1387863,56.99042436,
1387895,56.99497794,
1387926,56.99270115,
1387957,56.99497794,
1387989,56.99042436,
1388020,56.99270115,
1388052,56.98814756,
1388083,56.99270115,
1388114,56.99042436,
1388146,56.99270115,
1388178,56.99497794,
1388298,56.99497794,
1388429,56.99270115,
1388461,56.99497794,
1388493,56.99725474,
1388524,56.99270115,
1388556,56.99270115,
1388587,56.99497794,
1388618,56.99497794,
1388650,56.99497794,
1388682,56.99270115,
1388713,56.99270115,
1388744,56.99497794,
1388776,56.99270115,
1388807,56.99725474,
1388838,56.99725474,
1388870,56.99042436,
1388901,56.99270115,
1388933,56.99270115,
1388964,56.99953153,
1388996,56.99725474,
1389107,56.99270115,
1389236,56.99725474,
1389269,56.99270115,
1389300,56.99270115,
1389332,56.99042436,
1389363,56.99725474,
1389395,56.99725474,
1389426,56.99042436,
1389457,56.99270115,
1389489,56.99725474,
1389520,56.99725474,
1389551,56.99497794,
1389583,56.99497794,
1389615,56.99042436,
1389646,56.99270115,
1389678,56.99270115,
1389709,56.99725474,
1389740,56.99725474,
1389772,56.99497794,
1389803,56.99270115,
1389940,56.99270115,
1390070,56.99270115,
1390103,56.99497794,
1390134,56.99497794,
1390165,56.99497794,
1390197,56.99497794,
1390229,56.99497794,
1390260,56.99270115,
1390292,56.99270115,
1390323,56.99270115,
1390354,56.99270115,
1390385,56.99725474,
1390417,56.99497794,
1390448,56.99270115,
1390480,56.99270115,
1390511,56.99270115,
1390542,56.99497794,
1390573,56.99497794,
1390605,56.99270115,
1390636,56.99270115,
1390843,56.99270115,
1390971,56.99725474,
1391003,56.99497794,
1391035,56.99725474,
1391066,56.99270115,
1391097,56.99725474,
1391129,56.99270115,
1391161,56.99725474,
1391192,56.99042436,
1391224,56.99497794,
1391255,56.99497794,
1391286,56.99497794,
1391318,56.99725474,
1391349,56.99497794,
1391380,56.99270115,
1391412,56.99270115,
1391444,56.99497794,
1391475,56.99042436,
1391506,56.99042436,
1391538,56.99270115,
1391672,56.99497794,
1391802,56.99270115,
1391834,56.99725474,
1391866,56.99270115,
1391897,56.99497794,
1391929,56.99270115,
1391961,56.99270115,
1391992,56.99497794,
1392023,56.99497794,
1392055,56.99497794,
1392086,56.99270115,
1392117,56.99497794,
1392149,56.99497794,
1392180,56.99270115,
1392211,56.99270115,
1392243,56.99270115,
1392275,56.99270115,
1392306,56.99042436,
1392338,56.99497794,
1392369,56.99270115,
1392480,56.99270115,
1392610,56.99725474,
1392642,56.99497794,
1392674,56.99270115,
1392705,56.99497794,
1392736,56.99270115,
1392768,56.99270115,
1392799,56.99497794,
1392831,56.99042436,
1392862,56.99725474,
1392894,56.99270115,
1392925,56.99270115,
1392957,56.99497794,
1392988,56.99270115,
1393019,56.99270115,
1393051,56.99497794,
1393082,56.99497794,
1393113,56.99725474,
1393145,56.99042436,
1393176,56.99725474,
1393405,56.99497794,
1393536,56.99497794,
1393568,56.99270115,
1393599,56.99725474,
1393631,56.99497794,
1393662,56.99270115,
1393694,56.99497794,
1393725,56.99042436,
1393756,56.99042436,
1393788,56.99497794,
1393819,56.99270115,
1393851,56.99042436,
1393882,56.99270115,
1393914,56.99497794,
1393945,56.99270115,
1393977,56.99497794,
1394008,56.99270115,
1394039,56.99270115,
1394070,56.99497794,
1394102,56.99497794,
1394236,56.99270115,
1394367,56.99270115,
1394399,56.99270115,
1394431,56.99497794,
1394462,56.99725474,
1394494,56.99725474,
1394525,56.99497794,
1394557,56.99270115,
1394588,56.99497794,
1394620,56.99042436,
1394651,56.99270115,
1394682,56.99497794,
1394714,56.99270115,
1394745,56.99270115,
1394776,56.99270115,
1394808,56.99725474,
1394839,56.99042436,
1394871,56.99497794,
1394903,56.99042436,
1394934,56.99497794,
1395054,56.99270115,
1395185,56.99270115,
1395217,56.99497794,
1395249,56.99497794,
1395280,56.99497794,
1395312,56.99270115,
1395343,56.99725474,
1395375,56.99497794,
1395406,56.99497794,
1395438,56.99725474,
1395469,56.99270115,
1395500,56.99497794,
1395532,56.99725474,
1395563,56.99497794,
1395594,56.99270115,
1395626,56.99042436,
1395657,56.99270115,
1395689,56.99270115,
1395720,56.99725474,
1395752,56.99270115,
1395876,56.99270115,
1396004,56.99497794,
1396036,56.99270115,
1396068,56.99270115,
1396099,56.99270115,
1396131,56.99270115,
1396162,56.99497794,
1396194,56.99270115,
1396225,56.99725474,
1396256,56.99270115,
1396288,56.99725474,
1396319,56.99497794,
1396351,56.99270115,
1396382,56.99497794,
1396413,56.99270115,
1396445,56.99497794,
1396476,56.99270115,
1396508,56.99725474,
1396539,56.99953153,
1396571,56.99725474,
1396690,56.99497794,
1396821,56.99725474,
1396853,56.99497794,
1396885,56.99270115,
1396916,56.99270115,
1396948,56.99042436,
1396979,56.99497794,
1397010,56.99497794,
1397042,56.99270115,
1397073,56.99497794,
1397105,56.99497794,
1397136,56.99497794,
1397167,56.99042436,
1397199,56.99497794,
1397230,56.99497794,
1397262,56.99497794,
1397293,56.99497794,
1397324,56.99270115,
1397356,56.99497794,
1397387,56.99497794,
1397502,56.99497794,
1397633,56.99270115,
1397665,56.99497794,
1397697,56.99497794,
1397728,56.99270115,
1397760,56.99270115,
1397791,56.99270115,
1397822,56.99497794,
1397854,56.99497794,
1397886,56.99725474,
1397917,56.99270115,
1397948,56.99497794,
1397980,56.99497794,
1398011,56.99497794,
1398042,56.99270115,
1398074,56.99497794,
1398105,56.99270115,
1398137,56.99497794,
1398168,56.99497794,
1398200,56.99270115,
1398320,56.99497794,
1398448,56.99497794,
1398481,56.99270115,
1398512,56.99270115,
1398543,56.99270115,
1398575,56.99270115,
1398606,56.99270115,
1398638,56.99953153,
1398669,56.99497794,
1398701,56.99270115,
1398732,56.99497794,
1398763,56.99497794,
1398795,56.99270115,
1398826,56.99270115,
1398858,56.99725474,
1398889,56.99725474,
1398921,56.99270115,
1398952,56.99270115,
1398983,56.99042436,
1399015,56.99497794,
1399240,56.99270115,
1399368,56.99497794,
1399400,56.99497794,
1399432,56.99497794,
1399463,56.99270115,
1399494,56.99042436,
1399526,56.99270115,
1399557,56.99725474,
1399588,56.99725474,
1399620,56.99270115,
1399652,56.99497794,
1399683,56.99497794,
1399714,56.99725474,
1399746,56.99497794,
1399777,56.99497794,
1399808,56.99497794,
1399840,56.99953153,
1399871,56.99270115,
1399903,56.99270115,
1399934,56.99270115,
1400076,56.99270115,
1400207,56.99042436,
1400239,56.99953153,
1400271,56.99497794,
1400302,56.99270115,
1400334,56.99270115,
1400365,56.99042436,
1400396,56.99270115,
1400428,56.99497794,
1400459,56.99497794,
1400491,56.99497794,
1400522,56.99497794,
1400554,56.99270115,
1400585,56.99270115,
1400616,56.99725474,
1400648,56.99725474,
1400679,56.99270115,
1400710,56.99725474,
1400742,56.99270115,
1400774,56.99725474,
1400874,56.99725474,
1401004,56.99270115,
1401036,56.99725474,
1401068,56.99497794,
1401099,56.99497794,
1401130,56.99497794,
1401162,56.98814756,
1401194,56.99725474,
1401225,56.99042436,
1401257,56.99497794,
1401288,56.99270115,
1401319,56.99497794,
1401351,56.99497794,
1401382,56.99497794,
1401413,56.99497794,
1401445,56.99497794,
1401476,56.99497794,
1401508,56.99042436,
1401539,56.99497794,
1401571,56.99725474,
1401724,56.99270115,
1401854,56.99497794,
1401886,56.99497794,
1401918,56.99497794,
1401949,56.99725474,
1401981,56.99270115,
1402012,56.99497794,
1402043,56.99497794,
1402075,56.99725474,
1402106,56.99725474,
1402138,56.99042436,
1402169,56.99497794,
1402200,56.99497794,
1402231,56.99497794,
1402263,56.99270115,
1402294,56.99497794,
1402326,56.99270115,
1402357,56.99725474,
1402388,56.99270115,
1402420,56.99270115,
1402536,56.99497794,
1402667,56.99497794,
1402700,56.99725474,
1402731,56.99497794,
1402763,56.99270115,
1402794,56.99725474,
1402826,56.99725474,
1402857,56.99725474,
1402889,56.99725474,
1402920,56.99725474,
1402951,56.99725474,
1402983,56.99497794,
1403014,56.99497794,
1403045,56.99497794,
1403076,56.99497794,
1403108,56.99497794,
1403139,56.99497794,
1403171,56.99953153,
1403202,56.99497794,
1403234,56.99725474,
1403365,56.99497794,
1403496,56.99497794,
1403528,56.99497794,
1403559,56.99270115,
1403590,56.99725474,
1403622,56.99270115,
1403654,56.99497794,
1403685,56.99270115,
1403716,56.99270115,
1403748,56.99725474,
1403779,56.99725474,
1403811,56.99725474,
1403842,56.99497794,
1403874,56.99270115,
1403905,56.99725474,
1403937,56.99953153,
1403968,56.99725474,
1403999,56.99270115,
1404031,56.99725474,
1404062,56.99497794,
1404167,56.99042436,
1404298,56.99725474,
1404330,56.99497794,
1404362,56.99497794,
1404393,56.99497794,
1404425,56.99270115,
1404456,56.99270115,
1404487,56.99497794,
1404519,56.99497794,
1404550,56.99953153,
1404582,56.99497794,
1404613,56.99270115,
1404645,56.99497794,
1404676,56.99497794,
1404707,56.99270115,
1404739,56.99725474,
1404770,56.99270115,
1404802,56.99497794,
1404833,56.99497794,
1404865,56.99270115,
1405050,56.99497794,
1405178,56.99725474,
1405210,56.99725474,
1405242,56.99497794,
1405273,56.99497794,
1405304,56.99497794,
1405336,56.99042436,
1405367,56.99497794,
1405399,56.99725474,
1405430,56.99725474,
1405462,56.99270115,
1405493,56.99725474,
1405524,56.99725474,
1405556,56.99042436,
1405587,56.99497794,
1405618,56.99270115,
1405650,56.99497794,
1405681,56.99497794,
1405713,56.99497794,
1405744,56.99497794,
1405972,56.99270115,
1406100,56.99270115,
1406131,56.99497794,
1406163,56.99725474,
1406195,56.99270115,
1406226,56.99497794,
1406257,56.99270115,
1406289,56.99725474,
1406320,56.99042436,
1406351,56.99497794,
1406383,56.99270115,
1406414,56.99497794,
1406446,56.99270115,
1406477,56.99497794,
1406509,56.99497794,
1406540,56.99270115,
1406572,56.99497794,
1406603,56.99497794,
1406634,56.99497794,
1406666,56.99270115,
1406899,56.99497794,
1407030,56.99725474,
1407062,56.99497794,
1407093,56.99270115,
1407125,56.99270115,
1407156,56.99270115,
1407188,56.99270115,
1407219,56.99270115,
1407250,56.99497794,
1407281,56.99497794,
1407313,56.99497794,
1407345,56.99270115,
1407376,56.99497794,
1407407,56.99953153,
1407439,56.99270115,
1407470,56.99497794,
1407502,56.99270115,
1407533,56.99270115,
1407564,56.99497794,
1407596,56.99953153,
1407748,56.99497794,
1407878,56.99270115,
1407911,56.99270115,
1407942,56.99270115,
1407973,56.99270115,
1408005,56.99497794,
1408036,56.99497794,
1408068,56.99270115,
1408099,56.99725474,
1408131,56.99497794,
1408162,56.99497794,
1408193,56.99725474,
1408225,56.99270115,
1408256,56.99270115,
1408288,56.99725474,
1408319,56.99497794,
1408351,56.99270115,
1408382,56.99497794,
1408414,56.99497794,
1408445,56.99497794,
1408568,56.99497794,
1408698,56.99497794,
1408730,56.99497794,
1408762,56.99270115,
1408793,56.99725474,
1408825,56.99497794,
1408857,56.99725474,
1408888,56.99497794,
1408919,56.99042436,
1408951,56.99497794,
1408982,56.99953153,
1409013,56.99497794,
1409045,56.99270115,
1409076,56.99497794,
1409108,56.99497794,
1409139,56.99497794,
1409171,56.99725474,
1409202,56.99497794,
1409234,56.99497794,
1409265,56.99270115,
1409406,56.99270115,
1409534,56.99725474,
1409567,56.99270115,
1409598,56.99497794,
1409629,56.99497794,
1409661,56.99725474,
1409692,56.99725474,
1409724,56.99725474,
1409755,56.99497794,
1409787,56.99725474,
1409818,56.99497794,
1409850,56.99270115,
1409881,56.99497794,
1409912,56.99270115,
1409944,56.99270115,
1409976,56.99497794,
1410007,56.99497794,
1410038,56.99497794,
1410070,56.99725474,
1410101,56.99725474,
1410306,56.99270115,
1410436,56.99497794,
1410468,56.99497794,
1410500,56.99497794,
1410532,56.99497794,
1410564,56.99042436,
1410595,56.99725474,
1410626,56.99497794,
1410658,56.99497794,
1410689,56.99497794,
1410721,56.99270115,
1410752,56.99497794,
1410784,56.99270115,
1410815,56.99042436,
1410846,56.99497794,
1410878,56.99270115,
1410910,56.99270115,
1410941,56.99042436,
1410972,56.99497794,
1411004,56.99270115,
1411116,56.99497794,
1411244,56.99497794,
1411276,56.99270115,
1411308,56.99270115,
1411340,56.99270115,
1411371,56.99270115,
1411403,56.99042436,
1411434,56.99497794,
1411465,56.99270115,
1411497,56.99497794,
1411528,56.99497794,
1411559,56.99270115,
1411591,56.99270115,
1411623,56.99725474,
1411654,56.99270115,
1411685,56.99270115,
1411717,56.99270115,
1411748,56.99497794,
1411779,56.99042436,
1411811,56.99270115,
1411951,56.99270115,
1412083,56.99725474,
1412115,56.99497794,
1412147,56.99270115,
1412178,56.99270115,
1412210,56.99725474,
1412241,56.99270115,
1412272,56.99042436,
1412304,56.99042436,
1412335,56.99725474,
1412367,56.99270115,
1412398,56.99270115,
1412429,56.99270115,
1412461,56.99270115,
1412492,56.99497794,
1412524,56.98814756,
1412555,56.99497794,
1412586,56.99042436,
1412618,56.99270115,
1412649,56.99042436,
1412760,56.99042436,
1412891,56.99270115,
1412924,56.99270115,
1412955,56.99270115,
1412986,56.99270115,
1413018,56.98814756,
1413050,56.99725474,
1413081,56.99042436,
1413112,56.99042436,
1413144,56.99270115,
1413175,56.99270115,
1413206,56.99497794,
1413238,56.99725474,
1413269,56.99042436,
1413301,56.99270115,
1413332,56.99270115,
1413364,56.99042436,
1413395,56.99270115,
1413426,56.99270115,
1413458,56.99042436,
1413652,56.99270115,
1413782,56.99497794,
1413813,56.99270115,
1413845,56.99497794,
1413876,56.99270115,
1413908,56.99270115,
1413939,56.99042436,
1413970,56.99042436,
1414002,56.99497794,
1414033,56.99270115,
1414065,56.99497794,
1414096,56.99497794,
1414127,56.99042436,
1414159,56.99725474,
1414190,56.99497794,
1414222,56.99497794,
1414253,56.99042436,
1414285,56.98814756,
1414316,56.99497794,
1414347,56.99270115,
1414501,56.99042436,
1414631,56.99270115,
1414663,56.99270115,
1414695,56.99497794,
1414726,56.99270115,
1414758,56.98814756,
1414789,56.99270115,
1414821,56.99270115,
1414852,56.99270115,
1414884,56.98814756,
1414915,56.99270115,
1414946,56.99270115,
1414978,56.99497794,
1415009,56.99042436,
1415041,56.99042436,
1415072,56.99497794,
1415104,56.99042436,
1415135,56.99270115,
1415166,56.99042436,
1415198,56.99270115,
1415513,56.99725474,
1415641,56.99042436,
1415673,56.99497794,
1415705,56.99497794,
1415736,56.99725474,
1415767,56.99725474,
1415799,56.99042436,
1415830,56.99270115,
1415862,56.99497794,
1415893,56.99497794,
1415925,56.99042436,
1415956,56.99497794,
1415988,56.99270115,
1416019,56.99042436,
1416050,56.98814756,
1416082,56.99270115,
1416113,56.99042436,
1416145,56.99497794,
1416176,56.99270115,
1416208,56.99497794,
1416350,56.99270115,
1416480,56.99042436,
1416513,56.99270115,
1416544,56.99270115,
1416575,56.99270115,
1416607,56.99270115,
1416638,56.99042436,
1416670,56.99270115,
1416701,56.99042436,
1416732,56.99497794,
1416764,56.99497794,
1416795,56.99725474,
1416827,56.99270115,
1416858,56.99270115,
1416889,56.99042436,
1416921,56.99497794,
1416953,56.99497794,
1416984,56.99270115,
1417015,56.99042436,
1417047,56.99270115,
1417164,56.99042436,
1417294,56.99497794,
1417326,56.99270115,
1417358,56.99725474,
1417389,56.98814756,
1417421,56.99042436,
1417452,56.99042436,
1417483,56.99042436,
1417514,56.99497794,
1417546,56.99270115,
1417577,56.99270115,
1417609,56.99042436,
1417640,56.99497794,
1417672,56.99270115,
1417703,56.99270115,
1417735,56.99497794,
1417766,56.99270115,
1417797,56.99497794,
1417828,56.99042436,
1417860,56.99725474,
1418055,56.99270115,
1418186,56.99497794,
1418217,56.99270115,
1418249,56.99270115,
1418280,56.99270115,
1418312,56.99725474,
1418343,56.99497794,
1418375,56.99042436,
1418406,56.99270115,
1418437,56.99725474,
1418469,56.98814756,
1418500,56.99497794,
1418531,56.99270115,
1418563,56.99270115,
1418594,56.99497794,
1418626,56.99270115,
1418657,56.99270115,
1418689,56.99270115,
1418720,56.99270115,
1418751,56.99497794,
1418900,56.99725474,
1419030,56.99497794,
1419063,56.99497794,
1419094,56.99497794,
1419125,56.99042436,
1419156,56.99270115,
1419188,56.99497794,
1419220,56.99497794,
1419251,56.99497794,
1419283,56.99042436,
1419314,56.99497794,
1419345,56.99270115,
1419377,56.99497794,
1419408,56.99497794,
1419439,56.99497794,
1419471,56.99270115,
1419502,56.99270115,
1419534,56.99497794,
1419565,56.99270115,
1419597,56.99497794,
1419720,56.99270115,
1419848,56.99497794,
1419880,56.99497794,
1419912,56.99725474,
1419943,56.99270115,
1419974,56.99725474,
1420006,56.99497794,
1420038,56.99042436,
1420069,56.99270115,
1420100,56.99270115,
1420132,56.99725474,
1420163,56.99725474,
1420195,56.99270115,
1420226,56.99042436,
1420258,56.99042436,
1420289,56.99270115,
1420320,56.99497794,
1420352,56.99497794,
1420383,56.99042436,
1420415,56.99042436,
1420555,56.99270115,
1420686,56.99270115,
1420718,56.99497794,
1420749,56.99497794,
1420780,56.99497794,
1420812,56.99270115,
1420844,56.99270115,
1420875,56.99270115,
1420907,56.99497794,
1420938,56.99497794,
1420969,56.99270115,
1421000,56.99497794,
1421032,56.99270115,
1421064,56.99270115,
1421095,56.99042436,
1421127,56.99042436,
1421158,56.99270115,
1421189,56.99497794,
1421221,56.99953153,
1421252,56.99725474,
1421366,56.99270115,
1421497,56.99270115,
1421529,56.99270115,
1421561,56.99497794,
1421592,56.99497794,
1421624,56.99042436,
1421655,56.99497794,
1421686,56.99497794,
1421717,56.99270115,
1421749,56.99270115,
1421781,56.99725474,
1421812,56.99497794,
1421844,56.99497794,
1421875,56.99042436,
1421906,56.99497794,
1421938,56.99270115,
1421969,56.99042436,
1422000,56.99725474,
1422032,56.99725474,
1422064,56.99725474,
1422296,56.99270115,
1422426,56.99270115,
1422459,56.99497794,
1422491,56.99270115,
1422522,56.99270115,
1422554,56.99725474,
1422585,56.99725474,
1422616,56.99270115,
1422648,56.99270115,
1422679,56.99497794,
1422710,56.99270115,
1422742,56.99953153,
1422773,56.99497794,
1422805,56.99497794,
1422836,56.99270115,
1422868,56.99725474,
1422899,56.99270115,
1422930,56.99725474,
1422962,56.99497794,
1422993,56.99725474,
1423095,56.99270115,
1423225,56.99042436,
1423256,56.99497794,
1423289,56.99270115,
1423320,56.99270115,
1423351,56.99270115,
1423383,56.99497794,
1423414,56.99725474,
1423446,56.99497794,
1423477,56.99270115,
1423509,56.99270115,
1423540,56.99497794,
1423572,56.99497794,
1423603,56.99953153,
1423634,56.99270115,
1423665,56.99497794,
1423697,56.99270115,
1423728,56.99497794,
1423760,56.99497794,
1423791,56.99953153,
1423945,56.99270115,
1424077,56.99497794,
1424109,56.99725474,
1424141,56.99497794,
1424172,56.99270115,
1424204,56.99270115,
1424235,56.99497794,
1424266,56.99497794,
1424298,56.99270115,
1424329,56.99497794,
1424361,56.99725474,
1424392,56.99725474,
1424424,56.99497794,
1424455,56.99725474,
1424487,56.99497794,
1424518,56.99497794,
1424549,56.99270115,
1424580,56.99497794,
1424612,56.99042436,
1424643,56.99725474,
1424759,56.99497794,
1424889,56.99270115,
1424922,56.99725474,
1424954,56.99270115,
1424985,56.99042436,
1425017,56.99953153,
1425048,56.99497794,
1425079,56.99497794,
1425111,56.99725474,
1425142,56.99497794,
1425174,56.99497794,
1425205,56.99270115,
1425237,56.99497794,
1425268,56.99497794,
1425299,56.99497794,
1425331,56.99497794,
1425362,56.99270115,
1425394,56.99270115,
1425425,56.99497794,
1425457,56.99497794,
1426900,56.99270115,
1427030,56.99725474,
1427062,56.99270115,
1427093,56.99497794,
1427125,56.99270115,
1427156,56.99497794,
1427188,56.99497794,
1427219,56.99497794,
1427250,56.99725474,
1427282,56.99497794,
1427313,56.99953153,
1427345,56.99953153,
1427376,56.99497794,
1427408,56.99270115,
1427439,56.99725474,
1427471,56.99725474,
1427502,56.99497794,
1427533,56.99497794,
1427565,56.99725474,
1427596,56.99497794,
1427785,56.99725474,
1427916,56.99953153,
1427947,56.99270115,
1427980,56.99725474,
1428012,56.99497794,
1428043,56.99725474,
1428075,56.99270115,
1428107,56.99497794,
1428138,56.99725474,
1428170,56.99270115,
1428201,56.99497794,
1428233,56.99725474,
1428264,56.99497794,
1428296,56.99725474,
1428327,56.99725474,
1428358,56.99725474,
1428390,56.99497794,
1428421,56.99953153,
1428453,56.99270115,
1428484,56.99497794,
1431606,56.99497794,
1431736,56.99725474,
1431769,56.99725474,
1431800,56.99270115,
1431831,56.99725474,
1431863,56.99497794,
1431895,56.99497794,
1431926,56.99497794,
1431957,56.99497794,
1431989,56.99725474,
1432020,56.99497794,
1432051,56.99497794,
1432083,56.99497794,
1432114,56.99725474,
1432146,56.99725474,
1432177,56.99497794,
1432209,56.99497794,
1432240,56.99725474,
1432272,56.99497794,
1432303,56.99497794,
1432519,56.99725474,
1432649,56.99725474,
1432681,56.99725474,
1432713,56.99497794,
1432744,56.99725474,
1432775,56.99270115,
1432807,56.99497794,
1432838,56.99497794,
1432870,56.99497794,
1432901,56.99497794,
1432933,56.99725474,
1432964,56.99497794,
1432996,56.99497794,
1433027,56.99270115,
1433058,56.99725474,
1433090,56.99497794,
1433121,56.99497794,
1433152,56.99497794,
1433184,56.99725474,
1433215,56.99497794,
1433416,56.99725474,
1433547,56.99497794,
1433578,56.99497794,
1433610,56.99497794,
1433641,56.99953153,
1433673,56.99497794,
1433704,56.99497794,
1433736,56.99497794,
1433767,56.99497794,
1433798,56.99497794,
1433830,56.99497794,
1433861,56.99497794,
1433893,56.99497794,
1433924,56.99497794,
1433956,56.99497794,
1433987,56.99953153,
1434019,56.99725474,
1434050,56.99725474,
1434081,56.99497794,
1434113,56.99725474,
1434277,56.99497794,
1434407,56.99497794,
1434440,56.99270115,
1434471,56.99497794,
1434502,56.99725474,
1434534,56.99497794,
1434566,56.99497794,
1434597,56.99497794,
1434629,56.99497794,
1434660,56.99953153,
1434691,56.99497794,
1434722,56.99725474,
1434754,56.99725474,
1434785,56.99725474,
1434817,56.99725474,
1434848,56.99497794,
1434880,56.99725474,
1434911,56.99497794,
1434943,56.99270115,
1434974,56.99497794,
1435101,56.99270115,
1435232,56.99725474,
1435264,56.99270115,
1435296,56.99497794,
1435327,56.99497794,
1435359,56.99270115,
1435390,56.99497794,
1435421,56.99725474,
1435453,56.99725474,
1435485,56.99497794,
1435516,56.99497794,
1435547,56.99725474,
1435579,56.99270115,
1435610,56.99497794,
1435641,56.99725474,
1435673,56.99497794,
1435704,56.99497794,
1435735,56.99725474,
1435767,56.99497794,
1435799,56.99497794,
1435900,56.99497794,
1436031,56.99953153,
1436064,56.99725474,
1436095,56.99042436,
1436127,56.99270115,
1436158,56.99270115,
1436190,56.99270115,
1436221,56.99725474,
1436252,56.99497794,
1436284,56.99953153,
1436315,56.99497794,
1436347,56.99497794,
1436378,56.99270115,
1436410,56.99725474,
1436441,56.99725474,
1436473,56.99725474,
1436504,56.99725474,
1436535,56.99497794,
1436566,56.99497794,
1436598,56.99725474,
1436748,56.99497794,
1436878,56.99497794,
1436910,56.99725474,
1436942,56.99725474,
1436973,56.99497794,
1437005,56.99270115,
1437036,56.99497794,
1437067,56.99497794,
1437099,56.99270115,
1437130,56.99725474,
1437162,56.99270115,
1437193,56.99270115,
1437225,56.99497794,
1437256,56.99953153,
1437288,56.99270115,
1437319,56.99497794,
1437350,56.99497794,
1437382,56.99497794,
1437413,56.99497794,
1437445,56.99497794,
1437737,56.99497794,
1437868,56.99725474,
1437899,56.99497794,
1437931,56.99725474,
1437962,56.99497794,
1437993,56.99270115,
1438025,56.99497794,
1438057,56.99725474,
1438088,56.99725474,
1438119,56.99953153,
1438151,56.99497794,
1438182,56.99497794,
1438214,56.99497794,
1438245,56.99497794,
1438276,56.99953153,
1438307,56.99270115,
1438339,56.99725474,
1438371,56.99725474,
1438402,56.99042436,
1438433,56.99725474,
1438561,56.99497794,
1438691,56.99497794,
1438724,56.99497794,
1438755,57.00180833,
1438786,56.99497794,
1438818,56.99953153,
1438850,56.99725474,
1438881,56.99725474,
1438912,56.99953153,
1438944,56.99497794,
1438975,56.99497794,
1439007,56.99725474,
1439038,56.99725474,
1439070,56.99497794,
1439101,56.99953153,
1439132,56.99270115,
1439164,56.99270115,
1439195,56.99270115,
1439226,56.99725474,
1439258,56.99270115,
1439469,56.99497794,
1439599,56.99497794,
1439630,56.99725474,
1439662,56.99497794,
1439693,56.99953153,
1439725,56.99497794,
1439756,56.99270115,
1439788,56.99497794,
1439819,56.99497794,
1439851,56.99270115,
1439882,56.99725474,
1439913,56.99497794,
1439944,56.99497794,
1439976,56.99497794,
1440007,56.99497794,
1440039,56.99725474,
1440070,56.99725474,
1440102,56.99725474,
1440133,56.99497794,
1440165,56.99725474,
1440396,56.99497794,
1440526,56.99497794,
1440558,56.99725474,
1440590,56.99725474,
1440621,56.99725474,
1440652,56.99497794,
1440684,56.99725474,
1440715,56.99725474,
1440747,56.99497794,
1440778,56.99497794,
1440810,56.99725474,
1440841,56.99270115,
1440873,56.99497794,
1440904,56.99497794,
1440935,56.99725474,
1440967,56.99497794,
1440998,56.99725474,
1441030,56.99497794,
1441061,56.99953153,
1441093,56.99497794,
1441228,56.99497794,
1441358,56.99725474,
1441391,56.99497794,
1441422,56.99497794,
1441453,56.99725474,
1441484,56.99497794,
1441516,56.99497794,
1441548,56.99725474,
1441579,56.99270115,
1441611,56.99270115,
1441642,56.99725474,
1441673,56.99497794,
1441705,56.99725474,
1441736,56.99497794,
1441767,56.99497794,
1441799,56.99270115,
1441831,56.99725474,
1441862,56.99953153,
1441893,56.99725474,
1441925,56.99725474,
1442131,56.99725474,
1442259,56.99497794,
1442290,56.99725474,
1442322,56.99953153,
1442354,56.99497794,
1442385,56.99497794,
1442417,56.99725474,
1442448,56.99497794,
1442479,56.99725474,
1442511,57.00180833,
1442542,56.99725474,
1442573,57.00180833,
1442605,56.99497794,
1442636,56.99725474,
1442668,56.99953153,
1442699,56.99497794,
1442731,56.99953153,
1442763,56.99497794,
1442794,56.99953153,
1442826,56.99497794,
1442966,56.99725474,
1443096,56.99497794,
1443128,56.99953153,
1443160,56.99725474,
1443191,56.99725474,
1443222,56.99270115,
1443254,56.99953153,
1443285,56.99953153,
1443317,56.99497794,
1443348,56.99497794,
1443380,56.99725474,
1443411,56.99497794,
1443443,56.99497794,
1443474,56.99497794,
1443505,56.99497794,
1443537,56.99497794,
1443568,56.99725474,
1443600,56.99497794,
1443631,56.99953153,
1443662,57.00180833,
1443786,56.99725474,
1443916,56.99725474,
1443949,56.99497794,
1443980,56.99497794,
1444011,56.99497794,
1444043,56.99497794,
1444075,56.99725474,
1444106,56.99497794,
1444137,56.99497794,
1444169,56.99953153,
1444200,56.99497794,
1444231,56.99953153,
1444263,56.99725474,
1444294,56.99725474,
1444326,56.99725474,
1444357,56.99270115,
1444389,56.99725474,
1444420,56.99270115,
1444451,56.99497794,
1444483,56.99270115,
1444682,56.99497794,
1444813,56.99497794,
1444844,56.99270115,
1444876,56.99497794,
1444908,56.99497794,
1444939,56.99725474,
1444971,56.99953153,
1445002,56.99270115,
1445033,56.99953153,
1445064,56.99497794,
1445096,56.99725474,
1445127,56.99270115,
1445159,56.99725474,
1445190,56.99725474,
1445222,56.99270115,
1445253,56.99953153,
1445285,56.99725474,
1445316,56.99497794,
1445347,56.99725474,
1445379,57.00180833,
1445547,56.99497794,
1445677,56.99953153,
1445710,56.99497794,
1445741,56.99497794,
1445773,56.99725474,
1445804,56.99725474,
1445836,56.99953153,
1445867,56.99725474,
1445899,56.99497794,
1445930,56.99497794,
1445962,56.99497794,
1445993,56.99953153,
1446025,56.99725474,
1446056,56.99497794,
1446087,56.99725474,
1446119,56.99725474,
1446150,56.99497794,
1446181,56.99725474,
1446213,56.99497794,
1446244,56.99497794,
1446345,56.99497794,
1446476,56.99725474,
1446508,56.99953153,
1446539,56.99725474,
1446571,56.99497794,
1446602,56.99725474,
1446634,56.99725474,
1446665,56.99953153,
1446696,57.00180833,
1446728,56.99497794,
1446759,56.99725474,
1446791,56.99497794,
1446822,56.99953153,
1446854,56.99953153,
1446885,56.99953153,
1446917,56.99725474,
1446948,56.99497794,
1446979,56.99725474,
1447011,56.99497794,
1447042,56.99497794,
1447182,56.99725474,
1447310,56.99725474,
1447343,56.99725474,
1447374,56.99497794,
1447405,56.99953153,
1447437,56.99270115,
1447469,56.99497794,
1447500,56.99953153,
1447532,56.99953153,
1447563,56.99953153,
1447594,56.99725474,
1447625,56.99497794,
1447657,56.99725474,
1447688,56.99270115,
1447720,57.00180833,
1447751,56.99497794,
1447783,56.99953153,
1447814,56.99953153,
1447846,56.99953153,
1447877,56.99953153,
1447996,56.99953153,
1448127,56.99497794,
1448159,57.00180833,
1448191,56.99497794,
1448222,56.99953153,
1448254,56.99725474,
1448285,56.99497794,
1448316,56.99725474,
1448348,56.99497794,
1448380,56.99725474,
1448411,56.99725474,
1448442,56.99953153,
1448474,56.99725474,
1448505,56.99497794,
1448536,56.99725474,
1448568,56.99497794,
1448599,56.99497794,
1448630,56.99953153,
1448662,56.99497794,
1448694,56.99497794,
1448811,56.99953153,
1448938,56.99725474,
1448970,56.99497794,
1449002,56.99725474,
1449033,56.99725474,
1449065,56.99953153,
1449096,56.99953153,
1449128,57.00180833,
1449159,56.99953153,
1449191,56.99953153,
1449222,56.99725474,
1449253,56.99725474,
1449285,56.99953153,
1449316,56.99953153,
1449348,56.99725474,
1449379,56.99725474,
1449411,56.99497794,
1449442,56.99725474,
1449473,56.99270115,
1449505,56.99497794,
1449703,56.99953153,
1449833,56.99725474,
1449865,56.99953153,
1449896,56.99725474,
1449928,56.99725474,
1449959,56.99725474,
1449991,56.99725474,
1450022,56.99497794,
1450053,56.99497794,
1450085,56.99497794,
1450116,56.99497794,
1450148,56.99497794,
1450179,56.99953153,
1450211,56.99497794,
1450242,56.99725474,
1450273,56.99725474,
1450305,56.99725474,
1450336,56.99953153,
1450368,56.99725474,
1450399,56.99725474,
1450646,56.99725474,
1450774,56.99497794,
1450806,56.99497794,
1450838,56.99953153,
1450869,56.99725474,
1450900,56.99725474,
1450932,56.99953153,
1450964,56.99497794,
1450995,56.99725474,
1451027,56.99497794,
1451058,56.99953153,
1451089,56.99953153,
1451121,56.99497794,
1451152,57.00180833,
1451184,57.00180833,
1451215,57.00180833,
1451247,56.99725474,
1451278,56.99725474,
1451309,57.00180833,
1451341,56.99725474,
1451484,56.99270115,
1451615,56.99725474,
1451647,56.99497794,
1451679,56.99497794,
1451710,56.99270115,
1451742,56.99497794,
1451773,56.99725474,
1451804,56.99497794,
1451836,56.99953153,
1451868,56.99497794,
1451899,56.99953153,
1451931,56.99953153,
1451962,56.99725474,
1451993,56.99953153,
1452024,56.99953153,
1452056,56.99497794,
1452087,56.99953153,
1452119,56.99725474,
1452150,56.99725474,
1452182,56.99725474,
1452298,56.99497794,
1452428,56.99497794,
1452461,56.99497794,
1452492,56.99953153,
1452523,56.99725474,
1452555,56.99497794,
1452587,56.99953153,
1452618,56.99953153,
1452649,56.99725474,
1452681,56.99270115,
1452712,56.99725474,
1452743,56.99725474,
1452775,56.99497794,
1452806,56.99497794,
1452838,56.99725474,
1452869,56.99725474,
1452901,56.99953153,
1452932,56.99497794,
1452964,56.99725474,
1452995,56.99497794,
1453101,56.99497794,
1453232,56.99953153,
1453264,56.99497794,
1453295,56.99497794,
1453327,56.99497794,
1453358,56.99953153,
1453390,56.99953153,
1453421,56.99270115,
1453452,56.99953153,
1453484,56.99725474,
1453515,57.00180833,
1453547,56.99497794,
1453578,56.99497794,
1453610,56.99953153,
1453641,56.99497794,
1453672,56.99725474,
1453704,56.99270115,
1453735,56.99497794,
1453766,56.99725474,
1453798,56.99725474,
1453927,56.99953153,
1454058,56.99725474,
1454090,56.99497794,
1454121,56.99497794,
1454153,56.99725474,
1454184,56.99497794,
1454216,56.99497794,
1454247,56.99497794,
1454278,56.99953153,
1454310,56.99725474,
1454341,56.99953153,
1454373,56.99953153,
1454404,56.99270115,
1454436,56.99270115,
1454467,56.99725474,
1454499,56.99725474,
1454530,56.99953153,
1454561,56.99497794,
1454592,56.99497794,
1454624,56.99497794,
1454763,56.99497794,
1454894,56.99497794,
1454927,56.99725474,
1454958,56.99497794,
1454989,56.99497794,
1455021,56.99953153,
1455053,56.99725474,
1455084,56.99725474,
1455116,56.99497794,
1455147,56.99497794,
1455178,56.99725474,
1455210,56.99725474,
1455241,56.99953153,
1455272,56.99497794,
1455304,56.99725474,
1455335,56.99725474,
1455366,56.99725474,
1455397,56.99497794,
1455429,57.00180833,
1455460,56.99953153,
1455669,56.99725474,
1455798,56.99725474,
1455831,56.99725474,
1455862,56.99725474,
1455893,56.99953153,
1455925,56.99725474,
1455957,56.99953153,
1455988,56.99725474,
1456019,56.99270115,
1456051,56.99270115,
1456082,56.99270115,
1456113,56.99497794,
1456145,56.99725474,
1456176,56.99497794,
1456208,56.99497794,
1456239,56.99725474,
1456271,56.99270115,
1456302,56.99725474,
1456333,56.99497794,
1456365,56.99270115,
1456661,56.99497794,
1456791,56.99497794,
1456822,56.99725474,
1456854,56.99725474,
1456886,56.99497794,
1456917,56.99042436,
1456948,56.99953153,
1456980,56.99497794,
1457011,56.99953153,
1457042,56.99725474,
1457074,56.99497794,
1457105,56.99953153,
1457137,56.99953153,
1457168,56.99953153,
1457200,56.99497794,
1457231,56.99725474,
1457263,56.99497794,
1457294,56.99725474,
1457325,56.99497794,
1457356,56.99497794,
1457522,56.99725474,
1457653,56.99725474,
1457686,56.99725474,
1457717,56.99725474,
1457749,56.99725474,
1457780,56.99725474,
1457812,56.99725474,
1457843,56.99497794,
1457875,56.99725474,
1457906,56.99497794,
1457937,56.99953153,
1457969,56.99270115,
1458000,56.99953153,
1458032,56.99725474,
1458063,56.99497794,
1458095,56.99953153,
1458126,56.99497794,
1458157,56.99953153,
1458189,57.00180833,
1458220,56.99270115,
1458329,56.99725474,
1458457,56.99497794,
1458489,56.99953153,
1458521,56.99497794,
1458553,56.99497794,
1458584,56.99497794,
1458616,57.00180833,
1458647,56.99497794,
1458678,56.99725474,
1458710,57.00180833,
1458741,56.99497794,
1458773,56.99725474,
1458804,56.99497794,
1458836,56.99725474,
1458867,56.99725474,
1458899,56.99497794,
1458930,57.00180833,
1458961,56.99725474,
1458992,56.99725474,
1459024,56.99497794,
1459222,56.99953153,
1459352,56.99953153,
1459384,56.99953153,
1459415,56.99497794,
1459447,56.99725474,
1459478,56.99953153,
1459510,56.99497794,
1459541,56.99497794,
1459572,56.99953153,
1459604,57.00180833,
1459635,56.99725474,
1459667,56.99725474,
1459698,56.99497794,
1459730,57.00180833,
1459761,56.99497794,
1459792,56.99497794,
1459824,56.99725474,
1459855,56.99725474,
1459887,56.99497794,
1459918,57.00180833,
1460072,56.99725474,
1460202,56.99725474,
1460234,56.99270115,
1460266,56.99953153,
1460297,56.99725474,
1460329,57.00180833,
1460360,56.99725474,
1460391,56.99725474,
1460423,56.99497794,
1460454,56.99725474,
1460486,56.99725474,
1460517,56.99725474,
1460549,56.99953153,
1460580,56.99497794,
1460611,56.99497794,
1460643,56.99497794,
1460674,56.99953153,
1460706,56.99497794,
1460737,56.99497794,
1460769,56.99497794,
1460975,56.99497794,
1461103,56.99725474,
1461134,56.99725474,
1461166,56.99497794,
1461198,56.99725474,
1461229,56.99953153,
1461261,56.99953153,
1461292,56.99497794,
1461323,56.99953153,
1461355,56.99953153,
1461386,56.99725474,
1461418,56.99497794,
1461449,56.99725474,
1461480,56.99725474,
1461512,56.99497794,
1461543,57.00180833,
1461575,56.99953153,
1461606,56.99725474,
1461637,56.99725474,
1461669,56.99953153,
1461907,56.99497794,
1462037,56.99953153,
1462069,56.99953153,
1462101,56.99725474,
1462132,56.99725474,
1462163,56.99497794,
1462195,56.99725474,
1462226,56.99953153,
1462258,56.99725474,
1462289,56.99497794,
1462321,56.99497794,
1462352,56.99953153,
1462384,56.99725474,
1462415,56.99497794,
1462446,56.99953153,
1462477,56.99497794,
1462509,56.99497794,
1462540,57.00180833,
1462572,56.99953153,
1462603,56.99953153,
1462749,56.99725474,
1462879,56.99497794,
1462912,56.99725474,
1462943,56.99497794,
1462974,56.99725474,
1463006,56.99725474,
1463037,57.00180833,
1463069,56.99725474,
1463100,56.99497794,
1463132,56.99725474,
1463163,56.99497794,
1463194,56.99497794,
1463226,56.99725474,
1463257,56.99497794,
1463288,56.99953153,
1463320,56.99725474,
1463352,56.99725474,
1463383,56.99497794,
1463414,56.99725474,
1463446,56.99497794,
1463557,56.99725474,
1463685,56.99725474,
1463717,56.99725474,
1463749,56.99953153,
1463780,56.99725474,
1463811,56.99497794,
1463843,56.99497794,
1463874,56.99497794,
1463906,56.99497794,
1463937,56.99497794,
1463969,56.99953153,
1464000,56.99725474,
1464032,56.99497794,
1464063,56.99725474,
1464094,57.00180833,
1464126,56.99497794,
1464157,56.99725474,
1464189,56.99725474,
1464220,56.99725474,
1464252,56.99497794,
1464445,56.99953153,
1464575,56.99497794,
1464606,56.99497794,
1464638,56.99725474,
1464669,56.99497794,
1464701,56.99953153,
1464732,56.99497794,
1464764,56.99270115,
1464795,56.99270115,
1464826,56.99725474,
1464858,56.99270115,
1464889,56.99725474,
1464921,56.99725474,
1464952,56.99497794,
1464984,56.99725474,
1465015,57.00180833,
1465047,56.99953153,
1465078,56.99497794,
1465109,56.99725474,
1465140,56.99270115,
1465293,56.99725474,
1465424,56.99953153,
1465456,56.99953153,
1465488,56.99953153,
1465519,56.99953153,
1465551,56.99725474,
1465582,56.99497794,
1465613,56.99953153,
1465644,56.99497794,
1465676,56.99270115,
1465707,56.99953153,
1465739,56.99725474,
1465770,56.99953153,
1465802,56.99725474,
1465833,56.99725474,
1465865,56.99725474,
1465896,56.99725474,
1465927,56.99497794,
1465959,56.99725474,
1465990,56.99953153,
1466196,56.99497794,
1466324,56.99497794,
1466356,56.99725474,
1466388,56.99725474,
1466419,56.99725474,
1466450,56.99953153,
1466482,56.99497794,
1466513,56.99497794,
1466545,56.99497794,
1466576,56.99725474,
1466608,56.99725474,
1466639,56.99953153,
1466670,56.99497794,
1466702,56.99497794,
1466733,56.99270115,
1466764,56.99725474,
1466796,56.99270115,
1466827,56.99725474,
1466859,56.99725474,
1466891,56.99953153,
1467052,56.99725474,
1467182,57.00180833,
1467215,56.99953153,
1467247,56.99725474,
1467278,56.99953153,
1467310,56.99953153,
1467341,56.99497794,
1467372,56.99725474,
1467404,56.99497794,
1467435,56.99497794,
1467467,56.99953153,
1467498,56.99497794,
1467529,56.99953153,
1467561,56.99497794,
1467592,56.99497794,
1467624,56.99497794,
1467655,56.99497794,
1467686,56.99725474,
1467718,56.99725474,
1467749,56.99725474,
1467964,56.99725474,
1468093,56.99725474,
1468125,56.99725474,
1468156,56.99725474,
1468188,56.99953153,
1468219,56.99497794,
1468251,56.99953153,
1468282,56.99497794,
1468313,56.99497794,
1468345,56.99953153,
1468376,56.99953153,
1468408,56.99497794,
1468439,56.99725474,
1468471,56.99953153,
1468502,56.99725474,
1468534,56.99270115,
1468565,57.00180833,
1468596,56.99725474,
1468628,56.99953153,
1468659,56.99725474,
1468867,56.99725474,
1468997,56.99953153,
1469028,56.99725474,
1469061,56.99270115,
1469092,56.99725474,
1469123,56.99270115,
1469155,57.00180833,
1469186,56.99953153,
1469217,56.99270115,
1469249,56.99497794,
1469281,56.99497794,
1469312,56.99953153,
1469344,56.99497794,
1469375,56.99497794,
1469406,56.99725474,
1469437,56.99953153,
1469469,56.99953153,
1469500,56.99497794,
1469531,57.00180833,
1469563,56.99725474,
1469800,56.99497794,
1469932,56.99725474,
1469964,56.99953153,
1469996,56.99953153,
1470027,56.99725474,
1470059,56.99725474,
1470090,56.99725474,
1470121,56.99497794,
1470153,56.99497794,
1470184,56.99725474,
1470216,56.99497794,
1470247,56.99725474,
1470279,56.99725474,
1470310,57.00180833,
1470341,56.99725474,
1470373,56.99725474,
1470404,56.99270115,
1470435,56.99725474,
1470467,56.99497794,
1470498,56.99497794,
1470625,56.99725474,
1470756,57.00180833,
1470788,56.99953153,
1470820,56.99725474,
1470851,56.99725474,
1470883,56.99953153,
1470914,56.99953153,
1470946,56.99953153,
1470977,56.99725474,
1471009,56.99725474,
1471040,56.99725474,
1471071,56.99725474,
1471103,56.99497794,
1471134,56.99725474,
1471165,57.00180833,
1471197,56.99725474,
1471229,56.99497794,
1471260,56.99725474,
1471291,56.99953153,
1471323,56.99497794,
1471714,56.99497794,
1471844,56.99270115,
1471876,56.99725474,
1471908,56.99725474,
1471939,56.99725474,
1471970,56.99725474,
1472002,56.99725474,
1472033,57.00180833,
1472065,57.00180833,
1472096,56.99725474,
1472128,56.99497794,
1472159,56.99953153,
1472190,57.00180833,
1472222,56.99497794,
1472253,56.99953153,
1472285,56.99953153,
1472316,56.99725474,
1472348,56.99725474,
1472379,56.99725474,
1472410,56.99725474,
1472637,56.99725474,
1472767,57.00180833,
1472798,56.99497794,
1472830,56.99725474,
1472862,56.99953153,
1472893,56.99725474,
1472924,56.99725474,
1472956,57.00180833,
1472987,56.99270115,
1473018,57.00180833,
1473050,56.99953153,
1473082,56.99953153,
1473113,56.99725474,
1473145,56.99497794,
1473176,57.00180833,
1473207,56.99497794,
1473239,56.99497794,
1473270,56.99497794,
1473301,56.99725474,
1473333,56.99953153,
1473590,56.99725474,
1473721,56.99725474,
1473753,56.99953153,
1473785,56.99725474,
1473817,56.99953153,
1473849,56.99725474,
1473881,56.99725474,
1473912,56.99725474,
1473943,56.99953153,
1473975,56.99497794,
1474006,56.99725474,
1474037,56.99725474,
1474069,56.99953153,
1474100,56.99725474,
1474132,56.99953153,
1474163,56.99725474,
1474195,56.99725474,
1474226,56.99497794,
1474258,56.99725474,
1474289,56.99953153,
1474415,56.99953153,
1474545,56.99953153,
1474577,56.99953153,
1474609,56.99725474,
1474640,56.99725474,
1474672,56.99497794,
1474703,56.99953153,
1474734,56.99953153,
1474766,56.99953153,
1474797,56.99270115,
1474829,56.99497794,
1474860,56.99497794,
1474892,56.99953153,
1474923,56.99953153,
1474954,56.99497794,
1474986,56.99725474,
1475018,56.99497794,
1475049,56.99725474,
1475081,56.99725474,
1475112,56.99953153,
1475421,56.99497794,
1475551,56.99725474,
1475583,56.99725474,
1475615,56.99497794,
1475646,56.99725474,
1475677,56.99953153,
1475709,56.99725474,
1475740,56.99497794,
1475772,56.99953153,
1475803,57.00180833,
1475835,56.99497794,
1475866,56.99953153,
1475898,56.99725474,
1475929,56.99725474,
1475960,56.99725474,
1475992,56.99953153,
1476023,56.99725474,
1476055,56.99725474,
1476086,56.99725474,
1476117,56.99953153,
1477468,56.99497794,
1477598,56.99725474,
1477629,56.99497794,
1477661,56.99725474,
1477692,56.99725474,
1477724,56.99725474,
1477755,56.99953153,
1477787,56.99953153,
1477818,56.99725474,
1477850,56.99497794,
1477881,56.99725474,
1477912,57.00180833,
1477944,56.99953153,
1477975,56.99497794,
1478007,56.99725474,
1478038,57.00180833,
1478069,56.99497794,
1478101,56.99497794,
1478132,56.99725474,
1478164,56.99953153,
1478474,56.99725474,
1478604,56.99497794,
1478636,56.99953153,
1478668,56.99725474,
1478699,56.99497794,
1478730,56.99725474,
1478762,56.99497794,
1478793,56.99953153,
1478825,56.99953153,
1478856,56.99953153,
1478888,56.99725474,
1478919,56.99953153,
1478950,56.99725474,
1478982,56.99497794,
1479013,56.99725474,
1479044,56.99953153,
1479076,56.99497794,
1479108,56.99725474,
1479139,57.00180833,
1479171,56.99953153,
1479396,56.99725474,
1479526,56.99725474,
1479557,56.99953153,
1479589,57.00180833,
1479620,56.99725474,
1479652,56.99953153,
1479683,56.99725474,
1479715,56.99497794,
1479746,56.99953153,
1479777,56.99953153,
1479809,56.99725474,
1479840,57.00180833,
1479872,56.99497794,
1479903,57.00180833,
1479935,56.99953153,
1479966,56.99953153,
1479998,56.99953153,
1480029,56.99725474,
1480060,56.99270115,
1480091,56.99725474,
1480258,56.99497794,
1480390,57.00180833,
1480422,56.99953153,
1480454,56.99725474,
1480485,56.99497794,
1480517,56.99497794,
1480548,56.99953153,
1480579,56.99725474,
1480611,57.00180833,
1480642,56.99497794,
1480674,56.99953153,
1480705,56.99497794,
1480736,56.99953153,
1480768,56.99725474,
1480799,56.99725474,
1480831,56.99725474,
1480862,56.99497794,
1480894,56.99725474,
1480925,57.00180833,
1480957,56.99725474,
1481162,56.99953153,
1481292,56.99953153,
1481325,56.99725474,
1481356,56.99953153,
1481387,56.99497794,
1481419,56.99725474,
1481451,56.99497794,
1481482,56.99725474,
1481513,56.99725474,
1481545,56.99953153,
1481576,56.99725474,
1481607,56.99953153,
1481639,56.99725474,
1481670,56.99953153,
1481702,57.00180833,
1481733,57.00180833,
1481765,56.99953153,
1481796,56.99725474,
1481827,56.99725474,
1481859,57.00180833,
1481985,56.99953153,
1482113,56.99953153,
1482146,56.99953153,
1482177,56.99953153,
1482208,57.00180833,
1482239,56.99725474,
1482271,56.99725474,
1482303,56.99953153,
1482334,57.00408512,
1482366,56.99953153,
1482397,56.99953153,
1482428,56.99725474,
1482460,56.99953153,
1482491,56.99953153,
1482522,56.99725474,
1482554,56.99725474,
1482585,56.99725474,
1482617,56.99725474,
1482648,56.99953153,
1482680,56.99497794,
1482811,56.99725474,
1482942,56.99725474,
1482974,56.99953153,
1483006,56.99725474,
1483037,56.99953153,
1483069,56.99953153,
1483100,56.99953153,
1483132,56.99953153,
1483163,56.99953153,
1483195,56.99953153,
1483226,56.99725474,
1483257,56.99497794,
1483289,56.99497794,
1483320,56.99953153,
1483352,56.99725474,
1483383,56.99725474,
1483415,57.00180833,
1483446,56.99953153,
1483478,57.00180833,
1483509,57.00408512,
1483634,56.99953153,
1483762,56.99725474,
1483794,56.99497794,
1483826,56.99725474,
1483857,56.99725474,
1483889,56.99953153,
1483921,56.99725474,
1483952,56.99725474,
1483983,56.99270115,
1484015,56.99725474,
1484046,56.99725474,
1484077,56.99953153,
1484109,56.99953153,
1484140,56.99725474,
1484172,56.99953153,
1484203,56.99497794,
1484235,56.99497794,
1484266,56.99953153,
1484298,56.99497794,
1484329,56.99497794,
1484433,57.00180833,
1484564,57.00180833,
1484595,56.99725474,
1484627,56.99725474,
1484658,56.99725474,
1484689,56.99725474,
1484721,56.99725474,
1484753,56.99953153,
1484784,56.99725474,
1484815,56.99725474,
1484847,56.99953153,
1484878,56.99953153,
1484910,56.99497794,
1484941,56.99953153,
1484973,56.99725474,
1485004,56.99953153,
1485035,56.99953153,
1485067,56.99497794,
1485098,56.99497794,
1485130,56.99953153,
1485336,56.99725474,
1485467,56.99725474,
1485498,56.99953153,
1485530,57.00180833,
1485561,56.99725474,
1485593,56.99953153,
1485624,56.99953153,
1485656,57.00180833,
1485687,56.99725474,
1485718,56.99953153,
1485750,56.99953153,
1485781,56.99725474,
1485812,56.99953153,
1485844,57.00180833,
1485876,56.99497794,
1485907,56.99953153,
1485938,56.99725474,
1485970,57.00180833,
1486001,56.99725474,
1486033,56.99497794,
1486280,56.99725474,
1486410,56.99953153,
1486442,56.99725474,
1486474,57.00408512,
1486505,56.99725474,
1486536,56.99725474,
1486568,56.99497794,
1486599,56.99953153,
1486631,56.99725474,
1486663,56.99725474,
1486694,56.99953153,
1486725,56.99497794,
1486757,57.00180833,
1486788,56.99725474,
1486819,56.99725474,
1486851,57.00180833,
1486882,56.99497794,
1486914,56.99497794,
1486945,56.99725474,
1486977,56.99725474,
1487121,56.99725474,
1487251,56.99497794,
1487283,56.99953153,
1487315,56.99725474,
1487346,56.99725474,
1487378,57.00180833,
1487409,56.99725474,
1487441,56.99725474,
1487472,56.99725474,
1487504,56.99725474,
1487535,56.99953153,
1487566,56.99953153,
1487598,56.99953153,
1487630,57.00180833,
1487661,57.00180833,
1487693,56.99497794,
1487725,56.99497794,
1487756,56.99725474,
1487788,56.99725474,
1487819,57.00180833,
1488101,57.00180833,
1488233,56.99725474,
1488264,56.99953153,
1488296,56.99725474,
1488327,56.99725474,
1488358,56.99725474,
1488390,56.99725474,
1488421,56.99725474,
1488453,56.99497794,
1488484,56.99497794,
1488516,56.99725474,
1488547,56.99725474,
1488578,56.99497794,
1488610,56.99953153,
1488641,56.99953153,
1488673,56.99725474,
1488704,56.99953153,
1488736,56.99497794,
1488767,56.99953153,
1488799,56.99725474,
1488966,56.99725474,
1489097,56.99725474,
1489129,56.99953153,
1489160,56.99953153,
1489192,56.99953153,
1489224,56.99953153,
1489256,56.99725474,
1489287,56.99953153,
1489319,56.99953153,
1489350,56.99725474,
1489381,56.99953153,
1489412,56.99497794,
1489444,56.99725474,
1489475,56.99725474,
1489507,56.99725474,
1489538,56.99497794,
1489570,56.99497794,
1489601,56.99953153,
1489633,56.99953153,
1489664,56.99725474,
1489759,56.99725474,
1489889,56.99725474,
1489921,56.99725474,
1489953,57.00180833,
1489985,56.99497794,
1490016,56.99497794,
1490048,56.99725474,
1490079,56.99497794,
1490110,56.99953153,
1490142,56.99725474,
1490173,56.99953153,
1490204,56.99725474,
1490236,56.99725474,
1490267,56.99953153,
1490299,56.99953153,
1490330,56.99725474,
1490362,56.99953153,
1490393,56.99497794,
1490424,57.00180833,
1490456,56.99953153,
1490595,56.99953153,
1490725,56.99953153,
1490758,56.99725474,
1490789,56.99953153,
1490820,56.99953153,
1490852,56.99497794,
1490883,56.99953153,
1490915,56.99725474,
1490946,56.99497794,
1490978,56.99725474,
1491009,56.99497794,
1491040,56.99725474,
1491072,56.99953153,
1491103,56.99497794,
1491135,56.99497794,
1491166,56.99725474,
1491198,56.99497794,
1491229,56.99953153,
1491261,56.99497794,
1491292,56.99953153,
1491400,57.00180833,
1491530,56.99953153,
1491563,56.99725474,
1491594,56.99497794,
1491625,56.99725474,
1491657,56.99725474,
1491688,56.99725474,
1491720,56.99497794,
1491751,57.00180833,
1491782,56.99953153,
1491813,56.99953153,
1491845,56.99953153,
1491876,56.99953153,
1491908,56.99953153,
1491939,56.99725474,
1491971,56.99953153,
1492002,57.00180833,
1492033,56.99953153,
1492064,56.99953153,
1492096,56.99953153,
1492342,56.99725474,
1492472,56.99953153,
1492504,56.99953153,
1492536,56.99725474,
1492567,56.99953153,
1492599,56.99725474,
1492630,56.99725474,
1492662,56.99497794,
1492693,56.99953153,
1492725,56.99725474,
1492756,56.99953153,
1492787,56.99497794,
1492819,56.99953153,
1492850,56.99725474,
1492882,56.99497794,
1492913,56.99725474,
1492945,56.99725474,
1492976,56.99725474,
1493008,56.99725474,
1493039,56.99725474,
1493142,56.99270115,
1493272,56.99953153,
1493305,56.99953153,
1493336,56.99953153,
1493367,56.99497794,
1493399,56.99725474,
1493430,56.99725474,
1493462,56.99953153,
1493493,56.99725474,
1493525,56.99725474,
1493556,56.99725474,
1493587,56.99953153,
1493619,56.99725474,
1493650,56.99953153,
1493682,57.00180833,
1493713,56.99725474,
1493745,56.99725474,
1493776,56.99953153,
1493807,56.99725474,
1493839,56.99725474,
1493983,56.99270115,
1494113,56.99497794,
1494145,56.99725474,
1494177,57.00180833,
1494208,56.99953153,
1494240,56.99725474,
1494271,56.99725474,
1494302,56.99953153,
1494334,56.99725474,
1494366,56.99953153,
1494397,56.99953153,
1494428,56.99953153,
1494460,57.00180833,
1494491,56.99953153,
1494522,56.99270115,
1494554,56.99953153,
1494585,56.99725474,
1494617,56.99725474,
1494648,56.99497794,
1494680,56.99725474,
1494813,56.99953153,
1494942,56.99953153,
1494974,56.99953153,
1495005,56.99725474,
1495036,56.99270115,
1495068,56.99953153,
1495099,56.99725474,
1495131,56.99725474,
1495162,56.99953153,
1495194,56.99497794,
1495225,56.99725474,
1495257,56.99725474,
1495288,56.99953153,
1495319,56.99725474,
1495351,56.99725474,
1495382,56.99953153,
1495413,56.99270115,
1495445,57.00180833,
1495476,56.99953153,
1495508,56.99725474,
1495607,56.99725474,
1495737,56.99953153,
1495769,56.99953153,
1495801,56.99725474,
1495832,56.99725474,
1495864,57.00180833,
1495895,56.99953153,
1495927,57.00180833,
1495958,56.99953153,
1495989,56.99953153,
1496021,56.99953153,
1496052,56.99725474,
1496084,56.99725474,
1496115,57.00180833,
1496146,56.99953153,
1496178,56.99725474,
1496209,56.99953153,
1496241,56.99953153,
1496272,56.99953153,
1496304,56.99725474,
1496507,56.99497794,
1496637,56.99497794,
1496669,56.99953153,
1496701,56.99497794,
1496733,56.99725474,
1496764,56.99953153,
1496796,56.99725474,
1496827,56.99953153,
1496858,56.99953153,
1496890,57.00180833,
1496921,56.99497794,
1496953,56.99953153,
1496984,56.99725474,
1497015,57.00180833,
1497046,56.99953153,
1497078,56.99725474,
1497109,56.99497794,
1497141,56.99725474,
1497172,56.99953153,
1497203,56.99725474,
1497419,56.99497794,
1497549,56.99725474,
1497581,56.99725474,
1497612,56.99725474,
1497644,56.99725474,
1497675,56.99725474,
1497707,56.99953153,
1497738,56.99953153,
1497769,56.99725474,
1497801,56.99953153,
1497832,56.99725474,
1497864,56.99497794,
1497895,56.99725474,
1497927,56.99497794,
1497958,56.99953153,
1497989,56.99953153,
1498021,56.99725474,
1498053,56.99953153,
1498084,56.99725474,
1498115,56.99497794,
1498260,56.99953153,
1498390,56.99725474,
1498422,56.99953153,
1498454,56.99953153,
1498485,57.00180833,
1498516,57.00180833,
1498548,56.99725474,
1498580,56.99497794,
1498611,56.99497794,
1498642,56.99725474,
1498674,56.99497794,
1498705,56.99725474,
1498737,57.00180833,
1498768,56.99725474,
1498799,56.99725474,
1498830,56.99725474,
1498862,56.99953153,
1498894,56.99953153,
1498925,56.99953153,
1498957,56.99953153,
1499086,56.99953153,
1499216,56.99725474,
1499248,56.99725474,
1499280,56.99953153,
1499311,56.99725474,
1499342,56.99953153,
1499374,56.99725474,
1499405,56.99497794,
1499436,56.99725474,
1499468,56.99953153,
1499500,57.00180833,
1499531,56.99953153,
1499562,56.99497794,
1499594,56.99497794,
1499625,56.99725474,
1499657,57.00180833,
1499688,57.00180833,
1499719,56.99953153,
1499751,56.99497794,
1499782,57.00408512,
1499919,57.00180833,
1500049,56.99725474,
1500082,57.00180833,
1500113,56.99953153,
1500145,56.99953153,
1500176,56.99497794,
1500208,56.99725474,
1500239,56.99953153,
1500271,56.99497794,
1500302,57.00408512,
1500333,56.99953153,
1500365,56.99497794,
1500396,56.99953153,
1500428,56.99953153,
1500459,56.99725474,
1500491,57.00408512,
1500522,56.99725474,
1500553,57.00180833,
1500585,56.99725474,
1500616,56.99725474,
1500813,56.99725474,
1500944,57.00180833,
1500975,57.00180833,
1501007,56.99497794,
1501039,56.99725474,
1501070,56.99725474,
1501101,56.99497794,
1501133,56.99497794,
1501164,56.99953153,
1501196,56.99497794,
1501227,56.99953153,
1501258,56.99725474,
1501290,56.99725474,
1501321,56.99725474,
1501353,56.99953153,
1501384,56.99725474,
1501416,56.99953153,
1501447,56.99725474,
1501478,56.99497794,
1501510,56.99953153,
1501665,56.99725474,
1501796,56.99953153,
1501828,56.99725474,
1501860,56.99953153,
1501891,56.99953153,
1501923,57.00180833,
1501954,56.99953153,
1501986,56.99953153,
1502017,56.99497794,
1502049,56.99497794,
1502080,56.99953153,
1502112,57.00180833,
1502143,56.99725474,
1502174,57.00408512,
1502205,56.99725474,
1502237,56.99953153,
1502268,57.00180833,
1502300,56.99953153,
1502331,56.99497794,
1502363,56.99953153,
1502466,56.99725474,
1502596,56.99725474,
1502629,56.99725474,
1502660,56.99725474,
1502691,56.99953153,
1502723,56.99497794,
1502756,56.99953153,
1502787,56.99497794,
1502819,56.99497794,
1502851,56.99953153,
1502882,57.00180833,
1502914,57.00180833,
1502946,56.99953153,
1502977,56.99953153,
1503009,57.00180833,
1503040,56.99953153,
1503072,56.99953153,
1503103,56.99725474,
1503134,56.99953153,
1503165,56.99497794,
1503293,56.99953153,
1503422,56.99497794,
1503454,57.00180833,
1503485,56.99953153,
1503517,57.00180833,
1503549,56.99725474,
1503580,56.99725474,
1503611,56.99953153,
1503642,56.99725474,
1503674,56.99725474,
1503705,56.99497794,
1503737,57.00180833,
1503768,56.99953153,
1503800,56.99953153,
1503831,56.99953153,
1503863,56.99953153,
1503894,56.99725474,
1503925,56.99725474,
1503957,56.99725474,
1503988,56.99497794,
1504112,56.99725474,
1504240,56.99725474,
1504273,56.99953153,
1504304,56.99725474,
1504336,57.00180833,
1504367,56.99497794,
1504399,56.99953153,
1504430,56.99725474,
1504461,56.99953153,
1504493,56.99725474,
1504524,56.99497794,
1504555,56.99953153,
1504587,57.00180833,
1504618,56.99497794,
1504650,56.99725474,
1504681,56.99953153,
1504713,57.00180833,
1504744,56.99725474,
1504776,56.99725474,
1504807,56.99953153,
1504948,57.00180833,
1505079,56.99953153,
1505111,56.99725474,
1505142,56.99725474,
1505173,56.99953153,
1505205,56.99953153,
1505236,56.99725474,
1505268,56.99497794,
1505299,56.99953153,
1505331,56.99953153,
1505362,57.00180833,
1505394,56.99725474,
1505425,57.00180833,
1505456,56.99725474,
1505488,56.99953153,
1505519,56.99270115,
1505550,57.00180833,
1505582,56.99725474,
1505613,56.99497794,
1505645,56.99725474,
1505816,56.99725474,
1505947,56.99953153,
1505978,56.99953153,
1506010,56.99953153,
1506041,56.99953153,
1506072,56.99953153,
1506104,56.99725474,
1506135,56.99953153,
1506167,56.99725474,
1506198,56.99953153,
1506230,56.99725474,
1506261,56.99953153,
1506292,56.99953153,
1506324,56.99725474,
1506355,56.99953153,
1506386,56.99953153,
1506418,56.99725474,
1506450,57.00408512,
1506481,57.00180833,
1506512,57.00180833,
1506667,57.00180833,
1506797,56.99953153,
1506830,56.99725474,
1506861,57.00180833,
1506892,56.99725474,
1506924,56.99725474,
1506956,57.00180833,
1506987,56.99953153,
1507018,56.99725474,
1507050,56.99725474,
1507081,56.99953153,
1507112,56.99497794,
1507144,56.99953153,
1507176,56.99725474,
1507207,56.99953153,
1507238,56.99725474,
1507270,56.99725474,
1507301,56.99953153,
1507332,56.99953153,
1507364,57.00180833,
1507489,56.99953153,
1507618,56.99725474,
1507650,57.00180833,
1507682,56.99725474,
1507713,57.00180833,
1507745,56.99953153,
1507776,56.99497794,
1507807,56.99725474,
1507838,57.00180833,
1507870,56.99953153,
1507902,56.99953153,
1507933,56.99953153,
1507965,56.99497794,
1507996,57.00180833,
1508027,56.99953153,
1508059,57.00180833,
1508090,57.00408512,
1508121,56.99725474,
1508153,56.99725474,
1508184,56.99953153,
1508416,56.99953153,
1508544,57.00180833,
1508576,56.99497794,
1508608,56.99725474,
1508639,56.99953153,
1508671,56.99725474,
1508702,56.99953153,
1508734,56.99953153,
1508765,56.99953153,
1508797,56.99725474,
1508828,56.99953153,
1508859,56.99953153,
1508891,57.00180833,
1508922,56.99725474,
1508953,56.99725474,
1508985,56.99953153,
1509016,56.99497794,
1509048,56.99725474,
1509079,56.99953153,
1509111,57.00180833,
1509226,56.99953153,
1509357,56.99953153,
1509389,56.99953153,
1509420,56.99725474,
1509452,56.99953153,
1509483,56.99953153,
1509515,56.99497794,
1509546,56.99725474,
1509577,56.99497794,
1509609,56.99953153,
1509640,56.99725474,
1509672,56.99953153,
1509703,56.99953153,
1509735,56.99725474,
1509766,56.99953153,
1509798,56.99953153,
1509829,56.99953153,
1509860,57.00180833,
1509892,57.00180833,
1509923,56.99725474,
1510066,56.99953153,
1510197,56.99497794,
1510229,56.99725474,
1510260,56.99497794,
1510292,56.99953153,
1510323,57.00408512,
1510355,57.00408512,
1510386,57.00180833,
1510418,56.99725474,
1510449,56.99725474,
1510480,57.00180833,
1510512,56.99497794,
1510543,56.99953153,
1510575,56.99725474,
1510606,56.99497794,
1510638,56.99953153,
1510669,56.99953153,
1510700,56.99953153,
1510732,56.99725474,
1510764,57.00180833,
1510861,56.99725474,
1510991,56.99953153,
1511023,56.99953153,
1511055,56.99953153,
1511086,56.99497794,
1511117,56.99953153,
1511149,56.99953153,
1511180,56.99953153,
1511212,56.99725474,
1511243,56.99725474,
1511276,57.00180833,
1511308,56.99953153,
1511340,57.00180833,
1511372,56.99953153,
1511404,56.99725474,
1511436,56.99725474,
1511467,56.99725474,
1511499,56.99725474,
1511530,56.99725474,
1511562,56.99953153,
1511683,56.99953153,
1511812,56.99953153,
1511845,56.99725474,
1511877,56.99953153,
1511908,56.99725474,
1511940,56.99725474,
1511971,56.99270115,
1512002,57.00180833,
1512033,57.00408512,
1512065,56.99953153,
1512096,57.00180833,
1512128,56.99725474,
1512159,56.99725474,
1512191,57.00408512,
1512222,57.00180833,
1512254,56.99953153,
1512285,56.99953153,
1512316,56.99953153,
1512348,56.99953153,
1512379,56.99725474,
1512517,56.99953153,
1512647,56.99953153,
1512679,56.99725474,
1512711,56.99725474,
1512742,57.00180833,
1512774,56.99497794,
1512805,56.99953153,
1512837,56.99497794,
1512868,56.99953153,
1512900,57.00180833,
1512931,56.99953153,
1512962,57.00180833,
1512994,56.99725474,
1513025,56.99953153,
1513057,56.99953153,
1513088,56.99953153,
1513120,56.99725474,
1513151,56.99497794,
1513183,57.00180833,
1513214,56.99497794,
1514562,56.99953153,
1514690,56.99725474,
1514723,56.99953153,
1514754,57.00180833,
1514786,56.99953153,
1514817,56.99953153,
1514849,56.99953153,
1514880,56.99497794,
1514912,57.00180833,
1514943,56.99953153,
1514974,56.99725474,
1515006,57.00180833,
1515037,56.99953153,
1515069,57.00180833,
1515100,56.99725474,
1515132,56.99953153,
1515163,56.99953153,
1515194,56.99953153,
1515226,56.99725474,
1515257,56.99497794,
1515396,56.99725474,
1515527,56.99497794,
1515559,56.99725474,
1515590,57.00408512,
1515621,56.99725474,
1515653,56.99953153,
1515684,56.99953153,
1515716,56.99953153,
1515747,56.99953153,
1515779,56.99953153,
1515810,56.99725474,
1515842,57.00180833,
1515873,56.99953153,
1515904,56.99953153,
1515936,56.99725474,
1515967,56.99953153,
1515999,56.99953153,
1516030,56.99953153,
1516062,56.99953153,
1516093,57.00180833,
1516262,56.99953153,
1516392,57.00408512,
1516424,57.00408512,
1516456,56.99725474,
1516487,56.99725474,
1516518,57.00180833,
1516550,56.99725474,
1516581,57.00180833,
1516612,56.99953153,
1516644,56.99953153,
1516675,56.99953153,
1516707,57.00408512,
1516738,57.00180833,
1516770,56.99725474,
1516801,56.99725474,
1516832,57.00180833,
1516864,56.99725474,
1516895,56.99953153,
1516927,56.99953153,
1516958,56.99497794,
1517137,56.99953153,
1517268,56.99953153,
1517299,56.99953153,
1517331,56.99953153,
1517362,56.99953153,
1517394,56.99725474,
1517425,56.99953153,
1517456,56.99725474,
1517488,57.00180833,
1517520,56.99725474,
1517551,56.99725474,
1517583,56.99725474,
1517614,56.99497794,
1517645,56.99725474,
1517677,57.00180833,
1517708,56.99953153,
1517739,56.99725474,
1517771,56.99725474,
1517802,56.99953153,
1517834,56.99953153,
1517940,56.99953153,
1518071,56.99953153,
1518103,56.99725474,
1518135,56.99953153,
1518166,56.99953153,
1518198,57.00180833,
1518229,56.99953153,
1518260,56.99497794,
1518292,56.99953153,
1518323,57.00180833,
1518355,56.99725474,
1518386,57.00180833,
1518418,57.00180833,
1518449,56.99497794,
1518480,57.00180833,
1518512,57.00180833,
1518543,56.99953153,
1518575,56.99725474,
1518606,56.99497794,
1518638,56.99953153,
1518838,56.99725474,
1518967,57.00180833,
1518999,56.99725474,
1519031,56.99725474,
1519062,56.99725474,
1519093,57.00180833,
1519125,56.99725474,
1519156,57.00180833,
1519188,56.99953153,
1519219,56.99953153,
1519251,56.99953153,
1519282,56.99953153,
1519313,57.00408512,
1519345,56.99953153,
1519376,56.99497794,
1519407,56.99953153,
1519439,56.99725474,
1519470,56.99497794,
1519502,56.99953153,
1519533,56.99725474,
1519697,56.99953153,
1519828,56.99953153,
1519859,56.99725474,
1519891,57.00180833,
1519922,56.99953153,
1519954,56.99953153,
1519985,56.99725474,
1520016,56.99725474,
1520048,57.00180833,
1520079,56.99953153,
1520111,56.99953153,
1520142,56.99497794,
1520174,56.99953153,
1520205,56.99725474,
1520237,56.99725474,
1520268,56.99497794,
1520299,56.99725474,
1520330,57.00180833,
1520362,56.99725474,
1520393,56.99953153,
1520510,56.99497794,
1520640,56.99953153,
1520673,56.99725474,
1520704,56.99953153,
1520736,56.99953153,
1520768,56.99725474,
1520799,56.99953153,
1520830,56.99953153,
1520862,56.99953153,
1520893,56.99497794,
1520925,57.00180833,
1520956,56.99725474,
1520988,56.99725474,
1521019,56.99725474,
1521050,56.99953153,
1521082,56.99953153,
1521113,56.99953153,
1521144,56.99953153,
1521176,56.99953153,
1521207,56.99953153,
1521312,56.99725474,
1521443,56.99725474,
1521475,56.99953153,
1521507,56.99497794,
1521538,56.99725474,
1521570,56.99725474,
1521601,57.00180833,
1521632,57.00180833,
1521663,56.99725474,
1521695,56.99725474,
1521726,56.99725474,
1521758,56.99953153,
1521789,56.99725474,
1521821,56.99953153,
1521852,56.99953153,
1521884,56.99953153,
1521915,56.99953153,
1521946,56.99725474,
1521978,56.99497794,
1522010,56.99953153,
1522154,57.00180833,
1522283,57.00180833,
1522315,56.99953153,
1522347,56.99497794,
1522378,56.99953153,
1522410,56.99953153,
1522441,56.99953153,
1522472,56.99725474,
1522504,56.99953153,
1522535,57.00180833,
1522567,57.00180833,
1522598,57.00180833,
1522630,56.99953153,
1522661,56.99725474,
1522692,56.99725474,
1522724,56.99725474,
1522755,56.99725474,
1522787,56.99953153,
1522818,56.99953153,
1522850,56.99497794,
1522960,56.99953153,
1523091,56.99953153,
1523123,56.99497794,
1523155,56.99497794,
1523186,56.99953153,
1523218,56.99953153,
1523249,56.99953153,
1523280,56.99953153,
1523312,56.99953153,
1523343,56.99953153,
1523375,56.99497794,
1523406,56.99725474,
1523438,56.99953153,
1523469,56.99953153,
1523500,56.99725474,
1523532,56.99725474,
1523563,56.99953153,
1523594,56.99953153,
1523626,56.99725474,
1523657,56.99953153,
1523862,57.00408512,
1523990,56.99725474,
1524022,56.99725474,
1524054,56.99953153,
1524085,56.99953153,
1524116,56.99725474,
1524148,56.99725474,
1524179,56.99725474,
1524211,57.00180833,
1524242,56.99725474,
1524274,56.99953153,
1524305,56.99953153,
1524337,56.99725474,
1524368,56.99953153,
1524399,56.99497794,
1524430,56.99725474,
1524462,56.99270115,
1524493,56.99725474,
1524525,57.00180833,
1524556,57.00180833,
1524763,56.99953153,
1524895,56.99725474,
1524927,56.99725474,
1524959,57.00180833,
1524990,57.00180833,
1525022,56.99953153,
1525053,56.99953153,
1525085,57.00180833,
1525116,56.99725474,
1525147,56.99497794,
1525179,56.99953153,
1525210,56.99725474,
1525242,56.99953153,
1525273,56.99953153,
1525305,56.99953153,
1525336,57.00180833,
1525367,56.99953153,
1525399,56.99497794,
1525430,56.99953153,
1525462,56.99953153,
1525823,56.99725474,
1525953,56.99725474,
1525985,56.99725474,
1526017,56.99953153,
1526048,56.99953153,
1526080,56.99725474,
1526111,56.99725474,
1526143,56.99725474,
1526174,56.99953153,
1526206,56.99725474,
1526237,56.99725474,
1526268,56.99497794,
1526300,56.99953153,
1526331,56.99953153,
1526362,56.99953153,
1526394,56.99725474,
1526425,57.00180833,
1526457,56.99953153,
1526488,57.00180833,
1526520,56.99953153,
1526724,56.99497794,
1526854,56.99725474,
1526886,56.99953153,
1526918,56.99725474,
1526950,56.99953153,
1526981,56.99725474,
1527012,56.99953153,
1527044,56.99953153,
1527075,56.99953153,
1527107,56.99725474,
1527138,56.99725474,
1527169,56.99953153,
1527201,57.00180833,
1527232,56.99725474,
1527264,56.99725474,
1527295,56.99725474,
1527327,56.99953153,
1527358,56.99725474,
1527389,56.99725474,
1527421,56.99497794,
1527629,57.00180833,
1527759,56.99953153,
1527790,56.99953153,
1527822,56.99953153,
1527854,56.99725474,
1527885,56.99953153,
1527917,57.00408512,
1527948,56.99953153,
1527979,56.99953153,
1528011,56.99725474,
1528042,56.99725474,
1528074,56.99497794,
1528105,57.00180833,
1528137,56.99497794,
1528168,57.00180833,
1528199,56.99953153,
1528231,57.00180833,
1528262,56.99497794,
1528293,56.99953153,
1528325,56.99953153,
1528482,56.99953153,
1528612,56.99953153,
1528645,56.99953153,
1528676,56.99953153,
1528707,56.99725474,
1528739,56.99725474,
1528771,56.99953153,
1528802,56.99953153,
1528833,56.99953153,
1528865,56.99725474,
1528896,56.99725474,
1528927,56.99953153,
1528959,56.99953153,
1528991,56.99953153,
1529022,56.99953153,
1529053,56.99725474,
1529085,57.00180833,
1529116,56.99725474,
1529148,56.99725474,
1529179,56.99497794,
1529299,57.00180833,
1529427,56.99953153,
1529459,56.99725474,
1529491,57.00180833,
1529522,56.99953153,
1529554,56.99725474,
1529585,56.99725474,
1529616,57.00180833,
1529648,57.00180833,
1529679,57.00180833,
1529711,57.00180833,
1529742,56.99725474,
1529774,57.00180833,
1529805,56.99953153,
1529836,57.00180833,
1529868,56.99725474,
1529899,57.00408512,
1529930,56.99953153,
1529962,56.99953153,
1529993,56.99953153,
1530127,56.99725474,
1530258,56.99725474,
1530291,57.00180833,
1530322,57.00180833,
1530354,57.00180833,
1530386,56.99953153,
1530417,56.99953153,
1530448,56.99953153,
1530480,57.00180833,
1530511,56.99953153,
1530542,56.99953153,
1530574,57.00408512,
1530605,56.99725474,
1530637,56.99725474,
1530668,56.99953153,
1530700,57.00180833,
1530731,56.99953153,
1530762,56.99725474,
1530794,56.99953153,
1530825,57.00180833,
1530943,56.99953153,
1531071,56.99497794,
1531104,56.99725474,
1531135,56.99953153,
1531166,56.99953153,
1531198,56.99953153,
1531230,57.00180833,
1531261,56.99953153,
1531292,56.99725474,
1531324,56.99497794,
1531355,57.00180833,
1531386,57.00180833,
1531418,56.99953153,
1531450,56.99953153,
1531481,56.99725474,
1531512,56.99953153,
1531544,56.99953153,
1531575,57.00408512,
1531607,56.99725474,
1531638,56.99953153,
1531761,56.99497794,
1531890,56.99953153,
1531922,57.00180833,
1531954,56.99953153,
1531985,56.99953153,
1532017,56.99725474,
1532048,56.99953153,
1532079,56.99953153,
1532111,57.00180833,
1532142,56.99953153,
1532174,56.99725474,
1532205,57.00180833,
1532237,56.99725474,
1532268,56.99953153,
1532299,56.99953153,
1532331,56.99497794,
1532362,57.00180833,
1532393,56.99953153,
1532425,57.00180833,
1532457,56.99953153,
1532586,56.99725474,
1532716,56.99725474,
1532749,57.00180833,
1532780,56.99725474,
1532812,56.99953153,
1532843,56.99953153,
1532875,57.00180833,
1532906,57.00180833,
1532938,56.99725474,
1532969,56.99725474,
1533000,56.99953153,
1533032,56.99953153,
1533063,57.00180833,
1533095,56.99725474,
1533126,57.00180833,
1533158,56.99725474,
1533189,56.99953153,
1533220,56.99725474,
1533252,56.99725474,
1533283,56.99953153,
1533393,56.99953153,
1533523,56.99953153,
1533555,56.99953153,
1533587,57.00180833,
1533618,56.99953153,
1533650,57.00180833,
1533681,56.99953153,
1533713,57.00408512,
1533744,57.00180833,
1533776,56.99953153,
1533807,56.99953153,
1533838,56.99725474,
1533870,57.00180833,
1533901,56.99725474,
1533933,56.99725474,
1533964,56.99725474,
1533996,56.99725474,
1534027,57.00408512,
1534059,56.99725474,
1534090,57.00408512,
1534207,56.99725474,
1534337,56.99953153,
1534369,56.99953153,
1534401,56.99725474,
1534432,56.99953153,
1534463,56.99953153,
1534495,57.00180833,
1534526,56.99953153,
1534557,57.00180833,
1534589,56.99953153,
1534620,56.99953153,
1534652,56.99725474,
1534683,56.99725474,
1534715,56.99497794,
1534746,56.99953153,
1534777,56.99725474,
1534809,56.99953153,
1534840,57.00180833,
1534872,56.99953153,
1534903,56.99953153,
1535029,56.99953153,
1535159,56.99725474,
1535192,56.99953153,
1535223,56.99725474,
1535255,56.99953153,
1535286,57.00408512,
1535318,56.99953153,
1535349,57.00408512,
1535380,56.99725474,
1535412,56.99953153,
1535443,57.00180833,
1535474,56.99725474,
1535506,56.99725474,
1535538,56.99725474,
1535569,56.99953153,
1535601,56.99497794,
1535632,56.99725474,
1535663,57.00180833,
1535694,56.99725474,
1535726,56.99725474,
1535874,56.99725474,
1536004,57.00180833,
1536036,56.99953153,
1536067,56.99497794,
1536099,57.00180833,
1536131,56.99953153,
1536163,56.99953153,
1536194,57.00180833,
1536226,56.99953153,
1536257,56.99953153,
1536288,56.99953153,
1536320,56.99953153,
1536351,56.99953153,
1536382,56.99953153,
1536414,57.00180833,
1536446,56.99725474,
1536477,57.00180833,
1536508,56.99953153,
1536540,56.99953153,
1536571,56.99953153,
1536683,57.00180833,
1536813,56.99953153,
1536846,56.99953153,
1536878,56.99953153,
1536909,56.99953153,
1536941,56.99725474,
1536972,56.99953153,
1537003,56.99953153,
1537035,56.99953153,
1537066,56.99953153,
1537098,57.00180833,
1537129,57.00180833,
1537161,56.99953153,
1537192,56.99725474,
1537223,57.00180833,
1537255,56.99725474,
1537286,56.99953153,
1537317,56.99953153,
1537349,56.99953153,
1537380,56.99953153,
1537491,57.00408512,
1537622,57.00180833,
1537654,57.00408512,
1537686,56.99953153,
1537717,56.99953153,
1537749,56.99953153,
1537780,56.99953153,
1537812,57.00180833,
1537843,56.99725474,
1537875,57.00180833,
1537906,56.99953153,
1537937,56.99725474,
1537969,56.99953153,
1538000,56.99953153,
1538032,56.99725474,
1538063,56.99497794,
1538095,56.99725474,
1538126,56.99725474,
1538158,56.99953153,
1538189,56.99953153,
1538319,56.99953153,
1538450,56.99953153,
1538483,56.99725474,
1538514,56.99725474,
1538546,57.00180833,
1538578,56.99953153,
1538609,57.00408512,
1538640,57.00180833,
1538672,57.00180833,
1538703,57.00180833,
1538734,56.99953153,
1538766,56.99953153,
1538797,57.00180833,
1538829,56.99725474,
1538860,56.99497794,
1538892,56.99725474,
1538923,56.99725474,
1538954,56.99725474,
1538986,56.99725474,
1539018,56.99497794,
1539135,56.99725474,
1539265,57.00180833,
1539297,57.00180833,
1539329,56.99953153,
1539360,56.99953153,
1539392,56.99725474,
1539423,56.99725474,
1539454,56.99953153,
1539486,56.99725474,
1539518,56.99953153,
1539549,57.00408512,
1539580,56.99725474,
1539612,56.99953153,
1539643,56.99725474,
1539674,56.99953153,
1539706,57.00408512,
1539737,57.00408512,
1539769,56.99953153,
1539800,57.00180833,
1539832,56.99953153,
1539941,56.99953153,
1540071,56.99497794,
1540103,57.00180833,
1540135,56.99725474,
1540166,56.99953153,
1540197,57.00180833,
1540229,56.99725474,
1540260,56.99953153,
1540292,56.99953153,
1540323,57.00408512,
1540355,56.99953153,
1540386,57.00180833,
1540418,56.99953153,
1540449,56.99953153,
1540480,56.99725474,
1540511,56.99953153,
1540543,57.00180833,
1540575,57.00180833,
1540606,57.00180833,
1540637,56.99953153,
1540838,56.99725474,
1540966,56.99953153,
1540998,56.99953153,
1541030,56.99725474,
1541061,56.99953153,
1541092,57.00180833,
1541124,57.00180833,
1541155,56.99725474,
1541187,57.00180833,
1541218,57.00180833,
1541250,56.99725474,
1541281,57.00180833,
1541312,56.99953153,
1541344,56.99725474,
1541376,56.99497794,
1541407,56.99725474,
1541439,56.99953153,
1541470,56.99953153,
1541501,57.00180833,
1541532,56.99953153,
1541704,56.99725474,
1541834,56.99725474,
1541867,56.99725474,
1541898,57.00180833,
1541929,56.99953153,
1541961,56.99953153,
1541993,56.99953153,
1542024,57.00180833,
1542055,56.99953153,
1542087,56.99953153,
1542118,56.99725474,
1542150,57.00180833,
1542181,56.99953153,
1542212,57.00180833,
1542243,56.99725474,
1542275,56.99725474,
1542307,57.00408512,
1542338,57.00180833,
1542370,56.99953153,
1542401,56.99953153,
1542507,56.99725474,
1542635,56.99953153,
1542668,56.99953153,
1542699,56.99725474,
1542731,56.99953153,
1542762,56.99953153,
1542794,56.99953153,
1542826,57.00180833,
1542858,56.99953153,
1542890,56.99953153,
1542922,57.00180833,
1542953,57.00180833,
1542985,57.00180833,
1543017,57.00180833,
1543048,56.99953153,
1543080,56.99953153,
1543112,56.99953153,
1543144,56.99953153,
1543176,56.99953153,
1543207,56.99953153,
1543347,56.99725474,
1543477,57.00180833,
1543509,57.00408512,
1543541,56.99953153,
1543572,57.00180833,
1543604,57.00180833,
1543635,56.99953153,
1543666,56.99953153,
1543698,57.00180833,
1543729,56.99953153,
1543761,57.00408512,
1543792,57.00180833,
1543824,57.00180833,
1543855,56.99953153,
1543886,57.00408512,
1543918,56.99953153,
1543949,56.99953153,
1543981,57.00180833,
1544012,56.99953153,
1544044,57.00408512,
1544145,57.00180833,
1544275,56.99953153,
1544307,57.00180833,
1544339,57.00180833,
1544370,56.99725474,
1544401,57.00180833,
1544433,56.99725474,
1544464,56.99953153,
1544495,56.99953153,
1544527,57.00408512,
1544558,56.99953153,
1544590,56.99725474,
1544621,57.00408512,
1544653,57.00180833,
1544684,56.99725474,
1544716,57.00408512,
1544747,56.99725474,
1544778,57.00180833,
1544809,57.00408512,
1544841,56.99725474,
1544979,57.00408512,
1545109,57.00180833,
1545142,56.99725474,
1545173,56.99725474,
1545204,57.00180833,
1545236,57.00180833,
1545267,56.99953153,
1545299,57.00408512,
1545330,56.99725474,
1545362,57.00180833,
1545393,57.00180833,
1545424,56.99953153,
1545456,57.00180833,
1545487,56.99725474,
1545518,56.99725474,
1545550,57.00180833,
1545582,57.00180833,
1545613,56.99953153,
1545645,57.00408512,
1545676,56.99953153,
1545777,56.99953153,
1545905,56.99953153,
1545936,57.00180833,
1545968,57.00180833,
1546000,57.00180833,
1546031,56.99725474,
1546063,56.99953153,
1546094,56.99953153,
1546125,57.00408512,
1546157,57.00180833,
1546188,56.99953153,
1546220,57.00180833,
1546251,56.99953153,
1546283,57.00180833,
1546314,56.99725474,
1546345,57.00408512,
1546377,57.00180833,
1546408,57.00408512,
1546439,56.99953153,
1546471,56.99953153,
1546602,56.99953153,
1546733,57.00180833,
1546765,56.99725474,
1546796,57.00408512,
1546828,57.00180833,
1546859,56.99953153,
1546891,57.00408512,
1546922,57.00180833,
1546953,57.00180833,
1546985,57.00180833,
1547016,57.00408512,
1547048,56.99725474,
1547079,56.99953153,
1547111,57.00408512,
1547142,56.99953153,
1547174,56.99725474,
1547205,56.99953153,
1547236,57.00180833,
1547268,56.99725474,
1547299,57.00636191,
1547429,57.00180833,
1547559,57.00180833,
1547593,57.00180833,
1547625,57.00180833,
1547657,57.00180833,
1547689,56.99953153,
1547721,56.99497794,
1547752,56.99953153,
1547783,57.00408512,
1547815,56.99953153,
1547846,56.99953153,
1547878,56.99953153,
1547909,56.99953153,
1547941,57.00180833,
1547972,56.99953153,
1548004,57.00180833,
1548035,57.00180833,
1548066,56.99953153,
1548098,56.99953153,
1548129,57.00180833,
1548255,56.99725474,
1548383,57.00180833,
1548415,56.99725474,
1548447,56.99953153,
1548478,56.99725474,
1548510,57.00180833,
1548541,56.99497794,
1548572,56.99725474,
1548604,57.00408512,
1548635,57.00180833,
1548667,56.99953153,
1548698,57.00180833,
1548730,56.99953153,
1548761,56.99953153,
1548792,57.00180833,
1548824,56.99725474,
1548855,57.00180833,
1548887,57.00180833,
1548918,56.99953153,
1548950,56.99953153,
1549088,56.99953153,
1549218,57.00408512,
1549250,56.99725474,
1549281,56.99953153,
1549312,57.00408512,
1549344,57.00180833,
1549375,56.99953153,
1549406,57.00180833,
1549438,56.99725474,
1549469,57.00180833,
1549501,56.99953153,
1549532,57.00180833,
1549564,57.00180833,
1549595,57.00180833,
1549627,56.99953153,
1549658,57.00180833,
1549689,57.00180833,
1549721,56.99953153,
1549752,56.99953153,
1549784,57.00408512,
1549953,57.00180833,
1550083,56.99953153,
1550114,57.00180833,
1550146,56.99953153,
1550178,56.99725474,
1550209,57.00180833,
1550241,56.99953153,
1550272,56.99725474,
1550303,57.00180833,
1550334,56.99953153,
1550366,57.00180833,
1550397,57.00180833,
1550429,56.99953153,
1550460,56.99953153,
1550492,56.99953153,
1550523,57.00180833,
1550555,56.99953153,
1550586,56.99953153,
1550617,56.99953153,
1550649,57.00180833,
1550889,56.99725474,
1551019,57.00180833,
1551050,57.00408512,
1551082,56.99953153,
1551113,56.99953153,
1551145,57.00180833,
1551176,57.00180833,
1551208,56.99953153,
1551239,57.00180833,
1551271,57.00180833,
1551302,56.99953153,
1551333,56.99953153,
1551364,57.00180833,
1551396,57.00180833,
1551427,56.99953153,
1551459,56.99953153,
1551490,56.99725474,
1551522,56.99953153,
1551553,56.99953153,
1551585,56.99953153,
1551898,56.99953153,
1552029,57.00180833,
1552060,57.00408512,
1552092,57.00180833,
1552123,57.00180833,
1552154,57.00180833,
1552186,56.99953153,
1552218,57.00180833,
1552249,56.99725474,
1552280,56.99953153,
1552312,57.00180833,
1552343,57.00180833,
1552374,57.00180833,
1552406,56.99953153,
1552438,56.99497794,
1552469,56.99953153,
1552500,56.99953153,
1552532,57.00180833,
1552563,56.99953153,
1552595,57.00180833,
1552755,57.00180833,
1552885,56.99725474,
1552918,57.00180833,
1552949,56.99953153,
1552980,56.99953153,
1553012,57.00180833,
1553043,56.99953153,
1553074,57.00180833,
1553106,57.00180833,
1553138,56.99953153,
1553169,56.99953153,
1553200,56.99953153,
1553232,56.99953153,
1553263,57.00180833,
1553294,56.99953153,
1553326,56.99953153,
1553357,56.99953153,
1553389,56.99953153,
1553420,56.99953153,
1553452,56.99953153,
1553766,57.00180833,
1553895,57.00180833,
1553926,57.00180833,
1553958,56.99953153,
1553989,57.00180833,
1554020,56.99725474,
1554052,56.99953153,
1554084,56.99953153,
1554115,57.00180833,
1554146,57.00180833,
1554178,56.99953153,
1554209,57.00180833,
1554241,56.99953153,
1554272,57.00636191,
1554303,56.99953153,
1554334,57.00636191,
1554366,57.00180833,
1554398,56.99953153,
1554429,56.99953153,
1554461,56.99725474,
1554587,57.00180833,
1554715,57.00180833,
1554747,57.00180833,
1554778,57.00180833,
1554809,56.99953153,
1554841,57.00180833,
1554873,57.00180833,
1554904,56.99953153,
1554935,57.00180833,
1554967,57.00180833,
1554998,56.99953153,
1555029,56.99953153,
1555061,57.00180833,
1555092,56.99725474,
1555124,57.00408512,
1555155,56.99953153,
1555187,57.00408512,
1555218,56.99953153,
1555249,57.00180833,
1555281,56.99953153,
1555498,57.00180833,
1555629,56.99953153,
1555661,56.99953153,
1555693,57.00180833,
1555724,56.99953153,
1555755,56.99953153,
1555787,57.00180833,
1555818,56.99725474,
1555850,57.00180833,
1555881,57.00408512,
1555913,57.00180833,
1555944,56.99953153,
1555976,56.99953153,
1556007,57.00180833,
1556038,56.99953153,
1556070,56.99497794,
1556101,56.99953153,
1556133,57.00408512,
1556164,56.99953153,
1556196,56.99953153,
1556334,57.00180833,
1556465,57.00180833,
1556497,57.00180833,
1556528,57.00180833,
1556559,57.00408512,
1556591,56.99953153,
1556622,56.99953153,
1556654,57.00180833,
1556685,57.00180833,
1556717,57.00408512,
1556748,56.99953153,
1556779,57.00180833,
1556811,56.99953153,
1556842,57.00180833,
1556874,57.00180833,
1556905,57.00180833,
1556937,56.99953153,
1556968,57.00180833,
1557000,57.00180833,
1557031,56.99725474,
1557158,56.99953153,
1557288,57.00180833,
1557320,56.99725474,
1557351,56.99953153,
1557382,57.00408512,
1557414,57.00180833,
1557446,57.00408512,
1557477,57.00180833,
1557508,56.99953153,
1557540,57.00408512,
1557571,57.00180833,
1557602,57.00180833,
1557634,57.00180833,
1557665,56.99953153,
1557697,57.00636191,
1557728,57.00180833,
1557760,57.00408512,
1557791,57.00408512,
1557823,56.99953153,
1557854,57.00180833,
1557965,57.00180833,
1558096,57.00180833,
1558128,56.99953153,
1558160,56.99953153,
1558191,57.00180833,
1558222,57.00180833,
1558254,56.99953153,
1558285,57.00408512,
1558316,57.00408512,
1558348,57.00180833,
1558380,57.00408512,
1558411,56.99953153,
1558442,56.99725474,
1558474,56.99953153,
1558505,57.00180833,
1558536,56.99953153,
1558567,57.00180833,
1558599,57.00180833,
1558630,56.99953153,
1558662,56.99953153,
1558809,56.99953153,
1558941,56.99953153,
1558973,57.00180833,
1559004,57.00180833,
1559035,56.99953153,
1559067,57.00408512,
1559099,56.99725474,
1559130,56.99953153,
1559162,56.99953153,
1559193,57.00180833,
1559224,56.99725474,
1559256,57.00180833,
1559287,56.99953153,
1559319,57.00636191,
1559350,57.00408512,
1559381,57.00180833,
1559413,56.99953153,
1559444,56.99953153,
1559476,56.99953153,
1559507,56.99725474,
1559681,57.00408512,
1559811,57.00408512,
1559843,57.00180833,
1559875,57.00180833,
1559906,57.00180833,
1559937,57.00180833,
1559969,57.00180833,
1560000,57.00180833,
1560032,57.00408512,
1560063,57.00180833,
1560095,57.00180833,
1560126,57.00408512,
1560157,56.99953153,
1560189,56.99953153,
1560220,57.00180833,
1560252,57.00408512,
1560283,56.99725474,
1560315,57.00180833,
1560346,57.00636191,
1560377,57.00180833,
1563395,56.99953153,
1563526,57.00408512,
1563558,56.99725474,
1563589,57.00408512,
1563621,57.00180833,
1563652,57.00180833,
1563684,56.99953153,
1563715,56.99953153,
1563746,57.00180833,
1563778,57.00180833,
1563809,56.99953153,
1563841,57.00180833,
1563872,57.00408512,
1563904,57.00180833,
1563935,57.00180833,
1563967,56.99953153,
1563998,56.99953153,
1564029,57.00408512,
1564061,56.99953153,
1564092,57.00180833,
1564328,56.99953153,
1564458,57.00180833,
1564491,56.99953153,
1564522,56.99953153,
1564553,57.00180833,
1564585,57.00408512,
1564617,56.99953153,
1564648,57.00180833,
1564680,57.00408512,
1564711,56.99953153,
1564742,57.00180833,
1564773,57.00408512,
1564805,56.99953153,
1564836,57.00636191,
1564868,56.99953153,
1564900,57.00180833,
1564931,57.00180833,
1564962,57.00180833,
1564994,57.00408512,
1565025,57.00180833,
1565364,56.99953153,
1565495,57.00180833,
1565527,57.00180833,
1565558,57.00180833,
1565590,56.99953153,
1565622,57.00180833,
1565653,57.00180833,
1565684,56.99953153,
1565716,56.99953153,
1565747,57.00180833,
1565779,57.00408512,
1565810,57.00180833,
1565842,57.00180833,
1565873,57.00180833,
1565904,57.00180833,
1565936,56.99953153,
1565967,56.99953153,
1565998,56.99725474,
1566030,56.99953153,
1566061,57.00408512,
1566255,56.99953153,
1566385,56.99953153,
1566417,56.99953153,
1566449,56.99953153,
1566480,57.00180833,
1566511,57.00636191,
1566543,57.00180833,
1566574,57.00180833,
1566606,57.00180833,
1566637,57.00408512,
1566669,56.99725474,
1566700,57.00180833,
1566732,56.99953153,
1566763,57.00180833,
1566794,57.00180833,
1566825,56.99953153,
1566857,56.99953153,
1566889,57.00408512,
1566920,56.99953153,
1566952,57.00180833,
1567083,56.99953153,
1567213,56.99953153,
1567245,57.00180833,
1567277,56.99953153,
1567308,57.00180833,
1567339,56.99953153,
1567371,56.99953153,
1567402,56.99953153,
1567434,57.00408512,
1567465,57.00180833,
1567497,57.00180833,
1567528,56.99953153,
1567560,57.00180833,
1567591,57.00180833,
1567622,57.00180833,
1567654,57.00180833,
1567685,57.00180833,
1567716,56.99953153,
1567748,57.00408512,
1567779,56.99953153,
1567907,56.99953153,
1568037,57.00180833,
1568069,57.00180833,
1568101,57.00408512,
1568132,56.99953153,
1568164,57.00180833,
1568195,57.00408512,
1568227,57.00180833,
1568258,57.00180833,
1568290,56.99953153,
1568321,57.00180833,
1568352,57.00408512,
1568384,57.00180833,
1568415,57.00180833,
1568447,56.99953153,
1568478,56.99725474,
1568510,57.00180833,
1568541,56.99953153,
1568573,57.00180833,
1568604,57.00180833,
1568720,57.00180833,
1568849,56.99725474,
1568882,57.00180833,
1568913,56.99953153,
1568945,56.99953153,
1568976,56.99953153,
1569008,57.00180833,
1569039,56.99953153,
1569070,56.99725474,
1569102,56.99953153,
1569133,57.00180833,
1569165,57.00408512,
1569196,57.00408512,
1569228,56.99725474,
1569259,56.99953153,
1569291,56.99725474,
1569322,57.00180833,
1569353,57.00408512,
1569384,57.00408512,
1569416,56.99953153,
1569544,57.00180833,
1569674,56.99953153,
1569706,57.00180833,
1569738,57.00408512,
1569769,56.99953153,
1569801,57.00180833,
1569832,56.99953153,
1569864,57.00180833,
1569895,57.00180833,
1569927,57.00180833,
1569958,56.99953153,
1569990,56.99953153,
1570021,57.00408512,
1570053,57.00180833,
1570084,57.00408512,
1570115,57.00408512,
1570147,56.99725474,
1570178,56.99953153,
1570210,56.99953153,
1570241,57.00180833,
1570364,57.00408512,
1570495,56.99953153,
1570527,57.00180833,
1570559,56.99953153,
1570590,57.00180833,
1570622,56.99725474,
1570653,57.00408512,
1570684,56.99953153,
1570715,57.00180833,
1570747,57.00636191,
1570778,56.99953153,
1570810,56.99953153,
1570841,57.00408512,
1570873,56.99953153,
1570904,57.00180833,
1570936,56.99953153,
1570967,57.00180833,
1570998,56.99953153,
1571030,57.00180833,
1571061,57.00180833,
1571204,57.00180833,
1571335,57.00408512,
1571367,57.00180833,
1571399,56.99953153,
1571430,57.00180833,
1571462,56.99725474,
1571493,57.00408512,
1571524,56.99725474,
1571556,57.00408512,
1571587,56.99953153,
1571619,56.99953153,
1571650,57.00408512,
1571682,56.99725474,
1571713,56.99953153,
1571745,56.99953153,
1571776,57.00408512,
1571807,56.99953153,
1571838,57.00180833,
1571870,56.99953153,
1571901,57.00180833,
1572073,56.99725474,
1572203,56.99725474,
1572234,57.00180833,
1572266,57.00180833,
1572297,56.99953153,
1572329,57.00180833,
1572360,56.99725474,
1572392,56.99953153,
1572423,57.00180833,
1572454,56.99725474,
1572486,57.00180833,
1572517,56.99953153,
1572548,57.00408512,
1572580,57.00180833,
1572612,56.99725474,
1572643,57.00408512,
1572674,57.00180833,
1572706,56.99953153,
1572737,56.99725474,
1572769,57.00180833,
1575915,57.00180833,
1576045,56.99953153,
1576077,57.00180833,
1576109,56.99953153,
1576140,57.00180833,
1576172,57.00180833,
1576203,57.00180833,
1576234,56.99953153,
1576266,56.99953153,
1576297,57.00180833,
1576329,57.00180833,
1576360,57.00180833,
1576392,57.00180833,
1576423,56.99953153,
1576455,56.99953153,
1576486,56.99953153,
1576517,56.99953153,
1576548,57.00180833,
1576580,57.00180833,
1576612,57.00180833,
1576729,57.00180833,
1576859,57.00180833,
1576892,56.99953153,
1576923,56.99953153,
1576955,56.99953153,
1576986,56.99725474,
1577018,57.00180833,
1577049,56.99953153,
1577081,57.00180833,
1577112,56.99725474,
1577143,57.00180833,
1577175,57.00180833,
1577206,57.00180833,
1577238,57.00180833,
1577269,56.99953153,
1577301,57.00180833,
1577332,56.99953153,
1577363,56.99953153,
1577395,57.00408512,
1577426,56.99953153,
1577533,56.99953153,
1577663,57.00180833,
1577696,56.99953153,
1577727,57.00180833,
1577759,56.99953153,
1577790,56.99953153,
1577822,56.99725474,
1577853,57.00180833,
1577884,57.00180833,
1577916,57.00180833,
1577947,56.99953153,
1577979,57.00180833,
1578010,57.00180833,
1578042,57.00180833,
1578073,56.99953153,
1578105,57.00180833,
1578136,57.00180833,
1578167,57.00180833,
1578199,57.00408512,
1578230,57.00180833,
1578348,56.99953153,
1578476,57.00180833,
1578508,57.00180833,
1578540,57.00180833,
1578571,57.00408512,
1578602,56.99953153,
1578634,56.99953153,
1578666,56.99953153,
1578697,57.00180833,
1578728,56.99953153,
1578760,57.00180833,
1578791,57.00180833,
1578823,56.99953153,
1578854,57.00408512,
1578885,57.00180833,
1578917,56.99953153,
1578949,57.00180833,
1578980,57.00408512,
1579011,57.00180833,
1579043,56.99725474,
1579256,56.99953153,
1579384,57.00180833,
1579415,57.00180833,
1579447,57.00180833,
1579479,57.00180833,
1579510,56.99953153,
1579542,57.00180833,
1579573,57.00636191,
1579604,56.99953153,
1579636,56.99953153,
1579667,56.99953153,
1579699,56.99953153,
1579730,57.00408512,
1579762,57.00408512,
1579793,57.00408512,
1579824,57.00636191,
1579856,57.00408512,
1579887,57.00180833,
1579919,57.00180833,
1579950,56.99953153,
1580082,56.99953153,
1580210,56.99953153,
1580242,57.00180833,
1580274,57.00408512,
1580305,57.00408512,
1580337,56.99953153,
1580368,57.00180833,
1580400,56.99953153,
1580431,57.00180833,
1580463,56.99953153,
1580494,57.00180833,
1580525,56.99725474,
1580557,57.00180833,
1580588,57.00180833,
1580619,56.99725474,
1580651,57.00408512,
1580682,56.99953153,
1580714,56.99953153,
1580745,56.99953153,
1580777,57.00180833,
1581034,56.99953153,
1581164,57.00180833,
1581197,57.00180833,
1581228,57.00180833,
1581260,56.99953153,
1581291,56.99953153,
1581323,57.00180833,
1581354,56.99953153,
1581386,57.00408512,
1581417,57.00180833,
1581448,57.00636191,
1581480,57.00408512,
1581511,57.00408512,
1581543,57.00180833,
1581574,57.00180833,
1581606,57.00180833,
1581637,57.00180833,
1581668,57.00180833,
1581700,57.00636191,
1581731,56.99725474,
1581924,57.00408512,
1582052,57.00180833,
1582084,57.00180833,
1582116,56.99953153,
1582147,56.99953153,
1582179,56.99953153,
1582210,57.00408512,
1582242,57.00180833,
1582273,56.99953153,
1582305,56.99953153,
1582336,57.00180833,
1582367,57.00180833,
1582399,56.99953153,
1582430,57.00180833,
1582462,57.00180833,
1582493,57.00180833,
1582524,57.00180833,
1582556,56.99725474,
1582587,57.00180833,
1582619,57.00408512,
1582860,57.00408512,
1582991,56.99953153,
1583023,57.00180833,
1583054,56.99953153,
1583086,57.00180833,
1583117,57.00180833,
1583149,57.00180833,
1583180,56.99953153,
1583211,56.99953153,
1583243,57.00180833,
1583274,57.00636191,
1583306,57.00180833,
1583337,57.00408512,
1583369,57.00408512,
1583400,56.99953153,
1583432,56.99953153,
1583463,57.00408512,
1583494,57.00180833,
1583526,57.00408512,
1583557,56.99953153,
1583684,57.00180833,
1583814,56.99953153,
1583848,56.99953153,
1583881,57.00180833,
1583912,56.99953153,
1583945,57.00408512,
1583976,57.00180833,
1584007,57.00180833,
1584039,56.99725474,
1584071,57.00408512,
1584102,57.00180833,
1584133,56.99953153,
1584165,57.00180833,
1584196,57.00180833,
1584228,57.00180833,
1584259,56.99725474,
1584291,56.99953153,
1584322,57.00408512,
1584354,57.00180833,
1584385,56.99953153,
1584484,57.00408512,
1584612,57.00636191,
1584644,57.00180833,
1584676,56.99953153,
1584707,56.99953153,
1584738,57.00408512,
1584770,57.00408512,
1584802,56.99953153,
1584833,57.00408512,
1584865,57.00408512,
1584896,57.00408512,
1584927,57.00408512,
1584959,57.00408512,
1584990,57.00180833,
1585022,57.00408512,
1585053,57.00408512,
1585084,56.99953153,
1585116,56.99953153,
1585147,57.00180833,
1585179,56.99953153,
1585399,56.99953153,
1585529,56.99725474,
1585560,57.00180833,
1585592,57.00180833,
1585624,57.00408512,
1585655,56.99953153,
1585687,57.00180833,
1585718,56.99953153,
1585749,57.00408512,
1585781,57.00180833,
1585812,56.99953153,
1585844,57.00180833,
1585875,57.00408512,
1585907,57.00408512,
1585938,56.99953153,
1585969,57.00408512,
1586001,56.99953153,
1586032,57.00408512,
1586064,57.00408512,
1586095,57.00180833,
1586234,57.00180833,
1586365,57.00180833,
1586396,56.99953153,
1586428,56.99953153,
1586460,57.00180833,
1586492,56.99953153,
1586523,57.00180833,
1586555,57.00408512,
1586586,57.00636191,
1586618,57.00180833,
1586649,57.00180833,
1586680,56.99953153,
1586712,57.00408512,
1586743,57.00408512,
1586775,57.00408512,
1586806,57.00180833,
1586838,56.99725474,
1586869,57.00636191,
1586901,57.00408512,
1586932,56.99953153,
1587051,57.00180833,
1587181,57.00180833,
1587213,56.99953153,
1587245,57.00408512,
1587276,57.00180833,
1587307,57.00180833,
1587339,57.00180833,
1587370,56.99725474,
1587402,57.00408512,
1587433,57.00636191,
1587465,57.00180833,
1587496,57.00180833,
1587528,57.00180833,
1587559,57.00180833,
1587590,57.00180833,
1587622,57.00180833,
1587653,57.00408512,
1587685,56.99953153,
1587716,57.00180833,
1587748,57.00408512,
1587868,56.99953153,
1587999,56.99953153,
1588031,56.99725474,
1588063,56.99953153,
1588094,57.00180833,
1588125,57.00408512,
1588157,56.99953153,
1588188,57.00180833,
1588220,57.00180833,
1588251,56.99953153,
1588283,57.00636191,
1588314,56.99953153,
1588346,56.99725474,
1588377,57.00180833,
1588408,56.99953153,
1588440,57.00180833,
1588471,56.99953153,
1588502,57.00408512,
1588534,56.99953153,
1588565,57.00180833,
1588773,56.99953153,
1588903,56.99953153,
1588935,57.00408512,
1588967,57.00180833,
1588998,57.00180833,
1589029,57.00180833,
1589061,57.00636191,
1589092,57.00180833,
1589124,57.00180833,
1589155,56.99953153,
1589187,57.00180833,
1589218,56.99953153,
1589249,57.00408512,
1589281,57.00636191,
1589312,57.00180833,
1589343,57.00180833,
1589375,57.00180833,
1589406,56.99953153,
1589438,57.00180833,
1589469,57.00408512,
1589721,57.00180833,
1589851,57.00408512,
1589884,56.99725474,
1589915,57.00180833,
1589946,56.99953153,
1589978,56.99953153,
1590009,56.99953153,
1590041,57.00408512,
1590072,56.99953153,
1590104,57.00408512,
1590135,57.00180833,
1590166,57.00180833,
1590198,57.00180833,
1590229,57.00180833,
1590261,56.99953153,
1590292,57.00636191,
1590324,57.00180833,
1590355,56.99953153,
1590386,57.00180833,
1590417,56.99953153,
1590548,57.00180833,
1590677,57.00180833,
1590709,56.99953153,
1590741,57.00180833,
1590772,57.00180833,
1590804,57.00180833,
1590835,56.99953153,
1590866,56.99953153,
1590898,57.00180833,
1590929,57.00408512,
1590961,56.99953153,
1590992,57.00636191,
1591024,56.99725474,
1591055,57.00180833,
1591086,57.00636191,
1591118,57.00408512,
1591149,57.00408512,
1591181,57.00408512,
1591212,56.99725474,
1591244,57.00180833,
1591356,56.99953153,
1591486,57.00180833,
1591518,56.99953153,
1591550,57.00408512,
1591581,57.00180833,
1591613,56.99725474,
1591644,57.00636191,
1591675,57.00408512,
1591706,57.00408512,
1591738,56.99953153,
1591770,57.00180833,
1591801,57.00180833,
1591832,56.99953153,
1591864,57.00180833,
1591895,57.00180833,
1591927,56.99953153,
1591958,57.00408512,
1591990,56.99953153,
1592021,56.99953153,
1592053,57.00180833,
1592169,56.99953153,
1592300,56.99953153,
1592332,56.99953153,
1592364,57.00408512,
1592395,56.99953153,
1592426,56.99953153,
1592458,57.00180833,
1592490,57.00408512,
1592521,57.00180833,
1592553,57.00180833,
1592584,57.00636191,
1592615,56.99953153,
1592647,56.99953153,
1592678,57.00180833,
1592709,57.00180833,
1592741,56.99953153,
1592773,57.00180833,
1592804,57.00180833,
1592835,56.99953153,
1592867,57.00636191,
1593014,56.99953153,
1593144,56.99953153,
1593177,57.00180833,
1593208,57.00180833,
1593240,56.99953153,
1593272,57.00408512,
1593303,56.99953153,
1593334,56.99725474,
1593366,57.00408512,
1593397,57.00180833,
1593428,57.00408512,
1593460,57.00180833,
1593491,56.99725474,
1593523,57.00180833,
1593554,57.00180833,
1593586,57.00408512,
1593617,56.99953153,
1593648,57.00180833,
1593680,57.00408512,
1593711,57.00180833,
1593915,57.00180833,
1594045,56.99953153,
1594078,57.00408512,
1594109,57.00408512,
1594140,57.00180833,
1594172,57.00180833,
1594203,57.00408512,
1594235,57.00408512,
1594266,57.00408512,
1594298,57.00408512,
1594329,57.00180833,
1594360,56.99953153,
1594392,56.99953153,
1594423,56.99725474,
1594455,57.00180833,
1594486,57.00636191,
1594518,57.00180833,
1594549,57.00180833,
1594580,57.00180833,
1594612,56.99953153,
1594834,57.00180833,
1594962,57.00180833,
1594994,57.00180833,
1595025,57.00180833,
1595057,57.00408512,
1595088,56.99725474,
1595120,57.00636191,
1595151,56.99953153,
1595182,57.00180833,
1595214,57.00180833,
1595245,57.00636191,
1595277,57.00180833,
1595308,57.00408512,
1595340,57.00180833,
1595371,57.00408512,
1595403,57.00180833,
1595434,56.99725474,
1595465,57.00180833,
1595496,57.00636191,
1595528,56.99953153,
1595754,56.99953153,
1595884,57.00408512,
1595916,56.99953153,
1595948,56.99953153,
1595979,57.00408512,
1596010,56.99953153,
1596042,56.99725474,
1596073,56.99953153,
1596105,56.99953153,
1596136,56.99953153,
1596168,56.99725474,
1596199,56.99953153,
1596231,57.00180833,
1596262,57.00408512,
1596293,57.00180833,
1596324,57.00408512,
1596356,56.99953153,
1596388,57.00636191,
1596419,57.00636191,
1596451,57.00180833,
1596765,56.99953153,
1596896,57.00636191,
1596927,57.00180833,
1596960,56.99953153,
1596991,56.99953153,
1597022,57.00180833,
1597054,56.99953153,
1597085,57.00180833,
1597116,57.00408512,
1597148,57.00408512,
1597180,57.00180833,
1597211,57.00180833,
1597242,57.00180833,
1597274,56.99953153,
1597305,57.00636191,
1597336,57.00180833,
1597368,57.00636191,
1597399,56.99953153,
1597431,57.00180833,
1597462,57.00180833,
1597678,57.00180833,
1597808,57.00408512,
1597839,57.00408512,
1597871,56.99953153,
1597903,57.00180833,
1597934,57.00180833,
1597966,56.99953153,
1597997,57.00408512,
1598028,57.00408512,
1598059,57.00636191,
1598091,57.00408512,
1598122,57.00408512,
1598154,56.99725474,
1598185,56.99953153,
1598217,57.00636191,
1598248,57.00408512,
1598280,57.00180833,
1598311,57.00408512,
1598342,56.99725474,
1598374,56.99953153,
1598540,57.00180833,
1598670,56.99953153,
1598702,57.00180833,
1598734,57.00180833,
1598765,57.00408512,
1598797,57.00408512,
1598828,57.00180833,
1598860,57.00180833,
1598891,57.00180833,
1598923,57.00408512,
1598954,57.00408512,
1598986,57.00180833,
1599017,57.00180833,
1599048,57.00180833,
1599079,57.00180833,
1599111,57.00408512,
1599143,56.99953153,
1599174,56.99953153,
1599206,57.00180833,
1599237,57.00180833,
1599414,56.99953153,
1599542,57.00180833,
1599574,57.00180833,
1599605,56.99953153,
1599637,57.00180833,
1599668,57.00180833,
1599699,57.00180833,
1599731,57.00408512,
1599762,57.00408512,
1599794,56.99953153,
1599825,57.00180833,
1599857,57.00180833,
1599888,56.99953153,
1599920,56.99953153,
1599951,56.99953153,
1599982,57.00180833,
1600014,56.99953153,
1600045,57.00180833,
1600077,57.00180833,
1600108,57.00408512,
1602208,57.00408512,
1602339,57.00408512,
1602371,56.99953153,
1602402,56.99953153,
1602433,56.99953153,
1602465,57.00636191,
1602497,57.00408512,
1602528,57.00180833,
1602559,57.00180833,
1602591,57.00180833,
1602622,57.00636191,
1602654,57.00636191,
1602685,57.00408512,
1602717,56.99725474,
1602748,57.00408512,
1602780,57.00408512,
1602811,56.99953153,
1602842,57.00408512,
1602874,57.00408512,
1602905,57.00180833,
1603021,57.00180833,
1603149,57.00180833,
1603180,56.99953153,
1603212,56.99953153,
1603244,56.99953153,
1603275,57.00180833,
1603307,57.00180833,
1603338,57.00408512,
1603369,56.99953153,
1603401,57.00180833,
1603432,56.99953153,
1603464,57.00180833,
1603495,56.99953153,
1603527,57.00180833,
1603558,56.99953153,
1603589,57.00180833,
1603621,57.00408512,
1603652,57.00180833,
1603683,57.00180833,
1603715,56.99953153,
1607045,56.99953153,
1607173,57.00636191,
1607206,57.00180833,
1607237,57.00180833,
1607269,57.00408512,
1607300,56.99953153,
1607332,57.00180833,
1607363,56.99953153,
1607395,57.00636191,
1607426,57.00408512,
1607457,56.99953153,
1607489,56.99953153,
1607520,57.00180833,
1607552,57.00180833,
1607583,57.00180833,
1607615,57.00180833,
1607646,57.00636191,
1607677,57.00180833,
1607709,57.00180833,
1607740,57.00180833,
1607840,57.00180833,
1607970,57.00180833,
1608003,57.00180833,
1608034,57.00180833,
1608065,57.00180833,
1608097,57.00408512,
1608129,56.99953153,
1608160,57.00180833,
1608191,57.00408512,
1608223,57.00180833,
1608254,56.99725474,
1608285,57.00636191,
1608317,57.00180833,
1608349,57.00408512,
1608380,57.00408512,
1608411,57.00180833,
1608443,56.99953153,
1608474,57.00180833,
1608505,57.00408512,
1608537,57.00408512,
1608665,56.99953153,
1608793,57.00180833,
1608825,56.99953153,
1608857,57.00180833,
1608888,57.00180833,
1608920,57.00636191,
1608952,57.00180833,
1608983,57.00408512,
1609014,57.00180833,
1609046,57.00180833,
1609077,57.00180833,
1609108,57.00180833,
1609140,57.00180833,
1609171,56.99953153,
1609203,57.00408512,
1609234,57.00408512,
1609266,57.00180833,
1609297,57.00180833,
1609329,57.00408512,
1609360,57.00180833,
1609502,57.00180833,
1609632,57.00408512,
1609665,56.99953153,
1609696,57.00408512,
1609727,56.99953153,
1609759,57.00180833,
1609790,56.99953153,
1609821,57.00180833,
1609853,57.00180833,
1609885,56.99953153,
1609916,56.99953153,
1609948,57.00180833,
1609979,57.00408512,
1610010,57.00180833,
1610042,57.00180833,
1610073,57.00180833,
1610105,56.99953153,
1610136,56.99953153,
1610167,57.00408512,
1610199,57.00408512,
1610389,57.00180833,
1610518,57.00180833,
1610550,56.99953153,
1610582,56.99953153,
1610614,57.00180833,
1610645,56.99725474,
1610677,56.99953153,
1610708,57.00180833,
1610739,56.99953153,
1610771,56.99953153,
1610802,57.00180833,
1610833,57.00408512,
1610865,56.99953153,
1610897,57.00180833,
1610928,56.99953153,
1610959,57.00180833,
1610991,56.99953153,
1611022,57.00180833,
1611053,56.99953153,
1611084,56.99953153,
1611236,56.99953153,
1611366,56.99953153,
1611399,57.00180833,
1611430,56.99953153,
1611461,57.00180833,
1611493,56.99953153,
1611524,56.99953153,
1611555,57.00180833,
1611587,56.99953153,
1611618,57.00408512,
1611650,56.99953153,
1611681,57.00180833,
1611713,56.99725474,
1611744,57.00180833,
1611775,56.99953153,
1611807,56.99953153,
1611838,57.00180833,
1611870,57.00180833,
1611901,56.99953153,
1611933,57.00636191,
1612112,56.99725474,
1612242,57.00408512,
1612274,57.00180833,
1612306,57.00180833,
1612337,56.99953153,
1612368,57.00180833,
1612400,57.00408512,
1612431,56.99953153,
1612463,56.99953153,
1612494,57.00180833,
1612525,56.99953153,
1612557,57.00180833,
1612588,57.00180833,
1612620,57.00408512,
1612651,56.99953153,
1612682,56.99953153,
1612714,56.99953153,
1612746,57.00180833,
1612777,57.00636191,
1612808,57.00180833,
1613077,57.00180833,
1613205,57.00180833,
1613238,57.00180833,
1613269,57.00180833,
1613300,56.99953153,
1613331,57.00180833,
1613363,56.99953153,
1613394,57.00180833,
1613426,56.99725474,
1613457,57.00180833,
1613488,56.99953153,
1613520,56.99953153,
1613551,57.00408512,
1613583,57.00180833,
1613614,57.00180833,
1613646,57.00408512,
1613677,56.99953153,
1613708,56.99953153,
1613740,57.00408512,
1613771,56.99953153,
1613887,56.99953153,
1614017,56.99953153,
1614049,57.00180833,
1614081,57.00180833,
1614112,57.00180833,
1614143,57.00180833,
1614174,57.00408512,
1614206,57.00408512,
1614237,57.00636191,
1614269,57.00180833,
1614300,57.00180833,
1614331,57.00180833,
1614363,56.99953153,
1614394,57.00408512,
1614425,57.00180833,
1614457,57.00180833,
1614489,57.00408512,
1614520,56.99953153,
1614552,56.99953153,
1614583,57.00180833,
1614701,57.00180833,
1614832,57.00180833,
1614864,56.99953153,
1614896,57.00180833,
1614927,57.00636191,
1614958,56.99953153,
1614989,57.00180833,
1615020,57.00180833,
1615052,56.99953153,
1615083,56.99725474,
1615115,56.99953153,
1615146,57.00180833,
1615178,56.99953153,
1615209,57.00408512,
1615240,57.00180833,
1615272,56.99953153,
1615303,57.00636191,
1615335,56.99953153,
1615366,56.99725474,
1615398,56.99953153,
1615594,57.00180833,
1615724,57.00180833,
1615756,57.00180833,
1615787,57.00180833,
1615818,57.00180833,
1615849,57.00408512,
1615881,57.00180833,
1615913,56.99725474,
1615944,57.00180833,
1615975,57.00180833,
1616007,57.00180833,
1616038,56.99953153,
1616069,56.99953153,
1616101,56.99725474,
1616132,56.99953153,
1616164,56.99953153,
1616195,57.00180833,
1616227,57.00408512,
1616258,57.00408512,
1616289,57.00180833,
1616516,56.99953153,
1616646,57.00408512,
1616677,57.00408512,
1616709,57.00180833,
1616741,57.00180833,
1616772,56.99953153,
1616804,57.00180833,
1616835,57.00408512,
1616866,57.00408512,
1616898,57.00408512,
1616929,56.99725474,
1616961,56.99725474,
1616992,56.99953153,
1617024,56.99953153,
1617055,57.00180833,
1617086,57.00180833,
1617118,57.00408512,
1617149,57.00180833,
1617181,57.00408512,
1617212,57.00180833,
1617364,57.00180833,
1617495,57.00408512,
1617528,56.99953153,
1617559,57.00180833,
1617590,57.00180833,
1617622,57.00180833,
1617654,57.00180833,
1617685,57.00408512,
1617716,56.99953153,
1617748,56.99953153,
1617779,57.00180833,
1617810,57.00180833,
1617842,56.99725474,
1617874,57.00180833,
1617905,56.99953153,
1617937,56.99725474,
1617968,56.99953153,
1617999,56.99725474,
1618030,57.00180833,
1618062,56.99953153,
1618194,57.00180833,
1618322,56.99953153,
1618356,57.00636191,
1618388,56.99953153,
1618420,57.00408512,
1618452,56.99953153,
1618484,56.99725474,
1618515,57.00636191,
1618547,56.99953153,
1618579,56.99953153,
1618610,57.00180833,
1618641,56.99953153,
1618673,56.99953153,
1618704,57.00180833,
1618735,57.00180833,
1618767,56.99953153,
1618800,56.99953153,
1618832,56.99953153,
1618864,56.99953153,
1618895,57.00408512,
1618997,56.99953153,
1619127,56.99953153,
1619159,56.99953153,
1619191,57.00180833,
1619222,56.99953153,
1619253,57.00636191,
1619285,57.00180833,
1619316,56.99953153,
1619348,56.99953153,
1619380,57.00180833,
1619412,56.99953153,
1619444,57.00408512,
1619476,56.99953153,
1619507,57.00180833,
1619539,56.99953153,
1619571,57.00180833,
1619602,57.00180833,
1619634,57.00636191,
1619665,57.00408512,
1619697,56.99953153,
1620022,57.00636191,
1620152,57.00408512,
1620184,56.99953153,
1620216,57.00180833,
1620247,57.00636191,
1620278,56.99953153,
1620309,57.00180833,
1620341,57.00408512,
1620372,56.99953153,
1620403,57.00408512,
1620435,56.99953153,
1620466,57.00408512,
1620498,57.00180833,
1620530,56.99953153,
1620562,56.99953153,
1620594,57.00180833,
1620625,57.00180833,
1620656,56.99953153,
1620687,57.00180833,
1620719,57.00636191,
1620931,57.00180833,
1621061,57.00408512,
1621093,57.00180833,
1621124,57.00180833,
1621156,57.00180833,
1621187,57.00408512,
1621219,57.00636191,
1621250,56.99953153,
1621281,57.00180833,
1621313,57.00180833,
1621345,57.00180833,
1621376,57.00408512,
1621407,57.00636191,
1621439,57.00408512,
1621470,56.99953153,
1621501,57.00180833,
1621533,57.00180833,
1621564,57.00180833,
1621596,57.00180833,
1621627,57.00408512,
1621762,57.00180833,
1621893,57.00180833,
1621926,57.00408512,
1621957,57.00408512,
1621988,56.99953153,
1622019,57.00180833,
1622051,57.00408512,
1622082,57.00180833,
1622114,57.00180833,
1622145,56.99725474,
1622177,57.00180833,
1622208,57.00408512,
1622240,57.00180833,
1622271,57.00408512,
1622302,56.99953153,
1622334,56.99953153,
1622365,56.99725474,
1622397,56.99953153,
1622428,57.00408512,
1622460,57.00180833,
1622660,57.00408512,
1622791,57.00180833,
1622822,57.00408512,
1622854,56.99953153,
1622886,57.00180833,
1622917,56.99953153,
1622949,57.00180833,
1622980,57.00180833,
1623011,56.99953153,
1623043,57.00180833,
1623074,57.00180833,
1623106,57.00180833,
1623137,57.00408512,
1623169,57.00180833,
1623200,57.00408512,
1623231,57.00408512,
1623263,57.00180833,
1623294,56.99953153,
1623326,57.00408512,
1623357,57.00408512,
1626777,56.99953153,
1626905,57.00408512,
1626936,57.00180833,
1626968,57.00180833,
1626999,57.00408512,
1627031,57.00180833,
1627062,57.00180833,
1627094,56.99953153,
1627125,57.00408512,
1627157,57.00408512,
1627188,57.00408512,
1627219,57.00408512,
1627251,57.00180833,
1627282,57.00408512,
1627313,56.99953153,
1627345,57.00408512,
1627376,57.00180833,
1627408,57.00408512,
1627439,57.00180833,
1627471,57.00180833,
1627610,57.00180833,
1627741,57.00408512,
1627773,57.00408512,
1627805,57.00180833,
1627836,57.00180833,
1627868,56.99953153,
1627899,57.00180833,
1627931,56.99953153,
1627962,57.00180833,
1627993,57.00180833,
1628025,57.00408512,
1628056,57.00408512,
1628088,57.00180833,
1628119,57.00180833,
1628150,57.00180833,
1628182,57.00180833,
1628213,57.00408512,
1628245,57.00408512,
1628276,57.00180833,
1628308,56.99953153,
1628434,57.00180833,
1628564,57.00180833,
1628597,57.00180833,
1628628,57.00408512,
1628659,57.00408512,
1628691,57.00408512,
1628722,57.00180833,
1628754,57.00180833,
1628785,57.00863871,
1628817,57.00408512,
1628848,57.00408512,
1628879,56.99953153,
1628911,57.00180833,
1628942,57.00180833,
1628974,57.00180833,
1629005,57.00408512,
1629037,57.00408512,
1629068,57.00408512,
1629100,57.00408512,
1629131,57.00408512,
1629256,57.00180833,
1629386,57.00408512,
1629418,57.00408512,
1629450,57.00180833,
1629481,57.00180833,
1629513,57.00636191,
1629544,56.99953153,
1629576,57.00180833,
1629607,57.00180833,
1629639,57.00636191,
1629670,57.00408512,
1629701,57.00180833,
1629733,57.00180833,
1629764,57.00180833,
1629795,57.00408512,
1629827,57.00408512,
1629859,56.99953153,
1629890,57.00180833,
1629922,57.00408512,
1629953,57.00408512,
1630063,56.99953153,
1630193,57.00180833,
1630226,57.00408512,
1630257,57.00180833,
1630289,57.00408512,
1630321,57.00408512,
1630352,57.00636191,
1630384,57.00180833,
1630415,57.00180833,
1630447,57.00180833,
1630478,56.99953153,
1630509,57.00408512,
1630541,57.00636191,
1630572,57.00180833,
1630603,57.00180833,
1630635,57.00180833,
1630667,57.00408512,
1630698,57.00180833,
1630729,57.00408512,
1630761,57.00408512,
1630881,57.00180833,
1631012,57.00180833,
1631044,57.00180833,
1631075,57.00180833,
1631107,57.00408512,
1631138,57.00180833,
1631170,57.00180833,
1631201,57.00408512,
1631232,57.00180833,
1631264,57.00180833,
1631295,56.99953153,
1631327,57.00180833,
1631358,57.00408512,
1631390,57.00408512,
1631421,57.00180833,
1631453,57.00408512,
1631484,57.00408512,
1631515,57.00408512,
1631546,57.00180833,
1631578,57.00636191,
1631774,56.99953153,
1631902,57.00408512,
1631934,57.00636191,
1631966,57.00636191,
1631997,57.00408512,
1632028,57.00180833,
1632060,57.00180833,
1632091,57.00180833,
1632122,57.00636191,
1632154,57.00180833,
1632185,57.00408512,
1632217,57.00636191,
1632248,57.00408512,
1632280,57.00408512,
1632311,56.99953153,
1632342,57.00408512,
1632374,57.00408512,
1632405,57.00180833,
1632436,57.00408512,
1632468,57.00180833,
1632815,57.00408512,
1632945,57.00636191,
1632977,56.99953153,
1633009,57.00408512,
1633040,57.00636191,
1633072,57.00408512,
1633103,57.00408512,
1633135,56.99953153,
1633166,57.00408512,
1633198,56.99953153,
1633229,56.99953153,
1633260,57.00180833,
1633292,57.00408512,
1633323,57.00180833,
1633355,56.99953153,
1633386,57.00408512,
1633417,57.00408512,
1633449,57.00408512,
1633480,56.99953153,
1633512,57.00180833,
1633661,57.00408512,
1633793,57.00408512,
1633825,57.00180833,
1633856,57.00408512,
1633888,57.00180833,
1633919,57.00180833,
1633951,57.00180833,
1633982,57.00180833,
1634014,57.00180833,
1634045,57.00180833,
1634076,57.00636191,
1634108,56.99953153,
1634139,56.99953153,
1634170,57.00636191,
1634202,57.00180833,
1634233,56.99953153,
1634265,56.99953153,
1634296,56.99953153,
1634328,57.00408512,
1634359,57.00180833,
1634467,57.00180833,
1634597,57.00408512,
1634629,57.00180833,
1634661,57.00408512,
1634692,57.00180833,
1634724,56.99953153,
1634755,56.99953153,
1634787,57.00180833,
1634818,57.00180833,
1634849,57.00408512,
1634881,57.00408512,
1634912,56.99953153,
1634944,57.00408512,
1634975,57.00180833,
1635007,57.00180833,
1635038,57.00180833,
1635070,57.00408512,
1635101,57.00408512,
1635132,57.00180833,
1635164,57.00180833,
1635388,57.00180833,
1635519,57.00408512,
1635551,57.00408512,
1635583,57.00180833,
1635614,57.00180833,
1635646,57.00180833,
1635677,57.00863871,
1635708,57.00636191,
1635740,57.00408512,
1635771,57.00180833,
1635803,57.00408512,
1635834,57.00636191,
1635866,57.00180833,
1635897,57.00408512,
1635928,57.00408512,
1635961,57.00636191,
1635992,57.00408512,
1636023,57.00636191,
1636055,57.00408512,
1636087,57.00408512,
1636301,57.00180833,
1636431,56.99953153,
1636463,57.00408512,
1636495,57.00180833,
1636526,57.00180833,
1636557,56.99953153,
1636589,57.00408512,
1636621,57.00180833,
1636652,57.00180833,
1636684,57.00408512,
1636715,57.00636191,
1636746,57.00408512,
1636778,57.00408512,
1636809,57.00636191,
1636840,57.00408512,
1636872,57.00408512,
1636904,57.00180833,
1636935,57.00180833,
1636966,57.00408512,
1636998,57.00636191,
1637126,56.99953153,
1637256,57.00180833,
1637288,57.00180833,
1637320,57.00180833,
1637351,57.00408512,
1637382,57.00408512,
1637414,57.00180833,
1637445,57.00180833,
1637477,57.00408512,
1637508,57.00180833,
1637540,57.00180833,
1637571,57.00636191,
1637603,57.00180833,
1637634,57.00408512,
1637665,57.00180833,
1637697,57.00408512,
1637728,57.00408512,
1637760,57.00180833,
1637791,57.00408512,
1637822,57.00180833,
1637956,57.00408512,
1638086,57.00408512,
1638118,57.00180833,
1638150,57.00180833,
1638181,57.00180833,
1638213,57.00180833,
1638244,57.00636191,
1638275,57.00180833,
1638307,57.00636191,
1638339,57.00408512,
1638370,57.00180833,
1638401,56.99953153,
1638433,56.99953153,
1638464,57.00180833,
1638495,57.00408512,
1638527,57.00636191,
1638558,57.00180833,
1638590,57.00180833,
1638621,57.00408512,
1638653,57.00408512,
1638768,56.99953153,
1638898,57.00408512,
1638930,57.00180833,
1638962,57.00408512,
1638993,57.00180833,
1639025,57.00408512,
1639056,57.00636191,
1639087,57.00180833,
1639119,57.00863871,
1639150,56.99953153,
1639182,57.00636191,
1639213,56.99953153,
1639245,57.00180833,
1639276,56.99953153,
1639307,57.00636191,
1639339,56.99953153,
1639370,57.00636191,
1639402,57.00180833,
1639433,57.00180833,
1639465,57.00180833,
1639659,57.00636191,
1639789,57.00180833,
1639820,57.00408512,
1639852,57.00636191,
1639884,57.00636191,
1639915,57.00180833,
1639947,57.00408512,
1639978,56.99953153,
1640009,57.00408512,
1640041,56.99953153,
1640072,57.00408512,
1640104,56.99953153,
1640135,57.00180833,
1640167,57.00180833,
1640198,57.00408512,
1640229,57.00180833,
1640261,57.00180833,
1640292,57.00180833,
1640323,57.00180833,
1640355,57.00636191,
1640513,57.00408512,
1640642,57.00180833,
1640674,56.99953153,
1640706,57.00180833,
1640737,57.00180833,
1640769,56.99953153,
1640800,57.00408512,
1640831,56.99953153,
1640863,56.99953153,
1640894,57.00408512,
1640926,56.99953153,
1640957,57.00408512,
1640989,57.00408512,
1641020,57.00180833,
1641051,56.99725474,
1641083,57.00408512,
1641114,57.00408512,
1641146,56.99953153,
1641177,57.00180833,
1641209,57.00180833,
1641334,57.00408512,
1641465,57.00180833,
1641497,56.99953153,
1641528,57.00408512,
1641560,57.00408512,
1641591,57.00180833,
1641623,57.00180833,
1641654,56.99953153,
1641685,57.00180833,
1641717,56.99953153,
1641748,57.00408512,
1641779,56.99953153,
1641811,57.00180833,
1641843,57.00180833,
1641874,57.00408512,
1641906,56.99953153,
1641937,56.99953153,
1641968,57.00408512,
1642000,57.00180833,
1642031,57.00180833,
1642149,57.00408512,
1642279,57.00180833,
1642312,57.00180833,
1642343,57.00408512,
1642374,56.99725474,
1642406,56.99953153,
1642438,57.00180833,
1642469,57.00180833,
1642500,57.00408512,
1642532,57.00180833,
1642563,57.00180833,
1642594,57.00180833,
1642626,57.00408512,
1642657,56.99953153,
1642689,56.99953153,
1642720,56.99953153,
1642752,57.00180833,
1642783,56.99953153,
1642814,56.99953153,
1642846,56.99953153,
1643038,56.99497794,
1643166,57.00180833,
1643198,57.00180833,
1643229,56.99953153,
1643261,57.00180833,
1643292,56.99953153,
1643324,57.00408512,
1643355,57.00180833,
1643386,57.00180833,
1643418,57.00408512,
1643449,57.00636191,
1643481,57.00180833,
1643512,57.00408512,
1643544,57.00180833,
1643575,57.00180833,
1643606,57.00180833,
1643638,57.00180833,
1643669,57.00180833,
1643700,56.99953153,
1643732,57.00180833,
1643885,57.00180833,
1644015,57.00180833,
1644047,57.00408512,
1644079,57.00180833,
1644110,57.00408512,
1644141,57.00636191,
1644173,57.00180833,
1644205,57.00408512,
1644236,56.99953153,
1644268,56.99953153,
1644299,56.99953153,
1644330,56.99953153,
1644362,57.00180833,
1644393,57.00408512,
1644425,56.99953153,
1644456,57.00180833,
1644487,57.00180833,
1644519,57.00180833,
1644550,56.99953153,
1644582,57.00408512,
1644788,57.00180833,
1644918,57.00408512,
1644949,56.99953153,
1644981,57.00408512,
1645012,57.00180833,
1645044,57.00408512,
1645076,56.99953153,
1645107,56.99953153,
1645138,57.00408512,
1645170,57.00408512,
1645201,57.00408512,
1645232,57.00636191,
1645264,56.99725474,
1645295,57.00180833,
1645327,57.00180833,
1645358,57.00180833,
1645390,56.99953153,
1645421,57.00408512,
1645452,57.00636191,
1645484,56.99953153,
1645701,57.00408512,
1645831,57.00408512,
1645863,57.00180833,
1645895,56.99953153,
1645926,56.99953153,
1645957,57.00408512,
1645989,56.99953153,
1646020,56.99953153,
1646051,56.99953153,
1646083,56.99953153,
1646114,57.00180833,
1646146,57.00636191,
1646177,57.00180833,
1646209,57.00408512,
1646240,57.00180833,
1646271,57.00180833,
1646303,57.00180833,
1646334,57.00180833,
1646366,57.00180833,
1646397,56.99953153,
1646554,57.00408512,
1646684,57.00180833,
1646717,56.99953153,
1646748,56.99953153,
1646779,57.00180833,
1646811,57.00180833,
1646843,57.00180833,
1646874,56.99953153,
1646905,57.00863871,
1646937,57.00180833,
1646968,57.00180833,
1646999,57.00408512,
1647031,57.00408512,
1647062,56.99953153,
1647094,56.99953153,
1647125,57.00636191,
1647157,57.00180833,
1647188,56.99953153,
1647220,57.00180833,
1647251,57.00408512,
1647478,56.99953153,
1647609,57.00408512,
1647641,57.00408512,
1647672,57.00408512,
1647704,57.00180833,
1647735,57.00408512,
1647767,57.00636191,
1647798,56.99953153,
1647830,56.99953153,
1647861,57.00408512,
1647892,57.00180833,
1647924,57.00180833,
1647955,57.00408512,
1647987,57.00180833,
1648018,57.00180833,
1648050,57.00408512,
1648081,57.00180833,
1648112,56.99953153,
1648144,57.00180833,
1648175,57.00408512,
1648488,56.99953153,
1648616,57.00408512,
1648648,57.00408512,
1648679,57.00180833,
1648711,57.00180833,
1648742,56.99953153,
1648774,57.00408512,
1648805,57.00408512,
1648836,56.99953153,
1648868,57.00408512,
1648899,56.99953153,
1648931,56.99953153,
1648962,57.00180833,
1648994,57.00408512,
1649025,57.00636191,
1649056,57.00180833,
1649088,56.99953153,
1649119,57.00636191,
1649151,57.00636191,
1649182,57.00408512,
1649413,56.99953153,
1649541,56.99953153,
1649574,57.00636191,
1649605,57.00408512,
1649636,56.99953153,
1649668,57.00636191,
1649700,57.00180833,
1649731,57.00408512,
1649762,57.00180833,
1649794,57.00180833,
1649825,56.99953153,
1649857,57.00180833,
1649888,56.99953153,
1649920,56.99953153,
1649951,57.00408512,
1649982,57.00408512,
1650014,56.99953153,
1650045,56.99953153,
1650076,56.99953153,
1650108,57.00180833,
1650243,57.00408512,
1650373,57.00408512,
1650405,57.00408512,
1650436,57.00180833,
1650468,56.99953153,
1650499,57.00180833,
1650531,57.00636191,
1650562,57.00408512,
1650593,57.00180833,
1650625,57.00180833,
1650656,57.00180833,
1650687,57.00180833,
1650719,57.00408512,
1650751,56.99953153,
1650782,57.00408512,
1650813,57.00180833,
1650845,56.99725474,
1650876,56.99953153,
1650908,56.99953153,
1650939,56.99953153,
1651129,57.00180833,
1651259,57.00180833,
1651290,57.00408512,
1651322,57.00180833,
1651354,57.00408512,
1651385,56.99953153,
1651416,57.00408512,
1651448,56.99953153,
1651479,57.00180833,
1651510,57.00408512,
1651542,57.00408512,
1651573,57.00408512,
1651605,57.00180833,
1651636,56.99953153,
1651668,57.00180833,
1651699,57.00636191,
1651731,57.00636191,
1651762,57.00180833,
1651793,57.00408512,
1651824,57.00408512,
1651981,57.00180833,
1652111,56.99953153,
1652144,57.00636191,
1652175,57.00180833,
1652206,57.00408512,
1652238,57.00636191,
1652269,57.00180833,
1652301,57.00408512,
1652332,56.99953153,
1652364,56.99953153,
1652395,57.00180833,
1652426,57.00636191,
1652458,57.00408512,
1652489,56.99953153,
1652520,57.00408512,
1652552,56.99953153,
1652584,57.00180833,
1652615,57.00408512,
1652647,57.00408512,
1652678,57.00408512,
1652901,57.00408512,
1653031,57.00180833,
1653064,57.00408512,
1653095,57.00636191,
1653126,57.00180833,
1653158,57.00408512,
1653190,57.00180833,
1653221,57.00408512,
1653252,57.00408512,
1653284,56.99953153,
1653315,57.00180833,
1653346,57.00408512,
1653378,57.00408512,
1653409,57.00180833,
1653441,57.00180833,
1653472,57.00180833,
1653504,57.00180833,
1653535,57.00408512,
1653566,57.00180833,
1653598,57.00408512,
1653790,57.00180833,
1653919,57.00408512,
1653950,57.00180833,
1653982,57.00180833,
1654013,57.00180833,
1654044,57.00408512,
1654076,57.00180833,
1654108,57.00180833,
1654139,56.99953153,
1654170,57.00180833,
1654202,57.00180833,
1654233,57.00180833,
1654264,57.00408512,
1654296,57.00180833,
1654327,56.99953153,
1654359,57.00180833,
1654390,57.00636191,
1654422,57.00180833,
1654453,56.99953153,
1654484,57.00180833,
1654825,57.00636191,
1654956,57.00180833,
1654988,57.00408512,
1655019,57.00180833,
1655051,57.00408512,
1655082,57.00863871,
1655114,57.00408512,
1655145,57.00180833,
1655176,57.00180833,
1655208,57.00180833,
1655239,57.00408512,
1655271,57.00636191,
1655302,57.00180833,
1655333,57.00180833,
1655365,57.00636191,
1655396,57.00408512,
1655428,57.00180833,
1655459,57.00180833,
1655490,57.00180833,
1655522,57.00408512,
1655769,57.00408512,
1655898,57.00408512,
1655930,57.00180833,
1655962,57.00408512,
1655993,57.00408512,
1656024,57.00408512,
1656056,57.00636191,
1656087,57.00408512,
1656118,57.00408512,
1656150,57.00180833,
1656181,57.00636191,
1656213,57.00408512,
1656244,57.00180833,
1656276,57.00180833,
1656307,57.00636191,
1656339,57.00408512,
1656370,57.00863871,
1656401,57.00408512,
1656433,56.99953153,
1656464,57.00180833,
1656586,57.00408512,
1656718,57.00180833,
1656751,57.00180833,
1656782,57.00180833,
1656813,56.99953153,
1656845,57.00408512,
1656876,57.00180833,
1656908,57.00408512,
1656939,56.99953153,
1656971,57.00408512,
1657002,57.00180833,
1657033,57.00408512,
1657065,57.00636191,
1657096,57.00180833,
1657127,57.00180833,
1657159,57.00408512,
1657190,57.00408512,
1657222,57.00636191,
1657253,57.00180833,
1657285,57.00408512,
1657425,57.00180833,
1657555,57.00408512,
1657587,57.00180833,
1657619,57.00180833,
1657650,57.00180833,
1657682,57.00408512,
1657713,57.00180833,
1657744,57.00408512,
1657776,57.00408512,
1657807,57.00180833,
1657839,57.00180833,
1657870,56.99953153,
1657902,57.00408512,
1657933,57.00408512,
1657964,57.00180833,
1657996,57.00180833,
1658027,57.00408512,
1658059,57.00636191,
1658090,57.00180833,
1658122,57.00408512,
1658228,57.00180833,
1658358,57.00408512,
1658391,57.00408512,
1658422,57.00180833,
1658454,57.00180833,
1658485,57.00180833,
1658517,57.00636191,
1658548,56.99953153,
1658579,57.00180833,
1658611,57.00180833,
1658642,57.00408512,
1658673,57.00408512,
1658705,57.00408512,
1658736,57.00180833,
1658768,57.00636191,
1658800,57.00408512,
1658831,57.00180833,
1658862,57.00180833,
1658894,57.00408512,
1658925,57.00180833,
1659042,57.00408512,
1659173,57.00180833,
1659205,57.00180833,
1659237,57.00408512,
1659268,57.00408512,
1659300,57.00180833,
1659331,57.00180833,
1659363,57.00180833,
1659394,57.00408512,
1659425,56.99953153,
1659457,57.00180833,
1659488,57.00180833,
1659520,57.00863871,
1659551,57.00180833,
1659582,57.00636191,
1659614,57.00636191,
1659645,57.00408512,
1659677,57.00408512,
1659708,57.00636191,
1659740,57.00180833,
1659935,56.99725474,
1660065,57.00180833,
1660097,57.00180833,
1660129,57.00408512,
1660160,56.99953153,
1660191,57.00408512,
1660223,57.00180833,
1660254,57.00180833,
1660286,57.00180833,
1660317,56.99953153,
1660349,56.99953153,
1660380,57.00408512,
1660411,57.00180833,
1660443,56.99953153,
1660474,56.99953153,
1660505,57.00408512,
1660537,57.00408512,
1660569,57.00180833,
1660600,57.00408512,
1660631,56.99953153,
1660876,56.99953153,
1661006,56.99953153,
1661038,56.99953153,
1661070,57.00180833,
1661101,57.00180833,
1661132,57.00408512,
1661164,57.00408512,
1661195,57.00408512,
1661227,57.00408512,
1661258,56.99953153,
1661290,57.00180833,
1661321,57.00408512,
1661353,56.99953153,
1661384,57.00180833,
1661415,57.00180833,
1661446,56.99953153,
1661478,57.00180833,
1661510,57.00180833,
1661541,57.00180833,
1661572,57.00180833,
1661778,57.00408512,
1661909,56.99953153,
1661940,57.00180833,
1661972,57.00180833,
1662003,56.99953153,
1662035,57.00636191,
1662066,56.99953153,
1662098,57.00408512,
1662129,57.00180833,
1662160,57.00408512,
1662192,57.00180833,
1662223,57.00180833,
1662254,56.99953153,
1662286,57.00180833,
1662318,56.99953153,
1662349,57.00408512,
1662380,56.99953153,
1662412,57.00408512,
1662443,57.00180833,
1662474,57.00408512,
1662644,57.00180833,
1662774,57.00180833,
1662807,57.00180833,
1662839,56.99953153,
1662870,57.00180833,
1662902,57.00408512,
1662933,56.99953153,
1662964,57.00180833,
1662996,57.00408512,
1663027,57.00408512,
1663059,56.99953153,
1663090,56.99953153,
1663121,57.00180833,
1663152,57.00408512,
1663184,56.99953153,
1663215,57.00180833,
1663247,57.00636191,
1663278,57.00180833,
1663310,57.00408512,
1663341,57.00180833,
1663454,57.00180833,
1663584,57.00636191,
1663616,57.00180833,
1663648,57.00180833,
1663679,57.00180833,
1663711,57.00408512,
1663742,56.99953153,
1663774,56.99953153,
1663805,56.99953153,
1663837,57.00636191,
1663868,57.00180833,
1663899,57.00636191,
1663931,57.00180833,
1663962,57.00180833,
1663994,57.00180833,
1664025,57.00408512,
1664057,57.00636191,
1664088,57.00408512,
1664119,57.00408512,
1664151,57.00636191,
1664269,57.00180833,
1664399,57.00180833,
1664431,57.00180833,
1664463,57.00408512,
1664494,57.00180833,
1664526,57.00180833,
1664557,57.00408512,
1664589,57.00408512,
1664620,57.00180833,
1664652,56.99953153,
1664683,57.00636191,
1664714,57.00636191,
1664746,56.99953153,
1664777,57.00180833,
1664808,57.00180833,
1664840,57.00408512,
1664872,57.00180833,
1664903,56.99953153,
1664935,57.00180833,
1664966,57.00408512,
1665089,57.00180833,
1665219,57.00636191,
1665252,57.00408512,
1665283,57.00408512,
1665314,57.00180833,
1665346,56.99953153,
1665378,56.99725474,
1665409,57.00408512,
1665440,57.00408512,
1665472,57.00408512,
1665503,57.00180833,
1665534,57.00408512,
1665566,57.00408512,
1665597,57.00180833,
1665629,57.00636191,
1665660,57.00408512,
1665692,56.99953153,
1665723,57.00180833,
1665755,56.99953153,
1665786,57.00180833,
1665904,56.99953153,
1666033,57.00636191,
1666065,57.00180833,
1666097,57.00180833,
1666128,57.00180833,
1666159,57.00180833,
1666191,57.00636191,
1666222,57.00180833,
1666253,56.99953153,
1666285,57.00180833,
1666316,57.00408512,
1666348,57.00636191,
1666379,57.00863871,
1666411,57.00180833,
1666442,57.00408512,
1666474,57.00408512,
1666505,57.00180833,
1666536,57.00408512,
1666568,57.00408512,
1666599,57.00180833,
1666806,57.00408512,
1666935,57.00408512,
1666966,57.00408512,
1666998,57.00636191,
1667029,57.00863871,
1667061,56.99953153,
1667092,57.00180833,
1667124,56.99953153,
1667155,57.00408512,
1667187,57.00180833,
1667218,56.99953153,
1667249,57.00180833,
1667280,57.00180833,
1667312,57.00180833,
1667343,57.00180833,
1667375,57.00408512,
1667406,57.00408512,
1667438,57.00180833,
1667469,57.00636191,
1667501,57.00180833,
1667726,56.99953153,
1667856,57.00180833,
1667888,57.00636191,
1667920,57.00408512,
1667951,57.00408512,
1667983,57.00408512,
1668014,57.00636191,
1668046,57.00408512,
1668077,57.00863871,
1668109,57.00180833,
1668140,57.00180833,
