Date,Time,time_passed_since_start,ADS Reading 1,Current 1,ADS Reading 2,Current 2,ADS Reading 3,Volts 1,Lost Data
2026-03-11,15:06:26.440302,0,29,0.10875,50,0.1875,4,0.009,0
2026-03-11,15:06:26.440302,606,31,0.11625,52,0.195,4,0.009,0
2026-03-11,15:06:26.440302,1137,31,0.11625,54,0.2025,3,0.00675,0
2026-03-11,15:06:26.440302,1667,31,0.11625,53,0.19875,4,0.009,0
2026-03-11,15:06:26.440302,2198,32,0.12,53,0.19875,3,0.00675,0
2026-03-11,15:06:29.282443,2874,31,0.11625,54,0.2025,3,0.00675,0
2026-03-11,15:06:29.282443,3405,31,0.11625,54,0.2025,5,0.01125,0
2026-03-11,15:06:29.282443,3935,31,0.11625,53,0.19875,3,0.00675,0
2026-03-11,15:06:29.282443,4468,32,0.12,53,0.19875,3,0.00675,0
2026-03-11,15:06:29.282443,4999,32,0.12,52,0.195,3,0.00675,0
2026-03-11,15:06:32.044042,5676,32,0.12,54,0.2025,4,0.009,0
2026-03-11,15:06:32.044042,6206,32,0.12,52,0.195,3,0.00675,0
2026-03-11,15:06:32.044042,6737,30,0.1125,53,0.19875,4,0.009,0
2026-03-11,15:06:32.044042,7267,34,0.1275,53,0.19875,4,0.009,0
2026-03-11,15:06:32.044042,7797,33,0.12375,53,0.19875,4,0.009,0
2026-03-11,15:06:34.838926,8474,32,0.12,53,0.19875,5,0.01125,0
2026-03-11,15:06:34.838926,9005,32,0.12,53,0.19875,5,0.01125,0
2026-03-11,15:06:34.838926,9535,32,0.12,52,0.195,3,0.00675,0
2026-03-11,15:06:34.838926,10066,34,0.1275,54,0.2025,5,0.01125,0
2026-03-11,15:06:34.838926,10596,33,0.12375,53,0.19875,3,0.00675,0
2026-03-11,15:06:37.677754,11273,31,0.11625,54,0.2025,5,0.01125,0
2026-03-11,15:06:37.677754,11803,33,0.12375,53,0.19875,4,0.009,0
2026-03-11,15:06:37.677754,12334,31,0.11625,53,0.19875,3,0.00675,0
2026-03-11,15:06:37.677754,12865,33,0.12375,52,0.195,6,0.0135,0
2026-03-11,15:06:37.677754,13397,32,0.12,52,0.195,4,0.009,0
2026-03-11,15:06:40.452486,14073,33,0.12375,53,0.19875,4,0.009,0
2026-03-11,15:06:40.452486,14607,31,0.11625,53,0.19875,4,0.009,0
2026-03-11,15:06:40.452486,15137,32,0.12,53,0.19875,4,0.009,0
2026-03-11,15:06:40.452486,15667,33,0.12375,54,0.2025,3,0.00675,0
2026-03-11,15:06:40.452486,16198,31,0.11625,52,0.195,4,0.009,0
2026-03-11,15:06:43.337185,16983,32,0.12,53,0.19875,4,0.009,0
2026-03-11,15:06:43.337185,17514,31,0.11625,54,0.2025,3,0.00675,0
2026-03-11,15:06:43.337185,18044,32,0.12,53,0.19875,4,0.009,0
2026-03-11,15:06:43.337185,18575,33,0.12375,53,0.19875,3,0.00675,0
2026-03-11,15:06:43.337185,19105,32,0.12,52,0.195,4,0.009,0
2026-03-11,15:06:46.181908,19782,32,0.12,53,0.19875,5,0.01125,0
2026-03-11,15:06:46.181908,20312,31,0.11625,55,0.20625,4,0.009,0
2026-03-11,15:06:46.181908,20843,32,0.12,53,0.19875,6,0.0135,0
2026-03-11,15:06:46.181908,21376,33,0.12375,53,0.19875,4,0.009,0
2026-03-11,15:06:46.181908,21906,31,0.11625,53,0.19875,3,0.00675,0
2026-03-11,15:06:48.947552,22583,31,0.11625,54,0.2025,4,0.009,0
2026-03-11,15:06:48.947552,23114,34,0.1275,52,0.195,5,0.01125,0
2026-03-11,15:06:48.947552,23644,32,0.12,52,0.195,3,0.00675,0
2026-03-11,15:06:48.947552,24174,32,0.12,54,0.2025,3,0.00675,0
2026-03-11,15:06:48.947552,24705,33,0.12375,53,0.19875,5,0.01125,0
2026-03-11,15:06:51.738120,25382,33,0.12375,54,0.2025,3,0.00675,0
2026-03-11,15:06:51.738120,25912,32,0.12,53,0.19875,3,0.00675,0
2026-03-11,15:06:51.738120,26443,32,0.12,53,0.19875,4,0.009,0
2026-03-11,15:06:51.738120,26973,21,0.07875,65,0.24375,3,0.00675,0
2026-03-11,15:06:51.738120,27506,32,0.12,53,0.19875,4,0.009,0
2026-03-11,15:06:54.576599,28183,30,0.1125,52,0.195,3,0.00675,0
2026-03-11,15:06:54.576599,28713,32,0.12,54,0.2025,3,0.00675,0
2026-03-11,15:06:54.576599,29244,32,0.12,51,0.19125,2,0.0045,0
2026-03-11,15:06:54.576599,29774,31,0.11625,49,0.18375,5,0.01125,0
2026-03-11,15:06:54.576599,30305,30,0.1125,54,0.2025,6,0.0135,0
2026-03-11,15:07:05.253884,0,30,0.1125,52,0.195,4,0.009,0
2026-03-11,15:07:05.253884,550,30,0.1125,51,0.19125,3,0.00675,0
2026-03-11,15:07:05.253884,1080,30,0.1125,52,0.195,3,0.00675,0
2026-03-11,15:07:05.253884,1610,31,0.11625,50,0.1875,3,0.00675,0
2026-03-11,15:07:05.253884,2140,32,0.12,50,0.1875,2,0.0045,0
2026-03-11,15:07:11.082123,2816,29,0.10875,50,0.1875,4,0.009,0
2026-03-11,15:07:11.082123,3346,30,0.1125,49,0.18375,4,0.009,0
2026-03-11,15:07:11.082123,3876,30,0.1125,50,0.1875,3,0.00675,0
2026-03-11,15:07:11.082123,4407,30,0.1125,50,0.1875,3,0.00675,0
2026-03-11,15:07:11.082123,4937,31,0.11625,49,0.18375,5,0.01125,0
2026-03-11,15:07:13.813209,8550,33,0.12375,51,0.19125,3,0.00675,0
2026-03-11,15:07:13.813209,9081,31,0.11625,53,0.19875,4,0.009,0
2026-03-11,15:07:13.813209,9612,31,0.11625,53,0.19875,4,0.009,0
2026-03-11,15:07:13.813209,10145,33,0.12375,51,0.19125,5,0.01125,0
2026-03-11,15:07:13.813209,10675,31,0.11625,53,0.19875,3,0.00675,0
2026-03-11,15:07:16.588157,11352,31,0.11625,53,0.19875,3,0.00675,0
2026-03-11,15:07:16.588157,11882,32,0.12,53,0.19875,3,0.00675,0
2026-03-11,15:07:16.588157,12413,31,0.11625,52,0.195,3,0.00675,0
2026-03-11,15:07:16.588157,12943,32,0.12,51,0.19125,4,0.009,0
2026-03-11,15:07:16.588157,13474,33,0.12375,52,0.195,3,0.00675,0
2026-03-11,15:07:19.442322,14150,31,0.11625,53,0.19875,3,0.00675,0
2026-03-11,15:07:19.442322,14681,31,0.11625,52,0.195,3,0.00675,0
2026-03-11,15:07:19.442322,15211,33,0.12375,51,0.19125,3,0.00675,0
2026-03-11,15:07:19.442322,15742,32,0.12,53,0.19875,3,0.00675,0
2026-03-11,15:07:19.442322,16275,32,0.12,52,0.195,3,0.00675,0
2026-03-11,15:07:22.214223,16951,31,0.11625,52,0.195,4,0.009,0
2026-03-11,15:07:22.214223,17482,32,0.12,52,0.195,4,0.009,0
2026-03-11,15:07:22.214223,18012,31,0.11625,52,0.195,4,0.009,0
2026-03-11,15:07:22.214223,18543,32,0.12,51,0.19125,2,0.0045,0
2026-03-11,15:07:22.214223,19073,31,0.11625,52,0.195,5,0.01125,0
2026-03-11,15:07:25.001610,19750,31,0.11625,53,0.19875,3,0.00675,0
2026-03-11,15:07:25.001610,20283,32,0.12,53,0.19875,1,0.00225,0
2026-03-11,15:07:25.001610,20814,32,0.12,53,0.19875,1,0.00225,0
2026-03-11,15:07:25.001610,21344,30,0.1125,53,0.19875,101,0.22725,0
2026-03-11,15:07:25.001610,21875,32,0.12,55,0.20625,265,0.59625,0
2026-03-11,15:07:27.829188,22553,35,0.13125,60,0.225,616,1.386,0
2026-03-11,15:07:27.829188,23084,33,0.12375,60,0.225,619,1.39275,0
2026-03-11,15:07:27.829188,23615,34,0.1275,60,0.225,1653,3.71925,0
2026-03-11,15:07:27.829188,24145,35,0.13125,61,0.22875,2258,5.0805,0
2026-03-11,15:07:27.829188,24679,34,0.1275,59,0.22125,2246,5.0535,0
2026-03-11,15:07:30.707685,25414,34,0.1275,58,0.2175,1214,2.7315,0
2026-03-11,15:07:30.707685,25945,34,0.1275,59,0.22125,741,1.66725,0
2026-03-11,15:07:30.707685,26475,32,0.12,56,0.21,255,0.57375,0
2026-03-11,15:07:30.707685,27006,33,0.12375,55,0.20625,195,0.43875,0
2026-03-11,15:07:30.707685,27536,34,0.1275,57,0.21375,323,0.72675,0
2026-03-11,15:07:33.479651,28215,33,0.12375,57,0.21375,391,0.87975,0
2026-03-11,15:07:33.479651,28745,34,0.1275,57,0.21375,494,1.1115,0
2026-03-11,15:07:33.479651,29276,33,0.12375,59,0.22125,587,1.32075,0
2026-03-11,15:07:33.479651,29809,34,0.1275,59,0.22125,647,1.45575,0
2026-03-11,15:07:33.479651,30339,35,0.13125,58,0.2175,647,1.45575,0
2026-03-11,15:07:36.266365,31032,33,0.12375,57,0.21375,372,0.837,0
2026-03-11,15:07:36.266365,31562,33,0.12375,53,0.19875,3,0.00675,0
2026-03-11,15:07:36.266365,32093,30,0.1125,53,0.19875,2,0.0045,0
2026-03-11,15:07:36.266365,32623,32,0.12,52,0.195,3,0.00675,0
2026-03-11,15:07:36.266365,33154,31,0.11625,54,0.2025,2,0.0045,0
2026-03-11,15:07:39.107560,33830,32,0.12,55,0.20625,4,0.009,0
2026-03-11,15:07:39.107560,34361,32,0.12,52,0.195,2,0.0045,0
2026-03-11,15:07:39.107560,34891,32,0.12,53,0.19875,3,0.00675,0
2026-03-11,15:07:39.107560,35422,32,0.12,52,0.195,3,0.00675,0
2026-03-11,15:07:39.107560,35955,32,0.12,52,0.195,2,0.0045,0
2026-03-11,15:07:41.877320,36632,33,0.12375,52,0.195,3,0.00675,0
2026-03-11,15:07:41.877320,37165,32,0.12,51,0.19125,3,0.00675,0
2026-03-11,15:07:41.877320,37695,31,0.11625,51,0.19125,5,0.01125,0
2026-03-11,15:07:41.877320,38226,31,0.11625,52,0.195,1,0.00225,0
2026-03-11,15:07:41.877320,38756,33,0.12375,52,0.195,2,0.0045,0
2026-03-11,15:07:44.667341,39433,32,0.12,52,0.195,2,0.0045,0
2026-03-11,15:07:44.667341,39964,32,0.12,52,0.195,3,0.00675,0
2026-03-11,15:07:44.667341,40494,32,0.12,52,0.195,3,0.00675,0
2026-03-11,15:07:44.667341,41025,31,0.11625,52,0.195,4,0.009,0
2026-03-11,15:07:44.667341,41555,30,0.1125,53,0.19875,3,0.00675,0
2026-03-11,15:07:47.502336,42233,32,0.12,52,0.195,3,0.00675,0
2026-03-11,15:07:47.502336,42764,31,0.11625,52,0.195,4,0.009,0
2026-03-11,15:07:47.502336,43294,31,0.11625,51,0.19125,4,0.009,0
2026-03-11,15:07:47.502336,43825,30,0.1125,52,0.195,4,0.009,0
2026-03-11,15:07:47.502336,44355,32,0.12,52,0.195,4,0.009,0
2026-03-11,15:07:50.265672,45032,32,0.12,52,0.195,4,0.009,0
2026-03-11,15:07:50.265672,45563,31,0.11625,52,0.195,4,0.009,0
2026-03-11,15:07:50.265672,46095,31,0.11625,52,0.195,3,0.00675,0
2026-03-11,15:07:50.265672,46626,31,0.11625,52,0.195,3,0.00675,0
2026-03-11,15:07:50.265672,47156,31,0.11625,54,0.2025,3,0.00675,0
2026-03-11,15:07:53.065872,47833,32,0.12,52,0.195,3,0.00675,0
2026-03-11,15:07:53.065872,48363,31,0.11625,53,0.19875,4,0.009,0
2026-03-11,15:07:53.065872,48894,31,0.11625,53,0.19875,3,0.00675,0
2026-03-11,15:07:53.065872,49424,31,0.11625,53,0.19875,4,0.009,0
2026-03-11,15:07:53.065872,49955,32,0.12,53,0.19875,3,0.00675,0
2026-03-11,15:07:55.900779,50632,33,0.12375,53,0.19875,3,0.00675,0
2026-03-11,15:07:55.900779,51162,33,0.12375,53,0.19875,3,0.00675,0
2026-03-11,15:07:55.900779,51693,31,0.11625,53,0.19875,4,0.009,0
2026-03-11,15:07:55.900779,52226,32,0.12,53,0.19875,3,0.00675,0
2026-03-11,15:07:55.900779,52756,33,0.12375,54,0.2025,5,0.01125,0
2026-03-11,15:07:58.673601,53433,-1,-0.00375,54,0.2025,3,0.00675,0
2026-03-11,15:07:58.673601,53963,0,0,52,0.195,3,0.00675,0
2026-03-11,15:07:58.673601,54494,-1,-0.00375,55,0.20625,5,0.01125,0
2026-03-11,15:07:58.673601,55024,-2,-0.0075,53,0.19875,2,0.0045,0
2026-03-11,15:07:58.673601,55555,-3,-0.01125,54,0.2025,2,0.0045,0
2026-03-11,15:08:01.466914,56232,0,0,52,0.195,3,0.00675,0
2026-03-11,15:08:01.466914,56763,-2,-0.0075,53,0.19875,3,0.00675,0
2026-03-11,15:08:01.466914,57293,-2,-0.0075,53,0.19875,4,0.009,0
2026-03-11,15:08:01.466914,57824,91,0.34125,55,0.20625,3,0.00675,0
2026-03-11,15:08:01.466914,58357,1574,5.9025,59,0.22125,2,0.0045,0
2026-03-11,15:08:04.302955,59036,2045,7.66875,58,0.2175,5,0.01125,0
2026-03-11,15:08:04.302955,59566,2391,8.96625,59,0.22125,3,0.00675,0
2026-03-11,15:08:04.302955,60097,4240,15.9,60,0.225,2,0.0045,0
2026-03-11,15:08:04.302955,60627,4242,15.9075,61,0.22875,4,0.009,0
2026-03-11,15:08:04.302955,61162,4921,18.45375,61,0.22875,2,0.0045,0
2026-03-11,15:08:07.084495,61842,7094,26.6025,62,0.2325,4,0.009,0
2026-03-11,15:08:07.084495,62375,7335,27.50625,61,0.22875,2,0.0045,0
2026-03-11,15:08:07.084495,62906,7337,27.51375,62,0.2325,5,0.01125,0
2026-03-11,15:08:07.084495,63436,7334,27.5025,61,0.22875,3,0.00675,0
2026-03-11,15:08:07.084495,63967,1993,7.47375,60,0.225,3,0.00675,0
2026-03-11,15:08:12.174477,64647,44,0.165,52,0.195,3,0.00675,0
2026-03-11,15:08:12.174477,65178,38,0.1425,54,0.2025,3,0.00675,0
2026-03-11,15:08:12.174477,65709,36,0.135,54,0.2025,3,0.00675,0
2026-03-11,15:08:12.174477,66239,34,0.1275,52,0.195,3,0.00675,0
2026-03-11,15:08:12.174477,66769,36,0.135,52,0.195,3,0.00675,0
2026-03-11,15:08:14.945773,69653,31,0.11625,54,0.2025,2,0.0045,0
2026-03-11,15:08:14.945773,70183,33,0.12375,52,0.195,4,0.009,0
2026-03-11,15:08:14.945773,70714,32,0.12,52,0.195,3,0.00675,0
2026-03-11,15:08:14.945773,71244,32,0.12,52,0.195,5,0.01125,0
2026-03-11,15:08:14.945773,71775,33,0.12375,51,0.19125,2,0.0045,0
2026-03-11,15:08:17.709663,72451,32,0.12,54,0.2025,2,0.0045,0
2026-03-11,15:08:17.709663,72982,32,0.12,53,0.19875,3,0.00675,0
2026-03-11,15:08:17.709663,73512,32,0.12,52,0.195,2,0.0045,0
2026-03-11,15:08:17.709663,74045,32,0.12,52,0.195,4,0.009,0
2026-03-11,15:08:17.709663,74576,32,0.12,52,0.195,3,0.00675,0
2026-03-11,15:08:20.487691,75252,32,0.12,53,0.19875,3,0.00675,0
2026-03-11,15:08:20.487691,75783,32,0.12,51,0.19125,2,0.0045,0
2026-03-11,15:08:20.487691,76313,32,0.12,53,0.19875,2,0.0045,0
2026-03-11,15:08:20.487691,76844,32,0.12,52,0.195,3,0.00675,0
2026-03-11,15:08:20.487691,77374,33,0.12375,53,0.19875,2,0.0045,0
2026-03-11,15:08:23.355101,78051,31,0.11625,53,0.19875,1,0.00225,0
2026-03-11,15:08:23.355101,78582,31,0.11625,52,0.195,2,0.0045,0
2026-03-11,15:08:23.355101,79112,31,0.11625,53,0.19875,3,0.00675,0
2026-03-11,15:08:23.355101,79642,31,0.11625,52,0.195,3,0.00675,0
2026-03-11,15:08:23.355101,80176,32,0.12,53,0.19875,3,0.00675,0
2026-03-11,15:08:26.114854,80852,31,0.11625,53,0.19875,2,0.0045,0
2026-03-11,15:08:26.114854,81383,32,0.12,52,0.195,3,0.00675,0
2026-03-11,15:08:26.114854,81913,32,0.12,53,0.19875,2,0.0045,0
2026-03-11,15:08:26.114854,82444,33,0.12375,52,0.195,4,0.009,0
2026-03-11,15:08:26.114854,82974,33,0.12375,53,0.19875,2,0.0045,0
2026-03-11,15:08:28.888286,83651,33,0.12375,53,0.19875,3,0.00675,0
2026-03-11,15:08:28.888286,84184,32,0.12,52,0.195,3,0.00675,0
2026-03-11,15:08:28.888286,84715,31,0.11625,52,0.195,2,0.0045,0
2026-03-11,15:08:28.888286,85245,30,0.1125,51,0.19125,3,0.00675,0
2026-03-11,15:08:28.888286,85776,32,0.12,51,0.19125,3,0.00675,0
2026-03-11,15:08:31.683197,86452,31,0.11625,52,0.195,3,0.00675,0
2026-03-11,15:08:31.683197,86983,32,0.12,52,0.195,3,0.00675,0
2026-03-11,15:08:31.683197,87513,32,0.12,52,0.195,2,0.0045,0
2026-03-11,15:08:31.683197,88044,32,0.12,51,0.19125,4,0.009,0
2026-03-11,15:08:31.683197,88574,31,0.11625,52,0.195,4,0.009,0
2026-03-11,15:08:34.510904,89251,32,0.12,52,0.195,3,0.00675,0
2026-03-11,15:08:34.510904,89782,32,0.12,52,0.195,1,0.00225,0
2026-03-11,15:08:34.510904,90315,34,0.1275,53,0.19875,4,0.009,0
2026-03-11,15:08:34.510904,90845,33,0.12375,54,0.2025,3,0.00675,0
2026-03-11,15:08:34.510904,91376,34,0.1275,52,0.195,3,0.00675,0
2026-03-11,15:08:37.305336,92053,32,0.12,54,0.2025,2,0.0045,0
2026-03-11,15:08:37.305336,92583,31,0.11625,53,0.19875,2,0.0045,0
2026-03-11,15:08:37.305336,93114,31,0.11625,51,0.19125,2,0.0045,0
2026-03-11,15:08:37.305336,93644,31,0.11625,52,0.195,4,0.009,0
2026-03-11,15:08:37.305336,94175,31,0.11625,52,0.195,2,0.0045,0
2026-03-11,15:08:42.893955,94851,32,0.12,53,0.19875,3,0.00675,0
2026-03-11,15:08:42.893955,95382,33,0.12375,53,0.19875,3,0.00675,0
2026-03-11,15:08:42.893955,95912,31,0.11625,52,0.195,2,0.0045,0
2026-03-11,15:08:42.893955,96443,33,0.12375,52,0.195,2,0.0045,0
2026-03-11,15:08:42.893955,96973,33,0.12375,52,0.195,3,0.00675,0
2026-03-11,15:08:45.605161,100371,31,0.11625,53,0.19875,3,0.00675,0
2026-03-11,15:08:45.605161,100902,32,0.12,53,0.19875,2,0.0045,0
2026-03-11,15:08:45.605161,101432,30,0.1125,53,0.19875,4,0.009,0
2026-03-11,15:08:45.605161,101963,31,0.11625,53,0.19875,5,0.01125,0
2026-03-11,15:08:45.605161,102493,33,0.12375,52,0.195,4,0.009,0
2026-03-11,15:08:48.440692,103170,31,0.11625,56,0.21,4,0.009,0
2026-03-11,15:08:48.440692,103700,33,0.12375,54,0.2025,5,0.01125,0
2026-03-11,15:08:48.440692,104231,32,0.12,55,0.20625,3,0.00675,0
2026-03-11,15:08:48.440692,104764,33,0.12375,55,0.20625,4,0.009,0
2026-03-11,15:08:48.440692,105299,33,0.12375,54,0.2025,3,0.00675,0
2026-03-11,15:08:58.986172,105976,32,0.12,55,0.20625,4,0.009,0
2026-03-11,15:08:58.986172,106506,32,0.12,53,0.19875,3,0.00675,0
2026-03-11,15:08:58.986172,107037,31,0.11625,54,0.2025,4,0.009,0
2026-03-11,15:08:58.986172,107567,31,0.11625,54,0.2025,3,0.00675,0
2026-03-11,15:08:58.986172,108098,32,0.12,54,0.2025,2,0.0045,0
2026-03-11,15:08:58.986172,113713,33,0.12375,54,0.2025,2,0.0045,0
2026-03-11,15:08:58.986172,114243,34,0.1275,54,0.2025,4,0.009,0
2026-03-11,15:08:58.986172,114774,33,0.12375,54,0.2025,3,0.00675,0
2026-03-11,15:08:58.986172,115304,33,0.12375,53,0.19875,4,0.009,0
2026-03-11,15:08:58.986172,115836,33,0.12375,55,0.20625,5,0.01125,0
2026-03-11,15:09:01.749235,116513,32,0.12,54,0.2025,5,0.01125,0
2026-03-11,15:09:01.749235,117046,31,0.11625,54,0.2025,4,0.009,0
2026-03-11,15:09:01.749235,117576,34,0.1275,55,0.20625,3,0.00675,0
2026-03-11,15:09:01.749235,118107,32,0.12,53,0.19875,4,0.009,0
2026-03-11,15:09:01.749235,118637,32,0.12,54,0.2025,5,0.01125,0
2026-03-11,15:09:04.551601,119314,32,0.12,54,0.2025,5,0.01125,0
2026-03-11,15:09:04.551601,119844,32,0.12,55,0.20625,4,0.009,0
2026-03-11,15:09:04.551601,120375,32,0.12,56,0.21,3,0.00675,0
2026-03-11,15:09:04.551601,120905,33,0.12375,53,0.19875,4,0.009,0
2026-03-11,15:09:04.551601,121436,32,0.12,54,0.2025,4,0.009,0
2026-03-11,15:09:07.385240,122114,32,0.12,54,0.2025,5,0.01125,0
2026-03-11,15:09:07.385240,122644,32,0.12,55,0.20625,4,0.009,0
2026-03-11,15:09:07.385240,123177,31,0.11625,55,0.20625,5,0.01125,0
2026-03-11,15:09:07.385240,123708,33,0.12375,55,0.20625,5,0.01125,0
2026-03-11,15:09:07.385240,124238,31,0.11625,54,0.2025,4,0.009,0
2026-03-11,15:09:10.153476,124915,32,0.12,55,0.20625,4,0.009,0
2026-03-11,15:09:10.153476,125446,31,0.11625,56,0.21,4,0.009,0
2026-03-11,15:09:10.153476,125976,31,0.11625,54,0.2025,4,0.009,0
2026-03-11,15:09:10.153476,126507,33,0.12375,56,0.21,4,0.009,0
2026-03-11,15:09:10.153476,127037,32,0.12,55,0.20625,4,0.009,0
2026-03-11,15:09:13.021270,127743,31,0.11625,54,0.2025,4,0.009,0
2026-03-11,15:09:13.021270,128274,32,0.12,55,0.20625,3,0.00675,0
2026-03-11,15:09:13.021270,128804,34,0.1275,53,0.19875,3,0.00675,0
2026-03-11,15:09:13.021270,129337,30,0.1125,54,0.2025,3,0.00675,0
2026-03-11,15:09:13.021270,129867,34,0.1275,54,0.2025,3,0.00675,0
2026-03-11,15:09:15.773201,130544,32,0.12,55,0.20625,4,0.009,0
2026-03-11,15:09:15.773201,131074,34,0.1275,56,0.21,5,0.01125,0
2026-03-11,15:09:15.773201,131604,32,0.12,55,0.20625,4,0.009,0
2026-03-11,15:09:15.773201,132135,32,0.12,54,0.2025,3,0.00675,0
2026-03-11,15:09:15.773201,132665,30,0.1125,55,0.20625,5,0.01125,0
2026-03-11,15:09:18.573417,133342,31,0.11625,54,0.2025,3,0.00675,0
2026-03-11,15:09:18.573417,133872,34,0.1275,55,0.20625,3,0.00675,0
2026-03-11,15:09:18.573417,134403,32,0.12,55,0.20625,4,0.009,0
2026-03-11,15:09:18.573417,134933,32,0.12,53,0.19875,4,0.009,0
2026-03-11,15:09:18.573417,135466,32,0.12,55,0.20625,3,0.00675,0
2026-03-11,15:09:21.403826,136143,32,0.12,55,0.20625,3,0.00675,0
2026-03-11,15:09:21.403826,136674,33,0.12375,55,0.20625,3,0.00675,0
2026-03-11,15:09:21.403826,137204,34,0.1275,55,0.20625,3,0.00675,0
2026-03-11,15:09:21.403826,137734,32,0.12,54,0.2025,4,0.009,0
2026-03-11,15:09:21.403826,138269,33,0.12375,55,0.20625,4,0.009,0
2026-03-11,15:09:24.179613,138946,31,0.11625,55,0.20625,4,0.009,0
2026-03-11,15:09:24.179613,139479,32,0.12,55,0.20625,4,0.009,0
2026-03-11,15:09:24.179613,140010,32,0.12,55,0.20625,4,0.009,0
2026-03-11,15:09:24.179613,140540,34,0.1275,54,0.2025,2,0.0045,0
2026-03-11,15:09:24.179613,141070,32,0.12,54,0.2025,3,0.00675,0
2026-03-11,15:09:27.001672,141747,31,0.11625,55,0.20625,4,0.009,0
2026-03-11,15:09:27.001672,142278,31,0.11625,55,0.20625,4,0.009,0
2026-03-11,15:09:27.001672,142808,32,0.12,53,0.19875,2,0.0045,0
2026-03-11,15:09:27.001672,143339,32,0.12,55,0.20625,6,0.0135,0
2026-03-11,15:09:27.001672,143871,30,0.1125,53,0.19875,5,0.01125,0
2026-03-11,15:09:29.808697,144548,32,0.12,56,0.21,4,0.009,0
2026-03-11,15:09:29.808697,145079,32,0.12,54,0.2025,3,0.00675,0
2026-03-11,15:09:29.808697,145612,34,0.1275,55,0.20625,4,0.009,0
2026-03-11,15:09:29.808697,146142,32,0.12,55,0.20625,2,0.0045,0
2026-03-11,15:09:29.808697,146673,32,0.12,55,0.20625,4,0.009,0
2026-03-11,15:09:32.593474,147349,32,0.12,54,0.2025,4,0.009,0
2026-03-11,15:09:32.593474,147880,31,0.11625,55,0.20625,3,0.00675,0
2026-03-11,15:09:32.593474,148410,32,0.12,55,0.20625,4,0.009,0
2026-03-11,15:09:32.593474,148941,33,0.12375,55,0.20625,5,0.01125,0
2026-03-11,15:09:32.593474,149471,32,0.12,54,0.2025,3,0.00675,0
2026-03-11,15:09:37.880978,150148,33,0.12375,54,0.2025,3,0.00675,0
2026-03-11,15:09:37.880978,150678,33,0.12375,54,0.2025,4,0.009,0
2026-03-11,15:09:37.880978,151209,32,0.12,55,0.20625,3,0.00675,0
2026-03-11,15:09:37.880978,151739,31,0.11625,55,0.20625,5,0.01125,0
2026-03-11,15:09:37.880978,152270,33,0.12375,54,0.2025,3,0.00675,0
2026-03-11,15:09:40.630910,155366,33,0.12375,54,0.2025,3,0.00675,0
2026-03-11,15:09:40.630910,155897,33,0.12375,52,0.195,3,0.00675,0
2026-03-11,15:09:40.630910,156427,31,0.11625,55,0.20625,5,0.01125,0
2026-03-11,15:09:40.630910,156958,32,0.12,56,0.21,4,0.009,0
2026-03-11,15:09:40.630910,157488,32,0.12,57,0.21375,4,0.009,0
2026-03-11,15:09:43.432654,158165,33,0.12375,54,0.2025,4,0.009,0
2026-03-11,15:09:43.432654,158695,31,0.11625,55,0.20625,3,0.00675,0
2026-03-11,15:09:43.432654,159226,32,0.12,53,0.19875,4,0.009,0
2026-03-11,15:09:43.432654,159759,33,0.12375,54,0.2025,4,0.009,0
2026-03-11,15:09:43.432654,160289,34,0.1275,55,0.20625,4,0.009,0
2026-03-11,15:09:46.214377,160983,34,0.1275,54,0.2025,4,0.009,0
2026-03-11,15:09:46.214377,161513,34,0.1275,54,0.2025,4,0.009,0
2026-03-11,15:09:46.214377,162043,32,0.12,55,0.20625,4,0.009,0
2026-03-11,15:09:46.214377,162574,32,0.12,55,0.20625,4,0.009,0
2026-03-11,15:09:46.214377,163105,31,0.11625,53,0.19875,3,0.00675,0
2026-03-11,15:09:49.050199,163781,32,0.12,54,0.2025,4,0.009,0
2026-03-11,15:09:49.050199,164312,33,0.12375,55,0.20625,3,0.00675,0
2026-03-11,15:09:49.050199,164842,32,0.12,55,0.20625,3,0.00675,0
2026-03-11,15:09:49.050199,165373,32,0.12,56,0.21,3,0.00675,0
2026-03-11,15:09:49.050199,165906,32,0.12,55,0.20625,4,0.009,0
2026-03-11,15:09:51.814385,166582,31,0.11625,56,0.21,5,0.01125,0
2026-03-11,15:09:51.814385,167116,34,0.1275,55,0.20625,3,0.00675,0
2026-03-11,15:09:51.814385,167646,34,0.1275,56,0.21,4,0.009,0
2026-03-11,15:09:51.814385,168176,32,0.12,57,0.21375,3,0.00675,0
2026-03-11,15:09:51.814385,168707,32,0.12,56,0.21,4,0.009,0
2026-03-11,15:09:54.624701,169384,31,0.11625,54,0.2025,3,0.00675,0
2026-03-11,15:09:54.624701,169914,32,0.12,53,0.19875,5,0.01125,0
2026-03-11,15:09:54.624701,170444,32,0.12,54,0.2025,5,0.01125,0
2026-03-11,15:09:54.624701,170975,34,0.1275,55,0.20625,4,0.009,0
2026-03-11,15:09:54.624701,171505,32,0.12,53,0.19875,3,0.00675,0
2026-03-11,15:09:57.451135,172184,32,0.12,54,0.2025,3,0.00675,0
2026-03-11,15:09:57.451135,172714,31,0.11625,53,0.19875,3,0.00675,0
2026-03-11,15:09:57.451135,173244,33,0.12375,54,0.2025,3,0.00675,0
2026-03-11,15:09:57.451135,173775,33,0.12375,54,0.2025,3,0.00675,0
2026-03-11,15:09:57.451135,174305,31,0.11625,55,0.20625,4,0.009,0
2026-03-11,15:10:00.216780,174982,32,0.12,53,0.19875,3,0.00675,0
2026-03-11,15:10:00.216780,175514,34,0.1275,53,0.19875,3,0.00675,0
2026-03-11,15:10:00.216780,176046,33,0.12375,53,0.19875,3,0.00675,0
2026-03-11,15:10:00.216780,176577,31,0.11625,54,0.2025,2,0.0045,0
2026-03-11,15:10:00.216780,177107,31,0.11625,54,0.2025,4,0.009,0
2026-03-11,15:10:03.023877,177784,33,0.12375,55,0.20625,3,0.00675,0
2026-03-11,15:10:03.023877,178314,31,0.11625,54,0.2025,2,0.0045,0
2026-03-11,15:10:03.023877,178845,31,0.11625,52,0.195,3,0.00675,0
2026-03-11,15:10:03.023877,179375,34,0.1275,53,0.19875,3,0.00675,0
2026-03-11,15:10:03.023877,179906,32,0.12,54,0.2025,4,0.009,0
2026-03-11,15:10:05.844217,180582,32,0.12,55,0.20625,4,0.009,0
2026-03-11,15:10:05.844217,181113,31,0.11625,55,0.20625,4,0.009,0
2026-03-11,15:10:05.844217,181643,31,0.11625,54,0.2025,4,0.009,0
2026-03-11,15:10:05.844217,182176,31,0.11625,51,0.19125,2,0.0045,0
2026-03-11,15:10:05.844217,182707,31,0.11625,54,0.2025,4,0.009,0
2026-03-11,15:10:08.633152,183383,33,0.12375,55,0.20625,4,0.009,0
2026-03-11,15:10:08.633152,183914,32,0.12,52,0.195,3,0.00675,0
2026-03-11,15:10:08.633152,184444,31,0.11625,53,0.19875,3,0.00675,0
2026-03-11,15:10:08.633152,184975,31,0.11625,53,0.19875,5,0.01125,0
2026-03-11,15:10:08.633152,185505,32,0.12,53,0.19875,3,0.00675,0
2026-03-11,15:10:11.409146,186182,31,0.11625,52,0.195,5,0.01125,0
2026-03-11,15:10:11.409146,186712,31,0.11625,51,0.19125,3,0.00675,0
2026-03-11,15:10:11.409146,187243,31,0.11625,52,0.195,4,0.009,0
2026-03-11,15:10:11.409146,187773,32,0.12,50,0.1875,3,0.00675,0
2026-03-11,15:10:11.409146,188306,33,0.12375,53,0.19875,49,0.11025,0
2026-03-11,15:10:14.248360,188984,33,0.12375,54,0.2025,107,0.24075,0
2026-03-11,15:10:14.248360,189514,32,0.12,56,0.21,160,0.36,0
2026-03-11,15:10:14.248360,190045,33,0.12375,60,0.225,464,1.044,0
2026-03-11,15:10:14.248360,190577,32,0.12,53,0.19875,463,1.04175,0
2026-03-11,15:10:14.248360,191107,34,0.1275,57,0.21375,473,1.06425,0
2026-03-11,15:10:17.032790,191786,34,0.1275,58,0.2175,790,1.7775,0
2026-03-11,15:10:17.032790,192319,35,0.13125,60,0.225,1328,2.988,0
2026-03-11,15:10:17.032790,192849,35,0.13125,59,0.22125,1742,3.9195,0
2026-03-11,15:10:17.032790,193380,37,0.13875,61,0.22875,2240,5.04,0
2026-03-11,15:10:17.032790,193910,36,0.135,60,0.225,2240,5.04,0
2026-03-11,15:10:19.818167,194590,35,0.13125,59,0.22125,2234,5.0265,0
2026-03-11,15:10:19.818167,195121,33,0.12375,59,0.22125,1598,3.5955,0
2026-03-11,15:10:19.818167,195651,35,0.13125,58,0.2175,663,1.49175,0
2026-03-11,15:10:19.818167,196182,32,0.12,51,0.19125,4,0.009,0
2026-03-11,15:10:19.818167,196712,30,0.1125,48,0.18,3,0.00675,0
2026-03-11,15:10:22.634891,197389,33,0.12375,51,0.19125,4,0.009,0
2026-03-11,15:10:22.634891,197920,31,0.11625,52,0.195,4,0.009,0
2026-03-11,15:10:22.634891,198453,30,0.1125,52,0.195,3,0.00675,0
2026-03-11,15:10:22.634891,198983,31,0.11625,52,0.195,6,0.0135,0
2026-03-11,15:10:22.634891,199518,31,0.11625,52,0.195,3,0.00675,0
2026-03-11,15:10:25.419646,200195,33,0.12375,52,0.195,3,0.00675,0
2026-03-11,15:10:25.419646,200725,32,0.12,52,0.195,2,0.0045,0
2026-03-11,15:10:25.419646,201256,32,0.12,53,0.19875,4,0.009,0
2026-03-11,15:10:25.419646,201786,33,0.12375,53,0.19875,4,0.009,0
2026-03-11,15:10:25.419646,202316,33,0.12375,52,0.195,4,0.009,0
2026-03-11,15:10:28.277690,202993,32,0.12,53,0.19875,5,0.01125,0
2026-03-11,15:10:28.277690,203524,33,0.12375,53,0.19875,4,0.009,0
2026-03-11,15:10:28.277690,204054,31,0.11625,54,0.2025,4,0.009,0
2026-03-11,15:10:28.277690,204587,34,0.1275,53,0.19875,3,0.00675,0
2026-03-11,15:10:28.277690,205118,33,0.12375,53,0.19875,5,0.01125,0
2026-03-11,15:10:31.033458,205794,32,0.12,55,0.20625,4,0.009,0
2026-03-11,15:10:31.033458,206325,0,0,52,0.195,4,0.009,0
2026-03-11,15:10:31.033458,206855,-2,-0.0075,51,0.19125,4,0.009,0
2026-03-11,15:10:31.033458,207387,0,0,52,0.195,5,0.01125,0
2026-03-11,15:10:31.033458,207918,-1,-0.00375,55,0.20625,2,0.0045,0
2026-03-11,15:10:33.825147,208595,-2,-0.0075,53,0.19875,2,0.0045,0
2026-03-11,15:10:33.825147,209126,6,0.0225,53,0.19875,4,0.009,0
2026-03-11,15:10:33.825147,209656,587,2.20125,58,0.2175,2,0.0045,0
2026-03-11,15:10:33.825147,210187,2622,9.8325,59,0.22125,4,0.009,0
2026-03-11,15:10:33.825147,210717,3772,14.145,61,0.22875,3,0.00675,0
2026-03-11,15:10:36.688949,211397,402,1.5075,58,0.2175,4,0.009,0
2026-03-11,15:10:36.688949,211927,643,2.41125,59,0.22125,4,0.009,0
2026-03-11,15:10:36.688949,212458,7092,26.595,62,0.2325,4,0.009,0
2026-03-11,15:10:36.688949,212988,13174,49.4025,63,0.23625,4,0.009,0
2026-03-11,15:10:36.688949,213522,23523,88.21125,63,0.23625,4,0.009,0
2026-03-11,15:10:39.459198,214233,27134,101.7525,48,0.18,4,0.009,0
2026-03-11,15:10:39.459198,214763,27129,101.7337,48,0.18,4,0.009,0
2026-03-11,15:10:39.459198,215294,27125,101.7188,49,0.18375,4,0.009,0
2026-03-11,15:10:39.459198,215824,27164,101.865,48,0.18,3,0.00675,0
2026-03-11,15:10:39.459198,216355,27161,101.8538,48,0.18,3,0.00675,0
2026-03-11,15:10:42.298874,217038,15228,57.105,64,0.24,5,0.01125,0
2026-03-11,15:10:42.298874,217568,4933,18.49875,63,0.23625,5,0.01125,0
2026-03-11,15:10:42.298874,218098,4077,15.28875,62,0.2325,4,0.009,0
2026-03-11,15:10:42.298874,218629,-1,-0.00375,55,0.20625,4,0.009,0
2026-03-11,15:10:42.298874,219159,-3,-0.01125,54,0.2025,5,0.01125,0
2026-03-11,15:10:45.067961,219837,-2,-0.0075,54,0.2025,2,0.0045,0
2026-03-11,15:10:45.067961,220367,-2,-0.0075,49,0.18375,4,0.009,0
2026-03-11,15:10:45.067961,220899,-3,-0.01125,52,0.195,5,0.01125,0
2026-03-11,15:10:45.067961,221430,38,0.1425,54,0.2025,4,0.009,0
2026-03-11,15:10:45.067961,221960,39,0.14625,53,0.19875,4,0.009,0
2026-03-11,15:10:47.867187,222637,36,0.135,53,0.19875,4,0.009,0
2026-03-11,15:10:47.867187,223167,36,0.135,53,0.19875,4,0.009,0
2026-03-11,15:10:47.867187,223698,36,0.135,54,0.2025,4,0.009,0
2026-03-11,15:10:47.867187,224228,35,0.13125,56,0.21,4,0.009,0
2026-03-11,15:10:47.867187,224759,35,0.13125,-1,-0.00375,4,0.009,0
2026-03-11,15:10:50.700311,225436,35,0.13125,0,0,4,0.009,0
2026-03-11,15:10:50.700311,225967,33,0.12375,0,0,5,0.01125,0
2026-03-11,15:10:50.700311,226497,36,0.135,-2,-0.0075,3,0.00675,0
2026-03-11,15:10:50.700311,227030,36,0.135,0,0,4,0.009,0
2026-03-11,15:10:50.700311,227561,35,0.13125,0,0,3,0.00675,0
2026-03-11,15:10:53.462264,228236,33,0.12375,0,0,5,0.01125,0
2026-03-11,15:10:53.462264,228767,33,0.12375,53,0.19875,4,0.009,0
2026-03-11,15:10:53.462264,229297,33,0.12375,53,0.19875,4,0.009,0
2026-03-11,15:10:53.462264,229828,34,0.1275,52,0.195,4,0.009,0
2026-03-11,15:10:53.462264,230358,34,0.1275,52,0.195,3,0.00675,0
2026-03-11,15:10:56.271711,231035,34,0.1275,56,0.21,4,0.009,0
2026-03-11,15:10:56.271711,231565,34,0.1275,54,0.2025,5,0.01125,0
2026-03-11,15:10:56.271711,232096,34,0.1275,-1,-0.00375,3,0.00675,0
2026-03-11,15:10:56.271711,232626,33,0.12375,-1,-0.00375,4,0.009,0
2026-03-11,15:10:56.271711,233159,34,0.1275,-1,-0.00375,3,0.00675,0
2026-03-11,15:10:59.095047,233837,33,0.12375,-1,-0.00375,3,0.00675,0
2026-03-11,15:10:59.095047,234368,33,0.12375,-2,-0.0075,4,0.009,0
2026-03-11,15:10:59.095047,234898,33,0.12375,6,0.0225,4,0.009,0
2026-03-11,15:10:59.095047,235428,33,0.12375,65,0.24375,4,0.009,0
2026-03-11,15:10:59.095047,235959,38,0.1425,5603,21.01125,4,0.009,0
2026-03-11,15:11:01.881154,236639,37,0.13875,11194,41.9775,5,0.01125,0
2026-03-11,15:11:01.881154,237172,37,0.13875,17384,65.19,4,0.009,0
2026-03-11,15:11:01.881154,237703,32,0.12,27147,101.8012,4,0.009,0
2026-03-11,15:11:01.881154,238233,32,0.12,27149,101.8087,2,0.0045,0
2026-03-11,15:11:01.881154,238764,32,0.12,27146,101.7975,4,0.009,0
2026-03-11,15:11:04.669605,239445,35,0.13125,7730,28.9875,4,0.009,0
2026-03-11,15:11:04.669605,239976,35,0.13125,1043,3.91125,4,0.009,0
2026-03-11,15:11:04.669605,240506,32,0.12,0,0,3,0.00675,0
2026-03-11,15:11:04.669605,241037,34,0.1275,-1,-0.00375,3,0.00675,0
2026-03-11,15:11:04.669605,241567,32,0.12,-1,-0.00375,3,0.00675,0
2026-03-11,15:11:07.494193,242245,32,0.12,68,0.255,3,0.00675,0
2026-03-11,15:11:07.494193,242776,32,0.12,64,0.24,4,0.009,0
2026-03-11,15:11:07.494193,243309,32,0.12,60,0.225,6,0.0135,0
2026-03-11,15:11:07.494193,243840,32,0.12,57,0.21375,3,0.00675,0
2026-03-11,15:11:07.494193,244370,32,0.12,57,0.21375,4,0.009,0
2026-03-11,15:11:10.274572,245047,32,0.12,59,0.22125,4,0.009,0
2026-03-11,15:11:10.274572,245577,32,0.12,59,0.22125,4,0.009,0
2026-03-11,15:11:10.274572,246108,34,0.1275,58,0.2175,4,0.009,0
2026-03-11,15:11:10.274572,246638,33,0.12375,59,0.22125,4,0.009,0
2026-03-11,15:11:10.274572,247169,33,0.12375,58,0.2175,5,0.01125,0
2026-03-11,15:11:13.132028,247845,33,0.12375,58,0.2175,3,0.00675,0
2026-03-11,15:11:13.132028,248376,34,0.1275,57,0.21375,4,0.009,0
2026-03-11,15:11:13.132028,248906,34,0.1275,57,0.21375,5,0.01125,0
2026-03-11,15:11:13.132028,249439,33,0.12375,57,0.21375,5,0.01125,0
2026-03-11,15:11:13.132028,249970,32,0.12,58,0.2175,2,0.0045,0
2026-03-11,15:11:15.886000,250646,33,0.12375,58,0.2175,4,0.009,0
2026-03-11,15:11:15.886000,251177,32,0.12,57,0.21375,5,0.01125,0
2026-03-11,15:11:15.886000,251707,31,0.11625,55,0.20625,5,0.01125,0
2026-03-11,15:11:15.886000,252239,32,0.12,56,0.21,5,0.01125,0
2026-03-11,15:11:15.886000,252770,33,0.12375,58,0.2175,3,0.00675,0
2026-03-11,15:11:18.671091,253446,34,0.1275,57,0.21375,6,0.0135,0
2026-03-11,15:11:18.671091,253977,32,0.12,57,0.21375,4,0.009,0
2026-03-11,15:11:18.671091,254507,33,0.12375,57,0.21375,4,0.009,0
2026-03-11,15:11:18.671091,255038,33,0.12375,56,0.21,3,0.00675,0
2026-03-11,15:11:18.671091,255568,33,0.12375,56,0.21,4,0.009,0
2026-03-11,15:11:24.280443,256245,33,0.12375,56,0.21,5,0.01125,0
2026-03-11,15:11:24.280443,256775,33,0.12375,56,0.21,4,0.009,0
2026-03-11,15:11:24.280443,257306,33,0.12375,56,0.21,3,0.00675,0
2026-03-11,15:11:24.280443,257836,32,0.12,58,0.2175,4,0.009,0
2026-03-11,15:11:24.280443,258369,33,0.12375,56,0.21,4,0.009,0
2026-03-11,15:11:27.047446,261770,32,0.12,56,0.21,5,0.01125,0
2026-03-11,15:11:27.047446,262301,32,0.12,56,0.21,5,0.01125,0
2026-03-11,15:11:27.047446,262831,33,0.12375,56,0.21,6,0.0135,0
2026-03-11,15:11:27.047446,263362,32,0.12,57,0.21375,3,0.00675,0
2026-03-11,15:11:27.047446,263895,32,0.12,56,0.21,4,0.009,0
2026-03-11,15:11:29.815221,264572,32,0.12,57,0.21375,3,0.00675,0
2026-03-11,15:11:29.815221,265102,33,0.12375,56,0.21,4,0.009,0
2026-03-11,15:11:29.815221,265632,31,0.11625,56,0.21,4,0.009,0
2026-03-11,15:11:29.815221,266163,33,0.12375,55,0.20625,4,0.009,0
2026-03-11,15:11:29.815221,266693,31,0.11625,57,0.21375,5,0.01125,0
2026-03-11,15:11:32.597821,267370,31,0.11625,54,0.2025,3,0.00675,0
2026-03-11,15:11:32.597821,267902,34,0.1275,56,0.21,4,0.009,0
2026-03-11,15:11:32.597821,268433,32,0.12,56,0.21,4,0.009,0
2026-03-11,15:11:32.597821,268963,32,0.12,55,0.20625,4,0.009,0
2026-03-11,15:11:32.597821,269494,34,0.1275,58,0.2175,5,0.01125,0
2026-03-11,15:11:35.443081,270172,33,0.12375,56,0.21,3,0.00675,0
2026-03-11,15:11:35.443081,270702,31,0.11625,56,0.21,4,0.009,0
2026-03-11,15:11:35.443081,271233,32,0.12,56,0.21,5,0.01125,0
2026-03-11,15:11:35.443081,271763,32,0.12,55,0.20625,4,0.009,0
2026-03-11,15:11:35.443081,272294,31,0.11625,53,0.19875,2,0.0045,0
2026-03-11,15:11:38.220713,272971,33,0.12375,55,0.20625,3,0.00675,0
2026-03-11,15:11:38.220713,273501,33,0.12375,58,0.2175,3,0.00675,0
2026-03-11,15:11:38.220713,274034,32,0.12,56,0.21,5,0.01125,0
2026-03-11,15:11:38.220713,274565,33,0.12375,56,0.21,5,0.01125,0
2026-03-11,15:11:38.220713,275095,32,0.12,56,0.21,4,0.009,0
2026-03-11,15:11:40.990797,275772,30,0.1125,57,0.21375,4,0.009,0
2026-03-11,15:11:40.990797,276302,31,0.11625,56,0.21,6,0.0135,0
2026-03-11,15:11:40.990797,276833,33,0.12375,56,0.21,5,0.01125,0
2026-03-11,15:11:40.990797,277363,34,0.1275,55,0.20625,4,0.009,0
2026-03-11,15:11:40.990797,277894,29,0.10875,53,0.19875,4,0.009,0
2026-03-11,15:11:43.846298,278570,32,0.12,55,0.20625,3,0.00675,0
2026-03-11,15:11:43.846298,279101,33,0.12375,56,0.21,6,0.0135,0
2026-03-11,15:11:43.846298,279631,32,0.12,57,0.21375,4,0.009,0
2026-03-11,15:11:43.846298,280164,33,0.12375,55,0.20625,4,0.009,0
2026-03-11,15:11:43.846298,280695,33,0.12375,57,0.21375,4,0.009,0
2026-03-11,15:11:46.611707,281371,32,0.12,59,0.22125,4,0.009,0
2026-03-11,15:11:46.611707,281902,35,0.13125,56,0.21,4,0.009,0
2026-03-11,15:11:46.611707,282433,32,0.12,57,0.21375,4,0.009,0
2026-03-11,15:11:46.611707,282963,32,0.12,58,0.2175,4,0.009,0
2026-03-11,15:11:46.611707,283494,33,0.12375,56,0.21,3,0.00675,0
2026-03-11,15:11:49.414944,284170,33,0.12375,55,0.20625,3,0.00675,0
2026-03-11,15:11:49.414944,284701,32,0.12,55,0.20625,5,0.01125,0
2026-03-11,15:11:49.414944,285231,32,0.12,57,0.21375,4,0.009,0
2026-03-11,15:11:49.414944,285762,33,0.12375,55,0.20625,3,0.00675,0
2026-03-11,15:11:49.414944,286292,33,0.12375,57,0.21375,5,0.01125,0
2026-03-11,15:11:52.243311,286969,33,0.12375,56,0.21,4,0.009,0
2026-03-11,15:11:52.243311,287499,31,0.11625,56,0.21,3,0.00675,0
2026-03-11,15:11:52.243311,288030,32,0.12,56,0.21,4,0.009,0
2026-03-11,15:11:52.243311,288560,33,0.12375,55,0.20625,5,0.01125,0
2026-03-11,15:11:52.243311,289093,32,0.12,56,0.21,3,0.00675,0
2026-03-11,15:11:55.007084,289770,34,0.1275,57,0.21375,3,0.00675,0
2026-03-11,15:11:55.007084,290303,33,0.12375,57,0.21375,3,0.00675,0
2026-03-11,15:11:55.007084,290833,34,0.1275,56,0.21,4,0.009,0
2026-03-11,15:11:55.007084,291364,34,0.1275,56,0.21,3,0.00675,0
2026-03-11,15:11:55.007084,291894,33,0.12375,56,0.21,2,0.0045,0
2026-03-11,15:11:57.795581,292571,34,0.1275,56,0.21,3,0.00675,0
2026-03-11,15:11:57.795581,293101,32,0.12,56,0.21,4,0.009,0
2026-03-11,15:11:57.795581,293632,32,0.12,56,0.21,3,0.00675,0
2026-03-11,15:11:57.795581,294162,33,0.12375,57,0.21375,3,0.00675,0
2026-03-11,15:11:57.795581,294693,34,0.1275,56,0.21,4,0.009,0
2026-03-11,15:12:00.637297,295371,33,0.12375,56,0.21,2,0.0045,0
2026-03-11,15:12:00.637297,295901,32,0.12,56,0.21,3,0.00675,0
2026-03-11,15:12:00.637297,296432,34,0.1275,57,0.21375,2,0.0045,0
2026-03-11,15:12:00.637297,296962,33,0.12375,56,0.21,2,0.0045,0
2026-03-11,15:12:00.637297,297493,32,0.12,57,0.21375,4,0.009,0
2026-03-11,15:12:03.402581,298169,33,0.12375,56,0.21,2,0.0045,0
2026-03-11,15:12:03.402581,298700,32,0.12,57,0.21375,2,0.0045,0
2026-03-11,15:12:03.402581,299233,32,0.12,56,0.21,2,0.0045,0
2026-03-11,15:12:03.402581,299764,34,0.1275,58,0.2175,5,0.01125,0
2026-03-11,15:12:03.402581,300294,33,0.12375,55,0.20625,2,0.0045,0
2026-03-11,15:12:06.196435,300971,33,0.12375,55,0.20625,3,0.00675,0
2026-03-11,15:12:06.196435,301501,33,0.12375,56,0.21,3,0.00675,0
2026-03-11,15:12:06.196435,302031,34,0.1275,56,0.21,3,0.00675,0
2026-03-11,15:12:06.196435,302562,32,0.12,56,0.21,4,0.009,0
2026-03-11,15:12:06.196435,303092,34,0.1275,57,0.21375,4,0.009,0
2026-03-11,15:12:09.114743,303769,32,0.12,56,0.21,3,0.00675,0
2026-03-11,15:12:09.114743,304299,32,0.12,58,0.2175,5,0.01125,0
2026-03-11,15:12:09.114743,304830,34,0.1275,57,0.21375,3,0.00675,0
2026-03-11,15:12:09.114743,305363,32,0.12,58,0.2175,4,0.009,0
2026-03-11,15:12:09.114743,305894,35,0.13125,56,0.21,4,0.009,0
2026-03-11,15:12:11.838743,306616,33,0.12375,56,0.21,3,0.00675,0
2026-03-11,15:12:11.838743,307146,33,0.12375,57,0.21375,3,0.00675,0
2026-03-11,15:12:11.838743,307677,32,0.12,58,0.2175,3,0.00675,0
2026-03-11,15:12:11.838743,308207,33,0.12375,56,0.21,2,0.0045,0
2026-03-11,15:12:11.838743,308740,34,0.1275,56,0.21,3,0.00675,0
2026-03-11,16:51:30.142304,0,16,0.06,12,0.045,3,0.00675,0
2026-03-11,16:51:30.142304,577,12,0.045,17,0.06375,4,0.009,0
2026-03-11,16:51:30.142304,1107,12,0.045,9,0.03375,3,0.00675,0
2026-03-11,16:51:30.142304,1637,17,0.06375,13,0.04875,3,0.00675,0
2026-03-11,16:51:30.142304,2166,7,0.02625,7,0.02625,3,0.00675,0
2026-03-11,16:51:32.928369,2841,16,0.06,16,0.06,3,0.00675,0
2026-03-11,16:51:32.928369,3371,14,0.0525,8,0.03,3,0.00675,0
2026-03-11,16:51:32.928369,3901,19,0.07125,3,0.01125,4,0.009,0
2026-03-11,16:51:32.928369,4430,8,0.03,7,0.02625,4,0.009,0
2026-03-11,16:51:32.928369,4960,16,0.06,6,0.0225,3,0.00675,0
2026-03-11,16:51:35.763251,5636,13,0.04875,6,0.0225,4,0.009,0
2026-03-11,16:51:35.763251,6166,4,0.015,4,0.015,3,0.00675,0
2026-03-11,16:51:35.763251,6695,6,0.0225,4,0.015,4,0.009,0
2026-03-11,16:51:35.763251,7226,8,0.03,-11,-0.04125,5,0.01125,0
2026-03-11,16:51:35.763251,7757,21,0.07875,10,0.0375,3,0.00675,0
2026-03-11,16:51:38.526428,8433,16,0.06,5,0.01875,2,0.0045,0
2026-03-11,16:51:38.526428,8967,23,0.08625,8,0.03,3,0.00675,0
2026-03-11,16:51:38.526428,9497,12,0.045,9,0.03375,5,0.01125,0
2026-03-11,16:51:38.526428,10028,16,0.06,6,0.0225,4,0.009,0
2026-03-11,16:51:38.526428,10558,23,0.08625,10,0.0375,2,0.0045,0
2026-03-11,16:51:41.338795,11235,12,0.045,10,0.0375,5,0.01125,0
2026-03-11,16:51:41.338795,11765,6,0.0225,-2,-0.0075,5,0.01125,0
2026-03-11,16:51:41.338795,12296,3,0.01125,10,0.0375,2,0.0045,0
2026-03-11,16:51:41.338795,12826,9,0.03375,5,0.01875,3,0.00675,0
2026-03-11,16:51:41.338795,13356,9,0.03375,-4,-0.015,3,0.00675,0
2026-03-11,16:51:44.160641,14035,10,0.0375,8,0.03,3,0.00675,0
2026-03-11,16:51:44.160641,14565,4,0.015,-2,-0.0075,2,0.0045,0
2026-03-11,16:51:44.160641,15098,8,0.03,1,0.00375,3,0.00675,0
2026-03-11,16:51:44.160641,15629,9,0.03375,4,0.015,4,0.009,0
2026-03-11,16:51:44.160641,16159,7,0.02625,-2,-0.0075,4,0.009,0
2026-03-11,16:51:46.939227,16836,17,0.06375,8,0.03,3,0.00675,0
2026-03-11,16:51:46.939227,17366,-1,-0.00375,-7,-0.02625,3,0.00675,0
2026-03-11,16:51:46.939227,17899,10,0.0375,-3,-0.01125,3,0.00675,0
2026-03-11,16:51:46.939227,18429,0,0,0,0,3,0.00675,0
2026-03-11,16:51:46.939227,18960,0,0,9,0.03375,3,0.00675,0
2026-03-11,16:51:49.723919,19634,8,0.03,1,0.00375,4,0.009,0
2026-03-11,16:51:49.723919,20165,18,0.0675,3,0.01125,3,0.00675,0
2026-03-11,16:51:49.723919,20695,9,0.03375,9,0.03375,3,0.00675,0
2026-03-11,16:51:49.723919,21226,5,0.01875,-1,-0.00375,3,0.00675,0
2026-03-11,16:51:49.723919,21756,7,0.02625,12,0.045,4,0.009,0
2026-03-11,16:51:52.558804,22432,7,0.02625,5,0.01875,3,0.00675,0
2026-03-11,16:51:52.558804,22962,-2,-0.0075,0,0,4,0.009,0
2026-03-11,16:51:52.558804,23493,4,0.015,-5,-0.01875,4,0.009,0
2026-03-11,16:51:52.558804,24026,7,0.02625,-3,-0.01125,5,0.01125,0
2026-03-11,16:51:52.558804,24556,15,0.05625,4,0.015,4,0.009,0
2026-03-11,16:51:55.342200,25232,7,0.02625,-10,-0.0375,4,0.009,0
2026-03-11,16:51:55.342200,25762,6,0.0225,0,0,4,0.009,0
2026-03-11,16:51:55.342200,26293,13,0.04875,0,0,2,0.0045,0
2026-03-11,16:51:55.342200,26823,12,0.045,-6,-0.0225,4,0.009,0
2026-03-11,16:51:55.342200,27354,5,0.01875,-4,-0.015,4,0.009,0
2026-03-11,16:51:58.132490,28030,5,0.01875,3,0.01125,5,0.01125,0
2026-03-11,16:51:58.132490,28561,7,0.02625,-4,-0.015,2,0.0045,0
2026-03-11,16:51:58.132490,29091,4,0.015,-7,-0.02625,4,0.009,0
2026-03-11,16:51:58.132490,29622,1,0.00375,1,0.00375,3,0.00675,0
2026-03-11,16:51:58.132490,30155,6,0.0225,-7,-0.02625,2,0.0045,0
2026-03-11,16:52:12.748104,30832,8,0.03,-4,-0.015,4,0.009,0
2026-03-11,16:52:12.748104,31362,3,0.01125,-6,-0.0225,4,0.009,0
2026-03-11,16:52:12.748104,31893,8,0.03,0,0,3,0.00675,0
2026-03-11,16:52:12.748104,32423,2,0.0075,-1,-0.00375,4,0.009,0
2026-03-11,16:52:12.748104,32958,2,0.0075,-2,-0.0075,4,0.009,0
2026-03-11,16:52:12.748104,42641,-1,-0.00375,-6,-0.0225,4,0.009,0
2026-03-11,16:52:12.748104,43172,-8,-0.03,-5,-0.01875,4,0.009,0
2026-03-11,16:52:12.748104,43704,-3,-0.01125,-15,-0.05625,3,0.00675,0
2026-03-11,16:52:12.748104,44234,1,0.00375,-11,-0.04125,3,0.00675,0
2026-03-11,16:52:12.748104,44765,1,0.00375,-4,-0.015,3,0.00675,0
2026-03-11,16:52:17.793976,45441,14,0.0525,-9,-0.03375,4,0.009,0
2026-03-11,16:52:17.793976,45972,0,0,-15,-0.05625,3,0.00675,0
2026-03-11,16:52:17.793976,46502,-5,-0.01875,-13,-0.04875,3,0.00675,0
2026-03-11,16:52:17.793976,47033,0,0,-4,-0.015,3,0.00675,0
2026-03-11,16:52:17.793976,47563,4,0.015,-4,-0.015,3,0.00675,0
2026-03-11,16:52:20.537260,50448,3,0.01125,-11,-0.04125,4,0.009,0
2026-03-11,16:52:20.537260,50979,1,0.00375,-10,-0.0375,4,0.009,0
2026-03-11,16:52:20.537260,51509,-2,-0.0075,-10,-0.0375,3,0.00675,0
2026-03-11,16:52:20.537260,52040,-1,-0.00375,-6,-0.0225,3,0.00675,0
2026-03-11,16:52:20.537260,52570,-1,-0.00375,-15,-0.05625,4,0.009,0
2026-03-11,16:52:23.409991,53250,3,0.01125,-9,-0.03375,3,0.00675,0
2026-03-11,16:52:23.409991,53781,6,0.0225,-10,-0.0375,3,0.00675,0
2026-03-11,16:52:23.409991,54311,2,0.0075,-18,-0.0675,4,0.009,0
2026-03-11,16:52:23.409991,54842,-8,-0.03,-22,-0.0825,3,0.00675,0
2026-03-11,16:52:23.409991,55374,6,0.0225,-14,-0.0525,4,0.009,0
2026-03-11,16:52:26.175275,56081,9,0.03375,-13,-0.04875,4,0.009,0
2026-03-11,16:52:26.175275,56611,6,0.0225,-16,-0.06,4,0.009,0
2026-03-11,16:52:26.175275,57142,0,0,-13,-0.04875,4,0.009,0
2026-03-11,16:52:26.175275,57672,13,0.04875,-9,-0.03375,3,0.00675,0
2026-03-11,16:52:26.175275,58203,0,0,-12,-0.045,3,0.00675,0
2026-03-11,16:52:29.022969,58882,1,0.00375,-18,-0.0675,3,0.00675,0
2026-03-11,16:52:29.022969,59413,4,0.015,-17,-0.06375,3,0.00675,0
2026-03-11,16:52:29.022969,59943,3,0.01125,-10,-0.0375,3,0.00675,0
2026-03-11,16:52:29.022969,60474,14,0.0525,-3,-0.01125,4,0.009,0
2026-03-11,16:52:29.022969,61004,12,0.045,-5,-0.01875,3,0.00675,0
2026-03-11,16:52:31.811799,61712,5,0.01875,-16,-0.06,4,0.009,0
2026-03-11,16:52:31.811799,62243,6,0.0225,-12,-0.045,3,0.00675,0
2026-03-11,16:52:31.811799,62773,11,0.04125,-15,-0.05625,2,0.0045,0
2026-03-11,16:52:31.811799,63304,7,0.02625,-3,-0.01125,3,0.00675,0
2026-03-11,16:52:31.811799,63834,12,0.045,-7,-0.02625,4,0.009,0
2026-03-11,16:52:34.641055,64512,-8,-0.03,-15,-0.05625,2,0.0045,0
2026-03-11,16:52:34.641055,65042,4,0.015,-6,-0.0225,3,0.00675,0
2026-03-11,16:52:34.641055,65573,10,0.0375,-7,-0.02625,2,0.0045,0
2026-03-11,16:52:34.641055,66106,-4,-0.015,-12,-0.045,4,0.009,0
2026-03-11,16:52:34.641055,66637,4,0.015,-11,-0.04125,2,0.0045,0
2026-03-11,16:52:37.420494,67314,7,0.02625,-8,-0.03,3,0.00675,0
2026-03-11,16:52:37.420494,67845,0,0,-6,-0.0225,4,0.009,0
2026-03-11,16:52:37.420494,68375,-1,-0.00375,-12,-0.045,4,0.009,0
2026-03-11,16:52:37.420494,68906,13,0.04875,-12,-0.045,4,0.009,0
2026-03-11,16:52:37.420494,69436,2,0.0075,-18,-0.0675,3,0.00675,0
2026-03-11,16:52:40.202769,70114,3,0.01125,-14,-0.0525,3,0.00675,0
2026-03-11,16:52:40.202769,70645,3,0.01125,-17,-0.06375,3,0.00675,0
2026-03-11,16:52:40.202769,71175,3,0.01125,-15,-0.05625,3,0.00675,0
2026-03-11,16:52:40.202769,71706,3,0.01125,-23,-0.08625,3,0.00675,0
2026-03-11,16:52:40.202769,72236,5,0.01875,-21,-0.07875,4,0.009,0
2026-03-11,16:52:43.063846,72914,2,0.0075,-16,-0.06,4,0.009,0
2026-03-11,16:52:43.063846,73444,-5,-0.01875,-20,-0.075,3,0.00675,0
2026-03-11,16:52:43.063846,73975,13,0.04875,-9,-0.03375,4,0.009,0
2026-03-11,16:52:43.063846,74505,-2,-0.0075,-24,-0.09,4,0.009,0
2026-03-11,16:52:43.063846,75037,-5,-0.01875,-12,-0.045,3,0.00675,0
2026-03-11,16:52:45.842386,75717,6,0.0225,-14,-0.0525,4,0.009,0
2026-03-11,16:52:45.842386,76250,-3,-0.01125,-10,-0.0375,4,0.009,0
2026-03-11,16:52:45.842386,76781,2,0.0075,-6,-0.0225,3,0.00675,0
2026-03-11,16:52:45.842386,77311,-1,-0.00375,-12,-0.045,3,0.00675,0
2026-03-11,16:52:45.842386,77841,-4,-0.015,-16,-0.06,3,0.00675,0
2026-03-11,16:52:48.613327,78521,5,0.01875,-15,-0.05625,3,0.00675,0
2026-03-11,16:52:48.613327,79052,8,0.03,-6,-0.0225,3,0.00675,0
2026-03-11,16:52:48.613327,79582,4,0.015,-11,-0.04125,3,0.00675,0
2026-03-11,16:52:48.613327,80113,1,0.00375,-15,-0.05625,4,0.009,0
2026-03-11,16:52:48.613327,80643,3,0.01125,-9,-0.03375,3,0.00675,0
2026-03-11,16:52:51.451736,81322,2,0.0075,-15,-0.05625,4,0.009,0
2026-03-11,16:52:51.451736,81852,-1,-0.00375,-14,-0.0525,3,0.00675,0
2026-03-11,16:52:51.451736,82385,-6,-0.0225,-12,-0.045,4,0.009,0
2026-03-11,16:52:51.451736,82916,3,0.01125,-5,-0.01875,3,0.00675,0
2026-03-11,16:52:51.451736,83446,9,0.03375,-15,-0.05625,4,0.009,0
2026-03-11,16:52:54.221007,84124,5,0.01875,-13,-0.04875,3,0.00675,0
2026-03-11,16:52:54.221007,84654,0,0,-19,-0.07125,5,0.01125,0
2026-03-11,16:52:54.221007,85186,4,0.015,-15,-0.05625,4,0.009,0
2026-03-11,16:52:54.221007,85717,4,0.015,-16,-0.06,3,0.00675,0
2026-03-11,16:52:54.221007,86247,7,0.02625,-19,-0.07125,5,0.01125,0
2026-03-11,16:52:59.539252,86925,-3,-0.01125,-19,-0.07125,3,0.00675,0
2026-03-11,16:52:59.539252,87455,-7,-0.02625,-13,-0.04875,3,0.00675,0
2026-03-11,16:52:59.539252,87986,-9,-0.03375,-18,-0.0675,4,0.009,0
2026-03-11,16:52:59.539252,88516,-7,-0.02625,-10,-0.0375,4,0.009,0
2026-03-11,16:52:59.539252,89047,3,0.01125,-6,-0.0225,2,0.0045,0
2026-03-11,16:53:02.294724,92160,0,0,-14,-0.0525,4,0.009,0
2026-03-11,16:53:02.294724,92690,5,0.01875,-19,-0.07125,4,0.009,0
2026-03-11,16:53:02.294724,93221,-1,-0.00375,-12,-0.045,3,0.00675,0
2026-03-11,16:53:02.294724,93754,1,0.00375,-18,-0.0675,2,0.0045,0
2026-03-11,16:53:02.294724,94284,5,0.01875,-13,-0.04875,4,0.009,0
2026-03-11,16:53:05.081297,94994,1,0.00375,-18,-0.0675,4,0.009,0
2026-03-11,16:53:05.081297,95525,1,0.00375,-11,-0.04125,4,0.009,0
2026-03-11,16:53:05.081297,96055,-1,-0.00375,-21,-0.07875,3,0.00675,0
2026-03-11,16:53:05.081297,96586,4,0.015,-15,-0.05625,3,0.00675,0
2026-03-11,16:53:05.081297,97116,3,0.01125,-14,-0.0525,4,0.009,0
2026-03-11,16:53:07.924582,97794,5,0.01875,-17,-0.06375,2,0.0045,0
2026-03-11,16:53:07.924582,98324,7,0.02625,-18,-0.0675,4,0.009,0
2026-03-11,16:53:07.924582,98855,6,0.0225,-15,-0.05625,3,0.00675,0
2026-03-11,16:53:07.924582,99385,6,0.0225,-22,-0.0825,3,0.00675,0
2026-03-11,16:53:07.924582,99919,-1,-0.00375,-13,-0.04875,3,0.00675,0
2026-03-11,16:53:10.702370,100598,1,0.00375,-19,-0.07125,3,0.00675,0
2026-03-11,16:53:10.702370,101131,4,0.015,-19,-0.07125,3,0.00675,0
2026-03-11,16:53:10.702370,101662,1,0.00375,-15,-0.05625,3,0.00675,0
2026-03-11,16:53:10.702370,102192,7,0.02625,-14,-0.0525,4,0.009,0
2026-03-11,16:53:10.702370,102723,0,0,-19,-0.07125,2,0.0045,0
2026-03-11,16:53:13.492858,103401,-2,-0.0075,-13,-0.04875,4,0.009,0
2026-03-11,16:53:13.492858,103931,-3,-0.01125,-21,-0.07875,3,0.00675,0
2026-03-11,16:53:13.492858,104461,-4,-0.015,-12,-0.045,4,0.009,0
2026-03-11,16:53:13.492858,104992,0,0,-10,-0.0375,3,0.00675,0
2026-03-11,16:53:13.492858,105523,2,0.0075,-20,-0.075,3,0.00675,0
2026-03-11,16:53:16.337555,106202,-3,-0.01125,-16,-0.06,5,0.01125,0
2026-03-11,16:53:16.337555,106732,-1,-0.00375,-16,-0.06,3,0.00675,0
2026-03-11,16:53:16.337555,107265,-7,-0.02625,-16,-0.06,4,0.009,0
2026-03-11,16:53:16.337555,107796,2,0.0075,-19,-0.07125,3,0.00675,0
2026-03-11,16:53:16.337555,108326,11,0.04125,-17,-0.06375,4,0.009,0
2026-03-11,16:53:19.141958,109005,0,0,-17,-0.06375,3,0.00675,0
2026-03-11,16:53:19.141958,109536,10,0.0375,-14,-0.0525,3,0.00675,0
2026-03-11,16:53:19.141958,110066,2,0.0075,-20,-0.075,4,0.009,0
2026-03-11,16:53:19.141958,110597,-3,-0.01125,-21,-0.07875,4,0.009,0
2026-03-11,16:53:19.141958,111127,2,0.0075,-12,-0.045,2,0.0045,0
2026-03-11,16:53:24.137188,111805,3,0.01125,-17,-0.06375,4,0.009,0
2026-03-11,16:53:24.137188,112335,3,0.01125,-24,-0.09,3,0.00675,0
2026-03-11,16:53:24.137188,112866,3,0.01125,-21,-0.07875,3,0.00675,0
2026-03-11,16:53:24.137188,113396,-1,-0.00375,-19,-0.07125,2,0.0045,0
2026-03-11,16:53:24.137188,113927,2,0.0075,-16,-0.06,4,0.009,0
2026-03-11,16:53:26.919637,116754,3,0.01125,-14,-0.0525,3,0.00675,0
2026-03-11,16:53:26.919637,117285,5,0.01875,-22,-0.0825,4,0.009,0
2026-03-11,16:53:26.919637,117815,0,0,-19,-0.07125,3,0.00675,0
2026-03-11,16:53:26.919637,118348,22,0.0825,-27,-0.10125,2,0.0045,0
2026-03-11,16:53:26.919637,118879,-3,-0.01125,-14,-0.0525,3,0.00675,0
2026-03-11,16:53:32.204274,119580,6,0.0225,-26,-0.0975,3,0.00675,0
2026-03-11,16:53:32.204274,120111,0,0,-20,-0.075,3,0.00675,0
2026-03-11,16:53:32.204274,120642,12,0.045,-9,-0.03375,4,0.009,0
2026-03-11,16:53:32.204274,121172,-2,-0.0075,-26,-0.0975,6,0.0135,0
2026-03-11,16:53:32.204274,121705,5,0.01875,-17,-0.06375,3,0.00675,0
2026-03-11,16:53:34.982069,124823,0,0,-20,-0.075,2,0.0045,0
2026-03-11,16:53:34.982069,125354,9,0.03375,-20,-0.075,4,0.009,0
2026-03-11,16:53:34.982069,125884,-1,-0.00375,-20,-0.075,3,0.00675,0
2026-03-11,16:53:34.982069,126415,-1,-0.00375,-25,-0.09375,3,0.00675,0
2026-03-11,16:53:34.982069,126948,-1,-0.00375,-19,-0.07125,4,0.009,0
2026-03-11,16:53:37.779696,127669,12,0.045,-19,-0.07125,4,0.009,0
2026-03-11,16:53:37.779696,128199,4,0.015,-25,-0.09375,3,0.00675,0
2026-03-11,16:53:37.779696,128730,1,0.00375,-23,-0.08625,4,0.009,0
2026-03-11,16:53:37.779696,129260,-2,-0.0075,-21,-0.07875,3,0.00675,0
2026-03-11,16:53:37.779696,129791,-8,-0.03,-18,-0.0675,3,0.00675,0
2026-03-11,16:53:40.614467,130472,3,0.01125,-18,-0.0675,4,0.009,0
2026-03-11,16:53:40.614467,131003,0,0,-25,-0.09375,4,0.009,0
2026-03-11,16:53:40.614467,131536,4,0.015,-21,-0.07875,4,0.009,0
2026-03-11,16:53:40.614467,132066,-1,-0.00375,-25,-0.09375,4,0.009,0
2026-03-11,16:53:40.614467,132597,-2,-0.0075,-25,-0.09375,4,0.009,0
2026-03-11,16:53:43.407904,133301,-3,-0.01125,-20,-0.075,3,0.00675,0
2026-03-11,16:53:43.407904,133831,2,0.0075,-27,-0.10125,3,0.00675,0
2026-03-11,16:53:43.407904,134362,4,0.015,-18,-0.0675,3,0.00675,0
2026-03-11,16:53:43.407904,134892,-1,-0.00375,-11,-0.04125,2,0.0045,0
2026-03-11,16:53:43.407904,135423,-1,-0.00375,-13,-0.04875,2,0.0045,0
2026-03-11,16:53:46.246924,136103,7,0.02625,-25,-0.09375,3,0.00675,0
2026-03-11,16:53:46.246924,136633,8,0.03,-19,-0.07125,3,0.00675,0
2026-03-11,16:53:46.246924,137164,1,0.00375,-18,-0.0675,3,0.00675,0
2026-03-11,16:53:46.246924,137697,5,0.01875,-22,-0.0825,2,0.0045,0
2026-03-11,16:53:46.246924,138227,1,0.00375,-27,-0.10125,4,0.009,0
2026-03-11,16:53:49.034721,138934,6,0.0225,-24,-0.09,4,0.009,0
2026-03-11,16:53:49.034721,139464,4,0.015,-21,-0.07875,5,0.01125,0
2026-03-11,16:53:49.034721,139995,5,0.01875,-21,-0.07875,3,0.00675,0
2026-03-11,16:53:49.034721,140525,3,0.01125,-25,-0.09375,4,0.009,0
2026-03-11,16:53:49.034721,141058,3,0.01125,-20,-0.075,4,0.009,0
2026-03-11,16:53:51.869562,141736,2,0.0075,-17,-0.06375,4,0.009,0
2026-03-11,16:53:51.869562,142267,5,0.01875,-19,-0.07125,3,0.00675,0
2026-03-11,16:53:51.869562,142797,8,0.03,-12,-0.045,4,0.009,0
2026-03-11,16:53:51.869562,143328,7,0.02625,-21,-0.07875,3,0.00675,0
2026-03-11,16:53:51.869562,143858,10,0.0375,-13,-0.04875,3,0.00675,0
2026-03-11,16:53:54.760536,144673,-6,-0.0225,-17,-0.06375,3,0.00675,0
2026-03-11,16:53:54.760536,145204,3,0.01125,-26,-0.0975,4,0.009,0
2026-03-11,16:53:54.760536,145734,9,0.03375,-18,-0.0675,3,0.00675,0
2026-03-11,16:53:54.760536,146265,13,0.04875,-13,-0.04875,2,0.0045,0
2026-03-11,16:53:54.760536,146795,10,0.0375,-14,-0.0525,3,0.00675,0
2026-03-11,16:53:57.603413,147474,6,0.0225,-18,-0.0675,4,0.009,0
2026-03-11,16:53:57.603413,148005,4,0.015,-16,-0.06,3,0.00675,0
2026-03-11,16:53:57.603413,148535,5,0.01875,-21,-0.07875,5,0.01125,0
2026-03-11,16:53:57.603413,149068,12,0.045,-25,-0.09375,3,0.00675,0
2026-03-11,16:53:57.603413,149599,11,0.04125,-20,-0.075,3,0.00675,0
2026-03-11,16:54:00.374476,150277,6,0.0225,-17,-0.06375,2,0.0045,0
2026-03-11,16:54:00.374476,150808,5,0.01875,-21,-0.07875,4,0.009,0
2026-03-11,16:54:00.374476,151338,7,0.02625,-28,-0.105,3,0.00675,0
2026-03-11,16:54:00.374476,151869,-3,-0.01125,-16,-0.06,4,0.009,0
2026-03-11,16:54:00.374476,152399,-7,-0.02625,-21,-0.07875,3,0.00675,0
2026-03-11,16:54:05.782207,153079,8,0.03,-9,-0.03375,4,0.009,0
2026-03-11,16:54:05.782207,153610,4,0.015,-15,-0.05625,3,0.00675,0
2026-03-11,16:54:05.782207,154141,-4,-0.015,-18,-0.0675,3,0.00675,0
2026-03-11,16:54:05.782207,154671,5,0.01875,-21,-0.07875,4,0.009,0
2026-03-11,16:54:05.782207,155204,7,0.02625,-23,-0.08625,4,0.009,0
2026-03-11,16:54:08.486422,158402,-1,-0.00375,-20,-0.075,3,0.00675,0
2026-03-11,16:54:08.486422,158932,1,0.00375,-21,-0.07875,3,0.00675,0
2026-03-11,16:54:08.486422,159463,4,0.015,-23,-0.08625,3,0.00675,0
2026-03-11,16:54:08.486422,159993,5,0.01875,-19,-0.07125,3,0.00675,0
2026-03-11,16:54:08.486422,160524,2,0.0075,-23,-0.08625,3,0.00675,0
2026-03-11,16:54:11.318478,161202,1,0.00375,-22,-0.0825,3,0.00675,0
2026-03-11,16:54:11.318478,161732,6,0.0225,-27,-0.10125,3,0.00675,0
2026-03-11,16:54:11.318478,162265,-1,-0.00375,-26,-0.0975,3,0.00675,0
2026-03-11,16:54:11.318478,162796,-1,-0.00375,-23,-0.08625,4,0.009,0
2026-03-11,16:54:11.318478,163326,8,0.03,-20,-0.075,4,0.009,0
2026-03-11,16:54:14.095610,164004,-2,-0.0075,-17,-0.06375,3,0.00675,0
2026-03-11,16:54:14.095610,164535,7,0.02625,-14,-0.0525,3,0.00675,0
2026-03-11,16:54:14.095610,165065,3,0.01125,-16,-0.06,2,0.0045,0
2026-03-11,16:54:14.095610,165595,10,0.0375,-13,-0.04875,3,0.00675,0
2026-03-11,16:54:14.095610,166126,8,0.03,-16,-0.06,2,0.0045,0
2026-03-11,16:54:19.954649,166804,3,0.01125,-21,-0.07875,4,0.009,0
2026-03-11,16:54:19.954649,167334,6,0.0225,-15,-0.05625,3,0.00675,0
2026-03-11,16:54:19.954649,167865,8,0.03,-24,-0.09,3,0.00675,0
2026-03-11,16:54:19.954649,168398,1,0.00375,-26,-0.0975,4,0.009,0
2026-03-11,16:54:19.954649,168928,9,0.03375,-21,-0.07875,3,0.00675,0
2026-03-11,16:54:22.703211,172621,5,0.01875,-21,-0.07875,3,0.00675,0
2026-03-11,16:54:22.703211,173151,2,0.0075,-22,-0.0825,4,0.009,0
2026-03-11,16:54:22.703211,173682,0,0,-28,-0.105,3,0.00675,0
2026-03-11,16:54:22.703211,174212,11,0.04125,-18,-0.0675,4,0.009,0
2026-03-11,16:54:22.703211,174743,6,0.0225,-20,-0.075,4,0.009,0
2026-03-11,16:54:25.551740,175420,1,0.00375,-34,-0.1275,3,0.00675,0
2026-03-11,16:54:25.551740,175951,6,0.0225,-26,-0.0975,3,0.00675,0
2026-03-11,16:54:25.551740,176481,2,0.0075,-19,-0.07125,4,0.009,0
2026-03-11,16:54:25.551740,177014,12,0.045,-21,-0.07875,3,0.00675,0
2026-03-11,16:54:25.551740,177545,5,0.01875,-17,-0.06375,4,0.009,0
2026-03-11,16:54:28.315640,178223,-2,-0.0075,-21,-0.07875,4,0.009,0
2026-03-11,16:54:28.315640,178753,7,0.02625,-22,-0.0825,4,0.009,0
2026-03-11,16:54:28.315640,179284,10,0.0375,-21,-0.07875,4,0.009,0
2026-03-11,16:54:28.315640,179814,6,0.0225,-29,-0.10875,3,0.00675,0
2026-03-11,16:54:28.315640,180345,5,0.01875,-24,-0.09,3,0.00675,0
2026-03-11,16:54:31.119200,181022,8,0.03,-17,-0.06375,4,0.009,0
2026-03-11,16:54:31.119200,181553,-3,-0.01125,-29,-0.10875,4,0.009,0
2026-03-11,16:54:31.119200,182083,3,0.01125,-28,-0.105,5,0.01125,0
2026-03-11,16:54:31.119200,182614,9,0.03375,-25,-0.09375,4,0.009,0
2026-03-11,16:54:31.119200,183147,-1,-0.00375,-29,-0.10875,5,0.01125,0
2026-03-11,16:54:33.948578,183827,4,0.015,-27,-0.10125,4,0.009,0
2026-03-11,16:54:33.948578,184357,-6,-0.0225,-26,-0.0975,3,0.00675,0
2026-03-11,16:54:33.948578,184888,3,0.01125,-29,-0.10875,4,0.009,0
2026-03-11,16:54:33.948578,185419,-2,-0.0075,-21,-0.07875,5,0.01125,0
2026-03-11,16:54:33.948578,185949,5,0.01875,-27,-0.10125,4,0.009,0
2026-03-11,16:54:36.721107,186627,3,0.01125,-24,-0.09,3,0.00675,0
2026-03-11,16:54:36.721107,187160,4,0.015,-21,-0.07875,5,0.01125,0
2026-03-11,16:54:36.721107,187690,1,0.00375,-24,-0.09,4,0.009,0
2026-03-11,16:54:36.721107,188221,-3,-0.01125,-20,-0.075,4,0.009,0
2026-03-11,16:54:36.721107,188751,-1,-0.00375,-21,-0.07875,3,0.00675,0
2026-03-11,16:54:39.609644,189526,-8,-0.03,-25,-0.09375,5,0.01125,0
2026-03-11,16:54:39.609644,190057,2,0.0075,-27,-0.10125,3,0.00675,0
2026-03-11,16:54:39.609644,190587,-1,-0.00375,-20,-0.075,4,0.009,0
2026-03-11,16:54:39.609644,191118,3,0.01125,-25,-0.09375,4,0.009,0
2026-03-11,16:54:39.609644,191648,5,0.01875,-21,-0.07875,3,0.00675,0
2026-03-11,16:54:42.447747,192326,-4,-0.015,-19,-0.07125,3,0.00675,0
2026-03-11,16:54:42.447747,192856,-5,-0.01875,-12,-0.045,5,0.01125,0
2026-03-11,16:54:42.447747,193387,1,0.00375,-24,-0.09,2,0.0045,0
2026-03-11,16:54:42.447747,193920,-3,-0.01125,-17,-0.06375,4,0.009,0
2026-03-11,16:54:42.447747,194455,4,0.015,-23,-0.08625,4,0.009,0
2026-03-11,16:54:45.231750,195150,-3,-0.01125,-17,-0.06375,5,0.01125,0
2026-03-11,16:54:45.231750,195680,-2,-0.0075,-16,-0.06,4,0.009,0
2026-03-11,16:54:45.231750,196211,2,0.0075,-19,-0.07125,3,0.00675,0
2026-03-11,16:54:45.231750,196741,4,0.015,-20,-0.075,4,0.009,0
2026-03-11,16:54:45.231750,197272,-1,-0.00375,-19,-0.07125,4,0.009,0
2026-03-11,16:54:48.080352,197951,-1,-0.00375,-22,-0.0825,4,0.009,0
2026-03-11,16:54:48.080352,198482,6,0.0225,-26,-0.0975,4,0.009,0
2026-03-11,16:54:48.080352,199012,8,0.03,-14,-0.0525,3,0.00675,0
2026-03-11,16:54:48.080352,199543,1,0.00375,-21,-0.07875,1,0.00225,0
2026-03-11,16:54:48.080352,200075,2,0.0075,-28,-0.105,3,0.00675,0
2026-03-11,16:54:50.880000,200791,6,0.0225,-24,-0.09,4,0.009,0
2026-03-11,16:54:50.880000,201321,1,0.00375,-34,-0.1275,3,0.00675,0
2026-03-11,16:54:50.880000,201852,-1,-0.00375,-21,-0.07875,4,0.009,0
2026-03-11,16:54:50.880000,202382,0,0,-25,-0.09375,4,0.009,0
2026-03-11,16:54:50.880000,202913,1,0.00375,-25,-0.09375,4,0.009,0
2026-03-11,16:54:53.714850,203592,1,0.00375,-27,-0.10125,3,0.00675,0
2026-03-11,16:54:53.714850,204123,3,0.01125,-29,-0.10875,4,0.009,0
2026-03-11,16:54:53.714850,204656,-2,-0.0075,-32,-0.12,4,0.009,0
2026-03-11,16:54:53.714850,205186,5,0.01875,-24,-0.09,3,0.00675,0
2026-03-11,16:54:53.714850,205717,0,0,-25,-0.09375,4,0.009,0
2026-03-11,16:54:56.483455,206394,-7,-0.02625,-32,-0.12,2,0.0045,0
2026-03-11,16:54:56.483455,206926,0,0,-21,-0.07875,4,0.009,0
2026-03-11,16:54:56.483455,207457,-1,-0.00375,-15,-0.05625,4,0.009,0
2026-03-11,16:54:56.483455,207987,3,0.01125,-18,-0.0675,3,0.00675,0
2026-03-11,16:54:56.483455,208522,4,0.015,-30,-0.1125,5,0.01125,0
2026-03-11,16:54:59.346060,209200,7,0.02625,-24,-0.09,4,0.009,0
2026-03-11,16:54:59.346060,209730,-5,-0.01875,-22,-0.0825,3,0.00675,0
2026-03-11,16:54:59.346060,210260,1,0.00375,-25,-0.09375,4,0.009,0
2026-03-11,16:54:59.346060,210794,3,0.01125,-21,-0.07875,4,0.009,0
2026-03-11,16:54:59.346060,211324,3,0.01125,-24,-0.09,3,0.00675,0
2026-03-11,16:55:02.110600,212002,3,0.01125,-17,-0.06375,3,0.00675,0
2026-03-11,16:55:02.110600,212532,5,0.01875,-27,-0.10125,3,0.00675,0
2026-03-11,16:55:02.110600,213063,-10,-0.0375,-25,-0.09375,2,0.0045,0
2026-03-11,16:55:02.110600,213593,-3,-0.01125,-22,-0.0825,5,0.01125,0
2026-03-11,16:55:02.110600,214124,4,0.015,-21,-0.07875,4,0.009,0
2026-03-11,16:55:04.884616,214801,6,0.0225,-28,-0.105,5,0.01125,0
2026-03-11,16:55:04.884616,215332,8,0.03,-25,-0.09375,4,0.009,0
2026-03-11,16:55:04.884616,215862,8,0.03,-22,-0.0825,3,0.00675,0
2026-03-11,16:55:04.884616,216393,-1,-0.00375,-30,-0.1125,4,0.009,0
2026-03-11,16:55:04.884616,216923,9,0.03375,-27,-0.10125,4,0.009,0
2026-03-11,16:55:07.742763,217601,7,0.02625,-33,-0.12375,4,0.009,0
2026-03-11,16:55:07.742763,218132,4,0.015,-25,-0.09375,5,0.01125,0
2026-03-11,16:55:07.742763,218662,4,0.015,-34,-0.1275,4,0.009,0
2026-03-11,16:55:07.742763,219193,6,0.0225,-27,-0.10125,4,0.009,0
2026-03-11,16:55:07.742763,219726,4,0.015,-32,-0.12,3,0.00675,0
2026-03-11,16:55:10.509939,220403,5,0.01875,-23,-0.08625,4,0.009,0
2026-03-11,16:55:10.509939,220936,5,0.01875,-28,-0.105,5,0.01125,0
2026-03-11,16:55:10.509939,221467,0,0,-33,-0.12375,4,0.009,0
2026-03-11,16:55:10.509939,221997,6,0.0225,-22,-0.0825,4,0.009,0
2026-03-11,16:55:10.509939,222528,-2,-0.0075,-19,-0.07125,4,0.009,0
2026-03-11,16:55:13.302240,223218,-3,-0.01125,-24,-0.09,3,0.00675,0
2026-03-11,16:55:13.302240,223748,3,0.01125,-23,-0.08625,4,0.009,0
2026-03-11,16:55:13.302240,224278,-4,-0.015,-20,-0.075,4,0.009,0
2026-03-11,16:55:13.302240,224809,5,0.01875,-26,-0.0975,4,0.009,0
2026-03-11,16:55:13.302240,225340,-4,-0.015,-22,-0.0825,4,0.009,0
2026-03-11,16:55:16.137227,226022,7,0.02625,-23,-0.08625,3,0.00675,0
2026-03-11,16:55:16.137227,226552,3,0.01125,-28,-0.105,5,0.01125,0
2026-03-11,16:55:16.137227,227085,1,0.00375,-21,-0.07875,3,0.00675,0
2026-03-11,16:55:16.137227,227616,1,0.00375,-21,-0.07875,6,0.0135,0
2026-03-11,16:55:16.137227,228146,2,0.0075,-19,-0.07125,3,0.00675,0
2026-03-11,16:55:18.910543,228824,4,0.015,-25,-0.09375,5,0.01125,0
2026-03-11,16:55:18.910543,229354,4,0.015,-26,-0.0975,3,0.00675,0
2026-03-11,16:55:18.910543,229885,6,0.0225,-24,-0.09,4,0.009,0
2026-03-11,16:55:18.910543,230415,4,0.015,-32,-0.12,4,0.009,0
2026-03-11,16:55:18.910543,230946,4,0.015,-25,-0.09375,4,0.009,0
2026-03-11,16:55:21.775595,231624,6,0.0225,-29,-0.10875,4,0.009,0
2026-03-11,16:55:21.775595,232154,10,0.0375,-26,-0.0975,3,0.00675,0
2026-03-11,16:55:21.775595,232685,-7,-0.02625,-33,-0.12375,3,0.00675,0
2026-03-11,16:55:21.775595,233215,4,0.015,-18,-0.0675,5,0.01125,0
2026-03-11,16:55:21.775595,233746,11,0.04125,-31,-0.11625,5,0.01125,0
2026-03-11,16:55:24.533456,234425,0,0,-28,-0.105,4,0.009,0
2026-03-11,16:55:24.533456,234955,5,0.01875,-31,-0.11625,4,0.009,0
2026-03-11,16:55:24.533456,235486,3,0.01125,-33,-0.12375,3,0.00675,0
2026-03-11,16:55:24.533456,236018,0,0,-25,-0.09375,3,0.00675,0
2026-03-11,16:55:24.533456,236548,5,0.01875,-21,-0.07875,4,0.009,0
2026-03-11,16:55:27.307006,237226,6,0.0225,-31,-0.11625,4,0.009,0
2026-03-11,16:55:27.307006,237756,9,0.03375,-33,-0.12375,3,0.00675,0
2026-03-11,16:55:27.307006,238287,8,0.03,-31,-0.11625,6,0.0135,0
2026-03-11,16:55:27.307006,238817,4,0.015,-25,-0.09375,3,0.00675,0
2026-03-11,16:55:27.307006,239348,2,0.0075,-28,-0.105,3,0.00675,0
2026-03-11,16:55:33.044682,240025,4,0.015,-23,-0.08625,3,0.00675,0
2026-03-11,16:55:33.044682,240556,0,0,-21,-0.07875,4,0.009,0
2026-03-11,16:55:33.044682,241086,2,0.0075,-27,-0.10125,5,0.01125,0
2026-03-11,16:55:33.044682,241617,3,0.01125,-27,-0.10125,3,0.00675,0
2026-03-11,16:55:33.044682,242150,0,0,-31,-0.11625,3,0.00675,0
2026-03-11,16:55:35.826007,245746,6,0.0225,-26,-0.0975,4,0.009,0
2026-03-11,16:55:35.826007,246277,9,0.03375,-29,-0.10875,3,0.00675,0
2026-03-11,16:55:35.826007,246807,8,0.03,-18,-0.0675,4,0.009,0
2026-03-11,16:55:35.826007,247338,8,0.03,-29,-0.10875,3,0.00675,0
2026-03-11,16:55:35.826007,247868,-7,-0.02625,-27,-0.10125,2,0.0045,0
2026-03-11,16:55:38.659042,248548,9,0.03375,-25,-0.09375,4,0.009,0
2026-03-11,16:55:38.659042,249079,5,0.01875,-29,-0.10875,4,0.009,0
2026-03-11,16:55:38.659042,249609,6,0.0225,-33,-0.12375,4,0.009,0
2026-03-11,16:55:38.659042,250142,-7,-0.02625,-20,-0.075,3,0.00675,0
2026-03-11,16:55:38.659042,250677,3,0.01125,-35,-0.13125,5,0.01125,0
2026-03-11,16:55:41.447877,251355,13,0.04875,-32,-0.12,4,0.009,0
2026-03-11,16:55:41.447877,251885,16,0.06,-31,-0.11625,3,0.00675,0
2026-03-11,16:55:41.447877,252416,0,0,-25,-0.09375,3,0.00675,0
2026-03-11,16:55:41.447877,252946,9,0.03375,-30,-0.1125,3,0.00675,0
2026-03-11,16:55:41.447877,253477,12,0.045,-30,-0.1125,4,0.009,0
2026-03-11,16:55:44.289028,254156,17,0.06375,-19,-0.07125,4,0.009,0
2026-03-11,16:55:44.289028,254686,12,0.045,-25,-0.09375,4,0.009,0
2026-03-11,16:55:44.289028,255217,2,0.0075,-26,-0.0975,4,0.009,0
2026-03-11,16:55:44.289028,255747,9,0.03375,-37,-0.13875,4,0.009,0
2026-03-11,16:55:44.289028,256280,9,0.03375,-23,-0.08625,5,0.01125,0
2026-03-11,16:55:47.069680,256958,5,0.01875,-30,-0.1125,4,0.009,0
2026-03-11,16:55:47.069680,257491,9,0.03375,-32,-0.12,4,0.009,0
2026-03-11,16:55:47.069680,258022,3,0.01125,-28,-0.105,3,0.00675,0
2026-03-11,16:55:47.069680,258552,5,0.01875,-32,-0.12,5,0.01125,0
2026-03-11,16:55:47.069680,259083,12,0.045,-30,-0.1125,6,0.0135,0
2026-03-11,16:55:49.862738,259783,6,0.0225,-29,-0.10875,4,0.009,0
2026-03-11,16:55:49.862738,260314,16,0.06,-28,-0.105,4,0.009,0
2026-03-11,16:55:49.862738,260844,10,0.0375,-27,-0.10125,3,0.00675,0
2026-03-11,16:55:49.862738,261374,9,0.03375,-24,-0.09,5,0.01125,0
2026-03-11,16:55:49.862738,261904,4,0.015,-35,-0.13125,3,0.00675,0
2026-03-11,16:55:52.702883,262582,5,0.01875,-32,-0.12,3,0.00675,0
2026-03-11,16:55:52.702883,263113,-4,-0.015,-33,-0.12375,4,0.009,0
2026-03-11,16:55:52.702883,263646,6,0.0225,-34,-0.1275,2,0.0045,0
2026-03-11,16:55:52.702883,264176,11,0.04125,-28,-0.105,3,0.00675,0
2026-03-11,16:55:52.702883,264707,6,0.0225,-33,-0.12375,5,0.01125,0
2026-03-11,16:55:55.479534,265398,8,0.03,-32,-0.12,4,0.009,0
2026-03-11,16:55:55.479534,265929,-1,-0.00375,-31,-0.11625,4,0.009,0
2026-03-11,16:55:55.479534,266459,-3,-0.01125,-36,-0.135,4,0.009,0
2026-03-11,16:55:55.479534,266990,-4,-0.015,-30,-0.1125,3,0.00675,0
2026-03-11,16:55:55.479534,267520,8,0.03,-30,-0.1125,4,0.009,0
2026-03-11,16:55:58.325913,268198,7,0.02625,-26,-0.0975,5,0.01125,0
2026-03-11,16:55:58.325913,268728,11,0.04125,-37,-0.13875,3,0.00675,0
2026-03-11,16:55:58.325913,269259,14,0.0525,-30,-0.1125,4,0.009,0
2026-03-11,16:55:58.325913,269792,11,0.04125,-23,-0.08625,3,0.00675,0
2026-03-11,16:55:58.325913,270323,7,0.02625,-29,-0.10875,5,0.01125,0
2026-03-11,16:56:03.666441,271000,12,0.045,-29,-0.10875,4,0.009,0
2026-03-11,16:56:03.666441,271531,5,0.01875,-31,-0.11625,5,0.01125,0
2026-03-11,16:56:03.666441,272061,9,0.03375,-25,-0.09375,4,0.009,0
2026-03-11,16:56:03.666441,272592,12,0.045,-25,-0.09375,3,0.00675,0
2026-03-11,16:56:03.666441,273122,6,0.0225,-28,-0.105,4,0.009,0
2026-03-11,16:56:06.414737,276296,4,0.015,-33,-0.12375,2,0.0045,0
2026-03-11,16:56:06.414737,276826,12,0.045,-28,-0.105,4,0.009,0
2026-03-11,16:56:06.414737,277357,4,0.015,-27,-0.10125,3,0.00675,0
2026-03-11,16:56:06.414737,277887,10,0.0375,-29,-0.10875,4,0.009,0
2026-03-11,16:56:06.414737,278418,3,0.01125,-31,-0.11625,4,0.009,0
2026-03-11,16:56:09.218555,279096,9,0.03375,-34,-0.1275,4,0.009,0
2026-03-11,16:56:09.218555,279629,4,0.015,-29,-0.10875,4,0.009,0
2026-03-11,16:56:09.218555,280159,-4,-0.015,-31,-0.11625,3,0.00675,0
2026-03-11,16:56:09.218555,280690,6,0.0225,-38,-0.1425,4,0.009,0
2026-03-11,16:56:09.218555,281220,7,0.02625,-27,-0.10125,4,0.009,0
2026-03-11,16:56:11.986658,281898,2,0.0075,-31,-0.11625,3,0.00675,0
2026-03-11,16:56:11.986658,282428,7,0.02625,-29,-0.10875,3,0.00675,0
2026-03-11,16:56:11.986658,282959,1,0.00375,-24,-0.09,3,0.00675,0
2026-03-11,16:56:11.986658,283489,7,0.02625,-35,-0.13125,4,0.009,0
2026-03-11,16:56:11.986658,284020,7,0.02625,-32,-0.12,4,0.009,0
2026-03-11,16:56:14.833271,284699,6,0.0225,-26,-0.0975,4,0.009,0
2026-03-11,16:56:14.833271,285230,0,0,-31,-0.11625,4,0.009,0
2026-03-11,16:56:14.833271,285763,9,0.03375,-28,-0.105,2,0.0045,0
2026-03-11,16:56:14.833271,286293,10,0.0375,-32,-0.12,4,0.009,0
2026-03-11,16:56:14.833271,286824,7,0.02625,-30,-0.1125,2,0.0045,0
2026-03-11,16:56:17.601153,287518,6,0.0225,-36,-0.135,3,0.00675,0
2026-03-11,16:56:17.601153,288049,4,0.015,-25,-0.09375,3,0.00675,0
2026-03-11,16:56:17.601153,288579,15,0.05625,-28,-0.105,3,0.00675,0
2026-03-11,16:56:17.601153,289110,1,0.00375,-29,-0.10875,4,0.009,0
2026-03-11,16:56:17.601153,289640,5,0.01875,-31,-0.11625,5,0.01125,0
2026-03-11,16:56:20.448417,290318,22,0.0825,-28,-0.105,4,0.009,0
2026-03-11,16:56:20.448417,290848,1,0.00375,-35,-0.13125,3,0.00675,0
2026-03-11,16:56:20.448417,291379,6,0.0225,-35,-0.13125,4,0.009,0
2026-03-11,16:56:20.448417,291912,3,0.01125,-33,-0.12375,2,0.0045,0
2026-03-11,16:56:20.448417,292442,5,0.01875,-34,-0.1275,3,0.00675,0
2026-03-11,16:56:23.257257,293159,16,0.06,-36,-0.135,2,0.0045,0
2026-03-11,16:56:23.257257,293689,4,0.015,-35,-0.13125,4,0.009,0
2026-03-11,16:56:23.257257,294220,9,0.03375,-29,-0.10875,4,0.009,0
2026-03-11,16:56:23.257257,294750,10,0.0375,-27,-0.10125,4,0.009,0
2026-03-11,16:56:23.257257,295283,12,0.045,-27,-0.10125,3,0.00675,0
2026-03-11,16:56:26.109068,295962,13,0.04875,-25,-0.09375,3,0.00675,0
2026-03-11,16:56:26.109068,296493,14,0.0525,-24,-0.09,3,0.00675,0
2026-03-11,16:56:26.109068,297023,-4,-0.015,-28,-0.105,4,0.009,0
2026-03-11,16:56:26.109068,297554,0,0,-32,-0.12,5,0.01125,0
2026-03-11,16:56:26.109068,298088,3,0.01125,-31,-0.11625,4,0.009,0
2026-03-11,16:56:28.927346,298782,6,0.0225,-26,-0.0975,2,0.0045,0
2026-03-11,16:56:28.927346,299313,2,0.0075,-28,-0.105,4,0.009,0
2026-03-11,16:56:28.927346,299843,5,0.01875,-30,-0.1125,4,0.009,0
2026-03-11,16:56:28.927346,300374,6,0.0225,-28,-0.105,4,0.009,0
2026-03-11,16:56:28.927346,300904,3,0.01125,-29,-0.10875,5,0.01125,0
2026-03-11,16:56:31.712868,301584,12,0.045,-27,-0.10125,4,0.009,0
2026-03-11,16:56:31.712868,302114,10,0.0375,-33,-0.12375,3,0.00675,0
2026-03-11,16:56:31.712868,302644,5,0.01875,-27,-0.10125,3,0.00675,0
2026-03-11,16:56:31.712868,303175,9,0.03375,-28,-0.105,3,0.00675,0
2026-03-11,16:56:31.712868,303705,3,0.01125,-29,-0.10875,4,0.009,0
2026-03-11,16:56:34.480396,304383,-1,-0.00375,-26,-0.0975,3,0.00675,0
2026-03-11,16:56:34.480396,304914,2,0.0075,-32,-0.12,3,0.00675,0
2026-03-11,16:56:34.480396,305445,3,0.01125,-34,-0.1275,4,0.009,0
2026-03-11,16:56:34.480396,305976,7,0.02625,-35,-0.13125,4,0.009,0
2026-03-11,16:56:34.480396,306506,7,0.02625,-32,-0.12,3,0.00675,0
2026-03-11,16:56:37.263642,307184,4,0.015,-40,-0.15,3,0.00675,0
2026-03-11,16:56:37.263642,307715,7,0.02625,-41,-0.15375,4,0.009,0
2026-03-11,16:56:37.263642,308245,10,0.0375,-26,-0.0975,5,0.01125,0
2026-03-11,16:56:37.263642,308776,6,0.0225,-37,-0.13875,4,0.009,0
2026-03-11,16:56:37.263642,309306,7,0.02625,-28,-0.105,3,0.00675,0
2026-03-11,16:56:40.103948,309984,3,0.01125,-32,-0.12,3,0.00675,0
2026-03-11,16:56:40.103948,310514,10,0.0375,-36,-0.135,3,0.00675,0
2026-03-11,16:56:40.103948,311045,7,0.02625,-26,-0.0975,3,0.00675,0
2026-03-11,16:56:40.103948,311578,5,0.01875,-44,-0.165,3,0.00675,0
2026-03-11,16:56:40.103948,312113,11,0.04125,-27,-0.10125,3,0.00675,0
2026-03-11,16:56:42.897972,312811,3,0.01125,-16,-0.06,3,0.00675,0
2026-03-11,16:56:42.897972,313341,12,0.045,-28,-0.105,3,0.00675,0
2026-03-11,16:56:42.897972,313872,12,0.045,-27,-0.10125,2,0.0045,0
2026-03-11,16:56:42.897972,314402,6,0.0225,-35,-0.13125,3,0.00675,0
2026-03-11,16:56:42.897972,314933,4,0.015,-35,-0.13125,3,0.00675,0
2026-03-11,16:56:45.744400,315611,9,0.03375,-29,-0.10875,3,0.00675,0
2026-03-11,16:56:45.744400,316141,5,0.01875,-29,-0.10875,3,0.00675,0
2026-03-11,16:56:45.744400,316671,3,0.01125,-28,-0.105,4,0.009,0
2026-03-11,16:56:45.744400,317202,1,0.00375,-33,-0.12375,3,0.00675,0
2026-03-11,16:56:45.744400,317734,3,0.01125,-33,-0.12375,4,0.009,0
2026-03-11,16:56:48.504457,318412,11,0.04125,-31,-0.11625,3,0.00675,0
2026-03-11,16:56:48.504457,318945,14,0.0525,-16,-0.06,4,0.009,0
2026-03-11,16:56:48.504457,319476,5,0.01875,-32,-0.12,4,0.009,0
2026-03-11,16:56:48.504457,320006,5,0.01875,-24,-0.09,3,0.00675,0
2026-03-11,16:56:48.504457,320537,5,0.01875,-31,-0.11625,3,0.00675,0
2026-03-11,16:56:51.291573,321214,0,0,-37,-0.13875,3,0.00675,0
2026-03-11,16:56:51.291573,321745,7,0.02625,-32,-0.12,3,0.00675,0
2026-03-11,16:56:51.291573,322275,6,0.0225,-27,-0.10125,3,0.00675,0
2026-03-11,16:56:51.291573,322806,12,0.045,-32,-0.12,2,0.0045,0
2026-03-11,16:56:51.291573,323336,3,0.01125,-28,-0.105,4,0.009,0
2026-03-11,16:56:54.135213,324016,8,0.03,-30,-0.1125,4,0.009,0
2026-03-11,16:56:54.135213,324546,6,0.0225,-27,-0.10125,4,0.009,0
2026-03-11,16:56:54.135213,325079,11,0.04125,-28,-0.105,3,0.00675,0
2026-03-11,16:56:54.135213,325610,0,0,-30,-0.1125,4,0.009,0
2026-03-11,16:56:54.135213,326140,7,0.02625,-31,-0.11625,4,0.009,0
2026-03-11,16:56:56.907882,326818,7,0.02625,-37,-0.13875,4,0.009,0
2026-03-11,16:56:56.907882,327348,8,0.03,-30,-0.1125,3,0.00675,0
2026-03-11,16:56:56.907882,327879,-1,-0.00375,-34,-0.1275,3,0.00675,0
2026-03-11,16:56:56.907882,328409,4,0.015,-37,-0.13875,3,0.00675,0
2026-03-11,16:56:56.907882,328940,3,0.01125,-35,-0.13125,4,0.009,0
2026-03-11,16:57:01.935881,329617,2,0.0075,-36,-0.135,3,0.00675,0
2026-03-11,16:57:01.935881,330148,11,0.04125,-38,-0.1425,4,0.009,0
2026-03-11,16:57:01.935881,330678,-6,-0.0225,-30,-0.1125,3,0.00675,0
2026-03-11,16:57:01.935881,331209,3,0.01125,-38,-0.1425,3,0.00675,0
2026-03-11,16:57:01.935881,331739,13,0.04875,-35,-0.13125,3,0.00675,0
2026-03-11,16:57:04.682401,334568,2,0.0075,-31,-0.11625,4,0.009,0
2026-03-11,16:57:04.682401,335099,5,0.01875,-30,-0.1125,3,0.00675,0
2026-03-11,16:57:04.682401,335630,5,0.01875,-29,-0.10875,3,0.00675,0
2026-03-11,16:57:04.682401,336163,4,0.015,-26,-0.0975,2,0.0045,0
2026-03-11,16:57:04.682401,336693,10,0.0375,-27,-0.10125,3,0.00675,0
2026-03-11,16:57:10.092882,337406,6,0.0225,-24,-0.09,4,0.009,0
2026-03-11,16:57:10.092882,337936,8,0.03,-31,-0.11625,3,0.00675,0
2026-03-11,16:57:10.092882,338467,9,0.03375,-34,-0.1275,3,0.00675,0
2026-03-11,16:57:10.092882,338997,13,0.04875,-36,-0.135,4,0.009,0
2026-03-11,16:57:10.092882,339530,9,0.03375,-31,-0.11625,4,0.009,0
2026-03-11,16:57:12.799488,342722,9,0.03375,-30,-0.1125,4,0.009,0
2026-03-11,16:57:12.799488,343253,3,0.01125,-37,-0.13875,2,0.0045,0
2026-03-11,16:57:12.799488,343783,3,0.01125,-33,-0.12375,3,0.00675,0
2026-03-11,16:57:12.799488,344314,6,0.0225,-37,-0.13875,3,0.00675,0
2026-03-11,16:57:12.799488,344844,3,0.01125,-35,-0.13125,4,0.009,0
2026-03-11,16:57:15.643456,345523,8,0.03,-35,-0.13125,3,0.00675,0
2026-03-11,16:57:15.643456,346054,3,0.01125,-34,-0.1275,3,0.00675,0
2026-03-11,16:57:15.643456,346587,3,0.01125,-31,-0.11625,3,0.00675,0
2026-03-11,16:57:15.643456,347118,5,0.01875,-37,-0.13875,4,0.009,0
2026-03-11,16:57:15.643456,347648,3,0.01125,-47,-0.17625,3,0.00675,0
2026-03-11,16:57:18.405913,348326,-2,-0.0075,-38,-0.1425,3,0.00675,0
2026-03-11,16:57:18.405913,348857,-2,-0.0075,-28,-0.105,4,0.009,0
2026-03-11,16:57:18.405913,349387,0,0,-43,-0.16125,4,0.009,0
2026-03-11,16:57:18.405913,349918,5,0.01875,-30,-0.1125,3,0.00675,0
2026-03-11,16:57:18.405913,350448,2,0.0075,-31,-0.11625,4,0.009,0
2026-03-11,16:57:21.200776,351126,5,0.01875,-37,-0.13875,4,0.009,0
2026-03-11,16:57:21.200776,351656,5,0.01875,-35,-0.13125,4,0.009,0
2026-03-11,16:57:21.200776,352187,6,0.0225,-26,-0.0975,3,0.00675,0
2026-03-11,16:57:21.200776,352717,6,0.0225,-34,-0.1275,3,0.00675,0
2026-03-11,16:57:21.200776,353248,4,0.015,-31,-0.11625,4,0.009,0
2026-03-11,16:57:24.046058,353925,6,0.0225,-29,-0.10875,3,0.00675,0
2026-03-11,16:57:24.046058,354456,7,0.02625,-31,-0.11625,4,0.009,0
2026-03-11,16:57:24.046058,354989,3,0.01125,-42,-0.1575,2,0.0045,0
2026-03-11,16:57:24.046058,355520,-1,-0.00375,-38,-0.1425,3,0.00675,0
2026-03-11,16:57:24.046058,356050,3,0.01125,-27,-0.10125,5,0.01125,0
2026-03-11,16:57:26.833106,356745,7,0.02625,-41,-0.15375,4,0.009,0
2026-03-11,16:57:26.833106,357275,6,0.0225,-39,-0.14625,4,0.009,0
2026-03-11,16:57:26.833106,357806,11,0.04125,-26,-0.0975,3,0.00675,0
2026-03-11,16:57:26.833106,358336,3,0.01125,-31,-0.11625,4,0.009,0
2026-03-11,16:57:26.833106,358869,6,0.0225,-26,-0.0975,4,0.009,0
2026-03-11,16:57:29.666716,359547,8,0.03,-34,-0.1275,3,0.00675,0
2026-03-11,16:57:29.666716,360078,3,0.01125,-29,-0.10875,4,0.009,0
2026-03-11,16:57:29.666716,360608,9,0.03375,-40,-0.15,3,0.00675,0
2026-03-11,16:57:29.666716,361139,3,0.01125,-40,-0.15,3,0.00675,0
2026-03-11,16:57:29.666716,361670,7,0.02625,-41,-0.15375,4,0.009,0
2026-03-11,16:57:32.442563,362348,14,0.0525,-41,-0.15375,5,0.01125,0
2026-03-11,16:57:32.442563,362881,11,0.04125,-32,-0.12,3,0.00675,0
2026-03-11,16:57:32.442563,363411,10,0.0375,-34,-0.1275,4,0.009,0
2026-03-11,16:57:32.442563,363942,12,0.045,-41,-0.15375,4,0.009,0
2026-03-11,16:57:32.442563,364472,2,0.0075,-27,-0.10125,3,0.00675,0
2026-03-11,16:57:35.223340,365150,8,0.03,-34,-0.1275,4,0.009,0
2026-03-11,16:57:35.223340,365680,-1,-0.00375,-32,-0.12,4,0.009,0
2026-03-11,16:57:35.223340,366211,12,0.045,-33,-0.12375,3,0.00675,0
2026-03-11,16:57:35.223340,366741,10,0.0375,-36,-0.135,3,0.00675,0
2026-03-11,16:57:35.223340,367272,6,0.0225,-26,-0.0975,3,0.00675,0
2026-03-11,16:57:38.055795,367951,3,0.01125,-33,-0.12375,3,0.00675,0
2026-03-11,16:57:38.055795,368482,5,0.01875,-34,-0.1275,4,0.009,0
2026-03-11,16:57:38.055795,369015,1,0.00375,-37,-0.13875,4,0.009,0
2026-03-11,16:57:38.055795,369545,2,0.0075,-38,-0.1425,3,0.00675,0
2026-03-11,16:57:38.055795,370076,11,0.04125,-36,-0.135,4,0.009,0
2026-03-11,16:57:40.835845,370755,-2,-0.0075,-35,-0.13125,3,0.00675,0
2026-03-11,16:57:40.835845,371285,4,0.015,-33,-0.12375,3,0.00675,0
2026-03-11,16:57:40.835845,371816,4,0.015,-35,-0.13125,3,0.00675,0
2026-03-11,16:57:40.835845,372346,10,0.0375,-32,-0.12,4,0.009,0
2026-03-11,16:57:40.835845,372877,14,0.0525,-37,-0.13875,3,0.00675,0
2026-03-11,16:57:43.628103,373556,9,0.03375,-33,-0.12375,3,0.00675,0
2026-03-11,16:57:43.628103,374086,11,0.04125,-31,-0.11625,4,0.009,0
2026-03-11,16:57:43.628103,374617,19,0.07125,-32,-0.12,4,0.009,0
2026-03-11,16:57:43.628103,375147,8,0.03,-28,-0.105,3,0.00675,0
2026-03-11,16:57:43.628103,375678,11,0.04125,-30,-0.1125,5,0.01125,0
2026-03-11,16:57:46.452728,376356,2,0.0075,-31,-0.11625,3,0.00675,0
2026-03-11,16:57:46.452728,376887,5,0.01875,-26,-0.0975,3,0.00675,0
2026-03-11,16:57:46.452728,377417,-2,-0.0075,-27,-0.10125,4,0.009,0
2026-03-11,16:57:46.452728,377949,8,0.03,-29,-0.10875,4,0.009,0
2026-03-11,16:57:46.452728,378480,5,0.01875,-37,-0.13875,4,0.009,0
2026-03-11,16:57:49.231767,379158,9,0.03375,-32,-0.12,4,0.009,0
2026-03-11,16:57:49.231767,379688,10,0.0375,-36,-0.135,4,0.009,0
2026-03-11,16:57:49.231767,380219,6,0.0225,-34,-0.1275,3,0.00675,0
2026-03-11,16:57:49.231767,380749,8,0.03,-30,-0.1125,4,0.009,0
2026-03-11,16:57:49.231767,381280,10,0.0375,-33,-0.12375,2,0.0045,0
2026-03-11,16:57:52.098659,381958,12,0.045,-33,-0.12375,4,0.009,0
2026-03-11,16:57:52.098659,382489,4,0.015,-35,-0.13125,3,0.00675,0
2026-03-11,16:57:52.098659,383019,3,0.01125,-30,-0.1125,4,0.009,0
2026-03-11,16:57:52.098659,383550,14,0.0525,-36,-0.135,3,0.00675,0
2026-03-11,16:57:52.098659,384083,1,0.00375,-28,-0.105,4,0.009,0
2026-03-11,16:57:54.859845,384761,6,0.0225,-31,-0.11625,2,0.0045,0
2026-03-11,16:57:54.859845,385294,6,0.0225,-31,-0.11625,3,0.00675,0
2026-03-11,16:57:54.859845,385825,2,0.0075,-40,-0.15,3,0.00675,0
2026-03-11,16:57:54.859845,386356,19,0.07125,-38,-0.1425,4,0.009,0
2026-03-11,16:57:54.859845,386886,10,0.0375,-33,-0.12375,3,0.00675,0
2026-03-11,16:57:57.649632,387565,6,0.0225,-29,-0.10875,3,0.00675,0
2026-03-11,16:57:57.649632,388095,7,0.02625,-32,-0.12,3,0.00675,0
2026-03-11,16:57:57.649632,388626,8,0.03,-30,-0.1125,3,0.00675,0
2026-03-11,16:57:57.649632,389156,12,0.045,-37,-0.13875,4,0.009,0
2026-03-11,16:57:57.649632,389687,12,0.045,-40,-0.15,3,0.00675,0
2026-03-11,16:58:00.495327,390367,5,0.01875,-33,-0.12375,4,0.009,0
2026-03-11,16:58:00.495327,390898,3,0.01125,-36,-0.135,4,0.009,0
2026-03-11,16:58:00.495327,391428,12,0.045,-35,-0.13125,3,0.00675,0
2026-03-11,16:58:00.495327,391959,6,0.0225,-34,-0.1275,4,0.009,0
2026-03-11,16:58:00.495327,392489,8,0.03,-38,-0.1425,3,0.00675,0
2026-03-11,16:58:03.280840,393198,7,0.02625,-36,-0.135,4,0.009,0
2026-03-11,16:58:03.280840,393729,2,0.0075,-32,-0.12,3,0.00675,0
2026-03-11,16:58:03.280840,394259,7,0.02625,-41,-0.15375,5,0.01125,0
2026-03-11,16:58:03.280840,394790,4,0.015,-29,-0.10875,3,0.00675,0
2026-03-11,16:58:03.280840,395320,0,0,-33,-0.12375,3,0.00675,0
2026-03-11,16:58:06.128483,395998,7,0.02625,-36,-0.135,5,0.01125,0
2026-03-11,16:58:06.128483,396528,-5,-0.01875,-34,-0.1275,4,0.009,0
2026-03-11,16:58:06.128483,397059,8,0.03,-35,-0.13125,2,0.0045,0
2026-03-11,16:58:06.128483,397592,9,0.03375,-36,-0.135,2,0.0045,0
2026-03-11,16:58:06.128483,398122,8,0.03,-32,-0.12,3,0.00675,0
2026-03-11,16:58:08.886906,398800,3,0.01125,-39,-0.14625,3,0.00675,0
2026-03-11,16:58:08.886906,399330,14,0.0525,-35,-0.13125,3,0.00675,0
2026-03-11,16:58:08.886906,399861,5,0.01875,-35,-0.13125,3,0.00675,0
2026-03-11,16:58:08.886906,400391,6,0.0225,-40,-0.15,4,0.009,0
2026-03-11,16:58:08.886906,400922,9,0.03375,-35,-0.13125,3,0.00675,0
2026-03-11,16:58:11.675153,401600,7,0.02625,-36,-0.135,3,0.00675,0
2026-03-11,16:58:11.675153,402130,10,0.0375,-39,-0.14625,3,0.00675,0
2026-03-11,16:58:11.675153,402661,15,0.05625,-32,-0.12,4,0.009,0
2026-03-11,16:58:11.675153,403191,16,0.06,-35,-0.13125,4,0.009,0
2026-03-11,16:58:11.675153,403724,11,0.04125,-39,-0.14625,3,0.00675,0
2026-03-11,16:58:14.511755,404403,9,0.03375,-39,-0.14625,3,0.00675,0
2026-03-11,16:58:14.511755,404933,6,0.0225,-35,-0.13125,4,0.009,0
2026-03-11,16:58:14.511755,405464,9,0.03375,-37,-0.13875,4,0.009,0
2026-03-11,16:58:14.511755,405994,7,0.02625,-39,-0.14625,4,0.009,0
2026-03-11,16:58:14.511755,406525,7,0.02625,-31,-0.11625,3,0.00675,0
2026-03-11,16:58:17.301994,407203,2,0.0075,-31,-0.11625,5,0.01125,0
2026-03-11,16:58:17.301994,407736,7,0.02625,-35,-0.13125,3,0.00675,0
2026-03-11,16:58:17.301994,408266,2,0.0075,-34,-0.1275,3,0.00675,0
2026-03-11,16:58:17.301994,408797,9,0.03375,-36,-0.135,3,0.00675,0
2026-03-11,16:58:17.301994,409327,1,0.00375,-41,-0.15375,3,0.00675,0
2026-03-11,16:58:20.251775,410106,5,0.01875,-39,-0.14625,3,0.00675,0
2026-03-11,16:58:20.251775,410636,5,0.01875,-38,-0.1425,4,0.009,0
2026-03-11,16:58:20.251775,411167,9,0.03375,-36,-0.135,3,0.00675,0
2026-03-11,16:58:20.251775,411698,1,0.00375,-35,-0.13125,4,0.009,0
2026-03-11,16:58:20.251775,412228,5,0.01875,-39,-0.14625,3,0.00675,0
2026-03-11,16:58:23.050950,412972,10,0.0375,-32,-0.12,2,0.0045,0
2026-03-11,16:58:23.050950,413503,17,0.06375,-35,-0.13125,3,0.00675,0
2026-03-11,16:58:23.050950,414033,10,0.0375,-39,-0.14625,3,0.00675,0
2026-03-11,16:58:23.050950,414564,10,0.0375,-40,-0.15,3,0.00675,0
2026-03-11,16:58:23.050950,415097,7,0.02625,-38,-0.1425,4,0.009,0
2026-03-11,16:58:25.887578,415775,8,0.03,-33,-0.12375,3,0.00675,0
2026-03-11,16:58:25.887578,416305,8,0.03,-39,-0.14625,2,0.0045,0
2026-03-11,16:58:25.887578,416836,8,0.03,-36,-0.135,3,0.00675,0
2026-03-11,16:58:25.887578,417366,-1,-0.00375,-36,-0.135,3,0.00675,0
2026-03-11,16:58:25.887578,417897,5,0.01875,-34,-0.1275,4,0.009,0
2026-03-11,16:58:28.654780,418574,3,0.01125,-33,-0.12375,4,0.009,0
2026-03-11,16:58:28.654780,419108,7,0.02625,-39,-0.14625,3,0.00675,0
2026-03-11,16:58:28.654780,419638,10,0.0375,-30,-0.1125,2,0.0045,0
2026-03-11,16:58:28.654780,420169,11,0.04125,-25,-0.09375,5,0.01125,0
2026-03-11,16:58:28.654780,420699,8,0.03,-36,-0.135,4,0.009,0
2026-03-11,16:58:31.449227,421377,10,0.0375,-36,-0.135,3,0.00675,0
2026-03-11,16:58:31.449227,421907,5,0.01875,-40,-0.15,3,0.00675,0
2026-03-11,16:58:31.449227,422438,3,0.01125,-41,-0.15375,4,0.009,0
2026-03-11,16:58:31.449227,422968,9,0.03375,-32,-0.12,3,0.00675,0
2026-03-11,16:58:31.449227,423499,-2,-0.0075,-38,-0.1425,2,0.0045,0
2026-03-11,16:58:34.281620,424179,7,0.02625,-42,-0.1575,3,0.00675,0
2026-03-11,16:58:34.281620,424710,17,0.06375,-39,-0.14625,3,0.00675,0
2026-03-11,16:58:34.281620,425243,7,0.02625,-46,-0.1725,3,0.00675,0
2026-03-11,16:58:34.281620,425773,17,0.06375,-33,-0.12375,4,0.009,0
2026-03-11,16:58:34.281620,426308,7,0.02625,-41,-0.15375,3,0.00675,0
2026-03-11,16:58:37.057355,426986,11,0.04125,-39,-0.14625,3,0.00675,0
2026-03-11,16:58:37.057355,427516,9,0.03375,-36,-0.135,3,0.00675,0
2026-03-11,16:58:37.057355,428047,13,0.04875,-35,-0.13125,5,0.01125,0
2026-03-11,16:58:37.057355,428577,10,0.0375,-39,-0.14625,2,0.0045,0
2026-03-11,16:58:37.057355,429108,6,0.0225,-34,-0.1275,3,0.00675,0
2026-03-11,16:58:39.904758,429785,9,0.03375,-37,-0.13875,3,0.00675,0
2026-03-11,16:58:39.904758,430316,11,0.04125,-32,-0.12,3,0.00675,0
2026-03-11,16:58:39.904758,430846,9,0.03375,-38,-0.1425,4,0.009,0
2026-03-11,16:58:39.904758,431379,5,0.01875,-39,-0.14625,4,0.009,0
2026-03-11,16:58:39.904758,431910,7,0.02625,-41,-0.15375,2,0.0045,0
2026-03-11,16:58:42.664402,432587,6,0.0225,-40,-0.15,3,0.00675,0
2026-03-11,16:58:42.664402,433118,8,0.03,-33,-0.12375,2,0.0045,0
2026-03-11,16:58:42.664402,433649,0,0,-41,-0.15375,3,0.00675,0
2026-03-11,16:58:42.664402,434179,8,0.03,-38,-0.1425,3,0.00675,0
2026-03-11,16:58:42.664402,434710,8,0.03,-37,-0.13875,4,0.009,0
2026-03-11,16:58:45.470340,435387,3,0.01125,-34,-0.1275,3,0.00675,0
2026-03-11,16:58:45.470340,435918,10,0.0375,-37,-0.13875,3,0.00675,0
2026-03-11,16:58:45.470340,436448,4,0.015,-41,-0.15375,3,0.00675,0
2026-03-11,16:58:45.470340,436979,9,0.03375,-37,-0.13875,3,0.00675,0
2026-03-11,16:58:45.470340,437509,6,0.0225,-31,-0.11625,3,0.00675,0
2026-03-11,16:58:48.297705,438187,9,0.03375,-30,-0.1125,4,0.009,0
2026-03-11,16:58:48.297705,438718,-4,-0.015,-39,-0.14625,4,0.009,0
2026-03-11,16:58:48.297705,439248,6,0.0225,-38,-0.1425,3,0.00675,0
2026-03-11,16:58:48.297705,439779,3,0.01125,-38,-0.1425,4,0.009,0
2026-03-11,16:58:48.297705,440311,3,0.01125,-28,-0.105,3,0.00675,0
2026-03-11,16:58:51.074518,440989,10,0.0375,-35,-0.13125,3,0.00675,0
2026-03-11,16:58:51.074518,441522,19,0.07125,-35,-0.13125,3,0.00675,0
2026-03-11,16:58:51.074518,442052,10,0.0375,-36,-0.135,3,0.00675,0
2026-03-11,16:58:51.074518,442583,6,0.0225,-39,-0.14625,3,0.00675,0
2026-03-11,16:58:51.074518,443114,3,0.01125,-33,-0.12375,4,0.009,0
2026-03-11,16:58:53.860994,443791,9,0.03375,-32,-0.12,4,0.009,0
2026-03-11,16:58:53.860994,444322,8,0.03,-36,-0.135,4,0.009,0
2026-03-11,16:58:53.860994,444852,12,0.045,-38,-0.1425,5,0.01125,0
2026-03-11,16:58:53.860994,445383,13,0.04875,-41,-0.15375,4,0.009,0
2026-03-11,16:58:53.860994,445913,11,0.04125,-29,-0.10875,4,0.009,0
2026-03-11,16:58:56.705700,446594,12,0.045,-42,-0.1575,3,0.00675,0
2026-03-11,16:58:56.705700,447124,9,0.03375,-33,-0.12375,2,0.0045,0
2026-03-11,16:58:56.705700,447658,9,0.03375,-44,-0.165,3,0.00675,0
2026-03-11,16:58:56.705700,448188,11,0.04125,-41,-0.15375,4,0.009,0
2026-03-11,16:58:56.705700,448719,8,0.03,-31,-0.11625,4,0.009,0
2026-03-11,16:58:59.475215,449396,9,0.03375,-39,-0.14625,3,0.00675,0
2026-03-11,16:58:59.475215,449927,4,0.015,-28,-0.105,4,0.009,0
2026-03-11,16:58:59.475215,450457,16,0.06,-35,-0.13125,3,0.00675,0
2026-03-11,16:58:59.475215,450988,1,0.00375,-33,-0.12375,4,0.009,0
2026-03-11,16:58:59.475215,451518,15,0.05625,-33,-0.12375,5,0.01125,0
2026-03-11,17:35:37.336781,0,-12,-0.045,-8,-0.03,3,0.00675,0
2026-03-11,17:35:37.336781,599,-3,-0.01125,-17,-0.06375,3,0.00675,0
2026-03-11,17:35:37.336781,1129,-2,-0.0075,-6,-0.0225,3,0.00675,0
2026-03-11,17:35:37.336781,1659,-4,-0.015,-10,-0.0375,3,0.00675,0
2026-03-11,17:35:37.336781,2189,-5,-0.01875,-5,-0.01875,4,0.009,0
2026-03-11,17:35:40.056000,3353,9,0.03375,-5,-0.01875,4,0.009,0
2026-03-11,17:35:40.056000,3883,-3,-0.01125,-10,-0.0375,4,0.009,0
2026-03-11,17:35:40.056000,4413,-11,-0.04125,-9,-0.03375,5,0.01125,0
2026-03-11,17:35:40.056000,4944,-7,-0.02625,-12,-0.045,4,0.009,0
2026-03-11,17:35:40.056000,5473,-3,-0.01125,-9,-0.03375,2,0.0045,0
2026-03-11,17:35:42.886713,6152,-4,-0.015,-10,-0.0375,3,0.00675,0
2026-03-11,17:35:42.886713,6682,-8,-0.03,-11,-0.04125,3,0.00675,0
2026-03-11,17:35:42.886713,7212,-12,-0.045,-16,-0.06,5,0.01125,0
2026-03-11,17:35:42.886713,7743,-14,-0.0525,-8,-0.03,3,0.00675,0
2026-03-11,17:35:42.886713,8274,-7,-0.02625,-13,-0.04875,3,0.00675,0
2026-03-11,17:35:45.683621,8994,0,0,-10,-0.0375,3,0.00675,0
2026-03-11,17:35:45.683621,9525,-6,-0.0225,-4,-0.015,3,0.00675,0
2026-03-11,17:35:45.683621,10055,-2,-0.0075,-3,-0.01125,2,0.0045,0
2026-03-11,17:35:45.683621,10586,-10,-0.0375,-1,-0.00375,4,0.009,0
2026-03-11,17:35:45.683621,11116,11,0.04125,-9,-0.03375,3,0.00675,0
2026-03-11,17:35:48.512016,11795,-4,-0.015,-8,-0.03,4,0.009,0
2026-03-11,17:35:48.512016,12326,-2,-0.0075,-13,-0.04875,4,0.009,0
2026-03-11,17:35:48.512016,12859,-1,-0.00375,-12,-0.045,4,0.009,0
2026-03-11,17:35:48.512016,13389,1,0.00375,-10,-0.0375,4,0.009,0
2026-03-11,17:35:48.512016,13920,-6,-0.0225,-12,-0.045,3,0.00675,0
2026-03-11,17:35:54.473053,14600,-9,-0.03375,-13,-0.04875,3,0.00675,0
2026-03-11,17:35:54.473053,15130,-2,-0.0075,-13,-0.04875,3,0.00675,0
2026-03-11,17:35:54.473053,15661,0,0,-14,-0.0525,3,0.00675,0
2026-03-11,17:35:54.473053,16191,0,0,-15,-0.05625,3,0.00675,0
2026-03-11,17:35:54.473053,16721,-1,-0.00375,-11,-0.04125,3,0.00675,0
2026-03-11,17:35:57.217565,20494,-7,-0.02625,-15,-0.05625,4,0.009,0
2026-03-11,17:35:57.217565,21024,-2,-0.0075,-6,-0.0225,3,0.00675,0
2026-03-11,17:35:57.217565,21555,-7,-0.02625,-4,-0.015,4,0.009,0
2026-03-11,17:35:57.217565,22088,-6,-0.0225,-7,-0.02625,3,0.00675,0
2026-03-11,17:35:57.217565,22618,-7,-0.02625,-12,-0.045,3,0.00675,0
2026-03-11,17:35:59.993089,23298,0,0,-15,-0.05625,4,0.009,0
2026-03-11,17:35:59.993089,23828,2,0.0075,-11,-0.04125,3,0.00675,0
2026-03-11,17:35:59.993089,24359,2,0.0075,-6,-0.0225,2,0.0045,0
2026-03-11,17:35:59.993089,24889,-9,-0.03375,-8,-0.03,4,0.009,0
2026-03-11,17:35:59.993089,25420,-7,-0.02625,-15,-0.05625,3,0.00675,0
2026-03-11,17:36:02.794079,26100,9,0.03375,-12,-0.045,4,0.009,0
2026-03-11,17:36:02.794079,26630,-14,-0.0525,-12,-0.045,4,0.009,0
2026-03-11,17:36:02.794079,27161,-14,-0.0525,-9,-0.03375,3,0.00675,0
2026-03-11,17:36:02.794079,27691,-9,-0.03375,-12,-0.045,4,0.009,0
2026-03-11,17:36:02.794079,28224,7,0.02625,-14,-0.0525,3,0.00675,0
2026-03-11,17:36:05.617703,28902,-6,-0.0225,-12,-0.045,4,0.009,0
2026-03-11,17:36:05.617703,29432,0,0,-8,-0.03,4,0.009,0
2026-03-11,17:36:05.617703,29963,-3,-0.01125,-14,-0.0525,3,0.00675,0
2026-03-11,17:36:05.617703,30493,-8,-0.03,-18,-0.0675,3,0.00675,0
2026-03-11,17:36:05.617703,31024,-4,-0.015,-13,-0.04875,4,0.009,0
2026-03-11,17:36:08.421496,31704,-12,-0.045,-14,-0.0525,4,0.009,0
2026-03-11,17:36:08.421496,32236,-5,-0.01875,-11,-0.04125,3,0.00675,0
2026-03-11,17:36:08.421496,32767,-11,-0.04125,-7,-0.02625,3,0.00675,0
2026-03-11,17:36:08.421496,33298,-6,-0.0225,-10,-0.0375,4,0.009,0
2026-03-11,17:36:08.421496,33828,-9,-0.03375,-8,-0.03,2,0.0045,0
2026-03-11,17:36:11.275525,34508,-3,-0.01125,-14,-0.0525,4,0.009,0
2026-03-11,17:36:11.275525,35039,-8,-0.03,-10,-0.0375,1,0.00225,0
2026-03-11,17:36:11.275525,35569,-6,-0.0225,-16,-0.06,2,0.0045,0
2026-03-11,17:36:11.275525,36100,0,0,-20,-0.075,3,0.00675,0
2026-03-11,17:36:11.275525,36631,3,0.01125,-19,-0.07125,3,0.00675,0
2026-03-11,17:36:14.040310,37347,-5,-0.01875,-16,-0.06,4,0.009,0
2026-03-11,17:36:14.040310,37878,-1,-0.00375,-10,-0.0375,4,0.009,0
2026-03-11,17:36:14.040310,38408,-3,-0.01125,-17,-0.06375,3,0.00675,0
2026-03-11,17:36:14.040310,38939,1,0.00375,-20,-0.075,3,0.00675,0
2026-03-11,17:36:14.040310,39469,-4,-0.015,-11,-0.04125,4,0.009,0
2026-03-11,17:36:16.897258,40149,-10,-0.0375,-7,-0.02625,4,0.009,0
2026-03-11,17:36:16.897258,40680,-10,-0.0375,-17,-0.06375,4,0.009,0
2026-03-11,17:36:16.897258,41210,-3,-0.01125,-10,-0.0375,2,0.0045,0
2026-03-11,17:36:16.897258,41743,-7,-0.02625,-22,-0.0825,3,0.00675,0
2026-03-11,17:36:16.897258,42274,-9,-0.03375,-21,-0.07875,3,0.00675,0
2026-03-11,17:36:19.676599,42981,-6,-0.0225,-10,-0.0375,5,0.01125,0
2026-03-11,17:36:19.676599,43511,0,0,-19,-0.07125,4,0.009,0
2026-03-11,17:36:19.676599,44042,-5,-0.01875,-14,-0.0525,3,0.00675,0
2026-03-11,17:36:19.676599,44572,-6,-0.0225,-23,-0.08625,4,0.009,0
2026-03-11,17:36:19.676599,45103,5,0.01875,-26,-0.0975,4,0.009,0
2026-03-11,17:36:31.333702,45781,-9,-0.03375,-17,-0.06375,4,0.009,0
2026-03-11,17:36:31.333702,46311,-5,-0.01875,-20,-0.075,3,0.00675,0
2026-03-11,17:36:31.333702,46842,-7,-0.02625,-20,-0.075,3,0.00675,0
2026-03-11,17:36:31.333702,47373,-13,-0.04875,-17,-0.06375,4,0.009,0
2026-03-11,17:36:31.333702,47905,-7,-0.02625,-15,-0.05625,3,0.00675,0
2026-03-11,17:36:31.333702,54633,-6,-0.0225,-15,-0.05625,3,0.00675,0
2026-03-11,17:36:31.333702,55164,-2,-0.0075,-17,-0.06375,2,0.0045,0
2026-03-11,17:36:31.333702,55694,-11,-0.04125,-13,-0.04875,5,0.01125,0
2026-03-11,17:36:31.333702,56225,2,0.0075,-20,-0.075,4,0.009,0
2026-03-11,17:36:31.333702,56755,-6,-0.0225,-16,-0.06,2,0.0045,0
2026-03-11,17:36:34.127127,57435,-4,-0.015,-20,-0.075,3,0.00675,0
2026-03-11,17:36:34.127127,57965,-4,-0.015,-20,-0.075,4,0.009,0
2026-03-11,17:36:34.127127,58496,-17,-0.06375,-21,-0.07875,4,0.009,0
2026-03-11,17:36:34.127127,59027,-9,-0.03375,-13,-0.04875,3,0.00675,0
2026-03-11,17:36:34.127127,59560,-11,-0.04125,-20,-0.075,3,0.00675,0
2026-03-11,17:36:36.954788,60241,-3,-0.01125,-10,-0.0375,3,0.00675,0
2026-03-11,17:36:36.954788,60771,-3,-0.01125,-11,-0.04125,4,0.009,0
2026-03-11,17:36:36.954788,61302,-2,-0.0075,-18,-0.0675,4,0.009,0
2026-03-11,17:36:36.954788,61832,-6,-0.0225,-16,-0.06,4,0.009,0
2026-03-11,17:36:36.954788,62363,-7,-0.02625,-13,-0.04875,3,0.00675,0
2026-03-11,17:36:39.733679,63043,-15,-0.05625,-31,-0.11625,5,0.01125,0
2026-03-11,17:36:39.733679,63574,-6,-0.0225,-14,-0.0525,4,0.009,0
2026-03-11,17:36:39.733679,64105,-1,-0.00375,-14,-0.0525,3,0.00675,0
2026-03-11,17:36:39.733679,64635,-3,-0.01125,-11,-0.04125,5,0.01125,0
2026-03-11,17:36:39.733679,65166,-15,-0.05625,-24,-0.09,3,0.00675,0
2026-03-11,17:36:42.585729,65848,-1,-0.00375,-18,-0.0675,4,0.009,0
2026-03-11,17:36:42.585729,66379,-10,-0.0375,-24,-0.09,4,0.009,0
2026-03-11,17:36:42.585729,66909,-5,-0.01875,-15,-0.05625,2,0.0045,0
2026-03-11,17:36:42.585729,67440,-1,-0.00375,-14,-0.0525,4,0.009,0
2026-03-11,17:36:42.585729,67970,-2,-0.0075,-23,-0.08625,4,0.009,0
2026-03-11,17:36:45.347539,68650,-6,-0.0225,-21,-0.07875,3,0.00675,0
2026-03-11,17:36:45.347539,69181,-6,-0.0225,-19,-0.07125,4,0.009,0
2026-03-11,17:36:45.347539,69714,-9,-0.03375,-20,-0.075,4,0.009,0
2026-03-11,17:36:45.347539,70244,1,0.00375,-21,-0.07875,2,0.0045,0
2026-03-11,17:36:45.347539,70775,-2,-0.0075,-27,-0.10125,3,0.00675,0
2026-03-11,17:36:48.154840,71454,-8,-0.03,-18,-0.0675,3,0.00675,0
2026-03-11,17:36:48.154840,71985,0,0,-20,-0.075,3,0.00675,0
2026-03-11,17:36:48.154840,72516,-9,-0.03375,-16,-0.06,3,0.00675,0
2026-03-11,17:36:48.154840,73046,-1,-0.00375,-24,-0.09,2,0.0045,0
2026-03-11,17:36:48.154840,73576,3,0.01125,-20,-0.075,3,0.00675,0
2026-03-11,17:36:50.981974,74254,-6,-0.0225,-24,-0.09,3,0.00675,0
2026-03-11,17:36:50.981974,74785,-7,-0.02625,-19,-0.07125,3,0.00675,0
2026-03-11,17:36:50.981974,75315,-6,-0.0225,-18,-0.0675,4,0.009,0
2026-03-11,17:36:50.981974,75848,-11,-0.04125,-19,-0.07125,3,0.00675,0
2026-03-11,17:36:50.981974,76379,-2,-0.0075,-29,-0.10875,5,0.01125,0
2026-03-11,17:36:53.782190,77081,-2,-0.0075,-18,-0.0675,4,0.009,0
2026-03-11,17:36:53.782190,77612,2,0.0075,-24,-0.09,4,0.009,0
2026-03-11,17:36:53.782190,78142,-5,-0.01875,-19,-0.07125,4,0.009,0
2026-03-11,17:36:53.782190,78673,-9,-0.03375,-21,-0.07875,3,0.00675,0
2026-03-11,17:36:53.782190,79203,4,0.015,-18,-0.0675,3,0.00675,0
2026-03-11,17:36:56.608306,79881,-3,-0.01125,-22,-0.0825,4,0.009,0
2026-03-11,17:36:56.608306,80412,4,0.015,-15,-0.05625,4,0.009,0
2026-03-11,17:36:56.608306,80942,-3,-0.01125,-13,-0.04875,4,0.009,0
2026-03-11,17:36:56.608306,81474,-12,-0.045,-23,-0.08625,3,0.00675,0
2026-03-11,17:36:56.608306,82006,-6,-0.0225,-17,-0.06375,3,0.00675,0
2026-03-11,17:36:59.386719,82686,-2,-0.0075,-23,-0.08625,2,0.0045,0
2026-03-11,17:36:59.386719,83219,2,0.0075,-27,-0.10125,3,0.00675,0
2026-03-11,17:36:59.386719,83749,-7,-0.02625,-23,-0.08625,5,0.01125,0
2026-03-11,17:36:59.386719,84280,-11,-0.04125,-23,-0.08625,4,0.009,0
2026-03-11,17:36:59.386719,84810,-5,-0.01875,-24,-0.09,4,0.009,0
2026-03-11,17:37:02.177382,85490,-2,-0.0075,-21,-0.07875,2,0.0045,0
2026-03-11,17:37:02.177382,86021,-8,-0.03,-21,-0.07875,5,0.01125,0
2026-03-11,17:37:02.177382,86551,-2,-0.0075,-24,-0.09,4,0.009,0
2026-03-11,17:37:02.177382,87082,-3,-0.01125,-22,-0.0825,3,0.00675,0
2026-03-11,17:37:02.177382,87612,1,0.00375,-14,-0.0525,2,0.0045,0
2026-03-11,17:37:05.012429,88291,-6,-0.0225,-18,-0.0675,3,0.00675,0
2026-03-11,17:37:05.012429,88822,1,0.00375,-25,-0.09375,4,0.009,0
2026-03-11,17:37:05.012429,89355,-5,-0.01875,-23,-0.08625,2,0.0045,0
2026-03-11,17:37:05.012429,89885,3,0.01125,-24,-0.09,2,0.0045,0
2026-03-11,17:37:05.012429,90416,4,0.015,-18,-0.0675,4,0.009,0
2026-03-11,17:37:07.782364,91094,6,0.0225,-21,-0.07875,4,0.009,0
2026-03-11,17:37:07.782364,91624,-4,-0.015,-27,-0.10125,2,0.0045,0
2026-03-11,17:37:07.782364,92155,4,0.015,-16,-0.06,3,0.00675,0
2026-03-11,17:37:07.782364,92685,-9,-0.03375,-24,-0.09,4,0.009,0
2026-03-11,17:37:07.782364,93216,-3,-0.01125,-19,-0.07125,5,0.01125,0
2026-03-11,17:37:10.664172,93895,6,0.0225,-23,-0.08625,3,0.00675,0
2026-03-11,17:37:10.664172,94426,3,0.01125,-21,-0.07875,3,0.00675,0
2026-03-11,17:37:10.664172,94956,-9,-0.03375,-22,-0.0825,3,0.00675,0
2026-03-11,17:37:10.664172,95487,-2,-0.0075,-20,-0.075,3,0.00675,0
2026-03-11,17:37:10.664172,96017,-5,-0.01875,-18,-0.0675,4,0.009,0
2026-03-11,17:37:13.451232,96742,-2,-0.0075,-19,-0.07125,3,0.00675,0
2026-03-11,17:37:13.451232,97272,-7,-0.02625,-20,-0.075,2,0.0045,0
2026-03-11,17:37:13.451232,97803,-4,-0.015,-18,-0.0675,3,0.00675,0
2026-03-11,17:37:13.451232,98333,2,0.0075,-17,-0.06375,5,0.01125,0
2026-03-11,17:37:13.451232,98864,0,0,-22,-0.0825,2,0.0045,0
2026-03-11,17:37:16.286402,99542,-7,-0.02625,-14,-0.0525,4,0.009,0
2026-03-11,17:37:16.286402,100072,-8,-0.03,-21,-0.07875,3,0.00675,0
2026-03-11,17:37:16.286402,100603,-11,-0.04125,-21,-0.07875,3,0.00675,0
2026-03-11,17:37:16.286402,101134,-10,-0.0375,-18,-0.0675,3,0.00675,0
2026-03-11,17:37:16.286402,101666,1,0.00375,-24,-0.09,4,0.009,0
2026-03-11,17:37:19.037583,102344,-7,-0.02625,-22,-0.0825,2,0.0045,0
2026-03-11,17:37:19.037583,102877,-14,-0.0525,-23,-0.08625,3,0.00675,0
2026-03-11,17:37:19.037583,103407,-8,-0.03,-19,-0.07125,2,0.0045,0
2026-03-11,17:37:19.037583,103938,-9,-0.03375,-11,-0.04125,4,0.009,0
2026-03-11,17:37:19.037583,104468,-2,-0.0075,-15,-0.05625,3,0.00675,0
2026-03-11,17:37:21.838432,105148,-5,-0.01875,-17,-0.06375,2,0.0045,0
2026-03-11,17:37:21.838432,105679,-4,-0.015,-20,-0.075,5,0.01125,0
2026-03-11,17:37:21.838432,106209,1,0.00375,-22,-0.0825,3,0.00675,0
2026-03-11,17:37:21.838432,106740,0,0,-17,-0.06375,3,0.00675,0
2026-03-11,17:37:21.838432,107270,-3,-0.01125,-16,-0.06,4,0.009,0
2026-03-11,17:37:24.668411,107952,-3,-0.01125,-22,-0.0825,2,0.0045,0
2026-03-11,17:37:24.668411,108482,-6,-0.0225,-22,-0.0825,5,0.01125,0
2026-03-11,17:37:24.668411,109016,2,0.0075,-20,-0.075,2,0.0045,0
2026-03-11,17:37:24.668411,109546,2,0.0075,-31,-0.11625,4,0.009,0
2026-03-11,17:37:24.668411,110077,6,0.0225,-27,-0.10125,5,0.01125,0
2026-03-11,17:37:27.481627,110785,0,0,-33,-0.12375,3,0.00675,0
2026-03-11,17:37:27.481627,111316,6,0.0225,-23,-0.08625,2,0.0045,0
2026-03-11,17:37:27.481627,111846,-3,-0.01125,-22,-0.0825,3,0.00675,0
2026-03-11,17:37:27.481627,112377,-9,-0.03375,-17,-0.06375,4,0.009,0
2026-03-11,17:37:27.481627,112907,-5,-0.01875,-17,-0.06375,4,0.009,0
2026-03-11,17:37:30.297523,113587,-2,-0.0075,-23,-0.08625,3,0.00675,0
2026-03-11,17:37:30.297523,114118,6,0.0225,-23,-0.08625,5,0.01125,0
2026-03-11,17:37:30.297523,114648,1,0.00375,-21,-0.07875,2,0.0045,0
2026-03-11,17:37:30.297523,115181,-1,-0.00375,-24,-0.09,4,0.009,0
2026-03-11,17:37:30.297523,115712,-10,-0.0375,-28,-0.105,3,0.00675,0
2026-03-11,17:37:33.083316,116392,-6,-0.0225,-19,-0.07125,5,0.01125,0
2026-03-11,17:37:33.083316,116923,2,0.0075,-19,-0.07125,4,0.009,0
2026-03-11,17:37:33.083316,117453,9,0.03375,-26,-0.0975,4,0.009,0
2026-03-11,17:37:33.083316,117984,-7,-0.02625,-26,-0.0975,4,0.009,0
2026-03-11,17:37:33.083316,118514,-4,-0.015,-27,-0.10125,3,0.00675,0
2026-03-11,17:37:35.929742,119194,-13,-0.04875,-20,-0.075,4,0.009,0
2026-03-11,17:37:35.929742,119725,3,0.01125,-25,-0.09375,4,0.009,0
2026-03-11,17:37:35.929742,120255,4,0.015,-23,-0.08625,3,0.00675,0
2026-03-11,17:37:35.929742,120786,0,0,-9,-0.03375,5,0.01125,0
2026-03-11,17:37:35.929742,121319,0,0,-19,-0.07125,5,0.01125,0
2026-03-11,17:37:38.719313,121996,-6,-0.0225,-11,-0.04125,3,0.00675,0
2026-03-11,17:37:38.719313,122529,-8,-0.03,-24,-0.09,2,0.0045,0
2026-03-11,17:37:38.719313,123060,-5,-0.01875,-29,-0.10875,4,0.009,0
2026-03-11,17:37:38.719313,123590,-2,-0.0075,-16,-0.06,3,0.00675,0
2026-03-11,17:37:38.719313,124121,3,0.01125,-32,-0.12,3,0.00675,0
2026-03-11,17:37:41.484352,124799,-2,-0.0075,-17,-0.06375,5,0.01125,0
2026-03-11,17:37:41.484352,125329,-6,-0.0225,-20,-0.075,3,0.00675,0
2026-03-11,17:37:41.484352,125860,4,0.015,-20,-0.075,4,0.009,0
2026-03-11,17:37:41.484352,126390,-8,-0.03,-28,-0.105,2,0.0045,0
2026-03-11,17:37:41.484352,126921,-2,-0.0075,-27,-0.10125,3,0.00675,0
2026-03-11,17:37:44.329336,127602,2,0.0075,-38,-0.1425,2,0.0045,0
2026-03-11,17:37:44.329336,128133,-10,-0.0375,-26,-0.0975,4,0.009,0
2026-03-11,17:37:44.329336,128663,0,0,-23,-0.08625,3,0.00675,0
2026-03-11,17:37:44.329336,129194,-5,-0.01875,-17,-0.06375,2,0.0045,0
2026-03-11,17:37:44.329336,129724,-5,-0.01875,-31,-0.11625,4,0.009,0
2026-03-11,17:37:47.121558,130404,1,0.00375,-36,-0.135,3,0.00675,0
2026-03-11,17:37:47.121558,130935,5,0.01875,-22,-0.0825,5,0.01125,0
2026-03-11,17:37:47.121558,131467,4,0.015,-27,-0.10125,2,0.0045,0
2026-03-11,17:37:47.121558,131997,0,0,-25,-0.09375,3,0.00675,0
2026-03-11,17:37:47.121558,132528,8,0.03,-22,-0.0825,4,0.009,0
2026-03-11,17:37:49.891149,133205,-6,-0.0225,-26,-0.0975,4,0.009,0
2026-03-11,17:37:49.891149,133736,-1,-0.00375,-25,-0.09375,3,0.00675,0
2026-03-11,17:37:49.891149,134266,-4,-0.015,-25,-0.09375,2,0.0045,0
2026-03-11,17:37:49.891149,134797,0,0,-25,-0.09375,3,0.00675,0
2026-03-11,17:37:49.891149,135327,7,0.02625,-25,-0.09375,3,0.00675,0
2026-03-11,17:37:52.739476,136005,6,0.0225,-20,-0.075,3,0.00675,0
2026-03-11,17:37:52.739476,136536,0,0,-26,-0.0975,3,0.00675,0
2026-03-11,17:37:52.739476,137066,-3,-0.01125,-30,-0.1125,4,0.009,0
2026-03-11,17:37:52.739476,137600,-3,-0.01125,-30,-0.1125,2,0.0045,0
2026-03-11,17:37:52.739476,138130,-3,-0.01125,-27,-0.10125,3,0.00675,0
2026-03-11,17:37:55.520208,138830,-6,-0.0225,-19,-0.07125,4,0.009,0
2026-03-11,17:37:55.520208,139361,7,0.02625,-16,-0.06,3,0.00675,0
2026-03-11,17:37:55.520208,139891,3,0.01125,-28,-0.105,2,0.0045,0
2026-03-11,17:37:55.520208,140422,1,0.00375,-28,-0.105,4,0.009,0
2026-03-11,17:37:55.520208,140952,0,0,-22,-0.0825,2,0.0045,0
2026-03-11,17:37:58.354997,141630,1,0.00375,-26,-0.0975,4,0.009,0
2026-03-11,17:37:58.354997,142161,-1,-0.00375,-23,-0.08625,3,0.00675,0
2026-03-11,17:37:58.354997,142691,-10,-0.0375,-29,-0.10875,3,0.00675,0
2026-03-11,17:37:58.354997,143222,4,0.015,-31,-0.11625,3,0.00675,0
2026-03-11,17:37:58.354997,143754,-3,-0.01125,-29,-0.10875,3,0.00675,0
2026-03-11,17:38:01.147445,144434,3,0.01125,-27,-0.10125,2,0.0045,0
2026-03-11,17:38:01.147445,144967,4,0.015,-24,-0.09,3,0.00675,0
2026-03-11,17:38:01.147445,145498,2,0.0075,-26,-0.0975,3,0.00675,0
2026-03-11,17:38:01.147445,146028,-7,-0.02625,-24,-0.09,3,0.00675,0
2026-03-11,17:38:01.147445,146559,-1,-0.00375,-25,-0.09375,2,0.0045,0
2026-03-11,17:38:03.933144,147239,-1,-0.00375,-26,-0.0975,3,0.00675,0
2026-03-11,17:38:03.933144,147769,9,0.03375,-28,-0.105,4,0.009,0
2026-03-11,17:38:03.933144,148300,5,0.01875,-36,-0.135,3,0.00675,0
2026-03-11,17:38:03.933144,148830,-2,-0.0075,-21,-0.07875,3,0.00675,0
2026-03-11,17:38:03.933144,149361,-2,-0.0075,-32,-0.12,2,0.0045,0
2026-03-11,17:38:06.777873,150042,-4,-0.015,-24,-0.09,3,0.00675,0
2026-03-11,17:38:06.777873,150572,-2,-0.0075,-29,-0.10875,3,0.00675,0
2026-03-11,17:38:06.777873,151106,9,0.03375,-28,-0.105,4,0.009,0
2026-03-11,17:38:06.777873,151636,-3,-0.01125,-22,-0.0825,3,0.00675,0
2026-03-11,17:38:06.777873,152167,9,0.03375,-23,-0.08625,4,0.009,0
2026-03-11,17:38:09.544052,152845,-7,-0.02625,-28,-0.105,4,0.009,0
2026-03-11,17:38:09.544052,153375,-2,-0.0075,-18,-0.0675,3,0.00675,0
2026-03-11,17:38:09.544052,153906,5,0.01875,-27,-0.10125,3,0.00675,0
2026-03-11,17:38:09.544052,154436,-4,-0.015,-31,-0.11625,3,0.00675,0
2026-03-11,17:38:09.544052,154967,6,0.0225,-29,-0.10875,4,0.009,0
2026-03-11,17:38:12.382957,155644,5,0.01875,-27,-0.10125,3,0.00675,0
2026-03-11,17:38:12.382957,156175,-5,-0.01875,-35,-0.13125,4,0.009,0
2026-03-11,17:38:12.382957,156705,5,0.01875,-22,-0.0825,5,0.01125,0
2026-03-11,17:38:12.382957,157236,-1,-0.00375,-31,-0.11625,5,0.01125,0
2026-03-11,17:38:12.382957,157766,1,0.00375,-23,-0.08625,4,0.009,0
2026-03-11,17:38:15.161253,158444,1,0.00375,-22,-0.0825,1,0.00225,0
2026-03-11,17:38:15.161253,158974,1,0.00375,-27,-0.10125,3,0.00675,0
2026-03-11,17:38:15.161253,159505,-9,-0.03375,-27,-0.10125,4,0.009,0
2026-03-11,17:38:15.161253,160038,5,0.01875,-28,-0.105,3,0.00675,0
2026-03-11,17:38:15.161253,160568,0,0,-22,-0.0825,2,0.0045,0
2026-03-11,17:38:17.929902,161246,-3,-0.01125,-30,-0.1125,3,0.00675,0
2026-03-11,17:38:17.929902,161776,0,0,-24,-0.09,4,0.009,0
2026-03-11,17:38:17.929902,162307,-1,-0.00375,-26,-0.0975,4,0.009,0
2026-03-11,17:38:17.929902,162837,7,0.02625,-19,-0.07125,4,0.009,0
2026-03-11,17:38:17.929902,163368,-4,-0.015,-31,-0.11625,3,0.00675,0
2026-03-11,17:38:20.796236,164047,-9,-0.03375,-32,-0.12,2,0.0045,0
2026-03-11,17:38:20.796236,164578,-1,-0.00375,-19,-0.07125,4,0.009,0
2026-03-11,17:38:20.796236,165109,0,0,-24,-0.09,4,0.009,0
2026-03-11,17:38:20.796236,165639,-8,-0.03,-27,-0.10125,3,0.00675,0
2026-03-11,17:38:20.796236,166172,3,0.01125,-29,-0.10875,2,0.0045,0
2026-03-11,17:38:23.577260,166888,-2,-0.0075,-36,-0.135,3,0.00675,0
2026-03-11,17:38:23.577260,167419,4,0.015,-33,-0.12375,3,0.00675,0
2026-03-11,17:38:23.577260,167949,-10,-0.0375,-31,-0.11625,3,0.00675,0
2026-03-11,17:38:23.577260,168480,7,0.02625,-32,-0.12,2,0.0045,0
2026-03-11,17:38:23.577260,169010,-5,-0.01875,-37,-0.13875,3,0.00675,0
2026-03-11,17:38:26.441329,169692,7,0.02625,-28,-0.105,4,0.009,0
2026-03-11,17:38:26.441329,170222,1,0.00375,-29,-0.10875,5,0.01125,0
2026-03-11,17:38:26.441329,170753,0,0,-29,-0.10875,3,0.00675,0
2026-03-11,17:38:26.441329,171283,2,0.0075,-29,-0.10875,3,0.00675,0
2026-03-11,17:38:26.441329,171814,1,0.00375,-21,-0.07875,4,0.009,0
2026-03-11,17:38:29.205864,172520,0,0,-22,-0.0825,4,0.009,0
2026-03-11,17:38:29.205864,173051,2,0.0075,-31,-0.11625,3,0.00675,0
2026-03-11,17:38:29.205864,173581,-7,-0.02625,-30,-0.1125,3,0.00675,0
2026-03-11,17:38:29.205864,174112,-5,-0.01875,-32,-0.12,5,0.01125,0
2026-03-11,17:38:29.205864,174642,0,0,-37,-0.13875,6,0.0135,0
2026-03-11,17:38:32.049061,175320,-5,-0.01875,-24,-0.09,3,0.00675,0
2026-03-11,17:38:32.049061,175851,-5,-0.01875,-35,-0.13125,3,0.00675,0
2026-03-11,17:38:32.049061,176381,0,0,-27,-0.10125,5,0.01125,0
2026-03-11,17:38:32.049061,176914,5,0.01875,-26,-0.0975,3,0.00675,0
2026-03-11,17:38:32.049061,177445,7,0.02625,-38,-0.1425,4,0.009,0
2026-03-11,17:38:34.812216,178122,1,0.00375,-26,-0.0975,2,0.0045,0
2026-03-11,17:38:34.812216,178653,0,0,-30,-0.1125,2,0.0045,0
2026-03-11,17:38:34.812216,179183,7,0.02625,-33,-0.12375,4,0.009,0
2026-03-11,17:38:34.812216,179714,-4,-0.015,-28,-0.105,4,0.009,0
2026-03-11,17:38:34.812216,180244,3,0.01125,-28,-0.105,4,0.009,0
2026-03-11,17:38:37.617338,180922,-6,-0.0225,-37,-0.13875,3,0.00675,0
2026-03-11,17:38:37.617338,181452,-6,-0.0225,-25,-0.09375,3,0.00675,0
2026-03-11,17:38:37.617338,181983,-1,-0.00375,-27,-0.10125,4,0.009,0
2026-03-11,17:38:37.617338,182513,-8,-0.03,-27,-0.10125,4,0.009,0
2026-03-11,17:38:37.617338,183044,1,0.00375,-25,-0.09375,2,0.0045,0
2026-03-11,17:38:40.451754,183722,-3,-0.01125,-28,-0.105,5,0.01125,0
2026-03-11,17:38:40.451754,184252,2,0.0075,-32,-0.12,3,0.00675,0
2026-03-11,17:38:40.451754,184783,9,0.03375,-26,-0.0975,4,0.009,0
2026-03-11,17:38:40.451754,185313,-4,-0.015,-35,-0.13125,3,0.00675,0
2026-03-11,17:38:40.451754,185845,4,0.015,-26,-0.0975,2,0.0045,0
2026-03-11,17:38:43.249190,186567,2,0.0075,-24,-0.09,3,0.00675,0
2026-03-11,17:38:43.249190,187097,5,0.01875,-29,-0.10875,4,0.009,0
2026-03-11,17:38:43.249190,187627,0,0,-23,-0.08625,4,0.009,0
2026-03-11,17:38:43.249190,188157,-7,-0.02625,-32,-0.12,3,0.00675,0
2026-03-11,17:38:43.249190,188688,6,0.0225,-28,-0.105,2,0.0045,0
2026-03-11,17:38:46.078625,189367,4,0.015,-32,-0.12,2,0.0045,0
2026-03-11,17:38:46.078625,189898,9,0.03375,-37,-0.13875,4,0.009,0
2026-03-11,17:38:46.078625,190431,2,0.0075,-26,-0.0975,3,0.00675,0
2026-03-11,17:38:46.078625,190961,3,0.01125,-25,-0.09375,3,0.00675,0
2026-03-11,17:38:46.078625,191492,-3,-0.01125,-24,-0.09,3,0.00675,0
2026-03-11,17:38:48.857494,192171,4,0.015,-34,-0.1275,3,0.00675,0
2026-03-11,17:38:48.857494,192702,-1,-0.00375,-27,-0.10125,3,0.00675,0
2026-03-11,17:38:48.857494,193232,-4,-0.015,-30,-0.1125,3,0.00675,0
2026-03-11,17:38:48.857494,193763,-3,-0.01125,-24,-0.09,4,0.009,0
2026-03-11,17:38:48.857494,194293,7,0.02625,-36,-0.135,3,0.00675,0
2026-03-11,17:38:51.701417,194971,9,0.03375,-29,-0.10875,3,0.00675,0
2026-03-11,17:38:51.701417,195502,4,0.015,-30,-0.1125,3,0.00675,0
2026-03-11,17:38:51.701417,196032,12,0.045,-29,-0.10875,3,0.00675,0
2026-03-11,17:38:51.701417,196565,7,0.02625,-35,-0.13125,2,0.0045,0
2026-03-11,17:38:51.701417,197096,4,0.015,-26,-0.0975,4,0.009,0
2026-03-11,17:38:54.471018,197774,-2,-0.0075,-26,-0.0975,4,0.009,0
2026-03-11,17:38:54.471018,198304,0,0,-31,-0.11625,3,0.00675,0
2026-03-11,17:38:54.471018,198836,6,0.0225,-31,-0.11625,3,0.00675,0
2026-03-11,17:38:54.471018,199366,4,0.015,-31,-0.11625,5,0.01125,0
2026-03-11,17:38:54.471018,199897,-3,-0.01125,-27,-0.10125,3,0.00675,0
2026-03-11,17:38:57.263163,200576,0,0,-22,-0.0825,4,0.009,0
2026-03-11,17:38:57.263163,201107,4,0.015,-33,-0.12375,4,0.009,0
2026-03-11,17:38:57.263163,201637,-5,-0.01875,-23,-0.08625,3,0.00675,0
2026-03-11,17:38:57.263163,202168,7,0.02625,-28,-0.105,3,0.00675,0
2026-03-11,17:38:57.263163,202698,1,0.00375,-31,-0.11625,1,0.00225,0
2026-03-11,17:39:00.120491,203376,8,0.03,-33,-0.12375,3,0.00675,0
2026-03-11,17:39:00.120491,203907,1,0.00375,-32,-0.12,4,0.009,0
2026-03-11,17:39:00.120491,204437,-3,-0.01125,-27,-0.10125,4,0.009,0
2026-03-11,17:39:00.120491,204968,-7,-0.02625,-26,-0.0975,2,0.0045,0
2026-03-11,17:39:00.120491,205501,2,0.0075,-24,-0.09,3,0.00675,0
2026-03-11,17:39:02.871524,206178,-1,-0.00375,-26,-0.0975,2,0.0045,0
2026-03-11,17:39:02.871524,206712,-6,-0.0225,-30,-0.1125,2,0.0045,0
2026-03-11,17:39:02.871524,207242,-2,-0.0075,-20,-0.075,2,0.0045,0
2026-03-11,17:39:02.871524,207772,8,0.03,-25,-0.09375,2,0.0045,0
2026-03-11,17:39:02.871524,208303,2,0.0075,-30,-0.1125,4,0.009,0
2026-03-11,17:39:05.661196,208981,2,0.0075,-37,-0.13875,3,0.00675,0
2026-03-11,17:39:05.661196,209511,5,0.01875,-29,-0.10875,3,0.00675,0
2026-03-11,17:39:05.661196,210042,6,0.0225,-33,-0.12375,4,0.009,0
2026-03-11,17:39:05.661196,210572,9,0.03375,-23,-0.08625,3,0.00675,0
2026-03-11,17:39:05.661196,211103,7,0.02625,-42,-0.1575,4,0.009,0
2026-03-11,17:39:08.500088,211782,0,0,-24,-0.09,3,0.00675,0
2026-03-11,17:39:08.500088,212313,6,0.0225,-35,-0.13125,2,0.0045,0
2026-03-11,17:39:08.500088,212846,-4,-0.015,-31,-0.11625,4,0.009,0
2026-03-11,17:39:08.500088,213376,7,0.02625,-31,-0.11625,2,0.0045,0
2026-03-11,17:39:08.500088,213907,6,0.0225,-28,-0.105,4,0.009,0
2026-03-11,17:39:11.277478,214584,3,0.01125,-32,-0.12,3,0.00675,0
2026-03-11,17:39:11.277478,215116,-4,-0.015,-35,-0.13125,3,0.00675,0
2026-03-11,17:39:11.277478,215647,8,0.03,-35,-0.13125,5,0.01125,0
2026-03-11,17:39:11.277478,216177,6,0.0225,-29,-0.10875,2,0.0045,0
2026-03-11,17:39:11.277478,216708,2,0.0075,-25,-0.09375,3,0.00675,0
2026-03-11,17:39:14.067332,217385,6,0.0225,-36,-0.135,2,0.0045,0
2026-03-11,17:39:14.067332,217916,2,0.0075,-36,-0.135,3,0.00675,0
2026-03-11,17:39:14.067332,218446,0,0,-31,-0.11625,3,0.00675,0
2026-03-11,17:39:14.067332,218977,8,0.03,-32,-0.12,5,0.01125,0
2026-03-11,17:39:14.067332,219507,7,0.02625,-36,-0.135,3,0.00675,0
2026-03-11,17:39:16.899994,220185,-3,-0.01125,-42,-0.1575,3,0.00675,0
2026-03-11,17:39:16.899994,220716,8,0.03,-35,-0.13125,4,0.009,0
2026-03-11,17:39:16.899994,221246,2,0.0075,-23,-0.08625,1,0.00225,0
2026-03-11,17:39:16.899994,221779,4,0.015,-34,-0.1275,3,0.00675,0
2026-03-11,17:39:16.899994,222310,3,0.01125,-35,-0.13125,4,0.009,0
2026-03-11,17:39:19.674166,222987,7,0.02625,-33,-0.12375,4,0.009,0
2026-03-11,17:39:19.674166,223518,6,0.0225,-29,-0.10875,4,0.009,0
2026-03-11,17:39:19.674166,224048,1,0.00375,-33,-0.12375,3,0.00675,0
2026-03-11,17:39:19.674166,224579,1,0.00375,-31,-0.11625,4,0.009,0
2026-03-11,17:39:19.674166,225109,3,0.01125,-27,-0.10125,2,0.0045,0
2026-03-11,17:39:22.471136,225787,0,0,-26,-0.0975,4,0.009,0
2026-03-11,17:39:22.471136,226317,3,0.01125,-34,-0.1275,2,0.0045,0
2026-03-11,17:39:22.471136,226848,2,0.0075,-28,-0.105,4,0.009,0
2026-03-11,17:39:22.471136,227378,-3,-0.01125,-32,-0.12,3,0.00675,0
2026-03-11,17:39:22.471136,227911,3,0.01125,-25,-0.09375,3,0.00675,0
2026-03-11,17:39:25.305428,228589,8,0.03,-30,-0.1125,4,0.009,0
2026-03-11,17:39:25.305428,229120,0,0,-30,-0.1125,4,0.009,0
2026-03-11,17:39:25.305428,229650,2,0.0075,-23,-0.08625,2,0.0045,0
2026-03-11,17:39:25.305428,230181,3,0.01125,-24,-0.09,4,0.009,0
2026-03-11,17:39:25.305428,230711,13,0.04875,-30,-0.1125,3,0.00675,0
2026-03-11,17:39:28.077726,231392,-1,-0.00375,-35,-0.13125,3,0.00675,0
2026-03-11,17:39:28.077726,231924,7,0.02625,-35,-0.13125,3,0.00675,0
2026-03-11,17:39:28.077726,232455,-2,-0.0075,-25,-0.09375,3,0.00675,0
2026-03-11,17:39:28.077726,232985,9,0.03375,-35,-0.13125,2,0.0045,0
2026-03-11,17:39:28.077726,233516,-9,-0.03375,-29,-0.10875,3,0.00675,0
2026-03-11,17:39:30.929203,234197,6,0.0225,-31,-0.11625,4,0.009,0
2026-03-11,17:39:30.929203,234728,1,0.00375,-24,-0.09,4,0.009,0
2026-03-11,17:39:30.929203,235258,-3,-0.01125,-35,-0.13125,5,0.01125,0
2026-03-11,17:39:30.929203,235788,0,0,-32,-0.12,3,0.00675,0
2026-03-11,17:39:30.929203,236319,3,0.01125,-33,-0.12375,2,0.0045,0
2026-03-11,17:39:33.688128,236997,0,0,-28,-0.105,4,0.009,0
2026-03-11,17:39:33.688128,237527,1,0.00375,-39,-0.14625,4,0.009,0
2026-03-11,17:39:33.688128,238060,-5,-0.01875,-34,-0.1275,4,0.009,0
2026-03-11,17:39:33.688128,238591,-4,-0.015,-28,-0.105,3,0.00675,0
2026-03-11,17:39:33.688128,239121,-4,-0.015,-42,-0.1575,3,0.00675,0
2026-03-11,17:39:36.487697,239801,-2,-0.0075,-27,-0.10125,4,0.009,0
2026-03-11,17:39:36.487697,240332,1,0.00375,-35,-0.13125,4,0.009,0
2026-03-11,17:39:36.487697,240862,2,0.0075,-34,-0.1275,3,0.00675,0
2026-03-11,17:39:36.487697,241392,7,0.02625,-40,-0.15,3,0.00675,0
2026-03-11,17:39:36.487697,241923,4,0.015,-33,-0.12375,5,0.01125,0
2026-03-11,17:39:39.323574,242600,-7,-0.02625,-35,-0.13125,4,0.009,0
2026-03-11,17:39:39.323574,243130,6,0.0225,-37,-0.13875,3,0.00675,0
2026-03-11,17:39:39.323574,243661,3,0.01125,-34,-0.1275,3,0.00675,0
2026-03-11,17:39:39.323574,244194,-1,-0.00375,-26,-0.0975,2,0.0045,0
2026-03-11,17:39:39.323574,244724,2,0.0075,-29,-0.10875,4,0.009,0
2026-03-11,17:39:42.088460,245402,3,0.01125,-34,-0.1275,4,0.009,0
2026-03-11,17:39:42.088460,245932,10,0.0375,-29,-0.10875,3,0.00675,0
2026-03-11,17:39:42.088460,246463,7,0.02625,-30,-0.1125,4,0.009,0
2026-03-11,17:39:42.088460,246993,-4,-0.015,-27,-0.10125,2,0.0045,0
2026-03-11,17:39:42.088460,247524,8,0.03,-31,-0.11625,4,0.009,0
2026-03-11,17:39:44.884326,248202,7,0.02625,-34,-0.1275,1,0.00225,0
2026-03-11,17:39:44.884326,248732,11,0.04125,-40,-0.15,4,0.009,0
2026-03-11,17:39:44.884326,249263,4,0.015,-31,-0.11625,3,0.00675,0
2026-03-11,17:39:44.884326,249793,9,0.03375,-31,-0.11625,4,0.009,0
2026-03-11,17:39:44.884326,250326,5,0.01875,-27,-0.10125,4,0.009,0
2026-03-11,17:39:47.737636,251004,5,0.01875,-31,-0.11625,3,0.00675,0
2026-03-11,17:39:47.737636,251534,3,0.01125,-36,-0.135,3,0.00675,0
2026-03-11,17:39:47.737636,252064,12,0.045,-36,-0.135,4,0.009,0
2026-03-11,17:39:47.737636,252594,-6,-0.0225,-47,-0.17625,4,0.009,0
2026-03-11,17:39:47.737636,253126,5,0.01875,-26,-0.0975,3,0.00675,0
2026-03-11,17:39:50.514134,253830,0,0,-37,-0.13875,3,0.00675,0
2026-03-11,17:39:50.514134,254361,-4,-0.015,-36,-0.135,4,0.009,0
2026-03-11,17:39:50.514134,254891,5,0.01875,-31,-0.11625,2,0.0045,0
2026-03-11,17:39:50.514134,255421,4,0.015,-35,-0.13125,4,0.009,0
2026-03-11,17:39:50.514134,255952,5,0.01875,-26,-0.0975,4,0.009,0
2026-03-11,17:39:53.373221,256631,8,0.03,-32,-0.12,3,0.00675,0
2026-03-11,17:39:53.373221,257162,2,0.0075,-26,-0.0975,3,0.00675,0
2026-03-11,17:39:53.373221,257692,6,0.0225,-36,-0.135,4,0.009,0
2026-03-11,17:39:53.373221,258223,9,0.03375,-38,-0.1425,3,0.00675,0
2026-03-11,17:39:53.373221,258753,5,0.01875,-35,-0.13125,3,0.00675,0
2026-03-11,17:39:56.157611,259462,6,0.0225,-32,-0.12,4,0.009,0
2026-03-11,17:39:56.157611,259992,0,0,-32,-0.12,4,0.009,0
2026-03-11,17:39:56.157611,260523,0,0,-34,-0.1275,3,0.00675,0
2026-03-11,17:39:56.157611,261053,-3,-0.01125,-42,-0.1575,3,0.00675,0
2026-03-11,17:39:56.157611,261584,-3,-0.01125,-32,-0.12,4,0.009,0
2026-03-11,17:39:58.997178,262263,7,0.02625,-38,-0.1425,4,0.009,0
2026-03-11,17:39:58.997178,262794,1,0.00375,-30,-0.1125,3,0.00675,0
2026-03-11,17:39:58.997178,263324,5,0.01875,-34,-0.1275,3,0.00675,0
2026-03-11,17:39:58.997178,263858,-4,-0.015,-36,-0.135,4,0.009,0
2026-03-11,17:39:58.997178,264388,3,0.01125,-25,-0.09375,4,0.009,0
2026-03-11,17:40:01.770853,265066,-4,-0.015,-27,-0.10125,3,0.00675,0
2026-03-11,17:40:01.770853,265596,4,0.015,-39,-0.14625,2,0.0045,0
2026-03-11,17:40:01.770853,266127,0,0,-30,-0.1125,5,0.01125,0
2026-03-11,17:40:01.770853,266658,6,0.0225,-31,-0.11625,2,0.0045,0
2026-03-11,17:40:01.770853,267188,4,0.015,-31,-0.11625,3,0.00675,0
2026-03-11,17:40:04.547247,267866,4,0.015,-38,-0.1425,4,0.009,0
2026-03-11,17:40:04.547247,268396,4,0.015,-39,-0.14625,3,0.00675,0
2026-03-11,17:40:04.547247,268927,2,0.0075,-40,-0.15,3,0.00675,0
2026-03-11,17:40:04.547247,269457,-1,-0.00375,-26,-0.0975,3,0.00675,0
2026-03-11,17:40:04.547247,269990,0,0,-34,-0.1275,3,0.00675,0
2026-03-11,17:40:07.403103,270668,2,0.0075,-32,-0.12,4,0.009,0
2026-03-11,17:40:07.403103,271198,2,0.0075,-28,-0.105,4,0.009,0
2026-03-11,17:40:07.403103,271729,2,0.0075,-33,-0.12375,2,0.0045,0
2026-03-11,17:40:07.403103,272259,-1,-0.00375,-34,-0.1275,3,0.00675,0
2026-03-11,17:40:07.403103,272790,-1,-0.00375,-28,-0.105,3,0.00675,0
2026-03-11,17:40:10.255340,273491,1,0.00375,-39,-0.14625,4,0.009,0
2026-03-11,17:40:10.255340,274022,6,0.0225,-27,-0.10125,2,0.0045,0
2026-03-11,17:40:10.255340,274552,-3,-0.01125,-32,-0.12,3,0.00675,0
2026-03-11,17:40:10.255340,275083,6,0.0225,-26,-0.0975,4,0.009,0
2026-03-11,17:40:10.255340,275613,0,0,-31,-0.11625,4,0.009,0
2026-03-11,17:40:13.024907,276292,3,0.01125,-31,-0.11625,3,0.00675,0
2026-03-11,17:40:13.024907,276823,0,0,-28,-0.105,4,0.009,0
2026-03-11,17:40:13.024907,277353,2,0.0075,-28,-0.105,3,0.00675,0
2026-03-11,17:40:13.024907,277884,5,0.01875,-32,-0.12,3,0.00675,0
2026-03-11,17:40:13.024907,278414,2,0.0075,-33,-0.12375,3,0.00675,0
2026-03-11,17:40:15.779067,279092,12,0.045,-34,-0.1275,2,0.0045,0
2026-03-11,17:40:15.779067,279624,-2,-0.0075,-36,-0.135,4,0.009,0
2026-03-11,17:40:15.779067,280156,10,0.0375,-34,-0.1275,4,0.009,0
2026-03-11,17:40:15.779067,280687,3,0.01125,-33,-0.12375,3,0.00675,0
2026-03-11,17:40:15.779067,281217,7,0.02625,-25,-0.09375,2,0.0045,0
2026-03-11,17:40:18.575822,281895,4,0.015,-32,-0.12,2,0.0045,0
2026-03-11,17:40:18.575822,282425,8,0.03,-27,-0.10125,4,0.009,0
2026-03-11,17:40:18.575822,282956,8,0.03,-32,-0.12,3,0.00675,0
2026-03-11,17:40:18.575822,283486,-9,-0.03375,-43,-0.16125,4,0.009,0
2026-03-11,17:40:18.575822,284017,0,0,-36,-0.135,4,0.009,0
2026-03-11,17:40:21.409504,284695,6,0.0225,-34,-0.1275,4,0.009,0
2026-03-11,17:40:21.409504,285226,5,0.01875,-29,-0.10875,3,0.00675,0
2026-03-11,17:40:21.409504,285756,2,0.0075,-25,-0.09375,2,0.0045,0
2026-03-11,17:40:21.409504,286289,4,0.015,-34,-0.1275,3,0.00675,0
2026-03-11,17:40:21.409504,286820,6,0.0225,-41,-0.15375,4,0.009,0
2026-03-11,17:40:24.182366,287498,10,0.0375,-40,-0.15,5,0.01125,0
2026-03-11,17:40:24.182366,288028,6,0.0225,-34,-0.1275,3,0.00675,0
2026-03-11,17:40:24.182366,288559,5,0.01875,-31,-0.11625,3,0.00675,0
2026-03-11,17:40:24.182366,289089,1,0.00375,-28,-0.105,4,0.009,0
2026-03-11,17:40:24.182366,289620,4,0.015,-35,-0.13125,2,0.0045,0
2026-03-11,17:40:26.976513,290297,2,0.0075,-28,-0.105,3,0.00675,0
2026-03-11,17:40:26.976513,290828,6,0.0225,-32,-0.12,4,0.009,0
2026-03-11,17:40:26.976513,291358,9,0.03375,-32,-0.12,2,0.0045,0
2026-03-11,17:40:26.976513,291889,2,0.0075,-38,-0.1425,4,0.009,0
2026-03-11,17:40:26.976513,292422,3,0.01125,-37,-0.13875,3,0.00675,0
2026-03-11,17:40:29.802537,293100,-2,-0.0075,-35,-0.13125,2,0.0045,0
2026-03-11,17:40:29.802537,293630,8,0.03,-36,-0.135,3,0.00675,0
2026-03-11,17:40:29.802537,294160,-1,-0.00375,-43,-0.16125,3,0.00675,0
2026-03-11,17:40:29.802537,294691,11,0.04125,-38,-0.1425,4,0.009,0
2026-03-11,17:40:29.802537,295222,8,0.03,-42,-0.1575,2,0.0045,0
2026-03-11,17:40:32.584181,295899,-4,-0.015,-30,-0.1125,4,0.009,0
2026-03-11,17:40:32.584181,296432,1,0.00375,-28,-0.105,4,0.009,0
2026-03-11,17:40:32.584181,296963,-1,-0.00375,-30,-0.1125,4,0.009,0
2026-03-11,17:40:32.584181,297493,5,0.01875,-28,-0.105,3,0.00675,0
2026-03-11,17:40:32.584181,298024,7,0.02625,-37,-0.13875,5,0.01125,0
2026-03-11,17:40:35.434094,298702,6,0.0225,-37,-0.13875,4,0.009,0
2026-03-11,17:40:35.434094,299232,2,0.0075,-38,-0.1425,4,0.009,0
2026-03-11,17:40:35.434094,299763,8,0.03,-31,-0.11625,3,0.00675,0
2026-03-11,17:40:35.434094,300293,5,0.01875,-38,-0.1425,2,0.0045,0
2026-03-11,17:40:35.434094,300824,-4,-0.015,-37,-0.13875,3,0.00675,0
2026-03-11,17:40:38.212474,301504,-3,-0.01125,-36,-0.135,4,0.009,0
2026-03-11,17:40:38.212474,302034,8,0.03,-34,-0.1275,4,0.009,0
2026-03-11,17:40:38.212474,302567,4,0.015,-23,-0.08625,3,0.00675,0
2026-03-11,17:40:38.212474,303098,5,0.01875,-33,-0.12375,4,0.009,0
2026-03-11,17:40:38.212474,303628,9,0.03375,-30,-0.1125,3,0.00675,0
2026-03-11,17:40:41.005492,304306,0,0,-32,-0.12,4,0.009,0
2026-03-11,17:40:41.005492,304837,9,0.03375,-30,-0.1125,3,0.00675,0
2026-03-11,17:40:41.005492,305367,6,0.0225,-39,-0.14625,4,0.009,0
2026-03-11,17:40:41.005492,305898,10,0.0375,-36,-0.135,3,0.00675,0
2026-03-11,17:40:41.005492,306428,3,0.01125,-42,-0.1575,3,0.00675,0
2026-03-11,17:40:43.857219,307120,7,0.02625,-38,-0.1425,3,0.00675,0
2026-03-11,17:40:43.857219,307651,6,0.0225,-27,-0.10125,2,0.0045,0
2026-03-11,17:40:43.857219,308181,10,0.0375,-40,-0.15,4,0.009,0
2026-03-11,17:40:43.857219,308714,7,0.02625,-36,-0.135,3,0.00675,0
2026-03-11,17:40:43.857219,309245,3,0.01125,-32,-0.12,3,0.00675,0
2026-03-11,17:40:46.629358,309948,4,0.015,-32,-0.12,5,0.01125,0
2026-03-11,17:40:46.629358,310478,2,0.0075,-42,-0.1575,5,0.01125,0
2026-03-11,17:40:46.629358,311009,1,0.00375,-37,-0.13875,3,0.00675,0
2026-03-11,17:40:46.629358,311539,2,0.0075,-36,-0.135,4,0.009,0
2026-03-11,17:40:46.629358,312070,3,0.01125,-31,-0.11625,4,0.009,0
2026-03-11,17:40:49.471000,312747,9,0.03375,-27,-0.10125,4,0.009,0
2026-03-11,17:40:49.471000,313278,4,0.015,-30,-0.1125,3,0.00675,0
2026-03-11,17:40:49.471000,313808,1,0.00375,-37,-0.13875,2,0.0045,0
2026-03-11,17:40:49.471000,314339,-2,-0.0075,-42,-0.1575,3,0.00675,0
2026-03-11,17:40:49.471000,314871,-2,-0.0075,-37,-0.13875,4,0.009,0
2026-03-11,17:40:52.229134,315551,7,0.02625,-40,-0.15,4,0.009,0
2026-03-11,17:40:52.229134,316084,5,0.01875,-39,-0.14625,4,0.009,0
2026-03-11,17:40:52.229134,316615,10,0.0375,-40,-0.15,2,0.0045,0
2026-03-11,17:40:52.229134,317145,4,0.015,-30,-0.1125,4,0.009,0
2026-03-11,17:40:52.229134,317675,11,0.04125,-36,-0.135,3,0.00675,0
2026-03-11,17:40:55.029886,318354,8,0.03,-35,-0.13125,5,0.01125,0
2026-03-11,17:40:55.029886,318885,3,0.01125,-45,-0.16875,4,0.009,0
2026-03-11,17:40:55.029886,319415,8,0.03,-44,-0.165,3,0.00675,0
2026-03-11,17:40:55.029886,319946,8,0.03,-33,-0.12375,4,0.009,0
2026-03-11,17:40:55.029886,320476,13,0.04875,-36,-0.135,4,0.009,0
2026-03-11,17:40:57.892949,321157,6,0.0225,-41,-0.15375,2,0.0045,0
2026-03-11,17:40:57.892949,321687,5,0.01875,-39,-0.14625,3,0.00675,0
2026-03-11,17:40:57.892949,322220,4,0.015,-37,-0.13875,4,0.009,0
2026-03-11,17:40:57.892949,322751,-1,-0.00375,-41,-0.15375,4,0.009,0
2026-03-11,17:40:57.892949,323281,1,0.00375,-33,-0.12375,2,0.0045,0
2026-03-11,17:41:00.655771,323977,0,0,-42,-0.1575,3,0.00675,0
2026-03-11,17:41:00.655771,324508,8,0.03,-42,-0.1575,4,0.009,0
2026-03-11,17:41:00.655771,325038,8,0.03,-50,-0.1875,3,0.00675,0
2026-03-11,17:41:00.655771,325569,1,0.00375,-35,-0.13125,3,0.00675,0
2026-03-11,17:41:00.655771,326099,1,0.00375,-28,-0.105,3,0.00675,0
2026-03-11,17:41:03.499753,326777,10,0.0375,-46,-0.1725,3,0.00675,0
2026-03-11,17:41:03.499753,327307,6,0.0225,-39,-0.14625,4,0.009,0
2026-03-11,17:41:03.499753,327838,5,0.01875,-40,-0.15,3,0.00675,0
2026-03-11,17:41:03.499753,328371,1,0.00375,-39,-0.14625,3,0.00675,0
2026-03-11,17:41:03.499753,328901,6,0.0225,-42,-0.1575,3,0.00675,0
2026-03-11,17:41:06.258108,329579,15,0.05625,-43,-0.16125,2,0.0045,0
2026-03-11,17:41:06.258108,330110,-3,-0.01125,-40,-0.15,3,0.00675,0
2026-03-11,17:41:06.258108,330640,-1,-0.00375,-44,-0.165,4,0.009,0
2026-03-11,17:41:06.258108,331170,3,0.01125,-41,-0.15375,3,0.00675,0
2026-03-11,17:41:06.258108,331700,10,0.0375,-38,-0.1425,4,0.009,0
2026-03-11,17:41:09.062451,332379,7,0.02625,-34,-0.1275,4,0.009,0
2026-03-11,17:41:09.062451,332910,9,0.03375,-46,-0.1725,5,0.01125,0
2026-03-11,17:41:09.062451,333440,5,0.01875,-37,-0.13875,3,0.00675,0
2026-03-11,17:41:09.062451,333970,3,0.01125,-35,-0.13125,3,0.00675,0
2026-03-11,17:41:09.062451,334504,3,0.01125,-45,-0.16875,3,0.00675,0
2026-03-11,17:41:11.889827,335181,5,0.01875,-42,-0.1575,2,0.0045,0
2026-03-11,17:41:11.889827,335712,-4,-0.015,-43,-0.16125,4,0.009,0
2026-03-11,17:41:11.889827,336242,6,0.0225,-42,-0.1575,3,0.00675,0
2026-03-11,17:41:11.889827,336773,2,0.0075,-41,-0.15375,4,0.009,0
2026-03-11,17:41:11.889827,337304,5,0.01875,-35,-0.13125,2,0.0045,0
2026-03-11,17:41:14.671374,337981,5,0.01875,-44,-0.165,3,0.00675,0
2026-03-11,17:41:14.671374,338514,2,0.0075,-41,-0.15375,4,0.009,0
2026-03-11,17:41:14.671374,339045,7,0.02625,-39,-0.14625,3,0.00675,0
2026-03-11,17:41:14.671374,339576,7,0.02625,-45,-0.16875,4,0.009,0
2026-03-11,17:41:14.671374,340106,4,0.015,-39,-0.14625,4,0.009,0
2026-03-11,17:41:17.458419,340784,-5,-0.01875,-41,-0.15375,3,0.00675,0
2026-03-11,17:41:17.458419,341314,6,0.0225,-40,-0.15,3,0.00675,0
2026-03-11,17:41:17.458419,341845,5,0.01875,-44,-0.165,2,0.0045,0
2026-03-11,17:41:17.458419,342375,5,0.01875,-33,-0.12375,3,0.00675,0
2026-03-11,17:41:17.458419,342906,5,0.01875,-44,-0.165,3,0.00675,0
2026-03-11,17:41:20.307719,343585,8,0.03,-49,-0.18375,3,0.00675,0
2026-03-11,17:41:20.307719,344116,1,0.00375,-40,-0.15,2,0.0045,0
2026-03-11,17:41:20.307719,344649,11,0.04125,-46,-0.1725,3,0.00675,0
2026-03-11,17:41:20.307719,345180,12,0.045,-35,-0.13125,3,0.00675,0
2026-03-11,17:41:20.307719,345710,8,0.03,-48,-0.18,2,0.0045,0
2026-03-11,17:41:23.074837,346388,19,0.07125,-45,-0.16875,3,0.00675,0
2026-03-11,17:41:23.074837,346918,2,0.0075,-39,-0.14625,5,0.01125,0
2026-03-11,17:41:23.074837,347449,0,0,-40,-0.15,4,0.009,0
2026-03-11,17:41:23.074837,347979,5,0.01875,-36,-0.135,2,0.0045,0
2026-03-11,17:41:23.074837,348510,10,0.0375,-44,-0.165,3,0.00675,0
2026-03-11,17:41:28.104291,349189,-2,-0.0075,-32,-0.12,2,0.0045,0
2026-03-11,17:41:28.104291,349719,1,0.00375,-39,-0.14625,3,0.00675,0
2026-03-11,17:41:28.104291,350250,4,0.015,-34,-0.1275,4,0.009,0
2026-03-11,17:41:28.104291,350780,0,0,-37,-0.13875,4,0.009,0
2026-03-11,17:41:28.104291,351311,-1,-0.00375,-41,-0.15375,3,0.00675,0
2026-03-11,17:41:30.831742,354131,-1,-0.00375,-42,-0.1575,3,0.00675,0
2026-03-11,17:41:30.831742,354661,11,0.04125,-41,-0.15375,3,0.00675,0
2026-03-11,17:41:30.831742,355192,12,0.045,-35,-0.13125,3,0.00675,0
2026-03-11,17:41:30.831742,355725,6,0.0225,-39,-0.14625,3,0.00675,0
2026-03-11,17:41:30.831742,356255,3,0.01125,-33,-0.12375,5,0.01125,0
2026-03-11,17:41:33.628536,356933,1,0.00375,-45,-0.16875,4,0.009,0
2026-03-11,17:41:33.628536,357463,6,0.0225,-45,-0.16875,4,0.009,0
2026-03-11,17:41:33.628536,357994,16,0.06,-43,-0.16125,4,0.009,0
2026-03-11,17:41:33.628536,358524,5,0.01875,-41,-0.15375,2,0.0045,0
2026-03-11,17:41:33.628536,359055,1,0.00375,-39,-0.14625,4,0.009,0
2026-03-11,17:41:36.414275,359733,7,0.02625,-56,-0.21,4,0.009,0
2026-03-11,17:41:36.414275,360263,15,0.05625,-40,-0.15,5,0.01125,0
2026-03-11,17:41:36.414275,360794,9,0.03375,-37,-0.13875,5,0.01125,0
2026-03-11,17:41:36.414275,361324,13,0.04875,-39,-0.14625,3,0.00675,0
2026-03-11,17:41:36.414275,361857,4,0.015,-40,-0.15,3,0.00675,0
2026-03-11,17:41:39.251864,362535,5,0.01875,-40,-0.15,3,0.00675,0
2026-03-11,17:41:39.251864,363065,11,0.04125,-32,-0.12,4,0.009,0
2026-03-11,17:41:39.251864,363596,12,0.045,-37,-0.13875,4,0.009,0
2026-03-11,17:41:39.251864,364126,6,0.0225,-44,-0.165,4,0.009,0
2026-03-11,17:41:39.251864,364657,12,0.045,-34,-0.1275,3,0.00675,0
2026-03-11,17:41:42.016076,365337,4,0.015,-45,-0.16875,4,0.009,0
2026-03-11,17:41:42.016076,365868,9,0.03375,-39,-0.14625,5,0.01125,0
2026-03-11,17:41:42.016076,366399,10,0.0375,-39,-0.14625,2,0.0045,0
2026-03-11,17:41:42.016076,366929,4,0.015,-36,-0.135,2,0.0045,0
2026-03-11,17:41:42.016076,367460,0,0,-39,-0.14625,3,0.00675,0
2026-03-11,17:41:44.871316,368139,6,0.0225,-35,-0.13125,4,0.009,0
2026-03-11,17:41:44.871316,368670,6,0.0225,-44,-0.165,2,0.0045,0
2026-03-11,17:41:44.871316,369200,9,0.03375,-38,-0.1425,3,0.00675,0
2026-03-11,17:41:44.871316,369731,4,0.015,-41,-0.15375,3,0.00675,0
2026-03-11,17:41:44.871316,370261,2,0.0075,-37,-0.13875,3,0.00675,0
2026-03-11,17:41:47.640948,370939,9,0.03375,-37,-0.13875,2,0.0045,0
2026-03-11,17:41:47.640948,371469,3,0.01125,-40,-0.15,4,0.009,0
2026-03-11,17:41:47.640948,372002,10,0.0375,-36,-0.135,4,0.009,0
2026-03-11,17:41:47.640948,372533,8,0.03,-42,-0.1575,4,0.009,0
2026-03-11,17:41:47.640948,373063,11,0.04125,-41,-0.15375,4,0.009,0
2026-03-11,17:41:50.431942,373742,-3,-0.01125,-34,-0.1275,4,0.009,0
2026-03-11,17:41:50.431942,374273,9,0.03375,-46,-0.1725,3,0.00675,0
2026-03-11,17:41:50.431942,374803,6,0.0225,-43,-0.16125,2,0.0045,0
2026-03-11,17:41:50.431942,375334,5,0.01875,-38,-0.1425,4,0.009,0
2026-03-11,17:41:50.431942,375864,2,0.0075,-36,-0.135,3,0.00675,0
2026-03-11,17:41:53.266985,376542,-4,-0.015,-38,-0.1425,4,0.009,0
2026-03-11,17:41:53.266985,377072,17,0.06375,-41,-0.15375,5,0.01125,0
2026-03-11,17:41:53.266985,377603,7,0.02625,-36,-0.135,2,0.0045,0
2026-03-11,17:41:53.266985,378136,8,0.03,-43,-0.16125,3,0.00675,0
2026-03-11,17:41:53.266985,378666,6,0.0225,-43,-0.16125,3,0.00675,0
2026-03-11,17:41:56.035168,379344,5,0.01875,-41,-0.15375,3,0.00675,0
2026-03-11,17:41:56.035168,379874,9,0.03375,-37,-0.13875,3,0.00675,0
2026-03-11,17:41:56.035168,380405,1,0.00375,-35,-0.13125,2,0.0045,0
2026-03-11,17:41:56.035168,380935,7,0.02625,-38,-0.1425,4,0.009,0
2026-03-11,17:41:56.035168,381466,6,0.0225,-39,-0.14625,3,0.00675,0
2026-03-11,17:41:58.821910,382144,13,0.04875,-40,-0.15,5,0.01125,0
2026-03-11,17:41:58.821910,382674,4,0.015,-38,-0.1425,4,0.009,0
2026-03-11,17:41:58.821910,383205,7,0.02625,-42,-0.1575,4,0.009,0
2026-03-11,17:41:58.821910,383735,4,0.015,-39,-0.14625,5,0.01125,0
2026-03-11,17:41:58.821910,384266,9,0.03375,-43,-0.16125,2,0.0045,0
2026-03-11,17:42:01.663342,384943,3,0.01125,-32,-0.12,2,0.0045,0
2026-03-11,17:42:01.663342,385474,10,0.0375,-47,-0.17625,2,0.0045,0
2026-03-11,17:42:01.663342,386004,9,0.03375,-42,-0.1575,5,0.01125,0
2026-03-11,17:42:01.663342,386535,5,0.01875,-38,-0.1425,3,0.00675,0
2026-03-11,17:42:01.663342,387067,1,0.00375,-41,-0.15375,3,0.00675,0
2026-03-11,17:42:04.426889,387744,0,0,-38,-0.1425,4,0.009,0
2026-03-11,17:42:04.426889,388278,7,0.02625,-33,-0.12375,3,0.00675,0
2026-03-11,17:42:04.426889,388808,9,0.03375,-39,-0.14625,4,0.009,0
2026-03-11,17:42:04.426889,389338,14,0.0525,-37,-0.13875,2,0.0045,0
2026-03-11,17:42:04.426889,389869,6,0.0225,-45,-0.16875,3,0.00675,0
2026-03-11,17:42:07.220249,390547,4,0.015,-40,-0.15,3,0.00675,0
2026-03-11,17:42:07.220249,391077,15,0.05625,-43,-0.16125,1,0.00225,0
2026-03-11,17:42:07.220249,391608,-1,-0.00375,-38,-0.1425,3,0.00675,0
2026-03-11,17:42:07.220249,392138,7,0.02625,-41,-0.15375,2,0.0045,0
2026-03-11,17:42:07.220249,392669,12,0.045,-45,-0.16875,3,0.00675,0
2026-03-11,17:42:10.052148,393349,8,0.03,-31,-0.11625,5,0.01125,0
2026-03-11,17:42:10.052148,393880,13,0.04875,-33,-0.12375,2,0.0045,0
2026-03-11,17:42:10.052148,394413,8,0.03,-45,-0.16875,4,0.009,0
2026-03-11,17:42:10.052148,394944,7,0.02625,-42,-0.1575,4,0.009,0
2026-03-11,17:42:10.052148,395474,10,0.0375,-38,-0.1425,4,0.009,0
2026-03-11,17:42:12.828373,396153,7,0.02625,-44,-0.165,2,0.0045,0
2026-03-11,17:42:12.828373,396684,5,0.01875,-34,-0.1275,4,0.009,0
2026-03-11,17:42:12.828373,397214,9,0.03375,-37,-0.13875,4,0.009,0
2026-03-11,17:42:12.828373,397745,9,0.03375,-35,-0.13125,4,0.009,0
2026-03-11,17:42:12.828373,398275,3,0.01125,-40,-0.15,3,0.00675,0
2026-03-11,17:42:15.624554,398953,9,0.03375,-44,-0.165,3,0.00675,0
2026-03-11,17:42:15.624554,399483,6,0.0225,-30,-0.1125,4,0.009,0
2026-03-11,17:42:15.624554,400014,6,0.0225,-45,-0.16875,4,0.009,0
2026-03-11,17:42:15.624554,400545,13,0.04875,-30,-0.1125,4,0.009,0
2026-03-11,17:42:15.624554,401075,13,0.04875,-37,-0.13875,4,0.009,0
2026-03-11,17:42:18.447335,401754,5,0.01875,-38,-0.1425,3,0.00675,0
2026-03-11,17:42:18.447335,402284,11,0.04125,-37,-0.13875,3,0.00675,0
2026-03-11,17:42:18.447335,402816,4,0.015,-47,-0.17625,3,0.00675,0
2026-03-11,17:42:18.447335,403349,11,0.04125,-38,-0.1425,4,0.009,0
2026-03-11,17:42:18.447335,403879,3,0.01125,-48,-0.18,3,0.00675,0
2026-03-11,17:42:21.258138,404557,19,0.07125,-44,-0.165,3,0.00675,0
2026-03-11,17:42:21.258138,405087,7,0.02625,-46,-0.1725,3,0.00675,0
2026-03-11,17:42:21.258138,405618,2,0.0075,-38,-0.1425,3,0.00675,0
2026-03-11,17:42:21.258138,406148,4,0.015,-44,-0.165,4,0.009,0
2026-03-11,17:42:21.258138,406679,13,0.04875,-45,-0.16875,4,0.009,0
2026-03-11,17:42:24.094407,407357,7,0.02625,-42,-0.1575,4,0.009,0
2026-03-11,17:42:24.094407,407888,9,0.03375,-31,-0.11625,5,0.01125,0
2026-03-11,17:42:24.094407,408418,1,0.00375,-38,-0.1425,4,0.009,0
2026-03-11,17:42:24.094407,408949,8,0.03,-43,-0.16125,4,0.009,0
2026-03-11,17:42:24.094407,409482,11,0.04125,-36,-0.135,2,0.0045,0
2026-03-11,17:42:26.850244,410161,7,0.02625,-46,-0.1725,3,0.00675,0
2026-03-11,17:42:26.850244,410694,13,0.04875,-45,-0.16875,3,0.00675,0
2026-03-11,17:42:26.850244,411224,16,0.06,-41,-0.15375,3,0.00675,0
2026-03-11,17:42:26.850244,411755,4,0.015,-46,-0.1725,2,0.0045,0
2026-03-11,17:42:26.850244,412285,4,0.015,-48,-0.18,3,0.00675,0
2026-03-11,17:42:29.637654,412963,12,0.045,-45,-0.16875,4,0.009,0
2026-03-11,17:42:29.637654,413493,3,0.01125,-36,-0.135,3,0.00675,0
2026-03-11,17:42:29.637654,414024,12,0.045,-40,-0.15,4,0.009,0
2026-03-11,17:42:29.637654,414554,8,0.03,-51,-0.19125,2,0.0045,0
2026-03-11,17:42:29.637654,415085,6,0.0225,-46,-0.1725,3,0.00675,0
2026-03-11,17:42:32.502742,415764,-4,-0.015,-40,-0.15,4,0.009,0
2026-03-11,17:42:32.502742,416295,8,0.03,-41,-0.15375,3,0.00675,0
2026-03-11,17:42:32.502742,416825,5,0.01875,-40,-0.15,3,0.00675,0
2026-03-11,17:42:32.502742,417356,10,0.0375,-42,-0.1575,4,0.009,0
2026-03-11,17:42:32.502742,417886,5,0.01875,-47,-0.17625,4,0.009,0
2026-03-11,17:42:35.250657,418563,4,0.015,-42,-0.1575,4,0.009,0
2026-03-11,17:42:35.250657,419094,6,0.0225,-30,-0.1125,3,0.00675,0
2026-03-11,17:42:35.250657,419627,13,0.04875,-37,-0.13875,3,0.00675,0
2026-03-11,17:42:35.250657,420157,10,0.0375,-46,-0.1725,3,0.00675,0
2026-03-11,17:42:35.250657,420688,4,0.015,-33,-0.12375,3,0.00675,0
2026-03-11,17:42:38.041658,421365,2,0.0075,-39,-0.14625,3,0.00675,0
2026-03-11,17:42:38.041658,421896,7,0.02625,-38,-0.1425,3,0.00675,0
2026-03-11,17:42:38.041658,422426,1,0.00375,-45,-0.16875,3,0.00675,0
2026-03-11,17:42:38.041658,422957,5,0.01875,-43,-0.16125,3,0.00675,0
2026-03-11,17:42:38.041658,423487,2,0.0075,-39,-0.14625,4,0.009,0
2026-03-11,17:42:40.879603,424165,0,0,-37,-0.13875,4,0.009,0
2026-03-11,17:42:40.879603,424696,8,0.03,-41,-0.15375,3,0.00675,0
2026-03-11,17:42:40.879603,425226,1,0.00375,-41,-0.15375,4,0.009,0
2026-03-11,17:42:40.879603,425759,7,0.02625,-44,-0.165,3,0.00675,0
2026-03-11,17:42:40.879603,426290,12,0.045,-38,-0.1425,4,0.009,0
2026-03-11,17:42:43.645598,426968,8,0.03,-47,-0.17625,3,0.00675,0
2026-03-11,17:42:43.645598,427499,17,0.06375,-51,-0.19125,5,0.01125,0
2026-03-11,17:42:43.645598,428030,9,0.03375,-34,-0.1275,4,0.009,0
2026-03-11,17:42:43.645598,428560,5,0.01875,-47,-0.17625,4,0.009,0
2026-03-11,17:42:43.645598,429090,7,0.02625,-37,-0.13875,4,0.009,0
2026-03-11,17:42:46.444451,429768,3,0.01125,-31,-0.11625,3,0.00675,0
2026-03-11,17:42:46.444451,430299,13,0.04875,-40,-0.15,3,0.00675,0
2026-03-11,17:42:46.444451,430829,8,0.03,-44,-0.165,4,0.009,0
2026-03-11,17:42:46.444451,431360,11,0.04125,-35,-0.13125,2,0.0045,0
2026-03-11,17:42:46.444451,431893,12,0.045,-43,-0.16125,5,0.01125,0
2026-03-11,17:42:49.281101,432571,15,0.05625,-45,-0.16875,3,0.00675,0
2026-03-11,17:42:49.281101,433102,10,0.0375,-51,-0.19125,3,0.00675,0
2026-03-11,17:42:49.281101,433632,10,0.0375,-40,-0.15,3,0.00675,0
2026-03-11,17:42:49.281101,434163,4,0.015,-43,-0.16125,3,0.00675,0
2026-03-11,17:42:49.281101,434693,11,0.04125,-40,-0.15,4,0.009,0
2026-03-11,17:42:52.054884,435372,5,0.01875,-45,-0.16875,3,0.00675,0
2026-03-11,17:42:52.054884,435905,7,0.02625,-44,-0.165,4,0.009,0
2026-03-11,17:42:52.054884,436436,14,0.0525,-41,-0.15375,4,0.009,0
2026-03-11,17:42:52.054884,436966,14,0.0525,-39,-0.14625,4,0.009,0
2026-03-11,17:42:52.054884,437497,14,0.0525,-39,-0.14625,4,0.009,0
2026-03-11,17:42:54.845930,438176,1,0.00375,-44,-0.165,4,0.009,0
2026-03-11,17:42:54.845930,438706,9,0.03375,-45,-0.16875,3,0.00675,0
2026-03-11,17:42:54.845930,439237,13,0.04875,-48,-0.18,3,0.00675,0
2026-03-11,17:42:54.845930,439767,4,0.015,-44,-0.165,4,0.009,0
2026-03-11,17:42:54.845930,440298,-7,-0.02625,-46,-0.1725,3,0.00675,0
2026-03-11,17:42:57.677713,440978,10,0.0375,-41,-0.15375,5,0.01125,0
2026-03-11,17:42:57.677713,441509,8,0.03,-34,-0.1275,3,0.00675,0
2026-03-11,17:42:57.677713,442042,2,0.0075,-40,-0.15,4,0.009,0
2026-03-11,17:42:57.677713,442572,10,0.0375,-43,-0.16125,2,0.0045,0
2026-03-11,17:42:57.677713,443103,-4,-0.015,-35,-0.13125,4,0.009,0
2026-03-11,17:43:00.491871,443801,10,0.0375,-43,-0.16125,4,0.009,0
2026-03-11,17:43:00.491871,444332,3,0.01125,-42,-0.1575,4,0.009,0
2026-03-11,17:43:00.491871,444862,5,0.01875,-44,-0.165,4,0.009,0
2026-03-11,17:43:00.491871,445393,4,0.015,-36,-0.135,4,0.009,0
2026-03-11,17:43:00.491871,445923,8,0.03,-45,-0.16875,2,0.0045,0
2026-03-11,17:43:03.312035,446601,5,0.01875,-49,-0.18375,3,0.00675,0
2026-03-11,17:43:03.312035,447131,7,0.02625,-43,-0.16125,3,0.00675,0
2026-03-11,17:43:03.312035,447662,10,0.0375,-34,-0.1275,2,0.0045,0
2026-03-11,17:43:03.312035,448195,2,0.0075,-48,-0.18,5,0.01125,0
2026-03-11,17:43:03.312035,448726,10,0.0375,-44,-0.165,3,0.00675,0
2026-03-11,17:43:06.073300,449404,9,0.03375,-49,-0.18375,3,0.00675,0
2026-03-11,17:43:06.073300,449935,3,0.01125,-47,-0.17625,4,0.009,0
2026-03-11,17:43:06.073300,450465,10,0.0375,-37,-0.13875,4,0.009,0
2026-03-11,17:43:06.073300,450996,9,0.03375,-42,-0.1575,5,0.01125,0
2026-03-11,17:43:06.073300,451526,12,0.045,-40,-0.15,4,0.009,0
2026-03-11,17:43:08.941838,452205,6,0.0225,-38,-0.1425,3,0.00675,0
2026-03-11,17:43:08.941838,452736,4,0.015,-39,-0.14625,3,0.00675,0
2026-03-11,17:43:08.941838,453266,8,0.03,-48,-0.18,3,0.00675,0
2026-03-11,17:43:08.941838,453797,2,0.0075,-51,-0.19125,3,0.00675,0
2026-03-11,17:43:08.941838,454330,11,0.04125,-44,-0.165,2,0.0045,0
2026-03-11,17:43:11.702826,455009,5,0.01875,-50,-0.1875,4,0.009,0
2026-03-11,17:43:11.702826,455539,13,0.04875,-35,-0.13125,2,0.0045,0
2026-03-11,17:43:11.702826,456070,20,0.075,-40,-0.15,4,0.009,0
2026-03-11,17:43:11.702826,456600,10,0.0375,-47,-0.17625,5,0.01125,0
2026-03-11,17:43:11.702826,457131,8,0.03,-41,-0.15375,5,0.01125,0
2026-03-11,17:43:14.525900,457808,3,0.01125,-46,-0.1725,5,0.01125,0
2026-03-11,17:43:14.525900,458340,15,0.05625,-41,-0.15375,3,0.00675,0
2026-03-11,17:43:14.525900,458871,12,0.045,-38,-0.1425,2,0.0045,0
2026-03-11,17:43:14.525900,459401,12,0.045,-32,-0.12,2,0.0045,0
2026-03-11,17:43:14.525900,459932,15,0.05625,-39,-0.14625,3,0.00675,0
2026-03-11,17:43:17.342015,460612,13,0.04875,-46,-0.1725,2,0.0045,0
2026-03-11,17:43:17.342015,461143,3,0.01125,-41,-0.15375,4,0.009,0
2026-03-11,17:43:17.342015,461673,16,0.06,-39,-0.14625,3,0.00675,0
2026-03-11,17:43:17.342015,462204,6,0.0225,-46,-0.1725,2,0.0045,0
2026-03-11,17:43:17.342015,462734,12,0.045,-45,-0.16875,4,0.009,0
2026-03-11,17:43:20.103692,463413,9,0.03375,-47,-0.17625,5,0.01125,0
2026-03-11,17:43:20.103692,463944,11,0.04125,-39,-0.14625,4,0.009,0
2026-03-11,17:43:20.103692,464477,8,0.03,-42,-0.1575,4,0.009,0
2026-03-11,17:43:20.103692,465007,4,0.015,-43,-0.16125,2,0.0045,0
2026-03-11,17:43:20.103692,465538,9,0.03375,-46,-0.1725,5,0.01125,0
2026-03-11,17:43:22.887569,466216,5,0.01875,-45,-0.16875,4,0.009,0
2026-03-11,17:43:22.887569,466746,10,0.0375,-36,-0.135,4,0.009,0
2026-03-11,17:43:22.887569,467276,9,0.03375,-51,-0.19125,3,0.00675,0
2026-03-11,17:43:22.887569,467807,12,0.045,-34,-0.1275,4,0.009,0
2026-03-11,17:43:22.887569,468337,12,0.045,-34,-0.1275,4,0.009,0
2026-03-11,17:43:25.739642,469016,3,0.01125,-46,-0.1725,5,0.01125,0
2026-03-11,17:43:25.739642,469547,4,0.015,-36,-0.135,3,0.00675,0
2026-03-11,17:43:25.739642,470077,3,0.01125,-42,-0.1575,5,0.01125,0
2026-03-11,17:43:25.739642,470610,18,0.0675,-53,-0.19875,5,0.01125,0
2026-03-11,17:43:25.739642,471141,10,0.0375,-45,-0.16875,5,0.01125,0
2026-03-11,17:43:28.498401,471819,7,0.02625,-40,-0.15,4,0.009,0
2026-03-11,17:43:28.498401,472350,7,0.02625,-41,-0.15375,4,0.009,0
2026-03-11,17:43:28.498401,472880,6,0.0225,-36,-0.135,5,0.01125,0
2026-03-11,17:43:28.498401,473411,11,0.04125,-42,-0.1575,4,0.009,0
2026-03-11,17:43:28.498401,473941,0,0,-47,-0.17625,4,0.009,0
2026-03-11,17:43:31.336647,474619,2,0.0075,-33,-0.12375,4,0.009,0
2026-03-11,17:43:31.336647,475150,4,0.015,-43,-0.16125,4,0.009,0
2026-03-11,17:43:31.336647,475680,12,0.045,-44,-0.165,4,0.009,0
2026-03-11,17:43:31.336647,476211,8,0.03,-39,-0.14625,4,0.009,0
2026-03-11,17:43:31.336647,476744,9,0.03375,-48,-0.18,4,0.009,0
2026-03-11,17:43:34.140939,477421,4,0.015,-48,-0.18,3,0.00675,0
2026-03-11,17:43:34.140939,477952,8,0.03,-44,-0.165,4,0.009,0
2026-03-11,17:43:34.140939,478482,-2,-0.0075,-41,-0.15375,4,0.009,0
2026-03-11,17:43:34.140939,479013,4,0.015,-50,-0.1875,4,0.009,0
2026-03-11,17:43:34.140939,479544,7,0.02625,-39,-0.14625,4,0.009,0
2026-03-11,17:43:36.898713,480221,11,0.04125,-48,-0.18,3,0.00675,0
2026-03-11,17:43:36.898713,480754,3,0.01125,-45,-0.16875,4,0.009,0
2026-03-11,17:43:36.898713,481285,9,0.03375,-38,-0.1425,4,0.009,0
2026-03-11,17:43:36.898713,481815,7,0.02625,-49,-0.18375,4,0.009,0
2026-03-11,17:43:36.898713,482346,5,0.01875,-46,-0.1725,3,0.00675,0
2026-03-11,17:43:39.697488,483024,7,0.02625,-45,-0.16875,6,0.0135,0
2026-03-11,17:43:39.697488,483554,13,0.04875,-47,-0.17625,4,0.009,0
2026-03-11,17:43:39.697488,484084,7,0.02625,-42,-0.1575,5,0.01125,0
2026-03-11,17:43:39.697488,484615,7,0.02625,-46,-0.1725,4,0.009,0
2026-03-11,17:43:39.697488,485145,9,0.03375,-35,-0.13125,2,0.0045,0
2026-03-11,17:43:42.532971,485825,13,0.04875,-48,-0.18,4,0.009,0
2026-03-11,17:43:42.532971,486355,6,0.0225,-50,-0.1875,3,0.00675,0
2026-03-11,17:43:42.532971,486888,4,0.015,-51,-0.19125,5,0.01125,0
2026-03-11,17:43:42.532971,487419,11,0.04125,-38,-0.1425,5,0.01125,0
2026-03-11,17:43:42.532971,487949,8,0.03,-46,-0.1725,2,0.0045,0
2026-03-11,17:43:45.307829,488627,8,0.03,-52,-0.195,5,0.01125,0
2026-03-11,17:43:45.307829,489157,8,0.03,-37,-0.13875,5,0.01125,0
2026-03-11,17:43:45.307829,489688,4,0.015,-41,-0.15375,4,0.009,0
2026-03-11,17:43:45.307829,490218,0,0,-44,-0.165,4,0.009,0
2026-03-11,17:43:45.307829,490749,6,0.0225,-44,-0.165,4,0.009,0
2026-03-11,17:43:48.155336,491426,8,0.03,-50,-0.1875,4,0.009,0
2026-03-11,17:43:48.155336,491957,12,0.045,-46,-0.1725,3,0.00675,0
2026-03-11,17:43:48.155336,492488,7,0.02625,-43,-0.16125,3,0.00675,0
2026-03-11,17:43:48.155336,493018,0,0,-45,-0.16875,3,0.00675,0
2026-03-11,17:43:48.155336,493549,10,0.0375,-35,-0.13125,3,0.00675,0
2026-03-11,17:43:50.941484,494228,9,0.03375,-45,-0.16875,4,0.009,0
2026-03-11,17:43:50.941484,494758,11,0.04125,-41,-0.15375,2,0.0045,0
2026-03-11,17:43:50.941484,495288,-8,-0.03,-49,-0.18375,5,0.01125,0
2026-03-11,17:43:50.941484,495820,4,0.015,-41,-0.15375,4,0.009,0
2026-03-11,17:43:50.941484,496351,7,0.02625,-40,-0.15,2,0.0045,0
2026-03-11,17:43:53.739200,497029,8,0.03,-48,-0.18,4,0.009,0
2026-03-11,17:43:53.739200,497559,6,0.0225,-45,-0.16875,4,0.009,0
2026-03-11,17:43:53.739200,498090,3,0.01125,-41,-0.15375,3,0.00675,0
2026-03-11,17:43:53.739200,498620,16,0.06,-40,-0.15,5,0.01125,0
2026-03-11,17:43:53.739200,499151,9,0.03375,-45,-0.16875,3,0.00675,0
2026-03-11,17:43:56.588268,499918,1,0.00375,-48,-0.18,4,0.009,0
2026-03-11,17:43:56.588268,500448,5,0.01875,-41,-0.15375,4,0.009,0
2026-03-11,17:43:56.588268,500979,-1,-0.00375,-44,-0.165,2,0.0045,0
2026-03-11,17:43:56.588268,501509,-1,-0.00375,-47,-0.17625,2,0.0045,0
2026-03-11,17:43:56.588268,502040,7,0.02625,-42,-0.1575,3,0.00675,0
2026-03-11,17:43:59.428314,502719,5,0.01875,-45,-0.16875,4,0.009,0
2026-03-11,17:43:59.428314,503250,11,0.04125,-40,-0.15,2,0.0045,0
2026-03-11,17:43:59.428314,503783,3,0.01125,-57,-0.21375,3,0.00675,0
2026-03-11,17:43:59.428314,504314,9,0.03375,-55,-0.20625,2,0.0045,0
2026-03-11,17:43:59.428314,504844,9,0.03375,-48,-0.18,2,0.0045,0
2026-03-11,17:44:02.207023,505522,3,0.01125,-46,-0.1725,2,0.0045,0
2026-03-11,17:44:02.207023,506052,-7,-0.02625,-55,-0.20625,3,0.00675,0
2026-03-11,17:44:02.207023,506583,11,0.04125,-47,-0.17625,5,0.01125,0
2026-03-11,17:44:02.207023,507113,6,0.0225,-51,-0.19125,3,0.00675,0
2026-03-11,17:44:02.207023,507644,1,0.00375,-50,-0.1875,3,0.00675,0
2026-03-11,17:44:04.991639,508321,9,0.03375,-48,-0.18,3,0.00675,0
2026-03-11,17:44:04.991639,508852,11,0.04125,-42,-0.1575,2,0.0045,0
2026-03-11,17:44:04.991639,509382,-1,-0.00375,-45,-0.16875,3,0.00675,0
2026-03-11,17:44:04.991639,509913,8,0.03,-40,-0.15,3,0.00675,0
2026-03-11,17:44:04.991639,510443,10,0.0375,-41,-0.15375,2,0.0045,0
2026-03-11,17:44:07.832679,511122,10,0.0375,-44,-0.165,3,0.00675,0
2026-03-11,17:44:07.832679,511653,11,0.04125,-52,-0.195,3,0.00675,0
2026-03-11,17:44:07.832679,512184,5,0.01875,-49,-0.18375,4,0.009,0
2026-03-11,17:44:07.832679,512716,6,0.0225,-49,-0.18375,3,0.00675,0
2026-03-11,17:44:07.832679,513246,0,0,-39,-0.14625,4,0.009,0
2026-03-11,17:44:10.590868,513924,2,0.0075,-47,-0.17625,4,0.009,0
2026-03-11,17:44:10.590868,514455,11,0.04125,-44,-0.165,3,0.00675,0
2026-03-11,17:44:10.590868,514985,3,0.01125,-48,-0.18,2,0.0045,0
2026-03-11,17:44:10.590868,515516,11,0.04125,-47,-0.17625,3,0.00675,0
2026-03-11,17:44:10.590868,516046,15,0.05625,-53,-0.19875,3,0.00675,0
2026-03-11,17:44:13.445799,516725,9,0.03375,-51,-0.19125,4,0.009,0
2026-03-11,17:44:13.445799,517255,8,0.03,-45,-0.16875,4,0.009,0
2026-03-11,17:44:13.445799,517786,8,0.03,-40,-0.15,4,0.009,0
2026-03-11,17:44:13.445799,518316,0,0,-49,-0.18375,4,0.009,0
2026-03-11,17:44:13.445799,518849,8,0.03,-39,-0.14625,4,0.009,0
2026-03-11,17:44:16.217360,519527,6,0.0225,-54,-0.2025,3,0.00675,0
2026-03-11,17:44:16.217360,520060,12,0.045,-48,-0.18,4,0.009,0
2026-03-11,17:44:16.217360,520591,0,0,-41,-0.15375,2,0.0045,0
2026-03-11,17:44:16.217360,521121,8,0.03,-44,-0.165,5,0.01125,0
2026-03-11,17:44:16.217360,521652,4,0.015,-43,-0.16125,3,0.00675,0
2026-03-11,17:44:19.025279,522329,0,0,-54,-0.2025,3,0.00675,0
2026-03-11,17:44:19.025279,522860,5,0.01875,-47,-0.17625,2,0.0045,0
2026-03-11,17:44:19.025279,523390,1,0.00375,-48,-0.18,3,0.00675,0
2026-03-11,17:44:19.025279,523921,-5,-0.01875,-49,-0.18375,3,0.00675,0
2026-03-11,17:44:19.025279,524451,15,0.05625,-49,-0.18375,4,0.009,0
2026-03-11,17:44:21.845739,525132,8,0.03,-42,-0.1575,5,0.01125,0
2026-03-11,17:44:21.845739,525662,9,0.03375,-50,-0.1875,3,0.00675,0
2026-03-11,17:44:21.845739,526192,12,0.045,-41,-0.15375,4,0.009,0
2026-03-11,17:44:21.845739,526723,0,0,-52,-0.195,4,0.009,0
2026-03-11,17:44:21.845739,527253,6,0.0225,-42,-0.1575,3,0.00675,0
2026-03-11,17:44:24.619298,527931,-3,-0.01125,-45,-0.16875,4,0.009,0
2026-03-11,17:44:24.619298,528462,21,0.07875,-43,-0.16125,4,0.009,0
2026-03-11,17:44:24.619298,528995,11,0.04125,-40,-0.15,2,0.0045,0
2026-03-11,17:44:24.619298,529525,3,0.01125,-40,-0.15,4,0.009,0
2026-03-11,17:44:24.619298,530056,5,0.01875,-46,-0.1725,3,0.00675,0
2026-03-11,17:44:27.413498,530743,12,0.045,-41,-0.15375,4,0.009,0
2026-03-11,17:44:27.413498,531274,11,0.04125,-44,-0.165,4,0.009,0
2026-03-11,17:44:27.413498,531804,4,0.015,-52,-0.195,3,0.00675,0
2026-03-11,17:44:27.413498,532335,5,0.01875,-44,-0.165,3,0.00675,0
2026-03-11,17:44:27.413498,532866,8,0.03,-54,-0.2025,4,0.009,0
2026-03-11,17:44:30.236029,533544,9,0.03375,-52,-0.195,4,0.009,0
2026-03-11,17:44:30.236029,534074,-3,-0.01125,-52,-0.195,4,0.009,0
2026-03-11,17:44:30.236029,534605,1,0.00375,-50,-0.1875,3,0.00675,0
2026-03-11,17:44:30.236029,535138,0,0,-42,-0.1575,3,0.00675,0
2026-03-11,17:44:30.236029,535668,18,0.0675,-56,-0.21,4,0.009,0
2026-03-11,17:44:33.016938,536347,9,0.03375,-50,-0.1875,3,0.00675,0
2026-03-11,17:44:33.016938,536877,6,0.0225,-47,-0.17625,3,0.00675,0
2026-03-11,17:44:33.016938,537408,2,0.0075,-49,-0.18375,4,0.009,0
2026-03-11,17:44:33.016938,537938,4,0.015,-45,-0.16875,2,0.0045,0
2026-03-11,17:44:33.016938,538469,9,0.03375,-46,-0.1725,4,0.009,0
2026-03-11,17:44:35.890962,539147,9,0.03375,-42,-0.1575,3,0.00675,0
2026-03-11,17:44:35.890962,539677,3,0.01125,-42,-0.1575,4,0.009,0
2026-03-11,17:44:35.890962,540208,11,0.04125,-49,-0.18375,3,0.00675,0
2026-03-11,17:44:35.890962,540738,4,0.015,-45,-0.16875,3,0.00675,0
2026-03-11,17:44:35.890962,541271,8,0.03,-41,-0.15375,3,0.00675,0
2026-03-11,17:44:38.643913,541949,13,0.04875,-54,-0.2025,2,0.0045,0
2026-03-11,17:44:38.643913,542479,0,0,-42,-0.1575,4,0.009,0
2026-03-11,17:44:38.643913,543010,11,0.04125,-43,-0.16125,3,0.00675,0
2026-03-11,17:44:38.643913,543540,15,0.05625,-41,-0.15375,3,0.00675,0
2026-03-11,17:44:38.643913,544071,17,0.06375,-42,-0.1575,3,0.00675,0
2026-03-11,17:44:41.446983,544750,4,0.015,-50,-0.1875,5,0.01125,0
2026-03-11,17:44:41.446983,545282,7,0.02625,-45,-0.16875,4,0.009,0
2026-03-11,17:44:41.446983,545812,5,0.01875,-43,-0.16125,4,0.009,0
2026-03-11,17:44:41.446983,546343,4,0.015,-44,-0.165,4,0.009,0
2026-03-11,17:44:41.446983,546873,10,0.0375,-43,-0.16125,3,0.00675,0
2026-03-11,17:44:44.268641,547554,4,0.015,-49,-0.18375,5,0.01125,0
2026-03-11,17:44:44.268641,548085,6,0.0225,-48,-0.18,4,0.009,0
2026-03-11,17:44:44.268641,548615,15,0.05625,-42,-0.1575,4,0.009,0
2026-03-11,17:44:44.268641,549146,1,0.00375,-44,-0.165,2,0.0045,0
2026-03-11,17:44:44.268641,549676,12,0.045,-47,-0.17625,4,0.009,0
2026-03-11,17:44:47.033917,550355,9,0.03375,-48,-0.18,3,0.00675,0
2026-03-11,17:44:47.033917,550885,1,0.00375,-53,-0.19875,3,0.00675,0
2026-03-11,17:44:47.033917,551418,4,0.015,-50,-0.1875,3,0.00675,0
2026-03-11,17:44:47.033917,551949,3,0.01125,-34,-0.1275,3,0.00675,0
2026-03-11,17:44:47.033917,552479,3,0.01125,-39,-0.14625,4,0.009,0
2026-03-11,17:44:49.825023,553157,2,0.0075,-45,-0.16875,4,0.009,0
2026-03-11,17:44:49.825023,553688,9,0.03375,-58,-0.2175,4,0.009,0
2026-03-11,17:44:49.825023,554218,14,0.0525,-53,-0.19875,2,0.0045,0
2026-03-11,17:44:49.825023,554749,8,0.03,-44,-0.165,4,0.009,0
2026-03-11,17:44:49.825023,555279,11,0.04125,-45,-0.16875,3,0.00675,0
2026-03-11,17:44:52.672701,555958,17,0.06375,-52,-0.195,4,0.009,0
2026-03-11,17:44:52.672701,556488,9,0.03375,-45,-0.16875,2,0.0045,0
2026-03-11,17:44:52.672701,557019,4,0.015,-46,-0.1725,4,0.009,0
2026-03-11,17:44:52.672701,557552,13,0.04875,-49,-0.18375,3,0.00675,0
2026-03-11,17:44:52.672701,558082,6,0.0225,-42,-0.1575,4,0.009,0
2026-03-11,17:44:55.433319,558760,6,0.0225,-43,-0.16125,5,0.01125,0
2026-03-11,17:44:55.433319,559291,4,0.015,-41,-0.15375,2,0.0045,0
2026-03-11,17:44:55.433319,559821,7,0.02625,-50,-0.1875,3,0.00675,0
2026-03-11,17:44:55.433319,560352,4,0.015,-45,-0.16875,3,0.00675,0
2026-03-11,17:44:55.433319,560882,2,0.0075,-50,-0.1875,3,0.00675,0
2026-03-11,17:44:58.240354,561560,6,0.0225,-52,-0.195,3,0.00675,0
2026-03-11,17:44:58.240354,562090,8,0.03,-44,-0.165,2,0.0045,0
2026-03-11,17:44:58.240354,562621,3,0.01125,-46,-0.1725,2,0.0045,0
2026-03-11,17:44:58.240354,563151,11,0.04125,-49,-0.18375,3,0.00675,0
2026-03-11,17:44:58.240354,563684,7,0.02625,-57,-0.21375,4,0.009,0
2026-03-11,17:45:01.071644,564362,7,0.02625,-44,-0.165,4,0.009,0
2026-03-11,17:45:01.071644,564892,8,0.03,-50,-0.1875,4,0.009,0
2026-03-11,17:45:01.071644,565423,0,0,-47,-0.17625,3,0.00675,0
2026-03-11,17:45:01.071644,565954,17,0.06375,-45,-0.16875,3,0.00675,0
2026-03-11,17:45:01.071644,566484,5,0.01875,-47,-0.17625,5,0.01125,0
2026-03-11,17:45:03.833445,567162,14,0.0525,-56,-0.21,4,0.009,0
2026-03-11,17:45:03.833445,567695,7,0.02625,-53,-0.19875,4,0.009,0
2026-03-11,17:45:03.833445,568225,15,0.05625,-53,-0.19875,4,0.009,0
2026-03-11,17:45:03.833445,568756,6,0.0225,-43,-0.16125,4,0.009,0
2026-03-11,17:45:03.833445,569286,10,0.0375,-48,-0.18,4,0.009,0
2026-03-11,17:45:06.692903,569965,11,0.04125,-49,-0.18375,3,0.00675,0
2026-03-11,17:45:06.692903,570496,8,0.03,-53,-0.19875,3,0.00675,0
2026-03-11,17:45:06.692903,571026,9,0.03375,-56,-0.21,2,0.0045,0
2026-03-11,17:45:06.692903,571557,8,0.03,-46,-0.1725,3,0.00675,0
2026-03-11,17:45:06.692903,572087,6,0.0225,-44,-0.165,3,0.00675,0
2026-03-11,17:45:09.469071,572766,10,0.0375,-43,-0.16125,3,0.00675,0
2026-03-11,17:45:09.469071,573296,10,0.0375,-51,-0.19125,5,0.01125,0
2026-03-11,17:45:09.469071,573829,3,0.01125,-46,-0.1725,3,0.00675,0
2026-03-11,17:45:09.469071,574360,5,0.01875,-53,-0.19875,4,0.009,0
2026-03-11,17:45:09.469071,574890,12,0.045,-53,-0.19875,4,0.009,0
2026-03-11,17:45:12.306210,575583,9,0.03375,-46,-0.1725,4,0.009,0
2026-03-11,17:45:12.306210,576114,9,0.03375,-53,-0.19875,4,0.009,0
2026-03-11,17:45:12.306210,576644,10,0.0375,-46,-0.1725,3,0.00675,0
2026-03-11,17:45:12.306210,577175,6,0.0225,-54,-0.2025,2,0.0045,0
2026-03-11,17:45:12.306210,577705,8,0.03,-42,-0.1575,4,0.009,0
2026-03-11,17:45:15.095196,578383,17,0.06375,-49,-0.18375,3,0.00675,0
2026-03-11,17:45:15.095196,578914,10,0.0375,-44,-0.165,3,0.00675,0
2026-03-11,17:45:15.095196,579444,9,0.03375,-47,-0.17625,3,0.00675,0
2026-03-11,17:45:15.095196,579977,16,0.06,-51,-0.19125,3,0.00675,0
2026-03-11,17:45:15.095196,580508,14,0.0525,-41,-0.15375,3,0.00675,0
2026-03-11,17:45:17.878307,581187,6,0.0225,-53,-0.19875,4,0.009,0
2026-03-11,17:45:17.878307,581717,7,0.02625,-42,-0.1575,4,0.009,0
2026-03-11,17:45:17.878307,582248,11,0.04125,-48,-0.18,4,0.009,0
2026-03-11,17:45:17.878307,582778,8,0.03,-44,-0.165,3,0.00675,0
2026-03-11,17:45:17.878307,583309,9,0.03375,-47,-0.17625,2,0.0045,0
2026-03-11,17:45:20.652408,583986,15,0.05625,-46,-0.1725,4,0.009,0
2026-03-11,17:45:20.652408,584517,8,0.03,-49,-0.18375,3,0.00675,0
2026-03-11,17:45:20.652408,585047,4,0.015,-44,-0.165,3,0.00675,0
2026-03-11,17:45:20.652408,585578,10,0.0375,-41,-0.15375,4,0.009,0
2026-03-11,17:45:20.652408,586111,8,0.03,-48,-0.18,2,0.0045,0
2026-03-11,17:45:23.502618,586789,9,0.03375,-47,-0.17625,4,0.009,0
2026-03-11,17:45:23.502618,587319,7,0.02625,-46,-0.1725,3,0.00675,0
2026-03-11,17:45:23.502618,587850,10,0.0375,-49,-0.18375,3,0.00675,0
2026-03-11,17:45:23.502618,588380,7,0.02625,-52,-0.195,4,0.009,0
2026-03-11,17:45:23.502618,588911,7,0.02625,-50,-0.1875,3,0.00675,0
2026-03-11,17:45:26.259628,589589,4,0.015,-41,-0.15375,2,0.0045,0
2026-03-11,17:45:26.259628,590122,9,0.03375,-46,-0.1725,3,0.00675,0
2026-03-11,17:45:26.259628,590652,7,0.02625,-51,-0.19125,4,0.009,0
2026-03-11,17:45:26.259628,591183,3,0.01125,-48,-0.18,4,0.009,0
2026-03-11,17:45:26.259628,591713,7,0.02625,-40,-0.15,3,0.00675,0
2026-03-11,17:45:29.059440,592391,4,0.015,-51,-0.19125,3,0.00675,0
2026-03-11,17:45:29.059440,592922,9,0.03375,-48,-0.18,3,0.00675,0
2026-03-11,17:45:29.059440,593452,9,0.03375,-51,-0.19125,4,0.009,0
2026-03-11,17:45:29.059440,593982,13,0.04875,-42,-0.1575,4,0.009,0
2026-03-11,17:45:29.059440,594513,15,0.05625,-48,-0.18,3,0.00675,0
2026-03-11,17:45:31.891651,595193,4,0.015,-49,-0.18375,4,0.009,0
2026-03-11,17:45:31.891651,595724,6,0.0225,-46,-0.1725,3,0.00675,0
2026-03-11,17:45:31.891651,596257,4,0.015,-45,-0.16875,3,0.00675,0
2026-03-11,17:45:31.891651,596788,14,0.0525,-47,-0.17625,3,0.00675,0
2026-03-11,17:45:31.891651,597318,10,0.0375,-48,-0.18,4,0.009,0
2026-03-11,17:45:34.659573,597997,9,0.03375,-49,-0.18375,3,0.00675,0
2026-03-11,17:45:34.659573,598527,12,0.045,-52,-0.195,2,0.0045,0
2026-03-11,17:45:34.659573,599058,10,0.0375,-50,-0.1875,4,0.009,0
2026-03-11,17:45:34.659573,599588,7,0.02625,-48,-0.18,4,0.009,0
2026-03-11,17:45:34.659573,600119,12,0.045,-45,-0.16875,2,0.0045,0
2026-03-11,17:45:37.511101,600798,6,0.0225,-45,-0.16875,4,0.009,0
2026-03-11,17:45:37.511101,601328,7,0.02625,-40,-0.15,4,0.009,0
2026-03-11,17:45:37.511101,601859,4,0.015,-45,-0.16875,3,0.00675,0
2026-03-11,17:45:37.511101,602392,6,0.0225,-46,-0.1725,2,0.0045,0
2026-03-11,17:45:37.511101,602922,4,0.015,-37,-0.13875,3,0.00675,0
2026-03-11,17:45:40.279332,603600,16,0.06,-49,-0.18375,2,0.0045,0
2026-03-11,17:45:40.279332,604130,5,0.01875,-45,-0.16875,3,0.00675,0
2026-03-11,17:45:40.279332,604661,5,0.01875,-48,-0.18,2,0.0045,0
2026-03-11,17:45:40.279332,605192,3,0.01125,-53,-0.19875,2,0.0045,0
2026-03-11,17:45:40.279332,605722,8,0.03,-52,-0.195,3,0.00675,0
2026-03-11,17:45:43.079450,606400,11,0.04125,-51,-0.19125,3,0.00675,0
2026-03-11,17:45:43.079450,606931,5,0.01875,-45,-0.16875,3,0.00675,0
2026-03-11,17:45:43.079450,607461,13,0.04875,-44,-0.165,3,0.00675,0
2026-03-11,17:45:43.079450,607991,5,0.01875,-41,-0.15375,3,0.00675,0
2026-03-11,17:45:43.079450,608522,7,0.02625,-52,-0.195,3,0.00675,0
2026-03-11,17:45:45.909331,609200,12,0.045,-48,-0.18,5,0.01125,0
2026-03-11,17:45:45.909331,609730,10,0.0375,-47,-0.17625,2,0.0045,0
2026-03-11,17:45:45.909331,610261,15,0.05625,-54,-0.2025,4,0.009,0
2026-03-11,17:45:45.909331,610791,10,0.0375,-46,-0.1725,3,0.00675,0
2026-03-11,17:45:45.909331,611324,12,0.045,-41,-0.15375,4,0.009,0
2026-03-11,17:45:48.675388,612003,14,0.0525,-48,-0.18,4,0.009,0
2026-03-11,17:45:48.675388,612536,6,0.0225,-50,-0.1875,3,0.00675,0
2026-03-11,17:45:48.675388,613067,13,0.04875,-50,-0.1875,3,0.00675,0
2026-03-11,17:45:48.675388,613597,3,0.01125,-46,-0.1725,3,0.00675,0
2026-03-11,17:45:48.675388,614128,13,0.04875,-38,-0.1425,4,0.009,0
2026-03-11,17:45:51.472046,614806,11,0.04125,-50,-0.1875,3,0.00675,0
2026-03-11,17:45:51.472046,615337,8,0.03,-42,-0.1575,4,0.009,0
2026-03-11,17:45:51.472046,615867,-1,-0.00375,-51,-0.19125,4,0.009,0
2026-03-11,17:45:51.472046,616398,6,0.0225,-52,-0.195,4,0.009,0
2026-03-11,17:45:51.472046,616929,8,0.03,-50,-0.1875,4,0.009,0
2026-03-11,17:45:54.322739,617608,5,0.01875,-48,-0.18,2,0.0045,0
2026-03-11,17:45:54.322739,618138,14,0.0525,-44,-0.165,3,0.00675,0
2026-03-11,17:45:54.322739,618669,13,0.04875,-48,-0.18,4,0.009,0
2026-03-11,17:45:54.322739,619199,3,0.01125,-46,-0.1725,3,0.00675,0
2026-03-11,17:45:54.322739,619730,7,0.02625,-57,-0.21375,3,0.00675,0
2026-03-11,17:45:57.080243,620407,21,0.07875,-53,-0.19875,4,0.009,0
2026-03-11,17:45:57.080243,620938,1,0.00375,-55,-0.20625,3,0.00675,0
2026-03-11,17:45:57.080243,621470,7,0.02625,-47,-0.17625,5,0.01125,0
2026-03-11,17:45:57.080243,622000,9,0.03375,-51,-0.19125,5,0.01125,0
2026-03-11,17:45:57.080243,622531,5,0.01875,-49,-0.18375,3,0.00675,0
2026-03-11,17:45:59.869402,623209,12,0.045,-49,-0.18375,2,0.0045,0
2026-03-11,17:45:59.869402,623739,15,0.05625,-50,-0.1875,5,0.01125,0
2026-03-11,17:45:59.869402,624269,13,0.04875,-53,-0.19875,4,0.009,0
2026-03-11,17:45:59.869402,624800,12,0.045,-45,-0.16875,4,0.009,0
2026-03-11,17:45:59.869402,625330,6,0.0225,-41,-0.15375,5,0.01125,0
2026-03-11,17:46:02.705926,626008,7,0.02625,-44,-0.165,2,0.0045,0
2026-03-11,17:46:02.705926,626539,15,0.05625,-53,-0.19875,4,0.009,0
2026-03-11,17:46:02.705926,627069,11,0.04125,-52,-0.195,3,0.00675,0
2026-03-11,17:46:02.705926,627602,7,0.02625,-51,-0.19125,3,0.00675,0
2026-03-11,17:46:02.705926,628133,13,0.04875,-46,-0.1725,3,0.00675,0
2026-03-11,17:46:05.473777,628811,14,0.0525,-44,-0.165,5,0.01125,0
2026-03-11,17:46:05.473777,629342,4,0.015,-50,-0.1875,4,0.009,0
2026-03-11,17:46:05.473777,629872,0,0,-47,-0.17625,3,0.00675,0
2026-03-11,17:46:05.473777,630403,9,0.03375,-48,-0.18,3,0.00675,0
2026-03-11,17:46:05.473777,630933,7,0.02625,-49,-0.18375,3,0.00675,0
2026-03-11,17:46:08.318899,631611,15,0.05625,-50,-0.1875,2,0.0045,0
2026-03-11,17:46:08.318899,632142,3,0.01125,-48,-0.18,4,0.009,0
2026-03-11,17:46:08.318899,632672,5,0.01875,-41,-0.15375,4,0.009,0
2026-03-11,17:46:08.318899,633203,10,0.0375,-47,-0.17625,4,0.009,0
2026-03-11,17:46:08.318899,633736,17,0.06375,-52,-0.195,3,0.00675,0
2026-03-11,17:46:11.104937,634414,7,0.02625,-44,-0.165,4,0.009,0
2026-03-11,17:46:11.104937,634945,8,0.03,-42,-0.1575,3,0.00675,0
2026-03-11,17:46:11.104937,635475,6,0.0225,-51,-0.19125,4,0.009,0
2026-03-11,17:46:11.104937,636006,8,0.03,-52,-0.195,4,0.009,0
2026-03-11,17:46:11.104937,636537,10,0.0375,-41,-0.15375,4,0.009,0
2026-03-11,17:46:13.918463,637215,2,0.0075,-54,-0.2025,3,0.00675,0
2026-03-11,17:46:13.918463,637748,8,0.03,-38,-0.1425,3,0.00675,0
2026-03-11,17:46:13.918463,638279,8,0.03,-46,-0.1725,2,0.0045,0
2026-03-11,17:46:13.918463,638809,12,0.045,-51,-0.19125,4,0.009,0
2026-03-11,17:46:13.918463,639340,10,0.0375,-46,-0.1725,3,0.00675,0
2026-03-11,17:46:16.734124,640020,2,0.0075,-46,-0.1725,4,0.009,0
2026-03-11,17:46:16.734124,640551,10,0.0375,-49,-0.18375,4,0.009,0
2026-03-11,17:46:16.734124,641081,-3,-0.01125,-56,-0.21,4,0.009,0
2026-03-11,17:46:16.734124,641611,7,0.02625,-45,-0.16875,4,0.009,0
2026-03-11,17:46:16.734124,642142,4,0.015,-46,-0.1725,3,0.00675,0
2026-03-11,17:46:19.500439,642820,3,0.01125,-48,-0.18,4,0.009,0
2026-03-11,17:46:19.500439,643351,7,0.02625,-48,-0.18,2,0.0045,0
2026-03-11,17:46:19.500439,643884,13,0.04875,-44,-0.165,3,0.00675,0
2026-03-11,17:46:19.500439,644414,11,0.04125,-53,-0.19875,4,0.009,0
2026-03-11,17:46:19.500439,644945,4,0.015,-48,-0.18,5,0.01125,0
2026-03-11,17:46:22.369771,645622,7,0.02625,-46,-0.1725,4,0.009,0
2026-03-11,17:46:22.369771,646153,9,0.03375,-47,-0.17625,6,0.0135,0
2026-03-11,17:46:22.369771,646683,11,0.04125,-45,-0.16875,5,0.01125,0
2026-03-11,17:46:22.369771,647214,3,0.01125,-44,-0.165,3,0.00675,0
2026-03-11,17:46:22.369771,647744,20,0.075,-50,-0.1875,3,0.00675,0
2026-03-11,17:46:25.141229,648423,14,0.0525,-48,-0.18,3,0.00675,0
2026-03-11,17:46:25.141229,648953,14,0.0525,-46,-0.1725,2,0.0045,0
2026-03-11,17:46:25.141229,649484,12,0.045,-49,-0.18375,4,0.009,0
2026-03-11,17:46:25.141229,650017,9,0.03375,-46,-0.1725,4,0.009,0
2026-03-11,17:46:25.141229,650548,8,0.03,-47,-0.17625,4,0.009,0
2026-03-11,17:46:27.933429,651272,14,0.0525,-53,-0.19875,4,0.009,0
2026-03-11,17:46:27.933429,651802,7,0.02625,-41,-0.15375,3,0.00675,0
2026-03-11,17:46:27.933429,652333,5,0.01875,-46,-0.1725,4,0.009,0
2026-03-11,17:46:27.933429,652863,14,0.0525,-49,-0.18375,5,0.01125,0
2026-03-11,17:46:27.933429,653396,16,0.06,-43,-0.16125,4,0.009,0
2026-03-11,17:46:30.766086,654075,3,0.01125,-47,-0.17625,3,0.00675,0
2026-03-11,17:46:30.766086,654606,13,0.04875,-38,-0.1425,3,0.00675,0
2026-03-11,17:46:30.766086,655136,10,0.0375,-56,-0.21,4,0.009,0
2026-03-11,17:46:30.766086,655666,19,0.07125,-43,-0.16125,3,0.00675,0
2026-03-11,17:46:30.766086,656197,3,0.01125,-46,-0.1725,4,0.009,0
2026-03-11,17:46:33.540188,656875,13,0.04875,-45,-0.16875,6,0.0135,0
2026-03-11,17:46:33.540188,657408,12,0.045,-49,-0.18375,4,0.009,0
2026-03-11,17:46:33.540188,657938,9,0.03375,-43,-0.16125,5,0.01125,0
2026-03-11,17:46:33.540188,658469,-6,-0.0225,-52,-0.195,4,0.009,0
2026-03-11,17:46:33.540188,659000,6,0.0225,-50,-0.1875,3,0.00675,0
2026-03-11,17:46:36.338320,659679,4,0.015,-42,-0.1575,4,0.009,0
2026-03-11,17:46:36.338320,660209,7,0.02625,-39,-0.14625,4,0.009,0
2026-03-11,17:46:36.338320,660740,8,0.03,-51,-0.19125,3,0.00675,0
2026-03-11,17:46:36.338320,661270,10,0.0375,-49,-0.18375,4,0.009,0
2026-03-11,17:46:36.338320,661801,8,0.03,-50,-0.1875,3,0.00675,0
2026-03-11,17:46:39.162386,662479,12,0.045,-50,-0.1875,4,0.009,0
2026-03-11,17:46:39.162386,663010,7,0.02625,-57,-0.21375,4,0.009,0
2026-03-11,17:46:39.162386,663543,9,0.03375,-46,-0.1725,4,0.009,0
2026-03-11,17:46:39.162386,664073,13,0.04875,-50,-0.1875,4,0.009,0
2026-03-11,17:46:39.162386,664604,18,0.0675,-46,-0.1725,3,0.00675,0
2026-03-11,17:46:41.944488,665283,9,0.03375,-55,-0.20625,5,0.01125,0
2026-03-11,17:46:41.944488,665813,10,0.0375,-53,-0.19875,5,0.01125,0
2026-03-11,17:46:41.944488,666343,13,0.04875,-44,-0.165,5,0.01125,0
2026-03-11,17:46:41.944488,666874,3,0.01125,-55,-0.20625,5,0.01125,0
2026-03-11,17:46:41.944488,667404,15,0.05625,-47,-0.17625,4,0.009,0
2026-03-11,17:46:44.794197,668083,12,0.045,-48,-0.18,3,0.00675,0
2026-03-11,17:46:44.794197,668614,12,0.045,-54,-0.2025,4,0.009,0
2026-03-11,17:46:44.794197,669144,1,0.00375,-49,-0.18375,4,0.009,0
2026-03-11,17:46:44.794197,669677,25,0.09375,-48,-0.18,4,0.009,0
2026-03-11,17:46:44.794197,670208,8,0.03,-53,-0.19875,3,0.00675,0
2026-03-11,17:46:47.555017,670885,13,0.04875,-44,-0.165,4,0.009,0
2026-03-11,17:46:47.555017,671416,15,0.05625,-51,-0.19125,3,0.00675,0
2026-03-11,17:46:47.555017,671946,16,0.06,-43,-0.16125,4,0.009,0
2026-03-11,17:46:47.555017,672477,2,0.0075,-48,-0.18,3,0.00675,0
2026-03-11,17:46:47.555017,673007,14,0.0525,-46,-0.1725,5,0.01125,0
2026-03-11,17:46:50.356372,673686,6,0.0225,-47,-0.17625,3,0.00675,0
2026-03-11,17:46:50.356372,674217,9,0.03375,-39,-0.14625,3,0.00675,0
2026-03-11,17:46:50.356372,674747,15,0.05625,-47,-0.17625,5,0.01125,0
2026-03-11,17:46:50.356372,675278,12,0.045,-49,-0.18375,4,0.009,0
2026-03-11,17:46:50.356372,675808,11,0.04125,-50,-0.1875,5,0.01125,0
2026-03-11,17:46:53.190252,676487,15,0.05625,-38,-0.1425,4,0.009,0
2026-03-11,17:46:53.190252,677018,11,0.04125,-50,-0.1875,3,0.00675,0
2026-03-11,17:46:53.190252,677548,8,0.03,-46,-0.1725,5,0.01125,0
2026-03-11,17:46:53.190252,678079,7,0.02625,-47,-0.17625,2,0.0045,0
2026-03-11,17:46:53.190252,678611,15,0.05625,-40,-0.15,3,0.00675,0
2026-03-11,17:46:55.950235,679289,10,0.0375,-50,-0.1875,5,0.01125,0
2026-03-11,17:46:55.950235,679822,9,0.03375,-45,-0.16875,4,0.009,0
2026-03-11,17:46:55.950235,680353,10,0.0375,-46,-0.1725,3,0.00675,0
2026-03-11,17:46:55.950235,680883,3,0.01125,-44,-0.165,4,0.009,0
2026-03-11,17:46:55.950235,681414,3,0.01125,-51,-0.19125,3,0.00675,0
2026-03-11,17:46:58.756307,682092,5,0.01875,-49,-0.18375,3,0.00675,0
2026-03-11,17:46:58.756307,682622,6,0.0225,-40,-0.15,4,0.009,0
2026-03-11,17:46:58.756307,683153,14,0.0525,-44,-0.165,5,0.01125,0
2026-03-11,17:46:58.756307,683683,15,0.05625,-43,-0.16125,3,0.00675,0
2026-03-11,17:46:58.756307,684214,9,0.03375,-53,-0.19875,3,0.00675,0
2026-03-11,17:47:01.581701,684893,12,0.045,-56,-0.21,3,0.00675,0
2026-03-11,17:47:01.581701,685423,10,0.0375,-59,-0.22125,4,0.009,0
2026-03-11,17:47:01.581701,685956,13,0.04875,-53,-0.19875,5,0.01125,0
2026-03-11,17:47:01.581701,686487,15,0.05625,-49,-0.18375,3,0.00675,0
2026-03-11,17:47:01.581701,687018,9,0.03375,-49,-0.18375,3,0.00675,0
2026-03-11,17:47:04.356563,687695,10,0.0375,-51,-0.19125,4,0.009,0
2026-03-11,17:47:04.356563,688226,9,0.03375,-42,-0.1575,4,0.009,0
2026-03-11,17:47:04.356563,688756,13,0.04875,-52,-0.195,5,0.01125,0
2026-03-11,17:47:04.356563,689287,13,0.04875,-46,-0.1725,4,0.009,0
2026-03-11,17:47:04.356563,689817,6,0.0225,-52,-0.195,1,0.00225,0
2026-03-11,17:47:07.155569,690495,16,0.06,-54,-0.2025,3,0.00675,0
2026-03-11,17:47:07.155569,691026,6,0.0225,-48,-0.18,4,0.009,0
2026-03-11,17:47:07.155569,691556,7,0.02625,-51,-0.19125,2,0.0045,0
2026-03-11,17:47:07.155569,692087,5,0.01875,-45,-0.16875,5,0.01125,0
2026-03-11,17:47:07.155569,692617,8,0.03,-52,-0.195,4,0.009,0
2026-03-11,17:47:09.982419,693295,8,0.03,-55,-0.20625,2,0.0045,0
2026-03-11,17:47:09.982419,693825,8,0.03,-44,-0.165,5,0.01125,0
2026-03-11,17:47:09.982419,694356,5,0.01875,-48,-0.18,4,0.009,0
2026-03-11,17:47:09.982419,694889,15,0.05625,-49,-0.18375,3,0.00675,0
2026-03-11,17:47:09.982419,695419,12,0.045,-46,-0.1725,4,0.009,0
2026-03-11,17:47:12.760075,696098,11,0.04125,-52,-0.195,4,0.009,0
2026-03-11,17:47:12.760075,696629,9,0.03375,-50,-0.1875,2,0.0045,0
2026-03-11,17:47:12.760075,697159,-5,-0.01875,-46,-0.1725,3,0.00675,0
2026-03-11,17:47:12.760075,697689,4,0.015,-45,-0.16875,5,0.01125,0
2026-03-11,17:47:12.760075,698220,11,0.04125,-43,-0.16125,3,0.00675,0
2026-03-11,17:47:15.566651,698899,8,0.03,-48,-0.18,3,0.00675,0
2026-03-11,17:47:15.566651,699429,13,0.04875,-46,-0.1725,3,0.00675,0
2026-03-11,17:47:15.566651,699960,2,0.0075,-50,-0.1875,5,0.01125,0
2026-03-11,17:47:15.566651,700490,14,0.0525,-58,-0.2175,4,0.009,0
2026-03-11,17:47:15.566651,701023,11,0.04125,-46,-0.1725,4,0.009,0
2026-03-11,17:47:18.381900,701702,13,0.04875,-50,-0.1875,4,0.009,0
2026-03-11,17:47:18.381900,702235,6,0.0225,-51,-0.19125,4,0.009,0
2026-03-11,17:47:18.381900,702766,6,0.0225,-46,-0.1725,5,0.01125,0
2026-03-11,17:47:18.381900,703296,14,0.0525,-56,-0.21,3,0.00675,0
2026-03-11,17:47:18.381900,703827,10,0.0375,-54,-0.2025,2,0.0045,0
2026-03-11,17:47:21.170202,704506,14,0.0525,-46,-0.1725,2,0.0045,0
2026-03-11,17:47:21.170202,705036,11,0.04125,-54,-0.2025,5,0.01125,0
2026-03-11,17:47:21.170202,705567,7,0.02625,-50,-0.1875,4,0.009,0
2026-03-11,17:47:21.170202,706097,11,0.04125,-60,-0.225,4,0.009,0
2026-03-11,17:47:21.170202,706628,6,0.0225,-59,-0.22125,4,0.009,0
2026-03-11,17:47:24.034184,707307,12,0.045,-50,-0.1875,3,0.00675,0
2026-03-11,17:47:24.034184,707838,15,0.05625,-52,-0.195,4,0.009,0
2026-03-11,17:47:24.034184,708368,11,0.04125,-49,-0.18375,2,0.0045,0
2026-03-11,17:47:24.034184,708899,11,0.04125,-48,-0.18,2,0.0045,0
2026-03-11,17:47:24.034184,709429,13,0.04875,-50,-0.1875,3,0.00675,0
2026-03-11,17:47:26.779730,710108,9,0.03375,-50,-0.1875,3,0.00675,0
2026-03-11,17:47:26.779730,710639,11,0.04125,-48,-0.18,3,0.00675,0
2026-03-11,17:47:26.779730,711172,18,0.0675,-45,-0.16875,3,0.00675,0
2026-03-11,17:47:26.779730,711702,12,0.045,-50,-0.1875,4,0.009,0
2026-03-11,17:47:26.779730,712233,11,0.04125,-45,-0.16875,2,0.0045,0
2026-03-11,17:47:29.570425,712911,8,0.03,-51,-0.19125,4,0.009,0
2026-03-11,17:47:29.570425,713442,10,0.0375,-51,-0.19125,4,0.009,0
2026-03-11,17:47:29.570425,713972,9,0.03375,-48,-0.18,3,0.00675,0
2026-03-11,17:47:29.570425,714503,16,0.06,-51,-0.19125,4,0.009,0
2026-03-11,17:47:29.570425,715033,8,0.03,-57,-0.21375,2,0.0045,0
2026-03-11,17:47:32.404450,715711,5,0.01875,-51,-0.19125,3,0.00675,0
2026-03-11,17:47:32.404450,716242,7,0.02625,-41,-0.15375,4,0.009,0
2026-03-11,17:47:32.404450,716772,10,0.0375,-48,-0.18,4,0.009,0
2026-03-11,17:47:32.404450,717305,5,0.01875,-43,-0.16125,4,0.009,0
2026-03-11,17:47:32.404450,717836,3,0.01125,-56,-0.21,4,0.009,0
2026-03-11,17:47:35.176311,718513,9,0.03375,-53,-0.19875,4,0.009,0
2026-03-11,17:47:35.176311,719044,15,0.05625,-49,-0.18375,4,0.009,0
2026-03-11,17:47:35.176311,719574,7,0.02625,-50,-0.1875,3,0.00675,0
2026-03-11,17:47:35.176311,720105,10,0.0375,-48,-0.18,2,0.0045,0
2026-03-11,17:47:35.176311,720635,10,0.0375,-56,-0.21,4,0.009,0
2026-03-11,17:47:37.974964,721314,1,0.00375,-59,-0.22125,2,0.0045,0
2026-03-11,17:47:37.974964,721845,10,0.0375,-47,-0.17625,4,0.009,0
2026-03-11,17:47:37.974964,722375,10,0.0375,-51,-0.19125,4,0.009,0
2026-03-11,17:47:37.974964,722906,16,0.06,-53,-0.19875,4,0.009,0
2026-03-11,17:47:37.974964,723439,14,0.0525,-52,-0.195,5,0.01125,0
2026-03-11,17:47:40.807828,724117,10,0.0375,-54,-0.2025,5,0.01125,0
2026-03-11,17:47:40.807828,724648,11,0.04125,-51,-0.19125,3,0.00675,0
2026-03-11,17:47:40.807828,725179,4,0.015,-44,-0.165,3,0.00675,0
2026-03-11,17:47:40.807828,725709,0,0,-51,-0.19125,3,0.00675,0
2026-03-11,17:47:40.807828,726240,9,0.03375,-51,-0.19125,4,0.009,0
2026-03-11,17:47:43.584904,726917,13,0.04875,-56,-0.21,2,0.0045,0
2026-03-11,17:47:43.584904,727450,1,0.00375,-47,-0.17625,3,0.00675,0
2026-03-11,17:47:43.584904,727981,11,0.04125,-55,-0.20625,2,0.0045,0
2026-03-11,17:47:43.584904,728511,9,0.03375,-50,-0.1875,2,0.0045,0
2026-03-11,17:47:43.584904,729042,4,0.015,-49,-0.18375,4,0.009,0
2026-03-11,17:47:46.373936,729719,11,0.04125,-48,-0.18,4,0.009,0
2026-03-11,17:47:46.373936,730249,10,0.0375,-51,-0.19125,3,0.00675,0
2026-03-11,17:47:46.373936,730780,15,0.05625,-46,-0.1725,3,0.00675,0
2026-03-11,17:47:46.373936,731310,14,0.0525,-54,-0.2025,2,0.0045,0
2026-03-11,17:47:46.373936,731841,3,0.01125,-61,-0.22875,3,0.00675,0
2026-03-11,17:47:49.209543,732519,9,0.03375,-54,-0.2025,2,0.0045,0
2026-03-11,17:47:49.209543,733049,14,0.0525,-55,-0.20625,4,0.009,0
2026-03-11,17:47:49.209543,733582,13,0.04875,-48,-0.18,2,0.0045,0
2026-03-11,17:47:49.209543,734113,5,0.01875,-48,-0.18,3,0.00675,0
2026-03-11,17:47:49.209543,734643,3,0.01125,-54,-0.2025,3,0.00675,0
2026-03-11,17:47:51.982420,735321,15,0.05625,-51,-0.19125,5,0.01125,0
2026-03-11,17:47:51.982420,735852,8,0.03,-40,-0.15,3,0.00675,0
2026-03-11,17:47:51.982420,736382,11,0.04125,-52,-0.195,4,0.009,0
2026-03-11,17:47:51.982420,736913,11,0.04125,-55,-0.20625,3,0.00675,0
2026-03-11,17:47:51.982420,737443,12,0.045,-50,-0.1875,4,0.009,0
2026-03-11,17:47:54.832900,738122,10,0.0375,-46,-0.1725,4,0.009,0
2026-03-11,17:47:54.832900,738652,10,0.0375,-43,-0.16125,3,0.00675,0
2026-03-11,17:47:54.832900,739183,8,0.03,-42,-0.1575,4,0.009,0
2026-03-11,17:47:54.832900,739716,17,0.06375,-55,-0.20625,4,0.009,0
2026-03-11,17:47:54.832900,740246,8,0.03,-48,-0.18,3,0.00675,0
2026-03-11,17:47:57.600956,740924,10,0.0375,-49,-0.18375,3,0.00675,0
2026-03-11,17:47:57.600956,741454,14,0.0525,-46,-0.1725,5,0.01125,0
2026-03-11,17:47:57.600956,741985,0,0,-53,-0.19875,3,0.00675,0
2026-03-11,17:47:57.600956,742516,1,0.00375,-49,-0.18375,2,0.0045,0
2026-03-11,17:47:57.600956,743046,4,0.015,-58,-0.2175,4,0.009,0
2026-03-11,17:48:00.379074,743724,10,0.0375,-41,-0.15375,3,0.00675,0
2026-03-11,17:48:00.379074,744255,8,0.03,-53,-0.19875,4,0.009,0
2026-03-11,17:48:00.379074,744785,11,0.04125,-44,-0.165,4,0.009,0
2026-03-11,17:48:00.379074,745316,17,0.06375,-52,-0.195,4,0.009,0
2026-03-11,17:48:00.379074,745847,10,0.0375,-46,-0.1725,6,0.0135,0
2026-03-11,17:48:03.237230,746525,6,0.0225,-46,-0.1725,4,0.009,0
2026-03-11,17:48:03.237230,747056,6,0.0225,-52,-0.195,3,0.00675,0
2026-03-11,17:48:03.237230,747586,10,0.0375,-52,-0.195,5,0.01125,0
2026-03-11,17:48:03.237230,748117,10,0.0375,-51,-0.19125,3,0.00675,0
2026-03-11,17:48:03.237230,748650,13,0.04875,-43,-0.16125,3,0.00675,0
2026-03-11,17:48:06.112789,749329,0,0,-46,-0.1725,2,0.0045,0
2026-03-11,17:48:06.112789,749862,12,0.045,-47,-0.17625,4,0.009,0
2026-03-11,17:48:06.112789,750392,0,0,-45,-0.16875,4,0.009,0
2026-03-11,17:48:06.112789,750923,12,0.045,-53,-0.19875,3,0.00675,0
2026-03-11,17:48:06.112789,751453,10,0.0375,-45,-0.16875,3,0.00675,0
2026-03-11,17:48:08.901381,752242,6,0.0225,-52,-0.195,4,0.009,0
2026-03-11,17:48:08.901381,752773,9,0.03375,-54,-0.2025,4,0.009,0
2026-03-11,17:48:08.901381,753303,13,0.04875,-53,-0.19875,4,0.009,0
2026-03-11,17:48:08.901381,753834,10,0.0375,-49,-0.18375,4,0.009,0
2026-03-11,17:48:08.901381,754364,12,0.045,-53,-0.19875,5,0.01125,0
2026-03-11,17:48:11.725706,755043,8,0.03,-43,-0.16125,4,0.009,0
2026-03-11,17:48:11.725706,755573,14,0.0525,-45,-0.16875,3,0.00675,0
2026-03-11,17:48:11.725706,756104,13,0.04875,-48,-0.18,4,0.009,0
2026-03-11,17:48:11.725706,756637,9,0.03375,-51,-0.19125,2,0.0045,0
2026-03-11,17:48:11.725706,757167,20,0.075,-50,-0.1875,4,0.009,0
2026-03-11,17:48:14.501207,757846,13,0.04875,-42,-0.1575,4,0.009,0
2026-03-11,17:48:14.501207,758377,11,0.04125,-52,-0.195,4,0.009,0
2026-03-11,17:48:14.501207,758907,13,0.04875,-45,-0.16875,4,0.009,0
2026-03-11,17:48:14.501207,759437,7,0.02625,-53,-0.19875,4,0.009,0
2026-03-11,17:48:14.501207,759968,2,0.0075,-49,-0.18375,2,0.0045,0
2026-03-11,17:48:17.389063,760646,12,0.045,-45,-0.16875,3,0.00675,0
2026-03-11,17:48:17.389063,761176,6,0.0225,-51,-0.19125,3,0.00675,0
2026-03-11,17:48:17.389063,761707,11,0.04125,-51,-0.19125,4,0.009,0
2026-03-11,17:48:17.389063,762237,12,0.045,-55,-0.20625,4,0.009,0
2026-03-11,17:48:17.389063,762770,13,0.04875,-48,-0.18,3,0.00675,0
2026-03-11,17:48:20.150376,763497,15,0.05625,-51,-0.19125,2,0.0045,0
2026-03-11,17:48:20.150376,764027,10,0.0375,-46,-0.1725,2,0.0045,0
2026-03-11,17:48:20.150376,764558,13,0.04875,-51,-0.19125,3,0.00675,0
2026-03-11,17:48:20.150376,765088,12,0.045,-54,-0.2025,3,0.00675,0
2026-03-11,17:48:20.150376,765619,7,0.02625,-49,-0.18375,4,0.009,0
2026-03-11,17:48:22.995919,766298,10,0.0375,-46,-0.1725,2,0.0045,0
2026-03-11,17:48:22.995919,766829,0,0,-53,-0.19875,2,0.0045,0
2026-03-11,17:48:22.995919,767359,8,0.03,-56,-0.21,4,0.009,0
2026-03-11,17:48:22.995919,767889,5,0.01875,-54,-0.2025,3,0.00675,0
2026-03-11,17:48:22.995919,768420,11,0.04125,-56,-0.21,4,0.009,0
2026-03-11,17:48:25.758667,769099,6,0.0225,-44,-0.165,2,0.0045,0
2026-03-11,17:48:25.758667,769629,-3,-0.01125,-47,-0.17625,4,0.009,0
2026-03-11,17:48:25.758667,770161,10,0.0375,-51,-0.19125,3,0.00675,0
2026-03-11,17:48:25.758667,770691,8,0.03,-49,-0.18375,2,0.0045,0
2026-03-11,17:48:25.758667,771222,10,0.0375,-49,-0.18375,4,0.009,0
2026-03-11,17:48:28.558795,771901,6,0.0225,-51,-0.19125,4,0.009,0
2026-03-11,17:48:28.558795,772431,15,0.05625,-50,-0.1875,5,0.01125,0
2026-03-11,17:48:28.558795,772962,6,0.0225,-43,-0.16125,2,0.0045,0
2026-03-11,17:48:28.558795,773492,11,0.04125,-41,-0.15375,2,0.0045,0
2026-03-11,17:48:28.558795,774023,16,0.06,-55,-0.20625,2,0.0045,0
2026-03-11,17:48:31.396715,774701,9,0.03375,-44,-0.165,4,0.009,0
2026-03-11,17:48:31.396715,775232,19,0.07125,-58,-0.2175,5,0.01125,0
2026-03-11,17:48:31.396715,775762,7,0.02625,-52,-0.195,5,0.01125,0
2026-03-11,17:48:31.396715,776296,10,0.0375,-57,-0.21375,4,0.009,0
2026-03-11,17:48:31.396715,776826,15,0.05625,-52,-0.195,4,0.009,0
2026-03-11,17:48:34.165377,777505,18,0.0675,-45,-0.16875,2,0.0045,0
2026-03-11,17:48:34.165377,778035,11,0.04125,-53,-0.19875,4,0.009,0
2026-03-11,17:48:34.165377,778566,13,0.04875,-53,-0.19875,3,0.00675,0
2026-03-11,17:48:34.165377,779096,15,0.05625,-52,-0.195,2,0.0045,0
2026-03-11,17:48:34.165377,779627,5,0.01875,-52,-0.195,3,0.00675,0
2026-03-11,17:48:36.962514,780304,15,0.05625,-48,-0.18,2,0.0045,0
2026-03-11,17:48:36.962514,780835,8,0.03,-55,-0.20625,2,0.0045,0
2026-03-11,17:48:36.962514,781365,14,0.0525,-47,-0.17625,5,0.01125,0
2026-03-11,17:48:36.962514,781896,10,0.0375,-42,-0.1575,3,0.00675,0
2026-03-11,17:48:36.962514,782429,11,0.04125,-39,-0.14625,3,0.00675,0
2026-03-11,17:48:39.791731,783108,11,0.04125,-49,-0.18375,3,0.00675,0
2026-03-11,17:48:39.791731,783638,8,0.03,-55,-0.20625,3,0.00675,0
2026-03-11,17:48:39.791731,784169,13,0.04875,-44,-0.165,2,0.0045,0
2026-03-11,17:48:39.791731,784700,12,0.045,-55,-0.20625,3,0.00675,0
2026-03-11,17:48:39.791731,785230,10,0.0375,-48,-0.18,2,0.0045,0
2026-03-11,17:48:42.573100,785910,3,0.01125,-50,-0.1875,4,0.009,0
2026-03-11,17:48:42.573100,786442,9,0.03375,-56,-0.21,3,0.00675,0
2026-03-11,17:48:42.573100,786972,11,0.04125,-52,-0.195,2,0.0045,0
2026-03-11,17:48:42.573100,787503,6,0.0225,-57,-0.21375,3,0.00675,0
2026-03-11,17:48:42.573100,788034,19,0.07125,-50,-0.1875,5,0.01125,0
2026-03-11,17:48:45.415838,788714,5,0.01875,-52,-0.195,3,0.00675,0
2026-03-11,17:48:45.415838,789245,6,0.0225,-55,-0.20625,3,0.00675,0
2026-03-11,17:48:45.415838,789775,10,0.0375,-50,-0.1875,4,0.009,0
2026-03-11,17:48:45.415838,790306,14,0.0525,-53,-0.19875,2,0.0045,0
2026-03-11,17:48:45.415838,790836,13,0.04875,-54,-0.2025,4,0.009,0
2026-03-11,17:48:48.184272,791515,11,0.04125,-51,-0.19125,4,0.009,0
2026-03-11,17:48:48.184272,792045,10,0.0375,-58,-0.2175,3,0.00675,0
2026-03-11,17:48:48.184272,792579,5,0.01875,-54,-0.2025,4,0.009,0
2026-03-11,17:48:48.184272,793109,13,0.04875,-46,-0.1725,4,0.009,0
2026-03-11,17:48:48.184272,793640,12,0.045,-43,-0.16125,3,0.00675,0
2026-03-11,17:48:50.973489,794318,10,0.0375,-51,-0.19125,3,0.00675,0
2026-03-11,17:48:50.973489,794849,18,0.0675,-44,-0.165,3,0.00675,0
2026-03-11,17:48:50.973489,795379,10,0.0375,-53,-0.19875,4,0.009,0
2026-03-11,17:48:50.973489,795910,8,0.03,-50,-0.1875,4,0.009,0
2026-03-11,17:48:50.973489,796440,9,0.03375,-49,-0.18375,4,0.009,0
2026-03-11,17:48:53.824600,797118,10,0.0375,-55,-0.20625,3,0.00675,0
2026-03-11,17:48:53.824600,797648,13,0.04875,-52,-0.195,4,0.009,0
2026-03-11,17:48:53.824600,798179,10,0.0375,-49,-0.18375,2,0.0045,0
2026-03-11,17:48:53.824600,798712,6,0.0225,-49,-0.18375,4,0.009,0
2026-03-11,17:48:53.824600,799242,4,0.015,-49,-0.18375,2,0.0045,0
2026-03-11,17:48:56.687533,799971,12,0.045,-52,-0.195,2,0.0045,0
2026-03-11,17:48:56.687533,800502,17,0.06375,-48,-0.18,2,0.0045,0
2026-03-11,17:48:56.687533,801032,17,0.06375,-58,-0.2175,4,0.009,0
2026-03-11,17:48:56.687533,801563,5,0.01875,-44,-0.165,5,0.01125,0
2026-03-11,17:48:56.687533,802096,13,0.04875,-52,-0.195,4,0.009,0
2026-03-11,17:48:59.446215,802775,14,0.0525,-47,-0.17625,3,0.00675,0
2026-03-11,17:48:59.446215,803308,6,0.0225,-53,-0.19875,3,0.00675,0
2026-03-11,17:48:59.446215,803839,8,0.03,-54,-0.2025,3,0.00675,0
2026-03-11,17:48:59.446215,804369,7,0.02625,-50,-0.1875,4,0.009,0
2026-03-11,17:48:59.446215,804900,5,0.01875,-44,-0.165,4,0.009,0
2026-03-11,17:49:02.235689,805578,3,0.01125,-57,-0.21375,3,0.00675,0
2026-03-11,17:49:02.235689,806109,7,0.02625,-58,-0.2175,4,0.009,0
2026-03-11,17:49:02.235689,806639,6,0.0225,-55,-0.20625,4,0.009,0
2026-03-11,17:49:02.235689,807170,5,0.01875,-49,-0.18375,4,0.009,0
2026-03-11,17:49:02.235689,807700,14,0.0525,-43,-0.16125,3,0.00675,0
2026-03-11,17:49:05.079683,808380,13,0.04875,-59,-0.22125,4,0.009,0
2026-03-11,17:49:05.079683,808911,13,0.04875,-45,-0.16875,4,0.009,0
2026-03-11,17:49:05.079683,809442,12,0.045,-55,-0.20625,2,0.0045,0
2026-03-11,17:49:05.079683,809972,7,0.02625,-59,-0.22125,4,0.009,0
2026-03-11,17:49:05.079683,810503,10,0.0375,-55,-0.20625,2,0.0045,0
2026-03-11,17:49:07.864795,811181,6,0.0225,-56,-0.21,3,0.00675,0
2026-03-11,17:49:07.864795,811712,11,0.04125,-45,-0.16875,4,0.009,0
2026-03-11,17:49:07.864795,812245,16,0.06,-38,-0.1425,3,0.00675,0
2026-03-11,17:49:07.864795,812776,1,0.00375,-46,-0.1725,3,0.00675,0
2026-03-11,17:49:07.864795,813306,8,0.03,-40,-0.15,3,0.00675,0
2026-03-11,17:49:10.638725,813984,1,0.00375,-48,-0.18,3,0.00675,0
2026-03-11,17:49:10.638725,814514,-1,-0.00375,-46,-0.1725,3,0.00675,0
2026-03-11,17:49:10.638725,815045,14,0.0525,-57,-0.21375,2,0.0045,0
2026-03-11,17:49:10.638725,815575,17,0.06375,-49,-0.18375,4,0.009,0
2026-03-11,17:49:10.638725,816106,7,0.02625,-51,-0.19125,3,0.00675,0
2026-03-11,17:49:13.480345,816784,1,0.00375,-56,-0.21,3,0.00675,0
2026-03-11,17:49:13.480345,817314,10,0.0375,-54,-0.2025,4,0.009,0
2026-03-11,17:49:13.480345,817845,17,0.06375,-62,-0.2325,5,0.01125,0
2026-03-11,17:49:13.480345,818378,11,0.04125,-46,-0.1725,2,0.0045,0
2026-03-11,17:49:13.480345,818908,10,0.0375,-54,-0.2025,3,0.00675,0
2026-03-11,17:49:16.347085,819587,10,0.0375,-50,-0.1875,3,0.00675,0
2026-03-11,17:49:16.347085,820118,2,0.0075,-45,-0.16875,2,0.0045,0
2026-03-11,17:49:16.347085,820648,14,0.0525,-56,-0.21,4,0.009,0
2026-03-11,17:49:16.347085,821178,13,0.04875,-55,-0.20625,4,0.009,0
2026-03-11,17:49:16.347085,821709,17,0.06375,-46,-0.1725,4,0.009,0
2026-03-11,17:49:19.109697,822402,21,0.07875,-52,-0.195,4,0.009,0
2026-03-11,17:49:19.109697,822932,6,0.0225,-54,-0.2025,5,0.01125,0
2026-03-11,17:49:19.109697,823463,11,0.04125,-56,-0.21,3,0.00675,0
2026-03-11,17:49:19.109697,823993,5,0.01875,-47,-0.17625,3,0.00675,0
2026-03-11,17:49:19.109697,824526,13,0.04875,-46,-0.1725,3,0.00675,0
2026-03-11,17:49:21.868611,825205,17,0.06375,-55,-0.20625,3,0.00675,0
2026-03-11,17:49:21.868611,825738,6,0.0225,-55,-0.20625,4,0.009,0
2026-03-11,17:49:21.868611,826269,17,0.06375,-52,-0.195,3,0.00675,0
2026-03-11,17:49:21.868611,826799,4,0.015,-56,-0.21,2,0.0045,0
2026-03-11,17:49:21.868611,827330,15,0.05625,-47,-0.17625,2,0.0045,0
2026-03-11,17:49:24.659196,828008,7,0.02625,-52,-0.195,3,0.00675,0
2026-03-11,17:49:24.659196,828539,19,0.07125,-50,-0.1875,2,0.0045,0
2026-03-11,17:49:24.659196,829070,7,0.02625,-50,-0.1875,2,0.0045,0
2026-03-11,17:49:24.659196,829600,6,0.0225,-49,-0.18375,5,0.01125,0
2026-03-11,17:49:24.659196,830131,14,0.0525,-53,-0.19875,3,0.00675,0
2026-03-11,17:49:27.499966,830811,12,0.045,-49,-0.18375,1,0.00225,0
2026-03-11,17:49:27.499966,831342,11,0.04125,-51,-0.19125,4,0.009,0
2026-03-11,17:49:27.499966,831872,7,0.02625,-58,-0.2175,3,0.00675,0
2026-03-11,17:49:27.499966,832403,5,0.01875,-62,-0.2325,2,0.0045,0
2026-03-11,17:49:27.499966,832933,5,0.01875,-44,-0.165,5,0.01125,0
2026-03-11,17:49:30.265350,833611,10,0.0375,-55,-0.20625,4,0.009,0
2026-03-11,17:49:30.265350,834142,2,0.0075,-52,-0.195,4,0.009,0
2026-03-11,17:49:30.265350,834674,4,0.015,-46,-0.1725,3,0.00675,0
2026-03-11,17:49:30.265350,835205,12,0.045,-52,-0.195,2,0.0045,0
2026-03-11,17:49:30.265350,835735,8,0.03,-57,-0.21375,4,0.009,0
2026-03-11,17:49:33.067747,836413,1,0.00375,-54,-0.2025,3,0.00675,0
2026-03-11,17:49:33.067747,836944,9,0.03375,-55,-0.20625,3,0.00675,0
2026-03-11,17:49:33.067747,837474,14,0.0525,-54,-0.2025,5,0.01125,0
2026-03-11,17:49:33.067747,838005,10,0.0375,-49,-0.18375,5,0.01125,0
2026-03-11,17:49:33.067747,838535,8,0.03,-51,-0.19125,4,0.009,0
2026-03-11,17:49:35.905382,839213,10,0.0375,-55,-0.20625,4,0.009,0
2026-03-11,17:49:35.905382,839743,5,0.01875,-51,-0.19125,5,0.01125,0
2026-03-11,17:49:35.905382,840274,7,0.02625,-54,-0.2025,2,0.0045,0
2026-03-11,17:49:35.905382,840807,0,0,-57,-0.21375,2,0.0045,0
2026-03-11,17:49:35.905382,841337,8,0.03,-54,-0.2025,4,0.009,0
2026-03-11,17:49:38.667259,842015,11,0.04125,-47,-0.17625,3,0.00675,0
2026-03-11,17:49:38.667259,842546,16,0.06,-50,-0.1875,3,0.00675,0
2026-03-11,17:49:38.667259,843076,14,0.0525,-53,-0.19875,3,0.00675,0
2026-03-11,17:49:38.667259,843607,14,0.0525,-53,-0.19875,3,0.00675,0
2026-03-11,17:49:38.667259,844137,3,0.01125,-51,-0.19125,2,0.0045,0
2026-03-11,17:49:41.482631,844815,12,0.045,-48,-0.18,3,0.00675,0
2026-03-11,17:49:41.482631,845345,12,0.045,-63,-0.23625,5,0.01125,0
2026-03-11,17:49:41.482631,845876,10,0.0375,-53,-0.19875,3,0.00675,0
2026-03-11,17:49:41.482631,846406,12,0.045,-47,-0.17625,4,0.009,0
2026-03-11,17:49:41.482631,846940,14,0.0525,-57,-0.21375,4,0.009,0
2026-03-11,17:49:44.313399,847618,12,0.045,-52,-0.195,4,0.009,0
2026-03-11,17:49:44.313399,848149,15,0.05625,-52,-0.195,3,0.00675,0
2026-03-11,17:49:44.313399,848679,4,0.015,-48,-0.18,3,0.00675,0
2026-03-11,17:49:44.313399,849210,7,0.02625,-48,-0.18,5,0.01125,0
2026-03-11,17:49:44.313399,849740,9,0.03375,-49,-0.18375,3,0.00675,0
2026-03-11,17:49:47.080008,850418,11,0.04125,-50,-0.1875,4,0.009,0
2026-03-11,17:49:47.080008,850951,9,0.03375,-53,-0.19875,4,0.009,0
2026-03-11,17:49:47.080008,851482,7,0.02625,-59,-0.22125,3,0.00675,0
2026-03-11,17:49:47.080008,852012,9,0.03375,-54,-0.2025,3,0.00675,0
2026-03-11,17:49:47.080008,852543,15,0.05625,-55,-0.20625,2,0.0045,0
2026-03-11,17:49:49.921786,853222,7,0.02625,-61,-0.22875,5,0.01125,0
2026-03-11,17:49:49.921786,853752,6,0.0225,-57,-0.21375,3,0.00675,0
2026-03-11,17:49:49.921786,854283,4,0.015,-46,-0.1725,3,0.00675,0
2026-03-11,17:49:49.921786,854813,9,0.03375,-49,-0.18375,4,0.009,0
2026-03-11,17:49:49.921786,855344,-1,-0.00375,-56,-0.21,3,0.00675,0
2026-03-11,17:49:52.691580,856024,12,0.045,-52,-0.195,3,0.00675,0
2026-03-11,17:49:52.691580,856554,15,0.05625,-52,-0.195,3,0.00675,0
2026-03-11,17:49:52.691580,857087,13,0.04875,-45,-0.16875,2,0.0045,0
2026-03-11,17:49:52.691580,857618,15,0.05625,-45,-0.16875,3,0.00675,0
2026-03-11,17:49:52.691580,858148,11,0.04125,-49,-0.18375,4,0.009,0
2026-03-11,17:49:55.478425,858827,18,0.0675,-49,-0.18375,4,0.009,0
2026-03-11,17:49:55.478425,859358,6,0.0225,-55,-0.20625,3,0.00675,0
2026-03-11,17:49:55.478425,859888,10,0.0375,-49,-0.18375,4,0.009,0
2026-03-11,17:49:55.478425,860419,7,0.02625,-51,-0.19125,2,0.0045,0
2026-03-11,17:49:55.478425,860949,9,0.03375,-50,-0.1875,2,0.0045,0
2026-03-11,17:49:58.333398,861627,11,0.04125,-53,-0.19875,4,0.009,0
2026-03-11,17:49:58.333398,862157,12,0.045,-45,-0.16875,1,0.00225,0
2026-03-11,17:49:58.333398,862688,15,0.05625,-58,-0.2175,3,0.00675,0
2026-03-11,17:49:58.333398,863221,8,0.03,-54,-0.2025,4,0.009,0
2026-03-11,17:49:58.333398,863751,1,0.00375,-50,-0.1875,5,0.01125,0
2026-03-11,17:50:01.095067,864429,8,0.03,-57,-0.21375,3,0.00675,0
2026-03-11,17:50:01.095067,864959,5,0.01875,-55,-0.20625,3,0.00675,0
2026-03-11,17:50:01.095067,865490,8,0.03,-55,-0.20625,4,0.009,0
2026-03-11,17:50:01.095067,866020,5,0.01875,-59,-0.22125,4,0.009,0
2026-03-11,17:50:01.095067,866551,7,0.02625,-57,-0.21375,4,0.009,0
2026-03-11,17:50:03.890320,867229,9,0.03375,-49,-0.18375,2,0.0045,0
2026-03-11,17:50:03.890320,867759,9,0.03375,-53,-0.19875,2,0.0045,0
2026-03-11,17:50:03.890320,868290,13,0.04875,-50,-0.1875,4,0.009,0
2026-03-11,17:50:03.890320,868820,9,0.03375,-55,-0.20625,3,0.00675,0
2026-03-11,17:50:03.890320,869351,8,0.03,-56,-0.21,2,0.0045,0
2026-03-11,17:50:06.737329,870028,19,0.07125,-63,-0.23625,3,0.00675,0
2026-03-11,17:50:06.737329,870559,10,0.0375,-55,-0.20625,3,0.00675,0
2026-03-11,17:50:06.737329,871089,12,0.045,-54,-0.2025,2,0.0045,0
2026-03-11,17:50:06.737329,871620,11,0.04125,-55,-0.20625,3,0.00675,0
2026-03-11,17:50:06.737329,872153,10,0.0375,-54,-0.2025,4,0.009,0
2026-03-11,17:50:09.488761,872832,8,0.03,-48,-0.18,4,0.009,0
2026-03-11,17:50:09.488761,873365,12,0.045,-51,-0.19125,3,0.00675,0
2026-03-11,17:50:09.488761,873895,8,0.03,-50,-0.1875,4,0.009,0
2026-03-11,17:50:09.488761,874426,15,0.05625,-52,-0.195,3,0.00675,0
2026-03-11,17:50:09.488761,874956,12,0.045,-50,-0.1875,4,0.009,0
2026-03-11,17:50:12.283724,875635,12,0.045,-55,-0.20625,3,0.00675,0
2026-03-11,17:50:12.283724,876165,14,0.0525,-48,-0.18,3,0.00675,0
2026-03-11,17:50:12.283724,876696,13,0.04875,-49,-0.18375,4,0.009,0
2026-03-11,17:50:12.283724,877226,3,0.01125,-57,-0.21375,2,0.0045,0
2026-03-11,17:50:12.283724,877757,7,0.02625,-55,-0.20625,4,0.009,0
2026-03-11,17:50:15.126337,878436,10,0.0375,-57,-0.21375,3,0.00675,0
2026-03-11,17:50:15.126337,878967,8,0.03,-55,-0.20625,3,0.00675,0
2026-03-11,17:50:15.126337,879500,10,0.0375,-63,-0.23625,3,0.00675,0
2026-03-11,17:50:15.126337,880030,12,0.045,-56,-0.21,3,0.00675,0
2026-03-11,17:50:15.126337,880561,14,0.0525,-56,-0.21,5,0.01125,0
2026-03-11,17:50:17.896254,881240,14,0.0525,-55,-0.20625,3,0.00675,0
2026-03-11,17:50:17.896254,881770,16,0.06,-53,-0.19875,3,0.00675,0
2026-03-11,17:50:17.896254,882301,15,0.05625,-57,-0.21375,4,0.009,0
2026-03-11,17:50:17.896254,882831,19,0.07125,-52,-0.195,4,0.009,0
2026-03-11,17:50:17.896254,883362,16,0.06,-54,-0.2025,4,0.009,0
2026-03-11,17:50:20.691354,884040,7,0.02625,-49,-0.18375,4,0.009,0
2026-03-11,17:50:20.691354,884571,6,0.0225,-55,-0.20625,3,0.00675,0
2026-03-11,17:50:20.691354,885101,9,0.03375,-50,-0.1875,5,0.01125,0
2026-03-11,17:50:20.691354,885632,13,0.04875,-55,-0.20625,3,0.00675,0
2026-03-11,17:50:20.691354,886162,15,0.05625,-50,-0.1875,3,0.00675,0
2026-03-11,17:50:23.519841,886841,9,0.03375,-53,-0.19875,4,0.009,0
2026-03-11,17:50:23.519841,887372,13,0.04875,-50,-0.1875,2,0.0045,0
2026-03-11,17:50:23.519841,887904,1,0.00375,-61,-0.22875,3,0.00675,0
2026-03-11,17:50:23.519841,888436,4,0.015,-46,-0.1725,3,0.00675,0
2026-03-11,17:50:23.519841,888967,12,0.045,-59,-0.22125,3,0.00675,0
2026-03-11,17:50:26.308981,889646,8,0.03,-50,-0.1875,3,0.00675,0
2026-03-11,17:50:26.308981,890176,8,0.03,-48,-0.18,3,0.00675,0
2026-03-11,17:50:26.308981,890707,2,0.0075,-54,-0.2025,4,0.009,0
2026-03-11,17:50:26.308981,891237,14,0.0525,-60,-0.225,3,0.00675,0
2026-03-11,17:50:26.308981,891768,6,0.0225,-51,-0.19125,4,0.009,0
2026-03-11,17:50:29.148789,892445,6,0.0225,-50,-0.1875,1,0.00225,0
2026-03-11,17:50:29.148789,892976,17,0.06375,-58,-0.2175,2,0.0045,0
2026-03-11,17:50:29.148789,893506,12,0.045,-59,-0.22125,3,0.00675,0
2026-03-11,17:50:29.148789,894037,18,0.0675,-60,-0.225,3,0.00675,0
2026-03-11,17:50:29.148789,894570,12,0.045,-53,-0.19875,3,0.00675,0
2026-03-11,17:50:31.916312,895249,10,0.0375,-50,-0.1875,3,0.00675,0
2026-03-11,17:50:31.916312,895782,10,0.0375,-49,-0.18375,3,0.00675,0
2026-03-11,17:50:31.916312,896312,13,0.04875,-52,-0.195,3,0.00675,0
2026-03-11,17:50:31.916312,896843,7,0.02625,-52,-0.195,3,0.00675,0
2026-03-11,17:50:31.916312,897373,17,0.06375,-44,-0.165,2,0.0045,0
2026-03-11,17:50:34.711918,898052,7,0.02625,-51,-0.19125,5,0.01125,0
2026-03-11,17:50:34.711918,898583,7,0.02625,-59,-0.22125,2,0.0045,0
2026-03-11,17:50:34.711918,899113,9,0.03375,-56,-0.21,4,0.009,0
2026-03-11,17:50:34.711918,899644,15,0.05625,-50,-0.1875,4,0.009,0
2026-03-11,17:50:34.711918,900174,17,0.06375,-52,-0.195,4,0.009,0
2026-03-11,17:50:37.551938,900854,12,0.045,-56,-0.21,4,0.009,0
2026-03-11,17:50:37.551938,901385,6,0.0225,-56,-0.21,5,0.01125,0
2026-03-11,17:50:37.551938,901915,6,0.0225,-47,-0.17625,5,0.01125,0
2026-03-11,17:50:37.551938,902446,14,0.0525,-55,-0.20625,2,0.0045,0
2026-03-11,17:50:37.551938,902976,10,0.0375,-44,-0.165,4,0.009,0
2026-03-11,17:50:40.315342,903655,11,0.04125,-52,-0.195,3,0.00675,0
2026-03-11,17:50:40.315342,904187,6,0.0225,-53,-0.19875,4,0.009,0
2026-03-11,17:50:40.315342,904719,12,0.045,-47,-0.17625,4,0.009,0
2026-03-11,17:50:40.315342,905249,20,0.075,-54,-0.2025,2,0.0045,0
2026-03-11,17:50:40.315342,905780,15,0.05625,-51,-0.19125,2,0.0045,0
2026-03-11,17:50:43.108365,906458,16,0.06,-54,-0.2025,4,0.009,0
2026-03-11,17:50:43.108365,906989,15,0.05625,-53,-0.19875,4,0.009,0
2026-03-11,17:50:43.108365,907520,9,0.03375,-55,-0.20625,2,0.0045,0
2026-03-11,17:50:43.108365,908050,9,0.03375,-55,-0.20625,4,0.009,0
2026-03-11,17:50:43.108365,908580,12,0.045,-61,-0.22875,4,0.009,0
2026-03-11,17:50:45.962458,909259,9,0.03375,-58,-0.2175,2,0.0045,0
2026-03-11,17:50:45.962458,909790,8,0.03,-49,-0.18375,2,0.0045,0
2026-03-11,17:50:45.962458,910320,10,0.0375,-61,-0.22875,3,0.00675,0
2026-03-11,17:50:45.962458,910853,8,0.03,-50,-0.1875,2,0.0045,0
2026-03-11,17:50:45.962458,911384,15,0.05625,-55,-0.20625,4,0.009,0
2026-03-11,17:50:48.715916,912062,5,0.01875,-57,-0.21375,3,0.00675,0
2026-03-11,17:50:48.715916,912593,20,0.075,-58,-0.2175,4,0.009,0
2026-03-11,17:50:48.715916,913123,10,0.0375,-52,-0.195,3,0.00675,0
2026-03-11,17:50:48.715916,913654,9,0.03375,-58,-0.2175,3,0.00675,0
2026-03-11,17:50:48.715916,914184,21,0.07875,-58,-0.2175,3,0.00675,0
2026-03-11,17:50:51.518732,914863,7,0.02625,-55,-0.20625,3,0.00675,0
2026-03-11,17:50:51.518732,915394,9,0.03375,-50,-0.1875,5,0.01125,0
2026-03-11,17:50:51.518732,915924,9,0.03375,-64,-0.24,3,0.00675,0
2026-03-11,17:50:51.518732,916454,11,0.04125,-56,-0.21,3,0.00675,0
2026-03-11,17:50:51.518732,916988,11,0.04125,-54,-0.2025,3,0.00675,0
2026-03-11,17:50:54.348100,917666,14,0.0525,-55,-0.20625,2,0.0045,0
2026-03-11,17:50:54.348100,918197,14,0.0525,-44,-0.165,2,0.0045,0
2026-03-11,17:50:54.348100,918727,16,0.06,-48,-0.18,5,0.01125,0
2026-03-11,17:50:54.348100,919258,14,0.0525,-62,-0.2325,4,0.009,0
2026-03-11,17:50:54.348100,919788,9,0.03375,-57,-0.21375,4,0.009,0
2026-03-11,17:50:57.142862,920480,14,0.0525,-57,-0.21375,4,0.009,0
2026-03-11,17:50:57.142862,921011,9,0.03375,-47,-0.17625,4,0.009,0
2026-03-11,17:50:57.142862,921542,14,0.0525,-49,-0.18375,5,0.01125,0
2026-03-11,17:50:57.142862,922072,12,0.045,-50,-0.1875,3,0.00675,0
2026-03-11,17:50:57.142862,922603,20,0.075,-58,-0.2175,3,0.00675,0
2026-03-11,17:50:59.972492,923283,11,0.04125,-50,-0.1875,5,0.01125,0
2026-03-11,17:50:59.972492,923814,16,0.06,-57,-0.21375,2,0.0045,0
2026-03-11,17:50:59.972492,924344,6,0.0225,-51,-0.19125,3,0.00675,0
2026-03-11,17:50:59.972492,924874,11,0.04125,-46,-0.1725,3,0.00675,0
2026-03-11,17:50:59.972492,925405,10,0.0375,-55,-0.20625,4,0.009,0
2026-03-11,17:51:02.736865,926084,14,0.0525,-56,-0.21,3,0.00675,0
2026-03-11,17:51:02.736865,926614,5,0.01875,-55,-0.20625,3,0.00675,0
2026-03-11,17:51:02.736865,927146,18,0.0675,-51,-0.19125,3,0.00675,0
2026-03-11,17:51:02.736865,927676,20,0.075,-55,-0.20625,4,0.009,0
2026-03-11,17:51:02.736865,928207,1,0.00375,-43,-0.16125,4,0.009,0
2026-03-11,17:51:05.531633,928885,13,0.04875,-55,-0.20625,3,0.00675,0
2026-03-11,17:51:05.531633,929415,9,0.03375,-60,-0.225,3,0.00675,0
2026-03-11,17:51:05.531633,929946,7,0.02625,-53,-0.19875,2,0.0045,0
2026-03-11,17:51:05.531633,930476,13,0.04875,-55,-0.20625,3,0.00675,0
2026-03-11,17:51:05.531633,931007,14,0.0525,-57,-0.21375,3,0.00675,0
2026-03-11,17:51:08.364304,931685,11,0.04125,-57,-0.21375,3,0.00675,0
2026-03-11,17:51:08.364304,932216,8,0.03,-59,-0.22125,2,0.0045,0
2026-03-11,17:51:08.364304,932746,15,0.05625,-51,-0.19125,3,0.00675,0
2026-03-11,17:51:08.364304,933279,19,0.07125,-46,-0.1725,4,0.009,0
2026-03-11,17:51:08.364304,933810,10,0.0375,-53,-0.19875,4,0.009,0
2026-03-11,17:51:11.146965,934489,8,0.03,-50,-0.1875,4,0.009,0
2026-03-11,17:51:11.146965,935019,6,0.0225,-51,-0.19125,3,0.00675,0
2026-03-11,17:51:11.146965,935550,16,0.06,-53,-0.19875,3,0.00675,0
2026-03-11,17:51:11.146965,936080,11,0.04125,-52,-0.195,2,0.0045,0
2026-03-11,17:51:11.146965,936611,7,0.02625,-57,-0.21375,4,0.009,0
2026-03-11,17:51:13.940816,937288,3,0.01125,-60,-0.225,3,0.00675,0
2026-03-11,17:51:13.940816,937819,9,0.03375,-47,-0.17625,3,0.00675,0
2026-03-11,17:51:13.940816,938349,6,0.0225,-51,-0.19125,4,0.009,0
2026-03-11,17:51:13.940816,938880,10,0.0375,-64,-0.24,4,0.009,0
2026-03-11,17:51:13.940816,939413,22,0.0825,-66,-0.2475,2,0.0045,0
2026-03-11,17:51:16.765676,940092,6,0.0225,-63,-0.23625,2,0.0045,0
2026-03-11,17:51:16.765676,940622,20,0.075,-55,-0.20625,4,0.009,0
2026-03-11,17:51:16.765676,941152,13,0.04875,-61,-0.22875,2,0.0045,0
2026-03-11,17:51:16.765676,941682,12,0.045,-60,-0.225,2,0.0045,0
2026-03-11,17:51:16.765676,942213,15,0.05625,-61,-0.22875,3,0.00675,0
2026-03-11,17:51:19.543582,942892,9,0.03375,-55,-0.20625,4,0.009,0
2026-03-11,17:51:19.543582,943425,8,0.03,-50,-0.1875,2,0.0045,0
2026-03-11,17:51:19.543582,943955,9,0.03375,-59,-0.22125,4,0.009,0
2026-03-11,17:51:19.543582,944486,6,0.0225,-46,-0.1725,3,0.00675,0
2026-03-11,17:51:19.543582,945016,14,0.0525,-50,-0.1875,2,0.0045,0
2026-03-11,17:51:22.395121,945697,18,0.0675,-52,-0.195,3,0.00675,0
2026-03-11,17:51:22.395121,946227,16,0.06,-46,-0.1725,3,0.00675,0
2026-03-11,17:51:22.395121,946758,15,0.05625,-59,-0.22125,3,0.00675,0
2026-03-11,17:51:22.395121,947288,9,0.03375,-53,-0.19875,1,0.00225,0
2026-03-11,17:51:22.395121,947819,9,0.03375,-54,-0.2025,4,0.009,0
2026-03-11,17:51:25.170997,948496,10,0.0375,-57,-0.21375,3,0.00675,0
2026-03-11,17:51:25.170997,949027,3,0.01125,-54,-0.2025,2,0.0045,0
2026-03-11,17:51:25.170997,949560,15,0.05625,-55,-0.20625,3,0.00675,0
2026-03-11,17:51:25.170997,950091,11,0.04125,-52,-0.195,2,0.0045,0
2026-03-11,17:51:25.170997,950621,11,0.04125,-49,-0.18375,5,0.01125,0
2026-03-11,17:51:27.947054,951300,14,0.0525,-57,-0.21375,4,0.009,0
2026-03-11,17:51:27.947054,951830,14,0.0525,-60,-0.225,3,0.00675,0
2026-03-11,17:51:27.947054,952361,11,0.04125,-55,-0.20625,3,0.00675,0
2026-03-11,17:51:27.947054,952891,8,0.03,-59,-0.22125,4,0.009,0
2026-03-11,17:51:27.947054,953422,4,0.015,-51,-0.19125,4,0.009,0
2026-03-11,17:51:30.796587,954100,13,0.04875,-54,-0.2025,2,0.0045,0
2026-03-11,17:51:30.796587,954630,7,0.02625,-57,-0.21375,4,0.009,0
2026-03-11,17:51:30.796587,955161,19,0.07125,-49,-0.18375,4,0.009,0
2026-03-11,17:51:30.796587,955694,11,0.04125,-55,-0.20625,3,0.00675,0
2026-03-11,17:51:30.796587,956224,12,0.045,-63,-0.23625,3,0.00675,0
2026-03-11,17:51:33.562857,956903,2,0.0075,-53,-0.19875,4,0.009,0
2026-03-11,17:51:33.562857,957433,8,0.03,-57,-0.21375,3,0.00675,0
2026-03-11,17:51:33.562857,957964,8,0.03,-56,-0.21,4,0.009,0
2026-03-11,17:51:33.562857,958494,12,0.045,-60,-0.225,3,0.00675,0
2026-03-11,17:51:33.562857,959025,9,0.03375,-54,-0.2025,2,0.0045,0
2026-03-11,17:51:36.463717,959815,8,0.03,-55,-0.20625,4,0.009,0
2026-03-11,17:51:36.463717,960345,9,0.03375,-50,-0.1875,4,0.009,0
2026-03-11,17:51:36.463717,960875,11,0.04125,-54,-0.2025,5,0.01125,0
2026-03-11,17:51:36.463717,961406,8,0.03,-42,-0.1575,4,0.009,0
2026-03-11,17:51:36.463717,961936,16,0.06,-59,-0.22125,3,0.00675,0
2026-03-11,17:51:39.292931,962617,12,0.045,-56,-0.21,3,0.00675,0
2026-03-11,17:51:39.292931,963147,8,0.03,-55,-0.20625,2,0.0045,0
2026-03-11,17:51:39.292931,963680,12,0.045,-57,-0.21375,4,0.009,0
2026-03-11,17:51:39.292931,964211,15,0.05625,-55,-0.20625,3,0.00675,0
2026-03-11,17:51:39.292931,964741,18,0.0675,-56,-0.21,3,0.00675,0
2026-03-11,17:51:42.125396,965420,12,0.045,-51,-0.19125,3,0.00675,0
2026-03-11,17:51:42.125396,965950,13,0.04875,-60,-0.225,4,0.009,0
2026-03-11,17:51:42.125396,966481,8,0.03,-54,-0.2025,4,0.009,0
2026-03-11,17:51:42.125396,967011,7,0.02625,-51,-0.19125,3,0.00675,0
2026-03-11,17:51:42.125396,967542,4,0.015,-43,-0.16125,2,0.0045,0
2026-03-11,17:51:44.963492,968315,4,0.015,-55,-0.20625,2,0.0045,0
2026-03-11,17:51:44.963492,968846,22,0.0825,-46,-0.1725,2,0.0045,0
2026-03-11,17:51:44.963492,969376,15,0.05625,-56,-0.21,4,0.009,0
2026-03-11,17:51:44.963492,969907,12,0.045,-53,-0.19875,3,0.00675,0
2026-03-11,17:51:44.963492,970440,8,0.03,-48,-0.18,2,0.0045,0
2026-03-11,17:51:47.812903,971117,13,0.04875,-40,-0.15,4,0.009,0
2026-03-11,17:51:47.812903,971648,10,0.0375,-54,-0.2025,4,0.009,0
2026-03-11,17:51:47.812903,972178,14,0.0525,-46,-0.1725,4,0.009,0
2026-03-11,17:51:47.812903,972709,15,0.05625,-52,-0.195,3,0.00675,0
2026-03-11,17:51:47.812903,973239,12,0.045,-51,-0.19125,4,0.009,0
2026-03-11,17:51:50.694672,974050,16,0.06,-49,-0.18375,3,0.00675,0
2026-03-11,17:51:50.694672,974581,15,0.05625,-58,-0.2175,3,0.00675,0
2026-03-11,17:51:50.694672,975111,8,0.03,-54,-0.2025,3,0.00675,0
2026-03-11,17:51:50.694672,975642,8,0.03,-52,-0.195,3,0.00675,0
2026-03-11,17:51:50.694672,976172,10,0.0375,-59,-0.22125,2,0.0045,0
2026-03-11,17:51:53.542776,976851,12,0.045,-54,-0.2025,4,0.009,0
2026-03-11,17:51:53.542776,977381,10,0.0375,-52,-0.195,3,0.00675,0
2026-03-11,17:51:53.542776,977912,1,0.00375,-51,-0.19125,4,0.009,0
2026-03-11,17:51:53.542776,978445,11,0.04125,-65,-0.24375,2,0.0045,0
2026-03-11,17:51:53.542776,978976,13,0.04875,-56,-0.21,2,0.0045,0
2026-03-11,17:51:57.528246,979676,14,0.0525,-58,-0.2175,4,0.009,0
2026-03-11,17:51:57.528246,980207,14,0.0525,-61,-0.22875,3,0.00675,0
2026-03-11,17:51:57.528246,980737,9,0.03375,-51,-0.19125,5,0.01125,0
2026-03-11,17:51:57.528246,981268,13,0.04875,-57,-0.21375,4,0.009,0
2026-03-11,17:51:57.528246,981801,13,0.04875,-46,-0.1725,4,0.009,0
2026-03-11,17:52:00.595169,983880,10,0.0375,-48,-0.18,2,0.0045,0
2026-03-11,17:52:00.595169,984411,15,0.05625,-50,-0.1875,4,0.009,0
2026-03-11,17:52:00.595169,984941,11,0.04125,-56,-0.21,3,0.00675,0
2026-03-11,17:52:00.595169,985472,15,0.05625,-57,-0.21375,4,0.009,0
2026-03-11,17:52:00.595169,986002,3,0.01125,-57,-0.21375,4,0.009,0
2026-03-11,17:52:03.415094,986742,14,0.0525,-53,-0.19875,4,0.009,0
2026-03-11,17:52:03.415094,987273,21,0.07875,-56,-0.21,4,0.009,0
2026-03-11,17:52:03.415094,987803,13,0.04875,-56,-0.21,2,0.0045,0
2026-03-11,17:52:03.415094,988334,9,0.03375,-61,-0.22875,3,0.00675,0
2026-03-11,17:52:03.415094,988867,13,0.04875,-53,-0.19875,2,0.0045,0
2026-03-11,17:52:06.446552,989717,16,0.06,-63,-0.23625,3,0.00675,0
2026-03-11,17:52:06.446552,990248,19,0.07125,-57,-0.21375,5,0.01125,0
2026-03-11,17:52:06.446552,990778,11,0.04125,-55,-0.20625,2,0.0045,0
2026-03-11,17:52:06.446552,991308,9,0.03375,-62,-0.2325,4,0.009,0
2026-03-11,17:52:06.446552,991838,11,0.04125,-61,-0.22875,3,0.00675,0
2026-03-11,17:52:09.409407,992688,20,0.075,-47,-0.17625,1,0.00225,0
2026-03-11,17:52:09.409407,993219,15,0.05625,-55,-0.20625,4,0.009,0
2026-03-11,17:52:09.409407,993749,9,0.03375,-51,-0.19125,4,0.009,0
2026-03-11,17:52:09.409407,994280,19,0.07125,-56,-0.21,4,0.009,0
2026-03-11,17:52:09.409407,994810,9,0.03375,-52,-0.195,4,0.009,0
2026-03-11,17:52:12.232774,995490,7,0.02625,-57,-0.21375,2,0.0045,0
2026-03-11,17:52:12.232774,996020,8,0.03,-54,-0.2025,3,0.00675,0
2026-03-11,17:52:12.232774,996554,15,0.05625,-60,-0.225,3,0.00675,0
2026-03-11,17:52:12.232774,997084,15,0.05625,-65,-0.24375,2,0.0045,0
2026-03-11,17:52:12.232774,997615,15,0.05625,-62,-0.2325,3,0.00675,0
2026-03-11,17:52:15.056444,998412,7,0.02625,-58,-0.2175,2,0.0045,0
2026-03-11,17:52:15.056444,998943,14,0.0525,-53,-0.19875,4,0.009,0
2026-03-11,17:52:15.056444,999473,8,0.03,-43,-0.16125,4,0.009,0
2026-03-11,17:52:15.056444,1000004,20,0.075,-50,-0.1875,5,0.01125,0
2026-03-11,17:52:15.056444,1000534,6,0.0225,-55,-0.20625,3,0.00675,0
2026-03-11,17:52:17.918244,1001212,6,0.0225,-63,-0.23625,2,0.0045,0
2026-03-11,17:52:17.918244,1001742,1,0.00375,-58,-0.2175,4,0.009,0
2026-03-11,17:52:17.918244,1002273,6,0.0225,-56,-0.21,2,0.0045,0
2026-03-11,17:52:17.918244,1002803,6,0.0225,-57,-0.21375,4,0.009,0
2026-03-11,17:52:17.918244,1003335,9,0.03375,-51,-0.19125,2,0.0045,0
2026-03-11,17:52:20.671653,1004013,12,0.045,-62,-0.2325,4,0.009,0
2026-03-11,17:52:20.671653,1004546,10,0.0375,-51,-0.19125,4,0.009,0
2026-03-11,17:52:20.671653,1005077,11,0.04125,-60,-0.225,4,0.009,0
2026-03-11,17:52:20.671653,1005607,13,0.04875,-54,-0.2025,4,0.009,0
2026-03-11,17:52:20.671653,1006138,7,0.02625,-50,-0.1875,4,0.009,0
2026-03-11,17:52:23.569529,1006921,11,0.04125,-49,-0.18375,3,0.00675,0
2026-03-11,17:52:23.569529,1007452,8,0.03,-56,-0.21,4,0.009,0
2026-03-11,17:52:23.569529,1007982,11,0.04125,-52,-0.195,3,0.00675,0
2026-03-11,17:52:23.569529,1008512,15,0.05625,-52,-0.195,3,0.00675,0
2026-03-11,17:52:23.569529,1009043,12,0.045,-48,-0.18,3,0.00675,0
2026-03-11,17:54:21.323534,0,29,0.10875,52,0.195,4,0.009,0
2026-03-11,17:54:21.323534,594,31,0.11625,52,0.195,4,0.009,0
2026-03-11,17:54:21.323534,1124,30,0.1125,51,0.19125,5,0.01125,0
2026-03-11,17:54:21.323534,1654,31,0.11625,52,0.195,3,0.00675,0
2026-03-11,17:54:21.323534,2183,31,0.11625,52,0.195,4,0.009,0
2026-03-11,17:54:24.097663,2874,32,0.12,51,0.19125,3,0.00675,0
2026-03-11,17:54:24.097663,3404,32,0.12,50,0.1875,2,0.0045,0
2026-03-11,17:54:24.097663,3934,32,0.12,51,0.19125,4,0.009,0
2026-03-11,17:54:24.097663,4463,30,0.1125,52,0.195,5,0.01125,0
2026-03-11,17:54:24.097663,4994,31,0.11625,52,0.195,5,0.01125,0
2026-03-11,17:54:27.042112,5757,30,0.1125,52,0.195,4,0.009,0
2026-03-11,17:54:27.042112,6287,31,0.11625,52,0.195,4,0.009,0
2026-03-11,17:54:27.042112,6817,31,0.11625,51,0.19125,2,0.0045,0
2026-03-11,17:54:27.042112,7347,33,0.12375,53,0.19875,4,0.009,0
2026-03-11,17:54:27.042112,7877,31,0.11625,54,0.2025,5,0.01125,0
2026-03-11,17:54:30.056192,8554,33,0.12375,54,0.2025,3,0.00675,0
2026-03-11,17:54:30.056192,9084,32,0.12,53,0.19875,3,0.00675,0
2026-03-11,17:54:30.056192,9618,33,0.12375,52,0.195,5,0.01125,0
2026-03-11,17:54:30.056192,10148,32,0.12,51,0.19125,4,0.009,0
2026-03-11,17:54:30.056192,10678,32,0.12,50,0.1875,5,0.01125,0
2026-03-11,17:54:33.000986,11775,31,0.11625,53,0.19875,5,0.01125,0
2026-03-11,17:54:33.000986,12306,31,0.11625,53,0.19875,3,0.00675,0
2026-03-11,17:54:33.000986,12836,31,0.11625,51,0.19125,3,0.00675,0
2026-03-11,17:54:33.000986,13367,32,0.12,52,0.195,4,0.009,0
2026-03-11,17:54:33.000986,13900,32,0.12,51,0.19125,4,0.009,0
2026-03-11,17:54:35.850359,14577,30,0.1125,49,0.18375,4,0.009,0
2026-03-11,17:54:35.850359,15107,30,0.1125,48,0.18,2,0.0045,0
2026-03-11,17:54:35.850359,15637,30,0.1125,50,0.1875,4,0.009,0
2026-03-11,17:54:35.850359,16168,29,0.10875,50,0.1875,4,0.009,0
2026-03-11,17:54:35.850359,16698,31,0.11625,49,0.18375,4,0.009,0
2026-03-11,17:54:38.618938,17375,36,0.135,59,0.22125,2169,4.88025,0
2026-03-11,17:54:38.618938,17908,36,0.135,59,0.22125,2169,4.88025,0
2026-03-11,17:54:38.618938,18438,35,0.13125,60,0.225,2171,4.88475,0
2026-03-11,17:54:38.618938,18969,29,0.10875,46,0.1725,2170,4.8825,0
2026-03-11,17:54:38.618938,19499,28,0.105,41,0.15375,2140,4.815,0
2026-03-11,17:54:41.622768,20378,35,0.13125,62,0.2325,2165,4.87125,0
2026-03-11,17:54:41.622768,20909,34,0.1275,62,0.2325,2162,4.8645,0
2026-03-11,17:54:41.622768,21439,35,0.13125,60,0.225,2153,4.84425,0
2026-03-11,17:54:41.622768,21970,34,0.1275,63,0.23625,2162,4.8645,0
2026-03-11,17:54:41.622768,22503,34,0.1275,60,0.225,2161,4.86225,0
2026-03-11,17:54:44.484470,23182,34,0.1275,60,0.225,2161,4.86225,0
2026-03-11,17:54:44.484470,23713,34,0.1275,60,0.225,2159,4.85775,0
2026-03-11,17:54:44.484470,24243,34,0.1275,61,0.22875,2162,4.8645,0
2026-03-11,17:54:44.484470,24774,35,0.13125,60,0.225,2200,4.95,0
2026-03-11,17:54:44.484470,25304,35,0.13125,60,0.225,2253,5.06925,0
2026-03-11,17:54:47.580165,26216,34,0.1275,61,0.22875,2255,5.07375,0
2026-03-11,17:54:47.580165,26746,35,0.13125,61,0.22875,1993,4.48425,0
2026-03-11,17:54:47.580165,27277,35,0.13125,60,0.225,1700,3.825,0
2026-03-11,17:54:47.580165,27807,34,0.1275,61,0.22875,1403,3.15675,0
2026-03-11,17:54:47.580165,28341,35,0.13125,61,0.22875,1401,3.15225,0
2026-03-11,17:54:50.716611,29491,34,0.1275,63,0.23625,1017,2.28825,0
2026-03-11,17:54:50.716611,30022,34,0.1275,60,0.225,821,1.84725,0
2026-03-11,17:54:50.716611,30552,33,0.12375,59,0.22125,594,1.3365,0
2026-03-11,17:54:50.716611,31083,32,0.12,59,0.22125,291,0.65475,0
2026-03-11,17:54:50.716611,31613,33,0.12375,55,0.20625,3,0.00675,0
2026-03-11,17:54:53.688744,32465,32,0.12,56,0.21,216,0.486,0
2026-03-11,17:54:53.688744,32996,32,0.12,57,0.21375,347,0.78075,0
2026-03-11,17:54:53.688744,33526,34,0.1275,60,0.225,539,1.21275,0
2026-03-11,17:54:53.688744,34056,33,0.12375,60,0.225,777,1.74825,0
2026-03-11,17:54:53.688744,34587,34,0.1275,62,0.2325,896,2.016,0
2026-03-11,17:54:56.746520,35267,35,0.13125,60,0.225,1474,3.3165,0
2026-03-11,17:54:56.746520,35798,34,0.1275,63,0.23625,2010,4.5225,0
2026-03-11,17:54:56.746520,36331,33,0.12375,59,0.22125,2254,5.0715,0
2026-03-11,17:54:56.746520,36861,36,0.135,60,0.225,2255,5.07375,0
2026-03-11,17:54:56.746520,37392,34,0.1275,61,0.22875,2255,5.07375,0
2026-03-11,17:55:00.027411,38504,34,0.1275,60,0.225,2257,5.07825,0
2026-03-11,17:55:00.027411,39034,35,0.13125,59,0.22125,2257,5.07825,0
2026-03-11,17:55:00.027411,39565,35,0.13125,59,0.22125,2256,5.076,0
2026-03-11,17:55:00.027411,40095,34,0.1275,60,0.225,1332,2.997,0
2026-03-11,17:55:00.027411,40628,35,0.13125,60,0.225,413,0.92925,0
2026-03-11,17:55:03.246229,41780,32,0.12,55,0.20625,3,0.00675,0
2026-03-11,17:55:03.246229,42310,33,0.12375,55,0.20625,4,0.009,0
2026-03-11,17:55:03.246229,42841,32,0.12,56,0.21,4,0.009,0
2026-03-11,17:55:03.246229,43371,33,0.12375,56,0.21,4,0.009,0
2026-03-11,17:55:03.246229,43902,30,0.1125,54,0.2025,1,0.00225,0
2026-03-11,17:55:06.759981,45162,32,0.12,55,0.20625,4,0.009,0
2026-03-11,17:55:06.759981,45693,32,0.12,55,0.20625,3,0.00675,0
2026-03-11,17:55:06.759981,46223,33,0.12375,54,0.2025,1,0.00225,0
2026-03-11,17:55:06.759981,46754,33,0.12375,54,0.2025,2,0.0045,0
2026-03-11,17:55:06.759981,47284,32,0.12,54,0.2025,3,0.00675,0
2026-03-11,17:55:09.659946,48439,33,0.12375,54,0.2025,3,0.00675,0
2026-03-11,17:55:09.659946,48969,31,0.11625,54,0.2025,3,0.00675,0
2026-03-11,17:55:09.659946,49500,31,0.11625,53,0.19875,2,0.0045,0
2026-03-11,17:55:09.659946,50030,32,0.12,52,0.195,3,0.00675,0
2026-03-11,17:55:09.659946,50561,33,0.12375,55,0.20625,4,0.009,0
2026-03-11,17:55:12.580034,51239,32,0.12,55,0.20625,5,0.01125,0
2026-03-11,17:55:12.580034,51769,33,0.12375,56,0.21,5,0.01125,0
2026-03-11,17:55:12.580034,52302,31,0.11625,55,0.20625,3,0.00675,0
2026-03-11,17:55:12.580034,52833,32,0.12,55,0.20625,4,0.009,0
2026-03-11,17:55:12.580034,53363,32,0.12,55,0.20625,2,0.0045,0
2026-03-11,17:55:15.813449,54481,32,0.12,55,0.20625,4,0.009,0
2026-03-11,17:55:15.813449,55011,32,0.12,56,0.21,4,0.009,0
2026-03-11,17:55:15.813449,55542,33,0.12375,56,0.21,3,0.00675,0
2026-03-11,17:55:15.813449,56072,32,0.12,56,0.21,1,0.00225,0
2026-03-11,17:55:15.813449,56605,32,0.12,54,0.2025,1,0.00225,0
2026-03-11,17:55:18.774563,57551,31,0.11625,57,0.21375,3,0.00675,0
2026-03-11,17:55:18.774563,58081,31,0.11625,53,0.19875,3,0.00675,0
2026-03-11,17:55:18.774563,58612,32,0.12,53,0.19875,3,0.00675,0
2026-03-11,17:55:18.774563,59142,31,0.11625,52,0.195,4,0.009,0
2026-03-11,17:55:18.774563,59675,31,0.11625,55,0.20625,3,0.00675,0
2026-03-11,17:55:21.652882,60352,33,0.12375,54,0.2025,4,0.009,0
2026-03-11,17:55:21.652882,60882,31,0.11625,54,0.2025,3,0.00675,0
2026-03-11,17:55:21.652882,61413,33,0.12375,51,0.19125,4,0.009,0
2026-03-11,17:55:21.652882,61943,31,0.11625,53,0.19875,2,0.0045,0
2026-03-11,17:55:21.652882,62474,30,0.1125,53,0.19875,3,0.00675,0
2026-03-11,17:55:24.507368,63285,31,0.11625,52,0.195,4,0.009,0
2026-03-11,17:55:24.507368,63815,32,0.12,51,0.19125,4,0.009,0
2026-03-11,17:55:24.507368,64345,32,0.12,53,0.19875,4,0.009,0
2026-03-11,17:55:24.507368,64876,32,0.12,53,0.19875,4,0.009,0
2026-03-11,17:55:24.507368,65406,31,0.11625,54,0.2025,4,0.009,0
2026-03-11,17:55:27.400987,66083,34,0.1275,55,0.20625,1,0.00225,0
2026-03-11,17:55:27.400987,66613,32,0.12,55,0.20625,3,0.00675,0
2026-03-11,17:55:27.400987,67144,33,0.12375,53,0.19875,2,0.0045,0
2026-03-11,17:55:27.400987,67677,31,0.11625,53,0.19875,4,0.009,0
2026-03-11,17:55:27.400987,68207,31,0.11625,54,0.2025,3,0.00675,0
2026-03-11,17:55:30.563575,69225,32,0.12,54,0.2025,4,0.009,0
2026-03-11,17:55:30.563575,69756,31,0.11625,53,0.19875,17,0.03825,0
2026-03-11,17:55:30.563575,70286,32,0.12,55,0.20625,156,0.351,0
2026-03-11,17:55:30.563575,70817,32,0.12,54,0.2025,194,0.4365,0
2026-03-11,17:55:30.563575,71350,32,0.12,56,0.21,290,0.6525,0
2026-03-11,17:55:33.411593,72195,32,0.12,55,0.20625,423,0.95175,0
2026-03-11,17:55:33.411593,72725,34,0.1275,58,0.2175,429,0.96525,0
2026-03-11,17:55:33.411593,73256,35,0.13125,57,0.21375,667,1.50075,0
2026-03-11,17:55:33.411593,73786,34,0.1275,58,0.2175,784,1.764,0
2026-03-11,17:55:33.411593,74316,34,0.1275,57,0.21375,438,0.9855,0
2026-03-11,17:55:36.239123,74995,32,0.12,52,0.195,3,0.00675,0
2026-03-11,17:55:36.239123,75526,32,0.12,53,0.19875,3,0.00675,0
2026-03-11,17:55:36.239123,76056,33,0.12375,52,0.195,25,0.05625,0
2026-03-11,17:55:36.239123,76589,34,0.1275,56,0.21,344,0.774,0
2026-03-11,17:55:36.239123,77120,35,0.13125,56,0.21,572,1.287,0
2026-03-11,17:55:39.033341,77798,33,0.12375,58,0.2175,800,1.8,0
2026-03-11,17:55:39.033341,78329,35,0.13125,56,0.21,902,2.0295,0
2026-03-11,17:55:39.033341,78859,33,0.12375,57,0.21375,1100,2.475,0
2026-03-11,17:55:39.033341,79390,35,0.13125,58,0.2175,1194,2.6865,0
2026-03-11,17:55:39.033341,79920,35,0.13125,59,0.22125,1349,3.03525,0
2026-03-11,17:55:42.030384,80600,33,0.12375,58,0.2175,1846,4.1535,0
2026-03-11,17:55:42.030384,81131,36,0.135,58,0.2175,1453,3.26925,0
2026-03-11,17:55:42.030384,81662,35,0.13125,53,0.19875,52,0.117,0
2026-03-11,17:55:42.030384,82192,33,0.12375,55,0.20625,4,0.009,0
2026-03-11,17:55:42.030384,82725,33,0.12375,55,0.20625,3,0.00675,0
2026-03-11,17:55:45.326088,83868,31,0.11625,54,0.2025,3,0.00675,0
2026-03-11,17:55:45.326088,84398,31,0.11625,55,0.20625,3,0.00675,0
2026-03-11,17:55:45.326088,84929,32,0.12,54,0.2025,3,0.00675,0
2026-03-11,17:55:45.326088,85459,31,0.11625,53,0.19875,2,0.0045,0
2026-03-11,17:55:45.326088,85990,32,0.12,53,0.19875,3,0.00675,0
2026-03-11,17:55:48.652026,87249,33,0.12375,53,0.19875,2,0.0045,0
2026-03-11,17:55:48.652026,87779,33,0.12375,53,0.19875,4,0.009,0
2026-03-11,17:55:48.652026,88310,31,0.11625,53,0.19875,4,0.009,0
2026-03-11,17:55:48.652026,88840,34,0.1275,54,0.2025,3,0.00675,0
2026-03-11,17:55:48.652026,89371,32,0.12,52,0.195,4,0.009,0
2026-03-11,17:55:51.952554,90730,31,0.11625,52,0.195,3,0.00675,0
2026-03-11,17:55:51.952554,91261,31,0.11625,53,0.19875,4,0.009,0
2026-03-11,17:55:51.952554,91791,33,0.12375,51,0.19125,4,0.009,0
2026-03-11,17:55:51.952554,92322,33,0.12375,53,0.19875,4,0.009,0
2026-03-11,17:55:51.952554,92855,32,0.12,53,0.19875,3,0.00675,0
2026-03-11,17:55:54.784804,93531,31,0.11625,53,0.19875,2,0.0045,0
2026-03-11,17:55:54.784804,94062,31,0.11625,53,0.19875,3,0.00675,0
2026-03-11,17:55:54.784804,94592,34,0.1275,52,0.195,4,0.009,0
2026-03-11,17:55:54.784804,95123,31,0.11625,52,0.195,3,0.00675,0
2026-03-11,17:55:54.784804,95653,33,0.12375,53,0.19875,3,0.00675,0
2026-03-11,17:55:57.864177,96567,31,0.11625,51,0.19125,2,0.0045,0
2026-03-11,17:55:57.864177,97097,33,0.12375,53,0.19875,3,0.00675,0
2026-03-11,17:55:57.864177,97628,29,0.10875,54,0.2025,2,0.0045,0
2026-03-11,17:55:57.864177,98158,31,0.11625,53,0.19875,2,0.0045,0
2026-03-11,17:55:57.864177,98691,31,0.11625,52,0.195,3,0.00675,0
2026-03-11,17:56:00.716834,99436,32,0.12,53,0.19875,3,0.00675,0
2026-03-11,17:56:00.716834,99966,33,0.12375,53,0.19875,2,0.0045,0
2026-03-11,17:56:00.716834,100497,33,0.12375,55,0.20625,3,0.00675,0
2026-03-11,17:56:00.716834,101027,32,0.12,55,0.20625,3,0.00675,0
2026-03-11,17:56:00.716834,101558,31,0.11625,53,0.19875,2,0.0045,0
2026-03-11,17:56:03.658542,102390,32,0.12,53,0.19875,3,0.00675,0
2026-03-11,17:56:03.658542,102921,31,0.11625,53,0.19875,3,0.00675,0
2026-03-11,17:56:03.658542,103451,33,0.12375,53,0.19875,2,0.0045,0
2026-03-11,17:56:03.658542,103982,31,0.11625,53,0.19875,3,0.00675,0
2026-03-11,17:56:03.658542,104512,34,0.1275,53,0.19875,2,0.0045,0
2026-03-11,17:56:06.868745,105579,32,0.12,53,0.19875,3,0.00675,0
2026-03-11,17:56:06.868745,106110,33,0.12375,52,0.195,3,0.00675,0
2026-03-11,17:56:06.868745,106640,31,0.11625,53,0.19875,3,0.00675,0
2026-03-11,17:56:06.868745,107171,31,0.11625,55,0.20625,4,0.009,0
2026-03-11,17:56:06.868745,107701,31,0.11625,54,0.2025,3,0.00675,0
2026-03-11,17:56:10.072421,108753,30,0.1125,53,0.19875,3,0.00675,0
2026-03-11,17:56:10.072421,109284,31,0.11625,52,0.195,4,0.009,0
2026-03-11,17:56:10.072421,109814,33,0.12375,53,0.19875,4,0.009,0
2026-03-11,17:56:10.072421,110345,32,0.12,52,0.195,3,0.00675,0
2026-03-11,17:56:10.072421,110875,32,0.12,53,0.19875,3,0.00675,0
2026-03-11,17:56:12.951524,111723,30,0.1125,55,0.20625,2,0.0045,0
2026-03-11,17:56:12.951524,112254,32,0.12,53,0.19875,2,0.0045,0
2026-03-11,17:56:12.951524,112785,31,0.11625,53,0.19875,3,0.00675,0
2026-03-11,17:56:12.951524,113315,32,0.12,53,0.19875,3,0.00675,0
2026-03-11,17:56:12.951524,113845,32,0.12,52,0.195,2,0.0045,0
2026-03-11,17:56:16.488544,114897,33,0.12375,54,0.2025,3,0.00675,0
2026-03-11,17:56:16.488544,115427,32,0.12,52,0.195,2,0.0045,0
2026-03-11,17:56:16.488544,115958,30,0.1125,53,0.19875,3,0.00675,0
2026-03-11,17:56:16.488544,116488,34,0.1275,53,0.19875,3,0.00675,0
2026-03-11,17:56:16.488544,117019,34,0.1275,52,0.195,2,0.0045,0
2026-03-11,17:56:19.908177,118686,32,0.12,53,0.19875,4,0.009,0
2026-03-11,17:56:19.908177,119216,32,0.12,53,0.19875,4,0.009,0
2026-03-11,17:56:19.908177,119746,30,0.1125,53,0.19875,3,0.00675,0
2026-03-11,17:56:19.908177,120277,32,0.12,51,0.19125,3,0.00675,0
2026-03-11,17:56:19.908177,120810,31,0.11625,52,0.195,3,0.00675,0
2026-03-11,17:56:23.081955,121864,32,0.12,53,0.19875,2,0.0045,0
2026-03-11,17:56:23.081955,122395,31,0.11625,53,0.19875,3,0.00675,0
2026-03-11,17:56:23.081955,122925,32,0.12,51,0.19125,4,0.009,0
2026-03-11,17:56:23.081955,123456,31,0.11625,53,0.19875,4,0.009,0
2026-03-11,17:56:23.081955,123988,32,0.12,51,0.19125,3,0.00675,0
2026-03-11,17:56:29.646821,124728,31,0.11625,53,0.19875,2,0.0045,0
2026-03-11,17:56:29.646821,125258,32,0.12,53,0.19875,3,0.00675,0
2026-03-11,17:56:29.646821,125789,32,0.12,53,0.19875,12,0.027,0
2026-03-11,17:56:29.646821,126319,33,0.12375,55,0.20625,285,0.64125,0
2026-03-11,17:56:29.646821,126849,34,0.1275,56,0.21,482,1.0845,0
2026-03-11,17:56:32.910844,131692,33,0.12375,55,0.20625,4,0.009,0
2026-03-11,17:56:32.910844,132222,32,0.12,54,0.2025,4,0.009,0
2026-03-11,17:56:32.910844,132753,31,0.11625,53,0.19875,4,0.009,0
2026-03-11,17:56:32.910844,133283,31,0.11625,54,0.2025,3,0.00675,0
2026-03-11,17:56:32.910844,133814,31,0.11625,54,0.2025,4,0.009,0
2026-03-11,17:56:35.851438,134492,33,0.12375,55,0.20625,3,0.00675,0
2026-03-11,17:56:35.851438,135022,32,0.12,53,0.19875,4,0.009,0
2026-03-11,17:56:35.851438,135555,33,0.12375,54,0.2025,3,0.00675,0
2026-03-11,17:56:35.851438,136086,32,0.12,54,0.2025,4,0.009,0
2026-03-11,17:56:35.851438,136616,34,0.1275,55,0.20625,3,0.00675,0
2026-03-11,17:56:38.651863,137428,33,0.12375,55,0.20625,3,0.00675,0
2026-03-11,17:56:38.651863,137958,33,0.12375,55,0.20625,4,0.009,0
2026-03-11,17:56:38.651863,138489,34,0.1275,55,0.20625,3,0.00675,0
2026-03-11,17:56:38.651863,139019,31,0.11625,56,0.21,4,0.009,0
2026-03-11,17:56:38.651863,139552,32,0.12,56,0.21,3,0.00675,0
2026-03-11,17:56:41.476434,140229,32,0.12,53,0.19875,4,0.009,0
2026-03-11,17:56:41.476434,140759,33,0.12375,54,0.2025,3,0.00675,0
2026-03-11,17:56:41.476434,141290,32,0.12,54,0.2025,3,0.00675,0
2026-03-11,17:56:41.476434,141820,33,0.12375,54,0.2025,3,0.00675,0
2026-03-11,17:56:41.476434,142351,32,0.12,54,0.2025,4,0.009,0
2026-03-11,17:56:44.297381,143027,34,0.1275,54,0.2025,3,0.00675,0
2026-03-11,17:56:44.297381,143560,33,0.12375,54,0.2025,4,0.009,0
2026-03-11,17:56:44.297381,144091,33,0.12375,55,0.20625,3,0.00675,0
2026-03-11,17:56:44.297381,144621,32,0.12,55,0.20625,43,0.09675,0
2026-03-11,17:56:44.297381,145152,33,0.12375,58,0.2175,297,0.66825,0
2026-03-11,17:56:47.100933,145831,33,0.12375,58,0.2175,470,1.0575,0
2026-03-11,17:56:47.100933,146361,34,0.1275,58,0.2175,578,1.3005,0
2026-03-11,17:56:47.100933,146892,35,0.13125,60,0.225,857,1.92825,0
2026-03-11,17:56:47.100933,147422,34,0.1275,58,0.2175,1002,2.2545,0
2026-03-11,17:56:47.100933,147953,35,0.13125,59,0.22125,1072,2.412,0
2026-03-11,17:56:49.864169,148633,35,0.13125,61,0.22875,1113,2.50425,0
2026-03-11,17:56:49.864169,149163,36,0.135,61,0.22875,1129,2.54025,0
2026-03-11,17:56:49.864169,149697,35,0.13125,60,0.225,1128,2.538,0
2026-03-11,17:56:49.864169,150227,35,0.13125,61,0.22875,1129,2.54025,0
2026-03-11,17:56:49.864169,150757,35,0.13125,61,0.22875,1129,2.54025,0
2026-03-11,17:56:52.794845,151437,35,0.13125,59,0.22125,1130,2.5425,0
2026-03-11,17:56:52.794845,151968,35,0.13125,60,0.225,1128,2.538,0
2026-03-11,17:56:52.794845,152498,34,0.1275,59,0.22125,1130,2.5425,0
2026-03-11,17:56:52.794845,153029,35,0.13125,59,0.22125,1129,2.54025,0
2026-03-11,17:56:52.794845,153559,35,0.13125,59,0.22125,1128,2.538,0
2026-03-11,17:56:55.600206,154332,35,0.13125,59,0.22125,1129,2.54025,0
2026-03-11,17:56:55.600206,154862,34,0.1275,58,0.2175,1128,2.538,0
2026-03-11,17:56:55.600206,155393,35,0.13125,60,0.225,1128,2.538,0
2026-03-11,17:56:55.600206,155924,34,0.1275,62,0.2325,1128,2.538,0
2026-03-11,17:56:55.600206,156457,35,0.13125,61,0.22875,1130,2.5425,0
2026-03-11,17:56:58.470774,157201,35,0.13125,61,0.22875,1128,2.538,0
2026-03-11,17:56:58.470774,157732,34,0.1275,59,0.22125,1130,2.5425,0
2026-03-11,17:56:58.470774,158262,36,0.135,61,0.22875,1129,2.54025,0
2026-03-11,17:56:58.470774,158793,35,0.13125,59,0.22125,1128,2.538,0
2026-03-11,17:56:58.470774,159324,33,0.12375,59,0.22125,1126,2.5335,0
2026-03-11,17:57:01.257813,160004,35,0.13125,61,0.22875,1129,2.54025,0
2026-03-11,17:57:01.257813,160534,35,0.13125,59,0.22125,1130,2.5425,0
2026-03-11,17:57:01.257813,161067,37,0.13875,59,0.22125,1129,2.54025,0
2026-03-11,17:57:01.257813,161598,35,0.13125,61,0.22875,1128,2.538,0
2026-03-11,17:57:01.257813,162128,36,0.135,59,0.22125,1129,2.54025,0
2026-03-11,17:57:04.427107,163137,34,0.1275,60,0.225,1131,2.54475,0
2026-03-11,17:57:04.427107,163668,35,0.13125,58,0.2175,1128,2.538,0
2026-03-11,17:57:04.427107,164198,32,0.12,60,0.225,1130,2.5425,0
2026-03-11,17:57:04.427107,164729,34,0.1275,59,0.22125,1129,2.54025,0
2026-03-11,17:57:04.427107,165259,35,0.13125,60,0.225,1128,2.538,0
2026-03-11,17:57:07.307950,165985,33,0.12375,58,0.2175,1124,2.529,0
2026-03-11,17:57:07.307950,166516,33,0.12375,60,0.225,1125,2.53125,0
2026-03-11,17:57:07.307950,167045,35,0.13125,60,0.225,1129,2.54025,0
2026-03-11,17:57:07.307950,167576,34,0.1275,60,0.225,1127,2.53575,0
2026-03-11,17:57:07.307950,168106,35,0.13125,59,0.22125,1127,2.53575,0
2026-03-11,17:57:10.448359,169173,35,0.13125,60,0.225,1128,2.538,0
2026-03-11,17:57:10.448359,169704,34,0.1275,60,0.225,1128,2.538,0
2026-03-11,17:57:10.448359,170234,34,0.1275,60,0.225,1129,2.54025,0
2026-03-11,17:57:10.448359,170765,35,0.13125,59,0.22125,1128,2.538,0
2026-03-11,17:57:10.448359,171295,34,0.1275,59,0.22125,1128,2.538,0
2026-03-11,17:57:13.620570,172348,34,0.1275,60,0.225,1129,2.54025,0
2026-03-11,17:57:13.620570,172879,34,0.1275,59,0.22125,1129,2.54025,0
2026-03-11,17:57:13.620570,173409,35,0.13125,59,0.22125,1130,2.5425,0
2026-03-11,17:57:13.620570,173940,34,0.1275,60,0.225,1129,2.54025,0
2026-03-11,17:57:13.620570,174470,35,0.13125,60,0.225,1129,2.54025,0
2026-03-11,17:57:16.562781,175150,34,0.1275,59,0.22125,1129,2.54025,0
2026-03-11,17:57:16.562781,175681,34,0.1275,59,0.22125,1129,2.54025,0
2026-03-11,17:57:16.562781,176211,34,0.1275,61,0.22875,1129,2.54025,0
2026-03-11,17:57:16.562781,176744,34,0.1275,59,0.22125,1129,2.54025,0
2026-03-11,17:57:16.562781,177275,34,0.1275,59,0.22125,1127,2.53575,0
2026-03-11,17:57:19.705821,178490,33,0.12375,60,0.225,1130,2.5425,0
2026-03-11,17:57:19.705821,179020,34,0.1275,59,0.22125,1128,2.538,0
2026-03-11,17:57:19.705821,179551,35,0.13125,60,0.225,1129,2.54025,0
2026-03-11,17:57:19.705821,180081,34,0.1275,58,0.2175,1128,2.538,0
2026-03-11,17:57:19.705821,180612,33,0.12375,59,0.22125,1129,2.54025,0
2026-03-11,17:57:22.543295,181292,34,0.1275,59,0.22125,1128,2.538,0
2026-03-11,17:57:22.543295,181822,34,0.1275,60,0.225,1129,2.54025,0
2026-03-11,17:57:22.543295,182353,34,0.1275,60,0.225,1127,2.53575,0
2026-03-11,17:57:22.543295,182886,35,0.13125,60,0.225,1128,2.538,0
2026-03-11,17:57:22.543295,183416,35,0.13125,60,0.225,1129,2.54025,0
2026-03-11,17:57:25.316167,184096,35,0.13125,60,0.225,1127,2.53575,0
2026-03-11,17:57:25.316167,184626,33,0.12375,59,0.22125,1128,2.538,0
2026-03-11,17:57:25.316167,185157,34,0.1275,59,0.22125,1128,2.538,0
2026-03-11,17:57:25.316167,185687,34,0.1275,61,0.22875,1127,2.53575,0
2026-03-11,17:57:25.316167,186218,35,0.13125,59,0.22125,1128,2.538,0
2026-03-11,17:57:28.338241,186898,36,0.135,59,0.22125,1128,2.538,0
2026-03-11,17:57:28.338241,187428,34,0.1275,58,0.2175,1127,2.53575,0
2026-03-11,17:57:28.338241,187959,35,0.13125,59,0.22125,1129,2.54025,0
2026-03-11,17:57:28.338241,188489,34,0.1275,59,0.22125,1127,2.53575,0
2026-03-11,17:57:28.338241,189022,35,0.13125,60,0.225,1129,2.54025,0
2026-03-11,17:57:32.410011,191188,37,0.13875,60,0.225,1127,2.53575,0
2026-03-11,17:57:32.410011,191719,34,0.1275,60,0.225,1129,2.54025,0
2026-03-11,17:57:32.410011,192249,34,0.1275,60,0.225,1128,2.538,0
2026-03-11,17:57:32.410011,192779,36,0.135,59,0.22125,1128,2.538,0
2026-03-11,17:57:32.410011,193313,36,0.135,59,0.22125,1129,2.54025,0
2026-03-11,17:57:35.235886,193992,35,0.13125,59,0.22125,1127,2.53575,0
2026-03-11,17:57:35.235886,194523,34,0.1275,60,0.225,1128,2.538,0
2026-03-11,17:57:35.235886,195053,34,0.1275,60,0.225,1128,2.538,0
2026-03-11,17:57:35.235886,195584,34,0.1275,59,0.22125,1127,2.53575,0
2026-03-11,17:57:35.235886,196114,34,0.1275,61,0.22875,1128,2.538,0
2026-03-11,17:57:38.011327,196794,34,0.1275,59,0.22125,1128,2.538,0
2026-03-11,17:57:38.011327,197327,35,0.13125,58,0.2175,1127,2.53575,0
2026-03-11,17:57:38.011327,197858,33,0.12375,59,0.22125,1128,2.538,0
2026-03-11,17:57:38.011327,198388,34,0.1275,59,0.22125,1129,2.54025,0
2026-03-11,17:57:38.011327,198919,35,0.13125,60,0.225,1127,2.53575,0
2026-03-11,17:57:40.867477,199600,34,0.1275,60,0.225,1127,2.53575,0
2026-03-11,17:57:40.867477,200131,35,0.13125,59,0.22125,1127,2.53575,0
2026-03-11,17:57:40.867477,200661,35,0.13125,60,0.225,1129,2.54025,0
2026-03-11,17:57:40.867477,201192,35,0.13125,60,0.225,1128,2.538,0
2026-03-11,17:57:40.867477,201722,35,0.13125,58,0.2175,1128,2.538,0
2026-03-11,17:57:43.697153,202402,33,0.12375,60,0.225,1128,2.538,0
2026-03-11,17:57:43.697153,202932,33,0.12375,60,0.225,1128,2.538,0
2026-03-11,17:57:43.697153,203465,33,0.12375,60,0.225,1128,2.538,0
2026-03-11,17:57:43.697153,203996,34,0.1275,60,0.225,1127,2.53575,0
2026-03-11,17:57:43.697153,204526,33,0.12375,59,0.22125,1128,2.538,0
2026-03-11,17:57:46.558096,205219,35,0.13125,59,0.22125,1128,2.538,0
2026-03-11,17:57:46.558096,205749,34,0.1275,60,0.225,1128,2.538,0
2026-03-11,17:57:46.558096,206280,34,0.1275,60,0.225,1128,2.538,0
2026-03-11,17:57:46.558096,206810,35,0.13125,59,0.22125,1129,2.54025,0
2026-03-11,17:57:46.558096,207341,33,0.12375,60,0.225,1128,2.538,0
2026-03-11,17:57:49.798811,208187,34,0.1275,61,0.22875,1128,2.538,0
2026-03-11,17:57:49.798811,208717,34,0.1275,60,0.225,1128,2.538,0
2026-03-11,17:57:49.798811,209248,33,0.12375,60,0.225,1128,2.538,0
2026-03-11,17:57:49.798811,209778,32,0.12,60,0.225,1127,2.53575,0
2026-03-11,17:57:49.798811,210309,33,0.12375,59,0.22125,1128,2.538,0
2026-03-11,17:57:52.791376,211484,34,0.1275,59,0.22125,1128,2.538,0
2026-03-11,17:57:52.791376,212015,34,0.1275,60,0.225,1128,2.538,0
2026-03-11,17:57:52.791376,212545,35,0.13125,59,0.22125,1127,2.53575,0
2026-03-11,17:57:52.791376,213076,33,0.12375,60,0.225,1128,2.538,0
2026-03-11,17:57:52.791376,213609,36,0.135,59,0.22125,1128,2.538,0
2026-03-11,17:57:55.747029,214435,35,0.13125,59,0.22125,1128,2.538,0
2026-03-11,17:57:55.747029,214966,36,0.135,60,0.225,1129,2.54025,0
2026-03-11,17:57:55.747029,215496,35,0.13125,59,0.22125,1128,2.538,0
2026-03-11,17:57:55.747029,216027,34,0.1275,59,0.22125,1128,2.538,0
2026-03-11,17:57:55.747029,216557,35,0.13125,60,0.225,1129,2.54025,0
2026-03-11,17:57:58.515903,217296,35,0.13125,60,0.225,1129,2.54025,0
2026-03-11,17:57:58.515903,217826,34,0.1275,59,0.22125,1128,2.538,0
2026-03-11,17:57:58.515903,218356,36,0.135,59,0.22125,1129,2.54025,0
2026-03-11,17:57:58.515903,218887,34,0.1275,61,0.22875,1128,2.538,0
2026-03-11,17:57:58.515903,219420,37,0.13875,61,0.22875,1129,2.54025,0
2026-03-11,17:58:01.580158,220271,36,0.135,58,0.2175,1128,2.538,0
2026-03-11,17:58:01.580158,220802,33,0.12375,58,0.2175,1128,2.538,0
2026-03-11,17:58:01.580158,221332,36,0.135,59,0.22125,1128,2.538,0
2026-03-11,17:58:01.580158,221863,34,0.1275,59,0.22125,1127,2.53575,0
2026-03-11,17:58:01.580158,222393,34,0.1275,59,0.22125,1129,2.54025,0
2026-03-11,17:58:04.438792,223133,33,0.12375,60,0.225,1128,2.538,0
2026-03-11,17:58:04.438792,223664,34,0.1275,60,0.225,1127,2.53575,0
2026-03-11,17:58:04.438792,224194,35,0.13125,60,0.225,1129,2.54025,0
2026-03-11,17:58:04.438792,224725,35,0.13125,59,0.22125,1127,2.53575,0
2026-03-11,17:58:04.438792,225258,36,0.135,59,0.22125,1129,2.54025,0
2026-03-11,17:58:07.324915,226000,32,0.12,59,0.22125,1127,2.53575,0
2026-03-11,17:58:07.324915,226531,35,0.13125,59,0.22125,1128,2.538,0
2026-03-11,17:58:07.324915,227061,36,0.135,60,0.225,1128,2.538,0
2026-03-11,17:58:07.324915,227592,34,0.1275,59,0.22125,1128,2.538,0
2026-03-11,17:58:07.324915,228122,34,0.1275,60,0.225,1129,2.54025,0
2026-03-11,17:58:10.274917,228975,34,0.1275,59,0.22125,1128,2.538,0
2026-03-11,17:58:10.274917,229506,36,0.135,60,0.225,1127,2.53575,0
2026-03-11,17:58:10.274917,230036,36,0.135,60,0.225,1129,2.54025,0
2026-03-11,17:58:10.274917,230566,35,0.13125,61,0.22875,1128,2.538,0
2026-03-11,17:58:10.274917,231099,34,0.1275,59,0.22125,1128,2.538,0
2026-03-11,17:58:13.045792,231836,34,0.1275,58,0.2175,1128,2.538,0
2026-03-11,17:58:13.045792,232367,35,0.13125,60,0.225,1128,2.538,0
2026-03-11,17:58:13.045792,232898,35,0.13125,61,0.22875,1129,2.54025,0
2026-03-11,17:58:13.045792,233428,37,0.13875,60,0.225,1127,2.53575,0
2026-03-11,17:58:13.045792,233958,34,0.1275,58,0.2175,1128,2.538,0
2026-03-11,17:58:16.160422,234640,36,0.135,61,0.22875,1127,2.53575,0
2026-03-11,17:58:16.160422,235170,34,0.1275,59,0.22125,1128,2.538,0
2026-03-11,17:58:16.160422,235703,37,0.13875,59,0.22125,1128,2.538,0
2026-03-11,17:58:16.160422,236234,33,0.12375,60,0.225,1129,2.54025,0
2026-03-11,17:58:16.160422,236764,36,0.135,59,0.22125,1128,2.538,0
2026-03-11,17:58:19.595974,237782,34,0.1275,59,0.22125,1129,2.54025,0
2026-03-11,17:58:19.595974,238312,35,0.13125,59,0.22125,1128,2.538,0
2026-03-11,17:58:19.595974,238843,35,0.13125,60,0.225,1128,2.538,0
2026-03-11,17:58:19.595974,239373,35,0.13125,60,0.225,1127,2.53575,0
2026-03-11,17:58:19.595974,239904,35,0.13125,60,0.225,1128,2.538,0
2026-03-11,17:58:22.968948,241673,34,0.1275,58,0.2175,1129,2.54025,0
2026-03-11,17:58:22.968948,242204,34,0.1275,60,0.225,1127,2.53575,0
2026-03-11,17:58:22.968948,242734,32,0.12,58,0.2175,1129,2.54025,0
2026-03-11,17:58:22.968948,243265,34,0.1275,61,0.22875,1127,2.53575,0
2026-03-11,17:58:22.968948,243795,36,0.135,59,0.22125,1128,2.538,0
2026-03-11,17:58:26.001716,244646,35,0.13125,60,0.225,1129,2.54025,0
2026-03-11,17:58:26.001716,245177,36,0.135,61,0.22875,1128,2.538,0
2026-03-11,17:58:26.001716,245707,36,0.135,59,0.22125,1129,2.54025,0
2026-03-11,17:58:26.001716,246238,35,0.13125,59,0.22125,1128,2.538,0
2026-03-11,17:58:26.001716,246771,34,0.1275,59,0.22125,1128,2.538,0
2026-03-11,17:58:29.418001,248124,34,0.1275,59,0.22125,1128,2.538,0
2026-03-11,17:58:29.418001,248655,36,0.135,60,0.225,1130,2.5425,0
2026-03-11,17:58:29.418001,249185,34,0.1275,60,0.225,1128,2.538,0
2026-03-11,17:58:29.418001,249715,35,0.13125,59,0.22125,1128,2.538,0
2026-03-11,17:58:29.418001,250246,34,0.1275,60,0.225,1128,2.538,0
2026-03-11,17:58:32.204498,250987,36,0.135,60,0.225,1127,2.53575,0
2026-03-11,17:58:32.204498,251517,33,0.12375,59,0.22125,1127,2.53575,0
2026-03-11,17:58:32.204498,252048,34,0.1275,58,0.2175,1127,2.53575,0
2026-03-11,17:58:32.204498,252578,34,0.1275,59,0.22125,1128,2.538,0
2026-03-11,17:58:32.204498,253108,35,0.13125,60,0.225,1127,2.53575,0
2026-03-11,17:58:35.177739,253788,35,0.13125,62,0.2325,1128,2.538,0
2026-03-11,17:58:35.177739,254319,35,0.13125,59,0.22125,1127,2.53575,0
2026-03-11,17:58:35.177739,254849,34,0.1275,57,0.21375,1128,2.538,0
2026-03-11,17:58:35.177739,255382,34,0.1275,60,0.225,1128,2.538,0
2026-03-11,17:58:35.177739,255913,34,0.1275,60,0.225,1128,2.538,0
2026-03-11,17:58:38.560044,257340,34,0.1275,60,0.225,1129,2.54025,0
2026-03-11,17:58:38.560044,257871,35,0.13125,60,0.225,1126,2.5335,0
2026-03-11,17:58:38.560044,258401,36,0.135,60,0.225,1129,2.54025,0
2026-03-11,17:58:38.560044,258932,35,0.13125,60,0.225,1128,2.538,0
2026-03-11,17:58:38.560044,259462,35,0.13125,59,0.22125,1129,2.54025,0
2026-03-11,17:58:41.382927,260144,34,0.1275,60,0.225,1127,2.53575,0
2026-03-11,17:58:41.382927,260674,34,0.1275,61,0.22875,1128,2.538,0
2026-03-11,17:58:41.382927,261207,35,0.13125,60,0.225,1127,2.53575,0
2026-03-11,17:58:41.382927,261738,33,0.12375,62,0.2325,1127,2.53575,0
2026-03-11,17:58:41.382927,262268,34,0.1275,58,0.2175,1127,2.53575,0
2026-03-11,17:58:44.175157,262964,35,0.13125,61,0.22875,1128,2.538,0
2026-03-11,17:58:44.175157,263494,34,0.1275,59,0.22125,1129,2.54025,0
2026-03-11,17:58:44.175157,264025,35,0.13125,60,0.225,1128,2.538,0
2026-03-11,17:58:44.175157,264556,33,0.12375,59,0.22125,1128,2.538,0
2026-03-11,17:58:44.175157,265086,34,0.1275,59,0.22125,1128,2.538,0
2026-03-11,17:58:47.041871,265773,33,0.12375,58,0.2175,1128,2.538,0
2026-03-11,17:58:47.041871,266303,34,0.1275,58,0.2175,1127,2.53575,0
2026-03-11,17:58:47.041871,266834,35,0.13125,58,0.2175,1127,2.53575,0
2026-03-11,17:58:47.041871,267367,35,0.13125,59,0.22125,1127,2.53575,0
2026-03-11,17:58:47.041871,267897,35,0.13125,59,0.22125,1126,2.5335,0
2026-03-11,17:58:50.058662,268577,36,0.135,57,0.21375,1128,2.538,0
2026-03-11,17:58:50.058662,269108,34,0.1275,60,0.225,1128,2.538,0
2026-03-11,17:58:50.058662,269638,36,0.135,60,0.225,1128,2.538,0
2026-03-11,17:58:50.058662,270169,36,0.135,58,0.2175,1127,2.53575,0
2026-03-11,17:58:50.058662,270699,36,0.135,58,0.2175,1128,2.538,0
2026-03-11,17:58:52.912229,271678,36,0.135,59,0.22125,1128,2.538,0
2026-03-11,17:58:52.912229,272208,35,0.13125,58,0.2175,1127,2.53575,0
2026-03-11,17:58:52.912229,272739,33,0.12375,60,0.225,1127,2.53575,0
2026-03-11,17:58:52.912229,273269,34,0.1275,59,0.22125,1127,2.53575,0
2026-03-11,17:58:52.912229,273802,34,0.1275,59,0.22125,1128,2.538,0
2026-03-11,17:58:56.180456,274954,35,0.13125,59,0.22125,1127,2.53575,0
2026-03-11,17:58:56.180456,275484,33,0.12375,60,0.225,1129,2.54025,0
2026-03-11,17:58:56.180456,276015,34,0.1275,61,0.22875,1128,2.538,0
2026-03-11,17:58:56.180456,276546,33,0.12375,58,0.2175,1128,2.538,0
2026-03-11,17:58:56.180456,277076,34,0.1275,59,0.22125,1128,2.538,0
2026-03-11,17:58:59.332424,278027,35,0.13125,58,0.2175,1127,2.53575,0
2026-03-11,17:58:59.332424,278558,35,0.13125,58,0.2175,1127,2.53575,0
2026-03-11,17:58:59.332424,279088,34,0.1275,59,0.22125,1129,2.54025,0
2026-03-11,17:58:59.332424,279619,33,0.12375,59,0.22125,1128,2.538,0
2026-03-11,17:58:59.332424,280149,35,0.13125,60,0.225,1128,2.538,0
2026-03-11,17:59:02.411668,281202,34,0.1275,61,0.22875,1129,2.54025,0
2026-03-11,17:59:02.411668,281733,36,0.135,61,0.22875,1127,2.53575,0
2026-03-11,17:59:02.411668,282263,36,0.135,59,0.22125,1128,2.538,0
2026-03-11,17:59:02.411668,282794,35,0.13125,60,0.225,1128,2.538,0
2026-03-11,17:59:02.411668,283327,33,0.12375,58,0.2175,1128,2.538,0
2026-03-11,17:59:05.406511,284007,34,0.1275,60,0.225,1128,2.538,0
2026-03-11,17:59:05.406511,284537,36,0.135,62,0.2325,1128,2.538,0
2026-03-11,17:59:05.406511,285068,36,0.135,58,0.2175,1128,2.538,0
2026-03-11,17:59:05.406511,285598,35,0.13125,59,0.22125,1129,2.54025,0
2026-03-11,17:59:05.406511,286129,35,0.13125,58,0.2175,1128,2.538,0
2026-03-11,17:59:08.574858,287351,35,0.13125,59,0.22125,1128,2.538,0
2026-03-11,17:59:08.574858,287881,35,0.13125,59,0.22125,1128,2.538,0
2026-03-11,17:59:08.574858,288412,35,0.13125,62,0.2325,1128,2.538,0
2026-03-11,17:59:08.574858,288942,36,0.135,60,0.225,1129,2.54025,0
2026-03-11,17:59:08.574858,289475,35,0.13125,60,0.225,1129,2.54025,0
2026-03-11,17:59:11.577733,290155,34,0.1275,59,0.22125,1129,2.54025,0
2026-03-11,17:59:11.577733,290685,34,0.1275,61,0.22875,1127,2.53575,0
2026-03-11,17:59:11.577733,291216,34,0.1275,59,0.22125,1129,2.54025,0
2026-03-11,17:59:11.577733,291746,34,0.1275,60,0.225,1128,2.538,0
2026-03-11,17:59:11.577733,292277,35,0.13125,60,0.225,1127,2.53575,0
2026-03-11,17:59:15.212458,294002,34,0.1275,58,0.2175,1128,2.538,0
2026-03-11,17:59:15.212458,294532,36,0.135,59,0.22125,1128,2.538,0
2026-03-11,17:59:15.212458,295063,35,0.13125,60,0.225,1127,2.53575,0
2026-03-11,17:59:15.212458,295593,35,0.13125,58,0.2175,1128,2.538,0
2026-03-11,17:59:15.212458,296124,36,0.135,59,0.22125,1128,2.538,0
2026-03-11,17:59:18.245037,296803,35,0.13125,60,0.225,1129,2.54025,0
2026-03-11,17:59:18.245037,297334,35,0.13125,60,0.225,1129,2.54025,0
2026-03-11,17:59:18.245037,297864,34,0.1275,60,0.225,1128,2.538,0
2026-03-11,17:59:18.245037,298398,35,0.13125,60,0.225,1128,2.538,0
2026-03-11,17:59:18.245037,298928,35,0.13125,60,0.225,1129,2.54025,0
2026-03-11,17:59:21.139058,299863,35,0.13125,59,0.22125,1128,2.538,0
2026-03-11,17:59:21.139058,300394,35,0.13125,60,0.225,1128,2.538,0
2026-03-11,17:59:21.139058,300924,35,0.13125,62,0.2325,1128,2.538,0
2026-03-11,17:59:21.139058,301457,35,0.13125,60,0.225,1128,2.538,0
2026-03-11,17:59:21.139058,301988,33,0.12375,61,0.22875,1128,2.538,0
2026-03-11,17:59:23.980201,302712,37,0.13875,59,0.22125,1129,2.54025,0
2026-03-11,17:59:23.980201,303242,34,0.1275,58,0.2175,1127,2.53575,0
2026-03-11,17:59:23.980201,303772,33,0.12375,60,0.225,1128,2.538,0
2026-03-11,17:59:23.980201,304303,34,0.1275,60,0.225,1128,2.538,0
2026-03-11,17:59:23.980201,304836,35,0.13125,62,0.2325,1342,3.0195,0
2026-03-11,17:59:26.787182,305576,36,0.135,60,0.225,2102,4.7295,0
2026-03-11,17:59:26.787182,306106,35,0.13125,61,0.22875,2199,4.94775,0
2026-03-11,17:59:26.787182,306637,33,0.12375,58,0.2175,876,1.971,0
2026-03-11,17:59:26.787182,307167,33,0.12375,59,0.22125,455,1.02375,0
2026-03-11,17:59:26.787182,307698,35,0.13125,58,0.2175,423,0.95175,0
2026-03-11,17:59:29.708726,308378,32,0.12,54,0.2025,4,0.009,0
2026-03-11,17:59:29.708726,308909,33,0.12375,54,0.2025,3,0.00675,0
2026-03-11,17:59:29.708726,309441,33,0.12375,54,0.2025,4,0.009,0
2026-03-11,17:59:29.708726,309971,32,0.12,54,0.2025,3,0.00675,0
2026-03-11,17:59:29.708726,310502,33,0.12375,53,0.19875,3,0.00675,0
2026-03-11,17:59:32.721752,311512,31,0.11625,54,0.2025,3,0.00675,0
2026-03-11,17:59:32.721752,312043,30,0.1125,53,0.19875,3,0.00675,0
2026-03-11,17:59:32.721752,312573,32,0.12,53,0.19875,3,0.00675,0
2026-03-11,17:59:32.721752,313104,33,0.12375,54,0.2025,3,0.00675,0
2026-03-11,17:59:32.721752,313634,33,0.12375,55,0.20625,2,0.0045,0
2026-03-11,17:59:35.580085,314311,33,0.12375,53,0.19875,3,0.00675,0
2026-03-11,17:59:35.580085,314841,32,0.12,53,0.19875,2,0.0045,0
2026-03-11,17:59:35.580085,315372,32,0.12,52,0.195,4,0.009,0
2026-03-11,17:59:35.580085,315905,32,0.12,53,0.19875,4,0.009,0
2026-03-11,17:59:35.580085,316435,32,0.12,56,0.21,4,0.009,0
2026-03-11,17:59:38.438319,317161,34,0.1275,54,0.2025,4,0.009,0
2026-03-11,17:59:38.438319,317691,31,0.11625,54,0.2025,6,0.0135,0
2026-03-11,17:59:38.438319,318222,33,0.12375,54,0.2025,106,0.2385,0
2026-03-11,17:59:38.438319,318752,33,0.12375,55,0.20625,117,0.26325,0
2026-03-11,17:59:38.438319,319285,33,0.12375,56,0.21,105,0.23625,0
2026-03-11,17:59:41.192056,319964,33,0.12375,54,0.2025,93,0.20925,0
2026-03-11,17:59:41.192056,320497,31,0.11625,54,0.2025,88,0.198,0
2026-03-11,17:59:41.192056,321027,31,0.11625,55,0.20625,4,0.009,0
2026-03-11,17:59:41.192056,321558,32,0.12,53,0.19875,4,0.009,0
2026-03-11,17:59:41.192056,322088,33,0.12375,54,0.2025,4,0.009,0
2026-03-11,17:59:43.976531,322766,32,0.12,53,0.19875,3,0.00675,0
2026-03-11,17:59:43.976531,323296,32,0.12,54,0.2025,4,0.009,0
2026-03-11,17:59:43.976531,323827,30,0.1125,53,0.19875,2,0.0045,0
2026-03-11,17:59:43.976531,324357,33,0.12375,53,0.19875,4,0.009,0
2026-03-11,17:59:43.976531,324887,33,0.12375,53,0.19875,3,0.00675,0
2026-03-11,17:59:46.819324,325566,32,0.12,51,0.19125,3,0.00675,0
2026-03-11,17:59:46.819324,326096,31,0.11625,51,0.19125,4,0.009,0
2026-03-11,17:59:46.819324,326627,32,0.12,51,0.19125,4,0.009,0
2026-03-11,17:59:46.819324,327158,30,0.1125,54,0.2025,4,0.009,0
2026-03-11,17:59:46.819324,327688,31,0.11625,52,0.195,4,0.009,0
2026-03-11,17:59:49.675526,328416,30,0.1125,51,0.19125,3,0.00675,0
2026-03-11,17:59:49.675526,328946,30,0.1125,54,0.2025,1,0.00225,0
2026-03-11,17:59:49.675526,329477,31,0.11625,52,0.195,3,0.00675,0
2026-03-11,17:59:49.675526,330007,31,0.11625,54,0.2025,3,0.00675,0
2026-03-11,17:59:49.675526,330538,34,0.1275,54,0.2025,4,0.009,0
2026-03-11,17:59:52.454959,331214,34,0.1275,56,0.21,375,0.84375,0
2026-03-11,17:59:52.454959,331745,34,0.1275,58,0.2175,769,1.73025,0
2026-03-11,17:59:52.454959,332275,33,0.12375,58,0.2175,1129,2.54025,0
2026-03-11,17:59:52.454959,332808,35,0.13125,60,0.225,1598,3.5955,0
2026-03-11,17:59:52.454959,333339,34,0.1275,61,0.22875,1803,4.05675,0
2026-03-11,17:59:55.256718,334047,35,0.13125,59,0.22125,1804,4.059,0
2026-03-11,17:59:55.256718,334578,36,0.135,60,0.225,2207,4.96575,0
2026-03-11,17:59:55.256718,335108,36,0.135,59,0.22125,2261,5.08725,0
2026-03-11,17:59:55.256718,335639,36,0.135,58,0.2175,2261,5.08725,0
2026-03-11,17:59:55.256718,336172,35,0.13125,60,0.225,2106,4.7385,0
2026-03-11,17:59:58.213551,336852,35,0.13125,59,0.22125,1283,2.88675,0
2026-03-11,17:59:58.213551,337382,36,0.135,59,0.22125,978,2.2005,0
2026-03-11,17:59:58.213551,337912,36,0.135,57,0.21375,624,1.404,0
2026-03-11,17:59:58.213551,338443,34,0.1275,58,0.2175,375,0.84375,0
2026-03-11,17:59:58.213551,338973,33,0.12375,53,0.19875,5,0.01125,0
2026-03-11,18:00:01.189995,339882,31,0.11625,54,0.2025,2,0.0045,0
2026-03-11,18:00:01.189995,340412,31,0.11625,52,0.195,4,0.009,0
2026-03-11,18:00:01.189995,340942,33,0.12375,53,0.19875,4,0.009,0
2026-03-11,18:00:01.189995,341473,31,0.11625,52,0.195,3,0.00675,0
2026-03-11,18:00:01.189995,342006,32,0.12,53,0.19875,4,0.009,0
2026-03-11,18:00:04.384500,342961,33,0.12375,53,0.19875,4,0.009,0
2026-03-11,18:00:04.384500,343492,31,0.11625,55,0.20625,3,0.00675,0
2026-03-11,18:00:04.384500,344022,32,0.12,54,0.2025,5,0.01125,0
2026-03-11,18:00:04.384500,344553,34,0.1275,54,0.2025,4,0.009,0
2026-03-11,18:00:04.384500,345086,34,0.1275,54,0.2025,3,0.00675,0
2026-03-11,18:00:07.603435,346343,32,0.12,53,0.19875,2,0.0045,0
2026-03-11,18:00:07.603435,346873,33,0.12375,55,0.20625,5,0.01125,0
2026-03-11,18:00:07.603435,347404,34,0.1275,54,0.2025,3,0.00675,0
2026-03-11,18:00:07.603435,347934,34,0.1275,54,0.2025,4,0.009,0
2026-03-11,18:00:07.603435,348467,31,0.11625,54,0.2025,2,0.0045,0
2026-03-11,18:00:10.493448,349206,33,0.12375,54,0.2025,4,0.009,0
2026-03-11,18:00:10.493448,349736,32,0.12,55,0.20625,3,0.00675,0
2026-03-11,18:00:10.493448,350267,31,0.11625,54,0.2025,2,0.0045,0
2026-03-11,18:00:10.493448,350797,32,0.12,54,0.2025,5,0.01125,0
2026-03-11,18:00:10.493448,351328,30,0.1125,54,0.2025,3,0.00675,0
2026-03-11,18:00:13.480304,352154,32,0.12,53,0.19875,3,0.00675,0
2026-03-11,18:00:13.480304,352684,33,0.12375,55,0.20625,3,0.00675,0
2026-03-11,18:00:13.480304,353215,31,0.11625,56,0.21,3,0.00675,0
2026-03-11,18:00:13.480304,353745,33,0.12375,56,0.21,3,0.00675,0
2026-03-11,18:00:13.480304,354275,33,0.12375,55,0.20625,3,0.00675,0
2026-03-11,18:00:16.683350,355239,32,0.12,56,0.21,3,0.00675,0
2026-03-11,18:00:16.683350,355770,35,0.13125,55,0.20625,4,0.009,0
2026-03-11,18:00:16.683350,356300,31,0.11625,56,0.21,4,0.009,0
2026-03-11,18:00:16.683350,356831,32,0.12,55,0.20625,3,0.00675,0
2026-03-11,18:00:16.683350,357364,32,0.12,52,0.195,3,0.00675,0
