counter,timediff_us,ch0,ch1,ch2,ch3,ch4,ch5,ch6,ch7
64529,866,36038,33428,32047,35990,32782,32782,30823,28667
64530,866,36069,33422,32029,36001,32781,32783,30822,28667
64531,864,36064,33441,31975,35985,32782,32784,30821,28664
64532,866,36058,33452,31943,36022,32782,32782,30821,28662
64533,867,36068,33481,32036,35973,32781,32781,30822,28664
64534,866,36049,33463,32021,36004,32782,32783,30820,28664
64535,866,36011,33421,31964,35958,32781,32782,30819,28663
64536,862,36011,33419,31968,36014,32783,32781,30826,28668
64537,863,36012,33449,32022,35944,32783,32781,30821,28663
64538,866,36033,33470,32000,36025,32781,32781,30821,28663
64539,866,36060,33483,31952,35968,32782,32783,30821,28666
64540,867,36051,33445,32002,36033,32782,32783,30820,28665
64541,866,36067,33413,32021,35948,32782,32784,30819,28665
64542,867,36067,33424,32009,36017,32781,32782,30822,28665
64543,864,36033,33451,31942,35969,32783,32782,30822,28664
64544,866,36010,33454,32007,35994,32782,32783,30821,28664
64545,867,36027,33457,32022,35982,32781,32784,30823,28666
64546,867,36024,33432,31978,35989,32781,32783,30821,28664
64547,867,36065,33410,31964,36001,32782,32783,30817,28662
64548,865,36068,33397,32023,35977,32781,32782,30820,28663
64549,867,36051,33448,32038,36013,32783,32781,30822,28663
64550,867,36049,33458,31983,35973,32783,32781,30822,28661
64551,867,36017,33455,31944,36015,32783,32782,30819,28663
64552,898,36069,33463,31970,36023,32781,32781,30825,28668
64553,866,36044,33453,31970,35932,32780,32782,30819,28664
64554,871,36065,33453,32017,36030,32783,32781,30820,28663
64555,865,36049,33421,32015,35938,32782,32781,30823,28665
64556,862,36021,33391,31962,36004,32782,32782,30822,28664
64557,910,36019,33448,32020,36009,32780,32782,30818,28662
64558,867,36061,33411,31951,35945,32781,32783,30822,28665
64559,866,36051,33395,32007,36019,32782,32782,30821,28663
64560,864,36023,33435,32029,35981,32781,32783,30824,28667
64561,867,35997,33449,32007,35987,32781,32782,30821,28664
64562,865,36017,33452,31947,36001,32778,32779,30815,28658
64563,867,36055,33448,32020,35967,32782,32782,30822,28663
64564,867,36063,33435,32034,36020,32782,32783,30821,28663
64565,909,36063,33420,32008,35988,32782,32782,30819,28663
64566,867,36044,33447,32030,35968,32782,32782,30820,28664
64567,864,36061,33435,31986,36032,32782,32782,30822,28662
64568,863,36072,33401,31955,35946,32782,32782,30824,28665
64569,867,36069,33426,32054,36020,32782,32782,30822,28663
64570,912,36082,33464,31982,36026,32781,32781,30818,28662
64571,867,36049,33397,32028,35923,32783,32783,30820,28664
64572,866,36055,33398,32029,35996,32781,32783,30820,28664
64573,871,36040,33420,31982,35929,32782,32783,30827,28668
64574,867,36052,33444,31956,36023,32782,32782,30820,28663
64575,866,36036,33455,32037,35945,32783,32781,30821,28664
64576,869,36035,33459,32042,36026,32784,32782,30821,28666
64577,866,36043,33441,32005,35953,32782,32781,30823,28666
64578,865,36059,33402,31965,36014,32781,32783,30821,28667
64579,867,36063,33420,32036,35946,32782,32781,30822,28663
64580,867,36055,33447,32050,35995,32783,32782,30821,28663
64581,871,36066,33468,32020,35964,32780,32783,30822,28665
64582,866,36048,33477,31966,36014,32781,32783,30822,28666
64583,866,36032,33452,32043,35982,32781,32781,30822,28666
64584,866,36050,33441,32057,36030,32781,32782,30822,28668
64585,867,36051,33413,31993,36020,32782,32783,30820,28665
64586,866,36046,33453,31952,36003,32781,32784,30819,28662
64587,870,36064,33469,32032,35987,32782,32782,30822,28665
64588,866,36090,33467,32061,36011,32782,32782,30822,28666
64589,866,36078,33455,32023,36020,32781,32782,30823,28667
64590,865,36045,33446,31970,35995,32782,32783,30822,28667
64591,863,36025,33391,32039,36034,32783,32782,30820,28665
64592,866,36041,33431,32029,35964,32781,32783,30820,28664
64593,872,36066,33467,32026,36031,32780,32782,30820,28665
64594,866,36081,33475,31980,35975,32782,32782,30824,28666
64595,866,36093,33480,32059,36040,32782,32782,30823,28667
64596,866,36073,33456,32048,35968,32781,32783,30823,28666
64597,864,36043,33406,31984,36021,32782,32782,30823,28664
64598,866,36010,33425,31954,35928,32781,32782,30820,28663
64599,870,36029,33465,32050,36029,32783,32782,30821,28666
64600,871,36035,33472,32037,35947,32782,32783,30822,28667
64601,866,36075,33463,32009,36023,32782,32783,30823,28666
64602,865,36080,33463,31967,35956,32782,32782,30823,28666
64603,865,36062,33405,32020,36022,32781,32782,30820,28665
64604,866,36042,33393,32025,35953,32782,32781,30822,28663
64605,869,36051,33456,32011,36012,32780,32784,30821,28666
64606,866,36030,33460,31967,35967,32782,32782,30822,28667
64607,866,36045,33466,32048,36034,32781,32782,30823,28666
64608,865,36065,33456,32047,35989,32781,32781,30823,28667
64609,867,36051,33431,31982,36008,32783,32783,30821,28663
64610,866,36060,33390,31966,35971,32781,32783,30819,28664
64611,868,36074,33418,32056,36011,32781,32781,30821,28665
64612,866,36074,33468,32053,36003,32781,32782,30822,28667
64613,866,36046,33472,32002,36004,32782,32783,30822,28666
64614,865,36034,33472,31963,36019,32781,32781,30823,28667
64615,870,36035,33442,32040,35970,32782,32782,30820,28665
64616,866,36051,33405,32030,36021,32783,32782,30821,28664
64617,872,36082,33415,32020,36002,32780,32782,30821,28667
64618,866,36088,33455,31959,36034,32781,32783,30823,28667
64619,865,36068,33467,32028,35991,32783,32783,30823,28665
64620,866,36039,33469,32043,36056,32782,32782,30822,28668
64621,865,36011,33458,31996,35964,32782,32781,30822,28665
64622,865,36028,33419,31946,36026,32781,32782,30821,28663
64623,871,36053,33428,32043,35974,32781,32783,30820,28666
64624,866,36076,33426,32066,36040,32781,32781,30823,28667
64625,866,36087,33488,32007,35971,32781,32783,30822,28667
64626,865,36072,33472,31970,36022,32782,32780,30822,28667
64627,863,36061,33454,32044,35963,32782,32783,30821,28666
64628,866,36034,33442,32025,36036,32782,32782,30821,28665
64629,873,36028,33441,32007,35959,32782,32783,30820,28666
64630,870,36062,33433,31964,36067,32782,32783,30822,28667
64631,865,36080,33460,32039,35969,32781,32782,30822,28666
64632,866,36077,33464,32046,36043,32782,32782,30823,28668
64633,865,36072,33462,31983,35952,32782,32782,30822,28664
64634,865,36076,33459,31949,36016,32782,32782,30819,28663
64635,870,36068,33457,32034,35970,32782,32783,30821,28665
64636,866,36067,33419,32047,36026,32783,32781,30822,28667
64637,866,36064,33452,32000,35990,32782,32783,30822,28667
64638,865,36070,33486,31966,36025,32782,32781,30822,28667
64639,864,36074,33473,32040,36012,32781,32784,30820,28664
64640,866,36073,33455,32023,36004,32781,32784,30820,28665
64641,870,36083,33465,31999,36021,32782,32781,30822,28665
64642,865,36078,33423,31965,36009,32781,32782,30821,28667
64643,866,36054,33432,32052,36040,32782,32782,30823,28666
64644,866,36032,33485,32023,35994,32782,32783,30822,28667
64645,868,36051,33493,31959,36041,32781,32782,30820,28665
64646,865,36053,33458,31962,35970,32780,32782,30819,28665
64647,868,36095,33473,32053,36055,32781,32782,30821,28666
64648,866,36062,33423,32018,35980,32780,32783,30821,28665
64649,866,36081,33424,31973,36045,32783,32782,30821,28663
64650,868,36082,33458,31968,35970,32782,32782,30822,28666
64651,866,36033,33464,32038,36039,32781,32782,30823,28665
64652,867,36048,33451,32019,35953,32781,32783,30820,28663
64653,862,36059,33465,31976,36046,32782,32783,30822,28665
64654,865,36058,33409,31978,35957,32783,32782,30822,28665
64655,866,36078,33414,32039,36023,32781,32782,30821,28663
64656,866,36096,33470,32028,35980,32782,32783,30820,28667
64657,868,36085,33468,31963,36034,32781,32785,30819,28664
64658,867,36050,33464,31967,35981,32782,32783,30820,28664
64659,870,36044,33483,32045,36037,32782,32781,30822,28665
64660,870,36062,33454,32033,35994,32782,32782,30821,28666
64661,865,36092,33437,31986,36035,32781,32782,30822,28667
64662,866,36100,33440,31970,36001,32783,32782,30823,28668
64663,865,36076,33458,32039,36014,32782,32782,30821,28665
64664,866,36079,33455,32019,36015,32781,32782,30818,28664
64665,865,36092,33476,31980,36015,32781,32783,30820,28666
64666,866,36052,33460,31985,36037,32782,32782,30822,28666
64667,866,36043,33420,32056,35999,32782,32783,30822,28668
64668,865,36053,33429,32041,36058,32782,32782,30823,28667
64669,865,36052,33459,31969,35972,32781,32783,30821,28665
64670,865,36078,33464,32010,36044,32781,32783,30820,28665
64671,865,36077,33480,32053,35976,32781,32784,30821,28665
64672,866,36091,33448,32014,36051,32782,32783,30823,28667
64673,866,36090,33412,31966,35967,32782,32783,30822,28667
64674,866,36062,33440,32050,36038,32782,32782,30823,28666
64675,866,36044,33447,32037,35949,32782,32784,30820,28665
64676,865,36031,33450,31994,36020,32783,32783,30819,28664
64677,868,36065,33460,31974,35963,32781,32782,30821,28665
64678,866,36078,33468,32058,36028,32782,32783,30823,28666
64679,865,36092,33411,32043,35984,32782,32782,30822,28666
64680,866,36095,33431,32004,36024,32782,32782,30821,28667
64681,865,36084,33450,31956,36007,32781,32782,30821,28664
64682,866,36054,33465,32033,35992,32782,32782,30821,28664
64683,868,36056,33451,32041,36019,32783,32783,30822,28665
64684,866,36054,33458,32001,36003,32780,32783,30821,28667
64685,866,36076,33421,31970,36041,32782,32783,30822,28667
64686,866,36092,33425,32065,36004,32783,32782,30823,28667
64687,866,36089,33457,32038,36042,32782,32784,30821,28666
64688,866,36083,33458,31975,35976,32781,32782,30820,28665
64689,870,36088,33474,31970,36059,32781,32782,30822,28665
64690,865,36063,33461,32054,36000,32780,32783,30823,28667
64691,866,36053,33429,32040,36049,32782,32782,30823,28666
64692,866,36066,33410,31988,35982,32780,32782,30823,28667
64693,866,36054,33430,31954,36042,32781,32783,30821,28665
64694,866,36061,33465,32039,35946,32782,32783,30819,28663
64695,870,36090,33481,32046,36049,32781,32783,30822,28666
64696,866,36093,33475,32004,35953,32781,32783,30822,28667
64697,866,36069,33443,31983,36047,32781,32782,30823,28667
64698,865,36043,33409,32068,35972,32781,32781,30821,28668
64924,866,36083,33464,32007,36052,32784,32782,30821,28664
64925,865,36092,33465,32030,35969,32781,32783,30820,28666
64926,866,36095,33429,31994,36032,32781,32784,30820,28665
64933,863,36123,33397,32015,36040,32782,32782,30821,28663
65257,864,36007,33426,31988,35977,32782,32781,30822,28662
65258,866,36015,33450,31960,35915,32781,32782,30821,28663
65259,869,36028,33448,32036,35978,32782,32783,30823,28664
65260,866,36008,33447,32027,35920,32781,32782,30821,28663
65261,912,36055,33484,32063,35943,32781,32782,30816,28660
65262,867,36026,33456,32019,35981,32782,32783,30820,28664
65263,865,36014,33454,31990,35924,32783,32783,30821,28661
65264,872,36025,33428,31953,35952,32782,32783,30825,28668
65265,867,36038,33424,32035,35923,32783,32783,30821,28663
65266,866,36001,33407,32035,35955,32782,32784,30821,28661
65267,863,35991,33440,31987,35953,32782,32782,30823,28664
65268,867,35984,33450,31968,35947,32782,32782,30821,28662
65269,922,36018,33419,32042,35979,32783,32783,30820,28662
65270,867,35974,33401,31965,35935,32783,32781,30822,28662
65271,866,35983,33428,32002,35957,32781,32782,30821,28662
65272,868,35994,33446,32045,35940,32783,32782,30825,28664
65273,865,36018,33439,32011,35955,32781,32782,30820,28662
65274,897,36030,33480,32043,35912,32782,32782,30817,28660
65275,865,35974,33455,31978,35987,32781,32782,30822,28663
65276,865,35980,33456,31974,35910,32781,32783,30821,28663
65277,869,35990,33406,32034,35972,32781,32783,30826,28665
65278,862,36000,33398,32014,35894,32782,32783,30821,28662
65279,866,36009,33446,31971,35987,32781,32782,30821,28662
65280,865,36010,33455,31997,35915,32782,32783,30824,28665
65281,866,36010,33454,32032,35958,32783,32782,30820,28663
65282,925,36010,33470,31963,35984,32782,32782,30822,28662
65283,862,35995,33440,32045,35910,32782,32782,30823,28662
65284,865,36008,33448,32025,35959,32781,32783,30822,28663
65285,867,35989,33461,31979,35912,32781,32783,30824,28663
65286,866,35962,33447,31964,35945,32781,32783,30820,28663
65287,916,35983,33464,31999,35974,32782,32781,30817,28658
65288,867,35992,33456,31944,35929,32782,32783,30822,28663
65289,865,35953,33437,32035,35940,32781,32784,30819,28663
65290,867,35959,33417,32019,35931,32782,32783,30826,28668
65291,871,35975,33412,31976,35938,32782,32781,30822,28662
65292,866,35987,33421,31951,35939,32782,32783,30821,28662
65293,870,36025,33435,32019,35957,32782,32782,30822,28663
65294,862,36022,33455,32033,35960,32781,32782,30821,28662
65295,911,36030,33468,32065,35979,32783,32782,30820,28662
65296,867,36007,33437,32030,35933,32782,32783,30821,28663
65297,866,36013,33454,31985,35983,32780,32783,30819,28663
65298,868,36011,33454,31945,35925,32782,32783,30827,28666
65299,870,36009,33435,32035,35974,32781,32783,30821,28662
65300,866,35945,33434,32026,35915,32781,32783,30821,28662
65301,867,35976,33412,31995,35989,32781,32782,30824,28663
65302,867,36007,33403,31944,35915,32783,32782,30822,28661
65303,907,36034,33455,32002,35914,32782,32782,30818,28661
65304,867,35975,33395,31944,35977,32783,32783,30822,28662
65305,864,35976,33421,32044,35894,32781,32782,30821,28662
65306,869,35992,33450,32026,35975,32780,32782,30827,28669
65307,866,36012,33473,31983,35896,32781,32783,30820,28663
65308,866,36004,33447,31953,35967,32781,32782,30819,28663
65309,866,36019,33427,32039,35900,32782,32782,30822,28664
65310,866,36004,33408,32030,35952,32781,32783,30820,28662
65311,925,36002,33460,32008,35985,32780,32782,30819,28663
65312,866,36027,33449,32039,35890,32780,32783,30820,28664
65313,866,36007,33442,32008,35961,32782,32782,30822,28661
65314,864,35975,33393,31945,35908,32782,32783,30822,28664
65315,865,35979,33407,32014,35971,32782,32782,30821,28663
65316,897,36010,33422,31994,35940,32781,32782,30815,28659
65317,864,36012,33403,32041,35989,32782,32782,30822,28664
65318,866,36010,33453,32009,35908,32783,32784,30821,28661
65319,867,36004,33473,31968,35993,32785,32783,30826,28668
65320,867,35960,33458,31981,35912,32783,32781,30822,28662
65321,866,35998,33441,32028,35981,32782,32782,30821,28661
65322,867,36008,33404,31996,35918,32782,32782,30822,28662
65323,866,36011,33391,31942,35983,32781,32782,30821,28663
65324,925,36027,33466,32034,35996,32782,32782,30819,28662
65325,867,36006,33445,31976,35934,32782,32781,30822,28661
65326,866,36008,33425,31945,35986,32782,32782,30822,28661
65327,866,36000,33406,32026,35914,32782,32782,30825,28668
65328,866,36039,33454,32021,35997,32781,32783,30820,28663
65329,864,36004,33455,31969,35895,32782,32782,30821,28661
65330,868,35978,33465,31943,35981,32781,32782,30823,28662
65331,866,35982,33453,32037,35906,32783,32783,30821,28662
65332,908,36008,33452,31955,35908,32782,32783,30820,28663
65333,862,36010,33459,32028,35945,32782,32782,30821,28664
65334,866,35982,33423,32000,35924,32782,32783,30822,28662
65335,869,35950,33409,31968,35954,32782,32783,30822,28665
65336,862,35980,33384,32004,35968,32781,32784,30821,28663
65337,911,36020,33457,31975,35989,32781,32783,30816,28660
65338,867,35976,33402,31994,35936,32782,32782,30822,28664
65339,865,35972,33399,32023,35982,32783,32782,30820,28662
65340,866,35988,33427,31991,35924,32780,32784,30826,28668
65341,864,36009,33447,31945,35989,32783,32782,30822,28662
65342,866,36012,33443,32021,35906,32782,32783,30820,28662
65343,867,36018,33448,32027,35985,32782,32783,30824,28663
65344,862,36023,33399,31971,35890,32781,32782,30822,28661
65345,908,36039,33409,32031,35937,32781,32782,30818,28662
65346,872,36010,33445,31969,35985,32782,32783,30821,28662
65347,865,36036,33408,31953,35925,32781,32783,30820,28663
65348,868,36021,33380,32033,35985,32782,32783,30825,28668
65349,866,36021,33426,32031,35933,32781,32783,30820,28662
65350,866,35999,33440,31973,35964,32783,32783,30820,28663
65351,863,35984,33450,31958,35937,32782,32782,30821,28664
65352,866,36004,33451,32045,35961,32781,32784,30821,28663
65353,865,36019,33434,32042,35983,32781,32783,30820,28663
65354,865,36027,33404,31963,35928,32783,32783,30822,28662
65355,866,36015,33448,31973,35976,32782,32784,30822,28661
65356,865,36022,33456,32050,35916,32783,32783,30821,28663
65357,866,36007,33455,31994,35978,32782,32783,30819,28663
65358,866,35999,33458,31969,35908,32782,32787,30828,28668
65359,866,35969,33403,31998,35972,32782,32783,30820,28660
65360,866,35974,33397,32036,35894,32781,32783,30821,28663
65361,868,35995,33448,31988,35969,32783,32783,30822,28661
65362,866,35999,33443,31957,35874,32782,32783,30819,28663
65363,863,36042,33469,32028,35961,32782,32781,30819,28663
65364,866,36020,33451,32034,35902,32781,32783,30822,28663
65365,868,36012,33411,31990,35951,32782,32783,30821,28661
65366,866,36008,33412,31962,35914,32781,32782,30821,28663
65367,865,35967,33434,32017,35941,32782,32783,30821,28663
65368,866,35984,33444,32037,35903,32782,32783,30821,28661
65369,863,36000,33450,31980,35937,32781,32784,30823,28665
65370,866,36004,33437,31948,35940,32782,32782,30822,28662
65371,902,36031,33419,31963,35983,32781,32783,30816,28660
65372,866,35957,33437,31983,35909,32782,32782,30822,28663
65373,866,35982,33435,32034,35975,32782,32782,30822,28661
65374,868,35986,33402,32007,35905,32783,32782,30826,28666
65375,867,36017,33421,31948,35977,32782,32782,30821,28663
65376,866,36018,33450,31983,35887,32782,32783,30822,28661
65377,868,36025,33447,32028,35982,32782,32783,30822,28664
65378,862,36014,33439,31994,35898,32781,32782,30821,28660
65379,910,36006,33472,32041,35923,32781,32783,30820,28661
65380,867,36009,33458,31991,35976,32781,32783,30820,28663
65381,865,36011,33449,31950,35915,32781,32784,30820,28663
65382,868,36016,33445,32023,35962,32781,32784,30822,28664
65383,864,35984,33393,32023,35928,32783,32782,30820,28662
65384,891,35985,33454,32041,35977,32781,32783,30817,28660
65385,867,35998,33399,31996,35898,32782,32783,30821,28663
65386,867,36011,33392,31950,35960,32781,32784,30820,28663
65387,869,36011,33443,32005,35904,32782,32784,30825,28666
65388,865,35997,33453,32028,35979,32782,32783,30819,28663
65389,864,35965,33433,31983,35899,32782,32782,30821,28661
65390,870,35984,33440,31945,35976,32781,32784,30823,28664
65391,867,35987,33424,32007,35895,32781,32783,30821,28663
65392,918,36030,33415,31953,35908,32783,32782,30820,28663
65393,866,35991,33457,31971,35974,32782,32783,30823,28661
65394,866,35989,33440,32035,35904,32782,32783,30820,28662
65395,870,36028,33416,32018,35967,32783,32782,30823,28664
65396,867,36005,33406,31967,35885,32783,32783,30822,28662
65397,907,36040,33442,32023,35902,32783,32782,30817,28659
65398,862,35993,33402,31959,35938,32784,32782,30822,28661
65399,866,36004,33413,32021,35934,32782,32782,30822,28662
65400,864,35997,33441,32021,35935,32780,32783,30826,28667
65401,864,36007,33449,31979,35975,32783,32782,30820,28662
65402,866,36003,33443,31951,35934,32781,32783,30821,28662
65403,868,35998,33439,32043,35983,32782,32781,30823,28663
65404,867,35952,33407,32030,35911,32784,32782,30821,28662
65405,913,35991,33471,32043,35937,32782,32783,30820,28661
65406,867,36009,33439,32040,35999,32781,32782,30821,28662
65407,862,35974,33395,31987,35898,32782,32780,30822,28661
65408,872,35972,33408,31962,35985,32781,32782,30825,28668
65409,867,35982,33421,32019,35912,32781,32783,30820,28661
65410,866,36011,33440,32030,35981,32782,32782,30821,28662
65411,862,36015,33457,31977,35903,32781,32783,30822,28663
65412,867,36023,33439,31953,35968,32782,32782,30821,28662
65413,925,36027,33448,32021,35992,32781,32784,30820,28663
65414,867,36029,33454,31963,35889,32783,32783,30823,28662
65415,866,35998,33450,31968,35970,32783,32784,30822,28661
65416,867,35993,33449,32041,35892,32781,32782,30823,28664
65417,866,35974,33422,32006,35975,32782,32783,30821,28661
65418,862,35979,33407,31962,35886,32782,32782,30823,28663
65419,866,35961,33424,32011,35968,32781,32782,30822,28661
65420,866,35977,33449,32039,35905,32781,32782,30820,28662
65421,867,35995,33459,32005,35951,32781,32782,30821,28661
65422,862,36001,33448,31964,35920,32782,32783,30822,28661
65423,871,35999,33419,32033,35938,32782,32781,30822,28663
65424,866,36001,33392,32031,35924,32782,32782,30820,28663
65425,867,35997,33447,32019,35945,32781,32782,30817,28660
65426,865,35953,33456,31951,35935,32782,32782,30821,28661
65427,866,35965,33448,32018,35918,32781,32782,30822,28663
65428,862,35973,33456,32025,35968,32782,32783,30822,28661
65429,866,35987,33427,31984,35910,32782,32781,30822,28661
65430,862,36007,33390,31966,35977,32783,32781,30823,28662
65431,866,36003,33458,32048,35905,32781,32782,30822,28661
65432,864,36022,33460,32022,35968,32781,32781,30823,28666
65433,866,36005,33453,31959,35878,32782,32783,30821,28662
65434,866,36002,33437,31993,35950,32782,32782,30822,28661
65435,862,35975,33387,32035,35891,32782,32783,30820,28663
65436,866,35964,33398,32000,35949,32783,32781,30822,28661
65437,867,35972,33444,31953,35912,32782,32782,30822,28661
65438,865,35983,33457,32029,35934,32782,32784,30821,28661
65439,862,35982,33440,32010,35943,32782,32782,30825,28664
65440,866,35982,33430,31970,35920,32782,32782,30820,28662
65441,866,36001,33390,31942,35967,32781,32783,30820,28662
65442,862,36007,33422,32037,35901,32783,32783,30821,28660
65485,865,35991,33427,31960,35878,32782,32782,30821,28661
65486,961,35990,33402,32005,35936,32782,32781,30825,28664
65487,866,35977,33394,32030,35864,32782,32783,30821,28661
65488,866,35953,33428,31990,35935,32781,32783,30821,28661
65489,867,35947,33460,31949,35874,32782,32784,30821,28662
65490,867,35979,33450,32026,35944,32781,32783,30821,28663
65509,862,35970,33430,32056,35888,32780,32780,30822,28663
65510,866,35969,33412,32016,35939,32781,32782,30821,28660
65511,866,35967,33437,31968,35872,32781,32783,30821,28661
65512,867,35977,33452,31982,35955,32782,32783,30819,28663
65513,865,35954,33458,32050,35876,32781,32782,30821,28662
65514,920,35947,33419,31970,35884,32780,32782,30819,28661
65515,866,35984,33423,32048,35939,32783,32780,30824,28661
65516,866,35957,33447,32034,35858,32782,32782,30821,28661
65517,867,35924,33447,31971,35939,32781,32783,30826,28665
65518,867,35925,33440,31963,35864,32781,32784,30821,28660
65519,866,35950,33434,32044,35941,32780,32783,30819,28661
65520,864,35957,33397,32032,35868,32782,32781,30822,28661
65521,864,35957,33443,31970,35934,32781,32783,30820,28662
65522,925,35988,33467,32063,35943,32782,32783,30819,28661
65523,866,35966,33421,31999,35847,32783,32782,30822,28660
65524,866,35981,33389,31951,35918,32783,32782,30821,28659
65525,865,35977,33421,32023,35856,32782,32782,30824,28663
65526,866,35976,33453,32035,35914,32781,32782,30821,28661
65527,916,35971,33415,32038,35927,32782,32782,30816,28661
65528,862,35975,33429,32045,35871,32781,32781,30821,28661
65529,865,35969,33435,31991,35924,32781,32782,30820,28661
65530,866,35958,33453,31946,35885,32782,32783,30826,28666
65531,866,35959,33442,32046,35913,32782,32783,30821,28660
65532,866,35923,33422,32027,35913,32782,32781,30822,28660
65533,869,35918,33390,31984,35909,32782,32782,30825,28664
65534,867,35959,33390,31951,35906,32783,32783,30822,28660
65535,866,35972,33456,32055,35906,32783,32782,30816,28655
65536,873,35979,33456,32028,35892,32782,32782,30823,28660
65537,865,35986,33447,31994,35905,32781,32782,30821,28662
65538,880,35950,33475,31984,35881,32782,32782,30824,28669
65539,865,35948,33425,31963,35927,32783,32781,30822,28660
65540,866,35957,33420,32046,35882,32781,32781,30821,28660
65541,867,35958,33388,32024,35907,32782,32782,30823,28662
65542,866,35964,33410,31972,35903,32781,32783,30822,28660
65543,912,35991,33437,32032,35918,32781,32782,30818,28660
65544,873,35973,33396,31984,35912,32782,32783,30821,28661
65545,867,35977,33397,31942,35896,32783,32782,30821,28660
65546,870,35982,33412,32019,35904,32781,32784,30826,28667
65547,867,35969,33429,32034,35895,32781,32783,30820,28661
65548,865,35928,33439,31994,35891,32781,32782,30821,28661
65549,867,35922,33433,31951,35899,32783,32781,30823,28662
65550,867,35952,33413,32030,35893,32783,32781,30821,28659
65551,922,35978,33402,31986,35921,32782,32782,30820,28660
65552,872,35927,33437,31956,35870,32782,32781,30821,28660
65553,865,35952,33431,32042,35907,32781,32782,30820,28660
65554,866,35960,33430,32032,35891,32781,32783,30823,28665
65555,866,35958,33388,31960,35901,32782,32782,30822,28660
65556,899,35998,33433,32004,35886,32781,32782,30817,28658
65557,864,35930,33392,31937,35940,32781,32783,30821,28661
65558,866,35948,33394,32035,35853,32781,32784,30821,28662
65559,878,35974,33409,32040,35952,32780,32781,30827,28666
65560,871,35946,33456,32011,35872,32782,32782,30822,28660
65561,866,35946,33445,31979,35944,32782,32782,30819,28662
65562,865,35921,33446,31975,35870,32782,32781,30822,28662
65563,865,35917,33455,32036,35932,32782,32783,30821,28659
65564,923,35971,33432,31973,35948,32781,32781,30820,28661
65565,867,35914,33448,32037,35862,32781,32782,30823,28660
65566,866,35929,33450,32031,35944,32782,32782,30822,28659
65567,869,35959,33446,31984,35869,32782,32782,30824,28662
65568,865,35952,33410,31942,35933,32782,32782,30822,28661
65569,918,35966,33409,32045,35877,32781,32783,30818,28659
65570,867,35938,33458,31959,35873,32782,32783,30821,28660
65571,866,35977,33441,32006,35951,32781,32783,30822,28661
65572,866,35979,33409,32041,35864,32782,32782,30826,28663
65573,866,35961,33409,31994,35932,32782,32783,30821,28660
65574,866,35966,33440,31951,35843,32781,32784,30821,28662
65575,868,35947,33446,32001,35932,32782,32783,30824,28662
65576,867,35912,33440,32044,35843,32781,32783,30821,28660
65577,908,35941,33469,32034,35859,32781,32781,30819,28659
65578,867,35941,33451,32029,35934,32782,32783,30820,28660
65579,865,35920,33448,31988,35849,32781,32784,30821,28661
65580,865,35926,33445,31941,35914,32782,32781,30825,28664
65581,865,35921,33427,32032,35896,32782,32783,30822,28660
65582,866,35946,33412,32017,35898,32779,32782,30815,28656
65583,871,35962,33432,31990,35888,32783,32782,30823,28660
65584,866,35961,33451,31947,35914,32781,32782,30823,28660
65585,925,35970,33424,32020,35922,32781,32780,30826,28666
65586,862,35959,33397,31967,35872,32782,32782,30822,28661
65587,866,35955,33431,31970,35896,32781,32783,30820,28660
65588,864,35950,33437,32029,35901,32781,32782,30822,28662
65589,866,35945,33448,32010,35889,32782,32781,30822,28659
65590,866,35932,33449,31967,35920,32782,32782,30819,28659
65591,866,35933,33440,32018,35900,32785,32784,30827,28667
65592,865,35947,33404,32022,35931,32783,32781,30823,28659
65593,867,35957,33439,31996,35861,32783,32781,30822,28659
65594,868,35954,33456,31957,35916,32782,32782,30826,28664
65595,867,35965,33456,32001,35874,32781,32782,30821,28659
65596,865,35982,33429,32023,35927,32782,32783,30821,28660
65597,863,35958,33413,31978,35842,32782,32782,30823,28661
65598,867,35918,33372,31943,35920,32782,32781,30822,28660
65599,865,35933,33446,32057,35855,32781,32782,30821,28660
65600,864,35931,33447,32022,35906,32782,32782,30823,28663
65601,866,35957,33455,31990,35843,32782,32782,30822,28660
65602,866,35972,33458,31971,35923,32782,32781,30821,28660
65603,864,35965,33419,32035,35878,32781,32783,30822,28664
65604,866,35964,33397,32014,35899,32782,32782,30821,28660
65605,862,35978,33464,31971,35915,32781,32783,30818,28660
65606,868,35942,33466,31976,35888,32782,32782,30822,28661
65607,865,35911,33449,32042,35923,32783,32783,30822,28660
65608,865,35907,33437,32022,35867,32782,32782,30824,28662
65609,866,35933,33413,31968,35929,32781,32782,30821,28660
65610,866,35958,33409,32018,35865,32782,32783,30815,28656
65611,868,35979,33434,32039,35936,32780,32782,30821,28663
65612,866,35961,33450,32003,35848,32782,32784,30822,28661
65613,915,35986,33407,32042,35858,32785,32786,30825,28666
65614,871,35946,33400,32027,35917,32782,32782,30820,28660
65615,866,35949,33434,31965,35844,32781,32781,30823,28659
65616,867,35946,33442,31957,35920,32780,32783,30822,28660
65617,867,35909,33456,32034,35830,32781,32783,30821,28659
65618,866,35907,33451,32012,35916,32781,32782,30819,28660
65619,869,35910,33425,31961,35832,32782,32783,30823,28659
65620,865,35930,33392,31959,35905,32781,32782,30820,28660
65621,866,35958,33437,32045,35840,32782,32783,30825,28664
65622,865,35956,33453,32023,35905,32782,32782,30822,28660
65623,864,35963,33454,31961,35828,32781,32783,30820,28660
65624,870,35946,33443,31965,35913,32782,32781,30823,28661
65625,866,35916,33427,32038,35840,32781,32782,30820,28661
65626,913,35907,33423,32027,35867,32784,32784,30826,28667
65627,866,35954,33445,32041,35897,32782,32783,30820,28661
65628,866,35943,33426,32021,35876,32782,32784,30822,28660
65629,871,35900,33417,31982,35917,32781,32782,30824,28661
65630,865,35908,33377,31960,35873,32782,32783,30821,28660
65631,866,35948,33456,32051,35910,32781,32782,30818,28659
65632,864,35943,33441,32021,35901,32782,32783,30822,28660
65633,866,35928,33443,31957,35890,32781,32783,30820,28660
65634,862,35950,33432,32000,35922,32783,32783,30826,28663
65635,865,35946,33388,32031,35857,32780,32784,30822,28661
65636,865,35942,33405,32011,35937,32782,32783,30815,28657
65637,869,35925,33443,31959,35850,32780,32782,30821,28662
65638,866,35910,33455,32005,35914,32782,32783,30820,28659
65639,910,35972,33421,31965,35924,32782,32783,30824,28668
65640,866,35934,33446,32020,35826,32782,32784,30821,28661
65641,867,35905,33455,32025,35922,32782,32783,30821,28661
65642,870,35911,33459,31989,35836,32781,32784,30823,28661
65643,865,35924,33447,31944,35911,32780,32783,30822,28661
65644,866,35953,33433,32024,35843,32782,32782,30818,28658
65645,864,35945,33390,32032,35907,32782,32783,30820,28660
65646,866,35940,33419,31991,35840,32781,32783,30821,28660
65647,867,35932,33440,31942,35896,32781,32783,30826,28665
65648,866,35921,33447,32026,35853,32782,32783,30820,28661
65649,866,35871,33439,32024,35871,32782,32782,30822,28659
65650,864,35887,33414,31982,35890,32781,32783,30822,28659
65651,865,35907,33393,31942,35867,32781,32783,30820,28660
65652,872,35937,33446,32035,35889,32781,32782,30820,28659
65653,865,35911,33464,32012,35861,32782,32784,30822,28658
65654,865,35934,33455,31978,35895,32781,32783,30819,28660
65655,869,35936,33443,31951,35860,32781,32783,30824,28662
65656,866,35918,33442,32030,35900,32781,32782,30821,28661
65657,866,35908,33417,32039,35844,32781,32782,30818,28658
65658,864,35910,33418,31976,35909,32782,32783,30823,28660
65659,863,35916,33455,31957,35824,32783,32782,30821,28659
65660,868,35927,33449,32034,35907,32781,32783,30827,28667
65661,866,35934,33445,32010,35828,32782,32782,30822,28660
65662,866,35955,33417,31961,35912,32783,32781,30821,28659
65663,864,35936,33401,31972,35834,32781,32784,30822,28662
65664,866,35922,33417,32033,35900,32781,32782,30822,28660
65665,863,35925,33462,32018,35855,32781,32782,30820,28660
65666,869,35890,33444,31968,35901,32781,32782,30822,28660
65667,869,35903,33443,31969,35840,32783,32782,30821,28662
65668,866,35931,33444,32035,35900,32781,32782,30823,28661
65669,865,35939,33397,32007,35869,32781,32782,30821,28661
65670,866,35980,33440,31981,35907,32782,32783,30815,28656
65671,867,35933,33451,31990,35887,32781,32783,30821,28662
65672,866,35916,33460,32033,35876,32782,32782,30821,28659
65673,869,35919,33466,32025,35892,32780,32781,30825,28665
65674,866,35930,33449,31964,35886,32781,32783,30821,28662
65675,866,35926,33402,31987,35918,32782,32780,30822,28659
65676,862,35922,33409,32040,35850,32781,32781,30824,28660
65677,863,35935,33460,31992,35917,32783,32783,30822,28661
65678,866,35970,33468,31966,35849,32781,32783,30819,28659
65679,867,35955,33460,32029,35921,32781,32784,30821,28662
65680,866,35923,33438,32032,35848,32782,32782,30823,28660
65681,865,35906,33385,31977,35906,32783,32783,30826,28662
65682,870,35898,33412,31953,35828,32780,32784,30821,28661
65683,864,35920,33454,32033,35903,32782,32781,30816,28655
65684,870,35938,33451,32015,35838,32781,32782,30823,28660
65685,866,35947,33449,31981,35902,32781,32782,30823,28659
65686,910,35927,33442,32052,35913,32782,32782,30826,28669
65687,866,35943,33443,31993,35864,32782,32784,30821,28660
65688,865,35952,33432,31957,35893,32782,32783,30823,28659
65689,871,35936,33436,32028,35839,32781,32783,30822,28660
65690,865,35946,33429,32026,35876,32782,32783,30822,28661
65691,866,35954,33424,32008,35884,32782,32782,30818,28659
65692,867,35914,33404,31952,35865,32782,32783,30825,28659
65693,866,35892,33441,32040,35895,32781,32782,30822,28659
65694,862,35913,33439,32021,35863,32783,32782,30825,28662
65695,865,35920,33449,31980,35919,32781,32782,30821,28660
65696,866,35942,33420,31978,35843,32780,32783,30821,28660
65697,869,35953,33382,32054,35912,32782,32783,30823,28660
65698,865,35948,33404,32026,35846,32782,32783,30819,28659
65699,866,35950,33462,31992,35919,32782,32782,30819,28660
65700,865,35919,33452,31973,35822,32782,32783,30822,28658
65701,863,35904,33436,32036,35875,32781,32783,30822,28660
65702,868,35910,33443,32030,35826,32781,32782,30823,28661
65703,866,35913,33384,31961,35891,32782,32782,30823,28659
65704,866,35942,33432,31992,35839,32782,32783,30823,28658
65705,866,35957,33466,32058,35913,32782,32782,30823,28661
65706,863,35961,33479,32010,35871,32782,32782,30825,28662
65707,865,35956,33445,31930,35889,32781,32783,30822,28660
65708,866,35937,33400,32012,35895,32781,32782,30821,28661
65709,867,35923,33406,32051,35886,32781,32783,30821,28662
65710,863,35913,33456,32001,35919,32782,32784,30823,28662
65711,866,35908,33479,31966,35864,32782,32782,30823,28662
65712,866,35947,33476,32064,35928,32781,32781,30823,28662
65713,863,35937,33435,32031,35840,32782,32782,30823,28660
65714,866,35943,33411,31970,35910,32782,32782,30822,28658
65715,869,35957,33409,31974,35849,32781,32781,30822,28661
65716,862,35961,33458,32068,35920,32782,32782,30822,28662
65717,866,35946,33461,32039,35838,32782,32782,30824,28662
65718,866,35914,33458,31986,35910,32781,32781,30823,28662
65719,867,35903,33439,31989,35833,32781,32783,30822,28661
65720,865,35932,33421,32045,35889,32782,32782,30821,28660
65721,870,35965,33416,32033,35850,32781,32783,30822,28661
65722,862,35955,33469,31977,35902,32782,32782,30824,28662
65723,866,35954,33483,32013,35870,32782,32782,30822,28663
65724,866,35956,33456,32061,35900,32783,32781,30824,28662
65725,866,35911,33455,32001,35880,32781,32783,30822,28659
65726,866,35907,33415,31950,35856,32781,32783,30822,28661
65727,871,35904,33413,31995,35889,32781,32782,30823,28661
65728,862,35938,33453,32045,35866,32781,32782,30823,28663
65729,866,35943,33478,32010,35925,32782,32782,30824,28661
65730,866,35952,33492,31954,35852,32781,32782,30823,28662
65731,864,35937,33445,32027,35906,32783,32783,30822,28659
65732,866,35938,33419,32023,35827,32782,32783,30820,28659
65733,870,35939,33418,32008,35921,32781,32782,30822,28661
65734,863,35900,33439,31955,35842,32781,32781,30821,28662
65735,865,35923,33461,32044,35915,32782,32781,30823,28661
65736,866,35939,33468,32053,35849,32780,32783,30823,28663
65737,864,35932,33446,31969,35908,32781,32782,30823,28660
65738,866,35942,33402,31956,35846,32782,32781,30823,28660
65739,869,35958,33411,32048,35915,32782,32782,30823,28661
65740,863,35963,33455,32037,35877,32781,32782,30823,28662
65741,866,35968,33477,31956,35890,32782,32782,30825,28663
65742,870,35926,33465,31962,35896,32781,32783,30823,28663
65743,864,35903,33458,32025,35878,32781,32783,30821,28661
65744,866,35916,33434,32007,35882,32782,32783,30820,28661
65745,867,35943,33416,31966,35862,32782,32783,30821,28661
65746,862,35951,33450,31988,35917,32782,32784,30823,28662
65747,866,35966,33459,32036,35872,32783,32781,30823,28662
65748,866,35965,33473,32022,35925,32781,32783,30824,28662
65749,868,35948,33462,31955,35845,32783,32782,30823,28661
65750,865,35897,33429,31979,35912,32782,32783,30820,28659
65751,872,35910,33435,32056,35860,32781,32782,30822,28661
65752,862,35955,33419,32022,35932,32780,32783,30822,28663
65753,866,35960,33474,31967,35840,32781,32782,30822,28663
65754,866,35960,33468,32013,35915,32781,32782,30824,28663
65755,865,35956,33454,32024,35824,32782,32782,30822,28661
65756,866,35943,33431,32004,35888,32781,32783,30821,28661
65757,875,35963,33411,31961,35848,32781,32783,30822,28662
65758,866,35909,33402,31990,35921,32782,32782,30824,28661
65759,866,35925,33446,32063,35851,32782,32782,30823,28662
65760,865,35957,33467,32028,35911,32782,32782,30825,28663
65761,867,35941,33449,31966,35835,32782,32783,30822,28659
65762,866,35938,33442,31982,35901,32783,32782,30822,28657
65763,865,35968,33430,32051,35872,32783,32781,30822,28661
65764,866,35942,33399,32034,35893,32781,32782,30824,28662
65765,865,35930,33441,31976,35871,32781,32783,30823,28661
65766,866,35901,33458,32033,35872,32782,32783,30823,28662
65767,865,35900,33460,32036,35880,32783,32782,30823,28660
65768,866,35923,33442,31994,35852,32782,32782,30821,28659
65769,871,35947,33456,31968,35908,32781,32783,30822,28661
65770,866,35953,33402,32026,35869,32782,32782,30823,28663
65771,866,35961,33440,32057,35927,32781,32782,30824,28662
65772,871,35951,33478,32020,35857,32782,32783,30824,28662
65773,864,35882,33466,31946,35921,32781,32783,30823,28659
65774,866,35902,33445,32006,35855,32782,32783,30820,28661
65775,867,35930,33471,32053,35926,32782,32783,30823,28662
65776,866,35943,33426,32011,35848,32782,32781,30823,28661
65777,866,35953,33412,31968,35913,32783,32781,30823,28663
65778,866,35952,33455,32045,35849,32781,32782,30823,28663
65779,863,35944,33441,32035,35911,32781,32782,30822,28659
65780,865,35940,33444,31985,35829,32782,32784,30821,28660
65781,870,35919,33461,31962,35903,32782,32781,30823,28661
65782,866,35905,33430,32038,35850,32781,32782,30823,28662
65783,866,35930,33399,32037,35908,32781,32783,30824,28661
65784,866,35953,33438,32013,35861,32781,32782,30823,28662
65785,868,35950,33446,31947,35895,32782,32782,30823,28659
65786,866,35947,33446,32023,35848,32781,32783,30821,28659
65787,867,35955,33475,32047,35896,32781,32781,30821,28660
65788,865,35928,33442,32015,35870,32782,32781,30822,28661
65789,866,35912,33406,31968,35887,32781,32782,30824,28662
65790,866,35935,33440,32066,35899,32781,32783,30823,28662
65791,867,35930,33449,32023,35870,32782,32782,30821,28660
65792,866,35946,33461,31993,35902,32782,32783,30821,28661
65793,865,35967,33465,31964,35856,32782,32781,30822,28661
65794,866,35960,33440,32052,35917,32781,32782,30824,28662
65795,865,35963,33390,32034,35853,32781,32782,30824,28661
65796,866,35946,33432,31991,35928,32782,32782,30824,28662
65797,867,35895,33443,31968,35829,32781,32783,30821,28660
65798,865,35899,33442,32045,35902,32780,32782,30820,28660
65799,867,35936,33452,32036,35837,32780,32782,30822,28661
65800,865,35951,33441,31986,35919,32782,32782,30823,28662
65801,866,35968,33403,31982,35846,32782,32783,30824,28662
65802,866,35964,33421,32059,35895,32781,32782,30825,28662
65803,863,35949,33433,32008,35836,32782,32783,30822,28660
65804,866,35929,33449,31954,35867,32782,32782,30821,28660
65805,872,35909,33464,31986,35834,32782,32783,30822,28660
65806,866,35935,33452,32048,35899,32782,32782,30822,28663
65807,865,35955,33409,32020,35860,32781,32782,30824,28663
65808,866,35960,33409,31983,35893,32782,32782,30823,28662
65809,865,35958,33439,31998,35881,32781,32783,30822,28660
65810,865,35955,33433,32032,35847,32781,32783,30820,28660
65811,866,35951,33454,32008,35894,32782,32782,30823,28661
65812,866,35943,33443,31958,35873,32783,32782,30824,28661
65813,866,35923,33409,32031,35936,32781,32783,30824,28663
65814,866,35927,33416,32055,35865,32783,32782,30823,28661
65815,864,35926,33440,31992,35926,32782,32783,30822,28661
65816,866,35937,33450,31952,35838,32781,32784,30821,28660
65817,869,35958,33452,32046,35926,32781,32783,30823,28661
65818,866,35969,33443,32046,35838,32782,32783,30823,28663
65819,865,35967,33414,32012,35917,32782,32783,30824,28662
65820,866,35951,33423,31979,35837,32781,32782,30824,28662
65821,863,35924,33447,32056,35896,32782,32781,30823,28659
65822,866,35926,33441,32024,35833,32781,32783,30821,28660
65823,867,35922,33448,31991,35910,32781,32783,30823,28662
65824,865,35962,33443,31975,35873,32781,32783,30823,28662
65825,866,35970,33415,32058,35900,32782,32783,30825,28663
65826,865,35974,33419,32045,35903,32782,32783,30824,28663
65827,866,35955,33440,31966,35879,32782,32782,30822,28660
65828,866,35947,33448,31965,35902,32783,32781,30823,28658
65829,870,35943,33457,32043,35882,32782,32782,30822,28661
65830,866,35928,33474,32023,35926,32783,32782,30823,28662
65831,866,35938,33442,31981,35868,32781,32782,30823,28662
65832,865,35959,33418,31990,35920,32781,32783,30823,28662
65833,867,35959,33434,32032,35856,32781,32784,30823,28660
65834,865,35948,33448,32012,35905,32784,32781,30822,28660
65835,865,35958,33469,31966,35848,32782,32782,30821,28661
65836,866,35961,33472,32004,35913,32782,32782,30823,28662
65837,866,35926,33432,32052,35840,32782,32782,30823,28661
65838,866,35910,33416,32011,35932,32782,32783,30824,28662
65839,871,35918,33434,31970,35839,32781,32782,30824,28661
65840,865,35937,33456,31992,35901,32781,32784,30820,28661
65841,866,35937,33445,32038,35801,32782,32783,30820,28660
65842,871,35978,33456,32039,35911,32781,32783,30823,28660
65843,866,35945,33450,31967,35837,32781,32783,30823,28663
65844,865,35918,33420,31998,35900,32781,32782,30824,28662
65845,865,35893,33400,32035,35848,32782,32783,30823,28660
65846,866,35899,33442,32004,35887,32781,32783,30823,28657
65847,867,35929,33453,31959,35870,32782,32782,30823,28661
65848,866,35943,33462,32011,35904,32781,32783,30823,28662
65849,865,35963,33438,32055,35893,32781,32781,30823,28662
65850,866,35964,33421,32023,35881,32781,32783,30824,28662
65851,863,35943,33398,31961,35905,32781,32783,30822,28661
65852,866,35923,33436,32041,35850,32782,32784,30820,28659
65853,870,35914,33454,32057,35919,32782,32782,30823,28661
65854,872,35924,33458,32041,35873,32780,32782,30823,28664
65855,865,35965,33463,31983,35928,32782,32783,30824,28662
65856,866,35956,33428,32012,35857,32781,32783,30824,28662
65857,868,35947,33404,32045,35915,32781,32782,30822,28659
65858,866,35955,33407,32019,35833,32780,32783,30822,28661
65859,867,35946,33455,31976,35923,32782,32782,30822,28661
65860,866,35915,33466,32016,35836,32782,32782,30823,28663
65861,866,35915,33468,32059,35918,32782,32782,30824,28661
65862,865,35925,33443,32031,35848,32780,32783,30822,28664
65863,867,35930,33404,31967,35920,32781,32783,30822,28662
65864,866,35941,33397,32019,35828,32782,32782,30821,28660
65865,865,35957,33455,32056,35916,32781,32782,30823,28661
65866,866,35964,33462,32015,35842,32781,32782,30824,28662
65867,866,35948,33468,31973,35907,32782,32783,30824,28661
65868,865,35904,33445,32057,35855,32781,32782,30823,28662
65869,873,35896,33406,32051,35900,32782,32783,30822,28662
65870,865,35911,33391,31998,35832,32781,32783,30821,28659
65871,866,35950,33450,31966,35905,32781,32782,30823,28661
65872,866,35962,33460,32042,35887,32782,32782,30823,28662
65873,866,35959,33483,32059,35893,32782,32782,30823,28662
65874,866,35963,33455,32007,35898,32782,32783,30823,28663
65875,864,35928,33413,31949,35868,32780,32783,30821,28660
65876,866,35885,33387,32039,35913,32782,32783,30820,28660
65877,871,35918,33434,32047,35882,32783,32781,30822,28662
65878,866,35945,33464,32000,35923,32782,32782,30822,28663
65879,865,35965,33478,31965,35855,32781,32782,30823,28663
65880,866,35962,33461,32046,35941,32782,32782,30825,28662
65881,865,35965,33428,32021,35849,32782,32783,30821,28661
65882,866,35942,33388,31983,35922,32781,32783,30819,28660
65883,866,35937,33435,31977,35832,32781,32782,30821,28661
65884,871,35910,33477,32062,35916,32781,32783,30823,28662
65885,866,35928,33465,32048,35840,32782,32782,30823,28663
65886,866,35944,33473,32001,35914,32783,32782,30824,28662
65887,864,35937,33444,31944,35834,32781,32784,30821,28661
65888,866,35934,33402,32041,35899,32782,32781,30821,28659
65889,869,35939,33402,32047,35841,32781,32782,30822,28661
65890,866,35939,33457,32003,35914,32783,32783,30823,28662
65891,866,35907,33465,31982,35848,32782,32782,30823,28663
65892,865,35910,33467,32066,35911,32781,32783,30823,28664
65893,864,35914,33434,32026,35860,32782,32783,30821,28660
65894,866,35933,33412,31980,35886,32782,32783,30821,28659
65895,869,35958,33411,31975,35894,32782,32781,30821,28661
65896,865,35947,33474,32074,35900,32781,32781,30824,28662
65897,866,35958,33465,32031,35910,32782,32782,30824,28662
65898,866,35941,33464,31979,35885,32781,32782,30824,28661
65899,871,35917,33454,31971,35922,32781,32782,30822,28661
65900,865,35908,33445,32036,35876,32782,32783,30821,28660
65901,870,35948,33416,32043,35902,32781,32782,30821,28662
65902,866,35967,33428,32003,35885,32782,32781,30823,28662
65903,866,35966,33475,31977,35935,32781,32783,30823,28663
65904,866,35966,33475,32063,35872,32781,32782,30823,28662
65905,867,35937,33446,32029,35930,32782,32783,30821,28662
65906,865,35931,33459,31971,35848,32782,32781,30821,28660
65907,869,35921,33436,31975,35939,32781,32782,30821,28663
65908,866,35940,33423,32059,35864,32782,32781,30823,28663
65909,866,35959,33478,32040,35932,32781,32782,30823,28663
65910,866,35950,33474,31983,35849,32781,32782,30823,28663
65911,865,35955,33465,31960,35898,32783,32783,30822,28660
65912,865,35950,33444,32031,35844,32783,32783,30820,28659
65913,866,35971,33433,32029,35909,32780,32783,30822,28662
65914,871,35935,33420,31985,35868,32781,32782,30823,28663
65915,865,35923,33445,31989,35932,32780,32782,30823,28664
65916,866,35946,33491,32057,35863,32781,32782,30824,28662
65917,865,35929,33473,32022,35912,32781,32783,30822,28659
65918,866,35935,33446,31960,35877,32781,32784,30820,28662
65919,867,35977,33453,31998,35913,32781,32782,30821,28662
65920,866,35972,33411,32050,35904,32782,32781,30824,28663
65921,866,35957,33439,32021,35898,32783,32783,30824,28664
65922,865,35930,33480,31977,35929,32782,32783,30822,28664
65923,867,35902,33460,31994,35875,32782,32782,30821,28662
65924,866,35938,33461,32032,35926,32783,32782,30822,28661
65925,870,35958,33454,32036,35894,32781,32782,30822,28661
65926,866,35970,33433,31979,35943,32781,32783,30824,28664
65927,865,35984,33427,32002,35879,32781,32782,30824,28663
65928,866,35972,33470,32058,35950,32782,32782,30823,28663
65929,871,35943,33471,31999,35852,32782,32783,30822,28661
65930,865,35921,33457,31957,35926,32780,32784,30822,28661
65931,868,35939,33471,31993,35867,32782,32782,30822,28662
65932,866,35960,33441,32061,35947,32782,32781,30822,28662
65933,865,35970,33410,32034,35871,32781,32781,30824,28663
65934,866,35976,33453,31986,35934,32781,32782,30822,28662
65935,863,35964,33456,32020,35853,32782,32783,30820,28661
65936,866,35958,33460,32036,35924,32781,32783,30820,28660
65937,869,35937,33470,32016,35864,32783,32782,30822,28661
65938,866,35917,33449,31970,35948,32781,32783,30822,28664
65939,866,35933,33427,32029,35890,32782,32782,30822,28663
65940,865,35959,33467,32052,35925,32781,32782,30822,28663
65941,864,35948,33468,31993,35896,32783,32781,30822,28659
65942,865,35961,33460,31950,35890,32782,32781,30822,28660
65943,870,35975,33472,32034,35906,32781,32783,30821,28661
65944,871,35974,33451,32055,35900,32781,32781,30823,28664
65945,866,35939,33423,32015,35915,32782,32783,30823,28664
65946,866,35939,33426,31966,35911,32782,32781,30824,28662
65947,864,35949,33479,32032,35943,32782,32782,30822,28664
65948,866,35960,33455,32027,35869,32781,32781,30822,28662
65949,866,35976,33461,31987,35938,32782,32782,30822,28661
65950,870,35968,33462,31955,35881,32781,32783,30822,28663
65951,866,35970,33427,32031,35944,32781,32782,30822,28663
65952,865,35975,33416,32036,35874,32781,32783,30824,28663
65953,868,35916,33454,31996,35938,32781,32783,30820,28662
65954,865,35931,33455,31951,35847,32781,32782,30820,28661
65955,869,35964,33467,32025,35945,32782,32782,30821,28662
65956,866,35970,33477,32053,35869,32781,32783,30822,28663
65957,866,35970,33445,32012,35935,32782,32780,30823,28664
65958,866,35974,33409,31966,35853,32781,32784,30824,28664
65959,869,35960,33444,32042,35928,32781,32783,30822,28660
65960,865,35911,33446,32036,35853,32781,32782,30822,28660
65961,864,35904,33457,31989,35915,32782,32781,30823,28660
65962,866,35917,33452,31955,35869,32781,32782,30822,28660
65963,866,35963,33456,32051,35929,32782,32781,30820,28659
65964,867,35960,33425,32039,35886,32782,32780,30824,28663
65965,870,35966,33416,31999,35947,32780,32782,30824,28661
65966,867,35968,33454,31963,35881,32783,32783,30822,28659
65967,867,35971,33476,32047,35926,32782,32781,30822,28662
65968,865,35946,33479,32050,35925,32781,32782,30823,28663
65969,866,35942,33472,32017,35910,32782,32782,30823,28662
65970,866,35958,33435,31966,35931,32782,32781,30823,28663
65971,869,35950,33405,32030,35896,32782,32782,30823,28661
65972,862,35963,33450,32024,35937,32782,32783,30820,28660
65973,865,35981,33480,31996,35885,32781,32781,30822,28661
65974,865,35987,33476,31972,35965,32782,32783,30823,28664
65975,866,35974,33473,32070,35871,32782,32781,30824,28663
65976,866,35945,33416,32032,35957,32781,32782,30823,28664
65977,870,35927,33386,31984,35859,32783,32782,30821,28661
65978,865,35956,33434,31957,35934,32784,32782,30822,28659
65979,869,35979,33453,32062,35854,32782,32782,30822,28661
65980,866,35996,33468,32049,35929,32782,32782,30822,28663
65981,865,35983,33455,31997,35867,32781,32782,30822,28665
65982,866,35997,33444,31984,35924,32781,32780,30824,28663
65983,867,35960,33391,32049,35852,32783,32783,30821,28660
65984,866,35925,33421,32037,35922,32782,32782,30821,28661
65985,870,35926,33465,32003,35859,32781,32782,30821,28662
65986,866,35965,33479,31985,35928,32781,32782,30823,28663
65987,865,35982,33456,32062,35871,32781,32781,30822,28664
65988,866,35995,33462,32047,35922,32781,32782,30823,28664
65989,869,35971,33423,31979,35876,32782,32784,30824,28661
65990,866,35970,33400,31967,35916,32782,32782,30821,28659
65991,867,35955,33457,32068,35901,32781,32781,30822,28662
65992,866,35941,33472,32056,35930,32782,32782,30823,28664
65993,866,35954,33478,31991,35935,32782,32783,30823,28664
65994,866,35955,33476,31989,35894,32782,32783,30822,28661
65995,868,35952,33448,32048,35907,32782,32783,30823,28660
65996,866,35978,33421,32035,35886,32781,32783,30820,28659
65997,869,35983,33450,31999,35936,32781,32782,30822,28661
65998,865,35967,33477,31981,35900,32781,32782,30824,28663
65999,866,35932,33486,32051,35952,32781,32781,30823,28665
66000,866,35950,33469,32037,35888,32782,32783,30824,28662
66001,866,35943,33432,31955,35950,32783,32783,30820,28661
66002,865,35957,33408,31975,35863,32779,32784,30820,28661
66003,870,35987,33430,32047,35943,32782,32782,30822,28662
66004,865,35977,33479,32022,35862,32782,32783,30822,28664
66005,866,35991,33473,31980,35955,32782,32782,30823,28662
66006,866,35955,33485,31987,35861,32782,32782,30823,28663
66007,866,35931,33442,32035,35923,32781,32783,30821,28661
66008,866,35924,33408,32023,35862,32781,32782,30819,28661
66009,868,35960,33412,31992,35932,32782,32783,30821,28663
66010,866,35981,33457,31992,35866,32782,32782,30823,28663
66011,866,35997,33464,32053,35942,32782,32782,30823,28663
66012,865,35980,33468,32036,35888,32781,32782,30823,28663
66013,865,35976,33444,31958,35894,32782,32782,30823,28660
66014,866,35953,33395,31994,35887,32782,32782,30822,28660
66015,868,35941,33405,32053,35908,32782,32782,30822,28661
66016,866,35951,33461,32024,35929,32781,32781,30824,28662
66017,866,35967,33471,31974,35916,32781,32782,30823,28663
66018,866,35994,33461,32017,35957,32782,32782,30823,28662
66019,867,35987,33447,32050,35900,32782,32782,30822,28662
66020,866,35980,33419,32006,35930,32782,32781,30821,28660
66021,865,35998,33416,31973,35892,32782,32783,30821,28662
66022,866,35975,33449,32036,35960,32782,32782,30822,28662
66023,866,35956,33464,32065,35880,32782,32782,30823,28664
66024,866,35947,33475,32008,35961,32781,32782,30824,28664
66025,869,35976,33445,31942,35874,32780,32783,30820,28662
66026,866,35969,33429,32005,35952,32782,32784,30820,28663
66027,867,35995,33418,32049,35875,32781,32781,30822,28663
66028,865,35998,33430,32018,35945,32782,32781,30824,28663
66029,866,36006,33463,31956,35877,32781,32782,30823,28663
66030,866,35965,33477,32028,35944,32781,32782,30823,28664
66031,868,35943,33446,32027,35855,32782,32783,30822,28663
66032,866,35954,33447,32002,35923,32782,32784,30821,28661
66033,864,35969,33422,31970,35891,32781,32782,30821,28662
66034,865,35998,33431,32056,35931,32781,32782,30822,28664
66035,866,36000,33465,32036,35913,32782,32782,30823,28663
66036,866,35998,33481,31988,35910,32781,32783,30823,28663
66037,866,35989,33459,31961,35930,32782,32783,30820,28663
66038,865,35972,33436,32044,35899,32782,32783,30821,28661
66039,870,35949,33437,32047,35949,32782,32783,30822,28664
66040,866,35973,33422,31987,35917,32783,32783,30822,28663
66041,865,35992,33461,31960,35963,32782,32782,30824,28663
66042,866,36003,33470,32056,35892,32780,32782,30823,28664
66043,866,35978,33456,32021,35947,32783,32783,30822,28662
66044,866,35989,33430,31968,35872,32782,32781,30822,28661
66045,864,36004,33430,31978,35955,32781,32783,30820,28663
66046,866,35968,33418,32048,35879,32780,32781,30824,28664
66047,866,35951,33456,32030,35959,32781,32783,30823,28663
66048,865,35957,33458,31982,35881,32780,32783,30822,28664
66049,870,35967,33458,31975,35951,32780,32782,30822,28661
66050,866,35986,33436,32038,35867,32782,32783,30821,28662
66051,868,35984,33451,32028,35951,32781,32782,30820,28662
66052,866,35988,33414,31983,35890,32779,32782,30821,28665
66053,866,35988,33447,31990,35938,32782,32782,30824,28665
66054,866,35961,33477,32055,35900,32782,32782,30823,28664
66055,869,35929,33462,32029,35935,32782,32782,30822,28661
66056,866,35962,33456,31974,35896,32781,32782,30821,28661
66057,867,35985,33468,31989,35938,32782,32782,30822,28662
66058,866,36004,33417,32051,35925,32781,32783,30823,28664
66059,866,36001,33411,32041,35939,32782,32783,30824,28663
66060,865,35998,33461,31971,35952,32782,32783,30822,28664
66061,869,35968,33455,31969,35923,32783,32781,30822,28661
66062,866,35934,33448,32032,35944,32781,32782,30822,28660
66063,869,35961,33476,32024,35911,32782,32782,30822,28662
66064,865,35979,33438,31974,35960,32780,32783,30822,28663
66065,866,35998,33420,31996,35913,32781,32783,30823,28664
66066,866,35999,33464,32049,35969,32781,32782,30824,28664
66067,867,35989,33438,32023,35886,32782,32783,30822,28661
66068,866,35963,33442,31962,35952,32781,32783,30820,28661
66069,869,35953,33467,31976,35890,32782,32781,30824,28662
66070,866,35956,33449,32061,35969,32782,32782,30823,28664
66071,866,35969,33403,32024,35876,32782,32782,30823,28664
66072,865,35987,33431,31968,35965,32781,32782,30824,28664
66073,869,35969,33441,31972,35865,32781,32781,30823,28661
66074,866,35994,33455,32027,35934,32781,32783,30819,28660
66075,869,35999,33462,32027,35880,32781,32783,30821,28662
66076,866,35975,33467,31971,35962,32781,32783,30823,28663
66077,866,35943,33426,31986,35873,32781,32782,30822,28663
66078,866,35972,33412,32056,35946,32783,32781,30823,28664
66079,864,35958,33444,32013,35892,32781,32783,30822,28662
66080,866,35972,33444,31963,35940,32781,32784,30821,28661
66081,864,35987,33461,32029,35931,32782,32782,30822,28662
66082,866,36002,33451,32063,35944,32782,32782,30822,28663
66083,866,36000,33424,32014,35940,32781,32782,30823,28665
66084,866,35990,33409,31963,35922,32782,32781,30823,28663
66085,865,35956,33435,32034,35953,32781,32783,30820,28660
66086,871,35941,33446,32035,35912,32782,32782,30822,28662
66087,866,35972,33462,32021,35961,32781,32783,30821,28662
66088,865,36010,33469,31970,35910,32781,32782,30823,28664
66089,866,35987,33419,32044,35989,32781,32782,30823,28663
66090,866,36006,33392,32054,35895,32782,32782,30823,28665
66091,869,35975,33398,32010,35961,32783,32782,30822,28661
66092,866,35949,33456,31952,35883,32781,32781,30820,28660
66093,869,35950,33455,32028,35968,32782,32781,30822,28663
66094,865,35972,33454,32053,35891,32781,32783,30822,28663
66095,866,36008,33462,32024,35968,32782,32783,30822,28663
66096,866,36003,33416,31979,35870,32781,32781,30824,28665
66097,868,35973,33410,32010,35947,32781,32783,30822,28661
66098,866,35991,33440,32029,35865,32783,32781,30821,28659
66099,868,35997,33464,32021,35958,32782,32782,30822,28662
66100,866,35970,33478,31969,35889,32781,32782,30823,28665
66101,872,35984,33457,32016,35969,32781,32783,30823,28664
66102,865,36001,33439,32057,35890,32782,32782,30822,28664
66103,865,35995,33389,32009,35938,32781,32783,30822,28662
66104,866,35973,33409,31960,35880,32781,32784,30822,28661
66105,869,35995,33462,32010,35935,32781,32782,30820,28664
66106,866,36015,33458,32049,35895,32781,32782,30824,28663
66107,866,35966,33448,32020,35927,32782,32783,30824,28663
66108,866,35961,33443,31973,35908,32782,32783,30822,28663
66109,865,35941,33385,32021,35908,32782,32783,30821,28662
66110,866,35963,33408,32042,35912,32781,32782,30821,28660
66111,869,35999,33462,32018,35938,32782,32782,30820,28663
66112,866,36022,33460,31966,35950,32781,32782,30824,28663
66113,866,36009,33463,32033,35916,32780,32782,30823,28664
66114,865,35993,33452,32049,35945,32781,32781,30823,28664
66115,867,35950,33398,31998,35888,32783,32782,30821,28661
66116,871,35955,33406,31952,35945,32782,32784,30820,28661
66117,868,35995,33442,31998,35917,32783,32782,30821,28663
66118,866,35995,33475,32045,35966,32782,32782,30823,28663
66119,866,36009,33469,32010,35911,32782,32782,30823,28663
66120,866,36020,33466,31949,35973,32781,32782,30823,28663
66121,865,35991,33432,32007,35889,32781,32783,30820,28662
66122,866,35968,33391,32031,35956,32782,32783,30819,28662
66123,868,35960,33431,32017,35887,32781,32783,30822,28663
66124,865,35962,33472,31971,35971,32783,32782,30822,28663
66125,866,35991,33471,32040,35879,32782,32783,30823,28663
66126,866,35995,33469,32051,35964,32781,32782,30822,28664
66127,868,35987,33428,31998,35870,32781,32784,30820,28662
66128,866,35996,33397,31952,35939,32781,32782,30820,28660
66129,865,36017,33433,32052,35902,32782,32782,30821,28662
66130,866,35979,33463,32043,35958,32781,32782,30822,28663
66131,871,35954,33477,32007,35898,32782,32782,30824,28663
66132,866,35984,33464,31968,35962,32781,32783,30822,28665
66133,866,35986,33437,32020,35890,32781,32783,30820,28663
66134,866,35997,33412,32026,35925,32782,32783,30820,28661
66135,868,36005,33408,32010,35912,32782,32782,30821,28664
66136,866,35995,33445,31964,35939,32781,32783,30824,28664
66137,866,35985,33471,32040,35930,32782,32782,30823,28664
66138,866,35960,33477,32040,35920,32782,32782,30823,28664
66139,866,35956,33445,31986,35935,32782,32781,30822,28664
66140,866,35959,33419,31960,35904,32783,32782,30821,28660
66141,864,35972,33407,32055,35976,32782,32782,30821,28662
66142,866,35989,33445,32047,35896,32782,32782,30822,28664
66143,866,36002,33467,31993,35976,32782,32781,30824,28664
66144,866,35991,33484,31983,35902,32781,32783,30823,28664
66145,866,35980,33441,32043,35947,32782,32782,30821,28662
66146,870,35936,33412,32038,35887,32780,32781,30821,28660
66147,868,35939,33415,32009,35953,32782,32782,30822,28662
66148,866,35972,33407,31974,35892,32781,32782,30822,28664
66149,866,36004,33448,32065,35976,32783,32782,30824,28665
66150,866,36006,33475,32053,35894,32782,32783,30824,28663
66151,866,35984,33455,31995,35952,32780,32783,30821,28662
66152,866,35970,33435,31953,35884,32780,32782,30819,28662
66153,869,35971,33437,32057,35956,32780,32781,30822,28663
66154,865,35956,33414,32049,35902,32781,32783,30822,28664
66155,866,35978,33456,32005,35953,32783,32782,30824,28664
66156,866,35982,33461,31976,35917,32781,32782,30822,28665
66157,870,35980,33457,32039,35926,32783,32784,30824,28661
66158,866,35974,33437,32027,35889,32783,32782,30821,28660
66159,868,36005,33456,32002,35927,32781,32782,30823,28661
66160,866,36005,33419,31972,35921,32781,32782,30823,28665
66161,870,35959,33432,32042,35926,32781,32782,30823,28664
66162,865,35973,33474,32051,35938,32781,32782,30823,28664
66163,866,35961,33458,31986,35915,32781,32782,30822,28661
66164,866,35994,33439,31968,35940,32782,32782,30822,28661
66165,870,35991,33458,32048,35917,32781,32783,30821,28663
66166,866,35997,33432,32041,35964,32782,32784,30823,28664
66167,866,35977,33423,32011,35920,32781,32782,30823,28664
66168,866,35949,33463,31964,35973,32782,32782,30823,28665
66169,868,35942,33450,32026,35895,32781,32784,30822,28663
66170,866,35946,33464,32022,35955,32781,32783,30821,28661
66171,868,35985,33468,32007,35898,32782,32783,30821,28663
66172,866,35998,33446,31973,35971,32783,32781,30824,28662
66173,866,35992,33418,32044,35887,32782,32783,30823,28663
66174,865,35987,33439,32045,35957,32782,32782,30823,28664
66175,869,35982,33459,32001,35870,32781,32783,30822,28663
66176,871,35944,33447,31956,35934,32782,32782,30821,28661
66177,868,35963,33466,32031,35883,32782,32782,30821,28661
66178,866,35981,33468,32064,35945,32781,32782,30823,28663
66179,866,35983,33435,32021,35874,32782,32782,30823,28665
66180,866,36012,33395,31977,35953,32782,32782,30822,28664
66181,866,35993,33416,32021,35861,32782,32782,30821,28661
66182,866,35971,33442,32021,35938,32783,32783,30822,28660
66183,869,35951,33453,32011,35875,32781,32781,30821,28662
66184,865,35948,33444,31962,35948,32782,32781,30823,28663
66185,866,35975,33421,32038,35878,32781,32783,30823,28665
66186,866,35966,33408,32045,35933,32781,32782,30823,28663
66187,865,35973,33409,31974,35880,32782,32783,30821,28662
66188,866,35960,33448,31943,35914,32782,32782,30819,28662
66189,864,35996,33473,32056,35927,32782,32781,30823,28662
66190,866,35998,33463,32034,35906,32782,32782,30823,28664
66191,871,35969,33449,32002,35930,32782,32781,30823,28664
66192,865,35942,33416,31973,35910,32782,32783,30824,28665
66193,867,35953,33419,32046,35947,32781,32784,30822,28662
66194,865,35957,33448,32018,35891,32782,32783,30820,28661
66195,868,35988,33472,31992,35958,32782,32782,30822,28662
66196,865,36011,33478,31964,35894,32781,32782,30823,28662
66197,866,35994,33452,32046,35958,32782,32782,30822,28662
66198,866,35971,33428,32030,35891,32781,32782,30823,28663
66199,868,35952,33419,31981,35945,32782,32783,30821,28660
66200,866,35936,33443,31952,35861,32783,32782,30822,28659
66201,865,35962,33480,32043,35961,32781,32781,30822,28662
66202,866,35980,33482,32032,35888,32782,32782,30823,28664
66203,866,35987,33490,31978,35950,32782,32783,30823,28664
66204,866,35986,33443,31975,35877,32781,32783,30823,28663
66205,868,35972,33405,32041,35939,32781,32782,30819,28661
66206,871,35955,33449,32014,35861,32783,32783,30821,28662
66207,867,35943,33469,32008,35955,32781,32782,30822,28663
66208,866,35955,33479,31967,35881,32782,32781,30825,28664
66209,866,35979,33479,32053,35928,32781,32783,30822,28665
66210,865,36005,33455,32038,35901,32782,32782,30823,28664
66211,869,35980,33417,31974,35933,32782,32783,30821,28662
66212,865,35992,33397,31964,35892,32782,32782,30822,28660
66213,869,35982,33467,32051,35932,32781,32782,30822,28662
66214,865,35956,33478,32035,35914,32782,32782,30822,28663
66215,866,35966,33479,31985,35924,32781,32783,30822,28664
66216,866,35973,33471,31974,35937,32781,32783,30824,28664
66217,866,35961,33419,32044,35896,32782,32781,30822,28661
66218,866,35976,33402,32019,35937,32783,32782,30821,28660
66219,869,35996,33454,31997,35913,32781,32783,30821,28662
66220,866,35995,33488,31971,35966,32781,32781,30823,28663
66221,871,35980,33475,32045,35916,32781,32782,30823,28664
66222,865,35953,33485,32033,35960,32780,32782,30822,28664
66223,867,35939,33461,31975,35883,32781,32784,30821,28662
66224,865,35957,33416,31954,35946,32782,32781,30821,28661
66225,864,35985,33445,32055,35877,32782,32781,30821,28662
66226,866,35974,33480,32032,35947,32780,32781,30823,28664
66227,866,35990,33466,31985,35883,32782,32782,30824,28663
66228,866,35999,33471,31980,35952,32781,32782,30823,28663
66229,870,35950,33442,32039,35868,32782,32782,30822,28661
66230,866,35934,33410,32015,35937,32783,32782,30821,28661
66231,867,35964,33418,31991,35880,32782,32781,30823,28663
66232,866,36002,33463,31983,35951,32782,32783,30823,28664
66233,866,36000,33477,32056,35893,32781,32782,30824,28664
66234,866,36005,33462,32043,35938,32782,32782,30823,28664
66235,869,35990,33463,31976,35870,32782,32782,30823,28663
66236,871,35965,33427,31948,35934,32782,32782,30821,28660
66237,870,35950,33435,32037,35869,32781,32783,30821,28662
66238,866,35980,33430,32045,35956,32782,32782,30823,28663
66239,866,35987,33467,32003,35891,32782,32782,30823,28664
66240,865,35984,33476,31964,35948,32782,32781,30823,28664
66241,869,35980,33465,32040,35896,32781,32783,30821,28661
66242,866,35982,33454,32024,35937,32783,32782,30821,28660
66243,868,35991,33427,32011,35921,32783,32782,30821,28663
66244,865,35946,33404,31969,35938,32781,32782,30823,28663
66245,866,35955,33444,32046,35951,32782,32782,30823,28664
66246,866,35987,33472,32033,35928,32781,32782,30824,28663
66247,868,35986,33457,31987,35952,32781,32782,30823,28662
66248,866,35977,33464,31943,35916,32782,32782,30822,28660
66249,869,35984,33453,32043,35955,32782,32783,30822,28664
66250,865,35983,33422,32041,35916,32782,32782,30825,28664
66251,872,35969,33404,32015,35954,32781,32782,30823,28664
66252,865,35960,33458,31963,35912,32781,32782,30823,28664
66253,868,35962,33463,32012,35956,32783,32782,30823,28661
66254,866,35985,33450,32021,35906,32783,32782,30819,28661
66255,869,35997,33473,31998,35979,32781,32782,30822,28664
66256,866,35999,33444,31966,35912,32781,32782,30824,28663
66257,866,35987,33412,32027,35978,32781,32782,30823,28664
66258,866,35971,33442,32042,35905,32782,32782,30824,28665
66259,865,35942,33449,31979,35945,32781,32783,30821,28662
66260,865,35922,33459,31941,35867,32781,32783,30821,28662
66261,864,35963,33472,32055,35950,32782,32782,30822,28662
66262,866,35980,33440,32042,35886,32782,32783,30823,28665
66263,866,35977,33422,31994,35949,32782,32782,30824,28665
66264,866,35977,33453,31967,35879,32782,32780,30824,28662
66265,865,35991,33463,32055,35920,32781,32784,30821,28663
66266,870,35955,33465,32028,35882,32783,32783,30822,28661
66267,867,35950,33468,31997,35930,32781,32781,30822,28662
66268,865,35944,33454,31967,35897,32781,32783,30824,28664
66269,866,35970,33420,32050,35925,32781,32782,30823,28664
66270,866,35994,33417,32037,35938,32782,32781,30823,28664
66271,869,35974,33448,31981,35906,32781,32781,30823,28661
66272,866,35990,33461,31954,35936,32782,32782,30822,28660
66273,870,36009,33469,32058,35933,32781,32782,30821,28663
66274,866,35956,33460,32046,35961,32782,32782,30824,28664
66275,866,35954,33438,32006,35921,32781,32783,30823,28664
66276,865,35978,33409,31970,35970,32780,32783,30823,28664
66277,869,35976,33416,32040,35901,32782,32783,30822,28663
66278,865,36002,33443,32030,35981,32782,32783,30822,28661
66279,869,36011,33473,32010,35911,32781,32781,30821,28664
66280,866,36012,33479,31973,35969,32781,32782,30826,28664
66281,871,35973,33453,32038,35918,32782,32782,30822,28665
66282,866,35968,33414,32045,35972,32782,32783,30823,28664
66283,864,35955,33416,32000,35897,32782,32784,30822,28663
66284,866,35980,33450,31958,35963,32781,32784,30821,28662
66285,864,36004,33475,32059,35899,32781,32782,30821,28663
66286,866,36007,33473,32037,35981,32781,32782,30822,28664
66287,866,36011,33458,31992,35907,32781,32783,30822,28664
66288,866,36013,33430,31976,35971,32782,32782,30823,28664
66289,870,35969,33407,32020,35892,32780,32782,30821,28663
66290,866,35949,33450,32017,35950,32783,32783,30821,28662
66291,869,35968,33463,31978,35902,32781,32783,30820,28664
66292,866,36005,33492,31950,35969,32782,32782,30822,28665
66293,866,36003,33468,32038,35918,32782,32782,30822,28663
66294,866,36016,33444,32028,35965,32781,32783,30822,28664
66295,866,35982,33400,31976,35916,32783,32782,30822,28661
66296,872,35955,33407,31935,35954,32783,32782,30822,28661
66297,868,35966,33460,32033,35918,32781,32782,30821,28662
66298,866,35976,33492,32039,35965,32781,32782,30822,28664
66299,865,35977,33483,32000,35929,32781,32782,30823,28664
66300,866,36003,33462,31960,35950,32782,32782,30822,28663
66301,865,35994,33413,32029,35946,32783,32782,30821,28663
66302,866,36007,33403,32019,35932,32782,32784,30819,28662
66303,869,36003,33455,31997,35973,32781,32782,30821,28663
66304,865,35981,33481,31961,35924,32782,32783,30823,28664
66305,866,35971,33472,32041,35988,32782,32783,30823,28665
66306,865,35981,33453,32043,35925,32782,32782,30823,28666
66307,869,35995,33425,31985,35977,32781,32784,30821,28665
66308,865,36008,33410,31959,35907,32783,32783,30819,28662
66309,865,36023,33471,32063,35987,32781,32782,30822,28664
66310,866,36013,33475,32039,35901,32780,32782,30822,28665
66311,872,36018,33480,32002,35987,32782,32783,30824,28665
66312,865,35972,33458,31959,35918,32781,32782,30822,28666
66313,866,35976,33452,32037,35969,32781,32782,30820,28663
66314,866,35987,33413,32022,35888,32782,32782,30820,28662
66315,867,36027,33436,32002,35980,32782,32781,30821,28663
66316,866,36031,33469,31982,35915,32782,32781,30822,28664
66317,865,36024,33472,32053,35966,32781,32783,30822,28666
66318,866,36023,33470,32031,35911,32782,32782,30823,28664
66319,867,35990,33439,31975,35960,32782,32781,30822,28662
66320,866,35972,33408,31952,35925,32782,32783,30821,28661
66321,869,35999,33420,32052,35954,32782,32782,30821,28663
66322,866,36005,33455,32030,35936,32781,32782,30823,28664
66323,866,36034,33472,31987,35957,32782,32782,30822,28665
66324,866,36027,33465,31985,35955,32782,32782,30825,28664
66325,866,36012,33437,32040,35929,32782,32783,30821,28662
66326,872,36007,33425,32015,35944,32782,32784,30820,28662
66327,866,35988,33414,32000,35944,32781,32783,30821,28663
66328,866,35979,33422,31968,35983,32782,32782,30824,28665
66329,866,36014,33463,32063,35931,32782,32782,30822,28666
66330,865,36016,33472,32041,35976,32781,32782,30822,28665
66331,867,36010,33447,31982,35910,32783,32782,30822,28661
66332,866,36007,33438,31941,35987,32781,32782,30820,28661
66333,869,36033,33424,32056,35924,32782,32783,30821,28665
66334,865,36022,33429,32046,35985,32782,32782,30822,28664
66335,866,35992,33466,32011,35926,32781,32783,30824,28665
66336,866,35985,33485,31976,35985,32781,32781,30824,28666
66337,870,35993,33459,32052,35900,32782,32783,30820,28663
66338,866,36017,33439,32018,35970,32781,32782,30821,28660
66339,868,36015,33449,31994,35907,32781,32781,30822,28664
66340,866,36030,33407,31960,35975,32782,32782,30824,28665
66341,871,36007,33424,32042,35908,32782,32782,30823,28665
66342,866,35992,33476,32042,35986,32782,32781,30823,28665
66343,865,35982,33456,31986,35917,32781,32783,30821,28663
66344,866,35978,33440,31945,35980,32781,32784,30820,28663
66345,869,36005,33447,32047,35910,32782,32782,30821,28664
66346,866,36026,33414,32043,35984,32782,32783,30823,28665
66347,866,36021,33413,31986,35923,32781,32781,30823,28663
66348,866,36017,33452,31959,35976,32781,32782,30822,28666
66349,867,35997,33420,32028,35927,32781,32784,30822,28665
66350,866,35969,33442,32029,35967,32781,32783,30821,28663
66351,869,35973,33450,31995,35942,32781,32781,30821,28663
66352,866,36007,33437,31972,35973,32782,32783,30823,28666
66353,865,36016,33403,32047,35959,32781,32783,30823,28665
66354,866,36007,33441,32048,35951,32782,32783,30823,28665
66355,869,36025,33448,31985,35965,32781,32784,30821,28663
66356,871,35993,33439,31946,35938,32782,32783,30820,28663
66357,868,35988,33458,32024,35941,32782,32783,30820,28665
66358,866,36006,33446,32043,35943,32782,32783,30824,28665
66359,866,36020,33425,32015,35978,32782,32783,30822,28665
66360,865,36036,33407,31967,35946,32782,32782,30822,28666
66361,867,36003,33431,32018,35979,32781,32783,30822,28661
66362,866,36007,33448,32032,35927,32782,32782,30821,28661
66363,869,36008,33464,32005,35984,32781,32782,30822,28663
66364,865,35998,33464,31968,35918,32781,32782,30823,28665
66365,866,35989,33426,32044,35988,32781,32783,30823,28665
66366,866,36003,33403,32035,35915,32783,32782,30825,28664
66367,865,35996,33414,31988,35969,32781,32783,30821,28663
66368,866,36001,33451,31946,35893,32781,32783,30820,28663
66369,864,36030,33458,32056,35977,32781,32781,30822,28663
66370,866,36035,33447,32039,35906,32782,32784,30823,28665
66371,871,36024,33430,31994,35980,32782,32782,30824,28665
66372,866,35980,33404,31962,35911,32780,32783,30823,28666
66373,867,35968,33406,32032,35966,32782,32783,30822,28663
66374,866,35992,33451,32019,35896,32781,32783,30819,28663
66375,869,36021,33465,31990,35979,32781,32783,30820,28662
66376,865,36030,33469,31962,35922,32783,32782,30823,28665
66377,866,36012,33455,32063,35972,32781,32782,30823,28664
66378,866,36037,33419,32042,35931,32782,32783,30823,28665
66379,868,36000,33406,31978,35952,32781,32784,30821,28663
66380,866,35954,33453,31951,35950,32781,32783,30819,28662
66381,870,35972,33462,32043,35973,32782,32782,30821,28664
66382,866,36003,33468,32049,35963,32780,32782,30823,28666
66383,866,36031,33463,32002,35959,32782,32782,30823,28665
66384,866,36035,33454,31975,35984,32781,32783,30822,28666
66385,869,36015,33406,32031,35948,32783,32782,30822,28662
66386,866,35989,33421,32026,35989,32782,32781,30820,28662
66387,865,35987,33465,31994,35938,32781,32782,30820,28665
66388,866,35984,33462,31965,35998,32782,32782,30824,28665
66389,866,36002,33453,32067,35922,32782,32782,30822,28664
66390,866,36014,33455,32037,35994,32781,32783,30823,28664
66391,868,36011,33407,31970,35907,32780,32784,30819,28664
66392,866,36017,33403,31948,35980,32781,32784,30820,28662
66393,869,36031,33449,32056,35926,32781,32781,30821,28663
66394,865,36014,33484,32050,35999,32782,32783,30822,28665
66395,866,35992,33463,31992,35918,32781,32782,30823,28664
66396,866,36009,33462,31971,35994,32782,32783,30823,28664
66397,866,35998,33408,32053,35905,32781,32782,30822,28662
66398,865,36020,33389,32009,35967,32783,32781,30822,28663
66399,870,36033,33430,31983,35921,32783,32782,30821,28664
66400,866,36035,33477,31957,35983,32782,32782,30823,28664
66401,871,36027,33457,32034,35924,32781,32784,30823,28665
66402,865,36004,33453,32039,35991,32783,32783,30823,28665
66403,869,35968,33421,31985,35916,32783,32782,30822,28663
66404,866,35989,33398,31947,35960,32782,32782,30822,28661
66405,870,36015,33413,32041,35934,32782,32784,30820,28663
66406,865,36022,33449,32050,35981,32782,32781,30823,28665
66407,866,36032,33460,32002,35953,32780,32783,30823,28665
66408,866,36021,33476,31961,35964,32781,32782,30822,28666
66409,870,35999,33455,32014,35933,32781,32783,30820,28664
66410,865,35974,33415,32032,35959,32781,32783,30820,28663
66411,869,36011,33396,32011,35967,32783,32782,30821,28664
66412,865,36048,33425,31971,35992,32782,32782,30823,28667
66413,866,36045,33442,32044,36014,32781,32782,30823,28666
66414,866,36066,33473,32042,35984,32780,32783,30822,28666
66415,869,36027,33441,31992,36000,32782,32783,30819,28665
66416,866,36025,33418,31943,35952,32781,32782,30820,28663
66417,869,36014,33410,32026,36022,32782,32782,30821,28665
66418,866,36009,33410,32043,35948,32782,32782,30821,28667
66419,866,36041,33446,32012,36023,32781,32782,30823,28666
66420,866,36064,33460,31961,35948,32781,32782,30822,28666
66421,869,36048,33435,32006,36018,32782,32782,30820,28662
66422,865,36030,33456,32030,35925,32781,32783,30819,28664
66423,867,36064,33431,32015,36009,32781,32782,30822,28664
66424,866,36024,33377,31966,35932,32781,32782,30823,28667
66425,866,36011,33426,32052,35988,32783,32782,30822,28665
66426,865,35998,33455,32051,35921,32781,32783,30823,28666
66427,868,36012,33428,31995,35988,32780,32782,30820,28665
66428,865,36017,33423,31957,35926,32782,32783,30818,28664
66429,864,36042,33432,32066,35996,32782,32782,30821,28663
66430,866,36030,33383,32041,35954,32781,32782,30821,28667
66431,866,36048,33430,32002,36006,32783,32782,30823,28666
66432,865,36020,33468,31973,35968,32781,32783,30823,28665
66433,869,35988,33452,32055,35985,32781,32782,30822,28664
66434,866,35999,33438,32023,35969,32781,32783,30819,28663
66435,869,36023,33441,32009,35991,32781,32782,30822,28664
66436,866,36041,33415,31989,35987,32781,32783,30823,28666
66437,866,36046,33409,32070,35975,32782,32782,30823,28666
66438,866,36046,33455,32051,36014,32782,32782,30823,28665
66439,864,36033,33446,31981,35952,32781,32783,30819,28664
66440,866,36006,33445,31964,36013,32781,32783,30819,28663
66441,864,36013,33435,32052,35952,32781,32782,30820,28665
66442,866,36005,33414,32024,36016,32782,32784,30823,28667
66443,866,36022,33433,31982,35932,32782,32782,30823,28665
66444,866,36042,33459,32007,35998,32781,32783,30822,28666
66445,865,36024,33436,32043,35920,32782,32782,30819,28665
66446,872,36031,33443,32007,35999,32784,32782,30820,28662
66447,865,36047,33442,31968,35931,32782,32782,30822,28664
66448,866,36019,33407,31992,36012,32782,32782,30822,28666
66449,865,36002,33383,32043,35932,32782,32782,30823,28665
66450,866,36021,33447,32006,36008,32781,32782,30822,28666
66451,869,36013,33443,31947,35937,32781,32783,30822,28663
66452,866,35998,33444,31971,35961,32780,32783,30820,28662
66453,871,36034,33449,32048,35928,32783,32782,30820,28663
66454,865,36052,33427,32028,35994,32781,32781,30822,28666
66455,866,36023,33401,31971,35946,32781,32782,30824,28667
66456,866,35998,33421,31992,35981,32782,32782,30822,28667
66457,868,35994,33432,32033,35946,32782,32782,30820,28663
66458,866,36009,33447,32012,35972,32782,32782,30821,28663
66459,868,36048,33461,31987,35981,32783,32781,30821,28664
66460,866,36046,33443,31997,35979,32781,32781,30822,28666
66461,871,36055,33427,32057,35990,32783,32782,30822,28666
66462,866,36039,33396,32032,35978,32782,32784,30823,28667
66463,864,36010,33435,31971,35997,32781,32783,30821,28663
66464,866,35992,33440,31986,35957,32782,32783,30821,28663
66465,869,36012,33446,32080,36009,32782,32783,30822,28665
66466,866,36045,33449,32040,35964,32782,32781,30822,28666
66467,866,36065,33427,31975,36020,32782,32782,30823,28668
66468,866,36060,33404,31980,35950,32781,32783,30823,28666
66469,865,36034,33411,32024,36003,32783,32781,30823,28662
66470,866,36030,33428,32007,35942,32782,32782,30821,28662
66471,869,36022,33465,31984,36026,32781,32782,30822,28664
66472,866,36019,33448,31996,35945,32782,32782,30822,28666
66473,866,36044,33445,32041,36018,32783,32783,30821,28666
66474,866,36041,33397,32029,35945,32781,32782,30822,28666
66475,866,36035,33403,31952,35990,32781,32783,30823,28665
66476,871,36049,33435,31965,35944,32783,32784,30819,28664
66477,868,36043,33454,32060,36021,32782,32783,30820,28666
66478,866,36032,33457,32034,35949,32782,32783,30822,28666
66479,866,36000,33446,31988,36013,32783,32782,30823,28665
66480,866,36021,33432,32000,35959,32781,32782,30823,28666
66481,865,36019,33399,32045,35983,32782,32782,30822,28665
66482,866,36039,33421,32017,35970,32782,32784,30822,28663
66483,868,36047,33468,31989,35999,32783,32782,30822,28664
66484,866,36065,33457,32016,35981,32781,32782,30822,28666
66485,865,36058,33462,32064,36003,32781,32784,30823,28667
66486,866,36034,33430,32022,36003,32783,32783,30823,28666
66487,868,36012,33381,31957,35974,32782,32782,30822,28664
66488,866,36023,33401,31995,36006,32781,32782,30821,28662
66489,865,36055,33464,32047,35992,32782,32782,30822,28666
66490,866,36070,33473,32022,36055,32783,32782,30822,28665
66491,871,36079,33457,31971,35975,32782,32782,30822,28666
66492,865,36083,33440,32010,36022,32781,32782,30822,28666
66493,865,36031,33398,32050,35952,32782,32782,30821,28663
66494,866,36023,33408,32014,36018,32782,32783,30819,28665
66495,868,36030,33448,31970,35938,32782,32782,30821,28664
66496,865,36048,33465,32028,36004,32782,32783,30821,28666
66497,866,36061,33459,32049,35936,32781,32782,30822,28666
66498,866,36078,33445,32015,36011,32780,32782,30823,28667
66499,868,36062,33396,31950,35934,32781,32783,30821,28664
66500,865,36059,33389,32011,36011,32781,32783,30818,28664
66501,864,36062,33465,32047,35960,32782,32782,30822,28666
66502,866,36039,33468,32000,36014,32782,32783,30821,28668
66503,866,36032,33455,31965,35964,32782,32783,30823,28667
66504,866,36052,33448,32057,35996,32781,32782,30822,28666
66505,865,36035,33384,32026,35973,32781,32783,30822,28664
66506,872,36049,33399,31979,35996,32781,32782,30821,28663
66507,869,36090,33447,31968,35979,32780,32782,30820,28665
66508,866,36052,33465,32033,36002,32782,32781,30823,28666
66509,865,36030,33465,32051,35978,32781,32782,30822,28667
66510,866,36041,33452,32007,35988,32782,32783,30821,28666
66511,867,36028,33420,31953,36008,32783,32781,30820,28663
66512,865,36049,33395,32020,35973,32782,32782,30820,28664
66513,869,36076,33433,32052,36019,32782,32782,30821,28665
66514,865,36105,33466,31998,35973,32781,32783,30822,28667
66515,866,36079,33473,31972,36034,32780,32781,30822,28667
66516,866,36068,33476,32046,35969,32782,32782,30823,28666
66517,865,36020,33428,32036,36033,32780,32783,30820,28665
66518,866,36010,33400,31980,35947,32782,32782,30819,28664
66519,868,36027,33418,31982,36036,32782,32781,30821,28666
66520,866,36067,33475,32059,35963,32782,32782,30823,28666
66521,871,36082,33471,32039,36031,32782,32783,30822,28667
66522,865,36082,33460,32011,35944,32782,32782,30823,28667
66523,869,36054,33457,31958,36029,32782,32782,30821,28663
66524,866,36030,33426,32033,35948,32782,32781,30821,28664
66525,865,36036,33412,32051,36031,32781,32781,30822,28665
66526,866,36046,33449,32011,35959,32782,32783,30822,28667
66527,866,36052,33467,31968,36017,32782,32783,30823,28667
66528,866,36080,33457,32058,35967,32781,32783,30823,28667
66529,868,36073,33452,32027,35997,32781,32782,30821,28665
66530,866,36076,33429,31983,35958,32781,32784,30820,28665
66531,868,36067,33419,31966,36027,32781,32782,30821,28665
66532,865,36059,33426,32062,36005,32782,32782,30823,28667
66533,866,36043,33469,32040,36010,32781,32782,30823,28668
66534,866,36047,33457,31996,36024,32782,32783,30821,28667
66535,868,36050,33449,31947,35995,32781,32783,30820,28665
66536,870,36066,33436,32036,36009,32783,32783,30820,28663
66537,867,36074,33437,32042,35996,32782,32782,30820,28665
66538,866,36081,33400,32000,36035,32781,32782,30821,28667
66539,866,36076,33456,31968,35993,32781,32783,30822,28667
66540,866,36062,33466,32042,36040,32781,32782,30824,28665
66541,865,36030,33445,32028,35977,32781,32782,30821,28667
66542,866,36052,33456,31979,36025,32781,32783,30820,28664
66543,870,36080,33461,31970,35987,32782,32783,30820,28665
66544,865,36076,33411,32069,36056,32782,32783,30823,28666
66545,866,36092,33441,32051,35986,32782,32781,30823,28665
66546,866,36086,33476,32004,36044,32782,32782,30824,28668
66547,866,36054,33443,31969,35956,32782,32783,30822,28665
66548,866,36020,33455,32049,36023,32783,32782,30820,28662
66549,868,36039,33457,32044,35961,32781,32781,30821,28666
66550,866,36077,33419,31999,36044,32782,32782,30823,28666
66551,871,36091,33425,31981,35970,32781,32781,30823,28667
66552,865,36078,33449,32057,36043,32783,32782,30823,28667
66553,866,36070,33460,32030,35957,32781,32783,30821,28665
66554,865,36050,33457,31991,36023,32782,32783,30819,28664
66555,869,36035,33458,31974,35971,32781,32783,30820,28666
66556,866,36021,33434,32056,36011,32782,32781,30824,28667
66557,865,36046,33434,32034,35976,32781,32783,30823,28666
66558,866,36061,33449,31988,36011,32782,32782,30822,28668
66559,868,36048,33455,31947,35975,32782,32784,30820,28666
66560,866,36067,33450,32038,35992,32783,32782,30821,28663
66561,870,36063,33465,32044,36002,32782,32782,30820,28665
66562,866,36044,33454,31992,36014,32782,32783,30823,28667
66563,866,36039,33414,31963,36018,32781,32783,30823,28666
66564,866,36041,33431,32062,35984,32781,32782,30822,28666
66565,869,36062,33452,32023,36022,32781,32783,30821,28665
66566,870,36054,33455,31999,35989,32783,32782,30818,28665
66567,867,36074,33472,31968,36024,32781,32782,30821,28666
66568,866,36089,33453,32047,36007,32782,32781,30823,28666
66569,866,36084,33439,32055,36040,32781,32783,30822,28668
66570,866,36045,33405,32001,35972,32782,32781,30822,28667
66571,868,36027,33416,31951,36034,32782,32782,30821,28663
66572,866,36057,33457,32034,35959,32783,32782,30821,28665
66573,869,36073,33474,32047,36036,32782,32782,30820,28667
66574,866,36072,33475,32007,35958,32781,32781,30823,28666
66575,865,36073,33451,31952,36033,32782,32782,30821,28667
66576,866,36072,33414,32043,35951,32783,32781,30823,28667
66577,866,36047,33412,32022,36016,32781,32782,30820,28665
66578,866,36003,33463,31988,35943,32781,32782,30819,28665
66579,869,36041,33472,31960,36030,32782,32781,30821,28665
66580,866,36078,33482,32042,35949,32782,32781,30822,28667
66581,871,36071,33462,32042,36041,32783,32781,30823,28666
66582,865,36076,33430,32010,35952,32781,32783,30822,28666
66583,868,36066,33382,31942,36005,32783,32783,30820,28666
66584,866,36034,33414,32027,35943,32780,32782,30818,28663
66585,868,36035,33455,32047,36018,32781,32783,30820,28666
66586,866,36044,33465,32026,35959,32781,32781,30822,28667
66587,866,36061,33469,31967,36021,32782,32782,30822,28668
66588,866,36077,33463,32039,35979,32782,32782,30821,28668
66589,870,36066,33420,32041,36003,32782,32781,30821,28666
66590,866,36072,33399,32001,35977,32781,32784,30819,28664
66591,868,36073,33462,31962,36002,32782,32783,30820,28665
66592,866,36048,33479,32017,36001,32781,32782,30822,28667
66593,866,36033,33477,32053,36001,32781,32782,30824,28666
66594,866,36060,33466,32022,36020,32781,32783,30821,28667
66595,868,36061,33423,31961,35984,32781,32781,30819,28665
66596,871,36058,33406,31985,35990,32782,32784,30820,28664
66597,870,36069,33417,32051,36001,32783,32782,30820,28664
66598,866,36077,33462,32029,36010,32781,32783,30822,28667
66599,866,36047,33473,31978,35998,32782,32782,30822,28666
66600,866,36042,33483,31988,36026,32781,32783,30823,28667
66601,869,36044,33445,32037,35974,32784,32782,30822,28664
66602,866,36057,33416,32012,36027,32782,32783,30821,28664
66603,867,36088,33410,31975,35981,32782,32784,30822,28666
66604,865,36084,33450,31986,36022,32783,32782,30823,28667
66605,866,36059,33480,32048,35950,32782,32781,30823,28666
66606,866,36053,33480,32014,36033,32781,32782,30821,28667
66607,868,36013,33450,31958,35959,32781,32782,30820,28663
66608,866,36026,33428,31971,36020,32781,32783,30819,28665
66609,864,36058,33425,32048,35956,32781,32780,30822,28666
66610,866,36072,33460,32025,36044,32781,32782,30823,28667
66611,871,36089,33469,31976,35992,32781,32782,30822,28667
66612,865,36078,33470,32001,36045,32781,32782,30822,28667
66613,868,36061,33443,32050,35947,32781,32783,30820,28666
66614,865,36029,33434,32021,36024,32782,32783,30819,28665
66615,870,36037,33434,31991,35968,32782,32782,30821,28666
66616,866,36055,33429,31996,36036,32782,32783,30822,28667
66617,865,36085,33453,32050,35980,32783,32781,30822,28666
66618,866,36071,33467,32037,36049,32781,32781,30823,28668
66619,866,36066,33447,31960,35981,32782,32782,30822,28666
66620,866,36064,33442,31992,36016,32783,32783,30820,28664
66621,868,36067,33431,32050,35994,32781,32783,30820,28666
66622,866,36047,33401,32033,36020,32782,32782,30822,28667
66623,866,36042,33449,31976,36016,32781,32782,30822,28666
66624,866,36061,33472,32015,36018,32781,32782,30822,28667
66625,865,36058,33461,32030,36036,32782,32781,30821,28664
66626,872,36057,33443,32018,35990,32780,32784,30820,28665
66627,867,36094,33447,31977,36047,32782,32782,30820,28665
66628,866,36083,33424,31994,36006,32781,32781,30822,28666
66629,866,36050,33430,32052,36070,32782,32782,30823,28667
66630,866,36049,33464,32017,35999,32782,32784,30821,28668
66631,868,36041,33457,31955,36041,32781,32782,30820,28667
66632,866,36065,33452,31986,35966,32782,32783,30819,28664
66633,870,36079,33461,32056,36057,32781,32782,30820,28666
66634,866,36083,33435,32043,35965,32782,32783,30822,28667
66635,865,36090,33415,31995,36048,32782,32781,30822,28666
66636,866,36076,33451,31991,35975,32783,32782,30823,28667
66637,870,36031,33443,32038,36031,32782,32781,30822,28666
66638,865,36040,33457,32004,35963,32782,32782,30820,28665
66639,868,36070,33451,31980,36054,32782,32782,30822,28666
66640,866,36084,33445,31986,35980,32781,32782,30823,28668
66641,865,36092,33398,32049,36046,32782,32782,30825,28667
66642,866,36096,33429,32029,35975,32782,32783,30823,28669
66643,869,36068,33470,31968,36024,32782,32781,30822,28664
66644,866,36029,33457,31981,35961,32781,32783,30820,28665
66645,864,36052,33476,32040,36035,32780,32783,30821,28666
66646,866,36052,33459,32012,36000,32782,32782,30822,28667
66647,866,36069,33420,31970,36032,32781,32782,30821,28668
66648,865,36089,33417,32030,36043,32783,32781,30823,28666
66649,865,36084,33443,32031,36010,32781,32783,30820,28666
66650,866,36086,33442,31999,36055,32781,32783,30820,28666
66651,870,36095,33449,31973,36019,32783,32782,30820,28667
66652,865,36059,33445,32026,36051,32780,32783,30822,28669
66653,866,36048,33427,32056,35992,32783,32781,30823,28668
66654,866,36067,33411,32023,36068,32781,32783,30822,28667
66655,867,36053,33455,31954,35987,32780,32784,30821,28667
66656,871,36090,33447,31990,36039,32782,32781,30820,28665
66657,868,36107,33463,32053,36003,32782,32783,30819,28667
66658,866,36115,33464,32021,36072,32783,32782,30823,28665
66659,866,36081,33449,31960,35988,32781,32783,30821,28669
66660,865,36063,33416,32002,36066,32782,32783,30822,28667
66661,866,36041,33423,32024,35975,32783,32781,30820,28665
66662,865,36052,33448,31994,36033,32781,32783,30819,28666
66663,869,36091,33464,31968,35971,32782,32782,30820,28667
66664,865,36092,33440,32016,36055,32781,32783,30821,28669
66665,866,36095,33429,32040,35978,32781,32783,30824,28668
66666,866,36099,33415,31999,36058,32780,32783,30823,28668
66667,868,36066,33390,31944,36002,32783,32783,30821,28666
66668,866,36032,33440,32008,36033,32781,32782,30819,28664
66669,870,36059,33459,32040,35992,32783,32782,30822,28667
66670,866,36095,33468,32015,36048,32781,32781,30822,28669
66671,872,36098,33465,31981,35995,32781,32783,30824,28668
66672,865,36100,33446,31998,36060,32783,32782,30823,28668
66673,866,36082,33406,32028,36008,32781,32784,30819,28666
66674,865,36064,33402,31999,36025,32781,32783,30818,28667
66675,869,36054,33462,31972,36030,32781,32782,30821,28667
66676,866,36070,33456,32009,36037,32782,32783,30822,28668
66677,866,36075,33460,32042,36057,32782,32782,30821,28669
66678,865,36082,33449,32025,36029,32780,32783,30822,28668
66679,867,36097,33416,31957,36063,32781,32783,30821,28665
66680,866,36079,33416,32001,35996,32783,32781,30818,28665
66681,869,36086,33455,32045,36069,32781,32783,30820,28668
66682,866,36074,33476,32025,36018,32783,32782,30822,28668
66683,866,36049,33472,31966,36079,32781,32782,30823,28668
66684,866,36086,33479,32004,36009,32781,32782,30822,28668
66685,867,36085,33424,32039,36072,32783,32783,30821,28665
66686,871,36082,33405,32023,35999,32781,32782,30821,28664
66687,868,36104,33444,31988,36084,32782,32781,30822,28666
66688,866,36107,33468,31992,36011,32782,32783,30822,28669
66689,865,36092,33480,32057,36067,32782,32782,30821,28668
66690,866,36084,33458,32020,36007,32781,32781,30823,28668
66691,866,36050,33440,31962,36064,32782,32784,30821,28666
66692,866,36062,33407,31984,35984,32781,32783,30819,28666
66693,864,36105,33435,32047,36072,32782,32782,30820,28666
66694,865,36109,33462,32019,36009,32780,32783,30821,28669
66695,866,36112,33468,31970,36052,32781,32781,30823,28669
66696,866,36102,33463,32049,36013,32783,32782,30823,28668
66697,870,36084,33423,32030,36048,32783,32782,30820,28668
66698,866,36040,33394,32018,36018,32782,32783,30820,28665
66699,868,36069,33409,31972,36061,32784,32783,30821,28668
66700,866,36095,33458,32019,36050,32782,32781,30820,28669
66701,872,36106,33464,32059,36062,32782,32783,30822,28668
66702,865,36125,33464,32025,36047,32781,32782,30821,28668
66703,864,36106,33453,31962,36032,32781,32784,30821,28667
66704,866,36099,33414,32015,36044,32782,32781,30821,28665
66705,865,36101,33410,32058,36030,32782,32783,30820,28666
66706,866,36078,33438,32011,36092,32782,32781,30821,28668
66707,866,36093,33470,31974,36021,32782,32782,30822,28669
66708,866,36105,33469,32039,36100,32781,32782,30822,28670
66709,867,36114,33460,32028,36006,32781,32783,30820,28665
66710,866,36112,33419,31993,36065,32781,32784,30819,28666
66711,869,36132,33417,31984,36010,32782,32782,30820,28668
66712,865,36113,33415,32043,36075,32782,32783,30821,28669
66713,866,36080,33462,32054,36002,32782,32783,30822,28668
66714,866,36083,33472,32017,36088,32782,32782,30822,28669
66715,868,36087,33457,31957,36005,32781,32783,30820,28667
66716,872,36098,33441,31998,36064,32782,32782,30818,28666
66717,868,36123,33442,32055,36013,32782,32782,30819,28669
66718,866,36135,33403,32019,36113,32782,32782,30822,28669
66719,865,36124,33439,31966,36020,32781,32782,30822,28668
66720,866,36103,33465,32018,36096,32782,32782,30821,28670
66721,867,36085,33454,32024,36021,32781,32782,30821,28667
66722,866,36099,33449,32008,36078,32782,32782,30819,28665
66723,869,36111,33444,31983,36020,32782,32783,30820,28669
66724,865,36135,33418,32026,36074,32781,32782,30821,28669
66725,866,36147,33415,32060,36052,32781,32783,30821,28669
66726,866,36153,33473,32017,36069,32782,32781,30822,28668
66727,865,36116,33450,31955,36052,32782,32783,30819,28667
66728,866,36079,33430,32036,36022,32781,32782,30819,28666
66729,864,36090,33454,32052,36079,32782,32783,30821,28667
66730,866,36099,33408,31986,36035,32782,32782,30821,28669
66731,871,36109,33402,31965,36083,32782,32782,30822,28669
66732,866,36135,33462,32045,36039,32782,32783,30822,28669
66733,867,36126,33451,32037,36082,32782,32783,30819,28666
66734,866,36106,33455,31987,36014,32780,32783,30821,28666
66735,868,36106,33466,31981,36086,32782,32781,30820,28667
66736,866,36081,33442,32048,36032,32782,32783,30821,28669
66737,866,36093,33408,32054,36082,32781,32782,30823,28668
66738,866,36115,33443,32016,36001,32781,32782,30822,28668
66739,868,36099,33446,31953,36073,32781,32784,30820,28665
66740,865,36117,33457,32036,36007,32782,32782,30819,28668
66741,865,36129,33478,32048,36081,32782,32781,30819,28667
66742,866,36121,33443,32006,36010,32781,32782,30820,28667
66743,866,36121,33419,31969,36061,32783,32784,30821,28669
66744,866,36081,33439,32059,36019,32782,32781,30821,28670
66745,869,36069,33465,32025,36078,32782,32783,30819,28667
66746,871,36095,33457,31996,36004,32783,32782,30822,28666
66747,867,36141,33473,31965,36076,32780,32783,30821,28667
66748,866,36140,33456,32038,36028,32781,32783,30820,28669
66749,866,36147,33422,32042,36080,32781,32782,30822,28669
66750,866,36122,33400,32014,36034,32781,32782,30822,28669
66751,868,36099,33420,31953,36060,32782,32784,30822,28666
66752,866,36079,33439,32033,36031,32783,32782,30819,28666
66753,869,36097,33477,32053,36060,32782,32781,30821,28668
66754,866,36143,33466,32015,36056,32782,32782,30822,28669
66755,866,36130,33444,31967,36058,32783,32782,30822,28668
66756,865,36132,33418,32051,36068,32782,32782,30823,28668
66757,866,36110,33433,32031,36020,32782,32783,30820,28666
66758,866,36099,33446,31989,36087,32780,32783,30819,28667
66759,869,36085,33457,31968,36057,32782,32783,30821,28668
66760,866,36104,33470,32043,36109,32781,32783,30820,28670
66761,871,36135,33471,32044,36050,32782,32782,30822,28669
66762,866,36132,33434,32011,36112,32782,32782,30820,28669
66763,869,36126,33386,31953,36040,32781,32784,30820,28667
66764,865,36110,33429,31998,36105,32781,32783,30819,28667
66765,864,36114,33472,32036,36018,32782,32782,30822,28666
66766,866,36103,33463,31992,36107,32781,32782,30821,28670
66767,866,36112,33469,31963,36030,32782,32782,30823,28669
66768,866,36108,33444,32035,36092,32781,32783,30822,28669
66769,869,36122,33393,32031,36008,32782,32783,30821,28668
66770,866,36123,33428,31993,36098,32783,32783,30821,28665
66771,868,36129,33461,31963,36016,32782,32783,30819,28667
66772,866,36133,33476,32030,36106,32783,32783,30821,28669
66773,866,36115,33471,32035,36030,32782,32782,30822,28670
66774,866,36101,33452,32014,36091,32781,32782,30822,28670
66775,869,36090,33414,31960,36014,32782,32782,30819,28668
66776,866,36115,33400,32023,36074,32782,32782,30820,28666
66777,869,36142,33446,32046,36025,32782,32783,30820,28668
66778,866,36151,33467,32010,36095,32783,32781,30821,28669
66779,866,36138,33488,31964,36058,32781,32782,30821,28670
66780,865,36137,33467,32043,36076,32782,32783,30822,28670
66781,869,36097,33432,32035,36046,32782,32783,30820,28668
66782,866,36088,33392,32005,36066,32782,32783,30818,28667
66783,864,36106,33466,31965,36084,32781,32782,30819,28668
66784,866,36139,33482,32053,36048,32781,32783,30822,28669
66785,865,36147,33464,32038,36109,32782,32782,30822,28669
66786,866,36137,33462,31994,36036,32781,32782,30820,28670
66787,867,36129,33425,31956,36090,32781,32784,30819,28668
66788,866,36117,33388,32041,36026,32782,32782,30820,28666
66789,864,36111,33440,32040,36103,32781,32782,30821,28668
66790,866,36090,33453,31991,36025,32782,32783,30821,28670
66791,871,36110,33473,31972,36095,32781,32782,30822,28670
66792,865,36146,33481,32052,36015,32780,32782,30821,28669
66793,868,36128,33442,32020,36085,32783,32782,30820,28668
66794,866,36123,33407,31977,36006,32782,32783,30820,28666
66795,866,36135,33421,31966,36101,32783,32783,30820,28669
66796,866,36115,33468,32050,36026,32782,32782,30822,28670
66797,866,36093,33469,32029,36097,32781,32782,30822,28671
66798,866,36093,33477,31989,36039,32782,32781,30822,28669
66799,866,36107,33433,31961,36098,32781,32783,30820,28667
66800,865,36108,33385,32037,36046,32781,32783,30819,28667
66801,864,36127,33419,32024,36071,32782,32782,30820,28668
66802,866,36141,33465,31971,36087,32780,32783,30821,28669
66803,866,36137,33461,32002,36052,32782,32783,30823,28670
66804,866,36128,33462,32047,36094,32783,32782,30822,28669
66805,870,36083,33452,32012,36039,32781,32783,30818,28667
66806,870,36073,33401,31964,36071,32782,32782,30820,28666
66807,868,36115,33403,31979,36059,32782,32783,30820,28668
66808,866,36143,33448,32064,36108,32781,32782,30822,28670
66809,866,36169,33475,32043,36058,32781,32783,30821,28669
66810,866,36136,33468,31996,36116,32782,32782,30820,28669
66811,869,36120,33447,31962,36039,32783,32782,30819,28666
66812,866,36097,33440,32043,36104,32783,32783,30819,28666
66813,869,36099,33416,32045,36036,32783,32782,30819,28668
66814,865,36132,33424,31986,36117,32782,32782,30822,28670
66815,866,36146,33478,31973,36034,32781,32783,30822,28671
66816,866,36132,33476,32058,36103,32782,32781,30821,28670
66817,869,36105,33453,32033,36008,32782,32782,30820,28668
66818,866,36122,33443,31974,36083,32782,32783,30820,28665
66819,868,36122,33428,31969,36027,32782,32783,30819,28669
66820,866,36091,33409,32063,36094,32782,32781,30822,28670
66821,872,36122,33434,32045,36020,32781,32783,30820,28669
66822,865,36127,33470,32001,36102,32782,32782,30821,28669
66823,869,36126,33455,31960,36007,32782,32783,30820,28668
66824,866,36125,33449,32049,36079,32784,32783,30820,28666
66825,869,36144,33459,32042,36018,32783,32783,30818,28668
66826,866,36103,33444,32001,36094,32782,32781,30821,28669
66827,866,36105,33406,31972,36034,32781,32784,30822,28670
66828,866,36108,33441,32054,36093,32782,32782,30822,28671
66829,866,36110,33447,32032,36016,32782,32782,30821,28668
66830,866,36137,33462,31986,36073,32781,32782,30820,28667
66831,868,36144,33466,31965,36035,32782,32782,30819,28668
66832,866,36134,33435,32058,36076,32781,32781,30822,28670
66833,865,36137,33405,32059,36047,32780,32783,30820,28669
66834,866,36097,33456,32001,36065,32782,32782,30822,28670
66835,866,36057,33453,31960,36072,32782,32782,30819,28667
66836,872,36076,33445,32026,36060,32780,32783,30818,28668
66837,869,36137,33473,32055,36083,32782,32781,30819,28671
66838,866,36141,33456,32002,36079,32782,32782,30821,28670
66839,866,36145,33429,31962,36103,32782,32783,30823,28669
66840,865,36136,33415,32046,36058,32782,32783,30822,28670
66841,865,36127,33446,32016,36113,32782,32782,30820,28666
66842,866,36077,33451,31986,36036,32782,32782,30819,28667
66843,868,36106,33462,31983,36110,32781,32782,30821,28668
66844,865,36123,33446,32061,36039,32781,32782,30821,28670
66845,866,36125,33416,32056,36118,32781,32783,30821,28669
66846,866,36135,33398,32003,36040,32782,32782,30821,28670
66847,869,36129,33431,31940,36107,32782,32783,30821,28666
66848,866,36118,33460,32038,36007,32783,32781,30821,28666
66849,869,36105,33460,32050,36122,32782,32782,30819,28669
66850,866,36087,33462,32016,36025,32783,32782,30821,28670
66851,866,36113,33443,31973,36114,32782,32782,30821,28669
66852,865,36122,33424,32067,36030,32783,32782,30821,28670
66853,865,36127,33423,32035,36086,32781,32783,30819,28669
66854,866,36136,33444,31987,36035,32781,32783,30819,28668
66855,869,36151,33471,31978,36094,32782,32783,30820,28669
66856,866,36131,33468,32070,36041,32781,32783,30821,28671
66857,865,36108,33456,32041,36080,32783,32782,30822,28670
66858,866,36100,33413,32004,36071,32782,32783,30823,28669
66859,867,36090,33401,31962,36071,32782,32783,30819,28668
66860,866,36125,33447,32045,36075,32782,32783,30819,28668
66861,868,36142,33472,32032,36074,32782,32783,30819,28668
66862,866,36139,33474,31983,36109,32781,32782,30822,28669
66863,865,36148,33476,31974,36063,32781,32782,30821,28671
66864,866,36148,33440,32057,36121,32782,32782,30822,28670
66865,867,36093,33406,32017,36038,32783,32782,30820,28667
66866,871,36081,33436,31970,36113,32782,32782,30820,28667
66867,868,36117,33482,31962,36051,32782,32783,30820,28668
66868,866,36159,33475,32054,36131,32782,32783,30821,28669
66869,866,36152,33464,32037,36046,32782,32782,30822,28670
66870,865,36157,33449,31997,36127,32781,32782,30821,28670
66871,867,36140,33408,31964,36029,32782,32784,30819,28668
66872,866,36109,33425,32045,36101,32782,32783,30818,28668
66873,869,36098,33469,32042,36031,32782,32782,30820,28669
66874,865,36121,33473,31988,36109,32783,32784,30821,28670
66875,866,36129,33473,31982,36044,32783,32781,30821,28670
66876,866,36138,33457,32067,36102,32782,32783,30821,28671
66877,870,36121,33403,32038,36009,32783,32783,30821,28666
66878,866,36130,33397,31976,36085,32782,32783,30820,28666
66879,868,36119,33451,31967,36022,32783,32782,30819,28668
66880,866,36100,33484,32052,36089,32781,32783,30820,28671
66881,872,36094,33472,32046,36025,32782,32783,30822,28669
66882,865,36125,33467,31995,36095,32781,32782,30822,28669
66883,866,36108,33439,31952,36016,32783,32783,30820,28668
66884,866,36125,33398,32037,36061,32781,32782,30819,28667
66885,870,36132,33431,32049,36018,32781,32782,30820,28668
66886,866,36111,33460,32009,36084,32781,32783,30821,28670
66887,866,36097,33467,31976,36044,32782,32782,30822,28669
66888,866,36081,33466,32058,36067,32782,32782,30822,28669
66889,867,36095,33457,32019,36046,32781,32783,30819,28666
66890,866,36112,33400,31979,36054,32782,32783,30819,28667
66891,869,36135,33416,31967,36089,32782,32782,30820,28669
66892,865,36138,33448,32047,36050,32781,32783,30821,28669
66893,866,36134,33472,32040,36085,32783,32782,30822,28670
66894,866,36117,33464,31992,36057,32781,32783,30821,28669
66895,868,36073,33447,31935,36093,32781,32783,30819,28668
66896,866,36064,33435,32041,36023,32781,32785,30819,28666
66897,868,36104,33414,32039,36100,32782,32782,30819,28669
66898,866,36119,33435,32010,36044,32781,32782,30821,28668
66899,866,36126,33467,31970,36105,32781,32782,30822,28670
66900,866,36136,33469,32059,36033,32782,32784,30820,28669
66901,866,36125,33441,32030,36103,32782,32783,30819,28668
66902,866,36096,33430,31990,36025,32781,32782,30819,28666
66903,869,36083,33420,31954,36107,32782,32782,30819,28668
66904,865,36107,33425,32051,36033,32781,32782,30823,28670
66905,866,36110,33471,32034,36093,32781,32783,30821,28670
66906,866,36122,33471,31994,36028,32782,32782,30823,28669
66907,866,36113,33439,31950,36085,32782,32782,30821,28666
66908,865,36110,33433,32030,36040,32782,32783,30818,28667
66909,864,36114,33423,32029,36070,32782,32781,30820,28667
66910,866,36092,33424,31974,36082,32781,32782,30823,28669
66911,872,36080,33458,31971,36084,32782,32783,30820,28669
66912,865,36108,33472,32059,36078,32781,32782,30822,28670
66913,868,36105,33459,32029,36066,32781,32783,30820,28666
66914,865,36110,33433,31980,36072,32781,32782,30819,28667
66915,869,36151,33456,31975,36069,32781,32783,30820,28668
66916,866,36120,33416,32057,36093,32781,32782,30820,28669
66917,865,36114,33434,32037,36064,32782,32781,30822,28669
66918,866,36079,33477,31985,36112,32782,32783,30822,28670
66919,868,36068,33456,31967,36038,32782,32784,30820,28668
66920,866,36099,33444,32041,36098,32782,32785,30819,28667
66921,870,36136,33466,32038,36049,32781,32782,30820,28669
66922,866,36133,33429,31991,36103,32781,32784,30821,28670
66923,866,36112,33411,31968,36025,32782,32782,30821,28668
66924,866,36131,33469,32058,36107,32782,32782,30822,28669
66925,869,36078,33461,32024,36033,32783,32781,30821,28667
66926,866,36058,33463,31978,36087,32783,32782,30819,28665
66927,865,36085,33454,31989,36004,32781,32782,30819,28668
66928,866,36102,33434,32050,36091,32782,32782,30822,28668
66929,866,36119,33406,32032,36010,32782,32782,30821,28670
66930,866,36130,33450,31977,36092,32780,32782,30821,28670
66931,868,36123,33456,31967,36020,32781,32783,30818,28669
66932,866,36094,33444,32030,36081,32781,32784,30820,28668
66933,869,36090,33464,32045,36034,32781,32783,30818,28668
66934,866,36084,33437,31983,36096,32782,32783,30821,28669
66935,865,36105,33414,31982,36033,32781,32782,30822,28669
66936,866,36120,33432,32063,36090,32780,32782,30821,28669
66937,866,36110,33450,32016,36056,32783,32781,30821,28666
66938,866,36105,33447,31962,36049,32781,32783,30820,28666
66939,869,36118,33467,31982,36047,32783,32783,30820,28668
66940,866,36104,33462,32054,36060,32782,32782,30821,28668
66941,871,36082,33435,32045,36058,32781,32782,30822,28670
66942,865,36104,33418,31999,36059,32782,32782,30823,28669
66943,869,36121,33422,31956,36042,32783,32782,30821,28666
66944,866,36106,33462,32048,36021,32782,32783,30818,28666
66945,869,36121,33488,32040,36063,32782,32782,30820,28668
66946,866,36135,33478,31996,36049,32782,32783,30822,28669
66947,866,36093,33473,31964,36094,32781,32782,30822,28671
66948,866,36095,33422,32050,36028,32782,32782,30822,28669
66949,869,36078,33398,32032,36079,32782,32782,30820,28668
66950,866,36096,33445,31983,36029,32781,32783,30819,28666
66951,867,36135,33473,31973,36105,32782,32782,30820,28668
66952,866,36134,33474,32052,36025,32781,32783,30821,28669
66953,865,36125,33461,32042,36097,32781,32783,30822,28669
66954,866,36118,33424,31991,36025,32782,32780,30822,28668
66955,864,36111,33407,31969,36087,32782,32784,30821,28668
66956,871,36064,33437,32037,35994,32782,32782,30818,28666
66957,881,36107,33443,32058,36087,32782,32781,30819,28667
66958,865,36123,33480,32025,36036,32780,32783,30820,28670
66959,866,36153,33471,31980,36107,32781,32783,30821,28669
66960,866,36140,33464,32008,36035,32782,32781,30822,28668
66961,869,36112,33434,32040,36089,32782,32782,30821,28666
66962,866,36071,33398,32012,36009,32781,32783,30821,28666
66963,868,36093,33427,31979,36102,32782,32781,30821,28668
66964,866,36097,33464,32007,36033,32781,32783,30821,28669
66965,866,36150,33468,32064,36095,32781,32782,30822,28669
66966,865,36134,33473,32033,36018,32782,32783,30821,28669
66967,868,36114,33429,31954,36078,32782,32782,30821,28667
66968,865,36111,33406,31998,36018,32782,32782,30819,28666
66969,864,36130,33429,32053,36102,32780,32782,30818,28669
66970,866,36103,33466,32026,36053,32781,32783,30822,28669
66971,866,36103,33462,31973,36086,32781,32782,30822,28670
66972,865,36128,33478,32054,36077,32783,32781,30822,28669
66973,868,36130,33440,32032,36068,32782,32783,30822,28667
66974,865,36123,33387,32005,36067,32783,32783,30819,28667
66975,870,36133,33412,31979,36061,32782,32782,30820,28668
66976,866,36132,33461,32049,36100,32781,32782,30822,28669
66977,865,36115,33473,32042,36059,32782,32781,30821,28670
66978,866,36098,33481,32008,36113,32783,32782,30822,28669
66979,865,36080,33445,31950,36034,32782,32783,30819,28669
66980,866,36112,33411,32044,36091,32780,32784,30818,28669
66981,869,36136,33413,32064,36040,32782,32782,30820,28669
66982,866,36133,33439,32010,36107,32782,32782,30820,28670
66983,866,36133,33484,31979,36017,32780,32782,30821,28670
66984,866,36126,33482,32062,36088,32781,32783,30822,28670
66985,865,36096,33432,32033,36006,32783,32783,30819,28668
66986,866,36080,33423,31981,36073,32782,32782,30819,28667
66987,867,36100,33407,31970,36026,32782,32781,30820,28668
66988,866,36116,33448,32059,36089,32782,32783,30820,28670
66989,865,36127,33467,32036,36028,32781,32784,30821,28670
66990,866,36131,33474,31985,36090,32782,32782,30822,28670
66991,869,36130,33449,31955,36013,32782,32782,30820,28668
66992,866,36113,33440,32046,36057,32783,32782,30818,28666
66993,865,36113,33418,32038,36046,32782,32783,30819,28669
66994,865,36090,33456,31988,36059,32781,32783,30821,28670
66995,866,36106,33475,32001,36085,32782,32782,30822,28669
66996,866,36121,33477,32054,36058,32781,32783,30821,28670
66997,868,36115,33452,32008,36081,32780,32782,30818,28668
66998,866,36120,33450,31972,36048,32781,32784,30818,28668
66999,869,36135,33417,31985,36113,32781,32783,30820,28668
67000,865,36129,33427,32054,36049,32781,32782,30820,28671
67001,872,36095,33452,32043,36109,32781,32782,30820,28669
67002,865,36101,33471,31995,36051,32782,32782,30821,28669
67003,869,36103,33442,31951,36106,32781,32782,30821,28669
67004,866,36122,33444,32039,36027,32781,32784,30818,28668
67005,864,36135,33440,32038,36120,32782,32782,30820,28668
67006,866,36141,33402,31994,36042,32781,32782,30821,28670
67007,866,36138,33446,31985,36113,32781,32781,30821,28669
67008,865,36122,33471,32055,36027,32782,32782,30821,28669
67009,865,36098,33447,32014,36093,32781,32782,30820,28668
67010,866,36081,33445,31966,36020,32783,32782,30821,28666
67011,869,36110,33446,31991,36105,32781,32782,30820,28670
67012,866,36135,33400,32053,36050,32783,32781,30823,28669
67013,866,36150,33449,32041,36092,32782,32783,30821,28670
67014,866,36133,33463,31990,36026,32782,32782,30823,28670
67015,866,36113,33454,31976,36070,32782,32783,30820,28667
67016,872,36088,33448,32041,36012,32781,32781,30818,28667
67017,868,36095,33460,32041,36084,32781,32783,30820,28668
67018,866,36125,33440,31996,36051,32781,32783,30821,28670
67019,865,36146,33429,31977,36097,32782,32782,30822,28669
67020,866,36146,33468,32047,36062,32781,32783,30823,28669
67021,866,36135,33458,32013,36054,32782,32784,30820,28666
67022,865,36136,33446,31963,36062,32780,32783,30819,28667
67023,869,36130,33465,31991,36056,32780,32783,30819,28669
67024,865,36083,33432,32053,36080,32782,32781,30822,28669
67025,866,36105,33418,32017,36048,32781,32782,30822,28670
67026,866,36117,33446,31972,36094,32781,32783,30821,28670
67027,868,36105,33446,31988,36018,32781,32782,30819,28668
67028,866,36122,33442,32043,36094,32782,32784,30819,28668
67029,870,36155,33465,32034,36040,32782,32782,30819,28668
67030,866,36137,33441,31984,36107,32781,32783,30822,28670
67031,871,36087,33426,31966,36044,32782,32781,30822,28669
67032,866,36097,33397,32064,36108,32781,32783,30821,28670
67033,866,36108,33422,32016,36036,32782,32782,30822,28668
67034,865,36129,33449,31976,36099,32782,32783,30820,28667
67035,869,36142,33445,31981,36035,32781,32782,30819,28669
67036,866,36159,33460,32054,36110,32781,32781,30822,28669
67037,866,36147,33439,32044,36048,32781,32783,30821,28671
67038,865,36151,33416,31986,36117,32782,32782,30822,28670
67039,867,36087,33426,31980,36025,32783,32781,30820,28668
67040,866,36092,33458,32039,36097,32782,32781,30819,28666
67041,869,36134,33457,32048,36026,32782,32782,30820,28670
67042,866,36135,33462,31997,36101,32782,32782,30822,28670
67043,866,36144,33454,31982,36031,32781,32784,30822,28670
67044,866,36156,33417,32066,36095,32782,32782,30822,28670
67045,867,36122,33416,32018,36045,32782,32783,30822,28667
67046,871,36096,33436,31984,36080,32782,32783,30818,28667
67047,868,36110,33482,31963,36047,32781,32782,30821,28669
67048,866,36128,33478,32059,36106,32782,32783,30821,28670
67049,865,36144,33472,32049,36063,32782,32782,30821,28670
67050,866,36143,33435,31990,36085,32781,32783,30822,28670
67051,866,36142,33385,31961,36068,32781,32783,30819,28669
67052,866,36150,33446,32051,36064,32782,32782,30818,28667
67053,864,36142,33474,32044,36103,32782,32782,30821,28668
67054,865,36119,33472,31985,36064,32782,32783,30821,28670
67055,866,36099,33463,32002,36131,32782,32781,30821,28670
67056,866,36137,33438,32052,36060,32781,32783,30820,28671
67057,870,36122,33402,32016,36111,32781,32783,30821,28668
67058,866,36125,33430,31964,36023,32783,32783,30819,28667
67059,868,36159,33471,31980,36129,32782,32781,30819,28668
67060,866,36150,33464,32051,36042,32781,32783,30823,28671
67061,872,36085,33460,32032,36105,32782,32783,30822,28669
67062,865,36101,33466,31986,36058,32782,32783,30821,28670
67063,864,36099,33398,31970,36110,32784,32782,30821,28667
67064,866,36111,33397,32041,36029,32782,32782,30819,28666
67065,865,36142,33472,32024,36112,32782,32782,30819,28668
67066,866,36157,33464,31972,36033,32781,32782,30821,28670
67067,866,36139,33470,32010,36103,32781,32782,30823,28670
67068,866,36154,33457,32052,36057,32782,32783,30821,28670
67069,867,36118,33402,32010,36096,32781,32784,30819,28670
67070,866,36080,33402,31968,36047,32782,32783,30817,28667
67071,869,36121,33451,32008,36091,32781,32783,30820,28669
67072,865,36160,33461,32058,36071,32783,32782,30820,28670
67073,866,36146,33467,32016,36083,32782,32782,30822,28670
67074,866,36153,33456,31975,36097,32781,32782,30821,28670
67075,868,36141,33421,31986,36063,32782,32785,30819,28668
67076,872,36103,33400,32036,36062,32781,32783,30819,28667
67077,868,36108,33409,32032,36083,32781,32783,30820,28668
67078,866,36120,33466,31985,36103,32782,32782,30821,28671
67079,865,36143,33480,31983,36071,32780,32783,30821,28671
67080,866,36155,33474,32057,36127,32782,32782,30821,28670
67081,867,36151,33447,32024,36052,32784,32781,30822,28668
67082,866,36144,33406,31968,36118,32782,32782,30819,28667
67083,869,36150,33416,31994,36055,32781,32783,30822,28669
67084,865,36098,33446,32058,36131,32782,32783,30822,28670
67085,866,36112,33467,32048,36054,32782,32782,30822,28670
67086,866,36136,33471,31988,36120,32781,32782,30822,28669
67087,865,36126,33446,31989,36041,32780,32784,30819,28670
67088,866,36126,33437,32051,36096,32782,32783,30819,28669
67089,864,36151,33419,32042,36039,32781,32783,30820,28668
67090,866,36164,33469,31976,36113,32781,32782,30821,28671
67091,871,36167,33487,32004,36034,32782,32782,30822,28670
67092,865,36124,33468,32061,36110,32781,32782,30821,28669
67093,868,36102,33455,32012,36028,32781,32783,30819,28670
67094,866,36128,33425,31974,36088,32781,32784,30817,28668
67095,868,36145,33399,32007,36043,32781,32783,30819,28669
67096,866,36147,33419,32064,36105,32782,32782,30821,28671
67097,866,36169,33477,32030,36074,32780,32782,30822,28670
67098,866,36176,33481,31980,36095,32781,32783,30821,28671
67099,867,36134,33446,31989,36065,32781,32783,30819,28669
67100,866,36091,33417,32042,36070,32782,32783,30817,28669
67101,865,36115,33400,32021,36094,32782,32782,30819,28669
67102,866,36147,33418,31984,36086,32782,32783,30821,28670
67103,866,36163,33460,32040,36130,32782,32782,30821,28671
67104,866,36166,33465,32063,36068,32782,32782,30821,28670
67105,869,36136,33439,32019,36120,32783,32781,30822,28668
67106,872,36133,33440,31966,36063,32781,32782,30821,28667
67107,866,36108,33442,32006,36138,32781,32783,30820,28669
67108,866,36117,33401,32054,36071,32782,32783,30821,28670
67109,866,36144,33455,32031,36137,32783,32781,30821,28670
67110,866,36150,33473,31973,36062,32781,32782,30821,28671
67111,868,36153,33450,31990,36127,32781,32783,30820,28668
67112,866,36142,33450,32030,36053,32781,32784,30817,28668
67113,869,36160,33450,32024,36134,32781,32783,30820,28669
67114,866,36137,33408,31977,36065,32781,32783,30820,28671
67115,865,36120,33403,32010,36127,32782,32781,30822,28670
67116,866,36111,33442,32057,36061,32782,32782,30822,28671
67117,866,36116,33440,32011,36106,32780,32783,30820,28669
67118,866,36143,33441,31953,36043,32781,32783,30819,28666
67119,869,36158,33469,32001,36132,32781,32783,30820,28669
67120,866,36177,33431,32056,36064,32782,32783,30821,28671
67121,871,36141,33406,32036,36138,32781,32782,30821,28672
67122,866,36121,33431,31990,36076,32782,32781,30821,28671
67123,868,36110,33446,31961,36110,32781,32783,30819,28669
67124,866,36134,33464,32023,36043,32783,32783,30819,28666
67125,864,36159,33466,32015,36116,32781,32783,30819,28669
67126,866,36165,33433,31958,36106,32781,32782,30821,28671
67127,866,36167,33409,32014,36096,32782,32782,30823,28670
67128,866,36157,33434,32044,36125,32781,32782,30821,28672
67129,869,36125,33441,32005,36094,32782,32781,30822,28670
67130,866,36109,33449,31957,36109,32782,32784,30819,28668
67131,868,36129,33476,32002,36089,32781,32781,30820,28669
67132,866,36160,33456,32050,36133,32781,32782,30821,28671
67133,866,36169,33426,32029,36069,32782,32782,30822,28670
67134,866,36191,33425,31965,36145,32781,32782,30822,28670
67135,869,36164,33423,31975,36072,32781,32781,30820,28668
67136,866,36151,33455,32023,36135,32783,32782,30819,28668
67137,869,36141,33462,32014,36066,32781,32782,30820,28668
67138,866,36124,33463,31964,36140,32781,32782,30821,28671
67139,865,36148,33449,31990,36061,32781,32782,30821,28670
67140,866,36175,33407,32044,36137,32782,32782,30821,28671
67141,869,36168,33401,32015,36063,32781,32781,30820,28668
67142,866,36172,33447,31947,36133,32783,32782,30820,28669
67143,869,36185,33469,31977,36070,32781,32781,30820,28669
67144,865,36161,33477,32048,36137,32783,32782,30820,28672
67145,866,36117,33452,32018,36072,32781,32782,30820,28671
67146,866,36137,33437,31966,36128,32780,32782,30822,28671
67147,867,36138,33397,31976,36057,32782,32783,30819,28667
67148,866,36154,33437,32026,36126,32782,32781,30818,28669
67149,869,36184,33471,32026,36062,32782,32782,30820,28669
67150,866,36180,33477,31981,36128,32782,32782,30822,28671
67151,866,36182,33463,31994,36088,32781,32782,30820,28671
67152,865,36150,33432,32061,36112,32782,32781,30822,28670
67153,869,36122,33385,32016,36057,32783,32783,30822,28669
67154,866,36122,33428,31967,36093,32782,32782,30820,28667
67155,869,36165,33477,31977,36089,32782,32782,30819,28670
67156,866,36175,33465,32053,36103,32782,32783,30822,28671
67157,866,36175,33471,32030,36132,32782,32782,30821,28672
67158,865,36165,33464,31987,36109,32783,32782,30821,28671
67159,865,36157,33398,32003,36136,32782,32782,30820,28669
67160,866,36132,33414,32049,36082,32781,32782,30818,28668
67161,864,36131,33462,32025,36155,32782,32782,30819,28670
67162,866,36156,33469,31973,36083,32783,32782,30820,28672
67163,866,36182,33465,32049,36151,32782,32782,30820,28672
67164,865,36186,33464,32048,36068,32781,32782,30822,28671
67165,866,36172,33398,31984,36132,32782,32784,30820,28669
67166,871,36160,33411,31959,36068,32782,32782,30818,28668
67167,867,36175,33458,32029,36143,32782,32781,30819,28669
67168,865,36149,33465,32041,36071,32781,32783,30821,28671
67169,866,36148,33453,32016,36154,32782,32782,30819,28671
67170,866,36148,33444,31962,36078,32782,32782,30822,28671
67171,869,36161,33405,32023,36125,32783,32783,30820,28669
67172,866,36166,33396,32036,36066,32783,32782,30819,28668
67173,870,36185,33424,32028,36156,32781,32783,30819,28670
67174,866,36174,33484,31969,36067,32782,32782,30820,28670
67175,866,36146,33464,32029,36124,32781,32782,30821,28670
67176,865,36109,33473,32049,36086,32780,32782,30821,28673
67177,869,36116,33437,31989,36096,32781,32783,30821,28668
67178,865,36147,33409,31956,36090,32782,32783,30818,28668
67179,869,36166,33412,32016,36120,32781,32783,30819,28671
67180,866,36164,33467,32041,36118,32782,32783,30821,28670
67181,871,36150,33470,32020,36113,32781,32783,30819,28672
67182,866,36163,33476,31978,36110,32783,32783,30820,28670
67183,864,36114,33463,32010,36078,32782,32783,30820,28669
67184,866,36104,33435,32037,36108,32783,32784,30819,28667
67185,868,36151,33422,32031,36109,32782,32781,30819,28669
67186,866,36161,33452,31975,36159,32781,32783,30821,28671
67187,866,36183,33459,32033,36092,32782,32783,30822,28671
67188,866,36192,33478,32065,36150,32782,32783,30822,28672
67189,865,36160,33460,32016,36062,32782,32781,30819,28669
67190,866,36134,33440,31951,36138,32782,32782,30819,28666
67191,869,36130,33430,32034,36087,32781,32784,30819,28670
67192,866,36146,33453,32050,36147,32782,32782,30821,28671
67193,866,36176,33495,32012,36067,32781,32782,30822,28672
67194,865,36179,33469,31970,36149,32782,32782,30821,28672
67195,867,36177,33457,32038,36063,32782,32783,30819,28669
67196,871,36173,33445,32038,36138,32781,32784,30818,28668
67197,868,36175,33437,32035,36077,32782,32781,30820,28670
67198,866,36141,33412,31975,36138,32782,32782,30822,28671
67199,866,36140,33444,32028,36068,32782,32782,30822,28670
67200,866,36163,33472,32048,36144,32781,32781,30821,28671
67201,865,36161,33462,31998,36069,32781,32783,30819,28670
67202,866,36166,33456,31955,36118,32782,32782,30817,28670
67203,868,36192,33450,32030,36097,32781,32783,30819,28670
67204,865,36190,33424,32060,36131,32782,32781,30822,28671
67205,866,36166,33455,32005,36124,32781,32782,30821,28670
67206,866,36136,33472,31969,36121,32781,32783,30821,28672
67207,868,36112,33454,32023,36113,32782,32782,30819,28669
67208,866,36130,33454,32029,36080,32782,32781,30818,28669
67209,865,36184,33442,32009,36150,32782,32781,30819,28669
67210,866,36179,33407,31975,36094,32781,32782,30820,28672
67211,870,36175,33418,32046,36150,32782,32783,30821,28671
67212,865,36181,33452,32058,36108,32781,32783,30819,28672
67213,865,36148,33450,31992,36148,32782,32781,30821,28669
67214,866,36100,33449,31955,36048,32782,32783,30818,28668
67215,868,36132,33452,32056,36161,32781,32783,30819,28670
67216,865,36143,33424,32050,36066,32781,32782,30821,28672
67217,866,36171,33418,32002,36164,32783,32782,30822,28672
67218,866,36176,33479,31971,36078,32781,32782,30821,28672
67219,868,36157,33460,32048,36143,32782,32784,30819,28669
67220,865,36163,33457,32031,36061,32780,32783,30819,28669
67221,864,36168,33458,32002,36146,32782,32782,30819,28670
67222,866,36122,33433,31992,36084,32781,32782,30819,28671
67223,866,36135,33431,32056,36125,32782,32782,30822,28671
67224,866,36165,33485,32040,36103,32781,32782,30821,28670
67225,865,36154,33456,31965,36099,32781,32784,30819,28670
67226,872,36156,33462,31981,36079,32782,32783,30817,28670
67227,869,36177,33466,32064,36115,32781,32782,30819,28670
67228,865,36172,33438,32047,36104,32783,32783,30820,28670
67229,866,36139,33412,32002,36101,32781,32782,30820,28670
67230,866,36145,33464,31988,36121,32781,32782,30821,28672
67231,867,36135,33454,32055,36095,32780,32782,30819,28670
67232,865,36150,33457,32034,36125,32783,32783,30818,28667
67233,869,36177,33467,31997,36102,32781,32783,30818,28672
67234,865,36173,33456,31990,36155,32782,32783,30821,28670
67235,866,36172,33425,32069,36084,32781,32783,30819,28672
67236,866,36163,33438,32033,36143,32783,32781,30821,28671
67237,865,36128,33453,31975,36074,32781,32782,30818,28668
67238,866,36118,33478,31984,36124,32782,32783,30819,28669
67239,868,36135,33479,32058,36066,32781,32782,30820,28669
67240,866,36190,33458,32032,36147,32781,32782,30820,28672
67241,871,36194,33432,31981,36073,32783,32781,30821,28671
67242,865,36195,33418,31977,36162,32782,32782,30820,28671
67243,869,36175,33439,32046,36052,32781,32782,30818,28670
67244,866,36135,33473,32028,36123,32781,32783,30819,28670
67245,865,36125,33476,31992,36063,32782,32783,30819,28670
67246,866,36141,33468,31981,36150,32781,32783,30820,28672
67247,866,36166,33451,32047,36072,32781,32783,30822,28672
67248,866,36175,33414,32029,36141,32782,32782,30822,28671
67249,868,36168,33433,31970,36075,32783,32782,30820,28669
67250,866,36156,33459,31980,36112,32782,32782,30819,28667
67251,868,36174,33485,32050,36090,32782,32782,30819,28670
67252,865,36129,33472,32032,36129,32782,32784,30820,28671
67253,866,36125,33450,31981,36123,32783,32782,30820,28671
67254,866,36150,33427,31988,36111,32781,32782,30822,28671
67255,868,36160,33421,32027,36118,32782,32782,30820,28669
67256,870,36159,33476,32006,36095,32782,32783,30817,28669
67257,869,36170,33492,31980,36105,32781,32783,30820,28670
67258,866,36161,33471,31972,36099,32782,32782,30820,28672
67259,866,36139,33478,32057,36132,32781,32781,30820,28671
67260,866,36123,33447,32021,36099,32781,32782,30820,28671
67261,865,36125,33405,31971,36131,32781,32782,30819,28670
67262,866,36139,33428,31964,36068,32781,32782,30819,28667
67263,869,36172,33478,32065,36132,32782,32783,30820,28670
67264,865,36171,33479,32037,36088,32783,32783,30822,28671
67265,866,36192,33493,31984,36153,32782,32782,30821,28671
67266,866,36171,33444,31995,36068,32781,32783,30820,28672
67267,867,36128,33407,32044,36129,32781,32782,30822,28670
67268,865,36116,33428,32011,36042,32781,32782,30820,28667
67269,869,36142,33487,31987,36146,32782,32781,30819,28670
67270,866,36164,33470,32001,36059,32782,32782,30821,28671
67271,871,36182,33473,32065,36144,32782,32782,30820,28671
67272,865,36165,33461,32038,36067,32782,32782,30821,28672
67273,867,36157,33434,31976,36121,32781,32782,30819,28669
67274,866,36152,33396,31963,36050,32782,32784,30819,28670
67275,868,36138,33454,32053,36129,32782,32783,30818,28671
67276,866,36147,33476,32039,36071,32781,32782,30821,28672
67277,866,36159,33488,31985,36134,32782,32782,30822,28671
67278,866,36169,33467,31993,36083,32781,32783,30822,28671
67279,867,36162,33431,32050,36103,32781,32783,30819,28669
67280,866,36166,33392,32024,36077,32781,32783,30818,28669
67281,865,36161,33451,31980,36110,32782,32782,30820,28669
67282,866,36155,33481,31994,36133,32781,32783,30821,28671
67283,866,36145,33473,32052,36108,32782,32782,30820,28671
67284,865,36141,33473,32023,36151,32781,32782,30822,28671
67285,870,36138,33434,31972,36078,32782,32782,30820,28670
67286,871,36158,33397,31993,36110,32782,32783,30819,28667
67287,867,36171,33420,32067,36086,32782,32783,30819,28670
67288,866,36195,33468,32043,36144,32782,32783,30819,28671
67289,866,36157,33481,31990,36076,32782,32782,30822,28671
67290,866,36132,33481,31995,36170,32781,32782,30821,28671
67291,868,36121,33456,32045,36073,32782,32783,30820,28671
67292,866,36152,33429,32027,36136,32782,32783,30818,28669
67293,869,36167,33418,31993,36072,32782,32782,30819,28670
67294,865,36173,33441,31975,36155,32782,32783,30820,28672
67295,866,36179,33469,32066,36066,32782,32782,30821,28672
67296,866,36179,33475,32034,36135,32782,32781,30822,28672
67297,866,36144,33449,31971,36042,32781,32783,30819,28670
67298,866,36119,33420,31979,36120,32782,32784,30818,28670
67299,867,36142,33432,32042,36066,32780,32782,30819,28671
67300,866,36168,33429,32027,36132,32781,32782,30821,28671
67301,871,36184,33464,31998,36060,32781,32782,30820,28673
67302,866,36177,33479,31984,36125,32783,32782,30822,28672
67303,868,36159,33460,32049,36064,32783,32782,30820,28669
67304,866,36150,33445,32024,36120,32783,32781,30818,28668
67305,868,36123,33442,31998,36074,32782,32782,30820,28670
67306,866,36143,33424,31979,36133,32782,32784,30820,28671
67307,866,36151,33455,32063,36084,32783,32783,30820,28671
67308,865,36167,33481,32043,36118,32781,32781,30821,28671
67309,865,36162,33471,31970,36107,32781,32783,30819,28670
67310,866,36160,33453,31984,36090,32781,32783,30819,28671
67311,868,36171,33445,32056,36121,32782,32781,30818,28671
67312,866,36149,33422,32040,36096,32783,32782,30820,28671
67313,866,36133,33443,31986,36140,32782,32782,30822,28672
67314,866,36144,33473,31996,36109,32781,32783,30820,28672
67315,868,36152,33470,32041,36130,32780,32784,30819,28669
67316,870,36158,33462,32028,36066,32783,32782,30819,28669
67317,870,36182,33482,32006,36146,32782,32783,30818,28670
67318,866,36189,33456,31976,36096,32781,32782,30821,28672
67319,866,36158,33432,32066,36148,32781,32782,30822,28672
67320,866,36133,33461,32050,36086,32782,32783,30820,28672
67321,4554,36155,33475,32073,36081,32782,32781,30820,28672
67322,866,36184,33497,32042,36152,32782,32782,30821,28672
67323,866,36202,33470,31994,36100,32783,32782,30821,28671
67324,866,36210,33440,32006,36156,32781,32783,30821,28671
67325,866,36192,33441,32055,36093,32781,32781,30822,28672
67326,865,36194,33477,32035,36130,32781,32783,30822,28672
67327,863,36154,33462,31962,36128,32782,32782,30820,28669
67328,867,36111,33468,32025,36107,32783,32782,30820,28669
67329,884,36169,33481,32051,36073,32781,32782,30818,28669
67330,866,36180,33469,32051,36127,32782,32782,30821,28671
67331,863,36165,33422,31995,36105,32781,32783,30821,28672
67332,866,36183,33448,31973,36115,32782,32783,30821,28672
67333,864,36131,33453,32047,36119,32781,32783,30818,28670
67334,867,36111,33466,32026,36086,32780,32783,30819,28670
67335,871,36120,33476,31998,36129,32781,32781,30819,28670
67336,862,36144,33464,31994,36099,32781,32782,30821,28670
67337,865,36147,33419,32066,36149,32782,32781,30820,28671
67338,866,36156,33443,32049,36083,32780,32783,30821,28673
67339,867,36161,33466,31982,36148,32780,32782,30820,28669
67340,866,36160,33473,31977,36053,32783,32783,30819,28668
67341,869,36162,33472,32061,36152,32781,32782,30820,28670
67342,862,36112,33473,32039,36045,32781,32783,30819,28670
67343,866,36111,33446,31985,36131,32782,32782,30821,28671
67344,865,36149,33438,32012,36059,32782,32783,30821,28671
67345,867,36141,33460,32041,36121,32780,32783,30819,28670
67346,866,36162,33464,32014,36051,32782,32783,30819,28669
67347,870,36164,33490,31970,36132,32782,32782,30818,28670
67348,862,36178,33476,32023,36078,32781,32782,30821,28670
67349,866,36144,33418,32052,36123,32781,32783,30821,28672
67350,866,36137,33437,32011,36103,32783,32782,30822,28671
67351,865,36106,33452,31947,36100,32781,32783,30819,28667
67352,865,36120,33445,32042,36119,32781,32783,30818,28669
67353,866,36148,33481,32055,36096,32782,32783,30818,28670
67354,866,36154,33441,32000,36140,32782,32783,30819,28669
67355,866,36150,33392,31953,36060,32783,32783,30820,28667
67356,862,36147,33424,32044,36133,32782,32783,30819,28669
67357,865,36143,33459,32025,36060,32784,32783,30820,28666
67358,864,36133,33458,31950,36130,32782,32783,30821,28672
67359,866,36102,33447,31965,36054,32781,32783,30818,28669
67360,866,36116,33424,32040,36113,32782,32782,30819,28666
67361,865,36126,33402,32014,36046,32782,32783,30821,28669
67362,866,36141,33429,31954,36115,32781,32782,30818,28669
67363,862,36137,33448,32026,36065,32782,32782,30821,28669
67364,866,36135,33466,32024,36089,32781,32781,30819,28668
67365,866,36145,33457,31990,36097,32782,32783,30815,28664
67366,870,36160,33413,31958,36079,32781,32783,30820,28669
67367,866,36116,33390,32022,36106,32781,32784,30819,28669
67368,862,36112,33444,32036,36077,32782,32783,30820,28669
67369,863,36116,33458,31977,36140,32780,32784,30819,28669
67370,867,36142,33463,31968,36082,32781,32785,30824,28677
67371,865,36146,33453,32047,36133,32782,32781,30818,28668
67372,866,36171,33420,32030,36051,32782,32782,30820,28667
67373,866,36161,33415,31984,36133,32782,32783,30819,28669
67374,865,36144,33455,31969,36050,32781,32784,30817,28669
67375,865,36154,33471,32053,36117,32782,32782,30821,28668
67376,866,36121,33464,32022,36047,32782,32782,30818,28667
67377,865,36113,33466,31984,36120,32781,32781,30821,28671
67378,866,36142,33411,32003,36064,32781,32783,30819,28669
67379,866,36158,33424,32036,36102,32782,32783,30817,28669
67380,871,36152,33443,32017,36071,32783,32782,30821,28669
67381,870,36174,33476,31960,36117,32783,32783,30818,28669
67382,921,36159,33480,31982,36083,32781,32783,30817,28667
67383,867,36160,33419,32004,36061,32782,32782,30819,28670
67384,866,36162,33448,31964,36123,32781,32782,30819,28669
67385,867,36155,33462,32031,36054,32782,32782,30822,28673
67386,866,36131,33479,32041,36121,32783,32781,30819,28668
67387,866,36132,33485,32024,36086,32783,32782,30813,28665
67388,866,36130,33435,31956,36116,32782,32783,30820,28669
67389,867,36168,33401,32034,36096,32781,32783,30819,28669
67390,895,36171,33458,32029,36164,32784,32784,30826,28674
67391,865,36130,33403,32043,36071,32781,32784,30819,28669
67392,866,36130,33429,32003,36149,32781,32783,30818,28669
67393,869,36126,33456,31965,36077,32781,32783,30820,28671
67394,866,36161,33462,32008,36151,32783,32783,30817,28669
67395,866,36181,33479,32053,36090,32781,32782,30816,28667
67396,868,36180,33452,32003,36155,32782,32785,30820,28670
67397,865,36180,33412,31944,36057,32782,32783,30818,28668
67398,865,36153,33415,32021,36142,32783,32783,30822,28672
67399,865,36138,33456,32035,36080,32782,32783,30819,28670
67400,866,36126,33454,31997,36111,32780,32781,30813,28664
67401,866,36141,33463,31958,36096,32782,32783,30821,28669
67402,866,36159,33432,32039,36104,32783,32783,30819,28668
67403,906,36152,33482,31968,36102,32782,32781,30817,28669
67404,866,36142,33481,32050,36159,32781,32783,30819,28672
67405,868,36136,33440,32027,36080,32781,32784,30818,28670
67406,866,36152,33419,31985,36150,32782,32782,30818,28668
67407,869,36174,33432,31968,36081,32783,32783,30820,28669
67408,863,36209,33482,32063,36155,32782,32782,30820,28670
67409,866,36189,33474,32031,36078,32781,32783,30820,28672
67410,865,36198,33480,31985,36154,32783,32783,30821,28672
67411,862,36160,33453,31989,36062,32781,32782,30819,28669
67412,865,36138,33413,32035,36130,32782,32782,30819,28668
67413,867,36135,33450,32022,36076,32782,32782,30819,28669
67414,862,36156,33489,31975,36131,32781,32782,30822,28671
67415,866,36184,33476,32043,36101,32781,32782,30821,28673
67416,866,36182,33486,32049,36100,32782,32782,30821,28672
67417,864,36179,33428,31992,36121,32781,32784,30818,28671
67418,866,36162,33405,31956,36084,32782,32783,30818,28670
67419,872,36192,33431,32045,36128,32781,32783,30819,28670
67420,862,36143,33464,32045,36107,32782,32783,30820,28672
67421,866,36139,33472,31996,36168,32783,32783,30821,28670
67422,866,36140,33466,31960,36087,32782,32782,30821,28672
67423,866,36159,33435,32053,36131,32781,32783,30819,28671
67424,866,36151,33407,32031,36058,32783,32782,30820,28670
67425,867,36173,33445,32003,36157,32781,32782,30820,28669
67426,863,36189,33479,31994,36079,32783,32783,30819,28672
67427,865,36193,33481,32061,36152,32782,32782,30821,28672
67428,866,36168,33477,32044,36084,32780,32782,30820,28672
67429,867,36136,33427,31971,36136,32781,32784,30818,28670
67430,866,36127,33397,31983,36071,32782,32783,30817,28668
67431,873,36169,33419,32077,36148,32782,32782,30820,28670
67432,862,36197,33474,32030,36091,32781,32782,30820,28671
67433,866,36192,33464,31975,36152,32783,32781,30820,28672
67434,871,36179,33474,31971,36094,32780,32783,30822,28673
67435,864,36180,33453,32034,36126,32781,32784,30819,28670
67436,865,36134,33399,32011,36100,32781,32783,30817,28670
67437,866,36127,33410,31967,36135,32781,32782,30818,28671
67438,863,36154,33468,32019,36152,32781,32782,30820,28673
67439,865,36176,33477,32053,36095,32782,32782,30821,28673
67440,866,36179,33466,32011,36165,32782,32783,30821,28671
67441,867,36183,33437,31947,36095,32782,32782,30819,28671
67442,865,36177,33409,32019,36142,32781,32782,30819,28670
67443,867,36178,33425,32049,36106,32782,32782,30819,28669
67444,862,36170,33458,31998,36176,32781,32783,30819,28672
67445,866,36149,33466,31956,36076,32782,32782,30821,28672
67446,866,36147,33479,32069,36154,32781,32782,30821,28673
67447,867,36161,33438,32030,36072,32781,32782,30819,28670
67448,865,36157,33400,31976,36141,32783,32784,30818,28669
67449,872,36175,33429,31962,36092,32781,32781,30820,28670
67450,862,36183,33466,32053,36141,32782,32782,30821,28673
67451,866,36186,33477,32040,36098,32782,32782,30821,28671
67452,866,36165,33479,31991,36141,32781,32783,30820,28672
67453,865,36134,33438,31966,36110,32783,32781,30820,28669
67454,865,36135,33410,32036,36104,32782,32782,30819,28668
67455,868,36154,33422,32030,36146,32782,32782,30820,28670
67456,863,36183,33479,31975,36113,32782,32781,30822,28670
67457,865,36194,33466,32008,36184,32782,32783,30821,28671
67458,866,36185,33480,32055,36099,32782,32782,30820,28672
67459,866,36180,33452,32020,36145,32782,32783,30821,28670
67460,866,36159,33411,31955,36078,32782,32782,30819,28667
67461,866,36149,33439,32018,36154,32783,32782,30818,28671
67462,862,36139,33488,32045,36077,32782,32782,30821,28672
67463,866,36161,33489,31997,36143,32781,32783,30821,28673
67464,865,36178,33469,31962,36092,32781,32781,30821,28671
67465,868,36164,33456,32044,36136,32782,32783,30820,28669
67466,865,36160,33411,32020,36087,32782,32781,30819,28669
67467,867,36187,33447,31999,36152,32781,32782,30819,28671
67468,863,36192,33480,31962,36140,32783,32781,30821,28670
67469,866,36169,33480,32051,36138,32781,32783,30821,28671
67470,866,36152,33464,32037,36155,32782,32781,30821,28673
67471,864,36132,33430,31967,36108,32780,32783,30819,28669
67472,865,36140,33392,31982,36157,32782,32784,30819,28670
67473,866,36182,33440,32058,36099,32781,32782,30819,28670
67474,862,36174,33468,32031,36160,32782,32783,30820,28672
67475,866,36191,33472,31987,36082,32782,32782,30821,28671
67476,866,36183,33471,32032,36162,32781,32782,30821,28672
67477,866,36163,33430,32041,36070,32783,32784,30819,28672
67478,866,36158,33405,32011,36150,32782,32782,30819,28668
67479,872,36137,33447,31981,36095,32781,32782,30820,28671
67480,862,36170,33490,32045,36145,32781,32782,30821,28671
67481,866,36163,33484,32055,36089,32781,32783,30820,28671
67482,866,36182,33474,32014,36147,32782,32782,30820,28672
67483,867,36180,33435,31949,36096,32782,32783,30819,28669
67484,865,36180,33393,32037,36143,32782,32783,30819,28670
67485,867,36187,33456,32058,36130,32781,32781,30820,28670
67486,863,36177,33479,32001,36131,32782,32782,30821,28672
67487,865,36159,33479,31976,36166,32782,32782,30820,28673
67488,866,36149,33490,32071,36114,32781,32782,30821,28673
67489,864,36148,33424,32042,36164,32781,32782,30819,28670
67490,866,36171,33401,31970,36105,32781,32782,30818,28669
67491,866,36196,33454,31981,36180,32781,32783,30819,28672
67492,863,36191,33464,32052,36102,32780,32783,30820,28673
67493,866,36212,33474,32031,36165,32781,32783,30821,28673
67494,865,36184,33472,31983,36083,32782,32782,30820,28673
67495,866,36157,33417,32018,36153,32781,32783,30818,28671
67496,866,36135,33404,32047,36080,32782,32782,30816,28671
67497,866,36148,33463,32029,36159,32782,32782,30819,28671
67498,862,36190,33480,31986,36130,32781,32782,30819,28674
67499,866,36195,33465,32058,36143,32781,32781,30822,28671
67500,866,36209,33444,32052,36149,32781,32782,30818,28672
67501,873,36191,33389,32009,36136,32781,32783,30819,28670
67502,865,36183,33386,31960,36126,32782,32781,30818,28670
67503,867,36180,33444,32054,36140,32782,32783,30819,28672
67504,863,36170,33477,32056,36182,32782,32782,30821,28673
67505,865,36179,33466,32001,36108,32783,32783,30821,28674
67506,866,36192,33459,31979,36188,32781,32783,30821,28673
67507,864,36200,33405,32040,36099,32783,32781,30819,28670
67508,866,36188,33407,32014,36154,32782,32782,30819,28670
67509,865,36210,33459,31990,36090,32781,32783,30819,28671
67510,863,36231,33464,32000,36173,32782,32783,30821,28673
67511,866,36207,33464,32056,36098,32782,32783,30821,28673
67512,865,36175,33441,32029,36168,32781,32781,30822,28672
67513,867,36169,33400,31949,36103,32782,32782,30819,28669
67514,866,36159,33403,31986,36158,32782,32783,30818,28671
67515,866,36175,33461,32045,36113,32781,32782,30818,28670
67516,868,36194,33468,32001,36153,32782,32782,30821,28673
67517,866,36210,33472,31968,36136,32782,32782,30821,28672
67518,865,36219,33460,32020,36150,32782,32782,30819,28673
67519,862,36183,33387,32044,36166,32781,32784,30819,28670
67520,866,36156,33412,31991,36105,32781,32783,30818,28671
67521,866,36170,33462,31969,36195,32782,32782,30819,28672
67522,863,36174,33465,32054,36103,32781,32781,30822,28673
67523,866,36193,33448,32046,36187,32781,32783,30820,28673
67524,865,36215,33447,31991,36099,32782,32782,30821,28673
67525,864,36186,33385,31973,36157,32781,32783,30819,28671
67526,866,36206,33430,32041,36100,32782,32782,30819,28670
67527,866,36205,33461,32036,36175,32781,32782,30819,28672
67528,868,36204,33459,31978,36118,32782,32782,30821,28672
67529,866,36175,33456,32000,36180,32782,32782,30820,28672
67530,866,36179,33443,32051,36131,32782,32783,30820,28674
67531,866,36188,33398,32020,36149,32783,32782,30820,28670
67532,866,36211,33413,31964,36137,32782,32783,30820,28669
67533,865,36218,33470,32019,36169,32781,32780,30819,28672
67534,863,36229,33467,32055,36195,32782,32781,30820,28673
67535,866,36235,33469,32024,36152,32781,32783,30821,28674
67536,865,36221,33438,31981,36204,32781,32782,30822,28673
67537,868,36173,33396,32025,36120,32783,32782,30821,28672
67538,866,36180,33409,32037,36192,32783,32782,30819,28670
67539,872,36200,33440,32019,36120,32782,32781,30818,28672
67540,862,36221,33456,31971,36202,32782,32782,30821,28673
67541,866,36236,33470,32051,36117,32781,32781,30820,28673
67542,866,36230,33442,32059,36193,32781,32783,30820,28672
67543,864,36228,33391,31995,36107,32780,32784,30817,28672
67544,865,36205,33409,31954,36172,32782,32784,30818,28671
67545,866,36185,33454,32062,36109,32782,32783,30819,28672
67546,862,36176,33465,32027,36175,32782,32781,30821,28673
67547,866,36192,33445,31986,36140,32782,32783,30821,28672
67548,866,36211,33428,31987,36167,32781,32783,30820,28674
67549,867,36204,33392,32038,36148,32781,32782,30819,28671
67550,865,36215,33428,32016,36143,32783,32782,30817,28670
67551,867,36222,33464,31979,36171,32782,32782,30820,28672
67552,862,36221,33464,32010,36148,32783,32782,30821,28672
67553,872,36188,33462,32051,36175,32780,32782,30821,28674
67554,865,36182,33452,32024,36131,32781,32782,30821,28673
67555,863,36164,33390,31963,36184,32781,32783,30819,28672
67556,866,36187,33426,32018,36103,32781,32783,30818,28671
67557,870,36211,33467,32059,36208,32782,32781,30819,28671
67558,863,36209,33461,32016,36128,32782,32781,30820,28673
67559,866,36223,33471,31975,36204,32782,32782,30820,28673
67560,866,36228,33436,32047,36115,32782,32783,30822,28673
67561,864,36196,33396,32035,36183,32781,32783,30820,28670
67562,865,36189,33415,32002,36105,32782,32783,30818,28672
67563,871,36195,33469,31983,36188,32782,32783,30819,28672
67564,862,36198,33484,32057,36132,32781,32783,30821,28674
67565,866,36226,33480,32061,36193,32782,32781,30821,28673
67566,866,36220,33463,32012,36147,32782,32782,30820,28674
67567,867,36209,33396,31963,36153,32781,32783,30820,28672
67568,870,36207,33417,32030,36125,32782,32781,30819,28670
67569,865,36214,33483,32054,36152,32781,32782,30819,28672
67570,863,36191,33466,31986,36185,32783,32782,30821,28673
67571,866,36192,33465,31983,36151,32782,32783,30820,28673
67572,866,36195,33445,32070,36211,32782,32782,30821,28673
67573,867,36189,33411,32037,36137,32782,32782,30820,28670
67574,866,36209,33413,31978,36196,32781,32782,30819,28671
67575,872,36233,33441,31983,36136,32781,32782,30819,28674
67576,862,36230,33468,32070,36209,32782,32781,30821,28673
67577,866,36218,33456,32041,36117,32781,32783,30821,28673
67578,866,36185,33448,31997,36192,32782,32781,30820,28673
67579,864,36161,33397,31982,36113,32780,32784,30818,28672
67580,866,36194,33407,32042,36185,32781,32783,30817,28671
67581,870,36214,33451,32040,36133,32782,32782,30819,28672
67582,862,36229,33466,31993,36189,32782,32783,30821,28673
67583,872,36235,33459,32015,36133,32782,32783,30821,28674
67584,865,36239,33452,32069,36197,32782,32782,30821,28674
67585,867,36195,33421,32039,36119,32782,32783,30819,28672
67586,866,36174,33387,31985,36179,32781,32783,30817,28671
67587,871,36194,33416,31983,36112,32781,32782,30819,28672
67588,863,36236,33473,32068,36188,32782,32782,30820,28674
67589,866,36227,33461,32053,36142,32782,32782,30823,28674
67590,866,36235,33465,31992,36184,32782,32782,30821,28674
67591,866,36233,33442,32003,36154,32782,32783,30818,28672
67592,866,36226,33392,32063,36153,32781,32784,30818,28671
67593,867,36221,33436,32038,36183,32781,32782,30819,28673
67594,862,36200,33476,31985,36158,32780,32782,30820,28676
67595,866,36217,33469,32045,36209,32782,32782,30822,28673
67596,866,36224,33472,32060,36136,32782,32782,30821,28673
67597,864,36209,33428,31994,36191,32782,32782,30818,28672
67598,872,36229,33385,31962,36119,32782,32783,30820,28669
67599,871,36240,33405,31993,36217,32783,32782,30819,28672
67600,863,36219,33468,32056,36129,32782,32782,30820,28674
67601,866,36193,33462,32029,36220,32782,32782,30821,28675
67602,865,36209,33467,31977,36127,32782,32782,30822,28673
67603,867,36196,33435,32018,36193,32781,32784,30820,28670
67604,866,36209,33411,32045,36119,32781,32782,30818,28671
67605,865,36233,33405,32010,36217,32780,32783,30818,28672
67606,862,36237,33476,31974,36162,32781,32782,30820,28675
67607,866,36238,33463,32073,36189,32781,32783,30821,28673
67608,866,36250,33467,32039,36166,32782,32782,30821,28672
67609,867,36186,33419,31971,36175,32781,32783,30819,28671
67610,866,36174,33395,31945,36156,32781,32783,30818,28671
67611,873,36193,33402,32032,36170,32782,32782,30819,28673
67612,862,36230,33467,32039,36171,32781,32782,30820,28673
67613,872,36224,33467,32014,36161,32783,32782,30820,28674
67614,865,36235,33474,31983,36182,32781,32783,30822,28674
67615,864,36207,33445,32043,36143,32782,32783,30820,28671
67616,866,36201,33423,32029,36182,32782,32782,30818,28670
67617,865,36199,33397,32001,36140,32781,32783,30819,28671
67618,863,36181,33468,32001,36221,32782,32782,30820,28673
67619,866,36188,33476,32066,36132,32780,32783,30821,28675
67620,865,36212,33476,32047,36202,32782,32782,30820,28673
67621,867,36206,33449,31979,36114,32781,32783,30820,28671
67622,866,36205,33421,31997,36187,32782,32782,30818,28671
67623,871,36226,33428,32068,36123,32781,32782,30819,28673
67624,863,36227,33445,32033,36205,32781,32783,30819,28674
67625,866,36206,33455,31971,36139,32782,32783,30820,28674
67626,865,36188,33461,32006,36201,32781,32783,30821,28673
67627,862,36165,33443,32032,36140,32782,32783,30820,28670
67628,865,36176,33401,31997,36149,32782,32782,30817,28671
67629,867,36200,33398,31980,36164,32781,32782,30820,28673
67630,862,36229,33466,32062,36159,32781,32783,30820,28673
67631,866,36225,33459,32056,36195,32781,32782,30821,28673
67632,866,36219,33457,31994,36125,32783,32782,30821,28673
67633,864,36207,33420,31960,36197,32781,32783,30818,28672
67634,866,36186,33409,32041,36116,32782,32783,30819,28672
67635,866,36172,33420,32044,36198,32782,32782,30818,28672
67636,862,36202,33475,31970,36131,32782,32783,30819,28673
67637,866,36219,33461,32008,36197,32783,32783,30820,28673
67638,866,36207,33455,32043,36141,32780,32782,30820,28674
67639,867,36220,33417,31998,36190,32781,32784,30820,28672
67640,865,36207,33389,31946,36125,32783,32782,30819,28672
67641,867,36223,33440,32008,36185,32781,32781,30820,28673
67642,863,36216,33471,32052,36172,32782,32783,30819,28674
67643,865,36197,33469,32011,36159,32782,32783,30820,28674
67644,866,36189,33464,31968,36191,32781,32782,30819,28674
67645,867,36186,33432,32037,36148,32782,32783,30818,28673
67646,866,36204,33404,32036,36181,32783,32781,30819,28671
67647,872,36247,33414,32023,36170,32781,32782,30819,28672
67648,863,36233,33476,31984,36218,32782,32783,30821,28673
67649,866,36221,33473,32045,36142,32781,32783,30820,28674
67650,871,36203,33477,32049,36205,32782,32782,30820,28674
67651,864,36176,33445,31994,36129,32782,32783,30819,28671
67652,866,36180,33415,31958,36194,32781,32783,30818,28671
67653,865,36215,33419,32050,36129,32782,32782,30819,28674
67654,863,36248,33470,32042,36214,32781,32782,30819,28674
67655,866,36226,33469,31999,36130,32782,32783,30820,28674
67656,865,36247,33471,31970,36202,32782,32782,30820,28674
67657,867,36230,33453,32056,36137,32782,32783,30819,28673
67658,866,36201,33416,32033,36199,32781,32784,30818,28672
67659,871,36196,33416,31996,36142,32782,32782,30818,28671
67660,863,36196,33455,31971,36192,32781,32782,30821,28675
67661,866,36209,33486,32066,36161,32781,32783,30822,28673
67662,866,36213,33477,32039,36191,32781,32784,30821,28674
67663,867,36195,33449,31963,36176,32782,32782,30818,28673
67664,865,36217,33420,31964,36163,32781,32782,30819,28670
67665,873,36236,33407,32064,36162,32782,32782,30819,28673
67666,867,36197,33427,32037,36190,32782,32780,30822,28674
67667,866,36202,33469,31987,36180,32782,32783,30820,28675
67668,866,36187,33467,31982,36157,32782,32783,30821,28673
67669,864,36183,33457,32033,36203,32782,32782,30818,28671
67670,866,36217,33436,32017,36153,32781,32783,30818,28671
67671,868,36230,33420,31995,36209,32781,32783,30820,28673
67672,862,36232,33438,31990,36137,32782,32784,30820,28673
67673,865,36246,33480,32043,36210,32782,32783,30819,28674
67674,866,36212,33458,32023,36136,32782,32782,30822,28674
67675,867,36171,33453,31962,36219,32782,32783,30821,28672
67676,865,36181,33435,31996,36135,32781,32783,30817,28672
67677,866,36203,33400,32048,36219,32782,32781,30818,28672
67678,863,36243,33451,32010,36151,32782,32783,30820,28674
67679,865,36234,33463,31971,36197,32782,32782,30821,28675
67680,872,36238,33465,32049,36163,32782,32782,30821,28675
67681,867,36228,33442,32028,36202,32782,32783,30819,28672
67682,865,36200,33445,32009,36153,32781,32783,30817,28673
67683,867,36193,33412,31970,36205,32782,32783,30819,28673
67684,863,36194,33433,32048,36192,32783,32783,30820,28675
67685,866,36218,33468,32055,36181,32782,32782,30820,28674
67686,865,36232,33475,32002,36209,32782,32781,30821,28674
67687,864,36227,33456,31958,36151,32782,32781,30819,28673
67688,866,36210,33437,32037,36221,32782,32782,30817,28671
67689,865,36239,33402,32036,36134,32782,32782,30818,28672
67690,863,36239,33453,31970,36218,32782,32782,30821,28674
67691,866,36218,33469,31992,36155,32781,32782,30820,28675
67692,865,36191,33471,32053,36218,32781,32781,30821,28675
67693,867,36186,33446,32008,36143,32783,32783,30820,28672
67694,866,36205,33430,31950,36210,32782,32782,30818,28671
67695,876,36235,33409,31969,36148,32782,32783,30819,28673
67696,862,36246,33432,32052,36221,32782,32784,30820,28675
67697,866,36233,33463,32025,36156,32782,32782,30821,28675
67698,865,36240,33468,31980,36229,32781,32782,30820,28674
67699,862,36215,33450,32000,36178,32782,32782,30818,28672
67700,866,36188,33431,32039,36176,32780,32784,30818,28672
67701,868,36203,33411,32038,36197,32782,32783,30818,28672
67702,862,36225,33448,31969,36197,32781,32782,30821,28674
67703,865,36245,33482,32054,36232,32781,32782,30820,28675
67704,866,36236,33465,32041,36174,32782,32782,30821,28674
67705,865,36219,33444,31970,36232,32781,32784,30819,28673
67706,866,36226,33419,31945,36140,32782,32784,30818,28672
67707,872,36231,33411,32041,36239,32782,32782,30819,28673
67708,862,36201,33424,32046,36149,32781,32782,30820,28674
67709,866,36219,33454,31995,36239,32781,32781,30820,28674
67710,865,36216,33461,31974,36162,32781,32782,30820,28675
67711,867,36239,33445,32050,36221,32782,32783,30818,28673
67712,866,36219,33435,32033,36125,32782,32781,30819,28672
67713,865,36245,33399,31987,36229,32783,32783,30819,28672
67714,863,36241,33438,31995,36173,32782,32780,30821,28674
67715,866,36244,33468,32057,36215,32782,32781,30820,28675
67716,865,36216,33487,32020,36189,32781,32783,30820,28674
67717,868,36183,33452,31960,36204,32782,32782,30820,28671
67718,865,36211,33414,31996,36188,32783,32783,30819,28670
67719,873,36233,33418,32055,36194,32781,32782,30818,28672
67720,862,36244,33417,32022,36215,32783,32783,30820,28675
67721,866,36248,33462,31968,36180,32781,32783,30820,28675
67722,866,36256,33461,32002,36220,32781,32781,30819,28675
67723,864,36229,33444,32023,36155,32781,32782,30818,28673
67724,865,36188,33422,31999,36218,32782,32782,30817,28671
67725,865,36199,33385,31948,36141,32783,32782,30822,28673
67726,866,36199,33419,32040,36231,32783,32782,30819,28672
67727,896,36244,33484,32067,36161,32782,32782,30814,28669
67728,866,36245,33412,32039,36179,32782,32782,30821,28671
67729,864,36235,33453,32004,36188,32782,32782,30817,28671
67730,875,36187,33422,31968,36152,32781,32782,30823,28678
67731,866,36195,33447,31974,36191,32782,32782,30819,28672
67732,866,36220,33448,32036,36184,32782,32784,30818,28672
67733,868,36260,33431,32032,36200,32781,32783,30820,28675
67734,862,36255,33416,31981,36223,32781,32781,30820,28676
67735,867,36248,33439,31987,36179,32781,32783,30819,28671
67736,867,36218,33452,32034,36225,32782,32782,30818,28671
67737,871,36214,33456,32023,36200,32781,32783,30818,28673
67738,862,36214,33451,31963,36239,32782,32782,30820,28676
67739,866,36230,33419,32002,36162,32782,32782,30821,28675
67740,870,36250,33395,32046,36250,32781,32783,30819,28675
67741,864,36238,33419,32009,36159,32781,32783,30818,28674
67742,866,36233,33446,31940,36225,32781,32784,30818,28673
67743,868,36252,33478,32012,36147,32782,32783,30816,28674
67744,862,36231,33467,32049,36218,32782,32782,30820,28675
67745,866,36222,33437,32011,36158,32780,32783,30821,28675
67746,866,36226,33385,31967,36233,32781,32782,30821,28674
67747,868,36229,33402,32031,36137,32782,32782,30818,28672
67748,865,36236,33448,32044,36220,32781,32781,30819,28671
67749,872,36248,33462,32021,36177,32782,32783,30818,28673
67750,862,36252,33456,31978,36220,32782,32782,30818,28674
67751,866,36255,33445,32052,36183,32782,32782,30822,28675
67752,866,36254,33419,32065,36227,32782,32782,30822,28674
67753,864,36222,33416,31991,36211,32781,32784,30817,28672
67754,866,36201,33453,31962,36192,32783,32782,30819,28672
67755,867,36235,33452,32051,36226,32782,32782,30819,28673
67756,863,36259,33459,32030,36187,32782,32783,30820,28675
67757,865,36276,33444,31975,36243,32782,32782,30821,28675
67758,866,36273,33435,31974,36183,32782,32782,30819,28676
67759,868,36251,33409,32029,36234,32781,32784,30818,28672
67760,866,36243,33452,32018,36157,32781,32784,30817,28673
67761,867,36239,33457,31974,36230,32781,32783,30819,28673
67762,863,36227,33460,31996,36177,32781,32782,30820,28674
67763,865,36241,33436,32043,36234,32782,32782,30819,28676
67764,866,36263,33406,32023,36176,32782,32782,30821,28676
67765,864,36261,33430,31962,36224,32781,32783,30819,28674
67766,866,36275,33450,32020,36164,32782,32782,30818,28671
67767,868,36280,33476,32046,36216,32781,32783,30817,28673
67768,862,36277,33443,31998,36217,32781,32783,30818,28674
67769,866,36258,33444,31967,36209,32782,32783,30820,28676
67770,865,36241,33407,32064,36224,32781,32782,30821,28675
67771,869,36232,33428,32034,36179,32782,32783,30818,28673
67772,865,36242,33444,31991,36225,32781,32783,30817,28672
67773,866,36272,33476,31968,36183,32781,32783,30818,28674
67774,863,36281,33469,32057,36258,32781,32783,30819,28676
67775,865,36296,33433,32050,36169,32782,32782,30820,28674
67776,866,36295,33411,31987,36248,32782,32781,30820,28675
67777,870,36265,33409,31961,36155,32782,32782,30821,28674
67778,865,36238,33450,32053,36224,32781,32782,30819,28671
67779,867,36246,33472,32050,36171,32781,32783,30817,28675
67780,862,36251,33466,31985,36221,32781,32782,30820,28674
67781,866,36270,33437,32008,36152,32781,32782,30820,28677
67782,866,36286,33417,32067,36247,32782,32783,30821,28674
67783,868,36275,33416,32034,36164,32783,32782,30819,28673
67784,866,36258,33456,31957,36211,32782,32783,30818,28672
67785,871,36275,33464,31975,36166,32782,32782,30818,28673
67786,862,36246,33470,32062,36233,32781,32783,30820,28675
67787,866,36240,33435,32031,36239,32781,32783,30820,28675
67788,866,36274,33405,31980,36230,32782,32781,30820,28676
67789,864,36257,33415,31995,36239,32781,32782,30817,28676
67790,866,36279,33453,32043,36189,32781,32783,30817,28673
67791,868,36309,33461,32027,36259,32780,32781,30817,28675
67792,866,36295,33461,31972,36205,32781,32782,30819,28676
67793,866,36300,33440,32032,36257,32781,32782,30820,28676
67794,865,36255,33421,32052,36201,32781,32782,30819,28677
67795,869,36231,33399,32009,36268,32781,32783,30818,28675
67796,865,36264,33431,31962,36182,32781,32784,30817,28674
67797,866,36290,33457,32047,36259,32783,32782,30818,28674
67798,863,36294,33465,32059,36178,32782,32782,30819,28675
67799,866,36307,33463,32005,36255,32782,32781,30821,28674
67800,865,36312,33395,31975,36178,32782,32782,30819,28676
67801,865,36291,33427,32050,36235,32782,32782,30819,28675
67802,866,36263,33439,32019,36184,32782,32782,30820,28673
67803,868,36266,33455,31999,36249,32782,32782,30818,28675
67804,863,36264,33455,31988,36234,32782,32781,30819,28676
67805,865,36287,33433,32062,36235,32781,32782,30819,28675
67806,866,36316,33415,32034,36249,32782,32782,30819,28676
67807,874,36305,33404,31967,36218,32780,32783,30819,28675
67808,865,36312,33434,31961,36250,32782,32781,30817,28674
67809,866,36313,33456,32034,36244,32782,32782,30819,28674
67810,863,36297,33471,32019,36288,32783,32782,30820,28676
67811,866,36270,33470,31972,36232,32781,32782,30820,28677
67812,865,36275,33414,31991,36284,32781,32784,30821,28677
67813,864,36270,33409,32040,36199,32782,32782,30818,28675
67814,866,36291,33466,32003,36276,32781,32783,30817,28674
67815,867,36322,33475,31973,36207,32781,32782,30817,28677
67816,863,36317,33475,32034,36279,32782,32783,30820,28676
67817,866,36311,33454,32056,36206,32781,32782,30818,28677
67818,866,36304,33425,32006,36278,32782,32782,30822,28676
67819,868,36263,33419,31951,36184,32782,32781,30820,28675
67820,866,36255,33456,32032,36243,32782,32781,30818,28672
67821,871,36272,33463,32053,36216,32781,32783,30817,28676
67822,868,36289,33460,32016,36254,32781,32782,30818,28677
67823,865,36330,33469,31976,36224,32782,32782,30819,28677
67824,866,36327,33440,32018,36269,32782,32782,30821,28677
67825,864,36304,33399,32048,36238,32783,32782,30818,28675
67826,866,36284,33448,32011,36247,32783,32782,30819,28674
67827,868,36276,33483,31984,36256,32783,32783,30819,28675
67828,863,36282,33481,32070,36243,32781,32783,30818,28676
67829,865,36304,33472,32053,36279,32782,32782,30820,28676
67830,866,36313,33438,32014,36216,32780,32782,30819,28678
67831,867,36304,33402,31957,36278,32782,32784,30818,28675
67832,866,36324,33446,32047,36224,32781,32784,30816,28674
67833,871,36332,33469,32051,36303,32782,32781,30818,28676
67834,863,36298,33473,31997,36234,32782,32782,30819,28677
67835,866,36284,33471,31970,36309,32782,32782,30820,28677
67836,865,36300,33445,32068,36226,32782,32782,30819,28678
67837,864,36289,33397,32026,36278,32781,32782,30818,28676
67838,866,36300,33430,31968,36198,32780,32784,30818,28675
67839,868,36309,33479,31986,36297,32781,32783,30819,28677
67840,862,36323,33467,32055,36239,32781,32783,30820,28677
67841,866,36306,33462,32027,36282,32782,32782,30819,28678
67842,866,36326,33425,31975,36266,32782,32782,30820,28677
67843,868,36273,33408,31976,36270,32783,32782,30818,28675
67844,866,36261,33426,32024,36264,32782,32782,30818,28674
67845,871,36305,33477,32028,36273,32781,32782,30818,28676
67846,862,36327,33493,31965,36286,32781,32782,30819,28677
67847,866,36337,33472,32009,36264,32781,32782,30819,28677
67848,866,36324,33452,32052,36312,32781,32781,30819,28677
67849,864,36321,33404,32007,36236,32781,32784,30817,28676
67850,866,36296,33432,31959,36297,32782,32782,30818,28674
67851,868,36291,33475,32039,36236,32781,32783,30818,28676
67852,867,36300,33482,32060,36328,32781,32783,30819,28677
67853,866,36325,33477,32020,36229,32781,32784,30820,28676
67854,866,36340,33465,31962,36307,32780,32783,30819,28679
67855,868,36317,33402,32018,36217,32781,32783,30817,28676
67856,866,36331,33405,32050,36295,32781,32783,30817,28677
67857,871,36335,33461,32034,36235,32782,32781,30817,28677
67858,863,36306,33477,31980,36307,32781,32782,30819,28678
67859,866,36283,33466,32041,36218,32781,32782,30819,28678
67860,865,36283,33472,32052,36293,32781,32782,30820,28678
67861,863,36290,33405,31992,36219,32783,32784,30818,28677
67862,866,36308,33412,31955,36277,32782,32783,30816,28676
67863,868,36338,33456,32060,36263,32781,32783,30818,28677
67864,862,36343,33479,32037,36275,32781,32781,30819,28678
67865,866,36356,33474,31989,36296,32783,32783,30821,28678
67866,866,36340,33463,31974,36281,32782,32782,30819,28677
67867,868,36289,33409,32053,36300,32782,32781,30818,28675
67868,865,36274,33417,32033,36261,32782,32782,30818,28674
67869,866,36308,33472,31976,36312,32783,32783,30817,28677
67870,863,36337,33464,31990,36267,32781,32783,30818,28678
67871,866,36351,33476,32041,36315,32782,32782,30818,28678
67872,865,36330,33463,32021,36234,32782,32781,30820,28678
67873,864,36339,33402,31949,36293,32781,32783,30817,28678
67874,872,36315,33409,31978,36220,32782,32783,30818,28674
67875,867,36297,33471,32059,36318,32781,32781,30817,28677
67876,863,36297,33486,32015,36232,32780,32782,30820,28678
67877,866,36331,33480,31960,36301,32782,32783,30820,28678
67878,865,36319,33455,32027,36255,32781,32781,30820,28678
67879,869,36346,33425,32039,36314,32781,32782,30818,28675
67880,865,36326,33401,32000,36250,32781,32783,30816,28676
67881,866,36356,33482,31967,36300,32781,32784,30817,28677
67882,862,36353,33468,32051,36300,32782,32783,30818,28679
67883,866,36336,33454,32045,36275,32783,32782,30819,28678
67884,866,36309,33466,32006,36322,32781,32781,30819,28678
67885,864,36310,33401,31943,36258,32781,32783,30818,28676
67886,866,36303,33408,32036,36320,32781,32782,30818,28675
67887,868,36345,33459,32042,36277,32782,32783,30818,28678
67888,862,36362,33473,31982,36347,32782,32781,30819,28679
67889,872,36360,33473,31994,36269,32782,32782,30820,28679
67890,865,36362,33463,32068,36335,32781,32782,30818,28678
67891,864,36326,33416,32023,36250,32782,32782,30818,28677
67892,866,36310,33418,31970,36306,32780,32784,30817,28676
67893,872,36316,33449,31971,36242,32781,32782,30817,28678
67894,862,36349,33487,32069,36334,32782,32783,30818,28679
67895,866,36353,33478,32049,36271,32782,32782,30820,28678
67896,866,36366,33454,31989,36316,32782,32783,30819,28679
67897,863,36351,33397,32000,36274,32782,32782,30819,28677
67898,866,36351,33405,32048,36283,32782,32781,30819,28677
67899,868,36365,33453,32038,36285,32783,32782,30817,28677
67900,863,36342,33468,31971,36299,32782,32782,30819,28678
67901,865,36311,33469,32033,36309,32782,32781,30818,28678
67902,866,36325,33459,32053,36283,32782,32783,30818,28680
67903,868,36336,33409,32008,36327,32782,32782,30818,28677
67904,872,36339,33409,31957,36278,32781,32782,30816,28676
67905,871,36356,33432,31990,36316,32781,32782,30819,28678
67906,862,36366,33485,32052,36290,32782,32782,30819,28678
67907,866,36335,33480,32025,36333,32781,32782,30819,28678
67908,866,36310,33477,31978,36271,32782,32783,30819,28679
67909,864,36302,33424,32024,36331,32781,32784,30817,28677
67910,866,36325,33407,32046,36257,32782,32783,30816,28677
67911,868,36351,33450,32027,36330,32782,32783,30817,28677
67912,862,36371,33476,31971,36264,32782,32782,30818,28678
67913,865,36375,33458,32054,36337,32781,32782,30818,28680
67914,866,36373,33478,32048,36274,32782,32782,30819,28679
67915,868,36343,33427,31979,36324,32784,32781,30818,28676
67916,866,36317,33402,31952,36272,32783,32782,30817,28676
67917,870,36338,33439,32058,36327,32781,32782,30818,28678
67918,863,36346,33469,32045,36284,32782,32783,30819,28679
67919,871,36379,33475,31989,36319,32782,32782,30819,28678
67920,865,36375,33460,31958,36277,32781,32781,30820,28680
67921,864,36359,33444,32034,36301,32781,32782,30817,28676
67922,866,36359,33412,32025,36305,32782,32783,30817,28676
67923,868,36358,33428,32011,36303,32782,32781,30817,28677
67924,862,36346,33471,31980,36342,32781,32782,30819,28679
67925,866,36353,33476,32052,36292,32780,32783,30819,28679
67926,866,36374,33479,32021,36348,32781,32783,30819,28680
67927,868,36374,33443,31969,36254,32782,32783,30818,28678
67928,865,36381,33405,31970,36337,32782,32783,30817,28675
67929,866,36387,33416,32057,36273,32782,32782,30817,28678
67930,863,36385,33474,32034,36346,32781,32782,30819,28679
67931,866,36380,33483,31980,36274,32782,32783,30818,28679
67932,865,36340,33461,32023,36332,32781,32782,30818,28679
67933,865,36315,33428,32044,36263,32782,32781,30818,28678
67934,865,36335,33414,32013,36311,32781,32783,30816,28677
67935,868,36378,33432,31979,36283,32782,32783,30816,28678
67936,862,36392,33480,32057,36323,32782,32782,30819,28679
67937,866,36374,33478,32046,36318,32781,32782,30818,28679
67938,866,36373,33471,32009,36301,32782,32782,30820,28679
67939,868,36379,33432,31961,36308,32782,32782,30817,28677
67940,866,36343,33401,32044,36294,32782,32783,30817,28675
67941,871,36343,33422,32054,36336,32781,32782,30817,28678
67942,862,36360,33469,32006,36311,32782,32783,30819,28679
67943,866,36386,33475,31973,36343,32781,32783,30818,28680
67944,866,36380,33482,32060,36291,32782,32782,30818,28680
67945,864,36373,33433,32015,36336,32782,32784,30819,28678
67946,866,36370,33405,31975,36269,32782,32784,30817,28675
67947,869,36401,33431,31971,36372,32781,32782,30816,28678
67948,863,36363,33473,32048,36290,32781,32782,30818,28680
67949,865,36348,33471,32038,36359,32782,32782,30818,28680
67950,866,36359,33469,31975,36278,32782,32782,30820,28680
67951,868,36373,33429,31987,36335,32782,32781,30818,28677
67952,866,36375,33397,32048,36275,32782,32783,30816,28677
67953,870,36397,33420,32055,36352,32782,32782,30817,28679
67954,866,36397,33471,31997,36308,32781,32782,30819,28679
67955,862,36386,33469,32017,36355,32782,32781,30819,28680
67956,866,36385,33458,32054,36333,32781,32782,30819,28680
67957,863,36347,33429,32015,36304,32783,32782,30818,28677
67958,866,36349,33393,31959,36325,32782,32782,30817,28678
67959,867,36371,33437,32042,36301,32781,32782,30817,28678
67960,862,36385,33462,32054,36363,32782,32781,30820,28680
67961,866,36393,33465,32003,36292,32782,32783,30818,28681
67962,866,36414,33460,31981,36359,32782,32782,30819,28680
67963,868,36386,33435,32045,36261,32783,32782,30817,28678
67964,865,36373,33414,32039,36354,32782,32783,30818,28676
67965,872,36349,33423,32016,36286,32782,32782,30817,28679
67966,862,36367,33467,31967,36341,32782,32781,30819,28679
67967,866,36377,33469,32051,36276,32782,32783,30818,28680
67968,866,36423,33477,32042,36362,32782,32782,30820,28680
67969,864,36403,33421,31985,36282,32781,32783,30817,28678
67970,866,36389,33389,31963,36335,32782,32782,30815,28678
67971,873,36407,33422,32056,36292,32781,32782,30816,28679
67972,862,36401,33476,32057,36357,32781,32784,30819,28681
67973,866,36360,33480,32000,36308,32781,32783,30819,28679
67974,866,36355,33472,31981,36342,32782,32782,30818,28680
67975,868,36365,33438,32039,36314,32782,32782,30817,28678
67976,866,36386,33416,32016,36314,32781,32784,30817,28677
67977,867,36410,33435,31992,36360,32781,32782,30817,28679
67978,862,36409,33461,31989,36342,32782,32782,30819,28680
67979,866,36400,33458,32053,36383,32782,32782,30819,28681
67980,866,36415,33476,32026,36330,32782,32782,30819,28680
67981,864,36376,33440,31956,36383,32781,32783,30817,28680
67982,865,36347,33391,32010,36304,32782,32782,30817,28678
67983,868,36369,33411,32052,36381,32781,32782,30817,28678
67984,863,36402,33484,32009,36304,32782,32783,30819,28681
67985,866,36406,33476,31974,36375,32782,32782,30819,28681
67986,871,36422,33468,32052,36308,32781,32784,30818,28681
67987,868,36405,33444,32052,36369,32781,32782,30817,28681
67988,866,36394,33412,32021,36293,32782,32783,30816,28677
67989,871,36364,33416,31993,36389,32782,32782,30817,28679
67990,862,36382,33444,32022,36314,32782,32782,30818,28680
67991,866,36402,33464,32051,36359,32783,32783,30819,28682
67992,866,36415,33476,32016,36327,32780,32783,30818,28681
67993,864,36394,33438,31955,36359,32782,32782,30817,28677
67994,866,36395,33408,32018,36343,32780,32782,30816,28679
67995,866,36415,33414,32048,36361,32781,32782,30817,28680
67996,862,36412,33473,31993,36386,32781,32783,30819,28681
67997,866,36385,33476,31970,36338,32782,32782,30818,28680
67998,866,36377,33476,32056,36419,32782,32781,30820,28680
67999,868,36372,33448,32026,36327,32781,32782,30818,28678
68000,866,36396,33411,31983,36391,32782,32783,30817,28678
68001,877,36415,33411,31966,36330,32781,32783,30818,28682
68002,862,36425,33440,32041,36404,32782,32782,30818,28681
68003,866,36432,33455,32032,36325,32782,32782,30819,28681
68004,866,36397,33472,32005,36408,32781,32782,30820,28681
68005,864,36357,33447,31954,36294,32782,32782,30818,28680
68006,866,36360,33428,32047,36379,32782,32783,30817,28676
68007,869,36390,33402,32056,36322,32782,32783,30815,28680
68008,863,36423,33440,31981,36392,32781,32782,30819,28681
68009,865,36431,33463,31963,36327,32782,32783,30819,28681
68010,866,36423,33483,32050,36398,32782,32783,30819,28680
68011,868,36421,33446,32016,36327,32782,32782,30816,28679
68012,866,36399,33428,31968,36371,32781,32783,30816,28678
68013,871,36377,33440,31962,36338,32781,32783,30817,28681
68014,863,36389,33436,32060,36379,32781,32782,30817,28681
68015,866,36405,33478,32041,36357,32782,32782,30818,28681
68016,871,36418,33476,31987,36367,32780,32784,30819,28682
68017,864,36410,33463,31960,36347,32781,32783,30818,28679
68018,866,36429,33464,32046,36363,32781,32782,30815,28679
68019,867,36416,33439,32037,36387,32781,32781,30817,28679
68020,863,36420,33423,31974,36369,32783,32782,30818,28681
68021,866,36398,33473,31989,36417,32781,32782,30818,28682
68022,865,36400,33481,32049,36332,32782,32783,30817,28682
68023,869,36399,33463,32013,36398,32783,32783,30816,28680
68024,865,36427,33454,31967,36313,32782,32783,30818,28677
68025,871,36431,33460,31985,36410,32781,32782,30817,28680
68026,863,36455,33411,32056,36340,32781,32783,30819,28682
68027,866,36429,33459,32029,36412,32781,32783,30818,28683
68028,866,36417,33480,31983,36343,32782,32782,30818,28681
68029,864,36384,33465,32001,36407,32781,32782,30817,28680
68030,866,36385,33445,32033,36334,32781,32783,30816,28680
68031,873,36407,33437,32019,36410,32782,32783,30817,28680
68032,862,36427,33404,31982,36348,32780,32782,30817,28683
68033,866,36441,33445,32010,36409,32782,32782,30819,28682
68034,866,36439,33476,32053,36357,32782,32782,30819,28680
68035,868,36414,33466,32013,36390,32783,32782,30819,28678
68036,866,36391,33449,31968,36359,32780,32782,30816,28678
68037,871,36390,33448,32003,36404,32781,32783,30817,28681
68038,863,36423,33425,32059,36381,32781,32782,30819,28682
68039,865,36428,33442,32023,36387,32782,32781,30819,28682
68040,866,36431,33483,31975,36408,32782,32783,30818,28682
68041,864,36431,33459,32023,36355,32783,32783,30817,28679
68042,866,36428,33441,32029,36402,32783,32781,30817,28678
68043,868,36427,33457,32008,36363,32781,32781,30817,28681
68044,862,36405,33415,31975,36436,32782,32782,30818,28682
68045,866,36386,33437,32068,36351,32781,32782,30819,28681
68046,865,36406,33465,32045,36436,32781,32782,30818,28682
68047,868,36407,33447,31987,36334,32782,32783,30816,28682
68048,866,36425,33452,31961,36413,32781,32783,30816,28679
68049,871,36440,33459,32050,36340,32782,32782,30817,28681
68050,862,36458,33423,32049,36425,32782,32782,30818,28682
68051,866,36436,33418,31990,36359,32782,32782,30819,28682
68052,866,36434,33482,31971,36424,32781,32782,30819,28683
68053,864,36391,33457,32036,36356,32781,32782,30817,28681
68054,866,36404,33454,32019,36401,32782,32784,30815,28680
68055,867,36437,33461,31976,36379,32781,32783,30817,28681
68056,863,36449,33427,31998,36391,32783,32782,30818,28682
68057,866,36456,33434,32045,36417,32782,32784,30818,28682
68058,865,36449,33471,32027,36375,32782,32783,30819,28682
68059,869,36445,33460,31947,36419,32782,32780,30818,28681
68060,865,36431,33455,31994,36358,32781,32782,30816,28678
68061,867,36419,33448,32045,36417,32782,32782,30818,28680
68062,865,36427,33430,32022,36366,32781,32781,30817,28683
68063,866,36449,33430,31983,36432,32782,32782,30818,28683
68064,866,36449,33475,32025,36354,32781,32782,30819,28681
68065,864,36453,33474,32027,36413,32782,32782,30817,28682
68066,866,36465,33464,31988,36334,32783,32782,30816,28680
68067,865,36463,33457,31965,36417,32781,32781,30816,28682
68068,866,36457,33437,32058,36364,32780,32782,30818,28682
68069,865,36434,33445,32049,36418,32781,32783,30818,28682
68070,866,36413,33482,31992,36368,32781,32782,30818,28684
68071,868,36430,33467,31965,36409,32781,32782,30816,28682
68072,866,36442,33452,32040,36382,32782,32783,30815,28681
68073,869,36463,33459,32048,36412,32783,32782,30815,28681
68074,865,36468,33420,31998,36399,32781,32783,30817,28684
68075,866,36476,33426,31969,36412,32782,32781,30819,28682
68076,865,36458,33460,32056,36424,32781,32781,30818,28683
68077,865,36410,33471,32024,36397,32782,32783,30818,28680
68078,865,36415,33441,31967,36442,32782,32781,30816,28680
68079,865,36429,33465,31989,36371,32781,32783,30817,28682
68080,866,36458,33429,32064,36448,32781,32781,30818,28684
68081,866,36475,33415,32021,36380,32781,32782,30818,28683
68082,866,36476,33463,31976,36442,32781,32782,30818,28684
68083,874,36464,33455,31965,36361,32782,32784,30816,28682
68084,865,36448,33456,32037,36451,32782,32782,30816,28680
68085,869,36419,33462,32032,36369,32782,32782,30817,28683
68086,865,36430,33440,31999,36440,32782,32782,30818,28682
68087,866,36460,33401,31987,36379,32782,32782,30819,28683
68088,866,36468,33423,32073,36451,32782,32783,30817,28683
68089,864,36448,33438,32032,36372,32782,32783,30818,28682
68090,866,36449,33433,31970,36429,32781,32784,30815,28681
68091,870,36481,33452,31990,36385,32783,32782,30816,28682
68092,866,36465,33449,32057,36461,32781,32781,30818,28684
68093,866,36431,33411,32030,36388,32781,32783,30818,28684
68094,866,36454,33437,31980,36444,32783,32782,30818,28683
68095,868,36453,33437,31976,36397,32781,32782,30817,28681
68096,866,36463,33448,32035,36410,32782,32783,30817,28679
68097,868,36484,33464,32041,36407,32782,32782,30817,28681
68098,872,36479,33466,31997,36449,32780,32782,30817,28683
68099,865,36463,33443,31982,36425,32781,32782,30819,28682
68100,866,36452,33408,32052,36435,32782,32781,30819,28683
68101,864,36430,33426,32014,36434,32781,32783,30816,28682
68102,866,36443,33454,31968,36400,32782,32782,30817,28682
68103,870,36482,33470,31977,36436,32780,32783,30816,28681
68104,866,36487,33462,32050,36396,32782,32782,30818,28684
68105,866,36487,33439,32036,36459,32781,32782,30818,28683
68106,865,36493,33410,31989,36393,32782,32783,30817,28683
68107,869,36449,33389,31966,36462,32781,32783,30816,28681
68108,865,36435,33454,32055,36393,32781,32783,30815,28681
68109,869,36441,33476,32044,36473,32782,32783,30817,28681
68110,866,36480,33474,31994,36385,32782,32783,30817,28684
68111,866,36489,33455,31989,36460,32783,32780,30818,28683
68112,866,36496,33432,32065,36387,32782,32782,30818,28683
68113,869,36472,33403,32046,36457,32783,32782,30815,28681
68114,866,36439,33438,31987,36367,32781,32781,30815,28681
68115,870,36437,33471,31987,36458,32782,32782,30815,28681
68116,866,36468,33474,32070,36391,32783,32782,30818,28683
68117,866,36473,33476,32044,36470,32781,32783,30818,28684
68118,866,36499,33440,32009,36381,32781,32782,30819,28684
68119,868,36481,33408,31961,36444,32782,32782,30817,28681
68120,866,36480,33422,32049,36376,32782,32781,30815,28681
68121,868,36492,33470,32046,36459,32782,32782,30817,28682
68122,866,36465,33476,32001,36387,32783,32782,30817,28684
68123,866,36446,33459,31980,36435,32781,32782,30818,28684
68124,865,36467,33460,32066,36409,32782,32782,30818,28684
68125,865,36446,33404,32024,36416,32781,32783,30816,28682
68126,865,36433,33403,31969,36401,32781,32783,30815,28680
68127,865,36472,33470,32000,36401,32782,32782,30816,28682
68128,872,36500,33453,32055,36448,32781,32782,30819,28685
68129,865,36479,33481,32047,36426,32782,32781,30818,28683
68130,866,36454,33458,31989,36462,32781,32783,30819,28684
68131,868,36438,33427,31975,36398,32782,32782,30817,28681
68132,866,36467,33405,32039,36448,32782,32782,30817,28682
68133,869,36482,33435,32036,36406,32781,32782,30817,28683
68134,866,36495,33478,31991,36487,32782,32781,30819,28684
68135,865,36491,33474,31998,36399,32781,32783,30818,28685
68136,866,36493,33478,32058,36485,32781,32781,30818,28683
68137,864,36469,33413,32022,36386,32782,32783,30815,28683
68138,866,36453,33395,31960,36454,32782,32783,30816,28682
68139,870,36465,33448,31994,36390,32782,32781,30816,28682
68140,866,36501,33481,32072,36478,32781,32783,30817,28685
68141,866,36501,33489,32038,36386,32782,32783,30817,28684
68142,866,36506,33473,31978,36467,32781,32783,30817,28683
68143,874,36484,33441,31975,36383,32781,32783,30817,28683
68144,865,36478,33416,32053,36453,32781,32783,30815,28681
68145,869,36452,33426,32056,36384,32781,32783,30817,28682
68146,865,36462,33454,32004,36468,32782,32783,30818,28685
68147,866,36492,33480,31988,36394,32782,32782,30818,28685
68148,866,36481,33482,32064,36457,32781,32782,30817,28686
68149,864,36468,33455,32027,36388,32783,32781,30817,28681
68150,866,36475,33424,31965,36428,32782,32782,30817,28681
68151,869,36503,33422,31981,36424,32781,32782,30817,28682
68152,865,36481,33452,32052,36424,32782,32782,30819,28684
68153,866,36452,33474,32039,36431,32782,32782,30816,28684
68154,866,36435,33486,31982,36428,32782,32782,30818,28684
68155,868,36442,33475,31979,36439,32783,32781,30818,28682
68156,866,36465,33441,32050,36396,32783,32783,30816,28681
68157,869,36479,33428,32034,36463,32782,32782,30818,28683
68158,866,36494,33435,31981,36414,32781,32782,30818,28684
68159,865,36498,33480,31994,36463,32782,32782,30818,28684
68160,866,36484,33489,32050,36399,32781,32782,30818,28683
68161,864,36441,33452,32009,36453,32780,32783,30817,28684
68162,866,36428,33438,31968,36363,32782,32783,30816,28681
68163,870,36463,33427,32002,36459,32782,32783,30817,28683
68164,866,36490,33425,32063,36392,32781,32783,30818,28685
68165,866,36494,33464,32037,36449,32781,32783,30818,28684
68166,865,36479,33476,31972,36385,32781,32782,30818,28683
68167,868,36461,33456,32011,36442,32780,32782,30816,28682
68168,866,36432,33453,32037,36367,32782,32782,30815,28682
68169,869,36449,33438,32037,36459,32781,32782,30816,28682
68170,866,36447,33402,31983,36412,32781,32781,30817,28685
68171,865,36471,33452,32011,36444,32781,32781,30819,28684
68172,866,36484,33463,32064,36411,32781,32781,30817,28684
68173,870,36477,33438,32032,36438,32782,32783,30816,28680
68174,865,36466,33445,31967,36403,32781,32782,30815,28681
68175,865,36484,33451,32026,36434,32781,32782,30817,28682
68176,866,36458,33414,32055,36439,32783,32783,30817,28685
68177,866,36437,33452,32017,36432,32781,32782,30818,28684
68178,866,36446,33469,31974,36462,32781,32782,30818,28685
68179,868,36467,33459,32023,36409,32781,32783,30816,28683
68180,866,36474,33458,32043,36456,32782,32783,30816,28682
68181,868,36489,33471,32018,36408,32782,32782,30816,28683
68182,866,36489,33426,31964,36479,32782,32782,30818,28684
68183,866,36475,33431,32035,36401,32781,32782,30817,28684
68184,865,36445,33461,32047,36467,32782,32781,30818,28684
68185,864,36441,33470,31989,36384,32782,32782,30816,28682
68186,866,36470,33461,31957,36451,32781,32783,30815,28680
68187,866,36481,33472,32051,36387,32781,32783,30816,28682
68188,870,36493,33420,32052,36463,32781,32782,30819,28684
68189,866,36504,33429,32013,36392,32781,32782,30818,28684
68190,865,36486,33481,31967,36468,32781,32782,30819,28684
68191,869,36468,33456,32040,36382,32784,32782,30817,28682
68192,865,36425,33459,32024,36452,32781,32782,30816,28681
68193,869,36459,33465,32004,36392,32782,32782,30816,28681
68194,866,36479,33465,31963,36446,32782,32781,30818,28685
68195,866,36492,33422,32055,36414,32781,32782,30818,28686
68196,865,36509,33461,32050,36443,32781,32782,30820,28684
68197,864,36477,33465,31989,36424,32782,32784,30815,28682
68198,866,36482,33461,31959,36416,32782,32782,30814,28682
68199,870,36507,33484,32049,36477,32782,32782,30816,28685
68200,866,36467,33471,32040,36458,32782,32784,30816,28685
68201,866,36476,33436,32009,36485,32781,32780,30818,28685
68202,866,36497,33445,31971,36449,32781,32782,30817,28684
68203,874,36503,33471,32030,36464,32781,32783,30815,28683
68204,865,36521,33458,32039,36443,32782,32784,30814,28683
68205,869,36510,33487,32012,36472,32780,32783,30815,28683
68206,865,36496,33481,31976,36439,32782,32783,30817,28684
68207,866,36485,33432,32047,36494,32782,32781,30817,28685
68208,866,36495,33411,32046,36436,32781,32783,30817,28685
68209,864,36489,33448,31991,36481,32783,32782,30818,28681
68210,866,36502,33469,31968,36395,32782,32783,30815,28680
68211,870,36517,33485,32050,36499,32782,32781,30816,28684
68212,866,36530,33482,32049,36414,32781,32782,30817,28686
68213,866,36531,33437,32003,36482,32781,32783,30818,28684
68214,865,36498,33417,31979,36410,32782,32782,30817,28684
68215,869,36465,33418,32039,36468,32781,32782,30816,28683
68216,865,36476,33454,32040,36396,32783,32782,30816,28682
68217,869,36500,33470,31998,36481,32781,32782,30816,28684
68218,870,36518,33478,31973,36404,32781,32783,30817,28686
68219,865,36531,33471,32037,36480,32782,32782,30818,28685
68220,866,36522,33430,32040,36412,32781,32782,30818,28686
68221,864,36494,33401,31990,36469,32782,32781,30815,28683
68222,866,36472,33454,31951,36424,32783,32782,30816,28681
68223,865,36463,33481,32064,36452,32782,32783,30816,28683
68224,866,36486,33484,32039,36474,32781,32782,30817,28685
68225,866,36500,33478,31995,36457,32782,32782,30818,28685
68226,865,36499,33433,31996,36484,32781,32783,30818,28685
68227,864,36492,33415,32053,36406,32783,32782,30817,28683
68228,866,36497,33472,32026,36488,32782,32782,30815,28682
68229,868,36514,33479,31986,36430,32781,32781,30816,28683
68230,866,36495,33475,32000,36503,32782,32783,30817,28683
68231,866,36482,33457,32051,36425,32783,32782,30818,28685
68232,866,36486,33433,32037,36492,32783,32782,30818,28684
68233,870,36473,33426,31964,36403,32782,32781,30816,28683
68234,865,36495,33439,31983,36461,32781,32782,30816,28682
68235,865,36515,33469,32053,36397,32782,32782,30815,28683
68236,866,36527,33480,32037,36470,32781,32782,30816,28686
68237,866,36501,33468,31980,36388,32781,32782,30818,28685
68238,865,36474,33450,32004,36450,32781,32782,30818,28684
68239,869,36438,33408,32039,36388,32782,32783,30818,28685
68240,866,36456,33436,32008,36454,32781,32783,30814,28682
68241,941,36489,33475,31976,36424,32781,32782,30814,28682
68242,865,36490,33480,32058,36417,32781,32782,30816,28684
68243,866,36508,33459,32035,36493,32781,32782,30818,28684
68244,866,36516,33432,31991,36420,32782,32783,30816,28685
68245,864,36502,33443,31975,36473,32782,32782,30818,28683
68246,866,36497,33454,32034,36391,32783,32780,30816,28681
68247,866,36484,33495,32023,36484,32782,32782,30816,28683
68248,866,36460,33471,31977,36412,32782,32783,30817,28686
68249,865,36472,33455,32019,36495,32781,32781,30818,28684
68250,866,36486,33426,32059,36427,32781,32783,30817,28685
68251,869,36491,33434,32015,36454,32780,32782,30816,28683
68252,865,36495,33462,31959,36421,32782,32784,30814,28683
68253,869,36523,33480,32012,36476,32782,32781,30816,28684
68254,866,36516,33472,32062,36439,32781,32783,30816,28685
68255,866,36481,33452,32021,36457,32783,32783,30818,28685
68256,871,36469,33429,31975,36466,32782,32783,30817,28685
68257,864,36475,33403,32002,36443,32781,32783,30817,28682
68258,866,36510,33455,32036,36457,32782,32783,30814,28681
68259,870,36518,33466,32031,36456,32781,32782,30815,28684
68260,866,36535,33472,31987,36462,32782,32781,30818,28685
68261,866,36501,33459,32009,36434,32782,32783,30817,28684
68262,866,36493,33441,32055,36464,32782,32782,30818,28684
68263,868,36462,33395,32024,36411,32781,32783,30815,28683
68264,865,36466,33438,31965,36470,32782,32782,30815,28683
68265,869,36503,33472,32007,36426,32782,32781,30816,28685
68266,866,36514,33481,32064,36486,32781,32782,30818,28685
68267,865,36516,33464,32039,36404,32781,32783,30817,28685
68268,866,36509,33456,31979,36475,32781,32782,30817,28685
68269,864,36486,33398,32021,36372,32782,32783,30816,28682
68270,866,36456,33423,32052,36447,32781,32782,30813,28682
68271,877,36467,33467,32032,36393,32782,32781,30817,28682
68272,865,36476,33458,31991,36480,32781,32782,30818,28684
68273,866,36503,33479,32005,36390,32782,32783,30818,28684
68274,865,36506,33468,32064,36454,32782,32782,30819,28684
68275,869,36484,33434,32023,36368,32782,32781,30817,28682
68276,865,36483,33396,31970,36457,32781,32782,30816,28682
68277,871,36479,33435,31995,36395,32782,32782,30815,28682
68278,865,36476,33477,32067,36479,32781,32782,30817,28686
68279,866,36474,33472,32043,36408,32781,32783,30819,28685
68280,866,36490,33468,31987,36451,32782,32781,30818,28685
68281,864,36460,33413,31995,36379,32781,32784,30816,28681
68282,865,36488,33408,32049,36427,32782,32781,30815,28681
68283,866,36482,33445,32033,36425,32782,32781,30817,28684
68284,865,36500,33478,31984,36428,32782,32784,30818,28685
68285,866,36467,33492,32053,36445,32782,32781,30817,28684
68286,870,36435,33480,32057,36413,32781,32782,30817,28684
68287,868,36469,33448,32022,36433,32781,32782,30815,28681
68288,865,36463,33415,31953,36414,32782,32782,30815,28681
68289,868,36502,33412,32029,36462,32781,32782,30817,28683
68290,865,36499,33477,32055,36404,32783,32783,30818,28683
68291,866,36494,33482,32020,36448,32781,32782,30817,28685
68292,866,36476,33470,31971,36383,32782,32782,30817,28683
68293,864,36440,33446,32033,36442,32782,32783,30815,28683
68294,865,36432,33393,32037,36359,32781,32783,30815,28682
68295,865,36446,33424,32014,36458,32782,32781,30816,28683
68296,866,36469,33459,31981,36385,32783,32783,30818,28684
68297,866,36486,33476,32081,36459,32781,32781,30817,28684
68298,866,36492,33480,32046,36379,32781,32782,30819,28684
68299,868,36492,33440,31990,36430,32784,32783,30818,28681
68300,866,36458,33413,31968,36365,32782,32782,30817,28680
68301,872,36452,33437,32063,36441,32780,32782,30816,28682
68302,866,36445,33448,32064,36385,32781,32783,30817,28684
68303,866,36476,33469,32017,36433,32781,32782,30818,28683
68304,865,36460,33482,31980,36382,32782,32783,30818,28684
68305,865,36475,33443,32057,36408,32782,32782,30818,28682
68306,865,36465,33424,32037,36399,32784,32781,30816,28679
68307,867,36494,33411,32002,36415,32782,32780,30816,28682
68308,866,36471,33447,31992,36427,32781,32783,30817,28685
68309,865,36441,33468,32065,36409,32782,32782,30818,28683
68310,866,36441,33470,32045,36457,32780,32782,30817,28683
68311,868,36450,33453,31985,36386,32780,32783,30817,28682
68312,866,36451,33431,31970,36439,32781,32782,30815,28682
68313,868,36472,33411,32072,36396,32782,32781,30816,28681
68314,866,36495,33439,32041,36456,32782,32782,30816,28685
68315,866,36481,33464,31993,36372,32782,32781,30817,28683
68316,872,36468,33465,32008,36458,32781,32783,30818,28684
68317,863,36426,33458,32051,36367,32782,32781,30817,28682
68318,866,36438,33440,32029,36448,32783,32781,30815,28680
68319,905,36479,33469,32060,36440,32780,32782,30816,28682
68320,866,36474,33473,32027,36389,32782,32781,30818,28684
68321,865,36442,33446,31986,36434,32782,32782,30819,28683
68322,866,36423,33410,32036,36393,32781,32782,30818,28685
68323,868,36440,33418,32045,36412,32782,32783,30817,28684
68324,866,36452,33452,32019,36396,32782,32782,30817,28680
68325,936,36474,33481,31984,36417,32782,32783,30816,28681
68326,866,36486,33449,32060,36449,32782,32782,30818,28683
68327,866,36474,33417,32022,36369,32781,32782,30818,28684
68328,866,36489,33448,31968,36433,32782,32782,30817,28684
68329,864,36454,33455,32023,36342,32781,32783,30818,28681
68330,866,36429,33463,32042,36416,32783,32783,30815,28679
68331,870,36428,33474,32025,36374,32780,32782,30816,28682
68332,866,36445,33458,31976,36426,32783,32783,30818,28683
68333,865,36447,33412,32042,36384,32781,32782,30819,28684
68334,866,36460,33434,32054,36420,32781,32782,30819,28684
68335,868,36446,33451,32009,36370,32782,32782,30818,28681
68336,866,36456,33460,31965,36397,32783,32783,30816,28680
68337,869,36468,33466,32032,36408,32781,32782,30815,28682
68338,866,36428,33472,32053,36407,32782,32782,30818,28683
68339,865,36419,33426,32025,36427,32781,32782,30818,28684
68340,866,36440,33407,31972,36388,32782,32781,30819,28683
68341,865,36446,33441,32040,36438,32781,32783,30817,28681
68342,866,36452,33472,32035,36361,32782,32782,30816,28680
68343,870,36466,33472,32003,36442,32781,32781,30816,28681
68344,866,36453,33464,31969,36378,32781,32783,30819,28683
68345,866,36444,33437,32060,36430,32781,32782,30818,28685
68346,866,36409,33408,32059,36359,32782,32783,30818,28685
68347,868,36398,33412,32002,36420,32783,32783,30818,28681
68348,865,36417,33452,31962,36348,32782,32783,30817,28680
68349,869,36462,33473,32044,36421,32782,32783,30816,28682
68350,866,36464,33472,32053,36341,32780,32782,30818,28681
68351,866,36458,33442,32013,36423,32781,32782,30817,28684
68352,865,36449,33423,31968,36357,32781,32782,30818,28682
68353,865,36415,33423,32047,36409,32780,32783,30816,28681
68354,871,36394,33446,32035,36331,32782,32782,30816,28681
68355,870,36434,33493,32027,36405,32781,32782,30816,28682
68356,866,36471,33482,31981,36354,32781,32781,30817,28683
68357,866,36455,33478,32064,36422,32782,32782,30817,28682
68358,866,36456,33440,32064,36369,32781,32782,30816,28683
68359,868,36437,33403,32005,36398,32781,32783,30817,28680
68360,866,36408,33425,31965,36348,32781,32783,30815,28681
68361,868,36400,33475,32043,36399,32781,32782,30817,28681
68362,866,36417,33484,32054,36372,32781,32782,30819,28682
68363,865,36437,33472,32008,36394,32781,32782,30818,28683
68364,866,36442,33465,31967,36392,32781,32782,30818,28683
68365,864,36436,33401,32046,36359,32782,32782,30817,28680
68366,866,36439,33427,32034,36411,32782,32783,30816,28679
68367,865,36457,33474,32004,36359,32781,32782,30817,28681
68368,866,36421,33473,31981,36429,32782,32782,30819,28683
68369,872,36403,33469,32065,36362,32781,32783,30818,28682
68370,865,36407,33459,32049,36431,32782,32782,30818,28683
68371,869,36429,33410,32003,36345,32781,32783,30817,28681
68372,866,36429,33403,31956,36409,32782,32783,30815,28682
68373,869,36442,33457,32047,36360,32781,32782,30816,28681
68374,865,36451,33464,32047,36430,32782,32782,30819,28683
68375,866,36430,33468,32010,36342,32781,32783,30819,28683
68376,866,36403,33447,31967,36413,32781,32782,30817,28682
68377,864,36372,33408,32046,36328,32783,32783,30817,28680
68378,865,36401,33384,32034,36402,32781,32782,30816,28680
68379,865,36425,33462,32002,36350,32781,32782,30817,28681
68380,866,36456,33468,31987,36413,32781,32782,30819,28682
68381,866,36457,33468,32060,36359,32782,32782,30817,28682
68382,866,36447,33445,32043,36397,32781,32782,30817,28683
68383,868,36430,33413,31977,36367,32781,32783,30816,28682
68384,871,36393,33401,31973,36392,32783,32782,30816,28679
68385,869,36401,33421,32068,36358,32781,32782,30816,28681
68386,865,36426,33475,32055,36391,32782,32782,30818,28682
68387,866,36432,33476,32003,36378,32781,32783,30818,28682
68388,866,36459,33465,31994,36389,32781,32782,30818,28682
68389,864,36433,33447,32056,36405,32781,32782,30815,28682
68390,866,36427,33406,32033,36348,32782,32783,30815,28681
68391,865,36456,33446,31988,36435,32782,32782,30817,28681
68392,866,36398,33468,32007,36356,32782,32783,30818,28683
68393,865,36398,33489,32059,36414,32781,32783,30819,28684
68394,866,36413,33466,32039,36336,32782,32782,30819,28681
68395,868,36422,33425,31962,36408,32781,32781,30818,28681
68396,866,36422,33416,31997,36319,32782,32781,30815,28680
68397,869,36452,33427,32072,36426,32783,32782,30817,28681
68398,866,36447,33463,32038,36334,32781,32783,30819,28682
68399,871,36392,33455,32003,36408,32780,32783,30818,28681
68400,865,36389,33468,31994,36335,32782,32783,30819,28682
68401,866,36396,33439,32044,36399,32780,32783,30817,28681
68402,866,36414,33406,32022,36329,32781,32781,30817,28680
68403,870,36445,33400,31992,36406,32782,32782,30817,28681
68404,866,36429,33429,31993,36346,32781,32783,30818,28683
68405,866,36430,33480,32067,36391,32782,32782,30818,28682
68406,866,36427,33474,32042,36334,32782,32782,30818,28683
68407,868,36372,33443,31980,36386,32782,32784,30815,28680
68408,865,36373,33439,31977,36335,32782,32783,30816,28681
68409,867,36394,33389,32038,36380,32781,32784,30816,28682
68410,866,36403,33398,32014,36353,32782,32783,30816,28681
68411,862,36416,33453,31954,36366,32780,32783,30817,28682
68412,866,36415,33456,32007,36400,32782,32782,30815,28681
68413,865,36414,33446,32026,36345,32780,32778,30810,28674
68414,868,36422,33420,32007,36399,32782,32783,30817,28680
68415,867,36370,33415,31954,36340,32783,32782,30815,28681
68416,865,36383,33419,32010,36399,32782,32782,30818,28680
68417,866,36387,33444,32032,36300,32782,32783,30816,28679
68418,862,36422,33455,32003,36395,32782,32783,30815,28678
68419,867,36417,33439,31951,36320,32781,32782,30817,28679
68420,866,36406,33411,32037,36379,32781,32782,30817,28679
68421,863,36417,33382,32018,36307,32781,32783,30818,28681
68422,866,36412,33419,31979,36368,32781,32781,30817,28678
68423,865,36399,33453,31973,36325,32781,32783,30818,28680
68424,866,36366,33443,32042,36370,32782,32783,30815,28681
68425,897,36387,33461,32029,36335,32781,32782,30812,28675
68426,866,36393,33445,32034,36399,32782,32781,30817,28678
68427,865,36410,33441,31981,36330,32781,32784,30815,28680
68428,870,36395,33430,31962,36395,32783,32782,30818,28681
68429,866,36368,33403,32030,36316,32782,32782,30817,28679
68430,865,36390,33430,32052,36412,32781,32781,30813,28677
68431,864,36383,33457,31982,36306,32782,32781,30819,28680
68432,867,36391,33442,31963,36396,32782,32783,30816,28678
68433,867,36402,33437,32047,36324,32782,32782,30821,28684
68434,866,36420,33431,32030,36384,32782,32783,30816,28679
68435,866,36422,33379,31967,36329,32781,32783,30814,28679
68436,864,36416,33422,31979,36370,32782,32783,30817,28680
68437,867,36361,33452,32052,36340,32781,32781,30816,28678
68438,866,36383,33475,32033,36352,32782,32783,30815,28680
68439,866,36376,33460,31966,36355,32781,32782,30818,28680
68440,866,36403,33438,31977,36353,32782,32781,30816,28679
68441,868,36413,33406,32042,36353,32782,32783,30820,28681
68442,866,36402,33397,32015,36334,32782,32783,30817,28679
68443,868,36409,33464,31989,36400,32782,32780,30812,28676
68444,871,36372,33448,31973,36350,32781,32782,30817,28681
68445,865,36356,33439,32046,36383,32783,32783,30817,28679
68446,866,36397,33464,32047,36343,32782,32782,30817,28681
68447,866,36408,33434,31996,36400,32782,32783,30818,28682
68448,866,36417,33397,31996,36329,32781,32782,30819,28682
68449,867,36416,33412,32048,36398,32782,32783,30817,28680
68450,866,36406,33453,32018,36313,32782,32782,30817,28679
68451,869,36416,33464,31990,36405,32782,32783,30816,28680
68452,865,36389,33455,31983,36349,32782,32782,30818,28681
68453,866,36405,33436,32065,36406,32782,32782,30817,28683
68454,866,36396,33409,32037,36325,32783,32782,30819,28682
68455,864,36400,33396,31966,36369,32782,32783,30817,28680
68456,866,36400,33436,32008,36294,32782,32783,30817,28679
68457,865,36425,33456,32056,36378,32782,32782,30817,28681
68458,866,36414,33467,32017,36319,32781,32782,30819,28682
68459,872,36401,33454,31977,36376,32781,32782,30818,28683
68460,865,36372,33407,32007,36314,32781,32781,30818,28682
68461,869,36364,33390,32032,36369,32783,32782,30818,28678
68462,865,36378,33430,32004,36315,32782,32782,30816,28679
68463,869,36415,33456,31981,36366,32781,32781,30817,28682
68464,865,36419,33464,31999,36335,32781,32783,30819,28683
68465,866,36412,33453,32051,36362,32783,32782,30819,28681
68466,866,36425,33423,32029,36368,32781,32782,30818,28680
68467,864,36386,33392,31955,36341,32782,32783,30816,28681
68468,866,36343,33433,32023,36363,32782,32782,30816,28678
68469,870,36376,33460,32051,36334,32783,32783,30817,28680
68470,866,36416,33476,32015,36388,32782,32782,30817,28681
68471,866,36415,33461,31977,36327,32781,32781,30818,28682
68472,866,36427,33441,32037,36387,32781,32783,30818,28681
68473,867,36405,33392,32041,36330,32782,32783,30817,28681
68474,872,36399,33395,32018,36376,32782,32782,30818,28680
68475,868,36380,33451,31985,36325,32782,32782,30815,28682
68476,866,36395,33465,32014,36400,32782,32782,30818,28682
68477,865,36392,33474,32055,36314,32782,32783,30818,28683
68478,866,36410,33456,32034,36391,32782,32782,30819,28681
68479,865,36400,33403,31959,36317,32782,32784,30817,28680
68480,865,36401,33396,32005,36369,32781,32783,30816,28679
68481,870,36414,33450,32042,36293,32782,32782,30817,28680
68482,865,36404,33475,32017,36383,32781,32783,30819,28682
68483,866,36346,33461,31975,36316,32782,32782,30818,28681
68484,866,36382,33441,32047,36383,32781,32782,30818,28681
68485,867,36384,33421,32038,36306,32782,32783,30817,28680
68486,866,36393,33377,32004,36364,32781,32783,30816,28679
68487,868,36406,33434,31972,36314,32780,32783,30817,28680
68488,866,36426,33462,32030,36370,32782,32783,30819,28681
68489,872,36396,33464,32058,36317,32781,32781,30820,28681
68490,865,36392,33458,32014,36361,32780,32783,30818,28683
68491,866,36349,33417,31962,36326,32782,32783,30818,28679
68492,865,36383,33399,32012,36353,32783,32782,30817,28678
68493,866,36406,33413,32050,36357,32782,32783,30817,28681
68494,865,36421,33456,32026,36353,32781,32783,30819,28682
68495,866,36415,33476,31977,36391,32781,32783,30819,28682
68496,866,36411,33480,32048,36334,32781,32783,30819,28682
68497,867,36396,33435,32035,36378,32781,32782,30817,28681
68498,866,36369,33409,31996,36313,32781,32782,30816,28679
68499,868,36360,33408,31957,36402,32781,32782,30817,28681
68500,866,36385,33458,32051,36332,32781,32782,30818,28681
68501,866,36407,33481,32053,36402,32781,32782,30818,28681
68502,866,36424,33465,32013,36311,32781,32783,30818,28681
68503,864,36397,33433,31954,36366,32782,32783,30817,28679
68504,870,36395,33417,32040,36295,32781,32783,30816,28680
68505,870,36395,33409,32054,36375,32782,32781,30818,28680
68506,866,36357,33434,32023,36312,32781,32783,30818,28683
68507,866,36377,33464,31972,36374,32781,32782,30818,28682
68508,866,36375,33471,32043,36288,32781,32782,30819,28682
68509,867,36394,33454,32040,36362,32782,32783,30816,28679
68510,866,36413,33427,31996,36287,32782,32783,30815,28679
68511,868,36409,33420,31969,36368,32780,32783,30816,28681
68512,865,36393,33418,32045,36328,32781,32783,30818,28682
68513,866,36359,33461,32051,36377,32782,32781,30819,28681
68514,866,36364,33471,32006,36333,32781,32783,30819,28682
68515,865,36359,33458,31957,36351,32783,32782,30818,28678
68516,865,36380,33429,32046,36353,32783,32782,30817,28679
68517,865,36395,33411,32026,36334,32782,32782,30818,28680
68518,866,36418,33435,31984,36390,32781,32782,30818,28682
68519,872,36414,33456,31976,36366,32781,32782,30818,28681
68520,865,36406,33478,32066,36390,32781,32780,30818,28680
68521,869,36353,33455,32036,36345,32782,32782,30818,28681
68522,866,36358,33438,31988,36395,32782,32784,30817,28679
68523,868,36385,33442,31971,36336,32781,32783,30816,28681
68524,866,36402,33406,32063,36416,32781,32782,30819,28683
68525,866,36415,33429,32051,36317,32782,32781,30818,28682
68526,866,36409,33453,32003,36383,32782,32783,30819,28681
68527,869,36385,33449,31949,36319,32780,32783,30816,28680
68528,866,36379,33448,32043,36378,32781,32783,30816,28679
68529,865,36360,33446,32032,36302,32782,32782,30818,28680
68530,866,36381,33408,31980,36378,32782,32782,30819,28682
68531,866,36391,33427,31972,36318,32781,32783,30818,28682
68532,865,36410,33470,32052,36375,32782,32782,30819,28682
68533,868,36400,33444,32031,36297,32782,32782,30818,28679
68534,870,36407,33441,31975,36358,32781,32784,30815,28680
68535,868,36402,33447,31975,36309,32782,32783,30818,28680
68536,866,36392,33426,32068,36384,32783,32782,30818,28681
68537,865,36382,33400,32038,36322,32782,32781,30820,28682
68538,866,36384,33453,31989,36369,32781,32782,30818,28682
68539,865,36382,33449,31969,36323,32782,32782,30818,28678
68540,865,36394,33455,32055,36322,32783,32781,30816,28677
68541,865,36414,33471,32033,36345,32781,32783,30816,28678
68542,866,36413,33428,31972,36318,32781,32783,30819,28681
68543,866,36403,33413,32008,36376,32782,32782,30819,28682
68544,865,36379,33446,32073,36324,32782,32782,30818,28682
68545,868,36344,33450,32003,36354,32782,32782,30816,28680
68546,866,36381,33447,31961,36322,32783,32783,30817,28679
68547,868,36403,33455,32005,36380,32782,32782,30817,28680
68548,866,36409,33444,32053,36319,32782,32782,30819,28683
68549,871,36421,33396,32035,36394,32781,32783,30818,28682
68550,866,36418,33429,31985,36305,32781,32782,30818,28681
68551,866,36396,33456,31988,36376,32781,32782,30817,28681
68552,865,36366,33443,32032,36291,32782,32784,30816,28678
68553,865,36357,33464,32034,36384,32782,32783,30816,28681
68554,866,36392,33452,31976,36317,32782,32781,30819,28681
68555,866,36412,33409,32016,36380,32781,32782,30819,28682
68556,866,36401,33424,32060,36314,32782,32782,30819,28681
68557,867,36408,33440,31999,36370,32782,32782,30818,28680
68558,866,36389,33459,31948,36317,32782,32781,30817,28678
68559,868,36399,33465,32012,36379,32781,32782,30817,28681
68560,866,36352,33439,32037,36321,32782,32782,30818,28681
68561,866,36378,33416,32002,36378,32781,32784,30818,28682
68562,866,36375,33416,31972,36340,32782,32781,30819,28682
68563,864,36385,33449,32021,36321,32781,32784,30816,28680
68564,870,36392,33460,32026,36352,32782,32783,30815,28678
68565,869,36428,33494,32032,36349,32781,32782,30817,28681
68566,866,36414,33465,31975,36376,32781,32782,30819,28681
68567,866,36393,33446,32026,36355,32781,32782,30818,28682
68568,866,36374,33429,32063,36396,32782,32781,30819,28682
68569,867,36380,33425,32022,36327,32781,32783,30818,28680
68570,866,36393,33450,31964,36367,32783,32782,30817,28678
68571,868,36394,33473,32028,36321,32781,32783,30817,28680
68572,866,36426,33482,32060,36394,32780,32782,30818,28683
68573,865,36417,33454,32003,36318,32781,32783,30818,28682
68574,866,36408,33408,31965,36391,32781,32780,30819,28681
68575,865,36378,33424,32033,36309,32780,32783,30816,28679
68576,865,36359,33458,32043,36369,32781,32783,30815,28680
68577,866,36386,33488,32003,36315,32782,32782,30818,28680
68578,865,36391,33495,31960,36374,32782,32783,30819,28681
68579,871,36421,33452,32055,36325,32781,32782,30819,28682
68580,865,36428,33421,32045,36380,32782,32783,30817,28682
68581,869,36403,33396,31990,36290,32783,32783,30817,28678
68582,866,36388,33455,31952,36359,32782,32782,30817,28679
68583,868,36401,33480,32048,36326,32781,32783,30818,28681
68584,866,36388,33461,32045,36380,32781,32782,30817,28681
68585,866,36403,33465,32003,36341,32782,32782,30818,28683
68586,866,36407,33439,31966,36359,32781,32782,30818,28681
68587,864,36405,33404,32047,36343,32781,32784,30819,28680
68588,865,36401,33440,32012,36364,32781,32781,30817,28678
68589,865,36436,33455,31990,36386,32782,32781,30817,28681
68590,866,36404,33466,31972,36316,32781,32781,30818,28682
68591,866,36389,33464,32065,36392,32782,32782,30819,28681
68592,866,36379,33427,32046,36317,32781,32784,30818,28681
68593,867,36358,33388,31983,36384,32782,32783,30816,28680
68594,871,36391,33444,31979,36319,32782,32784,30815,28678
68595,868,36419,33473,32063,36403,32782,32782,30817,28681
68596,866,36424,33471,32041,36329,32781,32781,30819,28682
68597,866,36435,33467,31993,36411,32781,32784,30817,28682
68598,866,36401,33446,31984,36328,32781,32782,30819,28681
68599,864,36366,33393,32042,36369,32782,32782,30816,28680
68600,866,36374,33437,32018,36304,32781,32782,30816,28679
68601,871,36400,33482,31995,36386,32782,32782,30817,28681
68602,865,36415,33481,31976,36306,32782,32782,30818,28682
68603,866,36417,33458,32044,36388,32781,32782,30819,28682
68604,865,36419,33452,32036,36327,32781,32782,30819,28682
68605,868,36406,33403,31969,36367,32782,32781,30817,28680
68606,866,36373,33404,31972,36311,32782,32783,30817,28679
68607,868,36374,33449,32071,36377,32782,32782,30818,28681
68608,866,36398,33467,32040,36333,32781,32783,30817,28683
68609,871,36419,33468,31979,36377,32782,32782,30819,28681
68610,866,36438,33464,31982,36346,32781,32782,30818,28683
68611,864,36418,33433,32041,36361,32783,32782,30817,28679
68612,866,36400,33391,32022,36358,32781,32782,30817,28679
68613,865,36424,33461,31981,36343,32782,32782,30817,28681
68614,866,36376,33466,31994,36386,32782,32782,30818,28682
68615,866,36394,33475,32060,36340,32782,32783,30819,28682
68616,865,36399,33467,32030,36405,32781,32783,30819,28682
68617,868,36407,33439,31970,36326,32781,32783,30817,28680
68618,865,36404,33416,31998,36384,32782,32782,30817,28678
68619,867,36425,33437,32053,36327,32782,32782,30817,28681
68620,866,36435,33476,32037,36394,32781,32780,30818,28681
68621,866,36409,33485,31983,36308,32781,32783,30820,28683
68622,866,36390,33479,32027,36395,32781,32782,30818,28682
68623,864,36376,33418,32040,36297,32781,32783,30816,28680
68624,871,36382,33380,32009,36376,32781,32781,30815,28680
68625,871,36432,33416,31976,36321,32782,32782,30816,28680
68626,865,36429,33456,31997,36396,32782,32781,30818,28684
68627,866,36422,33484,32067,36308,32782,32783,30818,28682
68628,866,36431,33463,32039,36398,32782,32784,30818,28684
68629,868,36381,33464,31960,36321,32781,32783,30817,28681
68630,866,36360,33433,31995,36375,32782,32783,30815,28679
68631,868,36402,33426,32061,36329,32781,32783,30816,28681
68632,865,36419,33460,32027,36408,32782,32781,30818,28682
68633,866,36418,33470,31974,36361,32782,32782,30818,28683
68634,866,36438,33463,32018,36377,32782,32784,30818,28683
68635,864,36422,33451,32032,36377,32782,32783,30817,28680
68636,866,36412,33423,32001,36367,32781,32782,30816,28680
68637,865,36401,33422,31968,36419,32782,32782,30816,28682
68638,866,36390,33462,32047,36355,32781,32781,30820,28682
68639,865,36394,33474,32043,36402,32781,32783,30817,28683
68640,866,36409,33475,32000,36331,32783,32782,30819,28682
68641,868,36403,33454,31959,36404,32782,32782,30818,28680
68642,865,36403,33430,32040,36302,32782,32782,30817,28679
68643,869,36436,33420,32038,36402,32782,32782,30816,28680
68644,866,36417,33439,32003,36330,32782,32781,30819,28683
68645,865,36388,33477,31976,36413,32782,32781,30818,28682
68646,866,36387,33477,32056,36331,32781,32782,30820,28682
68647,864,36381,33456,32024,36387,32782,32783,30817,28681
68648,866,36395,33442,31978,36308,32781,32783,30815,28681
68649,871,36414,33428,31976,36399,32782,32782,30816,28681
68650,865,36428,33429,32064,36329,32781,32783,30817,28682
68651,866,36427,33471,32047,36400,32782,32782,30817,28684
68652,866,36405,33484,31998,36349,32782,32782,30818,28683
68653,868,36387,33452,31956,36370,32783,32781,30818,28680
68654,865,36358,33461,32061,36355,32781,32783,30816,28680
68655,868,36395,33432,32042,36380,32782,32783,30817,28681
68656,866,36423,33440,31998,36376,32782,32783,30818,28683
68657,866,36411,33465,31975,36377,32782,32782,30819,28681
68658,866,36432,33478,32060,36406,32781,32782,30818,28683
68659,864,36413,33463,32020,36344,32782,32781,30818,28681
68660,866,36418,33452,31973,36399,32782,32782,30818,28679
68661,865,36407,33430,32000,36331,32781,32782,30817,28681
68662,865,36378,33428,32051,36411,32782,32783,30819,28681
68663,866,36390,33480,32027,36334,32783,32781,30819,28681
68664,866,36415,33486,31970,36405,32781,32782,30818,28683
68665,868,36400,33475,31985,36325,32781,32783,30817,28681
68666,865,36403,33468,32039,36383,32782,32781,30817,28680
68667,869,36418,33448,32024,36315,32781,32784,30816,28680
68668,865,36414,33443,31978,36395,32782,32782,30818,28681
68669,866,36374,33465,32005,36318,32782,32783,30818,28682
68670,866,36383,33478,32048,36381,32782,32782,30819,28682
68671,864,36370,33457,31995,36336,32781,32783,30818,28679
68672,866,36396,33458,31952,36351,32783,32783,30816,28679
68673,871,36412,33455,32020,36341,32783,32781,30816,28681
68674,865,36422,33415,32039,36375,32781,32783,30818,28682
68675,866,36414,33449,32010,36356,32782,32783,30818,28683
68676,866,36410,33477,31968,36368,32782,32782,30819,28682
68677,867,36368,33476,32016,36390,32782,32782,30819,28679
68678,866,36363,33444,32032,36351,32781,32783,30816,28679
68679,866,36381,33442,32012,36405,32781,32781,30818,28681
68680,866,36412,33420,31958,36351,32781,32783,30818,28682
68681,866,36414,33452,32042,36398,32782,32782,30819,28681
68682,866,36414,33476,32052,36324,32781,32784,30819,28682
68683,864,36411,33453,31983,36384,32782,32783,30817,28680
68684,866,36389,33459,31956,36305,32783,32783,30817,28678
68685,870,36367,33456,32052,36388,32781,32783,30817,28681
68686,866,36372,33415,32045,36315,32782,32783,30819,28681
68687,866,36388,33444,31995,36389,32783,32782,30817,28681
68688,866,36396,33472,31957,36299,32781,32781,30819,28681
68689,867,36397,33460,32037,36365,32782,32783,30817,28680
68690,866,36388,33452,32019,36299,32782,32783,30817,28679
68691,869,36401,33478,31991,36368,32782,32782,30816,28681
68692,865,36376,33447,31970,36305,32782,32782,30819,28681
68693,866,36354,33428,32050,36387,32782,32783,30818,28680
68694,865,36341,33452,32040,36326,32782,32782,30818,28682
68695,865,36347,33467,31968,36325,32783,32782,30817,28678
68696,866,36382,33463,31963,36336,32781,32783,30816,28679
68697,866,36404,33468,32056,36344,32781,32783,30817,28681
68698,866,36401,33435,32037,36356,32782,32781,30819,28681
68699,865,36413,33424,31984,36333,32781,32783,30819,28681
68700,866,36399,33464,31992,36385,32780,32782,30818,28683
68701,868,36338,33458,32035,36308,32781,32783,30817,28680
68702,866,36351,33462,32019,36371,32782,32783,30816,28679
68703,868,36374,33486,31988,36323,32781,32782,30817,28680
68704,866,36391,33448,31995,36387,32782,32782,30819,28681
68705,866,36391,33421,32048,36312,32781,32781,30819,28681
68706,865,36405,33466,32034,36381,32781,32782,30819,28681
68707,864,36394,33464,31947,36287,32781,32782,30818,28678
68708,866,36378,33474,32017,36360,32782,32783,30815,28678
68709,865,36364,33466,32051,36297,32781,32782,30817,28679
68710,866,36357,33451,32014,36350,32782,32782,30819,28681
68711,866,36352,33418,31972,36308,32781,32782,30817,28681
68712,866,36371,33462,32064,36354,32782,32782,30819,28681
68713,867,36364,33466,32051,36313,32781,32784,30817,28680
68714,865,36374,33469,32000,36330,32783,32782,30819,28679
68715,869,36392,33474,31969,36335,32782,32782,30816,28679
68716,866,36392,33459,32043,36347,32782,32782,30818,28681
68717,865,36345,33413,32048,36343,32781,32782,30818,28681
68718,866,36354,33437,32004,36330,32782,32782,30820,28681
68719,865,36336,33453,31961,36366,32781,32784,30816,28680
68720,865,36372,33460,32048,36311,32781,32784,30815,28680
68721,870,36391,33478,32067,36364,32782,32782,30819,28680
68722,866,36388,33467,32006,36300,32781,32783,30818,28682
68723,866,36396,33416,31979,36363,32782,32782,30819,28680
68724,865,36370,33453,32075,36286,32782,32783,30819,28681
68725,868,36326,33471,32030,36346,32781,32783,30818,28679
68726,866,36325,33452,31974,36276,32781,32784,30816,28680
68727,869,36351,33470,31963,36350,32781,32782,30817,28679
68728,866,36374,33463,32069,36275,32782,32783,30819,28682
68729,866,36381,33432,32041,36346,32782,32782,30819,28682
68730,865,36391,33414,31989,36272,32781,32782,30819,28681
68731,865,36362,33470,31959,36333,32781,32783,30816,28678
68732,866,36333,33475,32039,36264,32782,32782,30819,28677
68733,870,36343,33486,32045,36343,32781,32782,30818,28680
68734,866,36336,33469,31995,36288,32781,32782,30819,28680
68735,866,36352,33433,31984,36333,32781,32782,30819,28681
68736,870,36343,33417,32061,36270,32782,32782,30819,28680
68737,867,36347,33422,32024,36308,32783,32782,30817,28678
68738,866,36372,33454,31985,36295,32783,32782,30818,28677
68739,869,36361,33477,31961,36322,32783,32782,30816,28678
68740,865,36343,33482,32058,36316,32781,32782,30818,28681
68741,866,36328,33458,32034,36314,32782,32782,30819,28680
68742,866,36360,33414,31996,36323,32782,32781,30820,28679
68743,864,36346,33423,31965,36293,32782,32784,30817,28678
68744,866,36359,33446,32041,36341,32781,32782,30817,28677
68745,870,36365,33464,32043,36292,32782,32782,30818,28679
68746,866,36366,33476,32002,36349,32781,32782,30818,28681
68747,866,36345,33458,31975,36288,32782,32781,30819,28680
68748,866,36323,33438,32056,36352,32781,32782,30820,28681
68749,868,36315,33388,32019,36256,32781,32783,30817,28678
68750,865,36326,33453,31973,36334,32782,32783,30815,28678
68751,874,36349,33480,31973,36273,32781,32783,30817,28679
68752,865,36363,33479,32051,36337,32781,32781,30819,28679
68753,866,36361,33472,32044,36256,32782,32782,30819,28680
68754,866,36351,33459,32010,36336,32782,32780,30819,28680
68755,864,36316,33407,31974,36248,32782,32781,30817,28677
68756,866,36291,33434,32050,36314,32782,32782,30817,28677
68757,867,36314,33476,32037,36250,32782,32782,30816,28679
68758,866,36336,33488,31995,36328,32782,32781,30819,28681
68759,865,36349,33477,31997,36262,32781,32782,30819,28680
68760,866,36363,33450,32058,36304,32783,32783,30818,28680
68761,867,36343,33409,32021,36266,32781,32783,30818,28678
68762,866,36315,33425,31972,36293,32781,32783,30817,28677
68763,867,36324,33477,31994,36298,32782,32782,30817,28678
68764,866,36305,33477,32058,36284,32782,32782,30818,28679
68765,865,36332,33479,32023,36306,32781,32782,30819,28680
68766,871,36335,33457,31962,36290,32782,32782,30819,28679
68767,864,36328,33420,31978,36308,32782,32783,30816,28677
68768,866,36343,33414,32029,36259,32783,32782,30817,28676
68769,870,36349,33463,32027,36311,32782,32782,30817,28678
68770,866,36323,33485,31975,36257,32781,32782,30819,28680
68771,866,36302,33485,31988,36304,32782,32781,30819,28681
68772,866,36297,33486,32047,36251,32782,32782,30820,28680
68773,867,36299,33438,32010,36303,32782,32782,30817,28677
68774,866,36312,33403,31970,36215,32782,32784,30817,28676
68775,868,36335,33439,31996,36318,32781,32782,30817,28677
68776,866,36334,33473,32053,36242,32782,32782,30818,28679
68777,866,36345,33479,32025,36304,32782,32781,30818,28678
68778,865,36326,33465,31986,36218,32782,32783,30819,28678
68779,865,36272,33442,32008,36277,32782,32782,30818,28677
68780,866,36269,33392,32041,36218,32782,32783,30817,28676
68781,873,36296,33452,32027,36299,32781,32782,30818,28677
68782,865,36326,33477,31989,36227,32781,32782,30820,28678
68783,866,36304,33469,31998,36287,32783,32782,30818,28679
68784,866,36322,33468,32059,36235,32781,32782,30818,28679
68785,867,36311,33453,32019,36281,32780,32783,30817,28679
68786,866,36275,33411,31965,36235,32782,32783,30816,28676
68787,870,36267,33416,31994,36280,32782,32782,30817,28677
68788,866,36305,33456,32052,36252,32781,32783,30818,28678
68789,865,36322,33485,32028,36276,32782,32782,30818,28678
68790,866,36333,33485,31952,36268,32782,32782,30819,28678
68791,864,36296,33452,31997,36232,32784,32783,30818,28675
68792,866,36314,33413,32027,36272,32782,32782,30817,28674
68793,865,36307,33421,32014,36227,32781,32783,30818,28677
68794,866,36281,33458,31963,36298,32782,32783,30820,28678
68795,866,36263,33465,32041,36217,32781,32782,30819,28678
68796,871,36295,33480,32036,36303,32781,32783,30819,28678
68797,867,36298,33459,31996,36230,32783,32783,30817,28677
68798,866,36307,33432,31953,36285,32783,32783,30818,28676
68799,867,36303,33422,32029,36217,32781,32782,30819,28676
68800,866,36297,33438,32046,36292,32783,32781,30819,28678
68801,866,36284,33466,32012,36196,32781,32782,30819,28679
68802,866,36254,33481,31964,36279,32782,32781,30820,28678
68803,864,36250,33456,32032,36190,32781,32783,30818,28677
68804,865,36268,33427,32051,36249,32782,32782,30818,28675
68805,869,36290,33412,32010,36203,32781,32782,30819,28677
68806,866,36307,33410,31984,36259,32782,32782,30820,28678
68807,866,36306,33467,32058,36219,32782,32781,30821,28679
68808,866,36294,33489,32042,36248,32781,32783,30820,28677
68809,867,36274,33457,31981,36204,32782,32783,30820,28676
68810,866,36238,33432,31950,36226,32783,32782,30818,28674
68811,874,36246,33425,32049,36230,32782,32783,30820,28678
68812,866,36293,33422,32049,36231,32781,32782,30819,28678
68813,865,36295,33458,32016,36222,32781,32782,30820,28678
68814,866,36288,33462,31984,36225,32782,32782,30820,28678
68815,865,36271,33445,32047,36247,32782,32783,30817,28677
68816,865,36273,33455,32031,36194,32781,32783,30817,28676
68817,867,36280,33425,32010,36249,32781,32782,30818,28676
68818,866,36242,33404,31974,36199,32782,32782,30819,28677
68819,865,36252,33460,32056,36268,32781,32782,30820,28677
68820,866,36259,33468,32050,36197,32781,32783,30820,28679
68821,867,36263,33457,31986,36246,32784,32783,30820,28674
68822,866,36260,33447,31962,36163,32783,32782,30820,28673
68823,869,36290,33432,32058,36246,32782,32783,30819,28677
68824,865,36266,33402,32042,36185,32782,32783,30820,28676
68825,866,36247,33430,31985,36259,32782,32782,30821,28677
68826,872,36231,33471,31975,36179,32781,32783,30820,28677
68827,864,36257,33441,32034,36238,32781,32783,30818,28675
68828,865,36265,33432,32039,36162,32783,32781,30817,28674
68829,865,36286,33437,31994,36240,32781,32781,30819,28677
68830,866,36288,33420,31990,36173,32781,32783,30819,28679
68831,866,36283,33422,32059,36221,32782,32782,30820,28675
68832,866,36274,33452,32038,36188,32781,32782,30819,28676
68833,868,36233,33442,31983,36207,32781,32781,30819,28676
68834,865,36221,33458,31979,36217,32781,32784,30817,28674
68835,868,36263,33455,32053,36220,32783,32782,30818,28675
68836,866,36267,33425,32037,36229,32782,32782,30821,28677
68837,866,36290,33410,31982,36205,32782,32781,30821,28676
68838,866,36300,33460,32004,36248,32783,32783,30820,28677
68839,864,36266,33446,32044,36174,32782,32782,30819,28674
68840,866,36251,33446,32010,36246,32782,32783,30818,28674
68841,876,36246,33455,31984,36180,32781,32783,30818,28675
68842,865,36247,33433,31985,36258,32781,32781,30820,28676
68843,866,36257,33416,32061,36183,32781,32783,30820,28677
68844,866,36279,33431,32046,36250,32782,32783,30821,28676
68845,868,36256,33450,31983,36157,32783,32782,30819,28674
68846,865,36268,33441,31975,36225,32782,32782,30819,28673
68847,870,36279,33455,32061,36169,32781,32783,30818,28676
68848,866,36248,33444,32044,36253,32782,32783,30819,28675
68849,865,36239,33410,31980,36149,32780,32782,30821,28677
68850,866,36257,33394,31981,36225,32781,32783,30821,28677
68851,865,36237,33429,32036,36129,32782,32783,30819,28674
68852,865,36249,33440,31997,36198,32783,32783,30816,28675
68853,865,36267,33443,31968,36156,32782,32781,30819,28674
68854,866,36270,33440,32009,36208,32782,32782,30820,28675
68855,866,36251,33418,32057,36183,32781,32783,30819,28676
68856,872,36230,33413,32010,36203,32783,32781,30821,28674
68857,867,36194,33424,31963,36149,32782,32783,30820,28674
68858,865,36225,33445,31981,36182,32781,32782,30819,28673
68859,869,36245,33465,32056,36180,32781,32781,30819,28675
68860,866,36257,33458,32021,36201,32781,32783,30820,28677
68861,865,36258,33425,31977,36199,32782,32783,30820,28676
68862,866,36263,33405,31996,36187,32782,32782,30820,28676
68863,865,36212,33436,32045,36209,32782,32783,30819,28673
68864,865,36202,33451,32007,36144,32782,32782,30819,28671
68865,865,36217,33464,31962,36217,32782,32783,30819,28674
68866,866,36234,33457,32027,36144,32781,32783,30819,28676
68867,866,36241,33445,32068,36230,32783,32782,30821,28676
68868,865,36260,33408,32007,36149,32782,32782,30819,28677
68869,868,36238,33414,31966,36206,32781,32783,30818,28673
68870,866,36224,33466,32030,36130,32781,32782,30818,28672
68871,873,36226,33465,32054,36213,32781,32782,30819,28675
68872,866,36197,33455,32019,36123,32783,32783,30821,28673
68873,865,36208,33460,31976,36195,32782,32782,30820,28676
68874,866,36250,33419,32023,36129,32781,32783,30820,28676
68875,865,36216,33396,32041,36180,32781,32783,30818,28673
68876,866,36222,33440,31994,36125,32781,32783,30816,28673
68877,870,36234,33467,31969,36189,32782,32782,30819,28674
68878,866,36228,33465,32015,36130,32782,32782,30820,28674
68879,865,36205,33459,32034,36176,32781,32783,30820,28676
68880,866,36186,33435,32008,36148,32782,32780,30820,28676
68881,868,36200,33398,31949,36166,32782,32782,30820,28672
68882,866,36210,33446,32031,36151,32782,32781,30819,28672
68883,868,36243,33472,32058,36183,32782,32781,30820,28674
68884,866,36242,33478,32014,36185,32781,32782,30820,28676
68885,866,36234,33451,31963,36151,32783,32783,30821,28675
68886,871,36227,33445,32053,36207,32781,32782,30821,28676
68887,864,36176,33398,32043,36155,32781,32782,30820,28674
68888,866,36203,33413,32011,36204,32782,32781,30819,28672
68889,863,36198,33450,31968,36128,32782,32783,30821,28676
68890,866,36223,33444,32044,36201,32781,32783,30819,28672
68891,865,36217,33446,32035,36097,32780,32781,30813,28667
68892,867,36216,33428,31987,36172,32782,32782,30820,28673
68893,865,36209,33409,31961,36104,32782,32783,30817,28673
68894,865,36213,33446,32065,36192,32781,32783,30817,28672
68895,866,36175,33458,32022,36115,32783,32781,30821,28672
68896,866,36178,33461,31971,36183,32780,32781,30818,28672
68897,865,36184,33472,31988,36129,32782,32783,30818,28672
68898,866,36197,33426,32036,36161,32782,32783,30818,28672
68899,863,36205,33401,32007,36131,32783,32782,30817,28673
68900,863,36205,33448,31959,36144,32783,32782,30821,28673
68901,865,36199,33460,32029,36169,32782,32783,30819,28671
68902,866,36207,33483,32068,36126,32782,32782,30816,28669
68903,865,36178,33447,31998,36177,32783,32784,30817,28674
68904,866,36166,33402,31959,36107,32782,32781,30817,28672
68905,864,36163,33409,32055,36177,32781,32783,30818,28672
68906,866,36170,33461,32035,36103,32781,32783,30818,28673
68907,867,36202,33461,32001,36192,32782,32783,30817,28672
68908,866,36193,33453,31967,36100,32781,32782,30819,28673
68909,865,36209,33435,32043,36158,32783,32782,30819,28672
68910,862,36197,33392,32011,36082,32782,32782,30822,28675
68911,864,36192,33426,31961,36135,32781,32782,30820,28671
68912,902,36214,33418,32002,36119,32782,32782,30814,28668
68913,866,36195,33396,31951,36162,32782,32782,30819,28672
68914,866,36195,33447,32039,36110,32781,32783,30817,28672
68915,868,36200,33428,32017,36163,32781,32784,30823,28676
68916,872,36194,33434,31991,36117,32781,32782,30818,28671
68917,866,36159,33449,31957,36182,32781,32783,30818,28670
68918,867,36156,33422,32023,36109,32783,32783,30819,28672
68919,867,36168,33391,32035,36190,32782,32783,30820,28672
68920,911,36196,33413,32045,36185,32781,32782,30818,28670
68921,867,36149,33430,32037,36085,32781,32781,30821,28672
68922,866,36163,33383,31992,36163,32782,32783,30817,28671
68923,869,36170,33384,31949,36087,32781,32783,30822,28672
68924,866,36192,33444,32011,36160,32779,32782,30819,28671
68925,866,36217,33461,32056,36100,32783,32782,30813,28667
68926,866,36190,33431,32005,36135,32781,32782,30819,28674
68927,867,36159,33429,31955,36066,32781,32782,30818,28672
68928,864,36166,33409,32056,36147,32779,32781,30825,28676
68929,866,36143,33377,32046,36089,32782,32783,30819,28672
68930,866,36139,33429,31994,36130,32781,32783,30818,28671
68931,867,36176,33441,31958,36081,32781,32783,30820,28674
68932,866,36178,33452,32053,36125,32782,32782,30819,28671
68933,865,36191,33451,32060,36123,32783,32781,30818,28670
68934,865,36183,33414,31992,36105,32781,32784,30819,28672
68935,862,36159,33397,31988,36133,32783,32783,30818,28671
68936,869,36151,33421,32050,36090,32782,32783,30824,28674
68937,865,36115,33445,32016,36142,32782,32783,30819,28671
68938,866,36140,33446,31967,36095,32777,32780,30814,28666
68939,867,36144,33458,31987,36158,32781,32783,30821,28673
68940,866,36169,33428,32058,36086,32781,32782,30822,28673
68941,866,36164,33390,32018,36142,32782,32782,30819,28671
68942,866,36160,33434,31960,36060,32781,32782,30818,28670
68943,867,36169,33464,31997,36147,32781,32782,30820,28672
68944,866,36151,33457,32059,36078,32781,32783,30821,28673
68945,866,36139,33452,32027,36149,32782,32782,30822,28673
68946,871,36158,33442,31993,36069,32781,32783,30822,28673
68947,863,36153,33386,32000,36132,32781,32782,30820,28671
68948,866,36158,33425,32031,36069,32781,32784,30818,28670
68949,872,36171,33468,32027,36139,32780,32782,30819,28671
68950,866,36165,33462,31982,36074,32782,32781,30822,28673
68951,865,36161,33451,31997,36133,32782,32782,30821,28672
68952,866,36122,33453,32058,36065,32781,32782,30821,28673
68953,866,36116,33408,32012,36098,32782,32782,30822,28670
68954,866,36147,33411,31975,36085,32782,32783,30819,28670
68955,869,36164,33455,32002,36109,32782,32782,30819,28672
68956,866,36170,33469,32052,36112,32781,32782,30822,28673
68957,866,36167,33463,32036,36090,32781,32783,30822,28674
68958,866,36160,33459,31971,36119,32783,32782,30822,28672
68959,863,36126,33406,32017,36073,32781,32783,30819,28671
68960,866,36102,33399,32035,36129,32782,32782,30819,28670
68961,877,36122,33427,32055,36095,32782,32782,30819,28670
68962,866,36150,33456,31999,36124,32782,32782,30821,28674
68963,866,36160,33463,31992,36072,32782,32782,30823,28671
68964,865,36170,33452,32053,36128,32781,32782,30822,28673
68965,867,36151,33423,32016,36027,32782,32783,30819,28672
68966,865,36139,33394,31968,36100,32781,32782,30820,28670
68967,871,36111,33415,31980,36086,32781,32782,30820,28671
68968,866,36124,33460,32052,36135,32782,32783,30822,28673
68969,865,36131,33470,32026,36041,32783,32782,30821,28672
68970,866,36140,33463,31978,36117,32781,32783,30822,28673
68971,864,36125,33422,31996,36021,32783,32782,30821,28669
68972,866,36142,33407,32038,36094,32781,32782,30819,28668
68973,871,36130,33414,32041,36020,32782,32783,30819,28670
68974,866,36118,33443,31985,36088,32782,32783,30821,28671
68975,866,36109,33473,32008,36029,32782,32781,30822,28673
68976,866,36113,33460,32049,36101,32782,32782,30822,28672
68977,865,36112,33424,32014,36027,32782,32782,30820,28669
68978,866,36117,33405,31947,36067,32781,32782,30820,28668
68979,870,36118,33406,32016,36034,32782,32782,30819,28670
68980,865,36127,33434,32059,36060,32782,32782,30822,28670
68981,866,36134,33462,32029,36048,32781,32782,30821,28672
68982,866,36104,33462,31984,36049,32781,32782,30823,28672
68983,864,36056,33440,32018,36068,32781,32784,30821,28670
68984,865,36078,33409,32032,36028,32781,32784,30819,28669
68985,866,36112,33407,32011,36087,32782,32783,30821,28670
68986,866,36122,33448,31978,36027,32782,32782,30821,28671
68987,866,36125,33463,32048,36086,32782,32783,30821,28672
68988,866,36130,33453,32040,36006,32782,32782,30823,28671
68989,866,36121,33439,31980,36064,32782,32782,30822,28669
68990,866,36087,33412,31947,35988,32781,32783,30819,28668
68991,873,36083,33415,32036,36096,32781,32782,30820,28669
68992,865,36072,33404,32061,36015,32781,32782,30821,28672
68993,866,36110,33466,32013,36080,32781,32782,30823,28670
68994,866,36127,33455,31958,35995,32781,32783,30822,28671
68995,864,36102,33443,32042,36040,32783,32782,30822,28669
68996,865,36098,33426,32030,35999,32781,32781,30819,28667
68997,868,36124,33420,31994,36077,32781,32781,30821,28669
68998,866,36109,33431,31980,36033,32781,32784,30821,28671
68999,865,36048,33460,32062,36032,32783,32782,30822,28670
69000,866,36078,33450,32041,36031,32781,32782,30821,28671
69001,866,36067,33438,31969,36024,32781,32783,30822,28669
69002,866,36085,33445,31964,36042,32783,32782,30820,28667
69003,870,36108,33426,32055,36044,32781,32783,30820,28668
69004,865,36112,33414,32025,36073,32782,32782,30822,28672
69005,866,36120,33456,31984,36025,32782,32783,30822,28670
69006,872,36097,33472,31961,36051,32782,32782,30822,28671
69007,863,36065,33444,32039,36017,32782,32783,30819,28670
69008,866,36087,33458,32024,36070,32781,32784,30819,28669
69009,871,36110,33457,32008,36032,32782,32780,30819,28669
69010,866,36116,33423,31967,36084,32781,32782,30823,28671
69011,866,36127,33422,32073,36017,32781,32783,30822,28671
69012,866,36115,33462,32045,36081,32782,32782,30821,28671
69013,866,36064,33447,31982,35989,32781,32782,30820,28669
69014,865,36050,33446,31958,36060,32781,32783,30818,28667
69015,870,36074,33457,32060,36004,32782,32782,30820,28668
69016,866,36100,33421,32048,36087,32782,32782,30822,28671
69017,865,36096,33422,31994,35995,32781,32782,30822,28672
69018,866,36098,33465,31973,36069,32781,32782,30821,28670
69019,864,36098,33445,32032,35974,32783,32783,30821,28668
69020,866,36084,33454,32012,36036,32781,32781,30821,28666
69021,876,36096,33470,32008,35991,32781,32782,30819,28669
69022,865,36064,33454,31957,36074,32782,32782,30821,28670
69023,866,36071,33406,32058,35995,32781,32782,30821,28670
69024,866,36072,33442,32040,36064,32782,32782,30823,28671
69025,866,36078,33454,31977,35998,32783,32783,30821,28667
69026,866,36086,33461,31958,36044,32781,32782,30819,28667
69027,871,36093,33470,32051,35996,32781,32782,30819,28669
69028,865,36071,33470,32051,36046,32782,32782,30823,28669
69029,866,36063,33426,31990,36026,32781,32783,30822,28672
69030,866,36054,33425,31976,36018,32781,32782,30822,28671
69031,863,36049,33456,32040,36044,32783,32783,30821,28668
69032,866,36072,33468,32023,35985,32781,32783,30820,28667
69033,866,36099,33464,31985,36073,32781,32782,30821,28670
69034,866,36107,33449,31995,36013,32781,32781,30823,28671
69035,866,36098,33425,32057,36058,32781,32782,30822,28670
69036,870,36082,33447,32031,35995,32782,32783,30822,28670
69037,866,36019,33458,31967,36049,32780,32783,30820,28670
69038,866,36047,33449,31976,35986,32781,32784,30818,28667
69039,869,36059,33470,32052,36071,32782,32781,30819,28669
69040,866,36067,33463,32036,35981,32782,32783,30822,28670
69041,866,36073,33429,31985,36034,32782,32783,30823,28669
69042,866,36093,33402,31992,35973,32782,32783,30822,28669
69043,863,36070,33449,32030,36030,32782,32783,30820,28667
69044,866,36023,33453,32010,35947,32781,32781,30820,28666
69045,872,36026,33462,31985,36026,32782,32784,30821,28669
69046,865,36047,33465,31991,35963,32782,32783,30822,28668
69047,866,36072,33460,32037,36047,32781,32781,30823,28669
69048,866,36077,33412,32016,35972,32781,32783,30822,28669
69049,866,36077,33447,31946,36006,32782,32782,30821,28667
69050,866,36057,33458,31979,35993,32781,32780,30821,28665
69051,875,36066,33494,32049,36025,32782,32782,30820,28667
69052,865,36029,33469,32040,35995,32782,32782,30823,28669
69053,866,36032,33476,31987,36025,32781,32782,30823,28670
69054,866,36056,33438,31987,36016,32782,32782,30823,28668
69055,864,36049,33413,32035,35990,32782,32783,30820,28667
69056,865,36056,33451,32020,36027,32782,32781,30819,28666
69057,868,36058,33481,31986,35995,32781,32782,30820,28667
69058,865,36064,33472,32023,36054,32781,32782,30822,28669
69059,866,36053,33466,32052,35977,32782,32783,30822,28669
69060,866,36026,33416,32019,36046,32783,32781,30822,28668
69061,866,36000,33402,31950,35957,32781,32782,30822,28666
69062,865,36028,33453,32011,36014,32781,32784,30820,28667
69063,870,36056,33478,32056,35961,32782,32782,30822,28667
69064,866,36054,33472,32024,36040,32782,32782,30823,28669
69065,866,36071,33464,31962,35951,32782,32783,30822,28668
69066,871,36056,33433,32021,36025,32781,32781,30822,28668
69067,863,36026,33385,32035,35933,32784,32782,30822,28667
69068,866,35993,33448,32005,36007,32781,32783,30822,28665
69069,872,36018,33487,31979,35947,32781,32782,30821,28666
69070,866,36054,33480,32004,36034,32782,32783,30823,28668
69071,865,36055,33476,32048,35942,32781,32782,30823,28669
69072,866,36052,33463,32034,36013,32782,32782,30823,28669
69073,866,36035,33400,31959,35951,32783,32782,30820,28665
69074,866,36033,33417,32026,36002,32782,32783,30821,28666
69075,869,36004,33482,32059,35969,32782,32782,30819,28667
69076,866,36000,33462,32027,36007,32782,32782,30823,28669
69077,866,36026,33469,31957,35982,32781,32783,30822,28669
69078,866,36045,33459,32009,35993,32782,32781,30822,28669
69079,863,36036,33399,32032,36003,32781,32783,30821,28666
69080,866,36031,33412,31989,35967,32781,32783,30820,28665
69081,878,36051,33450,31971,35980,32783,32782,30821,28665
69082,865,36012,33464,31986,35975,32781,32783,30822,28670
69083,866,35991,33469,32053,36005,32781,32781,30822,28668
69084,865,36010,33457,32021,35971,32782,32781,30823,28668
69085,867,36014,33430,31950,36017,32782,32784,30819,28666
69086,865,36020,33390,31996,35946,32780,32782,30819,28666
69087,871,36043,33423,32065,36024,32782,32781,30823,28666
69088,866,36048,33451,32028,35949,32782,32782,30822,28668
69089,865,36021,33459,31984,36023,32782,32782,30822,28669
69090,866,36009,33482,32013,35940,32781,32783,30824,28668
69091,864,35992,33430,32023,35990,32782,32783,30821,28665
69092,866,35999,33399,31999,35920,32782,32782,30821,28665
69093,872,36023,33414,31966,36000,32781,32783,30822,28666
69094,865,36042,33452,32001,35920,32783,32783,30822,28669
69095,866,36034,33456,32053,36005,32782,32782,30824,28666
69096,872,36039,33464,32034,35929,32781,32782,30822,28669
69097,865,35996,33437,31961,35992,32782,32782,30823,28666
69098,866,35972,33440,31989,35918,32783,32782,30822,28664
69099,870,35995,33413,32060,35993,32781,32783,30821,28667
69100,865,36018,33423,32035,35926,32782,32782,30824,28667
69101,866,36037,33474,31976,35981,32781,32782,30822,28667
69102,866,36032,33458,32012,35919,32782,32782,30822,28668
69103,864,36012,33431,32040,35967,32781,32784,30820,28664
69104,865,36025,33446,32010,35957,32782,32783,30820,28664
69105,872,36001,33427,31988,35985,32781,32782,30821,28666
69106,866,36000,33420,32003,35958,32781,32782,30823,28667
69107,865,36009,33466,32057,35971,32782,32782,30823,28667
69108,866,36024,33477,32022,35975,32782,32783,30822,28667
69109,866,36008,33447,31952,35941,32782,32781,30822,28666
69110,866,36014,33431,32004,35972,32781,32783,30821,28666
69111,874,36037,33439,32060,35951,32781,32783,30821,28667
69112,865,35995,33423,32025,35989,32781,32782,30823,28667
69113,866,35973,33437,31965,35936,32782,32782,30823,28667
69114,866,35979,33465,31992,35987,32782,32783,30822,28667
69115,863,35976,33422,32025,35909,32781,32782,30821,28664
69116,866,35998,33444,32002,35961,32781,32782,30819,28665
69117,868,36010,33435,31977,35895,32782,32782,30821,28666
69118,866,36024,33405,32011,35986,32782,32782,30823,28668
69119,865,36015,33417,32040,35899,32782,32781,30823,28667
69120,866,36006,33456,32014,35986,32781,32782,30822,28666
69121,866,35948,33438,31947,35890,32782,32783,30821,28665
69122,866,35951,33431,32013,35956,32783,32782,30822,28664
69123,870,35973,33437,32033,35898,32781,32782,30821,28666
69124,865,36013,33415,32004,35970,32781,32782,30824,28667
69125,866,36001,33405,31965,35920,32781,32782,30823,28666
69126,870,36010,33465,32016,35963,32780,32783,30823,28666
69127,863,35999,33443,32033,35920,32782,32782,30821,28666
69128,866,35959,33437,31994,35946,32782,32783,30821,28664
69129,868,35950,33423,31946,35915,32781,32781,30823,28668
69130,866,35960,33408,32030,35929,32782,32783,30820,28663
69131,896,35995,33433,32046,35976,32783,32783,30815,28660
69132,866,35974,33408,32026,35961,32782,32783,30822,28665
69133,864,35976,33390,31996,35873,32782,32783,30820,28662
69134,867,35955,33429,31944,35956,32781,32782,30822,28663
69135,867,35953,33443,32006,35890,32781,32782,30821,28663
69136,865,35966,33436,32024,35957,32782,32784,30822,28666
69137,866,35978,33447,32000,35892,32782,32783,30821,28664
69138,896,36020,33448,31977,35966,32782,32782,30815,28660
69139,862,35956,33444,31956,35894,32782,32782,30823,28665
69140,866,35925,33405,32016,35961,32780,32782,30821,28663
69141,863,35960,33416,32036,35878,32782,32782,30822,28665
69142,866,35969,33441,31990,35949,32783,32783,30821,28662
69143,893,36015,33432,32016,35934,32784,32782,30822,28663
69144,866,35966,33460,31951,35911,32782,32783,30820,28663
69145,862,35943,33445,32035,35902,32783,32782,30822,28664
69146,868,35939,33445,32024,35947,32782,32783,30824,28665
69147,866,35958,33438,31977,35894,32783,32783,30821,28662
69148,866,35985,33416,31963,35961,32781,32782,30817,28661
69149,874,35974,33410,32005,35920,32781,32782,30822,28663
69150,866,35973,33433,32035,35958,32781,32784,30820,28664
69151,865,35995,33449,32003,35882,32780,32782,30827,28669
69152,867,35964,33460,31961,35961,32781,32783,30822,28665
69153,866,35944,33428,32026,35893,32781,32783,30823,28663
69154,868,35944,33406,32023,35965,32782,32783,30823,28666
69155,866,35963,33382,31994,35861,32782,32780,30822,28663
69156,866,35977,33439,31973,35953,32781,32781,30820,28662
69157,865,35968,33439,32039,35857,32781,32784,30821,28664
69158,866,35968,33434,32028,35927,32783,32782,30820,28664
69159,867,35968,33424,32006,35858,32782,32782,30825,28667
69160,866,35945,33407,31955,35940,32782,32782,30822,28663
69161,866,35918,33380,32051,35861,32782,32782,30821,28662
69162,865,35944,33434,32046,35920,32781,32781,30822,28665
69163,867,35935,33448,31996,35875,32782,32783,30822,28664
69164,872,35970,33444,31969,35917,32782,32782,30822,28662
69165,868,35967,33453,32035,35866,32782,32781,30821,28664
69166,866,35978,33466,32042,35928,32782,32782,30824,28664
69167,866,35966,33419,32014,35880,32782,32782,30824,28665
69168,866,35922,33405,31961,35903,32782,32783,30824,28667
69169,864,35920,33438,32034,35892,32781,32781,30823,28663
69170,866,35936,33442,32031,35889,32781,32782,30822,28663
69171,867,35966,33461,31990,35928,32781,32781,30822,28664
69172,866,35992,33444,31968,35904,32782,32782,30823,28665
69173,866,35968,33408,32053,35951,32782,32782,30822,28665
69174,865,35983,33397,32033,35883,32781,32782,30823,28665
69175,868,35942,33425,31981,35940,32782,32782,30821,28664
69176,865,35931,33442,31958,35866,32782,32781,30821,28664
69177,867,35916,33462,32051,35943,32782,32782,30823,28664
69178,866,35929,33456,32047,35879,32782,32781,30824,28665
69179,871,35960,33433,31993,35956,32782,32782,30823,28665
69180,865,35985,33409,31978,35855,32781,32782,30824,28666
69181,865,35957,33424,32052,35912,32781,32783,30822,28663
69182,866,35948,33433,32027,35853,32783,32782,30822,28662
69183,867,35954,33457,31986,35944,32781,32782,30823,28664
69184,866,35936,33449,31972,35871,32781,32782,30823,28665
69185,866,35935,33419,32051,35922,32782,32783,30823,28666
69186,866,35944,33397,32049,35873,32782,32782,30824,28665
69187,866,35940,33404,31966,35911,32782,32782,30823,28664
69188,866,35963,33445,31979,35874,32783,32781,30821,28662
69189,867,35988,33464,32058,35914,32782,32781,30822,28664
69190,866,35980,33464,32040,35894,32782,32781,30825,28665
69191,866,35952,33437,31992,35890,32782,32783,30825,28663
69192,865,35940,33402,32018,35914,32782,32781,30822,28665
69193,865,35957,33425,32060,35905,32782,32782,30822,28665
69194,871,35948,33432,32008,35949,32781,32783,30821,28663
69195,865,35966,33441,31969,35889,32783,32783,30821,28664
69196,867,35962,33458,31992,35941,32781,32782,30823,28664
69197,866,35968,33450,32057,35882,32781,32781,30823,28665
69198,866,35961,33424,32017,35939,32781,32782,30824,28666
69199,867,35912,33389,31976,35854,32781,32782,30821,28664
69200,866,35900,33443,32000,35925,32781,32783,30821,28663
69201,867,35928,33476,32055,35850,32782,32782,30821,28663
69202,865,35954,33469,32021,35932,32781,32781,30823,28665
69203,866,35968,33452,31972,35845,32781,32783,30821,28666
69204,866,35970,33423,32027,35925,32781,32781,30824,28665
69205,865,35933,33391,32033,35834,32781,32783,30821,28663
69206,866,35947,33448,31984,35906,32781,32783,30819,28662
69207,868,35939,33469,31959,35838,32783,32782,30821,28664
69208,866,35916,33455,32034,35904,32780,32783,30824,28665
69209,870,35935,33457,32049,35858,32782,32782,30824,28664
69210,866,35955,33429,32024,35902,32782,32782,30824,28664
69211,868,35953,33394,31954,35856,32781,32783,30823,28662
69212,866,35947,33402,32015,35897,32782,32782,30822,28661
69213,865,35967,33464,32056,35889,32781,32781,30821,28662
69214,866,35965,33466,32015,35897,32781,32782,30822,28665
69215,866,35916,33459,31970,35908,32781,32783,30825,28666
69216,866,35911,33436,32046,35865,32783,32782,30823,28664
69217,864,35915,33380,32026,35915,32782,32784,30821,28663
69218,866,35937,33404,31976,35841,32783,32782,30821,28661
69219,867,35967,33458,31972,35936,32781,32782,30823,28663
69220,866,35968,33462,32055,35851,32781,32782,30825,28664
69221,866,35962,33458,32044,35929,32782,32782,30822,28666
69222,866,35955,33430,31986,35852,32782,32782,30825,28664
69223,867,35911,33390,31945,35911,32782,32783,30823,28661
69224,872,35894,33405,32042,35834,32781,32781,30823,28661
69225,866,35944,33449,32059,35929,32782,32783,30822,28663
69226,866,35951,33456,32006,35847,32782,32782,30823,28665
69227,865,35953,33455,31968,35921,32782,32783,30825,28664
69228,866,35969,33451,32054,35841,32782,32782,30824,28664
69229,865,35955,33399,32017,35888,32781,32782,30823,28663
69230,866,35922,33410,31971,35830,32782,32782,30823,28660
69231,867,35927,33463,31970,35909,32782,32782,30823,28663
69232,865,35938,33481,32046,35865,32781,32782,30822,28665
69233,866,35947,33448,32031,35895,32781,32782,30825,28665
69234,866,35963,33449,31992,35877,32782,32782,30824,28664
69235,867,35940,33420,31968,35866,32781,32782,30822,28662
69236,866,35951,33387,32028,35881,32781,32783,30821,28662
69237,867,35967,33444,32038,35870,32780,32784,30822,28664
69238,866,35936,33481,31974,35897,32782,32783,30822,28664
69239,865,35913,33462,31995,35848,32781,32782,30823,28665
69240,866,35936,33464,32052,35909,32781,32782,30824,28665
69241,865,35923,33421,32003,35817,32783,32782,30823,28662
69242,866,35935,33393,31947,35905,32782,32782,30820,28661
69243,865,35958,33446,32012,35833,32780,32783,30822,28665
69244,866,35971,33463,32053,35905,32781,32781,30824,28664
69245,866,35955,33474,32010,35830,32782,32783,30824,28665
69246,866,35939,33457,31953,35902,32781,32783,30823,28665
69247,867,35915,33404,32006,35820,32782,32782,30822,28661
69248,865,35893,33387,32016,35874,32782,32782,30822,28660
69249,867,35933,33431,31995,35846,32783,32782,30821,28662
69250,866,35957,33471,31966,35905,32781,32783,30823,28665
69251,866,35951,33451,32046,35862,32781,32782,30823,28664
69252,866,35963,33452,32041,35901,32782,32782,30824,28665
69253,864,35953,33414,31976,35872,32781,32783,30821,28662
69254,866,35927,33384,31951,35851,32782,32783,30820,28663
69255,867,35915,33433,32063,35895,32781,32783,30821,28665
69256,866,35919,33459,32048,35852,32783,32782,30824,28662
69257,866,35916,33453,31995,35899,32782,32783,30823,28664
69258,865,35929,33449,31976,35844,32781,32781,30822,28665
69259,868,35933,33419,32034,35899,32783,32783,30823,28662
69260,866,35935,33377,32014,35826,32783,32782,30823,28661
69261,866,35960,33427,31977,35905,32781,32781,30822,28662
69262,866,35955,33457,31976,35840,32781,32782,30824,28664
69263,866,35934,33458,32046,35911,32782,32782,30824,28665
69264,865,35915,33456,32026,35821,32783,32782,30823,28665
69265,865,35923,33407,31954,35898,32782,32783,30821,28663
69266,866,35926,33378,31998,35830,32782,32781,30822,28661
69267,869,35966,33432,32060,35900,32782,32783,30822,28663
69268,866,35964,33448,32020,35846,32782,32782,30825,28664
69269,865,35957,33447,31959,35899,32781,32783,30824,28665
69270,866,35954,33440,32002,35870,32782,32784,30824,28665
69271,867,35912,33410,32024,35869,32782,32782,30824,28662
69272,866,35905,33387,32000,35879,32782,32782,30822,28661
69273,867,35921,33406,31966,35890,32782,32783,30823,28663
69274,865,35955,33445,32007,35907,32781,32783,30824,28665
69275,866,35963,33466,32045,35864,32781,32782,30825,28664
69276,866,35965,33452,32014,35929,32783,32783,30824,28664
69277,864,35956,33414,31951,35857,32781,32783,30823,28663
69278,866,35922,33383,32035,35905,32783,32782,30822,28662
69279,867,35926,33415,32042,35838,32782,32782,30822,28663
69280,866,35908,33468,31999,35899,32781,32782,30822,28663
69281,866,35926,33459,31959,35826,32782,32782,30824,28666
69282,866,35952,33459,32040,35914,32782,32783,30824,28664
69283,867,35951,33434,32015,35822,32782,32781,30822,28661
69284,865,35953,33377,31990,35883,32783,32782,30821,28662
69285,867,35952,33416,31962,35821,32781,32781,30823,28662
69286,866,35945,33454,32051,35908,32781,32783,30823,28665
69287,866,35932,33443,32054,35840,32781,32782,30824,28664
69288,866,35909,33453,31996,35902,32782,32782,30823,28665
69289,865,35902,33422,31961,35851,32782,32783,30822,28663
69290,865,35929,33384,32034,35868,32783,32782,30822,28662
69291,873,35942,33404,32028,35850,32781,32782,30823,28663
69292,866,35966,33434,31979,35898,32781,32783,30823,28665
69293,865,35964,33456,31962,35891,32782,32783,30823,28664
69294,866,35950,33461,32057,35887,32782,32782,30823,28665
69295,868,35916,33430,32018,35890,32782,32782,30823,28660
69296,865,35887,33404,31968,35868,32781,32783,30820,28662
69297,866,35921,33394,31995,35916,32781,32782,30822,28663
69298,866,35936,33443,32062,35861,32782,32782,30824,28665
69299,865,35962,33465,32030,35937,32782,32783,30824,28667
69300,866,35965,33453,31972,35857,32782,32783,30824,28664
69301,865,35956,33431,31976,35901,32782,32783,30821,28662
69302,865,35936,33410,32037,35824,32782,32782,30819,28664
69303,868,35924,33386,32027,35905,32781,32782,30822,28665
69304,866,35907,33444,31965,35827,32782,32782,30823,28664
69305,865,35931,33457,32028,35896,32782,32782,30823,28665
69306,872,35955,33442,32053,35827,32782,32783,30823,28664
69307,867,35951,33441,32011,35897,32782,32782,30824,28661
69308,865,35958,33414,31959,35810,32783,32783,30821,28660
69309,867,35960,33399,31996,35898,32782,32781,30822,28662
69310,866,35943,33404,32043,35859,32782,32782,30823,28665
69311,866,35915,33441,32008,35900,32783,32782,30823,28665
69312,866,35918,33452,31960,35855,32782,32781,30824,28664
69313,865,35924,33429,31992,35871,32781,32783,30821,28663
69314,865,35947,33417,32032,35865,32783,32782,30822,28661
69315,867,35957,33409,32011,35883,32783,32782,30823,28662
69316,866,35948,33422,31962,35905,32781,32783,30823,28665
69317,866,35967,33457,32025,35863,32782,32782,30823,28665
69318,865,35948,33446,32027,35920,32782,32783,30824,28664
69319,868,35896,33442,31989,35832,32782,32783,30822,28663
69320,866,35888,33431,31933,35909,32782,32781,30821,28661
69321,872,35923,33421,32013,35854,32781,32782,30822,28662
69322,865,35952,33401,32048,35916,32782,32783,30825,28664
69323,866,35967,33436,32003,35833,32781,32783,30824,28664
69324,866,35959,33445,31961,35899,32782,32783,30823,28664
69325,865,35938,33438,32020,35813,32782,32782,30823,28662
69326,866,35917,33428,32031,35894,32781,32782,30823,28662
69327,869,35918,33426,32011,35839,32782,32781,30823,28663
69328,866,35923,33385,31967,35904,32781,32782,30822,28663
69329,865,35931,33431,32044,35832,32781,32782,30824,28663
69330,866,35946,33459,32047,35909,32781,32782,30824,28665
69331,867,35932,33428,31996,35827,32782,32782,30823,28662
69332,866,35937,33433,31959,35883,32780,32783,30819,28662
69333,867,35946,33434,32048,35843,32781,32782,30823,28663
69334,866,35917,33399,32033,35889,32782,32782,30823,28664
69335,865,35906,33421,31992,35865,32782,32781,30823,28663
69336,872,35925,33450,31951,35887,32781,32784,30823,28666
69337,864,35924,33431,32022,35849,32783,32781,30823,28661
69338,866,35929,33425,32021,35852,32781,32783,30821,28659
69339,867,35956,33445,31999,35878,32780,32782,30822,28662
69340,866,35951,33405,31957,35864,32782,32782,30824,28665
69341,866,35921,33404,32043,35898,32782,32781,30823,28663
69342,866,35904,33456,32047,35856,32782,32783,30823,28664
69343,867,35880,33445,31977,35896,32781,32783,30822,28662
69344,865,35916,33440,31945,35838,32782,32784,30823,28662
69345,867,35939,33447,32057,35917,32782,32783,30822,28663
69346,866,35964,33413,32036,35872,32781,32783,30824,28664
69347,866,35959,33410,31983,35916,32781,32782,30823,28665
69348,866,35952,33449,31968,35842,32782,32782,30825,28664
69349,864,35919,33448,32034,35884,32782,32782,30821,28661
69350,866,35884,33443,32020,35826,32781,32783,30821,28662
69351,871,35887,33446,31973,35900,32782,32782,30822,28662
69352,865,35939,33436,31967,35835,32781,32782,30824,28665
69353,866,35941,33402,32050,35908,32783,32783,30823,28665
69354,866,35948,33439,32029,35844,32781,32781,30823,28665
69355,867,35918,33439,31964,35893,32782,32783,30820,28662
69356,866,35920,33438,31963,35836,32782,32783,30822,28661
69357,868,35919,33450,32048,35904,32781,32782,30822,28663
69358,866,35904,33443,32037,35873,32780,32783,30823,28665
69359,865,35905,33405,31983,35887,32782,32782,30825,28664
69360,866,35919,33413,31986,35890,32782,32782,30822,28665
69361,865,35922,33431,32034,35854,32782,32781,30822,28661
69362,866,35938,33435,32000,35900,32782,32783,30823,28661
69363,867,35937,33453,31970,35866,32781,32783,30823,28662
69364,866,35941,33431,32002,35939,32782,32782,30823,28664
69365,866,35924,33394,32045,35862,32783,32781,30825,28665
69366,871,35895,33422,32009,35925,32781,32782,30824,28664
69367,867,35892,33425,31970,35846,32782,32784,30822,28661
69368,866,35926,33435,31986,35907,32783,32784,30821,28662
69369,865,35935,33458,32054,35824,32783,32782,30822,28663
69370,866,35954,33445,32015,35899,32781,32782,30823,28664
69371,866,35939,33407,31962,35831,32781,32782,30824,28664
69372,866,35953,33404,32013,35897,32781,32783,30824,28663
69373,864,35900,33423,32019,35806,32782,32782,30822,28662
69374,866,35886,33430,31994,35893,32781,32783,30822,28662
69375,867,35914,33470,31963,35837,32781,32782,30821,28663
69376,866,35927,33453,32032,35897,32781,32782,30824,28663
69377,866,35945,33410,32041,35859,32781,32782,30824,28665
69378,865,35958,33408,31994,35877,32783,32783,30824,28664
69379,868,35947,33429,31950,35841,32781,32782,30822,28663
69380,865,35920,33449,32020,35867,32783,32782,30822,28661
69381,873,35925,33451,32032,35882,32782,32781,30822,28662
69382,865,35919,33455,32014,35874,32781,32783,30823,28665
69383,866,35920,33421,31967,35886,32782,32782,30825,28664
69384,866,35926,33397,32027,35864,32782,32782,30823,28665
69385,865,35919,33412,32031,35889,32782,32783,30822,28662
69386,866,35936,33447,31981,35829,32781,32782,30822,28661
69387,867,35945,33463,31961,35900,32781,32782,30822,28662
69388,866,35917,33462,32038,35836,32782,32782,30824,28663
69389,865,35912,33431,32047,35924,32782,32783,30824,28664
69390,866,35904,33401,31994,35821,32782,32782,30824,28663
69391,867,35906,33401,31947,35894,32783,32783,30825,28661
69392,866,35912,33442,32035,35802,32782,32783,30820,28661
69393,867,35958,33471,32039,35898,32782,32783,30822,28663
69394,865,35946,33458,31998,35835,32782,32783,30823,28664
69395,866,35948,33433,31978,35919,32782,32781,30824,28663
69396,865,35948,33389,32048,35839,32781,32781,30823,28664
69397,865,35905,33407,32017,35875,32782,32781,30822,28662
69398,866,35910,33442,31957,35844,32780,32783,30822,28660
69399,867,35917,33460,31985,35894,32781,32782,30822,28663
69400,866,35947,33449,32045,35878,32781,32782,30822,28664
69401,865,35944,33432,32029,35885,32782,32782,30825,28664
69402,866,35950,33386,31971,35900,32781,32782,30823,28665
69403,867,35946,33391,31978,35872,32781,32784,30822,28663
69404,866,35934,33442,32030,35904,32782,32782,30821,28661
69405,867,35924,33457,32018,35865,32782,32783,30822,28662
69406,865,35916,33447,31967,35920,32781,32783,30823,28664
69407,866,35921,33440,32017,35852,32782,32782,30823,28665
69408,866,35941,33403,32061,35921,32782,32782,30825,28664
69409,865,35917,33400,31998,35825,32782,32783,30822,28662
69410,866,35929,33434,31954,35892,32781,32783,30821,28662
69411,865,35945,33440,32025,35832,32782,32781,30823,28664
69412,866,35938,33452,32046,35903,32781,32782,30824,28664
69413,865,35929,33430,32001,35826,32781,32783,30823,28664
69414,866,35903,33402,31967,35890,32781,32783,30824,28664
69415,868,35905,33392,32032,35813,32783,32782,30823,28661
69416,865,35928,33440,32031,35877,32782,32781,30822,28660
69417,867,35946,33454,31997,35846,32782,32782,30823,28665
69418,866,35936,33461,31972,35874,32781,32783,30823,28664
69419,865,35934,33422,32050,35847,32782,32781,30822,28664
69420,866,35942,33401,32040,35869,32782,32782,30824,28664
69421,865,35899,33396,31972,35882,32782,32783,30823,28661
69422,866,35884,33421,31961,35828,32781,32782,30821,28662
69423,867,35904,33457,32052,35918,32783,32783,30821,28662
69424,866,35919,33461,32035,35854,32781,32781,30824,28663
69425,866,35928,33449,31983,35922,32781,32782,30824,28665
69426,865,35943,33409,31982,35843,32782,32782,30824,28664
69427,867,35938,33399,32024,35908,32783,32782,30823,28661
69428,866,35931,33439,32012,35814,32781,32783,30821,28661
69429,867,35940,33454,31973,35911,32783,32783,30822,28662
69430,866,35901,33450,31997,35828,32782,32782,30822,28664
69431,866,35900,33442,32048,35902,32782,32782,30825,28663
69432,865,35931,33406,32014,35845,32781,32783,30824,28666
69433,871,35921,33383,31960,35919,32784,32783,30822,28661
69434,865,35937,33415,31976,35827,32781,32782,30822,28660
69435,867,35954,33450,32054,35908,32782,32781,30822,28662
69436,866,35936,33444,32027,35841,32781,32783,30824,28664
69437,866,35912,33430,31986,35894,32782,32782,30823,28664
69438,866,35895,33412,32005,35862,32782,32783,30824,28665
69439,867,35890,33382,32036,35868,32782,32784,30823,28662
69440,866,35926,33409,32007,35851,32781,32784,30820,28660
69441,866,35952,33466,31963,35868,32781,32781,30822,28663
69442,866,35953,33441,32018,35896,32783,32782,30825,28663
69443,866,35949,33449,32048,35870,32782,32781,30823,28665
69444,866,35948,33415,32011,35913,32782,32783,30824,28663
69445,865,35917,33381,31946,35846,32782,32783,30822,28662
69446,865,35881,33417,32029,35909,32782,32783,30822,28662
69447,868,35909,33466,32042,35839,32782,32783,30822,28664
69448,871,35942,33466,32010,35910,32782,32783,30825,28664
69449,865,35949,33453,31957,35829,32781,32781,30823,28665
69450,866,35945,33445,32039,35908,32781,32782,30824,28665
69451,868,35956,33394,32026,35835,32782,32781,30822,28662
69452,865,35928,33390,32003,35890,32783,32782,30822,28661
69453,867,35918,33440,31969,35830,32782,32782,30822,28662
69454,866,35907,33454,32040,35912,32782,32783,30822,28664
69455,866,35937,33472,32059,35838,32783,32782,30824,28665
69456,865,35974,33445,32014,35915,32781,32782,30824,28665
69457,865,35948,33390,31958,35833,32781,32782,30821,28662
69458,866,35945,33385,32050,35893,32783,32783,30821,28662
69459,867,35952,33434,32040,35847,32781,32782,30823,28661
69460,866,35961,33454,31988,35880,32781,32783,30825,28664
69461,866,35916,33452,31959,35869,32782,32782,30824,28663
69462,865,35904,33443,32055,35874,32783,32782,30824,28663
69463,873,35909,33418,32033,35857,32782,32783,30823,28662
69464,866,35935,33388,31981,35877,32781,32783,30820,28661
69465,866,35953,33444,31964,35892,32780,32782,30823,28663
69466,866,35970,33459,32044,35884,32781,32782,30824,28664
69467,866,35959,33449,32044,35909,32781,32782,30824,28665
69468,866,35946,33435,31992,35868,32782,32782,30823,28664
69469,865,35901,33406,31951,35916,32783,32781,30821,28663
69470,866,35903,33387,32051,35837,32781,32782,30821,28660
69471,866,35939,33413,32045,35906,32782,32782,30822,28662
69472,866,35931,33456,31986,35837,32782,32783,30822,28665
69473,866,35957,33445,31990,35917,32782,32781,30823,28663
69474,866,35951,33453,32045,35830,32781,32783,30824,28664
69475,867,35934,33411,32011,35891,32782,32784,30821,28662
69476,866,35907,33382,31955,35812,32782,32784,30821,28660
69477,867,35911,33434,31984,35902,32781,32781,30822,28663
69478,871,35924,33458,32046,35836,32781,32782,30823,28663
69479,865,35938,33465,32033,35916,32783,32782,30823,28663
69480,866,35943,33461,31971,35853,32781,32782,30824,28663
69481,865,35938,33432,31976,35884,32781,32783,30822,28663
69482,866,35952,33394,32045,35839,32782,32782,30821,28660
69483,867,35945,33402,32041,35881,32781,32782,30822,28663
69484,866,35915,33448,31970,35857,32782,32781,30824,28663
69485,866,35901,33448,31984,35887,32781,32782,30823,28663
69486,865,35912,33442,32048,35900,32782,32781,30824,28663
69487,867,35903,33414,32016,35862,32783,32781,30823,28662
69488,866,35937,33394,31955,35895,32782,32784,30822,28661
69489,867,35944,33392,32000,35863,32781,32782,30822,28661
69490,866,35966,33436,32049,35928,32781,32784,30822,28664
69491,865,35945,33447,32010,35841,32782,32782,30825,28664
69492,866,35918,33453,31970,35915,32781,32783,30823,28664
69493,871,35888,33411,32014,35840,32782,32782,30823,28662
69494,865,35907,33403,32036,35908,32782,32781,30822,28660
69495,867,35929,33386,32023,35842,32782,32782,30823,28662
69496,866,35956,33433,31965,35917,32782,32783,30823,28664
69497,866,35959,33456,32017,35843,32782,32783,30825,28664
69498,866,35976,33466,32051,35923,32781,32781,30825,28664
69499,867,35945,33426,31994,35839,32782,32783,30822,28661
69500,866,35901,33411,31960,35919,32782,32783,30820,28663
69501,866,35925,33388,32032,35864,32781,32783,30822,28664
69502,866,35946,33422,32056,35906,32781,32782,30824,28665
69503,866,35944,33438,32015,35844,32782,32782,30823,28663
69504,866,35945,33445,31969,35896,32782,32782,30823,28664
69505,865,35937,33429,32039,35858,32782,32782,30824,28662
69506,865,35942,33409,32031,35873,32781,32781,30821,28662
69507,866,35951,33387,32000,35884,32782,32783,30822,28662
69508,870,35907,33411,31971,35878,32781,32782,30823,28665
69509,865,35910,33450,32053,35905,32782,32782,30823,28664
69510,866,35920,33436,32053,35872,32782,32782,30824,28663
69511,867,35913,33431,31990,35918,32783,32782,30822,28662
69512,866,35937,33416,31946,35858,32781,32783,30821,28662
69513,867,35963,33414,32070,35923,32781,32781,30822,28663
69514,866,35954,33400,32055,35861,32781,32783,30822,28665
69515,865,35936,33443,32011,35924,32781,32782,30825,28664
69516,866,35896,33477,31980,35837,32782,32783,30824,28666
69517,864,35894,33436,32051,35910,32783,32782,30823,28662
69518,866,35896,33427,32023,35819,32782,32782,30822,28660
69519,867,35929,33398,31995,35916,32782,32782,30822,28662
69520,866,35949,33390,31978,35829,32781,32783,30824,28664
69521,866,35957,33440,32052,35899,32782,32782,30823,28665
69522,866,35959,33448,32031,35849,32782,32782,30824,28665
69523,873,35946,33430,31970,35889,32782,32782,30823,28662
69524,865,35883,33422,31962,35831,32783,32783,30821,28662
69525,867,35898,33410,32058,35902,32782,32782,30822,28663
69526,866,35937,33389,32044,35860,32780,32782,30824,28664
69527,865,35969,33415,31985,35893,32781,32782,30823,28664
69528,866,35942,33452,31993,35867,32782,32782,30824,28663
69529,865,35930,33419,32041,35863,32783,32783,30822,28663
69530,866,35936,33436,32011,35872,32781,32783,30820,28662
69531,865,35942,33413,31968,35855,32781,32782,30821,28663
69532,866,35929,33396,32017,35905,32782,32782,30823,28664
69533,866,35911,33426,32062,35843,32782,32782,30824,28665
69534,866,35943,33457,32025,35919,32781,32782,30825,28663
69535,867,35929,33429,31955,35824,32783,32783,30823,28661
69536,866,35933,33428,32002,35899,32783,32782,30822,28661
69537,865,35963,33421,32054,35831,32781,32782,30821,28663
69538,865,35960,33421,32015,35895,32780,32783,30823,28665
69539,866,35940,33446,31972,35833,32781,32782,30823,28664
69540,866,35923,33459,32039,35909,32782,32783,30823,28664
69541,865,35906,33434,32035,35827,32783,32780,30823,28662
69542,866,35915,33428,31983,35872,32782,32781,30823,28662
69543,867,35933,33432,31977,35837,32782,32782,30822,28664
69544,866,35964,33398,32071,35886,32782,32783,30823,28665
69545,865,35953,33441,32072,35857,32782,32782,30824,28665
69546,866,35967,33458,32015,35878,32781,32782,30825,28665
69547,866,35954,33448,31974,35866,32782,32783,30821,28662
69548,865,35911,33437,32047,35861,32781,32783,30820,28662
69549,870,35905,33443,32060,35899,32782,32782,30822,28663
69550,866,35935,33419,31999,35878,32782,32783,30823,28664
69551,866,35943,33413,31983,35927,32783,32782,30824,28664
69552,866,35973,33448,32067,35867,32782,32782,30824,28665
69553,864,35944,33443,32032,35919,32783,32782,30823,28662
69554,866,35940,33419,31972,35836,32782,32783,30823,28661
69555,866,35940,33436,31999,35915,32781,32782,30822,28663
69556,866,35920,33408,32063,35838,32781,32783,30824,28665
69557,866,35900,33433,32031,35898,32782,32783,30824,28664
69558,865,35912,33460,31989,35834,32781,32782,30823,28663
69559,868,35910,33437,31989,35904,32781,32783,30821,28662
69560,866,35927,33429,32046,35821,32781,32783,30821,28662
69561,866,35945,33441,32033,35916,32781,32783,30822,28663
69562,866,35939,33402,31974,35853,32782,32781,30824,28663
69563,865,35937,33418,32021,35904,32782,32781,30823,28665
69564,866,35899,33469,32060,35862,32782,32783,30823,28663
69565,865,35877,33442,32012,35868,32781,32783,30822,28661
69566,866,35890,33427,31959,35866,32781,32783,30821,28661
69567,867,35933,33442,32051,35870,32781,32781,30822,28663
69568,865,35934,33408,32047,35901,32782,32781,30824,28664
69569,866,35943,33418,32013,35856,32783,32780,30824,28664
69570,866,35940,33446,31965,35919,32781,32783,30822,28664
69571,867,35939,33429,32033,35847,32783,32782,30821,28663
69572,866,35896,33419,32027,35905,32783,32783,30821,28661
69573,867,35896,33438,31998,35845,32783,32782,30823,28664
69574,866,35917,33398,31967,35927,32781,32782,30823,28664
69575,866,35930,33407,32051,35837,32781,32783,30823,28665
69576,865,35930,33441,32052,35916,32782,32784,30825,28663
69577,864,35928,33434,31982,35803,32782,32784,30823,28662
69578,866,35927,33443,31970,35882,32781,32784,30820,28661
69579,868,35932,33453,32058,35824,32781,32783,30822,28663
69580,865,35934,33412,32033,35897,32782,32782,30823,28663
69581,866,35903,33399,31977,35842,32781,32782,30823,28663
69582,866,35900,33451,31984,35899,32781,32783,30824,28664
69583,867,35911,33428,32036,35844,32782,32782,30823,28663
69584,866,35924,33437,32019,35867,32782,32782,30822,28659
69585,867,35934,33431,31981,35877,32782,32782,30822,28661
69586,865,35931,33417,31994,35869,32782,32782,30824,28665
69587,866,35959,33397,32051,35900,32782,32783,30824,28664
69588,866,35920,33449,32020,35854,32782,32782,30823,28663
69589,865,35885,33437,31942,35916,32782,32785,30821,28661
69590,871,35900,33434,31966,35836,32782,32783,30822,28661
69591,867,35923,33459,32039,35913,32782,32782,30822,28662
69592,866,35930,33429,32024,35855,32781,32782,30822,28665
69593,866,35961,33395,31971,35914,32783,32783,30824,28665
69594,865,35938,33432,31986,35849,32782,32782,30825,28664
69595,868,35920,33445,32029,35890,32783,32782,30822,28660
69596,866,35891,33423,31992,35815,32782,32781,30822,28660
69597,867,35898,33439,31969,35891,32782,32783,30822,28661
69598,865,35914,33421,32005,35812,32782,32784,30822,28665
69599,866,35934,33396,32053,35893,32782,32783,30824,28663
69600,865,35935,33419,32007,35820,32781,32783,30823,28663
69601,865,35915,33431,31945,35874,32782,32782,30823,28662
69602,866,35936,33429,32012,35820,32782,32783,30822,28658
69603,867,35941,33445,32037,35884,32781,32783,30821,28662
69604,866,35899,33442,32001,35851,32781,32782,30824,28664
69605,871,35892,33414,31971,35885,32781,32781,30823,28662
69606,865,35908,33406,32025,35855,32781,32782,30823,28665
69607,869,35904,33439,32024,35847,32782,32782,30822,28661
69608,866,35923,33451,31998,35849,32782,32783,30822,28661
69609,867,35941,33455,31963,35867,32781,32781,30822,28662
69610,866,35936,33455,32019,35896,32781,32782,30824,28663
69611,865,35913,33426,32041,35854,32781,32783,30823,28663
69612,866,35890,33400,32007,35901,32781,32783,30822,28664
69613,864,35880,33432,31949,35835,32782,32781,30823,28661
69614,866,35901,33447,32029,35894,32781,32782,30822,28661
69615,867,35925,33456,32031,35828,32780,32782,30821,28662
69616,866,35942,33451,31995,35905,32781,32783,30823,28664
69617,866,35947,33421,31966,35819,32783,32782,30825,28664
69618,866,35945,33379,32046,35893,32781,32784,30825,28664
69619,867,35907,33414,32012,35806,32781,32783,30821,28663
69620,870,35893,33444,31990,35887,32783,32781,30820,28661
69621,867,35895,33457,31972,35815,32781,32782,30823,28662
69622,865,35920,33450,32059,35884,32781,32783,30823,28665
69623,866,35932,33442,32051,35831,32783,32782,30823,28664
69624,866,35926,33402,32017,35878,32781,32782,30824,28664
69625,865,35922,33412,31976,35819,32781,32783,30822,28662
69626,866,35922,33443,32056,35859,32782,32783,30822,28661
69627,867,35916,33448,32059,35835,32783,32782,30821,28662
69628,865,35892,33445,31999,35852,32781,32781,30824,28663
69629,866,35911,33432,32001,35852,32780,32782,30824,28664
69630,866,35914,33400,32066,35855,32783,32782,30824,28663
69631,4365,35896,33452,32031,35824,32781,32781,30824,28664
69632,866,35933,33454,32044,35898,32781,32783,30825,28664
69633,866,35934,33444,31999,35825,32781,32782,30824,28662
69634,866,35942,33402,31963,35880,32781,32782,30825,28664
69635,865,35932,33403,32050,35832,32781,32782,30823,28664
69636,866,35907,33449,32048,35873,32782,32782,30824,28663
69637,862,35882,33445,31974,35865,32783,32781,30824,28661
69638,867,35874,33441,31970,35855,32782,32783,30822,28659
69639,888,35918,33466,31976,35816,32781,32782,30821,28662
69640,866,35934,33443,32068,35885,32782,32782,30823,28661
69641,862,35925,33410,32027,35836,32781,32781,30825,28662
69642,866,35915,33393,31968,35888,32781,32782,30823,28664
69643,862,35888,33430,32023,35852,32781,32783,30823,28660
69644,862,35873,33433,32019,35827,32782,32782,30822,28660
69645,872,35891,33470,32001,35879,32782,32782,30822,28661
69646,866,35923,33457,31953,35850,32782,32783,30823,28664
69647,862,35949,33406,32041,35913,32782,32783,30823,28664
69648,865,35951,33408,32033,35843,32782,32781,30824,28664
69649,866,35943,33440,31961,35907,32781,32784,30822,28663
69650,865,35942,33432,31958,35834,32781,32783,30820,28662
69651,872,35936,33432,32053,35905,32782,32783,30822,28663
69652,862,35903,33431,32036,35824,32781,32783,30824,28665
69653,866,35888,33394,31993,35911,32783,32782,30824,28663
69654,865,35910,33411,31993,35825,32781,32782,30822,28664
69655,866,35924,33446,32038,35884,32781,32782,30822,28662
69656,865,35920,33431,32016,35811,32782,32782,30823,28660
69657,871,35948,33444,31997,35889,32783,32783,30822,28663
69658,863,35948,33433,31996,35846,32781,32783,30824,28663
69659,866,35939,33403,32053,35884,32782,32783,30822,28664
69660,866,35904,33394,32019,35864,32782,32782,30823,28664
69661,862,35885,33440,31957,35856,32782,32782,30823,28661
69662,865,35876,33437,32018,35877,32782,32781,30821,28659
69663,870,35908,33459,32064,35838,32782,32782,30822,28663
69664,862,35924,33428,32012,35901,32781,32782,30823,28665
69665,866,35919,33406,31969,35821,32782,32782,30824,28664
69666,866,35933,33426,32053,35907,32781,32782,30823,28664
69667,865,35916,33443,32034,35822,32782,32783,30822,28662
69668,866,35899,33428,31980,35897,32783,32783,30821,28662
69669,867,35880,33428,31962,35807,32783,32783,30823,28661
69670,866,35901,33400,32037,35880,32781,32781,30823,28660
69671,897,35913,33403,32020,35872,32781,32782,30820,28661
69672,866,35933,33419,32033,35857,32782,32783,30822,28661
69673,864,35906,33366,31991,35844,32782,32783,30822,28660
69674,867,35878,33390,31955,35874,32781,32784,30828,28666
69675,867,35888,33438,32039,35831,32782,32783,30821,28661
69676,865,35901,33447,32035,35880,32782,32783,30821,28662
69677,867,35929,33460,32003,35841,32781,32782,30823,28663
69678,863,35924,33449,31977,35909,32781,32783,30824,28664
69679,864,35913,33377,32040,35831,32783,32781,30822,28661
69680,862,35918,33421,32016,35897,32782,32785,30822,28661
69681,868,35945,33452,31984,35818,32782,32782,30821,28662
69682,862,35924,33445,31991,35892,32783,32782,30822,28664
69683,866,35910,33438,32044,35834,32782,32783,30824,28664
69684,865,35905,33416,32014,35893,32783,32782,30824,28664
69685,863,35889,33400,31945,35862,32783,32784,30823,28661
69686,866,35919,33436,32027,35863,32781,32783,30821,28660
69687,868,35942,33459,32041,35898,32782,32782,30823,28661
69688,863,35936,33459,31996,35858,32781,32781,30825,28664
69689,866,35934,33440,31965,35909,32782,32783,30823,28664
69690,866,35947,33409,32052,35823,32781,32783,30824,28664
69691,871,35916,33386,32028,35887,32781,32782,30823,28661
69692,865,35869,33419,31994,35835,32781,32784,30822,28661
69693,872,35921,33450,31964,35907,32782,32782,30822,28663
69694,863,35934,33462,32036,35824,32781,32782,30824,28664
69695,866,35953,33447,32047,35895,32782,32782,30824,28664
69696,866,35936,33429,31996,35824,32782,32782,30823,28663
69697,862,35921,33388,31950,35876,32782,32783,30822,28661
69698,866,35922,33427,32042,35817,32782,32782,30823,28661
69699,868,35915,33461,32046,35896,32783,32782,30823,28663
69700,862,35887,33469,31999,35832,32781,32782,30824,28662
69701,866,35906,33446,31979,35877,32782,32782,30822,28665
69702,866,35923,33417,32061,35848,32782,32781,30824,28664
69703,866,35914,33387,32018,35865,32782,32783,30823,28661
69704,866,35926,33430,31972,35859,32782,32782,30822,28660
69705,868,35923,33452,31994,35869,32783,32781,30822,28661
69706,868,35930,33463,32049,35876,32781,32782,30823,28664
69707,865,35910,33459,32029,35855,32782,32782,30824,28664
69708,866,35893,33429,31985,35909,32781,32782,30823,28663
69709,862,35886,33384,32017,35839,32781,32783,30820,28664
69710,866,35896,33437,32040,35902,32781,32781,30821,28662
69711,869,35921,33445,31999,35838,32782,32784,30822,28662
69712,866,35926,33444,31960,35891,32782,32783,30821,28663
69713,862,35942,33452,32051,35818,32781,32782,30818,28658
69714,865,35919,33396,32026,35875,32781,32784,30821,28661
69715,864,35910,33401,31969,35812,32781,32783,30823,28661
69716,866,35888,33423,31939,35894,32782,32783,30822,28661
69717,867,35874,33428,32033,35825,32780,32783,30821,28661
69718,865,35890,33441,32027,35888,32782,32783,30820,28664
69719,866,35913,33436,31962,35840,32782,32782,30821,28662
69720,862,35928,33401,31984,35879,32782,32782,30819,28660
69721,864,35932,33418,32047,35890,32781,32781,30822,28659
69722,866,35943,33432,32010,35838,32782,32783,30822,28661
69723,867,35927,33441,31957,35905,32781,32783,30821,28661
69724,865,35917,33445,32021,35835,32782,32783,30822,28662
69725,867,35888,33427,32042,35922,32782,32784,30821,28662
69726,866,35877,33396,32014,35826,32782,32783,30822,28661
69727,865,35916,33428,31979,35921,32781,32782,30819,28658
69728,866,35912,33433,32032,35831,32781,32783,30823,28659
69729,865,35910,33451,32039,35884,32781,32783,30821,28661
69730,866,35919,33427,32002,35812,32782,32783,30821,28662
69731,865,35916,33410,31962,35881,32782,32782,30822,28661
69732,863,35918,33384,32058,35825,32782,32784,30822,28664
69733,862,35907,33430,32021,35867,32782,32782,30822,28660
69734,881,35908,33446,32026,35827,32782,32781,30818,28656
69735,866,35903,33467,31953,35887,32781,32783,30820,28661
69736,865,35918,33441,32034,35835,32781,32782,30820,28660
69737,870,35911,33432,32046,35885,32781,32783,30822,28662
69738,865,35929,33411,31998,35830,32782,32784,30821,28662
69739,920,35925,33454,32056,35832,32782,32782,30819,28662
69740,862,35937,33451,32003,35894,32781,32784,30822,28662
69741,866,35927,33424,31971,35845,32781,32784,30822,28661
69742,865,35919,33383,32019,35859,32782,32782,30828,28665
69743,866,35910,33414,32042,35865,32782,32784,30822,28659
69744,865,35868,33455,32008,35854,32781,32783,30821,28660
69745,866,35891,33447,31959,35887,32781,32783,30822,28662
69746,867,35906,33446,32033,35835,32781,32783,30822,28661
69747,866,35909,33427,32031,35903,32782,32782,30824,28661
69748,866,35932,33396,31983,35820,32783,32782,30821,28661
69749,866,35919,33405,31954,35901,32783,32782,30822,28660
69750,862,35923,33445,32040,35823,32782,32781,30823,28660
69751,874,35912,33452,32023,35894,32782,32781,30822,28660
69752,865,35885,33442,31985,35811,32782,32782,30822,28661
69753,866,35883,33431,31943,35890,32781,32783,30821,28661
69754,865,35910,33390,32041,35813,32782,32783,30823,28663
69755,866,35912,33390,32034,35873,32783,32782,30822,28661
69756,866,35918,33444,31971,35815,32782,32781,30821,28656
69757,869,35929,33446,31941,35879,32782,32783,30823,28662
69758,867,35919,33446,32027,35811,32782,32782,30822,28660
69759,915,35909,33463,32035,35883,32782,32781,30821,28663
69760,866,35935,33448,32034,35876,32782,32783,30822,28662
69761,866,35918,33436,32019,35822,32783,32782,30823,28660
69762,865,35919,33436,31978,35875,32781,32783,30823,28664
69763,864,35902,33414,31954,35850,32782,32783,30822,28661
69764,915,35890,33403,32011,35870,32781,32782,30818,28658
69765,862,35928,33443,31959,35852,32782,32783,30822,28661
69766,866,35915,33414,32033,35887,32782,32782,30821,28661
69767,865,35892,33372,32004,35840,32781,32782,30826,28665
69768,866,35887,33413,31961,35896,32784,32783,30822,28660
69769,866,35885,33453,31968,35820,32781,32781,30821,28661
69770,864,35916,33437,32036,35891,32782,32783,30823,28661
69771,865,35931,33446,32004,35803,32783,32783,30821,28661
69772,912,35948,33434,32055,35811,32781,32783,30821,28659
69773,867,35899,33451,32010,35892,32781,32783,30821,28661
69774,865,35908,33437,31964,35808,32780,32783,30820,28663
69775,870,35925,33423,31975,35888,32781,32783,30825,28664
69776,862,35914,33371,32026,35809,32782,32782,30822,28659
69777,908,35945,33436,32044,35835,32781,32780,30818,28658
69778,867,35904,33424,32023,35867,32781,32783,30823,28661
69779,866,35919,33377,31980,35859,32783,32782,30823,28659
69780,863,35914,33405,31942,35844,32782,32782,30826,28667
69781,868,35919,33442,32033,35857,32781,32783,30820,28662
69782,866,35919,33457,32029,35840,32781,32783,30822,28659
69783,868,35892,33436,31976,35875,32782,32782,30824,28661
69784,867,35876,33412,31946,35808,32781,32781,30821,28661
69785,910,35897,33404,31990,35816,32782,32781,30819,28658
69786,867,35905,33442,31947,35875,32781,32783,30823,28661
69787,868,35891,33430,32035,35817,32783,32782,30822,28660
69788,867,35857,33397,32046,35872,32781,32783,30826,28665
69789,867,35883,33386,31991,35801,32781,32782,30823,28660
69790,866,35905,33444,31953,35877,32781,32783,30823,28660
69791,867,35912,33436,32034,35792,32782,32782,30823,28661
69792,866,35911,33434,32027,35856,32781,32783,30822,28661
69793,940,35908,33441,31994,35799,32781,32786,30826,28666
69794,866,35908,33383,32008,35839,32781,32782,30822,28660
69795,865,35899,33421,32032,35849,32781,32782,30822,28660
69796,867,35861,33433,32000,35828,32783,32781,30823,28662
69797,866,35852,33430,31936,35865,32781,32783,30821,28661
69798,866,35893,33467,32034,35830,32781,32782,30819,28660
69799,868,35897,33411,32024,35858,32781,32784,30822,28661
69800,865,35889,33371,31993,35787,32781,32782,30820,28660
69801,867,35888,33412,31963,35857,32781,32781,30826,28664
69802,865,35900,33427,32029,35759,32783,32782,30823,28658
69803,866,35879,33432,32031,35864,32783,32782,30822,28659
69804,864,35863,33458,31994,35805,32783,32783,30823,28663
69805,866,35861,33408,31958,35857,32782,32781,30824,28660
69806,866,35874,33363,32045,35786,32782,32782,30822,28660
69807,867,35887,33415,32034,35877,32781,32783,30822,28661
69808,864,35910,33463,31986,35808,32782,32783,30823,28663
69809,866,35926,33455,31990,35851,32782,32782,30823,28662
69810,866,35905,33453,32052,35825,32781,32783,30823,28662
69811,867,35885,33412,32022,35840,32782,32783,30821,28661
69812,862,35867,33379,31955,35850,32782,32783,30822,28660
69813,873,35874,33418,31980,35853,32780,32782,30822,28662
69814,862,35872,33475,32061,35860,32781,32782,30823,28662
69815,866,35902,33456,32028,35830,32782,32782,30822,28662
69816,866,35924,33461,31969,35865,32782,32783,30824,28662
69817,867,35905,33416,32002,35797,32782,32783,30823,28661
69818,866,35904,33388,32037,35865,32781,32783,30821,28660
69819,869,35901,33407,32024,35816,32783,32782,30822,28661
69820,863,35877,33460,31973,35884,32782,32782,30823,28662
69821,865,35847,33457,32027,35784,32781,32783,30823,28663
69822,866,35882,33449,32051,35876,32782,32783,30824,28662
69823,863,35862,33393,31985,35784,32782,32782,30823,28660
69824,866,35878,33363,31956,35857,32780,32783,30820,28659
69825,867,35887,33423,32051,35800,32781,32782,30823,28662
69826,862,35914,33451,32031,35858,32782,32783,30823,28663
69827,866,35904,33451,31984,35833,32782,32782,30824,28662
69828,871,35888,33436,31978,35850,32781,32782,30824,28662
69829,867,35854,33412,32030,35820,32782,32784,30822,28661
69830,866,35861,33388,32023,35829,32780,32783,30821,28659
69831,863,35866,33399,31969,35846,32780,32783,30823,28659
69832,866,35877,33444,31958,35824,32782,32784,30820,28660
69833,866,35902,33456,32059,35862,32781,32783,30818,28659
69834,866,35903,33420,32015,35802,32781,32783,30821,28661
69835,864,35888,33403,31959,35872,32784,32782,30822,28658
69836,865,35867,33387,31992,35779,32781,32783,30821,28659
69837,867,35834,33415,32044,35859,32780,32783,30821,28661
69838,865,35851,33419,32010,35777,32783,32783,30823,28660
69839,866,35866,33434,31962,35856,32783,32783,30823,28658
69840,894,35915,33455,32035,35777,32782,32782,30817,28657
69841,864,35890,33460,31990,35836,32781,32784,30822,28660
69842,865,35856,33434,32026,35783,32782,32783,30821,28660
69843,869,35847,33400,31996,35846,32780,32783,30823,28660
69844,865,35851,33388,31950,35790,32782,32782,30822,28660
69845,871,35888,33422,32005,35857,32781,32781,30817,28656
69846,866,35888,33448,32042,35796,32781,32784,30821,28659
69847,863,35888,33445,31999,35857,32782,32782,30822,28659
69848,862,35885,33433,31949,35771,32782,32782,30822,28659
69849,866,35882,33413,32037,35844,32781,32781,30820,28659
69850,866,35868,33371,32039,35769,32782,32781,30823,28659
69851,865,35853,33416,31993,35841,32781,32783,30820,28660
69852,862,35864,33451,31962,35786,32780,32781,30824,28662
69853,863,35840,33423,32034,35818,32781,32782,30822,28661
69854,866,35861,33428,32021,35797,32783,32781,30821,28658
69855,867,35895,33387,31976,35823,32783,32781,30824,28661
69856,866,35894,33391,31992,35828,32782,32783,30823,28658
69857,910,35908,33443,31985,35855,32782,32782,30819,28659
69858,867,35886,33394,32000,35808,32781,32782,30823,28659
69859,867,35889,33377,32044,35859,32781,32781,30822,28659
69860,866,35885,33429,32009,35789,32784,32783,30827,28663
69861,867,35902,33445,31958,35845,32783,32781,30824,28659
69862,866,35881,33449,31997,35774,32781,32783,30822,28659
69863,868,35853,33428,32031,35853,32783,32783,30823,28660
69864,865,35828,33411,32006,35773,32781,32783,30822,28660
69865,869,35876,33407,31982,35868,32782,32782,30820,28657
69866,862,35881,33437,32011,35761,32782,32783,30822,28658
69867,866,35878,33445,32029,35840,32783,32781,30822,28658
69868,865,35880,33443,31989,35768,32782,32782,30824,28662
69869,866,35871,33441,31954,35825,32782,32783,30822,28660
69870,866,35896,33448,32052,35792,32783,32782,30816,28654
69871,866,35853,33375,32032,35835,32783,32781,30822,28660
69872,866,35829,33422,31994,35775,32782,32782,30822,28660
69873,916,35896,33440,32044,35791,32785,32783,30828,28662
69874,866,35864,33382,31981,35802,32783,32781,30823,28657
69875,866,35842,33402,31943,35793,32781,32783,30822,28658
69876,863,35845,33449,32034,35799,32782,32782,30823,28660
69877,866,35853,33440,32020,35838,32782,32781,30823,28659
69878,865,35887,33449,31989,35795,32783,32783,30819,28657
69879,867,35887,33410,31951,35850,32782,32783,30821,28659
69880,866,35858,33383,32048,35765,32781,32783,30820,28659
69881,870,35875,33385,32031,35841,32783,32782,30825,28662
69882,865,35856,33433,31971,35759,32781,32783,30819,28661
69883,866,35824,33428,31946,35835,32782,32783,30821,28659
69884,867,35834,33438,32043,35747,32781,32782,30823,28661
69885,867,35864,33429,32030,35836,32781,32783,30819,28659
69886,912,35876,33404,32066,35833,32782,32782,30821,28659
69887,867,35834,33435,32023,35743,32782,32782,30823,28659
69888,866,35836,33424,31977,35823,32781,32783,30822,28659
69889,876,35854,33409,31938,35751,32781,32782,30825,28659
69890,866,35861,33408,31998,35834,32782,32781,30823,28657
69891,909,35883,33415,31954,35824,32781,32782,30818,28657
69892,867,35857,33417,32019,35758,32782,32782,30823,28659
69893,866,35880,33386,32027,35817,32783,32783,30823,28657
69894,864,35863,33383,31973,35756,32782,32784,30826,28663
69895,863,35859,33448,31950,35816,32783,32782,30822,28657
69896,866,35856,33440,32035,35795,32782,32784,30822,28658
69897,867,35848,33447,32014,35800,32781,32782,30822,28660
69898,862,35823,33403,31958,35823,32782,32782,30822,28658
69899,865,35830,33400,31991,35792,32781,32782,30821,28657
69900,868,35843,33417,32038,35850,32780,32782,30823,28661
69901,865,35840,33439,32003,35770,32782,32782,30824,28658
69902,867,35861,33430,31953,35835,32783,32783,30822,28657
69903,865,35859,33445,31996,35766,32782,32782,30824,28659
69904,863,35875,33424,32046,35833,32782,32781,30825,28661
69905,865,35857,33410,32004,35752,32782,32782,30824,28662
69906,866,35849,33444,31973,35834,32782,32782,30825,28661
69907,865,35812,33446,32024,35732,32782,32783,30823,28657
69908,866,35815,33455,32020,35809,32781,32782,30821,28657
69909,865,35811,33451,31991,35765,32782,32782,30822,28659
69910,863,35840,33436,31969,35802,32781,32782,30824,28660
69911,865,35860,33402,32039,35812,32782,32783,30825,28660
69912,866,35861,33459,32027,35790,32782,32783,30824,28661
69913,869,35861,33452,31963,35814,32782,32782,30823,28658
69914,866,35831,33451,31947,35769,32781,32783,30821,28658
69915,866,35830,33462,32042,35841,32782,32782,30822,28658
69916,862,35814,33416,32021,35763,32782,32783,30823,28661
69917,866,35827,33409,31961,35843,32782,32783,30824,28660
69918,866,35835,33458,32003,35760,32781,32782,30824,28661
69919,876,35844,33448,32030,35819,32783,32782,30822,28658
69920,865,35834,33461,32007,35735,32782,32783,30823,28657
69921,866,35864,33464,31975,35829,32781,32782,30821,28659
69922,862,35857,33444,31996,35742,32782,32782,30823,28660
69923,866,35813,33406,32045,35826,32782,32784,30824,28660
69924,866,35824,33421,32022,35740,32781,32782,30825,28661
69925,864,35819,33439,31959,35783,32781,32783,30822,28659
69926,866,35836,33430,32000,35728,32781,32784,30821,28657
69927,865,35847,33455,32052,35788,32782,32783,30823,28658
69928,862,35834,33399,31987,35764,32781,32782,30824,28658
69929,866,35827,33414,31969,35742,32781,32781,30825,28660
69930,866,35814,33436,32052,35760,32783,32782,30824,28658
69931,865,35776,33448,32019,35699,32782,32782,30825,28656
69932,866,35769,33436,31966,35756,32782,32782,30823,28653
69933,866,35753,33451,31973,35686,32781,32783,30822,28658
69934,873,35792,33426,32047,35772,32781,32783,30824,28658
69935,866,35792,33400,32049,35700,32781,32781,30825,28658
69936,865,35801,33425,32005,35767,32782,32782,30824,28660
69937,864,35783,33449,31965,35671,32782,32781,30825,28655
69938,866,35773,33425,32044,35731,32783,32783,30823,28655
69939,866,35760,33446,32032,35666,32782,32782,30823,28656
69940,862,35751,33405,31976,35738,32781,32782,30826,28657
69941,866,35734,33408,32008,35675,32781,32783,30824,28658
69942,866,35771,33438,32046,35743,32782,32781,30825,28656
69943,865,35754,33445,31994,35682,32781,32783,30824,28655
69944,866,35778,33452,31953,35712,32781,32783,30822,28655
69945,870,35780,33455,31994,35685,32781,32782,30824,28655
69946,863,35786,33427,32035,35699,32781,32781,30825,28656
69947,865,35763,33414,32005,35714,32782,32783,30825,28657
69948,866,35742,33461,31961,35684,32781,32783,30824,28658
69949,864,35716,33448,32032,35725,32782,32783,30822,28654
69950,866,35732,33453,32020,35647,32782,32784,30822,28656
69951,863,35742,33436,31976,35724,32783,32782,30826,28655
69952,866,35732,33412,31952,35622,32781,32783,30824,28652
69953,890,35753,33438,31960,35680,32781,32782,30819,28651
69954,866,35710,33392,32033,35661,32783,32781,30824,28654
69955,866,35706,33401,32007,35681,32782,32783,30824,28652
69956,868,35718,33445,31968,35645,32783,32781,30824,28655
69957,867,35724,33448,31939,35698,32782,32782,30824,28653
69958,865,35752,33459,32054,35661,32786,32785,30828,28659
69959,866,35732,33434,32008,35703,32782,32783,30822,28656
69960,865,35744,33397,31947,35635,32782,32783,30822,28654
69961,866,35746,33405,31963,35700,32781,32783,30826,28655
69962,865,35700,33464,32020,35634,32782,32783,30824,28653
69963,866,35713,33454,32008,35709,32781,32781,30820,28652
69964,871,35726,33444,31947,35627,32782,32782,30823,28653
69965,866,35729,33430,31962,35700,32782,32783,30824,28653
69966,862,35745,33398,32034,35625,32782,32782,30824,28654
69967,863,35740,33431,32003,35676,32781,32783,30823,28654
69968,863,35742,33455,31948,35632,32782,32781,30827,28656
69969,866,35747,33463,32028,35669,32782,32783,30824,28652
69970,866,35727,33445,32036,35659,32783,32783,30819,28649
69971,864,35694,33405,31973,35639,32782,32782,30823,28653
69972,866,35692,33385,31959,35694,32781,32782,30824,28652
69973,871,35728,33402,32033,35649,32781,32783,30825,28655
69974,866,35748,33446,32022,35672,32781,32783,30822,28654
69975,910,35765,33477,32059,35703,32782,32783,30820,28650
69976,867,35715,33411,32030,35632,32783,32784,30824,28653
69977,865,35718,33457,31991,35696,32781,32783,30822,28654
69978,865,35732,33442,31952,35625,32782,32783,30828,28657
69979,867,35733,33450,32041,35706,32782,32782,30823,28652
69980,866,35757,33434,32028,35621,32783,32781,30824,28652
69981,865,35746,33411,31976,35690,32781,32782,30823,28655
69982,867,35709,33422,31961,35611,32781,32783,30821,28653
69983,865,35704,33474,32057,35695,32782,32783,30821,28653
69984,862,35707,33447,32003,35615,32781,32783,30823,28655
69985,868,35714,33450,31958,35670,32782,32782,30823,28653
69986,868,35728,33434,31974,35633,32782,32782,30826,28656
69987,865,35725,33400,32026,35668,32782,32783,30822,28653
69988,910,35759,33428,32009,35667,32782,32781,30822,28651
69989,867,35730,33439,32038,35669,32781,32782,30825,28654
69990,866,35735,33397,32017,35655,32782,32782,30824,28653
69991,868,35741,33400,31961,35681,32780,32782,30830,28660
69992,867,35726,33428,31982,35634,32781,32784,30823,28654
69993,865,35733,33439,32043,35682,32781,32783,30823,28653
69994,866,35707,33440,32000,35617,32781,32783,30825,28654
69995,867,35689,33421,31950,35698,32782,32782,30823,28651
69996,907,35714,33464,32010,35692,32782,32781,30822,28653
69997,863,35727,33430,31958,35604,32781,32783,30825,28654
69998,866,35705,33419,32040,35671,32781,32782,30823,28654
69999,866,35696,33376,32028,35605,32782,32782,30826,28655
70000,867,35686,33396,31966,35662,32782,32782,30823,28652
70001,865,35712,33433,31944,35598,32780,32780,30818,28647
70002,865,35720,33460,32049,35652,32781,32782,30825,28654
70003,866,35731,33438,32015,35624,32781,32783,30824,28654
70004,862,35716,33411,31943,35644,32782,32783,30822,28654
70005,869,35727,33407,31972,35668,32782,32783,30825,28654
70006,863,35734,33425,32040,35638,32781,32781,30827,28654
70007,866,35700,33458,32011,35698,32781,32783,30827,28655
70008,865,35692,33451,31956,35628,32781,32783,30825,28655
70009,869,35680,33433,31992,35691,32782,32782,30824,28653
70010,865,35704,33426,32031,35622,32783,32781,30824,28652
70011,868,35734,33396,32026,35694,32782,32783,30825,28654
70012,862,35729,33428,31965,35622,32781,32781,30826,28656
70013,866,35740,33460,32051,35699,32782,32782,30826,28655
70014,866,35736,33449,32041,35606,32781,32783,30826,28656
70015,868,35693,33420,31977,35663,32780,32783,30823,28654
70016,865,35665,33406,31945,35601,32782,32784,30824,28653
70017,874,35698,33420,32008,35679,32783,32782,30823,28655
70018,862,35709,33397,32041,35609,32781,32783,30826,28655
70019,866,35741,33447,32003,35668,32781,32781,30826,28655
70020,866,35733,33460,31952,35614,32782,32783,30826,28654
70021,867,35721,33437,32012,35653,32781,32781,30823,28652
70022,866,35707,33434,32019,35629,32781,32783,30823,28654
70023,869,35694,33407,32009,35667,32781,32782,30824,28653
70024,863,35680,33403,31958,35649,32781,32782,30825,28655
70025,865,35695,33460,32044,35641,32780,32782,30825,28656
70026,866,35697,33449,32035,35668,32782,32780,30826,28655
70027,867,35711,33444,31976,35612,32783,32783,30825,28652
70028,866,35697,33416,31953,35667,32783,32783,30823,28651
70029,867,35709,33404,32042,35622,32782,32783,30824,28654
70030,863,35720,33405,32026,35687,32782,32781,30826,28654
70031,865,35708,33456,31973,35607,32781,32783,30826,28655
70032,872,35700,33453,31988,35685,32782,32782,30825,28656
70033,867,35687,33446,32030,35597,32782,32782,30825,28652
70034,866,35711,33448,32009,35678,32783,32783,30824,28652
70035,867,35726,33436,31989,35607,32783,32782,30825,28653
70036,863,35724,33396,31992,35669,32783,32782,30826,28654
70037,866,35724,33440,32050,35596,32782,32782,30825,28656
70038,866,35712,33446,32033,35664,32781,32782,30826,28655
70039,867,35673,33437,31959,35590,32782,32783,30823,28653
70040,865,35663,33425,31975,35643,32782,32782,30823,28653
70041,869,35690,33438,32056,35597,32781,32783,30824,28654
70042,862,35705,33400,32029,35661,32782,32783,30826,28655
70043,866,35731,33438,31966,35648,32782,32782,30826,28654
70044,866,35732,33453,32005,35638,32781,32783,30825,28655
70045,867,35699,33432,32031,35633,32781,32783,30824,28653
70046,866,35716,33420,32006,35620,32781,32783,30824,28654
70047,873,35696,33419,31974,35686,32782,32783,30824,28654
70048,862,35660,33391,32008,35634,32781,32782,30826,28656
70049,866,35713,33425,32052,35687,32782,32781,30827,28654
70050,866,35723,33445,32015,35624,32782,32782,30825,28655
70051,868,35709,33443,31946,35680,32781,32783,30823,28653
70052,865,35718,33447,31999,35609,32781,32783,30823,28653
70053,865,35737,33433,32038,35673,32782,32783,30825,28653
70054,862,35711,33400,31994,35594,32782,32781,30826,28655
70055,865,35693,33437,31956,35669,32781,32783,30826,28655
70056,866,35681,33484,32048,35608,32781,32782,30826,28657
70057,868,35685,33460,32032,35654,32782,32783,30825,28654
70058,865,35701,33433,31973,35596,32783,32782,30824,28651
70059,868,35718,33438,31965,35658,32782,32781,30824,28653
70060,863,35729,33395,32055,35633,32782,32781,30825,28656
70061,866,35734,33437,32034,35643,32780,32782,30826,28655
70062,871,35763,33470,31981,35675,32781,32782,30824,28656
70063,867,35679,33444,31952,35637,32782,32784,30825,28655
70064,866,35690,33444,32034,35645,32782,32783,30824,28652
70065,862,35677,33408,32011,35603,32782,32784,30826,28654
70066,865,35704,33390,31954,35658,32783,32781,30824,28652
70067,866,35729,33442,31980,35620,32782,32782,30818,28647
70068,862,35704,33441,32036,35665,32782,32782,30823,28653
70069,865,35699,33444,31997,35596,32782,32782,30823,28653
70070,865,35703,33438,31943,35660,32782,32782,30828,28659
70071,867,35691,33405,32026,35596,32782,32783,30822,28654
70072,866,35673,33398,32037,35665,32782,32782,30824,28651
70073,864,35660,33425,31987,35594,32782,32782,30825,28652
70074,866,35670,33444,31953,35652,32781,32783,30823,28652
70075,867,35684,33449,32037,35602,32781,32783,30825,28655
70076,866,35704,33433,32022,35646,32782,32783,30823,28654
70077,865,35704,33408,31977,35642,32783,32783,30816,28647
70078,864,35708,33403,31970,35633,32781,32782,30824,28653
70079,866,35701,33436,32024,35654,32781,32783,30823,28653
70080,864,35689,33445,32007,35614,32783,32781,30824,28652
70081,863,35666,33455,31954,35682,32781,32783,30822,28651
70082,863,35683,33450,32020,35614,32782,32781,30823,28654
70083,866,35675,33388,32030,35688,32781,32783,30822,28653
70084,866,35709,33410,31996,35585,32781,32782,30823,28652
70085,864,35714,33452,31948,35666,32782,32782,30825,28650
70086,865,35714,33441,32028,35593,32781,32782,30823,28653
70087,864,35732,33459,32025,35667,32781,32783,30822,28652
70088,866,35705,33413,31965,35604,32782,32782,30825,28651
70089,866,35688,33386,31954,35650,32782,32783,30824,28652
70090,866,35662,33418,32022,35627,32781,32783,30822,28654
70091,866,35671,33444,32004,35637,32781,32782,30823,28653
70092,894,35722,33412,32011,35596,32781,32783,30829,28659
70093,863,35713,33444,31962,35673,32782,32781,30825,28652
70094,866,35705,33453,31955,35586,32782,32782,30823,28653
70095,868,35703,33438,32026,35670,32782,32783,30825,28653
70096,862,35673,33396,32006,35597,32783,32781,30824,28651
70097,911,35688,33423,32050,35632,32781,32783,30822,28652
70098,866,35714,33435,32006,35638,32781,32782,30825,28653
70099,866,35682,33391,31945,35611,32782,32781,30824,28652
70100,868,35675,33384,31982,35638,32782,32782,30827,28656
70101,862,35680,33430,32030,35652,32781,32784,30823,28653
70102,866,35699,33465,32014,35632,32782,32782,30817,28648
70103,864,35695,33453,31939,35667,32781,32782,30825,28652
70104,867,35714,33442,32018,35616,32782,32783,30824,28653
70105,921,35712,33434,31952,35628,32783,32782,30829,28656
70106,866,35698,33453,31986,35652,32781,32782,30822,28652
70107,866,35715,33441,32041,35600,32781,32784,30823,28652
70108,862,35699,33418,31994,35667,32780,32783,30826,28654
70109,865,35716,33392,31956,35594,32781,32784,30823,28652
70110,908,35724,33439,32031,35682,32781,32783,30823,28652
70111,869,35711,33413,31935,35656,32782,32782,30823,28651
70112,866,35701,33393,32015,35584,32782,32783,30823,28652
70113,867,35704,33427,32024,35658,32780,32784,30825,28656
70114,867,35681,33444,31980,35574,32782,32784,30823,28652
70115,908,35677,33463,32047,35609,32781,32783,30821,28648
70116,866,35711,33409,31972,35646,32781,32784,30823,28652
70117,868,35704,33429,31946,35613,32780,32781,30822,28653
70118,887,35684,33452,31968,35665,32780,32781,30828,28657
70119,867,35677,33454,32042,35593,32781,32784,30822,28652
70120,866,35697,33449,32010,35658,32781,32782,30823,28652
70121,867,35709,33427,31965,35603,32782,32784,30826,28652
70122,866,35695,33415,31949,35644,32783,32782,30824,28649
70123,872,35705,33411,32041,35593,32781,32782,30822,28649
70124,867,35670,33398,32028,35671,32782,32782,30823,28650
70125,866,35654,33442,31980,35581,32782,32784,30823,28652
70126,864,35670,33450,31960,35665,32783,32782,30824,28652
70127,863,35691,33451,32042,35604,32781,32781,30825,28656
70128,865,35695,33438,32039,35648,32783,32782,30827,28655
70129,864,35696,33369,31954,35627,32783,32783,30824,28653
70130,866,35710,33424,31976,35625,32782,32783,30824,28651
70131,866,35720,33453,32038,35650,32782,32781,30825,28654
70132,862,35702,33472,32014,35612,32782,32781,30827,28653
70133,866,35678,33455,31963,35672,32781,32782,30824,28654
70134,866,35668,33409,32030,35597,32782,32783,30825,28654
70135,865,35658,33380,32018,35662,32783,32782,30825,28652
70136,866,35673,33433,31993,35578,32782,32783,30824,28652
70137,864,35701,33469,31960,35652,32781,32782,30824,28653
70138,869,35715,33456,32059,35589,32781,32782,30825,28654
70139,865,35710,33447,32043,35667,32781,32782,30826,28655
70140,866,35708,33431,31992,35585,32781,32783,30826,28654
70141,869,35668,33387,31944,35654,32783,32783,30824,28652
70142,866,35660,33427,32032,35587,32781,32784,30822,28652
70143,866,35680,33461,32036,35644,32782,32783,30825,28653
70144,863,35689,33477,31980,35609,32781,32782,30826,28654
70145,865,35701,33452,31965,35617,32782,32782,30826,28654
70146,866,35704,33411,32048,35630,32781,32783,30825,28654
70147,866,35676,33389,32013,35610,32781,32783,30823,28653
70148,866,35709,33443,31961,35644,32782,32783,30824,28652
70149,864,35694,33467,31978,35602,32781,32782,30824,28652
70150,863,35670,33463,32040,35659,32781,32781,30826,28654
70151,866,35653,33451,32009,35591,32782,32782,30825,28654
70152,866,35681,33404,31961,35669,32781,32783,30826,28655
70153,873,35665,33394,31992,35558,32782,32783,30823,28651
70154,865,35681,33418,32032,35642,32783,32784,30824,28651
70155,866,35697,33471,32011,35565,32782,32783,30824,28653
70156,863,35712,33472,31963,35645,32781,32781,30826,28653
70157,866,35695,33458,32028,35572,32781,32783,30825,28655
70158,866,35663,33422,32035,35641,32782,32783,30827,28654
70159,865,35647,33383,31989,35581,32782,32781,30824,28651
70160,866,35674,33429,31944,35631,32780,32782,30823,28651
70161,869,35708,33468,32030,35603,32781,32782,30823,28652
70162,863,35701,33463,32040,35630,32782,32782,30825,28653
70163,866,35713,33450,31996,35623,32781,32781,30826,28654
70164,866,35699,33414,31962,35618,32781,32781,30825,28654
70165,869,35695,33377,32031,35612,32782,32783,30824,28650
70166,866,35653,33428,32013,35591,32781,32783,30821,28652
70167,866,35638,33464,31999,35644,32781,32781,30825,28653
70168,862,35657,33461,31974,35594,32781,32782,30825,28655
70169,866,35696,33445,32047,35659,32781,32782,30826,28653
70170,866,35702,33429,32019,35588,32781,32783,30825,28654
70171,865,35671,33383,31951,35646,32781,32782,30824,28653
70172,866,35673,33443,31969,35554,32782,32783,30825,28650
70173,864,35691,33465,32051,35649,32782,32781,30825,28652
70174,863,35679,33462,32008,35577,32782,32782,30826,28653
70175,866,35643,33444,31965,35638,32782,32783,30826,28654
70176,865,35629,33404,32040,35596,32782,32781,30825,28653
70177,866,35626,33420,32020,35605,32781,32783,30824,28653
70178,865,35665,33436,31987,35592,32781,32783,30823,28650
70179,866,35694,33466,31962,35612,32782,32783,30824,28652
70180,868,35681,33469,32044,35626,32782,32782,30825,28654
70181,866,35693,33463,32047,35604,32782,32782,30827,28653
70182,866,35698,33402,31994,35650,32781,32782,30826,28654
70183,868,35637,33403,31944,35585,32781,32782,30824,28652
70184,866,35620,33451,32030,35644,32780,32783,30824,28651
70185,866,35661,33456,32027,35589,32782,32783,30824,28653
70186,863,35669,33457,31979,35644,32781,32782,30825,28653
70187,866,35658,33432,31973,35561,32782,32782,30825,28653
70188,866,35692,33410,32055,35636,32781,32782,30825,28653
70189,864,35667,33414,32008,35542,32782,32782,30825,28651
70190,866,35661,33438,31964,35621,32782,32782,30825,28650
70191,871,35651,33467,31963,35558,32782,32782,30824,28653
70192,865,35654,33471,32046,35629,32782,32783,30826,28653
70193,863,35644,33448,32019,35561,32782,32783,30824,28654
70194,866,35665,33417,31976,35610,32783,32783,30827,28654
70195,868,35664,33389,31985,35577,32782,32783,30825,28651
70196,866,35672,33439,32027,35604,32782,32781,30825,28649
70197,867,35681,33464,32019,35592,32782,32782,30824,28651
70198,862,35671,33473,31973,35604,32782,32781,30826,28652
70199,866,35665,33449,32021,35626,32781,32782,30825,28654
70200,865,35636,33406,32025,35588,32781,32782,30825,28652
70201,865,35633,33398,31976,35639,32781,32783,30824,28651
70202,865,35643,33444,31930,35555,32781,32783,30824,28652
70203,867,35661,33450,32052,35638,32781,32782,30823,28652
70204,862,35674,33467,32020,35565,32782,32781,30826,28652
70205,872,35694,33441,31985,35645,32783,32783,30826,28652
70206,865,35683,33415,31954,35546,32781,32783,30826,28653
70207,870,35639,33396,32023,35613,32782,32782,30825,28651
70208,866,35634,33439,32018,35541,32781,32784,30823,28649
70209,866,35637,33461,31997,35628,32782,32783,30824,28651
70210,863,35654,33465,31969,35563,32781,32782,30827,28654
70211,866,35677,33456,32053,35620,32781,32782,30825,28653
70212,865,35670,33407,32023,35558,32782,32781,30827,28653
70213,864,35689,33403,31948,35605,32781,32783,30824,28652
70214,866,35666,33442,31962,35569,32781,32783,30823,28649
70215,866,35661,33465,32039,35589,32781,32783,30825,28651
70216,862,35642,33464,32018,35634,32781,32783,30826,28652
70217,866,35621,33440,31963,35584,32782,32781,30826,28652
70218,866,35633,33416,32027,35652,32782,32783,30826,28653
70219,868,35640,33400,32039,35562,32780,32781,30824,28651
70220,871,35673,33443,31983,35614,32782,32784,30825,28649
70221,866,35671,33456,31968,35564,32782,32781,30823,28650
70222,862,35694,33466,32030,35647,32782,32781,30826,28654
70223,866,35664,33448,32039,35564,32781,32782,30826,28653
70224,866,35651,33421,31999,35630,32781,32783,30826,28654
70225,864,35618,33401,31944,35550,32783,32782,30825,28651
70226,866,35625,33440,32033,35622,32781,32784,30824,28650
70227,866,35645,33455,32040,35549,32781,32782,30824,28652
70228,862,35672,33449,31984,35616,32781,32783,30825,28654
70229,866,35667,33431,31973,35580,32782,32782,30826,28653
70230,866,35673,33389,32057,35603,32783,32783,30827,28654
70231,868,35663,33390,32019,35602,32783,32783,30824,28651
70232,866,35645,33435,31964,35591,32780,32783,30825,28650
70233,867,35643,33464,31976,35612,32782,32782,30825,28653
70234,862,35620,33459,32050,35569,32782,32782,30826,28653
70235,865,35654,33439,32019,35641,32781,32783,30825,28654
70236,866,35663,33403,31964,35570,32782,32782,30826,28653
70237,864,35651,33416,32018,35604,32781,32782,30824,28652
70238,866,35662,33439,32030,35536,32782,32783,30824,28650
70239,866,35677,33454,31993,35625,32782,32782,30825,28651
70240,863,35688,33440,31969,35557,32783,32783,30826,28653
70241,865,35661,33425,32056,35610,32782,32782,30826,28652
70242,866,35637,33396,32045,35570,32782,32782,30825,28653
70243,868,35619,33424,31982,35601,32781,32783,30824,28651
70244,866,35647,33442,31956,35564,32781,32783,30823,28651
70245,867,35669,33458,32056,35631,32781,32782,30824,28652
70246,862,35677,33457,32043,35601,32781,32782,30825,28653
70247,866,35690,33407,31972,35610,32783,32783,30826,28653
70248,866,35684,33394,31980,35642,32782,32782,30825,28653
70249,864,35665,33427,32045,35569,32782,32781,30823,28652
70250,865,35629,33429,32016,35619,32782,32781,30824,28649
70251,870,35626,33448,31979,35568,32782,32782,30824,28652
70252,863,35645,33447,32011,35647,32782,32782,30825,28653
70253,866,35672,33401,32052,35564,32782,32781,30825,28654
70254,865,35673,33396,32001,35638,32782,32782,30826,28653
70255,869,35649,33410,31955,35541,32785,32782,30825,28650
70256,866,35650,33432,32002,35632,32782,32782,30823,28648
70257,865,35652,33452,32032,35547,32782,32782,30824,28652
70258,862,35636,33441,31993,35592,32781,32783,30826,28653
70259,866,35619,33390,31955,35573,32782,32782,30826,28653
70260,865,35625,33401,32051,35610,32782,32782,30827,28652
70261,865,35635,33419,32017,35590,32783,32782,30824,28651
70262,865,35643,33431,31969,35563,32782,32782,30825,28651
70263,868,35666,33437,31960,35602,32781,32782,30824,28651
70264,868,35668,33451,32043,35589,32782,32781,30826,28652
70265,865,35659,33413,32027,35617,32780,32783,30826,28653
70266,866,35642,33402,31974,35571,32781,32782,30826,28652
70267,869,35614,33416,31939,35619,32781,32784,30825,28651
70268,865,35607,33440,32026,35554,32783,32781,30824,28649
70269,867,35652,33459,32026,35637,32781,32783,30826,28652
70270,863,35669,33436,31964,35565,32782,32783,30825,28653
70271,865,35652,33418,31982,35616,32782,32782,30826,28653
70272,872,35657,33388,32052,35543,32782,32782,30825,28654
70273,869,35630,33400,32024,35608,32781,32782,30824,28651
70274,866,35598,33429,31972,35531,32781,32784,30824,28651
70275,866,35616,33457,31958,35629,32781,32782,30823,28652
70276,862,35641,33452,32037,35555,32782,32783,30826,28653
70277,866,35643,33439,32015,35608,32782,32782,30825,28652
70278,866,35665,33407,31951,35555,32782,32781,30827,28653
70279,868,35667,33407,31974,35606,32781,32783,30823,28650
70280,866,35663,33449,32028,35563,32781,32785,30823,28650
70281,866,35666,33452,32021,35613,32782,32783,30823,28652
70282,863,35656,33463,31953,35591,32781,32783,30826,28652
70283,866,35625,33433,32013,35593,32782,32781,30826,28654
70284,866,35632,33400,32046,35620,32781,32782,30826,28652
70285,864,35634,33419,31982,35570,32783,32784,30824,28651
70286,866,35653,33439,31942,35621,32783,32782,30824,28649
70287,877,35662,33468,31997,35587,32781,32783,30824,28651
70288,862,35663,33450,32039,35623,32783,32782,30825,28652
70289,866,35660,33438,32000,35558,32781,32782,30825,28652
70290,865,35633,33397,31949,35626,32781,32781,30827,28653
70291,869,35606,33380,32017,35555,32783,32782,30825,28650
70292,866,35612,33423,32025,35617,32783,32784,30826,28650
70293,868,35667,33461,32004,35580,32781,32783,30825,28652
70294,862,35654,33461,31961,35637,32781,32782,30827,28652
70295,866,35656,33450,32046,35552,32782,32782,30826,28654
70296,865,35668,33422,32032,35626,32781,32782,30826,28654
70297,865,35652,33387,31965,35550,32782,32782,30823,28651
70298,866,35630,33435,31944,35595,32781,32783,30824,28651
70299,865,35628,33448,32044,35556,32781,32783,30825,28652
70300,863,35632,33477,32029,35598,32781,32783,30825,28653
70301,866,35651,33446,31961,35599,32781,32782,30826,28653
70302,871,35657,33395,31983,35598,32782,32782,30825,28654
70303,868,35658,33385,32023,35584,32782,32782,30825,28651
70304,866,35646,33438,32004,35585,32781,32783,30824,28650
70305,867,35676,33461,31975,35618,32782,32783,30826,28652
70306,862,35642,33463,31987,35585,32781,32783,30826,28653
70307,866,35622,33435,32038,35638,32782,32782,30826,28652
70308,866,35619,33403,32012,35568,32781,32783,30826,28653
70309,864,35624,33407,31933,35625,32781,32783,30825,28653
70310,865,35641,33434,32004,35553,32782,32783,30824,28649
70311,866,35661,33466,32037,35618,32782,32782,30824,28650
70312,863,35665,33450,31988,35554,32781,32783,30826,28652
70313,865,35672,33442,31954,35627,32781,32781,30826,28653
70314,866,35652,33410,32034,35559,32782,32782,30826,28653
70315,869,35635,33395,32004,35605,32781,32783,30824,28651
70316,865,35613,33426,31975,35551,32782,32782,30823,28650
70317,867,35624,33447,31961,35606,32783,32782,30826,28651
70318,862,35644,33462,32048,35590,32782,32781,30826,28653
70319,866,35659,33429,32016,35603,32782,32782,30826,28653
70320,866,35670,33409,31958,35622,32782,32782,30826,28654
70321,864,35648,33424,31957,35563,32783,32782,30825,28648
70322,866,35643,33444,32020,35624,32781,32784,30824,28650
70323,866,35656,33459,32023,35564,32783,32784,30825,28652
70324,862,35620,33464,31960,35626,32781,32782,30827,28654
70325,865,35612,33426,32036,35560,32782,32782,30826,28653
70326,866,35622,33407,32041,35628,32783,32782,30826,28653
70327,869,35620,33422,31997,35543,32783,32781,30825,28651
70328,865,35645,33456,31936,35611,32782,32783,30825,28649
70329,867,35647,33470,32022,35524,32782,32781,30824,28651
70330,863,35664,33462,32032,35598,32782,32782,30826,28652
70331,865,35651,33420,31991,35564,32781,32782,30825,28653
70332,866,35644,33401,31961,35616,32782,32783,30826,28653
70333,864,35604,33428,32033,35580,32782,32783,30823,28653
70334,866,35606,33438,32013,35580,32782,32784,30823,28652
70335,866,35627,33451,31979,35611,32782,32783,30824,28650
70336,862,35651,33433,31984,35581,32781,32781,30826,28654
70337,866,35665,33413,32031,35634,32782,32781,30827,28652
70338,866,35662,33410,32007,35565,32782,32784,30827,28653
70339,874,35641,33423,31963,35605,32780,32783,30824,28650
70340,865,35613,33432,31954,35567,32781,32783,30824,28650
70341,867,35599,33453,32049,35636,32782,32782,30825,28651
70342,862,35627,33455,32013,35546,32782,32783,30825,28654
70343,866,35623,33423,31965,35631,32782,32781,30827,28652
70344,866,35647,33405,32008,35549,32781,32783,30825,28653
70345,864,35648,33438,32021,35601,32782,32782,30825,28650
70346,866,35639,33452,31979,35540,32782,32782,30826,28650
70347,865,35671,33458,31961,35619,32781,32782,30824,28652
70348,863,35648,33445,32035,35565,32782,32782,30827,28651
70349,866,35632,33402,32019,35589,32781,32783,30826,28653
70350,865,35605,33420,31984,35593,32782,32782,30827,28652
70351,869,35601,33432,31946,35579,32782,32782,30825,28651
70352,866,35635,33454,32038,35593,32782,32782,30824,28649
70353,866,35661,33464,32039,35583,32782,32782,30825,28651
70354,869,35664,33450,31971,35619,32782,32781,30826,28653
70355,865,35663,33422,31962,35570,32781,32781,30826,28654
70356,866,35656,33417,32042,35608,32781,32782,30826,28652
70357,864,35614,33433,32006,35530,32780,32784,30823,28650
70358,866,35590,33453,31947,35623,32781,32783,30823,28651
70359,866,35624,33467,31983,35555,32781,32782,30826,28650
70360,862,35645,33455,32029,35615,32781,32782,30826,28652
70361,866,35669,33416,32007,35539,32784,32782,30826,28652
70362,865,35655,33410,31973,35614,32783,32782,30825,28653
70363,868,35643,33445,31995,35529,32782,32782,30825,28651
70364,866,35638,33452,32026,35599,32781,32784,30823,28651
70365,868,35639,33454,32016,35547,32781,32783,30825,28652
70366,866,35619,33464,31957,35586,32782,32782,30826,28653
70367,865,35604,33437,32022,35568,32783,32782,30827,28653
70368,866,35649,33425,32050,35590,32782,32783,30825,28653
70369,870,35633,33452,31972,35590,32782,32783,30825,28649
70370,865,35657,33455,31946,35570,32781,32783,30823,28651
70371,869,35654,33474,32000,35590,32782,32782,30823,28651
70372,866,35655,33475,32040,35585,32782,32783,30826,28652
70373,866,35614,33443,32009,35612,32783,32782,30827,28652
70374,866,35608,33402,31960,35565,32781,32783,30827,28653
70375,868,35612,33405,31992,35607,32783,32783,30824,28650
70376,866,35629,33449,32021,35541,32781,32783,30823,28649
70377,869,35657,33480,32017,35627,32782,32783,30826,28651
70378,866,35659,33464,31965,35558,32781,32783,30826,28652
70379,866,35659,33460,32016,35637,32782,32782,30826,28654
70380,865,35636,33427,32047,35551,32781,32782,30828,28653
70381,865,35602,33408,31994,35613,32781,32782,30825,28650
70382,865,35599,33460,31942,35522,32784,32783,30825,28649
70383,869,35631,33475,32037,35603,32782,32783,30826,28651
70384,872,35643,33485,32039,35524,32781,32782,30826,28653
70385,865,35664,33477,32012,35625,32782,32783,30826,28652
70386,866,35643,33450,31961,35536,32782,32781,30827,28652
70387,868,35642,33406,31992,35605,32783,32782,30825,28649
70388,866,35613,33423,32039,35520,32784,32782,30824,28648
70389,864,35604,33463,32012,35605,32781,32784,30824,28651
70390,866,35646,33482,31959,35553,32782,32782,30827,28651
70391,866,35643,33460,32033,35600,32780,32783,30827,28652
70392,865,35652,33433,32036,35587,32781,32782,30826,28653
70393,868,35641,33391,31979,35592,32781,32783,30826,28649
70394,866,35640,33412,31939,35565,32783,32784,30826,28650
70395,868,35651,33471,32032,35575,32781,32783,30825,28650
70396,865,35621,33463,32033,35604,32782,32782,30827,28652
70397,866,35613,33469,31993,35569,32781,32782,30827,28653
70398,866,35616,33439,31956,35614,32783,32782,30827,28652
70399,874,35623,33394,32010,35550,32782,32783,30826,28650
70400,866,35639,33394,32014,35589,32782,32782,30825,28648
70401,869,35649,33440,32004,35579,32781,32783,30824,28651
70402,866,35663,33452,31944,35610,32782,32781,30828,28652
70403,866,35623,33477,32002,35555,32781,32783,30826,28652
70404,866,35604,33464,32031,35616,32781,32783,30826,28652
70405,864,35580,33420,31981,35542,32782,32782,30824,28649
70406,866,35616,33386,31921,35611,32781,32782,30823,28651
70407,868,35627,33421,32013,35533,32781,32782,30825,28649
70408,866,35617,33460,32020,35617,32782,32783,30826,28652
70409,866,35637,33452,31981,35525,32781,32782,30827,28651
70410,866,35654,33460,31938,35609,32781,32783,30827,28653
70411,868,35612,33432,32015,35521,32781,32783,30825,28650
70412,866,35577,33408,32020,35598,32781,32782,30825,28650
70413,869,35604,33409,32000,35536,32782,32783,30825,28650
70414,870,35627,33459,31954,35605,32782,32782,30826,28652
70415,865,35636,33456,32027,35534,32781,32783,30827,28652
70416,866,35657,33470,32041,35599,32780,32784,30827,28653
70417,865,35615,33437,31976,35518,32782,32783,30826,28648
70418,865,35634,33404,31939,35585,32783,32784,30824,28649
70419,869,35600,33392,32025,35538,32782,32782,30825,28649
70420,866,35609,33440,32027,35603,32783,32783,30826,28651
70421,866,35626,33470,31995,35572,32783,32782,30827,28652
70422,865,35638,33452,31954,35579,32782,32782,30827,28651
70423,867,35619,33436,32041,35578,32781,32782,30825,28650
70424,866,35630,33405,32010,35552,32781,32783,30824,28648
70425,868,35639,33402,31985,35596,32781,32781,30825,28649
70426,866,35621,33439,31952,35537,32782,32782,30826,28652
70427,866,35596,33464,32042,35608,32782,32782,30826,28652
70428,865,35598,33459,32039,35538,32782,32783,30826,28651
70429,871,35602,33428,31966,35585,32783,32781,30827,28648
70430,865,35621,33424,31937,35521,32782,32782,30826,28649
70431,869,35635,33397,32034,35595,32784,32782,30826,28649
70432,865,35651,33415,32036,35528,32781,32782,30826,28652
70433,866,35643,33470,31981,35610,32781,32783,30826,28651
70434,866,35609,33463,31956,35523,32782,32781,30827,28651
70435,869,35583,33450,32024,35582,32783,32781,30827,28649
70436,865,35598,33441,32020,35495,32781,32784,30825,28648
70437,869,35651,33443,32001,35588,32783,32781,30825,28649
70438,866,35639,33420,31965,35519,32781,32782,30828,28652
70439,866,35653,33445,32041,35599,32782,32782,30826,28653
70440,866,35633,33472,32027,35512,32782,32783,30827,28651
70441,864,35627,33458,31960,35565,32782,32783,30825,28651
70442,866,35591,33438,31933,35516,32782,32783,30824,28650
70443,869,35593,33440,32025,35574,32781,32782,30824,28650
70444,869,35619,33405,32034,35540,32783,32783,30827,28651
70445,866,35630,33434,31976,35579,32782,32782,30827,28652
70446,865,35645,33471,31947,35554,32782,32782,30826,28652
70447,869,35612,33438,32020,35539,32783,32782,30826,28649
70448,866,35614,33449,32014,35540,32782,32783,30825,28649
70449,868,35603,33470,31976,35558,32782,32783,30826,28650
70450,866,35602,33429,31950,35569,32781,32783,30827,28652
70451,865,35603,33417,32042,35555,32782,32782,30826,28652
70452,866,35624,33460,32033,35594,32781,32782,30828,28652
70453,868,35624,33458,31962,35535,32782,32782,30826,28646
70454,866,35625,33447,31944,35609,32782,32783,30825,28648
70455,868,35654,33456,32047,35550,32782,32782,30824,28650
70456,865,35626,33438,32019,35605,32782,32783,30827,28653
70457,866,35608,33419,31966,35534,32782,32783,30825,28650
70458,866,35595,33452,31969,35597,32781,32783,30826,28650
70459,874,35595,33445,32025,35524,32782,32783,30824,28649
70460,865,35619,33449,32020,35590,32783,32782,30824,28649
70461,864,35641,33458,31990,35512,32781,32780,30825,28651
70462,866,35652,33445,31967,35597,32780,32782,30826,28653
70463,866,35644,33403,32045,35511,32782,32782,30828,28650
70464,866,35624,33417,32019,35593,32782,32782,30825,28651
70465,864,35598,33455,31960,35505,32783,32783,30825,28649
70466,866,35592,33444,31972,35575,32782,32783,30825,28646
70467,868,35607,33467,32049,35529,32782,32782,30825,28651
70468,866,35617,33436,32021,35566,32782,32782,30827,28651
70469,866,35633,33409,31968,35548,32781,32782,30827,28653
70470,865,35644,33431,32010,35573,32782,32783,30828,28652
70471,869,35633,33443,32028,35542,32783,32783,30824,28649
70472,866,35607,33427,32006,35551,32784,32782,30824,28647
70473,869,35595,33471,31979,35561,32781,32784,30826,28651
70474,870,35593,33459,31983,35548,32782,32782,30826,28651
70475,866,35604,33431,32055,35552,32781,32783,30826,28652
70476,865,35639,33404,32020,35555,32782,32782,30827,28651
70477,865,35612,33419,31949,35568,32780,32783,30824,28649
70478,866,35626,33447,31981,35535,32781,32783,30824,28649
70479,868,35625,33452,32040,35608,32780,32782,30824,28650
70480,866,35608,33447,32019,35535,32782,32782,30826,28651
70481,866,35597,33420,31962,35592,32783,32783,30826,28650
70482,865,35618,33406,31994,35519,32781,32783,30826,28651
70483,867,35620,33397,32028,35572,32783,32782,30826,28649
70484,866,35622,33425,31994,35491,32783,32782,30825,28648
70485,868,35651,33456,31951,35585,32782,32782,30825,28650
70486,866,35640,33462,32001,35503,32782,32781,30826,28651
70487,866,35629,33429,32039,35574,32782,32783,30825,28652
70488,866,35599,33404,32011,35499,32783,32783,30827,28652
70489,870,35587,33405,31939,35568,32782,32781,30824,28649
70490,866,35614,33439,31983,35507,32783,32782,30824,28649
70491,868,35648,33463,32049,35592,32782,32782,30824,28650
70492,866,35647,33455,32026,35520,32781,32783,30827,28652
70493,866,35646,33446,31966,35580,32782,32782,30826,28650
70494,866,35651,33424,32019,35522,32781,32783,30826,28652
70495,868,35623,33374,32026,35569,32781,32784,30825,28649
70496,866,35583,33420,32001,35519,32780,32785,30824,28648
70497,869,35604,33456,31959,35564,32781,32782,30826,28651
70498,866,35629,33467,32001,35539,32781,32782,30826,28651
70499,866,35640,33465,32038,35552,32782,32783,30827,28652
70500,866,35640,33441,32014,35572,32781,32783,30826,28651
70501,864,35626,33386,31946,35547,32782,32782,30825,28648
70502,866,35629,33429,32013,35586,32783,32782,30825,28648
70503,869,35622,33455,32036,35540,32783,32782,30825,28650
70504,871,35599,33454,32006,35602,32782,32783,30826,28650
70505,865,35618,33472,31960,35531,32782,32782,30827,28651
70506,866,35633,33456,32000,35584,32782,32782,30828,28650
70507,869,35622,33415,32017,35514,32783,32781,30827,28649
70508,865,35620,33401,31990,35578,32783,32782,30826,28648
70509,864,35641,33449,31956,35515,32781,32783,30825,28650
70510,866,35625,33463,32021,35590,32782,32782,30827,28651
70511,866,35609,33449,32039,35505,32781,32782,30826,28652
70512,865,35604,33450,31998,35583,32782,32782,30827,28652
70513,869,35600,33413,31940,35500,32781,32782,30825,28649
70514,865,35615,33384,32014,35581,32782,32782,30825,28648
70515,868,35622,33439,32037,35510,32782,32782,30827,28650
70516,866,35634,33446,31991,35570,32783,32783,30827,28650
70517,866,35628,33465,31962,35512,32782,32783,30827,28651
70518,865,35614,33454,32037,35577,32782,32782,30827,28651
70519,875,35602,33415,32025,35522,32782,32783,30826,28648
70520,865,35616,33387,31995,35580,32781,32782,30826,28648
70521,864,35621,33429,31948,35533,32781,32783,30824,28651
70522,866,35625,33458,32040,35566,32781,32781,30829,28651
70523,866,35640,33467,32036,35533,32783,32783,30826,28651
70524,866,35625,33460,31991,35555,32782,32783,30826,28651
70525,864,35602,33402,31944,35570,32781,32782,30826,28649
70526,866,35588,33379,32032,35516,32781,32783,30825,28647
70527,868,35594,33415,32051,35579,32782,32783,30825,28648
70528,866,35593,33467,31997,35531,32781,32783,30827,28651
70529,866,35604,33454,31976,35590,32783,32782,30826,28651
70530,865,35630,33460,32070,35520,32781,32782,30827,28651
70531,869,35639,33432,32017,35586,32782,32782,30825,28649
70532,866,35618,33407,31969,35502,32781,32782,30825,28648
70533,868,35626,33407,31966,35585,32782,32782,30825,28649
70534,869,35603,33465,32051,35504,32782,32782,30826,28651
70535,866,35598,33471,32034,35585,32781,32783,30827,28652
70536,866,35618,33462,31995,35507,32782,32783,30827,28652
70537,864,35611,33432,31960,35572,32782,32782,30825,28649
70538,866,35602,33401,32041,35497,32781,32784,30824,28648
70539,869,35637,33396,32027,35593,32781,32782,30825,28649
70540,865,35644,33437,31982,35499,32781,32782,30826,28651
70541,866,35619,33463,31962,35572,32783,32782,30827,28652
70542,866,35601,33448,32061,35513,32782,32783,30827,28652
70543,866,35576,33441,32024,35547,32781,32783,30825,28649
70544,866,35594,33411,31967,35507,32782,32783,30823,28649
70545,868,35597,33394,31982,35562,32782,32783,30825,28650
70546,866,35632,33435,32066,35536,32782,32782,30828,28649
70547,866,35626,33459,32043,35550,32782,32782,30827,28650
70548,866,35615,33470,31985,35573,32781,32782,30827,28652
70549,864,35605,33443,31987,35524,32783,32782,30825,28649
70550,866,35582,33419,32041,35577,32781,32781,30826,28647
70551,869,35571,33400,32032,35529,32782,32781,30825,28648
70552,865,35601,33418,31978,35596,32782,32782,30826,28651
70553,866,35622,33472,31995,35513,32782,32782,30828,28652
70554,866,35632,33453,32049,35588,32781,32782,30828,28650
70555,869,35604,33434,32011,35503,32782,32782,30825,28648
70556,865,35607,33432,31948,35566,32783,32782,30824,28647
70557,869,35597,33418,31979,35508,32782,32782,30827,28650
70558,866,35577,33412,32045,35572,32781,32782,30827,28650
70559,866,35592,33459,32008,35522,32781,32783,30826,28652
70560,866,35627,33468,31968,35590,32782,32783,30827,28651
70561,864,35638,33454,32004,35501,32781,32784,30826,28649
70562,866,35641,33432,32023,35578,32781,32784,30823,28649
70563,869,35648,33424,32011,35509,32781,32782,30824,28650
70564,865,35651,33421,31963,35567,32782,32781,30827,28652
70565,866,35629,33469,32026,35517,32781,32782,30827,28650
70566,865,35600,33455,32038,35562,32781,32783,30827,28650
70567,869,35580,33452,31986,35521,32782,32783,30825,28649
70568,866,35608,33444,31943,35545,32782,32783,30824,28648
70569,869,35636,33449,32004,35554,32781,32782,30825,28649
70570,866,35656,33417,32049,35571,32781,32782,30826,28652
70571,866,35644,33441,32024,35568,32782,32783,30827,28650
70572,865,35644,33448,31971,35547,32781,32783,30826,28652
70573,869,35591,33439,32004,35578,32781,32783,30825,28649
70574,866,35588,33436,32033,35522,32781,32783,30823,28649
70575,867,35615,33436,32023,35579,32781,32782,30825,28649
70576,866,35632,33404,31963,35532,32781,32781,30827,28651
70577,866,35639,33423,32035,35592,32782,32781,30828,28649
70578,866,35633,33456,32031,35525,32780,32782,30826,28652
70579,868,35642,33431,31997,35589,32781,32783,30825,28649
70580,866,35612,33440,31947,35505,32780,32783,30823,28648
70581,869,35604,33460,32010,35597,32782,32782,30825,28651
70582,866,35613,33422,32043,35523,32782,32782,30826,28652
70583,866,35633,33404,32009,35581,32782,32782,30827,28652
70584,866,35639,33454,31960,35509,32781,32782,30828,28652
70585,864,35627,33447,32028,35567,32782,32781,30827,28649
70586,866,35651,33458,32019,35487,32784,32784,30825,28647
70587,868,35647,33453,31992,35573,32781,32782,30827,28649
70588,866,35644,33420,31955,35522,32782,32783,30827,28651
70589,866,35607,33407,32050,35557,32781,32783,30825,28651
70590,866,35604,33443,32040,35540,32781,32782,30826,28651
70591,868,35607,33434,31969,35567,32782,32783,30826,28648
70592,866,35629,33450,31932,35537,32782,32782,30826,28646
70593,869,35651,33462,32039,35574,32781,32782,30824,28650
70594,865,35664,33446,32042,35564,32782,32783,30827,28650
70595,866,35650,33419,31993,35545,32782,32783,30827,28651
70596,866,35622,33428,31970,35584,32782,32782,30827,28652
70597,865,35581,33445,32036,35527,32781,32783,30825,28650
70598,865,35583,33451,32014,35572,32781,32784,30823,28647
70599,869,35610,33448,31987,35522,32783,32781,30826,28649
70600,866,35643,33440,31961,35594,32780,32783,30826,28651
70601,866,35640,33411,32043,35523,32782,32782,30827,28651
70602,865,35645,33443,32030,35591,32780,32783,30828,28651
70603,867,35626,33437,31959,35502,32781,32783,30825,28650
70604,866,35583,33442,31956,35570,32781,32783,30824,28648
70605,864,35593,33441,32047,35494,32781,32783,30825,28649
70606,866,35596,33436,32021,35569,32781,32783,30827,28650
70607,865,35614,33399,31971,35512,32782,32783,30826,28650
70608,866,35633,33431,32003,35580,32782,32782,30828,28651
70609,864,35634,33436,32030,35523,32782,32782,30825,28649
70610,866,35645,33457,31999,35557,32783,32782,30825,28648
70611,869,35618,33467,31957,35559,32782,32782,30824,28648
70612,866,35609,33456,32014,35568,32782,32782,30827,28650
70613,865,35592,33409,32061,35574,32781,32781,30827,28652
70614,866,35603,33435,32019,35544,32782,32783,30827,28650
70615,868,35608,33440,31944,35571,32782,32783,30824,28648
70616,866,35614,33464,32020,35520,32782,32781,30826,28647
70617,869,35638,33460,32049,35575,32781,32783,30826,28650
70618,866,35645,33450,32009,35517,32782,32782,30827,28650
70619,866,35620,33413,31966,35585,32781,32782,30827,28651
70620,866,35596,33408,32032,35520,32782,32782,30827,28651
70621,864,35582,33443,32026,35581,32782,32783,30825,28648
70622,866,35593,33454,31987,35487,32782,32782,30823,28648
70623,869,35614,33462,31972,35574,32782,32782,30826,28649
70624,865,35628,33448,32055,35507,32782,32783,30827,28651
70625,866,35631,33429,32052,35571,32782,32782,30827,28649
70626,866,35632,33416,32000,35495,32782,32783,30826,28651
70627,868,35614,33432,31946,35571,32781,32782,30825,28648
70628,866,35596,33440,32032,35506,32780,32784,30824,28647
70629,869,35588,33472,32042,35568,32783,32782,30826,28649
70630,866,35623,33473,31995,35524,32782,32782,30826,28651
70631,866,35638,33458,31964,35577,32782,32783,30826,28651
70632,865,35615,33417,32056,35524,32781,32782,30826,28651
70633,866,35626,33442,32027,35544,32781,32783,30824,28649
70634,866,35624,33459,31976,35544,32781,32783,30823,28648
70635,868,35626,33470,31979,35559,32781,32782,30825,28648
70636,866,35597,33464,32056,35558,32782,32781,30826,28651
70637,866,35597,33455,32039,35548,32782,32782,30827,28651
70638,866,35617,33402,31983,35592,32781,32782,30826,28652
70639,867,35596,33418,31945,35536,32781,32784,30825,28649
70640,866,35624,33459,32028,35589,32782,32782,30823,28649
70641,864,35625,33469,32035,35514,32782,32783,30826,28649
70642,866,35641,33463,31972,35587,32780,32782,30827,28652
70643,866,35615,33443,31982,35513,32783,32781,30827,28651
70644,866,35601,33421,32051,35597,32782,32782,30826,28650
70645,864,35573,33417,32002,35497,32782,32782,30827,28649
70646,872,35587,33446,31967,35566,32783,32782,30824,28646
70647,866,35608,33476,31981,35492,32782,32782,30826,28649
70648,866,35633,33473,32047,35570,32781,32783,30826,28651
70649,866,35638,33466,32023,35503,32782,32782,30827,28651
70650,866,35646,33428,31968,35572,32782,32782,30825,28650
70651,868,35596,33398,31966,35482,32782,32782,30826,28648
70652,866,35584,33450,32030,35565,32781,32783,30824,28649
70653,869,35597,33473,32026,35506,32782,32782,30826,28649
70654,866,35627,33473,31982,35574,32781,32783,30826,28651
70655,865,35634,33471,31995,35529,32782,32782,30828,28650
70656,866,35631,33452,32034,35554,32783,32782,30827,28650
70657,865,35629,33416,31982,35541,32781,32783,30825,28650
70658,866,35618,33451,31944,35532,32782,32781,30824,28647
70659,868,35607,33477,32016,35569,32781,32784,30826,28649
70660,866,35586,33468,32038,35530,32781,32781,30827,28650
70661,872,35602,33470,32018,35573,32782,32783,30827,28650
70662,865,35633,33460,31963,35546,32782,32782,30827,28650
70663,869,35610,33411,31956,35572,32781,32783,30826,28650
70664,866,35610,33400,32025,35519,32782,32783,30826,28649
70665,864,35640,33475,32022,35588,32782,32783,30826,28649
70666,866,35624,33473,31971,35510,32781,32783,30827,28651
70667,866,35602,33480,32023,35581,32782,32782,30828,28651
70668,865,35588,33446,32044,35484,32781,32783,30828,28651
70669,864,35585,33395,31993,35558,32783,32782,30826,28647
70670,866,35613,33412,31959,35520,32782,32780,30825,28648
70671,869,35641,33454,32032,35595,32782,32783,30826,28650
70672,866,35634,33473,32040,35526,32781,32781,30827,28652
70673,865,35622,33462,32002,35571,32781,32783,30827,28651
70674,866,35608,33450,31953,35527,32781,32781,30827,28650
70675,869,35593,33411,32012,35552,32781,32782,30826,28648
70676,870,35572,33403,32031,35490,32781,32782,30824,28647
70677,869,35608,33424,32019,35566,32782,32781,30825,28649
70678,866,35630,33464,31962,35516,32781,32783,30826,28650
70679,866,35622,33467,32026,35554,32782,32784,30826,28652
70680,865,35644,33457,32046,35523,32782,32782,30828,28651
70681,865,35612,33434,31994,35540,32782,32783,30825,28649
70682,866,35594,33387,31946,35541,32781,32782,30825,28647
70683,868,35602,33407,32023,35545,32781,32783,30825,28650
70684,866,35592,33475,32034,35571,32782,32782,30827,28650
70685,866,35608,33472,32002,35510,32782,32783,30827,28651
70686,865,35631,33469,31968,35573,32783,32783,30827,28650
70687,869,35604,33421,32028,35506,32781,32783,30825,28648
70688,865,35607,33392,32027,35557,32782,32783,30825,28647
70689,864,35621,33418,31975,35491,32781,32783,30826,28648
70690,866,35603,33440,31958,35569,32782,32782,30827,28652
70691,870,35592,33462,32037,35509,32781,32784,30827,28652
70692,866,35593,33451,32044,35562,32782,32784,30829,28651
70693,866,35601,33423,31983,35483,32782,32782,30826,28647
70694,866,35598,33407,31943,35575,32782,32782,30824,28648
70695,868,35633,33411,32031,35487,32782,32782,30826,28648
70696,866,35639,33458,32035,35568,32781,32782,30827,28651
70697,866,35617,33464,31989,35484,32783,32782,30827,28650
70698,866,35589,33463,31955,35563,32782,32781,30827,28650
70699,867,35572,33448,32022,35498,32782,32783,30826,28647
70700,866,35577,33408,32006,35543,32781,32782,30824,28648
70701,864,35601,33386,31974,35547,32782,32781,30826,28649
70702,866,35637,33438,31967,35569,32782,32781,30828,28650
70703,866,35637,33455,32036,35563,32781,32782,30827,28652
70704,866,35635,33465,32024,35533,32782,32783,30827,28649
70705,864,35617,33428,31947,35569,32781,32782,30825,28648
70706,870,35587,33396,31989,35509,32782,32783,30825,28648
70707,868,35579,33397,32056,35583,32782,32782,30825,28649
70708,866,35591,33437,32030,35523,32782,32782,30826,28650
70709,866,35619,33464,31971,35589,32781,32782,30827,28650
70710,866,35612,33468,31986,35507,32782,32782,30826,28650
70711,868,35612,33435,32032,35562,32781,32783,30825,28649
70712,866,35614,33411,32014,35490,32782,32782,30825,28647
70713,864,35624,33391,31970,35575,32781,32782,30826,28649
70714,865,35591,33420,32018,35492,32781,32782,30826,28650
70715,866,35574,33460,32052,35557,32782,32782,30827,28650
70716,866,35579,33471,32015,35475,32782,32782,30826,28650
70717,864,35576,33438,31952,35552,32782,32782,30827,28648
70718,866,35597,33409,32022,35490,32781,32782,30827,28646
70719,869,35625,33401,32042,35565,32782,32782,30826,28648
70720,866,35632,33416,32005,35523,32780,32783,30827,28651
70721,871,35610,33471,31960,35548,32782,32782,30828,28651
70722,865,35587,33460,32022,35527,32781,32783,30826,28649
70723,869,35578,33440,32032,35545,32782,32783,30826,28647
70724,865,35596,33432,31991,35521,32781,32783,30825,28647
70725,864,35625,33424,31962,35531,32783,32783,30825,28649
70726,866,35624,33400,32034,35554,32782,32782,30827,28650
70727,866,35622,33477,32045,35540,32782,32782,30826,28651
70728,866,35633,33471,31995,35564,32783,32783,30827,28650
70729,864,35613,33435,31952,35490,32782,32783,30825,28649
70730,866,35578,33433,32028,35562,32782,32784,30823,28648
70731,867,35571,33421,32036,35490,32780,32782,30825,28649
70732,866,35597,33425,31992,35564,32782,32781,30828,28650
70733,865,35621,33459,31975,35501,32782,32781,30826,28652
70734,866,35619,33450,32051,35571,32784,32783,30826,28651
70735,868,35595,33456,32016,35474,32781,32782,30826,28649
70736,872,35602,33433,31967,35548,32782,32783,30825,28647
70737,869,35592,33452,31964,35490,32782,32783,30825,28649
70738,866,35575,33420,32058,35564,32783,32783,30827,28651
70739,866,35574,33441,32055,35485,32781,32782,30827,28649
70740,865,35607,33463,32001,35567,32781,32783,30828,28650
70741,865,35589,33445,31954,35491,32782,32783,30826,28647
70742,866,35609,33445,32036,35540,32782,32783,30824,28647
70743,868,35633,33449,32037,35503,32782,32783,30825,28648
70744,866,35620,33417,31996,35556,32780,32783,30828,28649
70745,865,35602,33419,31969,35523,32782,32782,30827,28650
70746,866,35586,33463,32046,35540,32781,32783,30827,28650
70747,869,35573,33456,32011,35514,32783,32782,30826,28647
70748,865,35585,33459,31964,35501,32782,32783,30824,28647
70749,864,35610,33461,31982,35542,32783,32781,30826,28648
70750,866,35623,33420,32047,35509,32782,32782,30828,28649
70751,872,35625,33417,32018,35573,32781,32782,30826,28650
70752,865,35617,33462,31984,35520,32782,32783,30827,28648
70753,865,35589,33449,31965,35564,32782,32783,30825,28649
70754,865,35560,33441,32033,35493,32781,32782,30825,28647
70755,867,35589,33449,32033,35561,32782,32782,30825,28648
70756,866,35601,33417,31975,35485,32782,32782,30827,28651
70757,866,35622,33389,31992,35562,32781,32782,30826,28650
70758,866,35620,33459,32051,35477,32781,32781,30827,28650
70759,868,35592,33460,32008,35548,32783,32782,30828,28648
70760,866,35577,33463,31955,35461,32783,32783,30825,28646
70761,869,35578,33479,31982,35553,32781,32782,30824,28647
70762,866,35556,33438,32056,35486,32782,32782,30828,28649
70763,866,35601,33417,32025,35553,32782,32782,30826,28649
70764,866,35606,33440,31971,35498,32782,32781,30827,28650
70765,864,35592,33451,31987,35533,32781,32782,30826,28648
70766,871,35594,33449,32020,35499,32781,32783,30823,28649
70767,868,35608,33454,32021,35547,32782,32783,30826,28649
70768,866,35574,33453,31963,35501,32782,32782,30826,28649
70769,866,35561,33409,31980,35547,32782,32783,30827,28649
70770,866,35556,33398,32021,35522,32782,32783,30826,28650
70771,868,35560,33435,32000,35530,32781,32782,30824,28647
70772,866,35569,33437,31938,35532,32782,32783,30825,28648
70773,864,35596,33465,31992,35518,32783,32781,30826,28649
70774,865,35609,33447,32034,35564,32781,32783,30827,28652
70775,866,35618,33405,31999,35497,32782,32782,30827,28650
70776,866,35591,33398,31954,35561,32782,32781,30827,28650
70777,864,35559,33435,32018,35491,32783,32783,30826,28648
70778,866,35546,33438,32015,35537,32783,32782,30825,28647
70779,869,35580,33465,31986,35488,32781,32782,30826,28648
70780,866,35595,33452,31951,35551,32782,32782,30828,28649
70781,865,35594,33402,32050,35479,32781,32782,30827,28648
70782,866,35596,33412,32034,35547,32782,32782,30827,28650
70783,868,35602,33428,31984,35473,32782,32782,30826,28647
70784,866,35582,33457,31947,35547,32783,32783,30826,28647
70785,869,35566,33470,32036,35482,32781,32782,30826,28648
70786,866,35579,33453,32035,35561,32783,32783,30827,28649
70787,866,35587,33422,32003,35491,32782,32782,30827,28651
70788,866,35588,33411,31963,35547,32781,32783,30826,28651
70789,864,35581,33426,32041,35505,32782,32782,30826,28648
70790,866,35590,33446,32016,35508,32781,32783,30826,28647
70791,868,35609,33477,31989,35519,32782,32781,30827,28648
70792,866,35588,33467,31972,35532,32781,32782,30826,28651
70793,866,35550,33444,32047,35545,32781,32782,30827,28649
70794,866,35571,33412,32035,35518,32781,32782,30827,28650
70795,868,35591,33408,31976,35549,32781,32782,30827,28646
70796,865,35585,33428,31954,35500,32782,32783,30825,28647
70797,864,35581,33465,32061,35584,32782,32783,30826,28647
70798,866,35604,33448,32025,35495,32782,32781,30828,28649
70799,866,35603,33424,31975,35557,32780,32783,30827,28650
70800,866,35588,33408,31990,35473,32783,32781,30827,28651
70801,864,35566,33422,32043,35540,32781,32784,30827,28650
70802,866,35548,33438,31996,35470,32782,32781,30825,28648
70803,866,35573,33440,31940,35554,32783,32782,30824,28647
70804,868,35596,33465,32015,35491,32782,32781,30825,28649
70805,866,35610,33437,32055,35546,32782,32783,30827,28649
70806,866,35626,33407,32019,35497,32782,32782,30826,28651
70807,868,35596,33425,31961,35535,32782,32783,30825,28648
70808,866,35582,33438,32009,35497,32780,32783,30824,28648
70809,865,35556,33444,32051,35522,32781,32783,30825,28648
70810,866,35573,33456,32011,35524,32783,32781,30826,28649
70811,865,35582,33441,31970,35522,32781,32782,30826,28650
70812,866,35605,33408,32049,35545,32781,32782,30828,28649
70813,865,35599,33410,32026,35508,32781,32784,30825,28648
70814,865,35600,33442,31964,35562,32782,32783,30824,28647
70815,869,35606,33458,31957,35509,32780,32782,30825,28649
70816,866,35611,33457,32050,35572,32783,32782,30828,28650
70817,866,35573,33428,32034,35502,32781,32782,30827,28647
70818,865,35572,33394,31979,35579,32782,32783,30827,28650
70819,868,35560,33401,31942,35466,32780,32782,30825,28649
70820,866,35606,33422,32032,35562,32782,32783,30823,28647
70821,869,35600,33466,32029,35488,32781,32783,30825,28648
70822,866,35594,33456,31977,35567,32781,32782,30826,28650
70823,866,35583,33445,31943,35488,32781,32782,30827,28650
70824,866,35595,33412,32033,35578,32782,32782,30827,28649
70825,864,35562,33385,32006,35498,32781,32783,30826,28647
70826,866,35563,33439,31954,35551,32782,32781,30825,28646
70827,868,35577,33453,31968,35503,32782,32784,30825,28647
70828,866,35609,33465,32046,35543,32781,32781,30826,28650
70829,866,35596,33445,32019,35527,32781,32782,30827,28649
70830,866,35613,33415,31965,35519,32782,32782,30827,28649
70831,868,35574,33377,31956,35498,32782,32782,30825,28648
70832,866,35562,33427,32034,35489,32783,32782,30824,28645
70833,869,35558,33452,32032,35513,32781,32783,30826,28648
70834,866,35565,33448,31968,35521,32782,32781,30827,28649
70835,866,35576,33444,31989,35556,32781,32782,30827,28650
70836,865,35599,33429,32035,35509,32782,32783,30827,28649
70837,865,35588,33383,32004,35538,32782,32783,30826,28647
70838,866,35585,33418,31941,35478,32783,32783,30824,28646
70839,869,35571,33453,31976,35567,32781,32782,30827,28647
70840,866,35566,33447,32036,35484,32781,32782,30826,28650
70841,865,35550,33442,32002,35553,32782,32782,30827,28649
70842,866,35559,33426,31955,35474,32782,32781,30829,28650
70843,868,35568,33389,31977,35546,32782,32782,30827,28647
70844,866,35567,33410,32029,35458,32782,32783,30826,28646
70845,864,35586,33452,31994,35547,32782,32783,30826,28647
70846,866,35618,33466,31944,35482,32782,32781,30827,28649
70847,866,35603,33455,32024,35550,32781,32782,30827,28650
70848,871,35553,33448,32027,35482,32782,32782,30828,28650
70849,864,35537,33381,31985,35533,32781,32784,30824,28649
70850,866,35529,33388,31949,35490,32782,32784,30825,28647
70851,869,35548,33446,32005,35537,32781,32783,30825,28649
70852,866,35598,33454,32047,35514,32782,32782,30826,28650
70853,865,35570,33463,31999,35533,32783,32781,30828,28649
70854,866,35591,33447,31960,35528,32781,32782,30827,28649
70855,868,35566,33407,31989,35510,32781,32784,30826,28648
70856,866,35553,33400,32016,35530,32781,32782,30824,28647
70857,869,35552,33459,32004,35515,32782,32782,30825,28647
70858,866,35563,33472,31956,35549,32781,32781,30826,28649
70859,866,35570,33456,32028,35496,32782,32781,30828,28649
70860,866,35578,33468,32055,35563,32782,32783,30828,28650
70861,864,35561,33407,31980,35468,32781,32782,30826,28646
70862,866,35561,33390,31942,35543,32784,32783,30826,28645
70863,874,35571,33430,32012,35495,32782,32783,30827,28648
70864,866,35555,33454,32042,35547,32781,32784,30827,28649
70865,865,35557,33459,32012,35464,32782,32782,30826,28649
70866,866,35573,33453,31956,35551,32781,32781,30828,28648
70867,868,35589,33408,32007,35469,32783,32784,30826,28647
70868,866,35577,33374,32025,35538,32782,32782,30826,28647
70869,866,35577,33419,32002,35468,32782,32783,30825,28649
70870,865,35576,33451,31958,35551,32782,32782,30827,28649
70871,866,35548,33469,32040,35477,32781,32782,30826,28650
70872,866,35546,33450,32031,35553,32782,32784,30827,28649
70873,864,35537,33417,31984,35479,32783,32782,30825,28647
70874,866,35548,33392,31950,35510,32780,32783,30826,28646
70875,869,35590,33411,32046,35497,32782,32782,30826,28647
70876,865,35589,33466,32034,35534,32782,32783,30827,28649
70877,866,35599,33477,31982,35532,32782,32782,30827,28649
70878,872,35572,33466,31963,35519,32783,32783,30826,28650
70879,867,35535,33450,32014,35498,32781,32783,30825,28648
70880,866,35534,33410,32032,35506,32782,32783,30824,28646
70881,864,35561,33406,31994,35562,32782,32783,30826,28647
70882,866,35596,33439,31963,35511,32782,32783,30827,28649
70883,866,35598,33455,32060,35558,32782,32783,30826,28649
70884,865,35585,33472,32031,35498,32782,32783,30828,28650
70885,865,35571,33445,31963,35543,32780,32783,30824,28648
70886,865,35556,33411,31959,35469,32782,32783,30824,28645
70887,867,35561,33400,32048,35546,32781,32781,30825,28647
70888,866,35537,33451,32027,35474,32781,32782,30827,28648
70889,866,35550,33468,31970,35534,32781,32783,30827,28650
70890,866,35577,33464,31992,35477,32782,32784,30827,28649
70891,868,35557,33426,32035,35526,32781,32781,30826,28646
70892,866,35564,33414,32012,35450,32782,32783,30825,28645
70893,874,35581,33423,31989,35533,32782,32783,30825,28647
70894,865,35568,33411,31973,35468,32781,32784,30827,28650
70895,866,35545,33455,32062,35541,32783,32783,30828,28649
70896,866,35539,33456,32034,35487,32782,32782,30828,28649
70897,864,35558,33445,31967,35501,32783,32783,30825,28648
70898,866,35575,33428,31981,35486,32782,32782,30826,28645
70899,870,35585,33406,32055,35527,32782,32782,30825,28647
70900,866,35592,33405,32022,35490,32782,32783,30827,28649
70901,865,35588,33463,31963,35503,32782,32783,30827,28648
70902,866,35549,33461,31986,35532,32781,32782,30826,28648
70903,868,35528,33448,32020,35487,32782,32783,30825,28648
70904,866,35540,33419,32004,35530,32781,32783,30824,28646
70905,869,35571,33439,31969,35496,32782,32782,30825,28647
70906,866,35586,33412,31975,35551,32782,32782,30827,28649
70907,866,35609,33438,32056,35488,32782,32781,30829,28649
70908,870,35592,33465,32032,35548,32782,32784,30827,28647
70909,864,35566,33447,31957,35468,32782,32784,30827,28646
70910,866,35533,33439,31961,35529,32781,32783,30825,28646
70911,868,35562,33438,32045,35465,32782,32782,30826,28647
70912,866,35562,33403,32023,35535,32781,32784,30826,28650
70913,866,35584,33438,31968,35450,32782,32782,30828,28649
70914,866,35580,33461,31997,35539,32783,32782,30828,28648
70915,868,35572,33449,32039,35449,32784,32782,30825,28646
70916,865,35560,33431,31997,35515,32781,32783,30825,28648
70917,864,35573,33448,31960,35458,32782,32782,30827,28647
70918,866,35540,33417,32012,35516,32781,32782,30828,28650
70919,866,35540,33422,32057,35469,32781,32783,30828,28649
70920,866,35555,33453,32004,35510,32782,32782,30829,28648
70921,864,35557,33443,31948,35504,32781,32782,30825,28648
70922,866,35560,33428,32026,35487,32780,32783,30825,28647
70923,874,35592,33443,32045,35486,32781,32781,30825,28647
70924,866,35585,33436,32019,35491,32782,32781,30828,28649
70925,865,35567,33406,31966,35508,32782,32783,30829,28649
70926,866,35536,33439,32024,35489,32781,32783,30828,28649
70927,869,35521,33434,32033,35508,32781,32784,30826,28648
70928,865,35550,33453,32006,35467,32781,32782,30826,28646
70929,866,35560,33440,31974,35532,32782,32782,30827,28647
70930,866,35576,33431,32032,35474,32782,32782,30827,28649
70931,865,35566,33403,32055,35527,32782,32782,30827,28648
70932,866,35575,33442,31999,35453,32782,32782,30827,28649
70933,864,35560,33429,31955,35522,32781,32783,30826,28647
70934,866,35517,33438,32040,35451,32783,32781,30825,28646
70935,869,35535,33451,32042,35534,32781,32782,30826,28649
70936,866,35556,33440,31983,35458,32782,32782,30828,28649
70937,865,35564,33414,31966,35533,32782,32783,30826,28649
70938,870,35580,33442,32044,35467,32782,32782,30828,28649
70939,868,35579,33447,32020,35516,32783,32782,30826,28647
70940,866,35540,33445,31979,35445,32781,32782,30824,28645
70941,864,35544,33455,31957,35503,32782,32781,30825,28647
70942,866,35531,33434,32043,35461,32781,32782,30829,28649
70943,866,35549,33403,32042,35523,32781,32782,30827,28650
70944,865,35570,33427,31990,35497,32781,32782,30829,28649
70945,865,35553,33449,31962,35473,32781,32782,30826,28646
70946,865,35558,33444,32035,35525,32780,32782,30825,28647
70947,869,35582,33454,32037,35500,32782,32783,30826,28647
70948,866,35585,33440,31977,35546,32782,32783,30827,28648
70949,865,35556,33392,31983,35484,32782,32782,30828,28649
70950,866,35526,33424,32047,35544,32781,32782,30828,28649
70951,868,35508,33448,32014,35461,32781,32783,30825,28646
70952,866,35541,33442,31956,35533,32782,32783,30823,28646
70953,875,35557,33464,31980,35470,32782,32782,30826,28648
70954,866,35576,33458,32054,35551,32781,32783,30827,28649
70955,866,35582,33436,32041,35473,32781,32782,30827,28649
70956,865,35571,33387,31995,35549,32781,32783,30828,28648
70957,865,35532,33425,31970,35450,32782,32783,30826,28645
70958,866,35535,33443,32040,35526,32783,32782,30825,28646
70959,870,35556,33464,32033,35463,32780,32783,30825,28647
70960,866,35581,33465,31979,35521,32782,32780,30827,28648
70961,865,35584,33442,31976,35447,32781,32783,30826,28650
70962,866,35586,33401,32054,35517,32784,32782,30827,28649
70963,868,35564,33401,32009,35443,32784,32783,30827,28646
70964,866,35551,33443,31949,35510,32782,32782,30826,28645
70965,869,35543,33459,31961,35459,32781,32782,30825,28648
70966,866,35570,33467,32051,35525,32782,32782,30827,28648
70967,866,35585,33459,32019,35471,32781,32782,30827,28649
70968,870,35586,33399,31966,35509,32782,32782,30829,28649
70969,864,35578,33385,31946,35457,32782,32785,30827,28647
70970,866,35578,33434,32022,35501,32781,32783,30825,28646
70971,869,35584,33459,32029,35469,32781,32782,30827,28647
70972,866,35556,33457,31968,35500,32781,32782,30828,28649
70973,866,35556,33469,31982,35513,32783,32783,30827,28648
70974,865,35572,33417,32046,35496,32782,32783,30827,28650
70975,869,35557,33399,32008,35519,32782,32783,30825,28647
70976,865,35573,33432,31958,35483,32782,32783,30825,28647
70977,864,35570,33453,31994,35539,32782,32782,30826,28646
70978,866,35579,33462,32045,35458,32783,32783,30826,28650
70979,866,35581,33461,32015,35539,32781,32781,30827,28647
70980,865,35546,33438,31970,35459,32781,32782,30828,28649
70981,865,35525,33383,32020,35529,32781,32783,30826,28646
70982,866,35545,33424,32034,35442,32781,32780,30825,28645
70983,874,35579,33460,32020,35528,32781,32781,30826,28647
70984,865,35585,33469,31968,35449,32781,32783,30826,28647
70985,866,35589,33459,31999,35537,32782,32782,30827,28648
70986,866,35578,33450,32042,35464,32782,32782,30828,28649
70987,868,35571,33401,32009,35537,32783,32782,30827,28645
70988,866,35531,33392,31955,35444,32782,32782,30825,28645
70989,865,35539,33457,32010,35522,32781,32783,30825,28647
70990,866,35575,33469,32051,35470,32782,32782,30827,28649
70991,865,35586,33464,32002,35506,32782,32783,30827,28649
70992,866,35600,33458,31958,35483,32782,32782,30827,28649
70993,865,35574,33402,32019,35481,32782,32783,30827,28645
70994,865,35565,33412,32019,35510,32782,32782,30826,28646
70995,869,35579,33463,31991,35493,32781,32783,30827,28647
70996,866,35544,33466,31948,35537,32780,32782,30827,28649
70997,866,35553,33464,32032,35492,32781,32781,30829,28650
70998,870,35569,33463,32040,35544,32781,32781,30827,28649
70999,868,35566,33411,31991,35471,32782,32783,30824,28648
71000,865,35580,33393,31944,35522,32781,32784,30825,28646
71001,864,35593,33445,32040,35477,32782,32783,30826,28647
71002,866,35599,33470,32040,35539,32781,32783,30826,28649
71003,866,35561,33460,31994,35464,32782,32781,30828,28648
71004,866,35531,33456,31952,35540,32782,32783,30828,28649
71005,864,35542,33408,32017,35456,32782,32783,30826,28647
71006,866,35543,33396,32008,35524,32782,32783,30826,28645
71007,868,35581,33453,31979,35468,32781,32781,30826,28648
71008,866,35592,33450,31967,35526,32781,32781,30828,28648
71009,866,35595,33458,32036,35468,32781,32782,30827,28649
71010,866,35592,33448,32015,35514,32781,32782,30828,28649
71011,868,35547,33412,31964,35453,32781,32782,30827,28647
71012,866,35523,33372,31970,35484,32783,32782,30826,28646
71013,875,35552,33435,32040,35474,32782,32782,30825,28647
71014,865,35589,33477,32036,35519,32781,32781,30828,28648
71015,866,35578,33469,31991,35485,32781,32782,30826,28649
71016,866,35580,33467,31966,35526,32782,32781,30828,28649
71017,864,35595,33418,32032,35515,32781,32783,30825,28648
71018,866,35569,33403,32026,35499,32780,32783,30825,28646
71019,870,35561,33412,32000,35533,32782,32781,30825,28647
71020,866,35566,33456,31975,35521,32780,32782,30826,28649
71021,865,35584,33468,32069,35556,32782,32782,30827,28648
71022,866,35603,33464,32044,35496,32782,32781,30826,28649
71023,868,35586,33443,31979,35538,32781,32782,30826,28645
71024,866,35585,33416,31947,35467,32781,32782,30825,28646
71025,864,35587,33415,32054,35549,32781,32782,30824,28647
71026,866,35580,33452,32033,35476,32783,32782,30826,28648
71027,866,35548,33465,31968,35547,32781,32783,30827,28650
71028,865,35552,33470,31990,35467,32782,32781,30828,28649
71029,865,35542,33439,32025,35529,32781,32783,30826,28648
71030,865,35571,33400,32002,35465,32782,32784,30824,28647
71031,869,35585,33415,31964,35536,32781,32782,30825,28647
71032,866,35598,33444,32004,35474,32782,32782,30827,28648
71033,866,35588,33461,32044,35523,32782,32781,30828,28648
71034,865,35584,33440,32004,35482,32781,32782,30826,28649
71035,869,35547,33427,31945,35513,32781,32782,30825,28648
71036,865,35530,33403,31991,35505,32781,32782,30825,28645
71037,864,35559,33415,32035,35504,32782,32783,30826,28646
71038,866,35602,33460,31991,35553,32782,32783,30826,28649
71039,865,35602,33467,31968,35509,32782,32781,30827,28649
71040,866,35594,33461,32039,35560,32781,32782,30827,28649
71041,865,35570,33432,32017,35468,32782,32782,30826,28647
71042,866,35569,33401,31970,35533,32782,32783,30824,28645
71043,868,35571,33403,31958,35473,32782,32781,30826,28647
71044,866,35538,33465,32058,35549,32781,32783,30827,28649
71045,865,35563,33475,32033,35481,32781,32782,30827,28649
71046,866,35575,33464,31978,35550,32783,32781,30827,28649
71047,868,35567,33436,31939,35460,32782,32783,30826,28646
71048,866,35580,33405,32035,35533,32782,32782,30826,28646
71049,866,35604,33402,32023,35463,32782,32782,30825,28647
71050,865,35588,33442,31976,35532,32782,32782,30826,28650
71051,866,35571,33450,31970,35501,32783,32783,30827,28649
71052,865,35545,33458,32054,35528,32782,32782,30826,28649
71053,865,35540,33423,32004,35501,32784,32783,30827,28645
71054,866,35566,33405,31950,35501,32782,32783,30824,28646
71055,868,35570,33414,31994,35520,32782,32781,30826,28646
71056,866,35600,33437,32049,35506,32781,32783,30827,28648
71057,866,35593,33460,32023,35548,32783,32782,30826,28649
71058,865,35586,33465,31957,35501,32781,32782,30828,28648
71059,869,35531,33440,31970,35548,32783,32782,30825,28646
71060,865,35521,33425,32024,35478,32781,32783,30824,28645
71061,864,35548,33399,32005,35553,32782,32784,30824,28648
71062,866,35576,33449,31964,35464,32782,32782,30827,28648
71063,866,35588,33476,32024,35538,32782,32782,30828,28648
71064,866,35591,33464,32042,35467,32782,32782,30827,28648
71065,864,35587,33428,31969,35526,32782,32781,30825,28646
71066,866,35588,33409,31944,35473,32780,32784,30824,28646
71067,868,35575,33403,32041,35540,32781,32782,30826,28646
71068,866,35556,33437,32041,35479,32782,32782,30826,28648
71069,866,35568,33471,32001,35526,32782,32782,30828,28648
71070,866,35584,33458,31968,35492,32782,32782,30828,28650
71071,868,35576,33446,32038,35517,32782,32782,30826,28646
71072,866,35581,33422,32024,35482,32781,32784,30824,28646
71073,869,35591,33414,31997,35524,32782,32782,30826,28647
71074,866,35580,33415,31955,35501,32781,32782,30826,28650
71075,865,35555,33451,32051,35518,32782,32783,30826,28647
71076,866,35559,33468,32035,35540,32781,32782,30826,28649
71077,865,35541,33438,31974,35471,32781,32784,30826,28647
71078,866,35565,33419,31959,35546,32783,32782,30824,28644
71079,868,35588,33408,32053,35489,32782,32782,30824,28648
71080,866,35604,33412,32035,35561,32783,32782,30828,28649
71081,865,35589,33472,31978,35484,32782,32783,30827,28649
71082,866,35581,33468,31968,35549,32781,32782,30827,28649
71083,868,35537,33448,32036,35462,32782,32783,30826,28647
71084,866,35537,33429,32015,35534,32781,32784,30825,28646
71085,864,35546,33398,31968,35457,32782,32783,30825,28648
71086,866,35575,33421,31992,35535,32781,32783,30827,28649
71087,866,35587,33457,32062,35468,32783,32781,30828,28649
71088,865,35609,33461,32019,35538,32781,32784,30827,28650
71089,864,35579,33441,31948,35467,32783,32782,30827,28646
71090,866,35568,33426,32006,35502,32782,32782,30825,28646
71091,868,35585,33411,32041,35495,32782,32782,30825,28647
71092,866,35543,33416,32010,35509,32782,32784,30826,28649
71093,866,35554,33465,31971,35516,32783,32782,30827,28648
71094,866,35569,33468,32032,35508,32782,32783,30827,28648
71095,874,35555,33435,32035,35497,32781,32783,30826,28646
71096,865,35582,33434,32014,35490,32782,32782,30824,28647
71097,864,35600,33422,31961,35553,32783,32782,30826,28647
71098,866,35595,33412,32021,35494,32783,32782,30826,28648
71099,866,35566,33456,32038,35541,32781,32782,30826,28649
71100,865,35556,33458,32000,35491,32784,32781,30827,28649
71101,865,35549,33447,31951,35543,32782,32784,30826,28646
71102,866,35559,33436,32036,35465,32782,32783,30825,28646
71103,868,35582,33428,32025,35539,32782,32782,30826,28647
71104,866,35582,33410,31986,35468,32782,32782,30827,28649
71105,866,35606,33445,31956,35539,32782,32781,30827,28649
71106,865,35602,33471,32034,35446,32781,32782,30826,28649
71107,869,35570,33448,32002,35535,32781,32783,30825,28646
71108,865,35527,33450,31968,35445,32782,32784,30824,28646
71109,864,35547,33421,31959,35538,32782,32782,30826,28648
71110,872,35579,33413,32042,35494,32781,32783,30827,28649
71111,865,35601,33435,32037,35520,32782,32782,30828,28648
71112,866,35601,33464,31986,35479,32781,32782,30828,28649
71113,864,35569,33450,31946,35496,32783,32781,30828,28646
71114,866,35590,33434,32033,35507,32783,32784,30826,28644
71115,869,35561,33440,32027,35515,32784,32782,30825,28646
71116,866,35545,33407,31974,35527,32781,32782,30827,28648
71117,866,35555,33430,31962,35503,32781,32782,30826,28649
71118,865,35589,33454,32044,35541,32782,32782,30827,28648
71119,870,35570,33447,32015,35481,32783,32782,30826,28646
71120,865,35588,33452,31963,35524,32783,32782,30825,28646
71121,864,35601,33424,31968,35461,32782,32783,30824,28647
71122,866,35590,33404,32044,35538,32782,32780,30827,28649
71123,866,35572,33430,32025,35468,32781,32781,30828,28648
71124,866,35550,33459,31970,35545,32781,32783,30828,28648
71125,870,35554,33445,31994,35453,32782,32781,30826,28646
71126,865,35565,33439,32038,35521,32781,32782,30824,28646
71127,867,35594,33447,32029,35462,32781,32782,30824,28647
71128,866,35609,33421,31977,35544,32781,32782,30826,28649
71129,866,35579,33420,31995,35449,32782,32782,30826,28649
71130,866,35570,33449,32041,35522,32782,32782,30828,28649
71131,868,35550,33448,32004,35461,32781,32784,30825,28646
71132,866,35537,33437,31960,35507,32782,32783,30824,28648
71133,869,35592,33453,31980,35471,32781,32783,30826,28647
71134,866,35588,33415,32039,35516,32782,32783,30827,28649
71135,865,35586,33383,32021,35480,32782,32783,30827,28648
71136,866,35601,33447,31977,35513,32782,32782,30827,28648
71137,865,35574,33428,31994,35497,32781,32781,30826,28647
71138,866,35569,33448,32020,35470,32782,32783,30826,28645
71139,868,35553,33457,32010,35516,32783,32782,30825,28647
71140,871,35573,33430,31955,35499,32782,32782,30827,28649
71141,865,35576,33402,31977,35528,32782,32782,30828,28648
