counter,timediff_us,ch0,ch1,ch2,ch3,ch4,ch5,ch6,ch7
1,48860088,32737,32798,32760,32762,32764,32767,55913,1
2,942,32755,32806,32760,32764,32764,32766,55914,0
3,938,32756,32821,32760,32762,32763,32766,55913,0
4,939,32723,32833,32760,32763,32764,32767,55914,1
5,938,32731,32814,32760,32763,32764,32765,55914,0
6,942,32766,32787,32760,32762,32764,32766,55915,4
7,938,32737,32806,32760,32763,32764,32766,55914,0
8,939,32693,32818,32760,32763,32764,32767,55914,1
9,938,32745,32837,32759,32763,32765,32767,55915,0
10,938,32761,32822,32760,32762,32764,32766,55914,1
11,943,32730,32823,32759,32762,32765,32767,55913,0
12,938,32735,32786,32760,32762,32765,32766,55914,0
13,938,32763,32831,32760,32762,32764,32766,55915,0
14,939,32744,32842,32760,32762,32764,32765,55914,0
15,938,32701,32818,32760,32763,32765,32766,55914,0
16,942,32752,32797,32759,32763,32764,32766,55914,0
17,939,32747,32803,32761,32763,32764,32766,55914,0
18,943,32736,32823,32761,32763,32764,32766,55914,0
19,938,32718,32825,32760,32762,32764,32765,55915,0
20,938,32748,32816,32759,32763,32765,32767,55914,0
21,943,32744,32800,32760,32763,32765,32766,55914,0
22,938,32695,32812,32760,32763,32764,32767,55913,0
23,938,32735,32830,32760,32763,32765,32766,55913,0
24,939,32739,32833,32760,32762,32764,32766,55914,1
25,938,32731,32814,32759,32763,32765,32767,55914,0
26,942,32699,32778,32759,32763,32764,32766,55913,0
27,938,32743,32804,32760,32763,32765,32766,55913,0
28,939,32730,32824,32760,32763,32765,32766,55914,0
29,938,32696,32826,32759,32764,32764,32767,55914,0
30,938,32760,32809,32760,32763,32764,32766,55914,0
31,943,32732,32785,32760,32762,32764,32766,55914,1
32,938,32731,32828,32760,32762,32765,32766,55914,0
33,938,32722,32822,32759,32762,32764,32767,55915,0
34,944,32752,32827,32760,32763,32764,32767,55913,1
35,938,32757,32816,32759,32762,32764,32767,55914,1
36,942,32725,32811,32759,32762,32764,32766,55914,0
37,939,32739,32809,32759,32762,32765,32766,55915,0
38,938,32759,32824,32760,32763,32765,32766,55913,0
39,938,32741,32833,32760,32762,32765,32766,55914,0
40,938,32706,32820,32760,32763,32765,32766,55914,0
41,943,32737,32796,32760,32762,32764,32767,55914,0
42,938,32764,32832,32760,32763,32764,32767,55915,0
43,939,32726,32843,32760,32762,32764,32765,55914,0
44,938,32734,32815,32760,32762,32765,32767,55914,0
45,938,32765,32800,32760,32763,32765,32766,55914,1
46,942,32733,32799,32759,32763,32763,32766,55913,0
47,939,32713,32837,32760,32762,32764,32767,55914,0
48,938,32756,32857,32759,32764,32765,32765,55914,0
49,938,32748,32837,32760,32762,32764,32767,55914,0
50,938,32715,32795,32760,32763,32765,32766,55914,0
51,942,32725,32810,32760,32762,32765,32766,55914,0
52,938,32764,32840,32760,32763,32764,32767,55914,1
53,938,32753,32836,32759,32763,32764,32767,55914,1
54,938,32691,32802,32760,32762,32764,32767,55914,1
55,939,32751,32793,32760,32763,32764,32767,55914,0
56,942,32756,32810,32760,32763,32764,32766,55914,0
57,938,32725,32828,32760,32762,32765,32767,55914,1
58,939,32749,32821,32760,32763,32764,32767,55914,0
59,938,32769,32802,32760,32763,32765,32765,55915,0
60,938,32739,32815,32760,32762,32764,32766,55914,1
61,943,32708,32815,32759,32764,32764,32767,55914,0
62,938,32763,32845,32760,32764,32765,32766,55914,0
63,938,32765,32834,32760,32763,32765,32767,55913,0
64,938,32713,32797,32759,32762,32764,32767,55914,0
65,939,32743,32807,32760,32763,32765,32767,55914,0
66,942,32758,32838,32759,32763,32763,32767,55914,0
67,944,32760,32846,32759,32762,32765,32765,55913,0
68,938,32715,32831,32761,32762,32764,32766,55913,1
69,938,32752,32804,32761,32763,32763,32767,55913,1
70,938,32762,32822,32760,32763,32764,32767,55915,0
71,943,32732,32836,32759,32762,32763,32767,55914,1
72,938,32738,32831,32759,32763,32764,32767,55914,0
73,938,32743,32811,32760,32763,32765,32767,55914,0
74,938,32759,32803,32760,32765,32764,32766,55914,0
75,939,32717,32804,32760,32763,32764,32767,55915,0
76,942,32760,32841,32759,32763,32764,32766,55911,0
77,938,32779,32824,32760,32762,32765,32767,55913,0
78,939,32747,32823,32760,32763,32764,32765,55913,0
79,938,32715,32793,32760,32762,32765,32767,55915,0
80,938,32771,32824,32759,32762,32764,32766,55915,0
81,942,32749,32831,32760,32762,32764,32766,55914,0
82,939,32710,32826,32760,32762,32764,32767,55914,0
83,938,32754,32812,32760,32763,32764,32767,55914,0
84,938,32751,32807,32761,32763,32764,32767,55915,2
85,938,32736,32844,32759,32762,32764,32767,55915,1
86,942,32729,32818,32759,32762,32765,32767,55914,0
87,939,32750,32833,32760,32762,32764,32766,55915,0
88,938,32745,32800,32760,32763,32764,32766,55914,0
89,938,32712,32810,32759,32764,32764,32767,55913,0
90,939,32749,32833,32760,32763,32763,32766,55914,0
91,942,32751,32845,32760,32763,32765,32766,55913,0
92,938,32726,32844,32760,32763,32764,32766,55914,0
93,938,32711,32781,32761,32763,32764,32766,55914,0
94,939,32755,32831,32760,32765,32765,32767,55914,0
95,938,32751,32839,32759,32762,32764,32766,55908,1
96,942,32704,32838,32760,32762,32765,32766,55915,0
97,939,32750,32808,32759,32762,32765,32766,55913,0
98,938,32751,32798,32759,32763,32764,32766,55913,1
99,938,32717,32838,32760,32762,32765,32767,55913,0
100,943,32715,32818,32760,32763,32764,32766,55914,1
101,941,32757,32811,32759,32762,32765,32767,55913,0
102,939,32744,32808,32759,32764,32765,32766,55913,0
103,938,32717,32798,32760,32762,32765,32767,55914,1
104,938,32739,32833,32761,32764,32763,32765,55914,0
105,939,32743,32830,32760,32763,32764,32767,55914,1
106,941,32743,32841,32760,32763,32764,32767,55914,0
107,939,32710,32800,32760,32763,32765,32766,55913,2
108,938,32747,32794,32759,32763,32764,32766,55912,0
109,938,32745,32834,32760,32762,32764,32768,55913,0
110,938,32694,32835,32760,32762,32765,32767,55913,0
111,943,32730,32818,32760,32762,32764,32766,55914,1
112,938,32745,32807,32759,32762,32765,32767,55914,0
113,938,32741,32839,32760,32763,32764,32766,55915,0
114,939,32714,32818,32759,32763,32764,32766,55914,0
115,938,32755,32838,32759,32763,32764,32766,55913,1
116,942,32764,32818,32760,32762,32766,32765,55914,1
117,938,32702,32806,32760,32763,32764,32766,55914,0
118,938,32727,32805,32759,32763,32764,32767,55914,0
119,939,32756,32834,32759,32762,32764,32766,55914,0
120,938,32743,32826,32760,32762,32764,32766,55913,0
121,942,32703,32808,32759,32763,32764,32767,55917,0
122,939,32748,32803,32760,32763,32764,32767,55913,1
123,938,32758,32825,32759,32762,32765,32767,55914,1
124,938,32711,32831,32760,32762,32765,32767,55914,0
125,938,32749,32822,32760,32763,32764,32766,55915,0
126,943,32752,32816,32759,32763,32764,32766,55914,0
127,938,32724,32799,32761,32763,32764,32765,55913,0
128,938,32688,32822,32760,32763,32764,32767,55913,1
129,939,32760,32827,32760,32763,32764,32767,55913,0
130,938,32755,32814,32759,32763,32763,32767,55914,0
131,942,32711,32797,32760,32762,32764,32767,55914,0
132,938,32732,32815,32760,32762,32764,32767,55914,0
133,944,32751,32841,32759,32764,32765,32767,55913,4
134,943,32757,32833,32759,32763,32765,32767,55913,0
135,938,32702,32817,32759,32762,32765,32766,55914,0
136,943,32747,32799,32760,32762,32764,32766,55913,0
137,938,32759,32800,32760,32763,32764,32766,55914,0
138,938,32729,32847,32759,32762,32764,32766,55916,0
139,939,32713,32840,32759,32762,32764,32766,55914,0
140,938,32761,32817,32760,32762,32764,32766,55914,0
141,942,32747,32809,32759,32763,32764,32767,55914,0
142,939,32702,32826,32761,32763,32764,32765,55913,0
143,938,32744,32821,32760,32763,32764,32766,55914,0
144,938,32749,32845,32760,32762,32763,32766,55913,1
145,938,32739,32813,32759,32763,32765,32767,55914,0
146,943,32705,32790,32760,32764,32765,32767,55914,0
147,938,32764,32811,32760,32764,32764,32766,55914,1
148,938,32753,32831,32759,32763,32765,32766,55913,1
149,938,32704,32826,32760,32763,32764,32766,55915,0
150,938,32741,32799,32760,32763,32764,32766,55915,0
151,943,32754,32794,32760,32763,32765,32766,55913,0
152,938,32733,32831,32761,32762,32765,32766,55915,0
153,938,32706,32816,32760,32763,32765,32767,55914,0
154,938,32757,32831,32759,32763,32765,32766,55914,0
155,939,32743,32796,32760,32763,32764,32766,55914,0
156,942,32704,32793,32760,32763,32765,32765,55914,0
157,938,32756,32823,32760,32763,32765,32767,55915,0
158,939,32759,32832,32761,32763,32764,32766,55914,0
159,938,32725,32832,32760,32762,32764,32766,55913,0
160,938,32715,32795,32760,32763,32764,32765,55915,0
161,942,32747,32804,32759,32763,32763,32767,55916,1
162,938,32743,32840,32760,32762,32764,32766,55915,3
163,939,32704,32838,32760,32762,32764,32766,55913,0
164,938,32756,32799,32761,32763,32764,32766,55915,0
165,938,32761,32795,32759,32762,32765,32766,55915,0
166,948,32722,32831,32760,32763,32764,32767,55914,0
167,938,32713,32834,32760,32763,32764,32766,55913,0
168,938,32746,32832,32760,32763,32765,32766,55915,0
169,938,32747,32813,32759,32763,32765,32766,55914,0
170,939,32734,32798,32760,32763,32764,32767,55914,0
171,942,32728,32811,32760,32762,32764,32766,55914,0
172,938,32752,32845,32760,32763,32764,32767,55913,0
173,939,32752,32830,32760,32763,32764,32767,55915,0
174,938,32716,32804,32759,32763,32763,32767,55914,0
175,938,32751,32806,32759,32763,32764,32767,55915,1
176,943,32775,32832,32759,32763,32765,32766,55914,0
177,938,32727,32846,32759,32762,32764,32766,55914,1
178,938,32725,32817,32760,32763,32765,32765,55915,0
179,938,32746,32799,32760,32764,32764,32766,55914,0
180,939,32736,32809,32760,32763,32764,32766,55914,0
181,942,32708,32836,32759,32763,32765,32766,55915,1
182,944,32741,32814,32759,32763,32765,32768,55914,1
183,943,32744,32832,32760,32763,32764,32766,55914,1
184,938,32742,32804,32761,32763,32764,32767,55914,0
185,939,32685,32795,32760,32764,32764,32766,55915,0
186,942,32754,32825,32760,32763,32764,32766,55914,0
187,938,32749,32828,32760,32763,32764,32766,55915,0
188,938,32724,32814,32760,32763,32764,32766,55915,0
189,939,32735,32792,32760,32763,32764,32767,55913,0
190,938,32767,32814,32760,32764,32766,32767,55914,0
191,942,32754,32837,32761,32763,32764,32766,55914,0
192,939,32707,32830,32760,32763,32764,32766,55914,0
193,938,32765,32813,32759,32762,32764,32765,55913,0
194,938,32769,32801,32760,32763,32764,32766,55914,0
195,938,32727,32810,32760,32763,32763,32767,55914,0
196,943,32725,32819,32760,32762,32764,32767,55914,0
197,938,32760,32830,32760,32764,32764,32767,55913,1
198,938,32735,32811,32760,32764,32764,32766,55914,0
199,944,32692,32788,32759,32763,32765,32766,55914,0
200,938,32734,32792,32760,32764,32765,32765,55914,1
201,942,32747,32816,32760,32763,32764,32766,55913,1
202,939,32718,32837,32760,32763,32764,32766,55914,0
203,938,32690,32810,32760,32763,32764,32766,55913,1
204,938,32758,32798,32760,32763,32765,32766,55913,0
205,938,32745,32820,32760,32763,32765,32766,55913,0
206,943,32702,32835,32760,32763,32764,32766,55913,0
207,938,32738,32836,32761,32762,32764,32766,55914,0
208,938,32751,32815,32761,32763,32764,32766,55913,0
209,939,32731,32799,32760,32763,32763,32766,55913,0
210,938,32703,32801,32760,32763,32764,32766,55914,0
211,942,32757,32846,32759,32763,32764,32767,55914,0
212,938,32758,32845,32760,32763,32765,32766,55914,0
213,938,32708,32801,32760,32763,32763,32767,55915,0
214,938,32736,32806,32760,32764,32764,32766,55914,0
215,939,32747,32835,32760,32764,32765,32767,55913,0
216,941,32726,32829,32760,32763,32765,32766,55913,0
217,939,32711,32798,32759,32763,32765,32767,55915,1
218,938,32747,32799,32759,32763,32763,32766,55914,0
219,938,32741,32817,32759,32762,32764,32765,55914,0
220,939,32701,32842,32759,32763,32765,32765,55913,0
221,942,32736,32827,32761,32764,32765,32766,55914,0
222,938,32751,32812,32759,32762,32764,32767,55912,1
223,938,32738,32785,32759,32762,32765,32766,55914,0
224,939,32709,32827,32760,32762,32765,32767,55913,0
225,938,32749,32830,32760,32762,32765,32766,55914,0
226,942,32755,32825,32760,32763,32765,32766,55914,0
227,939,32707,32805,32760,32763,32765,32766,55915,0
228,938,32745,32787,32760,32763,32765,32766,55915,0
229,938,32741,32822,32760,32764,32764,32766,55915,0
230,938,32732,32823,32759,32764,32763,32767,55914,0
231,940,32698,32807,32759,32762,32765,32767,55915,0
232,947,32747,32802,32761,32763,32765,32767,55915,1
233,943,32761,32792,32758,32763,32765,32766,55914,0
234,938,32741,32828,32760,32762,32764,32765,55915,1
235,939,32732,32835,32760,32764,32764,32767,55916,0
236,942,32761,32821,32760,32762,32765,32767,55914,0
237,938,32752,32808,32761,32763,32764,32766,55915,0
238,939,32699,32775,32761,32763,32765,32766,55914,0
239,938,32744,32826,32759,32763,32764,32766,55914,0
240,938,32765,32837,32760,32763,32765,32766,55915,0
241,942,32727,32831,32761,32763,32765,32766,55915,1
242,938,32701,32778,32760,32762,32764,32767,55914,0
243,939,32741,32803,32760,32762,32763,32767,55915,1
244,938,32755,32823,32760,32763,32763,32765,55913,0
245,938,32694,32833,32759,32763,32764,32767,55914,0
246,943,32734,32803,32759,32764,32765,32766,55912,1
247,938,32755,32793,32759,32763,32764,32766,55915,0
248,938,32736,32823,32759,32763,32765,32767,55913,0
249,938,32717,32828,32759,32762,32764,32766,55914,0
250,938,32754,32833,32761,32764,32764,32765,55914,1
251,942,32752,32829,32760,32763,32765,32766,55913,0
252,939,32703,32806,32760,32763,32764,32767,55914,1
253,938,32741,32823,32760,32762,32765,32766,55914,0
254,938,32759,32832,32760,32763,32764,32767,55914,0
255,939,32742,32834,32760,32763,32764,32766,55914,1
256,942,32688,32810,32760,32764,32763,32767,55914,0
257,938,32747,32803,32759,32762,32765,32767,55914,0
258,938,32749,32839,32759,32761,32765,32766,55914,0
259,939,32704,32821,32760,32763,32764,32765,55914,0
260,938,32736,32822,32760,32763,32765,32766,55914,0
261,942,32748,32791,32760,32763,32764,32767,55913,0
262,939,32735,32797,32759,32763,32764,32766,55914,1
263,938,32718,32823,32760,32762,32764,32766,55913,0
264,938,32731,32813,32760,32762,32764,32765,55914,1
265,944,32756,32828,32761,32763,32764,32767,55914,0
266,941,32718,32819,32760,32762,32764,32765,55914,1
267,939,32719,32812,32760,32762,32765,32766,55914,0
268,938,32748,32838,32760,32762,32764,32767,55915,0
269,938,32735,32834,32759,32763,32764,32767,55914,0
270,938,32704,32820,32759,32762,32765,32767,55913,0
271,943,32748,32795,32760,32762,32764,32766,55914,0
272,938,32763,32816,32760,32762,32765,32767,55914,1
273,938,32709,32825,32760,32763,32764,32766,55914,1
274,939,32729,32827,32762,32763,32764,32766,55914,0
275,938,32761,32817,32760,32764,32764,32767,55914,0
276,942,32714,32808,32759,32762,32764,32766,55915,0
277,939,32690,32826,32759,32762,32764,32766,55913,1
278,938,32736,32835,32760,32763,32764,32768,55915,0
279,938,32744,32831,32760,32763,32764,32766,55914,0
280,938,32714,32815,32760,32763,32764,32766,55915,0
281,947,32714,32795,32759,32763,32764,32766,55914,0
282,938,32744,32824,32759,32762,32766,32767,55916,0
283,938,32751,32832,32759,32764,32764,32765,55914,2
284,938,32708,32839,32759,32763,32765,32766,55915,0
285,938,32756,32805,32760,32763,32763,32767,55915,1
286,943,32753,32819,32760,32762,32765,32767,55915,0
287,938,32719,32826,32760,32763,32765,32767,55915,1
288,938,32707,32832,32760,32763,32765,32767,55915,0
289,939,32758,32810,32761,32763,32764,32767,55914,1
290,938,32730,32799,32759,32763,32765,32766,55913,0
291,942,32697,32809,32760,32764,32765,32767,55914,1
292,939,32746,32840,32760,32763,32764,32766,55914,0
293,938,32735,32828,32760,32763,32765,32766,55914,0
294,938,32721,32830,32760,32762,32764,32766,55914,0
295,938,32701,32777,32759,32763,32764,32767,55915,1
296,943,32736,32790,32759,32763,32764,32767,55914,0
297,938,32737,32831,32760,32763,32765,32765,55914,0
298,944,32699,32824,32759,32763,32764,32767,55914,1
299,938,32721,32822,32760,32763,32763,32766,55914,0
300,938,32754,32809,32759,32763,32764,32767,55914,1
301,942,32724,32816,32760,32763,32765,32766,55914,0
302,939,32696,32831,32760,32763,32764,32767,55915,0
303,938,32736,32830,32760,32763,32765,32766,55913,0
304,938,32736,32802,32759,32763,32764,32765,55915,0
305,938,32698,32790,32760,32763,32764,32767,55914,0
306,943,32723,32827,32759,32762,32765,32766,55914,0
307,938,32747,32836,32760,32763,32763,32767,55914,1
308,938,32737,32834,32760,32762,32764,32766,55914,0
309,939,32697,32788,32758,32762,32764,32767,55914,0
310,938,32731,32797,32760,32762,32765,32766,55914,0
311,942,32742,32823,32760,32762,32764,32766,55913,0
312,938,32711,32838,32760,32762,32765,32767,55915,0
313,939,32720,32824,32760,32763,32764,32767,55914,0
314,944,32756,32813,32759,32763,32764,32767,55914,1
315,943,32744,32798,32760,32763,32764,32766,55914,0
316,942,32702,32822,32759,32762,32765,32766,55910,0
317,939,32723,32849,32759,32763,32765,32766,55914,0
318,938,32753,32838,32760,32762,32764,32766,55914,1
319,938,32722,32830,32760,32762,32765,32766,55915,0
320,938,32702,32794,32759,32762,32765,32765,55915,0
321,942,32756,32842,32759,32763,32764,32766,55914,1
322,939,32737,32840,32760,32764,32764,32767,55914,0
323,938,32711,32827,32761,32764,32764,32766,55915,0
324,938,32725,32790,32759,32763,32764,32766,55913,0
325,938,32753,32807,32760,32762,32764,32766,55912,1
326,943,32728,32841,32759,32763,32764,32767,55913,0
327,938,32702,32835,32759,32763,32764,32765,55915,0
328,938,32756,32831,32760,32762,32765,32766,55913,1
329,938,32760,32812,32760,32763,32765,32766,55917,0
330,939,32717,32809,32759,32764,32764,32767,55915,0
331,948,32730,32829,32760,32762,32763,32766,55914,0
332,938,32755,32831,32760,32763,32764,32766,55914,0
333,938,32747,32841,32760,32763,32764,32767,55914,0
334,938,32687,32804,32760,32763,32764,32767,55914,1
335,939,32742,32815,32760,32763,32764,32766,55914,0
336,942,32740,32853,32760,32763,32765,32767,55913,0
337,938,32723,32850,32760,32762,32765,32766,55913,0
338,938,32719,32825,32760,32762,32765,32765,55915,1
339,939,32737,32818,32760,32762,32764,32766,55913,0
340,938,32742,32834,32761,32762,32764,32767,55914,0
341,942,32684,32843,32759,32762,32765,32767,55913,0
342,939,32733,32820,32758,32764,32764,32767,55914,0
343,938,32739,32816,32760,32763,32765,32766,55912,1
344,938,32718,32798,32760,32763,32764,32766,55914,1
345,939,32716,32837,32760,32763,32764,32767,55914,2
346,942,32751,32840,32760,32763,32764,32767,55913,0
347,938,32746,32846,32760,32763,32765,32766,55914,1
348,938,32700,32791,32760,32763,32763,32766,55914,0
349,938,32741,32803,32760,32763,32764,32765,55915,0
350,938,32745,32836,32760,32763,32765,32765,55914,1
351,943,32710,32854,32760,32763,32765,32766,55914,0
352,938,32713,32814,32760,32763,32765,32767,55914,0
353,938,32741,32809,32760,32762,32765,32766,55913,0
354,939,32736,32812,32759,32763,32764,32767,55913,0
355,938,32687,32835,32760,32762,32764,32766,55913,0
356,942,32728,32837,32760,32762,32764,32767,55913,0
357,939,32756,32817,32760,32763,32765,32766,55913,0
358,938,32713,32806,32760,32763,32764,32767,55914,1
359,938,32710,32838,32760,32764,32765,32768,55914,0
360,938,32737,32847,32760,32763,32765,32767,55913,0
361,943,32733,32835,32759,32764,32764,32766,55913,1
362,938,32700,32821,32761,32763,32765,32766,55914,0
363,939,32742,32801,32762,32763,32764,32766,55914,0
364,948,32733,32820,32760,32763,32764,32767,55914,0
365,938,32752,32836,32761,32763,32764,32766,55915,1
366,942,32703,32847,32759,32763,32765,32766,55913,0
367,939,32714,32830,32760,32763,32764,32767,55913,0
368,938,32741,32803,32761,32763,32765,32766,55914,1
369,938,32714,32829,32760,32763,32765,32767,55913,0
370,938,32727,32822,32758,32763,32764,32766,55914,0
371,942,32758,32845,32759,32763,32764,32766,55912,0
372,939,32724,32797,32760,32763,32765,32765,55919,0
373,938,32698,32794,32760,32763,32764,32766,55912,0
374,938,32745,32822,32760,32762,32765,32766,55913,0
375,938,32742,32835,32759,32762,32764,32766,55914,0
376,943,32739,32847,32759,32763,32764,32766,55914,0
377,938,32708,32814,32761,32764,32764,32767,55915,0
378,938,32748,32816,32758,32762,32764,32767,55914,0
379,939,32745,32851,32760,32763,32764,32766,55913,0
380,943,32704,32849,32759,32762,32763,32766,55913,1
381,942,32738,32837,32760,32762,32765,32766,55914,0
382,939,32749,32819,32759,32763,32765,32766,55914,1
383,938,32723,32820,32760,32763,32764,32767,55911,0
384,938,32701,32827,32760,32763,32764,32765,55914,0
385,938,32755,32840,32760,32763,32765,32766,55912,0
386,943,32757,32847,32760,32762,32765,32767,55913,0
387,938,32703,32805,32760,32763,32765,32767,55915,0
388,938,32739,32806,32760,32763,32765,32765,55913,1
389,939,32751,32845,32760,32763,32765,32767,55914,1
390,938,32731,32848,32760,32763,32764,32767,55914,0
391,942,32705,32833,32759,32764,32764,32767,55914,0
392,939,32757,32784,32760,32763,32764,32766,55914,0
393,938,32741,32822,32759,32762,32764,32767,55913,0
394,938,32713,32829,32759,32763,32765,32767,55914,0
395,938,32761,32820,32759,32763,32764,32767,55914,0
396,939,32743,32836,32760,32763,32764,32767,55912,1
397,946,32735,32794,32760,32763,32764,32767,55913,0
398,938,32690,32834,32760,32763,32764,32766,55915,0
399,938,32731,32834,32759,32762,32765,32767,55914,1
400,938,32741,32840,32760,32762,32765,32766,55915,0
401,943,32698,32829,32761,32763,32765,32766,55913,0
402,938,32711,32806,32759,32762,32765,32766,55913,0
403,938,32741,32829,32761,32763,32764,32766,55914,0
404,939,32740,32842,32759,32764,32765,32766,55914,0
405,938,32697,32819,32760,32763,32764,32766,55914,0
406,942,32737,32818,32759,32763,32764,32767,55913,1
407,939,32731,32811,32760,32762,32764,32766,55913,0
408,938,32699,32850,32760,32763,32764,32766,55914,0
409,938,32729,32815,32760,32762,32764,32767,55914,0
410,938,32750,32824,32759,32763,32765,32767,55914,0
411,943,32749,32800,32760,32762,32764,32766,55914,1
412,938,32704,32800,32760,32764,32765,32767,55914,0
413,944,32731,32839,32759,32763,32763,32766,55914,0
414,938,32752,32852,32759,32763,32764,32766,55914,1
415,938,32728,32830,32760,32763,32764,32767,55914,0
416,942,32716,32794,32760,32762,32764,32767,55914,0
417,939,32757,32828,32760,32764,32765,32767,55914,0
418,938,32739,32856,32760,32763,32764,32766,55914,1
419,938,32713,32846,32760,32763,32765,32766,55913,1
420,938,32729,32822,32760,32762,32764,32766,55913,0
421,943,32747,32827,32760,32763,32764,32767,55913,0
422,938,32736,32830,32759,32762,32765,32766,55913,0
423,938,32699,32822,32760,32764,32764,32766,55914,0
424,939,32752,32838,32760,32763,32764,32765,55914,0
425,938,32727,32828,32759,32763,32765,32767,55914,0
426,942,32688,32814,32760,32763,32764,32766,55913,1
427,942,32732,32812,32760,32762,32765,32767,55913,0
428,938,32751,32833,32760,32762,32765,32766,55914,0
429,938,32718,32835,32760,32762,32764,32767,55913,0
430,943,32705,32803,32760,32763,32765,32766,55914,0
431,939,32738,32788,32760,32764,32765,32767,55914,0
432,941,32733,32826,32759,32762,32764,32767,55913,1
433,939,32710,32850,32760,32762,32763,32766,55914,0
434,938,32713,32834,32760,32763,32764,32766,55912,0
435,938,32732,32820,32760,32762,32765,32766,55913,0
436,943,32740,32814,32760,32763,32763,32766,55914,0
437,938,32697,32837,32760,32763,32765,32766,55912,0
438,938,32737,32842,32760,32763,32764,32767,55914,0
439,938,32763,32831,32760,32763,32764,32767,55914,0
440,939,32721,32818,32760,32763,32764,32766,55914,0
441,942,32720,32797,32759,32762,32765,32767,55913,0
442,938,32741,32846,32759,32763,32763,32767,55914,0
443,939,32742,32838,32761,32763,32764,32767,55914,0
444,938,32695,32822,32760,32763,32763,32767,55913,1
445,938,32741,32794,32759,32762,32764,32767,55914,0
446,943,32735,32815,32759,32764,32765,32766,55913,0
447,943,32731,32857,32759,32762,32764,32766,55913,0
448,938,32706,32838,32759,32763,32765,32766,55913,1
449,938,32757,32832,32759,32763,32764,32766,55914,2
450,939,32729,32805,32760,32763,32764,32766,55914,0
451,942,32699,32812,32760,32762,32765,32765,55914,0
452,938,32730,32823,32759,32763,32764,32765,55913,0
453,938,32758,32836,32759,32762,32764,32765,55913,0
454,938,32721,32809,32760,32762,32765,32765,55913,1
455,939,32702,32791,32759,32763,32764,32766,55913,0
456,942,32751,32826,32760,32763,32764,32766,55914,0
457,938,32737,32839,32759,32763,32764,32768,55914,0
458,939,32706,32832,32760,32763,32764,32766,55914,0
459,938,32728,32804,32759,32762,32764,32767,55913,0
460,938,32746,32808,32759,32763,32765,32767,55913,0
461,941,32739,32845,32760,32763,32764,32766,55914,0
462,940,32711,32835,32759,32762,32765,32767,55914,1
463,949,32743,32833,32760,32763,32765,32766,55914,0
464,938,32754,32826,32760,32763,32764,32766,55914,0
465,938,32726,32817,32761,32763,32765,32768,55914,0
466,943,32716,32815,32761,32763,32765,32766,55914,0
467,938,32743,32835,32759,32763,32765,32767,55914,0
468,938,32744,32844,32760,32763,32765,32766,55913,0
469,938,32705,32817,32759,32763,32765,32766,55914,0
470,939,32750,32796,32760,32762,32764,32766,55914,1
471,942,32745,32821,32760,32764,32765,32766,55914,0
472,938,32735,32847,32759,32763,32765,32767,55914,0
473,939,32722,32844,32759,32763,32764,32766,55912,0
474,938,32744,32809,32761,32763,32764,32767,55912,1
475,938,32724,32819,32760,32762,32764,32767,55914,0
476,943,32687,32827,32760,32762,32764,32766,55913,0
477,938,32731,32838,32760,32762,32765,32767,55913,0
478,938,32736,32831,32760,32764,32764,32767,55913,1
479,938,32732,32808,32760,32763,32763,32766,55912,1
480,938,32710,32814,32759,32763,32765,32766,55913,0
481,942,32738,32833,32759,32764,32764,32767,55914,0
482,938,32742,32835,32759,32763,32765,32766,55913,0
483,938,32702,32819,32760,32764,32764,32766,55914,0
484,939,32734,32783,32759,32763,32764,32766,55913,0
485,938,32757,32823,32760,32763,32765,32766,55913,0
486,942,32737,32811,32760,32763,32765,32766,55914,1
487,939,32719,32812,32761,32763,32764,32766,55918,1
488,938,32759,32802,32761,32764,32765,32767,55914,1
489,938,32752,32785,32760,32763,32765,32767,55913,0
490,938,32717,32839,32758,32763,32765,32766,55915,0
491,943,32742,32827,32760,32763,32763,32767,55913,0
492,938,32743,32820,32759,32763,32764,32766,55914,0
493,938,32727,32803,32759,32762,32764,32766,55914,0
494,938,32715,32783,32760,32763,32763,32766,55915,0
495,939,32754,32834,32759,32763,32763,32767,55913,0
496,948,32740,32829,32759,32762,32764,32766,55914,1
497,943,32717,32828,32759,32763,32765,32767,55914,0
498,938,32705,32798,32760,32762,32764,32766,55913,0
499,939,32751,32796,32759,32762,32764,32766,55914,0
500,938,32743,32828,32759,32762,32764,32767,55915,0
501,942,32715,32833,32760,32763,32764,32766,55914,0
502,939,32742,32837,32760,32763,32764,32766,55913,0
503,938,32763,32819,32759,32763,32764,32766,55915,0
504,938,32717,32815,32761,32763,32764,32766,55914,0
505,938,32707,32833,32760,32763,32764,32766,55917,1
506,942,32743,32827,32761,32762,32765,32766,55914,1
507,939,32723,32831,32760,32763,32764,32766,55915,0
508,938,32695,32808,32760,32763,32764,32766,55915,0
509,938,32739,32815,32760,32762,32764,32766,55913,0
510,938,32748,32840,32761,32762,32764,32766,55914,0
511,943,32733,32837,32760,32762,32763,32766,55914,0
512,938,32710,32815,32759,32762,32765,32767,55915,1
513,938,32772,32798,32759,32762,32764,32767,55915,0
514,938,32740,32814,32761,32763,32765,32766,55914,0
515,938,32698,32818,32760,32763,32764,32765,55915,1
516,943,32741,32823,32760,32762,32765,32767,55913,0
517,938,32748,32814,32760,32762,32764,32766,55913,0
518,938,32721,32792,32760,32764,32764,32766,55913,1
519,939,32721,32815,32759,32763,32763,32767,55913,0
520,938,32742,32832,32759,32764,32764,32767,55915,2
521,942,32746,32825,32760,32762,32764,32766,55913,0
522,938,32704,32796,32760,32762,32765,32767,55913,1
523,939,32740,32799,32760,32763,32763,32766,55914,0
524,938,32759,32829,32759,32764,32765,32767,55913,0
525,938,32717,32833,32760,32764,32765,32766,55915,0
526,943,32699,32809,32760,32763,32764,32765,55914,0
527,938,32751,32802,32759,32763,32764,32766,55914,0
528,938,32734,32812,32759,32762,32764,32766,55914,0
529,944,32713,32822,32759,32762,32764,32767,55913,0
530,938,32739,32830,32760,32763,32765,32766,55913,0
531,938,32759,32815,32760,32763,32764,32767,55913,0
532,942,32746,32801,32759,32763,32765,32767,55913,0
533,938,32716,32798,32760,32763,32763,32766,55913,1
534,938,32763,32825,32760,32762,32764,32767,55913,1
535,939,32741,32826,32760,32763,32764,32765,55913,0
536,942,32716,32806,32760,32763,32764,32767,55913,1
537,938,32737,32757,32759,32763,32765,32766,55914,0
538,939,32754,32841,32759,32762,32764,32766,55914,1
539,938,32737,32838,32760,32763,32764,32766,55912,0
540,938,32702,32827,32761,32763,32764,32766,55914,0
541,943,32748,32798,32760,32763,32764,32766,55914,0
542,938,32731,32785,32759,32764,32764,32766,55914,0
543,938,32697,32830,32760,32762,32764,32766,55913,0
544,938,32730,32828,32760,32763,32765,32766,55914,0
545,944,32748,32820,32761,32764,32765,32767,55914,0
546,942,32736,32815,32758,32763,32764,32766,55913,0
547,938,32695,32792,32760,32762,32764,32766,55915,0
548,939,32747,32819,32760,32763,32765,32766,55915,0
549,938,32740,32815,32759,32763,32764,32766,55914,0
550,938,32712,32821,32760,32763,32765,32766,55915,0
551,943,32697,32799,32760,32763,32764,32765,55914,1
552,938,32744,32802,32760,32764,32765,32766,55914,0
553,938,32755,32836,32760,32762,32765,32766,55914,1
554,938,32696,32824,32759,32763,32765,32766,55914,0
555,939,32746,32825,32760,32763,32764,32767,55911,1
556,942,32753,32793,32759,32763,32764,32766,55914,0
557,938,32716,32816,32759,32763,32764,32766,55914,0
558,939,32714,32832,32760,32763,32765,32767,55913,0
559,938,32732,32816,32760,32763,32764,32766,55914,0
560,938,32744,32806,32760,32763,32765,32766,55913,0
561,943,32700,32803,32760,32763,32764,32766,55915,1
562,949,32714,32782,32759,32764,32765,32766,55913,0
563,943,32745,32807,32760,32763,32765,32765,55915,0
564,938,32747,32842,32760,32763,32765,32766,55913,0
565,939,32709,32827,32760,32763,32765,32767,55915,1
566,942,32722,32798,32760,32763,32764,32766,55914,0
567,938,32760,32799,32760,32763,32764,32766,55914,0
568,938,32752,32827,32760,32762,32764,32767,55914,0
569,939,32699,32828,32760,32764,32764,32766,55913,0
570,938,32753,32817,32760,32763,32765,32766,55914,0
571,942,32747,32800,32759,32763,32765,32766,55914,0
572,939,32717,32796,32760,32762,32764,32766,55913,0
573,938,32703,32833,32760,32762,32765,32765,55913,1
574,938,32757,32820,32759,32764,32764,32766,55914,1
575,938,32736,32819,32759,32762,32763,32767,55913,3
576,943,32687,32793,32759,32763,32764,32766,55914,0
577,938,32749,32815,32759,32764,32764,32766,55913,1
578,938,32749,32824,32760,32762,32764,32767,55913,1
579,938,32720,32831,32760,32762,32764,32765,55915,0
580,938,32738,32795,32760,32764,32765,32766,55913,0
581,943,32759,32782,32759,32763,32764,32767,55914,0
582,938,32749,32817,32760,32762,32764,32767,55914,0
583,938,32721,32828,32760,32763,32765,32767,55913,0
584,938,32756,32816,32759,32764,32765,32766,55914,1
585,939,32742,32797,32759,32763,32764,32767,55914,0
586,941,32716,32783,32758,32764,32765,32766,55914,0
587,939,32717,32811,32760,32763,32765,32767,55913,1
588,938,32754,32824,32761,32763,32764,32766,55914,0
589,938,32728,32827,32760,32763,32764,32767,55914,1
590,939,32707,32787,32760,32763,32765,32766,55914,0
591,942,32734,32797,32760,32763,32764,32766,55915,0
592,938,32745,32835,32759,32763,32765,32766,55914,0
593,938,32704,32823,32759,32762,32765,32766,55913,0
594,939,32721,32811,32760,32763,32765,32766,55914,0
595,949,32758,32797,32759,32763,32765,32766,55914,1
596,939,32737,32811,32760,32763,32763,32766,55913,0
597,941,32724,32824,32759,32763,32765,32766,55914,0
598,939,32715,32816,32760,32762,32764,32767,55914,1
599,938,32760,32815,32760,32763,32764,32766,55914,0
600,938,32733,32797,32760,32763,32765,32766,55913,0
601,942,32714,32791,32759,32763,32765,32767,55913,0
602,939,32742,32811,32760,32763,32764,32767,55913,0
603,938,32748,32831,32760,32763,32765,32767,55914,0
604,938,32715,32809,32759,32762,32763,32766,55914,0
605,939,32731,32801,32760,32763,32765,32766,55914,0
606,942,32758,32809,32761,32763,32765,32765,55912,0
607,938,32748,32828,32760,32762,32764,32767,55913,0
608,938,32697,32843,32759,32763,32766,32766,55914,0
609,939,32749,32809,32759,32763,32764,32765,55915,0
610,938,32747,32806,32760,32763,32765,32766,55913,0
611,942,32728,32824,32760,32763,32764,32766,55913,1
612,938,32720,32835,32760,32762,32763,32766,55915,0
613,938,32775,32829,32760,32763,32763,32767,55914,0
614,939,32730,32806,32760,32762,32765,32765,55914,0
615,938,32687,32794,32760,32763,32763,32766,55914,0
616,942,32751,32827,32759,32763,32763,32766,55915,0
617,939,32751,32834,32760,32763,32763,32767,55914,0
618,938,32710,32826,32760,32762,32765,32767,55914,2
619,938,32718,32795,32760,32762,32763,32766,55915,1
620,938,32751,32818,32760,32762,32765,32767,55914,0
621,943,32727,32842,32760,32763,32765,32766,55915,1
622,938,32704,32822,32761,32762,32765,32767,55914,0
623,938,32769,32818,32760,32763,32765,32767,55914,0
624,939,32755,32785,32760,32763,32763,32765,55912,0
625,938,32717,32813,32761,32764,32764,32766,55913,0
626,942,32726,32818,32761,32764,32763,32766,55913,0
627,939,32766,32828,32759,32762,32764,32766,55914,0
628,949,32745,32817,32761,32763,32764,32766,55913,1
629,943,32717,32797,32759,32763,32764,32767,55913,1
630,938,32716,32789,32761,32763,32765,32767,55913,0
631,943,32754,32827,32760,32763,32765,32765,55915,0
632,938,32743,32823,32759,32763,32765,32766,55913,0
633,938,32699,32811,32761,32763,32764,32767,55913,0
634,939,32745,32795,32760,32764,32765,32766,55917,1
635,938,32753,32817,32760,32763,32765,32765,55914,1
636,942,32723,32828,32760,32762,32764,32765,55914,1
637,939,32693,32833,32760,32763,32766,32766,55914,0
638,938,32760,32816,32759,32763,32764,32766,55914,1
639,938,32738,32804,32759,32764,32765,32765,55914,0
640,938,32696,32815,32760,32762,32764,32766,55914,1
641,942,32748,32827,32760,32763,32765,32766,55913,0
642,939,32761,32842,32759,32762,32764,32767,55913,0
643,938,32737,32821,32760,32762,32764,32766,55914,0
644,938,32713,32773,32760,32762,32763,32766,55914,0
645,938,32749,32827,32758,32762,32765,32766,55915,0
646,942,32757,32828,32760,32763,32764,32766,55913,0
647,938,32717,32832,32760,32762,32764,32765,55912,0
648,939,32749,32803,32760,32762,32764,32766,55913,0
649,938,32752,32799,32760,32762,32765,32766,55913,0
650,938,32731,32827,32760,32762,32764,32766,55914,1
651,943,32697,32820,32760,32763,32764,32766,55913,0
652,938,32759,32825,32761,32763,32764,32766,55910,0
653,938,32748,32799,32759,32762,32764,32766,55911,0
654,939,32702,32803,32760,32762,32765,32767,55914,0
655,938,32739,32826,32760,32763,32765,32767,55914,0
656,942,32754,32823,32760,32762,32764,32767,55914,0
657,938,32751,32822,32760,32763,32764,32765,55914,0
658,939,32704,32787,32760,32763,32764,32766,55915,1
659,938,32753,32816,32760,32763,32765,32765,55914,1
660,938,32748,32827,32760,32763,32764,32765,55914,1
661,947,32697,32816,32760,32762,32764,32766,55914,1
662,943,32698,32821,32759,32764,32765,32766,55915,0
663,938,32736,32807,32760,32763,32764,32765,55912,0
664,939,32743,32815,32761,32763,32764,32766,55913,0
665,938,32711,32823,32760,32764,32764,32765,55913,1
666,942,32739,32837,32760,32762,32764,32767,55914,0
667,939,32742,32827,32760,32764,32765,32766,55914,0
668,938,32707,32797,32760,32763,32764,32766,55914,0
669,938,32715,32798,32759,32762,32765,32766,55914,1
670,938,32746,32838,32760,32763,32765,32765,55914,1
671,943,32752,32830,32760,32762,32764,32767,55915,0
672,938,32689,32821,32759,32763,32764,32766,55914,0
673,938,32735,32793,32760,32763,32762,32766,55914,0
674,939,32732,32838,32760,32764,32764,32767,55914,0
675,938,32722,32829,32761,32763,32764,32766,55913,1
676,942,32716,32825,32760,32763,32766,32767,55915,0
677,938,32750,32810,32760,32763,32764,32766,55914,1
678,938,32750,32779,32760,32763,32764,32765,55913,0
679,938,32697,32823,32760,32762,32765,32767,55914,1
680,939,32743,32835,32759,32762,32764,32766,55914,0
681,942,32770,32834,32760,32765,32765,32766,55914,0
682,939,32740,32799,32760,32763,32765,32766,55913,1
683,938,32705,32798,32759,32763,32764,32765,55914,0
684,938,32763,32846,32760,32763,32765,32766,55914,1
685,939,32731,32829,32760,32762,32764,32767,55913,0
686,942,32711,32821,32760,32763,32764,32767,55914,0
687,938,32741,32795,32759,32762,32764,32767,55913,0
688,938,32759,32810,32760,32763,32764,32766,55913,1
689,939,32715,32842,32759,32763,32764,32766,55915,0
690,938,32720,32823,32760,32763,32764,32764,55913,0
691,942,32761,32808,32759,32763,32764,32766,55914,1
692,938,32737,32784,32759,32762,32765,32766,55915,0
693,938,32699,32834,32758,32763,32764,32767,55914,0
694,943,32743,32816,32760,32763,32764,32766,55915,0
695,938,32761,32812,32760,32763,32764,32765,55915,0
696,942,32739,32818,32760,32763,32764,32766,55914,0
697,939,32714,32800,32759,32764,32764,32767,55914,1
698,938,32738,32828,32760,32764,32764,32767,55914,1
699,938,32749,32835,32760,32763,32764,32767,55915,0
700,938,32705,32830,32759,32764,32764,32766,55913,0
701,943,32717,32806,32759,32762,32764,32767,55915,0
702,938,32756,32798,32760,32763,32764,32765,55914,0
703,938,32755,32831,32759,32763,32763,32766,55914,1
704,939,32702,32815,32761,32763,32764,32767,55914,0
705,938,32760,32812,32760,32763,32764,32766,55915,0
706,942,32753,32796,32760,32763,32765,32766,55915,0
707,939,32708,32807,32760,32764,32765,32767,55913,0
708,938,32719,32826,32760,32763,32764,32767,55913,0
709,938,32747,32805,32759,32763,32764,32766,55912,1
710,938,32723,32810,32760,32763,32764,32766,55914,0
711,942,32695,32795,32759,32763,32765,32767,55915,0
712,938,32758,32803,32760,32763,32764,32766,55914,0
713,939,32750,32809,32760,32763,32765,32766,55914,1
714,938,32701,32819,32759,32763,32764,32766,55913,0
715,938,32729,32804,32760,32763,32764,32765,55914,0
716,943,32765,32795,32760,32764,32764,32766,55914,0
717,938,32742,32817,32760,32762,32764,32767,55914,0
718,938,32703,32837,32760,32763,32764,32766,55917,0
719,939,32746,32833,32759,32763,32765,32768,55914,0
720,938,32750,32813,32760,32763,32764,32767,55913,0
721,942,32719,32799,32760,32763,32765,32766,55914,0
722,938,32719,32826,32760,32763,32764,32767,55915,0
723,939,32761,32840,32759,32762,32764,32767,55914,0
724,938,32747,32814,32760,32762,32764,32765,55915,0
725,938,32709,32783,32760,32763,32765,32767,55914,1
726,943,32740,32805,32759,32763,32763,32766,55913,0
727,949,32745,32828,32759,32764,32765,32766,55914,1
728,938,32737,32838,32760,32762,32765,32766,55912,0
729,938,32696,32818,32759,32763,32765,32767,55913,0
730,938,32750,32807,32760,32764,32764,32765,55915,0
731,943,32734,32799,32759,32764,32765,32766,55914,4
732,938,32709,32828,32760,32763,32764,32767,55913,1
733,938,32729,32827,32760,32763,32765,32766,55913,0
734,938,32735,32849,32760,32762,32765,32766,55914,0
735,939,32719,32807,32760,32763,32763,32766,55914,0
736,942,32679,32803,32760,32763,32764,32767,55913,0
737,938,32748,32840,32760,32764,32764,32766,55914,0
738,939,32752,32843,32760,32763,32765,32766,55914,0
739,938,32718,32833,32760,32762,32763,32767,55914,0
740,938,32732,32797,32760,32764,32764,32767,55914,0
741,942,32751,32819,32760,32763,32764,32767,55914,0
742,939,32735,32847,32760,32764,32765,32767,55915,0
743,938,32698,32825,32760,32763,32764,32766,55914,0
744,938,32754,32831,32760,32763,32764,32767,55914,1
745,938,32722,32813,32760,32763,32764,32765,55914,0
746,942,32709,32822,32760,32764,32765,32766,55913,0
747,938,32728,32826,32760,32764,32764,32766,55913,1
748,938,32741,32825,32759,32762,32764,32766,55914,0
749,939,32734,32801,32760,32763,32764,32767,55914,0
750,938,32695,32798,32759,32764,32765,32766,55915,0
751,942,32727,32819,32760,32763,32764,32766,55913,1
752,939,32733,32832,32760,32763,32763,32767,55913,0
753,938,32710,32831,32760,32762,32764,32767,55913,4
754,938,32737,32800,32760,32763,32764,32766,55915,0
755,938,32743,32805,32760,32763,32764,32766,55916,0
756,943,32734,32829,32760,32763,32764,32767,55914,0
757,938,32702,32823,32759,32763,32765,32766,55914,0
758,938,32741,32828,32760,32763,32764,32766,55914,0
759,939,32749,32806,32760,32763,32763,32767,55912,0
760,949,32708,32838,32760,32763,32764,32766,55913,0
761,942,32683,32824,32760,32763,32765,32765,55915,0
762,938,32750,32832,32761,32763,32764,32766,55914,0
763,939,32745,32812,32759,32763,32764,32766,55917,0
764,938,32706,32800,32760,32764,32765,32767,55913,0
765,938,32732,32802,32760,32763,32764,32767,55914,0
766,943,32755,32833,32760,32763,32764,32766,55914,1
767,938,32734,32842,32759,32763,32764,32766,55913,0
768,938,32694,32811,32760,32763,32764,32767,55913,0
769,938,32748,32801,32759,32763,32765,32766,55914,0
770,939,32748,32819,32760,32764,32764,32767,55914,0
771,942,32720,32829,32759,32763,32764,32765,55910,0
772,938,32740,32824,32761,32762,32763,32767,55914,0
773,938,32757,32813,32760,32763,32764,32766,55913,2
774,938,32708,32780,32759,32762,32764,32766,55914,0
775,939,32705,32835,32758,32763,32764,32765,55914,0
776,942,32743,32841,32760,32763,32765,32765,55914,0
777,938,32730,32820,32761,32764,32764,32766,55914,0
778,938,32703,32821,32759,32762,32764,32767,55914,0
779,938,32733,32793,32759,32763,32765,32767,55914,0
780,939,32745,32825,32760,32763,32765,32767,55914,0
781,942,32727,32829,32760,32763,32764,32766,55914,0
782,938,32705,32821,32760,32763,32764,32765,55914,0
783,939,32759,32805,32760,32763,32764,32767,55915,0
784,938,32730,32823,32760,32763,32765,32766,55915,3
785,938,32693,32851,32760,32763,32764,32766,55916,0
786,942,32712,32828,32761,32763,32764,32767,55914,1
787,939,32731,32818,32760,32763,32764,32767,55915,0
788,938,32720,32794,32760,32763,32763,32766,55914,0
789,938,32698,32798,32760,32762,32765,32767,55914,1
790,939,32740,32835,32760,32764,32765,32767,55913,0
791,942,32746,32828,32760,32763,32764,32767,55914,1
792,938,32695,32806,32760,32763,32765,32766,55913,0
793,942,32716,32788,32761,32763,32764,32766,55913,0
794,938,32739,32816,32760,32763,32764,32767,55913,0
795,938,32733,32839,32759,32762,32764,32767,55913,1
796,943,32694,32842,32760,32763,32765,32766,55914,0
797,938,32750,32807,32761,32764,32764,32767,55913,0
798,938,32746,32790,32760,32763,32764,32766,55913,0
799,938,32683,32824,32760,32763,32765,32766,55913,1
800,939,32711,32817,32760,32763,32763,32766,55913,0
801,942,32746,32827,32760,32763,32764,32766,55914,0
802,938,32740,32823,32760,32763,32764,32767,55913,1
803,938,32702,32793,32759,32762,32764,32765,55913,0
804,938,32742,32826,32760,32763,32764,32766,55915,0
805,939,32743,32831,32759,32763,32765,32767,55913,0
806,942,32684,32828,32760,32764,32765,32766,55914,1
807,938,32697,32775,32759,32763,32763,32766,55914,0
808,939,32749,32817,32759,32763,32765,32766,55913,0
809,944,32744,32829,32761,32763,32763,32766,55914,0
810,943,32697,32829,32760,32763,32764,32767,55913,0
811,942,32727,32806,32760,32763,32764,32766,55912,0
812,939,32739,32798,32760,32763,32764,32765,55914,1
813,938,32718,32802,32760,32763,32764,32766,55913,0
814,938,32697,32823,32760,32763,32765,32767,55913,0
815,938,32749,32843,32760,32762,32765,32767,55914,0
816,943,32756,32813,32760,32763,32764,32766,55914,0
817,938,32713,32803,32759,32763,32763,32766,55915,0
818,938,32730,32802,32761,32763,32764,32766,55914,0
819,939,32752,32830,32760,32763,32764,32767,55913,0
820,938,32732,32832,32760,32763,32765,32766,55914,0
821,942,32707,32803,32759,32763,32765,32766,55914,0
822,938,32736,32793,32759,32763,32765,32767,55913,0
823,939,32749,32829,32760,32763,32765,32767,55914,0
824,938,32721,32828,32760,32762,32763,32767,55914,0
825,938,32747,32815,32760,32762,32765,32766,55913,0
826,948,32748,32810,32760,32763,32764,32766,55913,0
827,938,32732,32789,32760,32763,32764,32767,55915,0
828,938,32711,32812,32759,32762,32765,32767,55914,0
829,938,32756,32838,32759,32763,32764,32766,55913,0
830,939,32745,32816,32761,32763,32765,32767,55915,0
831,942,32722,32818,32760,32763,32764,32766,55914,0
832,938,32703,32783,32759,32763,32765,32767,55913,1
833,938,32753,32817,32760,32763,32765,32766,55914,0
834,939,32746,32826,32760,32763,32765,32767,55914,0
835,938,32687,32818,32760,32763,32764,32766,55914,0
836,942,32743,32808,32760,32763,32765,32766,55913,0
837,939,32750,32786,32760,32763,32764,32766,55914,0
838,938,32729,32829,32760,32763,32765,32767,55914,0
839,938,32713,32810,32760,32763,32764,32765,55914,1
840,938,32752,32824,32760,32763,32765,32767,55915,0
841,943,32741,32801,32760,32763,32765,32768,55914,0
842,938,32703,32801,32760,32763,32764,32767,55913,0
843,938,32745,32821,32760,32764,32765,32767,55913,1
844,938,32752,32827,32760,32764,32764,32766,55914,0
845,938,32716,32819,32759,32763,32765,32766,55913,0
846,943,32708,32779,32760,32763,32765,32766,55914,1
847,938,32756,32803,32760,32763,32764,32765,55914,0
848,938,32751,32829,32760,32764,32765,32767,55914,0
849,938,32698,32818,32759,32762,32764,32765,55915,0
850,939,32748,32792,32760,32762,32763,32766,55913,0
851,941,32742,32793,32760,32763,32764,32766,55914,0
852,939,32727,32834,32760,32762,32764,32766,55912,0
853,938,32711,32838,32760,32764,32764,32766,55913,0
854,938,32747,32826,32760,32762,32764,32766,55914,0
855,938,32729,32797,32760,32763,32764,32767,55914,0
856,943,32695,32808,32760,32763,32765,32766,55914,0
857,938,32728,32825,32759,32763,32764,32766,55914,1
858,938,32742,32828,32760,32763,32764,32766,55913,0
859,943,32711,32831,32760,32762,32764,32767,55914,0
860,943,32694,32806,32760,32762,32764,32766,55914,0
861,943,32732,32788,32760,32762,32764,32767,55914,0
862,938,32739,32830,32760,32764,32765,32766,55913,1
863,938,32702,32846,32760,32762,32763,32767,55914,0
864,938,32727,32820,32760,32762,32765,32767,55914,0
865,939,32755,32787,32760,32763,32764,32766,55914,0
866,942,32728,32787,32760,32764,32765,32765,55913,0
867,938,32690,32823,32761,32763,32765,32766,55913,1
868,938,32759,32834,32760,32764,32763,32767,55915,1
869,939,32755,32817,32760,32763,32765,32767,55913,0
870,938,32716,32787,32759,32763,32763,32766,55912,1
871,942,32730,32802,32759,32763,32765,32766,55913,1
872,939,32765,32841,32759,32762,32765,32766,55913,4
873,938,32737,32831,32760,32763,32765,32766,55913,0
874,938,32691,32797,32760,32763,32765,32767,55913,0
875,938,32743,32789,32759,32762,32765,32766,55913,0
876,942,32742,32826,32759,32764,32764,32767,55914,0
877,938,32717,32839,32760,32763,32764,32765,55913,0
878,939,32718,32817,32761,32763,32765,32766,55913,0
879,938,32759,32814,32759,32763,32765,32766,55913,1
880,938,32742,32817,32761,32764,32764,32767,55913,0
881,942,32711,32819,32760,32764,32764,32766,55914,0
882,938,32757,32831,32760,32763,32764,32767,55914,1
883,939,32749,32830,32760,32763,32764,32767,55914,1
884,938,32716,32786,32759,32763,32764,32767,55914,0
885,938,32742,32800,32759,32762,32764,32766,55914,1
886,942,32760,32826,32759,32762,32764,32766,55913,0
887,939,32746,32836,32759,32763,32763,32766,55913,1
888,938,32698,32803,32759,32763,32765,32767,55914,0
889,938,32763,32792,32759,32762,32764,32767,55914,0
890,938,32752,32822,32760,32763,32764,32766,55913,0
891,943,32727,32851,32760,32763,32764,32767,55914,0
892,943,32717,32821,32759,32762,32765,32767,55914,2
893,943,32750,32835,32760,32763,32764,32767,55914,0
894,938,32743,32803,32760,32764,32764,32766,55914,0
895,939,32703,32809,32760,32762,32764,32768,55913,0
896,942,32717,32831,32760,32763,32764,32765,55914,1
897,938,32744,32820,32760,32763,32764,32766,55914,1
898,939,32733,32823,32759,32763,32765,32767,55916,0
899,938,32705,32789,32760,32762,32764,32766,55914,0
900,938,32759,32820,32759,32763,32765,32766,55913,0
901,943,32734,32849,32760,32763,32765,32766,55914,0
902,938,32719,32833,32760,32763,32764,32767,55914,1
903,938,32732,32803,32759,32763,32765,32767,55912,0
904,938,32740,32784,32760,32762,32765,32768,55915,0
905,939,32734,32827,32760,32764,32765,32766,55914,0
906,941,32712,32812,32760,32763,32765,32767,55915,0
907,939,32756,32821,32761,32762,32764,32765,55914,0
908,938,32751,32801,32761,32763,32764,32767,55915,0
909,938,32704,32787,32760,32763,32764,32766,55914,0
910,938,32756,32816,32760,32763,32764,32765,55914,1
911,942,32770,32830,32760,32762,32765,32766,55914,1
912,938,32739,32817,32760,32763,32764,32766,55914,0
913,939,32714,32775,32760,32764,32765,32766,55914,0
914,938,32763,32794,32759,32763,32764,32766,55914,1
915,938,32765,32826,32760,32763,32765,32767,55913,0
916,943,32723,32847,32759,32762,32765,32767,55915,0
917,938,32739,32826,32759,32763,32764,32766,55913,1
918,938,32760,32806,32759,32763,32765,32765,55914,0
919,939,32750,32835,32760,32763,32765,32767,55914,0
920,938,32712,32835,32760,32763,32764,32767,55912,0
921,942,32752,32830,32760,32762,32765,32766,55915,0
922,938,32764,32823,32761,32763,32764,32766,55912,1
923,939,32721,32813,32759,32764,32764,32766,55914,0
924,938,32739,32827,32760,32762,32765,32767,55914,1
925,938,32755,32841,32760,32763,32765,32766,55914,0
926,942,32747,32826,32761,32763,32764,32766,55914,0
927,938,32691,32811,32759,32763,32765,32767,55913,0
928,939,32752,32816,32760,32763,32764,32767,55913,3
929,938,32750,32839,32761,32763,32764,32765,55914,0
930,938,32706,32833,32761,32762,32766,32766,55914,0
931,942,32751,32830,32760,32763,32766,32767,55913,0
932,939,32756,32803,32759,32762,32764,32766,55914,0
933,938,32745,32840,32759,32763,32764,32767,55919,1
934,938,32704,32836,32759,32763,32764,32766,55913,0
935,939,32760,32834,32759,32762,32764,32766,55913,0
936,942,32747,32823,32760,32763,32764,32766,55913,0
937,938,32711,32801,32759,32763,32765,32767,55913,0
938,939,32730,32818,32760,32763,32765,32766,55915,1
939,938,32762,32833,32759,32764,32764,32766,55913,0
940,938,32739,32834,32759,32763,32765,32767,55914,0
941,947,32721,32812,32760,32762,32763,32767,55913,0
942,938,32745,32799,32760,32763,32764,32767,55913,1
943,938,32766,32822,32759,32763,32765,32767,55914,1
944,938,32746,32837,32760,32764,32763,32766,55914,1
945,939,32735,32833,32759,32763,32765,32766,55914,0
946,942,32757,32805,32760,32763,32765,32766,55913,0
947,939,32742,32818,32760,32762,32764,32766,55915,0
948,938,32717,32840,32760,32762,32763,32767,55915,0
949,938,32767,32848,32760,32762,32765,32765,55913,1
950,938,32762,32829,32760,32763,32765,32766,55914,0
951,943,32735,32817,32760,32763,32764,32766,55913,1
952,938,32717,32810,32759,32764,32765,32766,55913,1
953,938,32765,32841,32760,32763,32765,32767,55913,0
954,939,32760,32839,32760,32764,32765,32767,55914,0
955,938,32698,32823,32760,32763,32766,32766,55913,0
956,942,32752,32792,32760,32764,32766,32767,55913,0
957,938,32769,32842,32759,32762,32764,32766,55914,0
958,938,32728,32850,32760,32763,32764,32766,55912,1
959,938,32735,32825,32760,32763,32764,32766,55913,0
960,939,32764,32810,32759,32763,32765,32767,55913,1
961,942,32763,32805,32759,32762,32765,32767,55914,1
962,938,32716,32815,32759,32763,32765,32767,55914,1
963,938,32752,32835,32760,32763,32765,32766,55913,0
964,938,32769,32842,32760,32764,32765,32767,55914,0
965,939,32737,32802,32759,32763,32765,32766,55913,0
966,942,32706,32797,32761,32763,32765,32767,55913,0
967,938,32758,32848,32760,32763,32765,32767,55912,1
968,939,32755,32847,32760,32763,32765,32766,55914,1
969,938,32709,32835,32760,32764,32765,32766,55914,0
970,938,32742,32805,32760,32763,32764,32765,55915,0
971,943,32754,32832,32759,32763,32764,32767,55914,1
972,938,32739,32847,32760,32763,32765,32766,55914,0
973,938,32710,32838,32760,32763,32764,32766,55914,0
974,944,32762,32817,32760,32763,32764,32767,55914,0
975,938,32756,32793,32761,32763,32764,32766,55914,1
976,942,32717,32817,32759,32763,32765,32765,55913,1
977,939,32747,32837,32760,32763,32765,32766,55915,0
978,938,32766,32840,32759,32763,32765,32766,55914,3
979,938,32737,32835,32760,32762,32765,32766,55915,0
980,938,32694,32789,32760,32763,32763,32766,55915,0
981,943,32754,32815,32760,32763,32764,32767,55915,0
982,938,32751,32842,32759,32763,32765,32767,55915,0
983,938,32717,32840,32760,32763,32765,32766,55914,1
984,939,32731,32810,32760,32763,32763,32765,55913,0
985,938,32760,32807,32761,32762,32765,32765,55912,0
986,942,32737,32816,32760,32762,32765,32767,55912,0
987,938,32697,32845,32760,32763,32764,32766,55914,0
988,939,32741,32835,32759,32763,32764,32767,55914,0
989,938,32734,32817,32760,32763,32764,32767,55915,1
990,938,32692,32814,32760,32763,32764,32767,55914,0
991,942,32711,32820,32760,32763,32765,32765,55913,0
992,938,32738,32838,32760,32762,32764,32766,55913,0
993,939,32739,32838,32761,32763,32764,32768,55914,0
994,938,32697,32798,32760,32763,32765,32767,55913,0
995,938,32738,32811,32759,32762,32764,32766,55913,0
996,943,32737,32836,32760,32763,32764,32766,55915,0
997,938,32709,32832,32758,32763,32764,32766,55915,0
998,938,32740,32815,32759,32763,32764,32766,55915,0
999,938,32749,32787,32759,32762,32766,32766,55914,0
1000,939,32731,32836,32760,32764,32763,32766,55914,0
1001,942,32693,32830,32760,32763,32764,32766,55913,1
1002,939,32739,32829,32760,32763,32765,32766,55914,0
1003,938,32745,32807,32760,32763,32764,32766,55913,1
1004,938,32702,32803,32759,32763,32764,32767,55914,0
1005,938,32731,32828,32760,32763,32763,32767,55914,0
1006,943,32749,32843,32760,32763,32764,32767,55913,0
1007,948,32738,32828,32759,32762,32765,32767,55913,0
1008,938,32709,32805,32761,32764,32764,32766,55913,0
1009,938,32739,32807,32759,32763,32764,32767,55914,1
1010,938,32757,32841,32760,32764,32764,32767,55915,0
1011,942,32742,32853,32760,32763,32764,32767,55915,0
1012,939,32699,32835,32759,32763,32764,32766,55914,1
1013,938,32748,32811,32760,32763,32764,32767,55914,0
1014,938,32761,32807,32760,32763,32765,32766,55913,1
1015,938,32693,32825,32759,32763,32765,32766,55915,0
1016,943,32716,32817,32760,32763,32765,32767,55914,1
1017,938,32741,32815,32761,32763,32764,32767,55914,1
1018,938,32732,32794,32760,32762,32765,32766,55914,0
1019,939,32718,32786,32760,32763,32764,32766,55914,0
1020,938,32751,32846,32759,32762,32765,32766,55914,1
1021,942,32732,32837,32760,32763,32764,32767,55914,0
1022,938,32711,32818,32759,32763,32764,32766,55914,1
1023,939,32731,32798,32759,32762,32765,32766,55914,0
1024,943,32735,32787,32759,32764,32764,32767,55913,0
1025,938,32739,32822,32760,32762,32764,32767,55913,1
1026,943,32711,32830,32760,32763,32764,32766,55914,0
1027,938,32750,32815,32760,32763,32764,32767,55915,0
1028,938,32746,32779,32760,32764,32763,32767,55913,0
1029,939,32721,32810,32760,32763,32764,32765,55914,0
1030,938,32721,32805,32760,32763,32765,32767,55914,0
1031,942,32739,32815,32760,32763,32764,32767,55913,1
1032,938,32749,32828,32759,32763,32764,32767,55912,1
1033,939,32695,32787,32760,32763,32764,32765,55914,0
1034,938,32756,32821,32760,32764,32764,32765,55915,0
1035,938,32747,32844,32760,32764,32763,32765,55914,0
1036,943,32729,32813,32760,32763,32764,32767,55915,1
1037,938,32712,32796,32759,32762,32765,32767,55913,0
1038,938,32749,32794,32760,32763,32765,32767,55914,0
1039,938,32748,32839,32760,32763,32764,32766,55914,1
1040,944,32699,32824,32760,32765,32764,32766,55914,0
1041,942,32703,32816,32759,32763,32765,32767,55913,0
1042,938,32752,32809,32759,32763,32766,32766,55914,0
1043,938,32719,32790,32760,32762,32763,32766,55914,0
1044,938,32700,32807,32759,32763,32764,32765,55914,0
1045,938,32748,32836,32761,32763,32765,32767,55913,0
1046,943,32744,32828,32760,32763,32764,32765,55914,0
1047,938,32717,32808,32760,32763,32765,32766,55914,0
1048,938,32724,32799,32760,32763,32764,32767,55914,0
1049,939,32752,32832,32760,32762,32765,32766,55914,1
1050,938,32750,32826,32761,32764,32766,32767,55913,0
1051,942,32712,32826,32760,32763,32764,32767,55913,0
1052,939,32743,32804,32760,32763,32765,32767,55914,0
1053,938,32759,32811,32759,32762,32764,32765,55914,0
1054,938,32705,32836,32760,32763,32764,32765,55914,1
1055,938,32739,32819,32760,32762,32764,32766,55915,0
1056,943,32749,32816,32759,32764,32765,32766,55915,1
1057,938,32725,32791,32760,32764,32764,32766,55913,0
1058,938,32691,32814,32760,32763,32764,32765,55914,2
1059,938,32749,32828,32760,32764,32765,32766,55914,0
1060,938,32742,32831,32760,32764,32765,32767,55915,0
1061,943,32705,32814,32760,32763,32763,32767,55914,0
1062,938,32717,32786,32760,32762,32764,32765,55914,0
1063,938,32754,32834,32759,32762,32764,32767,55913,1
1064,939,32733,32843,32760,32763,32765,32766,55914,0
1065,938,32694,32836,32760,32762,32765,32767,55914,1
1066,942,32744,32801,32759,32762,32764,32766,55914,0
1067,938,32745,32808,32760,32763,32764,32766,55913,0
1068,938,32715,32841,32760,32762,32765,32765,55913,0
1069,939,32722,32832,32759,32763,32764,32766,55913,0
1070,938,32755,32807,32760,32762,32764,32766,55912,0
1071,942,32735,32799,32761,32763,32764,32767,55915,0
1072,939,32697,32811,32760,32762,32765,32766,55913,0
1073,948,32737,32815,32759,32763,32764,32766,55915,2
1074,943,32757,32844,32759,32762,32764,32768,55913,0
1075,938,32738,32833,32760,32763,32764,32767,55915,0
1076,943,32703,32807,32760,32763,32764,32766,55913,0
1077,938,32744,32804,32759,32763,32764,32765,55914,0
1078,938,32753,32830,32760,32762,32764,32767,55915,1
1079,939,32724,32831,32760,32762,32765,32767,55914,1
1080,938,32723,32822,32760,32763,32764,32767,55914,0
1081,942,32741,32811,32760,32763,32765,32767,55914,0
1082,939,32736,32809,32760,32762,32765,32766,55915,0
1083,938,32715,32840,32759,32763,32765,32767,55913,0
1084,938,32745,32825,32759,32762,32765,32766,55913,1
1085,938,32738,32812,32759,32763,32764,32766,55913,0
1086,943,32732,32797,32760,32762,32764,32766,55914,0
1087,938,32707,32794,32760,32764,32764,32765,55913,1
1088,938,32771,32826,32760,32763,32764,32767,55913,1
1089,939,32744,32837,32758,32761,32765,32767,55915,0
1090,943,32704,32814,32759,32762,32765,32766,55914,0
1091,942,32729,32791,32759,32763,32763,32767,55914,0
1092,938,32742,32802,32760,32762,32765,32766,55914,3
1093,938,32723,32859,32759,32762,32764,32767,55914,0
1094,939,32716,32826,32760,32763,32765,32767,55914,0
1095,938,32765,32821,32760,32762,32764,32765,55914,0
1096,942,32749,32803,32759,32762,32765,32768,55914,1
1097,938,32716,32819,32760,32763,32764,32767,55914,1
1098,939,32729,32828,32761,32764,32763,32767,55913,0
1099,938,32750,32828,32760,32764,32763,32768,55914,0
1100,938,32735,32799,32759,32763,32764,32767,55915,0
1101,943,32692,32800,32759,32764,32764,32766,55914,1
1102,938,32750,32823,32760,32763,32764,32767,55914,0
1103,938,32752,32830,32759,32763,32764,32767,55914,0
1104,938,32704,32816,32760,32764,32764,32766,55913,0
1105,939,32714,32778,32759,32763,32763,32767,55909,0
1106,948,32747,32793,32759,32763,32764,32767,55914,0
1107,943,32754,32810,32760,32763,32765,32767,55914,0
1108,938,32711,32831,32760,32764,32765,32767,55914,0
1109,939,32738,32834,32759,32763,32765,32765,55915,0
1110,938,32752,32819,32759,32763,32765,32766,55913,0
1111,942,32737,32793,32760,32762,32765,32766,55914,1
1112,939,32707,32814,32760,32762,32765,32765,55914,0
1113,938,32746,32849,32760,32762,32765,32765,55913,0
1114,938,32738,32826,32760,32763,32763,32766,55914,0
1115,938,32715,32802,32760,32762,32764,32768,55914,0
1116,943,32728,32799,32759,32763,32764,32767,55913,0
1117,938,32750,32836,32760,32762,32764,32766,55915,0
1118,938,32726,32836,32761,32762,32764,32767,55914,0
1119,939,32696,32815,32760,32763,32765,32767,55914,0
1120,938,32737,32807,32761,32763,32764,32767,55913,0
1121,941,32755,32796,32759,32763,32763,32766,55913,1
1122,939,32710,32830,32760,32764,32764,32766,55913,0
1123,949,32712,32814,32760,32763,32765,32766,55914,0
1124,938,32759,32823,32759,32763,32764,32766,55914,0
1125,938,32741,32806,32759,32763,32765,32766,55914,0
1126,943,32712,32774,32759,32764,32764,32766,55913,0
1127,938,32724,32820,32760,32763,32765,32766,55913,0
1128,938,32752,32845,32760,32764,32763,32766,55913,0
1129,939,32729,32839,32760,32764,32765,32766,55914,1
1130,938,32690,32798,32759,32762,32764,32766,55914,1
1131,942,32742,32795,32760,32763,32764,32766,55914,0
1132,938,32747,32848,32759,32762,32764,32766,55914,0
1133,939,32716,32821,32760,32763,32764,32766,55914,0
1134,938,32731,32814,32761,32762,32764,32766,55913,0
1135,938,32747,32795,32760,32763,32764,32767,55915,0
1136,943,32723,32822,32760,32763,32763,32767,55913,6
1137,938,32699,32826,32759,32763,32765,32767,55915,0
1138,938,32746,32837,32761,32763,32764,32767,55914,0
1139,944,32747,32811,32759,32764,32765,32766,55914,1
1140,938,32719,32790,32760,32763,32764,32767,55913,1
1141,942,32718,32799,32759,32763,32765,32765,55914,0
1142,938,32745,32839,32759,32763,32764,32767,55914,0
1143,938,32740,32853,32761,32763,32764,32766,55913,0
1144,939,32689,32818,32759,32762,32765,32767,55913,0
1145,938,32752,32799,32761,32763,32764,32765,55913,0
1146,942,32743,32826,32760,32762,32765,32766,55914,1
1147,938,32743,32847,32759,32763,32764,32766,55911,1
1148,939,32717,32818,32759,32763,32764,32766,55914,0
1149,938,32752,32812,32760,32763,32765,32767,55913,0
1150,938,32743,32822,32761,32763,32764,32767,55913,0
1151,943,32705,32829,32759,32762,32765,32766,55913,0
1152,938,32733,32817,32759,32762,32764,32767,55914,0
1153,938,32740,32824,32760,32764,32765,32766,55914,2
1154,938,32711,32802,32760,32763,32763,32766,55913,0
1155,939,32724,32813,32760,32762,32764,32766,55913,0
1156,947,32748,32841,32759,32763,32765,32766,55914,0
1157,943,32740,32843,32759,32763,32764,32766,55914,1
1158,938,32732,32846,32760,32763,32764,32766,55913,0
1159,939,32724,32807,32760,32764,32765,32766,55914,0
1160,938,32743,32789,32760,32764,32765,32767,55913,0
1161,942,32738,32817,32759,32761,32765,32766,55913,0
1162,938,32709,32845,32760,32763,32764,32766,55912,1
1163,939,32738,32811,32760,32764,32765,32767,55913,0
1164,938,32726,32807,32759,32762,32765,32767,55914,0
1165,938,32705,32807,32759,32764,32764,32766,55914,0
1166,942,32710,32810,32759,32762,32765,32767,55913,0
1167,939,32759,32829,32760,32763,32764,32766,55913,0
1168,938,32728,32821,32760,32763,32763,32767,55912,0
1169,938,32691,32774,32759,32763,32764,32766,55913,1
1170,938,32741,32804,32759,32763,32765,32767,55909,0
1171,942,32751,32827,32759,32763,32765,32766,55913,0
1172,938,32719,32824,32759,32762,32765,32766,55913,0
1173,938,32721,32792,32759,32763,32764,32765,55913,0
1174,938,32735,32798,32759,32765,32766,32767,55912,0
1175,939,32727,32848,32760,32763,32763,32766,55913,0
1176,942,32699,32834,32759,32763,32763,32766,55913,0
1177,938,32733,32827,32759,32763,32765,32767,55913,0
1178,938,32743,32805,32760,32762,32764,32766,55912,0
1179,939,32701,32802,32760,32764,32765,32766,55913,0
1180,938,32715,32824,32759,32763,32764,32767,55913,0
1181,942,32739,32849,32759,32763,32765,32767,55913,0
1182,939,32728,32826,32759,32763,32766,32767,55914,0
1183,938,32697,32786,32760,32763,32765,32765,55912,1
1184,938,32745,32806,32759,32763,32764,32766,55912,0
1185,938,32751,32850,32760,32763,32763,32766,55913,0
1186,943,32727,32831,32760,32763,32765,32765,55912,0
1187,938,32721,32817,32759,32764,32763,32767,55914,0
1188,938,32737,32795,32760,32764,32765,32766,55914,2
1189,938,32742,32823,32759,32764,32766,32766,55913,0
1190,938,32711,32837,32761,32763,32764,32765,55914,1
1191,943,32715,32816,32760,32762,32764,32766,55911,0
1192,938,32728,32820,32760,32763,32764,32767,55913,0
1193,938,32729,32803,32760,32763,32764,32766,55913,0
1194,938,32724,32832,32760,32764,32766,32766,55913,0
1195,939,32750,32831,32760,32764,32765,32767,55913,0
1196,942,32732,32837,32760,32763,32764,32766,55912,0
1197,938,32701,32782,32760,32762,32764,32765,55914,0
1198,939,32733,32795,32760,32764,32764,32766,55913,0
1199,938,32742,32832,32760,32763,32765,32766,55913,0
1200,938,32714,32840,32759,32762,32765,32767,55914,0
1201,942,32711,32828,32760,32763,32764,32766,55915,0
1202,938,32744,32803,32760,32762,32765,32767,55914,0
1203,939,32733,32816,32760,32763,32764,32766,55914,1
1204,938,32702,32823,32759,32763,32764,32766,55914,1
1205,944,32746,32814,32760,32762,32764,32767,55913,1
1206,942,32740,32819,32760,32763,32764,32766,55912,1
1207,938,32720,32807,32760,32763,32764,32766,55913,0
1208,938,32703,32813,32760,32763,32764,32766,55914,0
1209,938,32748,32841,32760,32763,32765,32766,55914,0
1210,939,32742,32829,32761,32763,32765,32765,55913,0
1211,942,32701,32821,32760,32763,32764,32767,55914,0
1212,938,32732,32796,32759,32764,32764,32766,55914,0
1213,939,32761,32839,32760,32762,32764,32767,55913,0
1214,938,32735,32836,32760,32763,32764,32767,55913,1
1215,938,32712,32835,32759,32763,32764,32767,55913,0
1216,942,32734,32814,32760,32763,32764,32766,55913,1
1217,939,32743,32803,32759,32761,32764,32766,55914,1
1218,938,32699,32815,32760,32763,32765,32765,55913,0
1219,938,32737,32833,32759,32762,32764,32766,55913,0
1220,939,32733,32824,32759,32764,32764,32766,55913,0
1221,942,32720,32812,32760,32763,32764,32767,55913,0
1222,938,32684,32804,32760,32764,32764,32767,55914,0
1223,938,32761,32848,32759,32763,32765,32766,55913,1
1224,938,32744,32856,32760,32762,32763,32766,55913,0
1225,939,32694,32814,32759,32762,32764,32766,55914,0
1226,941,32727,32793,32759,32763,32765,32767,55915,0
1227,939,32729,32806,32760,32763,32764,32766,55913,1
1228,938,32708,32838,32759,32763,32765,32767,55914,0
1229,938,32698,32823,32761,32764,32765,32767,55915,0
1230,938,32740,32823,32759,32763,32764,32767,55914,0
1231,943,32749,32792,32760,32763,32764,32767,55912,0
1232,938,32704,32833,32759,32763,32765,32767,55914,0
1233,938,32743,32811,32761,32762,32764,32766,55914,0
1234,939,32741,32818,32759,32762,32764,32766,55915,0
1235,938,32709,32805,32760,32763,32764,32766,55913,0
1236,4840,32741,32810,32759,32763,32765,32766,55913,0
1237,943,32731,32838,32760,32763,32764,32766,55914,1
1238,938,32671,32809,32760,32763,32765,32766,55913,0
1239,939,32732,32823,32760,32763,32764,32766,55910,0
1240,938,32726,32774,32760,32762,32765,32766,55914,0
1241,942,32708,32806,32760,32764,32764,32767,55914,0
1242,938,32703,32817,32760,32762,32764,32767,55914,0
1243,939,32745,32836,32760,32762,32764,32766,55912,1
1244,938,32728,32813,32760,32763,32765,32767,55913,0
1245,938,32679,32799,32761,32762,32764,32765,55913,0
1246,943,32721,32810,32760,32763,32764,32766,55914,0
1247,938,32727,32842,32760,32762,32766,32765,55912,0
1248,938,32708,32829,32760,32763,32764,32766,55913,0
1249,939,32688,32805,32759,32763,32764,32766,55913,0
1250,938,32745,32814,32760,32763,32765,32766,55913,0
1251,942,32730,32848,32760,32763,32764,32766,55914,0
1252,938,32697,32840,32760,32763,32764,32767,55913,0
1253,943,32735,32832,32759,32763,32764,32765,55914,1
1254,938,32736,32817,32759,32764,32765,32765,55914,0
1255,938,32708,32806,32760,32764,32764,32767,55914,0
1256,943,32684,32836,32760,32763,32764,32766,55913,0
1257,938,32729,32828,32761,32763,32763,32767,55914,1
1258,938,32733,32818,32760,32763,32765,32766,55914,0
1259,938,32699,32796,32759,32763,32765,32766,55913,0
1260,939,32728,32795,32760,32763,32765,32766,55914,0
1261,942,32749,32841,32760,32763,32764,32767,55913,1
1262,938,32736,32825,32760,32763,32765,32766,55912,0
1263,939,32702,32823,32760,32762,32765,32767,55912,1
1264,938,32750,32797,32761,32763,32765,32766,55914,0
1265,938,32731,32824,32760,32763,32765,32766,55914,1
1266,939,32688,32831,32759,32763,32765,32766,55913,0
1267,942,32732,32825,32759,32762,32764,32766,55914,0
1268,938,32754,32813,32760,32763,32764,32767,55913,0
1269,944,32725,32802,32759,32763,32765,32766,55913,0
1270,938,32683,32820,32760,32763,32765,32766,55913,1
1271,942,32738,32836,32760,32762,32764,32767,55913,1
1272,938,32758,32827,32760,32763,32764,32767,55914,1
1273,939,32720,32807,32760,32763,32765,32766,55914,0
1274,938,32709,32798,32759,32762,32765,32766,55913,1
1275,938,32741,32828,32760,32763,32764,32767,55913,2
1276,943,32746,32831,32758,32764,32763,32767,55913,1
1277,938,32707,32826,32760,32763,32764,32765,55913,0
1278,938,32747,32803,32759,32763,32764,32767,55913,2
1279,939,32732,32795,32760,32763,32764,32766,55913,0
1280,938,32715,32847,32760,32762,32764,32767,55914,0
1281,942,32709,32842,32759,32762,32764,32767,55913,1
1282,938,32756,32854,32761,32764,32765,32766,55915,0
1283,938,32736,32815,32759,32764,32764,32766,55913,0
1284,938,32702,32797,32759,32764,32764,32767,55913,1
1285,939,32755,32832,32761,32763,32764,32766,55913,0
1286,946,32749,32843,32760,32763,32764,32766,55912,0
1287,938,32726,32834,32759,32762,32764,32767,55913,0
1288,938,32715,32792,32759,32763,32764,32765,55912,0
1289,938,32776,32818,32760,32764,32764,32766,55913,2
1290,939,32744,32843,32760,32763,32764,32765,55914,0
1291,942,32707,32830,32760,32763,32764,32766,55912,0
1292,939,32727,32827,32759,32763,32765,32766,55914,0
1293,938,32739,32807,32760,32763,32764,32766,55912,0
1294,938,32728,32826,32759,32762,32764,32766,55914,0
1295,939,32696,32845,32760,32762,32764,32767,55914,0
1296,942,32734,32830,32760,32763,32764,32767,55914,0
1297,938,32726,32830,32760,32763,32764,32766,55912,0
1298,938,32718,32815,32759,32763,32765,32766,55913,0
1299,939,32734,32818,32759,32763,32765,32766,55913,1
1300,938,32749,32861,32760,32763,32763,32767,55914,0
1301,942,32735,32839,32761,32761,32764,32766,55913,0
1302,944,32685,32809,32759,32763,32764,32767,55913,1
1303,938,32743,32793,32760,32762,32764,32767,55914,1
1304,938,32757,32828,32759,32764,32764,32767,55912,0
1305,938,32733,32843,32761,32762,32765,32766,55914,0
1306,943,32717,32829,32759,32763,32765,32767,55914,0
1307,938,32752,32809,32761,32763,32765,32768,55913,0
1308,938,32747,32806,32760,32763,32764,32766,55914,0
1309,939,32709,32840,32761,32763,32764,32765,55913,0
1310,938,32749,32838,32759,32763,32765,32767,55913,0
1311,942,32752,32841,32760,32764,32764,32766,55915,1
1312,939,32715,32818,32760,32762,32765,32767,55914,0
1313,938,32718,32814,32759,32763,32765,32766,55909,1
1314,938,32762,32831,32758,32763,32765,32767,55914,0
1315,938,32748,32836,32760,32763,32764,32765,55912,0
1316,943,32708,32835,32759,32763,32764,32766,55913,1
1317,938,32758,32798,32760,32762,32765,32766,55914,0
1318,938,32757,32837,32760,32763,32764,32766,55914,0
1319,943,32706,32859,32759,32763,32765,32766,55912,0
1320,943,32698,32859,32759,32764,32764,32765,55914,0
1321,943,32736,32826,32760,32762,32764,32767,55913,0
1322,938,32750,32816,32760,32763,32764,32766,55914,0
1323,938,32707,32832,32760,32762,32764,32767,55913,1
1324,939,32710,32844,32760,32763,32764,32765,55912,1
1325,938,32750,32846,32759,32762,32766,32767,55913,0
1326,942,32739,32835,32760,32763,32764,32765,55913,1
1327,938,32691,32803,32759,32764,32763,32766,55913,0
1328,939,32749,32841,32760,32763,32764,32766,55913,0
1329,938,32728,32834,32760,32761,32764,32766,55913,0
1330,938,32691,32823,32760,32764,32764,32766,55914,0
1331,942,32730,32811,32760,32762,32765,32766,55914,0
1332,938,32745,32790,32759,32762,32765,32766,55914,0
1333,938,32726,32825,32758,32763,32764,32766,55914,0
1334,939,32691,32845,32760,32763,32765,32767,55913,1
1335,938,32746,32825,32761,32763,32764,32766,55914,0
1336,942,32738,32813,32759,32763,32765,32766,55913,1
1337,938,32707,32811,32761,32763,32765,32766,55913,0
1338,938,32712,32819,32759,32763,32764,32765,55912,0
1339,939,32739,32831,32760,32763,32764,32766,55913,1
1340,938,32719,32828,32760,32763,32764,32767,55914,0
1341,942,32683,32804,32760,32763,32765,32767,55913,0
1342,938,32729,32811,32760,32763,32764,32766,55913,0
1343,939,32747,32830,32761,32763,32765,32766,55915,0
1344,938,32703,32847,32760,32763,32764,32767,55913,0
1345,938,32719,32814,32760,32762,32763,32766,55913,1
1346,943,32737,32809,32761,32763,32765,32766,55913,0
1347,938,32736,32835,32759,32763,32764,32768,55915,0
1348,938,32687,32815,32760,32763,32763,32766,55913,0
1349,938,32720,32829,32760,32763,32764,32766,55913,0
1350,939,32720,32806,32760,32764,32764,32766,55913,0
1351,942,32692,32822,32760,32763,32764,32766,55913,1
1352,943,32704,32838,32760,32763,32764,32767,55914,0
1353,943,32738,32851,32761,32763,32764,32766,55914,0
1354,938,32735,32847,32760,32763,32764,32766,55912,0
1355,939,32699,32826,32760,32763,32764,32766,55912,0
1356,942,32704,32798,32760,32762,32764,32767,55915,0
1357,938,32745,32831,32760,32764,32765,32767,55914,1
1358,939,32721,32840,32760,32763,32765,32767,55914,0
1359,938,32691,32819,32760,32763,32763,32766,55915,0
1360,938,32737,32810,32760,32763,32765,32767,55913,0
1361,942,32745,32815,32759,32763,32764,32767,55913,0
1362,939,32707,32825,32760,32764,32764,32765,55913,0
1363,938,32726,32825,32761,32763,32765,32766,55913,0
1364,938,32754,32834,32759,32762,32764,32766,55912,0
1365,939,32718,32809,32760,32763,32765,32766,55913,0
1366,942,32692,32808,32760,32762,32763,32767,55913,0
1367,938,32747,32838,32760,32763,32764,32764,55914,1
1368,938,32735,32841,32760,32764,32765,32766,55914,0
1369,938,32721,32816,32760,32763,32765,32766,55913,0
1370,938,32718,32785,32760,32763,32765,32767,55914,0
1371,943,32736,32806,32760,32762,32764,32767,55914,0
1372,938,32719,32840,32760,32764,32765,32766,55914,1
1373,938,32688,32846,32760,32764,32764,32766,55912,0
1374,939,32753,32829,32760,32762,32764,32765,55914,0
1375,938,32745,32817,32760,32763,32764,32767,55914,1
1376,942,32723,32836,32760,32763,32765,32766,55914,0
1377,939,32712,32850,32760,32763,32764,32766,55913,0
1378,938,32752,32855,32760,32763,32764,32766,55913,1
1379,938,32737,32816,32760,32763,32766,32766,55914,0
1380,938,32709,32803,32759,32763,32765,32766,55914,0
1381,943,32744,32851,32760,32763,32764,32766,55913,0
1382,938,32744,32842,32758,32762,32765,32766,55913,0
1383,938,32722,32837,32760,32763,32764,32768,55914,0
1384,939,32729,32812,32760,32762,32765,32767,55913,0
1385,949,32740,32801,32759,32762,32764,32766,55914,0
1386,941,32744,32834,32760,32762,32765,32766,55912,0
1387,939,32699,32841,32760,32763,32764,32766,55913,1
1388,938,32716,32837,32759,32763,32765,32766,55914,0
1389,938,32746,32812,32760,32764,32764,32767,55914,0
1390,938,32727,32814,32761,32763,32764,32766,55914,1
1391,943,32693,32825,32760,32762,32764,32767,55914,0
1392,938,32760,32845,32759,32763,32764,32767,55914,0
1393,938,32738,32828,32761,32763,32765,32767,55914,1
1394,939,32704,32806,32761,32763,32764,32765,55914,0
1395,938,32742,32814,32760,32763,32764,32764,55914,2
1396,942,32743,32841,32760,32763,32765,32767,55914,0
1397,939,32724,32861,32759,32762,32764,32766,55914,1
1398,938,32681,32818,32760,32763,32764,32766,55916,0
1399,938,32740,32798,32759,32763,32764,32766,55914,0
1400,938,32747,32831,32760,32763,32765,32766,55915,0
1401,943,32731,32834,32760,32764,32765,32766,55913,0
1402,943,32717,32825,32760,32764,32765,32766,55915,0
1403,938,32747,32836,32759,32763,32764,32766,55913,0
1404,939,32738,32803,32760,32762,32764,32767,55914,1
1405,938,32681,32832,32760,32763,32765,32766,55914,0
1406,942,32734,32826,32760,32763,32763,32767,55914,1
1407,939,32736,32829,32761,32762,32765,32767,55913,0
1408,938,32716,32799,32760,32763,32764,32766,55913,0
1409,938,32697,32796,32760,32762,32764,32766,55913,0
1410,938,32736,32833,32760,32763,32764,32767,55913,0
1411,942,32738,32838,32761,32763,32764,32766,55914,0
1412,939,32701,32827,32760,32762,32764,32765,55914,0
1413,938,32726,32796,32760,32763,32764,32766,55913,0
1414,938,32746,32809,32759,32763,32765,32766,55912,0
1415,938,32714,32825,32760,32763,32765,32766,55913,1
1416,943,32676,32828,32759,32764,32763,32766,55914,0
1417,938,32744,32821,32759,32763,32765,32767,55913,1
1418,943,32746,32798,32760,32763,32764,32766,55915,0
1419,938,32699,32800,32760,32763,32763,32768,55914,0
1420,938,32714,32812,32759,32763,32764,32767,55912,0
1421,943,32748,32833,32760,32763,32765,32767,55914,0
1422,938,32729,32834,32760,32763,32765,32767,55913,0
1423,938,32677,32794,32760,32763,32764,32767,55914,0
1424,938,32737,32799,32759,32762,32764,32766,55912,0
1425,939,32736,32831,32760,32763,32764,32766,55913,0
1426,942,32697,32854,32761,32763,32765,32765,55913,0
1427,938,32736,32843,32759,32763,32765,32767,55913,0
1428,939,32742,32810,32759,32763,32765,32767,55914,0
1429,938,32723,32824,32760,32763,32764,32765,55912,0
1430,938,32689,32831,32759,32762,32765,32766,55914,0
1431,942,32746,32829,32761,32763,32765,32766,55913,0
1432,939,32743,32840,32760,32763,32764,32766,55913,1
1433,938,32690,32822,32760,32763,32764,32766,55911,0
1434,944,32715,32810,32760,32763,32764,32766,55914,0
1435,938,32744,32842,32760,32762,32764,32766,55914,0
1436,942,32745,32827,32760,32762,32763,32766,55911,0
1437,938,32695,32820,32759,32763,32764,32767,55912,0
1438,939,32741,32794,32761,32763,32765,32767,55908,0
1439,938,32749,32830,32761,32762,32764,32766,55913,0
1440,938,32714,32843,32761,32762,32764,32766,55914,0
1441,942,32713,32827,32759,32763,32763,32765,55914,0
1442,938,32738,32809,32760,32763,32764,32767,55914,0
1443,939,32729,32815,32759,32762,32764,32766,55913,8
1444,938,32690,32826,32760,32763,32764,32767,55913,0
1445,938,32722,32835,32760,32764,32764,32766,55913,0
1446,943,32747,32825,32759,32763,32764,32766,55913,0
1447,938,32709,32810,32759,32764,32764,32766,55913,0
1448,938,32703,32801,32760,32762,32764,32765,55913,0
1449,938,32744,32822,32760,32762,32764,32766,55913,0
1450,939,32748,32844,32759,32763,32765,32766,55912,0
1451,946,32703,32812,32760,32763,32763,32766,55913,0
1452,938,32728,32789,32761,32763,32764,32767,55913,0
1453,938,32742,32816,32760,32762,32765,32766,55914,1
1454,938,32720,32833,32759,32762,32764,32766,55914,0
1455,939,32692,32831,32760,32763,32765,32767,55913,0
1456,942,32746,32826,32761,32763,32765,32766,55913,1
1457,938,32733,32794,32760,32762,32764,32766,55913,0
1458,939,32708,32824,32758,32762,32765,32767,55914,0
1459,938,32714,32834,32760,32763,32764,32766,55912,0
1460,938,32744,32835,32759,32763,32764,32765,55913,0
1461,943,32722,32805,32759,32762,32764,32767,55913,1
1462,938,32696,32805,32758,32763,32764,32766,55913,0
1463,938,32736,32846,32760,32762,32764,32765,55914,0
1464,938,32725,32834,32760,32763,32764,32767,55914,1
1465,939,32694,32815,32761,32763,32763,32767,55913,0
1466,942,32707,32806,32760,32763,32764,32766,55915,1
1467,944,32748,32817,32760,32763,32764,32767,55914,0
1468,943,32733,32839,32761,32763,32764,32766,55913,0
1469,938,32694,32844,32760,32762,32764,32767,55917,0
1470,939,32724,32842,32760,32763,32764,32766,55914,0
1471,942,32757,32830,32759,32764,32765,32766,55914,0
1472,938,32736,32812,32760,32764,32764,32766,55911,0
1473,938,32696,32819,32760,32763,32764,32767,55915,0
1474,939,32748,32831,32760,32764,32763,32767,55914,0
1475,938,32734,32817,32760,32762,32765,32767,55914,0
1476,942,32698,32796,32760,32762,32764,32767,55914,0
1477,939,32740,32799,32760,32762,32765,32766,55913,0
1478,938,32747,32845,32760,32762,32764,32766,55913,1
1479,938,32726,32840,32760,32763,32764,32766,55913,0
1480,938,32688,32807,32760,32763,32764,32767,55914,0
1481,943,32731,32806,32760,32763,32763,32767,55912,1
1482,938,32743,32797,32760,32764,32764,32767,55914,0
1483,938,32696,32831,32759,32763,32764,32766,55912,0
1484,944,32736,32832,32760,32764,32765,32767,55914,1
1485,938,32755,32818,32760,32763,32765,32767,55913,0
1486,942,32732,32804,32760,32762,32764,32766,55914,0
1487,939,32696,32797,32760,32762,32764,32767,55913,1
1488,938,32741,32823,32760,32763,32765,32766,55913,0
1489,938,32742,32840,32760,32762,32764,32765,55914,0
1490,938,32729,32821,32761,32763,32765,32765,55913,1
1491,939,32721,32777,32760,32762,32763,32767,55913,0
1492,941,32741,32801,32759,32763,32765,32766,55913,0
1493,939,32740,32836,32759,32763,32764,32767,55914,1
1494,938,32689,32822,32759,32763,32765,32766,55913,1
1495,938,32715,32785,32760,32762,32765,32765,55913,0
1496,943,32739,32808,32759,32763,32764,32766,55914,0
1497,938,32702,32815,32760,32763,32765,32766,55916,0
1498,938,32718,32819,32760,32763,32764,32766,55912,0
1499,938,32741,32827,32758,32763,32765,32765,55913,0
1500,939,32720,32801,32760,32763,32763,32766,55916,0
1501,941,32694,32788,32761,32762,32765,32768,55914,1
1502,939,32728,32830,32760,32763,32765,32766,55913,0
1503,938,32746,32847,32759,32764,32765,32766,55913,0
1504,938,32710,32831,32759,32762,32764,32767,55913,0
1505,938,32727,32806,32760,32763,32764,32766,55914,0
1506,943,32720,32799,32760,32763,32763,32767,55915,0
1507,938,32731,32828,32759,32763,32764,32766,55910,0
1508,938,32693,32832,32760,32762,32764,32766,55914,1
1509,938,32730,32825,32760,32762,32765,32767,55913,0
1510,939,32739,32810,32760,32763,32764,32765,55913,0
1511,942,32714,32821,32759,32763,32764,32766,55912,0
1512,938,32709,32844,32760,32763,32765,32767,55914,0
1513,939,32738,32840,32759,32764,32764,32766,55913,1
1514,938,32726,32826,32761,32763,32764,32766,55913,1
1515,938,32695,32802,32759,32763,32764,32766,55913,0
1516,943,32731,32816,32758,32762,32765,32766,55914,0
1517,949,32755,32837,32760,32763,32765,32767,55913,0
1518,943,32754,32843,32761,32763,32765,32766,55914,0
1519,938,32703,32842,32761,32763,32765,32766,55913,0
1520,939,32740,32811,32760,32763,32763,32766,55914,0
1521,942,32755,32808,32760,32762,32764,32767,55913,0
1522,938,32755,32841,32759,32764,32764,32766,55914,0
1523,938,32719,32836,32760,32762,32764,32766,55914,0
1524,938,32751,32805,32759,32763,32765,32767,55914,1
1525,939,32763,32803,32759,32763,32765,32767,55913,0
1526,942,32711,32820,32760,32762,32763,32767,55914,1
1527,938,32753,32834,32760,32763,32765,32767,55913,0
1528,938,32758,32830,32761,32763,32764,32766,55913,1
1529,939,32720,32808,32759,32762,32764,32766,55913,0
1530,938,32706,32799,32760,32763,32765,32767,55912,0
1531,942,32753,32818,32760,32763,32765,32767,55912,0
1532,939,32748,32846,32759,32763,32765,32766,55913,0
1533,938,32705,32825,32761,32762,32764,32766,55912,0
1534,938,32746,32799,32760,32763,32764,32766,55913,0
1535,938,32753,32809,32761,32763,32764,32767,55912,0
1536,942,32734,32838,32760,32763,32764,32765,55913,0
1537,939,32705,32826,32760,32763,32765,32767,55913,1
1538,938,32757,32820,32760,32762,32765,32766,55913,1
1539,938,32728,32804,32760,32763,32765,32767,55914,1
1540,938,32693,32819,32760,32763,32765,32767,55914,0
1541,943,32734,32843,32759,32762,32764,32768,55914,0
1542,938,32753,32832,32760,32764,32764,32767,55914,0
1543,938,32722,32809,32759,32762,32765,32765,55913,2
1544,939,32698,32783,32759,32762,32764,32767,55913,0
1545,938,32756,32820,32760,32763,32765,32766,55914,0
1546,938,32739,32827,32760,32762,32764,32766,55914,0
1547,942,32703,32835,32760,32763,32764,32766,55914,0
1548,938,32724,32805,32760,32763,32764,32766,55914,0
1549,939,32751,32795,32761,32764,32764,32765,55913,0
1550,949,32731,32828,32759,32762,32763,32765,55913,1
1551,942,32710,32823,32759,32763,32764,32767,55914,1
1552,938,32733,32829,32760,32762,32765,32767,55913,0
1553,938,32743,32827,32760,32763,32765,32766,55914,0
1554,939,32712,32796,32760,32763,32763,32766,55913,0
1555,938,32705,32804,32759,32763,32764,32767,55913,1
1556,942,32733,32823,32760,32763,32765,32767,55913,0
1557,939,32732,32831,32760,32763,32765,32767,55914,0
1558,938,32704,32824,32759,32763,32764,32766,55915,0
1559,938,32736,32796,32761,32763,32764,32764,55913,0
1560,939,32752,32826,32761,32763,32765,32767,55914,0
1561,942,32734,32838,32760,32762,32764,32767,55914,0
1562,938,32697,32802,32760,32763,32765,32766,55913,0
1563,938,32750,32802,32760,32762,32764,32766,55914,0
1564,939,32750,32810,32760,32763,32765,32765,55913,0
1565,938,32709,32827,32760,32763,32764,32766,55914,0
1566,942,32730,32827,32761,32763,32764,32766,55914,1
1567,938,32760,32836,32760,32764,32763,32766,55914,0
1568,938,32729,32816,32759,32762,32764,32767,55914,0
1569,939,32706,32806,32760,32763,32764,32765,55915,0
1570,938,32753,32835,32759,32762,32764,32767,55913,0
1571,942,32745,32839,32760,32763,32765,32766,55913,0
1572,939,32696,32838,32760,32764,32764,32767,55914,1
1573,938,32737,32787,32760,32762,32765,32766,55914,0
1574,938,32737,32814,32760,32762,32764,32765,55914,0
1575,938,32739,32823,32760,32763,32764,32767,55914,0
1576,943,32704,32821,32760,32763,32765,32767,55912,0
1577,938,32761,32816,32759,32763,32764,32766,55913,3
1578,938,32737,32791,32760,32764,32765,32767,55915,0
1579,939,32710,32827,32759,32763,32763,32766,55914,1
1580,938,32730,32823,32759,32762,32764,32768,55913,3
1581,942,32747,32821,32760,32763,32763,32767,55914,0
1582,938,32739,32805,32760,32764,32764,32766,55918,1
1583,944,32698,32801,32760,32763,32764,32766,55913,0
1584,938,32755,32825,32758,32762,32764,32766,55914,0
1585,938,32752,32861,32761,32763,32764,32767,55914,0
1586,943,32715,32847,32760,32764,32765,32766,55915,1
1587,938,32710,32811,32760,32763,32764,32766,55913,0
1588,938,32759,32820,32760,32762,32765,32767,55914,0
1589,938,32739,32829,32759,32764,32764,32766,55913,0
1590,939,32691,32828,32760,32763,32764,32766,55913,0
1591,942,32753,32832,32759,32764,32764,32767,55914,0
1592,938,32736,32812,32760,32764,32764,32766,55913,1
1593,939,32716,32817,32760,32764,32764,32766,55913,0
1594,938,32720,32831,32760,32763,32765,32766,55913,0
1595,938,32750,32833,32759,32763,32764,32766,55914,1
1596,943,32739,32835,32760,32764,32765,32767,55914,0
1597,938,32693,32802,32760,32762,32765,32767,55913,0
1598,938,32734,32821,32760,32762,32765,32766,55913,0
1599,938,32742,32841,32760,32763,32764,32766,55913,0
1600,938,32688,32836,32760,32762,32763,32766,55915,0
1601,942,32695,32797,32759,32763,32765,32766,55913,0
1602,938,32739,32785,32761,32762,32765,32766,55914,0
1603,938,32728,32832,32759,32763,32765,32767,55912,0
1604,939,32680,32828,32760,32762,32764,32766,55914,0
1605,938,32734,32826,32760,32763,32765,32766,55914,0
1606,942,32749,32810,32760,32763,32764,32767,55915,2
1607,939,32718,32795,32760,32764,32764,32766,55914,0
1608,938,32714,32826,32760,32763,32765,32765,55914,0
1609,938,32751,32812,32760,32763,32765,32767,55914,0
1610,938,32739,32816,32760,32764,32764,32767,55913,0
1611,943,32670,32788,32760,32763,32764,32766,55918,0
1612,938,32728,32807,32760,32762,32765,32767,55913,0
1613,939,32743,32826,32760,32763,32764,32767,55914,0
1614,938,32715,32831,32760,32763,32764,32767,55913,1
1615,938,32727,32796,32759,32762,32765,32766,55914,0
1616,947,32735,32799,32759,32764,32763,32766,55913,0
1617,943,32744,32812,32759,32762,32764,32767,55914,0
1618,938,32698,32831,32761,32762,32765,32767,55912,0
1619,939,32714,32822,32759,32764,32765,32766,55913,0
1620,938,32748,32823,32760,32763,32765,32766,55914,0
1621,942,32725,32790,32760,32763,32765,32767,55915,0
1622,939,32679,32810,32760,32764,32765,32767,55914,0
1623,938,32742,32842,32760,32764,32765,32766,55914,0
1624,938,32723,32827,32759,32763,32764,32766,55914,0
1625,938,32714,32820,32760,32762,32765,32767,55914,0
1626,943,32708,32802,32760,32763,32764,32766,55914,1
1627,938,32747,32837,32759,32763,32764,32766,55914,5
1628,938,32730,32846,32760,32763,32764,32766,55915,0
1629,939,32687,32831,32760,32763,32765,32767,55915,0
1630,938,32738,32813,32760,32763,32763,32767,55914,1
1631,942,32732,32807,32760,32763,32764,32767,55915,0
1632,938,32696,32824,32759,32762,32765,32766,55915,1
1633,938,32724,32846,32760,32762,32765,32766,55915,0
1634,938,32749,32823,32760,32763,32765,32766,55914,0
1635,939,32717,32809,32761,32763,32764,32767,55914,1
1636,942,32700,32804,32759,32763,32764,32766,55915,0
1637,938,32746,32844,32761,32763,32764,32767,55915,0
1638,939,32738,32833,32760,32763,32765,32766,55913,0
1639,938,32697,32815,32760,32763,32764,32766,55914,0
1640,938,32738,32798,32760,32763,32766,32767,55915,1
1641,943,32761,32815,32760,32763,32765,32767,55914,0
1642,938,32727,32839,32760,32763,32763,32766,55914,0
1643,938,32681,32821,32760,32763,32763,32767,55914,0
1644,939,32734,32819,32759,32763,32764,32766,55913,0
1645,938,32730,32801,32760,32763,32764,32767,55913,0
1646,942,32700,32831,32760,32762,32764,32766,55914,0
1647,939,32707,32833,32760,32763,32764,32768,55915,0
1648,938,32749,32827,32760,32763,32765,32765,55913,1
1649,949,32728,32815,32760,32762,32765,32767,55915,0
1650,938,32687,32790,32760,32763,32765,32766,55915,0
1651,942,32714,32805,32760,32762,32764,32766,55915,0
1652,938,32732,32848,32760,32763,32764,32767,55914,0
1653,938,32719,32853,32759,32763,32764,32766,55914,0
1654,939,32689,32830,32760,32764,32764,32765,55914,0
1655,938,32739,32809,32759,32763,32764,32767,55914,0
1656,942,32739,32834,32760,32762,32765,32767,55914,0
1657,939,32715,32848,32760,32763,32765,32767,55913,0
1658,938,32720,32835,32760,32762,32764,32766,55914,0
1659,938,32744,32815,32760,32763,32764,32766,55915,0
1660,938,32717,32811,32760,32763,32765,32765,55913,0
1661,943,32682,32831,32760,32762,32764,32767,55914,0
1662,938,32733,32851,32760,32764,32764,32766,55914,0
1663,938,32735,32833,32760,32763,32764,32764,55914,0
1664,939,32685,32794,32760,32762,32765,32767,55913,0
1665,944,32699,32786,32760,32763,32765,32767,55914,1
1666,938,32750,32831,32760,32763,32764,32766,55914,0
1667,942,32750,32837,32760,32762,32764,32766,55913,0
1668,938,32706,32811,32759,32763,32764,32766,55914,1
1669,938,32738,32799,32761,32764,32764,32768,55913,0
1670,939,32738,32801,32760,32763,32764,32765,55913,0
1671,942,32721,32846,32760,32762,32764,32767,55914,0
1672,938,32703,32829,32760,32762,32764,32767,55914,1
1673,938,32746,32815,32759,32764,32765,32766,55913,1
1674,939,32744,32805,32760,32763,32765,32766,55914,0
1675,938,32689,32829,32760,32763,32762,32767,55914,0
1676,939,32750,32847,32760,32763,32764,32766,55915,0
1677,942,32733,32839,32760,32762,32764,32766,55914,0
1678,938,32710,32818,32759,32764,32765,32767,55914,0
1679,938,32721,32802,32760,32763,32764,32767,55913,0
1680,938,32757,32825,32760,32763,32764,32766,55914,1
1681,943,32736,32844,32759,32764,32764,32766,55912,0
1682,949,32716,32826,32760,32764,32763,32767,55913,0
1683,938,32717,32813,32761,32763,32765,32765,55913,0
1684,938,32745,32802,32760,32762,32764,32765,55914,0
1685,938,32739,32833,32761,32763,32765,32767,55914,0
1686,943,32699,32826,32759,32763,32764,32767,55914,0
1687,938,32750,32846,32760,32763,32764,32766,55915,0
1688,938,32738,32836,32759,32763,32765,32767,55914,0
1689,939,32722,32798,32760,32762,32764,32767,55915,1
1690,938,32723,32815,32759,32764,32763,32767,55913,1
1691,942,32746,32833,32761,32762,32764,32767,55913,0
1692,939,32739,32832,32759,32763,32763,32767,55915,0
1693,938,32715,32808,32760,32763,32763,32767,55914,1
1694,938,32746,32795,32760,32762,32764,32765,55913,0
1695,938,32744,32833,32759,32761,32764,32766,55914,0
1696,943,32727,32832,32760,32763,32764,32766,55913,1
1697,938,32712,32821,32760,32763,32764,32766,55914,0
1698,938,32766,32794,32759,32763,32764,32767,55914,0
1699,938,32739,32810,32760,32763,32763,32766,55915,0
1700,938,32701,32815,32760,32763,32764,32766,55914,0
1701,943,32741,32828,32761,32763,32765,32766,55914,0
1702,938,32753,32810,32760,32763,32765,32767,55915,0
1703,938,32717,32791,32760,32763,32765,32766,55913,0
1704,939,32710,32815,32760,32764,32764,32766,55915,0
1705,938,32764,32829,32759,32763,32764,32767,55915,1
1706,942,32747,32838,32760,32762,32764,32768,55914,1
1707,938,32700,32806,32760,32763,32764,32767,55911,0
1708,938,32744,32802,32759,32763,32764,32766,55914,0
1709,938,32740,32826,32760,32763,32765,32767,55914,0
1710,939,32723,32825,32760,32763,32764,32766,55914,0
1711,941,32713,32816,32760,32763,32764,32766,55914,0
1712,938,32747,32806,32760,32763,32764,32766,55913,0
1713,938,32732,32797,32759,32764,32765,32766,55913,0
1714,939,32691,32820,32760,32763,32764,32767,55915,0
1715,949,32737,32824,32759,32763,32764,32766,55914,0
1716,942,32741,32838,32759,32764,32764,32765,55914,0
1717,938,32749,32826,32760,32762,32765,32766,55914,0
1718,939,32692,32794,32760,32764,32764,32766,55915,0
1719,938,32746,32826,32759,32764,32764,32767,55915,1
1720,938,32754,32844,32759,32762,32765,32767,55913,0
1721,943,32714,32816,32759,32763,32765,32766,55914,0
1722,938,32723,32790,32760,32763,32764,32767,55914,0
1723,938,32751,32791,32759,32762,32765,32767,55915,0
1724,938,32740,32829,32760,32764,32765,32768,55914,0
1725,939,32700,32812,32761,32763,32763,32766,55914,0
1726,942,32759,32823,32760,32762,32764,32767,55913,0
1727,938,32756,32801,32760,32762,32765,32767,55915,0
1728,939,32720,32812,32759,32764,32764,32767,55914,0
1729,938,32728,32834,32759,32763,32765,32766,55914,0
1730,938,32758,32830,32760,32763,32763,32766,55913,0
1731,942,32745,32832,32760,32762,32763,32766,55914,0
1732,938,32712,32795,32759,32764,32765,32765,55913,0
1733,938,32752,32831,32761,32763,32763,32767,55913,1
1734,938,32760,32828,32760,32764,32763,32767,55914,0
1735,938,32710,32836,32759,32763,32765,32767,55913,1
1736,943,32713,32820,32761,32763,32764,32767,55915,0
1737,938,32760,32811,32760,32763,32764,32767,55914,0
1738,938,32752,32837,32760,32763,32764,32766,55914,0
1739,939,32704,32822,32760,32762,32764,32766,55915,0
1740,938,32759,32816,32759,32763,32764,32766,55914,0
1741,942,32721,32786,32759,32762,32764,32766,55914,0
1742,938,32697,32802,32760,32764,32765,32768,55915,0
1743,939,32723,32823,32760,32763,32764,32767,55913,1
1744,938,32747,32850,32760,32762,32765,32767,55914,0
1745,938,32730,32838,32761,32764,32764,32767,55913,0
1746,943,32695,32805,32759,32764,32763,32767,55913,0
1747,938,32741,32806,32760,32763,32764,32768,55914,1
1748,944,32746,32843,32759,32763,32764,32767,55914,0
1749,938,32723,32852,32760,32763,32764,32766,55913,0
1750,938,32703,32833,32760,32763,32765,32766,55914,1
1751,942,32747,32803,32760,32763,32763,32767,55915,0
1752,938,32736,32817,32760,32764,32765,32766,55914,0
1753,939,32710,32826,32760,32764,32764,32767,55914,0
1754,938,32747,32821,32759,32764,32765,32766,55915,0
1755,938,32737,32809,32759,32762,32764,32766,55914,0
1756,943,32723,32780,32760,32763,32764,32766,55915,0
1757,938,32692,32807,32760,32764,32764,32767,55915,0
1758,938,32752,32837,32760,32762,32764,32766,55916,0
1759,938,32745,32827,32760,32764,32764,32766,55914,0
1760,939,32690,32818,32760,32763,32765,32767,55913,1
1761,942,32712,32775,32760,32763,32765,32767,55915,1
1762,938,32741,32814,32760,32763,32764,32766,55915,0
1763,938,32724,32845,32761,32764,32764,32766,55914,0
1764,944,32694,32830,32761,32762,32765,32767,55914,0
1765,938,32756,32812,32760,32762,32765,32767,55913,0
1766,942,32742,32805,32761,32763,32764,32767,55914,0
1767,938,32710,32816,32760,32763,32765,32767,55914,0
1768,939,32719,32834,32760,32763,32765,32766,55914,0
1769,938,32751,32820,32761,32762,32764,32766,55914,1
1770,938,32729,32809,32760,32763,32764,32765,55914,1
1771,943,32715,32785,32759,32762,32765,32767,55915,0
1772,938,32741,32826,32761,32763,32764,32767,55915,1
1773,938,32757,32824,32760,32763,32764,32765,55914,0
1774,938,32712,32812,32760,32763,32764,32766,55914,0
1775,939,32725,32782,32761,32764,32764,32767,55915,1
1776,942,32730,32820,32760,32763,32765,32766,55914,0
1777,938,32740,32840,32759,32762,32763,32767,55914,0
1778,939,32710,32836,32761,32764,32765,32766,55914,1
1779,938,32745,32826,32760,32764,32764,32767,55914,0
1780,938,32744,32797,32759,32762,32764,32766,55915,0
1781,948,32718,32816,32761,32763,32764,32765,55915,0
1782,938,32703,32832,32759,32763,32764,32766,55915,0
1783,938,32744,32836,32760,32763,32764,32766,55915,0
1784,938,32733,32815,32759,32762,32763,32767,55913,0
1785,939,32696,32798,32760,32763,32764,32766,55915,0
1786,942,32731,32808,32760,32762,32765,32767,55914,0
1787,938,32750,32835,32760,32763,32765,32766,55915,1
1788,938,32729,32834,32760,32762,32765,32766,55914,0
1789,939,32707,32829,32760,32764,32765,32766,55914,0
1790,938,32733,32811,32759,32762,32764,32767,55914,1
1791,942,32749,32835,32760,32763,32764,32766,55914,2
1792,939,32688,32836,32760,32762,32765,32767,55914,0
1793,938,32710,32811,32759,32763,32764,32767,55913,0
1794,938,32724,32805,32760,32763,32764,32766,55915,0
1795,938,32707,32818,32759,32762,32765,32767,55914,0
1796,943,32699,32843,32759,32763,32764,32767,55913,0
1797,944,32747,32838,32760,32763,32765,32767,55914,0
1798,943,32755,32838,32760,32764,32764,32766,55914,0
1799,938,32722,32813,32759,32763,32765,32766,55917,0
1800,939,32721,32801,32759,32763,32765,32767,55914,0
1801,942,32744,32833,32761,32764,32764,32767,55914,0
1802,938,32731,32861,32760,32764,32765,32766,55915,1
1803,939,32685,32828,32759,32763,32764,32766,55915,0
1804,938,32728,32804,32759,32763,32765,32766,55914,1
1805,938,32746,32817,32760,32763,32765,32766,55914,0
1806,943,32732,32840,32760,32763,32763,32766,55914,0
1807,938,32688,32832,32759,32764,32765,32766,55914,1
1808,938,32752,32835,32760,32762,32765,32766,55913,0
1809,938,32729,32808,32760,32764,32764,32767,55913,0
1810,939,32691,32830,32760,32763,32764,32766,55914,0
1811,941,32731,32831,32760,32763,32765,32767,55914,1
1812,939,32746,32840,32760,32762,32764,32766,55913,0
1813,938,32719,32813,32760,32763,32764,32767,55914,0
1814,948,32701,32799,32760,32763,32765,32766,55914,0
1815,938,32741,32807,32760,32762,32764,32768,55915,0
1816,942,32737,32838,32760,32763,32764,32766,55915,0
1817,939,32718,32828,32761,32763,32764,32766,55915,1
1818,938,32712,32810,32760,32762,32763,32767,55914,0
1819,938,32750,32794,32760,32763,32764,32766,55914,0
1820,938,32746,32811,32760,32763,32765,32766,55915,0
1821,943,32694,32836,32760,32765,32764,32765,55915,1
1822,938,32747,32834,32759,32763,32765,32766,55914,0
1823,938,32754,32838,32760,32763,32764,32766,55915,0
1824,939,32729,32811,32759,32763,32764,32766,55915,0
1825,938,32707,32810,32759,32763,32765,32767,55914,0
1826,942,32751,32828,32760,32763,32764,32766,55914,0
1827,938,32732,32824,32759,32763,32765,32767,55913,0
1828,939,32683,32816,32760,32763,32764,32766,55915,0
1829,938,32753,32790,32761,32764,32764,32766,55914,0
1830,938,32747,32835,32760,32763,32764,32766,55915,0
1831,942,32718,32845,32759,32762,32764,32766,55913,0
1832,938,32712,32817,32760,32763,32764,32765,55912,0
1833,938,32747,32795,32759,32763,32765,32767,55915,0
1834,939,32734,32826,32759,32764,32765,32766,55915,0
1835,938,32695,32819,32759,32763,32764,32766,55915,0
1836,942,32730,32846,32760,32763,32764,32767,55914,0
1837,939,32760,32831,32760,32762,32764,32767,55915,0
1838,938,32717,32803,32760,32763,32764,32766,55915,0
1839,938,32720,32816,32760,32763,32764,32765,55914,0
1840,938,32756,32842,32761,32763,32765,32766,55914,0
1841,942,32735,32848,32760,32763,32764,32767,55913,0
1842,939,32699,32821,32759,32763,32763,32766,55915,0
1843,938,32733,32799,32760,32763,32764,32766,55914,0
1844,938,32741,32834,32760,32762,32765,32766,55913,0
1845,938,32704,32841,32760,32763,32765,32766,55913,0
1846,943,32716,32832,32760,32762,32765,32766,55915,0
1847,948,32759,32834,32759,32763,32763,32767,55913,0
1848,938,32750,32810,32760,32763,32764,32767,55913,0
1849,938,32715,32832,32760,32764,32765,32767,55913,0
1850,938,32712,32824,32760,32763,32764,32767,55914,0
1851,943,32733,32845,32760,32763,32765,32766,55914,0
1852,938,32739,32825,32759,32763,32764,32766,55914,1
1853,938,32687,32786,32760,32763,32764,32767,55914,1
1854,939,32758,32836,32760,32762,32765,32767,55914,0
1855,938,32752,32844,32760,32763,32764,32766,55914,0
1856,942,32717,32847,32759,32763,32764,32767,55915,1
1857,939,32708,32809,32760,32763,32765,32766,55917,0
1858,938,32737,32791,32760,32763,32764,32767,55914,1
1859,938,32741,32836,32759,32764,32763,32766,55914,2
1860,938,32704,32817,32759,32763,32764,32767,55914,1
1861,943,32739,32838,32761,32762,32764,32767,55914,0
1862,938,32729,32806,32760,32762,32764,32767,55915,1
1863,938,32721,32811,32760,32763,32765,32766,55914,1
1864,938,32731,32839,32759,32763,32764,32767,55914,0
1865,938,32760,32831,32759,32763,32765,32767,55914,0
1866,942,32735,32832,32759,32763,32764,32766,55914,0
1867,938,32700,32803,32759,32763,32764,32767,55914,1
1868,939,32755,32813,32760,32763,32764,32768,55916,0
1869,938,32769,32839,32760,32764,32765,32765,55915,1
1870,938,32730,32839,32759,32762,32765,32767,55914,0
1871,942,32729,32813,32759,32763,32764,32766,55915,0
1872,939,32759,32808,32760,32764,32764,32766,55914,0
1873,938,32749,32836,32759,32762,32764,32767,55913,0
1874,938,32710,32842,32760,32763,32765,32766,55914,0
1875,938,32767,32838,32759,32763,32764,32766,55915,0
1876,943,32755,32813,32760,32762,32764,32766,55914,0
1877,938,32723,32806,32760,32763,32764,32767,55914,0
1878,938,32719,32841,32760,32763,32764,32766,55915,1
1879,939,32759,32838,32760,32763,32765,32767,55915,0
1880,949,32742,32835,32761,32763,32765,32767,55915,0
1881,942,32718,32828,32760,32763,32764,32766,55915,0
1882,938,32731,32793,32760,32763,32765,32767,55914,0
1883,938,32762,32821,32760,32762,32764,32766,55915,0
1884,938,32735,32840,32760,32763,32765,32767,55914,0
1885,939,32715,32823,32760,32762,32763,32766,55914,1
1886,942,32756,32812,32760,32763,32764,32766,55914,0
1887,938,32753,32800,32760,32762,32764,32765,55914,0
1888,938,32727,32839,32759,32763,32764,32766,55915,0
1889,939,32727,32825,32759,32762,32765,32765,55914,0
1890,938,32752,32816,32760,32762,32765,32766,55915,1
1891,942,32732,32790,32760,32762,32765,32768,55914,1
1892,939,32699,32807,32760,32763,32764,32766,55915,0
1893,938,32747,32829,32759,32763,32765,32767,55913,0
1894,938,32758,32832,32760,32763,32764,32766,55914,1
1895,938,32715,32831,32760,32763,32764,32765,55914,0
1896,943,32711,32798,32759,32762,32765,32766,55913,0
1897,943,32758,32800,32760,32763,32765,32767,55913,0
1898,938,32739,32834,32760,32763,32765,32767,55914,1
1899,939,32703,32813,32760,32762,32765,32767,55915,1
1900,938,32747,32815,32760,32763,32765,32767,55914,2
1901,942,32771,32791,32760,32763,32765,32767,55915,0
1902,938,32724,32812,32760,32762,32764,32766,55913,1
1903,939,32695,32834,32760,32764,32764,32766,55914,0
1904,938,32749,32827,32761,32763,32765,32766,55915,0
1905,938,32740,32820,32759,32764,32764,32767,55915,1
1906,943,32697,32803,32760,32762,32764,32767,55914,1
1907,938,32709,32810,32760,32763,32764,32767,55913,0
1908,938,32754,32842,32760,32763,32764,32766,55914,0
1909,938,32727,32832,32759,32763,32764,32766,55914,0
1910,939,32704,32799,32758,32763,32765,32767,55915,1
1911,942,32763,32803,32760,32764,32764,32767,55914,0
1912,938,32737,32828,32759,32762,32764,32767,55914,0
1913,943,32707,32830,32761,32763,32765,32766,55915,0
1914,943,32702,32819,32760,32762,32764,32765,55914,1
1915,938,32748,32809,32760,32762,32764,32766,55913,0
1916,943,32747,32790,32760,32763,32764,32767,55915,2
1917,938,32696,32829,32760,32762,32764,32766,55915,0
1918,938,32743,32834,32760,32762,32765,32768,55916,0
1919,939,32760,32823,32760,32762,32764,32767,55915,0
1920,938,32741,32804,32759,32762,32764,32766,55913,0
1921,942,32700,32790,32760,32763,32765,32766,55915,1
1922,938,32740,32835,32760,32763,32764,32768,55914,0
1923,938,32749,32834,32760,32764,32764,32766,55914,0
1924,938,32706,32827,32761,32763,32765,32766,55913,0
1925,939,32743,32789,32760,32764,32765,32766,55914,0
1926,942,32751,32793,32760,32762,32765,32767,55915,1
1927,938,32721,32837,32760,32761,32765,32767,55914,0
1928,939,32698,32821,32760,32762,32764,32766,55915,0
1929,938,32743,32808,32760,32764,32765,32766,55915,0
1930,938,32745,32786,32760,32763,32764,32767,55915,0
1931,942,32709,32815,32760,32762,32764,32767,55914,2
1932,939,32732,32807,32759,32763,32764,32767,55915,0
1933,938,32746,32813,32760,32763,32763,32766,55914,1
1934,938,32719,32790,32760,32763,32765,32767,55915,0
1935,938,32695,32775,32760,32763,32765,32767,55914,0
1936,943,32756,32831,32758,32763,32765,32767,55914,0
1937,938,32740,32821,32759,32762,32763,32766,55914,0
1938,938,32696,32816,32759,32762,32765,32766,55914,1
1939,939,32742,32794,32760,32763,32765,32765,55914,1
1940,938,32750,32796,32760,32763,32765,32766,55915,0
1941,942,32739,32821,32759,32763,32764,32767,55915,0
1942,938,32718,32828,32759,32764,32765,32767,55914,0
1943,939,32760,32821,32760,32763,32765,32767,55915,0
1944,938,32742,32785,32760,32763,32765,32767,55914,0
1945,938,32709,32801,32761,32764,32764,32767,55914,1
1946,947,32749,32842,32760,32763,32764,32767,55914,0
1947,943,32759,32826,32760,32763,32764,32767,55910,0
1948,938,32753,32809,32760,32763,32764,32767,55914,0
1949,939,32691,32790,32760,32763,32764,32765,55913,0
1950,938,32744,32801,32760,32763,32764,32766,55914,0
1951,942,32744,32815,32760,32762,32764,32765,55915,0
1952,939,32713,32833,32760,32763,32764,32766,55915,1
1953,938,32713,32819,32760,32763,32765,32766,55914,0
1954,938,32759,32778,32760,32763,32765,32766,55914,0
1955,938,32746,32804,32761,32762,32764,32766,55913,0
1956,943,32702,32808,32760,32762,32764,32767,55913,0
1957,938,32750,32827,32759,32762,32765,32766,55914,0
1958,938,32758,32811,32759,32763,32764,32767,55913,0
1959,939,32731,32788,32760,32763,32764,32767,55913,0
1960,938,32715,32817,32760,32763,32765,32767,55913,0
1961,938,32758,32818,32759,32764,32764,32766,55914,1
1962,943,32751,32825,32760,32763,32765,32766,55914,0
1963,943,32714,32816,32760,32763,32764,32766,55914,0
1964,938,32739,32775,32760,32762,32765,32767,55913,0
1965,939,32756,32812,32759,32763,32764,32766,55914,0
1966,942,32752,32835,32760,32763,32764,32766,55915,1
1967,938,32715,32827,32760,32763,32764,32767,55913,1
1968,939,32752,32812,32761,32763,32764,32767,55914,0
1969,938,32746,32818,32760,32763,32763,32767,55915,0
1970,938,32728,32835,32760,32762,32764,32767,55916,1
1971,942,32737,32834,32760,32764,32765,32767,55913,0
1972,938,32769,32829,32760,32764,32765,32765,55915,1
1973,938,32745,32803,32761,32763,32765,32766,55914,0
1974,939,32701,32808,32760,32763,32764,32768,55911,0
1975,938,32763,32825,32760,32763,32764,32768,55915,0
1976,942,32761,32838,32761,32762,32765,32766,55915,0
1977,939,32730,32823,32759,32764,32764,32766,55913,0
1978,938,32733,32792,32760,32763,32765,32767,55913,0
1979,944,32760,32813,32760,32764,32764,32766,55914,0
1980,938,32746,32831,32760,32764,32765,32765,55913,1
1981,942,32705,32842,32760,32762,32764,32766,55913,0
1982,938,32747,32809,32759,32763,32764,32766,55914,0
1983,938,32743,32792,32761,32763,32764,32767,55914,0
1984,939,32728,32816,32760,32763,32764,32767,55914,0
1985,938,32728,32819,32761,32763,32764,32766,55914,1
1986,943,32747,32826,32759,32762,32763,32766,55915,0
1987,938,32735,32812,32759,32763,32764,32767,55914,0
1988,938,32698,32802,32760,32763,32765,32766,55914,1
1989,938,32731,32809,32760,32764,32764,32766,55914,0
1990,939,32753,32830,32760,32763,32764,32766,55915,0
1991,942,32730,32836,32759,32764,32764,32767,55914,1
1992,938,32722,32792,32760,32764,32765,32766,55914,0
1993,938,32752,32798,32761,32762,32764,32767,55913,1
1994,939,32745,32835,32761,32763,32764,32766,55919,0
1995,938,32705,32825,32760,32763,32765,32766,55917,0
1996,939,32760,32818,32758,32763,32765,32768,55915,1
1997,941,32752,32801,32759,32764,32763,32765,55914,0
1998,938,32741,32815,32760,32764,32765,32766,55914,0
1999,939,32733,32819,32759,32763,32765,32765,55913,0
2000,938,32765,32834,32760,32762,32765,32767,55914,1
2001,942,32764,32828,32759,32764,32764,32767,55914,0
2002,939,32701,32788,32760,32763,32764,32767,55914,0
2003,938,32760,32808,32760,32763,32764,32766,55914,0
2004,938,32748,32833,32759,32763,32764,32766,55914,0
2005,938,32723,32838,32759,32763,32765,32767,55915,0
2006,943,32730,32818,32759,32763,32764,32767,55915,0
2007,938,32750,32809,32759,32763,32765,32766,55915,1
2008,938,32744,32836,32760,32762,32765,32766,55914,0
2009,938,32704,32832,32759,32763,32764,32767,55914,0
2010,939,32762,32815,32759,32764,32764,32766,55914,0
2011,942,32757,32821,32759,32762,32764,32766,55914,0
2012,944,32718,32815,32760,32763,32765,32766,55915,0
2013,938,32699,32818,32759,32763,32765,32766,55914,0
2014,938,32748,32830,32760,32764,32764,32766,55916,0
2015,938,32755,32833,32759,32763,32763,32766,55915,0
2016,943,32732,32803,32760,32762,32765,32765,55915,0
2017,938,32725,32781,32760,32764,32765,32766,55914,0
2018,938,32758,32824,32759,32764,32765,32766,55914,0
2019,939,32744,32829,32760,32764,32764,32767,55914,1
2020,938,32718,32815,32760,32762,32765,32767,55915,0
2021,942,32763,32793,32759,32764,32763,32767,55914,1
2022,938,32774,32804,32759,32763,32764,32766,55913,0
2023,939,32721,32833,32759,32764,32764,32766,55915,1
2024,938,32745,32823,32760,32763,32766,32766,55914,0
2025,938,32768,32825,32760,32762,32765,32766,55914,0
2026,938,32736,32805,32761,32763,32765,32766,55914,0
2027,942,32707,32786,32760,32764,32765,32767,55915,0
2028,939,32787,32824,32760,32764,32765,32767,55916,2
2029,943,32772,32830,32760,32763,32765,32768,55916,0
2030,938,32725,32825,32759,32763,32765,32767,55916,0
2031,943,32708,32786,32759,32763,32763,32767,55915,0
2032,938,32748,32814,32761,32763,32765,32766,55915,0
2033,938,32752,32835,32759,32764,32764,32767,55915,0
2034,938,32711,32825,32760,32762,32765,32766,55915,0
2035,939,32764,32819,32759,32763,32765,32766,55915,0
2036,942,32764,32789,32760,32763,32765,32766,55915,1
2037,938,32732,32817,32759,32763,32765,32767,55914,0
2038,938,32745,32838,32760,32763,32764,32766,55914,0
2039,939,32767,32823,32760,32763,32764,32767,55915,0
2040,938,32756,32791,32760,32763,32764,32766,55914,0
2041,942,32711,32793,32760,32763,32764,32767,55912,0
2042,939,32781,32823,32759,32762,32765,32767,55914,0
2043,938,32780,32831,32760,32763,32765,32767,55915,0
2044,938,32732,32825,32760,32763,32765,32767,55914,0
2045,944,32725,32775,32758,32762,32764,32766,55913,0
2046,942,32749,32783,32759,32764,32766,32766,55914,0
2047,938,32752,32827,32759,32763,32764,32766,55915,0
2048,938,32724,32821,32760,32762,32765,32767,55914,0
2049,939,32734,32812,32760,32763,32765,32765,55914,0
2050,938,32759,32782,32761,32763,32764,32767,55915,0
2051,942,32743,32800,32760,32762,32765,32767,55913,0
2052,938,32697,32837,32760,32763,32764,32767,55914,1
2053,938,32758,32822,32760,32762,32765,32764,55915,0
2054,939,32756,32815,32761,32763,32764,32766,55914,0
2055,938,32714,32780,32758,32763,32764,32767,55914,1
2056,942,32747,32801,32760,32763,32764,32766,55911,0
2057,939,32771,32832,32761,32762,32763,32767,55914,0
2058,938,32736,32840,32759,32763,32764,32767,55915,4
2059,938,32724,32795,32759,32764,32764,32768,55914,1
2060,939,32773,32787,32760,32763,32765,32767,55913,0
2061,942,32754,32812,32760,32764,32764,32766,55914,0
2062,938,32728,32842,32761,32764,32764,32766,55913,0
2063,938,32740,32801,32760,32762,32764,32767,55915,1
2064,938,32769,32804,32760,32762,32763,32767,55914,0
2065,938,32736,32799,32760,32762,32764,32766,55914,0
2066,943,32712,32833,32760,32763,32764,32767,55914,1
2067,938,32757,32831,32761,32763,32765,32767,55913,0
2068,938,32755,32834,32759,32763,32765,32767,55914,0
2069,939,32719,32794,32760,32763,32764,32766,55912,0
2070,938,32758,32812,32760,32762,32765,32766,55914,1
2071,942,32769,32838,32761,32762,32764,32766,55914,1
2072,939,32753,32835,32759,32763,32764,32766,55914,1
2073,938,32712,32819,32760,32763,32764,32767,55914,0
2074,938,32759,32794,32759,32763,32765,32766,55914,0
2075,938,32758,32823,32761,32763,32763,32766,55913,0
2076,943,32710,32839,32760,32764,32764,32766,55915,1
2077,938,32739,32834,32760,32763,32763,32766,55914,0
2078,944,32761,32812,32760,32762,32764,32766,55914,0
2079,938,32743,32782,32759,32763,32765,32767,55915,0
2080,938,32712,32835,32760,32763,32765,32766,55913,1
2081,943,32748,32829,32760,32763,32763,32766,55914,0
2082,943,32766,32835,32760,32765,32763,32766,55914,0
2083,938,32747,32831,32760,32763,32765,32766,55914,0
2084,938,32702,32790,32760,32764,32764,32766,55914,1
2085,939,32748,32830,32760,32762,32765,32766,55914,1
2086,942,32751,32845,32760,32763,32764,32767,55914,1
2087,938,32707,32821,32761,32763,32764,32766,55914,0
2088,938,32736,32804,32760,32762,32764,32766,55914,0
2089,939,32758,32812,32760,32763,32764,32765,55915,0
2090,938,32745,32843,32759,32764,32764,32765,55914,1
2091,942,32705,32833,32759,32763,32764,32766,55914,0
2092,939,32751,32830,32760,32763,32764,32768,55914,0
2093,938,32740,32804,32760,32765,32764,32766,55914,0
2094,938,32719,32809,32760,32763,32764,32767,55915,1
2095,938,32742,32827,32760,32763,32765,32767,55913,0
2096,942,32753,32839,32759,32763,32764,32766,55913,0
2097,939,32725,32815,32759,32763,32764,32767,55914,0
2098,938,32712,32793,32760,32763,32764,32766,55915,0
2099,938,32748,32810,32760,32762,32763,32767,55915,0
2100,938,32743,32830,32760,32763,32764,32766,55915,0
2101,943,32722,32821,32760,32762,32764,32765,55915,6
2102,938,32734,32811,32760,32763,32764,32766,55914,0
2103,938,32743,32790,32760,32763,32765,32767,55912,0
2104,938,32735,32835,32759,32762,32764,32766,55915,0
2105,939,32713,32828,32760,32763,32764,32767,55914,0
2106,938,32761,32818,32760,32762,32765,32767,55913,0
2107,942,32747,32822,32760,32762,32765,32767,55914,0
2108,938,32711,32802,32760,32763,32765,32765,55914,0
2109,939,32724,32840,32759,32763,32765,32767,55912,0
2110,938,32750,32838,32758,32762,32763,32765,55913,3
2111,948,32744,32842,32760,32763,32765,32766,55914,1
2112,943,32702,32824,32759,32763,32764,32767,55913,0
2113,938,32723,32794,32760,32763,32765,32767,55913,0
2114,939,32741,32832,32760,32763,32766,32767,55915,2
2115,938,32730,32843,32760,32763,32764,32766,55914,0
2116,942,32695,32817,32758,32763,32765,32767,55914,0
2117,939,32745,32804,32760,32762,32764,32766,55914,0
2118,938,32739,32803,32760,32763,32763,32765,55914,1
2119,938,32692,32824,32761,32763,32765,32766,55914,0
2120,938,32734,32845,32760,32763,32764,32766,55914,0
2121,943,32753,32831,32760,32763,32764,32765,55913,1
2122,938,32722,32818,32760,32763,32764,32767,55914,0
2123,938,32690,32799,32759,32763,32764,32766,55913,0
2124,939,32739,32843,32760,32763,32765,32766,55913,0
2125,938,32729,32842,32760,32764,32765,32766,55915,0
2126,942,32713,32812,32760,32763,32764,32764,55914,1
2127,938,32721,32800,32760,32763,32764,32766,55914,1
2128,938,32744,32817,32760,32763,32764,32766,55914,0
2129,938,32723,32837,32760,32763,32765,32767,55915,1
2130,939,32702,32821,32760,32764,32763,32766,55914,1
2131,941,32750,32820,32759,32763,32765,32766,55914,0
2132,939,32745,32803,32760,32762,32764,32767,55916,1
2133,938,32711,32814,32759,32762,32764,32766,55914,1
2134,938,32738,32829,32760,32763,32764,32765,55913,0
2135,939,32747,32821,32759,32764,32764,32766,55913,1
2136,942,32739,32824,32759,32763,32764,32766,55914,0
2137,938,32708,32786,32759,32764,32764,32766,55914,0
2138,938,32752,32835,32760,32762,32764,32766,55915,0
2139,939,32747,32839,32759,32763,32763,32767,55914,0
2140,938,32706,32815,32760,32763,32763,32767,55914,0
2141,939,32741,32788,32760,32762,32764,32767,55915,0
2142,942,32750,32811,32760,32762,32764,32767,55914,0
2143,938,32723,32828,32760,32764,32765,32766,55915,0
2144,938,32698,32825,32761,32763,32765,32766,55914,0
2145,938,32733,32814,32759,32763,32765,32767,55914,0
2146,942,32728,32788,32760,32762,32764,32767,55914,0
2147,939,32700,32812,32760,32762,32765,32766,55914,0
2148,938,32735,32827,32760,32763,32765,32766,55913,0
2149,938,32756,32823,32759,32763,32765,32768,55914,1
2150,938,32735,32814,32760,32763,32764,32767,55915,0
2151,943,32683,32811,32760,32762,32765,32766,55915,0
2152,938,32738,32837,32760,32764,32765,32766,55915,1
2153,938,32740,32837,32760,32762,32764,32767,55914,1
2154,939,32707,32831,32760,32762,32764,32765,55912,0
2155,938,32719,32803,32760,32763,32764,32766,55914,0
2156,942,32741,32798,32759,32762,32765,32766,55914,0
2157,939,32730,32838,32760,32763,32765,32766,55913,0
2158,938,32706,32827,32760,32763,32765,32766,55914,1
2159,938,32742,32817,32760,32764,32764,32766,55915,0
2160,944,32744,32798,32760,32763,32765,32767,55914,0
2161,941,32717,32806,32759,32762,32764,32767,55914,0
2162,938,32710,32838,32760,32763,32764,32767,55915,0
2163,939,32753,32828,32759,32763,32763,32767,55914,1
2164,938,32732,32823,32759,32763,32764,32767,55915,0
2165,938,32700,32803,32761,32763,32764,32765,55915,0
2166,943,32729,32812,32760,32763,32764,32766,55914,0
2167,938,32750,32853,32759,32764,32764,32767,55914,0
2168,938,32728,32845,32759,32763,32764,32766,55914,1
2169,938,32738,32788,32760,32763,32764,32766,55914,0
2170,939,32764,32799,32761,32764,32765,32767,55913,0
2171,942,32740,32832,32760,32763,32765,32768,55913,0
2172,938,32708,32841,32761,32763,32764,32766,55914,1
2173,939,32761,32830,32759,32764,32764,32766,55913,1
2174,938,32762,32801,32759,32763,32765,32766,55914,0
2175,938,32716,32797,32759,32763,32765,32766,55914,0
2176,942,32720,32826,32760,32764,32764,32766,55915,0
2177,938,32757,32837,32759,32763,32764,32767,55914,0
2178,938,32746,32832,32760,32763,32765,32766,55914,0
2179,939,32699,32786,32759,32763,32764,32765,55914,0
2180,938,32738,32813,32760,32763,32764,32767,55914,0
2181,942,32752,32825,32760,32762,32765,32766,55914,0
2182,939,32721,32826,32759,32762,32764,32767,55914,0
2183,938,32721,32803,32759,32763,32764,32766,55915,1
2184,938,32747,32793,32760,32764,32764,32766,55914,0
2185,939,32741,32819,32760,32762,32764,32766,55914,1
2186,938,32698,32843,32761,32762,32764,32767,55916,0
2187,942,32733,32828,32759,32763,32764,32766,55914,0
2188,938,32747,32815,32760,32762,32764,32766,55914,1
2189,938,32723,32801,32760,32763,32765,32765,55914,0
2190,938,32723,32798,32760,32763,32764,32766,55915,0
2191,943,32739,32829,32760,32763,32765,32766,55914,2
2192,938,32722,32827,32761,32763,32764,32767,55915,0
2193,944,32681,32788,32760,32762,32765,32767,55913,0
2194,938,32731,32778,32760,32763,32763,32766,55915,1
2195,938,32739,32833,32760,32763,32764,32767,55916,1
2196,942,32738,32839,32760,32763,32765,32767,55916,0
2197,939,32708,32826,32760,32762,32763,32767,55915,0
2198,938,32760,32800,32761,32762,32764,32766,55914,0
2199,938,32751,32802,32759,32763,32765,32765,55915,0
2200,938,32716,32816,32760,32763,32764,32766,55914,1
2201,943,32746,32839,32760,32763,32764,32766,55914,1
2202,938,32768,32823,32761,32762,32764,32766,55914,0
2203,938,32749,32788,32760,32762,32764,32766,55915,0
2204,939,32709,32810,32760,32764,32764,32767,55915,0
2205,938,32763,32843,32759,32762,32764,32766,55913,0
2206,939,32758,32827,32760,32763,32765,32767,55914,0
2207,942,32730,32816,32759,32763,32765,32766,55915,0
2208,938,32729,32782,32760,32763,32765,32766,55918,0
2209,938,32749,32829,32759,32762,32764,32766,55914,1
2210,938,32719,32839,32760,32763,32765,32766,55914,0
2211,942,32704,32825,32759,32763,32764,32767,55914,1
2212,938,32759,32812,32759,32762,32763,32767,55915,1
2213,939,32757,32806,32760,32763,32764,32767,55915,0
2214,938,32698,32826,32760,32762,32764,32766,55914,0
2215,938,32754,32823,32760,32762,32764,32766,55914,0
2216,943,32750,32842,32760,32762,32765,32765,55914,0
2217,938,32741,32804,32760,32763,32765,32767,55915,1
2218,938,32709,32801,32760,32762,32765,32767,55915,0
2219,938,32758,32813,32760,32763,32765,32766,55914,1
2220,939,32752,32845,32760,32763,32764,32768,55915,0
2221,942,32724,32839,32761,32763,32765,32765,55914,0
2222,938,32744,32782,32760,32763,32764,32767,55914,0
2223,938,32764,32801,32760,32762,32764,32766,55915,1
2224,939,32753,32837,32760,32763,32765,32767,55913,0
2225,938,32715,32823,32760,32763,32765,32766,55915,0
2226,948,32752,32793,32760,32763,32763,32766,55915,0
2227,938,32742,32813,32759,32763,32764,32767,55914,0
2228,938,32731,32802,32760,32763,32764,32766,55914,0
2229,938,32706,32825,32760,32763,32764,32767,55914,0
2230,939,32750,32852,32759,32762,32764,32767,55915,0
2231,942,32738,32831,32760,32763,32764,32767,55914,0
2232,938,32707,32800,32759,32764,32764,32767,55914,1
2233,939,32742,32825,32760,32763,32764,32766,55915,0
2234,938,32749,32848,32759,32763,32765,32766,55915,0
2235,938,32715,32828,32760,32763,32764,32766,55914,4
2236,943,32718,32805,32760,32762,32765,32766,55915,0
2237,938,32760,32799,32760,32763,32764,32767,55915,0
2238,938,32763,32833,32761,32764,32764,32767,55913,0
2239,938,32685,32833,32760,32764,32765,32766,55915,1
2240,939,32755,32828,32760,32763,32763,32766,55914,1
2241,938,32756,32827,32760,32764,32765,32767,55915,1
2242,942,32720,32823,32760,32764,32765,32767,55914,0
2243,943,32696,32827,32760,32763,32764,32766,55915,0
2244,938,32749,32828,32760,32763,32764,32767,55914,0
2245,939,32743,32822,32760,32764,32764,32767,55915,2
2246,942,32711,32809,32760,32763,32764,32765,55914,0
2247,938,32730,32798,32760,32763,32765,32766,55913,0
2248,939,32747,32830,32759,32763,32764,32766,55913,2
2249,938,32733,32844,32760,32763,32764,32767,55914,1
2250,938,32699,32808,32760,32763,32764,32767,55915,0
2251,943,32737,32786,32759,32763,32765,32767,55914,0
2252,938,32733,32827,32760,32763,32763,32767,55914,0
2253,938,32700,32847,32761,32763,32764,32767,55915,0
2254,939,32732,32831,32760,32763,32764,32765,55915,0
2255,938,32734,32808,32760,32763,32765,32767,55913,0
2256,942,32731,32809,32760,32764,32764,32766,55914,1
2257,939,32705,32823,32759,32763,32764,32766,55915,0
2258,938,32740,32846,32760,32764,32765,32766,55914,1
2259,948,32762,32829,32760,32763,32764,32766,55914,0
2260,943,32726,32820,32760,32763,32764,32766,55913,0
2261,943,32704,32807,32759,32763,32764,32767,55914,1
2262,938,32752,32829,32759,32763,32764,32766,55915,0
2263,938,32746,32834,32760,32763,32765,32767,55914,0
2264,938,32702,32835,32760,32763,32765,32767,55915,0
2265,939,32727,32802,32759,32764,32764,32767,55914,0
2266,942,32753,32792,32759,32762,32764,32767,55915,0
2267,938,32731,32814,32759,32763,32764,32767,55914,0
2268,939,32698,32825,32760,32762,32765,32767,55913,1
2269,938,32744,32833,32759,32763,32765,32767,55914,0
2270,938,32752,32812,32760,32763,32764,32766,55914,1
2271,943,32721,32795,32758,32763,32764,32766,55914,0
2272,938,32723,32809,32761,32763,32764,32767,55914,0
2273,938,32737,32828,32760,32763,32764,32767,55914,0
2274,938,32740,32826,32761,32763,32765,32766,55914,0
2275,939,32703,32790,32759,32763,32764,32767,55914,1
2276,941,32747,32784,32760,32763,32764,32767,55914,0
2277,939,32755,32839,32760,32763,32764,32766,55914,0
2278,938,32723,32857,32759,32762,32765,32766,55913,0
2279,938,32724,32811,32760,32763,32764,32767,55914,0
2280,939,32756,32801,32760,32762,32764,32766,55914,1
2281,942,32741,32806,32760,32762,32765,32766,55913,0
2282,938,32689,32835,32759,32762,32765,32767,55914,0
2283,939,32736,32825,32760,32762,32765,32767,55913,0
2284,938,32736,32822,32760,32765,32763,32767,55914,0
2285,938,32705,32799,32760,32763,32765,32767,55914,1
2286,943,32708,32805,32760,32763,32765,32766,55914,1
2287,938,32743,32841,32759,32763,32765,32765,55914,0
2288,938,32724,32834,32759,32763,32764,32767,55914,1
2289,938,32700,32793,32759,32764,32764,32766,55915,0
2290,939,32748,32785,32760,32764,32765,32766,55914,0
2291,942,32748,32832,32759,32763,32763,32767,55914,1
2292,949,32744,32829,32760,32764,32765,32765,55915,0
2293,943,32714,32828,32759,32763,32764,32766,55914,0
2294,938,32751,32834,32760,32764,32763,32767,55913,0
2295,939,32749,32815,32759,32763,32765,32767,55914,0
2296,942,32722,32814,32760,32763,32764,32766,55915,0
2297,938,32709,32817,32760,32763,32765,32768,55914,0
2298,939,32753,32831,32760,32764,32764,32766,55915,0
2299,938,32739,32820,32760,32763,32764,32767,55914,0
2300,938,32702,32800,32760,32763,32765,32767,55914,2
2301,943,32731,32793,32760,32762,32764,32767,55913,1
2302,938,32754,32835,32759,32762,32765,32766,55912,0
2303,938,32721,32826,32760,32763,32764,32767,55911,0
2304,938,32713,32792,32760,32763,32764,32765,55915,1
2305,939,32751,32793,32760,32763,32764,32767,55913,1
2306,942,32735,32806,32761,32764,32764,32767,55916,0
2307,938,32697,32831,32760,32763,32765,32766,55914,0
2308,939,32724,32827,32761,32763,32764,32766,55914,0
2309,949,32747,32812,32760,32762,32764,32766,55915,0
2310,943,32743,32800,32760,32762,32764,32766,55914,0
2311,942,32699,32789,32759,32763,32764,32766,55916,0
2312,939,32722,32811,32761,32764,32765,32767,55914,0
2313,938,32737,32823,32760,32762,32765,32766,55914,1
2314,938,32729,32834,32760,32763,32763,32768,55913,0
2315,939,32692,32787,32759,32763,32764,32767,55915,1
2316,942,32730,32799,32760,32762,32764,32767,55914,0
2317,938,32745,32834,32760,32764,32764,32766,55914,0
2318,938,32701,32820,32759,32763,32764,32766,55914,0
2319,939,32723,32809,32760,32763,32764,32767,55914,0
2320,938,32747,32792,32760,32763,32765,32766,55915,0
2321,942,32716,32820,32759,32762,32765,32767,55914,0
2322,939,32693,32837,32761,32764,32766,32766,55915,0
2323,938,32751,32834,32761,32762,32763,32766,55915,0
2324,938,32738,32818,32760,32762,32764,32766,55915,0
2325,938,32686,32794,32760,32763,32765,32767,55915,0
2326,942,32724,32822,32760,32763,32764,32767,55914,0
2327,939,32751,32853,32760,32763,32764,32767,55914,0
2328,938,32735,32836,32760,32763,32764,32767,55915,0
2329,938,32697,32799,32759,32763,32764,32765,55915,0
2330,938,32743,32809,32760,32761,32765,32766,55912,0
2331,943,32727,32848,32760,32763,32764,32766,55915,0
2332,938,32696,32838,32760,32763,32764,32766,55914,1
2333,938,32734,32843,32760,32763,32765,32767,55916,0
2334,938,32747,32811,32760,32763,32765,32766,55915,0
2335,939,32722,32824,32760,32763,32764,32766,55915,0
2336,942,32686,32839,32760,32763,32764,32767,55915,0
2337,938,32747,32845,32760,32762,32764,32765,55915,0
2338,939,32751,32832,32759,32764,32764,32767,55914,0
2339,938,32695,32789,32759,32763,32764,32766,55915,0
2340,938,32721,32816,32759,32762,32765,32767,55915,0
2341,943,32749,32843,32760,32763,32764,32768,55914,0
2342,949,32749,32846,32760,32763,32765,32767,55914,0
2343,943,32726,32830,32759,32762,32764,32767,55914,0
2344,938,32723,32794,32760,32763,32764,32767,55914,0
2345,939,32748,32814,32760,32763,32764,32766,55915,0
2346,941,32725,32829,32760,32763,32765,32766,55914,0
2347,939,32687,32847,32760,32762,32765,32767,55914,0
2348,938,32742,32826,32759,32763,32765,32766,55914,1
2349,938,32742,32794,32760,32762,32764,32766,55914,1
2350,939,32697,32808,32759,32763,32764,32766,55913,0
2351,942,32713,32823,32760,32762,32764,32766,55915,0
2352,938,32751,32824,32759,32763,32765,32767,55914,1
2353,939,32739,32834,32760,32763,32766,32767,55915,0
2354,938,32700,32800,32759,32763,32764,32766,55914,1
2355,938,32758,32825,32760,32762,32765,32767,55915,0
2356,942,32760,32846,32760,32763,32764,32767,55914,0
2357,939,32710,32827,32760,32763,32765,32766,55915,0
2358,938,32707,32817,32760,32764,32764,32767,55914,1
2359,938,32757,32783,32759,32763,32765,32766,55913,0
2360,938,32732,32824,32759,32763,32764,32767,55914,0
2361,942,32689,32834,32759,32763,32763,32766,55914,0
2362,939,32740,32835,32761,32762,32765,32767,55913,0
2363,938,32747,32799,32760,32763,32764,32767,55913,0
2364,938,32724,32815,32759,32763,32765,32768,55911,1
2365,938,32726,32826,32760,32763,32764,32767,55913,0
2366,943,32759,32815,32759,32763,32764,32767,55912,1
2367,938,32738,32812,32759,32763,32764,32767,55913,0
2368,938,32701,32787,32759,32762,32764,32766,55914,0
2369,939,32753,32822,32760,32762,32764,32767,55914,0
2370,938,32773,32835,32760,32763,32764,32766,55915,0
2371,942,32723,32823,32759,32763,32764,32766,55913,0
2372,938,32722,32811,32760,32762,32764,32766,55915,0
2373,938,32758,32805,32761,32762,32765,32767,55914,1
2374,939,32738,32832,32760,32762,32764,32766,55912,0
2375,949,32703,32837,32760,32763,32765,32766,55914,0
2376,942,32726,32834,32759,32763,32765,32766,55913,0
2377,938,32749,32837,32760,32762,32764,32766,55914,0
2378,938,32740,32805,32760,32763,32764,32766,55915,1
2379,939,32657,32793,32759,32762,32765,32767,55913,0
2380,938,32735,32838,32760,32762,32764,32767,55913,0
2381,942,32751,32824,32759,32763,32764,32766,55914,0
2382,939,32726,32821,32760,32763,32764,32767,55914,0
2383,938,32709,32793,32759,32763,32763,32766,55914,1
2384,938,32753,32821,32760,32763,32764,32765,55914,0
2385,939,32713,32839,32760,32763,32765,32767,55914,0
2386,942,32694,32833,32761,32763,32764,32766,55914,0
2387,938,32749,32818,32760,32763,32765,32767,55912,0
2388,938,32745,32775,32759,32763,32765,32766,55914,0
2389,939,32698,32838,32760,32763,32765,32768,55915,0
2390,938,32719,32824,32760,32764,32765,32766,55914,0
2391,942,32760,32830,32760,32763,32764,32766,55913,0
2392,938,32728,32816,32760,32763,32765,32766,55913,0
2393,938,32695,32793,32760,32763,32765,32767,55913,0
2394,939,32746,32832,32759,32763,32765,32765,55913,0
2395,938,32750,32846,32760,32762,32765,32766,55914,1
2396,942,32714,32840,32760,32763,32765,32767,55913,1
2397,939,32712,32799,32760,32763,32765,32766,55914,0
2398,938,32736,32815,32760,32763,32765,32766,55913,0
2399,938,32735,32868,32761,32762,32764,32766,55914,0
2400,938,32691,32827,32760,32763,32764,32767,55914,1
2401,942,32724,32824,32760,32763,32764,32767,55912,1
2402,939,32724,32807,32760,32763,32764,32768,55914,0
2403,938,32700,32832,32760,32763,32765,32766,55914,1
2404,938,32715,32830,32760,32764,32764,32767,55913,0
2405,938,32754,32839,32760,32764,32765,32766,55914,0
2406,943,32738,32830,32760,32763,32764,32766,55914,1
2407,938,32686,32794,32760,32763,32765,32767,55913,0
2408,942,32743,32838,32761,32763,32765,32767,55914,0
2409,938,32746,32839,32760,32762,32764,32766,55914,1
2410,938,32726,32826,32761,32763,32764,32767,55913,1
2411,943,32690,32798,32759,32763,32764,32767,55913,0
2412,938,32749,32791,32759,32763,32764,32767,55913,0
2413,938,32747,32829,32760,32763,32765,32767,55913,0
2414,938,32702,32838,32759,32763,32763,32766,55914,1
2415,939,32746,32810,32759,32763,32764,32767,55914,0
2416,942,32748,32801,32760,32764,32764,32766,55914,0
2417,938,32728,32805,32759,32764,32766,32767,55912,1
2418,939,32719,32819,32760,32763,32764,32765,55913,1
2419,938,32743,32832,32761,32763,32763,32767,55913,0
2420,938,32739,32808,32759,32762,32764,32767,55913,0
2421,943,32704,32785,32760,32763,32765,32767,55913,0
2422,938,32727,32799,32760,32763,32765,32766,55913,0
2423,938,32751,32825,32760,32763,32765,32767,55914,0
2424,944,32717,32842,32760,32763,32764,32766,55915,0
2425,938,32687,32829,32760,32764,32764,32767,55913,1
2426,938,32745,32801,32759,32763,32765,32766,55914,0
2427,942,32740,32811,32760,32764,32763,32766,55915,0
2428,938,32700,32836,32759,32764,32764,32767,55912,0
2429,939,32731,32834,32759,32762,32764,32766,55915,0
2430,938,32759,32803,32759,32763,32764,32766,55912,1
2431,942,32740,32796,32760,32762,32763,32767,55914,0
2432,939,32694,32821,32759,32764,32765,32766,55914,0
2433,938,32747,32846,32759,32762,32764,32766,55914,0
2434,938,32746,32836,32759,32763,32764,32766,55913,0
2435,938,32694,32800,32760,32762,32764,32767,55915,0
2436,943,32718,32791,32759,32762,32764,32765,55914,0
2437,938,32758,32829,32760,32763,32765,32767,55914,1
2438,938,32726,32833,32760,32763,32764,32766,55915,0
2439,938,32691,32814,32760,32764,32765,32766,55914,0
2440,939,32746,32812,32760,32763,32764,32767,55914,1
2441,946,32740,32811,32760,32763,32764,32766,55913,0
2442,938,32725,32842,32760,32763,32765,32766,55914,0
2443,938,32709,32809,32759,32762,32765,32766,55914,0
2444,938,32759,32815,32759,32763,32764,32766,55915,0
2445,939,32728,32799,32760,32763,32764,32766,55914,0
2446,942,32695,32803,32760,32763,32764,32766,55913,0
2447,938,32752,32820,32760,32763,32764,32767,55913,0
2448,939,32746,32828,32760,32762,32765,32767,55914,0
2449,938,32712,32804,32761,32762,32764,32767,55915,0
2450,938,32712,32783,32759,32764,32764,32766,55912,0
2451,942,32746,32801,32759,32764,32764,32767,55913,0
2452,938,32757,32804,32760,32763,32764,32766,55914,0
2453,938,32696,32815,32759,32763,32765,32767,55913,0
2454,939,32751,32784,32760,32763,32765,32766,55914,1
2455,938,32745,32790,32760,32763,32765,32766,55913,0
2456,938,32698,32833,32760,32763,32764,32766,55911,0
2457,948,32705,32823,32760,32763,32765,32767,55913,1
2458,938,32737,32823,32760,32763,32764,32766,55913,0
2459,938,32749,32812,32760,32762,32765,32766,55914,0
2460,938,32678,32807,32759,32763,32764,32765,55914,0
2461,943,32730,32826,32760,32763,32765,32767,55913,0
2462,938,32730,32836,32760,32763,32765,32765,55913,0
2463,938,32734,32820,32760,32763,32764,32766,55913,0
2464,939,32700,32780,32759,32762,32765,32767,55913,1
2465,938,32735,32807,32760,32761,32764,32766,55913,0
2466,942,32731,32821,32759,32764,32765,32767,55914,1
2467,939,32704,32825,32760,32762,32765,32766,55912,0
2468,938,32736,32805,32760,32763,32764,32767,55914,1
2469,938,32731,32782,32760,32764,32764,32766,55914,0
2470,938,32711,32820,32759,32764,32763,32768,55913,1
2471,943,32684,32822,32760,32762,32764,32766,55913,0
2472,938,32738,32818,32761,32764,32764,32766,55914,3
2473,938,32750,32802,32760,32763,32764,32766,55914,0
2474,944,32697,32797,32759,32763,32764,32766,55915,0
2475,943,32689,32777,32759,32763,32765,32766,55915,1
2476,942,32747,32832,32760,32763,32764,32765,55913,0
2477,939,32739,32836,32759,32763,32764,32767,55914,0
2478,938,32706,32828,32759,32763,32765,32766,55912,1
2479,938,32728,32788,32760,32763,32764,32766,55914,0
2480,939,32756,32804,32760,32763,32764,32766,55913,1
2481,941,32737,32832,32760,32763,32765,32766,55915,2
2482,939,32714,32821,32759,32762,32764,32766,55913,1
2483,938,32756,32818,32759,32763,32764,32766,55914,1
2484,938,32741,32787,32759,32763,32765,32766,55915,0
2485,939,32694,32825,32760,32763,32765,32767,55915,0
2486,942,32728,32825,32760,32763,32764,32767,55914,0
2487,938,32742,32822,32760,32763,32765,32766,55913,1
2488,938,32736,32820,32760,32762,32765,32766,55914,1
2489,939,32699,32786,32760,32763,32765,32766,55913,3
2490,938,32755,32824,32759,32764,32764,32767,55913,1
2491,942,32748,32846,32760,32763,32764,32766,55913,0
2492,938,32707,32822,32760,32763,32765,32766,55914,0
2493,938,32744,32796,32759,32763,32764,32767,55912,0
2494,939,32755,32823,32761,32763,32765,32767,55912,0
2495,938,32730,32844,32760,32763,32764,32767,55914,0
2496,942,32692,32822,32759,32763,32764,32766,55912,1
2497,938,32750,32822,32760,32763,32764,32766,55913,0
2498,939,32740,32808,32759,32763,32765,32767,55914,0
2499,938,32726,32823,32760,32764,32764,32766,55914,0
2500,938,32743,32835,32760,32763,32764,32767,55913,0
2501,943,32758,32816,32760,32764,32764,32767,55914,0
2502,938,32739,32828,32760,32762,32764,32767,55913,0
2503,938,32703,32791,32760,32762,32765,32768,55914,0
2504,938,32758,32842,32759,32763,32764,32766,55914,0
2505,939,32734,32844,32760,32763,32765,32766,55914,0
2506,941,32707,32831,32760,32763,32764,32767,55913,0
2507,944,32736,32807,32760,32763,32765,32766,55913,1
2508,943,32764,32793,32759,32763,32765,32766,55914,3
2509,938,32744,32820,32760,32763,32764,32766,55913,0
2510,939,32710,32839,32760,32763,32765,32767,55913,0
2511,942,32754,32836,32760,32763,32763,32767,55914,1
2512,938,32751,32818,32761,32763,32764,32766,55913,0
2513,939,32733,32812,32759,32763,32765,32767,55913,0
2514,938,32707,32812,32759,32763,32764,32766,55913,2
2515,938,32747,32831,32759,32763,32765,32766,55913,0
2516,939,32739,32832,32759,32763,32765,32767,55914,0
2517,942,32693,32809,32760,32763,32765,32766,55914,0
2518,938,32735,32801,32759,32763,32764,32766,55914,0
2519,938,32754,32836,32759,32764,32764,32767,55914,1
2520,939,32726,32844,32759,32762,32764,32765,55913,0
2521,942,32708,32814,32760,32763,32765,32766,55914,0
2522,938,32746,32785,32760,32764,32764,32767,55913,0
2523,938,32741,32820,32759,32763,32765,32766,55914,1
2524,938,32711,32831,32760,32762,32764,32767,55913,0
2525,938,32744,32829,32760,32763,32765,32767,55914,0
2526,943,32751,32819,32759,32763,32764,32765,55914,0
2527,938,32730,32800,32759,32762,32763,32767,55911,1
2528,938,32718,32828,32760,32763,32765,32767,55913,0
2529,939,32757,32831,32759,32762,32765,32766,55915,1
2530,938,32752,32830,32760,32763,32763,32766,55914,0
2531,942,32705,32804,32760,32763,32765,32767,55913,1
2532,938,32749,32793,32760,32762,32764,32766,55914,0
2533,939,32772,32818,32760,32763,32765,32768,55913,1
2534,938,32742,32833,32759,32762,32765,32766,55914,0
2535,938,32725,32805,32760,32764,32763,32766,55915,0
2536,943,32760,32806,32760,32762,32764,32766,55914,0
2537,938,32753,32805,32759,32763,32764,32767,55915,0
2538,938,32705,32824,32759,32763,32765,32767,55915,0
2539,938,32760,32817,32759,32763,32764,32765,55913,0
2540,938,32764,32805,32759,32763,32764,32766,55911,0
2541,943,32739,32802,32760,32762,32764,32765,55914,1
2542,938,32732,32819,32760,32764,32764,32766,55913,0
2543,938,32759,32825,32760,32763,32765,32766,55914,0
2544,938,32739,32824,32761,32762,32764,32767,55913,0
2545,939,32707,32801,32760,32762,32765,32766,55913,0
2546,942,32728,32786,32760,32763,32765,32767,55913,0
2547,938,32749,32816,32759,32763,32764,32766,55913,0
2548,938,32734,32838,32760,32763,32765,32766,55914,1
2549,939,32722,32826,32761,32764,32766,32767,55915,0
2550,938,32751,32791,32760,32763,32765,32766,55914,0
2551,942,32755,32797,32760,32763,32764,32766,55912,0
2552,939,32709,32829,32760,32763,32765,32766,55912,0
2553,938,32752,32843,32760,32763,32764,32766,55913,1
2554,938,32753,32828,32759,32763,32764,32767,55914,0
2555,939,32722,32796,32760,32763,32764,32766,55915,0
2556,946,32721,32788,32760,32763,32765,32767,55914,1
2557,938,32762,32827,32760,32763,32765,32766,55914,0
2558,938,32769,32822,32760,32763,32764,32767,55913,0
2559,938,32713,32820,32760,32762,32764,32766,55914,0
2560,939,32736,32792,32759,32764,32765,32766,55912,0
2561,938,32745,32815,32758,32762,32765,32767,55913,0
2562,942,32735,32837,32759,32763,32764,32767,55913,0
2563,938,32698,32827,32759,32762,32764,32767,55914,1
2564,938,32747,32814,32759,32763,32765,32767,55914,0
2565,939,32761,32800,32759,32763,32764,32767,55916,0
2566,942,32729,32824,32760,32762,32765,32765,55914,0
2567,938,32739,32826,32759,32763,32764,32765,55915,0
2568,939,32768,32828,32760,32762,32764,32768,55914,1
2569,938,32750,32817,32760,32762,32764,32765,55914,0
2570,938,32711,32790,32761,32763,32765,32767,55915,0
2571,943,32751,32838,32760,32762,32766,32766,55912,0
2572,938,32751,32833,32760,32762,32764,32766,55913,0
2573,938,32701,32817,32760,32762,32764,32767,55914,0
2574,938,32750,32783,32761,32763,32764,32765,55913,0
2575,938,32768,32810,32760,32763,32764,32767,55914,1
2576,943,32749,32821,32760,32764,32764,32766,55917,0
2577,938,32711,32818,32760,32763,32765,32766,55914,1
2578,938,32757,32824,32759,32763,32765,32765,55914,0
2579,938,32753,32797,32760,32763,32764,32767,55915,0
2580,939,32703,32823,32760,32762,32764,32767,55915,0
2581,942,32708,32828,32759,32763,32765,32766,55914,1
2582,938,32754,32851,32760,32762,32765,32766,55914,0
2583,939,32742,32837,32761,32763,32764,32766,55915,0
2584,938,32718,32795,32759,32763,32764,32766,55914,1
2585,938,32760,32835,32760,32763,32764,32766,55913,0
2586,943,32754,32848,32760,32762,32764,32766,55914,0
2587,938,32722,32829,32760,32762,32764,32766,55914,0
2588,938,32723,32786,32761,32763,32765,32766,55914,0
2589,944,32737,32818,32760,32762,32764,32767,55913,1
2590,938,32738,32844,32760,32762,32765,32768,55914,0
2591,942,32699,32850,32760,32763,32765,32767,55913,0
2592,938,32742,32830,32759,32763,32764,32767,55914,0
2593,939,32748,32817,32759,32763,32763,32766,55914,1
2594,938,32715,32811,32759,32762,32764,32766,55914,0
2595,938,32717,32818,32760,32763,32764,32767,55913,0
2596,943,32771,32832,32760,32763,32764,32766,55914,0
2597,938,32752,32837,32760,32763,32764,32766,55914,1
2598,938,32697,32799,32760,32763,32764,32767,55914,0
2599,938,32744,32797,32760,32763,32765,32766,55915,0
2600,939,32757,32834,32759,32764,32765,32766,55914,0
2601,938,32709,32824,32760,32762,32764,32766,55915,0
2602,943,32700,32815,32760,32763,32765,32766,55913,1
2603,938,32748,32795,32760,32764,32764,32766,55914,0
2604,938,32738,32818,32759,32763,32765,32766,55914,0
2605,938,32699,32836,32760,32764,32764,32766,55914,0
2606,942,32738,32826,32759,32762,32764,32767,55914,0
2607,939,32750,32816,32760,32763,32764,32767,55914,1
2608,938,32720,32793,32759,32762,32765,32766,55913,0
2609,938,32710,32818,32760,32763,32763,32767,55915,0
2610,938,32732,32836,32760,32763,32765,32767,55914,0
2611,942,32739,32813,32759,32763,32764,32766,55913,0
2612,938,32688,32787,32759,32763,32764,32767,55913,0
2613,939,32752,32803,32759,32763,32764,32766,55915,0
2614,938,32752,32843,32759,32762,32765,32766,55914,1
2615,938,32718,32836,32760,32763,32764,32766,55914,0
2616,939,32714,32814,32760,32762,32765,32766,55915,0
2617,942,32745,32794,32759,32763,32763,32767,55913,1
2618,938,32740,32818,32760,32763,32763,32767,55914,0
2619,938,32710,32821,32760,32763,32764,32766,55913,0
2620,939,32755,32826,32760,32762,32765,32766,55913,1
2621,942,32746,32817,32760,32762,32764,32766,55914,0
2622,942,32709,32797,32759,32762,32764,32767,55914,1
2623,938,32698,32803,32759,32763,32765,32766,55914,0
2624,938,32750,32829,32760,32763,32765,32766,55914,0
2625,939,32736,32816,32760,32762,32765,32767,55913,0
2626,942,32696,32825,32760,32763,32764,32767,55914,1
2627,938,32723,32799,32759,32763,32764,32765,55913,1
2628,938,32744,32817,32760,32763,32765,32767,55913,0
2629,939,32730,32844,32760,32763,32765,32767,55913,0
2630,938,32691,32803,32760,32764,32765,32767,55914,0
2631,942,32743,32814,32760,32763,32764,32767,55913,0
2632,939,32742,32802,32760,32762,32765,32766,55913,0
2633,938,32722,32829,32761,32762,32765,32766,55914,4
2634,938,32749,32824,32761,32762,32765,32766,55913,0
2635,938,32749,32831,32760,32763,32764,32766,55913,0
2636,943,32723,32807,32761,32763,32765,32766,55914,1
2637,938,32692,32805,32760,32762,32764,32766,55914,0
2638,938,32755,32836,32760,32763,32765,32766,55915,0
2639,938,32750,32832,32760,32763,32765,32767,55913,0
2640,938,32710,32822,32759,32763,32764,32767,55914,0
2641,943,32734,32794,32759,32763,32765,32767,55912,0
2642,938,32745,32819,32759,32763,32764,32766,55913,0
2643,938,32730,32833,32760,32763,32764,32766,55913,0
2644,939,32706,32818,32760,32762,32765,32765,55914,0
2645,938,32751,32827,32761,32764,32763,32766,55913,1
2646,942,32740,32798,32760,32763,32764,32766,55914,0
2647,939,32727,32820,32759,32763,32765,32766,55914,0
2648,938,32726,32827,32760,32764,32764,32767,55913,0
2649,938,32756,32825,32760,32763,32764,32766,55914,1
2650,938,32710,32814,32761,32762,32765,32766,55916,0
2651,943,32708,32801,32760,32763,32764,32767,55913,0
2652,938,32752,32822,32759,32763,32765,32766,55913,0
2653,938,32752,32817,32759,32764,32765,32766,55914,0
2654,939,32705,32828,32761,32763,32764,32767,55914,0
2655,948,32722,32799,32761,32762,32765,32766,55914,0
2656,942,32748,32788,32761,32763,32765,32767,55915,0
2657,938,32757,32831,32760,32762,32765,32767,55915,0
2658,938,32705,32817,32759,32763,32765,32766,55913,0
2659,938,32741,32823,32759,32763,32765,32767,55913,0
2660,939,32751,32820,32761,32764,32764,32766,55913,0
2661,942,32729,32806,32760,32762,32765,32766,55914,1
2662,938,32714,32831,32760,32763,32764,32766,55913,0
2663,938,32759,32828,32761,32763,32765,32766,55913,0
2664,939,32748,32830,32760,32763,32764,32766,55915,1
2665,938,32715,32801,32759,32762,32765,32767,55912,0
2666,942,32746,32807,32760,32762,32765,32766,55913,0
2667,938,32748,32837,32760,32764,32764,32767,55914,0
2668,938,32724,32848,32761,32763,32765,32767,55914,0
2669,939,32728,32806,32760,32763,32764,32766,55914,0
2670,938,32745,32809,32760,32763,32763,32766,55913,0
2671,939,32753,32835,32760,32764,32764,32766,55913,0
2672,941,32714,32838,32760,32762,32763,32766,55913,0
2673,938,32754,32844,32759,32763,32764,32766,55914,0
2674,939,32760,32823,32760,32764,32764,32766,55914,0
2675,938,32711,32806,32761,32763,32764,32767,55913,0
2676,942,32712,32822,32759,32763,32764,32766,55914,0
2677,938,32764,32833,32759,32763,32765,32766,55913,0
2678,939,32759,32836,32760,32763,32765,32766,55914,1
2679,938,32711,32804,32760,32763,32765,32766,55914,1
2680,938,32724,32804,32761,32763,32763,32766,55913,0
2681,943,32761,32854,32760,32763,32765,32767,55913,0
2682,938,32729,32839,32760,32763,32763,32766,55913,0
2683,938,32722,32823,32760,32763,32765,32767,55913,0
2684,939,32759,32810,32760,32763,32765,32767,55913,0
2685,938,32748,32830,32760,32762,32765,32765,55913,0
2686,942,32713,32825,32759,32761,32764,32766,55914,0
2687,938,32749,32833,32760,32764,32765,32766,55913,0
2688,944,32757,32816,32760,32762,32764,32766,55914,0
2689,938,32733,32809,32759,32763,32765,32767,55914,0
2690,938,32706,32796,32759,32762,32764,32766,55914,0
2691,942,32745,32849,32760,32763,32764,32767,55914,0
2692,938,32759,32839,32759,32762,32765,32766,55913,0
2693,939,32709,32823,32759,32763,32764,32766,55914,0
2694,938,32730,32807,32761,32763,32764,32767,55913,0
2695,938,32753,32850,32760,32762,32764,32766,55914,0
2696,943,32742,32844,32760,32763,32764,32766,55914,0
2697,938,32701,32835,32759,32762,32764,32766,55914,0
2698,938,32760,32826,32760,32763,32764,32766,55914,1
2699,938,32737,32817,32760,32764,32765,32766,55913,1
2700,939,32703,32833,32760,32764,32764,32767,55915,0
2701,942,32725,32827,32761,32761,32764,32767,55913,0
2702,938,32753,32818,32761,32763,32764,32767,55915,0
2703,939,32754,32809,32760,32763,32764,32767,55913,0
2704,944,32696,32802,32760,32762,32764,32767,55914,0
2705,943,32737,32833,32760,32763,32765,32766,55914,0
2706,942,32748,32839,32761,32763,32764,32766,55914,1
2707,939,32722,32848,32760,32763,32765,32766,55913,0
2708,938,32709,32809,32759,32763,32765,32767,55914,1
2709,938,32742,32806,32760,32763,32762,32767,55914,0
2710,938,32747,32823,32759,32762,32765,32767,55913,0
2711,957,32703,32830,32760,32763,32764,32766,55914,0
2712,941,32693,32844,32760,32762,32765,32766,55913,0
2713,938,32740,32812,32760,32763,32764,32766,55914,1
2714,939,32749,32805,32759,32762,32766,32766,55913,0
2715,938,32715,32813,32759,32763,32764,32766,55913,1
2716,942,32714,32818,32760,32763,32764,32766,55913,0
2717,939,32748,32824,32760,32764,32764,32766,55914,0
2718,938,32718,32813,32760,32764,32764,32766,55913,0
2719,938,32682,32782,32760,32762,32765,32766,55913,0
2720,938,32739,32818,32759,32763,32763,32766,55914,0
2721,946,32758,32828,32760,32763,32764,32767,55914,1
2722,938,32741,32842,32760,32764,32765,32767,55913,1
2723,938,32704,32817,32760,32763,32764,32765,55914,0
2724,938,32762,32810,32759,32763,32765,32767,55914,1
2725,939,32747,32827,32760,32763,32765,32766,55912,0
2726,942,32711,32842,32759,32762,32763,32766,55914,0
2727,938,32746,32827,32760,32764,32765,32766,55914,0
2728,939,32764,32822,32760,32762,32765,32767,55915,0
2729,938,32725,32812,32760,32763,32766,32767,55915,0
2730,938,32717,32841,32759,32763,32765,32767,55914,0
2731,943,32758,32839,32760,32762,32765,32767,55914,0
2732,938,32761,32842,32760,32762,32764,32766,55913,1
2733,938,32716,32811,32760,32763,32764,32767,55913,0
2734,938,32757,32796,32760,32763,32765,32766,55913,0
2735,939,32759,32854,32760,32763,32765,32767,55914,0
2736,942,32743,32860,32760,32763,32763,32766,55914,0
2737,938,32716,32828,32761,32763,32765,32766,55914,0
2738,938,32766,32802,32760,32763,32764,32767,55913,0
2739,938,32766,32822,32759,32763,32764,32766,55913,0
2740,939,32719,32849,32760,32762,32764,32767,55913,0
2741,942,32774,32839,32760,32763,32764,32766,55914,0
2742,938,32753,32834,32760,32763,32764,32766,55913,0
2743,938,32750,32817,32759,32763,32765,32765,55913,0
2744,939,32733,32833,32760,32763,32764,32767,55912,0
2745,938,32760,32857,32759,32762,32764,32765,55913,1
2746,942,32751,32842,32759,32763,32764,32766,55913,0
2747,938,32715,32827,32760,32763,32765,32765,55913,0
2748,939,32754,32805,32760,32763,32764,32766,55912,0
2749,938,32757,32847,32760,32762,32765,32767,55914,0
2750,938,32751,32852,32760,32763,32764,32766,55914,0
2751,943,32726,32843,32760,32762,32764,32766,55908,0
2752,938,32760,32813,32760,32763,32764,32767,55913,0
2753,938,32758,32810,32759,32763,32765,32767,55914,0
2754,944,32700,32836,32759,32763,32765,32767,55912,0
2755,938,32734,32837,32761,32763,32765,32765,55913,1
2756,942,32759,32837,32761,32763,32764,32767,55915,0
2757,938,32748,32828,32760,32762,32764,32767,55913,1
2758,939,32697,32812,32760,32763,32764,32766,55913,0
2759,938,32748,32828,32760,32763,32765,32767,55913,5
2760,938,32755,32850,32760,32763,32764,32767,55915,0
2761,943,32719,32838,32759,32763,32764,32767,55914,0
2762,938,32734,32802,32760,32763,32764,32767,55913,0
2763,938,32744,32825,32760,32763,32765,32766,55913,1
2764,938,32730,32845,32760,32763,32764,32766,55912,0
2765,939,32708,32832,32760,32763,32765,32767,55912,1
2766,944,32740,32822,32761,32763,32764,32766,55914,1
2767,942,32757,32801,32762,32762,32764,32765,55914,0
2768,938,32731,32814,32760,32763,32765,32766,55914,0
2769,939,32709,32830,32761,32763,32764,32766,55914,0
2770,938,32768,32818,32760,32763,32763,32766,55914,0
2771,943,32763,32826,32759,32763,32765,32766,55914,0
2772,942,32711,32791,32759,32762,32764,32767,55914,0
2773,938,32727,32796,32759,32764,32764,32767,55912,2
2774,939,32760,32839,32760,32764,32764,32765,55913,0
2775,938,32750,32829,32760,32763,32765,32767,55914,0
2776,942,32709,32832,32760,32763,32764,32766,55913,1
2777,938,32748,32809,32760,32764,32765,32767,55913,0
2778,939,32753,32836,32759,32764,32764,32766,55913,1
2779,938,32704,32853,32760,32763,32764,32768,55914,0
2780,938,32761,32832,32760,32764,32764,32766,55909,0
2781,943,32772,32823,32760,32763,32764,32766,55914,0
2782,938,32730,32790,32759,32762,32764,32766,55915,0
2783,938,32709,32838,32760,32764,32764,32767,55913,0
2784,938,32764,32840,32760,32764,32764,32766,55914,0
2785,939,32749,32821,32761,32763,32765,32767,55915,0
2786,942,32729,32802,32759,32763,32764,32767,55913,1
2787,949,32709,32800,32760,32763,32765,32766,55914,0
2788,938,32761,32823,32759,32762,32765,32766,55913,0
2789,938,32761,32845,32760,32762,32764,32766,55913,0
2790,939,32724,32835,32760,32764,32764,32766,55914,1
2791,942,32738,32804,32760,32764,32765,32767,55913,0
2792,938,32751,32793,32760,32763,32764,32766,55912,0
2793,939,32734,32830,32760,32762,32764,32767,55913,0
2794,938,32707,32832,32760,32763,32764,32767,55914,0
2795,938,32755,32816,32760,32764,32764,32766,55913,0
2796,942,32736,32832,32759,32763,32764,32767,55914,0
2797,939,32702,32806,32759,32762,32763,32767,55913,0
2798,938,32734,32824,32760,32764,32764,32766,55912,0
2799,938,32743,32830,32759,32763,32765,32767,55914,2
2800,938,32724,32826,32760,32763,32763,32768,55914,0
2801,938,32700,32787,32760,32762,32765,32766,55914,0
2802,942,32752,32823,32759,32763,32764,32766,55914,0
2803,939,32738,32836,32760,32763,32764,32766,55913,0
2804,948,32716,32845,32759,32762,32764,32768,55913,1
2805,943,32694,32842,32760,32763,32764,32768,55914,0
2806,942,32739,32818,32760,32762,32765,32767,55913,0
2807,939,32752,32803,32760,32763,32764,32766,55913,0
2808,938,32731,32842,32760,32762,32764,32766,55913,0
2809,938,32738,32829,32760,32763,32765,32766,55914,0
2810,939,32756,32829,32759,32763,32765,32766,55913,0
2811,942,32732,32812,32760,32763,32765,32766,55913,0
2812,938,32702,32815,32760,32763,32764,32767,55913,1
2813,938,32743,32845,32760,32763,32764,32767,55914,1
2814,939,32748,32826,32759,32762,32765,32767,55914,0
2815,938,32728,32841,32760,32763,32765,32767,55914,0
2816,942,32718,32817,32759,32762,32765,32766,55913,0
2817,939,32761,32820,32759,32762,32764,32766,55913,2
2818,938,32736,32832,32760,32763,32765,32767,55914,0
2819,938,32712,32845,32759,32763,32763,32767,55913,0
2820,938,32767,32817,32761,32763,32764,32767,55913,0
2821,942,32759,32806,32760,32763,32765,32765,55913,0
2822,939,32717,32842,32759,32763,32765,32766,55914,1
2823,938,32732,32837,32760,32765,32765,32766,55914,0
2824,938,32763,32839,32761,32763,32764,32767,55914,0
2825,938,32741,32830,32760,32763,32764,32766,55914,1
2826,942,32680,32816,32760,32763,32764,32767,55913,0
2827,938,32750,32849,32760,32762,32764,32767,55913,0
2828,939,32756,32847,32760,32763,32765,32767,55914,0
2829,938,32718,32836,32759,32763,32763,32766,55914,0
2830,938,32726,32799,32759,32763,32764,32766,55914,0
2831,942,32752,32803,32760,32763,32764,32766,55915,0
2832,939,32733,32855,32760,32764,32764,32766,55913,0
2833,938,32706,32847,32760,32762,32764,32767,55913,0
2834,938,32759,32829,32761,32762,32764,32766,55913,0
2835,938,32746,32816,32759,32763,32763,32766,55915,0
2836,943,32726,32821,32760,32763,32764,32766,55913,0
2837,943,32720,32849,32759,32763,32764,32767,55913,0
2838,943,32746,32842,32759,32763,32765,32768,55913,0
2839,938,32762,32847,32760,32763,32764,32767,55914,1
2840,939,32704,32814,32760,32763,32765,32766,55913,0
2841,942,32725,32810,32759,32761,32765,32767,55914,0
2842,938,32759,32833,32760,32763,32764,32766,55913,1
2843,939,32744,32851,32760,32763,32764,32768,55911,0
2844,938,32700,32815,32760,32764,32765,32767,55914,0
2845,938,32751,32807,32761,32763,32763,32766,55914,0
2846,942,32743,32833,32761,32762,32764,32766,55914,0
2847,939,32714,32846,32759,32763,32765,32766,55913,0
2848,938,32723,32821,32759,32763,32764,32766,55913,0
2849,938,32756,32808,32759,32763,32764,32767,55913,2
2850,939,32725,32809,32760,32762,32764,32767,55913,0
2851,942,32704,32829,32760,32764,32765,32766,55914,0
2852,938,32739,32853,32760,32763,32764,32767,55914,0
2853,938,32747,32853,32759,32763,32764,32766,55913,0
2854,938,32704,32805,32759,32763,32764,32768,55915,1
2855,938,32727,32800,32760,32764,32764,32766,55913,0
2856,943,32744,32849,32760,32764,32764,32766,55914,0
2857,938,32742,32849,32760,32763,32764,32766,55913,0
2858,938,32697,32821,32760,32762,32764,32767,55913,0
2859,939,32750,32795,32760,32763,32765,32766,55914,0
2860,938,32741,32824,32759,32764,32764,32766,55913,1
2861,942,32714,32842,32760,32762,32764,32766,55914,0
2862,938,32720,32830,32760,32763,32763,32766,55914,0
2863,939,32749,32817,32760,32763,32764,32766,55915,0
2864,938,32726,32809,32760,32762,32765,32766,55914,0
2865,938,32696,32829,32761,32763,32764,32767,55914,0
2866,943,32736,32842,32759,32763,32765,32766,55915,0
2867,938,32753,32852,32760,32762,32764,32767,55913,0
2868,938,32699,32816,32760,32763,32765,32766,55913,0
2869,938,32716,32808,32760,32763,32765,32766,55913,0
2870,938,32740,32841,32760,32763,32764,32767,55914,1
2871,942,32723,32843,32760,32763,32764,32767,55913,0
2872,939,32686,32827,32759,32764,32765,32766,55913,3
2873,938,32730,32806,32759,32762,32764,32766,55914,0
2874,938,32732,32811,32759,32763,32764,32767,55913,0
2875,939,32688,32847,32760,32763,32764,32766,55914,0
2876,942,32710,32828,32760,32762,32764,32766,55912,1
2877,938,32740,32827,32759,32763,32764,32766,55914,1
2878,938,32699,32812,32759,32763,32763,32767,55914,0
2879,939,32685,32831,32760,32763,32764,32766,55914,0
2880,938,32738,32850,32759,32763,32764,32766,55914,1
2881,942,32741,32849,32760,32763,32763,32766,55914,0
2882,938,32698,32825,32760,32764,32764,32766,55914,1
2883,938,32729,32777,32760,32764,32764,32766,55914,0
2884,939,32748,32829,32760,32762,32764,32766,55913,0
2885,938,32728,32852,32761,32763,32763,32766,55914,0
2886,947,32704,32831,32759,32763,32764,32766,55915,1
2887,938,32731,32811,32760,32763,32764,32766,55915,0
2888,938,32730,32801,32760,32764,32764,32766,55915,0
2889,938,32721,32826,32759,32763,32764,32767,55914,1
2890,939,32706,32835,32761,32763,32762,32766,55914,1
2891,942,32738,32832,32760,32762,32764,32767,55914,0
2892,939,32733,32822,32760,32763,32764,32766,55913,0
2893,938,32680,32802,32760,32763,32764,32767,55913,0
2894,938,32724,32855,32760,32762,32764,32765,55913,0
2895,938,32726,32861,32760,32763,32764,32766,55914,1
2896,943,32723,32832,32760,32762,32764,32767,55914,1
2897,938,32711,32803,32760,32763,32765,32766,55914,1
2898,938,32732,32800,32760,32763,32764,32766,55915,0
2899,939,32711,32833,32759,32763,32765,32766,55914,0
2900,938,32677,32813,32760,32763,32765,32767,55914,0
2901,942,32733,32840,32761,32764,32764,32766,55914,1
2902,939,32741,32804,32759,32763,32763,32767,55914,0
2903,943,32739,32829,32759,32764,32764,32766,55911,0
2904,938,32704,32823,32759,32764,32763,32766,55914,0
2905,939,32752,32830,32760,32763,32764,32766,55914,0
2906,942,32735,32827,32760,32763,32764,32767,55915,0
2907,938,32685,32814,32760,32763,32764,32766,55913,0
2908,938,32723,32811,32760,32763,32764,32766,55914,1
2909,939,32735,32822,32759,32762,32764,32765,55914,0
2910,938,32733,32855,32761,32762,32764,32766,55913,0
2911,942,32682,32842,32761,32764,32764,32767,55914,1
2912,939,32730,32802,32759,32763,32764,32765,55913,0
2913,938,32732,32835,32760,32763,32764,32767,55913,0
2914,938,32696,32839,32760,32763,32765,32767,55913,0
2915,938,32755,32823,32759,32762,32764,32766,55914,0
2916,943,32756,32809,32760,32764,32764,32767,55913,1
2917,938,32728,32806,32760,32763,32765,32766,55913,0
2918,938,32689,32828,32760,32762,32764,32766,55913,0
2919,943,32731,32842,32759,32763,32764,32766,55913,0
2920,943,32731,32831,32760,32762,32765,32766,55914,0
2921,943,32739,32824,32760,32763,32764,32767,55914,0
2922,938,32713,32795,32760,32763,32764,32767,55914,0
2923,938,32738,32842,32760,32762,32764,32766,55914,0
2924,939,32748,32854,32759,32763,32765,32765,55913,0
2925,938,32696,32840,32759,32763,32764,32767,55914,0
2926,942,32725,32815,32760,32763,32765,32767,55914,0
2927,939,32742,32816,32759,32763,32765,32766,55913,0
2928,938,32718,32853,32758,32763,32765,32767,55914,0
2929,938,32711,32868,32760,32762,32764,32767,55914,1
2930,938,32742,32836,32760,32763,32764,32767,55914,0
2931,942,32744,32824,32761,32763,32765,32766,55913,1
2932,938,32702,32821,32760,32763,32764,32766,55915,0
2933,939,32731,32826,32759,32763,32765,32766,55914,0
2934,938,32753,32833,32759,32763,32764,32767,55914,0
2935,938,32732,32815,32760,32763,32765,32766,55914,0
2936,942,32697,32802,32759,32763,32764,32766,55913,0
2937,938,32743,32828,32760,32763,32764,32766,55913,0
2938,939,32754,32834,32760,32763,32764,32767,55914,0
2939,938,32701,32838,32760,32763,32764,32767,55914,0
2940,938,32745,32825,32760,32763,32764,32767,55915,0
2941,943,32770,32812,32760,32763,32764,32767,55913,0
2942,938,32745,32851,32760,32762,32765,32767,55915,0
2943,938,32701,32829,32760,32764,32764,32767,55915,0
2944,938,32754,32838,32760,32763,32764,32766,55914,0
2945,939,32759,32807,32760,32763,32764,32765,55914,0
2946,942,32701,32826,32760,32763,32763,32766,55915,0
2947,938,32751,32838,32759,32762,32764,32767,55913,1
2948,939,32761,32843,32760,32763,32764,32767,55913,0
2949,938,32724,32836,32760,32763,32765,32766,55914,0
2950,938,32699,32810,32760,32763,32765,32767,55914,0
2951,942,32741,32828,32760,32764,32764,32765,55913,1
2952,943,32746,32857,32760,32761,32764,32766,55914,0
2953,943,32715,32842,32760,32763,32764,32766,55914,0
2954,938,32711,32830,32760,32762,32765,32767,55913,0
2955,939,32745,32810,32760,32763,32764,32766,55916,1
2956,942,32739,32807,32760,32763,32764,32767,55914,0
2957,938,32708,32835,32759,32764,32765,32766,55913,0
2958,939,32736,32846,32759,32764,32763,32766,55914,0
2959,938,32745,32821,32760,32764,32764,32766,55914,2
2960,938,32717,32813,32761,32763,32763,32766,55914,0
2961,943,32699,32811,32759,32763,32765,32765,55914,0
2962,938,32737,32848,32760,32763,32764,32766,55915,0
2963,938,32728,32841,32760,32762,32765,32767,55914,0
2964,938,32690,32810,32761,32762,32763,32766,55913,0
2965,939,32735,32805,32761,32764,32765,32766,55915,0
2966,942,32738,32830,32760,32763,32765,32766,55914,0
2967,938,32732,32857,32758,32763,32766,32765,55914,0
2968,938,32705,32826,32760,32762,32765,32766,55914,1
2969,938,32740,32817,32760,32763,32765,32765,55914,0
2970,938,32724,32810,32759,32763,32764,32766,55915,1
2971,943,32696,32837,32760,32764,32764,32766,55914,0
2972,938,32738,32832,32761,32763,32764,32766,55914,0
2973,938,32738,32833,32761,32762,32764,32766,55912,0
2974,939,32716,32794,32760,32763,32765,32766,55914,0
2975,938,32721,32810,32760,32763,32764,32766,55914,0
2976,942,32747,32843,32760,32764,32764,32766,55914,0
2977,939,32736,32844,32759,32762,32765,32767,55914,0
2978,938,32688,32817,32760,32762,32764,32767,55914,1
2979,938,32740,32801,32761,32763,32764,32767,55914,0
2980,938,32748,32828,32759,32763,32765,32767,55913,0
2981,943,32723,32832,32759,32764,32765,32767,55913,0
2982,938,32705,32815,32760,32763,32765,32766,55913,0
2983,938,32765,32811,32760,32762,32763,32765,55914,0
2984,938,32725,32826,32759,32763,32764,32766,55914,0
2985,943,32693,32827,32759,32762,32764,32766,55914,0
2986,942,32719,32832,32761,32763,32764,32766,55914,0
2987,938,32755,32832,32760,32763,32763,32766,55913,0
2988,938,32725,32812,32760,32763,32765,32768,55914,0
2989,938,32706,32789,32760,32762,32765,32766,55914,0
2990,939,32733,32831,32760,32763,32764,32766,55914,0
2991,942,32741,32848,32758,32763,32764,32767,55914,0
2992,938,32703,32836,32759,32763,32765,32767,55912,0
2993,939,32726,32794,32759,32762,32764,32766,55913,0
2994,938,32725,32811,32760,32763,32765,32767,55914,0
2995,938,32713,32833,32761,32763,32765,32767,55914,4
2996,942,32680,32850,32760,32763,32765,32766,55914,0
2997,939,32747,32843,32760,32763,32764,32766,55912,1
2998,938,32729,32811,32760,32763,32764,32765,55913,0
2999,938,32713,32834,32760,32763,32765,32767,55914,0
3000,939,32740,32834,32760,32762,32764,32765,55915,1
3001,942,32727,32842,32760,32762,32764,32766,55915,0
3002,938,32727,32831,32758,32762,32765,32767,55914,0
3003,938,32689,32805,32760,32762,32764,32766,55914,0
3004,938,32742,32839,32760,32763,32765,32766,55915,0
3005,938,32738,32856,32760,32763,32764,32767,55913,7
3006,943,32719,32855,32760,32763,32764,32765,55915,1
3007,938,32724,32820,32760,32763,32764,32766,55913,0
3008,938,32736,32816,32760,32763,32764,32766,55915,0
3009,939,32712,32831,32759,32763,32764,32767,55913,0
3010,938,32692,32833,32760,32763,32764,32766,55915,0
3011,942,32743,32828,32759,32762,32764,32766,55912,0
3012,938,32736,32802,32760,32763,32764,32767,55915,0
3013,938,32689,32816,32760,32763,32765,32767,55914,1
3014,939,32724,32826,32760,32763,32764,32768,55914,0
3015,938,32752,32843,32761,32763,32765,32766,55914,0
3016,942,32734,32844,32760,32762,32763,32766,55914,0
3017,939,32686,32813,32760,32763,32763,32766,55914,0
3018,948,32743,32838,32760,32762,32764,32767,55913,0
3019,938,32729,32860,32760,32763,32764,32766,55914,0
3020,938,32719,32870,32759,32764,32764,32766,55914,1
3021,943,32696,32849,32760,32762,32765,32766,55913,0
3022,938,32754,32829,32761,32762,32764,32765,55913,0
3023,938,32745,32841,32760,32764,32764,32766,55914,0
3024,938,32699,32845,32759,32764,32764,32767,55914,0
3025,939,32745,32852,32760,32764,32765,32766,55913,0
3026,942,32763,32846,32759,32762,32764,32766,55913,0
3027,938,32722,32831,32760,32763,32764,32767,55914,0
3028,939,32704,32825,32759,32763,32764,32766,55913,0
3029,938,32749,32846,32759,32764,32764,32767,55913,0
3030,938,32731,32858,32760,32763,32765,32767,55913,0
3031,943,32684,32832,32760,32763,32764,32766,55913,0
3032,938,32731,32802,32759,32762,32764,32765,55913,0
3033,938,32741,32849,32760,32764,32764,32766,55914,0
3034,938,32710,32853,32759,32763,32765,32766,55915,1
3035,938,32707,32841,32760,32763,32765,32767,55914,1
3036,942,32749,32827,32759,32762,32763,32767,55914,0
3037,939,32748,32837,32760,32763,32764,32766,55914,0
3038,938,32705,32857,32760,32762,32764,32767,55913,0
3039,938,32732,32850,32760,32763,32765,32767,55913,0
3040,938,32750,32850,32760,32763,32764,32765,55913,1
3041,942,32728,32828,32760,32762,32764,32766,55913,0
3042,938,32702,32824,32759,32763,32765,32765,55914,1
3043,939,32735,32851,32760,32763,32764,32766,55913,0
3044,938,32741,32838,32760,32763,32765,32767,55914,0
3045,938,32684,32821,32759,32763,32764,32767,55913,0
3046,943,32726,32805,32760,32763,32764,32767,55913,0
3047,938,32747,32847,32760,32763,32763,32767,55914,0
3048,938,32711,32843,32760,32763,32764,32766,55914,0
3049,938,32704,32829,32759,32763,32764,32766,55913,0
3050,939,32749,32821,32760,32764,32765,32766,55913,0
3051,948,32737,32819,32759,32763,32764,32767,55914,0
3052,943,32727,32827,32760,32763,32764,32766,55914,0
3053,938,32711,32849,32759,32762,32765,32766,55914,0
3054,939,32752,32852,32761,32763,32764,32766,55914,0
3055,938,32749,32823,32760,32763,32765,32765,55914,1
3056,942,32696,32821,32759,32763,32764,32767,55914,1
3057,939,32736,32857,32760,32762,32764,32766,55914,4
3058,938,32740,32847,32760,32763,32764,32766,55914,0
3059,938,32727,32843,32759,32763,32765,32766,55914,0
3060,939,32710,32825,32759,32763,32764,32766,55913,2
3061,942,32752,32831,32760,32763,32764,32767,55914,1
3062,938,32739,32843,32760,32763,32764,32767,55914,0
3063,938,32689,32849,32758,32763,32764,32766,55914,0
3064,939,32727,32840,32759,32763,32764,32766,55914,0
3065,938,32754,32812,32760,32763,32764,32766,55914,1
3066,942,32709,32803,32759,32763,32764,32766,55915,0
3067,938,32701,32839,32760,32763,32765,32767,55914,0
3068,938,32741,32837,32760,32763,32763,32766,55914,0
3069,938,32731,32821,32760,32763,32764,32766,55914,0
3070,939,32701,32818,32760,32764,32765,32767,55914,0
3071,942,32731,32816,32760,32763,32764,32767,55915,1
3072,938,32746,32844,32760,32764,32764,32766,55914,0
3073,938,32721,32837,32759,32763,32764,32766,55912,1
3074,939,32694,32810,32759,32763,32764,32767,55914,0
3075,938,32743,32800,32761,32762,32764,32767,55913,0
3076,942,32726,32848,32759,32763,32765,32766,55914,0
3077,939,32695,32832,32761,32762,32764,32765,55914,0
3078,938,32748,32829,32760,32763,32765,32767,55914,0
3079,938,32743,32810,32760,32763,32764,32766,55914,0
3080,939,32717,32813,32760,32762,32763,32767,55914,1
3081,942,32695,32823,32760,32763,32764,32767,55914,0
3082,938,32759,32830,32760,32762,32764,32766,55914,1
3083,938,32720,32842,32760,32763,32764,32769,55913,1
3084,944,32672,32798,32760,32764,32765,32766,55913,0
3085,938,32722,32828,32760,32762,32764,32766,55912,1
3086,942,32761,32854,32759,32762,32764,32766,55913,0
3087,939,32728,32845,32759,32763,32764,32766,55914,0
3088,938,32691,32838,32760,32763,32765,32767,55913,0
3089,938,32749,32805,32759,32762,32764,32766,55913,0
3090,938,32736,32822,32759,32763,32763,32764,55913,0
3091,942,32725,32846,32760,32762,32764,32766,55914,0
3092,939,32735,32835,32759,32762,32764,32766,55914,0
3093,938,32740,32826,32759,32762,32764,32767,55914,0
3094,938,32728,32808,32759,32762,32763,32767,55914,0
3095,938,32683,32832,32760,32763,32764,32766,55915,0
3096,943,32747,32848,32759,32763,32764,32767,55914,0
3097,938,32749,32852,32760,32764,32764,32767,55912,0
3098,938,32707,32815,32760,32765,32765,32767,55914,1
3099,938,32731,32800,32759,32763,32764,32766,55913,0
3100,939,32751,32843,32762,32764,32764,32766,55914,1
3101,942,32745,32846,32760,32762,32764,32766,55914,0
3102,938,32706,32819,32760,32761,32764,32767,55914,0
3103,938,32740,32803,32760,32763,32764,32765,55913,0
3104,938,32745,32813,32759,32763,32764,32766,55913,0
3105,939,32697,32844,32760,32763,32765,32766,55915,0
3106,942,32724,32833,32759,32762,32765,32767,55914,1
3107,938,32750,32830,32759,32763,32764,32767,55913,0
3108,939,32743,32814,32760,32763,32765,32767,55914,0
3109,938,32703,32815,32760,32762,32764,32765,55913,0
3110,938,32754,32859,32759,32762,32765,32766,55914,0
3111,942,32761,32850,32760,32763,32764,32767,55915,0
3112,939,32724,32834,32760,32763,32764,32766,55914,0
3113,938,32738,32814,32759,32763,32764,32767,55914,0
3114,938,32724,32840,32761,32763,32765,32766,55914,0
3115,938,32727,32856,32760,32762,32765,32766,55914,0
3116,943,32695,32831,32760,32762,32764,32766,55913,0
3117,948,32734,32818,32759,32763,32764,32766,55913,0
3118,938,32753,32803,32760,32763,32765,32767,55914,0
3119,938,32735,32835,32759,32764,32764,32766,55913,0
3120,939,32697,32855,32760,32762,32764,32766,55915,0
3121,941,32741,32837,32759,32762,32765,32765,55914,0
3122,939,32724,32811,32760,32762,32765,32766,55914,0
3123,938,32697,32812,32761,32763,32764,32766,55915,1
3124,938,32719,32836,32760,32764,32764,32767,55914,0
3125,938,32739,32843,32760,32763,32764,32767,55913,0
3126,943,32720,32840,32760,32762,32764,32767,55914,0
3127,938,32702,32796,32760,32762,32765,32766,55914,0
3128,938,32743,32808,32760,32763,32764,32767,55914,0
3129,939,32728,32837,32760,32763,32764,32767,55915,1
3130,938,32711,32838,32759,32762,32765,32767,55913,0
3131,942,32721,32819,32759,32764,32765,32766,55913,0
3132,939,32752,32818,32759,32763,32763,32766,55914,0
3133,938,32742,32823,32759,32764,32764,32766,55915,0
3134,943,32698,32826,32760,32763,32764,32766,55913,0
3135,938,32738,32852,32760,32762,32765,32767,55914,0
3136,943,32749,32836,32760,32764,32765,32767,55914,0
3137,938,32712,32813,32760,32763,32765,32767,55913,0
3138,938,32721,32817,32759,32763,32764,32766,55913,0
3139,939,32747,32854,32760,32762,32764,32767,55913,0
3140,938,32734,32849,32760,32763,32765,32766,55913,0
3141,942,32690,32827,32760,32762,32765,32767,55913,0
3142,939,32736,32800,32760,32762,32765,32767,55913,0
3143,938,32747,32833,32761,32763,32765,32767,55914,0
3144,938,32721,32856,32760,32763,32764,32766,55913,0
3145,938,32720,32833,32760,32763,32765,32767,55913,1
3146,942,32748,32813,32759,32762,32764,32766,55913,0
3147,938,32739,32819,32760,32763,32764,32767,55914,0
3148,939,32697,32833,32760,32762,32765,32766,55913,0
3149,938,32744,32841,32760,32763,32764,32767,55914,1
3150,944,32740,32839,32761,32763,32765,32766,55914,0
3151,942,32722,32812,32760,32763,32764,32766,55914,0
3152,938,32697,32798,32759,32763,32764,32766,55913,0
3153,938,32751,32828,32760,32764,32764,32766,55913,0
3154,938,32754,32843,32760,32763,32764,32766,55913,0
3155,939,32695,32850,32760,32763,32765,32767,55914,0
3156,942,32727,32809,32759,32763,32764,32766,55914,0
3157,938,32754,32826,32758,32763,32764,32765,55914,1
3158,938,32737,32854,32760,32763,32765,32766,55914,1
3159,939,32710,32837,32760,32763,32764,32767,55913,0
3160,938,32748,32840,32760,32762,32765,32767,55914,0
3161,942,32742,32807,32759,32762,32764,32766,55914,0
3162,939,32704,32816,32760,32764,32764,32766,55913,1
3163,938,32746,32840,32760,32764,32765,32767,55913,1
3164,938,32748,32843,32760,32762,32765,32766,55914,1
3165,938,32729,32826,32760,32763,32765,32768,55913,0
3166,943,32706,32793,32760,32763,32765,32766,55914,0
3167,943,32738,32821,32759,32762,32765,32767,55914,0
3168,938,32741,32840,32760,32762,32764,32766,55914,0
3169,939,32729,32833,32760,32763,32765,32767,55914,1
3170,938,32731,32819,32759,32763,32764,32766,55913,0
3171,942,32750,32810,32759,32764,32764,32765,55914,0
3172,938,32734,32836,32759,32763,32763,32766,55914,0
3173,939,32707,32831,32760,32762,32764,32767,55913,0
3174,938,32746,32834,32760,32763,32764,32766,55914,0
3175,938,32734,32818,32759,32763,32764,32767,55913,1
3176,943,32721,32818,32761,32763,32764,32766,55914,0
3177,938,32720,32852,32759,32762,32765,32766,55913,0
3178,938,32755,32848,32759,32761,32765,32766,55914,1
3179,938,32741,32837,32760,32763,32764,32766,55914,0
3180,939,32694,32810,32760,32764,32764,32767,55913,1
3181,942,32746,32810,32760,32763,32764,32767,55913,0
3182,938,32751,32839,32760,32762,32765,32765,55914,0
3183,943,32715,32842,32760,32763,32765,32767,55914,0
3184,943,32690,32839,32760,32763,32765,32766,55914,0
3185,938,32740,32823,32760,32763,32763,32767,55913,1
3186,943,32742,32834,32760,32763,32764,32766,55914,1
3187,938,32718,32853,32760,32763,32765,32766,55911,0
3188,938,32729,32844,32759,32764,32764,32766,55914,0
3189,939,32748,32857,32760,32763,32764,32767,55913,1
3190,938,32731,32831,32759,32764,32764,32766,55913,0
3191,942,32707,32809,32759,32764,32764,32765,55915,0
3192,938,32753,32847,32760,32763,32763,32767,55913,0
3193,939,32749,32841,32760,32763,32765,32766,55914,0
3194,938,32711,32824,32759,32762,32765,32766,55913,1
3195,938,32736,32807,32760,32762,32764,32767,55913,0
3196,943,32749,32824,32759,32763,32764,32766,55915,0
3197,938,32748,32839,32760,32763,32766,32766,55919,0
3198,938,32702,32834,32760,32763,32764,32766,55914,0
3199,939,32744,32831,32760,32763,32764,32766,55914,0
3200,943,32747,32821,32759,32763,32765,32766,55914,0
3201,942,32722,32835,32760,32763,32765,32766,55915,0
3202,938,32716,32852,32760,32763,32764,32767,55914,0
3203,938,32744,32852,32760,32763,32765,32767,55914,0
3204,939,32731,32823,32760,32763,32764,32767,55914,0
3205,938,32695,32805,32759,32762,32764,32767,55914,0
3206,942,32745,32830,32759,32763,32765,32765,55914,0
3207,938,32769,32858,32760,32763,32765,32768,55914,0
3208,939,32717,32827,32760,32764,32765,32766,55914,0
3209,938,32715,32824,32760,32764,32765,32766,55914,0
3210,938,32755,32825,32759,32762,32764,32765,55914,0
3211,943,32741,32851,32759,32762,32764,32766,55913,0
3212,938,32698,32841,32760,32763,32764,32767,55913,0
3213,938,32740,32835,32760,32763,32765,32766,55914,0
3214,939,32753,32826,32760,32763,32764,32767,55914,0
3215,938,32720,32829,32760,32763,32763,32766,55914,1
3216,948,32721,32831,32760,32764,32764,32766,55914,0
3217,943,32746,32834,32759,32762,32764,32766,55914,0
3218,938,32759,32856,32760,32762,32764,32767,55914,0
3219,939,32722,32826,32760,32763,32765,32766,55915,0
3220,938,32691,32787,32759,32762,32765,32766,55914,0
3221,942,32765,32848,32759,32763,32764,32768,55915,0
3222,939,32760,32855,32760,32764,32764,32767,55915,2
3223,938,32703,32824,32759,32763,32764,32765,55915,0
3224,938,32744,32804,32760,32763,32765,32765,55914,0
3225,938,32756,32821,32759,32763,32764,32765,55913,1
3226,943,32728,32844,32760,32764,32764,32766,55914,0
3227,938,32702,32835,32760,32764,32764,32766,55914,0
3228,938,32745,32829,32759,32763,32764,32765,55914,0
3229,939,32751,32805,32760,32763,32764,32766,55915,0
3230,938,32710,32822,32760,32763,32765,32767,55914,0
3231,942,32751,32853,32759,32764,32765,32767,55914,0
3232,939,32757,32842,32760,32762,32764,32767,55914,1
3233,943,32734,32828,32760,32763,32764,32766,55914,0
3234,938,32713,32809,32760,32762,32765,32767,55914,0
3235,938,32753,32818,32760,32763,32765,32766,55914,0
3236,943,32757,32852,32760,32762,32765,32766,55913,0
3237,938,32708,32852,32760,32762,32765,32767,55915,0
3238,938,32727,32806,32760,32762,32765,32766,55914,0
3239,939,32758,32802,32758,32763,32764,32767,55913,0
3240,938,32749,32840,32760,32763,32766,32766,55913,0
3241,943,32697,32837,32761,32762,32764,32767,55914,0
3242,938,32743,32838,32759,32763,32765,32766,55913,1
3243,938,32738,32821,32759,32763,32764,32766,55914,0
3244,938,32711,32810,32759,32763,32764,32766,55915,0
3245,939,32741,32833,32760,32764,32764,32766,55913,0
3246,942,32758,32842,32759,32763,32765,32765,55914,0
3247,938,32747,32847,32760,32763,32764,32767,55914,1
3248,939,32703,32807,32760,32762,32764,32767,55914,1
3249,949,32750,32810,32759,32763,32764,32766,55914,0
3250,938,32752,32838,32760,32762,32764,32766,55913,0
3251,942,32725,32861,32761,32763,32765,32766,55914,0
3252,938,32708,32843,32760,32763,32765,32766,55913,0
3253,938,32750,32819,32759,32763,32765,32767,55914,0
3254,938,32748,32819,32761,32762,32764,32766,55914,0
3255,939,32712,32846,32760,32763,32764,32766,55913,0
3256,942,32725,32834,32759,32763,32764,32767,55913,0
3257,938,32754,32833,32760,32763,32764,32766,55913,0
3258,939,32730,32807,32760,32763,32765,32766,55915,1
3259,938,32698,32811,32759,32764,32765,32766,55914,0
3260,938,32764,32834,32760,32763,32764,32767,55914,0
3261,943,32769,32838,32761,32762,32764,32765,55914,0
3262,938,32712,32830,32760,32763,32763,32766,55913,0
3263,938,32726,32797,32760,32763,32764,32767,55915,0
3264,938,32753,32832,32760,32763,32765,32766,55912,1
3265,939,32745,32853,32760,32764,32765,32766,55914,0
3266,941,32703,32840,32759,32763,32764,32766,55914,1
3267,939,32733,32828,32760,32763,32765,32767,55914,0
3268,938,32747,32824,32759,32763,32764,32766,55913,0
3269,938,32695,32836,32760,32763,32764,32767,55914,0
3270,938,32736,32844,32760,32762,32765,32767,55915,1
3271,943,32747,32846,32760,32763,32765,32766,55914,0
3272,938,32731,32835,32760,32764,32764,32766,55913,0
3273,938,32684,32806,32760,32763,32765,32766,55915,0
3274,938,32745,32839,32760,32762,32765,32767,55913,0
3275,939,32752,32844,32760,32762,32763,32767,55914,0
3276,942,32721,32848,32761,32763,32765,32768,55912,0
3277,938,32717,32803,32760,32763,32765,32767,55913,1
3278,939,32735,32846,32759,32762,32764,32767,55915,0
3279,938,32733,32844,32760,32763,32765,32766,55914,0
3280,938,32684,32828,32760,32762,32765,32766,55914,0
3281,943,32762,32826,32760,32763,32764,32766,55912,1
3282,949,32752,32833,32760,32762,32763,32766,55914,0
3283,938,32722,32817,32759,32764,32764,32765,55914,0
3284,938,32692,32843,32759,32764,32763,32767,55914,1
3285,938,32736,32843,32760,32763,32764,32767,55914,0
3286,943,32748,32834,32760,32763,32764,32765,55913,1
3287,938,32694,32820,32760,32763,32765,32765,55914,0
3288,938,32715,32792,32760,32763,32764,32766,55913,0
3289,939,32739,32850,32760,32763,32764,32766,55915,0
3290,938,32732,32852,32760,32762,32765,32766,55915,1
3291,942,32703,32819,32760,32762,32764,32767,55914,1
3292,939,32751,32808,32759,32762,32764,32766,55919,0
3293,938,32753,32825,32760,32763,32765,32766,55914,0
3294,938,32705,32838,32759,32762,32765,32767,55914,0
3295,938,32725,32827,32759,32763,32764,32766,55916,0
3296,943,32747,32819,32760,32763,32764,32766,55913,0
3297,938,32733,32811,32760,32763,32763,32766,55913,0
3298,938,32684,32825,32759,32764,32764,32767,55915,0
3299,938,32758,32830,32760,32763,32764,32767,55914,0
3300,938,32747,32832,32759,32763,32764,32767,55917,0
3301,943,32713,32810,32760,32763,32764,32766,55913,0
3302,938,32713,32786,32761,32763,32765,32766,55913,0
3303,938,32744,32836,32760,32762,32765,32766,55913,0
3304,939,32735,32832,32759,32763,32764,32765,55913,0
3305,938,32712,32819,32760,32764,32765,32766,55913,0
3306,942,32742,32792,32760,32762,32765,32766,55914,0
3307,938,32743,32801,32760,32763,32765,32767,55913,0
3308,938,32705,32846,32759,32763,32765,32765,55913,0
3309,938,32724,32840,32760,32763,32764,32767,55914,0
3310,939,32751,32818,32760,32761,32765,32766,55914,0
3311,942,32720,32805,32760,32762,32764,32767,55915,1
3312,938,32703,32810,32760,32763,32764,32766,55914,0
3313,939,32752,32819,32760,32762,32765,32766,55915,0
3314,938,32741,32826,32761,32763,32764,32767,55914,0
3315,944,32706,32800,32760,32763,32764,32766,55915,1
3316,942,32699,32772,32761,32763,32765,32766,55915,0
3317,938,32749,32833,32760,32764,32765,32766,55915,0
3318,938,32740,32851,32760,32762,32764,32766,55913,0
3319,939,32702,32842,32760,32762,32765,32766,55914,0
3320,938,32756,32813,32759,32762,32765,32767,55914,0
3321,942,32743,32810,32760,32762,32765,32767,55914,0
3322,939,32717,32832,32760,32763,32765,32767,55914,0
3323,938,32713,32829,32761,32764,32764,32766,55914,0
3324,938,32748,32815,32760,32763,32764,32766,55914,0
3325,938,32744,32795,32760,32763,32764,32768,55913,0
3326,943,32698,32803,32760,32763,32765,32766,55915,0
3327,938,32747,32832,32760,32763,32764,32767,55914,1
3328,938,32749,32829,32759,32763,32765,32766,55915,1
3329,938,32721,32837,32760,32763,32765,32766,55913,0
3330,939,32717,32798,32760,32764,32764,32767,55914,1
3331,942,32752,32813,32759,32762,32764,32766,55913,1
3332,943,32753,32853,32759,32763,32765,32766,55914,0
3333,938,32701,32835,32759,32764,32764,32767,55914,0
3334,939,32725,32816,32760,32764,32763,32768,55914,0
3335,938,32760,32803,32759,32762,32764,32767,55915,1
3336,942,32732,32818,32760,32764,32765,32767,55915,0
3337,938,32695,32828,32759,32762,32765,32767,55914,0
3338,939,32753,32837,32760,32763,32764,32766,55914,0
3339,938,32735,32811,32759,32763,32765,32766,55912,0
3340,938,32717,32828,32759,32764,32765,32766,55914,0
3341,943,32728,32810,32760,32763,32765,32767,55914,0
3342,938,32755,32852,32760,32763,32765,32766,55913,0
3343,938,32718,32839,32759,32762,32764,32767,55914,0
3344,938,32684,32802,32759,32763,32764,32767,55913,5
3345,939,32736,32811,32760,32763,32764,32766,55914,0
3346,942,32753,32857,32759,32763,32764,32766,55915,0
3347,938,32711,32843,32760,32763,32765,32766,55913,0
3348,944,32732,32839,32760,32762,32765,32767,55914,0
3349,938,32742,32822,32759,32762,32765,32767,55913,0
3350,938,32733,32819,32761,32764,32763,32767,55914,0
3351,942,32699,32858,32760,32762,32765,32767,55914,0
3352,939,32757,32861,32759,32763,32765,32766,55913,0
3353,938,32759,32847,32760,32763,32764,32768,55915,0
3354,938,32707,32823,32760,32762,32764,32767,55914,1
3355,938,32714,32821,32760,32763,32765,32767,55914,1
3356,943,32764,32844,32760,32764,32765,32767,55914,1
3357,938,32740,32854,32760,32763,32764,32766,55914,0
3358,938,32701,32829,32760,32764,32765,32767,55914,0
3359,938,32738,32802,32760,32762,32765,32767,55914,0
3360,939,32739,32842,32760,32764,32765,32767,55913,0
3361,942,32712,32842,32759,32763,32763,32767,55913,0
3362,938,32721,32828,32760,32763,32764,32765,55914,1
3363,938,32742,32830,32761,32762,32764,32767,55914,0
3364,938,32736,32825,32760,32761,32764,32766,55914,0
3365,938,32699,32826,32760,32762,32764,32767,55914,0
3366,4053,32764,32841,32760,32763,32765,32768,55914,0
3367,943,32748,32838,32760,32763,32763,32766,55914,0
3368,938,32691,32808,32759,32763,32764,32766,55913,0
3369,939,32738,32786,32760,32763,32765,32768,55915,0
3370,938,32740,32829,32760,32763,32765,32765,55914,0
3371,942,32724,32842,32760,32764,32764,32767,55913,0
3372,938,32711,32831,32760,32763,32765,32766,55914,0
3373,939,32746,32819,32759,32763,32765,32765,55914,0
3374,938,32737,32799,32760,32762,32764,32766,55914,1
3375,938,32691,32838,32760,32765,32764,32766,55916,0
3376,943,32737,32835,32759,32763,32764,32767,55913,0
3377,938,32738,32825,32760,32762,32765,32765,55914,0
3378,938,32718,32825,32761,32763,32764,32766,55914,0
3379,938,32721,32808,32761,32763,32765,32766,55914,0
3380,939,32757,32839,32760,32762,32765,32767,55913,0
3381,942,32730,32836,32759,32763,32764,32767,55914,1
3382,938,32703,32815,32760,32763,32764,32766,55913,0
3383,943,32732,32788,32760,32762,32764,32766,55914,0
3384,938,32748,32811,32759,32764,32765,32766,55913,0
3385,938,32723,32832,32760,32763,32764,32766,55913,0
3386,942,32700,32835,32759,32763,32764,32766,55915,0
3387,939,32735,32820,32760,32763,32765,32766,55914,0
3388,938,32732,32820,32759,32763,32764,32766,55915,1
3389,938,32702,32830,32759,32763,32765,32767,55913,0
3390,938,32761,32835,32760,32763,32765,32767,55915,0
3391,943,32760,32849,32759,32762,32764,32766,55914,0
3392,938,32737,32825,32760,32763,32764,32767,55914,0
3393,938,32699,32795,32759,32763,32764,32766,55914,0
3394,939,32758,32840,32760,32763,32765,32767,55913,0
3395,938,32753,32868,32760,32763,32764,32765,55914,0
3396,942,32711,32838,32760,32764,32765,32768,55914,0
3397,938,32733,32813,32761,32763,32765,32767,55914,0
3398,939,32744,32811,32759,32764,32764,32766,55914,2
3399,944,32745,32832,32760,32763,32764,32766,55914,0
3400,943,32710,32825,32760,32763,32765,32766,55914,0
3401,942,32741,32830,32759,32763,32764,32766,55914,0
3402,939,32765,32817,32760,32762,32764,32766,55915,0
3403,938,32738,32794,32759,32763,32763,32766,55914,0
3404,938,32720,32823,32758,32763,32765,32767,55913,1
3405,939,32749,32824,32758,32764,32764,32767,55915,0
3406,942,32746,32824,32759,32764,32763,32766,55914,0
3407,938,32698,32803,32761,32763,32764,32766,55913,0
3408,938,32733,32793,32760,32762,32764,32765,55914,1
3409,939,32746,32833,32760,32763,32765,32767,55912,0
3410,938,32716,32822,32760,32763,32765,32766,55914,1
3411,942,32695,32814,32759,32763,32765,32767,55913,0
3412,938,32750,32811,32760,32762,32764,32767,55914,1
3413,938,32732,32816,32760,32763,32765,32766,55914,0
3414,939,32695,32844,32759,32762,32764,32766,55915,0
3415,938,32753,32838,32759,32763,32764,32767,55914,1
3416,948,32747,32831,32759,32763,32765,32766,55914,0
3417,943,32724,32808,32760,32763,32765,32766,55914,0
3418,938,32690,32798,32759,32763,32764,32766,55913,0
3419,939,32733,32844,32758,32763,32765,32767,55915,0
3420,938,32751,32843,32760,32764,32765,32766,55915,0
3421,942,32723,32845,32760,32763,32764,32767,55915,0
3422,939,32698,32813,32760,32762,32765,32767,55914,0
3423,938,32740,32828,32760,32763,32764,32767,55914,0
3424,938,32741,32841,32760,32763,32764,32767,55914,0
3425,938,32703,32821,32759,32762,32764,32767,55914,0
3426,943,32727,32830,32759,32763,32765,32767,55913,0
3427,938,32747,32793,32760,32763,32764,32765,55914,0
3428,938,32711,32833,32760,32764,32765,32766,55915,0
3429,939,32699,32826,32760,32762,32765,32766,55913,0
3430,938,32745,32831,32761,32763,32764,32767,55914,1
3431,942,32739,32816,32760,32763,32765,32767,55913,1
3432,939,32678,32806,32760,32763,32764,32768,55913,0
3433,943,32699,32830,32760,32763,32765,32766,55914,0
3434,938,32732,32839,32759,32763,32764,32766,55914,0
3435,939,32718,32832,32760,32763,32765,32766,55915,2
3436,942,32684,32825,32760,32762,32765,32765,55914,0
3437,938,32738,32813,32760,32765,32764,32766,55915,0
3438,938,32745,32844,32760,32763,32764,32766,55914,0
3439,939,32686,32842,32760,32763,32764,32765,55913,1
3440,938,32728,32834,32759,32763,32765,32766,55915,0
3441,942,32751,32830,32760,32762,32765,32767,55915,0
3442,938,32712,32813,32760,32763,32764,32766,55914,0
3443,938,32680,32844,32759,32764,32764,32767,55914,0
3444,939,32748,32846,32760,32763,32764,32766,55915,0
3445,938,32727,32834,32759,32762,32765,32767,55914,0
3446,942,32694,32824,32760,32762,32764,32767,55914,0
3447,938,32713,32805,32760,32763,32763,32767,55914,1
3448,939,32745,32838,32759,32764,32764,32766,55913,0
3449,948,32738,32852,32760,32763,32764,32767,55914,0
3450,938,32698,32843,32760,32762,32765,32766,55914,0
3451,942,32734,32803,32759,32763,32764,32766,55915,0
3452,939,32729,32816,32760,32763,32764,32766,55914,1
3453,938,32718,32853,32759,32763,32764,32767,55913,0
3454,938,32675,32856,32760,32763,32764,32766,55914,0
3455,938,32745,32835,32759,32763,32765,32767,55913,0
3456,943,32737,32832,32759,32764,32765,32768,55914,0
3457,938,32694,32809,32759,32764,32763,32766,55914,0
3458,938,32716,32849,32759,32762,32763,32766,55915,0
3459,939,32755,32856,32758,32762,32765,32767,55915,0
3460,938,32725,32833,32760,32762,32764,32766,55915,0
3461,942,32677,32797,32760,32763,32764,32767,55914,0
3462,939,32741,32841,32759,32764,32765,32766,55914,0
3463,938,32746,32852,32760,32763,32765,32767,55915,0
3464,938,32692,32850,32759,32763,32765,32767,55915,0
3465,938,32714,32826,32760,32762,32765,32766,55914,0
3466,942,32724,32808,32759,32763,32765,32766,55915,0
3467,938,32702,32852,32758,32763,32765,32767,55913,0
3468,938,32689,32851,32759,32764,32765,32767,55914,0
3469,938,32739,32836,32759,32763,32765,32766,55914,1
3470,939,32727,32817,32760,32763,32765,32766,55915,0
3471,942,32692,32813,32760,32764,32764,32766,55914,1
3472,938,32714,32837,32759,32763,32765,32767,55914,1
3473,938,32734,32833,32760,32762,32765,32766,55914,0
3474,939,32711,32844,32759,32763,32764,32767,55914,0
3475,938,32677,32804,32761,32763,32764,32767,55915,0
3476,942,32736,32839,32760,32763,32765,32767,55912,0
3477,939,32737,32851,32760,32763,32765,32766,55914,1
3478,938,32710,32842,32760,32764,32765,32767,55915,0
3479,938,32723,32823,32760,32763,32765,32766,55915,0
3480,939,32741,32817,32760,32763,32765,32766,55914,0
3481,942,32726,32853,32760,32764,32764,32767,55915,1
3482,944,32692,32857,32759,32763,32765,32766,55914,0
3483,943,32718,32839,32759,32764,32765,32767,55915,0
3484,938,32746,32835,32758,32763,32764,32767,55913,1
3485,939,32712,32808,32760,32763,32765,32766,55915,1
3486,942,32689,32808,32759,32763,32764,32765,55914,3
3487,938,32742,32843,32760,32762,32765,32766,55915,0
3488,939,32744,32850,32759,32764,32766,32767,55917,1
3489,938,32683,32823,32760,32762,32764,32766,55913,1
3490,938,32725,32794,32760,32763,32764,32766,55914,1
3491,943,32737,32835,32760,32765,32765,32767,55914,1
3492,938,32711,32850,32760,32763,32765,32767,55915,0
3493,938,32685,32827,32760,32763,32765,32767,55914,0
3494,938,32755,32809,32760,32763,32765,32766,55914,0
3495,939,32736,32829,32761,32762,32764,32765,55915,0
3496,942,32695,32833,32760,32762,32764,32766,55914,1
3497,938,32722,32840,32760,32763,32766,32767,55914,0
3498,939,32746,32831,32761,32763,32765,32766,55915,1
3499,943,32724,32832,32759,32763,32764,32767,55914,0
3500,938,32676,32807,32759,32762,32765,32765,55914,0
3501,943,32737,32837,32760,32763,32764,32766,55914,1
3502,938,32735,32847,32759,32764,32764,32766,55914,0
3503,938,32701,32831,32760,32763,32765,32766,55915,1
3504,938,32709,32801,32760,32763,32764,32766,55908,1
3505,939,32740,32821,32761,32764,32765,32766,55914,2
3506,942,32725,32842,32760,32764,32764,32766,55915,0
3507,939,32679,32841,32761,32763,32765,32766,55915,1
3508,938,32731,32825,32760,32763,32764,32766,55914,1
3509,938,32733,32807,32760,32764,32765,32767,55915,0
3510,938,32683,32840,32760,32763,32764,32767,55915,0
3511,943,32712,32844,32760,32763,32765,32767,55914,0
3512,938,32757,32845,32761,32763,32763,32766,55914,2
3513,938,32720,32832,32759,32763,32764,32767,55920,0
3514,939,32687,32814,32760,32764,32764,32766,55914,0
3515,948,32739,32814,32760,32762,32764,32767,55914,1
3516,942,32747,32832,32760,32762,32764,32766,55914,1
3517,938,32726,32846,32759,32763,32764,32767,55913,0
3518,938,32698,32814,32760,32762,32764,32765,55914,1
3519,938,32732,32805,32758,32763,32765,32766,55914,0
3520,939,32741,32851,32759,32763,32764,32766,55914,0
3521,942,32713,32846,32761,32763,32764,32766,55915,1
3522,938,32722,32832,32759,32764,32765,32766,55915,0
3523,938,32747,32824,32760,32763,32765,32766,55914,0
3524,938,32731,32803,32760,32763,32765,32767,55914,0
3525,939,32682,32828,32761,32763,32764,32767,55921,0
3526,942,32746,32849,32760,32763,32763,32766,55914,0
3527,938,32741,32832,32760,32764,32764,32766,55914,1
3528,939,32708,32813,32760,32764,32764,32766,55914,0
3529,938,32715,32811,32760,32762,32764,32766,55914,0
3530,938,32756,32837,32759,32763,32765,32766,55914,0
3531,943,32738,32852,32760,32763,32765,32766,55914,1
3532,943,32694,32835,32760,32763,32765,32766,55914,0
3533,938,32725,32813,32760,32764,32764,32767,55914,0
3534,939,32747,32818,32760,32763,32763,32767,55914,0
3535,938,32732,32859,32760,32763,32764,32767,55914,0
3536,942,32704,32843,32759,32763,32765,32766,55914,1
3537,939,32734,32832,32760,32763,32765,32767,55914,0
3538,938,32735,32815,32760,32763,32766,32767,55915,1
3539,938,32692,32824,32760,32764,32764,32767,55914,0
3540,938,32734,32854,32759,32762,32765,32767,55915,0
3541,943,32738,32856,32759,32763,32765,32767,55914,0
3542,938,32742,32840,32760,32762,32765,32767,55915,1
3543,938,32715,32804,32759,32763,32765,32766,55914,1
3544,939,32747,32837,32760,32764,32765,32767,55915,1
3545,938,32732,32843,32760,32763,32763,32767,55913,0
3546,942,32705,32829,32760,32763,32764,32766,55914,1
3547,939,32738,32819,32760,32764,32764,32766,55915,0
3548,949,32736,32813,32759,32763,32765,32766,55915,0
3549,938,32734,32826,32760,32764,32765,32766,55914,0
3550,938,32680,32839,32760,32763,32764,32766,55913,0
3551,943,32733,32824,32760,32763,32764,32766,55914,1
3552,938,32745,32832,32759,32762,32765,32767,55913,1
3553,938,32708,32791,32760,32762,32764,32766,55914,1
3554,938,32708,32823,32759,32763,32764,32766,55915,0
3555,939,32759,32837,32760,32763,32764,32767,55913,0
3556,942,32739,32831,32759,32762,32764,32766,55915,0
3557,938,32689,32818,32760,32763,32763,32765,55913,0
3558,938,32743,32801,32760,32763,32765,32766,55914,0
3559,939,32732,32822,32760,32763,32764,32766,55913,0
3560,938,32714,32842,32760,32762,32764,32766,55912,0
3561,943,32714,32834,32760,32762,32765,32766,55914,0
3562,938,32758,32816,32760,32763,32764,32766,55913,0
3563,938,32735,32802,32760,32763,32765,32766,55912,0
3564,938,32694,32835,32760,32764,32765,32767,55912,0
3565,938,32744,32833,32760,32763,32765,32767,55914,0
3566,943,32750,32844,32759,32763,32765,32767,55914,1
3567,938,32724,32799,32759,32763,32764,32766,55914,0
3568,938,32700,32795,32759,32763,32764,32767,55915,0
3569,938,32731,32833,32760,32763,32765,32766,55914,0
3570,939,32710,32847,32760,32762,32765,32765,55914,0
3571,941,32689,32834,32759,32762,32764,32767,55913,0
3572,939,32744,32820,32759,32763,32764,32767,55913,0
3573,938,32737,32824,32760,32763,32764,32765,55913,0
3574,938,32702,32839,32760,32764,32764,32767,55912,0
3575,939,32714,32829,32759,32763,32765,32766,55912,0
3576,942,32752,32821,32759,32763,32765,32766,55914,0
3577,938,32741,32799,32760,32763,32765,32766,55914,0
3578,938,32696,32839,32760,32763,32765,32766,55914,0
3579,939,32734,32852,32761,32763,32765,32767,55914,0
3580,938,32760,32822,32759,32762,32763,32766,55914,0
3581,948,32712,32821,32760,32763,32764,32767,55915,0
3582,938,32698,32808,32760,32764,32764,32767,55914,0
3583,938,32729,32853,32760,32764,32765,32768,55915,1
3584,938,32741,32857,32760,32762,32764,32767,55915,6
3585,938,32692,32829,32760,32763,32765,32767,55914,0
3586,943,32707,32819,32760,32764,32764,32767,55914,0
3587,938,32742,32816,32759,32763,32764,32767,55914,0
3588,938,32707,32844,32759,32763,32764,32767,55912,0
3589,939,32696,32839,32760,32763,32764,32767,55915,0
3590,938,32722,32829,32760,32763,32763,32766,55914,0
3591,942,32734,32823,32760,32763,32765,32765,55914,0
3592,939,32704,32827,32759,32762,32764,32765,55914,0
3593,938,32722,32837,32762,32763,32764,32767,55913,0
3594,938,32742,32843,32759,32763,32765,32766,55913,0
3595,938,32731,32822,32760,32763,32765,32766,55914,0
3596,943,32695,32790,32759,32763,32764,32766,55914,0
3597,938,32745,32813,32759,32763,32764,32767,55914,1
3598,938,32737,32839,32761,32763,32764,32766,55914,0
3599,938,32684,32822,32759,32763,32764,32766,55914,0
3600,938,32745,32813,32760,32764,32764,32766,55914,1
3601,943,32743,32814,32760,32762,32765,32766,55916,0
3602,938,32715,32834,32760,32764,32764,32765,55913,0
3603,938,32681,32821,32760,32764,32765,32766,55913,0
3604,938,32747,32831,32759,32764,32765,32767,55914,0
3605,939,32727,32817,32761,32763,32764,32767,55914,2
3606,942,32689,32804,32761,32763,32764,32767,55914,0
3607,939,32738,32841,32760,32763,32764,32765,55914,0
3608,938,32735,32843,32760,32762,32764,32767,55915,0
3609,938,32717,32837,32759,32763,32763,32767,55915,0
3610,938,32692,32797,32759,32763,32765,32765,55915,0
3611,943,32718,32823,32760,32764,32764,32767,55914,0
3612,938,32735,32845,32761,32763,32763,32765,55914,0
3613,938,32692,32844,32760,32763,32765,32767,55914,0
3614,944,32734,32822,32759,32763,32764,32766,55913,0
3615,938,32738,32804,32761,32762,32765,32768,55914,1
3616,942,32732,32847,32759,32764,32765,32766,55914,0
3617,938,32695,32833,32759,32762,32764,32766,55913,2
3618,939,32752,32836,32760,32762,32764,32768,55913,0
3619,938,32755,32829,32760,32763,32764,32767,55914,1
3620,938,32705,32828,32760,32764,32764,32767,55916,1
3621,943,32728,32826,32759,32764,32764,32767,55913,1
3622,938,32749,32842,32760,32763,32765,32767,55914,0
3623,938,32729,32829,32760,32762,32764,32766,55914,0
3624,938,32697,32792,32760,32764,32764,32765,55914,0
3625,939,32724,32801,32760,32763,32764,32766,55914,0
3626,942,32757,32858,32760,32762,32764,32766,55914,1
3627,938,32722,32852,32760,32762,32764,32766,55915,0
3628,938,32728,32830,32760,32763,32764,32766,55913,1
3629,938,32750,32827,32760,32763,32765,32767,55914,1
3630,939,32722,32844,32760,32762,32765,32766,55915,0
3631,941,32686,32850,32759,32763,32765,32766,55914,0
3632,939,32750,32844,32760,32763,32764,32768,55913,0
3633,938,32744,32827,32760,32764,32765,32765,55913,0
3634,938,32715,32794,32759,32763,32764,32766,55914,0
3635,939,32745,32826,32761,32764,32764,32766,55914,0
3636,942,32751,32856,32761,32763,32765,32766,55913,0
3637,938,32734,32843,32761,32763,32764,32766,55914,0
3638,938,32697,32818,32760,32763,32764,32766,55915,0
3639,939,32739,32814,32759,32763,32764,32767,55913,0
3640,938,32748,32845,32760,32763,32765,32767,55914,1
3641,942,32704,32834,32760,32763,32764,32766,55915,0
3642,939,32727,32819,32760,32763,32765,32767,55914,0
3643,938,32741,32804,32760,32763,32765,32766,55914,1
3644,938,32733,32820,32759,32763,32764,32767,55914,0
3645,938,32710,32840,32760,32762,32764,32766,55913,0
3646,943,32730,32841,32760,32763,32763,32767,55915,0
3647,949,32755,32828,32760,32762,32765,32767,55914,0
3648,938,32718,32828,32760,32764,32764,32766,55914,2
3649,938,32692,32789,32761,32764,32764,32767,55915,1
3650,938,32746,32834,32759,32762,32763,32767,55914,1
3651,942,32741,32830,32760,32763,32765,32767,55914,0
3652,938,32703,32819,32760,32764,32764,32766,55913,0
3653,939,32732,32801,32760,32764,32764,32766,55914,0
3654,938,32749,32835,32759,32762,32764,32766,55914,0
3655,938,32719,32857,32759,32762,32764,32767,55914,0
3656,942,32696,32830,32759,32762,32765,32765,55914,0
3657,939,32763,32830,32760,32764,32764,32767,55913,0
3658,938,32729,32809,32760,32763,32764,32767,55914,0
3659,938,32702,32837,32760,32763,32765,32766,55913,0
3660,938,32742,32820,32760,32763,32764,32766,55915,1
3661,943,32744,32838,32760,32763,32765,32767,55914,0
3662,938,32731,32833,32761,32762,32765,32766,55914,0
3663,938,32678,32795,32760,32763,32764,32767,55914,0
3664,938,32731,32831,32759,32763,32765,32767,55914,1
3665,938,32745,32847,32761,32762,32765,32766,55912,0
3666,943,32704,32847,32759,32763,32763,32766,55914,2
3667,938,32719,32820,32760,32763,32764,32766,55914,0
3668,938,32728,32821,32759,32764,32764,32766,55914,0
3669,938,32711,32854,32759,32762,32765,32767,55915,0
3670,939,32713,32827,32759,32763,32764,32766,55915,1
3671,942,32742,32838,32759,32763,32764,32767,55918,0
3672,938,32738,32817,32759,32762,32763,32766,55915,0
3673,939,32678,32820,32760,32763,32764,32767,55914,0
3674,938,32724,32843,32760,32763,32764,32766,55913,0
3675,938,32741,32833,32759,32763,32765,32766,55915,0
3676,942,32720,32825,32760,32762,32763,32767,55913,0
3677,939,32708,32785,32759,32763,32765,32767,55914,1
3678,938,32749,32823,32760,32763,32765,32766,55914,0
3679,938,32753,32857,32760,32762,32765,32766,55915,0
3680,943,32696,32836,32760,32762,32765,32766,55914,0
3681,941,32727,32815,32759,32763,32764,32766,55915,0
3682,938,32737,32807,32759,32763,32765,32766,55914,0
3683,938,32713,32816,32760,32763,32764,32767,55915,2
3684,939,32703,32841,32759,32764,32764,32766,55914,0
3685,938,32747,32842,32759,32763,32764,32766,55914,0
3686,942,32756,32817,32759,32763,32765,32767,55914,0
3687,939,32695,32809,32760,32763,32764,32767,55913,1
3688,938,32732,32838,32759,32762,32764,32766,55914,1
3689,938,32750,32845,32759,32763,32765,32767,55913,1
3690,938,32713,32829,32759,32762,32765,32766,55914,1
3691,943,32690,32811,32760,32762,32764,32767,55914,0
3692,938,32741,32811,32760,32762,32764,32767,55914,0
3693,938,32742,32844,32760,32763,32764,32766,55914,0
3694,939,32697,32847,32760,32763,32765,32767,55915,0
3695,938,32730,32824,32760,32762,32765,32767,55915,0
3696,942,32754,32813,32760,32762,32764,32767,55914,0
3697,938,32731,32837,32760,32763,32764,32766,55914,0
3698,938,32702,32830,32760,32764,32764,32767,55913,0
3699,938,32747,32837,32760,32763,32764,32766,55914,1
3700,939,32722,32816,32759,32763,32764,32765,55914,0
3701,942,32694,32806,32759,32763,32763,32767,55914,0
3702,938,32715,32838,32760,32763,32764,32768,55914,1
3703,938,32755,32850,32759,32764,32764,32767,55914,0
3704,939,32727,32836,32760,32763,32764,32766,55914,1
3705,938,32700,32812,32760,32763,32764,32767,55917,0
3706,942,32748,32832,32759,32764,32764,32767,55914,0
3707,938,32754,32854,32760,32763,32764,32766,55914,0
3708,939,32704,32842,32760,32763,32765,32766,55913,0
3709,938,32732,32813,32760,32764,32764,32767,55915,0
3710,938,32731,32823,32760,32763,32765,32766,55914,0
3711,943,32740,32824,32759,32764,32765,32766,55914,0
3712,938,32703,32845,32760,32763,32764,32765,55914,0
3713,949,32745,32844,32760,32763,32765,32765,55914,0
3714,943,32742,32843,32760,32763,32764,32767,55914,0
3715,938,32703,32810,32760,32762,32764,32766,55914,0
3716,943,32665,32786,32759,32763,32765,32767,55914,1
3717,938,32752,32852,32760,32764,32764,32766,55914,0
3718,938,32748,32850,32759,32763,32763,32767,55914,0
3719,939,32699,32855,32760,32762,32765,32766,55913,1
3720,938,32725,32822,32760,32763,32764,32767,55914,0
3721,942,32744,32822,32760,32763,32764,32766,55915,0
3722,939,32748,32845,32761,32762,32765,32766,55914,0
3723,938,32708,32822,32759,32762,32764,32766,55913,1
3724,938,32749,32819,32759,32763,32764,32766,55914,0
3725,938,32749,32809,32760,32762,32765,32766,55914,1
3726,943,32724,32802,32761,32763,32764,32767,55915,0
3727,938,32723,32839,32759,32763,32764,32766,55914,0
3728,938,32750,32845,32760,32763,32764,32766,55915,0
3729,939,32742,32835,32760,32763,32765,32766,55914,0
3730,943,32692,32782,32760,32764,32764,32766,55913,1
3731,942,32714,32798,32759,32763,32765,32767,55913,0
3732,938,32753,32826,32761,32763,32764,32766,55914,0
3733,938,32712,32829,32760,32763,32765,32765,55914,1
3734,939,32698,32804,32760,32764,32764,32767,55914,0
3735,938,32746,32787,32760,32763,32765,32766,55914,1
3736,942,32740,32824,32760,32763,32764,32767,55914,0
3737,938,32681,32835,32759,32763,32764,32766,55914,1
3738,939,32730,32837,32760,32762,32763,32767,55914,0
3739,938,32724,32789,32760,32763,32765,32767,55913,1
3740,938,32706,32799,32760,32763,32765,32766,55914,0
3741,943,32683,32814,32759,32763,32764,32766,55914,2
3742,938,32735,32838,32760,32763,32764,32766,55915,0
3743,938,32725,32818,32760,32763,32765,32766,55913,1
3744,938,32684,32786,32760,32763,32765,32767,55913,0
3745,939,32736,32795,32760,32763,32765,32766,55914,0
3746,948,32748,32824,32759,32763,32765,32767,55914,1
3747,943,32746,32831,32759,32763,32765,32766,55915,0
3748,938,32693,32831,32762,32763,32764,32766,55915,1
3749,939,32726,32805,32759,32764,32765,32766,55915,0
3750,938,32729,32800,32760,32762,32764,32767,55914,1
3751,942,32707,32826,32760,32763,32764,32767,55915,0
3752,939,32704,32828,32760,32763,32764,32767,55912,1
3753,938,32734,32822,32761,32763,32763,32767,55912,0
3754,938,32729,32827,32760,32762,32765,32767,55914,0
3755,938,32682,32806,32760,32763,32764,32767,55914,1
3756,943,32742,32826,32760,32763,32764,32767,55914,1
3757,938,32731,32846,32760,32763,32765,32766,55915,0
3758,938,32717,32830,32760,32763,32764,32766,55914,0
3759,939,32684,32795,32759,32763,32764,32766,55914,0
3760,938,32727,32819,32759,32763,32765,32768,55913,0
3761,942,32733,32841,32759,32763,32765,32767,55914,0
3762,938,32690,32829,32760,32763,32765,32767,55914,1
3763,938,32726,32809,32759,32763,32763,32767,55915,0
3764,938,32732,32791,32760,32763,32764,32767,55913,1
3765,938,32722,32833,32760,32763,32764,32767,55914,0
3766,943,32704,32822,32760,32763,32764,32766,55914,1
3767,938,32744,32842,32760,32763,32764,32767,55915,0
3768,938,32740,32831,32759,32764,32763,32766,55914,0
3769,938,32691,32808,32760,32763,32764,32766,55910,1
3770,939,32735,32837,32759,32763,32765,32766,55915,0
3771,942,32735,32844,32760,32763,32764,32766,55915,0
3772,938,32719,32818,32760,32763,32763,32765,55913,0
3773,939,32700,32795,32760,32763,32764,32767,55914,0
3774,938,32750,32810,32759,32763,32765,32766,55914,0
3775,938,32733,32827,32760,32763,32765,32766,55914,0
3776,943,32702,32841,32760,32762,32766,32767,55914,1
3777,938,32741,32822,32760,32763,32765,32767,55915,0
3778,938,32747,32803,32760,32763,32765,32767,55915,0
3779,943,32715,32828,32760,32762,32764,32766,55914,0
3780,938,32718,32849,32760,32763,32764,32766,55915,1
3781,942,32753,32846,32759,32762,32764,32767,55915,0
3782,939,32728,32836,32760,32763,32764,32766,55913,0
3783,938,32697,32814,32760,32763,32765,32767,55915,0
3784,938,32734,32823,32760,32762,32765,32766,55915,0
3785,938,32729,32846,32760,32763,32765,32766,55913,0
3786,942,32708,32855,32760,32763,32764,32766,55914,0
3787,939,32689,32821,32760,32763,32765,32766,55915,1
3788,938,32746,32797,32759,32763,32763,32768,55914,1
3789,938,32737,32833,32760,32763,32764,32766,55915,1
3790,938,32691,32846,32761,32763,32764,32767,55914,1
3791,943,32725,32830,32761,32763,32764,32766,55915,0
3792,938,32740,32811,32759,32763,32765,32766,55914,0
3793,938,32712,32805,32762,32762,32765,32767,55914,0
3794,938,32690,32814,32759,32763,32765,32767,55915,1
3795,939,32740,32832,32759,32763,32764,32765,55914,0
3796,942,32742,32819,32759,32763,32765,32767,55914,0
3797,938,32693,32804,32760,32763,32764,32767,55916,0
3798,938,32731,32827,32760,32763,32765,32765,55914,0
3799,938,32742,32843,32760,32763,32764,32766,55914,0
3800,939,32711,32847,32760,32763,32764,32767,55914,0
3801,942,32708,32826,32759,32764,32763,32766,55915,0
3802,938,32723,32805,32760,32763,32765,32766,55914,0
3803,939,32716,32835,32759,32763,32766,32766,55914,0
3804,938,32660,32843,32759,32764,32764,32766,55914,0
3805,938,32727,32837,32759,32763,32763,32766,55914,1
3806,943,32742,32814,32759,32763,32765,32766,55914,0
3807,938,32708,32820,32760,32762,32764,32767,55915,1
3808,938,32696,32833,32760,32763,32765,32767,55912,0
3809,938,32735,32848,32760,32762,32764,32766,55915,0
3810,939,32730,32833,32760,32762,32764,32766,55913,1
3811,942,32697,32814,32760,32763,32764,32766,55915,0
3812,944,32731,32807,32760,32764,32765,32767,55914,2
3813,943,32723,32829,32759,32764,32764,32767,55914,0
3814,938,32717,32856,32760,32763,32765,32767,55914,0
3815,939,32686,32846,32761,32764,32764,32765,55914,0
3816,942,32728,32830,32760,32762,32765,32766,55914,0
3817,938,32728,32798,32759,32763,32764,32766,55914,2
3818,939,32722,32847,32760,32762,32765,32768,55915,0
3819,938,32696,32827,32760,32763,32764,32766,55914,0
3820,938,32727,32838,32759,32764,32765,32766,55914,0
3821,942,32721,32824,32760,32762,32765,32766,55914,1
3822,939,32701,32817,32760,32763,32764,32766,55914,0
3823,938,32743,32843,32759,32764,32764,32766,55916,0
3824,938,32747,32844,32759,32763,32765,32765,55914,0
3825,938,32700,32823,32760,32763,32764,32766,55914,0
3826,943,32682,32798,32761,32764,32765,32766,55915,0
3827,938,32738,32820,32759,32764,32765,32767,55914,0
3828,938,32736,32852,32760,32763,32765,32766,55914,0
3829,938,32687,32841,32760,32763,32764,32766,55914,0
3830,938,32725,32822,32761,32763,32764,32766,55913,0
3831,943,32746,32797,32760,32763,32765,32766,55914,0
3832,938,32719,32831,32760,32764,32765,32766,55914,0
3833,938,32702,32842,32760,32763,32764,32767,55914,0
3834,939,32759,32842,32759,32762,32765,32766,55914,0
3835,938,32737,32815,32759,32763,32765,32768,55915,0
3836,942,32688,32811,32760,32762,32764,32766,55914,1
3837,939,32741,32836,32759,32763,32764,32766,55915,2
3838,938,32762,32847,32759,32763,32764,32767,55913,1
3839,938,32723,32833,32759,32763,32764,32766,55913,0
3840,938,32709,32804,32760,32764,32763,32767,55914,0
3841,942,32747,32820,32760,32762,32764,32767,55915,0
3842,938,32729,32841,32760,32763,32765,32767,55914,0
3843,939,32698,32835,32759,32763,32765,32767,55914,0
3844,938,32729,32809,32760,32763,32763,32766,55914,0
3845,944,32749,32804,32760,32763,32764,32767,55915,0
3846,942,32742,32823,32761,32763,32764,32766,55914,0
3847,938,32702,32848,32759,32763,32765,32767,55914,0
3848,938,32753,32852,32761,32763,32765,32767,55914,1
3849,938,32751,32827,32760,32764,32765,32767,55913,0
3850,939,32695,32809,32759,32762,32765,32767,55915,0
3851,942,32726,32812,32759,32763,32765,32766,55914,1
3852,939,32731,32827,32760,32763,32765,32767,55915,0
3853,938,32731,32836,32759,32764,32764,32766,55914,0
3854,938,32696,32804,32760,32764,32763,32767,55915,1
3855,938,32741,32801,32759,32762,32766,32766,55915,0
3856,943,32744,32839,32759,32763,32765,32766,55915,0
3857,938,32701,32839,32759,32763,32764,32766,55914,0
3858,938,32730,32828,32760,32763,32765,32768,55915,0
3859,939,32739,32805,32759,32763,32765,32767,55914,0
3860,938,32737,32814,32759,32763,32765,32766,55914,0
3861,942,32695,32836,32760,32763,32764,32766,55913,0
3862,938,32730,32833,32760,32763,32764,32767,55914,0
3863,938,32738,32826,32759,32763,32764,32766,55914,0
3864,939,32715,32804,32760,32763,32764,32767,55913,0
3865,938,32722,32818,32760,32762,32763,32766,55915,0
3866,942,32752,32849,32759,32764,32764,32767,55915,0
3867,938,32737,32834,32760,32762,32765,32766,55915,0
3868,939,32692,32817,32759,32763,32764,32767,55913,1
3869,938,32745,32812,32759,32763,32764,32767,55914,0
3870,938,32756,32837,32760,32763,32765,32767,55915,0
3871,943,32705,32839,32760,32763,32764,32766,55913,0
3872,938,32737,32829,32760,32763,32765,32767,55914,1
3873,938,32747,32808,32760,32762,32764,32767,55914,0
3874,938,32737,32805,32759,32763,32764,32766,55914,0
3875,939,32704,32831,32760,32763,32764,32767,55913,0
3876,942,32747,32839,32759,32763,32765,32766,55914,0
3877,938,32736,32828,32760,32763,32765,32766,55914,1
3878,944,32702,32791,32761,32762,32763,32766,55913,0
3879,938,32711,32789,32759,32763,32764,32767,55914,0
3880,938,32747,32835,32760,32764,32764,32767,55913,0
3881,943,32716,32854,32760,32762,32764,32766,55915,1
3882,938,32703,32819,32759,32763,32765,32766,55914,0
3883,938,32750,32802,32760,32763,32763,32767,55914,0
3884,939,32743,32812,32760,32762,32765,32767,55914,0
3885,938,32728,32832,32759,32762,32765,32767,55914,1
3886,942,32699,32833,32760,32763,32764,32767,55914,1
3887,939,32755,32819,32760,32763,32765,32766,55914,0
3888,938,32733,32794,32759,32763,32764,32766,55913,0
3889,938,32697,32820,32761,32763,32764,32766,55913,0
3890,938,32761,32839,32759,32762,32764,32767,55915,0
3891,942,32746,32846,32760,32764,32765,32766,55913,0
3892,939,32732,32818,32759,32763,32764,32766,55916,0
3893,938,32715,32779,32759,32763,32764,32766,55913,0
3894,944,32756,32829,32760,32763,32764,32766,55914,0
3895,943,32734,32837,32760,32763,32763,32766,55914,0
3896,943,32712,32832,32760,32764,32765,32766,55909,0
3897,938,32705,32820,32760,32762,32765,32767,55913,1
3898,938,32746,32799,32760,32763,32765,32766,55915,0
3899,938,32741,32817,32760,32763,32764,32765,55915,0
3900,939,32697,32830,32760,32762,32764,32767,55915,0
3901,942,32741,32829,32760,32763,32764,32766,55913,1
3902,938,32758,32811,32759,32763,32765,32767,55913,0
3903,938,32714,32798,32761,32763,32765,32766,55914,1
3904,939,32707,32826,32760,32764,32764,32766,55913,1
3905,938,32748,32845,32760,32763,32764,32767,55914,0
3906,942,32747,32835,32761,32763,32765,32767,55916,0
3907,939,32683,32796,32760,32764,32763,32766,55915,0
3908,938,32740,32790,32759,32763,32764,32767,55914,1
3909,938,32748,32838,32760,32764,32764,32766,55914,1
3910,939,32733,32843,32760,32764,32763,32767,55914,0
3911,948,32720,32817,32760,32763,32766,32767,55915,0
3912,943,32754,32826,32761,32763,32764,32767,55914,1
3913,938,32754,32800,32761,32763,32765,32767,55915,0
3914,938,32719,32823,32760,32763,32764,32767,55914,0
3915,939,32739,32828,32759,32763,32764,32767,55915,0
3916,942,32737,32838,32759,32763,32763,32767,55915,0
3917,938,32744,32798,32760,32762,32765,32767,55914,0
3918,939,32693,32784,32759,32763,32763,32767,55916,0
3919,938,32744,32841,32760,32762,32764,32766,55915,0
3920,938,32748,32840,32760,32763,32765,32766,55915,0
3921,943,32722,32834,32760,32763,32764,32766,55914,1
3922,938,32727,32789,32760,32763,32765,32765,55914,0
3923,938,32753,32820,32759,32763,32765,32767,55914,0
3924,938,32762,32843,32760,32763,32764,32766,55915,0
3925,939,32699,32835,32760,32763,32764,32766,55914,0
3926,942,32755,32820,32760,32763,32764,32766,55915,1
3927,938,32749,32807,32760,32763,32765,32767,55914,1
3928,938,32714,32822,32760,32763,32765,32767,55915,0
3929,938,32730,32829,32760,32763,32765,32766,55914,0
3930,939,32756,32847,32760,32764,32765,32766,55915,1
3931,942,32740,32822,32759,32763,32764,32766,55917,0
3932,938,32704,32794,32759,32763,32764,32767,55914,0
3933,939,32752,32824,32760,32763,32764,32767,55914,0
3934,938,32753,32842,32760,32762,32765,32766,55915,0
3935,938,32706,32829,32760,32763,32765,32766,55914,1
3936,943,32719,32802,32760,32763,32764,32766,55914,1
3937,938,32748,32793,32760,32763,32764,32766,55913,0
3938,938,32728,32845,32760,32763,32765,32766,55915,1
3939,938,32705,32823,32759,32763,32764,32767,55915,1
3940,939,32741,32827,32759,32763,32765,32767,55913,0
3941,942,32730,32812,32759,32762,32764,32765,55915,0
3942,938,32721,32807,32760,32763,32765,32767,55914,0
3943,939,32725,32832,32759,32763,32764,32766,55915,0
3944,949,32749,32823,32759,32763,32764,32766,55915,1
3945,938,32747,32807,32760,32763,32764,32767,55914,0
3946,942,32705,32806,32760,32762,32765,32767,55914,0
3947,938,32721,32795,32760,32763,32765,32767,55915,0
3948,938,32751,32841,32759,32762,32764,32767,55914,0
3949,939,32720,32831,32759,32762,32764,32766,55914,0
3950,938,32701,32803,32759,32763,32765,32767,55915,0
3951,942,32745,32811,32760,32762,32764,32766,55915,0
3952,939,32753,32800,32761,32763,32765,32766,55914,0
3953,938,32708,32834,32760,32763,32764,32766,55914,0
3954,938,32733,32824,32760,32762,32763,32766,55912,0
3955,938,32745,32821,32760,32764,32765,32766,55914,0
3956,943,32737,32792,32760,32764,32764,32766,55915,0
3957,938,32696,32808,32759,32761,32764,32767,55915,0
3958,938,32755,32821,32760,32762,32764,32766,55914,0
3959,939,32749,32829,32759,32763,32764,32765,55914,0
3960,938,32693,32805,32760,32763,32764,32766,55915,0
3961,942,32717,32794,32760,32762,32763,32766,55915,0
3962,938,32763,32839,32760,32763,32765,32767,55915,0
3963,938,32739,32835,32759,32763,32764,32766,55914,0
3964,938,32714,32826,32759,32763,32765,32766,55914,0
3965,939,32757,32807,32760,32764,32763,32767,55915,1
3966,942,32746,32797,32758,32763,32765,32766,55914,0
3967,938,32716,32827,32760,32763,32765,32767,55913,0
3968,939,32730,32840,32759,32762,32764,32765,55915,1
3969,938,32764,32818,32759,32762,32764,32765,55915,0
3970,938,32729,32797,32760,32762,32764,32766,55915,0
3971,942,32720,32807,32759,32764,32764,32765,55914,0
3972,938,32760,32842,32759,32763,32765,32766,55915,1
3973,939,32747,32841,32760,32764,32764,32766,55914,0
3974,938,32713,32816,32759,32763,32764,32766,55914,0
3975,938,32738,32796,32760,32764,32764,32766,55914,0
3976,942,32759,32831,32760,32763,32764,32766,55914,0
3977,944,32751,32840,32760,32762,32764,32767,55915,0
3978,938,32704,32818,32758,32763,32764,32766,55914,1
3979,938,32748,32808,32759,32762,32764,32766,55915,0
3980,938,32764,32781,32759,32764,32764,32766,55913,0
3981,943,32735,32809,32759,32764,32764,32767,55914,2
3982,938,32707,32813,32760,32763,32764,32766,55915,0
3983,938,32761,32830,32758,32764,32764,32766,55914,0
3984,939,32745,32802,32760,32764,32764,32766,55915,0
3985,938,32700,32798,32759,32763,32764,32767,55914,0
3986,942,32756,32823,32760,32763,32764,32766,55914,0
3987,938,32755,32838,32760,32764,32765,32766,55914,1
3988,939,32723,32831,32761,32762,32764,32766,55915,1
3989,938,32730,32795,32761,32762,32764,32766,55915,0
3990,938,32754,32810,32759,32763,32765,32767,55914,0
3991,942,32745,32831,32760,32763,32764,32767,55915,1
3992,939,32692,32821,32759,32763,32765,32765,55914,0
3993,938,32750,32825,32760,32762,32765,32766,55915,1
3994,938,32730,32775,32760,32763,32765,32767,55915,0
3995,938,32738,32834,32760,32762,32764,32767,55913,1
3996,942,32715,32831,32759,32763,32764,32766,55914,1
3997,939,32748,32826,32761,32762,32764,32766,55914,0
3998,938,32755,32830,32760,32763,32764,32766,55915,0
3999,938,32698,32790,32760,32762,32765,32767,55913,0
4000,938,32754,32821,32760,32763,32764,32766,55915,1
4001,942,32748,32844,32761,32764,32764,32766,55916,0
4002,938,32717,32833,32760,32763,32765,32766,55915,0
4003,939,32726,32803,32760,32763,32765,32767,55915,0
4004,938,32746,32820,32760,32762,32765,32766,55913,0
4005,938,32731,32833,32760,32763,32765,32766,55914,1
4006,943,32701,32847,32760,32763,32764,32767,55914,0
4007,938,32749,32817,32760,32763,32764,32766,55914,0
4008,938,32760,32798,32760,32763,32765,32767,55915,0
4009,938,32718,32823,32760,32764,32765,32767,55917,0
4010,938,32729,32839,32759,32763,32764,32766,55913,0
4011,942,32749,32845,32760,32764,32764,32766,55915,0
4012,939,32746,32857,32760,32763,32764,32767,55914,0
4013,938,32683,32786,32759,32763,32764,32766,55914,0
4014,938,32759,32832,32760,32763,32764,32766,55915,0
4015,938,32749,32846,32759,32762,32765,32766,55910,0
4016,943,32713,32830,32759,32763,32765,32766,55914,0
4017,938,32722,32804,32760,32763,32763,32767,55914,1
4018,938,32762,32820,32759,32762,32765,32767,55914,0
4019,939,32740,32851,32759,32763,32764,32766,55915,0
4020,938,32731,32833,32760,32763,32765,32766,55915,0
4021,942,32759,32833,32760,32763,32764,32766,55915,2
4022,939,32747,32812,32760,32763,32765,32766,55914,0
4023,938,32736,32810,32760,32763,32764,32766,55914,1
4024,938,32730,32824,32760,32763,32764,32767,55915,0
4025,938,32767,32836,32760,32762,32763,32766,55915,0
4026,948,32736,32846,32760,32762,32765,32768,55915,3
4027,938,32692,32820,32761,32763,32765,32766,55914,0
4028,938,32737,32803,32759,32763,32765,32767,55915,0
4029,938,32750,32842,32759,32762,32765,32766,55914,0
4030,939,32714,32835,32760,32764,32762,32766,55915,0
4031,942,32707,32819,32759,32763,32765,32766,55915,0
4032,938,32743,32796,32759,32762,32764,32767,55915,1
4033,939,32736,32827,32759,32763,32765,32766,55915,0
4034,938,32695,32851,32759,32762,32765,32766,55914,1
4035,938,32756,32841,32760,32762,32765,32766,55915,0
4036,942,32747,32824,32760,32763,32765,32767,55915,0
4037,939,32713,32800,32759,32762,32764,32767,55915,0
4038,938,32703,32820,32760,32763,32764,32765,55914,0
4039,938,32748,32837,32761,32763,32763,32766,55914,0
4040,939,32744,32826,32761,32764,32764,32767,55917,0
4041,942,32722,32806,32760,32763,32764,32766,55915,0
4042,938,32749,32811,32758,32762,32765,32766,55915,1
4043,938,32752,32851,32760,32762,32765,32767,55914,0
4044,938,32704,32842,32759,32763,32765,32766,55914,0
4045,938,32721,32822,32760,32763,32765,32767,55914,1
4046,943,32753,32815,32759,32763,32764,32767,55915,1
4047,938,32755,32838,32760,32764,32764,32766,55914,0
4048,938,32701,32845,32759,32763,32764,32766,55915,0
4049,939,32749,32846,32760,32763,32765,32765,55914,0
4050,938,32739,32815,32759,32764,32764,32767,55915,0
4051,942,32723,32805,32760,32762,32765,32766,55915,0
4052,938,32710,32817,32759,32762,32764,32766,55915,0
4053,938,32750,32847,32759,32763,32764,32766,55914,1
4054,939,32736,32843,32759,32763,32764,32767,55914,1
4055,938,32687,32828,32759,32763,32764,32767,55915,0
4056,942,32738,32798,32760,32763,32765,32765,55915,0
4057,938,32757,32834,32758,32762,32764,32766,55915,0
4058,939,32722,32850,32760,32762,32765,32767,55914,0
4059,949,32701,32838,32760,32763,32764,32766,55915,0
4060,943,32741,32816,32759,32763,32763,32767,55915,0
4061,943,32738,32810,32759,32763,32764,32766,55914,0
4062,938,32712,32827,32759,32762,32764,32767,55915,0
4063,938,32702,32826,32760,32763,32765,32766,55914,0
4064,938,32748,32829,32761,32763,32763,32767,55914,0
4065,939,32754,32830,32761,32762,32765,32767,55915,0
4066,942,32703,32807,32760,32763,32764,32767,55914,0
4067,938,32721,32798,32761,32763,32765,32766,55915,1
4068,939,32749,32841,32760,32763,32764,32767,55913,0
4069,938,32737,32836,32758,32762,32764,32766,55912,0
4070,938,32703,32794,32760,32762,32764,32767,55914,0
4071,943,32747,32795,32759,32762,32763,32766,55915,0
4072,938,32738,32828,32759,32764,32765,32767,55913,0
4073,938,32700,32832,32761,32763,32764,32766,55914,1
4074,938,32746,32832,32759,32763,32765,32766,55915,0
4075,938,32749,32807,32761,32764,32765,32767,55915,0
4076,942,32713,32815,32759,32764,32765,32766,55915,1
4077,939,32713,32832,32760,32763,32764,32765,55914,1
4078,938,32751,32843,32761,32763,32765,32767,55915,0
4079,938,32751,32824,32759,32763,32764,32765,55914,0
4080,938,32682,32799,32758,32763,32764,32767,55914,0
4081,942,32740,32812,32759,32763,32765,32767,55915,1
4082,939,32748,32846,32759,32763,32764,32766,55915,0
4083,938,32723,32828,32760,32764,32764,32766,55915,0
4084,938,32723,32805,32760,32764,32764,32766,55914,1
4085,938,32757,32807,32760,32763,32764,32767,55915,0
4086,943,32749,32833,32760,32763,32764,32767,55914,0
4087,938,32703,32840,32759,32763,32765,32766,55912,0
4088,938,32738,32817,32759,32763,32764,32766,55915,0
4089,938,32761,32823,32759,32763,32765,32767,55917,0
4090,939,32707,32810,32760,32763,32765,32765,55915,1
4091,942,32700,32828,32760,32763,32764,32766,55915,1
4092,943,32753,32841,32760,32763,32764,32766,55914,1
4093,943,32745,32858,32760,32762,32763,32766,55914,0
4094,938,32727,32828,32760,32763,32763,32766,55914,0
4095,939,32725,32800,32759,32763,32765,32766,55914,0
4096,942,32746,32836,32760,32762,32764,32767,55915,1
4097,938,32752,32844,32760,32763,32765,32767,55914,0
4098,939,32688,32822,32760,32763,32765,32766,55914,0
4099,938,32737,32815,32759,32763,32764,32767,55915,0
4100,938,32749,32824,32760,32763,32763,32767,55915,0
4101,943,32729,32843,32759,32763,32765,32766,55914,0
4102,938,32731,32835,32759,32763,32764,32766,55914,0
4103,938,32776,32831,32760,32762,32765,32767,55915,0
4104,938,32749,32826,32760,32763,32764,32766,55913,0
4105,939,32717,32818,32760,32762,32764,32767,55914,0
4106,941,32759,32840,32760,32762,32763,32766,55913,0
4107,938,32774,32855,32760,32763,32765,32766,55914,0
4108,939,32726,32830,32760,32763,32764,32767,55915,0
4109,949,32707,32808,32760,32763,32765,32767,55914,0
4110,938,32744,32824,32760,32762,32764,32767,55915,0
4111,942,32753,32843,32760,32763,32764,32766,55915,0
4112,938,32729,32855,32760,32763,32764,32766,55915,0
4113,939,32728,32807,32759,32763,32764,32767,55915,0
4114,938,32760,32795,32760,32763,32764,32767,55915,0
4115,938,32739,32833,32761,32763,32765,32767,55915,1
4116,939,32706,32847,32759,32763,32764,32765,55914,1
4117,942,32747,32848,32759,32764,32765,32766,55915,1
4118,938,32758,32836,32760,32763,32764,32767,55915,1
4119,939,32713,32800,32760,32762,32763,32766,55915,0
4120,938,32735,32836,32760,32762,32763,32765,55915,1
4121,942,32742,32847,32760,32763,32764,32767,55915,1
4122,938,32731,32850,32761,32762,32764,32765,55915,0
4123,939,32694,32823,32761,32762,32764,32767,55915,1
4124,938,32754,32819,32759,32762,32764,32767,55914,1
4125,944,32753,32843,32760,32762,32764,32765,55915,0
4126,942,32739,32858,32760,32762,32764,32768,55915,4
4127,938,32704,32830,32760,32763,32764,32767,55916,0
4128,938,32754,32808,32760,32762,32764,32766,55915,2
4129,939,32734,32795,32760,32763,32764,32767,55914,0
4130,938,32693,32832,32760,32763,32766,32767,55915,0
4131,942,32723,32833,32760,32763,32765,32766,55916,0
4132,938,32752,32831,32760,32763,32764,32766,55915,0
4133,939,32724,32815,32760,32763,32764,32766,55914,1
4134,938,32730,32799,32760,32763,32764,32767,55915,0
4135,938,32750,32832,32759,32761,32764,32767,55915,0
4136,943,32741,32850,32760,32762,32764,32766,55915,0
4137,938,32727,32844,32759,32763,32764,32767,55915,0
4138,938,32740,32812,32759,32764,32764,32767,55915,0
4139,938,32748,32821,32760,32762,32764,32766,55915,0
4140,938,32738,32869,32759,32763,32764,32767,55915,0
4141,943,32704,32843,32759,32763,32763,32766,55915,0
4142,943,32749,32832,32759,32763,32764,32766,55917,0
4143,943,32762,32814,32760,32763,32764,32765,55912,0
4144,938,32711,32817,32760,32763,32764,32766,55915,1
4145,939,32728,32821,32759,32763,32765,32765,55914,0
4146,942,32761,32823,32760,32763,32763,32766,55915,1
4147,938,32752,32831,32760,32763,32764,32766,55914,0
4148,939,32706,32791,32759,32763,32765,32766,55915,0
4149,938,32750,32825,32760,32763,32764,32766,55914,0
4150,938,32751,32850,32760,32763,32765,32766,55915,0
4151,943,32727,32832,32760,32763,32764,32766,55915,2
4152,938,32722,32821,32760,32763,32764,32767,55915,1
4153,938,32756,32799,32760,32763,32764,32767,55916,0
4154,938,32731,32836,32759,32762,32763,32766,55915,0
4155,939,32703,32838,32760,32762,32764,32765,55915,0
4156,942,32734,32831,32760,32763,32764,32767,55915,0
4157,938,32743,32829,32760,32762,32765,32766,55915,0
4158,939,32718,32813,32759,32763,32764,32766,55914,0
4159,943,32710,32828,32758,32763,32765,32766,55915,1
4160,938,32747,32858,32759,32762,32765,32766,55915,0
4161,942,32751,32851,32760,32762,32764,32767,55913,1
4162,938,32714,32828,32761,32764,32764,32766,55915,0
4163,939,32744,32815,32761,32764,32764,32767,55914,0
4164,938,32763,32841,32760,32763,32764,32766,55916,0
4165,938,32730,32849,32759,32764,32764,32766,55915,0
4166,942,32688,32843,32761,32763,32764,32767,55915,0
4167,938,32746,32808,32760,32764,32765,32766,55913,0
4168,939,32737,32820,32759,32763,32765,32767,55914,1
4169,938,32688,32847,32760,32763,32765,32766,55914,0
4170,938,32735,32831,32760,32763,32764,32767,55914,0
4171,940,32754,32831,32760,32763,32764,32767,55915,0
4172,941,32715,32796,32760,32763,32764,32765,55914,1
4173,939,32707,32809,32760,32763,32765,32765,55913,0
4174,938,32722,32827,32760,32763,32764,32767,55914,1
4175,948,32725,32859,32760,32762,32765,32766,55914,0
4176,942,32720,32856,32759,32762,32765,32766,55915,0
4177,938,32724,32807,32760,32763,32764,32767,55914,0
4178,938,32736,32835,32759,32762,32764,32766,55914,0
4179,938,32728,32849,32760,32763,32764,32766,55914,1
4180,939,32704,32846,32760,32763,32764,32767,55914,0
4181,942,32719,32827,32760,32762,32763,32767,55915,0
4182,938,32728,32815,32760,32762,32765,32767,55915,0
4183,938,32709,32823,32760,32763,32765,32767,55915,0
4184,939,32706,32848,32759,32763,32764,32765,55914,0
4185,938,32742,32846,32760,32763,32764,32766,55915,0
4186,942,32727,32832,32759,32762,32765,32766,55915,0
4187,939,32699,32800,32760,32763,32765,32765,55914,0
4188,938,32737,32823,32759,32763,32764,32767,55915,0
4189,938,32749,32833,32759,32763,32763,32766,55914,0
4190,938,32700,32851,32760,32762,32764,32767,55915,0
4191,943,32692,32810,32759,32763,32765,32766,55913,0
4192,943,32741,32798,32760,32762,32764,32767,55914,0
4193,938,32737,32820,32760,32764,32765,32768,55913,0
4194,939,32685,32840,32759,32763,32764,32767,55914,0
4195,938,32729,32833,32760,32763,32764,32765,55915,0
4196,942,32713,32814,32759,32763,32765,32766,55914,0
4197,938,32707,32809,32760,32763,32765,32765,55915,0
4198,939,32708,32837,32760,32763,32765,32766,55915,0
4199,938,32738,32851,32760,32763,32765,32766,55914,0
4200,938,32731,32841,32759,32762,32764,32766,55915,1
4201,943,32691,32802,32759,32762,32765,32765,55916,0
4202,938,32719,32819,32759,32763,32764,32766,55914,1
4203,938,32746,32860,32760,32763,32764,32767,55915,1
4204,939,32713,32856,32760,32763,32765,32766,55915,0
4205,938,32693,32811,32760,32763,32764,32767,55916,0
4206,942,32753,32821,32760,32764,32764,32767,55914,7
4207,939,32745,32821,32760,32763,32764,32766,55914,0
4208,949,32710,32839,32759,32763,32764,32766,55914,0
4209,943,32685,32819,32759,32763,32764,32766,55914,1
4210,938,32741,32850,32760,32763,32765,32766,55916,0
4211,942,32751,32832,32760,32762,32764,32766,55916,0
4212,938,32715,32800,32760,32764,32765,32765,55915,0
4213,939,32713,32826,32759,32763,32764,32766,55914,0
4214,938,32750,32840,32760,32763,32763,32767,55914,0
4215,938,32729,32835,32759,32763,32764,32766,55915,0
4216,943,32689,32813,32760,32764,32764,32765,55914,0
4217,938,32732,32806,32760,32763,32764,32767,55914,0
4218,938,32727,32845,32760,32762,32764,32768,55914,0
4219,939,32715,32846,32759,32764,32765,32766,55914,0
4220,938,32731,32835,32760,32762,32763,32766,55915,0
4221,942,32745,32788,32760,32762,32764,32767,55914,0
4222,938,32732,32818,32760,32763,32763,32766,55915,0
4223,939,32699,32840,32760,32762,32764,32766,55915,0
4224,938,32736,32844,32759,32762,32765,32767,55915,0
4225,938,32752,32810,32760,32763,32764,32766,55914,0
4226,942,32718,32804,32759,32763,32765,32766,55914,0
4227,938,32719,32832,32760,32763,32764,32767,55915,0
4228,939,32750,32841,32760,32763,32764,32767,55914,1
4229,938,32725,32844,32760,32761,32764,32767,55914,0
4230,938,32703,32805,32760,32763,32764,32766,55914,0
4231,943,32752,32800,32759,32763,32764,32766,55914,0
4232,938,32746,32835,32759,32763,32765,32766,55915,0
4233,938,32711,32842,32759,32763,32764,32766,55914,0
4234,938,32732,32813,32759,32763,32764,32767,55913,0
4235,939,32747,32809,32760,32763,32764,32766,55913,0
4236,942,32735,32819,32759,32762,32764,32767,55915,1
4237,938,32681,32838,32759,32762,32764,32766,55915,0
4238,939,32725,32813,32759,32763,32765,32766,55914,0
4239,938,32734,32806,32760,32763,32764,32767,55915,0
4240,938,32691,32786,32759,32762,32764,32767,55914,0
4241,947,32720,32802,32760,32763,32764,32766,55915,0
4242,943,32745,32816,32760,32763,32765,32767,55916,0
4243,938,32752,32843,32759,32762,32763,32765,55915,1
4244,939,32710,32818,32760,32762,32764,32766,55916,0
4245,938,32740,32795,32761,32764,32765,32767,55914,0
4246,942,32744,32814,32760,32763,32765,32766,55914,5
4247,939,32730,32850,32760,32763,32764,32766,55915,0
4248,938,32697,32846,32759,32763,32763,32766,55915,0
4249,938,32761,32836,32760,32762,32763,32767,55915,0
4250,938,32734,32789,32760,32763,32764,32767,55915,0
4251,943,32714,32815,32759,32763,32764,32766,55914,0
4252,938,32730,32833,32760,32762,32764,32766,55915,0
4253,938,32750,32843,32759,32763,32765,32766,55915,1
4254,939,32730,32817,32760,32762,32764,32766,55912,0
4255,938,32713,32799,32759,32762,32765,32766,55913,1
4256,942,32756,32818,32760,32762,32765,32766,55914,0
4257,939,32738,32830,32759,32764,32764,32765,55914,0
4258,943,32706,32822,32760,32761,32765,32765,55915,3
4259,938,32727,32805,32759,32762,32764,32766,55915,0
4260,938,32755,32809,32759,32763,32765,32767,55915,1
4261,943,32743,32822,32759,32764,32764,32767,55914,1
4262,938,32705,32842,32759,32763,32764,32766,55915,2
4263,938,32752,32831,32760,32763,32764,32767,55916,1
4264,939,32751,32808,32759,32764,32764,32766,55914,0
4265,938,32715,32796,32760,32761,32765,32767,55914,0
4266,942,32721,32832,32760,32762,32765,32766,55915,1
4267,938,32756,32842,32760,32763,32764,32766,55914,1
4268,938,32745,32822,32760,32763,32764,32765,55916,1
4269,939,32698,32789,32759,32763,32764,32765,55914,0
4270,938,32736,32823,32759,32764,32764,32765,55915,0
4271,939,32735,32846,32759,32763,32764,32766,55915,0
4272,941,32715,32821,32761,32763,32764,32766,55914,0
4273,939,32736,32802,32760,32764,32765,32767,55915,0
4274,948,32756,32800,32760,32763,32765,32765,55915,0
4275,943,32761,32795,32759,32763,32763,32766,55914,0
4276,943,32742,32818,32760,32763,32765,32766,55917,0
4277,938,32716,32820,32758,32762,32765,32766,55916,0
4278,938,32772,32839,32760,32764,32765,32767,55915,0
4279,938,32759,32809,32760,32763,32764,32765,55915,0
4280,939,32710,32799,32759,32763,32764,32766,55915,0
4281,942,32756,32829,32760,32763,32764,32766,55916,0
4282,938,32755,32825,32760,32763,32764,32767,55915,0
4283,939,32728,32824,32760,32763,32764,32767,55914,0
4284,938,32702,32784,32761,32763,32764,32766,55914,0
4285,938,32753,32810,32760,32764,32765,32766,55914,0
4286,942,32756,32838,32760,32764,32765,32766,55915,0
4287,939,32710,32838,32760,32763,32765,32767,55915,0
4288,938,32755,32815,32760,32763,32764,32766,55915,0
4289,938,32754,32797,32760,32763,32764,32768,55914,0
4290,938,32727,32842,32760,32762,32766,32767,55914,0
4291,942,32708,32833,32761,32763,32765,32766,55914,1
4292,938,32752,32812,32760,32762,32762,32766,55914,0
4293,938,32746,32812,32759,32763,32765,32766,55915,0
4294,939,32707,32812,32760,32763,32764,32766,55914,0
4295,938,32752,32836,32758,32763,32764,32766,55914,0
4296,942,32745,32833,32760,32762,32765,32766,55915,0
4297,939,32726,32845,32760,32762,32765,32766,55916,1
4298,938,32715,32800,32759,32761,32765,32767,55914,0
4299,938,32759,32814,32759,32763,32763,32766,55915,0
4300,938,32730,32840,32760,32763,32765,32766,55915,0
4301,943,32719,32838,32760,32762,32764,32767,55916,0
4302,938,32742,32822,32761,32763,32764,32766,55914,0
4303,938,32745,32802,32760,32762,32764,32766,55914,0
4304,939,32723,32812,32760,32763,32764,32766,55914,0
4305,938,32731,32821,32760,32763,32764,32766,55915,0
4306,942,32747,32821,32761,32763,32764,32767,55915,0
4307,943,32746,32819,32760,32762,32763,32766,55915,0
4308,943,32708,32807,32760,32762,32764,32767,55915,2
4309,938,32707,32803,32760,32763,32764,32766,55916,0
4310,939,32744,32831,32760,32763,32765,32766,55915,1
4311,942,32740,32844,32760,32763,32764,32766,55915,1
4312,938,32691,32817,32760,32763,32764,32767,55916,2
4313,939,32747,32808,32760,32764,32765,32767,55915,0
4314,938,32739,32820,32760,32762,32763,32767,55914,1
4315,938,32711,32831,32760,32763,32764,32766,55915,1
4316,943,32709,32838,32761,32763,32764,32765,55915,1
4317,938,32745,32816,32760,32763,32765,32766,55914,0
4318,938,32720,32801,32760,32763,32764,32765,55915,1
4319,938,32703,32826,32760,32763,32765,32766,55914,0
4320,939,32730,32844,32760,32764,32764,32767,55915,1
4321,941,32744,32844,32760,32763,32765,32766,55915,1
4322,939,32723,32817,32759,32762,32764,32766,55916,0
4323,938,32706,32796,32760,32763,32764,32766,55914,0
4324,938,32740,32846,32759,32762,32764,32766,55915,0
4325,938,32731,32847,32760,32763,32765,32767,55914,0
4326,942,32688,32827,32760,32763,32764,32766,55914,0
4327,939,32743,32799,32760,32763,32763,32765,55915,0
4328,938,32752,32816,32759,32763,32764,32766,55915,0
4329,938,32697,32849,32760,32764,32764,32767,55914,0
4330,938,32714,32838,32760,32762,32764,32765,55914,0
4331,943,32740,32833,32760,32762,32764,32766,55915,1
4332,938,32736,32817,32760,32763,32765,32766,55915,0
4333,938,32678,32822,32759,32762,32765,32767,55915,0
4334,938,32741,32838,32760,32762,32764,32766,55914,0
4335,939,32743,32830,32760,32763,32765,32766,55914,0
4336,942,32713,32821,32758,32762,32764,32766,55914,0
4337,938,32702,32778,32759,32764,32764,32766,55915,0
4338,938,32740,32828,32760,32763,32764,32766,55914,0
4339,939,32726,32847,32760,32763,32765,32765,55914,1
4340,949,32697,32845,32760,32763,32765,32767,55914,1
4341,942,32711,32835,32759,32763,32765,32767,55915,5
4342,938,32750,32802,32760,32762,32765,32767,55915,0
4343,939,32727,32831,32760,32763,32765,32767,55915,0
4344,938,32691,32825,32759,32762,32764,32765,55917,0
4345,938,32734,32835,32760,32762,32764,32766,55916,1
4346,938,32736,32818,32759,32763,32765,32765,55915,0
4347,942,32717,32797,32759,32763,32764,32766,55914,0
4348,939,32729,32842,32760,32763,32765,32767,55915,0
4349,938,32748,32827,32760,32764,32763,32767,55913,0
4350,938,32723,32832,32760,32763,32765,32765,55914,0
4351,943,32693,32818,32759,32763,32764,32767,55913,0
4352,938,32735,32804,32760,32763,32764,32767,55914,0
4353,938,32756,32847,32760,32763,32765,32766,55914,0
4354,938,32712,32853,32761,32762,32765,32766,55915,1
4355,939,32724,32838,32761,32763,32764,32766,55915,1
4356,942,32751,32817,32760,32763,32764,32766,55914,0
4357,938,32729,32836,32760,32763,32764,32767,55914,0
4358,938,32694,32855,32759,32762,32765,32766,55915,0
4359,938,32745,32830,32759,32764,32765,32766,55915,0
4360,939,32746,32839,32760,32762,32763,32765,55914,1
4361,942,47407,18112,32760,32763,32764,32766,53775,1
4362,938,47738,17768,32760,32763,32765,32766,53669,1
4363,938,47770,17792,32760,32763,32763,32766,53653,0
4364,939,47744,17778,32759,32763,32764,32767,53646,0
4365,938,47723,17762,32760,32763,32764,32767,53638,0
4366,942,47762,17743,32760,32763,32764,32765,53630,0
4367,939,47766,17779,32760,32762,32765,32767,53624,0
4368,938,47727,17795,32760,32763,32765,32766,53620,1
4369,938,47738,17785,32760,32764,32765,32766,53617,0
4370,938,47769,17781,32760,32763,32764,32767,53614,1
4371,942,47745,17779,32760,32763,32764,32766,53611,1
4372,939,47709,17793,32759,32763,32765,32767,53608,1
4373,949,47738,17803,32760,32763,32765,32767,53605,0
4374,938,47768,17813,32760,32763,32764,32766,53603,0
4375,938,47738,17778,32759,32764,32764,32767,53600,0
4376,943,47703,17764,32760,32763,32765,32766,53599,0
4377,938,47748,17803,32759,32762,32764,32766,53597,0
4378,938,47756,17822,32760,32764,32764,32767,53596,0
4379,938,47721,17819,32761,32763,32764,32767,53594,0
4380,939,47747,17787,32760,32764,32763,32768,53592,0
4381,942,47756,17789,32761,32762,32764,32767,53594,0
4382,938,47731,17812,32760,32763,32765,32767,53591,0
4383,939,47704,17818,32759,32764,32764,32766,53590,0
4384,938,47742,17809,32760,32763,32764,32766,53588,0
4385,938,47730,17781,32759,32764,32764,32767,53588,0
4386,942,47704,17796,32760,32763,32764,32767,53587,1
4387,939,47721,17816,32760,32762,32765,32767,53586,0
4388,938,47744,17818,32760,32763,32764,32768,53584,0
4389,938,47732,17804,32759,32762,32765,32767,53583,0
4390,938,47694,17768,32759,32763,32764,32767,53581,2
4391,942,47735,17798,32759,32763,32763,32766,53581,0
4392,939,47735,17820,32760,32763,32764,32766,53579,0
4393,938,47710,17827,32760,32762,32764,32766,53578,1
4394,938,47722,17802,32760,32762,32764,32766,53578,0
4395,938,47740,17798,32760,32763,32764,32767,53575,0
4396,943,47715,17817,32760,32763,32765,32765,53574,0
4397,938,47682,17814,32760,32763,32765,32765,53574,1
4398,938,47703,17795,32759,32762,32764,32767,53571,0
4399,939,47732,17789,32760,32763,32765,32766,53572,0
4400,938,47695,17810,32760,32763,32764,32766,53572,0
4401,942,47708,17823,32759,32763,32764,32766,53572,1
4402,938,47725,17829,32761,32763,32764,32766,53571,0
4403,938,47709,17824,32760,32763,32764,32766,53570,0
4404,939,47695,17782,32761,32763,32763,32767,53568,0
4405,938,47734,17814,32761,32762,32765,32767,53568,0
4406,948,47723,17823,32760,32763,32763,32766,53567,0
4407,938,47695,17836,32760,32762,32764,32767,53569,1
4408,938,47709,17810,32761,32762,32765,32766,53567,1
4409,938,47728,17799,32759,32763,32764,32767,53567,0
4410,938,47715,17831,32760,32763,32765,32767,53566,0
4411,943,47678,17839,32759,32762,32765,32766,53564,0
4412,938,47732,17821,32759,32764,32765,32766,53564,1
4413,938,47729,17820,32761,32763,32764,32767,53563,0
4414,939,47696,17788,32760,32762,32764,32766,53563,1
4415,938,47704,17819,32759,32762,32765,32766,53560,0
4416,942,47740,17837,32761,32763,32765,32767,53562,0
4417,939,47734,17830,32760,32763,32765,32766,53561,1
4418,938,47684,17814,32759,32763,32764,32767,53561,0
4419,938,47735,17816,32760,32762,32764,32767,53559,0
4420,938,47734,17832,32760,32763,32765,32766,53559,0
4421,943,47706,17833,32760,32764,32764,32768,53559,0
4422,938,47699,17818,32761,32763,32764,32767,53558,0
4423,938,47732,17791,32760,32764,32764,32766,53557,0
4424,938,47707,17825,32760,32762,32765,32767,53557,0
4425,938,47684,17833,32760,32763,32764,32766,53557,1
4426,942,47727,17815,32760,32763,32764,32766,53557,0
4427,938,47720,17831,32759,32763,32765,32766,53557,0
4428,939,47685,17796,32760,32763,32764,32767,53557,0
4429,938,47696,17822,32759,32763,32764,32767,53556,0
4430,938,47733,17841,32759,32763,32764,32767,53556,1
4431,943,47704,17830,32760,32763,32765,32767,53554,0
4432,938,47667,17818,32760,32764,32764,32766,53554,1
4433,938,47704,17786,32760,32763,32765,32766,53553,4
4434,938,47718,17822,32759,32764,32765,32766,53554,0
4435,939,47700,17830,32760,32764,32764,32765,53552,0
4436,942,47680,17828,32760,32763,32764,32767,53553,1
4437,938,47706,17807,32760,32763,32764,32767,53552,0
4438,938,47696,17801,32760,32763,32765,32768,53552,0
4439,943,47668,17828,32760,32763,32765,32766,53552,1
4440,938,47706,17841,32760,32764,32765,32766,53550,0
4441,942,47718,17833,32760,32762,32765,32766,53551,1
4442,939,47685,17801,32760,32762,32764,32767,53551,2
4443,938,47681,17815,32760,32762,32764,32766,53550,1
4444,938,47704,17834,32759,32763,32765,32767,53550,0
4445,938,47703,17840,32759,32762,32765,32767,53549,0
4446,943,47671,17838,32760,32763,32763,32766,53549,0
4447,938,47703,17785,32759,32762,32764,32768,53548,0
4448,938,47718,17842,32759,32762,32764,32767,53548,1
4449,939,47688,17842,32760,32763,32765,32766,53548,1
4450,938,47685,17827,32759,32763,32764,32767,53548,0
4451,942,47722,17829,32761,32762,32763,32767,53547,0
4452,939,47698,17806,32759,32763,32764,32766,53546,0
4453,938,47670,17837,32761,32763,32764,32765,53547,0
4454,938,47701,17836,32758,32763,32763,32766,53547,0
4455,938,47699,17846,32760,32763,32765,32766,53549,1
4456,942,47688,17827,32761,32763,32764,32766,53547,0
4457,938,47678,17817,32759,32763,32764,32766,53545,0
4458,939,47707,17846,32760,32763,32764,32767,53545,0
4459,938,47703,17835,32760,32762,32764,32765,53544,0
4460,938,47651,17813,32760,32763,32765,32765,53545,0
4461,943,47694,17793,32759,32763,32765,32765,53546,1
4462,938,47725,17824,32760,32763,32764,32766,53546,0
4463,938,47679,17854,32759,32762,32764,32766,53543,1
4464,938,47669,17831,32760,32763,32765,32767,53544,0
4465,939,47715,17839,32759,32763,32765,32767,53543,0
4466,942,47694,17818,32760,32762,32764,32766,53542,0
4467,938,47649,17831,32760,32764,32764,32766,53542,0
4468,939,47703,17838,32760,32763,32764,32767,53542,0
4469,938,47720,17857,32761,32763,32765,32767,53542,0
4470,938,47676,17810,32759,32763,32764,32766,53542,0
4471,943,47668,17820,32760,32762,32764,32767,53541,0
4472,947,47706,17833,32759,32763,32764,32766,53541,0
4473,938,47698,17870,32759,32763,32765,32767,53540,1
4474,938,47666,17853,32759,32763,32764,32767,53540,0
4475,939,47703,17829,32760,32763,32764,32767,53540,0
4476,942,47701,17812,32759,32763,32765,32767,53540,0
4477,938,47707,17843,32760,32763,32764,32766,53538,0
4478,939,47660,17850,32760,32763,32765,32767,53539,0
4479,938,47698,17848,32760,32763,32764,32766,53538,1
4480,938,47693,17825,32760,32765,32765,32767,53539,2
4481,942,47676,17809,32760,32763,32764,32766,53537,1
4482,938,47672,17843,32759,32763,32763,32767,53542,0
4483,938,47716,17874,32759,32764,32764,32767,53537,0
4484,939,47686,17853,32760,32764,32763,32766,53537,0
4485,938,47648,17816,32759,32761,32764,32767,53537,1
4486,942,47713,17819,32760,32763,32764,32766,53538,0
4487,939,47711,17861,32760,32764,32764,32767,53536,0
4488,938,47666,17864,32759,32762,32764,32766,53535,0
4489,943,47668,17836,32759,32763,32765,32766,53536,1
4490,938,47709,17831,32760,32763,32763,32767,53536,0
4491,943,47703,17818,32759,32763,32764,32766,53535,0
4492,938,47658,17855,32760,32763,32765,32766,53534,0
4493,939,47694,17847,32759,32762,32764,32767,53535,0
4494,938,47707,17835,32760,32762,32765,32766,53534,0
4495,938,47672,17822,32760,32763,32765,32765,53534,0
4496,942,47655,17829,32759,32763,32765,32766,53535,1
4497,939,47704,17859,32760,32762,32765,32767,53534,0
4498,938,47698,17868,32758,32763,32765,32766,53534,0
4499,938,47642,17830,32760,32763,32764,32767,53534,0
4500,938,47692,17820,32760,32763,32762,32766,53534,0
4501,943,47701,17866,32760,32763,32763,32766,53534,1
4502,938,47671,17879,32760,32762,32764,32766,53533,0
4503,938,47669,17862,32760,32763,32764,32766,53533,0
4504,939,47712,17835,32760,32764,32764,32766,53535,0
4505,949,47703,17845,32759,32763,32762,32767,53535,0
4506,942,47689,17853,32761,32762,32764,32767,53534,1
4507,938,47655,17866,32760,32763,32765,32767,53533,0
4508,939,47706,17855,32759,32763,32764,32766,53532,0
4509,938,47684,17846,32759,32762,32764,32766,53532,0
4510,938,47652,17837,32759,32763,32764,32766,53529,0
4511,942,47689,17844,32761,32762,32765,32767,53532,0
4512,939,47693,17861,32760,32762,32764,32767,53531,0
4513,938,47679,17844,32761,32763,32765,32766,53530,0
4514,938,47657,17819,32759,32763,32764,32767,53530,0
4515,939,47703,17837,32760,32762,32764,32767,53530,0
4516,942,47699,17865,32760,32762,32764,32766,53526,0
4517,938,47651,17865,32760,32764,32765,32765,53530,1
4518,938,47708,17840,32760,32763,32764,32766,53529,2
4519,939,47695,17842,32760,32762,32765,32767,53529,0
4520,938,47665,17839,32760,32763,32765,32766,53529,2
4521,938,47662,17858,32760,32762,32765,32766,53528,0
4522,942,47697,17868,32760,32763,32764,32766,53529,0
4523,939,47685,17858,32760,32763,32764,32765,53528,0
4524,938,47630,17832,32759,32762,32764,32767,53527,0
4525,938,47676,17847,32760,32763,32764,32765,53527,0
4526,943,47688,17882,32760,32762,32765,32767,53526,0
4527,938,47669,17873,32760,32764,32765,32768,53527,1
4528,938,47672,17862,32760,32763,32764,32766,53527,1
4529,938,47704,17832,32759,32762,32764,32767,53525,0
4530,939,47688,17885,32760,32763,32764,32767,53526,0
4531,941,47644,17878,32759,32763,32765,32767,53527,0
4532,939,47693,17862,32759,32763,32764,32767,53526,2
4533,938,47691,17847,32760,32764,32765,32768,53526,2
4534,938,47672,17860,32759,32763,32764,32767,53525,0
4535,939,47676,17856,32759,32763,32765,32766,53526,0
4536,942,47704,17866,32760,32764,32765,32767,53525,0
4537,938,47693,17861,32761,32763,32765,32767,53524,0
4538,944,47638,17824,32760,32763,32763,32766,53525,1
4539,938,47700,17832,32760,32764,32765,32767,53525,1
4540,938,47697,17879,32759,32763,32765,32766,53523,0
4541,943,47677,17880,32759,32763,32764,32766,53523,1
4542,938,47639,17846,32759,32764,32764,32766,53523,0
4543,938,47705,17838,32760,32763,32765,32767,53522,0
4544,938,47687,17858,32759,32764,32764,32766,53522,0
4545,939,47647,17881,32759,32764,32765,32766,53523,0
4546,942,47685,17885,32759,32762,32763,32767,53522,2
4547,938,47686,17855,32760,32762,32765,32767,53524,0
4548,939,47674,17835,32759,32763,32764,32766,53522,0
4549,938,47653,17861,32759,32762,32764,32767,53525,0
4550,938,47689,17889,32759,32763,32764,32767,53522,1
4551,943,47676,17861,32760,32763,32764,32767,53520,0
4552,938,47640,17854,32760,32763,32764,32767,53521,0
4553,938,47657,17810,32760,32763,32765,32767,53521,0
4554,938,47689,17863,32761,32763,32764,32767,53521,1
4555,938,47668,17870,32760,32763,32765,32766,53520,1
4556,942,47622,17854,32759,32763,32764,32766,53521,0
4557,939,47678,17831,32760,32764,32765,32766,53519,0
4558,938,47685,17835,32760,32764,32764,32766,53520,0
4559,938,47647,17863,32761,32764,32764,32766,53521,1
4560,939,47694,17867,32760,32763,32764,32766,53520,0
4561,942,47686,17864,32760,32762,32764,32766,53519,0
4562,938,47648,17845,32760,32763,32764,32767,53519,0
4563,938,47633,17862,32760,32763,32765,32766,53520,0
4564,939,47677,17878,32761,32762,32764,32767,53520,0
4565,938,47673,17880,32760,32763,32765,32766,53520,0
4566,942,47632,17853,32760,32763,32764,32766,53520,0
4567,939,47665,17827,32759,32764,32764,32767,53519,1
4568,938,47680,17882,32759,32762,32764,32767,53519,0
4569,938,47668,17898,32759,32763,32764,32767,53520,0
4570,938,47646,17867,32760,32762,32764,32766,53519,1
4571,948,47677,17854,32759,32763,32764,32766,53518,0
4572,938,47678,17847,32760,32763,32764,32766,53517,0
4573,938,47649,17889,32760,32764,32763,32766,53518,0
4574,939,47666,17875,32759,32764,32764,32766,53518,1
4575,938,47687,17876,32759,32762,32765,32767,53518,0
4576,942,47689,17851,32759,32763,32764,32767,53517,0
4577,939,47613,17855,32760,32763,32764,32767,53517,1
4578,938,47686,17885,32759,32763,32764,32766,53517,0
4579,938,47671,17876,32760,32763,32764,32766,53516,0
4580,938,47632,17872,32760,32764,32764,32766,53518,0
4581,943,47652,17833,32761,32762,32765,32766,53517,0
4582,938,47680,17847,32760,32762,32765,32767,53515,0
4583,938,47664,17887,32760,32764,32765,32767,53517,1
4584,938,47632,17868,32760,32763,32763,32768,53515,0
4585,939,47684,17873,32760,32763,32764,32766,53515,0
4586,942,47679,17850,32760,32763,32764,32765,53515,0
4587,938,47642,17882,32759,32762,32764,32767,53516,0
4588,938,47659,17892,32760,32762,32764,32766,53515,0
4589,938,47685,17895,32760,32762,32764,32767,53515,0
4590,938,47673,17856,32759,32763,32764,32767,53514,0
4591,943,47638,17859,32760,32763,32763,32766,53514,0
4592,938,47676,17887,32761,32765,32766,32767,53511,1
4593,938,47672,17888,32759,32763,32764,32766,53511,0
4594,938,47639,17880,32760,32763,32765,32765,53512,0
4595,939,47672,17854,32759,32763,32764,32766,53512,0
4596,942,47682,17884,32761,32762,32764,32767,53512,0
4597,938,47664,17897,32761,32763,32765,32766,53512,0
4598,938,47609,17884,32760,32763,32764,32767,53512,0
4599,939,47674,17882,32760,32763,32764,32766,53512,0
4600,938,47674,17847,32760,32763,32765,32766,53512,0
4601,939,47625,17888,32760,32763,32764,32766,53511,0
4602,942,47652,17892,32759,32763,32764,32766,53510,0
4603,938,47671,17898,32761,32763,32764,32767,53511,0
4604,938,47662,17871,32760,32763,32764,32767,53512,1
4605,938,47628,17858,32760,32763,32764,32766,53510,0
4606,942,47688,17891,32760,32763,32764,32767,53511,0
4607,939,47669,17904,32760,32763,32765,32767,53511,0
4608,938,47634,17904,32760,32763,32765,32768,53512,1
4609,938,47644,17867,32759,32763,32764,32766,53511,1
4610,938,47663,17853,32759,32762,32764,32765,53510,0
4611,942,47658,17882,32759,32763,32765,32766,53510,0
4612,939,47606,17888,32760,32763,32764,32766,53510,0
4613,938,47663,17884,32760,32763,32764,32766,53510,0
4614,938,47653,17862,32760,32763,32764,32766,53510,1
4615,938,47619,17884,32761,32763,32764,32766,53510,1
4616,943,47660,17896,32760,32763,32765,32768,53510,0
4617,938,47658,17882,32759,32763,32764,32767,53510,1
4618,938,47640,17884,32759,32764,32764,32767,53509,0
4619,938,47606,17842,32760,32762,32764,32767,53508,0
4620,944,47656,17872,32759,32763,32764,32766,53509,1
4621,942,47668,17883,32760,32763,32764,32766,53508,0
4622,939,47649,17883,32761,32763,32764,32766,53509,1
4623,938,47622,17876,32760,32763,32765,32766,53508,0
4624,938,47665,17871,32760,32761,32764,32765,53508,1
4625,938,47652,17906,32760,32763,32764,32767,53508,0
4626,943,47634,17900,32759,32763,32765,32767,53507,0
4627,938,47668,17888,32760,32764,32765,32766,53508,0
4628,938,47663,17870,32759,32763,32764,32766,53508,0
4629,939,47637,17870,32759,32763,32764,32768,53508,0
4630,938,47645,17890,32761,32762,32764,32767,53507,0
4631,950,47678,17903,32760,32763,32764,32767,53507,1
4632,942,47674,17902,32760,32764,32765,32766,53507,1
4633,938,47637,17879,32760,32763,32765,32766,53506,0
4634,938,47648,17852,32758,32761,32765,32767,53508,0
4635,939,47669,17888,32759,32763,32764,32766,53507,0
4636,942,47658,17888,32760,32763,32764,32766,53507,0
4637,943,47624,17920,32759,32763,32764,32766,53507,0
4638,938,47657,17888,32760,32763,32763,32767,53508,0
4639,938,47662,17869,32760,32763,32764,32766,53508,0
4640,938,47651,17883,32760,32762,32765,32766,53509,0
4641,942,47620,17906,32759,32763,32764,32767,53507,0
4642,939,47690,17880,32759,32764,32765,32767,53506,1
4643,938,47660,17879,32760,32764,32765,32767,53507,0
4644,938,47635,17865,32760,32763,32765,32766,53506,0
4645,938,47660,17878,32760,32763,32765,32766,53505,0
4646,943,47674,17908,32760,32764,32765,32767,53507,0
4647,938,47655,17892,32760,32762,32764,32766,53505,0
4648,938,47620,17861,32760,32763,32764,32767,53505,0
4649,939,47660,17868,32760,32763,32764,32766,53506,0
4650,938,47649,17906,32761,32762,32764,32767,53504,0
4651,942,47619,17906,32759,32763,32764,32767,53505,0
4652,939,47657,17889,32760,32763,32765,32766,53505,0
4653,943,47681,17888,32761,32763,32763,32766,53505,0
4654,938,47663,17875,32759,32763,32764,32767,53504,0
4655,938,47626,17906,32760,32763,32764,32766,53502,0
4656,943,47667,17903,32759,32762,32764,32767,53503,0
4657,938,47653,17888,32760,32764,32765,32766,53505,1
4658,938,47626,17880,32760,32763,32764,32767,53503,0
4659,939,47641,17882,32761,32763,32764,32767,53503,0
4660,938,47661,17924,32760,32763,32764,32767,53502,0
4661,942,47654,17900,32760,32763,32764,32767,53501,0
4662,938,47626,17894,32760,32763,32765,32766,53503,0
4663,939,47674,17888,32760,32763,32764,32766,53504,0
4664,938,47668,17903,32760,32762,32765,32766,53503,0
4665,938,47628,17928,32760,32763,32764,32766,53502,0
4666,942,47627,17903,32759,32763,32766,32767,53503,0
4667,939,47653,17890,32761,32764,32764,32767,53502,0
4668,938,47641,17877,32760,32763,32765,32767,53502,0
4669,938,47622,17909,32760,32761,32764,32766,53502,0
4670,944,47676,17918,32761,32762,32765,32767,53503,0
4671,942,47663,17907,32759,32762,32764,32767,53501,0
4672,938,47627,17889,32759,32763,32765,32766,53502,0
4673,938,47622,17874,32760,32763,32765,32767,53502,0
4674,938,47653,17908,32760,32763,32764,32767,53503,0
4675,939,47644,17932,32760,32762,32764,32767,53497,0
4676,942,47619,17903,32760,32763,32764,32766,53500,0
4677,938,47652,17869,32760,32763,32764,32766,53500,0
4678,939,47652,17892,32760,32763,32764,32767,53502,1
4679,938,47621,17907,32760,32762,32764,32766,53500,0
4680,938,47606,17888,32760,32763,32764,32766,53500,0
4681,942,47659,17902,32760,32762,32763,32767,53501,0
4682,939,47643,17870,32759,32762,32765,32766,53499,1
4683,938,47605,17875,32760,32764,32764,32767,53499,0
4684,938,47642,17917,32760,32764,32764,32767,53500,0
4685,938,47642,17915,32760,32763,32765,32766,53501,0
4686,948,47628,17896,32761,32763,32765,32767,53501,1
4687,938,47593,17868,32760,32763,32765,32767,53500,0
4688,939,47648,17883,32759,32763,32765,32766,53500,0
4689,938,47641,17916,32759,32763,32764,32766,53502,1
4690,938,47606,17908,32761,32762,32764,32766,53501,1
4691,942,47636,17900,32760,32763,32764,32767,53500,0
4692,938,47653,17871,32759,32763,32765,32767,53500,0
4693,938,47624,17918,32761,32763,32765,32766,53500,0
4694,939,47614,17918,32760,32763,32765,32765,53500,0
4695,938,47667,17907,32759,32763,32765,32766,53500,0
4696,942,47647,17886,32760,32763,32765,32767,53499,1
4697,938,47597,17879,32760,32762,32765,32766,53499,1
4698,939,47623,17907,32760,32763,32764,32767,53498,1
4699,938,47641,17915,32760,32763,32764,32766,53499,1
4700,938,47619,17910,32760,32763,32765,32767,53499,0
4701,939,47594,17856,32759,32763,32765,32767,53498,0
4702,942,47649,17890,32759,32762,32764,32767,53498,0
4703,949,47651,17936,32760,32763,32764,32767,53497,0
4704,938,47624,17926,32760,32763,32765,32766,53498,0
4705,938,47608,17911,32760,32764,32764,32767,53498,0
4706,943,47640,17891,32760,32762,32764,32767,53499,0
4707,938,47632,17881,32760,32763,32764,32767,53498,0
4708,938,47607,17926,32759,32762,32763,32767,53497,0
4709,938,47642,17915,32761,32763,32765,32766,53496,0
4710,939,47659,17914,32758,32763,32764,32766,53497,0
4711,942,47651,17879,32759,32763,32764,32766,53497,0
4712,938,47605,17880,32760,32764,32764,32767,53497,0
4713,939,47663,17929,32760,32763,32765,32767,53495,1
4714,938,47648,17924,32759,32763,32763,32766,53496,0
4715,938,47604,17905,32760,32763,32764,32767,53495,0
4716,943,47625,17873,32760,32762,32764,32766,53494,0
4717,938,47651,17908,32760,32764,32764,32767,53495,0
4718,938,47640,17927,32760,32763,32764,32767,53495,0
4719,938,47595,17906,32760,32763,32764,32767,53493,0
4720,938,47646,17891,32760,32763,32764,32767,53493,1
4721,942,47639,17874,32761,32763,32764,32766,53495,0
4722,938,47593,17923,32760,32762,32763,32767,53493,0
4723,938,47640,17927,32760,32764,32764,32767,53494,0
4724,939,47639,17915,32760,32762,32764,32766,53493,0
4725,938,47601,17888,32760,32764,32764,32766,53494,0
4726,942,47597,17887,32759,32764,32765,32766,53493,1
4727,939,47625,17918,32760,32762,32765,32767,53494,0
4728,938,47623,17913,32759,32764,32765,32766,53494,0
4729,938,47594,17901,32759,32764,32765,32766,53494,0
4730,938,47625,17880,32760,32764,32764,32767,53494,0
4731,943,47629,17901,32761,32763,32764,32767,53492,0
4732,938,47618,17939,32759,32763,32764,32766,53495,1
4733,938,47607,17920,32760,32763,32765,32766,53493,0
4734,939,47633,17912,32760,32763,32765,32766,53492,0
4735,938,47626,17897,32759,32763,32765,32766,53492,0
4736,948,47607,17928,32759,32763,32765,32767,53491,0
4737,938,47610,17917,32760,32763,32765,32765,53491,1
4738,938,47646,17935,32759,32763,32765,32767,53491,1
4739,938,47624,17900,32760,32763,32764,32766,53492,0
4740,938,47595,17885,32760,32762,32765,32766,53492,0
4741,943,47628,17907,32760,32762,32764,32767,53491,0
4742,938,47634,17933,32760,32763,32765,32767,53493,0
4743,938,47590,17917,32760,32763,32765,32767,53492,0
4744,939,47614,17896,32759,32763,32764,32767,53491,1
4745,938,47629,17887,32760,32763,32764,32767,53491,0
4746,942,47620,17924,32759,32763,32764,32766,53491,0
4747,938,47589,17913,32760,32763,32764,32767,53493,0
4748,938,47627,17912,32759,32763,32764,32765,53491,0
4749,939,47634,17888,32760,32763,32764,32766,53491,0
4750,938,47590,17908,32760,32762,32765,32767,53491,1
4751,942,47605,17916,32759,32762,32763,32766,53491,1
4752,944,47637,17942,32761,32763,32764,32765,53490,0
4753,938,47607,17938,32760,32762,32764,32767,53489,0
4754,938,47585,17878,32760,32763,32765,32767,53491,2
4755,938,47611,17906,32759,32764,32764,32767,53490,0
4756,943,47633,17932,32759,32762,32764,32766,53488,0
4757,938,47589,17932,32760,32763,32764,32767,53490,0
4758,938,47594,17911,32760,32763,32763,32767,53488,0
4759,939,47635,17897,32759,32763,32764,32767,53489,0
4760,938,47625,17919,32760,32763,32763,32766,53489,0
4761,942,47584,17928,32759,32763,32764,32767,53488,1
4762,939,47630,17910,32760,32762,32765,32767,53488,0
4763,938,47627,17897,32759,32763,32764,32767,53488,0
4764,938,47602,17903,32759,32764,32764,32766,53488,0
4765,938,47598,17917,32760,32762,32764,32766,53489,0
4766,943,47621,17923,32760,32763,32764,32766,53488,0
4767,938,47618,17922,32760,32763,32765,32766,53488,2
4768,938,47574,17895,32760,32763,32764,32767,53489,0
4769,944,47625,17888,32761,32763,32763,32766,53487,0
4770,938,47638,17929,32759,32763,32765,32766,53487,0
4771,942,47606,17934,32760,32763,32764,32765,53487,1
4772,939,47563,17903,32760,32763,32764,32767,53486,0
4773,938,47624,17895,32760,32763,32764,32766,53488,0
4774,938,47624,17897,32760,32764,32765,32766,53488,0
4775,938,47591,17934,32760,32763,32764,32767,53488,0
4776,943,47592,17931,32760,32763,32764,32766,53487,0
4777,938,47620,17933,32760,32764,32764,32766,53486,0
4778,938,47601,17924,32760,32765,32764,32767,53486,0
4779,939,47569,17905,32760,32763,32765,32766,53487,0
4780,938,47627,17945,32760,32763,32765,32767,53486,0
4781,942,47615,17932,32760,32763,32765,32767,53487,0
4782,938,47582,17911,32761,32763,32764,32766,53487,1
4783,939,47594,17908,32760,32763,32765,32767,53487,0
4784,938,47631,17921,32759,32763,32766,32766,53487,0
4785,944,47618,17956,32760,32764,32764,32767,53487,0
4786,942,47579,17937,32760,32763,32765,32766,53486,0
4787,938,47625,17942,32760,32762,32764,32766,53486,0
4788,938,47621,17905,32760,32763,32764,32766,53487,0
4789,939,47586,17931,32758,32762,32764,32766,53487,1
4790,938,47602,17949,32759,32763,32764,32766,53487,0
4791,942,47625,17944,32760,32763,32765,32767,53488,0
4792,938,47629,17925,32760,32762,32764,32767,53487,0
4793,939,47584,17902,32760,32763,32765,32766,53489,0
4794,938,47626,17930,32761,32763,32764,32766,53487,0
4795,938,47632,17953,32760,32762,32765,32766,53486,0
4796,943,47594,17960,32760,32763,32764,32766,53487,0
4797,938,47582,17914,32761,32764,32764,32766,53489,0
4798,938,47630,17923,32759,32763,32764,32767,53487,0
4799,938,47614,17953,32760,32763,32763,32767,53486,0
4800,939,47597,17944,32760,32763,32764,32767,53485,0
4801,941,47618,17928,32760,32764,32764,32767,53486,0
4802,944,47622,17899,32760,32764,32764,32765,53485,0
4803,943,47612,17920,32760,32762,32765,32767,53484,0
4804,938,47587,17941,32761,32763,32765,32767,53485,0
4805,939,47641,17938,32761,32763,32765,32766,53485,0
4806,942,47634,17942,32759,32763,32765,32766,53485,0
4807,938,47588,17913,32760,32763,32764,32767,53486,0
4808,939,47618,17923,32760,32763,32764,32765,53486,0
4809,938,47640,17951,32760,32763,32765,32766,53484,0
4810,938,47625,17955,32760,32762,32763,32766,53484,1
4811,943,47574,17937,32761,32764,32764,32767,53485,0
4812,938,47611,17919,32760,32763,32765,32766,53485,0
4813,938,47636,17933,32759,32762,32764,32768,53486,1
4814,938,47589,17960,32759,32763,32764,32765,53483,0
4815,939,47609,17931,32760,32763,32764,32765,53483,0
4816,942,47636,17930,32760,32763,32765,32766,53484,0
4817,938,47609,17920,32759,32763,32764,32766,53484,0
4818,939,47569,17934,32760,32763,32764,32766,53482,0
4819,943,47619,17947,32759,32764,32764,32766,53483,0
4820,938,47628,17943,32760,32763,32764,32767,53483,0
4821,943,47601,17936,32759,32763,32764,32767,53482,0
4822,938,47574,17915,32760,32762,32764,32765,53482,0
4823,938,47635,17914,32760,32762,32765,32767,53483,0
4824,938,47610,17938,32760,32763,32765,32766,53482,0
4825,939,47581,17950,32760,32763,32765,32766,53483,1
4826,942,47620,17920,32759,32763,32764,32766,53482,1
4827,938,47646,17919,32760,32763,32763,32765,53484,0
4828,938,47616,17965,32759,32763,32764,32766,53481,0
4829,939,47607,17947,32760,32763,32765,32766,53483,0
4830,938,47624,17925,32760,32764,32765,32766,53483,0
4831,942,47623,17926,32760,32763,32764,32765,53483,0
4832,939,47564,17927,32761,32763,32764,32766,53482,0
4833,938,47616,17949,32759,32763,32764,32766,53483,0
4834,938,47632,17956,32760,32763,32765,32767,53482,0
4835,944,47597,17931,32759,32762,32764,32766,53483,0
4836,942,47578,17921,32760,32763,32765,32766,53484,0
4837,938,47633,17930,32760,32763,32766,32766,53481,1
4838,938,47627,17956,32760,32762,32764,32766,53481,0
4839,939,47597,17960,32760,32763,32765,32766,53482,1
4840,938,47619,17926,32760,32763,32763,32766,53483,0
4841,943,47630,17913,32760,32763,32765,32766,53482,1
4842,938,47609,17943,32760,32762,32765,32767,53481,0
4843,938,47603,17955,32758,32762,32765,32767,53483,1
4844,938,47647,17953,32760,32764,32764,32766,53482,0
4845,939,47641,17936,32760,32763,32765,32767,53483,0
4846,942,47593,17915,32761,32762,32765,32766,53481,0
4847,938,47612,17933,32760,32763,32764,32767,53481,0
4848,939,47635,17961,32760,32763,32765,32767,53482,0
4849,938,47611,17954,32759,32764,32764,32766,53480,1
4850,938,47582,17914,32760,32763,32764,32765,53482,0
4851,942,47632,17919,32759,32762,32764,32766,53482,0
4852,938,47620,17955,32760,32762,32764,32767,53480,0
4853,938,47590,17933,32759,32763,32764,32766,53479,1
4854,938,47607,17942,32759,32763,32765,32766,53480,0
4855,939,47638,17924,32760,32763,32764,32766,53480,1
4856,942,47608,17935,32760,32763,32764,32766,53479,0
4857,938,47587,17942,32760,32762,32765,32767,53480,0
4858,939,47639,17956,32760,32764,32764,32766,53480,1
4859,938,47639,17941,32760,32762,32765,32766,53480,0
4860,938,47583,17916,32759,32763,32764,32767,53479,1
4861,942,47612,17929,32760,32763,32764,32767,53481,0
4862,939,47635,17965,32759,32763,32764,32767,53479,0
4863,938,47618,17956,32761,32763,32765,32767,53479,0
4864,938,47587,17921,32760,32764,32765,32766,53480,0
4865,938,47623,17919,32759,32763,32765,32766,53479,0
4866,943,47637,17944,32760,32763,32764,32766,53480,1
4867,938,47598,17965,32759,32762,32763,32766,53478,0
4868,944,47616,17940,32760,32763,32766,32766,53479,0
4869,938,47630,17931,32760,32763,32765,32766,53479,0
4870,938,47619,17920,32759,32763,32765,32765,53478,0
4871,942,47570,17948,32761,32763,32765,32767,53478,1
4872,939,47630,17947,32759,32763,32765,32767,53479,0
4873,938,47639,17953,32760,32763,32764,32766,53477,1
4874,938,47580,17925,32760,32763,32765,32767,53478,0
4875,939,47598,17945,32759,32763,32764,32766,53477,0
4876,942,47610,17969,32759,32764,32764,32767,53477,0
4877,938,47614,17980,32761,32762,32764,32766,53478,0
4878,938,47572,17958,32760,32763,32764,32766,53476,0
4879,939,47612,17924,32760,32763,32765,32766,53477,0
4880,938,47614,17944,32760,32762,32764,32767,53476,0
4881,942,47603,17960,32760,32764,32763,32767,53476,0
4882,939,47590,17946,32760,32763,32764,32767,53474,1
4883,938,47622,17948,32760,32763,32765,32767,53475,0
4884,944,47614,17934,32760,32763,32765,32767,53475,0
4885,943,47575,17943,32759,32763,32764,32766,53475,1
4886,943,47592,17950,32759,32763,32765,32766,53475,0
4887,938,47613,17966,32760,32764,32763,32767,53473,0
4888,938,47605,17964,32761,32763,32765,32766,53474,1
4889,938,47565,17926,32760,32763,32764,32766,53474,1
4890,939,47607,17958,32759,32762,32764,32767,53474,0
4891,942,47625,17970,32760,32763,32764,32766,53475,1
4892,938,47582,17962,32759,32762,32764,32767,53475,0
4893,938,47591,17945,32761,32763,32765,32767,53475,1
4894,939,47608,17927,32760,32762,32765,32767,53475,0
4895,938,47596,17956,32760,32762,32765,32766,53474,0
4896,942,47560,17964,32760,32764,32765,32767,53475,0
4897,939,47624,17976,32759,32762,32765,32765,53475,0
4898,938,47610,17927,32759,32761,32765,32767,53474,0
4899,938,47569,17938,32760,32763,32765,32766,53474,1
4900,939,47601,17961,32761,32763,32765,32767,53475,0
4901,948,47609,17967,32759,32763,32765,32766,53475,3
4902,943,47621,17954,32759,32763,32765,32766,53475,0
4903,938,47572,17945,32760,32763,32763,32766,53474,1
4904,939,47601,17916,32760,32763,32765,32767,53476,1
4905,938,47607,17941,32760,32763,32764,32766,53475,0
4906,942,47603,17956,32761,32763,32764,32767,53475,0
4907,938,47559,17949,32760,32762,32764,32765,53474,3
4908,938,47596,17941,32759,32763,32765,32766,53475,0
4909,938,47600,17923,32759,32762,32764,32767,53473,1
4910,939,47562,17963,32760,32763,32764,32766,53473,0
4911,942,47576,17964,32759,32764,32764,32766,53473,0
4912,938,47622,17961,32760,32763,32764,32766,53473,0
4913,939,47593,17949,32760,32762,32765,32766,53474,0
4914,938,47559,17909,32760,32763,32766,32766,53473,0
4915,938,47605,17945,32759,32762,32764,32767,53472,1
4916,943,47604,17960,32760,32764,32764,32766,53472,0
4917,938,47554,17942,32759,32762,32765,32766,53472,0
4918,938,47596,17931,32760,32762,32765,32766,53472,0
4919,938,47605,17931,32759,32763,32763,32765,53473,1
4920,938,47585,17957,32759,32763,32764,32766,53471,0
4921,943,47556,17963,32760,32763,32764,32766,53470,1
4922,938,47596,17941,32760,32763,32765,32766,53469,0
4923,938,47597,17931,32759,32763,32765,32767,53470,0
4924,938,47564,17976,32760,32764,32764,32767,53471,0
4925,939,47601,17969,32759,32762,32764,32767,53470,1
4926,942,47612,17973,32759,32763,32765,32766,53469,0
4927,938,47588,17958,32761,32763,32764,32766,53471,0
4928,939,47556,17935,32761,32763,32765,32767,53471,0
4929,938,47615,17975,32759,32762,32765,32766,53470,0
4930,938,47599,17972,32759,32763,32764,32766,53470,0
4931,942,47568,17957,32759,32763,32764,32766,53469,0
4932,938,47582,17931,32760,32763,32765,32766,53469,1
4933,939,47601,17952,32760,32763,32764,32767,53470,0
4934,949,47602,17988,32759,32763,32764,32766,53469,0
4935,938,47565,17979,32760,32764,32765,32766,53469,0
4936,942,47587,17951,32759,32762,32765,32768,53469,0
4937,938,47618,17945,32759,32763,32765,32766,53469,1
4938,939,47592,17931,32759,32762,32765,32767,53470,0
4939,938,47574,17961,32761,32761,32763,32766,53469,1
4940,938,47629,17979,32759,32762,32765,32766,53470,0
4941,943,47618,17972,32760,32762,32765,32767,53470,0
4942,938,47566,17956,32760,32763,32764,32767,53471,0
4943,938,47581,17947,32760,32763,32765,32767,53469,0
4944,939,47595,17953,32760,32762,32764,32767,53469,0
4945,938,47587,17983,32759,32763,32764,32767,53468,1
4946,942,47556,17971,32760,32763,32765,32766,53468,0
4947,938,47588,17938,32760,32763,32765,32767,53469,0
4948,939,47596,17948,32760,32763,32765,32766,53468,0
4949,938,47564,17985,32759,32763,32765,32766,53468,0
4950,938,47580,17979,32759,32763,32765,32766,53469,0
4951,942,47610,17962,32761,32763,32765,32766,53468,0
4952,938,47595,17954,32760,32764,32765,32767,53468,0
4953,939,47567,17955,32760,32763,32765,32766,53467,0
4954,938,47604,17979,32759,32762,32764,32766,53468,0
4955,938,47583,17976,32760,32762,32765,32766,53468,0
4956,943,47570,17957,32760,32763,32765,32767,53468,0
4957,938,47587,17950,32760,32762,32765,32766,53468,0
4958,938,47597,17993,32759,32763,32764,32766,53467,1
4959,938,47580,17980,32759,32763,32764,32766,53467,0
4960,939,47562,17967,32760,32762,32764,32766,53467,1
4961,941,47589,17946,32760,32763,32765,32767,53468,0
4962,939,47609,17952,32760,32763,32765,32766,53468,0
4963,938,47554,17986,32759,32763,32764,32767,53468,0
4964,938,47601,17985,32760,32763,32764,32766,53468,1
4965,938,47602,17949,32760,32762,32764,32766,53468,1
4966,943,47583,17947,32759,32763,32765,32766,53468,0
4967,949,47540,17951,32760,32763,32764,32766,53466,0
4968,938,47602,17961,32760,32763,32764,32767,53467,0
4969,938,47600,17969,32760,32764,32764,32765,53467,1
4970,939,47568,17961,32760,32764,32764,32766,53467,0
4971,942,47558,17942,32760,32763,32764,32766,53467,0
4972,938,47609,17964,32760,32763,32764,32767,53467,0
4973,938,47616,17987,32761,32764,32765,32766,53466,0
4974,939,47545,17967,32759,32763,32764,32766,53467,0
4975,938,47595,17963,32760,32763,32764,32766,53466,1
4976,942,47591,17938,32759,32763,32764,32766,53467,0
4977,939,47574,17972,32760,32764,32764,32766,53467,0
4978,938,47550,17981,32760,32763,32765,32767,53468,3
4979,938,47587,17965,32760,32763,32764,32766,53466,0
4980,938,47580,17959,32760,32763,32764,32766,53467,0
4981,943,47551,17932,32759,32763,32764,32767,53466,0
4982,938,47587,17964,32760,32763,32764,32766,53466,0
4983,938,47592,17956,32760,32763,32765,32767,53465,0
4984,938,47579,17983,32760,32764,32765,32767,53465,0
4985,938,47577,17931,32760,32763,32764,32766,53467,0
4986,942,47587,17942,32761,32762,32765,32767,53466,0
4987,938,47585,17960,32760,32763,32764,32766,53466,0
4988,939,47548,17968,32760,32763,32764,32767,53466,0
4989,938,47597,17970,32760,32763,32764,32767,53465,1
4990,938,47593,17954,32759,32763,32764,32767,53464,0
4991,943,47567,17960,32759,32763,32765,32766,53466,0
4992,938,47543,17969,32760,32763,32764,32766,53464,0
4993,938,47583,17982,32759,32763,32764,32767,53467,1
4994,938,47612,17965,32759,32763,32764,32767,53466,0
4995,939,47560,17932,32761,32763,32764,32767,53465,0
4996,942,47602,17955,32760,32763,32764,32767,53466,0
4997,938,47604,17982,32760,32762,32765,32765,53465,1
4998,939,47568,17986,32760,32761,32765,32766,53464,0
4999,938,47562,17944,32759,32763,32765,32766,53465,0
5000,949,47596,17954,32761,32763,32765,32766,53466,0
5001,941,47591,17960,32760,32763,32764,32765,53464,0
5002,939,47561,17982,32760,32763,32765,32767,53466,1
5003,938,47555,17962,32760,32763,32765,32767,53464,2
5004,938,47609,17966,32759,32762,32765,32766,53463,0
5005,939,47584,17956,32760,32762,32764,32765,53464,0
5006,942,47554,17951,32760,32763,32764,32767,53464,0
5007,938,47591,17967,32760,32763,32765,32768,53464,1
5008,938,47595,17983,32760,32763,32764,32766,53463,0
5009,939,47559,17960,32761,32763,32765,32766,53463,0
5010,938,47568,17929,32760,32763,32764,32765,53464,0
5011,942,47604,17974,32760,32764,32764,32767,53463,0
5012,938,47588,17980,32760,32762,32765,32766,53463,0
5013,938,47536,17962,32760,32763,32764,32766,53464,0
5014,939,47592,17958,32759,32763,32764,32766,53464,0
5015,938,47578,17961,32759,32763,32764,32765,53462,0
5016,942,47538,17982,32761,32763,32765,32766,53462,0
5017,938,47563,17999,32759,32762,32764,32766,53463,0
5018,938,47588,17967,32760,32763,32764,32766,53462,0
5019,938,47573,17939,32760,32763,32764,32766,53461,1
5020,939,47540,17961,32760,32762,32764,32766,53462,0
5021,942,47589,17977,32760,32764,32764,32766,53463,0
5022,938,47576,17976,32759,32763,32763,32766,53462,0
5023,938,47553,17971,32760,32763,32764,32766,53463,0
5024,939,47560,17954,32759,32763,32765,32766,53462,0
5025,938,47595,17973,32758,32763,32764,32766,53462,0
5026,942,47586,17976,32760,32763,32764,32767,53463,0
5027,939,47521,17972,32761,32763,32764,32766,53462,0
5028,938,47584,17950,32760,32762,32765,32767,53462,0
5029,938,47587,17954,32760,32762,32763,32765,53461,1
5030,938,47545,17982,32760,32764,32764,32767,53462,0
5031,943,47554,17974,32761,32763,32765,32766,53462,0
5032,938,47577,17952,32760,32762,32765,32766,53462,0
5033,944,47571,17963,32761,32762,32764,32766,53463,0
5034,938,47537,17940,32760,32764,32764,32767,53461,0
5035,938,47563,17984,32760,32763,32764,32766,53461,0
5036,942,47585,17984,32760,32763,32764,32767,53461,0
5037,939,47567,17977,32760,32763,32765,32766,53461,0
5038,938,47537,17926,32759,32763,32765,32767,53461,1
5039,938,47567,17958,32759,32763,32764,32766,53461,0
5040,938,47572,17989,32760,32763,32765,32766,53462,0
5041,942,47537,17974,32760,32763,32765,32766,53462,0
5042,939,47556,17958,32760,32762,32764,32766,53461,1
5043,938,47573,17934,32760,32763,32765,32766,53461,1
5044,938,47549,17972,32761,32764,32765,32766,53461,0
5045,938,47526,17978,32759,32764,32765,32766,53459,0
5046,943,47595,17988,32760,32763,32765,32767,53461,0
5047,938,47571,17957,32760,32762,32764,32767,53455,0
5048,938,47536,17951,32760,32763,32764,32767,53460,0
5049,944,47553,17944,32761,32763,32764,32767,53462,0
5050,938,47577,17980,32759,32762,32764,32767,53460,0
5051,942,47584,17980,32759,32762,32764,32767,53461,0
5052,939,47525,17972,32760,32763,32765,32766,53461,0
5053,938,47578,17953,32760,32762,32765,32766,53459,0
5054,938,47568,17985,32760,32763,32765,32766,53460,0
5055,939,47548,18000,32761,32764,32765,32766,53459,0
5056,942,47554,17982,32759,32762,32765,32767,53460,0
5057,938,47598,17971,32759,32763,32764,32767,53460,0
5058,938,47566,17948,32759,32763,32765,32766,53459,1
5059,939,47534,17984,32760,32763,32765,32767,53459,0
5060,938,47573,17979,32759,32763,32764,32767,53459,0
5061,942,47574,17980,32760,32762,32764,32766,53461,0
5062,939,47542,17950,32759,32764,32764,32767,53461,1
5063,938,47539,17970,32760,32763,32765,32767,53460,0
5064,938,47580,17992,32760,32764,32765,32766,53458,0
5065,938,47564,17987,32761,32762,32765,32767,53460,0
5066,948,47540,17967,32760,32764,32764,32766,53459,0
5067,938,47572,17950,32760,32763,32764,32767,53460,0
5068,938,47583,17971,32761,32762,32764,32767,53460,0
5069,938,47546,17987,32759,32763,32765,32766,53460,0
5070,939,47560,17989,32760,32762,32764,32767,53459,0
5071,942,47580,17982,32760,32763,32764,32766,53460,1
5072,938,47577,17962,32760,32764,32764,32767,53459,3
5073,938,47535,17977,32760,32764,32764,32767,53458,0
5074,939,47587,17983,32759,32761,32765,32767,53459,0
5075,938,47579,17989,32760,32764,32765,32767,53458,0
5076,942,47540,17967,32760,32763,32764,32766,53460,0
5077,939,47543,17957,32760,32764,32765,32766,53460,0
5078,938,47575,17991,32759,32763,32764,32766,53461,5
5079,938,47568,17989,32759,32763,32764,32766,53459,0
5080,938,47528,17979,32760,32762,32764,32767,53458,0
5081,943,47560,17959,32761,32762,32765,32767,53458,0
5082,944,47561,17974,32760,32763,32764,32766,53458,1
5083,943,47553,17972,32760,32763,32765,32766,53459,0
5084,938,47525,17992,32760,32763,32764,32766,53458,1
5085,939,47574,17995,32759,32763,32765,32766,53459,0
5086,942,47567,17972,32760,32763,32764,32767,53459,0
5087,938,47541,17950,32761,32764,32764,32767,53458,0
5088,939,47541,17982,32760,32763,32765,32767,53459,0
5089,938,47592,18004,32760,32763,32764,32766,53457,1
5090,938,47558,17985,32760,32762,32764,32767,53457,0
5091,942,47524,17955,32760,32763,32765,32766,53459,0
5092,939,47562,17959,32760,32763,32765,32767,53457,0
5093,938,47583,17991,32760,32762,32763,32767,53458,0
5094,938,47545,18006,32761,32763,32764,32767,53457,0
5095,938,47551,17966,32760,32763,32764,32766,53458,0
5096,938,47571,17963,32760,32763,32764,32766,53458,0
5097,943,47553,17975,32760,32763,32764,32766,53459,1
5098,938,47532,18007,32760,32764,32765,32765,53458,0
5099,944,47568,17988,32760,32762,32764,32766,53457,0
5100,938,47575,18006,32760,32763,32764,32767,53458,0
5101,942,47555,17963,32760,32763,32764,32766,53457,0
5102,939,47539,17954,32759,32763,32765,32767,53457,0
5103,938,47568,17993,32760,32764,32764,32767,53457,1
5104,938,47562,17993,32759,32763,32763,32766,53457,0
5105,938,47529,17971,32760,32763,32764,32767,53457,0
5106,943,47561,17962,32759,32763,32764,32767,53456,0
5107,938,47570,17986,32760,32763,32765,32765,53455,1
5108,938,47557,18005,32760,32764,32765,32767,53456,0
5109,939,47536,17990,32759,32763,32765,32766,53455,0
5110,938,47575,17982,32760,32763,32765,32766,53456,0
5111,942,47579,17962,32760,32763,32764,32766,53456,1
5112,939,47531,17992,32759,32763,32764,32767,53456,0
5113,938,47564,17993,32760,32763,32764,32766,53456,0
5114,938,47578,17994,32760,32762,32764,32766,53456,0
5115,938,47566,17962,32760,32763,32764,32767,53456,1
5116,942,47531,17952,32760,32762,32764,32766,53456,1
5117,939,47577,17998,32760,32763,32764,32766,53456,0
5118,938,47573,17996,32759,32763,32765,32767,53455,0
5119,938,47524,17965,32760,32762,32763,32766,53456,0
5120,938,47555,17948,32759,32763,32764,32767,53455,0
5121,942,47572,17969,32760,32763,32763,32767,53455,0
5122,938,47544,17999,32759,32763,32765,32765,53456,0
5123,939,47521,17984,32760,32763,32763,32766,53456,0
5124,938,47559,17980,32759,32763,32765,32767,53454,1
5125,938,47550,17960,32760,32762,32765,32766,53456,0
5126,943,47515,17976,32759,32762,32765,32766,53455,2
5127,938,47557,17997,32761,32764,32764,32765,53455,0
5128,938,47564,17985,32760,32762,32765,32766,53455,0
5129,938,47550,17991,32760,32763,32765,32767,53454,0
5130,939,47531,17972,32761,32763,32764,32766,53455,0
5131,942,47569,18000,32761,32763,32764,32767,53454,1
5132,944,47581,18011,32760,32763,32763,32767,53455,0
5133,938,47523,18001,32759,32762,32764,32766,53455,0
5134,938,47554,17963,32760,32763,32765,32767,53454,0
5135,939,47562,17974,32761,32763,32764,32767,53455,0
5136,942,47546,17989,32760,32762,32764,32766,53454,0
5137,938,47528,18003,32759,32763,32765,32767,53455,0
5138,938,47576,17987,32761,32763,32764,32768,53455,0
5139,939,47569,17966,32760,32764,32764,32767,53454,0
5140,938,47530,17986,32760,32762,32765,32767,53454,0
5141,942,47540,17996,32759,32762,32765,32768,53454,0
5142,939,47564,18003,32759,32763,32764,32766,53454,0
5143,938,47552,17983,32760,32762,32765,32767,53455,1
5144,938,47527,17959,32760,32764,32764,32767,53454,0
5145,938,47569,17995,32759,32764,32765,32766,53454,0
5146,943,47564,18000,32759,32763,32764,32766,53454,1
5147,938,47528,18003,32759,32763,32764,32766,53454,0
5148,944,47525,17989,32760,32763,32765,32766,53455,0
5149,938,47565,17958,32759,32762,32765,32766,53454,0
5150,938,47548,18001,32759,32762,32765,32766,53454,0
5151,942,47513,18007,32759,32763,32764,32766,53454,1
5152,939,47545,17999,32759,32763,32764,32766,53454,0
5153,938,47556,17986,32760,32764,32765,32766,53452,0
5154,938,47509,17966,32760,32763,32764,32766,53453,0
5155,938,47517,17988,32760,32762,32765,32766,53454,0
5156,943,47553,17990,32760,32763,32765,32766,53453,0
5157,938,47541,18002,32759,32763,32764,32766,53453,1
5158,938,47502,17977,32760,32763,32765,32767,53454,0
5159,939,47539,17979,32759,32763,32764,32766,53452,0
5160,938,47552,18019,32760,32763,32765,32765,53454,0
5161,939,47514,18005,32760,32762,32765,32766,53453,0
5162,942,47537,17991,32761,32763,32764,32766,53452,2
5163,938,47548,17965,32760,32762,32765,32766,53452,1
5164,938,47547,17993,32760,32763,32764,32767,53454,0
5165,944,47521,18010,32760,32763,32764,32766,53454,1
5166,942,47542,18011,32760,32763,32765,32766,53452,0
5167,938,47572,17989,32759,32764,32764,32767,53451,0
5168,938,47531,17980,32760,32762,32765,32766,53452,0
5169,938,47522,17977,32760,32763,32764,32767,53452,0
5170,939,47559,17990,32760,32763,32765,32767,53454,0
5171,941,47556,18001,32760,32763,32764,32768,53454,0
5172,939,47496,18002,32760,32762,32764,32766,53452,2
5173,938,47530,17937,32761,32764,32765,32766,53453,0
5174,938,47550,17999,32759,32762,32765,32766,53454,0
5175,939,47518,18000,32760,32763,32763,32766,53452,0
5176,942,47495,17999,32760,32762,32764,32767,53451,0
5177,938,47554,17967,32760,32763,32764,32766,53452,0
5178,938,47546,17962,32760,32763,32765,32766,53454,0
5179,939,47498,17997,32759,32763,32765,32765,53451,0
5180,938,47537,17988,32760,32764,32765,32767,53452,1
5181,948,47567,18000,32759,32763,32764,32766,53452,0
5182,938,47540,17989,32759,32763,32764,32766,53452,0
5183,938,47510,17965,32760,32763,32766,32766,53451,2
5184,938,47557,17995,32759,32763,32763,32767,53451,0
5185,938,47548,18009,32761,32764,32765,32766,53451,0
5186,943,47532,17988,32761,32763,32764,32767,53452,0
5187,938,47537,17961,32760,32763,32763,32767,53451,0
5188,938,47566,17988,32759,32764,32764,32766,53451,0
5189,939,47544,18029,32759,32763,32765,32766,53451,0
5190,938,47517,18005,32760,32763,32765,32766,53450,0
5191,942,47557,17991,32760,32763,32764,32766,53451,0
5192,939,47579,17978,32760,32763,32764,32766,53451,0
5193,938,47531,17981,32758,32762,32765,32767,53449,1
5194,938,47531,17998,32760,32763,32765,32766,53450,1
5195,938,47559,18006,32759,32763,32764,32767,53450,0
5196,940,47525,17978,32760,32762,32764,32766,53450,0
5197,941,47503,17969,32761,32762,32764,32767,53451,0
5198,943,47541,17995,32759,32763,32763,32767,53450,0
5199,943,47564,18001,32759,32763,32764,32766,53451,0
5200,938,47548,18000,32759,32763,32764,32766,53451,1
5201,943,47504,17994,32760,32764,32764,32767,53449,1
5202,938,47551,17961,32761,32762,32766,32766,53449,0
5203,938,47549,17989,32760,32762,32765,32766,53451,0
5204,939,47512,18020,32760,32763,32765,32767,53450,0
5205,938,47532,17981,32760,32763,32765,32766,53450,3
5206,942,47560,17989,32760,32764,32765,32767,53450,0
5207,938,47534,17969,32760,32763,32764,32766,53451,0
5208,939,47516,17986,32760,32763,32765,32767,53451,0
5209,938,47560,18017,32760,32763,32765,32765,53449,0
5210,938,47551,18008,32759,32762,32764,32767,53449,1
5211,943,47505,17991,32760,32763,32764,32766,53450,0
5212,938,47543,17980,32760,32762,32764,32765,53450,0
5213,938,47557,18008,32760,32763,32764,32766,53448,1
5214,938,47539,18012,32760,32764,32764,32766,53448,0
5215,938,47510,17992,32760,32762,32764,32766,53449,0
5216,943,47553,17983,32760,32764,32764,32767,53449,0
5217,938,47558,17978,32759,32762,32764,32767,53448,1
5218,938,47503,18013,32759,32762,32765,32766,53450,0
5219,938,47551,18004,32759,32763,32764,32766,53448,0
5220,939,47554,17992,32760,32763,32765,32766,53450,0
5221,942,47528,17975,32760,32763,32764,32766,53448,0
5222,938,47503,17987,32760,32762,32764,32765,53448,1
5223,938,47555,18017,32760,32763,32764,32766,53449,1
5224,939,47538,18002,32760,32763,32765,32766,53449,0
5225,938,47512,17984,32760,32764,32764,32767,53448,0
5226,942,47546,17975,32759,32763,32764,32766,53447,0
5227,938,47568,18013,32760,32763,32764,32766,53448,0
5228,938,47528,18014,32761,32763,32764,32766,53448,0
5229,939,47527,17991,32760,32763,32765,32764,53448,0
5230,938,47570,17987,32760,32764,32765,32767,53448,0
5231,947,47560,17980,32759,32763,32765,32766,53447,2
5232,943,47548,18000,32760,32763,32764,32766,53447,0
5233,938,47524,17997,32760,32763,32764,32767,53446,0
5234,939,47569,17996,32758,32763,32765,32766,53447,0
5235,938,47546,17979,32759,32763,32765,32766,53447,0
5236,942,47490,17962,32760,32763,32765,32766,53447,1
5237,938,47560,17996,32760,32762,32765,32766,53447,1
5238,939,47572,18007,32759,32763,32764,32766,53446,0
5239,938,47543,18009,32760,32762,32764,32767,53446,1
5240,938,47535,17971,32760,32764,32765,32766,53447,0
5241,943,47558,17975,32760,32764,32765,32766,53447,0
5242,938,47550,18016,32761,32762,32764,32766,53448,1
5243,938,47503,17998,32760,32763,32765,32765,53446,0
5244,938,47558,18013,32761,32762,32765,32766,53447,0
5245,939,47560,17976,32760,32763,32764,32767,53446,0
5246,942,47543,17986,32760,32762,32764,32767,53445,0
5247,938,47529,17998,32760,32763,32765,32766,53446,0
5248,938,47569,18002,32760,32762,32764,32767,53445,0
5249,938,47549,17983,32760,32763,32765,32766,53445,0
5250,938,47497,17957,32759,32762,32765,32767,53448,1
5251,942,47559,17996,32759,32763,32765,32766,53445,0
5252,939,47556,18011,32761,32762,32764,32765,53446,1
5253,938,47511,18004,32759,32763,32765,32765,53445,0
5254,938,47535,17973,32759,32763,32764,32766,53446,1
5255,938,47547,17979,32761,32763,32764,32767,53445,0
5256,943,47544,18001,32760,32763,32765,32766,53446,0
5257,938,47493,18004,32760,32763,32764,32767,53445,0
5258,938,47542,17994,32760,32763,32765,32765,53444,0
5259,939,47541,17968,32760,32763,32764,32767,53446,1
5260,938,47515,17983,32760,32762,32764,32765,53444,1
5261,941,47527,17998,32761,32763,32765,32766,53444,0
5262,940,47563,18010,32761,32763,32764,32767,53444,1
5263,938,47562,17996,32760,32763,32764,32766,53444,1
5264,938,47498,17982,32760,32763,32764,32767,53444,0
5265,938,47541,18002,32761,32763,32765,32767,53443,0
5266,942,47556,18020,32760,32762,32764,32767,53446,5
5267,939,47524,18025,32759,32763,32763,32767,53444,0
5268,938,47507,17984,32760,32764,32765,32765,53445,0
5269,938,47543,17998,32761,32762,32764,32766,53445,0
5270,938,47545,18019,32759,32763,32764,32767,53447,0
5271,943,47491,18025,32759,32764,32764,32768,53444,0
5272,938,47531,18018,32759,32763,32764,32766,53444,0
5273,938,47550,17999,32760,32762,32764,32767,53444,0
5274,939,47499,17986,32760,32762,32764,32766,53443,0
5275,938,47520,18009,32761,32763,32765,32766,53444,0
5276,942,47546,18018,32760,32763,32765,32766,53443,1
5277,938,47555,18013,32760,32763,32764,32766,53444,0
5278,939,47499,17973,32759,32763,32765,32767,53443,0
5279,938,47544,17997,32760,32764,32765,32768,53443,2
5280,944,47527,18018,32760,32762,32764,32766,53443,0
5281,941,47517,18021,32760,32763,32765,32767,53443,3
5282,938,47492,18001,32760,32762,32764,32767,53444,1
5283,939,47541,17975,32759,32763,32765,32767,53444,1
5284,938,47535,18005,32760,32763,32765,32767,53444,0
5285,938,47491,18011,32760,32762,32764,32767,53443,0
5286,942,47514,18000,32760,32763,32765,32766,53443,0
5287,939,47540,17996,32760,32763,32764,32766,53444,0
5288,938,47514,17979,32760,32764,32764,32767,53443,0
5289,938,47502,17998,32760,32763,32764,32766,53443,0
5290,939,47538,18020,32760,32762,32763,32767,53444,0
5291,942,47540,18020,32760,32762,32764,32768,53443,1
5292,938,47500,18002,32758,32763,32765,32767,53443,0
5293,938,47525,17972,32761,32762,32764,32766,53444,1
5294,939,47535,18009,32760,32762,32765,32766,53440,0
5295,938,47511,18026,32760,32762,32765,32766,53442,0
5296,939,47496,18010,32761,32763,32764,32766,53441,1
5297,941,47532,17988,32760,32762,32765,32767,53443,1
5298,938,47519,17998,32760,32762,32764,32765,53443,1
5299,939,47506,18017,32761,32764,32765,32766,53442,1
5300,938,47544,18018,32760,32764,32764,32766,53444,0
5301,942,47545,18017,32760,32763,32765,32766,53443,0
5302,939,47516,17990,32761,32763,32765,32765,53442,0
5303,938,47506,18004,32760,32763,32765,32767,53442,8
5304,938,47538,18012,32760,32762,32765,32766,53441,0
5305,938,47523,18026,32760,32763,32764,32766,53442,0
5306,942,47490,17989,32760,32763,32766,32766,53443,0
5307,939,47538,17982,32759,32764,32765,32766,53441,0
5308,938,47525,18020,32760,32763,32764,32767,53442,0
5309,938,47505,18029,32760,32764,32765,32767,53442,0
5310,939,47503,18006,32760,32762,32763,32766,53442,1
5311,942,47547,17989,32760,32763,32764,32766,53442,0
5312,938,47527,17981,32760,32762,32764,32767,53441,0
5313,944,47477,18013,32760,32763,32764,32765,53441,0
5314,938,47533,18004,32760,32763,32764,32767,53441,0
5315,938,47542,18008,32760,32763,32765,32767,53441,0
5316,942,47532,18007,32760,32763,32764,32766,53441,0
5317,939,47487,17975,32761,32763,32765,32766,53441,0
5318,938,47536,18011,32760,32763,32764,32766,53442,0
5319,938,47543,18041,32760,32762,32764,32767,53442,0
5320,939,47476,18001,32760,32764,32765,32767,53440,1
5321,942,47500,17977,32761,32763,32764,32766,53440,1
5322,938,47520,17985,32759,32761,32764,32767,53440,0
5323,938,47512,18019,32760,32763,32765,32766,53440,0
5324,939,47490,18008,32760,32762,32763,32767,53440,0
5325,938,47547,17991,32760,32762,32763,32767,53439,0
5326,942,47530,17979,32760,32763,32765,32766,53440,0
5327,939,47498,18014,32760,32762,32765,32766,53441,1
5328,938,47514,18024,32759,32763,32764,32767,53439,1
5329,938,47520,18035,32760,32764,32764,32766,53439,1
5330,938,47501,17999,32759,32762,32765,32767,53439,1
5331,938,47500,18003,32760,32763,32764,32767,53439,0
5332,942,47531,18014,32760,32762,32765,32766,53439,0
5333,938,47527,18023,32760,32763,32765,32765,53439,0
5334,938,47484,17997,32760,32764,32765,32766,53439,0
5335,939,47509,17985,32760,32764,32764,32767,53439,0
5336,942,47524,17980,32760,32763,32764,32766,53438,0
5337,938,47511,18009,32760,32763,32765,32765,53438,1
5338,939,47488,18005,32760,32763,32764,32766,53440,1
5339,938,47521,18004,32759,32763,32764,32766,53439,0
5340,938,47515,17970,32759,32762,32764,32766,53439,0
5341,942,47481,17991,32759,32763,32765,32766,53438,1
5342,939,47524,18000,32760,32763,32765,32767,53439,0
5343,938,47530,18016,32759,32762,32764,32767,53438,0
5344,938,47499,18006,32760,32763,32764,32766,53438,0
5345,938,47478,17961,32759,32762,32763,32766,53438,0
5346,947,47546,17991,32760,32764,32765,32766,53438,0
5347,938,47529,18003,32759,32762,32765,32766,53437,0
5348,938,47491,18011,32760,32762,32766,32765,53439,0
5349,938,47522,17987,32760,32762,32764,32766,53438,0
5350,939,47538,17992,32760,32764,32763,32765,53438,1
5351,942,47516,18004,32759,32763,32764,32767,53438,0
5352,938,47494,18004,32759,32764,32764,32766,53438,1
5353,939,47552,18018,32759,32763,32764,32767,53438,0
5354,938,47543,18001,32760,32763,32764,32767,53438,0
5355,938,47478,17985,32761,32763,32764,32766,53438,0
5356,943,47503,18008,32760,32763,32765,32766,53437,0
5357,938,47531,18011,32760,32764,32764,32765,53437,1
5358,938,47507,18017,32760,32763,32765,32766,53438,0
5359,938,47492,17980,32759,32763,32764,32767,53438,0
5360,939,47536,18001,32760,32764,32765,32766,53437,0
5361,941,47527,18032,32761,32763,32764,32767,53438,0
5362,939,47478,18022,32760,32763,32764,32767,53438,0
5363,943,47489,18002,32760,32763,32765,32767,53439,0
5364,938,47532,18000,32760,32762,32765,32766,53438,0
5365,939,47522,18027,32760,32763,32764,32767,53439,0
5366,942,47486,18020,32759,32762,32765,32767,53438,0
5367,938,47514,18004,32760,32763,32764,32766,53439,0
5368,938,47530,18002,32760,32763,32765,32766,53439,0
5369,939,47503,17989,32761,32763,32765,32767,53439,0
5370,938,47502,18001,32760,32764,32765,32768,53439,1
5371,942,47526,18028,32760,32763,32765,32768,53439,0
5372,939,47530,18017,32760,32764,32765,32767,53439,1
5373,938,47466,17996,32759,32764,32764,32766,53438,1
5374,938,47527,17981,32760,32762,32765,32766,53439,0
5375,938,47531,18024,32760,32763,32765,32767,53439,0
5376,943,47483,18047,32759,32763,32765,32765,53439,0
5377,938,47480,18030,32759,32763,32765,32768,53440,0
5378,938,47521,18009,32760,32762,32765,32767,53438,1
5379,944,47529,18012,32760,32762,32765,32767,53438,0
5380,943,47490,18007,32759,32763,32765,32766,53438,0
5381,943,47482,18036,32759,32763,32764,32766,53439,0
5382,938,47533,18024,32760,32763,32764,32766,53438,0
5383,938,47518,18008,32760,32763,32764,32766,53439,0
5384,938,47469,17991,32760,32763,32765,32765,53437,0
5385,939,47524,18025,32759,32763,32764,32766,53438,0
5386,941,47533,18043,32760,32762,32764,32766,53438,0
5387,939,47494,18027,32761,32763,32765,32766,53439,2
5388,938,47498,18002,32760,32763,32765,32766,53439,0
5389,938,47528,17999,32759,32763,32764,32766,53439,0
5390,938,47517,18033,32761,32763,32764,32767,53438,0
5391,943,47467,18023,32760,32763,32765,32767,53439,0
5392,938,47528,18017,32760,32763,32764,32766,53437,0
5393,938,47517,18000,32760,32763,32765,32766,53438,0
5394,938,47505,18022,32760,32763,32764,32766,53438,0
5395,939,47507,18026,32760,32763,32765,32767,53437,0
5396,942,47527,18034,32759,32762,32765,32766,53437,0
5397,938,47524,18015,32760,32762,32765,32766,53438,0
5398,938,47481,17992,32761,32763,32763,32765,53438,1
5399,938,47518,18014,32759,32763,32764,32767,53438,0
5400,939,47523,18046,32760,32763,32764,32766,53437,0
5401,942,47480,18019,32760,32763,32764,32768,53437,0
5402,938,47503,18006,32760,32763,32765,32767,53438,0
5403,938,47517,18018,32759,32762,32764,32766,53438,0
5404,939,47511,18048,32759,32764,32764,32767,53438,3
5405,938,47475,18022,32761,32762,32765,32766,53438,0
5406,942,47517,18024,32760,32764,32764,32767,53438,1
5407,939,47504,18013,32759,32764,32765,32766,53438,0
5408,938,47478,18014,32760,32762,32764,32767,53439,0
5409,938,47503,18034,32760,32762,32765,32766,53438,0
5410,938,47539,18027,32759,32763,32764,32767,53438,0
5411,943,47512,18016,32759,32763,32766,32767,53437,0
5412,949,47483,17988,32760,32763,32763,32767,53436,0
5413,938,47509,17979,32760,32762,32764,32766,53438,0
5414,938,47530,18031,32759,32763,32764,32766,53438,1
5415,939,47498,18045,32760,32762,32765,32766,53439,0
5416,942,47468,18028,32760,32763,32764,32767,53438,0
5417,938,47518,18003,32761,32763,32764,32766,53438,1
5418,939,47507,18006,32759,32763,32764,32767,53437,1
5419,938,47468,18039,32760,32763,32763,32767,53438,1
5420,938,47489,18032,32761,32763,32764,32768,53436,0
5421,943,47513,18020,32759,32762,32765,32766,53438,0
5422,938,47505,17999,32761,32764,32765,32767,53437,0
5423,938,47463,18019,32759,32762,32765,32767,53438,1
5424,938,47517,18027,32760,32763,32765,32767,53436,0
5425,939,47504,18019,32760,32762,32765,32767,53437,0
5426,942,47486,18007,32760,32763,32764,32765,53438,0
5427,938,47507,17989,32760,32764,32765,32766,53437,0
5428,939,47528,18027,32761,32763,32764,32767,53437,1
5429,943,47513,18029,32760,32763,32764,32766,53436,1
5430,938,47466,18043,32759,32763,32765,32766,53436,0
5431,943,47502,18015,32760,32762,32764,32767,53436,0
5432,938,47519,18001,32761,32764,32764,32767,53437,1
5433,938,47482,18029,32760,32764,32765,32766,53437,5
5434,939,47500,18023,32760,32763,32765,32765,53437,1
5435,938,47521,18025,32760,32763,32764,32767,53436,0
5436,942,47519,18019,32760,32763,32764,32766,53441,0
5437,939,47465,17981,32760,32763,32764,32766,53437,1
5438,938,47499,18028,32758,32762,32764,32766,53436,0
5439,938,47501,18034,32760,32764,32765,32766,53441,0
5440,938,47456,18026,32760,32763,32764,32766,53437,0
5441,942,47470,18005,32760,32764,32765,32766,53436,0
5442,938,47520,18013,32760,32763,32765,32766,53435,0
5443,939,47507,18042,32761,32763,32764,32767,53436,0
5444,938,47463,18032,32760,32763,32764,32766,53435,0
5445,943,47516,18024,32760,32762,32765,32766,53437,0
5446,942,47511,18012,32760,32764,32764,32766,53437,0
5447,938,47494,18020,32759,32763,32765,32766,53436,0
5448,939,47473,18030,32759,32763,32765,32766,53436,0
5449,938,47517,18032,32760,32763,32765,32767,53435,0
5450,938,47500,18032,32759,32762,32764,32766,53436,0
5451,943,47460,17997,32760,32762,32764,32767,53436,0
5452,938,47495,18012,32759,32762,32765,32766,53437,0
5453,938,47516,18032,32760,32763,32764,32766,53435,0
5454,939,47491,18047,32759,32763,32765,32767,53435,0
5455,938,47478,18012,32761,32762,32765,32767,53436,0
5456,942,47498,17996,32759,32763,32764,32767,53436,0
5457,938,47510,18035,32759,32763,32764,32766,53436,0
5458,939,47463,18050,32759,32762,32765,32766,53438,0
5459,938,47499,18028,32760,32763,32764,32768,53436,0
5460,938,47517,18020,32760,32764,32765,32766,53436,0
5461,943,47495,18000,32759,32764,32764,32766,53436,1
5462,943,47460,18019,32760,32763,32765,32766,53436,0
5463,938,47523,18035,32759,32763,32764,32767,53435,1
5464,938,47512,18022,32760,32763,32764,32767,53435,0
5465,939,47464,17987,32759,32763,32765,32767,53436,0
5466,942,47500,17989,32760,32762,32764,32766,53435,0
5467,938,47524,18022,32760,32764,32764,32766,53437,0
5468,939,47495,18030,32760,32763,32764,32765,53435,1
5469,938,47480,18001,32760,32764,32764,32766,53436,0
5470,938,47525,17985,32760,32763,32764,32766,53435,0
5471,943,47520,17987,32759,32762,32764,32766,53435,0
5472,938,47487,18024,32761,32763,32764,32767,53435,0
5473,938,47490,18023,32759,32763,32764,32767,53436,0
5474,938,47508,18000,32760,32762,32764,32767,53435,0
5475,939,47491,17991,32760,32763,32765,32767,53434,0
5476,942,47450,18013,32759,32763,32764,32767,53435,1
5477,938,47511,18039,32761,32764,32765,32768,53435,0
5478,942,47515,18022,32760,32762,32764,32766,53433,0
5479,938,47469,18018,32760,32763,32764,32767,53434,0
5480,938,47488,17999,32761,32764,32764,32767,53435,1
5481,943,47518,18018,32760,32763,32765,32767,53434,1
5482,938,47518,18022,32760,32764,32764,32766,53434,0
5483,938,47477,18019,32760,32763,32765,32766,53436,0
5484,939,47508,17995,32759,32764,32764,32767,53434,0
5485,938,47514,17991,32760,32763,32764,32766,53435,0
5486,942,47482,18019,32760,32763,32765,32766,53437,0
5487,939,47482,18020,32760,32763,32765,32766,53435,0
5488,938,47506,18024,32760,32763,32765,32765,53435,0
5489,938,47496,18006,32759,32761,32765,32767,53434,4
5490,938,47476,18001,32760,32763,32765,32767,53435,0
5491,942,47492,18023,32758,32762,32765,32767,53435,0
5492,939,47523,18029,32758,32763,32764,32766,53434,0
5493,938,47486,18021,32759,32763,32764,32766,53434,0
5494,938,47476,17984,32760,32763,32764,32766,53434,0
5495,938,47515,18025,32760,32762,32765,32766,53435,0
5496,4059,47480,18023,32760,32764,32764,32766,53434,0
5497,943,47460,18031,32759,32762,32765,32767,53433,0
5498,938,47511,18039,32760,32762,32764,32766,53434,0
5499,939,47505,17997,32759,32764,32764,32766,53433,0
5500,938,47465,17986,32759,32763,32764,32766,53434,0
5501,942,47495,18024,32760,32763,32764,32767,53434,0
5502,938,47520,18050,32760,32763,32765,32766,53434,0
5503,939,47485,18046,32759,32763,32766,32768,53436,0
5504,938,47448,18007,32760,32764,32765,32766,53434,0
5505,938,47515,18025,32759,32762,32765,32766,53434,1
5506,943,47512,18038,32760,32762,32764,32766,53435,1
5507,938,47455,18040,32759,32762,32765,32766,53433,1
5508,938,47480,18035,32761,32763,32765,32766,53433,0
5509,939,47504,17988,32760,32763,32765,32767,53434,0
5510,938,47488,18026,32759,32763,32765,32767,53434,1
5511,942,47454,18052,32760,32763,32765,32767,53434,0
5512,938,47502,18030,32760,32763,32766,32766,53434,0
5513,943,47494,18023,32760,32762,32765,32766,53434,0
5514,938,47454,18014,32760,32763,32765,32765,53435,0
5515,938,47484,18030,32760,32764,32765,32767,53434,0
5516,943,47512,18031,32758,32763,32763,32766,53433,0
5517,938,47512,18050,32760,32764,32765,32766,53434,0
5518,938,47461,18027,32759,32764,32765,32765,53433,1
5519,938,47515,18019,32760,32763,32764,32766,53435,0
5520,939,47510,18049,32760,32763,32764,32767,53434,0
5521,942,47496,18049,32759,32763,32765,32767,53433,0
5522,938,47492,18038,32760,32763,32764,32767,53433,0
5523,939,47516,18020,32760,32762,32764,32767,53433,0
5524,938,47506,18025,32760,32763,32764,32765,53432,0
5525,938,47461,18038,32760,32762,32764,32767,53433,1
5526,943,47505,18046,32760,32763,32764,32767,53433,0
5527,938,47532,18036,32760,32762,32764,32767,53432,1
5528,938,47480,18008,32759,32762,32763,32766,53432,0
5529,944,47469,18003,32759,32763,32764,32767,53433,0
5530,938,47513,18043,32760,32762,32764,32766,53432,1
5531,942,47511,18036,32760,32763,32765,32767,53433,0
5532,938,47479,18046,32760,32762,32765,32767,53433,0
5533,939,47505,18006,32760,32762,32765,32766,53433,0
5534,938,47521,18036,32760,32763,32764,32766,53431,0
5535,938,47496,18049,32760,32763,32764,32767,53431,0
5536,945,47467,18054,32759,32762,32764,32765,53432,0
5537,942,47516,18059,32760,32764,32764,32766,53431,1
5538,938,47507,18027,32759,32762,32764,32768,53431,0
5539,938,47467,18022,32760,32763,32764,32766,53432,0
5540,938,47491,18046,32759,32763,32764,32766,53432,0
5541,943,47512,18037,32760,32763,32764,32767,53432,0
5542,938,47482,18029,32760,32762,32764,32767,53434,6
5543,938,47454,18002,32759,32763,32765,32767,53430,1
5544,939,47497,18026,32760,32763,32765,32766,53432,1
5545,938,47506,18040,32760,32764,32765,32766,53432,0
5546,947,47474,18053,32760,32763,32765,32766,53431,3
5547,938,47466,18028,32760,32763,32764,32766,53430,0
5548,938,47489,18000,32759,32764,32764,32766,53431,1
5549,938,47497,18026,32760,32763,32765,32767,53434,0
5550,939,47457,18047,32760,32764,32765,32765,53431,0
5551,942,47500,18066,32759,32763,32765,32766,53432,0
5552,938,47508,18038,32759,32763,32764,32765,53432,0
5553,939,47482,18008,32759,32763,32765,32767,53432,0
5554,938,47471,18039,32760,32763,32764,32766,53432,0
5555,938,47492,18051,32760,32763,32764,32766,53431,1
5556,943,47501,18064,32761,32763,32765,32766,53432,0
5557,938,47445,18033,32760,32763,32765,32766,53431,0
5558,938,47483,18015,32760,32763,32764,32766,53432,0
5559,938,47511,18057,32759,32763,32764,32766,53432,0
5560,939,47461,18044,32760,32762,32764,32767,53432,1
5561,942,47479,18053,32759,32763,32763,32766,53432,0
5562,938,47521,18034,32760,32763,32765,32767,53431,0
5563,938,47498,18038,32760,32762,32764,32767,53432,0
5564,938,47467,18069,32760,32762,32766,32766,53433,0
5565,938,47479,18060,32760,32762,32763,32766,53430,0
5566,943,47509,18039,32760,32762,32764,32767,53430,0
5567,938,47474,18024,32760,32763,32765,32765,53431,2
5568,938,47479,18032,32760,32763,32765,32767,53430,0
5569,938,47500,18051,32760,32763,32765,32766,53432,0
5570,939,47491,18055,32760,32763,32765,32766,53430,0
5571,942,47448,18025,32761,32763,32765,32766,53431,0
5572,938,47502,18006,32760,32762,32764,32765,53431,0
5573,938,47506,18051,32760,32763,32765,32766,53431,0
5574,938,47461,18052,32760,32763,32765,32767,53432,0
5575,938,47481,18036,32759,32763,32765,32766,53431,0
5576,943,47514,18025,32760,32761,32764,32766,53431,0
5577,938,47477,18026,32760,32763,32766,32766,53431,0
5578,938,47455,18041,32761,32763,32765,32765,53431,0
5579,943,47504,18045,32760,32763,32764,32767,53430,0
5580,943,47496,18058,32760,32762,32765,32765,53430,1
5581,943,47493,18034,32759,32762,32765,32767,53432,5
5582,938,47444,18003,32759,32762,32764,32767,53430,0
5583,938,47488,18035,32760,32762,32764,32766,53431,0
5584,938,47509,18054,32760,32763,32765,32766,53431,1
5585,939,47450,18038,32760,32763,32765,32767,53431,0
5586,942,47486,18029,32760,32763,32764,32766,53431,0
5587,938,47511,18024,32761,32762,32764,32766,53431,0
5588,938,47484,18054,32759,32763,32764,32767,53430,0
5589,939,47459,18045,32760,32764,32764,32765,53430,0
5590,938,47490,18046,32759,32763,32764,32766,53432,0
5591,942,47502,18032,32759,32763,32765,32766,53430,0
5592,939,47462,18047,32759,32763,32765,32767,53431,0
5593,938,47498,18057,32760,32763,32764,32767,53430,0
5594,938,47498,18069,32760,32762,32765,32766,53430,0
5595,938,47480,18057,32759,32764,32766,32767,53430,0
5596,942,47446,18009,32759,32763,32764,32767,53431,0
5597,938,47501,18053,32760,32763,32764,32766,53430,0
5598,939,47497,18060,32760,32762,32765,32766,53430,1
5599,938,47448,18061,32760,32764,32765,32767,53429,0
5600,938,47500,18025,32759,32763,32764,32767,53429,1
5601,942,47501,18012,32760,32762,32764,32767,53430,0
5602,938,47486,18063,32761,32763,32765,32768,53430,1
5603,939,47459,18048,32759,32763,32764,32766,53429,1
5604,938,47494,18056,32760,32763,32765,32768,53429,1
5605,938,47515,18019,32760,32764,32764,32766,53430,0
5606,943,47457,18037,32760,32764,32764,32766,53429,1
5607,938,47465,18047,32760,32763,32764,32765,53429,0
5608,938,47487,18068,32760,32762,32765,32766,53430,0
5609,938,47465,18045,32759,32762,32764,32766,53430,1
5610,939,47436,18005,32759,32764,32764,32766,53430,0
5611,942,47488,18031,32759,32763,32765,32767,53429,1
5612,943,47487,18061,32760,32763,32764,32767,53428,0
5613,943,47470,18070,32760,32763,32765,32766,53429,0
5614,938,47456,18047,32760,32763,32765,32766,53429,0
5615,939,47492,18030,32760,32763,32765,32766,53428,0
5616,942,47495,18029,32760,32763,32764,32766,53428,1
5617,938,47439,18064,32761,32762,32765,32767,53430,0
5618,939,47488,18053,32760,32763,32764,32766,53428,1
5619,938,47489,18047,32759,32762,32764,32767,53428,0
5620,938,47469,18022,32760,32762,32765,32765,53428,0
5621,942,47446,18020,32759,32763,32764,32766,53429,0
5622,939,47480,18070,32760,32763,32764,32766,53427,0
5623,938,47472,18043,32759,32763,32765,32766,53427,0
5624,938,47438,18032,32760,32762,32764,32766,53428,0
5625,939,47477,18019,32760,32762,32764,32766,53428,0
5626,938,47487,18042,32761,32764,32765,32767,53427,1
5627,942,47461,18069,32759,32764,32763,32767,53427,0
5628,938,47447,18047,32760,32763,32765,32766,53428,0
5629,938,47495,18034,32759,32763,32765,32766,53427,0
5630,938,47471,18040,32760,32764,32764,32766,53429,0
5631,943,47443,18056,32761,32764,32764,32767,53428,0
5632,938,47488,18068,32760,32763,32763,32766,53427,0
5633,938,47483,18063,32760,32764,32765,32766,53427,0
5634,938,47466,18033,32760,32763,32764,32767,53428,0
5635,939,47471,18052,32760,32763,32765,32767,53427,0
5636,942,47477,18060,32760,32763,32764,32766,53427,0
5637,938,47498,18065,32759,32762,32765,32767,53429,0
5638,939,47448,18041,32760,32764,32764,32767,53429,1
5639,938,47474,18015,32760,32763,32764,32766,53427,0
5640,938,47482,18052,32760,32764,32764,32766,53427,1
5641,942,47464,18076,32760,32763,32765,32766,53428,1
5642,939,47448,18061,32760,32763,32764,32766,53428,1
5643,938,47487,18030,32759,32763,32764,32767,53428,1
5644,938,47472,18023,32759,32762,32765,32767,53427,0
5645,938,47424,18065,32759,32763,32764,32765,53427,0
5646,942,47477,18060,32759,32762,32764,32766,53427,0
5647,939,47485,18057,32759,32763,32765,32767,53427,1
5648,938,47453,18042,32760,32763,32764,32766,53427,0
5649,938,47457,18036,32760,32763,32766,32766,53427,1
5650,938,47490,18063,32759,32763,32766,32766,53430,0
5651,942,47490,18085,32759,32762,32764,32765,53426,0
5652,938,47439,18044,32759,32763,32765,32767,53427,0
5653,939,47468,18024,32759,32762,32765,32767,53428,0
5654,938,47479,18058,32760,32763,32764,32767,53428,1
5655,938,47451,18062,32760,32764,32765,32767,53428,1
5656,943,47452,18062,32760,32763,32764,32766,53427,0
5657,938,47492,18045,32760,32762,32764,32766,53427,0
5658,938,47473,18019,32760,32763,32765,32767,53427,0
5659,938,47437,18062,32760,32763,32764,32768,53430,0
5660,939,47487,18085,32760,32763,32764,32767,53426,1
5661,944,47484,18065,32761,32763,32765,32766,53427,0
5662,941,47473,18049,32759,32763,32765,32767,53427,0
5663,938,47440,18017,32759,32763,32764,32766,53426,0
5664,938,47491,18058,32759,32764,32764,32766,53426,0
5665,938,47482,18060,32760,32764,32765,32766,53423,0
5666,943,47441,18056,32759,32762,32764,32767,53426,0
5667,938,47469,18037,32760,32763,32764,32767,53426,0
5668,938,47490,18039,32760,32764,32765,32767,53425,0
5669,939,47468,18068,32760,32763,32764,32766,53427,0
5670,938,47445,18066,32760,32762,32764,32767,53426,0
5671,942,47499,18051,32760,32763,32764,32765,53426,0
5672,939,47482,18035,32760,32763,32763,32767,53425,0
5673,938,47443,18046,32761,32763,32764,32766,53425,0
5674,938,47489,18055,32759,32762,32765,32768,53426,1
5675,938,47508,18043,32758,32763,32764,32765,53426,0
5676,943,47471,18060,32759,32763,32765,32768,53426,0
5677,938,47451,18008,32759,32763,32765,32767,53426,0
5678,938,47492,18062,32760,32763,32764,32767,53425,2
5679,938,47491,18086,32759,32763,32765,32765,53426,0
5680,938,47439,18062,32759,32763,32764,32767,53426,0
5681,942,47477,18052,32760,32764,32764,32767,53426,0
5682,939,47500,18027,32760,32763,32763,32766,53425,0
5683,938,47475,18070,32759,32763,32764,32766,53426,0
5684,938,47456,18071,32760,32764,32765,32766,53426,0
5685,938,47480,18049,32759,32764,32766,32768,53425,0
5686,943,47490,18036,32759,32763,32764,32767,53425,0
5687,938,47438,18026,32760,32763,32765,32766,53425,0
5688,938,47482,18058,32760,32763,32765,32767,53426,0
5689,938,47502,18061,32759,32762,32764,32766,53425,0
5690,939,47482,18048,32759,32763,32764,32767,53425,0
5691,942,47442,18037,32760,32763,32764,32768,53424,0
5692,938,47491,18064,32760,32763,32764,32767,53426,0
5693,939,47490,18073,32759,32763,32765,32767,53426,0
5694,949,47452,18070,32760,32763,32764,32766,53426,0
5695,943,47441,18048,32759,32763,32764,32766,53426,1
5696,942,47484,18048,32760,32763,32765,32767,53426,0
5697,939,47482,18037,32760,32764,32764,32768,53426,0
5698,938,47456,18067,32759,32763,32765,32766,53425,0
5699,938,47483,18055,32760,32762,32765,32765,53424,0
5700,939,47493,18061,32760,32763,32764,32766,53424,0
5701,942,47477,18045,32760,32763,32764,32768,53425,0
5702,938,47439,18027,32760,32763,32764,32766,53424,0
5703,939,47485,18059,32760,32763,32765,32766,53423,0
5704,938,47492,18063,32760,32763,32765,32766,53424,1
5705,938,47455,18051,32760,32762,32764,32765,53423,1
5706,942,47450,18031,32760,32764,32765,32766,53424,1
5707,938,47482,18043,32760,32762,32765,32767,53424,1
5708,938,47462,18083,32759,32763,32764,32765,53424,0
5709,939,47440,18056,32759,32763,32765,32767,53424,0
5710,938,47485,18054,32760,32763,32764,32767,53424,0
5711,942,47483,18040,32759,32762,32764,32766,53424,0
5712,938,47435,18066,32759,32763,32765,32767,53426,0
5713,938,47467,18072,32759,32763,32764,32766,53424,0
5714,939,47486,18070,32760,32763,32765,32766,53423,1
5715,938,47464,18056,32759,32763,32765,32767,53424,0
5716,942,47441,18042,32760,32763,32765,32767,53425,0
5717,938,47486,18071,32759,32762,32765,32766,53423,0
5718,939,47468,18079,32759,32764,32765,32767,53425,0
5719,938,47440,18069,32759,32763,32764,32765,53424,0
5720,938,47475,18023,32761,32763,32764,32767,53425,0
5721,943,47494,18040,32759,32763,32764,32767,53424,0
5722,938,47451,18082,32761,32764,32763,32767,53424,0
5723,938,47412,18057,32760,32763,32764,32767,53425,0
5724,938,47468,18051,32760,32762,32765,32766,53423,0
5725,939,47476,18032,32759,32763,32765,32767,53424,0
5726,942,47447,18060,32761,32764,32764,32768,53424,0
5727,943,47464,18074,32760,32762,32763,32767,53425,0
5728,943,47484,18060,32760,32763,32764,32765,53425,0
5729,938,47477,18062,32759,32762,32765,32767,53424,0
5730,939,47415,18030,32760,32763,32765,32767,53424,0
5731,942,47455,18034,32759,32763,32764,32767,53424,1
5732,938,47475,18075,32760,32764,32765,32766,53424,0
5733,939,47453,18093,32760,32763,32765,32766,53424,0
5734,938,47427,18044,32761,32763,32764,32765,53424,1
5735,938,47477,18050,32760,32763,32765,32766,53424,1
5736,943,47470,18065,32759,32763,32765,32767,53423,0
5737,938,47423,18088,32760,32763,32765,32766,53423,0
5738,938,47469,18078,32759,32763,32764,32765,53424,0
5739,938,47460,18067,32760,32762,32765,32767,53423,1
5740,939,47451,18050,32760,32763,32764,32767,53424,0
5741,942,47429,18064,32759,32762,32763,32766,53424,0
5742,938,47477,18067,32760,32763,32764,32765,53423,1
5743,938,47480,18077,32760,32763,32764,32767,53422,0
5744,938,47419,18036,32759,32762,32766,32767,53424,0
5745,938,47467,18036,32759,32764,32764,32766,53424,0
5746,943,47477,18073,32760,32764,32764,32767,53421,0
5747,938,47461,18091,32760,32762,32765,32766,53423,1
5748,938,47417,18071,32759,32763,32765,32765,53424,0
5749,939,47486,18050,32759,32763,32763,32766,53424,0
5750,938,47467,18065,32760,32764,32765,32767,53424,0
5751,942,47437,18091,32759,32763,32765,32767,53424,0
5752,939,47462,18071,32760,32763,32765,32767,53424,0
5753,938,47458,18076,32760,32763,32765,32767,53423,1
5754,938,47457,18051,32760,32763,32764,32766,53422,1
5755,938,47424,18063,32759,32762,32764,32766,53423,0
5756,943,47487,18077,32759,32762,32765,32767,53423,0
5757,938,47461,18092,32759,32763,32764,32765,53422,0
5758,938,47426,18062,32759,32763,32764,32766,53423,0
5759,939,47470,18047,32760,32763,32764,32766,53422,0
5760,949,47477,18069,32760,32763,32765,32767,53423,1
5761,942,47475,18086,32760,32763,32764,32767,53421,0
5762,938,47460,18078,32760,32763,32764,32767,53423,0
5763,938,47467,18066,32759,32763,32764,32767,53422,2
5764,938,47478,18047,32759,32764,32764,32767,53423,0
5765,939,47440,18071,32759,32763,32764,32766,53423,5
5766,942,47434,18067,32759,32763,32764,32766,53421,0
5767,938,47492,18089,32760,32763,32765,32767,53423,0
5768,938,47479,18073,32759,32764,32765,32766,53423,0
5769,939,47432,18059,32759,32763,32764,32767,53420,0
5770,938,47474,18081,32760,32762,32764,32767,53423,0
5771,943,47481,18089,32759,32762,32763,32765,53422,0
5772,938,47460,18083,32760,32762,32765,32766,53423,1
5773,938,47444,18039,32760,32765,32764,32766,53422,0
5774,938,47481,18062,32759,32763,32765,32767,53422,0
5775,939,47474,18075,32760,32763,32765,32767,53422,0
5776,942,47445,18083,32760,32764,32764,32767,53423,1
5777,938,47460,18069,32761,32763,32765,32766,53422,1
5778,938,47473,18045,32760,32763,32765,32766,53423,0
5779,938,47455,18077,32760,32763,32765,32766,53422,0
5780,939,47444,18084,32759,32763,32765,32767,53421,0
5781,942,47474,18091,32759,32763,32764,32766,53422,1
5782,938,47472,18066,32760,32763,32764,32767,53422,0
5783,939,47432,18032,32759,32762,32764,32767,53421,0
5784,938,47479,18066,32760,32764,32764,32767,53421,1
5785,938,47469,18081,32760,32763,32764,32767,53421,0
5786,943,47451,18077,32760,32763,32764,32766,53421,0
5787,938,47428,18059,32760,32764,32763,32767,53422,0
5788,938,47479,18037,32759,32763,32764,32767,53421,1
5789,938,47454,18088,32760,32763,32765,32766,53423,0
5790,939,47418,18082,32760,32764,32765,32766,53421,0
5791,942,47450,18064,32759,32764,32764,32767,53422,0
5792,938,47457,18051,32759,32762,32765,32767,53420,0
5793,944,47438,18061,32759,32763,32765,32767,53422,0
5794,938,47432,18075,32759,32763,32765,32765,53421,0
5795,938,47481,18077,32759,32763,32766,32765,53422,1
5796,943,47483,18082,32760,32763,32764,32766,53420,0
5797,938,47429,18063,32760,32762,32765,32767,53421,0
5798,938,47435,18060,32759,32762,32764,32767,53415,1
5799,938,47483,18088,32760,32763,32764,32767,53421,1
5800,939,47455,18084,32759,32764,32765,32767,53420,0
5801,942,47426,18069,32759,32763,32763,32766,53420,0
5802,939,47479,18054,32761,32763,32765,32766,53420,0
5803,938,47474,18084,32760,32762,32764,32767,53420,0
5804,938,47443,18081,32759,32763,32765,32766,53422,0
5805,938,47454,18070,32761,32763,32765,32766,53421,0
5806,943,47478,18053,32759,32763,32765,32767,53419,1
5807,938,47440,18061,32759,32764,32765,32766,53422,0
5808,938,47418,18075,32760,32762,32764,32767,53420,0
5809,939,47455,18083,32760,32762,32764,32767,53420,0
5810,943,47454,18098,32760,32763,32765,32767,53420,0
5811,942,47447,18057,32760,32764,32763,32766,53419,1
5812,938,47437,18047,32759,32764,32764,32766,53420,0
5813,938,47463,18087,32760,32763,32764,32767,53421,0
5814,939,47476,18083,32759,32763,32765,32766,53420,0
5815,938,47417,18080,32760,32764,32765,32766,53420,0
5816,942,47459,18059,32759,32762,32765,32767,53420,1
5817,939,47470,18071,32759,32763,32765,32766,53420,0
5818,938,47440,18089,32760,32763,32764,32766,53420,0
5819,938,47457,18082,32759,32762,32765,32767,53420,0
5820,938,47481,18087,32759,32763,32765,32767,53420,0
5821,943,47483,18062,32759,32763,32765,32767,53420,0
5822,938,47428,18046,32760,32763,32765,32767,53420,0
5823,938,47461,18074,32759,32763,32765,32767,53420,0
5824,938,47473,18092,32760,32763,32765,32766,53419,0
5825,939,47431,18078,32760,32762,32764,32767,53420,0
5826,947,47430,18039,32759,32762,32764,32767,53420,0
5827,943,47448,18029,32760,32764,32765,32766,53420,0
5828,938,47465,18068,32761,32763,32765,32766,53419,0
5829,939,47430,18098,32759,32763,32765,32766,53420,0
5830,938,47429,18050,32759,32762,32764,32767,53419,0
5831,942,47466,18062,32760,32762,32764,32766,53419,0
5832,939,47473,18081,32759,32764,32765,32767,53419,0
5833,938,47420,18082,32761,32763,32764,32767,53419,1
5834,938,47455,18091,32760,32764,32764,32765,53419,2
5835,938,47464,18074,32760,32764,32765,32767,53418,0
5836,943,47443,18056,32760,32762,32764,32766,53420,0
5837,938,47433,18084,32759,32762,32764,32767,53418,0
5838,938,47475,18094,32760,32763,32765,32767,53418,0
5839,939,47464,18098,32760,32764,32765,32767,53419,0
5840,938,47423,18063,32760,32763,32764,32767,53418,0
5841,942,47471,18054,32760,32763,32765,32767,53419,0
5842,938,47472,18090,32759,32763,32766,32767,53417,1
5843,938,47433,18090,32759,32763,32764,32767,53418,0
5844,938,47447,18076,32761,32762,32766,32767,53417,0
5845,939,47460,18068,32760,32762,32764,32766,53417,0
5846,942,47445,18073,32760,32763,32763,32767,53417,0
5847,938,47413,18084,32759,32763,32764,32766,53417,0
5848,939,47443,18088,32759,32763,32765,32767,53417,0
5849,938,47453,18078,32760,32763,32763,32766,53417,0
5850,938,47413,18047,32759,32764,32764,32767,53417,3
5851,942,47436,18070,32759,32764,32765,32766,53417,7
5852,939,47460,18096,32760,32763,32764,32767,53417,0
5853,938,47464,18104,32760,32764,32763,32766,53418,0
5854,938,47404,18060,32759,32764,32764,32766,53416,0
5855,938,47457,18047,32761,32762,32765,32766,53416,0
5856,943,47467,18097,32760,32763,32765,32766,53417,0
5857,938,47433,18089,32759,32763,32764,32766,53417,0
5858,938,47434,18083,32759,32763,32764,32766,53418,1
5859,943,47464,18076,32759,32763,32764,32767,53417,1
5860,938,47442,18072,32761,32764,32764,32766,53417,0
5861,942,47429,18105,32760,32763,32765,32766,53418,0
5862,939,47448,18093,32760,32763,32764,32767,53418,0
5863,938,47476,18097,32761,32763,32765,32767,53416,0
5864,938,47437,18080,32761,32763,32763,32765,53417,0
5865,938,47429,18079,32760,32763,32765,32766,53417,0
5866,942,47476,18095,32759,32762,32763,32766,53418,1
5867,939,47451,18108,32760,32763,32764,32766,53416,0
5868,938,47419,18079,32760,32763,32764,32767,53417,0
5869,938,47455,18067,32760,32762,32765,32766,53418,0
5870,938,47468,18092,32760,32763,32765,32765,53416,0
5871,943,47430,18097,32760,32763,32764,32766,53417,0
5872,938,47424,18092,32760,32763,32765,32767,53417,0
5873,938,47461,18095,32760,32762,32764,32766,53416,0
5874,938,47449,18054,32760,32763,32765,32767,53417,0
5875,939,47411,18096,32760,32763,32764,32767,53417,0
5876,942,47465,18084,32760,32762,32764,32766,53416,0
5877,938,47456,18098,32760,32763,32764,32766,53417,0
5878,938,47422,18072,32761,32763,32764,32766,53417,0
5879,938,47439,18032,32759,32763,32764,32766,53416,2
5880,939,47464,18096,32760,32763,32764,32767,53417,0
5881,942,47462,18102,32760,32762,32764,32765,53416,1
5882,938,47418,18074,32760,32763,32764,32766,53415,1
5883,938,47463,18065,32760,32763,32764,32766,53416,0
5884,939,47461,18079,32760,32763,32765,32767,53415,0
5885,938,47444,18107,32760,32763,32764,32766,53414,1
5886,942,47434,18096,32760,32763,32765,32767,53416,0
5887,939,47466,18084,32760,32763,32764,32766,53415,0
5888,938,47457,18072,32759,32764,32764,32767,53415,0
5889,938,47411,18096,32759,32763,32764,32767,53416,0
5890,938,47474,18104,32761,32763,32765,32766,53415,0
5891,942,47463,18105,32760,32763,32766,32766,53415,0
5892,942,47427,18071,32759,32763,32764,32766,53414,0
5893,938,47416,18056,32758,32763,32765,32767,53415,0
5894,938,47466,18082,32760,32763,32765,32766,53414,1
5895,938,47465,18110,32760,32763,32765,32766,53414,0
5896,943,47413,18096,32759,32764,32764,32767,53414,0
5897,938,47451,18072,32760,32763,32765,32766,53414,0
5898,938,47457,18075,32760,32764,32765,32767,53414,0
5899,939,47430,18092,32760,32762,32764,32766,53415,0
5900,938,47433,18083,32760,32763,32764,32766,53415,0
5901,942,47463,18109,32759,32762,32763,32766,53414,0
5902,939,47464,18092,32760,32762,32764,32766,53414,0
5903,938,47415,18069,32760,32763,32764,32766,53415,1
5904,938,47454,18099,32760,32763,32765,32767,53414,0
5905,938,47455,18120,32760,32763,32764,32766,53414,0
5906,943,47422,18098,32759,32762,32764,32766,53414,0
5907,938,47410,18085,32759,32763,32765,32766,53413,1
5908,938,47459,18105,32759,32762,32764,32766,53414,0
5909,938,47455,18109,32760,32762,32764,32765,53415,0
5910,938,47415,18100,32760,32763,32765,32767,53414,0
5911,943,47449,18084,32759,32762,32764,32767,53413,1
5912,938,47448,18071,32760,32762,32765,32767,53412,0
5913,938,47434,18111,32760,32763,32764,32766,53414,0
5914,938,47419,18101,32760,32763,32763,32767,53414,0
5915,939,47475,18098,32760,32763,32764,32767,53414,1
5916,942,47448,18088,32760,32762,32765,32767,53413,0
5917,938,47416,18074,32759,32762,32764,32766,53414,0
5918,939,47457,18097,32760,32763,32764,32767,53414,0
5919,938,47462,18104,32760,32763,32765,32767,53413,0
5920,938,47441,18100,32760,32763,32765,32766,53412,0
5921,942,47416,18065,32760,32763,32765,32766,53412,1
5922,938,47469,18076,32761,32763,32765,32766,53414,0
5923,938,47457,18117,32760,32763,32764,32767,53413,0
5924,939,47409,18118,32760,32764,32764,32766,53413,0
5925,949,47446,18103,32760,32763,32764,32766,53414,0
5926,938,47451,18089,32760,32763,32764,32765,53414,1
5927,942,47453,18087,32760,32763,32764,32766,53413,0
5928,938,47401,18093,32760,32764,32765,32766,53414,0
5929,938,47467,18101,32760,32763,32765,32767,53412,0
5930,939,47463,18095,32760,32763,32764,32767,53413,0
5931,942,47427,18088,32760,32763,32764,32767,53415,0
5932,938,47435,18088,32759,32762,32763,32767,53414,0
5933,938,47463,18112,32760,32762,32765,32766,53411,3
5934,939,47456,18126,32760,32763,32765,32767,53407,1
5935,938,47409,18091,32760,32763,32765,32766,53408,1
5936,942,47457,18071,32760,32762,32765,32766,53408,0
5937,939,47445,18096,32760,32762,32765,32767,53406,0
5938,938,47414,18112,32760,32762,32765,32766,53408,0
5939,938,47454,18083,32760,32763,32764,32767,53409,0
5940,939,47463,18091,32759,32763,32766,32766,53408,0
5941,942,47456,18077,32760,32763,32765,32766,53409,0
5942,938,47404,18097,32761,32762,32764,32767,53408,0
5943,938,47461,18097,32760,32763,32764,32766,53408,0
5944,938,47464,18095,32759,32763,32765,32767,53408,0
5945,938,47423,18072,32760,32763,32765,32766,53409,1
5946,943,47424,18071,32761,32764,32764,32766,53407,0
5947,938,47452,18105,32759,32762,32764,32766,53408,0
5948,938,47456,18109,32760,32764,32764,32767,53409,0
5949,938,47416,18096,32760,32762,32765,32766,53409,0
5950,939,47454,18087,32759,32764,32765,32766,53409,0
5951,942,47449,18088,32760,32763,32764,32767,53408,0
5952,938,47426,18116,32760,32763,32764,32768,53408,0
5953,938,47425,18103,32760,32763,32765,32767,53408,0
5954,939,47447,18090,32759,32762,32764,32766,53407,0
5955,938,47433,18076,32759,32763,32765,32766,53408,0
5956,942,47399,18098,32760,32763,32764,32767,53408,0
5957,939,47444,18118,32760,32763,32764,32767,53408,0
5958,948,47456,18110,32760,32763,32764,32766,53408,0
5959,943,47443,18106,32760,32763,32764,32766,53407,1
5960,938,47406,18094,32760,32762,32764,32767,53408,0
5961,943,47444,18073,32760,32763,32765,32767,53409,0
5962,938,47441,18112,32760,32763,32765,32766,53409,0
5963,938,47426,18101,32760,32763,32765,32766,53409,1
5964,938,47427,18084,32760,32763,32765,32766,53409,1
5965,939,47451,18070,32760,32763,32764,32767,53409,0
5966,942,47459,18091,32761,32763,32764,32767,53409,0
5967,938,47392,18104,32760,32763,32764,32766,53409,0
5968,939,47443,18107,32760,32764,32764,32767,53408,0
5969,938,47448,18068,32760,32762,32765,32766,53408,0
5970,938,47435,18070,32759,32763,32765,32767,53407,1
5971,942,47407,18096,32761,32764,32765,32766,53407,0
5972,938,47453,18110,32760,32763,32764,32767,53409,1
5973,939,47460,18105,32759,32763,32764,32766,53409,0
5974,938,47409,18068,32759,32763,32766,32767,53408,0
5975,938,47453,18069,32759,32762,32765,32767,53409,0
5976,942,47450,18093,32760,32763,32765,32767,53407,0
5977,938,47416,18121,32761,32764,32765,32766,53408,1
5978,939,47403,18089,32758,32763,32764,32767,53407,0
5979,938,47447,18044,32759,32763,32765,32766,53408,1
5980,938,47463,18092,32760,32763,32763,32766,53408,0
5981,942,47407,18096,32760,32763,32765,32767,53408,1
5982,939,47457,18117,32759,32763,32764,32766,53408,0
5983,938,47468,18102,32759,32762,32764,32767,53407,0
5984,938,47423,18075,32760,32763,32764,32766,53408,0
5985,939,47437,18096,32759,32763,32764,32766,53409,0
5986,942,47463,18101,32760,32764,32765,32767,53409,0
5987,938,47457,18115,32760,32763,32765,32766,53408,0
5988,938,47419,18076,32760,32762,32764,32766,53408,0
5989,939,47457,18065,32760,32763,32764,32767,53406,1
5990,938,47466,18108,32760,32762,32764,32766,53408,0
5991,943,47421,18109,32760,32764,32763,32765,53408,0
5992,941,47430,18099,32761,32763,32763,32766,53407,1
5993,938,47453,18091,32761,32763,32764,32766,53405,0
5994,939,47447,18086,32760,32764,32765,32766,53407,0
5995,938,47402,18127,32759,32763,32764,32766,53407,0
5996,942,47443,18120,32760,32763,32765,32767,53407,0
5997,938,47451,18117,32760,32763,32764,32766,53407,0
5998,939,47429,18103,32760,32763,32764,32767,53408,0
5999,938,47415,18078,32760,32762,32764,32767,53408,0
6000,938,47477,18108,32760,32764,32764,32766,53407,0
6001,943,47450,18118,32760,32763,32765,32766,53407,0
6002,943,47419,18125,32760,32763,32764,32766,53408,6
6003,938,47443,18087,32760,32763,32764,32766,53407,0
6004,939,47452,18107,32760,32763,32764,32766,53406,0
6005,938,47443,18124,32759,32763,32765,32767,53408,0
6006,942,47412,18121,32760,32763,32764,32766,53407,0
6007,939,47441,18110,32760,32763,32764,32766,53407,0
6008,943,47453,18070,32761,32763,32765,32766,53407,1
6009,938,47432,18077,32759,32762,32764,32767,53407,1
6010,938,47435,18119,32760,32763,32765,32767,53406,0
6011,943,47459,18116,32760,32763,32765,32767,53407,0
6012,938,47436,18106,32760,32763,32764,32765,53406,0
6013,938,47408,18092,32759,32762,32764,32767,53407,1
6014,939,47438,18107,32760,32764,32765,32766,53406,0
6015,938,47454,18124,32759,32763,32764,32766,53406,1
6016,942,47428,18118,32760,32763,32765,32766,53406,0
6017,939,47409,18104,32760,32763,32765,32767,53404,1
6018,938,47454,18086,32760,32763,32764,32765,53405,0
6019,938,47458,18109,32759,32763,32765,32766,53406,0
6020,938,47414,18118,32760,32763,32765,32767,53404,0
6021,943,47447,18110,32760,32764,32764,32767,53404,0
6022,938,47471,18092,32760,32763,32765,32766,53406,0
6023,938,47413,18072,32760,32763,32765,32766,53406,0
6024,944,47421,18101,32760,32762,32766,32766,53406,0
6025,938,47456,18112,32760,32763,32765,32766,53406,0
6026,942,47452,18114,32759,32764,32765,32767,53406,1
6027,938,47412,18087,32760,32762,32765,32765,53405,0
6028,938,47445,18087,32759,32763,32765,32766,53406,0
6029,939,47454,18117,32760,32764,32764,32766,53405,0
6030,938,47432,18114,32759,32762,32764,32766,53405,0
6031,942,47400,18119,32759,32763,32765,32767,53405,0
6032,939,47463,18097,32760,32761,32765,32766,53406,5
6033,938,47443,18108,32760,32763,32763,32767,53407,1
6034,938,47392,18128,32760,32763,32764,32767,53406,0
6035,938,47441,18115,32760,32763,32764,32767,53406,1
6036,940,47447,18113,32760,32763,32765,32766,53406,0
6037,941,47423,18099,32760,32762,32764,32767,53405,0
6038,938,47396,18100,32760,32763,32764,32767,53405,0
6039,939,47436,18114,32760,32763,32764,32766,53405,1
6040,938,47448,18126,32759,32763,32765,32766,53405,0
6041,942,47402,18109,32760,32763,32764,32765,53405,0
6042,938,47416,18065,32759,32762,32765,32766,53406,0
6043,938,47452,18129,32761,32762,32765,32766,53404,0
6044,938,47422,18130,32760,32763,32764,32767,53407,0
6045,939,47399,18102,32760,32763,32765,32766,53404,0
6046,942,47452,18101,32761,32763,32765,32766,53405,1
6047,938,47444,18101,32759,32764,32765,32766,53404,0
6048,939,47419,18105,32760,32762,32764,32766,53404,1
6049,938,47440,18109,32760,32763,32764,32767,53404,0
6050,938,47449,18103,32760,32763,32766,32766,53403,0
6051,943,47422,18095,32760,32764,32765,32766,53405,0
6052,938,47397,18089,32761,32762,32763,32766,53403,0
6053,938,47447,18116,32760,32763,32764,32767,53405,0
6054,938,47441,18119,32759,32763,32765,32767,53404,0
6055,939,47386,18095,32760,32763,32765,32767,53403,1
6056,942,47426,18082,32760,32764,32765,32767,53404,0
6057,942,47450,18117,32760,32763,32764,32766,53404,0
6058,938,47421,18121,32760,32763,32765,32767,53404,1
6059,938,47387,18114,32760,32763,32765,32767,53404,0
6060,938,47454,18085,32760,32763,32765,32767,53404,0
6061,943,47438,18084,32760,32761,32764,32767,53404,0
6062,938,47399,18110,32760,32763,32765,32766,53404,0
6063,938,47408,18125,32760,32763,32765,32767,53404,0
6064,939,47433,18117,32760,32764,32765,32767,53404,0
6065,938,47428,18091,32760,32763,32765,32767,53403,1
6066,942,47381,18055,32760,32764,32765,32767,53405,1
6067,939,47437,18109,32760,32763,32764,32767,53405,1
6068,938,47444,18116,32760,32764,32764,32766,53403,0
6069,938,47407,18102,32760,32763,32765,32767,53404,0
6070,938,47421,18080,32760,32764,32765,32767,53402,0
6071,943,47452,18100,32760,32763,32764,32767,53403,0
6072,938,47441,18132,32761,32763,32765,32767,53404,1
6073,944,47397,18121,32760,32762,32764,32766,53404,0
6074,938,47432,18108,32761,32763,32763,32766,53403,0
6075,938,47435,18087,32760,32763,32765,32766,53404,0
6076,942,47408,18092,32761,32763,32765,32766,53402,0
6077,939,47404,18119,32760,32762,32764,32766,53402,0
6078,938,47432,18134,32759,32763,32765,32766,53403,0
6079,938,47432,18107,32760,32764,32765,32766,53402,0
6080,938,47390,18080,32760,32763,32764,32766,53404,3
6081,942,47419,18103,32760,32763,32764,32765,53404,0
6082,939,47443,18126,32760,32763,32764,32767,53404,0
6083,938,47399,18122,32760,32763,32764,32767,53404,0
6084,938,47399,18104,32760,32764,32765,32765,53403,0
6085,938,47422,18103,32761,32764,32765,32767,53401,0
6086,943,47417,18118,32759,32764,32765,32766,53406,1
6087,938,47384,18118,32760,32763,32765,32766,53404,0
6088,938,47428,18121,32760,32763,32764,32767,53403,0
6089,939,47437,18093,32761,32763,32765,32765,53403,0
6090,949,47404,18098,32759,32764,32763,32767,53403,0
6091,942,47381,18109,32760,32763,32764,32766,53403,0
6092,939,47425,18135,32760,32764,32764,32766,53403,0
6093,938,47438,18130,32760,32763,32765,32766,53403,1
6094,938,47404,18118,32759,32762,32765,32767,53402,0
6095,938,47404,18096,32759,32762,32764,32766,53401,0
6096,943,47431,18115,32759,32763,32765,32766,53403,0
6097,938,47414,18127,32760,32763,32765,32766,53403,0
6098,938,47376,18111,32761,32763,32764,32765,53403,0
6099,938,47425,18089,32760,32762,32765,32765,53404,0
6100,939,47416,18096,32759,32762,32764,32767,53403,0
6101,942,47388,18123,32760,32763,32765,32766,53402,0
6102,938,47408,18130,32761,32763,32763,32767,53403,0
6103,939,47432,18119,32759,32763,32765,32766,53400,0
6104,938,47432,18085,32760,32763,32763,32766,53403,0
6105,938,47380,18105,32760,32763,32765,32768,53402,0
6106,942,47442,18132,32759,32763,32765,32766,53401,0
6107,938,47440,18126,32759,32764,32763,32765,53402,0
6108,938,47404,18116,32758,32763,32764,32766,53404,0
6109,939,47411,18085,32760,32763,32764,32766,53402,1
6110,938,47431,18117,32760,32763,32764,32767,53401,1
6111,942,47425,18132,32760,32762,32764,32766,53402,0
6112,939,47389,18133,32760,32762,32765,32766,53401,1
6113,938,47431,18105,32761,32762,32764,32766,53402,0
6114,938,47428,18093,32760,32763,32764,32766,53401,0
6115,938,47393,18130,32760,32762,32764,32766,53401,0
6116,943,47410,18114,32760,32763,32765,32767,53402,0
6117,938,47432,18121,32760,32763,32764,32766,53402,0
6118,938,47428,18094,32760,32762,32765,32766,53401,1
6119,939,47396,18096,32760,32763,32763,32766,53402,0
6120,938,47447,18119,32760,32764,32765,32766,53403,1
6121,943,47447,18132,32760,32763,32764,32767,53402,1
6122,938,47396,18119,32759,32763,32764,32766,53402,0
6123,944,47418,18060,32760,32763,32765,32767,53403,0
6124,943,47441,18083,32760,32763,32764,32766,53401,0
6125,938,47452,18125,32760,32763,32764,32767,53402,0
6126,943,47411,18128,32760,32762,32765,32767,53402,0
6127,938,47428,18106,32760,32763,32764,32766,53402,1
6128,938,47426,18081,32760,32763,32764,32766,53400,0
6129,939,47411,18096,32760,32763,32764,32766,53401,0
6130,938,47379,18112,32760,32764,32765,32766,53402,0
6131,942,47425,18107,32760,32763,32764,32766,53402,0
6132,938,47431,18106,32759,32763,32764,32767,53402,0
6133,938,47394,18078,32761,32763,32764,32766,53400,0
6134,939,47409,18103,32760,32763,32765,32766,53400,0
6135,938,47447,18118,32760,32763,32765,32765,53404,0
6136,942,47443,18122,32760,32763,32764,32767,53401,0
6137,939,47384,18083,32760,32763,32765,32766,53400,0
6138,938,47449,18064,32760,32764,32764,32766,53401,0
6139,938,47423,18120,32760,32762,32764,32767,53402,1
6140,938,47392,18135,32760,32763,32765,32766,53401,0
6141,942,47413,18130,32760,32762,32764,32768,53400,0
6142,938,47435,18095,32761,32763,32764,32766,53400,1
6143,939,47399,18098,32759,32763,32765,32766,53400,0
6144,938,47388,18133,32760,32763,32765,32767,53400,1
6145,938,47421,18118,32760,32762,32765,32766,53401,0
6146,943,47428,18117,32761,32763,32764,32767,53399,0
6147,938,47397,18086,32759,32763,32765,32767,53399,0
6148,938,47436,18089,32759,32763,32765,32766,53400,1
6149,938,47442,18137,32760,32763,32764,32765,53401,0
6150,939,47432,18144,32760,32763,32764,32767,53401,1
6151,942,47395,18120,32760,32763,32765,32767,53401,0
6152,938,47443,18096,32760,32763,32765,32766,53399,0
6153,939,47432,18112,32759,32763,32764,32766,53399,0
6154,938,47373,18112,32759,32763,32764,32767,53399,0
6155,938,47422,18116,32760,32763,32764,32767,53400,1
6156,944,47439,18115,32760,32763,32764,32767,53399,0
6157,941,47426,18097,32760,32763,32764,32767,53398,0
6158,938,47388,18106,32760,32763,32765,32766,53398,0
6159,938,47448,18131,32759,32763,32764,32765,53397,0
6160,939,47436,18134,32761,32764,32764,32766,53399,0
6161,942,47387,18119,32760,32763,32765,32767,53398,0
6162,938,47411,18101,32759,32763,32764,32766,53400,1
6163,938,47439,18128,32760,32762,32764,32767,53398,0
6164,939,47423,18132,32760,32764,32764,32767,53399,1
6165,938,47383,18116,32760,32763,32764,32768,53398,1
6166,942,47423,18110,32760,32763,32765,32766,53398,0
6167,939,47445,18112,32760,32763,32764,32767,53399,0
6168,938,47402,18129,32759,32764,32764,32766,53398,0
6169,938,47415,18133,32759,32763,32764,32767,53398,0
6170,938,47441,18117,32759,32763,32764,32766,53399,0
6171,943,47422,18093,32760,32763,32764,32767,53399,1
6172,944,47381,18100,32760,32763,32763,32766,53398,0
6173,943,47411,18117,32760,32763,32764,32767,53399,0
6174,938,47437,18137,32760,32762,32764,32765,53398,0
6175,939,47422,18129,32760,32763,32765,32767,53398,0
6176,942,47383,18092,32760,32762,32765,32766,53399,0
6177,938,47414,18093,32760,32764,32764,32766,53398,0
6178,939,47424,18122,32759,32762,32764,32766,53398,0
6179,938,47412,18135,32760,32763,32765,32766,53398,0
6180,938,47420,18095,32760,32763,32764,32767,53398,0
6181,943,47428,18072,32761,32763,32764,32766,53398,0
6182,938,47428,18118,32761,32763,32765,32767,53395,0
6183,938,47382,18135,32760,32763,32765,32766,53398,0
6184,938,47433,18137,32759,32763,32764,32766,53398,0
6185,939,47427,18125,32760,32764,32764,32766,53398,0
6186,941,47398,18100,32760,32763,32765,32767,53396,0
6187,939,47415,18127,32760,32764,32765,32766,53399,0
6188,938,47430,18139,32761,32762,32765,32767,53397,0
6189,944,47423,18133,32759,32764,32765,32766,53399,1
6190,943,47386,18123,32760,32763,32764,32766,53398,1
6191,943,47410,18101,32759,32763,32764,32766,53399,0
6192,938,47441,18117,32759,32763,32764,32767,53397,0
6193,938,47411,18130,32759,32762,32764,32766,53397,1
6194,938,47389,18142,32759,32762,32764,32766,53397,0
6195,939,47432,18132,32759,32764,32765,32767,53395,0
6196,942,47451,18115,32760,32762,32764,32767,53396,0
6197,938,47392,18132,32760,32763,32764,32765,53397,0
6198,938,47416,18127,32760,32763,32765,32766,53395,0
6199,939,47440,18131,32759,32763,32765,32766,53396,0
6200,938,47418,18121,32761,32762,32764,32766,53395,0
6201,942,47388,18104,32759,32763,32764,32767,53395,0
6202,939,47410,18152,32760,32762,32764,32766,53395,0
6203,938,47416,18161,32760,32764,32764,32766,53395,0
6204,938,47367,18132,32759,32763,32764,32766,53396,1
6205,938,47419,18107,32759,32762,32764,32765,53395,1
6206,942,47428,18123,32760,32762,32765,32766,53396,0
6207,938,47418,18155,32761,32763,32765,32766,53394,0
6208,939,47375,18134,32760,32763,32764,32766,53395,0
6209,938,47433,18127,32760,32764,32764,32767,53392,0
6210,938,47417,18104,32759,32762,32765,32767,53394,0
6211,945,47385,18139,32759,32763,32766,32766,53394,0
6212,941,47392,18145,32759,32763,32763,32767,53394,0
6213,938,47430,18146,32760,32763,32764,32766,53395,0
6214,939,47412,18141,32759,32764,32765,32766,53395,1
6215,938,47360,18089,32761,32763,32765,32768,53395,0
6216,942,47423,18120,32761,32762,32765,32766,53395,0
6217,939,47431,18147,32760,32763,32764,32766,53394,0
6218,938,47393,18150,32760,32762,32764,32767,53395,1
6219,938,47402,18115,32759,32763,32765,32766,53394,0
6220,938,47431,18116,32761,32764,32764,32765,53396,0
6221,943,47401,18139,32760,32763,32765,32766,53394,0
6222,948,47372,18153,32759,32762,32765,32767,53395,1
6223,938,47385,18148,32760,32763,32765,32768,53394,1
6224,938,47404,18129,32760,32763,32764,32766,53395,0
6225,938,47394,18110,32760,32762,32765,32767,53394,0
6226,943,47360,18131,32760,32763,32765,32766,53394,0
6227,938,47412,18150,32760,32764,32764,32767,53394,1
6228,938,47400,18133,32760,32763,32764,32766,53393,1
6229,938,47372,18118,32759,32764,32764,32766,53394,0
6230,939,47385,18112,32760,32763,32765,32767,53394,0
6231,942,47418,18137,32760,32763,32764,32766,53395,0
6232,938,47404,18160,32760,32763,32765,32767,53394,0
6233,939,47363,18151,32760,32763,32765,32766,53394,0
6234,938,47417,18137,32760,32762,32765,32767,53394,0
6235,938,47414,18110,32759,32763,32765,32767,53393,1
6236,943,47403,18152,32760,32763,32764,32766,53394,0
6237,938,47409,18130,32760,32764,32765,32767,53394,0
6238,938,47424,18135,32760,32762,32765,32766,53394,0
6239,938,47410,18105,32760,32763,32765,32767,53395,0
6240,938,47375,18114,32760,32763,32766,32767,53393,0
6241,942,47420,18132,32760,32762,32765,32766,53393,0
6242,938,47425,18155,32760,32763,32765,32766,53392,0
6243,938,47397,18123,32760,32763,32764,32767,53392,0
6244,939,47404,18120,32759,32763,32764,32767,53393,0
6245,938,47435,18141,32760,32763,32764,32767,53393,0
6246,942,47416,18155,32759,32763,32764,32767,53394,0
6247,939,47382,18140,32760,32763,32764,32765,53394,0
6248,938,47433,18121,32760,32763,32764,32767,53394,0
6249,938,47428,18136,32760,32764,32764,32765,53393,0
6250,938,47385,18152,32759,32763,32764,32766,53394,0
6251,943,47393,18158,32760,32764,32765,32767,53393,1
6252,938,47412,18155,32760,32763,32764,32766,53393,0
6253,938,47397,18123,32760,32763,32764,32767,53393,0
6254,939,47384,18130,32760,32763,32764,32765,53394,1
6255,949,47416,18139,32760,32762,32764,32765,53394,0
6256,942,47415,18136,32760,32763,32764,32767,53393,0
6257,938,47401,18150,32760,32762,32764,32767,53393,0
6258,938,47385,18114,32760,32762,32764,32766,53392,1
6259,938,47430,18114,32759,32763,32764,32767,53393,0
6260,939,47421,18148,32761,32763,32765,32766,53392,0
6261,942,47389,18175,32759,32762,32764,32766,53393,0
6262,938,47403,18156,32760,32764,32765,32767,53392,0
6263,939,47415,18128,32761,32763,32764,32767,53393,0
6264,938,47395,18134,32759,32763,32764,32765,53392,0
6265,938,47378,18152,32758,32763,32764,32766,53393,0
6266,942,47427,18163,32759,32763,32763,32767,53393,0
6267,938,47431,18151,32760,32764,32764,32766,53394,0
6268,939,47372,18108,32760,32763,32764,32768,53393,0
6269,938,47418,18126,32759,32764,32764,32767,53392,0
6270,938,47412,18145,32760,32763,32763,32767,53392,1
6271,943,47399,18151,32759,32763,32764,32765,53391,0
6272,943,47368,18148,32759,32763,32763,32767,53392,1
6273,938,47424,18111,32760,32763,32765,32767,53391,0
6274,939,47416,18134,32760,32764,32765,32767,53392,0
6275,938,47377,18156,32759,32763,32765,32766,53392,0
6276,942,47385,18141,32759,32762,32765,32766,53391,0
6277,939,47402,18132,32759,32763,32765,32766,53391,0
6278,938,47395,18110,32759,32763,32764,32766,53392,0
6279,938,47361,18137,32761,32763,32765,32767,53392,3
6280,938,47418,18134,32760,32763,32764,32766,53392,1
6281,943,47434,18150,32760,32764,32764,32766,53392,0
6282,938,47386,18125,32760,32764,32765,32766,53390,0
6283,938,47405,18105,32760,32764,32764,32766,53391,1
6284,938,47431,18159,32760,32762,32764,32767,53392,0
6285,939,47403,18152,32760,32762,32765,32766,53390,1
6286,942,47380,18130,32760,32763,32764,32766,53391,0
6287,938,47416,18122,32760,32763,32764,32766,53391,1
6288,943,47426,18135,32760,32764,32765,32766,53390,0
6289,943,47386,18155,32759,32763,32764,32767,53390,0
6290,938,47368,18156,32761,32763,32764,32768,53390,1
6291,942,47435,18144,32759,32763,32764,32766,53390,0
6292,938,47416,18134,32760,32763,32764,32767,53390,0
6293,939,47375,18123,32759,32762,32765,32765,53391,0
6294,938,47396,18145,32760,32763,32764,32766,53392,0
6295,938,47432,18161,32761,32762,32765,32767,53391,0
6296,942,47407,18154,32759,32763,32764,32767,53391,0
6297,939,47374,18119,32760,32763,32764,32767,53391,0
6298,938,47416,18136,32760,32762,32765,32766,53391,0
6299,938,47418,18149,32760,32762,32765,32767,53390,0
6300,939,47374,18156,32760,32763,32765,32768,53391,0
6301,942,47409,18130,32760,32763,32765,32766,53391,0
6302,938,47419,18124,32760,32762,32765,32767,53391,1
6303,939,47421,18139,32760,32764,32765,32766,53390,0
6304,938,47380,18149,32760,32763,32765,32767,53390,0
6305,943,47419,18154,32760,32763,32764,32766,53391,0
6306,943,47437,18144,32760,32763,32764,32767,53391,0
6307,938,47390,18117,32759,32763,32764,32767,53391,0
6308,938,47389,18136,32759,32762,32765,32766,53391,0
6309,938,47411,18149,32760,32763,32764,32766,53391,0
6310,939,47411,18138,32761,32763,32765,32767,53392,0
6311,942,47354,18124,32760,32763,32765,32766,53390,0
6312,938,47411,18111,32760,32764,32764,32768,53392,0
6313,939,47430,18146,32759,32762,32765,32767,53391,2
6314,938,47393,18164,32760,32763,32764,32767,53390,0
6315,938,47397,18150,32761,32763,32764,32766,53392,1
6316,942,47406,18127,32760,32762,32764,32766,53391,0
6317,939,47404,18125,32759,32764,32765,32766,53391,0
6318,938,47360,18148,32760,32762,32764,32766,53391,0
6319,938,47417,18153,32760,32764,32765,32767,53391,0
6320,939,47432,18139,32759,32762,32765,32766,53391,0
6321,947,47375,18132,32760,32763,32764,32766,53391,0
6322,938,47364,18100,32760,32763,32764,32767,53391,0
6323,938,47415,18163,32760,32762,32764,32766,53391,0
6324,938,47404,18154,32759,32764,32765,32767,53391,1
6325,939,47357,18151,32760,32763,32763,32767,53391,0
6326,942,47399,18125,32759,32762,32764,32767,53390,0
6327,938,47417,18138,32760,32762,32765,32767,53391,2
6328,939,47374,18159,32760,32762,32764,32766,53391,1
6329,938,47361,18161,32760,32763,32764,32766,53390,0
6330,938,47410,18144,32761,32763,32764,32766,53390,0
6331,942,47395,18106,32759,32762,32765,32767,53390,0
6332,939,47373,18144,32760,32764,32764,32766,53391,0
6333,938,47394,18161,32760,32763,32765,32766,53390,0
6334,938,47416,18162,32759,32762,32764,32766,53390,1
6335,938,47382,18139,32761,32763,32764,32766,53391,0
6336,943,47368,18127,32760,32763,32765,32767,53390,0
6337,938,47395,18158,32760,32762,32764,32766,53390,0
6338,938,47380,18157,32760,32763,32765,32766,53390,0
6339,938,47369,18148,32760,32764,32765,32767,53390,0
6340,938,47406,18119,32760,32763,32764,32766,53391,0
6341,943,47399,18128,32760,32762,32764,32767,53391,0
6342,938,47377,18171,32760,32762,32764,32766,53388,0
6343,938,47377,18147,32759,32763,32765,32767,53391,0
6344,939,47415,18162,32759,32762,32765,32768,53391,0
6345,938,47388,18124,32761,32763,32765,32766,53391,0
6346,942,47368,18141,32760,32763,32763,32767,53391,0
6347,938,47412,18165,32760,32763,32765,32766,53391,0
6348,938,47424,18171,32759,32762,32764,32766,53390,1
6349,938,47368,18152,32760,32762,32765,32766,53390,0
6350,939,47365,18116,32760,32763,32764,32767,53390,1
6351,942,47398,18144,32760,32764,32764,32766,53391,0
6352,938,47389,18160,32760,32762,32765,32767,53390,3
6353,938,47343,18152,32759,32763,32765,32766,53390,0
6354,943,47406,18133,32760,32762,32764,32766,53390,0
6355,938,47403,18131,32760,32763,32764,32767,53390,0
6356,942,47386,18150,32760,32764,32764,32767,53389,0
6357,939,47356,18153,32759,32762,32764,32767,53390,0
6358,938,47387,18141,32760,32763,32765,32767,53390,0
6359,938,47402,18136,32760,32763,32763,32767,53389,0
6360,938,47368,18143,32760,32763,32765,32767,53388,0
6361,943,47393,18166,32760,32763,32765,32767,53390,1
6362,938,47398,18166,32760,32762,32764,32767,53390,0
6363,938,47375,18146,32759,32762,32764,32767,53390,0
6364,939,47357,18117,32760,32762,32765,32766,53390,1
6365,938,47411,18148,32760,32763,32765,32766,53389,0
6366,942,47399,18147,32760,32763,32765,32767,53390,0
6367,939,47349,18150,32760,32763,32764,32766,53390,1
6368,938,47403,18121,32760,32763,32765,32767,53389,0
6369,938,47392,18106,32760,32762,32764,32767,53389,0
6370,938,47367,18147,32761,32761,32764,32766,53391,0
6371,942,47357,18148,32760,32764,32765,32767,53390,0
6372,938,47398,18152,32761,32762,32764,32767,53390,0
6373,939,47388,18140,32759,32763,32763,32767,53390,0
6374,938,47358,18136,32760,32764,32764,32767,53389,0
6375,938,47404,18148,32760,32762,32765,32767,53389,0
6376,943,47401,18148,32760,32763,32763,32766,53390,1
6377,938,47379,18149,32760,32763,32765,32767,53389,1
6378,938,47362,18107,32759,32763,32765,32766,53389,0
6379,938,47403,18137,32760,32763,32765,32767,53389,0
6380,939,47404,18161,32760,32763,32764,32766,53389,0
6381,942,47341,18152,32760,32762,32764,32766,53391,0
6382,938,47396,18139,32760,32762,32764,32767,53388,1
6383,939,47393,18121,32760,32764,32765,32766,53390,0
6384,938,47377,18152,32759,32762,32763,32767,53390,0
6385,938,47364,18158,32759,32763,32765,32767,53389,0
6386,943,47392,18163,32759,32764,32764,32766,53389,0
6387,949,47395,18150,32760,32762,32765,32766,53388,0
6388,938,47360,18131,32760,32763,32765,32766,53389,0
6389,938,47360,18130,32760,32763,32765,32766,53389,0
6390,938,47387,18189,32760,32763,32764,32767,53389,0
6391,943,47379,18177,32760,32762,32765,32767,53389,0
6392,938,47344,18147,32759,32764,32764,32766,53389,0
6393,938,47387,18121,32760,32763,32765,32767,53389,1
6394,938,47403,18152,32759,32763,32764,32767,53389,1
6395,939,47363,18165,32760,32763,32764,32767,53389,0
6396,942,47364,18162,32759,32762,32764,32767,53388,0
6397,938,47392,18157,32760,32764,32765,32766,53389,0
6398,939,47383,18128,32761,32763,32764,32766,53388,1
6399,938,47335,18162,32761,32764,32764,32767,53387,0
6400,938,47393,18179,32760,32763,32765,32767,53390,0
6401,939,47414,18159,32760,32763,32764,32766,53390,1
6402,941,47381,18130,32760,32763,32764,32766,53390,0
6403,939,47359,18127,32760,32763,32764,32766,53390,0
6404,943,47389,18157,32759,32763,32765,32766,53390,0
6405,938,47377,18178,32760,32764,32765,32767,53390,0
6406,942,47352,18167,32760,32763,32764,32768,53390,0
6407,939,47373,18128,32760,32764,32765,32765,53390,0
6408,938,47396,18131,32760,32763,32764,32767,53389,0
6409,938,47374,18173,32760,32762,32764,32765,53389,0
6410,938,47357,18159,32760,32763,32765,32766,53389,1
6411,943,47401,18154,32760,32763,32764,32766,53390,0
6412,938,47388,18138,32759,32763,32764,32767,53390,0
6413,939,47338,18148,32759,32763,32764,32767,53390,0
6414,938,47394,18161,32759,32764,32764,32766,53389,0
6415,938,47386,18174,32760,32763,32763,32767,53389,0
6416,943,47365,18156,32760,32762,32765,32767,53389,0
6417,938,47350,18125,32759,32763,32765,32767,53388,0
6418,938,47398,18166,32760,32763,32763,32765,53389,0
6419,938,47397,18176,32759,32763,32765,32766,53389,0
6420,944,47345,18160,32761,32763,32764,32766,53388,1
6421,942,47374,18130,32759,32762,32764,32767,53390,0
6422,938,47386,18136,32760,32764,32764,32767,53388,0
6423,939,47384,18155,32759,32763,32765,32767,53390,0
6424,938,47344,18164,32760,32763,32764,32767,53389,0
6425,938,47387,18164,32761,32763,32765,32766,53387,0
6426,943,47405,18149,32759,32763,32764,32765,53389,0
6427,938,47354,18156,32759,32763,32764,32766,53388,1
6428,938,47394,18163,32760,32763,32765,32766,53388,6
6429,938,47422,18171,32759,32764,32764,32766,53388,1
6430,939,47391,18180,32759,32763,32765,32766,53388,0
6431,942,47357,18142,32760,32763,32765,32766,53387,0
6432,938,47395,18138,32760,32763,32765,32766,53388,0
6433,939,47398,18173,32759,32763,32765,32766,53388,0
6434,938,47365,18173,32759,32763,32764,32767,53388,1
6435,938,47387,18156,32760,32762,32764,32767,53388,0
6436,943,47394,18135,32760,32764,32764,32766,53388,1
6437,943,47387,18148,32760,32764,32764,32766,53389,0
6438,938,47352,18162,32760,32763,32765,32766,53388,0
6439,938,47396,18180,32759,32763,32764,32766,53388,2
6440,939,47405,18146,32761,32762,32764,32766,53388,0
6441,942,47369,18125,32760,32764,32764,32767,53389,0
6442,939,47378,18150,32759,32763,32765,32767,53388,1
6443,938,47400,18161,32761,32763,32764,32767,53389,0
6444,938,47388,18169,32760,32763,32765,32767,53388,0
6445,938,47337,18133,32760,32763,32765,32765,53388,0
6446,943,47389,18113,32761,32762,32765,32766,53388,0
6447,938,47395,18155,32760,32762,32764,32766,53387,0
6448,938,47376,18164,32760,32763,32765,32767,53388,0
6449,939,47369,18144,32760,32763,32764,32765,53388,0
6450,938,47389,18144,32760,32764,32765,32767,53387,0
6451,942,47372,18133,32760,32763,32765,32767,53388,0
6452,938,47352,18167,32760,32762,32764,32767,53389,0
6453,943,47398,18167,32760,32763,32763,32765,53389,0
6454,938,47387,18175,32760,32764,32765,32767,53389,0
6455,938,47378,18153,32760,32763,32764,32767,53388,0
6456,943,47349,18129,32760,32763,32764,32767,53388,0
6457,938,47394,18158,32760,32762,32764,32767,53388,0
6458,938,47382,18180,32760,32763,32764,32766,53389,0
6459,938,47352,18147,32759,32762,32765,32766,53388,0
6460,939,47391,18118,32760,32763,32765,32766,53390,0
6461,942,47400,18142,32760,32763,32764,32766,53388,0
6462,938,47395,18167,32761,32764,32766,32767,53386,0
6463,939,47350,18155,32759,32763,32765,32766,53387,0
6464,938,47397,18158,32760,32763,32765,32767,53387,0
6465,938,47368,18138,32760,32763,32765,32767,53388,0
6466,939,47328,18155,32760,32763,32763,32766,53389,0
6467,942,47393,18179,32759,32762,32764,32767,53388,1
6468,938,47391,18170,32759,32762,32764,32767,53387,1
6469,938,47378,18153,32760,32763,32765,32766,53387,0
6470,938,47344,18129,32759,32763,32764,32766,53387,0
6471,942,47391,18164,32759,32762,32765,32767,53387,0
6472,938,47395,18181,32760,32763,32764,32766,53388,1
6473,939,47341,18158,32759,32764,32764,32766,53387,0
6474,938,47384,18138,32760,32763,32765,32766,53388,1
6475,938,47370,18150,32759,32763,32764,32767,53387,0
6476,943,47367,18174,32760,32763,32764,32766,53389,0
6477,938,47348,18171,32760,32763,32766,32767,53387,0
6478,938,47393,18182,32760,32763,32765,32767,53389,0
6479,938,47407,18154,32760,32762,32764,32767,53388,0
6480,939,47345,18151,32760,32763,32765,32767,53388,0
6481,944,47385,18171,32759,32763,32765,32767,53387,0
6482,942,47385,18168,32760,32762,32765,32766,53387,1
6483,938,47382,18175,32759,32764,32765,32766,53387,0
6484,939,47334,18150,32760,32763,32765,32767,53386,0
6485,938,47394,18177,32760,32763,32763,32766,53385,0
6486,946,47399,18175,32759,32764,32764,32766,53386,0
6487,938,47357,18197,32760,32762,32764,32767,53387,0
6488,938,47356,18163,32761,32763,32765,32765,53386,0
6489,938,47386,18149,32760,32763,32765,32767,53387,0
6490,939,47383,18186,32761,32763,32764,32765,53387,0
6491,942,47342,18176,32760,32763,32765,32766,53388,0
6492,938,47391,18178,32761,32762,32765,32766,53388,0
6493,939,47396,18157,32760,32763,32764,32767,53387,0
6494,938,47347,18160,32759,32763,32764,32766,53387,0
6495,938,47372,18170,32760,32764,32764,32766,53385,0
6496,943,47393,18184,32761,32764,32763,32765,53385,0
6497,938,47399,18187,32760,32763,32764,32766,53387,0
6498,938,47344,18153,32760,32763,32765,32766,53387,0
6499,938,47397,18155,32760,32763,32764,32767,53387,0
6500,939,47403,18191,32759,32763,32765,32767,53382,0
6501,942,47367,18195,32759,32763,32764,32767,53385,0
6502,938,47358,18157,32760,32763,32764,32766,53386,0
6503,938,47392,18133,32759,32762,32765,32766,53384,0
6504,938,47383,18169,32759,32763,32765,32766,53384,0
6505,938,47352,18195,32760,32763,32764,32767,53386,2
6506,942,47402,18181,32760,32763,32765,32767,53386,1
6507,938,47403,18174,32760,32763,32765,32766,53386,0
6508,939,47352,18146,32759,32763,32765,32767,53385,0
6509,938,47363,18183,32760,32763,32765,32766,53386,0
6510,938,47392,18187,32760,32763,32764,32767,53385,1
6511,943,47392,18198,32760,32763,32765,32766,53382,0
6512,938,47332,18155,32760,32761,32763,32767,53386,0
6513,938,47367,18134,32759,32762,32764,32766,53386,0
6514,938,47392,18189,32760,32764,32763,32767,53387,1
6515,939,47363,18190,32760,32763,32765,32766,53387,0
6516,942,47381,18168,32760,32764,32766,32767,53386,0
6517,938,47406,18151,32759,32763,32765,32766,53385,0
6518,938,47385,18169,32761,32763,32764,32766,53386,0
6519,943,47339,18184,32760,32763,32764,32767,53385,1
6520,943,47379,18168,32759,32763,32765,32767,53385,0
6521,942,47398,18177,32761,32762,32764,32767,53385,0
6522,939,47389,18168,32760,32763,32764,32766,53385,1
6523,938,47351,18144,32760,32763,32763,32765,53385,0
6524,938,47400,18190,32759,32763,32765,32767,53386,0
6525,939,47404,18176,32760,32762,32765,32767,53386,0
6526,942,47367,18181,32759,32762,32765,32766,53385,0
6527,938,47380,18154,32760,32763,32764,32766,53385,0
6528,938,47391,18172,32760,32763,32765,32766,53384,0
6529,939,47385,18183,32761,32763,32764,32766,53384,1
6530,938,47343,18176,32760,32764,32765,32767,53384,0
6531,942,47389,18171,32760,32764,32764,32767,53385,0
6532,938,47381,18147,32760,32763,32764,32765,53385,0
6533,938,47352,18164,32760,32764,32764,32767,53384,0
6534,938,47388,18189,32760,32763,32764,32766,53387,0
6535,939,47393,18180,32760,32763,32765,32765,53384,0
6536,942,47392,18166,32760,32763,32765,32767,53383,1
6537,938,47354,18125,32761,32763,32765,32768,53384,0
6538,938,47394,18174,32759,32763,32764,32767,53384,0
6539,938,47395,18185,32760,32763,32765,32767,53385,0
6540,939,47355,18164,32760,32763,32764,32766,53384,0
6541,942,47376,18150,32760,32764,32765,32767,53385,0
6542,938,47398,18153,32759,32764,32764,32766,53384,0
6543,939,47380,18184,32760,32762,32765,32767,53383,0
6544,938,47349,18160,32759,32763,32764,32766,53383,1
6545,938,47408,18169,32760,32762,32764,32766,53384,0
6546,943,47392,18147,32759,32763,32765,32766,53384,1
6547,938,47356,18154,32760,32762,32765,32767,53385,0
6548,938,47381,18183,32760,32763,32765,32766,53384,0
6549,938,47395,18197,32760,32763,32764,32766,53384,0
6550,938,47359,18167,32760,32762,32765,32765,53383,1
6551,943,47346,18133,32759,32764,32765,32766,53383,1
6552,949,47396,18159,32761,32764,32764,32766,53384,0
6553,938,47392,18180,32759,32762,32764,32767,53385,0
6554,938,47362,18171,32760,32763,32764,32766,53384,0
6555,939,47353,18156,32760,32762,32764,32767,53384,1
6556,942,47385,18144,32759,32763,32765,32766,53384,0
6557,938,47402,18160,32760,32763,32765,32767,53383,1
6558,938,47349,18176,32759,32763,32764,32766,53383,0
6559,939,47392,18181,32759,32763,32764,32765,53383,1
6560,938,47387,18162,32760,32762,32765,32765,53384,0
6561,942,47376,18148,32760,32763,32764,32765,53384,0
6562,938,47347,18161,32760,32763,32764,32766,53383,0
6563,938,47408,18185,32760,32762,32765,32766,53383,0
6564,938,47373,18202,32760,32764,32765,32767,53384,0
6565,939,47322,18163,32760,32764,32766,32767,53384,0
6566,939,47388,18136,32759,32762,32764,32765,53383,0
6567,941,47390,18170,32759,32762,32765,32767,53383,0
6568,939,47373,18196,32759,32762,32764,32766,53384,0
6569,943,47334,18185,32761,32763,32765,32767,53383,0
6570,938,47381,18160,32761,32764,32764,32766,53385,1
6571,943,47389,18148,32759,32762,32764,32766,53383,0
6572,938,47365,18178,32760,32763,32764,32767,53384,0
6573,938,47377,18178,32760,32763,32765,32768,53386,0
6574,938,47406,18173,32760,32763,32764,32765,53384,0
6575,939,47376,18159,32760,32762,32764,32766,53384,0
6576,942,47348,18147,32760,32763,32764,32766,53384,1
6577,938,47388,18177,32759,32763,32764,32766,53384,0
6578,939,47375,18189,32760,32761,32764,32766,53383,0
6579,938,47343,18174,32760,32763,32763,32766,53384,0
6580,938,47374,18126,32759,32763,32765,32766,53383,1
6581,942,47402,18161,32760,32763,32765,32766,53383,0
6582,939,47388,18184,32760,32763,32765,32767,53383,1
6583,938,47348,18172,32759,32764,32764,32766,53384,1
6584,938,47388,18162,32760,32762,32765,32768,53383,0
6585,944,47380,18153,32759,32763,32764,32766,53383,0
6586,942,47350,18160,32761,32762,32766,32766,53384,0
6587,938,47361,18188,32761,32764,32764,32766,53383,1
6588,938,47400,18200,32760,32764,32764,32767,53383,0
6589,938,47388,18180,32760,32763,32764,32766,53383,1
6590,939,47344,18144,32760,32763,32764,32766,53382,1
6591,942,47380,18184,32760,32763,32765,32766,53384,1
6592,938,47398,18184,32759,32763,32765,32766,53383,0
6593,939,47372,18172,32759,32762,32764,32767,53383,0
6594,938,47363,18141,32759,32763,32764,32765,53382,0
6595,938,47394,18148,32760,32764,32765,32767,53383,0
6596,943,47387,18177,32759,32763,32764,32768,53383,0
6597,938,47355,18198,32760,32763,32764,32766,53382,1
6598,938,47390,18183,32760,32763,32765,32767,53384,1
6599,938,47390,18152,32760,32763,32764,32766,53383,0
6600,939,47351,18165,32760,32763,32764,32766,53384,1
6601,942,47372,18172,32758,32763,32764,32766,53382,0
6602,938,47396,18186,32761,32763,32764,32765,53382,1
6603,938,47386,18170,32759,32764,32764,32766,53381,0
6604,938,47353,18148,32761,32764,32764,32767,53381,0
6605,939,47392,18197,32760,32763,32764,32766,53382,0
6606,942,47398,18182,32760,32763,32764,32768,53382,0
6607,938,47360,18196,32760,32763,32764,32766,53382,0
6608,939,47351,18153,32760,32762,32765,32767,53382,0
6609,938,47396,18140,32759,32763,32765,32766,53383,0
6610,938,47383,18208,32759,32763,32764,32766,53382,0
6611,942,47330,18181,32759,32762,32764,32767,53380,0
6612,938,47386,18178,32760,32763,32764,32768,53382,0
6613,938,47373,18150,32759,32763,32764,32767,53381,1
6614,939,47345,18156,32760,32763,32765,32767,53382,0
6615,938,47375,18174,32759,32764,32764,32766,53382,0
6616,942,47371,18191,32759,32763,32763,32766,53381,1
6617,939,47376,18157,32760,32762,32764,32766,53381,0
6618,948,47341,18149,32759,32763,32764,32767,53382,0
6619,938,47372,18158,32760,32762,32764,32766,53382,1
6620,938,47394,18195,32760,32763,32764,32767,53382,0
6621,943,47384,18189,32760,32763,32764,32766,53382,0
6622,938,47338,18164,32760,32762,32764,32767,53381,0
6623,938,47384,18151,32761,32763,32764,32766,53381,0
6624,938,47394,18156,32760,32764,32765,32767,53381,0
6625,939,47344,18190,32760,32763,32764,32766,53380,0
6626,942,47390,18180,32760,32763,32765,32767,53381,0
6627,938,47389,18181,32760,32763,32765,32767,53381,0
6628,939,47375,18171,32760,32763,32765,32767,53381,0
6629,938,47344,18195,32760,32763,32765,32767,53381,1
6630,938,47381,18187,32760,32764,32764,32766,53380,0
6631,943,47409,18198,32759,32762,32764,32767,53382,1
6632,938,47355,18170,32758,32764,32764,32767,53381,0
6633,938,47375,18146,32760,32763,32763,32767,53381,0
6634,944,47387,18160,32760,32762,32765,32767,53381,0
6635,938,47386,18195,32760,32763,32765,32766,53380,0
6636,942,47339,18191,32759,32763,32764,32766,53381,1
6637,938,47396,18171,32759,32763,32764,32766,53380,0
6638,939,47385,18138,32760,32765,32763,32766,53378,0
6639,938,47355,18178,32760,32763,32763,32767,53382,1
6640,938,47360,18184,32760,32763,32765,32766,53380,0
6641,942,47379,18174,32760,32763,32764,32767,53380,0
6642,938,47390,18159,32761,32763,32765,32767,53379,0
6643,939,47332,18165,32759,32762,32764,32767,53380,0
6644,938,47377,18187,32759,32763,32764,32767,53379,0
6645,938,47382,18177,32760,32763,32764,32766,53382,0
6646,943,47360,18183,32760,32763,32764,32766,53380,0
6647,938,47360,18152,32760,32763,32765,32767,53380,0
6648,938,47395,18190,32760,32762,32764,32767,53379,0
6649,938,47371,18190,32759,32763,32764,32766,53379,0
6650,939,47351,18183,32760,32762,32764,32765,53381,0
6651,946,47395,18160,32760,32762,32763,32766,53380,0
6652,938,47389,18162,32760,32763,32765,32767,53380,0
6653,938,47363,18182,32760,32762,32764,32766,53380,0
6654,938,47347,18179,32760,32763,32764,32767,53379,1
6655,939,47373,18210,32760,32762,32764,32767,53378,0
6656,942,47375,18180,32760,32763,32763,32767,53380,0
6657,938,47328,18164,32761,32763,32764,32766,53380,0
6658,939,47370,18184,32760,32763,32765,32766,53379,0
6659,938,47373,18199,32759,32763,32765,32767,53380,0
6660,938,47349,18210,32759,32764,32765,32767,53380,1
6661,943,47327,18170,32760,32763,32765,32766,53380,6
6662,938,47386,18174,32759,32763,32763,32766,53381,0
6663,938,47368,18189,32760,32763,32765,32766,53379,0
6664,938,47329,18191,32758,32763,32764,32766,53377,0
6665,939,47357,18186,32760,32764,32764,32767,53379,0
6666,941,47391,18169,32760,32763,32764,32767,53378,0
6667,944,47364,18178,32761,32764,32764,32766,53379,2
6668,938,47339,18197,32759,32763,32764,32766,53380,1
6669,938,47389,18197,32759,32763,32765,32766,53380,0
6670,939,47370,18199,32760,32763,32764,32767,53379,1
6671,942,47351,18175,32760,32763,32763,32766,53380,0
6672,938,47362,18175,32760,32763,32764,32765,53379,0
6673,939,47401,18212,32760,32763,32763,32766,53379,0
6674,938,47376,18200,32760,32762,32765,32767,53379,0
6675,938,47348,18190,32760,32763,32764,32766,53379,0
6676,943,47384,18158,32759,32762,32764,32766,53378,1
6677,938,47376,18187,32759,32763,32765,32767,53378,0
6678,938,47354,18203,32759,32763,32764,32766,53375,0
6679,938,47367,18200,32759,32762,32764,32766,53378,0
6680,939,47375,18184,32760,32764,32765,32766,53379,0
6681,942,47363,18153,32760,32763,32764,32764,53378,0
6682,938,47323,18192,32760,32763,32765,32768,53379,0
6683,938,47369,18209,32760,32761,32764,32767,53379,0
6684,944,47367,18211,32760,32762,32764,32767,53378,0
6685,943,47345,18185,32759,32762,32764,32767,53377,0
6686,943,47332,18149,32759,32762,32764,32767,53378,0
6687,938,47363,18186,32759,32763,32764,32766,53377,0
6688,938,47370,18207,32760,32762,32764,32767,53378,0
6689,938,47321,18187,32760,32763,32765,32765,53378,0
6690,939,47361,18170,32761,32763,32765,32767,53378,0
6691,942,47366,18155,32759,32763,32765,32767,53376,1
6692,938,47342,18188,32758,32763,32765,32766,53378,0
6693,939,47319,18181,32760,32763,32765,32767,53377,0
6694,938,47373,18195,32759,32763,32764,32767,53377,0
6695,938,47362,18166,32760,32763,32764,32766,53380,1
6696,942,47315,18167,32760,32763,32763,32766,53374,0
6697,939,47347,18194,32760,32762,32765,32766,53378,0
6698,938,47361,18191,32759,32763,32765,32766,53378,0
6699,938,47329,18187,32760,32764,32764,32767,53378,0
6700,938,47326,18154,32760,32764,32764,32766,53377,0
6701,942,47353,18163,32760,32764,32765,32766,53378,0
6702,938,47338,18200,32760,32763,32765,32767,53377,0
6703,939,47322,18195,32759,32764,32765,32767,53378,0
6704,938,47348,18178,32760,32762,32765,32766,53378,0
6705,938,47365,18151,32760,32763,32764,32766,53378,0
6706,943,47340,18174,32760,32763,32764,32766,53378,0
6707,938,47329,18185,32760,32764,32764,32766,53378,0
6708,938,47370,18203,32760,32763,32764,32767,53378,0
6709,938,47356,18181,32759,32763,32764,32766,53378,0
6710,939,47316,18162,32759,32762,32765,32766,53379,0
6711,942,47362,18179,32759,32763,32765,32767,53378,0
6712,938,47376,18214,32760,32763,32765,32767,53377,0
6713,938,47348,18187,32760,32762,32764,32766,53378,2
6714,939,47319,18163,32759,32763,32765,32767,53378,0
6715,938,47348,18151,32759,32762,32764,32767,53377,0
6716,942,47346,18186,32760,32763,32765,32766,53377,0
6717,943,47316,18172,32760,32762,32766,32767,53378,0
6718,943,47340,18171,32760,32762,32765,32766,53377,0
6719,938,47368,18154,32760,32762,32765,32765,53377,0
6720,939,47340,18175,32759,32763,32764,32766,53377,0
6721,941,47306,18180,32760,32763,32765,32767,53377,1
6722,939,47360,18186,32759,32764,32764,32766,53376,0
6723,938,47360,18170,32759,32763,32765,32767,53377,1
6724,938,47335,18148,32759,32763,32764,32766,53377,0
6725,939,47317,18164,32760,32763,32765,32766,53378,0
6726,942,47371,18188,32760,32762,32765,32766,53378,1
6727,938,47346,18192,32760,32763,32764,32766,53377,0
6728,938,47309,18173,32759,32763,32764,32766,53377,1
6729,939,47352,18158,32760,32763,32765,32766,53377,0
6730,938,47346,18187,32759,32763,32763,32767,53377,1
6731,943,47328,18203,32760,32763,32765,32767,53376,1
6732,938,47327,18190,32759,32763,32765,32766,53377,0
6733,938,47356,18173,32759,32763,32764,32767,53375,1
6734,938,47345,18160,32760,32763,32765,32766,53374,0
6735,938,47310,18177,32759,32764,32765,32765,53377,0
6736,942,47350,18181,32759,32763,32764,32767,53373,1
6737,939,47347,18179,32759,32763,32764,32766,53376,0
6738,938,47308,18132,32760,32762,32764,32765,53377,0
6739,938,47352,18159,32760,32763,32764,32767,53375,0
6740,938,47354,18198,32760,32763,32764,32767,53377,0
6741,943,47358,18198,32760,32763,32766,32767,53379,0
6742,938,47318,18167,32760,32762,32764,32766,53376,0
6743,938,47369,18148,32760,32763,32765,32768,53378,1
6744,939,47354,18174,32760,32763,32763,32767,53378,0
6745,938,47327,18201,32760,32763,32764,32767,53377,0
6746,942,47337,18185,32760,32763,32765,32766,53376,0
6747,938,47369,18173,32760,32764,32764,32767,53377,0
6748,939,47338,18161,32761,32763,32765,32766,53377,1
6749,938,47317,18190,32760,32763,32765,32766,53376,2
6750,938,47374,18190,32760,32763,32764,32766,53376,1
6751,942,47347,18185,32759,32764,32764,32766,53376,0
6752,938,47305,18168,32759,32763,32764,32767,53376,1
6753,939,47357,18159,32759,32763,32764,32766,53376,0
6754,938,47351,18195,32760,32763,32765,32767,53376,0
6755,938,47333,18187,32760,32763,32764,32766,53377,0
6756,943,47313,18174,32759,32765,32765,32766,53376,1
6757,938,47369,18156,32760,32763,32766,32767,53376,0
6758,938,47365,18178,32759,32763,32764,32765,53376,0
6759,938,47313,18191,32759,32763,32764,32767,53375,0
6760,939,47354,18185,32759,32763,32765,32766,53375,0
6761,938,47362,18166,32760,32763,32764,32766,53375,0
6762,943,47351,18152,32759,32764,32765,32766,53376,0
6763,938,47316,18174,32760,32764,32764,32767,53375,0
6764,938,47372,18192,32760,32763,32765,32767,53376,0
6765,938,47365,18188,32760,32763,32765,32766,53376,0
6766,947,47324,18180,32759,32763,32764,32766,53376,0
6767,938,47322,18141,32760,32763,32765,32765,53376,0
6768,938,47350,18182,32760,32763,32764,32767,53375,0
6769,938,47351,18201,32760,32762,32764,32767,53375,0
6770,939,47298,18187,32759,32764,32764,32767,53375,0
6771,942,47362,18179,32760,32764,32765,32767,53376,0
6772,938,47351,18159,32760,32762,32765,32767,53375,0
6773,938,47319,18196,32759,32763,32764,32767,53376,0
6774,938,47337,18194,32760,32763,32765,32766,53375,0
6775,939,47371,18194,32760,32764,32766,32766,53375,1
6776,942,47350,18160,32760,32764,32764,32767,53375,0
6777,938,47323,18171,32759,32761,32764,32767,53381,0
6778,939,47371,18198,32760,32763,32764,32766,53375,3
6779,938,47357,18207,32759,32762,32765,32766,53375,0
6780,938,47312,18177,32759,32763,32765,32766,53374,0
6781,943,47328,18156,32760,32763,32765,32766,53374,1
6782,938,47355,18188,32759,32763,32764,32766,53374,0
6783,943,47344,18203,32759,32762,32763,32766,53375,0
6784,938,47295,18195,32759,32763,32765,32767,53374,2
6785,939,47358,18173,32761,32762,32764,32766,53374,0
6786,942,47362,18176,32760,32763,32764,32765,53375,0
6787,938,47328,18202,32759,32762,32763,32767,53374,0
6788,939,47324,18195,32760,32762,32764,32767,53373,0
6789,938,47353,18198,32759,32763,32765,32766,53374,3
6790,938,47345,18171,32760,32763,32764,32766,53371,1
6791,943,47313,18171,32760,32764,32764,32767,53372,0
6792,938,47357,18188,32760,32763,32764,32767,53373,0
6793,938,47364,18205,32759,32763,32764,32765,53373,0
6794,939,47339,18202,32759,32763,32764,32767,53372,1
6795,938,47334,18174,32760,32762,32764,32766,53372,0
6796,942,47359,18157,32760,32764,32765,32766,53371,0
6797,938,47341,18207,32760,32763,32764,32766,53370,0
6798,939,47304,18192,32759,32762,32765,32767,53371,0
6799,949,47325,18186,32759,32762,32766,32767,53371,0
6800,938,47348,18172,32760,32763,32765,32766,53371,0
6801,942,47350,18152,32761,32762,32765,32766,53369,0
6802,939,47304,18189,32760,32763,32764,32767,53369,1
6803,938,47349,18206,32759,32763,32765,32767,53369,1
6804,938,47349,18189,32759,32762,32765,32768,53367,0
6805,938,47343,18181,32760,32763,32765,32767,53369,0
6806,943,47326,18163,32761,32763,32764,32766,53367,0
6807,938,47364,18209,32760,32763,32763,32767,53369,1
6808,938,47349,18203,32760,32763,32765,32766,53368,0
6809,939,47291,18180,32760,32763,32764,32767,53369,0
6810,938,47351,18156,32760,32763,32764,32767,53369,0
6811,942,47362,18172,32759,32763,32764,32766,53369,1
6812,939,47325,18202,32760,32763,32763,32766,53368,1
6813,938,47340,18194,32759,32762,32764,32766,53369,0
6814,938,47375,18175,32759,32762,32765,32766,53366,1
6815,938,47347,18175,32759,32762,32766,32766,53368,1
6816,949,47314,18183,32760,32763,32765,32767,53369,1
6817,943,47325,18190,32760,32763,32765,32767,53367,0
6818,938,47358,18201,32759,32762,32764,32766,53368,0
6819,938,47340,18208,32760,32763,32765,32767,53369,0
6820,939,47304,18151,32759,32763,32765,32767,53368,0
6821,942,47343,18166,32760,32762,32764,32766,53367,0
6822,938,47355,18204,32759,32764,32764,32766,53368,0
6823,938,47310,18198,32760,32763,32765,32766,53368,0
6824,939,47324,18172,32760,32763,32764,32765,53367,0
6825,938,47353,18166,32760,32763,32764,32768,53368,0
6826,938,47320,18179,32760,32763,32764,32768,53369,0
6827,942,47302,18203,32759,32763,32764,32766,53368,0
6828,938,47342,18187,32760,32762,32765,32767,53369,0
6829,939,47341,18178,32760,32763,32764,32766,53368,0
6830,938,47309,18169,32760,32762,32765,32766,53368,0
6831,939,47324,18198,32760,32764,32764,32766,53367,0
6832,942,47358,18210,32760,32763,32764,32766,53367,0
6833,943,47329,18211,32759,32763,32764,32767,53368,0
6834,938,47298,18185,32760,32763,32764,32766,53366,0
6835,938,47339,18159,32760,32762,32765,32766,53368,0
6836,943,47355,18202,32760,32764,32764,32766,53369,0
6837,938,47308,18207,32760,32762,32765,32766,53367,1
6838,938,47314,18192,32760,32763,32764,32767,53368,0
6839,938,47350,18182,32760,32762,32764,32766,53367,0
6840,939,47333,18182,32759,32764,32765,32767,53367,0
6841,942,47289,18216,32761,32762,32764,32767,53367,1
6842,938,47349,18219,32759,32763,32764,32767,53368,0
6843,939,47345,18203,32760,32762,32764,32766,53366,0
6844,938,47305,18180,32759,32763,32765,32766,53366,0
6845,938,47312,18177,32760,32763,32764,32767,53367,0
6846,942,47339,18199,32759,32762,32764,32767,53367,0
6847,939,47336,18221,32760,32763,32765,32767,53366,0
6848,938,47283,18196,32760,32763,32765,32767,53367,0
6849,944,47353,18187,32759,32763,32765,32767,53367,0
6850,938,47358,18194,32760,32764,32764,32766,53367,0
6851,938,47336,18205,32760,32764,32765,32767,53369,1
6852,942,47308,18210,32759,32763,32765,32766,53366,0
6853,938,47378,18182,32760,32763,32763,32766,53366,0
6854,938,47327,18174,32760,32763,32764,32766,53366,1
6855,939,47311,18197,32759,32763,32765,32766,53366,0
6856,942,47328,18200,32760,32763,32764,32766,53367,0
6857,938,47344,18200,32760,32763,32764,32767,53366,0
6858,938,47333,18184,32760,32763,32765,32766,53366,0
6859,939,47302,18160,32759,32762,32764,32766,53367,0
6860,938,47347,18207,32760,32764,32765,32766,53365,0
6861,941,47351,18215,32759,32762,32765,32766,53366,1
6862,940,47316,18212,32760,32763,32765,32766,53366,0
6863,938,47312,18147,32760,32763,32765,32767,53366,5
6864,938,47345,18181,32760,32763,32765,32767,53366,1
6865,944,47345,18220,32760,32763,32764,32766,53366,0
6866,942,47308,18207,32761,32763,32765,32766,53365,1
6867,938,47344,18191,32760,32763,32764,32765,53366,0
6868,938,47335,18166,32760,32764,32765,32767,53366,1
6869,939,47322,18183,32761,32764,32764,32766,53366,0
6870,938,47331,18201,32759,32762,32765,32766,53365,0
6871,942,47370,18200,32760,32763,32764,32767,53365,1
6872,939,47337,18199,32759,32763,32765,32766,53366,0
6873,938,47301,18176,32758,32763,32764,32766,53366,1
6874,938,47341,18187,32760,32763,32764,32766,53366,0
6875,938,47359,18217,32759,32763,32765,32767,53366,0
6876,943,47323,18216,32760,32763,32765,32766,53365,0
6877,938,47314,18188,32760,32763,32765,32766,53364,0
6878,938,47367,18184,32760,32764,32764,32766,53365,0
6879,939,47343,18201,32759,32763,32765,32765,53365,0
6880,938,47309,18216,32760,32763,32764,32767,53365,0
6881,942,47346,18200,32760,32763,32766,32766,53366,0
6882,948,47347,18183,32760,32763,32764,32767,53365,0
6883,943,47347,18182,32760,32763,32764,32767,53366,0
6884,938,47299,18175,32760,32762,32765,32767,53366,0
6885,939,47338,18207,32760,32763,32765,32767,53366,0
6886,942,47347,18210,32761,32763,32765,32767,53365,0
6887,938,47313,18209,32760,32763,32764,32766,53365,1
6888,938,47318,18171,32761,32762,32765,32767,53365,0
6889,939,47354,18201,32760,32763,32765,32766,53365,0
6890,938,47339,18218,32760,32764,32765,32767,53365,0
6891,942,47308,18211,32759,32762,32765,32766,53366,0
6892,939,47349,18180,32760,32764,32765,32767,53365,0
6893,938,47365,18173,32760,32763,32764,32766,53366,0
6894,938,47317,18209,32759,32763,32764,32766,53365,0
6895,938,47324,18189,32759,32764,32765,32766,53366,0
6896,943,47351,18214,32761,32763,32764,32766,53365,0
6897,938,47345,18182,32760,32763,32765,32766,53365,0
6898,938,47305,18192,32759,32762,32765,32766,53366,0
6899,938,47346,18204,32759,32763,32765,32766,53365,0
6900,938,47342,18215,32759,32763,32765,32766,53365,0
6901,943,47323,18202,32759,32763,32765,32767,53364,0
6902,938,47317,18172,32760,32762,32765,32765,53366,0
6903,938,47353,18187,32760,32762,32764,32766,53365,1
6904,938,47357,18216,32759,32763,32765,32767,53368,1
6905,939,47298,18217,32759,32762,32763,32766,53365,0
6906,942,47339,18197,32759,32763,32764,32767,53363,0
6907,938,47362,18174,32760,32764,32765,32767,53363,0
6908,938,47322,18218,32759,32763,32765,32767,53365,0
6909,939,47328,18198,32759,32763,32764,32767,53364,0
6910,938,47365,18193,32758,32763,32765,32767,53365,1
6911,942,47358,18189,32760,32763,32764,32766,53365,0
6912,939,47299,18174,32760,32763,32764,32766,53367,0
6913,938,47340,18195,32760,32763,32764,32767,53365,0
6914,938,47353,18206,32760,32762,32764,32767,53365,0
6915,943,47318,18213,32759,32763,32765,32765,53363,0
6916,942,47318,18183,32760,32763,32764,32765,53365,0
6917,938,47361,18167,32761,32762,32765,32766,53365,0
6918,939,47337,18215,32760,32763,32764,32767,53365,0
6919,938,47314,18215,32760,32763,32765,32766,53364,0
6920,938,47320,18193,32760,32763,32764,32765,53365,0
6921,943,47353,18189,32760,32762,32765,32767,53364,0
6922,938,47326,18215,32760,32762,32764,32766,53365,1
6923,938,47293,18213,32758,32763,32765,32768,53365,1
6924,938,47335,18220,32760,32763,32764,32765,53364,0
6925,939,47336,18204,32760,32764,32764,32766,53364,0
6926,942,47299,18178,32760,32763,32765,32768,53362,0
6927,938,47343,18204,32760,32762,32763,32766,53365,0
6928,939,47356,18230,32760,32763,32764,32766,53366,0
6929,938,47318,18212,32760,32763,32764,32766,53365,0
6930,938,47294,18179,32760,32763,32764,32766,53364,0
6931,944,47334,18182,32760,32763,32764,32766,53365,1
6932,941,47351,18199,32760,32762,32764,32766,53364,0
6933,939,47310,18210,32760,32762,32764,32767,53365,1
6934,938,47311,18206,32760,32764,32765,32767,53365,0
6935,938,47336,18190,32760,32763,32765,32767,53364,0
6936,942,47324,18184,32760,32764,32765,32766,53364,0
6937,939,47284,18221,32759,32763,32765,32766,53363,0
6938,938,47327,18225,32759,32762,32766,32766,53365,0
6939,938,47342,18216,32760,32763,32764,32767,53364,0
6940,939,47303,18182,32759,32763,32764,32766,53366,0
6941,942,47326,18191,32759,32763,32765,32766,53364,0
6942,938,47350,18226,32760,32762,32765,32767,53363,0
6943,939,47337,18226,32759,32763,32765,32766,53364,0
6944,938,47292,18208,32759,32763,32765,32767,53364,0
6945,938,47345,18169,32759,32762,32765,32766,53364,0
6946,942,47343,18205,32759,32762,32764,32765,53363,1
6947,939,47316,18240,32759,32763,32764,32766,53364,0
6948,949,47296,18215,32760,32762,32765,32765,53365,1
6949,938,47345,18226,32760,32763,32763,32766,53364,0
6950,938,47335,18186,32761,32763,32764,32766,53363,1
6951,943,47306,18205,32760,32764,32765,32766,53363,0
6952,938,47313,18221,32760,32763,32764,32767,53363,0
6953,938,47329,18243,32759,32763,32764,32766,53363,0
6954,938,47337,18218,32759,32762,32764,32766,53364,0
6955,939,47293,18165,32759,32764,32763,32767,53363,0
6956,942,47348,18198,32760,32763,32765,32766,53362,0
6957,938,47332,18229,32760,32763,32764,32766,53363,0
6958,939,47316,18223,32760,32764,32764,32766,53363,0
6959,938,47318,18203,32759,32763,32763,32766,53363,0
6960,938,47348,18178,32759,32763,32764,32766,53363,0
6961,943,47322,18206,32760,32763,32765,32767,53364,1
6962,943,47299,18231,32760,32763,32763,32766,53364,0
6963,938,47337,18214,32760,32764,32765,32768,53363,0
6964,938,47354,18199,32759,32763,32764,32767,53362,0
6965,938,47306,18181,32759,32762,32764,32767,53363,0
6966,942,47303,18217,32760,32762,32764,32767,53363,0
6967,939,47343,18223,32759,32763,32764,32767,53363,0
6968,938,47341,18216,32758,32763,32764,32766,53362,0
6969,938,47295,18196,32761,32763,32764,32767,53363,0
6970,939,47329,18178,32760,32763,32763,32766,53363,0
6971,942,47338,18218,32759,32763,32765,32766,53362,0
6972,938,47308,18220,32760,32763,32765,32767,53362,0
6973,938,47301,18207,32760,32763,32765,32767,53362,0
6974,939,47341,18189,32760,32763,32764,32766,53361,0
6975,938,47325,18214,32759,32763,32765,32766,53363,0
6976,942,47284,18236,32760,32762,32764,32766,53363,0
6977,939,47332,18224,32759,32763,32764,32766,53363,0
6978,938,47346,18215,32758,32763,32764,32767,53363,0
6979,938,47313,18194,32759,32763,32765,32766,53364,0
6980,938,47305,18217,32760,32763,32764,32766,53363,0
6981,947,47346,18239,32760,32763,32765,32766,53363,0
6982,939,47331,18241,32759,32764,32764,32766,53362,0
6983,938,47293,18219,32761,32763,32765,32767,53362,0
6984,939,47327,18194,32759,32763,32764,32766,53362,1
6985,938,47338,18234,32759,32763,32764,32766,53363,0
6986,942,47328,18229,32759,32763,32764,32767,53363,0
6987,938,47285,18213,32760,32761,32765,32766,53362,2
6988,938,47341,18202,32759,32763,32765,32767,53362,1
6989,938,47313,18193,32759,32762,32764,32766,53363,1
6990,939,47289,18216,32760,32763,32764,32767,53362,0
6991,942,47301,18225,32760,32764,32764,32765,53362,0
6992,938,47328,18230,32761,32764,32763,32767,53362,0
6993,939,47307,18210,32759,32762,32764,32767,53362,0
6994,938,47289,18192,32760,32764,32763,32767,53362,0
6995,938,47334,18234,32761,32763,32765,32765,53362,0
6996,939,47321,18237,32760,32763,32765,32765,53363,0
6997,942,47291,18212,32759,32764,32765,32766,53363,0
6998,943,47294,18192,32760,32762,32765,32767,53362,0
6999,938,47332,18212,32760,32762,32765,32767,53362,0
7000,939,47306,18221,32761,32763,32764,32766,53362,0
7001,942,47270,18223,32759,32763,32764,32767,53362,0
7002,938,47310,18207,32759,32762,32764,32766,53363,0
7003,939,47318,18185,32760,32763,32765,32767,53364,0
7004,938,47305,18198,32760,32764,32765,32767,53361,0
7005,938,47305,18223,32759,32763,32764,32767,53362,0
7006,943,47327,18225,32760,32762,32764,32766,53361,0
7007,938,47312,18216,32760,32762,32763,32766,53362,0
7008,938,47280,18190,32760,32763,32764,32768,53362,0
7009,938,47323,18213,32761,32763,32764,32767,53362,1
7010,939,47323,18227,32759,32763,32764,32767,53362,0
7011,942,47290,18232,32760,32762,32764,32767,53362,0
7012,938,47292,18198,32759,32763,32764,32766,53363,0
7013,939,47320,18195,32759,32762,32764,32767,53362,0
7014,949,47310,18216,32759,32764,32765,32766,53362,0
7015,943,47297,18229,32760,32763,32765,32766,53362,0
7016,943,47262,18230,32760,32762,32764,32767,53362,0
7017,938,47324,18219,32760,32762,32765,32766,53361,0
7018,938,47307,18188,32760,32764,32765,32767,53361,0
7019,938,47274,18193,32760,32762,32764,32766,53363,0
7020,939,47319,18219,32759,32762,32765,32767,53362,0
7021,942,47327,18231,32760,32763,32765,32767,53362,0
7022,938,47302,18227,32759,32763,32764,32766,53362,0
7023,939,47297,18184,32760,32763,32764,32766,53360,1
7024,938,47328,18217,32760,32763,32765,32767,53362,1
7025,938,47332,18245,32759,32762,32765,32766,53362,0
7026,943,47283,18228,32760,32763,32765,32766,53362,1
7027,938,47313,18207,32759,32763,32765,32766,53361,0
7028,938,47328,18204,32759,32762,32764,32767,53361,0
7029,938,47301,18220,32761,32763,32764,32766,53361,1
7030,939,47292,18223,32759,32761,32764,32767,53361,1
7031,941,47323,18222,32759,32762,32764,32767,53362,0
7032,939,47310,18192,32760,32763,32764,32767,53362,0
7033,938,47255,18186,32760,32762,32764,32766,53364,1
7034,938,47330,18228,32759,32763,32764,32766,53362,0
7035,939,47333,18249,32759,32763,32766,32767,53361,0
7036,942,47308,18229,32759,32762,32764,32767,53362,1
7037,938,47282,18187,32760,32763,32764,32767,53361,0
7038,938,47330,18218,32759,32763,32764,32766,53362,0
7039,939,47305,18246,32760,32762,32764,32766,53362,0
7040,938,47277,18242,32760,32763,32765,32765,53362,0
7041,942,47312,18199,32760,32763,32764,32765,53362,0
7042,938,47326,18205,32760,32764,32765,32767,53361,1
7043,938,47291,18244,32760,32762,32765,32767,53362,0
7044,939,47292,18227,32759,32762,32765,32766,53360,0
7045,938,47333,18224,32760,32762,32765,32766,53358,0
7046,942,47315,18199,32760,32763,32765,32766,53361,0
7047,943,47271,18205,32759,32762,32765,32767,53362,0
7048,943,47296,18213,32760,32764,32765,32766,53361,0
7049,938,47325,18225,32760,32763,32764,32766,53361,0
7050,939,47310,18243,32759,32764,32765,32766,53360,1
7051,942,47280,18220,32760,32762,32764,32766,53361,0
7052,939,47327,18195,32759,32763,32764,32767,53361,0
7053,938,47326,18225,32760,32762,32765,32766,53362,1
7054,938,47298,18230,32759,32763,32764,32767,53362,0
7055,938,47316,18209,32760,32763,32765,32767,53362,0
7056,943,47326,18192,32759,32763,32765,32767,53363,0
7057,938,47321,18194,32760,32762,32765,32766,53362,0
7058,938,47287,18241,32760,32764,32765,32766,53362,0
7059,939,47315,18238,32760,32763,32765,32766,53362,0
7060,938,47316,18228,32759,32762,32764,32767,53362,0
7061,942,47303,18205,32759,32763,32764,32766,53361,0
7062,939,47308,18204,32760,32762,32765,32766,53362,1
7063,938,47343,18245,32759,32762,32765,32767,53362,0
7064,943,47339,18253,32760,32763,32764,32766,53362,0
7065,938,47281,18234,32760,32763,32765,32766,53362,1
7066,943,47315,18210,32759,32763,32764,32767,53361,0
7067,938,47333,18218,32760,32764,32764,32766,53360,0
7068,938,47304,18241,32760,32762,32765,32768,53362,0
7069,939,47294,18221,32759,32764,32765,32766,53362,0
7070,938,47334,18218,32760,32763,32765,32767,53361,0
7071,942,47319,18211,32760,32762,32764,32766,53360,1
7072,939,47272,18229,32760,32764,32765,32767,53362,1
7073,938,47328,18221,32760,32763,32764,32766,53361,0
7074,938,47342,18236,32760,32762,32764,32767,53360,1
7075,938,47300,18201,32760,32763,32764,32766,53361,0
7076,943,47285,18191,32759,32763,32765,32766,53360,0
7077,938,47335,18209,32760,32764,32764,32766,53360,1
7078,938,47326,18240,32760,32763,32764,32767,53360,1
7079,939,47287,18218,32759,32764,32764,32766,53359,0
7080,949,47323,18203,32760,32763,32765,32767,53361,0
7081,942,47308,18192,32760,32763,32764,32767,53361,0
7082,938,47324,18233,32760,32763,32765,32766,53359,1
7083,938,47291,18230,32760,32763,32765,32766,53361,0
7084,939,47343,18226,32760,32763,32765,32766,53361,0
7085,938,47325,18222,32759,32762,32764,32767,53362,0
7086,942,47295,18199,32761,32763,32765,32767,53361,1
7087,938,47282,18212,32760,32763,32764,32767,53362,0
7088,939,47329,18231,32761,32763,32763,32767,53360,1
7089,938,47328,18222,32759,32763,32765,32766,53361,0
7090,938,47273,18183,32759,32764,32765,32766,53361,0
7091,942,47318,18208,32760,32763,32765,32767,53360,0
7092,938,47333,18238,32760,32762,32764,32766,53360,0
7093,939,47297,18229,32760,32762,32764,32767,53360,0
7094,938,47318,18227,32759,32763,32765,32767,53361,0
7095,938,47342,18199,32759,32764,32764,32766,53360,0
7096,939,47315,18226,32760,32763,32765,32766,53360,1
7097,941,47275,18244,32760,32764,32764,32767,53360,0
7098,938,47331,18252,32761,32763,32764,32767,53359,0
7099,939,47324,18221,32758,32762,32765,32766,53359,0
7100,938,47283,18197,32760,32764,32765,32766,53360,0
7101,942,47286,18226,32759,32762,32765,32767,53359,0
7102,939,47331,18255,32760,32763,32764,32767,53360,0
7103,938,47303,18246,32760,32763,32765,32767,53359,0
7104,938,47292,18214,32759,32762,32765,32767,53361,0
7105,938,47332,18201,32760,32763,32765,32766,53359,0
7106,943,47317,18238,32761,32763,32763,32766,53359,1
7107,938,47299,18233,32759,32763,32764,32768,53360,0
7108,938,47311,18234,32760,32763,32765,32766,53360,0
7109,939,47318,18211,32760,32763,32764,32765,53366,0
7110,938,47296,18227,32759,32764,32765,32767,53360,0
7111,942,47277,18236,32760,32763,32765,32765,53361,0
7112,939,47330,18245,32759,32762,32766,32767,53361,0
7113,949,47327,18244,32760,32764,32764,32767,53360,0
7114,938,47319,18206,32760,32764,32764,32766,53359,0
7115,938,47285,18205,32759,32762,32764,32767,53360,1
7116,943,47338,18236,32759,32762,32764,32766,53361,1
7117,938,47325,18236,32759,32763,32763,32767,53360,0
7118,938,47284,18221,32760,32762,32764,32766,53359,1
7119,938,47315,18203,32759,32763,32765,32767,53360,0
7120,939,47335,18223,32760,32763,32764,32767,53360,0
7121,942,47315,18251,32759,32763,32764,32765,53360,0
7122,938,47273,18238,32760,32764,32765,32767,53360,0
7123,939,47330,18215,32759,32763,32764,32767,53359,0
7124,938,47333,18199,32760,32763,32765,32766,53359,0
7125,938,47298,18222,32760,32763,32764,32767,53359,0
7126,943,47310,18230,32760,32764,32764,32767,53359,0
7127,938,47339,18226,32759,32763,32764,32766,53359,0
7128,938,47312,18227,32759,32764,32765,32767,53359,1
7129,938,47303,18204,32760,32762,32764,32767,53359,1
7130,938,47317,18242,32759,32763,32764,32766,53358,0
7131,942,47326,18242,32760,32763,32764,32768,53358,0
7132,939,47285,18234,32760,32763,32765,32765,53360,0
7133,938,47305,18199,32760,32763,32764,32767,53359,0
7134,938,47316,18213,32758,32763,32766,32766,53360,0
7135,938,47295,18239,32760,32762,32765,32767,53360,1
7136,943,47279,18231,32759,32764,32764,32767,53360,0
7137,938,47320,18234,32760,32763,32764,32766,53358,1
7138,938,47326,18212,32760,32762,32763,32766,53360,0
7139,939,47266,18215,32760,32762,32765,32766,53359,1
7140,938,47324,18247,32760,32763,32765,32766,53359,0
7141,942,47336,18249,32760,32763,32764,32766,53361,0
7142,939,47305,18237,32760,32763,32764,32767,53359,0
7143,938,47296,18204,32760,32763,32764,32767,53361,0
7144,938,47334,18237,32759,32763,32764,32766,53361,2
7145,938,47310,18263,32761,32763,32764,32767,53360,0
7146,950,47280,18230,32759,32761,32765,32766,53361,1
7147,941,47284,18232,32759,32764,32764,32767,53360,0
7148,939,47333,18195,32760,32762,32764,32765,53360,0
7149,938,47316,18232,32760,32763,32764,32767,53360,1
7150,938,47288,18243,32759,32762,32764,32768,53361,0
7151,943,47302,18235,32761,32764,32765,32766,53360,1
7152,938,47330,18218,32759,32764,32764,32766,53360,0
7153,938,47301,18211,32760,32763,32764,32767,53361,0
7154,938,47280,18244,32760,32763,32765,32767,53359,1
7155,939,47321,18241,32759,32763,32765,32766,53360,0
7156,942,47315,18229,32760,32762,32766,32767,53358,0
7157,938,47280,18218,32760,32763,32765,32766,53360,0
7158,938,47306,18218,32760,32762,32765,32766,53359,1
7159,939,47320,18236,32760,32763,32764,32766,53359,0
7160,938,47299,18238,32760,32763,32764,32767,53360,0
7161,942,47274,18227,32760,32762,32765,32766,53359,0
7162,939,47319,18208,32760,32763,32765,32767,53359,0
7163,949,47321,18213,32760,32763,32764,32767,53360,1
7164,938,47297,18237,32758,32763,32764,32766,53360,1
7165,938,47292,18227,32760,32763,32764,32766,53361,0
7166,943,47325,18244,32760,32763,32765,32765,53359,0
7167,938,47311,18217,32760,32764,32763,32766,53359,0
7168,938,47257,18207,32760,32763,32764,32766,53360,0
7169,938,47313,18222,32759,32763,32765,32766,53360,0
7170,939,47330,18234,32760,32763,32764,32766,53360,0
7171,942,47307,18250,32759,32762,32764,32767,53361,1
7172,938,47282,18204,32759,32763,32764,32766,53359,0
7173,938,47310,18208,32759,32763,32763,32768,53360,0
7174,938,47314,18243,32759,32762,32764,32766,53361,0
7175,939,47278,18247,32759,32763,32764,32766,53359,1
7176,942,47324,18230,32760,32763,32764,32766,53359,1
7177,938,47320,18213,32759,32764,32764,32766,53359,0
7178,938,47314,18235,32761,32763,32764,32767,53360,1
7179,944,47267,18236,32760,32763,32764,32765,53361,0
7180,938,47320,18252,32759,32762,32764,32767,53360,0
7181,942,47327,18241,32759,32763,32764,32767,53360,0
7182,939,47289,18216,32759,32763,32765,32767,53358,1
7183,938,47304,18227,32760,32762,32764,32766,53360,0
7184,938,47326,18256,32761,32763,32764,32767,53360,1
7185,939,47284,18263,32759,32763,32764,32767,53359,0
7186,942,47256,18230,32760,32762,32764,32767,53360,0
7187,938,47311,18210,32760,32763,32765,32766,53359,0
7188,938,47306,18251,32759,32763,32765,32766,53360,0
7189,939,47271,18251,32760,32762,32765,32766,53360,0
7190,938,47307,18239,32760,32762,32764,32767,53360,0
7191,942,47332,18230,32759,32763,32765,32766,53359,2
7192,938,47311,18220,32761,32763,32764,32766,53360,0
7193,939,47277,18250,32760,32763,32765,32767,53358,0
7194,938,47308,18239,32761,32762,32766,32766,53360,0
7195,938,47314,18249,32761,32762,32763,32767,53359,0
7196,948,47273,18227,32760,32763,32764,32766,53358,0
7197,943,47272,18204,32759,32763,32764,32766,53358,4
7198,938,47323,18237,32760,32763,32765,32765,53359,0
7199,939,47311,18244,32760,32762,32764,32766,53359,0
7200,938,47261,18246,32759,32764,32764,32766,53359,1
7201,942,47289,18220,32759,32762,32765,32766,53359,0
7202,938,47305,18211,32760,32762,32764,32766,53359,0
7203,938,47294,18237,32759,32763,32764,32766,53358,0
7204,938,47278,18243,32759,32763,32764,32766,53359,1
7205,939,47318,18257,32760,32763,32765,32766,53359,0
7206,942,47314,18232,32760,32763,32764,32766,53358,0
7207,938,47267,18221,32760,32763,32763,32766,53358,0
7208,939,47312,18235,32760,32763,32764,32766,53358,0
7209,938,47316,18231,32759,32763,32764,32766,53357,0
7210,938,47289,18217,32760,32764,32764,32767,53357,0
7211,943,47272,18191,32759,32763,32764,32766,53357,0
7212,938,47306,18235,32760,32763,32765,32766,53357,0
7213,938,47328,18240,32760,32763,32764,32767,53359,0
7214,938,47241,18227,32760,32763,32765,32766,53359,0
7215,938,47325,18232,32760,32763,32765,32766,53357,1
7216,943,47315,18233,32759,32763,32763,32767,53358,1
7217,938,47294,18263,32759,32763,32765,32767,53357,0
7218,938,47300,18263,32760,32763,32765,32766,53358,0
7219,938,47324,18251,32760,32763,32765,32766,53358,0
7220,939,47310,18226,32761,32763,32764,32767,53359,0
7221,942,47278,18219,32759,32763,32765,32767,53359,0
7222,938,47303,18242,32758,32763,32764,32767,53357,0
7223,938,47328,18258,32760,32763,32764,32766,53358,0
7224,939,47289,18239,32760,32763,32765,32766,53358,0
7225,938,47274,18180,32759,32763,32765,32766,53357,0
7226,942,47318,18231,32760,32763,32765,32767,53357,1
7227,938,47309,18249,32760,32763,32764,32766,53358,0
7228,938,47270,18235,32760,32763,32764,32766,53357,0
7229,938,47326,18232,32759,32763,32764,32766,53358,0
7230,938,47330,18220,32760,32763,32764,32765,53357,0
7231,943,47288,18247,32760,32762,32765,32766,53358,0
7232,938,47278,18251,32761,32762,32765,32766,53358,0
7233,938,47301,18248,32760,32763,32765,32766,53356,0
7234,939,47310,18221,32760,32763,32764,32766,53357,0
7235,938,47253,18214,32760,32763,32764,32766,53358,0
7236,942,47306,18248,32760,32763,32764,32766,53357,0
7237,939,47312,18258,32760,32763,32764,32766,53357,1
7238,938,47287,18253,32759,32763,32764,32766,53357,0
7239,938,47282,18211,32760,32764,32764,32767,53357,0
7240,938,47308,18235,32759,32762,32764,32767,53358,1
7241,943,47302,18261,32760,32763,32765,32766,53357,0
7242,938,47270,18234,32759,32763,32764,32767,53357,0
7243,938,47314,18222,32760,32763,32765,32766,53358,1
7244,939,47307,18217,32759,32763,32764,32766,53357,0
7245,947,47287,18218,32759,32764,32765,32765,53357,1
7246,942,47264,18237,32761,32764,32764,32766,53357,0
7247,938,47311,18245,32760,32764,32764,32766,53357,0
7248,939,47306,18222,32761,32762,32764,32766,53356,0
7249,938,47274,18216,32759,32763,32764,32767,53355,0
7250,938,47293,18226,32760,32763,32765,32767,53355,0
7251,942,47301,18247,32759,32763,32764,32767,53357,0
7252,938,47297,18252,32760,32763,32764,32766,53355,0
7253,938,47267,18212,32760,32763,32765,32766,53355,0
7254,939,47316,18202,32759,32763,32765,32767,53357,0
7255,938,47304,18230,32760,32763,32766,32766,53356,0
7256,942,47278,18242,32759,32762,32765,32766,53356,0
7257,939,47279,18229,32760,32763,32765,32767,53355,1
7258,938,47319,18217,32760,32763,32764,32766,53356,0
7259,938,47301,18225,32759,32763,32764,32766,53356,0
7260,938,47259,18245,32761,32765,32764,32766,53356,0
7261,943,47299,18240,32760,32762,32764,32766,53357,0
7262,948,47329,18257,32759,32763,32765,32767,53354,1
7263,943,47304,18253,32760,32764,32765,32765,53355,0
7264,938,47268,18203,32760,32763,32765,32767,53355,0
7265,939,47312,18236,32760,32763,32765,32766,53356,0
7266,942,47313,18260,32760,32763,32765,32766,53355,0
7267,938,47279,18243,32760,32762,32765,32765,53355,0
7268,939,47274,18225,32760,32762,32765,32766,53357,0
7269,938,47319,18210,32759,32762,32764,32767,53357,0
7270,938,47300,18244,32760,32763,32764,32766,53356,0
7271,942,47279,18247,32760,32763,32765,32767,53356,0
7272,939,47324,18229,32760,32762,32764,32767,53357,0
7273,938,47312,18241,32760,32763,32764,32766,53357,0
7274,938,47274,18224,32759,32763,32765,32766,53357,0
7275,939,47296,18261,32760,32763,32764,32766,53358,0
7276,942,47329,18243,32760,32763,32764,32767,53357,0
7277,938,47303,18242,32760,32763,32764,32767,53356,1
7278,938,47266,18218,32760,32763,32764,32767,53356,0
7279,938,47313,18228,32759,32763,32765,32766,53357,1
7280,938,47305,18265,32759,32762,32765,32767,53357,0
7281,942,47285,18256,32759,32762,32765,32768,53356,0
7282,939,47277,18220,32760,32764,32765,32766,53356,0
7283,938,47321,18211,32760,32762,32765,32766,53356,0
7284,938,47303,18256,32759,32762,32764,32766,53355,0
7285,938,47267,18252,32760,32762,32764,32767,53355,0
7286,943,47317,18251,32760,32762,32765,32767,53356,0
7287,938,47307,18230,32759,32763,32764,32767,53355,0
7288,938,47259,18221,32759,32764,32764,32767,53355,1
7289,938,47288,18256,32760,32763,32764,32767,53356,1
7290,939,47318,18278,32759,32762,32763,32767,53355,0
7291,942,47295,18247,32760,32763,32764,32767,53356,0
7292,938,47257,18223,32759,32763,32764,32766,53355,0
7293,939,47312,18234,32760,32763,32764,32766,53356,1
7294,938,47306,18251,32761,32763,32765,32766,53356,0
7295,938,47272,18241,32760,32763,32764,32766,53355,1
7296,942,47291,18242,32760,32763,32764,32767,53355,0
7297,938,47313,18214,32760,32763,32764,32767,53356,0
7298,938,47298,18241,32759,32763,32764,32766,53355,0
7299,939,47253,18246,32760,32763,32765,32768,53356,0
7300,938,47316,18252,32759,32763,32764,32766,53356,0
7301,942,47302,18235,32760,32764,32765,32766,53356,1
7302,939,47282,18206,32759,32762,32764,32768,53354,0
7303,938,47292,18236,32760,32763,32764,32767,53356,1
7304,938,47307,18252,32760,32764,32764,32767,53355,1
7305,939,47294,18248,32761,32764,32763,32767,53355,0
7306,938,47259,18217,32760,32763,32765,32767,53355,0
7307,942,47305,18223,32759,32762,32764,32766,53355,0
7308,938,47314,18247,32760,32762,32763,32766,53355,0
7309,938,47277,18260,32760,32763,32764,32765,53355,0
7310,938,47318,18249,32760,32763,32764,32767,53355,0
7311,948,47288,18233,32760,32762,32764,32767,53355,0
7312,938,47299,18238,32760,32763,32764,32767,53355,1
7313,938,47266,18253,32760,32763,32764,32767,53354,1
7314,938,47297,18257,32759,32762,32764,32766,53355,0
7315,939,47312,18246,32761,32764,32765,32766,53355,0
7316,942,47275,18229,32760,32763,32765,32767,53355,0
7317,939,47294,18237,32760,32763,32763,32766,53355,0
7318,938,47325,18263,32759,32764,32764,32766,53355,1
7319,938,47298,18241,32760,32763,32764,32765,53353,0
7320,938,47260,18222,32760,32764,32765,32766,53355,2
7321,943,47285,18224,32760,32763,32764,32767,53354,0
7322,938,47312,18238,32760,32763,32765,32767,53354,0
7323,938,47275,18253,32760,32763,32765,32766,53355,0
7324,938,47282,18246,32760,32763,32765,32767,53354,0
7325,939,47292,18227,32760,32763,32764,32765,53354,1
7326,942,47300,18220,32759,32762,32764,32767,53355,0
7327,939,47256,18258,32760,32763,32765,32766,53354,0
7328,943,47298,18263,32760,32762,32765,32765,53353,1
7329,938,47298,18255,32759,32763,32764,32766,53353,0
7330,938,47287,18226,32761,32762,32763,32767,53354,0
7331,943,47274,18227,32760,32763,32764,32765,53355,0
7332,938,47316,18264,32760,32763,32764,32767,53354,0
7333,938,47314,18274,32760,32763,32764,32767,53354,0
7334,939,47253,18243,32759,32763,32764,32766,53354,0
7335,938,47310,18219,32760,32764,32765,32767,53355,0
7336,950,47321,18226,32760,32762,32764,32767,53353,0
7337,942,47297,18257,32760,32764,32764,32765,53353,0
7338,938,47255,18271,32760,32762,32764,32767,53354,0
7339,938,47291,18273,32760,32762,32765,32767,53354,0
7340,939,47297,18240,32760,32763,32765,32767,53354,0
7341,942,47290,18225,32759,32763,32764,32766,53354,0
7342,938,47271,18256,32759,32763,32763,32765,53355,0
7343,939,47310,18256,32760,32762,32764,32766,53354,0
7344,943,47301,18247,32760,32763,32765,32767,53354,0
7345,938,47272,18239,32760,32762,32765,32766,53355,0
7346,943,47307,18224,32759,32763,32764,32767,53353,0
7347,938,47314,18254,32760,32763,32764,32767,53355,0
7348,938,47321,18276,32759,32764,32764,32766,53354,0
7349,938,47259,18252,32760,32762,32766,32766,53355,0
7350,939,47317,18223,32759,32763,32764,32766,53353,1
7351,942,47314,18236,32760,32764,32764,32766,53354,0
7352,938,47273,18260,32759,32763,32765,32767,53355,0
7353,939,47285,18245,32761,32763,32765,32766,53354,1
7354,938,47327,18263,32758,32763,32764,32766,53355,1
7355,938,47294,18225,32759,32763,32764,32767,53353,0
7356,943,47270,18225,32758,32763,32764,32766,53354,1
7357,938,47306,18268,32760,32763,32764,32767,53353,3
7358,938,47311,18267,32760,32763,32765,32767,53353,0
7359,938,47275,18251,32759,32763,32766,32766,53353,0
7360,939,47311,18231,32760,32763,32765,32766,53353,0
7361,947,47317,18264,32760,32763,32764,32767,53352,1
7362,938,47314,18265,32760,32763,32763,32766,53354,0
7363,938,47277,18267,32759,32762,32764,32766,53353,1
7364,938,47319,18254,32759,32764,32764,32767,53353,0
7365,939,47314,18248,32759,32763,32764,32765,53354,0
7366,942,47287,18268,32761,32763,32765,32766,53353,0
7367,938,47282,18275,32761,32763,32765,32767,53353,0
7368,939,47312,18266,32759,32763,32764,32766,53353,0
7369,938,47304,18237,32760,32763,32764,32766,53354,0
7370,938,47274,18236,32760,32763,32765,32767,53354,0
7371,940,47307,18281,32761,32763,32764,32767,53353,0
7372,941,47310,18278,32760,32763,32764,32767,53354,1
7373,938,47279,18252,32759,32763,32765,32767,53352,0
7374,939,47268,18227,32760,32764,32764,32766,53353,0
7375,938,47303,18248,32760,32763,32765,32766,53352,0
7376,942,47282,18272,32760,32763,32764,32766,53354,1
7377,939,47257,18260,32760,32763,32764,32766,53352,0
7378,943,47293,18264,32760,32764,32765,32767,53351,0
7379,938,47318,18235,32760,32763,32764,32767,53355,0
7380,938,47262,18260,32761,32764,32764,32766,53352,0
7381,943,47248,18251,32760,32764,32765,32766,53353,1
7382,938,47295,18280,32760,32763,32764,32766,53352,0
7383,938,47309,18258,32759,32763,32765,32767,53352,3
7384,938,47243,18221,32760,32763,32764,32765,53353,0
7385,939,47309,18263,32759,32763,32764,32766,53352,0
7386,942,47300,18262,32760,32762,32763,32767,53354,1
7387,938,47275,18276,32760,32763,32765,32766,53353,0
7388,939,47266,18240,32760,32763,32764,32767,53353,0
7389,938,47311,18226,32760,32763,32764,32766,53351,0
7390,938,47296,18281,32758,32763,32765,32765,53353,0
7391,943,47255,18276,32759,32762,32765,32766,53352,0
7392,938,47293,18251,32759,32763,32764,32767,53352,0
7393,938,47304,18246,32759,32764,32764,32767,53353,0
7394,944,47277,18237,32760,32763,32764,32766,53353,0
7395,938,47261,18255,32760,32763,32764,32767,53352,0
7396,942,47304,18266,32760,32763,32765,32767,53352,0
7397,938,47301,18268,32759,32764,32765,32767,53351,0
7398,939,47259,18236,32760,32763,32765,32766,53351,0
7399,938,47290,18247,32759,32764,32764,32766,53352,0
7400,938,47310,18277,32759,32763,32764,32767,53352,0
7401,943,47289,18285,32760,32763,32765,32767,53353,0
7402,938,47259,18259,32759,32763,32766,32766,53353,0
7403,938,47307,18240,32760,32762,32765,32766,53352,0
7404,939,47297,18240,32760,32762,32765,32766,53352,0
7405,938,47245,18254,32760,32763,32764,32766,53353,0
7406,942,47277,18257,32759,32763,32764,32765,53352,0
7407,939,47300,18248,32760,32762,32764,32766,53352,0
7408,938,47283,18221,32760,32762,32764,32766,53353,0
7409,938,47256,18234,32760,32764,32764,32767,53351,0
7410,944,47307,18253,32760,32763,32764,32766,53352,0
7411,941,47311,18257,32759,32763,32765,32765,53351,0
7412,939,47276,18241,32760,32763,32765,32766,53351,1
7413,938,47281,18217,32759,32763,32764,32765,53352,0
7414,938,47310,18246,32759,32763,32764,32767,53352,0
7415,939,47314,18265,32760,32763,32764,32765,53351,0
7416,942,47268,18259,32760,32763,32765,32767,53352,1
7417,938,47320,18236,32759,32763,32765,32767,53353,0
7418,938,47305,18236,32760,32764,32764,32766,53353,0
7419,939,47262,18266,32760,32763,32763,32766,53352,1
7420,938,47284,18263,32760,32762,32763,32767,53350,0
7421,942,47311,18263,32760,32763,32764,32767,53351,0
7422,939,47297,18239,32761,32763,32764,32767,53351,0
7423,938,47256,18246,32760,32763,32765,32767,53351,1
7424,938,47295,18259,32760,32764,32764,32765,53352,0
7425,938,47295,18272,32760,32762,32764,32766,53354,0
7426,943,47261,18256,32760,32762,32765,32767,53349,0
7427,949,47252,18223,32759,32763,32765,32767,53352,1
7428,938,47301,18235,32760,32764,32764,32765,53351,0
7429,938,47318,18272,32760,32763,32764,32766,53350,0
7430,939,47268,18276,32760,32763,32764,32766,53350,0
7431,942,47290,18251,32759,32763,32764,32767,53350,0
7432,938,47316,18244,32759,32763,32764,32766,53351,1
7433,938,47290,18245,32759,32763,32764,32766,53351,0
7434,939,47276,18267,32760,32763,32764,32766,53352,1
7435,938,47311,18267,32761,32763,32765,32766,53351,0
7436,942,47309,18272,32760,32764,32765,32767,53352,0
7437,939,47264,18237,32760,32763,32763,32767,53352,0
7438,938,47269,18247,32760,32763,32764,32766,53350,0
7439,938,47307,18272,32760,32763,32765,32766,53352,0
7440,938,47300,18274,32759,32761,32764,32766,53351,0
7441,943,47259,18245,32759,32763,32765,32765,53351,1
7442,938,47308,18212,32760,32764,32764,32766,53353,0
7443,938,47299,18261,32760,32762,32764,32766,53351,0
7444,938,47249,18253,32760,32763,32764,32767,53351,0
7445,938,47295,18256,32760,32763,32765,32765,53351,0
7446,943,47308,18233,32760,32763,32763,32766,53352,0
7447,938,47288,18220,32759,32764,32764,32766,53350,1
7448,938,47265,18270,32759,32762,32765,32766,53351,0
7449,938,47308,18265,32760,32763,32764,32767,53351,1
7450,939,47316,18263,32760,32763,32765,32766,53352,0
7451,942,47267,18236,32760,32763,32764,32767,53354,0
7452,938,47272,18229,32760,32762,32764,32766,53352,0
7453,939,47300,18277,32759,32763,32765,32766,53351,1
7454,938,47267,18271,32761,32763,32765,32766,53351,0
7455,938,47263,18246,32759,32763,32764,32766,53350,0
7456,943,47285,18237,32761,32762,32764,32767,53350,0
7457,938,47297,18268,32760,32764,32764,32766,53349,1
7458,938,47248,18284,32760,32762,32765,32766,53352,0
7459,938,47280,18271,32760,32763,32764,32767,53352,0
7460,944,47292,18249,32760,32763,32764,32767,53351,0
7461,942,47301,18243,32758,32762,32764,32767,53351,1
7462,938,47250,18253,32760,32763,32764,32766,53350,0
7463,939,47297,18274,32760,32763,32765,32766,53351,0
7464,938,47278,18279,32760,32763,32765,32766,53350,1
7465,938,47240,18261,32760,32763,32764,32767,53351,1
7466,942,47266,18240,32760,32763,32765,32766,53349,0
7467,938,47285,18274,32760,32763,32763,32766,53350,0
7468,939,47267,18281,32760,32763,32764,32766,53350,0
7469,938,47231,18250,32760,32762,32764,32766,53351,0
7470,938,47282,18228,32759,32763,32764,32766,53350,0
7471,941,47289,18258,32760,32763,32764,32767,53350,0
7472,938,47254,18278,32760,32763,32765,32766,53351,2
7473,938,47284,18270,32759,32764,32764,32766,53349,0
7474,938,47285,18258,32759,32763,32764,32767,53349,0
7475,939,47257,18236,32759,32763,32765,32766,53350,1
7476,942,47249,18254,32759,32762,32766,32767,53349,0
7477,938,47303,18281,32760,32763,32764,32767,53349,0
7478,938,47287,18276,32760,32763,32765,32765,53350,0
7479,938,47235,18237,32759,32762,32765,32766,53350,0
7480,938,47269,18242,32759,32763,32765,32767,53350,2
7481,943,47286,18262,32760,32762,32764,32767,53351,0
7482,938,47262,18266,32760,32763,32764,32766,53350,0
7483,938,47244,18235,32759,32764,32765,32767,53351,0
7484,939,47278,18231,32760,32763,32764,32767,53352,0
7485,938,47278,18250,32760,32763,32765,32766,53351,0
7486,942,47244,18263,32759,32763,32764,32767,53350,0
7487,938,47283,18246,32760,32763,32765,32767,53349,0
7488,939,47280,18256,32760,32763,32764,32768,53351,0
7489,938,47260,18231,32760,32762,32765,32767,53350,1
7490,938,47260,18256,32760,32763,32764,32767,53351,0
7491,942,47275,18273,32760,32763,32764,32767,53350,0
7492,938,47284,18260,32758,32763,32765,32766,53350,0
7493,938,47252,18246,32760,32763,32764,32766,53350,0
7494,938,47280,18219,32760,32763,32765,32768,53350,0
7495,939,47295,18251,32759,32763,32765,32766,53351,1
7496,942,47266,18268,32760,32763,32765,32767,53350,0
7497,938,47259,18240,32759,32763,32764,32766,53350,0
7498,938,47297,18226,32759,32762,32765,32766,53349,0
7499,939,47278,18251,32760,32762,32764,32768,53350,0
7500,938,47238,18274,32758,32763,32765,32767,53350,0
7501,942,47282,18261,32760,32762,32764,32767,53349,7
7502,939,47298,18271,32758,32763,32765,32766,53350,0
7503,938,47262,18236,32760,32763,32765,32767,53349,0
7504,938,47255,18235,32759,32763,32763,32766,53350,0
7505,938,47296,18257,32760,32763,32765,32766,53350,0
7506,943,47281,18277,32760,32762,32764,32766,53350,0
7507,938,47239,18251,32759,32763,32764,32766,53350,0
7508,938,47292,18231,32759,32763,32764,32766,53350,2
7509,944,47291,18251,32760,32762,32765,32766,53350,0
7510,938,47276,18281,32759,32763,32764,32766,53350,0
7511,942,47249,18272,32761,32762,32765,32766,53350,0
7512,939,47288,18256,32759,32762,32763,32767,53350,0
7513,938,47284,18250,32759,32762,32764,32766,53349,0
7514,938,47227,18256,32760,32763,32765,32766,53350,1
7515,938,47270,18287,32760,32763,32764,32766,53349,0
7516,943,47289,18265,32759,32763,32764,32766,53350,0
7517,938,47266,18243,32760,32763,32764,32767,53348,0
7518,938,47240,18226,32760,32763,32764,32766,53350,0
7519,939,47267,18276,32759,32762,32764,32767,53349,0
7520,938,47282,18282,32760,32763,32764,32765,53350,0
7521,942,47247,18267,32759,32763,32765,32767,53349,0
7522,938,47270,18234,32760,32762,32765,32766,53350,0
7523,938,47292,18246,32761,32763,32764,32766,53349,0
7524,938,47277,18284,32759,32763,32764,32767,53350,1
7525,939,47252,18265,32760,32762,32765,32766,53349,0
7526,938,47294,18242,32760,32763,32765,32767,53350,0
7527,942,47279,18230,32759,32762,32765,32766,53349,1
7528,938,47242,18240,32760,32764,32764,32766,53350,1
7529,938,47271,18262,32760,32763,32764,32767,53349,0
7530,939,47303,18274,32760,32764,32765,32766,53349,1
7531,942,47270,18237,32760,32762,32764,32767,53350,0
7532,938,47243,18227,32760,32763,32764,32767,53350,0
7533,939,47296,18270,32760,32761,32764,32767,53348,1
7534,938,47291,18267,32760,32763,32765,32768,53349,0
7535,938,47234,18251,32760,32762,32765,32767,53348,0
7536,942,47275,18221,32760,32763,32764,32766,53349,0
7537,939,47282,18247,32759,32762,32764,32766,53348,0
7538,938,47272,18265,32761,32763,32764,32766,53349,0
7539,938,47259,18259,32760,32763,32765,32765,53349,0
7540,939,47301,18244,32759,32763,32765,32767,53348,0
7541,942,47280,18235,32759,32763,32764,32767,53349,0
7542,943,47254,18257,32760,32763,32764,32767,53349,0
7543,943,47234,18249,32760,32763,32764,32767,53349,0
7544,938,47275,18267,32759,32763,32763,32767,53349,0
7545,939,47272,18260,32761,32763,32765,32767,53349,0
7546,942,47244,18218,32760,32762,32765,32766,53347,0
7547,938,47286,18210,32759,32764,32764,32768,53349,1
7548,938,47303,18262,32760,32762,32764,32766,53349,0
7549,939,47264,18260,32760,32763,32765,32767,53348,0
7550,938,47268,18245,32760,32763,32764,32767,53349,0
7551,942,47288,18235,32759,32763,32764,32766,53349,0
7552,938,47289,18264,32760,32763,32764,32766,53350,0
7553,939,47249,18270,32760,32763,32765,32766,53348,1
7554,938,47293,18265,32760,32762,32764,32767,53349,0
7555,938,47312,18265,32759,32762,32764,32767,53350,1
7556,943,47260,18225,32759,32763,32764,32767,53348,0
7557,938,47266,18255,32760,32763,32765,32766,53348,0
7558,938,47292,18272,32759,32763,32765,32766,53347,1
7559,938,47291,18258,32759,32763,32764,32766,53348,0
7560,938,47257,18235,32760,32763,32765,32767,53348,0
7561,943,47284,18215,32759,32762,32764,32766,53348,0
7562,938,47295,18270,32760,32762,32765,32767,53348,0
7563,938,47273,18271,32760,32763,32764,32766,53349,0
7564,938,47261,18239,32761,32763,32764,32767,53349,0
7565,939,47308,18214,32760,32763,32765,32767,53348,0
7566,942,47281,18236,32759,32762,32764,32765,53348,0
7567,938,47253,18255,32759,32762,32764,32766,53350,1
7568,939,47298,18264,32759,32762,32765,32766,53348,0
7569,938,47291,18252,32760,32763,32765,32766,53349,0
7570,938,47253,18233,32761,32763,32764,32767,53348,0
7571,942,47261,18247,32760,32762,32765,32766,53347,0
7572,938,47313,18274,32759,32763,32765,32767,53349,0
7573,939,47280,18254,32760,32763,32765,32766,53348,0
7574,938,47242,18251,32760,32763,32764,32766,53349,0
7575,949,47279,18201,32759,32764,32764,32767,53348,0
7576,942,47287,18240,32760,32763,32764,32768,53348,0
7577,938,47291,18271,32759,32762,32764,32767,53348,0
7578,939,47241,18258,32760,32763,32765,32767,53348,1
7579,938,47295,18246,32760,32764,32766,32766,53348,0
7580,938,47283,18218,32760,32763,32765,32766,53348,1
7581,943,47256,18247,32759,32762,32765,32767,53349,0
7582,938,47278,18250,32760,32762,32764,32767,53348,0
7583,938,47294,18257,32760,32764,32764,32766,53348,0
7584,938,47275,18235,32760,32763,32764,32766,53348,0
7585,939,47239,18215,32761,32763,32765,32766,53349,0
7586,942,47289,18240,32759,32763,32764,32767,53348,0
7587,938,47298,18264,32759,32763,32764,32767,53348,0
7588,939,47257,18262,32760,32763,32764,32767,53348,0
7589,938,47276,18235,32760,32764,32766,32767,53348,0
7590,938,47286,18242,32759,32763,32765,32766,53348,0
7591,942,47268,18274,32759,32763,32764,32765,53348,0
7592,938,47239,18245,32760,32763,32764,32766,53349,1
7593,938,47286,18243,32761,32763,32765,32766,53348,0
7594,939,47284,18223,32760,32763,32764,32767,53347,0
7595,938,47232,18244,32760,32763,32764,32767,53347,0
7596,942,47266,18255,32760,32763,32765,32766,53347,0
7597,938,47289,18253,32760,32763,32764,32765,53351,0
7598,939,47265,18250,32761,32764,32764,32766,53346,0
7599,938,47233,18205,32760,32763,32765,32766,53347,0
7600,938,47285,18254,32760,32763,32764,32767,53346,0
7601,943,47284,18255,32759,32763,32765,32767,53346,2
7602,943,47236,18257,32760,32762,32764,32765,53347,0
7603,938,47256,18242,32760,32763,32764,32766,53345,0
7604,938,47283,18236,32759,32763,32764,32767,53345,0
7605,939,47283,18270,32760,32763,32765,32767,53345,0
7606,942,47242,18249,32760,32763,32765,32767,53346,0
7607,938,47254,18238,32761,32763,32765,32766,53345,0
7608,944,47293,18239,32759,32763,32764,32768,53346,0
7609,938,47245,18231,32759,32763,32764,32766,53346,0
7610,938,47243,18255,32760,32763,32764,32767,53350,1
7611,942,47278,18274,32759,32763,32765,32765,53347,1
7612,939,47282,18275,32760,32763,32765,32766,53346,0
7613,938,47243,18241,32761,32762,32765,32767,53346,0
7614,938,47280,18230,32760,32764,32763,32766,53346,1
7615,938,47284,18276,32760,32761,32764,32768,53347,1
7616,943,47265,18284,32760,32762,32764,32766,53346,0
7617,938,47249,18254,32760,32764,32764,32766,53346,0
7618,938,47288,18243,32760,32762,32764,32765,53347,1
7619,938,47270,18254,32761,32763,32764,32767,53348,0
7620,939,47222,18273,32759,32763,32764,32766,53346,0
7621,942,47259,18261,32760,32764,32764,32766,53346,0
7622,938,47271,18259,32760,32763,32764,32766,53347,0
7623,939,47262,18246,32760,32763,32765,32766,53347,0
7624,938,47242,18260,32760,32764,32765,32766,53346,0
7625,938,47277,18290,32759,32764,32764,32766,53346,0
7626,5052,47291,18230,32760,32762,32765,32766,53347,0
7627,943,47282,18250,32760,32762,32764,32766,53347,0
7628,938,47239,18275,32760,32763,32764,32767,53347,0
7629,939,47290,18255,32760,32763,32764,32766,53346,0
7630,938,47289,18253,32760,32764,32765,32767,53347,1
7631,942,47265,18249,32760,32763,32764,32766,53347,0
7632,938,47237,18271,32759,32763,32764,32767,53346,0
7633,939,47289,18260,32760,32764,32763,32766,53347,0
7634,938,47274,18256,32759,32763,32765,32766,53345,0
7635,938,47238,18244,32759,32762,32764,32766,53347,1
7636,943,47264,18232,32760,32762,32764,32766,53347,0
7637,938,47288,18291,32760,32763,32764,32766,53346,0
7638,938,47258,18273,32760,32763,32765,32766,53346,0
7639,939,47234,18247,32760,32763,32765,32766,53346,0
7640,938,47278,18225,32760,32763,32765,32768,53347,0
7641,942,47274,18244,32759,32764,32764,32767,53346,0
7642,938,47237,18269,32760,32764,32764,32767,53346,0
7643,943,47288,18274,32760,32763,32764,32766,53346,0
7644,938,47288,18262,32760,32763,32764,32767,53346,1
7645,938,47249,18247,32759,32762,32764,32767,53347,0
7646,943,47238,18236,32760,32763,32763,32766,53347,0
7647,938,47290,18270,32760,32763,32764,32766,53347,0
7648,938,47293,18278,32759,32763,32764,32766,53346,0
7649,938,47240,18243,32760,32763,32765,32767,53347,0
7650,939,47267,18225,32760,32764,32763,32766,53346,0
7651,942,47288,18255,32760,32763,32764,32767,53346,0
7652,938,47270,18276,32760,32763,32764,32766,53346,0
7653,939,47227,18256,32760,32762,32764,32766,53346,0
7654,938,47279,18248,32760,32763,32764,32766,53347,0
7655,938,47285,18226,32760,32763,32763,32765,53344,0
7656,941,47251,18272,32760,32763,32765,32767,53347,0
7657,939,47269,18262,32759,32763,32764,32766,53347,0
7658,938,47286,18267,32760,32763,32764,32767,53347,0
7659,944,47275,18234,32760,32762,32765,32766,53346,0
7660,938,47231,18224,32759,32763,32765,32767,53347,0
7661,942,47286,18272,32760,32763,32765,32767,53347,0
7662,938,47294,18279,32759,32763,32764,32766,53347,0
7663,939,47259,18259,32760,32764,32765,32767,53346,1
7664,938,47255,18220,32760,32763,32765,32766,53345,0
7665,938,47281,18242,32760,32763,32765,32766,53346,0
7666,943,47274,18274,32760,32764,32764,32767,53346,0
7667,938,47221,18272,32760,32762,32764,32766,53346,0
7668,938,47283,18258,32760,32763,32765,32766,53345,0
7669,938,47284,18232,32759,32763,32764,32766,53345,0
7670,939,47255,18241,32759,32763,32764,32766,53345,1
7671,942,47252,18262,32759,32762,32764,32766,53345,1
7672,938,47282,18282,32760,32764,32764,32767,53345,0
7673,939,47260,18264,32758,32763,32764,32766,53346,0
7674,938,47215,18220,32759,32763,32764,32767,53346,0
7675,938,47274,18263,32760,32762,32765,32766,53345,1
7676,947,47288,18268,32759,32763,32764,32766,53344,0
7677,938,47260,18278,32760,32763,32764,32765,53345,0
7678,938,47233,18248,32759,32763,32765,32766,53346,0
7679,938,47285,18228,32760,32762,32763,32766,53346,0
7680,939,47289,18281,32760,32764,32764,32767,53345,0
7681,942,47220,18259,32760,32762,32764,32766,53345,1
7682,938,47262,18264,32760,32763,32764,32766,53345,0
7683,938,47268,18243,32759,32763,32765,32767,53346,0
7684,938,47251,18249,32760,32763,32764,32766,53345,0
7685,939,47249,18277,32760,32764,32764,32766,53345,0
7686,942,47279,18275,32759,32762,32764,32766,53346,0
7687,938,47268,18260,32761,32763,32764,32766,53346,0
7688,939,47239,18242,32760,32762,32764,32767,53345,2
7689,938,47287,18257,32761,32763,32765,32767,53344,1
7690,938,47285,18275,32760,32763,32765,32766,53345,0
7691,943,47252,18275,32760,32763,32764,32767,53345,1
7692,944,47238,18265,32760,32762,32763,32766,53346,0
7693,943,47279,18256,32759,32764,32764,32766,53344,0
7694,938,47287,18254,32759,32762,32764,32766,53345,0
7695,939,47227,18288,32759,32763,32766,32767,53345,0
7696,942,47244,18272,32760,32763,32764,32766,53346,0
7697,938,47285,18267,32759,32762,32764,32766,53348,0
7698,938,47265,18246,32760,32763,32764,32767,53346,1
7699,939,47236,18274,32759,32762,32764,32767,53345,0
7700,938,47271,18287,32760,32763,32764,32766,53346,0
7701,942,47253,18276,32760,32763,32764,32766,53345,3
7702,939,47237,18269,32760,32762,32764,32767,53347,1
7703,938,47242,18241,32759,32763,32765,32766,53345,0
7704,938,47280,18259,32760,32763,32764,32766,53345,0
7705,939,47255,18284,32760,32763,32764,32767,53345,0
7706,942,47222,18283,32760,32763,32765,32766,53345,1
7707,938,47256,18244,32760,32762,32764,32765,53344,0
7708,938,47282,18259,32760,32763,32763,32766,53345,0
7709,944,47234,18285,32759,32763,32764,32766,53346,2
7710,938,47222,18278,32760,32763,32765,32765,53345,1
7711,942,47256,18276,32761,32763,32764,32767,53345,0
7712,939,47259,18274,32759,32762,32764,32766,53346,0
7713,938,47214,18238,32760,32763,32765,32766,53345,0
7714,938,47264,18272,32761,32763,32764,32767,53346,0
7715,938,47278,18288,32759,32763,32765,32767,53345,0
7716,943,47252,18275,32759,32761,32765,32767,53346,0
7717,938,47230,18238,32759,32763,32765,32766,53346,0
7718,938,47270,18247,32760,32763,32764,32766,53345,0
7719,938,47261,18287,32760,32763,32765,32765,53346,0
7720,939,47211,18287,32760,32763,32765,32766,53345,0
7721,942,47235,18259,32760,32763,32764,32766,53347,0
7722,939,47267,18249,32760,32763,32764,32765,53345,0
7723,938,47216,18277,32760,32763,32764,32767,53346,1
7724,938,47220,18271,32760,32764,32764,32766,53345,0
7725,939,47270,18286,32760,32763,32765,32767,53343,0
7726,941,47264,18273,32760,32762,32764,32766,53344,0
7727,939,47231,18244,32759,32763,32765,32766,53343,0
7728,938,47278,18274,32759,32763,32765,32766,53344,0
7729,938,47266,18291,32760,32763,32764,32768,53344,2
7730,938,47244,18274,32759,32763,32764,32767,53344,1
7731,942,47226,18259,32760,32764,32764,32767,53345,0
7732,938,47270,18251,32760,32762,32764,32766,53344,0
7733,939,47237,18297,32759,32763,32765,32767,53345,0
7734,938,47217,18294,32759,32763,32765,32766,53343,0
7735,938,47258,18261,32759,32763,32765,32767,53344,0
7736,943,47267,18246,32761,32763,32764,32767,53343,0
7737,938,47246,18272,32759,32763,32764,32766,53342,1
7738,938,47239,18276,32760,32763,32765,32766,53344,0
7739,938,47264,18269,32759,32763,32764,32765,53343,0
7740,939,47244,18277,32759,32761,32764,32766,53344,0
7741,942,47217,18238,32759,32762,32765,32766,53344,0
7742,944,47252,18263,32760,32763,32765,32766,53344,0
7743,938,47258,18275,32759,32763,32765,32766,53344,0
7744,938,47244,18274,32760,32763,32765,32767,53343,1
7745,938,47221,18253,32760,32763,32764,32767,53343,0
7746,943,47255,18231,32759,32764,32764,32766,53344,0
7747,938,47257,18269,32760,32763,32764,32767,53344,0
7748,938,47224,18280,32760,32762,32764,32766,53343,0
7749,938,47250,18272,32761,32762,32764,32767,53343,1
7750,939,47273,18275,32759,32763,32765,32767,53343,0
7751,942,47253,18259,32760,32763,32765,32767,53343,0
7752,938,47213,18267,32760,32763,32765,32766,53344,0
7753,939,47259,18303,32759,32763,32765,32767,53344,0
7754,938,47256,18267,32760,32763,32764,32766,53342,0
7755,938,47218,18221,32759,32762,32764,32765,53343,0
7756,943,47247,18248,32759,32763,32765,32766,53345,1
7757,938,47248,18271,32760,32764,32764,32767,53343,0
7758,944,47268,18297,32760,32764,32764,32767,53344,0
7759,943,47227,18274,32761,32762,32765,32767,53345,0
7760,938,47256,18251,32759,32763,32765,32766,53343,0
7761,943,47262,18233,32759,32763,32765,32767,53344,0
7762,938,47246,18282,32760,32763,32764,32767,53343,0
7763,938,47234,18287,32760,32763,32764,32766,53343,0
7764,939,47259,18288,32759,32763,32764,32766,53344,0
7765,938,47262,18247,32760,32763,32765,32767,53344,0
7766,942,47209,18244,32759,32764,32764,32767,53341,1
7767,939,47254,18288,32759,32763,32765,32767,53344,1
7768,938,47288,18280,32760,32762,32765,32767,53343,0
7769,938,47246,18264,32759,32763,32763,32766,53343,0
7770,938,47243,18232,32760,32763,32765,32765,53342,0
7771,943,47271,18255,32759,32763,32764,32766,53344,0
7772,938,47263,18273,32759,32763,32765,32767,53343,0
7773,938,47208,18270,32759,32763,32765,32766,53343,1
7774,938,47257,18268,32759,32762,32764,32766,53344,0
7775,944,47256,18236,32758,32762,32765,32767,53344,0
7776,942,47242,18281,32759,32763,32764,32766,53343,0
7777,939,47220,18302,32759,32763,32765,32767,53343,1
7778,938,47262,18265,32760,32763,32765,32766,53343,0
7779,938,47273,18269,32760,32763,32764,32766,53343,0
7780,938,47227,18262,32759,32763,32764,32767,53344,0
7781,943,47239,18270,32760,32763,32765,32766,53344,1
7782,938,47265,18298,32760,32762,32764,32766,53343,2
7783,938,47248,18265,32759,32764,32764,32767,53342,7
7784,938,47215,18257,32759,32763,32765,32767,53343,0
7785,939,47271,18265,32760,32763,32764,32765,53344,0
7786,942,47269,18303,32758,32763,32764,32766,53344,0
7787,938,47226,18290,32760,32762,32764,32766,53342,0
7788,938,47251,18271,32760,32763,32765,32767,53343,1
7789,938,47270,18254,32760,32762,32764,32766,53344,0
7790,939,47248,18273,32759,32763,32765,32766,53343,0
7791,942,47235,18274,32760,32764,32764,32767,53343,0
7792,938,47261,18282,32760,32763,32765,32766,53343,1
7793,938,47265,18266,32760,32763,32764,32767,53344,0
7794,938,47214,18249,32759,32763,32765,32767,53339,0
7795,939,47243,18271,32761,32764,32764,32766,53343,0
7796,942,47267,18293,32760,32763,32765,32765,53344,3
7797,938,47250,18270,32759,32763,32764,32766,53344,0
7798,938,47229,18250,32761,32763,32765,32767,53344,1
7799,939,47273,18245,32760,32764,32764,32766,53343,0
7800,938,47259,18284,32760,32762,32764,32767,53343,0
7801,942,47241,18269,32759,32764,32765,32766,53343,0
7802,939,47243,18254,32761,32763,32764,32766,53343,1
7803,938,47260,18248,32760,32763,32764,32766,53343,0
7804,938,47243,18257,32760,32762,32765,32767,53343,1
7805,939,47216,18273,32760,32764,32764,32767,53343,0
7806,942,47252,18281,32760,32762,32765,32766,53342,0
7807,938,47246,18259,32760,32763,32764,32766,53344,0
7808,943,47225,18227,32760,32762,32764,32765,53343,0
7809,943,47217,18249,32760,32763,32764,32766,53343,0
7810,938,47261,18283,32760,32763,32765,32765,53343,1
7811,942,47263,18284,32760,32763,32765,32765,53342,0
7812,939,47220,18280,32760,32763,32765,32766,53342,0
7813,938,47251,18252,32760,32763,32763,32766,53342,0
7814,938,47248,18277,32759,32763,32763,32766,53343,0
7815,938,47244,18300,32760,32763,32764,32767,53343,0
7816,943,47218,18277,32761,32762,32763,32766,53345,0
7817,938,47265,18266,32760,32763,32764,32767,53342,0
7818,938,47258,18238,32761,32763,32764,32765,53342,0
7819,938,47208,18264,32760,32762,32765,32767,53343,0
7820,939,47253,18278,32759,32762,32765,32768,53343,0
7821,942,47252,18286,32759,32762,32764,32766,53341,1
7822,938,47236,18258,32761,32762,32765,32766,53342,0
7823,939,47210,18224,32760,32763,32764,32765,53343,0
7824,938,47265,18286,32759,32762,32765,32768,53343,0
7825,938,47257,18292,32760,32763,32765,32766,53343,0
7826,942,47227,18281,32760,32764,32763,32766,53343,0
7827,938,47242,18229,32760,32764,32764,32767,53342,0
7828,938,47265,18246,32759,32762,32765,32767,53342,0
7829,939,47244,18307,32760,32763,32765,32767,53343,0
7830,938,47225,18271,32760,32763,32765,32766,53342,0
7831,942,47258,18264,32759,32762,32765,32766,53342,0
7832,939,47261,18243,32760,32762,32764,32765,53342,0
7833,938,47217,18274,32760,32763,32765,32766,53343,1
7834,938,47268,18270,32760,32763,32764,32766,53343,1
7835,938,47264,18268,32760,32763,32766,32767,53342,0
7836,943,47251,18273,32760,32763,32765,32767,53342,0
7837,938,47239,18250,32759,32763,32764,32767,53343,0
7838,938,47281,18291,32760,32763,32764,32766,53343,1
7839,938,47284,18301,32759,32763,32764,32766,53342,0
7840,939,47235,18277,32761,32763,32765,32766,53342,0
7841,947,47261,18259,32760,32762,32763,32767,53341,1
7842,943,47273,18253,32760,32763,32764,32766,53341,0
7843,938,47251,18267,32760,32762,32765,32766,53342,0
7844,939,47221,18291,32760,32763,32765,32766,53342,0
7845,938,47272,18294,32760,32763,32764,32767,53343,3
7846,942,47286,18266,32760,32763,32764,32766,53341,0
7847,939,47238,18238,32760,32763,32764,32767,53342,0
7848,938,47235,18274,32760,32764,32764,32767,53341,0
7849,938,47274,18274,32760,32762,32764,32767,53341,1
7850,938,47264,18291,32759,32762,32765,32767,53343,0
7851,943,47227,18261,32760,32763,32764,32766,53342,0
7852,938,47250,18249,32759,32763,32765,32766,53342,1
7853,938,47252,18288,32759,32764,32765,32767,53341,0
7854,939,47232,18280,32760,32762,32764,32767,53342,0
7855,938,47241,18269,32760,32762,32764,32766,53342,1
7856,942,47259,18259,32760,32763,32764,32767,53342,0
7857,939,47248,18270,32759,32762,32765,32767,53342,0
7858,943,47223,18291,32760,32763,32766,32767,53341,0
7859,938,47262,18281,32760,32764,32765,32766,53337,0
7860,938,47270,18282,32759,32763,32764,32765,53342,0
7861,943,47251,18262,32759,32763,32764,32767,53342,0
7862,938,47213,18265,32760,32763,32765,32767,53341,0
7863,938,47265,18285,32760,32763,32764,32766,53341,0
7864,939,47257,18291,32760,32762,32764,32766,53341,1
7865,938,47224,18271,32760,32762,32765,32767,53339,0
7866,942,47243,18237,32761,32762,32765,32765,53341,1
7867,938,47270,18277,32761,32763,32765,32767,53342,0
7868,938,47251,18297,32760,32763,32765,32766,53341,1
7869,939,47213,18250,32759,32763,32764,32766,53341,0
7870,938,47269,18264,32759,32763,32765,32768,53341,0
7871,942,47232,18241,32760,32762,32765,32766,53341,0
7872,939,47207,18284,32760,32763,32764,32766,53342,0
7873,938,47256,18300,32760,32763,32765,32767,53339,0
7874,944,47262,18273,32760,32762,32764,32767,53341,0
7875,943,47247,18274,32760,32763,32765,32766,53341,1
7876,943,47205,18239,32760,32763,32765,32766,53340,0
7877,938,47246,18278,32759,32762,32765,32767,53341,0
7878,938,47249,18286,32759,32762,32764,32766,53341,0
7879,938,47233,18286,32759,32762,32765,32766,53341,0
7880,939,47204,18243,32760,32763,32764,32766,53340,1
7881,942,47263,18255,32759,32764,32763,32767,53341,1
7882,938,47248,18309,32760,32763,32764,32767,53341,0
7883,939,47210,18308,32760,32763,32765,32766,53342,0
7884,938,47266,18276,32760,32764,32764,32766,53341,0
7885,938,47273,18259,32760,32763,32764,32766,53341,0
7886,942,47248,18262,32759,32762,32765,32766,53341,1
7887,939,47224,18271,32760,32762,32765,32766,53341,1
7888,938,47261,18274,32760,32762,32765,32766,53341,0
7889,938,47242,18265,32760,32763,32765,32766,53341,0
7890,939,47208,18254,32761,32764,32764,32766,53341,1
7891,941,47261,18273,32759,32763,32764,32766,53342,0
7892,938,47255,18302,32761,32763,32764,32766,53340,0
7893,938,47233,18277,32760,32762,32765,32766,53341,0
7894,939,47216,18253,32760,32763,32764,32765,53341,0
7895,938,47257,18253,32760,32762,32765,32766,53341,0
7896,942,47245,18278,32760,32764,32764,32766,53341,0
7897,939,47201,18276,32760,32763,32764,32766,53341,0
7898,938,47241,18264,32760,32763,32765,32767,53341,0
7899,938,47250,18264,32760,32762,32764,32766,53341,0
7900,938,47214,18262,32759,32763,32763,32766,53339,0
7901,943,47201,18279,32760,32762,32765,32767,53341,1
7902,938,47266,18290,32759,32763,32764,32767,53340,0
7903,938,47254,18290,32760,32763,32764,32767,53341,0
7904,938,47197,18254,32759,32762,32765,32767,53340,0
7905,939,47247,18274,32759,32764,32764,32767,53341,1
7906,942,47251,18298,32760,32762,32765,32766,53342,0
7907,943,47216,18297,32759,32763,32764,32766,53340,0
7908,938,47212,18284,32760,32763,32765,32766,53339,0
7909,938,47252,18263,32761,32764,32764,32766,53341,0
7910,938,47240,18271,32759,32763,32765,32766,53341,0
7911,943,47217,18315,32760,32763,32765,32766,53340,0
7912,938,47252,18281,32759,32762,32764,32766,53341,1
7913,938,47271,18275,32761,32764,32765,32766,53341,1
7914,939,47218,18258,32760,32762,32765,32766,53341,0
7915,938,47209,18282,32760,32763,32765,32766,53340,0
7916,942,47256,18301,32760,32764,32764,32766,53341,0
7917,939,47242,18293,32760,32762,32764,32766,53341,0
7918,938,47215,18267,32760,32762,32764,32766,53341,0
7919,938,47253,18259,32760,32762,32765,32767,53340,0
7920,938,47255,18300,32760,32763,32763,32767,53340,2
7921,942,47221,18299,32760,32763,32763,32767,53340,3
7922,939,47213,18294,32760,32762,32763,32765,53341,1
7923,943,47255,18273,32760,32764,32764,32767,53341,0
7924,938,47262,18254,32760,32762,32764,32766,53340,0
7925,938,47216,18303,32760,32763,32764,32766,53341,1
7926,943,47239,18294,32760,32763,32764,32767,53341,0
7927,938,47268,18287,32759,32762,32764,32767,53340,0
7928,938,47242,18262,32760,32762,32765,32767,53339,0
7929,939,47218,18274,32760,32763,32764,32766,53338,0
7930,938,47253,18289,32759,32763,32765,32767,53340,1
7931,942,47262,18300,32761,32763,32764,32766,53340,0
7932,939,47230,18267,32761,32763,32765,32766,53339,0
7933,938,47225,18246,32760,32763,32765,32766,53339,0
7934,938,47262,18289,32759,32763,32765,32767,53340,0
7935,938,47231,18294,32760,32763,32764,32767,53341,0
7936,943,47198,18292,32760,32763,32764,32767,53339,0
7937,938,47249,18279,32759,32762,32765,32766,53339,0
7938,938,47245,18266,32759,32763,32765,32766,53340,1
7939,939,47220,18299,32761,32764,32765,32766,53339,0
7940,949,47212,18299,32760,32764,32763,32765,53339,0
7941,942,47254,18310,32760,32763,32765,32767,53339,0
7942,938,47250,18305,32760,32763,32764,32766,53341,0
7943,939,47213,18262,32759,32763,32763,32766,53341,1
7944,938,47243,18291,32760,32763,32763,32765,53340,0
7945,938,47257,18316,32760,32763,32764,32767,53342,0
7946,942,47248,18309,32759,32763,32764,32767,53341,1
7947,938,47210,18291,32760,32763,32764,32767,53340,0
7948,938,47248,18252,32760,32764,32765,32766,53340,0
7949,939,47267,18300,32759,32763,32765,32766,53339,0
7950,938,47233,18296,32760,32764,32764,32766,53340,1
7951,942,47240,18286,32760,32764,32765,32766,53343,1
7952,939,47271,18286,32760,32764,32765,32766,53341,0
7953,938,47233,18282,32760,32763,32764,32766,53341,0
7954,938,47200,18273,32760,32763,32764,32766,53340,0
7955,938,47270,18289,32759,32763,32764,32767,53340,0
7956,943,47244,18281,32760,32762,32764,32767,53342,0
7957,943,47232,18271,32760,32763,32764,32766,53341,0
7958,938,47228,18256,32760,32762,32765,32767,53342,0
7959,939,47252,18293,32760,32763,32763,32767,53341,0
7960,938,47237,18316,32759,32762,32765,32766,53341,0
7961,942,47205,18290,32760,32763,32764,32766,53342,0
7962,938,47262,18261,32759,32763,32764,32767,53342,0
7963,939,47241,18283,32759,32763,32765,32767,53341,0
7964,938,47214,18294,32760,32763,32765,32766,53340,0
7965,938,47231,18306,32760,32763,32764,32767,53341,0
7966,943,47249,18295,32759,32763,32763,32766,53342,0
7967,938,47240,18253,32759,32763,32764,32766,53341,0
7968,938,47209,18284,32759,32764,32765,32766,53341,0
7969,938,47257,18305,32760,32764,32764,32766,53341,0
7970,939,47259,18306,32759,32764,32764,32766,53342,1
7971,942,47220,18278,32760,32763,32764,32767,53340,0
7972,938,47237,18253,32760,32763,32764,32768,53341,0
7973,944,47253,18302,32760,32762,32764,32767,53340,0
7974,943,47259,18310,32760,32763,32764,32766,53340,0
7975,938,47211,18300,32759,32762,32765,32766,53341,0
7976,943,47227,18277,32760,32763,32764,32766,53341,0
7977,938,47243,18259,32760,32763,32763,32766,53340,0
7978,938,47232,18287,32760,32762,32764,32767,53340,0
7979,939,47201,18296,32760,32763,32765,32766,53340,0
7980,938,47251,18306,32760,32763,32764,32766,53341,0
7981,942,47238,18276,32760,32764,32764,32766,53341,1
7982,938,47203,18269,32761,32762,32765,32766,53340,0
7983,939,47229,18288,32759,32763,32764,32766,53341,0
7984,938,47263,18298,32760,32762,32764,32765,53340,0
7985,938,47239,18289,32760,32763,32764,32766,53340,0
7986,943,47197,18265,32759,32763,32764,32766,53339,0
7987,938,47267,18274,32761,32763,32764,32767,53340,0
7988,938,47256,18320,32760,32763,32765,32766,53341,1
7989,938,47206,18309,32759,32763,32764,32766,53340,0
7990,938,47242,18289,32760,32763,32764,32766,53342,0
7991,943,47238,18268,32759,32764,32765,32765,53340,1
7992,938,47211,18294,32760,32764,32765,32767,53339,1
7993,938,47212,18303,32761,32763,32764,32767,53340,0
7994,938,47260,18292,32760,32763,32764,32766,53340,0
7995,939,47255,18278,32760,32763,32765,32767,53340,1
7996,942,47206,18265,32760,32763,32765,32766,53339,0
7997,938,47217,18282,32759,32762,32764,32766,53339,1
7998,939,47253,18321,32760,32763,32765,32766,53339,0
7999,938,47231,18308,32759,32763,32764,32767,53339,0
8000,938,47193,18272,32760,32763,32763,32765,53339,0
8001,939,47246,18283,32759,32763,32765,32766,53338,0
8002,941,47249,18308,32760,32762,32764,32767,53340,0
8003,938,47213,18309,32760,32763,32765,32766,53339,0
8004,939,47242,18290,32759,32762,32764,32767,53339,0
8005,938,47247,18262,32760,32762,32765,32766,53340,0
8006,947,47221,18287,32760,32762,32764,32768,53340,0
8007,943,47200,18280,32759,32763,32764,32766,53339,1
8008,938,47249,18308,32760,32762,32764,32766,53339,0
8009,939,47250,18293,32760,32763,32765,32767,53336,0
8010,938,47229,18283,32760,32763,32764,32767,53339,0
8011,943,47207,18273,32760,32763,32764,32766,53340,0
8012,938,47246,18304,32759,32763,32764,32766,53340,1
8013,938,47242,18305,32759,32763,32765,32765,53339,1
8014,938,47208,18282,32761,32764,32764,32765,53339,0
8015,939,47234,18267,32760,32763,32764,32766,53340,0
8016,942,47241,18293,32760,32762,32765,32767,53341,1
8017,938,47233,18303,32760,32763,32766,32765,53339,1
8018,939,47198,18296,32760,32763,32765,32766,53339,0
8019,938,47252,18275,32759,32763,32764,32766,53339,0
8020,938,47255,18273,32759,32762,32764,32766,53340,2
8021,943,47198,18296,32759,32762,32764,32767,53340,1
8022,938,47240,18310,32760,32763,32764,32766,53339,1
8023,943,47257,18301,32760,32763,32765,32767,53340,0
8024,938,47231,18292,32759,32764,32764,32766,53339,0
8025,939,47212,18267,32759,32762,32765,32766,53343,0
8026,942,47260,18301,32759,32763,32764,32767,53339,0
8027,938,47251,18309,32759,32763,32764,32767,53339,0
8028,939,47225,18306,32760,32762,32764,32767,53338,1
8029,938,47245,18296,32760,32764,32765,32766,53339,0
8030,938,47246,18274,32760,32763,32764,32766,53339,0
8031,943,47255,18318,32760,32763,32765,32767,53339,2
8032,938,47214,18298,32760,32763,32765,32766,53339,0
8033,938,47262,18299,32760,32763,32765,32766,53338,0
8034,938,47232,18265,32760,32763,32765,32766,53339,1
8035,939,47216,18280,32760,32763,32765,32767,53339,0
8036,942,47240,18299,32760,32763,32765,32767,53336,0
8037,938,47255,18306,32760,32762,32765,32766,53339,0
8038,939,47237,18292,32759,32762,32764,32766,53338,0
8039,949,47207,18265,32760,32762,32763,32767,53339,0
8040,938,47240,18268,32759,32763,32765,32767,53339,0
8041,943,47255,18297,32759,32762,32765,32767,53339,0
8042,938,47245,18300,32760,32763,32764,32767,53338,0
8043,938,47203,18280,32760,32763,32764,32767,53338,0
8044,938,47245,18269,32760,32764,32765,32767,53337,0
8045,939,47244,18274,32759,32763,32765,32766,53337,0
8046,942,47210,18301,32761,32763,32764,32767,53337,0
8047,938,47229,18300,32760,32763,32764,32767,53338,0
8048,938,47247,18308,32761,32763,32765,32766,53337,0
8049,939,47236,18272,32759,32762,32765,32767,53339,0
8050,938,47211,18294,32761,32762,32764,32767,53339,0
8051,942,47258,18306,32760,32763,32764,32766,53338,0
8052,938,47268,18314,32759,32763,32765,32766,53338,0
8053,938,47213,18291,32760,32763,32765,32766,53337,0
8054,938,47243,18271,32760,32763,32765,32767,53338,0
8055,939,47243,18313,32760,32763,32763,32766,53337,0
8056,942,47231,18306,32761,32762,32764,32766,53337,0
8057,938,47197,18296,32760,32763,32765,32766,53337,0
8058,938,47238,18266,32759,32763,32764,32765,53337,0
8059,938,47221,18276,32760,32762,32765,32767,53338,0
8060,939,47206,18310,32759,32763,32763,32766,53338,0
8061,942,47241,18303,32759,32763,32765,32765,53338,0
8062,938,47260,18295,32759,32763,32764,32766,53337,0
8063,939,47236,18271,32761,32764,32765,32766,53337,0
8064,938,47226,18280,32761,32763,32764,32766,53339,0
8065,938,47259,18319,32760,32762,32764,32766,53338,0
8066,943,47245,18327,32760,32763,32765,32765,53337,0
8067,938,47215,18302,32760,32762,32765,32766,53337,1
8068,938,47256,18278,32760,32764,32764,32767,53338,1
8069,938,47251,18317,32759,32763,32764,32766,53338,0
8070,939,47232,18321,32760,32762,32764,32767,53337,0
8071,942,47220,18305,32760,32762,32763,32766,53337,1
8072,942,47259,18307,32759,32762,32764,32766,53338,1
8073,938,47245,18284,32761,32763,32764,32767,53337,0
8074,938,47211,18307,32760,32763,32765,32767,53337,0
8075,938,47241,18303,32759,32764,32764,32766,53338,0
8076,943,47253,18311,32759,32762,32764,32767,53338,0
8077,938,47223,18275,32760,32763,32764,32766,53339,0
8078,938,47199,18269,32760,32763,32765,32766,53339,0
8079,939,47244,18298,32759,32762,32765,32767,53339,0
8080,938,47245,18324,32760,32763,32763,32766,53338,0
8081,942,47210,18316,32760,32763,32764,32766,53339,0
8082,939,47224,18283,32760,32762,32765,32767,53338,1
8083,938,47256,18286,32761,32763,32765,32767,53338,0
8084,938,47220,18317,32761,32763,32764,32767,53338,0
8085,938,47216,18307,32760,32764,32765,32767,53339,1
8086,943,47248,18295,32759,32763,32765,32767,53338,0
8087,938,47245,18284,32761,32763,32765,32766,53338,0
8088,938,47207,18301,32760,32764,32764,32767,53339,0
8089,938,47243,18309,32761,32763,32764,32766,53339,1
8090,938,47252,18299,32760,32764,32764,32766,53339,0
8091,943,47229,18282,32761,32762,32764,32766,53338,0
8092,938,47208,18248,32760,32763,32765,32767,53339,0
8093,938,47264,18294,32760,32763,32763,32766,53338,0
8094,938,47247,18312,32759,32764,32765,32766,53341,0
8095,939,47193,18301,32760,32763,32765,32766,53339,0
8096,942,47243,18286,32761,32762,32763,32766,53339,0
8097,938,47246,18285,32760,32763,32763,32767,53338,0
8098,939,47226,18304,32760,32763,32766,32766,53339,0
8099,938,47235,18305,32760,32762,32765,32766,53337,0
8100,938,47246,18309,32760,32763,32765,32766,53338,0
8101,943,47242,18290,32759,32763,32764,32766,53337,1
8102,938,47209,18308,32760,32762,32764,32766,53339,0
8103,938,47247,18327,32760,32763,32765,32767,53338,0
8104,938,47249,18301,32759,32763,32765,32767,53338,0
8105,944,47208,18298,32760,32763,32765,32766,53338,1
8106,941,47204,18277,32760,32762,32765,32767,53338,0
8107,939,47254,18304,32759,32763,32764,32766,53337,0
8108,938,47253,18332,32759,32762,32764,32765,53338,0
8109,938,47213,18324,32761,32763,32765,32766,53336,0
8110,938,47223,18298,32760,32763,32764,32767,53337,0
8111,943,47249,18290,32759,32762,32764,32767,53338,0
8112,938,47224,18311,32760,32763,32765,32766,53339,0
8113,938,47212,18303,32760,32762,32764,32766,53337,0
8114,939,47263,18321,32760,32763,32764,32767,53337,0
8115,938,47241,18291,32760,32763,32764,32766,53337,0
8116,942,47207,18281,32759,32765,32765,32766,53339,1
8117,939,47204,18302,32760,32762,32765,32766,53336,0
8118,938,47243,18312,32760,32763,32765,32767,53338,0
8119,938,47220,18304,32761,32762,32765,32766,53336,0
8120,938,47185,18289,32760,32764,32765,32765,53337,0
8121,943,47245,18290,32759,32762,32765,32768,53336,0
8122,943,47251,18311,32760,32762,32765,32767,53337,1
8123,938,47200,18327,32760,32763,32764,32766,53336,1
8124,939,47203,18306,32759,32763,32763,32766,53337,0
8125,938,47243,18296,32760,32763,32765,32766,53336,1
8126,942,47235,18301,32760,32763,32765,32766,53338,0
8127,939,47187,18310,32760,32763,32764,32767,53338,0
8128,938,47240,18310,32760,32763,32765,32768,53338,0
8129,938,47231,18298,32760,32763,32764,32767,53336,0
8130,938,47209,18262,32759,32763,32764,32767,53337,1
8131,939,47216,18304,32760,32763,32764,32767,53338,2
8132,942,47239,18317,32759,32763,32765,32765,53338,0
8133,938,47245,18309,32759,32764,32765,32766,53337,1
8134,938,47189,18281,32759,32763,32766,32767,53336,0
8135,938,47224,18260,32760,32763,32764,32766,53336,0
8136,943,47249,18306,32760,32763,32764,32767,53337,1
8137,938,47202,18325,32760,32764,32765,32768,53336,0
8138,944,47220,18313,32760,32763,32764,32766,53337,0
8139,938,47239,18292,32759,32763,32764,32768,53336,0
8140,938,47233,18297,32759,32764,32764,32766,53337,1
8141,942,47196,18303,32760,32763,32764,32766,53336,1
8142,939,47238,18319,32760,32763,32764,32766,53337,0
8143,938,47249,18315,32760,32763,32765,32766,53337,0
8144,938,47215,18299,32761,32763,32764,32765,53337,1
8145,938,47203,18307,32761,32765,32764,32767,53337,0
8146,943,47252,18312,32759,32763,32764,32765,53337,1
8147,938,47212,18296,32758,32762,32766,32766,53336,0
8148,938,47197,18299,32759,32764,32764,32766,53337,0
8149,939,47219,18297,32760,32762,32765,32767,53337,0
8150,938,47246,18306,32760,32763,32765,32766,53335,0
8151,942,47231,18340,32760,32763,32764,32766,53337,1
8152,939,47199,18299,32760,32763,32764,32767,53337,0
8153,938,47256,18297,32760,32764,32764,32767,53337,0
8154,944,47242,18278,32759,32763,32764,32766,53337,0
8155,943,47212,18290,32759,32764,32764,32766,53336,0
8156,943,47182,18297,32759,32763,32764,32767,53337,0
8157,938,47242,18317,32760,32763,32765,32767,53336,0
8158,938,47206,18316,32759,32764,32764,32765,53337,0
8159,938,47167,18280,32759,32763,32765,32767,53336,0
8160,939,47230,18291,32760,32763,32764,32768,53335,0
8161,941,47236,18330,32760,32764,32764,32767,53336,0
8162,939,47207,18335,32758,32764,32764,32766,53336,0
8163,938,47195,18291,32760,32764,32765,32766,53337,2
8164,938,47236,18289,32760,32762,32763,32767,53337,0
8165,938,47218,18333,32760,32763,32765,32765,53335,0
8166,940,47179,18329,32760,32763,32765,32766,53336,0
8167,941,47225,18331,32759,32763,32765,32766,53336,0
8168,938,47250,18296,32759,32763,32764,32768,53342,0
8169,939,47200,18291,32760,32763,32764,32765,53336,0
8170,938,47196,18309,32760,32763,32764,32767,53335,0
8171,948,47221,18310,32760,32763,32764,32766,53335,0
8172,943,47227,18316,32759,32763,32765,32767,53335,0
8173,938,47191,18301,32760,32764,32765,32766,53336,0
8174,939,47189,18295,32760,32763,32765,32767,53336,0
8175,938,47230,18327,32759,32762,32764,32766,53336,0
8176,942,47222,18337,32758,32763,32765,32766,53336,0
8177,939,47169,18323,32760,32763,32765,32766,53336,0
8178,938,47225,18305,32760,32763,32765,32766,53335,0
8179,938,47238,18305,32760,32763,32764,32767,53335,0
8180,938,47182,18323,32760,32763,32764,32766,53336,0
8181,943,47195,18316,32760,32764,32764,32766,53335,0
8182,938,47236,18329,32760,32763,32765,32767,53335,0
8183,938,47216,18292,32760,32762,32765,32766,53336,0
8184,939,47188,18299,32759,32764,32764,32766,53335,0
8185,938,47240,18318,32760,32763,32763,32766,53334,0
8186,938,47224,18320,32760,32762,32764,32766,53335,0
8187,942,47191,18311,32760,32762,32765,32766,53335,0
8188,938,47185,18288,32760,32764,32765,32766,53336,0
8189,938,47236,18308,32759,32763,32765,32766,53336,0
8190,938,47219,18324,32760,32763,32765,32766,53336,0
8191,943,47184,18326,32760,32762,32764,32768,53336,1
8192,938,47211,18285,32760,32763,32764,32767,53334,0
8193,938,47224,18286,32760,32764,32764,32766,53336,0
8194,939,47189,18330,32759,32763,32763,32767,53335,0
8195,938,47205,18323,32760,32764,32764,32766,53333,0
8196,942,47242,18318,32759,32762,32764,32766,53335,0
8197,938,47214,18285,32760,32763,32764,32766,53337,0
8198,939,47183,18297,32760,32763,32765,32766,53337,0
8199,938,47212,18304,32760,32761,32764,32768,53338,0
8200,938,47226,18326,32759,32763,32765,32765,53336,0
8201,942,47194,18319,32760,32763,32764,32766,53335,1
8202,939,47209,18291,32760,32762,32765,32767,53335,0
8203,938,47232,18292,32760,32763,32764,32767,53335,1
8204,944,47216,18320,32759,32763,32764,32766,53337,0
8205,943,47192,18324,32760,32763,32764,32766,53336,0
8206,943,47217,18308,32759,32762,32765,32766,53336,0
8207,938,47221,18297,32760,32763,32764,32767,53336,0
8208,938,47215,18287,32759,32763,32764,32766,53334,0
8209,938,47170,18328,32760,32763,32764,32766,53335,0
8210,939,47215,18320,32759,32762,32765,32767,53335,0
8211,941,47230,18306,32761,32764,32764,32766,53335,1
8212,939,47198,18272,32759,32763,32765,32767,53334,0
8213,938,47225,18280,32760,32763,32764,32767,53335,1
8214,938,47227,18317,32759,32763,32764,32765,53334,1
8215,938,47219,18309,32759,32763,32765,32766,53335,0
8216,943,47182,18277,32759,32764,32763,32767,53333,0
8217,938,47231,18291,32760,32763,32764,32767,53335,0
8218,938,47235,18308,32760,32762,32764,32767,53336,1
8219,938,47183,18317,32760,32763,32765,32765,53336,0
8220,939,47210,18315,32759,32763,32764,32767,53336,0
8221,942,47240,18299,32760,32763,32764,32766,53336,0
8222,938,47203,18289,32759,32762,32764,32767,53335,0
8223,938,47184,18325,32760,32763,32765,32766,53335,0
8224,938,47236,18330,32760,32762,32765,32767,53336,0
8225,939,47227,18325,32760,32763,32764,32765,53335,0
8226,942,47199,18281,32760,32762,32764,32766,53335,0
8227,938,47208,18290,32760,32762,32764,32767,53335,0
8228,938,47226,18318,32760,32763,32766,32766,53335,0
8229,939,47209,18310,32759,32762,32764,32766,53335,0
8230,938,47188,18290,32760,32763,32764,32766,53335,0
8231,942,47228,18287,32760,32763,32764,32766,53334,0
8232,939,47217,18318,32760,32764,32765,32766,53333,0
8233,938,47167,18313,32760,32763,32765,32767,53334,1
8234,938,47200,18301,32759,32762,32764,32766,53334,0
8235,938,47237,18286,32760,32763,32764,32767,53334,0
8236,943,47220,18291,32761,32763,32765,32766,53334,0
8237,949,47169,18304,32759,32763,32764,32766,53335,0
8238,938,47216,18313,32760,32764,32763,32767,53333,0
8239,938,47231,18334,32759,32764,32764,32767,53334,1
8240,939,47198,18308,32760,32764,32765,32767,53334,0
8241,942,47172,18292,32760,32762,32764,32767,53333,0
8242,938,47214,18309,32760,32763,32764,32766,53333,0
8243,938,47232,18332,32761,32764,32764,32768,53334,0
8244,938,47179,18316,32759,32763,32764,32766,53334,0
8245,939,47212,18299,32760,32763,32764,32767,53334,0
8246,942,47205,18282,32759,32763,32764,32766,53335,0
8247,938,47213,18314,32760,32763,32765,32766,53334,0
8248,939,47197,18309,32760,32762,32764,32765,53335,0
8249,938,47230,18316,32761,32763,32764,32766,53335,1
8250,938,47217,18298,32760,32763,32765,32766,53334,0
8251,942,47185,18283,32760,32764,32764,32768,53335,0
8252,939,47222,18327,32759,32763,32764,32766,53334,0
8253,938,47225,18331,32760,32763,32765,32767,53334,0
8254,938,47193,18323,32760,32762,32764,32767,53334,0
8255,938,47181,18274,32760,32763,32765,32767,53334,0
8256,942,47220,18307,32760,32763,32765,32765,53335,0
8257,939,47218,18312,32760,32763,32763,32766,53334,0
8258,938,47186,18323,32760,32763,32764,32767,53334,0
8259,938,47235,18305,32760,32763,32764,32767,53334,0
8260,938,47224,18280,32759,32763,32765,32765,53335,0
8261,943,47199,18327,32759,32762,32765,32768,53335,0
8262,938,47182,18324,32760,32763,32764,32766,53335,0
8263,938,47226,18318,32759,32763,32765,32767,53333,1
8264,939,47218,18306,32760,32764,32765,32765,53333,1
8265,938,47149,18273,32760,32763,32765,32767,53334,1
8266,942,47213,18316,32760,32762,32764,32768,53335,0
8267,938,47216,18324,32760,32764,32764,32766,53334,0
8268,938,47196,18323,32760,32762,32765,32767,53334,1
8269,939,47176,18277,32760,32763,32765,32765,53334,0
8270,949,47228,18312,32759,32763,32765,32767,53334,0
8271,942,47226,18320,32760,32763,32764,32767,53333,0
8272,938,47221,18340,32759,32763,32765,32766,53334,0
8273,939,47190,18321,32760,32762,32765,32766,53334,0
8274,938,47228,18308,32760,32763,32764,32766,53335,0
8275,938,47219,18320,32760,32763,32764,32766,53333,0
8276,943,47192,18341,32760,32763,32765,32766,53334,1
8277,938,47222,18313,32759,32763,32765,32766,53334,1
8278,938,47235,18335,32759,32763,32765,32766,53333,0
8279,938,47207,18296,32759,32763,32764,32767,53333,0
8280,939,47198,18300,32760,32763,32765,32766,53334,0
8281,942,47226,18340,32760,32763,32764,32766,53335,0
8282,938,47218,18336,32760,32762,32764,32766,53333,2
8283,938,47180,18307,32760,32763,32764,32767,53334,0
8284,939,47220,18292,32760,32763,32765,32766,53334,1
8285,938,47225,18320,32760,32763,32765,32767,53333,0
8286,939,47192,18335,32760,32763,32764,32766,53333,4
8287,941,47186,18317,32760,32763,32765,32766,53334,0
8288,938,47226,18320,32760,32763,32764,32767,53333,0
8289,939,47219,18296,32760,32763,32765,32766,53335,0
8290,938,47177,18336,32759,32763,32764,32767,53334,1
8291,942,47212,18319,32761,32762,32765,32767,53333,0
8292,939,47234,18320,32760,32764,32765,32766,53332,0
8293,938,47187,18303,32759,32762,32766,32767,53332,0
8294,938,47214,18302,32759,32764,32764,32765,53333,0
8295,938,47234,18330,32760,32764,32765,32767,53332,0
8296,943,47230,18331,32760,32762,32765,32767,53333,0
8297,938,47186,18304,32759,32763,32764,32766,53334,1
8298,938,47230,18283,32760,32763,32764,32767,53333,0
8299,939,47225,18320,32760,32764,32765,32767,53333,0
8300,938,47173,18334,32759,32762,32765,32766,53334,0
8301,942,47191,18304,32760,32763,32763,32766,53333,0
8302,938,47235,18318,32760,32763,32765,32767,53334,3
8303,944,47201,18284,32760,32763,32764,32767,53334,0
8304,938,47172,18304,32759,32762,32764,32766,53335,0
8305,938,47217,18320,32760,32763,32765,32766,53333,0
8306,943,47217,18320,32760,32762,32765,32766,53334,0
8307,938,47215,18299,32760,32764,32764,32766,53334,0
8308,938,47182,18283,32760,32763,32765,32767,53334,0
8309,938,47227,18330,32759,32763,32764,32766,53334,0
8310,939,47210,18349,32759,32763,32764,32767,53334,0
8311,942,47165,18323,32760,32763,32764,32765,53334,0
8312,938,47203,18294,32759,32763,32765,32766,53332,0
8313,938,47220,18294,32760,32763,32763,32767,53333,0
8314,939,47197,18328,32760,32763,32765,32767,53334,0
8315,938,47189,18311,32759,32762,32764,32766,53334,0
8316,942,47228,18322,32759,32764,32765,32767,53333,0
8317,939,47233,18290,32760,32763,32764,32765,53333,1
8318,938,47188,18307,32761,32762,32765,32767,53334,1
8319,938,47219,18323,32760,32763,32764,32767,53333,0
8320,938,47240,18323,32761,32763,32765,32766,53333,1
8321,940,47210,18309,32760,32763,32764,32766,53334,0
8322,938,47196,18284,32759,32763,32764,32767,53334,0
8323,939,47233,18312,32760,32763,32765,32767,53333,2
8324,938,47227,18333,32760,32762,32765,32767,53333,0
8325,938,47183,18309,32759,32763,32765,32766,53333,0
8326,942,47229,18299,32759,32763,32764,32767,53333,0
8327,939,47225,18302,32759,32763,32765,32766,53333,0
8328,938,47199,18323,32760,32764,32764,32767,53333,0
8329,938,47223,18338,32759,32763,32764,32768,53331,0
8330,938,47232,18316,32759,32762,32765,32767,53333,0
8331,943,47216,18275,32759,32763,32764,32767,53334,0
8332,938,47192,18312,32759,32763,32765,32766,53333,0
8333,938,47248,18340,32760,32762,32765,32767,53333,0
8334,939,47234,18326,32760,32763,32764,32766,53332,0
8335,938,47201,18306,32758,32764,32764,32766,53334,1
8336,948,47204,18274,32760,32763,32764,32767,53332,0
8337,943,47245,18299,32760,32763,32765,32766,53332,0
8338,938,47217,18326,32759,32763,32764,32766,53330,0
8339,939,47198,18311,32760,32763,32765,32767,53331,0
8340,938,47207,18324,32761,32763,32764,32767,53331,0
8341,942,47224,18299,32760,32763,32764,32766,53333,0
8342,939,47215,18318,32759,32763,32765,32766,53331,0
8343,938,47188,18329,32760,32763,32764,32766,53331,0
8344,938,47237,18316,32760,32763,32764,32767,53331,0
8345,938,47214,18297,32761,32763,32765,32767,53330,0
8346,943,47196,18285,32759,32763,32765,32767,53332,0
8347,938,47202,18303,32761,32763,32765,32766,53332,0
8348,938,47225,18332,32759,32764,32764,32767,53331,1
8349,938,47225,18315,32760,32763,32765,32765,53331,0
8350,939,47180,18308,32759,32763,32764,32766,53332,0
8351,942,47219,18283,32761,32763,32764,32766,53332,0
8352,938,47221,18325,32759,32763,32763,32767,53332,1
8353,938,47188,18342,32761,32763,32764,32767,53332,0
8354,938,47219,18315,32761,32763,32763,32766,53331,1
8355,939,47220,18287,32761,32762,32764,32765,53331,0
8356,942,47200,18304,32760,32763,32765,32767,53331,0
8357,938,47187,18321,32760,32763,32764,32767,53332,1
8358,939,47226,18323,32759,32763,32765,32767,53332,0
8359,938,47237,18333,32760,32762,32764,32767,53331,0
8360,938,47177,18287,32760,32763,32764,32767,53332,0
8361,943,47200,18311,32760,32763,32764,32767,53333,0
8362,938,47235,18336,32760,32764,32764,32766,53331,0
8363,938,47199,18323,32760,32763,32765,32766,53331,0
8364,939,47192,18288,32759,32763,32765,32766,53331,0
8365,938,47229,18288,32759,32762,32764,32767,53332,0
8366,942,47231,18320,32760,32763,32764,32767,53333,2
8367,939,47188,18332,32759,32763,32764,32766,53332,1
8368,938,47216,18330,32759,32763,32764,32766,53332,1
8369,949,47236,18310,32760,32764,32764,32765,53332,0
8370,938,47236,18287,32759,32764,32764,32766,53331,0
8371,942,47175,18302,32759,32763,32764,32767,53331,0
8372,938,47230,18309,32760,32763,32765,32766,53331,0
8373,938,47225,18315,32760,32762,32765,32766,53329,0
8374,939,47191,18301,32760,32763,32765,32766,53331,0
8375,938,47174,18281,32759,32762,32764,32767,53332,0
8376,942,47224,18308,32759,32763,32765,32766,53332,1
8377,938,47219,18330,32760,32762,32764,32767,53331,0
8378,939,47197,18335,32760,32762,32764,32766,53331,0
8379,938,47227,18296,32760,32764,32765,32765,53331,0
8380,938,47222,18300,32761,32763,32765,32766,53332,0
8381,943,47220,18324,32759,32762,32765,32766,53334,1
8382,938,47179,18317,32759,32763,32764,32767,53332,0
8383,938,47225,18301,32760,32763,32765,32766,53330,0
8384,938,47204,18285,32759,32763,32765,32766,53330,0
8385,944,47178,18304,32760,32763,32765,32768,53331,0
8386,942,47196,18317,32759,32762,32765,32766,53331,0
8387,938,47217,18328,32759,32762,32764,32765,53331,0
8388,939,47219,18310,32760,32763,32764,32767,53331,0
8389,938,47180,18286,32760,32762,32764,32767,53331,0
8390,938,47222,18305,32759,32763,32764,32766,53331,0
8391,943,47200,18304,32759,32762,32763,32766,53331,1
8392,938,47179,18321,32758,32762,32764,32765,53332,1
8393,938,47186,18305,32760,32763,32765,32765,53330,1
8394,938,47221,18283,32759,32763,32765,32766,53330,0
8395,939,47207,18320,32760,32764,32765,32768,53331,0
8396,939,47178,18309,32760,32762,32765,32767,53331,1
8397,941,47226,18334,32760,32764,32764,32766,53331,0
8398,939,47231,18297,32760,32762,32764,32766,53332,0
8399,938,47185,18293,32760,32762,32765,32767,53331,0
8400,938,47214,18325,32760,32763,32765,32766,53330,1
8401,943,47236,18313,32759,32763,32765,32766,53331,0
8402,949,47235,18319,32759,32762,32764,32766,53330,0
8403,938,47194,18312,32760,32762,32763,32766,53331,1
8404,938,47207,18280,32759,32763,32765,32766,53331,0
8405,938,47220,18316,32760,32763,32763,32766,53331,0
8406,943,47221,18328,32760,32763,32765,32765,53332,0
8407,938,47181,18313,32760,32763,32764,32766,53331,0
8408,938,47221,18292,32760,32762,32764,32766,53330,0
8409,939,47226,18292,32760,32764,32765,32767,53330,0
8410,938,47184,18323,32761,32762,32764,32766,53332,1
8411,942,47201,18325,32761,32763,32764,32767,53331,0
8412,939,47221,18326,32761,32763,32764,32766,53331,0
8413,938,47215,18312,32759,32762,32765,32766,53331,0
8414,938,47176,18305,32760,32763,32764,32767,53331,0
8415,938,47220,18328,32759,32764,32764,32766,53331,0
8416,956,47237,18317,32760,32763,32764,32767,53330,0
8417,942,47214,18337,32759,32762,32764,32766,53330,0
8418,938,47180,18299,32760,32763,32765,32766,53330,0
8419,938,47224,18295,32760,32763,32765,32766,53330,0
8420,938,47232,18306,32760,32763,32764,32766,53331,0
8421,942,47207,18329,32761,32762,32765,32767,53331,0
8422,939,47200,18312,32759,32764,32765,32767,53330,0
8423,938,47217,18306,32760,32764,32766,32766,53332,0
8424,938,47210,18286,32760,32764,32764,32767,53330,0
8425,938,47167,18329,32761,32762,32765,32766,53332,0
8426,948,47218,18327,32760,32763,32764,32766,53330,0
8427,938,47232,18335,32761,32762,32764,32766,53331,0
8428,938,47216,18306,32760,32763,32764,32766,53330,0
8429,939,47180,18309,32760,32762,32764,32767,53331,0
8430,938,47198,18324,32759,32764,32765,32766,53330,0
8431,942,47228,18320,32760,32763,32764,32766,53329,0
8432,939,47186,18312,32759,32763,32765,32766,53330,0
8433,938,47212,18299,32760,32762,32764,32766,53330,0
8434,938,47229,18285,32760,32764,32764,32767,53330,0
8435,944,47207,18330,32760,32763,32765,32766,53329,0
8436,942,47168,18317,32759,32762,32765,32765,53329,0
8437,938,47242,18323,32759,32762,32764,32767,53330,0
8438,938,47228,18314,32759,32763,32763,32766,53330,0
8439,939,47169,18316,32759,32763,32764,32766,53329,0
8440,938,47185,18317,32761,32763,32765,32766,53329,0
8441,942,47219,18332,32760,32763,32764,32767,53329,0
8442,939,47209,18316,32760,32763,32764,32767,53326,1
8443,938,47173,18276,32759,32763,32764,32767,53329,0
8444,938,47220,18297,32759,32762,32764,32766,53330,0
8445,938,47228,18341,32760,32763,32764,32766,53330,0
8446,943,47191,18329,32760,32763,32765,32767,53328,0
8447,938,47212,18313,32760,32763,32764,32767,53328,0
8448,938,47222,18290,32759,32762,32765,32766,53328,0
8449,939,47204,18330,32760,32764,32764,32766,53330,0
8450,938,47179,18322,32759,32763,32765,32766,53330,0
8451,938,47222,18314,32759,32763,32765,32767,53328,0
8452,941,47229,18312,32759,32763,32765,32766,53328,0
8453,939,47188,18294,32759,32762,32764,32767,53329,0
8454,938,47210,18307,32759,32763,32765,32766,53328,0
8455,938,47234,18346,32760,32762,32765,32766,53329,1
8456,943,47195,18324,32760,32763,32764,32766,53330,0
8457,938,47181,18296,32760,32764,32764,32766,53328,0
8458,938,47224,18305,32760,32763,32764,32767,53328,0
8459,938,47229,18344,32760,32763,32765,32766,53330,0
8460,939,47184,18339,32759,32763,32765,32766,53329,0
8461,942,47211,18306,32761,32763,32765,32767,53329,0
8462,938,47221,18314,32760,32764,32765,32766,53328,0
8463,938,47207,18327,32759,32762,32764,32766,53328,0
8464,939,47179,18334,32759,32763,32764,32765,53328,0
8465,938,47219,18339,32758,32762,32765,32767,53328,0
8466,942,47199,18311,32760,32763,32764,32767,53329,0
8467,939,47177,18296,32759,32762,32764,32766,53329,1
8468,948,47196,18314,32760,32763,32765,32767,53328,0
8469,938,47230,18344,32760,32763,32764,32766,53328,0
8470,938,47216,18349,32761,32763,32764,32766,53328,0
8471,943,47185,18326,32760,32763,32764,32767,53328,0
8472,938,47203,18298,32759,32762,32764,32767,53328,0
8473,938,47227,18336,32760,32763,32764,32767,53328,0
8474,938,47202,18337,32759,32763,32764,32767,53328,1
8475,939,47189,18329,32760,32764,32764,32765,53329,0
8476,942,47222,18327,32761,32764,32764,32766,53330,0
8477,938,47204,18292,32760,32763,32765,32766,53328,0
8478,939,47174,18326,32760,32763,32765,32767,53327,0
8479,938,47229,18343,32760,32763,32764,32766,53329,0
8480,938,47223,18332,32760,32762,32764,32766,53327,0
8481,943,47214,18315,32760,32763,32765,32766,53328,0
8482,943,47169,18315,32760,32762,32765,32766,53327,0
8483,938,47223,18331,32760,32763,32764,32766,53328,0
8484,938,47218,18335,32760,32762,32765,32767,53329,1
8485,938,47167,18331,32759,32763,32764,32767,53327,1
8486,943,47201,18298,32760,32764,32765,32767,53328,0
8487,938,47222,18312,32760,32762,32765,32767,53326,0
8488,938,47205,18321,32760,32763,32764,32766,53327,0
8489,938,47176,18331,32760,32763,32763,32766,53327,0
8490,939,47225,18321,32760,32764,32765,32766,53327,1
8491,942,47211,18309,32761,32763,32763,32768,53329,1
8492,938,47168,18316,32760,32763,32765,32767,53326,0
8493,939,47186,18315,32761,32762,32765,32766,53328,1
8494,938,47221,18331,32760,32764,32765,32766,53327,0
8495,938,47204,18315,32760,32763,32765,32767,53328,0
8496,939,47178,18294,32760,32763,32763,32767,53327,0
8497,942,47216,18331,32759,32762,32765,32766,53327,0
8498,938,47221,18335,32760,32763,32764,32766,53328,0
8499,938,47174,18336,32760,32763,32764,32766,53328,1
8500,939,47203,18318,32759,32763,32765,32766,53327,0
8501,946,47212,18309,32760,32763,32764,32767,53328,0
8502,938,47207,18322,32761,32763,32765,32766,53329,0
8503,938,47177,18344,32760,32763,32763,32767,53327,0
8504,938,47218,18339,32760,32762,32764,32766,53328,0
8505,939,47211,18319,32760,32763,32765,32765,53328,0
8506,942,47176,18305,32760,32762,32764,32767,53327,1
8507,938,47196,18319,32761,32763,32764,32767,53327,0
8508,938,47227,18332,32760,32763,32765,32767,53328,0
8509,939,47202,18333,32761,32763,32764,32767,53328,0
8510,938,47177,18297,32760,32763,32765,32768,53329,0
8511,942,47197,18323,32760,32763,32765,32766,53328,0
8512,939,47205,18335,32759,32762,32764,32767,53327,1
8513,938,47174,18342,32760,32763,32765,32767,53328,0
8514,938,47182,18313,32760,32763,32765,32766,53327,0
8515,938,47210,18314,32759,32763,32764,32766,53326,0
8516,940,47202,18336,32760,32763,32764,32766,53327,0
8517,941,47161,18333,32760,32763,32764,32766,53327,0
8518,938,47218,18335,32758,32762,32764,32767,53328,1
8519,938,47202,18330,32760,32764,32763,32766,53328,1
8520,938,47156,18304,32760,32763,32764,32766,53327,0
8521,943,47184,18325,32759,32763,32765,32767,53327,1
8522,938,47209,18327,32760,32763,32765,32766,53326,0
8523,938,47186,18325,32760,32763,32764,32766,53327,0
8524,938,47158,18293,32760,32762,32765,32766,53328,0
8525,939,47200,18332,32760,32763,32765,32766,53328,0
8526,942,47205,18336,32760,32763,32765,32766,53326,0
8527,938,47171,18345,32760,32762,32765,32766,53328,0
8528,939,47187,18317,32759,32763,32764,32766,53326,0
8529,938,47205,18296,32760,32763,32765,32766,53327,1
8530,938,47198,18329,32760,32763,32765,32766,53327,0
8531,944,47161,18329,32760,32763,32764,32768,53327,3
8532,942,47210,18345,32759,32764,32765,32766,53327,0
8533,938,47221,18334,32760,32763,32765,32766,53327,0
8534,944,47174,18314,32760,32763,32765,32766,53326,0
8535,943,47153,18295,32760,32763,32765,32766,53327,0
8536,943,47200,18325,32759,32763,32766,32766,53325,0
8537,938,47219,18340,32759,32762,32765,32766,53326,0
8538,938,47175,18331,32760,32762,32765,32767,53328,0
8539,938,47184,18309,32759,32763,32764,32765,53326,0
8540,939,47210,18329,32759,32763,32763,32766,53326,1
8541,942,47193,18348,32759,32762,32763,32766,53327,0
8542,938,47162,18346,32759,32764,32765,32766,53327,0
8543,939,47200,18326,32760,32762,32765,32767,53325,0
8544,938,47211,18324,32760,32763,32764,32767,53327,0
8545,938,47159,18339,32760,32763,32764,32766,53326,0
8546,942,47163,18348,32760,32763,32764,32766,53326,0
8547,939,47211,18348,32760,32762,32765,32767,53325,0
8548,938,47193,18335,32759,32764,32764,32765,53326,0
8549,938,47156,18322,32758,32763,32765,32765,53327,0
8550,938,47210,18321,32759,32762,32765,32766,53325,0
8551,942,47193,18345,32760,32762,32765,32766,53326,0
8552,939,47171,18331,32759,32763,32765,32767,53327,0
8553,938,47176,18313,32760,32763,32763,32766,53327,0
8554,938,47207,18330,32760,32764,32765,32767,53326,0
8555,938,47185,18370,32759,32763,32765,32766,53327,0
8556,943,47156,18352,32760,32762,32763,32766,53327,0
8557,938,47201,18327,32759,32764,32766,32766,53327,0
8558,938,47193,18320,32761,32763,32765,32767,53326,0
8559,938,47161,18335,32760,32763,32765,32767,53327,0
8560,939,47176,18345,32758,32763,32765,32767,53327,4
8561,949,47212,18353,32759,32762,32765,32766,53322,0
8562,942,47203,18347,32760,32762,32764,32767,53326,0
8563,938,47169,18325,32759,32762,32765,32766,53326,1
8564,938,47193,18326,32760,32762,32764,32767,53326,1
8565,939,47196,18344,32759,32763,32765,32767,53324,0
8566,942,47200,18372,32759,32763,32763,32766,53326,1
8567,944,47169,18352,32760,32762,32765,32766,53326,0
8568,943,47184,18340,32759,32764,32765,32766,53325,1
8569,938,47204,18323,32759,32763,32764,32767,53326,0
8570,939,47181,18354,32760,32763,32764,32766,53326,0
8571,942,47153,18368,32759,32763,32764,32766,53326,0
8572,938,47200,18359,32760,32763,32764,32766,53325,0
8573,939,47192,18332,32760,32763,32765,32766,53327,0
8574,938,47160,18335,32759,32763,32764,32766,53326,0
8575,938,47188,18359,32759,32764,32765,32766,53326,0
8576,943,47198,18359,32759,32762,32764,32766,53326,0
8577,938,47193,18354,32760,32763,32764,32766,53326,1
8578,938,47155,18322,32760,32763,32763,32767,53324,0
8579,938,47189,18356,32760,32763,32763,32766,53326,0
8580,939,47198,18350,32759,32763,32763,32766,53325,0
8581,942,47134,18341,32759,32763,32765,32766,53326,0
8582,938,47178,18321,32760,32763,32766,32766,53326,0
8583,938,47200,18322,32760,32763,32764,32767,53326,0
8584,944,47171,18361,32761,32762,32765,32767,53326,0
8585,938,47157,18346,32760,32762,32764,32767,53326,0
8586,942,47198,18357,32759,32763,32765,32767,53326,0
8587,938,47202,18343,32760,32763,32764,32766,53326,0
8588,938,47147,18330,32760,32763,32765,32767,53326,0
8589,939,47177,18348,32759,32763,32764,32765,53326,1
8590,938,47213,18339,32760,32763,32765,32766,53325,1
8591,942,47175,18365,32760,32763,32764,32766,53325,0
8592,939,47133,18333,32760,32762,32765,32766,53326,0
8593,938,47200,18310,32760,32763,32765,32766,53325,0
8594,938,47188,18354,32760,32764,32765,32766,53325,0
8595,938,47133,18344,32759,32763,32765,32767,53324,1
8596,943,47173,18334,32759,32764,32765,32767,53322,0
8597,938,47187,18326,32760,32763,32765,32767,53325,0
8598,938,47172,18342,32760,32763,32764,32767,53326,0
8599,939,47141,18362,32759,32763,32765,32767,53324,0
8600,938,47204,18360,32760,32763,32764,32766,53326,0
8601,942,47201,18348,32760,32763,32765,32766,53325,0
8602,938,47163,18318,32760,32764,32764,32767,53325,0
8603,938,47167,18344,32760,32761,32764,32767,53324,0
8604,938,47169,18345,32761,32762,32764,32766,53325,0
8605,939,47176,18353,32761,32763,32765,32767,53326,0
8606,942,47135,18319,32759,32763,32764,32768,53326,0
8607,938,47188,18309,32760,32763,32764,32766,53325,0
8608,939,47194,18356,32760,32764,32765,32767,53326,0
8609,938,47157,18357,32760,32762,32764,32766,53326,0
8610,938,47175,18334,32759,32763,32765,32767,53326,0
8611,943,47211,18326,32760,32762,32764,32766,53329,0
8612,938,47188,18322,32759,32763,32764,32766,53327,1
8613,938,47157,18337,32759,32763,32765,32766,53327,0
8614,938,47208,18347,32760,32762,32764,32767,53326,0
8615,939,47203,18329,32760,32763,32764,32767,53326,0
8616,942,47167,18314,32760,32763,32764,32767,53327,0
8617,944,47182,18331,32760,32763,32765,32765,53327,0
8618,938,47204,18352,32760,32762,32763,32766,53327,0
8619,938,47204,18347,32760,32763,32764,32766,53326,0
8620,938,47146,18335,32759,32764,32764,32766,53326,1
8621,943,47193,18312,32760,32763,32763,32765,53326,0
8622,938,47193,18331,32760,32764,32764,32766,53325,1
8623,938,47153,18358,32759,32763,32764,32766,53326,0
8624,938,47161,18347,32760,32764,32765,32768,53326,0
8625,939,47196,18338,32761,32763,32763,32766,53326,0
8626,942,47189,18312,32760,32763,32765,32767,53323,0
8627,939,47154,18342,32760,32763,32765,32766,53326,0
8628,938,47199,18353,32760,32762,32764,32766,53326,0
8629,938,47209,18359,32760,32763,32764,32766,53325,0
8630,938,47157,18322,32759,32763,32765,32767,53325,0
8631,943,47155,18315,32759,32763,32764,32766,53325,0
8632,938,47193,18344,32760,32763,32765,32766,53326,1
8633,944,47206,18366,32760,32764,32765,32767,53326,0
8634,943,47153,18360,32759,32764,32765,32766,53325,0
8635,938,47170,18329,32760,32763,32766,32766,53326,1
8636,943,47187,18329,32760,32764,32765,32766,53325,0
8637,938,47184,18342,32760,32763,32764,32766,53324,0
8638,938,47149,18344,32760,32763,32764,32766,53326,0
8639,939,47177,18335,32759,32763,32764,32766,53325,0
8640,938,47191,18320,32758,32762,32764,32766,53325,0
8641,942,47169,18340,32761,32762,32765,32766,53324,0
8642,938,47146,18341,32759,32764,32764,32767,53324,0
8643,938,47192,18354,32760,32763,32764,32766,53324,0
8644,939,47182,18342,32759,32763,32764,32767,53324,0
8645,938,47153,18318,32759,32763,32765,32767,53325,0
8646,942,47190,18328,32759,32762,32764,32766,53324,0
8647,938,47192,18336,32759,32763,32765,32767,53319,0
8648,939,47164,18346,32761,32763,32765,32766,53324,0
8649,938,47170,18322,32759,32763,32764,32767,53326,0
8650,942,47192,18330,32759,32763,32764,32766,53323,0
8651,942,47195,18330,32760,32762,32765,32766,53324,0
8652,939,47151,18344,32759,32763,32765,32766,53325,0
8653,938,47198,18363,32759,32763,32766,32767,53326,0
8654,938,47204,18340,32759,32764,32765,32767,53324,0
8655,938,47172,18317,32760,32763,32765,32766,53324,0
8656,943,47136,18319,32760,32762,32764,32766,53325,0
8657,938,47196,18340,32760,32762,32764,32767,53325,0
8658,938,47181,18356,32760,32762,32764,32767,53325,0
8659,939,47143,18339,32760,32763,32765,32766,53325,0
8660,938,47186,18329,32760,32763,32765,32767,53325,0
8661,939,47201,18361,32759,32763,32765,32765,53324,0
8662,941,47169,18361,32759,32763,32765,32766,53324,0
8663,939,47152,18344,32759,32763,32765,32766,53325,1
8664,938,47194,18315,32760,32762,32765,32767,53323,0
8665,938,47180,18342,32759,32762,32764,32766,53323,1
8666,943,47156,18341,32761,32763,32763,32766,53323,0
8667,943,47161,18359,32760,32763,32764,32767,53325,0
8668,938,47209,18344,32759,32763,32765,32767,53324,0
8669,939,47161,18322,32760,32761,32764,32767,53323,4
8670,938,47148,18321,32760,32763,32764,32766,53324,0
8671,942,47193,18338,32759,32763,32765,32766,53324,0
8672,939,47194,18357,32760,32763,32764,32767,53324,0
8673,938,47158,18346,32760,32763,32765,32767,53323,0
8674,938,47177,18309,32760,32763,32765,32765,53325,0
8675,938,47177,18344,32759,32763,32764,32766,53324,0
8676,943,47175,18351,32760,32762,32765,32766,53324,0
8677,938,47139,18355,32759,32763,32765,32767,53324,0
8678,938,47184,18361,32761,32763,32765,32765,53324,1
8679,938,47193,18341,32760,32762,32765,32766,53325,0
8680,939,47140,18363,32759,32762,32765,32766,53325,0
8681,942,47170,18360,32760,32763,32765,32767,53323,0
8682,939,47198,18354,32760,32762,32764,32766,53324,0
8683,948,47215,18342,32760,32763,32764,32766,53324,0
8684,938,47153,18316,32761,32762,32765,32766,53324,3
8685,938,47182,18330,32760,32762,32765,32767,53323,1
8686,943,47202,18353,32760,32763,32764,32766,53324,0
8687,938,47184,18352,32760,32762,32765,32766,53324,0
8688,938,47139,18332,32760,32763,32764,32766,53324,0
8689,938,47192,18312,32759,32762,32765,32766,53324,0
8690,939,47204,18346,32760,32763,32765,32767,53324,0
8691,955,47145,18373,32759,32763,32764,32767,53323,0
8692,941,47132,18383,32759,32764,32765,32767,53324,1
8693,939,47187,18352,32760,32763,32764,32766,53324,0
8694,938,47195,18333,32760,32763,32763,32766,53324,0
8695,938,47169,18346,32760,32764,32765,32767,53324,0
8696,939,47169,18357,32760,32762,32765,32767,53324,0
8697,942,47192,18370,32759,32762,32764,32766,53325,0
8698,938,47183,18363,32760,32762,32764,32767,53324,0
8699,938,47125,18322,32760,32763,32765,32766,53323,0
8700,938,47193,18350,32760,32763,32765,32766,53325,1
8701,943,47199,18365,32759,32762,32765,32767,53324,0
8702,938,47154,18360,32759,32764,32765,32766,53323,0
8703,938,47162,18345,32759,32763,32765,32766,53325,1
8704,938,47183,18321,32760,32762,32765,32766,53324,0
8705,939,47173,18378,32759,32764,32765,32767,53323,0
8706,942,47140,18359,32760,32763,32764,32767,53323,0
8707,938,47197,18361,32760,32763,32765,32766,53324,1
8708,939,47188,18339,32760,32763,32765,32767,53323,1
8709,938,47163,18323,32759,32762,32765,32767,53323,1
8710,938,47165,18371,32759,32763,32764,32767,53323,0
8711,942,47197,18374,32760,32763,32764,32767,53324,2
8712,939,47195,18369,32760,32762,32763,32767,53323,0
8713,938,47139,18330,32760,32764,32764,32767,53324,0
8714,938,47180,18348,32760,32763,32764,32765,53324,0
8715,939,47177,18377,32761,32762,32765,32767,53323,0
8716,946,47166,18376,32760,32763,32765,32766,53324,0
8717,943,47126,18354,32759,32763,32764,32767,53322,0
8718,938,47183,18351,32760,32763,32765,32766,53323,0
8719,939,47171,18332,32760,32763,32765,32766,53323,0
8720,938,47134,18346,32759,32763,32764,32767,53324,0
8721,942,47172,18362,32759,32762,32764,32767,53323,0
8722,939,47179,18367,32759,32763,32765,32766,53323,0
8723,938,47161,18339,32760,32763,32765,32767,53322,0
8724,938,47135,18335,32761,32762,32763,32766,53322,0
8725,938,47178,18350,32760,32763,32764,32766,53322,0
8726,943,47184,18359,32760,32762,32765,32767,53322,0
8727,938,47149,18348,32761,32762,32764,32766,53323,1
8728,938,47170,18320,32760,32763,32765,32765,53322,0
8729,939,47183,18357,32760,32763,32764,32766,53322,0
8730,938,47155,18370,32760,32762,32764,32767,53322,0
8731,942,47132,18356,32760,32763,32765,32767,53322,0
8732,938,47180,18357,32759,32763,32765,32766,53323,0
8733,938,47164,18316,32760,32763,32764,32766,53322,0
8734,938,47137,18355,32759,32763,32764,32767,53322,0
8735,939,47159,18359,32760,32762,32763,32766,53322,0
8736,942,47186,18364,32760,32762,32765,32768,53321,0
8737,938,47168,18337,32760,32764,32764,32766,53321,1
8738,939,47142,18330,32760,32762,32764,32766,53322,0
8739,938,47198,18367,32762,32764,32763,32766,53321,0
8740,938,47174,18368,32761,32763,32764,32766,53322,1
8741,942,47156,18337,32759,32763,32765,32767,53322,0
8742,939,47170,18327,32760,32762,32764,32767,53322,0
8743,938,47179,18347,32760,32763,32764,32766,53324,0
8744,938,47162,18383,32760,32764,32764,32766,53322,0
8745,938,47125,18362,32760,32763,32765,32767,53322,0
8746,938,47186,18346,32760,32764,32764,32768,53323,0
8747,942,47173,18332,32760,32763,32764,32766,53323,0
8748,939,47148,18361,32760,32764,32764,32767,53322,0
8749,949,47160,18362,32760,32763,32764,32766,53322,1
8750,938,47170,18371,32759,32763,32764,32766,53323,0
8751,942,47176,18366,32761,32763,32765,32765,53322,0
8752,939,47137,18325,32760,32763,32764,32766,53323,0
8753,938,47177,18362,32760,32763,32764,32766,53321,0
8754,938,47200,18385,32759,32763,32764,32767,53323,0
8755,938,47153,18379,32760,32763,32765,32766,53321,0
8756,943,47129,18361,32761,32763,32765,32767,53321,1
8757,938,47191,18331,32759,32762,32765,32766,53321,0
8758,938,47177,18385,32760,32762,32764,32767,53322,0
8759,938,47142,18377,32760,32763,32764,32766,53321,0
8760,939,47177,18365,32760,32763,32764,32767,53321,1
8761,942,47199,18347,32760,32763,32765,32766,53320,0
8762,938,47153,18345,32759,32763,32765,32766,53321,1
8763,939,47142,18356,32759,32763,32765,32766,53321,0
8764,938,47211,18378,32760,32763,32764,32766,53321,0
8765,938,47200,18363,32760,32762,32765,32767,53322,0
8766,942,47147,18341,32759,32762,32764,32766,53322,0
8767,938,47174,18358,32761,32763,32764,32766,53322,0
8768,938,47179,18381,32760,32763,32765,32768,53322,0
8769,939,47165,18380,32760,32762,32764,32767,53320,0
8770,938,47149,18354,32760,32763,32765,32766,53318,0
8771,942,47192,18333,32760,32762,32764,32767,53318,0
8772,938,47167,18369,32760,32763,32765,32767,53317,0
8773,938,47137,18364,32759,32763,32764,32767,53320,0
8774,939,47175,18375,32760,32762,32764,32766,53319,2
8775,938,47188,18334,32760,32763,32763,32766,53318,0
8776,942,47172,18341,32761,32763,32763,32765,53318,3
8777,939,47133,18369,32760,32763,32763,32767,53318,0
8778,938,47187,18372,32760,32762,32764,32766,53318,0
8779,938,47177,18360,32760,32763,32766,32767,53318,0
8780,938,47108,18327,32759,32762,32764,32766,53317,0
8781,943,47164,18338,32759,32763,32764,32766,53317,0
8782,949,47174,18360,32759,32762,32765,32766,53318,1
8783,938,47158,18374,32760,32762,32764,32766,53322,0
8784,938,47123,18371,32760,32763,32765,32767,53317,0
8785,939,47157,18338,32760,32763,32764,32768,53318,0
8786,942,47163,18348,32761,32762,32765,32766,53319,0
8787,938,47142,18373,32760,32763,32764,32766,53319,0
8788,938,47145,18368,32759,32764,32764,32767,53318,0
8789,939,47179,18358,32760,32762,32765,32767,53316,5
8790,938,47170,18343,32760,32763,32764,32766,53318,0
8791,942,47122,18342,32760,32764,32764,32766,53317,0
8792,939,47162,18351,32760,32762,32765,32766,53317,0
8793,938,47175,18374,32760,32762,32765,32766,53317,1
8794,938,47164,18354,32760,32764,32764,32766,53319,0
8795,938,47150,18328,32761,32763,32765,32766,53318,2
8796,943,47167,18341,32760,32762,32764,32767,53318,0
8797,938,47161,18392,32760,32763,32765,32766,53318,0
8798,938,47124,18357,32759,32763,32763,32767,53317,0
8799,938,47164,18358,32759,32763,32764,32766,53316,0
8800,938,47176,18321,32759,32764,32765,32766,53318,1
8801,942,47145,18383,32759,32763,32764,32767,53318,0
8802,938,47136,18377,32760,32763,32764,32767,53317,1
8803,939,47171,18366,32760,32762,32763,32766,53316,0
8804,938,47154,18346,32760,32763,32765,32766,53316,0
8805,938,47122,18336,32760,32763,32764,32767,53317,0
8806,943,47168,18366,32760,32762,32765,32766,53317,0
8807,938,47175,18372,32761,32763,32765,32766,53316,0
8808,938,47147,18361,32759,32762,32763,32767,53317,0
8809,939,47131,18336,32759,32763,32764,32767,53317,0
8810,938,47176,18364,32760,32763,32765,32766,53315,1
8811,942,47180,18359,32759,32762,32764,32766,53315,0
8812,938,47132,18353,32760,32763,32765,32766,53317,0
8813,939,47175,18350,32760,32763,32764,32766,53318,0
8814,938,47183,18332,32761,32762,32764,32767,53317,1
8815,944,47147,18362,32760,32763,32766,32766,53316,0
8816,938,47129,18373,32759,32765,32765,32768,53317,0
8817,942,47185,18382,32760,32763,32765,32766,53317,1
8818,938,47177,18347,32760,32763,32764,32766,53318,0
8819,939,47136,18324,32759,32763,32765,32766,53317,0
8820,938,47160,18363,32760,32763,32765,32767,53317,0
8821,942,47181,18369,32760,32763,32763,32766,53318,0
8822,938,47164,18366,32760,32762,32764,32765,53317,0
8823,939,47141,18340,32759,32763,32764,32767,53318,1
8824,938,47174,18331,32760,32763,32764,32767,53317,0
8825,938,47166,18386,32760,32763,32764,32767,53318,0
8826,938,47136,18373,32760,32763,32765,32766,53317,0
8827,943,47150,18360,32760,32763,32764,32766,53316,0
8828,938,47182,18343,32760,32763,32764,32767,53316,1
8829,938,47154,18360,32760,32763,32765,32766,53316,2
8830,938,47146,18372,32759,32762,32764,32766,53317,0
8831,943,47184,18356,32760,32763,32765,32767,53317,1
8832,943,47175,18364,32760,32764,32765,32766,53316,0
8833,938,47142,18332,32761,32763,32765,32766,53316,2
8834,939,47159,18336,32759,32762,32764,32767,53317,0
8835,938,47169,18379,32760,32762,32764,32766,53317,0
8836,942,47167,18375,32759,32762,32765,32766,53316,0
8837,939,47138,18364,32760,32763,32765,32766,53317,3
8838,938,47172,18329,32759,32763,32764,32767,53317,1
8839,938,47169,18335,32760,32763,32764,32766,53316,0
8840,938,47131,18369,32761,32763,32764,32766,53317,0
8841,943,47144,18369,32760,32763,32764,32767,53316,0
8842,938,47182,18345,32760,32763,32763,32765,53316,2
8843,938,47168,18341,32760,32763,32764,32767,53316,0
8844,938,47135,18359,32759,32763,32765,32767,53315,0
8845,939,47174,18375,32759,32763,32765,32766,53317,2
8846,941,47172,18378,32759,32764,32765,32766,53316,1
8847,938,47134,18357,32759,32763,32765,32767,53316,0
8848,944,47146,18347,32760,32763,32764,32765,53316,0
8849,938,47179,18382,32760,32763,32764,32766,53315,0
8850,938,47163,18386,32760,32763,32765,32765,53316,1
8851,942,47124,18358,32760,32763,32763,32766,53315,0
8852,938,47160,18342,32759,32762,32765,32767,53315,0
8853,938,47168,18349,32759,32764,32765,32767,53316,1
8854,939,47149,18387,32761,32764,32766,32767,53316,0
8855,938,47154,18364,32760,32763,32764,32766,53317,0
8856,942,47183,18363,32759,32764,32765,32766,53317,0
8857,938,47157,18336,32759,32762,32764,32766,53313,0
8858,939,47124,18359,32760,32763,32764,32767,53320,0
8859,938,47156,18376,32759,32762,32764,32766,53317,1
8860,938,47170,18392,32759,32762,32764,32767,53315,0
8861,943,47136,18366,32759,32763,32764,32766,53314,0
8862,938,47138,18328,32759,32762,32764,32767,53315,0
8863,938,47178,18386,32760,32763,32764,32768,53314,0
8864,938,47169,18387,32761,32764,32764,32766,53315,0
8865,938,47120,18364,32760,32763,32764,32767,53316,0
8866,942,47158,18350,32759,32763,32764,32766,53314,0
8867,939,47180,18350,32759,32762,32764,32767,53314,2
8868,938,47145,18373,32759,32763,32763,32767,53314,0
8869,938,47155,18365,32759,32764,32764,32765,53314,0
8870,939,47173,18367,32760,32762,32763,32765,53315,0
8871,942,47174,18359,32759,32762,32764,32767,53316,0
8872,938,47121,18348,32760,32762,32765,32767,53316,0
8873,938,47178,18381,32760,32763,32764,32767,53317,1
8874,939,47173,18378,32759,32763,32764,32766,53316,0
8875,938,47131,18347,32760,32763,32765,32766,53317,0
8876,942,47133,18343,32760,32762,32764,32766,53316,0
8877,939,47181,18357,32760,32763,32764,32766,53317,0
8878,938,47161,18386,32760,32763,32764,32766,53317,0
8879,938,47120,18386,32760,32763,32765,32767,53317,0
8880,938,47151,18355,32760,32762,32764,32765,53317,0
8881,947,47160,18347,32761,32762,32764,32766,53318,0
8882,938,47158,18380,32760,32764,32765,32766,53316,0
8883,938,47134,18377,32759,32762,32764,32767,53316,0
8884,938,47164,18369,32760,32763,32764,32767,53317,0
8885,939,47161,18345,32760,32764,32764,32767,53316,1
8886,942,47119,18345,32760,32763,32765,32766,53316,1
8887,938,47164,18388,32759,32763,32764,32767,53316,0
8888,939,47184,18384,32760,32763,32765,32766,53315,1
8889,938,47158,18380,32760,32764,32765,32766,53316,0
8890,938,47145,18340,32760,32763,32764,32766,53315,0
8891,943,47192,18348,32759,32762,32764,32767,53316,0
8892,938,47166,18392,32760,32762,32765,32767,53316,0
8893,938,47124,18368,32761,32762,32764,32767,53315,0
8894,938,47179,18358,32760,32763,32764,32767,53315,0
8895,939,47175,18325,32760,32763,32765,32766,53316,0
8896,942,47154,18368,32759,32763,32764,32766,53317,0
8897,938,47137,18372,32759,32763,32765,32767,53315,0
8898,938,47186,18374,32759,32764,32765,32766,53316,1
8899,938,47174,18363,32760,32762,32765,32767,53315,0
8900,938,47126,18356,32760,32763,32765,32767,53315,1
8901,943,47174,18383,32760,32763,32764,32767,53316,0
8902,938,47191,18387,32760,32763,32763,32766,53317,0
8903,938,47152,18376,32760,32762,32765,32767,53317,0
8904,938,47147,18337,32761,32763,32764,32767,53317,1
8905,939,47175,18355,32760,32763,32764,32767,53317,1
8906,942,47166,18372,32761,32763,32764,32766,53316,0
8907,938,47144,18375,32760,32763,32765,32766,53317,0
8908,938,47177,18368,32760,32764,32765,32766,53316,1
8909,938,47169,18349,32760,32763,32764,32767,53315,0
8910,938,47138,18380,32759,32763,32765,32765,53315,0
8911,943,47151,18371,32760,32764,32764,32766,53315,1
8912,938,47187,18376,32760,32763,32764,32767,53315,1
8913,938,47179,18364,32760,32762,32764,32766,53315,0
8914,943,47140,18336,32760,32762,32765,32766,53316,0
8915,943,47178,18346,32760,32762,32765,32766,53315,0
8916,943,47193,18373,32759,32763,32765,32767,53316,0
8917,938,47166,18378,32760,32762,32765,32766,53316,0
8918,938,47138,18352,32759,32763,32765,32767,53315,0
8919,938,47178,18364,32759,32762,32765,32767,53316,0
8920,939,47190,18368,32759,32764,32765,32766,53316,0
8921,942,47139,18382,32761,32763,32765,32766,53314,0
8922,938,47150,18363,32760,32763,32764,32766,53315,0
8923,938,47189,18348,32759,32762,32765,32766,53314,0
8924,939,47157,18348,32760,32763,32764,32767,53315,1
8925,938,47139,18370,32759,32763,32765,32767,53314,0
8926,942,47177,18377,32759,32762,32765,32766,53315,0
8927,939,47182,18376,32760,32763,32765,32766,53316,0
8928,938,47119,18360,32759,32763,32765,32767,53314,1
8929,938,47159,18351,32759,32763,32765,32767,53314,0
8930,938,47190,18386,32760,32763,32764,32766,53316,0
8931,942,47169,18379,32760,32764,32764,32766,53315,0
8932,938,47138,18364,32760,32763,32765,32766,53314,0
8933,939,47168,18327,32759,32762,32764,32766,53314,0
8934,938,47180,18372,32760,32764,32765,32766,53314,0
8935,938,47137,18368,32760,32763,32763,32768,53314,0
8936,943,47167,18380,32759,32764,32764,32767,53314,0
8937,938,47173,18366,32760,32763,32765,32766,53314,0
8938,938,47156,18358,32760,32762,32765,32767,53314,0
8939,938,47137,18367,32759,32762,32765,32766,53314,0
8940,939,47179,18372,32759,32763,32765,32766,53313,1
8941,942,47183,18379,32759,32763,32765,32765,53313,1
8942,938,47137,18352,32760,32762,32765,32767,53316,0
8943,938,47165,18353,32759,32763,32764,32766,53315,0
8944,939,47188,18388,32760,32763,32765,32767,53315,0
8945,938,47164,18382,32759,32762,32764,32765,53315,1
8946,942,47108,18344,32760,32763,32764,32766,53315,0
8947,943,47176,18350,32760,32762,32765,32766,53314,0
8948,943,47182,18336,32759,32763,32764,32767,53314,0
8949,938,47150,18375,32760,32762,32765,32765,53314,0
8950,939,47151,18365,32759,32763,32765,32766,53315,0
8951,942,47181,18378,32760,32763,32764,32766,53315,0
8952,938,47181,18350,32760,32763,32764,32767,53315,0
8953,939,47125,18333,32760,32763,32764,32766,53314,0
8954,938,47181,18359,32759,32763,32764,32767,53314,1
8955,938,47201,18376,32760,32763,32765,32766,53314,0
8956,942,47182,18375,32760,32764,32764,32766,53314,0
8957,939,47140,18331,32760,32763,32764,32767,53315,0
8958,938,47176,18351,32761,32763,32764,32767,53315,1
8959,938,47168,18379,32760,32763,32765,32766,53313,0
8960,939,47129,18361,32759,32763,32765,32766,53314,0
8961,938,47175,18355,32760,32764,32763,32766,53314,0
8962,942,47171,18346,32760,32764,32765,32767,53313,0
8963,938,47147,18359,32760,32762,32765,32766,53313,2
8964,943,47126,18361,32760,32763,32765,32766,53313,0
8965,938,47166,18387,32759,32763,32764,32767,53314,0
8966,943,47169,18376,32759,32763,32765,32766,53314,0
8967,938,47130,18364,32760,32763,32763,32766,53313,0
8968,938,47153,18375,32760,32762,32765,32766,53312,0
8969,939,47161,18371,32759,32763,32765,32766,53312,0
8970,938,47154,18384,32760,32763,32764,32766,53313,1
8971,943,47120,18364,32760,32763,32765,32767,53314,1
8972,938,47173,18342,32760,32763,32765,32766,53313,0
8973,938,47179,18390,32760,32763,32764,32766,53313,0
8974,938,47125,18376,32761,32763,32764,32767,53313,0
8975,939,47165,18363,32760,32763,32764,32766,53313,0
8976,942,47157,18355,32760,32763,32764,32765,53318,1
8977,938,47141,18362,32760,32763,32766,32766,53313,0
8978,939,47133,18381,32760,32763,32765,32766,53313,0
8979,938,47180,18366,32760,32762,32764,32766,53314,1
8980,948,47167,18357,32759,32763,32765,32766,53313,0
8981,942,47152,18344,32759,32764,32765,32766,53313,1
8982,938,47131,18336,32760,32762,32765,32766,53313,0
8983,938,47174,18377,32760,32763,32765,32766,53313,1
8984,938,47177,18388,32760,32763,32765,32766,53313,1
8985,939,47133,18343,32760,32763,32764,32766,53313,1
8986,942,47168,18350,32760,32763,32765,32766,53313,1
8987,938,47178,18345,32759,32763,32764,32766,53313,1
8988,938,47155,18393,32759,32763,32764,32766,53313,0
8989,939,47152,18384,32760,32762,32764,32766,53313,0
8990,938,47185,18365,32760,32762,32764,32766,53312,0
8991,942,47173,18358,32761,32764,32765,32766,53313,0
8992,939,47118,18368,32760,32763,32763,32767,53313,0
8993,938,47148,18380,32760,32763,32764,32766,53312,1
8994,938,47163,18382,32760,32762,32765,32766,53311,0
8995,939,47145,18352,32760,32762,32765,32767,53312,1
8996,942,47136,18333,32760,32763,32765,32765,53311,0
8997,938,47177,18362,32760,32763,32765,32767,53312,0
8998,938,47166,18361,32759,32762,32765,32767,53311,0
8999,938,47116,18371,32759,32764,32764,32767,53311,0
9000,938,47169,18333,32759,32763,32765,32766,53312,0
9001,943,47187,18332,32760,32763,32764,32766,53314,0
9002,938,47149,18389,32760,32763,32764,32766,53312,0
9003,939,47151,18370,32760,32764,32764,32765,53313,0
9004,938,47187,18361,32760,32763,32764,32767,53312,0
9005,938,47172,18351,32760,32763,32765,32767,53312,0
9006,943,47132,18367,32760,32763,32765,32766,53312,0
9007,938,47167,18380,32761,32763,32765,32767,53313,0
9008,938,47180,18385,32760,32763,32765,32766,53312,0
9009,938,47147,18357,32760,32763,32764,32766,53313,0
9010,939,47132,18350,32760,32762,32765,32767,53312,0
9011,941,47171,18378,32760,32763,32764,32767,53313,0
9012,939,47148,18389,32759,32762,32765,32766,53312,0
9013,948,47135,18399,32760,32763,32764,32767,53311,0
9014,943,47147,18373,32759,32763,32765,32767,53312,0
9015,938,47159,18357,32760,32762,32765,32767,53314,0
9016,943,47175,18360,32760,32763,32764,32767,53311,0
9017,938,47119,18380,32760,32763,32764,32768,53313,1
9018,938,47158,18389,32760,32762,32764,32767,53312,0
9019,938,47179,18378,32761,32762,32764,32767,53312,0
9020,939,47133,18353,32759,32763,32764,32766,53311,0
9021,942,47133,18378,32760,32763,32763,32767,53312,1
9022,938,47174,18380,32759,32762,32763,32765,53312,0
9023,939,47175,18380,32760,32763,32764,32766,53311,0
9024,938,47126,18358,32760,32763,32765,32766,53311,0
9025,938,47168,18346,32760,32764,32765,32766,53312,0
9026,943,47180,18384,32760,32763,32763,32767,53312,0
9027,938,47164,18390,32760,32764,32764,32765,53312,0
9028,938,47139,18393,32760,32762,32765,32766,53312,1
9029,938,47169,18343,32759,32762,32765,32767,53311,0
9030,938,47159,18371,32759,32763,32765,32767,53312,0
9031,942,47141,18377,32760,32763,32763,32766,53311,1
9032,939,47180,18383,32760,32764,32765,32766,53310,0
9033,938,47175,18373,32760,32762,32765,32766,53311,0
9034,938,47135,18347,32759,32763,32763,32767,53312,1
9035,938,47134,18371,32759,32762,32765,32766,53311,1
9036,943,47172,18385,32761,32762,32764,32767,53310,0
9037,938,47175,18388,32760,32762,32764,32766,53311,0
9038,938,47121,18359,32760,32763,32764,32765,53311,0
9039,939,47169,18365,32761,32764,32765,32765,53311,0
9040,938,47169,18394,32759,32763,32765,32767,53311,0
9041,942,47145,18407,32761,32763,32764,32766,53312,0
9042,939,47135,18379,32760,32764,32765,32767,53311,0
9043,938,47185,18361,32759,32762,32765,32766,53309,0
9044,938,47164,18371,32759,32762,32763,32766,53311,0
9045,938,47125,18405,32760,32762,32764,32766,53310,0
9046,947,47177,18386,32759,32763,32765,32766,53311,0
9047,943,47182,18392,32760,32763,32765,32766,53310,1
9048,938,47164,18375,32760,32764,32765,32766,53309,1
9049,939,47120,18341,32760,32763,32765,32766,53310,0
9050,938,47174,18388,32760,32763,32765,32767,53309,0
9051,942,47170,18386,32760,32763,32765,32767,53310,0
9052,939,47134,18389,32761,32762,32764,32766,53310,0
9053,938,47159,18357,32760,32764,32764,32767,53311,0
9054,938,47156,18367,32760,32763,32764,32766,53309,0
9055,938,47154,18401,32760,32763,32764,32767,53311,0
9056,943,47122,18386,32760,32763,32765,32767,53310,0
9057,938,47186,18365,32759,32762,32764,32767,53310,0
9058,938,47162,18350,32760,32763,32764,32766,53311,0
9059,939,47140,18366,32760,32763,32765,32768,53309,0
9060,938,47148,18358,32760,32762,32765,32767,53312,0
9061,942,47187,18380,32760,32763,32765,32767,53311,0
9062,939,47170,18362,32761,32762,32764,32766,53309,1
9063,943,47119,18338,32760,32763,32765,32767,53311,0
9064,938,47159,18367,32759,32763,32765,32767,53312,0
9065,938,47170,18377,32760,32763,32764,32767,53311,0
9066,942,47151,18392,32760,32763,32764,32766,53312,0
9067,939,47136,18381,32760,32763,32764,32767,53312,1
9068,938,47164,18354,32760,32762,32764,32767,53311,0
9069,938,47164,18396,32760,32762,32764,32765,53312,0
9070,938,47130,18390,32760,32763,32765,32766,53311,1
9071,943,47163,18397,32760,32763,32764,32766,53309,0
9072,938,47179,18356,32760,32764,32763,32766,53312,1
9073,938,47146,18366,32760,32763,32764,32765,53310,0
9074,939,47140,18371,32761,32763,32765,32767,53312,0
9075,938,47178,18376,32760,32763,32765,32766,53311,0
9076,942,47160,18379,32760,32763,32764,32765,53310,0
9077,939,47122,18364,32760,32763,32765,32767,53311,1
9078,938,47156,18355,32760,32762,32764,32767,53312,0
9079,948,47173,18381,32760,32763,32763,32767,53310,0
9080,943,47169,18391,32760,32762,32765,32766,53312,0
9081,943,47126,18390,32760,32762,32763,32766,53311,1
9082,938,47157,18376,32760,32763,32765,32767,53309,0
9083,938,47154,18346,32760,32763,32765,32766,53310,0
9084,938,47145,18385,32761,32763,32764,32767,53310,0
9085,939,47122,18375,32759,32764,32764,32768,53310,1
9086,942,47160,18390,32760,32765,32765,32767,53310,0
9087,938,47160,18372,32760,32764,32765,32766,53311,0
9088,939,47124,18371,32760,32763,32765,32767,53310,1
9089,938,47153,18392,32761,32764,32763,32767,53311,0
9090,938,47171,18390,32759,32763,32765,32766,53309,0
9091,942,47138,18392,32759,32763,32764,32766,53309,0
9092,938,47130,18361,32758,32764,32765,32766,53310,0
9093,939,47170,18370,32759,32763,32765,32766,53310,0
9094,938,47164,18399,32760,32763,32764,32766,53310,1
9095,938,47113,18396,32760,32763,32764,32767,53310,1
9096,942,47165,18389,32760,32763,32764,32766,53311,0
9097,938,47176,18362,32761,32762,32764,32766,53311,0
9098,938,47126,18388,32760,32763,32764,32766,53310,0
9099,939,47131,18394,32759,32762,32764,32766,53309,1
9100,938,47167,18398,32760,32762,32765,32767,53308,0
9101,942,47165,18378,32759,32763,32764,32766,53309,0
9102,939,47128,18357,32760,32763,32765,32766,53311,1
9103,938,47176,18369,32759,32762,32764,32767,53310,0
9104,938,47194,18390,32760,32763,32765,32767,53310,0
9105,939,47135,18389,32760,32764,32765,32766,53309,0
9106,942,47136,18370,32760,32763,32764,32767,53309,1
9107,938,47164,18379,32760,32762,32765,32766,53309,1
9108,938,47151,18394,32760,32763,32765,32767,53309,0
9109,939,47107,18382,32760,32764,32764,32767,53309,0
9110,938,47150,18375,32759,32763,32764,32766,53310,2
9111,942,47157,18356,32759,32763,32764,32767,53310,1
9112,943,47140,18372,32761,32764,32764,32765,53311,0
9113,943,47121,18393,32759,32762,32766,32767,53310,0
9114,938,47146,18389,32761,32763,32765,32766,53309,0
9115,939,47166,18398,32760,32764,32764,32765,53308,0
9116,942,47141,18371,32760,32762,32765,32767,53310,0
9117,938,47137,18358,32759,32762,32763,32766,53309,0
9118,939,47160,18406,32760,32763,32764,32766,53309,1
9119,938,47137,18413,32760,32762,32765,32766,53311,0
9120,938,47126,18366,32759,32763,32765,32767,53310,0
9121,942,47145,18368,32759,32763,32765,32766,53310,0
9122,938,47148,18379,32759,32763,32765,32765,53310,1
9123,938,47134,18400,32760,32763,32764,32767,53309,1
9124,939,47123,18393,32760,32763,32765,32766,53308,0
9125,938,47149,18371,32759,32763,32764,32766,53309,0
9126,942,47148,18357,32760,32763,32765,32765,53311,1
9127,939,47107,18384,32760,32762,32764,32766,53309,0
9128,938,47160,18399,32760,32763,32764,32766,53309,0
9129,938,47154,18385,32760,32763,32763,32766,53309,0
9130,938,47107,18376,32759,32762,32765,32766,53309,0
9131,942,47138,18351,32759,32763,32764,32766,53308,0
9132,939,47166,18401,32759,32763,32763,32766,53309,1
9133,938,47145,18396,32760,32763,32764,32766,53309,0
9134,938,47110,18387,32759,32763,32764,32766,53310,0
9135,938,47165,18368,32760,32762,32764,32767,53310,0
9136,943,47164,18365,32759,32763,32764,32767,53308,0
9137,938,47117,18388,32760,32763,32764,32767,53310,0
9138,938,47141,18398,32760,32763,32765,32766,53309,1
9139,939,47153,18374,32759,32763,32764,32767,53309,0
9140,938,47135,18352,32760,32763,32765,32767,53310,0
9141,942,47107,18374,32759,32762,32765,32766,53307,0
9142,939,47176,18387,32760,32763,32764,32766,53309,0
9143,938,47146,18390,32760,32762,32764,32767,53308,0
9144,938,47116,18359,32759,32763,32764,32767,53310,1
9145,943,47140,18355,32759,32763,32765,32767,53309,1
9146,938,47162,18382,32760,32762,32765,32767,53309,0
9147,942,47167,18398,32761,32763,32764,32766,53309,0
9148,938,47119,18391,32760,32764,32764,32766,53310,0
9149,939,47171,18357,32759,32763,32764,32766,53308,0
9150,938,47154,18366,32760,32762,32765,32767,53309,0
9151,942,47121,18381,32759,32763,32764,32766,53308,0
9152,939,47132,18392,32759,32763,32765,32767,53308,1
9153,938,47165,18394,32761,32763,32766,32766,53307,0
9154,938,47146,18359,32759,32763,32764,32766,53307,0
9155,938,47108,18369,32759,32762,32765,32767,53307,0
9156,945,47159,18383,32761,32762,32764,32766,53309,0
9157,942,47170,18399,32759,32763,32765,32766,53306,1
9158,938,47143,18393,32759,32764,32765,32764,53307,0
9159,938,47120,18367,32760,32762,32765,32766,53308,0
9160,938,47159,18377,32760,32763,32764,32766,53307,1
9161,943,47177,18391,32759,32762,32764,32766,53307,0
9162,943,47129,18389,32759,32762,32765,32766,53307,0
9163,938,47148,18376,32760,32763,32765,32766,53308,0
9164,939,47164,18377,32760,32763,32764,32766,53307,0
9165,938,47132,18372,32759,32764,32765,32765,53307,0
9166,942,47110,18390,32759,32763,32764,32766,53306,0
9167,939,47163,18394,32759,32763,32764,32766,53306,0
9168,938,47157,18389,32759,32762,32765,32766,53307,0
9169,938,47109,18361,32759,32762,32764,32766,53308,0
9170,938,47152,18375,32760,32763,32765,32767,53307,0
9171,942,47157,18386,32760,32763,32765,32767,53307,0
9172,938,47150,18402,32759,32763,32764,32767,53308,0
9173,939,47116,18367,32760,32763,32764,32766,53308,0
9174,938,47159,18353,32759,32763,32764,32765,53307,0
9175,938,47161,18392,32761,32763,32764,32767,53308,1
9176,943,47110,18394,32760,32762,32764,32766,53307,1
9177,938,47149,18379,32760,32763,32764,32767,53308,0
9178,944,47148,18358,32759,32762,32764,32766,53308,0
9179,943,47155,18375,32760,32764,32765,32765,53309,0
9180,938,47116,18378,32760,32763,32764,32765,53308,0
9181,941,47153,18393,32759,32763,32764,32766,53307,0
9182,939,47168,18398,32759,32763,32764,32766,53309,1
9183,938,47132,18382,32760,32763,32766,32766,53307,0
9184,938,47112,18349,32760,32763,32764,32767,53308,1
9185,939,47152,18396,32759,32763,32763,32766,53306,0
9186,942,47139,18395,32760,32763,32764,32766,53308,0
9187,938,47098,18394,32759,32763,32765,32765,53307,0
9188,938,47131,18374,32761,32763,32764,32766,53308,0
9189,939,47141,18357,32759,32763,32765,32767,53307,0
9190,938,47120,18389,32759,32763,32764,32766,53307,0
9191,942,47107,18388,32760,32762,32764,32766,53307,0
9192,939,47160,18380,32760,32763,32764,32765,53308,0
9193,938,47141,18372,32760,32763,32765,32766,53308,0
9194,938,47107,18382,32760,32763,32764,32767,53308,0
9195,938,47148,18404,32760,32763,32764,32766,53307,0
9196,942,47161,18405,32760,32762,32764,32767,53307,0
9197,939,47123,18387,32760,32763,32765,32766,53307,0
9198,938,47115,18356,32760,32764,32764,32768,53308,0
9199,938,47158,18389,32761,32762,32765,32766,53308,0
9200,938,47137,18407,32760,32763,32764,32767,53308,0
9201,942,47094,18381,32760,32762,32764,32766,53306,0
9202,938,47152,18370,32759,32763,32764,32765,53307,0
9203,939,47151,18363,32759,32762,32765,32766,53307,0
9204,938,47129,18393,32759,32763,32765,32767,53306,0
9205,938,47132,18393,32759,32764,32764,32766,53307,1
9206,943,47159,18398,32760,32763,32764,32766,53306,0
9207,938,47151,18370,32759,32762,32764,32766,53306,0
9208,938,47106,18368,32760,32763,32764,32766,53307,1
9209,938,47153,18407,32759,32763,32764,32766,53306,0
9210,939,47140,18396,32759,32763,32764,32766,53306,0
9211,944,47122,18376,32759,32763,32764,32766,53307,1
9212,941,47124,18353,32760,32762,32764,32766,53306,0
9213,939,47147,18354,32760,32762,32765,32765,53307,0
9214,938,47144,18385,32760,32763,32765,32767,53306,0
9215,938,47098,18389,32759,32764,32764,32766,53307,0
9216,942,47147,18373,32760,32763,32764,32767,53307,0
9217,939,47146,18366,32760,32763,32765,32767,53307,0
9218,938,47144,18387,32761,32763,32764,32766,53306,0
9219,938,47121,18385,32760,32762,32764,32767,53306,0
9220,938,47167,18397,32760,32762,32765,32768,53307,0
9221,943,47136,18371,32761,32762,32765,32768,53306,0
9222,938,47098,18371,32760,32763,32763,32766,53307,0
9223,938,47121,18386,32759,32763,32765,32767,53307,2
9224,939,47140,18407,32759,32762,32764,32767,53307,0
9225,938,47123,18393,32760,32763,32764,32767,53306,0
9226,941,47094,18347,32760,32763,32763,32767,53307,0
9227,939,47156,18364,32760,32763,32764,32765,53307,2
9228,943,47149,18384,32760,32762,32764,32766,53306,0
9229,938,47097,18403,32760,32763,32764,32766,53306,0
9230,939,47144,18382,32760,32763,32765,32766,53308,0
9231,942,47155,18384,32759,32764,32764,32767,53306,1
9232,938,47130,18359,32759,32763,32765,32766,53306,1
9233,938,47099,18409,32759,32762,32765,32767,53307,0
9234,939,47169,18402,32760,32763,32764,32767,53307,1
9235,938,47143,18402,32759,32762,32764,32766,53307,0
9236,939,47113,18353,32759,32764,32765,32766,53306,0
9237,942,47130,18373,32760,32763,32764,32765,53307,0
9238,938,47156,18412,32759,32763,32763,32765,53306,1
9239,938,47144,18404,32760,32764,32764,32766,53307,0
9240,938,47115,18370,32760,32763,32764,32766,53307,0
9241,943,47153,18373,32759,32762,32765,32767,53308,0
9242,938,47168,18387,32760,32763,32764,32766,53307,0
9243,938,47106,18404,32759,32763,32764,32766,53308,0
9244,944,47143,18392,32759,32764,32763,32767,53308,6
9245,938,47146,18371,32760,32763,32764,32766,53308,0
9246,942,47135,18366,32759,32763,32764,32766,53307,0
9247,939,47089,18386,32760,32762,32764,32767,53308,1
9248,938,47136,18403,32760,32763,32765,32766,53307,2
9249,938,47142,18400,32760,32763,32764,32767,53306,0
9250,938,47120,18376,32760,32763,32764,32766,53307,0
9251,943,47103,18359,32760,32763,32765,32766,53306,0
9252,938,47157,18413,32759,32763,32764,32766,53306,0
9253,938,47152,18398,32760,32763,32764,32767,53307,0
9254,939,47099,18392,32760,32763,32764,32766,53306,0
9255,938,47149,18367,32758,32762,32764,32768,53306,0
9256,942,47143,18375,32760,32762,32765,32766,53308,1
9257,939,47123,18420,32759,32762,32764,32766,53306,0
9258,938,47127,18406,32759,32762,32765,32767,53305,1
9259,938,47161,18390,32760,32763,32764,32767,53304,0
9260,938,47140,18357,32760,32763,32765,32766,53306,0
9261,942,47104,18384,32760,32763,32763,32766,53307,0
9262,938,47154,18400,32759,32763,32765,32767,53307,0
9263,939,47163,18417,32760,32763,32765,32766,53306,0
9264,938,47116,18392,32760,32763,32764,32766,53306,1
9265,938,47140,18370,32759,32763,32764,32767,53306,0
9266,943,47150,18393,32761,32763,32765,32767,53306,0
9267,938,47156,18407,32760,32763,32765,32766,53305,0
9268,938,47119,18411,32760,32763,32764,32766,53304,0
9269,938,47144,18382,32760,32763,32765,32766,53306,1
9270,939,47156,18381,32760,32764,32764,32767,53305,0
9271,942,47129,18430,32760,32763,32765,32766,53307,0
9272,938,47135,18399,32760,32763,32764,32766,53305,0
9273,939,47178,18390,32760,32763,32765,32766,53306,0
9274,938,47153,18376,32760,32763,32765,32767,53305,1
9275,938,47094,18380,32760,32763,32765,32767,53306,0
9276,943,47153,18396,32760,32763,32764,32767,53305,0
9277,948,47165,18412,32761,32763,32764,32766,53305,1
9278,943,47141,18416,32759,32763,32765,32766,53306,0
9279,938,47101,18378,32760,32762,32764,32766,53304,1
9280,939,47142,18364,32758,32763,32763,32766,53306,0
9281,941,47151,18410,32758,32763,32764,32767,53306,0
9282,939,47108,18414,32760,32763,32764,32767,53306,0
9283,938,47121,18388,32759,32763,32764,32767,53305,0
9284,938,47143,18373,32760,32763,32764,32766,53305,1
9285,939,47150,18385,32759,32764,32765,32767,53306,0
9286,942,47115,18394,32758,32763,32765,32767,53305,0
9287,938,47153,18409,32759,32763,32764,32767,53305,0
9288,938,47154,18396,32759,32764,32764,32766,53304,0
9289,939,47121,18373,32760,32763,32765,32766,53303,0
9290,938,47125,18384,32759,32764,32764,32766,53304,0
9291,943,47174,18404,32759,32763,32764,32767,53303,0
9292,938,47156,18403,32760,32763,32764,32766,53303,0
9293,938,47107,18390,32759,32763,32765,32766,53304,0
9294,938,47154,18375,32760,32763,32765,32766,53305,1
9295,938,47155,18411,32759,32763,32764,32766,53303,0
9296,942,47121,18413,32760,32763,32765,32767,53303,0
9297,939,47116,18412,32759,32763,32764,32767,53310,1
9298,938,47144,18379,32759,32764,32765,32767,53302,0
9299,938,47145,18377,32760,32763,32764,32766,53303,0
9300,939,47099,18414,32759,32762,32765,32766,53303,0
9301,942,47152,18404,32761,32763,32765,32766,53303,0
9302,938,47140,18404,32759,32763,32765,32766,53303,0
9303,939,47114,18379,32759,32763,32765,32766,53303,0
9304,938,47114,18385,32760,32763,32765,32766,53304,3
9305,938,47146,18412,32760,32763,32764,32767,53304,0
9306,942,47144,18402,32760,32762,32765,32766,53306,1
9307,939,47099,18394,32760,32763,32764,32767,53304,0
9308,938,47142,18368,32760,32762,32764,32767,53304,0
9309,938,47147,18402,32761,32763,32764,32767,53303,0
9310,943,47118,18413,32760,32763,32764,32767,53302,0
9311,942,47111,18387,32759,32764,32765,32767,53303,0
9312,938,47162,18396,32759,32763,32765,32766,53304,0
9313,939,47148,18371,32760,32763,32765,32766,53304,6
9314,938,47113,18404,32760,32763,32765,32766,53303,1
9315,938,47140,18396,32760,32764,32765,32766,53302,0
9316,943,47149,18406,32758,32764,32765,32766,53304,0
9317,938,47147,18395,32761,32763,32763,32765,53303,0
9318,938,47120,18372,32759,32763,32765,32766,53303,1
9319,938,47159,18406,32760,32763,32764,32766,53304,0
9320,939,47151,18408,32760,32763,32765,32767,53303,0
9321,942,47111,18392,32759,32763,32765,32766,53302,1
9322,939,47149,18358,32761,32764,32765,32766,53303,0
9323,938,47153,18375,32761,32763,32763,32766,53305,0
9324,938,47131,18408,32760,32762,32764,32766,53303,0
9325,938,47138,18398,32760,32763,32764,32766,53303,0
9326,943,47164,18397,32760,32763,32764,32765,53304,0
9327,943,47166,18376,32760,32763,32765,32767,53303,0
9328,938,47107,18368,32760,32764,32765,32766,53304,0
9329,939,47130,18389,32760,32762,32764,32766,53303,1
9330,938,47167,18404,32760,32763,32765,32767,53304,0
9331,942,47145,18390,32760,32762,32765,32766,53304,0
9332,938,47110,18370,32759,32764,32764,32766,53303,0
9333,938,47164,18382,32759,32763,32765,32766,53303,0
9334,939,47162,18406,32760,32762,32765,32767,53304,0
9335,938,47110,18406,32759,32764,32764,32767,53304,1
9336,939,47144,18379,32760,32763,32764,32767,53303,1
9337,942,47151,18374,32759,32763,32765,32767,53303,0
9338,938,47129,18405,32759,32763,32764,32766,53304,1
9339,938,47112,18401,32760,32763,32765,32767,53305,0
9340,938,47159,18411,32760,32763,32765,32767,53304,0
9341,943,47151,18396,32758,32763,32764,32766,53304,0
9342,938,47109,18365,32759,32763,32765,32766,53305,0
9343,942,47138,18411,32759,32762,32764,32766,53303,0
9344,938,47150,18408,32760,32764,32765,32767,53304,0
9345,938,47144,18400,32760,32763,32765,32767,53306,0
9346,943,47096,18379,32760,32764,32765,32766,53304,0
9347,938,47153,18368,32760,32762,32764,32766,53305,0
9348,938,47150,18414,32761,32764,32764,32766,53303,0
9349,938,47103,18408,32760,32763,32765,32767,53304,0
9350,939,47136,18389,32760,32763,32765,32766,53305,0
9351,942,47147,18382,32760,32762,32763,32766,53304,0
9352,938,47138,18391,32760,32763,32765,32765,53304,0
9353,939,47100,18403,32760,32762,32764,32767,53304,1
9354,938,47173,18398,32759,32763,32764,32767,53305,0
9355,938,47170,18383,32760,32763,32764,32766,53302,0
9356,943,47124,18380,32760,32764,32765,32766,53303,0
9357,938,47136,18385,32759,32762,32763,32766,53302,0
9358,938,47155,18404,32759,32764,32764,32767,53303,2
9359,938,47142,18405,32760,32762,32765,32765,53303,0
9360,938,47121,18377,32760,32764,32764,32765,53304,0
9361,942,47153,18365,32760,32762,32764,32768,53305,0
9362,939,47155,18413,32760,32762,32764,32766,53305,0
9363,938,47113,18409,32760,32763,32765,32766,53304,0
9364,938,47148,18395,32760,32763,32765,32767,53304,1
9365,938,47146,18370,32760,32763,32764,32766,53304,0
9366,943,47135,18382,32759,32762,32765,32767,53304,0
9367,938,47104,18395,32760,32764,32764,32767,53305,0
9368,938,47168,18399,32761,32762,32765,32766,53303,0
9369,939,47162,18396,32759,32763,32764,32767,53303,0
9370,938,47109,18369,32759,32763,32764,32767,53304,0
9371,942,47132,18390,32760,32762,32764,32767,53304,0
9372,939,47149,18418,32760,32763,32765,32767,53302,0
9373,938,47143,18412,32759,32762,32765,32766,53304,1
9374,938,47115,18377,32760,32763,32765,32766,53302,0
9375,938,47156,18356,32761,32763,32764,32766,53304,0
9376,949,47161,18403,32760,32763,32763,32767,53304,0
9377,943,47134,18399,32761,32763,32765,32767,53304,0
9378,938,47108,18392,32760,32763,32764,32766,53304,2
9379,938,47161,18392,32760,32763,32764,32766,53303,0
9380,939,47147,18360,32760,32763,32765,32766,53304,0
9381,942,47117,18377,32761,32763,32764,32767,53304,0
9382,938,47128,18383,32760,32763,32764,32766,53303,0
9383,938,47161,18390,32760,32764,32765,32766,53304,0
9384,939,47130,18375,32760,32762,32763,32767,53304,0
9385,938,47121,18331,32760,32763,32764,32767,53303,1
9386,942,47156,18386,32760,32763,32764,32767,53302,1
9387,938,47138,18403,32760,32763,32764,32767,53303,0
9388,938,47102,18392,32760,32762,32765,32767,53303,0
9389,939,47156,18371,32760,32763,32764,32765,53303,0
9390,938,47141,18360,32759,32762,32764,32767,53303,0
9391,942,47127,18415,32760,32763,32765,32767,53304,0
9392,939,47115,18409,32760,32763,32765,32766,53303,0
9393,943,47160,18403,32759,32763,32765,32767,53303,0
9394,938,47156,18374,32760,32763,32765,32765,53303,0
9395,938,47116,18378,32761,32764,32765,32766,53302,0
9396,943,47121,18395,32761,32763,32764,32765,53303,0
9397,938,47159,18409,32760,32762,32765,32766,53303,1
9398,938,47145,18389,32761,32763,32765,32767,53303,0
9399,939,47102,18362,32759,32763,32764,32766,53303,0
9400,938,47161,18378,32760,32763,32764,32766,53302,0
9401,942,47147,18394,32760,32764,32765,32766,53302,0
9402,939,47129,18410,32760,32763,32764,32766,53302,5
9403,938,47131,18385,32760,32763,32765,32765,53302,0
9404,938,47158,18362,32759,32763,32764,32766,53303,0
9405,938,47133,18384,32761,32764,32764,32768,53302,0
9406,943,47116,18399,32760,32763,32764,32767,53303,0
9407,938,47148,18392,32761,32763,32764,32766,53303,0
9408,938,47158,18372,32760,32763,32765,32766,53302,0
9409,944,47109,18354,32759,32761,32765,32765,53302,0
9410,938,47124,18393,32760,32763,32765,32768,53303,0
9411,942,47155,18398,32760,32762,32764,32766,53302,0
9412,938,47145,18402,32760,32763,32764,32766,53304,1
9413,938,47096,18378,32759,32763,32763,32766,53304,0
9414,939,47152,18359,32760,32763,32763,32766,53302,0
9415,938,47148,18402,32759,32763,32764,32766,53303,0
9416,942,47124,18410,32759,32764,32764,32766,53302,1
9417,939,47120,18396,32760,32763,32764,32765,53304,0
9418,938,47152,18372,32759,32763,32764,32766,53302,0
9419,938,47137,18377,32760,32762,32764,32767,53304,0
9420,938,47109,18388,32760,32763,32764,32767,53303,0
9421,943,47162,18413,32760,32763,32765,32766,53303,0
9422,938,47153,18388,32760,32763,32764,32766,53303,0
9423,938,47123,18369,32759,32762,32764,32767,53302,0
9424,939,47138,18365,32760,32762,32764,32765,53303,0
9425,938,47172,18411,32761,32764,32765,32767,53303,0
9426,942,47147,18415,32760,32762,32765,32767,53303,0
9427,938,47099,18386,32759,32762,32765,32767,53302,0
9428,938,47143,18381,32760,32763,32764,32766,53302,0
9429,939,47147,18391,32759,32764,32765,32766,53303,0
9430,938,47119,18409,32760,32762,32764,32766,53302,0
9431,942,47113,18401,32759,32762,32765,32766,53303,1
9432,938,47155,18384,32759,32763,32765,32767,53302,0
9433,939,47146,18365,32759,32764,32765,32766,53302,1
9434,938,47115,18395,32759,32763,32765,32766,53303,0
9435,938,47171,18397,32759,32763,32764,32767,53303,1
9436,943,47161,18403,32759,32763,32764,32766,53303,0
9437,938,47128,18360,32760,32764,32765,32767,53303,0
9438,938,47121,18383,32759,32763,32764,32766,53301,0
9439,938,47153,18406,32760,32763,32766,32767,53301,1
9440,939,47135,18409,32760,32763,32765,32766,53302,0
9441,941,47113,18396,32760,32763,32765,32767,53302,0
9442,943,47167,18383,32759,32763,32764,32767,53302,0
9443,938,47148,18373,32760,32763,32765,32766,53303,0
9444,938,47117,18415,32759,32763,32765,32766,53302,0
9445,938,47131,18415,32760,32763,32763,32766,53301,0
9446,943,47142,18409,32760,32763,32764,32766,53302,0
9447,938,47143,18366,32760,32763,32765,32766,53302,0
9448,938,47095,18395,32759,32762,32765,32767,53302,0
9449,939,47172,18417,32759,32763,32764,32768,53301,0
9450,938,47153,18408,32759,32764,32765,32767,53302,0
9451,942,47133,18399,32760,32763,32764,32766,53304,1
9452,939,47129,18366,32760,32762,32765,32767,53304,1
9453,938,47165,18409,32759,32763,32765,32767,53303,1
9454,938,47154,18416,32759,32762,32763,32767,53302,0
9455,938,47105,18403,32760,32763,32765,32766,53304,0
9456,943,47143,18383,32760,32763,32764,32767,53303,0
9457,938,47156,18374,32760,32763,32764,32766,53302,1
9458,944,47130,18402,32760,32763,32764,32766,53302,1
9459,938,47104,18404,32760,32764,32764,32766,53302,0
9460,938,47156,18407,32759,32763,32763,32766,53301,1
9461,942,47137,18391,32759,32763,32764,32766,53301,0
9462,938,47106,18390,32760,32763,32764,32765,53302,0
9463,939,47133,18401,32760,32763,32764,32767,53302,1
9464,938,47160,18429,32760,32762,32765,32766,53302,1
9465,938,47130,18392,32760,32762,32765,32767,53302,0
9466,938,47126,18373,32760,32763,32764,32766,53302,1
9467,943,47155,18390,32760,32763,32764,32766,53302,0
9468,938,47147,18411,32759,32763,32764,32767,53302,0
9469,938,47100,18412,32760,32764,32765,32767,53301,1
9470,938,47153,18390,32759,32763,32765,32767,53302,0
9471,943,47154,18372,32760,32763,32764,32766,53302,0
9472,938,47129,18412,32759,32763,32764,32766,53301,0
9473,938,47108,18410,32760,32763,32764,32765,53302,0
9474,939,47169,18428,32760,32763,32765,32767,53301,0
9475,949,47151,18397,32759,32763,32764,32766,53302,0
9476,942,47137,18396,32759,32763,32764,32765,53301,0
9477,938,47095,18376,32760,32762,32765,32766,53301,0
9478,939,47140,18422,32760,32763,32764,32766,53301,0
9479,938,47142,18421,32760,32762,32765,32767,53301,0
9480,938,47098,18400,32759,32762,32764,32767,53301,0
9481,942,47139,18365,32759,32763,32765,32767,53301,0
9482,939,47144,18405,32758,32762,32765,32767,53302,0
9483,938,47114,18412,32759,32764,32764,32766,53302,1
9484,938,47131,18406,32760,32762,32764,32766,53301,0
9485,938,47149,18385,32759,32764,32763,32766,53302,0
9486,942,47130,18411,32760,32762,32764,32766,53300,0
9487,939,47113,18399,32759,32762,32764,32766,53300,0
9488,938,47151,18407,32761,32763,32765,32767,53301,0
9489,938,47139,18403,32759,32763,32765,32767,53302,0
9490,939,47132,18397,32760,32763,32764,32768,53301,0
9491,938,47132,18402,32760,32762,32766,32766,53301,0
9492,941,47149,18435,32760,32762,32765,32766,53301,0
9493,938,47142,18423,32759,32763,32764,32767,53301,0
9494,939,47100,18407,32760,32763,32764,32767,53301,0
9495,938,47133,18378,32759,32762,32764,32767,53301,1
9496,942,47135,18414,32760,32763,32765,32766,53302,0
9497,938,47111,18429,32759,32763,32764,32766,53302,1
9498,939,47109,18420,32760,32763,32765,32766,53300,0
9499,938,47164,18409,32759,32763,32763,32767,53302,0
9500,938,47119,18406,32759,32762,32764,32766,53301,0
9501,943,47088,18404,32759,32764,32764,32766,53300,1
9502,938,47151,18415,32760,32763,32765,32767,53301,0
9503,938,47148,18411,32760,32763,32764,32767,53302,0
9504,938,47121,18384,32759,32763,32763,32766,53302,0
9505,939,47130,18403,32760,32763,32764,32767,53301,0
9506,942,47137,18414,32760,32763,32765,32767,53300,1
9507,938,47139,18418,32760,32763,32765,32767,53302,1
9508,943,47086,18395,32760,32763,32764,32767,53301,0
9509,943,47124,18373,32760,32762,32764,32767,53302,0
9510,938,47145,18395,32759,32763,32763,32765,53300,0
9511,943,47138,18419,32760,32763,32765,32767,53300,0
9512,938,47091,18411,32759,32763,32764,32765,53301,1
9513,938,47143,18418,32761,32763,32764,32766,53302,0
9514,939,47138,18384,32759,32763,32764,32766,53299,0
9515,938,47096,18390,32759,32762,32765,32767,53300,0
9516,942,47126,18414,32760,32763,32765,32767,53300,0
9517,939,47155,18434,32760,32764,32764,32765,53300,0
9518,938,47125,18405,32760,32762,32764,32767,53300,0
9519,938,47107,18370,32760,32763,32764,32767,53300,0
9520,938,47148,18407,32760,32763,32764,32767,53301,0
9521,942,47137,18430,32759,32764,32765,32767,53300,0
9522,938,47089,18418,32760,32763,32765,32766,53301,0
9523,939,47121,18384,32760,32763,32764,32767,53299,0
9524,938,47135,18381,32758,32763,32764,32767,53300,0
9525,938,47121,18415,32759,32763,32764,32767,53301,1
9526,942,47090,18411,32760,32764,32765,32766,53300,0
9527,938,47151,18410,32760,32763,32764,32766,53299,0
9528,939,47142,18373,32760,32763,32763,32766,53299,4
9529,938,47102,18379,32759,32763,32765,32767,53300,1
9530,938,47128,18432,32760,32764,32764,32767,53300,0
9531,942,47151,18414,32759,32764,32765,32767,53298,0
9532,939,47118,18397,32759,32763,32765,32766,53301,0
9533,938,47092,18359,32760,32763,32764,32766,53299,1
9534,938,47130,18409,32759,32763,32764,32767,53299,1
9535,938,47147,18425,32760,32763,32764,32767,53300,0
9536,943,47104,18420,32760,32763,32764,32767,53299,1
9537,938,47123,18390,32760,32763,32764,32767,53300,0
9538,938,47154,18384,32760,32762,32765,32766,53303,0
9539,938,47111,18415,32760,32764,32764,32768,53300,0
9540,939,47083,18407,32759,32763,32765,32767,53300,0
9541,947,47138,18405,32760,32762,32764,32767,53300,0
9542,943,47151,18421,32760,32763,32764,32766,53300,0
9543,938,47123,18390,32760,32762,32764,32767,53300,1
9544,939,47115,18404,32759,32763,32764,32766,53301,0
9545,938,47129,18401,32760,32763,32764,32766,53300,0
9546,942,47127,18425,32760,32763,32764,32766,53300,0
9547,938,47079,18406,32760,32763,32765,32766,53298,0
9548,938,47107,18396,32760,32763,32765,32767,53300,0
9549,938,47134,18429,32760,32763,32764,32766,53302,1
9550,939,47091,18416,32759,32763,32765,32766,53300,0
9551,942,47096,18419,32760,32763,32764,32767,53301,1
9552,938,47136,18401,32760,32763,32764,32766,53300,0
9553,939,47120,18389,32760,32764,32764,32767,53299,1
9554,938,47096,18417,32760,32763,32765,32766,53299,1
9555,938,47129,18420,32760,32762,32764,32766,53299,0
9556,943,47130,18417,32760,32763,32764,32766,53300,0
9557,938,47088,18392,32760,32763,32764,32766,53300,0
9558,938,47102,18389,32759,32762,32765,32766,53299,0
9559,938,47133,18432,32760,32763,32764,32767,53299,0
9560,938,47126,18423,32761,32762,32765,32766,53300,0
9561,943,47100,18415,32760,32763,32765,32766,53300,1
9562,938,47124,18396,32760,32762,32765,32766,53299,0
9563,938,47141,18422,32760,32763,32764,32766,53299,0
9564,938,47098,18431,32760,32763,32765,32766,53300,0
9565,939,47118,18406,32759,32763,32765,32766,53299,0
9566,942,47132,18416,32760,32763,32764,32767,53300,0
9567,938,47128,18391,32761,32762,32764,32767,53299,0
9568,939,47100,18430,32759,32763,32764,32766,53300,0
9569,938,47139,18452,32759,32764,32765,32766,53300,1
9570,938,47128,18412,32760,32763,32765,32767,53299,1
9571,942,47115,18388,32759,32763,32764,32765,53298,0
9572,939,47118,18396,32760,32763,32764,32766,53299,0
9573,938,47140,18427,32760,32763,32764,32766,53301,0
9574,938,47125,18436,32759,32764,32765,32767,53300,8
9575,938,47098,18402,32759,32763,32764,32767,53299,0
9576,942,47147,18378,32760,32763,32765,32766,53298,0
9577,939,47134,18410,32760,32762,32765,32767,53300,0
9578,938,47098,18416,32760,32763,32764,32766,53300,0
9579,938,47140,18415,32759,32763,32765,32766,53299,0
9580,939,47134,18404,32759,32763,32764,32767,53299,0
9581,942,47129,18403,32760,32762,32763,32766,53297,0
9582,938,47081,18395,32760,32762,32765,32766,53300,0
9583,938,47132,18415,32759,32762,32763,32766,53301,0
9584,939,47139,18421,32759,32764,32764,32766,53299,0
9585,938,47098,18364,32758,32763,32765,32766,53300,0
9586,942,47106,18393,32760,32763,32763,32766,53299,0
9587,939,47143,18417,32759,32762,32765,32766,53300,0
9588,938,47129,18426,32760,32763,32764,32766,53299,0
9589,938,47100,18399,32760,32762,32764,32766,53299,1
9590,944,47129,18406,32760,32762,32764,32766,53300,0
9591,942,47158,18399,32759,32763,32765,32766,53300,0
9592,938,47115,18433,32760,32763,32766,32765,53300,0
9593,938,47109,18432,32761,32762,32765,32767,53299,1
9594,938,47157,18423,32760,32763,32764,32766,53299,0
9595,939,47115,18403,32759,32762,32764,32766,53300,0
9596,942,47089,18398,32759,32762,32764,32766,53299,0
9597,938,47126,18436,32760,32762,32764,32766,53299,0
9598,939,47131,18428,32759,32764,32765,32766,53298,0
9599,938,47088,18412,32760,32762,32765,32767,53300,0
9600,938,47114,18391,32760,32762,32765,32765,53298,0
9601,942,47149,18420,32760,32763,32764,32767,53299,6
9602,938,47133,18431,32760,32762,32764,32765,53299,0
9603,938,47089,18412,32760,32763,32765,32766,53299,1
9604,939,47144,18399,32760,32763,32764,32766,53299,0
9605,938,47142,18416,32758,32763,32765,32766,53300,0
9606,942,47093,18422,32760,32763,32765,32766,53300,0
9607,938,47098,18423,32759,32763,32764,32766,53300,0
9608,938,47147,18412,32760,32763,32764,32767,53299,0
9609,939,47123,18371,32761,32762,32764,32766,53298,0
9610,938,47090,18405,32759,32763,32764,32766,53298,0
9611,943,47132,18418,32760,32763,32765,32767,53298,0
9612,938,47135,18437,32759,32763,32764,32766,53299,1
9613,938,47088,18421,32759,32762,32765,32766,53298,0
9614,938,47118,18395,32760,32763,32764,32766,53296,0
9615,939,47146,18427,32761,32763,32764,32767,53299,0
9616,942,47122,18424,32759,32763,32765,32767,53298,1
9617,938,47094,18425,32760,32763,32764,32766,53300,0
9618,939,47132,18404,32759,32763,32764,32766,53298,1
9619,938,47120,18391,32760,32763,32764,32766,53299,0
9620,938,47099,18424,32759,32763,32765,32767,53299,0
9621,942,47117,18412,32760,32762,32764,32767,53299,0
9622,939,47140,18415,32759,32764,32763,32766,53298,0
9623,948,47144,18406,32760,32763,32765,32766,53298,0
9624,943,47104,18393,32759,32762,32765,32765,53297,0
9625,938,47120,18398,32760,32763,32765,32767,53297,0
9626,943,47140,18436,32760,32763,32764,32766,53298,0
9627,938,47129,18462,32759,32762,32763,32766,53298,0
9628,938,47094,18411,32760,32764,32763,32766,53298,0
9629,939,47109,18413,32759,32764,32765,32766,53299,0
9630,938,47120,18436,32759,32762,32764,32767,53299,0
9631,942,47094,18450,32760,32762,32765,32767,53298,1
9632,939,47107,18433,32759,32763,32764,32766,53300,0
9633,938,47130,18419,32759,32762,32764,32767,53298,0
9634,938,47112,18413,32759,32763,32764,32766,53298,1
9635,938,47085,18442,32759,32763,32765,32766,53298,0
9636,943,47126,18444,32759,32762,32765,32767,53299,0
9637,938,47117,18441,32760,32763,32764,32765,53299,0
9638,938,47079,18425,32759,32763,32765,32766,53300,0
9639,938,47103,18429,32760,32762,32764,32766,53298,0
9640,938,47139,18445,32760,32763,32765,32766,53298,1
9641,943,47120,18452,32760,32764,32765,32766,53298,0
9642,938,47086,18425,32758,32763,32765,32766,53297,0
9643,938,47140,18404,32759,32763,32765,32766,53297,0
9644,939,47128,18440,32761,32763,32765,32766,53297,1
9645,938,47083,18457,32760,32762,32765,32767,53298,1
9646,942,47106,18428,32760,32763,32765,32767,53298,0
9647,938,47122,18409,32760,32763,32764,32766,53298,0
9648,939,47117,18412,32760,32761,32765,32766,53297,0
9649,938,47093,18420,32760,32763,32763,32765,53298,0
9650,938,47130,18449,32760,32763,32764,32766,53296,0
9651,942,47133,18433,32760,32763,32765,32766,53298,0
9652,938,47082,18405,32758,32763,32765,32767,53297,0
9653,939,47106,18404,32760,32763,32763,32768,53298,0
9654,938,47127,18439,32759,32764,32765,32767,53298,0
9655,938,47111,18439,32759,32762,32766,32766,53297,0
9656,947,47073,18416,32760,32762,32763,32766,53298,1
9657,943,47133,18414,32760,32762,32765,32766,53298,0
9658,938,47133,18390,32760,32762,32765,32767,53297,0
9659,939,47119,18437,32759,32763,32764,32765,53302,0
9660,938,47085,18435,32759,32763,32763,32766,53297,1
9661,942,47131,18420,32760,32764,32765,32766,53298,0
9662,939,47126,18406,32761,32764,32764,32766,53297,0
9663,938,47082,18419,32760,32763,32764,32766,53298,0
9664,938,47123,18427,32760,32763,32764,32766,53298,0
9665,938,47108,18437,32760,32763,32765,32767,53298,0
9666,943,47118,18436,32760,32763,32765,32767,53298,0
9667,938,47094,18388,32759,32763,32764,32765,53297,0
9668,938,47139,18409,32759,32763,32764,32766,53298,0
9669,939,47137,18436,32759,32763,32765,32767,53299,0
9670,938,47098,18416,32760,32763,32765,32765,53298,1
9671,942,47133,18412,32760,32762,32765,32767,53298,0
9672,938,47132,18382,32759,32763,32764,32765,53298,0
9673,938,47114,18420,32759,32763,32764,32765,53298,0
9674,938,47092,18421,32760,32763,32764,32767,53298,2
9675,939,47123,18424,32760,32764,32764,32766,53298,0
9676,942,47125,18416,32759,32762,32764,32766,53297,0
9677,938,47076,18385,32760,32763,32764,32766,53297,0
9678,939,47112,18411,32760,32763,32765,32767,53299,0
9679,938,47140,18450,32760,32762,32765,32766,53299,0
9680,938,47084,18417,32759,32763,32764,32765,53299,0
9681,942,47085,18401,32760,32763,32764,32766,53297,1
9682,939,47131,18396,32759,32763,32764,32767,53297,0
9683,938,47123,18441,32760,32763,32765,32767,53299,0
9684,938,47080,18439,32759,32763,32764,32766,53297,0
9685,938,47123,18417,32760,32763,32766,32767,53298,0
9686,942,47131,18403,32759,32763,32763,32765,53297,0
9687,939,47092,18429,32760,32763,32764,32766,53297,0
9688,938,47091,18430,32760,32761,32765,32767,53297,0
9689,943,47117,18421,32759,32763,32764,32765,53297,0
9690,938,47133,18423,32759,32762,32764,32767,53297,0
9691,942,47084,18405,32760,32763,32765,32767,53298,1
9692,939,47110,18424,32759,32763,32765,32767,53298,0
9693,938,47129,18438,32761,32763,32764,32767,53297,0
9694,938,47099,18440,32758,32763,32765,32767,53297,1
9695,938,47096,18403,32760,32762,32764,32766,53296,0
9696,943,47130,18391,32759,32763,32765,32767,53297,0
9697,938,47125,18418,32761,32764,32764,32767,53298,0
9698,938,47088,18427,32759,32762,32764,32767,53297,1
9699,939,47129,18415,32759,32763,32764,32768,53297,0
9700,938,47134,18400,32759,32762,32765,32765,53298,0
9701,942,47104,18400,32759,32763,32765,32765,53298,0
9702,938,47093,18427,32760,32763,32765,32767,53298,0
9703,939,47134,18435,32760,32763,32766,32765,53297,0
9704,938,47118,18423,32759,32763,32763,32766,53297,0
9705,938,47083,18395,32760,32763,32764,32767,53297,0
9706,941,47125,18406,32761,32762,32765,32766,53297,1
9707,939,47130,18439,32760,32763,32765,32766,53298,0
9708,938,47107,18429,32760,32763,32764,32766,53298,0
9709,938,47100,18415,32759,32763,32764,32768,53297,0
9710,939,47138,18414,32759,32763,32763,32766,53297,1
9711,942,47133,18423,32760,32763,32764,32766,53298,0
9712,938,47092,18439,32760,32764,32764,32767,53298,0
9713,938,47126,18427,32759,32763,32764,32766,53297,0
9714,939,47134,18406,32760,32763,32764,32766,53298,0
9715,938,47093,18406,32760,32762,32765,32767,53296,1
9716,942,47095,18428,32760,32762,32765,32765,53298,0
9717,938,47132,18427,32759,32762,32764,32766,53296,0
9718,939,47129,18413,32760,32763,32764,32767,53298,0
9719,938,47069,18398,32760,32762,32764,32767,53297,0
9720,938,47135,18425,32760,32763,32764,32766,53297,0
9721,943,47135,18440,32760,32763,32765,32765,53298,0
9722,948,47111,18433,32759,32762,32765,32766,53298,1
9723,938,47064,18413,32759,32764,32764,32766,53298,0
9724,938,47138,18391,32760,32764,32764,32766,53297,0
9725,938,47125,18412,32760,32763,32765,32766,53297,0
9726,943,47106,18442,32760,32764,32764,32766,53298,0
9727,938,47101,18401,32760,32762,32764,32767,53297,1
9728,938,47140,18407,32759,32762,32765,32765,53297,0
9729,938,47109,18373,32759,32763,32765,32767,53296,1
9730,939,47077,18420,32760,32762,32765,32767,53296,0
9731,942,47130,18439,32760,32762,32764,32767,53296,0
9732,938,47120,18423,32760,32762,32764,32766,53297,0
9733,938,47097,18423,32760,32763,32764,32766,53297,0
9734,938,47107,18392,32760,32763,32765,32767,53297,0
9735,939,47130,18427,32759,32763,32765,32766,53296,0
9736,942,47101,18446,32759,32763,32764,32766,53296,0
9737,938,47077,18430,32760,32764,32764,32766,53295,0
9738,939,47124,18399,32760,32763,32764,32767,53295,0
9739,943,47120,18389,32760,32763,32765,32765,53297,0
9740,938,47095,18428,32760,32763,32764,32766,53297,0
9741,943,47088,18442,32760,32763,32765,32767,53297,0
9742,938,47130,18410,32760,32763,32765,32765,53297,0
9743,938,47116,18401,32760,32764,32765,32766,53296,0
9744,938,47059,18379,32759,32763,32765,32767,53296,0
9745,939,47130,18423,32759,32763,32763,32766,53296,1
9746,942,47138,18430,32759,32763,32764,32766,53296,0
9747,938,47114,18428,32759,32763,32765,32767,53296,0
9748,939,47101,18384,32760,32763,32765,32766,53296,1
9749,938,47125,18419,32760,32763,32764,32767,53295,0
9750,938,47123,18435,32760,32763,32765,32765,53296,0
9751,943,47077,18430,32761,32763,32765,32765,53297,0
9752,938,47118,18429,32760,32763,32765,32767,53295,1
9753,938,47146,18416,32759,32763,32765,32766,53296,0
9754,938,47104,18420,32759,32763,32764,32766,53296,0
9755,944,47103,18439,32760,32762,32764,32766,53296,3
9756,5017,47126,18448,32760,32764,32764,32768,53297,1
9757,943,47093,18437,32759,32763,32764,32766,53296,0
9758,938,47071,18394,32759,32762,32764,32766,53296,0
9759,939,47132,18405,32760,32763,32763,32767,53297,0
9760,938,47121,18435,32759,32763,32765,32767,53297,0
9761,942,47070,18437,32760,32762,32765,32766,53296,0
9762,938,47114,18409,32760,32762,32764,32766,53296,0
9763,938,47105,18391,32760,32763,32764,32765,53295,0
9764,938,47097,18405,32760,32763,32764,32767,53296,0
9765,939,47077,18421,32759,32763,32765,32766,53295,1
9766,942,47126,18432,32760,32764,32765,32767,53294,1
9767,938,47126,18426,32759,32763,32764,32765,53296,2
9768,939,47079,18385,32759,32764,32764,32767,53296,0
9769,938,47113,18407,32760,32762,32765,32767,53297,0
9770,938,47120,18438,32760,32764,32765,32767,53296,0
9771,943,47096,18440,32760,32763,32765,32765,53296,1
9772,938,47071,18411,32759,32762,32765,32766,53296,0
9773,949,47120,18395,32760,32763,32764,32765,53296,0
9774,938,47121,18406,32759,32763,32764,32767,53296,0
9775,938,47097,18426,32760,32763,32765,32766,53294,0
9776,943,47070,18420,32759,32763,32765,32766,53296,0
9777,938,47123,18426,32760,32763,32763,32766,53293,0
9778,938,47123,18403,32759,32762,32764,32766,53294,0
9779,939,47075,18419,32759,32763,32764,32767,53295,0
9780,938,47117,18444,32759,32763,32764,32766,53295,0
9781,942,47122,18430,32760,32762,32764,32767,53294,0
9782,939,47097,18431,32760,32764,32765,32767,53295,0
9783,938,47072,18396,32760,32762,32764,32766,53295,0
9784,938,47120,18420,32760,32764,32764,32766,53294,1
9785,938,47104,18450,32759,32763,32764,32766,53295,0
9786,942,47074,18431,32760,32764,32765,32765,53295,0
9787,939,47099,18398,32759,32762,32764,32767,53296,0
9788,938,47111,18389,32760,32763,32765,32767,53295,0
9789,938,47085,18435,32760,32763,32763,32766,53294,0
9790,938,47074,18422,32760,32762,32764,32767,53295,1
9791,942,47127,18435,32760,32764,32763,32766,53296,0
9792,939,47110,18411,32760,32762,32764,32767,53295,0
9793,938,47067,18388,32760,32763,32765,32766,53295,1
9794,938,47117,18439,32759,32763,32764,32767,53296,0
9795,938,47123,18448,32761,32763,32765,32767,53295,1
9796,943,47090,18436,32759,32763,32763,32766,53294,0
9797,938,47096,18408,32760,32761,32765,32765,53295,1
9798,938,47120,18427,32759,32762,32764,32765,53295,0
9799,939,47102,18442,32760,32762,32765,32765,53295,0
9800,938,47071,18430,32760,32763,32764,32766,53296,0
9801,942,47103,18425,32760,32763,32764,32767,53295,0
9802,938,47122,18406,32760,32763,32764,32766,53294,0
9803,939,47089,18422,32760,32762,32764,32767,53295,0
9804,938,47099,18427,32759,32762,32765,32767,53295,1
9805,938,47117,18426,32759,32763,32765,32765,53295,0
9806,948,47112,18400,32760,32763,32764,32766,53295,1
9807,938,47069,18400,32759,32763,32764,32767,53295,2
9808,938,47096,18420,32759,32763,32762,32765,53294,0
9809,939,47118,18439,32760,32763,32765,32767,53295,0
9810,938,47109,18428,32760,32762,32765,32767,53294,0
9811,942,47065,18397,32759,32763,32764,32766,53295,0
9812,938,47114,18407,32760,32763,32765,32766,53294,0
9813,938,47119,18437,32760,32763,32764,32766,53295,0
9814,938,47076,18427,32760,32763,32764,32765,53295,1
9815,938,47108,18429,32760,32762,32765,32766,53294,0
9816,943,47115,18390,32760,32763,32764,32766,53295,0
9817,938,47087,18412,32758,32763,32764,32766,53296,0
9818,938,47078,18426,32759,32764,32764,32766,53296,0
9819,939,47105,18428,32760,32763,32764,32766,53294,1
9820,938,47104,18421,32760,32762,32765,32767,53294,0
9821,942,47058,18395,32759,32762,32764,32766,53295,0
9822,938,47098,18408,32759,32764,32764,32767,53295,0
9823,938,47119,18447,32760,32763,32765,32766,53296,0
9824,938,47094,18433,32760,32763,32764,32766,53294,1
9825,939,47081,18390,32759,32763,32765,32766,53296,1
9826,942,47101,18399,32758,32763,32764,32767,53296,0
9827,938,47097,18423,32759,32762,32763,32765,53295,0
9828,939,47067,18429,32761,32763,32765,32766,53295,0
9829,938,47112,18418,32759,32764,32764,32767,53294,0
9830,938,47109,18403,32760,32763,32764,32767,53294,0
9831,942,47089,18403,32759,32763,32764,32767,53300,1
9832,939,47080,18431,32760,32763,32765,32767,53293,0
9833,938,47118,18446,32760,32763,32765,32767,53294,0
9834,938,47108,18430,32759,32764,32764,32765,53294,0
9835,939,47084,18384,32759,32763,32764,32766,53294,0
9836,942,47111,18404,32759,32762,32764,32767,53294,0
9837,938,47115,18442,32760,32762,32764,32766,53294,1
9838,938,47090,18436,32758,32763,32766,32767,53295,0
9839,938,47083,18407,32759,32763,32764,32767,53294,0
9840,938,47111,18401,32759,32763,32764,32766,53293,0
9841,942,47112,18447,32760,32763,32764,32766,53294,0
9842,939,47053,18424,32762,32762,32764,32766,53295,0
9843,938,47107,18427,32760,32762,32763,32766,53294,0
9844,938,47087,18418,32760,32763,32765,32766,53294,0
9845,938,47070,18407,32759,32763,32764,32765,53293,0
9846,943,47065,18427,32759,32763,32765,32766,53294,0
9847,938,47117,18439,32760,32763,32764,32766,53292,0
9848,938,47100,18430,32760,32763,32764,32766,53294,0
9849,938,47049,18378,32760,32763,32764,32766,53293,0
9850,939,47116,18409,32759,32763,32765,32765,53294,1
9851,939,47100,18446,32760,32762,32765,32766,53294,0
9852,941,47070,18439,32761,32763,32764,32767,53294,0
9853,939,47071,18411,32760,32763,32765,32767,53294,0
9854,938,47108,18406,32759,32763,32765,32767,53293,1
9855,944,47103,18434,32760,32763,32764,32766,53295,0
9856,942,47073,18421,32760,32763,32764,32766,53294,0
9857,938,47098,18422,32760,32764,32763,32765,53294,3
9858,938,47119,18432,32760,32763,32764,32766,53295,0
9859,938,47078,18410,32759,32763,32765,32766,53294,1
9860,939,47062,18440,32760,32763,32764,32766,53294,0
9861,942,47118,18445,32759,32763,32764,32767,53294,0
9862,938,47100,18435,32759,32763,32765,32767,53293,0
9863,939,47068,18422,32760,32763,32765,32766,53293,0
9864,938,47107,18402,32760,32763,32763,32767,53293,0
9865,938,47098,18433,32760,32763,32765,32768,53294,0
9866,942,47083,18431,32761,32764,32765,32767,53293,0
9867,938,47056,18400,32759,32763,32766,32765,53293,0
9868,939,47112,18398,32759,32763,32764,32767,53293,0
9869,938,47088,18423,32760,32763,32765,32766,53292,0
9870,938,47067,18448,32760,32764,32765,32766,53293,0
9871,943,47110,18439,32760,32763,32765,32767,53295,0
9872,943,47120,18439,32760,32762,32765,32767,53293,1
9873,938,47093,18400,32760,32763,32765,32767,53293,0
9874,938,47062,18400,32760,32764,32765,32766,53294,0
9875,939,47102,18435,32759,32763,32764,32765,53290,0
9876,942,47113,18453,32760,32764,32765,32766,53293,0
9877,938,47061,18427,32759,32764,32765,32767,53293,0
9878,939,47095,18397,32759,32764,32764,32766,53294,1
9879,938,47112,18435,32760,32763,32764,32765,53293,0
9880,938,47090,18451,32760,32763,32765,32765,53293,0
9881,943,47064,18448,32760,32764,32764,32766,53294,1
9882,938,47110,18423,32761,32762,32765,32766,53293,0
9883,938,47097,18404,32759,32763,32764,32766,53293,1
9884,938,47073,18443,32759,32763,32765,32766,53294,0
9885,939,47106,18440,32760,32763,32764,32766,53294,0
9886,942,47107,18441,32760,32763,32764,32766,53295,0
9887,938,47085,18416,32760,32762,32764,32766,53300,0
9888,944,47069,18420,32760,32763,32764,32766,53294,0
9889,943,47121,18416,32761,32763,32765,32766,53294,0
9890,938,47115,18436,32759,32762,32764,32766,53292,0
9891,943,47089,18427,32759,32764,32764,32766,53293,0
9892,938,47054,18418,32760,32763,32763,32766,53294,0
9893,938,47102,18388,32759,32763,32764,32766,53293,0
9894,939,47116,18422,32759,32763,32764,32766,53294,0
9895,938,47051,18435,32759,32763,32764,32766,53293,1
9896,942,47100,18416,32760,32763,32764,32765,53293,1
9897,939,47097,18415,32760,32765,32764,32767,53293,0
9898,938,47087,18404,32760,32763,32764,32766,53292,0
9899,938,47072,18423,32759,32764,32764,32766,53294,0
9900,938,47111,18439,32760,32762,32764,32766,53293,0
9901,943,47104,18443,32759,32763,32764,32767,53293,0
9902,938,47064,18404,32759,32763,32764,32766,53294,0
9903,938,47092,18405,32760,32763,32764,32766,53293,1
9904,938,47105,18436,32760,32763,32763,32767,53292,1
9905,938,47088,18435,32760,32763,32764,32765,53292,0
9906,943,47064,18406,32759,32763,32764,32765,53289,0
9907,938,47107,18389,32760,32763,32764,32767,53293,0
9908,938,47109,18416,32759,32762,32765,32766,53293,0
9909,938,47052,18425,32759,32764,32764,32767,53291,0
9910,939,47098,18436,32759,32763,32765,32767,53291,0
9911,942,47106,18416,32760,32763,32764,32766,53293,0
9912,938,47071,18396,32760,32764,32764,32766,53293,0
9913,939,47067,18437,32760,32763,32764,32765,53292,2
9914,938,47105,18437,32760,32764,32763,32767,53293,0
9915,938,47089,18433,32759,32764,32763,32767,53292,1
9916,943,47047,18416,32759,32763,32764,32767,53293,1
9917,938,47107,18404,32760,32763,32764,32766,53292,0
9918,938,47102,18459,32759,32764,32764,32766,53293,0
9919,938,47065,18437,32759,32763,32764,32766,53294,0
9920,939,47051,18426,32761,32763,32764,32766,53293,1
9921,946,47100,18400,32760,32762,32764,32767,53293,1
9922,943,47107,18404,32760,32763,32764,32767,53293,0
9923,938,47074,18438,32760,32763,32764,32767,53293,0
9924,939,47068,18442,32760,32763,32765,32765,53293,1
9925,938,47097,18429,32760,32763,32765,32766,53291,0
9926,942,47095,18406,32761,32762,32764,32766,53292,0
9927,939,47055,18408,32760,32763,32764,32766,53292,0
9928,938,47100,18430,32759,32762,32764,32767,53292,0
9929,938,47088,18450,32761,32762,32764,32766,53292,0
9930,938,47045,18415,32759,32763,32764,32765,53290,1
9931,943,47054,18386,32760,32763,32764,32766,53292,0
9932,938,47085,18423,32759,32763,32765,32767,53292,1
9933,939,47081,18451,32760,32763,32763,32766,53292,0
9934,938,47063,18433,32760,32762,32765,32768,53293,0
9935,938,47111,18433,32760,32763,32764,32766,53290,0
9936,943,47118,18404,32761,32763,32764,32767,53292,0
9937,938,47065,18453,32759,32762,32764,32767,53291,0
9938,949,47056,18441,32760,32762,32765,32766,53292,1
9939,943,47085,18455,32759,32763,32765,32766,53292,0
9940,938,47097,18443,32759,32763,32764,32766,53291,0
9941,943,47084,18426,32759,32762,32764,32767,53292,0
9942,938,47054,18407,32760,32762,32764,32766,53293,1
9943,938,47104,18454,32760,32763,32764,32766,53293,0
9944,939,47106,18435,32760,32764,32764,32766,53293,0
9945,938,47052,18437,32759,32763,32765,32766,53291,0
9946,942,47100,18407,32761,32763,32764,32767,53291,0
9947,938,47097,18426,32759,32762,32764,32766,53293,1
9948,939,47078,18446,32760,32763,32764,32766,53291,0
9949,938,47061,18435,32760,32763,32764,32766,53291,0
9950,938,47085,18418,32758,32761,32765,32766,53291,0
9951,942,47078,18387,32759,32762,32765,32766,53293,0
9952,939,47054,18423,32759,32763,32765,32766,53292,1
9953,938,47096,18436,32758,32762,32764,32766,53292,0
9954,938,47098,18435,32760,32763,32765,32767,53291,0
9955,938,47070,18407,32759,32763,32765,32766,53291,0
9956,943,47050,18407,32759,32763,32764,32766,53294,1
9957,938,47098,18444,32760,32763,32763,32767,53291,0
9958,938,47098,18451,32760,32763,32765,32766,53293,0
9959,938,47056,18422,32759,32764,32764,32766,53293,0
9960,939,47104,18408,32760,32763,32764,32766,53292,0
9961,942,47100,18427,32759,32763,32765,32765,53291,0
9962,939,47075,18458,32759,32762,32764,32766,53292,1
9963,938,47068,18435,32759,32763,32764,32767,53292,0
9964,938,47116,18429,32759,32763,32765,32766,53292,0
9965,938,47087,18412,32759,32763,32765,32766,53292,2
9966,943,47048,18436,32760,32764,32764,32766,53291,0
9967,938,47087,18455,32760,32763,32764,32767,53292,0
9968,938,47112,18459,32760,32763,32764,32767,53291,0
9969,938,47053,18434,32759,32764,32764,32767,53292,0
9970,939,47063,18413,32760,32763,32764,32766,53291,0
9971,946,47113,18446,32760,32762,32764,32766,53291,0
9972,943,47104,18449,32759,32763,32765,32766,53292,0
9973,938,47069,18452,32760,32763,32765,32766,53290,0
9974,939,47088,18413,32760,32763,32764,32767,53291,0
9975,938,47098,18414,32761,32763,32764,32766,53291,0
9976,942,47089,18439,32761,32762,32764,32766,53291,1
9977,939,47060,18446,32761,32763,32763,32766,53291,0
9978,938,47108,18460,32760,32763,32764,32767,53293,0
9979,938,47099,18421,32760,32763,32764,32766,53292,0
9980,938,47049,18418,32759,32762,32765,32767,53292,0
9981,943,47087,18446,32760,32764,32764,32766,53291,0
9982,938,47117,18459,32760,32763,32764,32766,53291,0
9983,938,47098,18445,32759,32763,32766,32766,53293,0
9984,938,47050,18423,32760,32763,32764,32766,53291,0
9985,939,47093,18424,32759,32763,32765,32766,53292,0
9986,942,47110,18454,32759,32762,32765,32766,53291,0
9987,938,47069,18451,32760,32762,32764,32766,53292,0
9988,938,47089,18437,32760,32763,32764,32766,53290,0
9989,938,47097,18421,32759,32762,32765,32766,53292,0
9990,939,47078,18443,32760,32764,32764,32766,53292,2
9991,942,47056,18450,32759,32762,32765,32766,53292,1
9992,938,47110,18453,32760,32764,32765,32766,53290,0
9993,938,47102,18436,32759,32764,32764,32765,53294,0
9994,939,47052,18403,32759,32763,32764,32766,53293,1
9995,938,47098,18438,32760,32763,32765,32766,53291,0
9996,942,47110,18455,32760,32763,32764,32765,53291,0
9997,939,47081,18460,32760,32763,32764,32766,53292,0
9998,938,47055,18397,32760,32763,32765,32767,53291,0
9999,938,47104,18429,32759,32763,32765,32766,53293,0
10000,939,47100,18460,32760,32763,32764,32766,53290,0
10001,942,47068,18464,32760,32764,32764,32766,53292,1
10002,938,47088,18440,32759,32764,32764,32766,53291,0
10003,938,47113,18417,32760,32762,32764,32765,53293,0
10004,938,47093,18444,32760,32764,32765,32765,53291,0
10005,938,47070,18446,32759,32763,32763,32767,53292,0
10006,943,47109,18464,32759,32763,32765,32767,53291,1
10007,938,47113,18441,32760,32764,32764,32766,53291,0
10008,938,47058,18412,32759,32763,32765,32766,53291,0
10009,939,47073,18440,32759,32763,32765,32765,53292,0
10010,938,47095,18454,32759,32763,32765,32766,53292,0
10011,942,47093,18459,32760,32762,32764,32767,53292,0
10012,939,47056,18417,32759,32763,32764,32767,53292,1
10013,938,47104,18425,32761,32763,32765,32767,53292,0
10014,938,47106,18466,32759,32762,32764,32767,53291,0
10015,938,47051,18459,32759,32764,32765,32766,53293,1
10016,943,47094,18463,32760,32762,32764,32767,53291,0
10017,938,47112,18439,32760,32763,32764,32766,53293,0
10018,938,47065,18445,32760,32762,32765,32766,53291,0
10019,939,47060,18455,32759,32761,32763,32766,53292,0
10020,949,47089,18449,32760,32762,32764,32766,53292,0
10021,942,47116,18463,32760,32763,32765,32767,53292,0
10022,938,47079,18429,32759,32762,32765,32766,53292,0
10023,939,47054,18435,32759,32762,32762,32766,53291,1
10024,938,47103,18464,32758,32762,32764,32766,53291,4
10025,938,47099,18463,32760,32764,32765,32767,53292,0
10026,942,47045,18442,32760,32763,32764,32766,53291,0
10027,938,47097,18420,32759,32762,32764,32765,53291,0
10028,939,47116,18436,32760,32762,32764,32765,53291,0
10029,938,47067,18449,32759,32762,32765,32767,53292,0
10030,938,47069,18460,32759,32762,32765,32766,53291,0
10031,943,47095,18463,32759,32763,32765,32766,53292,0
10032,938,47091,18434,32760,32763,32763,32766,53291,0
10033,938,47061,18468,32760,32763,32765,32767,53293,0
10034,938,47106,18461,32759,32763,32765,32768,53290,0
10035,939,47112,18455,32759,32763,32765,32767,53292,1
10036,942,47091,18446,32760,32762,32765,32766,53293,0
10037,938,47066,18415,32759,32763,32764,32766,53293,1
10038,938,47110,18460,32760,32762,32763,32766,53293,1
10039,938,47093,18467,32759,32762,32764,32767,53292,1
10040,938,47045,18456,32760,32763,32764,32766,53292,1
10041,943,47091,18439,32759,32762,32764,32767,53291,0
10042,938,47088,18447,32760,32764,32764,32767,53290,0
10043,938,47068,18473,32759,32763,32764,32766,53291,0
10044,939,47057,18460,32760,32763,32763,32766,53292,0
10045,938,47099,18459,32761,32763,32764,32766,53292,0
10046,942,47082,18428,32760,32763,32764,32767,53291,0
10047,938,47030,18444,32759,32762,32764,32765,53298,1
10048,939,47096,18451,32760,32763,32765,32766,53291,1
10049,938,47089,18463,32760,32763,32763,32767,53291,0
10050,938,47055,18438,32760,32763,32765,32767,53291,0
10051,942,47056,18414,32760,32763,32765,32766,53291,1
10052,938,47092,18470,32759,32762,32765,32766,53290,0
10053,943,47089,18468,32760,32763,32764,32765,53291,1
10054,943,47049,18459,32759,32762,32764,32766,53291,0
10055,938,47082,18433,32760,32763,32764,32766,53290,1
10056,943,47098,18432,32760,32762,32764,32766,53291,0
10057,938,47081,18461,32759,32763,32764,32765,53291,0
10058,938,47049,18452,32759,32763,32764,32766,53290,0
10059,939,47088,18463,32761,32764,32765,32767,53290,0
10060,938,47098,18435,32759,32764,32764,32767,53291,0
10061,942,47050,18400,32760,32762,32764,32765,53290,1
10062,939,47074,18439,32760,32762,32764,32766,53291,0
10063,938,47078,18454,32760,32763,32765,32767,53292,0
10064,938,47067,18457,32759,32762,32765,32767,53291,0
10065,938,47056,18410,32759,32763,32764,32766,53291,0
10066,943,47093,18425,32759,32763,32764,32766,53292,0
10067,938,47103,18463,32759,32761,32763,32766,53291,0
10068,938,47065,18473,32760,32763,32764,32766,53291,1
10069,938,47087,18421,32759,32763,32766,32766,53291,0
10070,938,47108,18426,32759,32762,32765,32767,53292,0
10071,943,47083,18458,32760,32763,32764,32767,53292,1
10072,938,47048,18471,32760,32761,32764,32767,53290,0
10073,938,47098,18447,32760,32764,32764,32765,53291,1
10074,938,47111,18444,32760,32763,32764,32767,53291,1
10075,939,47052,18427,32759,32763,32764,32768,53292,0
10076,942,47075,18450,32759,32763,32763,32766,53292,0
10077,938,47099,18477,32760,32763,32764,32765,53291,0
10078,939,47095,18467,32758,32764,32763,32766,53290,0
10079,938,47056,18417,32760,32763,32764,32766,53290,0
10080,938,47099,18420,32760,32762,32765,32767,53290,0
10081,942,47111,18467,32760,32763,32764,32768,53290,0
10082,938,47061,18476,32759,32763,32764,32767,53291,0
10083,938,47097,18439,32760,32762,32764,32766,53290,1
10084,938,47111,18418,32759,32763,32765,32767,53291,1
10085,939,47086,18460,32759,32763,32764,32767,53290,0
10086,947,47062,18476,32758,32763,32764,32767,53291,1
10087,943,47083,18470,32759,32763,32764,32766,53290,0
10088,938,47099,18478,32759,32763,32764,32766,53292,0
10089,939,47068,18446,32759,32762,32765,32766,53291,0
10090,938,47059,18444,32760,32763,32763,32766,53291,0
10091,942,47091,18456,32761,32763,32765,32767,53291,1
10092,939,47083,18473,32759,32763,32764,32767,53291,1
10093,938,47035,18460,32759,32763,32764,32767,53290,3
10094,938,47084,18443,32759,32762,32765,32767,53291,0
10095,938,47097,18445,32760,32763,32765,32766,53291,0
10096,943,47072,18462,32760,32763,32765,32766,53291,0
10097,938,47059,18464,32760,32763,32765,32766,53291,0
10098,938,47107,18442,32759,32763,32764,32766,53291,0
10099,939,47095,18440,32761,32763,32765,32766,53290,0
10100,938,47059,18461,32760,32763,32765,32766,53290,0
10101,942,47108,18486,32760,32763,32765,32766,53292,1
10102,938,47101,18460,32759,32763,32764,32766,53291,1
10103,938,47066,18432,32760,32764,32765,32767,53289,0
10104,938,47061,18436,32759,32763,32763,32766,53292,0
10105,939,47105,18453,32759,32762,32764,32766,53290,0
10106,942,47101,18479,32760,32762,32765,32766,53290,1
10107,938,47043,18458,32759,32763,32763,32766,53290,0
10108,938,47092,18428,32760,32763,32764,32767,53290,1
10109,939,47098,18451,32760,32763,32765,32767,53290,1
10110,938,47070,18471,32760,32763,32764,32766,53290,0
10111,942,47052,18455,32759,32762,32765,32767,53291,0
10112,939,47099,18453,32758,32764,32765,32766,53290,0
10113,938,47078,18447,32760,32763,32763,32766,53289,0
10114,938,47052,18449,32759,32763,32764,32766,53290,0
10115,938,47097,18455,32760,32764,32764,32766,53291,0
10116,940,47108,18452,32759,32764,32764,32766,53291,1
10117,941,47089,18438,32759,32763,32764,32766,53291,0
10118,938,47079,18423,32760,32763,32764,32766,53289,0
10119,943,47121,18458,32760,32762,32764,32766,53289,0
10120,938,47105,18450,32759,32762,32763,32765,53290,0
10121,942,47072,18469,32759,32763,32764,32767,53291,0
10122,939,47111,18434,32760,32763,32765,32766,53290,0
10123,938,47103,18428,32760,32763,32764,32767,53283,0
10124,938,47096,18459,32760,32763,32765,32767,53289,0
10125,938,47054,18455,32760,32763,32765,32766,53290,0
10126,943,47104,18466,32759,32762,32764,32766,53289,1
10127,938,47114,18435,32759,32762,32765,32766,53288,1
10128,938,47075,18433,32760,32764,32764,32765,53290,0
10129,939,47099,18469,32760,32763,32764,32766,53291,0
10130,938,47119,18467,32760,32764,32765,32767,53289,1
10131,942,47090,18471,32758,32763,32764,32765,53288,0
10132,938,47057,18436,32759,32763,32765,32766,53289,0
10133,938,47128,18457,32760,32763,32764,32766,53291,0
10134,938,47099,18473,32759,32762,32764,32766,53290,1
10135,939,47056,18459,32760,32764,32764,32767,53289,0
10136,942,47095,18448,32760,32763,32764,32766,53289,1
10137,938,47101,18422,32760,32763,32764,32766,53289,0
10138,938,47071,18457,32761,32763,32765,32766,53289,0
10139,938,47080,18463,32760,32763,32765,32768,53289,0
10140,939,47112,18449,32759,32763,32764,32766,53290,1
10141,942,47111,18422,32760,32763,32764,32766,53290,0
10142,938,47060,18426,32760,32763,32764,32765,53291,0
10143,938,47104,18462,32759,32762,32763,32766,53289,2
10144,939,47124,18456,32761,32763,32765,32767,53290,0
10145,938,47086,18437,32759,32762,32763,32766,53289,0
10146,942,47075,18427,32759,32763,32765,32766,53289,1
10147,939,47124,18445,32760,32763,32765,32766,53289,0
10148,938,47109,18462,32759,32763,32763,32766,53290,0
10149,938,47062,18454,32761,32764,32764,32766,53290,0
10150,938,47105,18439,32760,32763,32764,32767,53289,0
10151,943,47105,18429,32760,32763,32765,32765,53288,1
10152,948,47083,18442,32760,32762,32764,32765,53288,0
10153,938,47068,18475,32760,32763,32765,32766,53289,0
10154,938,47099,18456,32759,32762,32765,32766,53289,0
10155,938,47104,18451,32760,32763,32764,32767,53288,0
10156,943,47073,18417,32760,32763,32763,32766,53289,0
10157,938,47072,18446,32759,32763,32764,32765,53290,1
10158,938,47109,18463,32760,32763,32764,32767,53288,0
10159,939,47102,18461,32760,32764,32764,32766,53288,1
10160,938,47061,18439,32760,32763,32765,32767,53287,0
10161,942,47091,18422,32759,32763,32764,32767,53288,0
10162,938,47099,18469,32760,32763,32765,32767,53288,0
10163,938,47077,18465,32761,32763,32765,32766,53289,0
10164,939,47084,18449,32759,32763,32765,32767,53289,0
10165,938,47112,18444,32759,32763,32764,32766,53287,0
10166,942,47089,18424,32760,32762,32764,32764,53287,1
10167,938,47059,18456,32760,32763,32765,32766,53288,0
10168,939,47113,18457,32760,32763,32765,32767,53288,0
10169,943,47104,18464,32758,32763,32763,32767,53289,0
10170,938,47072,18436,32760,32763,32764,32766,53288,0
10171,943,47068,18428,32760,32764,32764,32767,53288,0
10172,938,47116,18473,32760,32762,32764,32766,53287,0
10173,938,47097,18476,32760,32764,32764,32766,53288,0
10174,939,47055,18458,32760,32763,32765,32766,53287,0
10175,938,47103,18431,32759,32763,32763,32766,53288,0
10176,942,47104,18461,32760,32763,32765,32765,53289,0
10177,938,47088,18481,32759,32763,32765,32766,53288,0
10178,939,47072,18463,32761,32764,32764,32767,53289,0
10179,938,47100,18440,32760,32763,32763,32766,53288,0
10180,938,47091,18420,32759,32763,32765,32766,53288,0
10181,943,47043,18448,32760,32763,32765,32767,53288,1
10182,938,47094,18466,32760,32763,32764,32766,53288,1
10183,938,47108,18445,32761,32763,32764,32766,53288,0
10184,938,47053,18449,32759,32762,32765,32766,53288,0
10185,944,47076,18428,32760,32764,32764,32767,53288,0
10186,941,47117,18456,32760,32763,32765,32767,53289,0
10187,938,47095,18471,32759,32764,32765,32767,53289,0
10188,938,47055,18455,32759,32763,32765,32767,53289,2
10189,939,47094,18428,32760,32763,32765,32766,53288,1
10190,938,47103,18451,32760,32763,32765,32766,53289,1
10191,942,47086,18485,32760,32763,32765,32766,53288,0
10192,938,47070,18475,32759,32763,32765,32766,53287,1
10193,939,47110,18455,32760,32762,32763,32766,53289,0
10194,938,47099,18440,32759,32763,32764,32766,53287,1
10195,938,47058,18462,32760,32764,32764,32765,53290,0
10196,943,47095,18485,32760,32762,32765,32767,53289,0
10197,938,47108,18475,32760,32763,32765,32767,53288,0
10198,938,47089,18447,32760,32763,32763,32766,53286,0
10199,939,47068,18433,32759,32764,32765,32766,53289,0
10200,938,47100,18466,32759,32763,32765,32766,53288,0
10201,942,47097,18478,32761,32763,32765,32766,53287,0
10202,938,47036,18466,32760,32764,32764,32766,53288,0
10203,938,47101,18461,32760,32763,32764,32768,53288,0
10204,938,47101,18455,32760,32764,32763,32767,53289,0
10205,939,47064,18475,32759,32764,32765,32766,53288,0
10206,942,47054,18470,32760,32762,32765,32767,53289,0
10207,938,47091,18473,32759,32764,32764,32765,53288,0
10208,939,47082,18436,32760,32763,32765,32766,53288,0
10209,938,47045,18427,32760,32764,32765,32766,53287,0
10210,938,47102,18457,32760,32764,32765,32768,53288,0
10211,942,47103,18476,32760,32763,32765,32766,53288,0
10212,939,47063,18464,32759,32762,32764,32766,53287,0
10213,938,47083,18435,32759,32763,32764,32767,53287,1
10214,938,47100,18468,32760,32763,32765,32767,53287,1
10215,939,47089,18487,32760,32763,32765,32767,53288,0
10216,942,47038,18484,32759,32762,32764,32767,53286,0
10217,938,47087,18455,32761,32763,32763,32766,53287,0
10218,944,47088,18444,32760,32763,32764,32765,53288,1
10219,938,47077,18489,32760,32762,32764,32766,53287,0
10220,938,47057,18482,32760,32763,32765,32766,53286,0
10221,942,47096,18480,32759,32762,32764,32766,53287,1
10222,939,47075,18464,32760,32764,32765,32766,53287,0
10223,938,47053,18436,32760,32764,32764,32766,53287,1
10224,938,47076,18470,32760,32763,32764,32767,53287,0
10225,939,47079,18480,32760,32762,32764,32766,53288,1
10226,942,47073,18477,32760,32764,32764,32766,53288,0
10227,938,47052,18454,32759,32764,32765,32766,53287,0
10228,939,47094,18447,32760,32763,32764,32766,53287,0
10229,938,47091,18467,32759,32764,32765,32765,53287,0
10230,938,47051,18494,32759,32763,32764,32766,53287,0
10231,942,47079,18474,32760,32763,32765,32767,53287,0
10232,939,47103,18454,32760,32764,32765,32766,53286,0
10233,938,47075,18470,32759,32763,32765,32767,53288,1
10234,938,47066,18470,32759,32762,32765,32767,53287,0
10235,938,47113,18474,32760,32762,32765,32766,53286,0
10236,942,47099,18477,32760,32763,32764,32766,53286,0
10237,939,47040,18458,32760,32763,32764,32765,53286,0
10238,938,47067,18465,32760,32763,32764,32766,53287,0
10239,938,47101,18498,32760,32763,32764,32766,53288,0
10240,938,47060,18471,32762,32764,32764,32766,53288,0
10241,942,47054,18442,32760,32764,32764,32766,53287,0
10242,939,47080,18440,32758,32763,32764,32765,53287,0
10243,938,47089,18475,32760,32762,32763,32767,53287,0
10244,938,47063,18475,32760,32763,32765,32766,53286,0
10245,938,47095,18461,32759,32763,32764,32765,53285,0
10246,943,47087,18471,32760,32762,32764,32767,53286,0
10247,938,47061,18447,32759,32762,32763,32767,53285,0
10248,938,47057,18472,32760,32763,32765,32767,53286,1
10249,938,47102,18471,32759,32763,32764,32766,53287,1
10250,939,47094,18460,32760,32763,32765,32766,53287,0
10251,946,47054,18446,32760,32763,32765,32767,53285,0
10252,938,47089,18438,32759,32763,32763,32766,53287,0
10253,938,47100,18488,32758,32763,32764,32767,53287,0
10254,938,47064,18481,32760,32763,32765,32766,53287,1
10255,939,47046,18454,32759,32762,32765,32767,53286,0
10256,942,47097,18447,32759,32763,32765,32767,53287,0
10257,938,47084,18458,32760,32764,32765,32767,53287,0
10258,939,47051,18466,32759,32763,32765,32766,53287,0
10259,938,47078,18481,32760,32762,32765,32766,53287,0
10260,938,47088,18453,32759,32763,32764,32767,53287,0
10261,943,47076,18435,32760,32763,32765,32765,53287,0
10262,938,47060,18474,32759,32762,32764,32766,53287,1
10263,938,47091,18487,32760,32763,32764,32767,53286,0
10264,938,47076,18464,32758,32763,32765,32768,53285,0
10265,939,47050,18437,32759,32762,32764,32766,53287,0
10266,942,47091,18439,32760,32763,32765,32766,53286,1
10267,944,47090,18473,32759,32763,32764,32766,53286,0
10268,938,47085,18498,32759,32763,32763,32767,53286,0
10269,938,47055,18478,32760,32764,32764,32767,53287,0
10270,938,47102,18453,32759,32763,32764,32766,53287,0
10271,942,47089,18442,32760,32762,32765,32767,53285,0
10272,939,47046,18478,32761,32764,32765,32767,53286,1
10273,938,47069,18472,32761,32762,32763,32767,53286,0
10274,938,47096,18474,32759,32763,32764,32767,53286,0
10275,939,47075,18458,32759,32763,32764,32766,53285,0
10276,942,47047,18455,32759,32762,32763,32767,53286,0
10277,938,47097,18471,32760,32763,32765,32766,53286,1
10278,938,47093,18479,32760,32764,32764,32766,53286,0
10279,939,47061,18442,32759,32764,32764,32767,53286,0
10280,938,47067,18434,32761,32763,32765,32765,53286,2
10281,943,47087,18460,32761,32763,32765,32767,53287,0
10282,938,47079,18481,32760,32762,32764,32765,53286,0
10283,938,47047,18466,32760,32763,32766,32766,53287,0
10284,943,47099,18443,32760,32763,32765,32767,53286,0
10285,943,47110,18440,32759,32763,32764,32766,53287,0
10286,942,47081,18462,32760,32763,32765,32766,53287,0
10287,939,47058,18459,32760,32763,32764,32766,53287,1
10288,938,47095,18482,32760,32762,32763,32766,53287,0
10289,938,47088,18441,32760,32763,32765,32767,53286,0
10290,939,47052,18442,32760,32763,32763,32767,53287,0
10291,941,47095,18468,32760,32763,32764,32767,53286,2
10292,939,47092,18463,32759,32763,32764,32766,53287,0
10293,938,47087,18476,32759,32762,32764,32765,53286,1
10294,938,47039,18443,32759,32762,32765,32765,53287,4
10295,938,47112,18456,32760,32763,32765,32766,53286,0
10296,943,47103,18489,32760,32763,32764,32766,53286,0
10297,938,47063,18460,32759,32763,32765,32766,53286,0
10298,938,47092,18449,32760,32763,32764,32767,53285,0
10299,938,47092,18447,32760,32763,32764,32766,53286,0
10300,939,47047,18465,32759,32763,32764,32767,53286,1
10301,941,47052,18471,32760,32762,32765,32767,53286,0
10302,939,47093,18465,32759,32763,32764,32766,53286,1
10303,938,47079,18464,32760,32764,32763,32765,53287,0
10304,938,47044,18433,32758,32762,32764,32766,53285,0
10305,939,47091,18456,32760,32763,32764,32766,53286,0
10306,942,47097,18484,32759,32764,32764,32765,53286,0
10307,938,47079,18463,32760,32763,32764,32766,53286,0
10308,938,47056,18452,32760,32763,32765,32766,53286,0
10309,939,47094,18440,32760,32763,32764,32766,53285,1
10310,938,47092,18480,32759,32763,32765,32766,53284,1
10311,942,47046,18475,32760,32763,32763,32767,53286,0
10312,938,47087,18452,32760,32763,32764,32766,53287,0
10313,939,47097,18440,32759,32762,32765,32767,53286,0
10314,938,47064,18447,32760,32763,32764,32766,53287,0
10315,938,47072,18473,32759,32763,32765,32766,53288,0
10316,943,47104,18478,32760,32763,32765,32766,53287,0
10317,949,47103,18482,32761,32765,32764,32767,53287,0
10318,938,47061,18452,32760,32763,32765,32767,53286,0
10319,938,47061,18423,32759,32763,32764,32766,53287,0
10320,939,47098,18482,32761,32764,32765,32766,53286,0
10321,942,47094,18477,32759,32764,32764,32767,53286,0
10322,938,47053,18465,32759,32763,32764,32766,53286,0
10323,938,47087,18440,32760,32763,32765,32766,53286,0
10324,939,47103,18462,32759,32763,32764,32767,53286,1
10325,938,47060,18481,32759,32764,32764,32765,53287,0
10326,942,47044,18475,32759,32763,32764,32766,53286,0
10327,939,47095,18464,32760,32763,32764,32765,53286,0
10328,938,47084,18446,32759,32764,32765,32767,53286,0
10329,938,47028,18454,32759,32762,32764,32766,53287,0
10330,938,47087,18477,32761,32763,32765,32766,53286,0
10331,943,47101,18483,32760,32763,32764,32766,53285,1
10332,938,47059,18452,32760,32763,32765,32766,53285,0
10333,938,47051,18439,32760,32762,32765,32766,53286,1
10334,938,47093,18470,32760,32764,32765,32767,53285,0
10335,938,47088,18470,32759,32764,32765,32766,53285,1
10336,943,47044,18484,32760,32763,32764,32765,53287,0
10337,938,47075,18447,32760,32762,32764,32766,53285,0
10338,938,47100,18445,32760,32763,32764,32766,53287,0
10339,939,47054,18466,32760,32763,32765,32767,53286,0
10340,938,47069,18479,32760,32763,32764,32766,53286,0
10341,942,47096,18463,32760,32763,32765,32768,53284,0
10342,938,47087,18439,32759,32763,32765,32767,53286,0
10343,939,47044,18438,32760,32763,32765,32766,53285,0
10344,938,47079,18463,32759,32763,32765,32766,53285,0
10345,938,47089,18474,32760,32763,32764,32765,53286,1
10346,942,47069,18463,32760,32763,32764,32766,53284,2
10347,938,47044,18423,32759,32762,32764,32766,53285,0
10348,939,47090,18473,32760,32762,32765,32766,53285,0
10349,938,47072,18483,32759,32763,32765,32765,53287,0
10350,938,47028,18463,32759,32763,32764,32766,53285,0
10351,942,47074,18446,32758,32763,32764,32765,53286,0
10352,938,47083,18452,32760,32763,32765,32766,53285,0
10353,939,47065,18476,32760,32763,32764,32767,53285,0
10354,938,47069,18462,32760,32762,32765,32766,53284,0
10355,938,47091,18460,32759,32762,32765,32766,53286,0
10356,942,47078,18442,32758,32764,32763,32766,53287,0
10357,939,47031,18444,32759,32763,32764,32767,53285,0
10358,938,47093,18474,32760,32763,32764,32767,53286,0
10359,938,47085,18461,32760,32763,32764,32766,53286,1
10360,939,47055,18454,32760,32764,32765,32766,53287,0
10361,942,47074,18433,32759,32763,32765,32767,53288,0
10362,938,47092,18453,32759,32763,32764,32766,53285,0
10363,939,47070,18488,32759,32763,32765,32766,53286,0
10364,938,47032,18457,32760,32764,32765,32766,53286,0
10365,938,47077,18436,32760,32764,32764,32766,53283,0
10366,946,47084,18421,32759,32763,32765,32766,53286,0
10367,938,47066,18484,32759,32763,32765,32766,53286,0
10368,938,47047,18471,32759,32763,32764,32766,53285,0
10369,938,47086,18484,32759,32762,32764,32767,53286,0
10370,939,47084,18448,32759,32763,32764,32767,53285,0
10371,942,47055,18432,32759,32763,32764,32767,53285,0
10372,938,47090,18466,32760,32762,32765,32766,53286,0
10373,938,47095,18474,32758,32763,32765,32767,53286,0
10374,938,47058,18451,32761,32763,32765,32766,53286,0
10375,939,47057,18432,32760,32764,32764,32767,53286,0
10376,942,47097,18469,32759,32763,32764,32766,53284,0
10377,938,47081,18496,32760,32762,32765,32766,53285,0
10378,939,47024,18474,32760,32763,32765,32767,53285,0
10379,938,47091,18459,32761,32764,32763,32766,53286,0
10380,938,47074,18441,32760,32764,32764,32767,53286,0
10381,943,47065,18470,32759,32763,32765,32766,53285,0
10382,938,47072,18474,32760,32763,32763,32766,53285,0
10383,938,47093,18473,32759,32764,32764,32766,53286,0
10384,938,47076,18458,32760,32762,32763,32766,53285,0
10385,938,47041,18449,32760,32765,32765,32767,53284,0
10386,943,47091,18468,32760,32764,32765,32767,53285,0
10387,938,47090,18472,32760,32763,32765,32767,53285,0
10388,938,47041,18467,32759,32763,32765,32766,53284,0
10389,938,47053,18441,32760,32763,32764,32766,53286,0
10390,939,47084,18471,32759,32762,32765,32766,53285,1
10391,942,47075,18486,32760,32763,32765,32766,53285,0
10392,938,47037,18473,32759,32764,32764,32766,53285,0
10393,939,47070,18468,32760,32763,32764,32767,53283,0
10394,938,47074,18441,32759,32763,32765,32767,53285,0
10395,938,47035,18459,32760,32763,32764,32766,53283,0
10396,942,47063,18479,32760,32763,32764,32767,53284,0
10397,939,47083,18489,32760,32763,32764,32767,53283,1
10398,938,47069,18465,32760,32762,32764,32766,53283,0
10399,944,47038,18455,32760,32763,32764,32767,53283,0
10400,938,47077,18444,32760,32763,32765,32765,53284,0
10401,941,47080,18490,32759,32763,32765,32767,53283,0
10402,939,47053,18485,32760,32763,32764,32767,53284,0
10403,938,47053,18462,32760,32764,32764,32767,53285,0
10404,938,47069,18456,32759,32763,32765,32767,53284,0
10405,939,47073,18481,32760,32763,32764,32766,53284,0
10406,942,47042,18497,32759,32763,32765,32766,53283,1
10407,938,47083,18464,32760,32763,32764,32765,53284,1
10408,939,47078,18437,32760,32762,32764,32767,53284,0
10409,938,47036,18461,32760,32763,32764,32767,53284,0
10410,938,47048,18483,32760,32763,32764,32766,53282,0
10411,942,47073,18485,32760,32764,32765,32767,53282,0
10412,939,47068,18488,32760,32763,32764,32766,53283,0
10413,938,47028,18451,32759,32763,32764,32766,53283,0
10414,938,47081,18463,32759,32762,32764,32767,53282,0
10415,938,47089,18473,32759,32764,32766,32766,53282,0
10416,939,47039,18488,32760,32763,32764,32766,53283,0
10417,942,47035,18470,32760,32764,32765,32767,53282,0
10418,938,47072,18460,32760,32763,32764,32765,53283,0
10419,938,47054,18469,32760,32763,32764,32766,53280,0
10420,938,47036,18489,32759,32763,32764,32767,53284,0
10421,943,47082,18475,32760,32762,32764,32766,53283,7
10422,938,47076,18451,32759,32762,32764,32766,53283,0
10423,938,47054,18460,32759,32763,32764,32767,53283,0
10424,939,47073,18453,32759,32763,32765,32767,53283,0
10425,938,47091,18481,32760,32763,32765,32765,53283,0
10426,942,47088,18485,32759,32763,32764,32767,53284,1
10427,938,47037,18437,32760,32762,32764,32766,53283,1
10428,938,47097,18452,32759,32762,32764,32767,53283,0
10429,939,47103,18487,32759,32762,32765,32766,53283,2
10430,938,47052,18487,32759,32762,32764,32766,53282,0
10431,942,47062,18450,32759,32762,32764,32766,53283,1
10432,943,47096,18433,32760,32764,32765,32765,53279,1
10433,938,47087,18467,32760,32763,32765,32766,53282,0
10434,938,47034,18486,32759,32763,32765,32766,53283,1
10435,938,47092,18490,32759,32763,32764,32766,53283,0
10436,943,47110,18486,32760,32763,32764,32767,53283,0
10437,938,47045,18450,32760,32763,32765,32767,53283,0
10438,938,47056,18457,32758,32763,32764,32767,53284,0
10439,939,47083,18477,32760,32764,32764,32766,53283,0
10440,938,47084,18475,32759,32763,32765,32766,53284,0
10441,942,47031,18462,32760,32763,32765,32765,53284,0
10442,939,47072,18427,32760,32763,32764,32765,53285,0
10443,938,47094,18490,32760,32762,32764,32766,53283,0
10444,938,47058,18486,32759,32763,32765,32766,53283,0
10445,938,47054,18475,32760,32763,32764,32767,53284,0
10446,943,47086,18447,32759,32763,32765,32768,53283,0
10447,938,47084,18468,32759,32763,32764,32767,53283,0
10448,938,47029,18484,32759,32764,32764,32766,53284,0
10449,938,47091,18464,32760,32763,32764,32767,53284,0
10450,938,47095,18456,32760,32763,32765,32767,53284,1
10451,942,47058,18450,32760,32762,32764,32766,53284,0
10452,938,47062,18471,32760,32763,32764,32767,53284,0
10453,939,47079,18482,32760,32764,32764,32765,53285,0
10454,938,47072,18488,32761,32763,32765,32766,53284,0
10455,938,47027,18455,32760,32762,32764,32765,53285,0
10456,942,47073,18447,32761,32763,32763,32766,53283,1
10457,939,47089,18489,32759,32762,32765,32767,53286,0
10458,938,47022,18489,32760,32763,32764,32767,53285,0
10459,938,47046,18456,32760,32763,32764,32765,53284,1
10460,939,47079,18440,32759,32763,32764,32767,53283,0
10461,942,47079,18461,32760,32763,32764,32767,53284,0
10462,938,47040,18471,32760,32763,32766,32767,53284,0
10463,938,47085,18488,32760,32764,32764,32766,53284,0
10464,939,47090,18482,32760,32764,32765,32766,53283,1
10465,949,47070,18452,32760,32762,32764,32767,53284,0
10466,942,47038,18429,32759,32763,32764,32767,53283,0
10467,938,47083,18477,32759,32762,32765,32766,53283,0
10468,938,47082,18490,32760,32764,32764,32767,53284,0
10469,938,47052,18481,32759,32763,32764,32767,53283,0
10470,939,47062,18448,32760,32763,32764,32766,53286,0
10471,942,47084,18444,32759,32763,32764,32765,53283,0
10472,938,47083,18488,32759,32763,32764,32766,53282,0
10473,938,47028,18465,32760,32763,32764,32767,53283,0
10474,939,47095,18468,32759,32762,32764,32766,53283,0
10475,938,47072,18447,32759,32762,32765,32766,53283,0
10476,942,47042,18465,32760,32763,32764,32766,53282,0
10477,939,47058,18487,32759,32763,32765,32766,53282,1
10478,938,47081,18480,32761,32762,32765,32766,53283,0
10479,938,47050,18440,32759,32763,32764,32767,53283,1
10480,938,47021,18432,32759,32764,32765,32765,53282,0
10481,942,47066,18468,32760,32762,32765,32767,53282,0
10482,938,47082,18476,32759,32763,32763,32766,53282,0
10483,938,47028,18461,32760,32763,32764,32766,53282,0
10484,938,47085,18440,32759,32763,32764,32767,53283,0
10485,939,47097,18447,32760,32763,32765,32767,53280,0
10486,942,47064,18460,32760,32763,32764,32768,53282,1
10487,938,47046,18462,32759,32762,32764,32766,53283,0
10488,938,47085,18460,32759,32763,32764,32767,53283,0
10489,939,47080,18431,32759,32763,32764,32766,53282,0
10490,938,47043,18468,32760,32762,32765,32767,53281,0
10491,942,47084,18477,32760,32762,32764,32765,53282,0
10492,939,47078,18476,32760,32764,32765,32767,53284,0
10493,938,47069,18461,32758,32762,32765,32767,53281,0
10494,938,47018,18419,32760,32763,32765,32766,53282,0
10495,938,47089,18480,32760,32762,32763,32768,53283,0
10496,943,47075,18483,32760,32763,32764,32767,53284,0
10497,938,47041,18472,32758,32763,32764,32767,53284,0
10498,944,47072,18445,32760,32763,32764,32765,53283,1
10499,938,47082,18431,32759,32762,32765,32765,53284,1
10500,938,47056,18491,32759,32763,32765,32766,53283,0
10501,942,47033,18484,32760,32763,32764,32766,53283,1
10502,939,47095,18487,32760,32762,32764,32766,53283,1
10503,938,47090,18452,32759,32763,32765,32766,53282,0
10504,938,47047,18446,32759,32762,32763,32766,53281,0
10505,938,47068,18476,32760,32763,32764,32765,53283,0
10506,942,47068,18484,32759,32763,32764,32766,53282,1
10507,938,47067,18472,32760,32763,32764,32767,53283,0
10508,939,47036,18432,32760,32762,32764,32766,53283,1
10509,938,47077,18471,32759,32763,32764,32767,53284,1
10510,938,47071,18504,32759,32763,32765,32767,53281,0
10511,943,47037,18475,32759,32763,32765,32767,53282,0
10512,938,47052,18460,32760,32763,32765,32767,53282,2
10513,938,47085,18440,32759,32763,32764,32767,53282,1
10514,944,47064,18481,32760,32763,32764,32765,53281,0
10515,938,47040,18469,32759,32763,32764,32766,53282,0
10516,942,47081,18485,32760,32762,32764,32768,53283,0
10517,939,47078,18471,32760,32763,32765,32765,53282,0
10518,938,47028,18459,32760,32763,32765,32767,53283,0
10519,938,47057,18466,32760,32762,32765,32765,53282,0
10520,938,47069,18480,32759,32763,32764,32766,53283,0
10521,943,47073,18486,32760,32763,32764,32766,53283,0
10522,938,47021,18457,32759,32763,32764,32766,53283,0
10523,938,47064,18458,32759,32762,32764,32767,53282,1
10524,939,47057,18486,32759,32763,32764,32765,53282,0
10525,938,47041,18480,32759,32763,32763,32766,53283,0
10526,942,47049,18480,32760,32763,32765,32766,53283,0
10527,938,47079,18463,32759,32762,32765,32766,53282,0
10528,939,47076,18467,32760,32762,32764,32765,53282,0
10529,938,47026,18489,32760,32763,32765,32766,53282,0
10530,938,47068,18477,32760,32764,32765,32767,53283,0
10531,948,47068,18471,32760,32763,32765,32766,53281,0
10532,938,47040,18468,32760,32764,32765,32767,53282,0
10533,938,47028,18451,32760,32763,32763,32767,53283,0
10534,938,47072,18495,32759,32763,32764,32767,53282,0
10535,939,47062,18502,32760,32763,32765,32766,53283,0
10536,942,47019,18485,32759,32763,32764,32766,53282,0
10537,938,47079,18455,32761,32764,32765,32765,53282,1
10538,939,47078,18491,32761,32763,32765,32766,53284,1
10539,938,47042,18497,32760,32762,32764,32766,53282,0
10540,938,47036,18480,32760,32763,32764,32766,53283,0
10541,943,47074,18472,32759,32763,32764,32767,53283,4
10542,938,47056,18453,32760,32763,32765,32767,53281,0
10543,938,47025,18482,32760,32763,32764,32766,53282,0
10544,938,47074,18474,32759,32762,32764,32766,53282,0
10545,939,47066,18488,32759,32763,32764,32768,53282,0
10546,942,47037,18468,32761,32763,32765,32765,53283,1
10547,944,47017,18440,32759,32763,32764,32766,53281,0
10548,938,47083,18492,32759,32763,32764,32767,53283,0
10549,938,47077,18491,32760,32763,32764,32766,53283,0
10550,938,47034,18477,32760,32763,32765,32767,53283,1
10551,943,47062,18460,32759,32762,32764,32766,53281,1
10552,938,47077,18468,32760,32763,32765,32767,53282,0
10553,938,47061,18492,32760,32762,32765,32766,53282,0
10554,938,47038,18498,32759,32762,32764,32766,53282,0
10555,939,47072,18484,32760,32763,32764,32767,53282,0
10556,942,47089,18456,32760,32763,32765,32767,53283,0
10557,938,47034,18472,32761,32762,32765,32768,53282,0
10558,939,47059,18489,32759,32762,32764,32767,53282,0
10559,938,47101,18492,32759,32764,32765,32767,53282,0
10560,938,47056,18484,32760,32763,32765,32767,53283,0
10561,942,47023,18453,32759,32763,32764,32766,53281,0
10562,938,47084,18474,32761,32763,32764,32766,53281,0
10563,939,47065,18495,32760,32763,32764,32767,53281,0
10564,949,47040,18487,32760,32762,32764,32765,53282,1
10565,938,47048,18477,32760,32764,32764,32767,53283,0
10566,942,47064,18467,32759,32763,32764,32766,53281,0
10567,939,47063,18477,32760,32763,32764,32766,53281,1
10568,938,47036,18497,32760,32764,32764,32767,53283,0
10569,938,47069,18488,32760,32762,32764,32765,53282,0
10570,938,47086,18470,32760,32763,32765,32766,53283,0
10571,943,47048,18469,32760,32764,32766,32766,53282,0
10572,938,47046,18469,32759,32764,32764,32766,53282,1
10573,938,47072,18496,32759,32764,32765,32766,53282,1
10574,939,47073,18507,32759,32764,32765,32766,53281,0
10575,938,47032,18460,32760,32763,32764,32767,53283,0
10576,942,47074,18434,32760,32763,32764,32767,53283,0
10577,939,47070,18485,32760,32763,32764,32766,53282,1
10578,938,47061,18520,32760,32763,32764,32766,53283,1
10579,938,47051,18496,32760,32764,32764,32766,53282,0
10580,938,47086,18461,32758,32762,32764,32767,53282,0
10581,942,47066,18460,32759,32763,32765,32766,53281,0
10582,939,47038,18501,32759,32762,32765,32766,53281,0
10583,938,47075,18483,32760,32762,32764,32766,53281,0
10584,938,47072,18483,32760,32763,32764,32767,53281,0
10585,938,47041,18466,32761,32763,32765,32767,53281,0
10586,943,47040,18467,32760,32762,32765,32767,53281,0
10587,938,47093,18495,32759,32762,32764,32766,53281,0
10588,938,47062,18485,32760,32763,32764,32765,53281,0
10589,939,47043,18472,32759,32764,32765,32765,53280,1
10590,938,47069,18451,32759,32764,32764,32766,53280,1
10591,942,47081,18483,32760,32762,32764,32767,53280,0
10592,938,47044,18488,32761,32763,32763,32767,53279,0
10593,939,47044,18487,32760,32764,32765,32767,53280,0
10594,938,47083,18455,32760,32762,32764,32768,53279,0
10595,938,47078,18468,32760,32763,32764,32767,53279,0
10596,943,47039,18476,32760,32763,32764,32766,53278,0
10597,948,47066,18489,32760,32763,32765,32766,53280,0
10598,943,47088,18484,32759,32763,32764,32766,53280,0
10599,938,47062,18485,32760,32763,32765,32766,53280,0
10600,939,47021,18458,32760,32763,32764,32765,53280,0
10601,942,47087,18474,32759,32764,32764,32767,53281,1
10602,939,47096,18498,32760,32763,32765,32767,53280,0
10603,938,47057,18496,32760,32763,32765,32767,53278,0
10604,938,47040,18470,32760,32763,32763,32766,53280,0
10605,938,47081,18438,32759,32763,32765,32765,53279,1
10606,943,47068,18482,32760,32762,32765,32767,53279,0
10607,938,47013,18478,32760,32763,32764,32766,53281,0
10608,938,47070,18477,32759,32763,32764,32767,53281,0
10609,939,47084,18461,32760,32763,32765,32767,53280,0
10610,938,47037,18468,32760,32763,32764,32767,53279,0
10611,942,47033,18479,32759,32763,32765,32766,53279,0
10612,938,47094,18502,32759,32763,32764,32766,53280,0
10613,938,47066,18490,32759,32762,32765,32766,53283,1
10614,938,47027,18477,32760,32763,32765,32766,53281,1
10615,938,47061,18480,32759,32763,32765,32767,53278,0
10616,943,47068,18501,32760,32763,32764,32767,53281,0
10617,938,47043,18501,32760,32762,32764,32766,53280,0
10618,938,47051,18468,32760,32763,32765,32767,53280,0
10619,938,47080,18444,32761,32762,32764,32767,53279,1
10620,939,47062,18493,32760,32763,32764,32767,53280,0
10621,942,47037,18497,32760,32763,32764,32767,53280,0
10622,938,47073,18482,32760,32763,32764,32766,53278,1
10623,939,47059,18460,32760,32763,32765,32766,53279,0
10624,938,47045,18469,32759,32762,32765,32767,53279,0
10625,938,47048,18487,32760,32763,32765,32766,53281,0
10626,943,47099,18499,32760,32763,32764,32767,53280,0
10627,938,47064,18499,32760,32763,32765,32766,53283,0
10628,938,47029,18462,32760,32762,32763,32768,53281,1
10629,938,47078,18465,32759,32763,32765,32766,53282,0
10630,943,47079,18508,32758,32764,32765,32767,53280,0
10631,942,47065,18499,32760,32763,32765,32766,53279,0
10632,938,47026,18481,32759,32763,32764,32767,53281,0
10633,939,47075,18472,32759,32762,32763,32767,53280,0
10634,938,47067,18468,32760,32763,32764,32767,53282,0
10635,938,47028,18498,32760,32763,32764,32767,53280,0
10636,943,47063,18476,32759,32762,32765,32767,53279,0
10637,938,47079,18490,32759,32763,32764,32765,53280,0
10638,938,47057,18468,32759,32764,32765,32767,53279,0
10639,938,47046,18469,32760,32763,32765,32766,53278,1
10640,939,47078,18497,32759,32763,32764,32766,53278,0
10641,942,47071,18517,32760,32763,32765,32766,53279,0
10642,938,47026,18469,32759,32763,32764,32766,53281,0
10643,939,47073,18465,32760,32763,32764,32767,53280,1
10644,938,47081,18490,32760,32763,32765,32766,53279,0
10645,938,47031,18496,32761,32762,32764,32766,53280,0
10646,941,47042,18494,32760,32762,32764,32766,53278,0
10647,939,47077,18471,32759,32764,32764,32767,53279,0
10648,939,47067,18475,32761,32763,32765,32767,53279,0
10649,938,47032,18490,32759,32763,32764,32766,53279,0
10650,938,47080,18490,32760,32764,32765,32766,53279,0
10651,942,47076,18501,32760,32763,32764,32767,53281,1
10652,939,47057,18464,32760,32763,32764,32766,53280,0
10653,938,47043,18468,32761,32763,32764,32766,53280,0
10654,938,47070,18489,32759,32762,32765,32767,53281,0
10655,939,47065,18498,32760,32763,32764,32767,53279,0
10656,942,47033,18473,32760,32763,32765,32766,53279,0
10657,938,47072,18437,32759,32763,32763,32767,53279,1
10658,939,47065,18496,32760,32763,32764,32767,53280,1
10659,938,47045,18499,32761,32763,32765,32766,53281,0
10660,938,47040,18473,32760,32763,32763,32767,53280,0
10661,942,47072,18474,32760,32762,32763,32767,53281,1
10662,939,47070,18462,32760,32762,32765,32767,53281,1
10663,949,47022,18488,32760,32762,32765,32766,53281,0
10664,938,47039,18493,32760,32764,32764,32766,53281,0
10665,938,47076,18500,32760,32763,32765,32767,53282,0
10666,939,47060,18472,32759,32763,32764,32766,53280,0
10667,941,47017,18475,32761,32764,32764,32767,53280,1
10668,939,47044,18497,32759,32763,32763,32766,53280,0
10669,938,47070,18508,32760,32764,32765,32765,53281,0
10670,938,47028,18501,32759,32764,32764,32767,53281,1
10671,939,47049,18457,32760,32762,32764,32767,53282,0
10672,942,47067,18440,32759,32762,32765,32766,53280,0
10673,938,47071,18484,32759,32763,32765,32766,53279,0
10674,938,47022,18482,32760,32763,32764,32766,53279,0
10675,939,47080,18488,32760,32764,32763,32767,53278,0
10676,942,47070,18473,32760,32764,32764,32767,53280,0
10677,938,47038,18467,32759,32763,32764,32767,53278,0
10678,938,47044,18498,32760,32762,32764,32766,53278,0
10679,939,47077,18501,32760,32764,32764,32765,53278,0
10680,943,47093,18483,32759,32763,32764,32766,53278,1
10681,942,47045,18463,32760,32762,32764,32766,53280,1
10682,939,47078,18455,32760,32763,32764,32766,53278,1
10683,938,47074,18505,32760,32763,32765,32767,53278,0
10684,938,47043,18495,32759,32763,32765,32766,53280,0
10685,939,47036,18470,32759,32763,32764,32767,53279,0
10686,942,47087,18450,32760,32763,32764,32766,53278,0
10687,938,47070,18477,32760,32763,32765,32766,53278,0
10688,938,47028,18489,32760,32763,32764,32767,53279,0
10689,939,47070,18475,32760,32763,32765,32767,53278,1
10690,938,47071,18463,32759,32763,32764,32767,53279,0
10691,939,47041,18463,32759,32764,32763,32766,53276,0
10692,941,47042,18479,32760,32762,32764,32765,53277,0
10693,938,47072,18493,32760,32763,32764,32766,53278,0
10694,939,47060,18487,32760,32763,32765,32767,53278,0
10695,938,47013,18458,32760,32763,32764,32766,53278,0
10696,948,47072,18451,32760,32764,32765,32766,53277,0
10697,938,47074,18493,32760,32763,32763,32767,53277,0
10698,938,47059,18508,32760,32763,32765,32766,53277,0
10699,938,47020,18487,32760,32763,32763,32766,53278,0
10700,938,47069,18471,32760,32763,32765,32768,53277,0
10701,943,47068,18477,32759,32763,32763,32766,53276,0
10702,938,47026,18486,32759,32763,32765,32766,53277,0
10703,938,47066,18492,32760,32763,32765,32766,53278,0
10704,939,47078,18475,32760,32763,32764,32765,53278,0
10705,938,47045,18461,32759,32763,32765,32766,53278,1
10706,942,47030,18479,32760,32762,32765,32767,53278,0
10707,938,47073,18495,32760,32763,32764,32766,53277,0
10708,939,47068,18502,32759,32763,32765,32767,53276,1
10709,938,47029,18482,32760,32763,32764,32767,53277,0
10710,938,47056,18443,32760,32764,32765,32767,53277,0
10711,943,47075,18485,32760,32763,32763,32767,53278,0
10712,938,47059,18498,32759,32762,32764,32766,53276,0
10713,938,47029,18486,32758,32764,32764,32766,53277,0
10714,938,47075,18453,32759,32763,32764,32767,53276,0
10715,938,47050,18460,32760,32764,32765,32766,53276,2
10716,943,47025,18479,32761,32763,32764,32764,53275,0
10717,938,47055,18483,32760,32763,32765,32768,53275,0
10718,938,47068,18486,32760,32764,32765,32767,53276,0
10719,938,47044,18467,32760,32763,32765,32767,53275,0
10720,939,47021,18467,32758,32763,32764,32766,53278,1
10721,941,47070,18493,32759,32762,32764,32766,53276,0
10722,939,47072,18505,32759,32763,32765,32767,53276,0
10723,938,47023,18484,32761,32763,32764,32766,53277,0
10724,938,47057,18458,32760,32763,32765,32766,53276,0
10725,939,47082,18502,32760,32762,32765,32767,53276,1
10726,939,47046,18508,32760,32762,32764,32767,53275,0
10727,941,47034,18474,32759,32763,32764,32766,53276,0
10728,939,47075,18478,32760,32763,32764,32766,53277,0
10729,949,47086,18455,32759,32763,32764,32767,53277,0
10730,938,47059,18483,32759,32763,32764,32766,53276,0
10731,942,47036,18473,32759,32763,32764,32767,53277,0
10732,938,47078,18493,32760,32764,32764,32766,53276,1
10733,939,47060,18489,32759,32763,32765,32767,53277,0
10734,938,47027,18469,32759,32763,32764,32766,53275,0
10735,938,47056,18478,32760,32763,32764,32766,53277,0
10736,943,47060,18501,32760,32762,32764,32766,53277,0
10737,938,47037,18504,32760,32762,32764,32767,53277,1
10738,938,47030,18464,32759,32763,32765,32765,53276,0
10739,938,47077,18452,32760,32764,32765,32767,53277,0
10740,939,47054,18495,32759,32762,32764,32767,53278,0
10741,942,47023,18507,32759,32763,32766,32767,53277,0
10742,938,47077,18486,32760,32761,32764,32767,53277,0
10743,939,47082,18468,32760,32763,32764,32766,53279,0
10744,938,47049,18469,32760,32762,32764,32766,53278,0
10745,944,47038,18470,32760,32763,32765,32766,53278,0
10746,941,47073,18509,32760,32763,32765,32767,53277,1
10747,939,47066,18497,32759,32762,32765,32767,53278,0
10748,938,47046,18472,32760,32763,32764,32766,53276,0
10749,938,47057,18456,32760,32763,32765,32767,53277,0
10750,938,47076,18502,32760,32763,32764,32767,53276,0
10751,943,47061,18510,32760,32763,32765,32765,53276,1
10752,938,47030,18482,32760,32762,32765,32766,53278,0
10753,938,47073,18469,32759,32762,32764,32766,53277,0
10754,939,47076,18486,32760,32763,32764,32765,53275,0
10755,938,47020,18488,32760,32764,32764,32767,53277,0
10756,940,47054,18478,32760,32763,32765,32766,53277,0
10757,941,47049,18478,32759,32762,32764,32767,53276,0
10758,938,47040,18465,32760,32763,32765,32767,53277,0
10759,938,47028,18482,32760,32764,32764,32766,53277,0
10760,938,47069,18500,32760,32763,32763,32767,53277,0
10761,943,47066,18504,32760,32762,32765,32766,53278,0
10762,949,47033,18494,32759,32763,32764,32767,53276,0
10763,938,47028,18449,32760,32764,32764,32766,53277,0
10764,938,47083,18466,32759,32762,32764,32766,53277,0
10765,939,47065,18492,32760,32762,32765,32767,53278,1
10766,942,47032,18484,32759,32762,32765,32766,53276,0
10767,938,47069,18474,32759,32764,32764,32766,53277,0
10768,938,47075,18464,32759,32765,32763,32766,53275,0
10769,939,47058,18499,32760,32762,32764,32766,53276,0
10770,938,47037,18472,32760,32763,32764,32767,53276,0
10771,942,47069,18495,32759,32763,32764,32767,53277,0
10772,938,47064,18486,32759,32763,32765,32767,53276,0
10773,938,47021,18464,32759,32763,32765,32766,53277,1
10774,939,47076,18499,32759,32763,32765,32766,53277,0
10775,938,47079,18506,32761,32763,32764,32767,53276,0
10776,942,47047,18489,32759,32762,32765,32766,53276,0
10777,938,47037,18464,32760,32762,32764,32767,53277,0
10778,938,47053,18470,32760,32763,32764,32767,53277,0
10779,938,47067,18496,32759,32763,32765,32767,53277,0
10780,938,47018,18494,32760,32764,32764,32767,53282,0
10781,943,47069,18464,32760,32763,32765,32766,53276,0
10782,938,47069,18449,32761,32763,32765,32766,53277,0
10783,938,47042,18487,32759,32762,32764,32766,53276,0
10784,939,47040,18505,32758,32762,32764,32766,53277,0
10785,938,47074,18502,32760,32763,32764,32766,53276,0
10786,942,47062,18493,32759,32763,32765,32767,53278,1
10787,939,47021,18472,32759,32763,32764,32767,53276,0
10788,938,47071,18482,32759,32763,32764,32768,53277,0
10789,938,47071,18480,32760,32762,32764,32767,53275,1
10790,938,47030,18492,32760,32763,32764,32766,53277,2
10791,943,47038,18470,32760,32764,32765,32767,53277,6
10792,938,47064,18456,32761,32762,32764,32766,53277,0
10793,938,47055,18505,32759,32764,32765,32766,53278,1
10794,938,47019,18489,32759,32762,32764,32767,53277,0
10795,943,47057,18486,32760,32763,32765,32766,53277,0
10796,942,47080,18473,32759,32764,32764,32766,53277,0
10797,938,47045,18469,32760,32762,32765,32767,53275,0
10798,938,47037,18498,32760,32763,32764,32766,53274,5
10799,938,47081,18521,32759,32763,32765,32767,53275,0
10800,939,47066,18486,32760,32764,32765,32767,53279,0
10801,942,47032,18467,32759,32762,32764,32767,53275,0
10802,938,47052,18476,32760,32763,32764,32766,53275,1
10803,938,47083,18494,32761,32763,32765,32767,53276,0
10804,938,47033,18518,32759,32763,32765,32767,53276,1
10805,939,47033,18489,32760,32763,32764,32766,53275,0
10806,942,47059,18472,32760,32763,32765,32767,53275,0
10807,938,47062,18493,32760,32763,32764,32766,53275,0
10808,939,47014,18500,32760,32763,32764,32768,53274,0
10809,938,47060,18491,32760,32763,32764,32767,53274,0
10810,938,47065,18473,32760,32762,32764,32766,53275,0
10811,948,47061,18481,32759,32763,32764,32767,53274,1
10812,938,47030,18483,32760,32763,32764,32766,53273,1
10813,938,47085,18490,32760,32763,32764,32766,53275,0
10814,938,47064,18501,32760,32763,32764,32767,53275,0
10815,939,47018,18472,32761,32762,32764,32767,53274,0
10816,942,47047,18468,32759,32764,32763,32765,53276,0
10817,938,47066,18512,32759,32762,32764,32765,53274,0
10818,939,47038,18510,32760,32763,32763,32767,53275,0
10819,938,47023,18490,32759,32763,32765,32766,53275,1
10820,938,47075,18459,32759,32762,32765,32767,53274,0
10821,943,47056,18497,32759,32762,32763,32767,53274,0
10822,938,47025,18503,32760,32763,32765,32767,53274,1
10823,938,47055,18499,32759,32763,32764,32766,53274,0
10824,938,47076,18491,32759,32764,32765,32767,53274,0
10825,939,47033,18472,32760,32763,32764,32767,53273,0
10826,941,47035,18479,32759,32763,32764,32767,53274,0
10827,939,47062,18502,32761,32763,32765,32766,53275,1
10828,949,47064,18511,32760,32762,32765,32766,53275,0
10829,938,47041,18496,32761,32763,32764,32767,53274,0
10830,938,47031,18470,32760,32763,32764,32765,53276,0
10831,942,47058,18470,32759,32763,32765,32767,53274,0
10832,939,47054,18513,32760,32763,32765,32766,53274,1
10833,938,47022,18507,32760,32762,32764,32766,53275,0
10834,938,47056,18488,32759,32763,32765,32767,53276,1
10835,939,47070,18459,32760,32763,32764,32766,53274,1
10836,939,47034,18486,32760,32762,32764,32766,53275,0
10837,941,47028,18493,32758,32763,32765,32766,53274,0
10838,938,47078,18499,32759,32763,32764,32767,53275,0
10839,939,47057,18476,32759,32763,32764,32765,53274,1
10840,938,47029,18462,32760,32763,32764,32766,53274,1
10841,942,47051,18498,32759,32762,32764,32766,53275,0
10842,939,47085,18501,32760,32763,32764,32766,53275,0
10843,938,47039,18491,32760,32763,32764,32766,53273,0
10844,938,47051,18472,32760,32762,32764,32767,53274,0
10845,938,47066,18477,32759,32764,32765,32766,53275,0
10846,942,47068,18502,32759,32763,32764,32767,53276,0
10847,939,47023,18505,32760,32763,32764,32766,53275,0
10848,938,47058,18491,32759,32763,32764,32767,53274,1
10849,938,47051,18467,32759,32763,32765,32767,53277,0
10850,938,47058,18483,32760,32763,32764,32766,53274,0
10851,943,47036,18505,32760,32763,32765,32767,53276,0
10852,938,47069,18510,32759,32763,32764,32767,53275,0
10853,938,47048,18501,32761,32762,32765,32766,53275,2
10854,939,47005,18470,32759,32763,32764,32766,53275,0
10855,938,47072,18509,32760,32763,32764,32766,53274,0
10856,942,47058,18499,32760,32764,32764,32767,53274,0
10857,939,47027,18497,32759,32762,32764,32768,53274,0
10858,938,47028,18470,32760,32763,32765,32767,53272,0
10859,938,47064,18484,32760,32763,32764,32766,53274,1
10860,938,47057,18505,32760,32764,32765,32766,53273,1
10861,948,47017,18489,32761,32763,32763,32766,53272,0
10862,938,47058,18501,32759,32762,32765,32767,53273,0
10863,938,47057,18475,32760,32763,32764,32766,53272,0
10864,939,47024,18468,32759,32763,32764,32766,53273,1
10865,938,47007,18496,32760,32763,32765,32767,53273,1
10866,942,47060,18483,32759,32764,32765,32767,53273,0
10867,939,47045,18490,32759,32762,32765,32767,53274,0
10868,938,47029,18468,32759,32764,32764,32766,53274,0
10869,938,47056,18485,32760,32762,32765,32767,53273,0
10870,938,47058,18509,32760,32763,32764,32767,53273,0
10871,943,47039,18513,32760,32763,32765,32768,53273,0
10872,938,47017,18483,32760,32763,32764,32767,53273,0
10873,938,47053,18471,32760,32763,32764,32765,53273,0
10874,939,47055,18492,32761,32763,32763,32767,53274,0
10875,938,47012,18497,32760,32763,32764,32766,53275,0
10876,942,47049,18495,32759,32762,32764,32766,53274,0
10877,944,47067,18484,32760,32762,32764,32767,53274,0
10878,938,47048,18466,32758,32764,32765,32767,53274,0
10879,938,47009,18491,32760,32764,32765,32766,53276,1
10880,939,47067,18511,32760,32763,32765,32768,53274,0
10881,941,47061,18504,32760,32763,32764,32765,53274,0
10882,939,47030,18481,32760,32763,32765,32767,53274,1
10883,938,47028,18466,32759,32764,32764,32767,53274,0
10884,938,47054,18510,32759,32763,32764,32767,53274,0
10885,938,47042,18525,32760,32764,32764,32767,53273,0
10886,943,47010,18482,32761,32763,32765,32766,53274,0
10887,938,47066,18489,32759,32764,32765,32767,53275,0
10888,938,47054,18481,32760,32763,32764,32767,53275,0
10889,939,47013,18514,32759,32764,32765,32766,53274,3
10890,938,47044,18512,32760,32763,32764,32766,53279,0
10891,943,47065,18504,32760,32762,32764,32766,53273,1
10892,938,47047,18480,32759,32762,32763,32767,53274,0
10893,938,47012,18484,32759,32762,32764,32767,53274,1
10894,944,47066,18501,32759,32763,32764,32766,53274,0
10895,943,47053,18515,32760,32763,32764,32766,53273,1
10896,942,47039,18502,32760,32763,32764,32766,53274,0
10897,939,47009,18471,32759,32763,32765,32766,53273,0
10898,938,47063,18479,32760,32763,32764,32766,53275,1
10899,938,47044,18520,32760,32763,32764,32767,53276,0
10900,938,47019,18516,32760,32763,32765,32766,53275,0
10901,943,47049,18501,32759,32763,32765,32767,53274,0
10902,938,47051,18478,32760,32764,32765,32766,53274,0
10903,938,47042,18496,32758,32764,32764,32767,53275,0
10904,939,47024,18501,32760,32762,32764,32767,53275,0
10905,938,47066,18517,32760,32763,32765,32766,53274,1
10906,942,47060,18505,32759,32762,32764,32766,53275,0
10907,939,47000,18451,32760,32763,32764,32766,53274,0
10908,938,47044,18491,32760,32762,32763,32767,53274,0
10909,938,47064,18503,32759,32763,32765,32766,53273,0
10910,938,47036,18501,32760,32762,32766,32766,53274,0
10911,942,47012,18482,32760,32763,32765,32767,53273,0
10912,938,47067,18460,32759,32763,32765,32766,53274,1
10913,939,47041,18507,32760,32764,32765,32766,53274,0
10914,938,47009,18511,32760,32764,32763,32766,53274,0
10915,938,47068,18483,32760,32763,32764,32767,53275,0
10916,943,47082,18467,32760,32763,32763,32766,53274,0
10917,938,47038,18495,32760,32762,32764,32767,53273,0
10918,938,47017,18519,32760,32763,32765,32767,53275,0
10919,938,47063,18509,32760,32763,32764,32766,53275,0
10920,939,47055,18504,32760,32762,32764,32766,53274,0
10921,942,47023,18482,32760,32763,32764,32766,53275,0
10922,939,47043,18473,32760,32763,32764,32767,53275,0
10923,938,47058,18512,32759,32763,32765,32766,53274,0
10924,938,47021,18506,32760,32763,32763,32766,53274,1
10925,938,47028,18494,32760,32763,32765,32767,53273,0
10926,943,47074,18481,32760,32764,32765,32766,53275,0
10927,949,47064,18505,32760,32762,32765,32767,53275,0
10928,943,47043,18514,32760,32764,32764,32766,53272,0
10929,938,47020,18506,32760,32763,32765,32766,53274,0
10930,939,47061,18511,32759,32762,32763,32766,53274,0
10931,941,47049,18481,32760,32764,32764,32767,53273,0
10932,939,47032,18460,32759,32762,32765,32767,53273,0
10933,938,47047,18519,32760,32763,32765,32765,53274,0
10934,938,47058,18508,32759,32762,32764,32767,53275,0
10935,939,47039,18495,32759,32762,32764,32767,53274,0
10936,942,47007,18451,32760,32762,32764,32767,53274,0
10937,938,47040,18473,32759,32763,32764,32766,53273,0
10938,938,47057,18510,32761,32763,32765,32766,53274,0
10939,939,47006,18512,32759,32764,32764,32767,53274,0
10940,938,47054,18484,32759,32763,32764,32766,53274,0
10941,942,47052,18478,32760,32763,32763,32767,53274,0
10942,938,47048,18500,32760,32764,32764,32766,53273,0
10943,939,47018,18501,32760,32762,32765,32767,53273,0
10944,943,47072,18514,32759,32763,32764,32767,53274,0
10945,938,47055,18465,32760,32763,32764,32765,53273,0
10946,943,47020,18481,32760,32763,32764,32766,53273,0
10947,938,47038,18486,32761,32763,32764,32767,53274,0
10948,938,47071,18519,32759,32763,32763,32766,53275,0
10949,938,47059,18500,32760,32762,32764,32766,53274,0
10950,939,47028,18461,32760,32764,32764,32766,53274,0
10951,942,47063,18451,32761,32763,32764,32766,53274,0
10952,938,47073,18507,32759,32762,32764,32766,53273,0
10953,939,47029,18505,32758,32763,32765,32766,53273,0
10954,938,47040,18506,32760,32764,32765,32767,53274,0
10955,938,47053,18463,32759,32763,32764,32768,53273,0
10956,943,47059,18484,32760,32763,32763,32766,53274,0
10957,938,47007,18502,32760,32762,32764,32766,53273,1
10958,938,47061,18519,32759,32762,32764,32766,53273,0
10959,938,47067,18502,32760,32763,32765,32766,53272,0
10960,944,47021,18475,32759,32763,32764,32767,53273,0
10961,942,47029,18475,32760,32763,32764,32766,53270,0
10962,938,47061,18514,32760,32762,32764,32767,53273,1
10963,939,47076,18518,32759,32762,32763,32766,53273,0
10964,938,47023,18498,32760,32763,32763,32766,53273,0
10965,938,47062,18473,32760,32763,32764,32766,53273,0
10966,943,47065,18485,32760,32763,32765,32765,53273,0
10967,938,47032,18498,32760,32762,32765,32766,53274,1
10968,938,47036,18491,32759,32763,32765,32767,53273,0
10969,939,47063,18490,32760,32763,32765,32766,53273,0
10970,938,47043,18482,32760,32764,32765,32766,53273,0
10971,942,47006,18497,32760,32763,32765,32767,53273,0
10972,938,47031,18498,32760,32763,32764,32766,53272,0
10973,939,47047,18502,32760,32762,32764,32766,53274,1
10974,938,47012,18474,32759,32763,32764,32766,53273,0
10975,938,47017,18475,32759,32763,32765,32767,53273,0
10976,943,47042,18497,32759,32763,32764,32767,53274,0
10977,943,47041,18497,32761,32763,32764,32766,53272,0
10978,938,46992,18497,32760,32764,32764,32766,53273,0
10979,939,47022,18475,32759,32763,32764,32767,53274,0
10980,938,47044,18483,32759,32762,32764,32767,53274,0
10981,942,47030,18506,32760,32764,32764,32766,53273,0
10982,939,47011,18503,32759,32762,32764,32767,53273,0
10983,938,47041,18504,32760,32762,32764,32766,53275,0
10984,938,47042,18471,32760,32762,32765,32766,53273,0
10985,938,46979,18478,32760,32762,32764,32766,53274,0
10986,942,47040,18507,32760,32762,32764,32767,53273,0
10987,938,47057,18512,32759,32762,32764,32767,53272,0
10988,939,47033,18508,32759,32762,32764,32766,53273,0
10989,938,46997,18461,32760,32762,32764,32767,53272,1
10990,938,47037,18503,32759,32762,32764,32766,53273,1
10991,943,47023,18503,32760,32764,32764,32767,53273,0
10992,938,47009,18493,32759,32763,32765,32766,53273,0
10993,943,47052,18491,32760,32764,32764,32766,53273,0
10994,938,47049,18468,32759,32763,32764,32767,53274,0
10995,938,47030,18505,32758,32763,32763,32766,53273,0
10996,943,47004,18513,32759,32762,32765,32766,53274,0
10997,938,47033,18509,32760,32763,32764,32767,53274,0
10998,938,47044,18497,32760,32763,32764,32765,53274,0
10999,938,46992,18482,32760,32762,32765,32766,53272,0
11000,939,47027,18517,32761,32762,32764,32766,53273,0
11001,942,47049,18518,32760,32763,32764,32767,53272,0
11002,938,47036,18505,32759,32762,32765,32767,53273,0
11003,939,46987,18458,32760,32764,32765,32766,53273,0
11004,938,47042,18491,32759,32763,32763,32766,53272,0
11005,938,47034,18507,32759,32764,32764,32767,53272,0
11006,942,47003,18495,32761,32763,32763,32767,53273,0
11007,939,47030,18481,32759,32763,32765,32766,53274,1
11008,938,47029,18474,32760,32763,32764,32767,53273,0
11009,938,47016,18498,32760,32763,32764,32767,53274,0
11010,938,47002,18506,32759,32762,32765,32768,53273,0
11011,942,47055,18514,32760,32763,32764,32767,53273,0
11012,938,47049,18480,32760,32764,32764,32767,53273,0
11013,938,46997,18475,32760,32763,32764,32767,53273,0
11014,938,47027,18484,32760,32763,32764,32766,53272,0
11015,939,47047,18508,32760,32763,32764,32766,53273,0
11016,942,47020,18509,32759,32763,32764,32767,53274,1
11017,938,46990,18468,32760,32763,32764,32766,53272,0
11018,939,47029,18486,32760,32762,32765,32767,53273,0
11019,938,47032,18511,32760,32764,32765,32766,53273,0
11020,938,46991,18517,32760,32762,32763,32767,53273,0
11021,941,47021,18489,32760,32763,32763,32766,53272,0
11022,940,47042,18456,32759,32763,32765,32767,53272,0
11023,938,47020,18487,32760,32764,32764,32767,53272,0
11024,938,47006,18489,32760,32763,32764,32767,53272,0
11025,939,47030,18498,32760,32763,32764,32766,53272,1
11026,948,47039,18492,32760,32763,32765,32767,53272,3
11027,943,47024,18484,32759,32763,32764,32766,53272,0
11028,938,47001,18474,32760,32763,32764,32766,53272,0
11029,938,47034,18487,32759,32763,32766,32766,53272,0
11030,939,47036,18494,32759,32763,32765,32766,53271,0
11031,942,47004,18486,32761,32763,32764,32767,53271,0
11032,938,47043,18475,32759,32763,32765,32767,53272,1
11033,939,47041,18489,32760,32763,32764,32766,53271,1
11034,938,47012,18510,32759,32764,32764,32767,53271,0
11035,938,47004,18492,32759,32763,32765,32766,53273,0
11036,943,47055,18500,32760,32763,32765,32767,53272,0
11037,938,47021,18457,32759,32763,32764,32765,53272,0
11038,938,47005,18503,32760,32763,32763,32766,53272,1
11039,938,47034,18497,32759,32762,32765,32766,53272,1
11040,939,47045,18492,32759,32763,32765,32767,53272,0
11041,942,47013,18484,32760,32763,32764,32766,53271,0
11042,938,46997,18467,32759,32763,32764,32767,53271,0
11043,943,47043,18493,32760,32762,32766,32767,53271,0
11044,938,47028,18506,32760,32763,32764,32765,53271,0
11045,939,46978,18501,32760,32763,32765,32766,53272,0
11046,942,47019,18485,32759,32763,32764,32767,53271,1
11047,938,47044,18485,32760,32763,32765,32768,53271,1
11048,938,47019,18512,32760,32763,32765,32767,53271,0
11049,939,47005,18503,32759,32763,32764,32767,53272,7
11050,938,47043,18483,32760,32763,32765,32765,53271,0
11051,942,47049,18464,32759,32763,32764,32766,53271,0
11052,939,46989,18493,32760,32764,32764,32766,53272,0
11053,938,47028,18495,32759,32762,32765,32766,53271,0
11054,938,47041,18504,32760,32763,32765,32766,53270,0
11055,938,47019,18489,32760,32764,32764,32766,53271,0
11056,941,47008,18470,32760,32762,32764,32767,53272,0
11057,939,47045,18505,32760,32763,32764,32766,53271,0
11058,938,47038,18498,32759,32763,32764,32767,53272,0
11059,944,47016,18494,32760,32762,32765,32767,53270,0
11060,943,47010,18485,32759,32763,32764,32766,53272,0
11061,942,47035,18469,32760,32763,32765,32767,53270,0
11062,939,47031,18488,32760,32764,32765,32765,53271,0
11063,938,46991,18504,32759,32764,32765,32765,53271,0
11064,938,47034,18507,32760,32763,32765,32767,53271,0
11065,938,47040,18479,32760,32763,32765,32766,53270,0
11066,943,47001,18466,32759,32762,32765,32767,53271,1
11067,938,47008,18478,32760,32762,32763,32767,53271,0
11068,938,47045,18506,32759,32763,32764,32767,53271,0
11069,938,47043,18516,32761,32763,32765,32765,53270,1
11070,939,46993,18469,32761,32764,32765,32766,53271,0
11071,942,47039,18465,32760,32763,32764,32766,53271,0
11072,938,47039,18499,32759,32764,32765,32767,53271,1
11073,939,46991,18515,32759,32764,32765,32768,53270,1
11074,938,47019,18507,32760,32762,32764,32766,53271,0
11075,938,47032,18466,32758,32763,32765,32767,53271,0
11076,939,47024,18479,32759,32763,32764,32767,53270,0
11077,941,46979,18494,32760,32762,32765,32766,53270,0
11078,938,47044,18508,32760,32762,32763,32767,53272,1
11079,939,47044,18490,32760,32763,32764,32766,53270,0
11080,938,47002,18481,32759,32763,32765,32767,53270,0
11081,942,47002,18489,32759,32763,32764,32766,53271,0
11082,939,47044,18519,32760,32763,32764,32767,53271,1
11083,938,47037,18519,32761,32763,32764,32767,53271,0
11084,938,46995,18496,32760,32764,32764,32766,53270,0
11085,938,47027,18471,32760,32763,32764,32767,53270,0
11086,943,47041,18510,32760,32763,32764,32768,53271,1
11087,938,47001,18510,32761,32763,32765,32767,53271,1
11088,938,47002,18492,32760,32763,32765,32767,53271,0
11089,939,47032,18480,32759,32763,32764,32767,53270,0
11090,938,47012,18494,32759,32763,32765,32766,53271,0
11091,938,46985,18514,32760,32762,32764,32767,53270,0
11092,947,47038,18506,32760,32763,32765,32767,53271,0
11093,943,47041,18511,32760,32764,32764,32766,53271,0
11094,938,47026,18504,32759,32763,32765,32767,53271,0
11095,939,47009,18456,32760,32763,32765,32767,53270,0
11096,942,47040,18481,32760,32763,32763,32767,53272,1
11097,938,47048,18509,32759,32763,32764,32767,53270,0
11098,939,47004,18491,32760,32763,32764,32766,53270,1
11099,938,47036,18469,32760,32764,32765,32768,53271,0
11100,938,47023,18469,32760,32763,32765,32767,53270,0
11101,942,47036,18508,32760,32763,32764,32767,53270,0
11102,939,46990,18504,32759,32763,32764,32766,53271,0
11103,938,47052,18487,32760,32764,32764,32766,53271,0
11104,938,47044,18483,32760,32764,32764,32766,53270,0
11105,939,47005,18487,32759,32763,32763,32768,53271,0
11106,941,47033,18505,32759,32763,32765,32766,53271,0
11107,938,47044,18502,32759,32764,32765,32767,53271,1
11108,939,47027,18487,32761,32762,32765,32766,53270,0
11109,943,47000,18469,32760,32763,32765,32766,53270,1
11110,938,47040,18491,32759,32762,32763,32766,53271,0
11111,943,47048,18509,32761,32763,32763,32766,53270,0
11112,938,47010,18513,32760,32763,32764,32766,53271,0
11113,938,47011,18483,32760,32763,32764,32766,53271,0
11114,938,47040,18465,32759,32762,32765,32765,53271,1
11115,939,47024,18502,32760,32764,32764,32767,53272,1
11116,942,47002,18519,32759,32763,32765,32765,53271,0
11117,938,47027,18508,32760,32763,32764,32767,53270,0
11118,939,47025,18485,32760,32762,32765,32766,53270,1
11119,938,46996,18471,32760,32764,32765,32766,53270,0
11120,938,47011,18510,32759,32762,32765,32766,53271,0
11121,942,47037,18510,32760,32762,32765,32766,53271,0
11122,938,47030,18502,32760,32763,32764,32767,53271,0
11123,939,46990,18490,32760,32763,32765,32766,53270,0
11124,938,47023,18492,32759,32762,32764,32767,53271,0
11125,949,47037,18513,32760,32763,32763,32765,53271,0
11126,942,47028,18518,32759,32763,32765,32767,53272,1
11127,938,46977,18513,32758,32763,32764,32767,53272,0
11128,938,47023,18486,32760,32763,32765,32767,53271,0
11129,938,47039,18495,32759,32764,32764,32766,53271,0
11130,938,46990,18521,32760,32763,32764,32767,53270,0
11131,943,47000,18515,32760,32762,32765,32766,53271,0
11132,938,47037,18510,32759,32762,32765,32766,53270,0
11133,938,47022,18505,32761,32763,32765,32766,53271,0
11134,939,46988,18500,32760,32762,32764,32766,53273,0
11135,938,47048,18523,32760,32764,32764,32766,53270,0
11136,942,47042,18504,32760,32762,32765,32766,53270,0
11137,939,47017,18502,32759,32764,32764,32767,53270,0
11138,938,47027,18474,32760,32763,32765,32766,53270,0
11139,938,47036,18513,32759,32763,32765,32767,53270,0
11140,938,47011,18533,32759,32765,32765,32766,53270,0
11141,943,46992,18507,32759,32763,32765,32768,53271,1
11142,943,47016,18492,32760,32763,32765,32766,53271,0
11143,938,47032,18453,32759,32763,32764,32767,53271,0
11144,939,47003,18502,32760,32763,32764,32766,53271,0
11145,938,47013,18522,32759,32763,32764,32766,53270,0
11146,942,47054,18522,32761,32763,32763,32767,53270,0
11147,938,47045,18514,32760,32763,32764,32768,53270,0
11148,938,47001,18478,32760,32762,32765,32767,53270,0
11149,939,47044,18521,32760,32764,32764,32767,53270,0
11150,938,47044,18522,32760,32763,32765,32766,53269,0
11151,942,47030,18507,32760,32763,32763,32767,53270,0
11152,939,47017,18477,32760,32763,32764,32767,53272,0
11153,938,47049,18479,32759,32763,32765,32767,53278,0
11154,938,47026,18520,32760,32764,32766,32766,53270,0
11155,938,46993,18518,32759,32763,32764,32766,53270,1
11156,940,47040,18498,32759,32763,32765,32766,53270,0
11157,941,47032,18493,32759,32763,32764,32767,53270,1
11158,943,47010,18507,32760,32763,32763,32766,53270,0
11159,943,46983,18500,32760,32763,32765,32766,53270,0
11160,938,47034,18517,32759,32762,32764,32768,53270,0
11161,943,47027,18526,32760,32762,32765,32766,53269,0
11162,938,47014,18491,32760,32764,32764,32767,53271,0
11163,938,47038,18477,32760,32763,32765,32766,53270,0
11164,939,47047,18518,32760,32763,32765,32767,53271,0
11165,938,47018,18531,32760,32763,32764,32766,53271,0
11166,942,46982,18505,32759,32763,32765,32766,53270,0
11167,938,47039,18483,32760,32763,32764,32768,53269,0
11168,939,47025,18495,32760,32762,32765,32767,53270,0
11169,938,46985,18528,32760,32763,32764,32766,53270,0
11170,938,47022,18514,32760,32763,32765,32767,53270,0
11171,943,47034,18514,32759,32763,32764,32767,53270,0
11172,938,47028,18484,32760,32763,32765,32767,53271,1
11173,938,46995,18518,32760,32763,32765,32767,53270,0
11174,938,47028,18531,32760,32762,32764,32767,53270,0
11175,938,47037,18509,32760,32764,32765,32766,53271,0
11176,943,47009,18500,32760,32764,32764,32767,53270,1
11177,938,47024,18485,32760,32764,32765,32766,53270,0
11178,938,47033,18509,32760,32763,32764,32767,53270,0
11179,938,47020,18528,32760,32763,32765,32767,53269,1
11180,939,46994,18511,32760,32764,32765,32767,53269,0
11181,942,47037,18470,32760,32763,32764,32765,53270,1
11182,938,47026,18500,32759,32762,32765,32767,53270,0
11183,939,46983,18513,32759,32763,32765,32767,53270,0
11184,938,47023,18512,32760,32763,32764,32766,53270,1
11185,938,47034,18511,32760,32764,32765,32766,53269,0
11186,943,47017,18477,32760,32763,32766,32766,53265,0
11187,938,46968,18518,32759,32762,32765,32766,53270,0
11188,938,47033,18516,32761,32763,32764,32767,53270,1
11189,938,47043,18505,32759,32763,32764,32767,53270,1
11190,939,46992,18490,32759,32764,32765,32766,53269,1
11191,948,47035,18474,32760,32763,32765,32767,53268,0
11192,943,47052,18501,32760,32762,32765,32767,53270,0
11193,938,47030,18525,32760,32763,32763,32767,53270,0
11194,939,47001,18506,32760,32764,32764,32766,53269,1
11195,938,47024,18496,32760,32763,32764,32766,53269,0
11196,942,47031,18492,32760,32762,32765,32767,53268,0
11197,939,47014,18507,32759,32763,32765,32767,53269,1
11198,938,46992,18521,32760,32763,32765,32765,53270,0
11199,938,47033,18505,32758,32763,32765,32767,53269,0
11200,938,47014,18503,32760,32764,32764,32766,53270,0
11201,939,46979,18471,32760,32763,32764,32766,53270,1
11202,941,47017,18520,32760,32763,32766,32766,53269,0
11203,939,47053,18524,32760,32764,32764,32767,53269,0
11204,938,47007,18510,32759,32763,32765,32765,53270,0
11205,938,46989,18468,32760,32763,32764,32766,53269,0
11206,942,47031,18487,32760,32762,32765,32766,53268,0
11207,939,47012,18504,32760,32763,32764,32767,53269,0
11208,943,46988,18523,32760,32763,32765,32766,53269,0
11209,938,47007,18492,32760,32763,32765,32768,53269,0
11210,938,47026,18488,32759,32763,32764,32766,53269,0
11211,940,47016,18482,32759,32763,32764,32767,53269,0
11212,941,46979,18511,32760,32763,32764,32767,53269,0
11213,939,47030,18520,32759,32763,32763,32767,53268,0
11214,938,47033,18516,32760,32763,32765,32767,53269,1
11215,938,46991,18484,32760,32763,32763,32766,53268,0
11216,942,47009,18498,32761,32763,32765,32767,53268,0
11217,939,47027,18528,32760,32764,32765,32766,53269,0
11218,938,47006,18525,32760,32763,32764,32766,53268,0
11219,938,46980,18509,32759,32763,32764,32766,53269,0
11220,938,47017,18483,32759,32762,32765,32766,53269,0
11221,940,47026,18516,32760,32763,32764,32766,53269,0
11222,941,46995,18523,32759,32763,32765,32766,53270,0
11223,938,47008,18500,32760,32763,32764,32766,53268,0
11224,943,47030,18494,32760,32762,32764,32766,53268,1
11225,938,47013,18492,32760,32762,32765,32766,53269,0
11226,942,46972,18511,32759,32764,32764,32768,53268,0
11227,939,47034,18521,32760,32763,32764,32767,53268,0
11228,938,47023,18518,32761,32763,32764,32767,53269,0
11229,938,46997,18499,32760,32763,32764,32767,53268,0
11230,938,47002,18496,32760,32763,32765,32766,53269,0
11231,943,47026,18503,32760,32762,32764,32767,53268,0
11232,938,47020,18523,32759,32763,32765,32767,53269,0
11233,938,46980,18496,32760,32763,32764,32767,53269,0
11234,939,47029,18497,32760,32763,32765,32767,53269,0
11235,938,47028,18505,32760,32764,32764,32767,53268,0
11236,942,46983,18523,32759,32763,32764,32766,53267,0
11237,938,47013,18516,32761,32763,32764,32766,53268,0
11238,939,47041,18503,32759,32763,32763,32767,53267,1
11239,938,47019,18483,32759,32763,32765,32766,53269,0
11240,938,46992,18513,32760,32762,32764,32767,53268,0
11241,942,47031,18519,32761,32763,32764,32767,53270,1
11242,939,47034,18533,32760,32764,32763,32766,53268,0
11243,938,46992,18500,32760,32763,32764,32765,53267,0
11244,938,47015,18499,32759,32762,32764,32767,53267,0
11245,938,47043,18526,32760,32763,32765,32767,53267,0
11246,943,47018,18523,32759,32763,32764,32767,53267,1
11247,938,46981,18523,32759,32764,32765,32767,53267,0
11248,938,47028,18493,32760,32763,32764,32766,53268,0
11249,939,47046,18517,32760,32763,32765,32767,53268,0
11250,938,46983,18540,32761,32764,32764,32767,53268,0
11251,942,47020,18519,32760,32762,32764,32768,53268,0
11252,938,47028,18505,32759,32763,32765,32766,53267,0
11253,938,47011,18492,32759,32763,32765,32765,53268,0
11254,938,46988,18504,32760,32763,32765,32767,53267,0
11255,939,47037,18527,32760,32763,32765,32767,53268,0
11256,942,47017,18539,32759,32763,32763,32766,53268,1
11257,944,46989,18502,32760,32763,32765,32766,53266,0
11258,938,47020,18478,32759,32762,32765,32766,53267,0
11259,938,47037,18521,32759,32762,32764,32766,53267,0
11260,938,47029,18537,32759,32763,32764,32767,53268,0
11261,943,46980,18511,32760,32763,32764,32766,53265,0
11262,938,47041,18502,32760,32764,32764,32766,53267,0
11263,938,47046,18470,32760,32762,32764,32767,53267,1
11264,939,47014,18544,32760,32762,32765,32767,53268,0
11265,938,47022,18522,32760,32762,32764,32767,53267,0
11266,939,47044,18530,32759,32762,32764,32766,53268,0
11267,942,47025,18496,32760,32764,32764,32766,53266,0
11268,938,46979,18483,32760,32763,32763,32767,53268,0
11269,938,47049,18530,32760,32763,32764,32767,53266,0
11270,938,47025,18519,32759,32763,32764,32766,53269,1
11271,943,46996,18511,32760,32763,32764,32767,53267,0
11272,938,47015,18481,32759,32764,32765,32766,53269,1
11273,938,47039,18519,32759,32763,32764,32767,53267,1
11274,938,47004,18531,32760,32764,32764,32768,53267,0
11275,938,46993,18511,32760,32762,32764,32767,53268,1
11276,943,47027,18501,32760,32763,32765,32765,53267,0
11277,938,47032,18496,32761,32763,32764,32766,53267,0
11278,938,46992,18510,32760,32763,32764,32767,53266,0
11279,939,47019,18515,32759,32762,32765,32765,53267,0
11280,938,47042,18524,32759,32763,32765,32766,53268,0
11281,942,47025,18499,32761,32763,32764,32765,53267,0
11282,938,46986,18475,32760,32763,32765,32766,53267,0
11283,939,47043,18531,32760,32764,32764,32766,53268,0
11284,938,47042,18534,32760,32763,32763,32768,53268,0
11285,938,47003,18523,32759,32763,32765,32767,53267,1
11286,943,47014,18485,32760,32764,32763,32766,53267,0
11287,938,47045,18496,32759,32763,32765,32766,53268,0
11288,938,47030,18528,32759,32762,32764,32766,53269,0
11289,938,46994,18531,32759,32763,32764,32768,53267,0
11290,944,47056,18510,32760,32762,32764,32765,53268,0
11291,942,47035,18498,32760,32763,32765,32766,53268,0
11292,938,46994,18495,32759,32763,32765,32766,53266,0
11293,939,47006,18509,32761,32763,32764,32765,53267,1
11294,938,47052,18514,32759,32763,32765,32766,53267,0
11295,938,47030,18500,32761,32763,32765,32766,53266,0
11296,943,46985,18475,32760,32763,32764,32766,53266,0
11297,938,47027,18516,32760,32764,32764,32766,53267,0
11298,938,47019,18547,32760,32764,32764,32766,53266,1
11299,939,47003,18532,32760,32762,32765,32768,53267,0
11300,938,47017,18497,32760,32763,32764,32767,53267,0
11301,942,47045,18500,32760,32764,32764,32767,53267,0
11302,938,47028,18531,32759,32763,32765,32767,53266,0
11303,939,46981,18526,32761,32762,32764,32767,53267,1
11304,938,47031,18525,32759,32762,32763,32767,53267,0
11305,938,47030,18501,32760,32763,32763,32767,53267,0
11306,942,47006,18490,32760,32763,32764,32768,53267,1
11307,938,47007,18527,32759,32762,32764,32767,53267,1
11308,938,47028,18518,32759,32762,32765,32766,53267,0
11309,938,47014,18511,32759,32763,32765,32766,53267,0
11310,939,46996,18491,32760,32763,32764,32766,53267,0
11311,942,47024,18516,32760,32764,32764,32766,53267,0
11312,938,47032,18528,32760,32762,32763,32768,53267,0
11313,939,46986,18517,32760,32763,32764,32765,53267,0
11314,938,47007,18497,32760,32763,32764,32766,53266,7
11315,938,47026,18488,32759,32764,32765,32766,53267,0
11316,942,47012,18504,32759,32763,32765,32767,53267,1
11317,939,46982,18514,32759,32763,32764,32767,53267,0
11318,938,47030,18513,32760,32763,32764,32767,53267,0
11319,938,47020,18510,32760,32762,32763,32767,53267,0
11320,939,46981,18503,32760,32763,32764,32767,53267,0
11321,956,47011,18516,32759,32763,32764,32767,53266,0
11322,941,47023,18520,32759,32762,32765,32766,53267,1
11323,943,47045,18517,32759,32764,32764,32768,53267,0
11324,938,47027,18516,32760,32764,32765,32766,53268,0
11325,938,46987,18492,32760,32763,32765,32767,53266,0
11326,943,47020,18494,32760,32764,32764,32767,53267,3
11327,938,47034,18516,32760,32764,32763,32766,53266,1
11328,938,47003,18517,32760,32764,32765,32766,53267,0
11329,938,47036,18505,32760,32763,32765,32767,53267,0
11330,939,47029,18480,32759,32762,32765,32767,53267,0
11331,942,47013,18512,32760,32763,32764,32766,53267,0
11332,938,46980,18534,32759,32763,32763,32767,53267,0
11333,938,47033,18507,32760,32763,32765,32765,53266,0
11334,938,47030,18499,32759,32764,32764,32767,53267,0
11335,939,46997,18488,32760,32762,32764,32767,53265,0
11336,942,47014,18501,32760,32762,32765,32767,53267,1
11337,938,47029,18532,32760,32764,32764,32767,53266,0
11338,938,47016,18526,32759,32763,32765,32767,53266,0
11339,939,47004,18488,32760,32763,32765,32767,53267,0
11340,943,47032,18483,32760,32762,32765,32766,53267,0
11341,943,47026,18520,32760,32762,32764,32766,53267,0
11342,938,46968,18571,32761,32764,32764,32767,53271,0
11343,938,39958,25582,32760,32764,32765,32765,54275,1
11344,938,36633,28914,32759,32763,32765,32766,54689,0
11345,939,32747,32811,32760,32762,32765,32767,55440,0
11346,942,32709,32845,32760,32763,32765,32767,55461,0
11347,938,32768,32847,32760,32763,32765,32767,55472,0
11348,938,32762,32838,32760,32763,32765,32767,55478,1
11349,939,32716,32806,32760,32763,32764,32766,55485,0
11350,938,32730,32825,32759,32763,32765,32766,55487,0
11351,942,32767,32826,32760,32762,32764,32766,55491,0
11352,939,32728,32839,32761,32763,32765,32766,55493,1
11353,938,32719,32812,32759,32763,32765,32767,55496,0
11354,938,32767,32786,32759,32763,32764,32767,55497,0
11355,938,32746,32807,32760,32763,32766,32766,55500,0
11356,947,32703,32828,32760,32763,32764,32767,55502,0
11357,938,32726,32814,32760,32762,32764,32767,55503,0
11358,938,32756,32818,32759,32762,32765,32766,55505,1
11359,938,32736,32795,32760,32764,32764,32766,55506,0
11360,939,32698,32816,32759,32763,32764,32766,55508,0
11361,941,32750,32820,32760,32764,32765,32766,55507,0
11362,939,32758,32816,32759,32762,32764,32766,55509,0
11363,938,32723,32802,32761,32763,32764,32766,55511,0
11364,938,32742,32785,32760,32763,32764,32767,55512,0
11365,938,32758,32829,32760,32762,32765,32766,55513,0
11366,943,32742,32826,32759,32763,32764,32766,55513,2
11367,938,32682,32809,32759,32764,32765,32767,55515,0
11368,938,32743,32795,32759,32763,32765,32767,55515,0
11369,938,32743,32799,32759,32764,32765,32767,55517,0
11370,939,32708,32824,32759,32763,32765,32767,55515,0
11371,942,32744,32819,32759,32763,32764,32767,55517,0
11372,938,32767,32828,32759,32763,32764,32767,55518,0
11373,938,32740,32801,32760,32762,32763,32765,55519,0
11374,938,32723,32808,32759,32762,32764,32767,55520,0
11375,939,32754,32840,32760,32763,32764,32767,55521,0
11376,942,32761,32818,32760,32763,32764,32766,55521,0
11377,938,32697,32808,32759,32763,32765,32766,55521,0
11378,938,32727,32777,32760,32763,32764,32766,55522,0
11379,939,32767,32825,32759,32763,32765,32767,55523,0
11380,938,32729,32827,32760,32763,32765,32766,55523,0
11381,942,32715,32826,32760,32763,32764,32766,55524,0
11382,938,32758,32795,32760,32763,32764,32767,55524,0
11383,939,32756,32790,32760,32763,32764,32767,55525,0
11384,938,32716,32811,32760,32764,32763,32767,55526,0
11385,938,32739,32818,32759,32763,32764,32766,55527,0
11386,938,32770,32804,32761,32764,32765,32766,55522,0
11387,943,32740,32791,32760,32763,32765,32766,55527,0
11388,938,32712,32787,32760,32763,32765,32766,55526,0
11389,943,32757,32849,32760,32763,32763,32766,55527,0
11390,943,32756,32838,32759,32763,32765,32766,55528,0
11391,942,32735,32849,32759,32764,32765,32766,55528,0
11392,939,32703,32789,32759,32763,32765,32766,55530,0
11393,938,32772,32807,32759,32764,32763,32767,55530,0
11394,938,32752,32835,32760,32762,32766,32767,55530,0
11395,939,32722,32826,32760,32762,32764,32767,55532,1
11396,942,32743,32819,32759,32763,32764,32767,55530,2
11397,938,32750,32794,32759,32763,32765,32767,55528,0
11398,938,32736,32812,32760,32763,32765,32767,55530,0
11399,939,32735,32828,32760,32763,32765,32766,55531,1
11400,938,32770,32836,32760,32762,32764,32767,55537,1
11401,942,32747,32818,32759,32764,32765,32766,55531,1
11402,939,32717,32793,32760,32763,32764,32766,55533,0
11403,938,32758,32818,32760,32762,32764,32767,55533,0
11404,938,32760,32838,32760,32764,32765,32766,55533,0
11405,938,32723,32823,32760,32763,32765,32766,55533,0
11406,942,32741,32786,32760,32763,32765,32766,55534,0
11407,939,32758,32796,32758,32763,32765,32767,55534,0
11408,938,32753,32830,32760,32764,32764,32767,55537,1
11409,938,32719,32812,32760,32762,32765,32767,55535,0
11410,938,32750,32809,32761,32763,32765,32766,55536,0
11411,942,32752,32794,32760,32763,32765,32766,55538,0
11412,938,32715,32809,32760,32763,32765,32767,55536,0
11413,939,32721,32840,32759,32763,32765,32766,55537,0
11414,938,32751,32838,32759,32764,32765,32767,55537,1
11415,938,32745,32812,32759,32764,32764,32766,55538,0
11416,943,32699,32798,32759,32762,32765,32767,55536,1
11417,938,32746,32832,32760,32763,32764,32766,55536,0
11418,938,32759,32834,32759,32762,32764,32766,55537,0
11419,938,32707,32830,32760,32764,32764,32766,55537,0
11420,939,32746,32812,32760,32764,32765,32766,55538,0
11421,942,32769,32793,32760,32763,32765,32767,55538,0
11422,943,32736,32842,32760,32764,32764,32766,55540,1
11423,943,32717,32841,32760,32763,32764,32766,55539,0
11424,938,32752,32828,32760,32762,32764,32766,55540,1
11425,939,32751,32821,32759,32763,32764,32766,55540,0
11426,942,32746,32800,32760,32764,32765,32766,55540,0
11427,938,32702,32804,32761,32763,32764,32767,55541,1
11428,938,32745,32844,32760,32763,32765,32767,55541,0
11429,939,32747,32827,32761,32763,32765,32766,55541,0
11430,938,32700,32796,32760,32763,32764,32767,55541,1
11431,942,32729,32783,32760,32763,32764,32767,55541,0
11432,939,32760,32838,32760,32762,32764,32766,55542,1
11433,938,32734,32844,32760,32763,32764,32766,55542,1
11434,938,32709,32810,32759,32763,32765,32766,55542,0
11435,939,32746,32782,32760,32762,32765,32766,55542,0
11436,942,32755,32822,32760,32763,32765,32766,55542,0
11437,938,32693,32822,32759,32764,32763,32767,55542,1
11438,939,32733,32812,32760,32763,32764,32767,55543,1
11439,943,32753,32811,32760,32763,32764,32767,55543,1
11440,938,32752,32783,32759,32763,32764,32767,55544,0
11441,942,32696,32790,32760,32763,32763,32766,55543,0
11442,938,32758,32834,32760,32761,32765,32766,55543,0
11443,939,32762,32839,32760,32763,32764,32766,55545,0
11444,938,32715,32819,32761,32763,32765,32767,55543,0
11445,938,32732,32776,32760,32763,32765,32767,55545,0
11446,943,32754,32807,32760,32764,32763,32767,55544,1
11447,938,32727,32833,32760,32763,32765,32767,55545,1
11448,938,32704,32835,32760,32763,32764,32767,55545,0
11449,938,32756,32788,32759,32763,32764,32767,55546,0
11450,939,32723,32801,32759,32763,32764,32766,55547,0
11451,942,32722,32831,32759,32762,32764,32767,55547,1
11452,938,32724,32825,32760,32763,32764,32766,55546,0
11453,939,32757,32827,32761,32763,32764,32766,55547,0
11454,938,32732,32806,32759,32763,32765,32767,55547,1
11455,944,32705,32790,32760,32763,32763,32765,55547,1
11456,942,32745,32812,32760,32764,32765,32766,55547,0
11457,938,32759,32819,32760,32763,32764,32766,55548,0
11458,938,32739,32831,32760,32764,32765,32767,55547,0
11459,938,32720,32784,32759,32763,32765,32767,55548,0
11460,939,32749,32804,32760,32763,32765,32767,55549,0
11461,942,32754,32835,32759,32763,32764,32767,55549,0
11462,938,32710,32829,32760,32762,32763,32766,55548,0
11463,939,32757,32819,32760,32763,32764,32767,55549,0
11464,938,32757,32804,32761,32763,32763,32766,55549,0
11465,938,32715,32816,32760,32764,32765,32766,55550,1
11466,942,32709,32828,32760,32762,32765,32766,55548,0
11467,938,32738,32828,32759,32763,32765,32767,55549,1
11468,939,32723,32824,32760,32763,32764,32766,55549,0
11469,938,32697,32780,32760,32762,32766,32767,55550,0
11470,938,32744,32827,32760,32764,32764,32766,55550,1
11471,942,32768,32836,32758,32764,32764,32767,55550,1
11472,938,32726,32812,32760,32764,32764,32767,55551,1
11473,938,32719,32787,32760,32762,32765,32767,55551,0
11474,939,32756,32795,32760,32764,32765,32767,55551,1
11475,938,32749,32841,32760,32764,32763,32768,55551,0
11476,942,32688,32831,32760,32763,32764,32767,55550,1
11477,939,32749,32823,32759,32763,32763,32767,55551,0
11478,938,32751,32808,32760,32763,32764,32767,55551,0
11479,938,32712,32818,32759,32763,32765,32766,55552,0
11480,939,32731,32829,32759,32763,32765,32766,55551,0
11481,942,32747,32823,32760,32763,32765,32766,55551,1
11482,938,32735,32812,32759,32764,32764,32765,55551,0
11483,938,32697,32786,32759,32763,32765,32767,55552,1
11484,939,32735,32801,32759,32764,32765,32767,55552,0
11485,938,32749,32838,32760,32763,32765,32767,55552,0
11486,942,32713,32831,32759,32764,32763,32767,55554,0
11487,939,32733,32789,32759,32762,32763,32766,55553,0
11488,948,32746,32794,32760,32763,32764,32767,55555,1
11489,938,32742,32815,32759,32763,32764,32768,55553,1
11490,938,32685,32833,32759,32763,32764,32766,55552,0
11491,943,32738,32822,32760,32763,32764,32767,55554,0
11492,938,32755,32813,32760,32763,32764,32767,55555,0
11493,938,32731,32787,32760,32763,32765,32765,55554,0
11494,938,32696,32804,32759,32763,32763,32766,55554,0
11495,939,32746,32826,32760,32762,32765,32767,55550,1
11496,942,32754,32839,32760,32764,32763,32767,55555,0
11497,938,32719,32798,32759,32763,32764,32767,55554,0
11498,939,32739,32779,32759,32763,32764,32767,55555,0
11499,938,32746,32829,32760,32763,32765,32766,55555,0
11500,938,32736,32816,32759,32763,32764,32767,55556,0
11501,943,32715,32809,32760,32763,32764,32767,55555,0
11502,938,32755,32788,32760,32762,32765,32767,55556,1
11503,938,32763,32791,32759,32764,32765,32767,55555,0
11504,938,32705,32829,32761,32764,32765,32766,55555,1
11505,938,32740,32810,32760,32763,32766,32766,55557,0
11506,943,32759,32822,32760,32762,32765,32767,55557,0
11507,938,32722,32792,32761,32763,32765,32766,55555,1
11508,938,32692,32791,32761,32765,32765,32767,55556,0
11509,938,32763,32820,32760,32763,32765,32766,55556,0
11510,939,32747,32812,32759,32763,32764,32767,55557,0
11511,942,32701,32791,32761,32763,32765,32766,55556,0
11512,938,32746,32787,32759,32762,32765,32766,55558,0
11513,938,32758,32809,32760,32762,32764,32766,55556,0
11514,939,32724,32832,32760,32763,32765,32766,55556,0
11515,938,32709,32822,32760,32763,32764,32767,55557,0
11516,942,32754,32807,32760,32763,32765,32766,55558,0
11517,939,32749,32793,32760,32763,32765,32766,55557,0
11518,938,32714,32827,32759,32763,32765,32765,55557,0
11519,938,32731,32813,32759,32764,32764,32767,55556,0
11520,939,32755,32796,32760,32763,32764,32766,55558,1
11521,947,32735,32801,32759,32764,32765,32767,55558,0
11522,938,32704,32792,32760,32763,32765,32767,55559,0
11523,938,32765,32822,32759,32763,32764,32767,55558,0
11524,938,32741,32809,32760,32764,32765,32767,55558,1
11525,939,32699,32803,32759,32763,32765,32767,55558,0
11526,942,32722,32764,32760,32762,32765,32766,55559,1
11527,938,32755,32797,32760,32764,32763,32767,55558,1
11528,938,32738,32819,32760,32763,32764,32766,55560,0
11529,939,32703,32811,32759,32762,32764,32767,55558,0
11530,938,32750,32794,32761,32763,32765,32766,55559,1
11531,943,32757,32782,32760,32764,32765,32766,55558,0
11532,938,32704,32796,32760,32764,32765,32766,55560,0
11533,938,32735,32810,32760,32763,32764,32767,55560,0
11534,938,32756,32830,32760,32763,32765,32766,55560,0
11535,939,32739,32810,32760,32764,32764,32766,55561,0
11536,942,32708,32785,32759,32763,32764,32767,55561,0
11537,938,32747,32821,32760,32763,32765,32767,55559,0
11538,938,32747,32844,32760,32763,32763,32766,55560,0
11539,938,32692,32795,32760,32765,32764,32766,55561,0
11540,939,32753,32792,32760,32763,32764,32766,55560,0
11541,942,32758,32792,32760,32763,32764,32767,55559,1
11542,938,32736,32834,32760,32763,32764,32766,55561,0
11543,938,32707,32820,32760,32763,32765,32766,55560,0
11544,939,32752,32817,32760,32763,32765,32766,55561,0
11545,938,32747,32793,32759,32764,32764,32766,55561,0
11546,942,32719,32817,32760,32762,32764,32766,55561,0
11547,939,32746,32834,32760,32762,32764,32766,55562,1
11548,938,32753,32832,32760,32762,32765,32767,55560,1
11549,938,32729,32803,32760,32763,32764,32767,55561,0
11550,938,32710,32773,32760,32764,32765,32767,55563,1
11551,943,32749,32816,32760,32762,32764,32767,55560,1
11552,938,32766,32822,32760,32764,32764,32766,55561,0
11553,938,32714,32822,32760,32764,32764,32766,55562,0
11554,938,32737,32783,32760,32764,32764,32766,55561,0
11555,938,32757,32806,32760,32763,32765,32767,55561,1
11556,943,32750,32821,32759,32764,32764,32768,55562,1
11557,938,32704,32803,32760,32762,32765,32767,55562,1
11558,938,32757,32823,32760,32763,32764,32767,55562,9
11559,939,32763,32784,32760,32764,32765,32766,55563,1
11560,938,32711,32813,32759,32763,32763,32768,55563,0
11561,943,32747,32806,32760,32763,32765,32767,55563,0
11562,938,32750,32828,32760,32763,32765,32766,55562,0
11563,938,32740,32808,32759,32763,32764,32766,55563,0
11564,938,32717,32782,32759,32764,32765,32766,55563,0
11565,939,32761,32814,32760,32764,32764,32767,55563,0
11566,942,32760,32832,32760,32763,32765,32767,55563,0
11567,938,32724,32816,32760,32763,32765,32766,55563,0
11568,938,32750,32796,32759,32763,32763,32766,55563,0
11569,939,32743,32789,32759,32763,32765,32767,55567,1
11570,949,32750,32811,32760,32763,32765,32767,55564,0
11571,942,32707,32835,32760,32763,32764,32766,55564,1
11572,938,32751,32806,32760,32763,32765,32766,55563,1
11573,938,32765,32813,32760,32763,32765,32766,55566,0
11574,938,32736,32787,32761,32763,32764,32767,55564,0
11575,939,32728,32818,32761,32763,32765,32766,55565,0
11576,942,32765,32827,32760,32763,32765,32767,55565,0
11577,938,32753,32838,32760,32763,32765,32767,55563,0
11578,939,32709,32791,32761,32762,32764,32767,55566,1
11579,938,32745,32791,32760,32763,32764,32767,55564,0
11580,938,32774,32833,32760,32762,32763,32767,55566,1
11581,942,32744,32821,32760,32763,32765,32767,55566,0
11582,939,32744,32808,32759,32762,32765,32767,55565,1
11583,938,32765,32792,32759,32764,32765,32767,55565,0
11584,938,32748,32820,32761,32763,32764,32767,55565,0
11585,939,32713,32823,32760,32763,32765,32766,55566,0
11586,942,32758,32814,32758,32763,32764,32766,55566,0
11587,944,32745,32810,32759,32763,32764,32767,55566,0
11588,943,32763,32801,32760,32763,32765,32766,55566,0
11589,938,32722,32786,32759,32762,32764,32767,55566,0
11590,939,32764,32837,32760,32763,32763,32766,55566,1
11591,942,32766,32837,32760,32763,32765,32767,55565,1
11592,938,32735,32821,32760,32763,32764,32767,55566,0
11593,938,32734,32790,32759,32762,32765,32767,55565,0
11594,939,32768,32817,32760,32763,32765,32767,55566,0
11595,938,32750,32832,32760,32762,32763,32766,55566,0
11596,942,32710,32821,32759,32763,32764,32767,55568,0
11597,939,32745,32819,32760,32762,32765,32766,55567,0
11598,938,32756,32782,32760,32763,32763,32767,55568,2
11599,938,32722,32834,32760,32762,32764,32766,55567,0
11600,939,32743,32833,32761,32763,32764,32767,55567,0
11601,942,32753,32818,32759,32762,32764,32766,55568,0
11602,938,32766,32810,32759,32763,32764,32767,55569,0
11603,938,32707,32791,32760,32764,32764,32767,55567,0
11604,938,32769,32830,32759,32763,32764,32766,55568,0
11605,938,32750,32844,32759,32762,32764,32766,55567,0
11606,943,32721,32828,32759,32762,32763,32767,55569,0
11607,938,32760,32800,32759,32763,32764,32766,55568,0
11608,938,32760,32801,32760,32762,32764,32766,55567,0
11609,939,32738,32827,32759,32764,32765,32766,55569,0
11610,938,32718,32820,32760,32763,32764,32767,55568,0
11611,942,32773,32805,32760,32763,32764,32766,55569,0
11612,938,32755,32790,32761,32762,32764,32766,55569,0
11613,939,32731,32813,32760,32764,32764,32767,55569,1
11614,938,32757,32825,32761,32764,32764,32767,55570,0
11615,938,32760,32822,32760,32763,32765,32767,55568,0
11616,942,32735,32805,32760,32763,32765,32767,55569,0
11617,938,32728,32786,32759,32763,32763,32766,55567,1
11618,938,32768,32814,32760,32763,32764,32767,55570,0
11619,939,32751,32828,32760,32763,32764,32766,55569,0
11620,949,32731,32830,32760,32763,32764,32766,55570,1
11621,942,32729,32811,32760,32763,32764,32767,55568,0
11622,938,32787,32787,32759,32762,32764,32767,55569,5
11623,938,32759,32815,32760,32764,32765,32766,55570,0
11624,939,32717,32822,32761,32764,32764,32767,55572,0
11625,938,32766,32824,32760,32762,32765,32766,55570,0
11626,942,32758,32815,32760,32763,32764,32766,55571,0
11627,938,32741,32794,32760,32763,32764,32766,55570,0
11628,938,32727,32820,32760,32764,32765,32767,55570,0
11629,938,32769,32837,32760,32763,32765,32766,55572,0
11630,939,32757,32833,32760,32764,32765,32767,55572,1
11631,942,32720,32803,32760,32762,32763,32766,55570,0
11632,938,32757,32783,32759,32763,32764,32766,55570,0
11633,939,32764,32811,32760,32763,32763,32767,55571,1
11634,938,32729,32839,32759,32763,32764,32767,55571,0
11635,938,32726,32808,32760,32764,32764,32768,55571,1
11636,943,32763,32793,32760,32763,32764,32766,55571,0
11637,943,32755,32780,32760,32764,32764,32767,55571,1
11638,938,32720,32832,32760,32763,32765,32766,55572,1
11639,938,32752,32810,32760,32763,32766,32767,55571,1
11640,939,32747,32815,32760,32762,32765,32766,55572,0
11641,942,32744,32807,32760,32763,32764,32766,55572,0
11642,938,32697,32822,32760,32764,32764,32767,55572,0
11643,939,32769,32831,32759,32764,32764,32767,55571,0
11644,938,32755,32828,32759,32763,32764,32765,55572,1
11645,938,32712,32804,32760,32764,32765,32767,55571,3
11646,943,32755,32798,32758,32763,32765,32767,55572,0
11647,938,32755,32820,32760,32762,32764,32766,55574,0
11648,938,32739,32844,32759,32763,32764,32766,55571,0
11649,938,32725,32825,32759,32763,32764,32766,55573,0
11650,939,32751,32797,32759,32763,32763,32766,55572,0
11651,938,32742,32811,32760,32762,32765,32767,55573,0
11652,942,32716,32839,32761,32763,32763,32766,55572,0
11653,944,32750,32841,32760,32763,32765,32766,55572,0
11654,943,32772,32846,32759,32764,32764,32767,55573,0
11655,938,32763,32823,32759,32764,32765,32766,55576,0
11656,943,32714,32802,32759,32763,32764,32766,55574,1
11657,938,32739,32837,32759,32764,32764,32766,55574,0
11658,938,32760,32846,32761,32764,32766,32767,55575,0
11659,939,32723,32847,32760,32762,32764,32766,55574,0
11660,938,32714,32816,32760,32763,32765,32767,55573,0
11661,942,32758,32801,32759,32763,32764,32766,55572,1
11662,939,32757,32854,32760,32763,32763,32766,55573,0
11663,938,32704,32848,32760,32763,32764,32765,55573,0
11664,938,32761,32828,32759,32763,32764,32766,55575,0
11665,938,32765,32805,32760,32764,32764,32766,55575,0
11666,943,32743,32808,32759,32762,32765,32767,55574,1
11667,938,32727,32840,32759,32763,32765,32766,55574,0
11668,938,32761,32842,32759,32762,32763,32767,55573,0
11669,939,32758,32830,32760,32762,32764,32766,55573,0
11670,943,32714,32815,32758,32763,32763,32766,55574,0
11671,942,32735,32807,32760,32763,32764,32767,55574,0
11672,939,32763,32847,32759,32763,32765,32767,55574,0
11673,938,32741,32843,32759,32763,32764,32767,55575,0
11674,938,32726,32816,32759,32763,32764,32767,55574,0
11675,938,32764,32792,32760,32763,32766,32767,55574,1
11676,943,32760,32813,32759,32763,32765,32767,55575,1
11677,938,32714,32833,32760,32763,32764,32766,55575,0
11678,938,32738,32819,32760,32764,32765,32767,55575,1
11679,939,32756,32812,32760,32764,32764,32766,55574,0
11680,938,32739,32809,32759,32763,32764,32765,55573,1
11681,942,32706,32823,32760,32762,32764,32767,55575,0
11682,938,32766,32842,32760,32763,32765,32766,55576,2
11683,938,32758,32832,32760,32763,32764,32767,55574,1
11684,938,32724,32806,32759,32763,32764,32767,55575,1
11685,939,32749,32818,32760,32764,32763,32767,55575,0
11686,948,32770,32835,32760,32762,32764,32767,55575,0
11687,943,32741,32831,32760,32764,32765,32766,55576,0
11688,938,32717,32852,32760,32763,32764,32767,55575,0
11689,939,32759,32806,32760,32763,32764,32766,55576,0
11690,938,32760,32793,32760,32764,32764,32766,55576,0
11691,942,32728,32839,32760,32763,32764,32766,55577,0
11692,939,32715,32816,32760,32763,32766,32767,55575,1
11693,938,32765,32813,32759,32763,32764,32767,55576,0
11694,938,32746,32819,32759,32763,32765,32766,55575,0
11695,938,32696,32806,32758,32762,32764,32766,55577,1
11696,943,32752,32829,32760,32763,32765,32766,55577,0
11697,938,32777,32854,32759,32764,32764,32766,55577,0
11698,938,32747,32830,32760,32763,32764,32765,55576,0
11699,939,32705,32798,32759,32763,32765,32767,55576,0
11700,938,32758,32824,32760,32764,32765,32766,55578,1
11701,942,32771,32842,32760,32763,32765,32766,55576,0
11702,938,32732,32840,32760,32763,32764,32765,55578,0
11703,938,32758,32811,32759,32763,32764,32766,55577,0
11704,938,32767,32795,32761,32762,32764,32766,55578,0
11705,939,32727,32828,32760,32762,32765,32768,55577,0
11706,942,32725,32826,32759,32763,32765,32766,55576,1
11707,938,32765,32841,32758,32762,32764,32767,55578,0
11708,938,32753,32807,32760,32762,32764,32766,55578,1
11709,939,32702,32784,32760,32764,32764,32767,55578,0
11710,938,32759,32820,32760,32764,32764,32767,55578,0
11711,942,32769,32827,32759,32763,32764,32768,55577,1
11712,938,32734,32831,32760,32764,32765,32767,55578,0
11713,939,32741,32788,32760,32764,32764,32766,55578,0
11714,938,32767,32822,32760,32762,32764,32766,55578,0
11715,938,32756,32833,32762,32763,32764,32767,55577,0
11716,943,32715,32831,32759,32762,32766,32767,55578,0
11717,938,32766,32811,32759,32763,32765,32766,55577,0
11718,938,32772,32802,32760,32764,32764,32766,55578,0
11719,944,32729,32829,32760,32764,32764,32767,55579,2
11720,943,32716,32842,32759,32763,32764,32767,55578,0
11721,942,32756,32839,32760,32763,32765,32767,55579,1
11722,939,32762,32832,32759,32763,32765,32766,55579,0
11723,938,32728,32801,32760,32763,32764,32766,55578,0
11724,938,32742,32804,32761,32764,32765,32767,55578,0
11725,938,32763,32833,32760,32764,32764,32766,55579,0
11726,943,32759,32851,32759,32764,32765,32767,55578,0
11727,938,32744,32839,32760,32762,32764,32767,55578,0
11728,938,32768,32810,32759,32763,32765,32766,55579,0
11729,939,32774,32823,32759,32763,32763,32766,55578,0
11730,938,32724,32829,32760,32764,32764,32766,55579,0
11731,944,32731,32818,32760,32763,32764,32767,55578,1
11732,942,32755,32813,32760,32761,32764,32767,55578,0
11733,938,32750,32799,32760,32764,32765,32767,55580,0
11734,938,32715,32833,32760,32763,32765,32766,55579,0
11735,938,32757,32823,32760,32762,32763,32766,55581,0
11736,942,32762,32827,32760,32764,32765,32768,55579,0
11737,938,32730,32809,32759,32764,32765,32766,55579,0
11738,939,32724,32792,32760,32763,32763,32767,55580,0
11739,938,32764,32826,32758,32764,32765,32766,55580,0
11740,938,32756,32840,32760,32763,32765,32767,55579,0
11741,943,32708,32809,32760,32762,32764,32767,55579,0
11742,938,32754,32799,32760,32763,32764,32767,55580,0
11743,938,32766,32802,32759,32762,32764,32767,55580,1
11744,938,32726,32834,32760,32763,32765,32766,55579,0
11745,939,32744,32815,32760,32763,32763,32766,55579,0
11746,942,32770,32818,32760,32763,32765,32767,55580,0
11747,938,32747,32798,32759,32763,32765,32766,55580,0
11748,938,32700,32828,32760,32763,32764,32765,55580,0
11749,939,32775,32841,32761,32764,32764,32767,55580,0
11750,938,32776,32838,32760,32762,32764,32766,55581,0
11751,942,32735,32809,32759,32763,32765,32767,55581,0
11752,944,32740,32805,32759,32763,32764,32766,55581,0
11753,938,32767,32825,32760,32763,32764,32766,55580,0
11754,938,32770,32866,32760,32762,32765,32766,55581,0
11755,939,32704,32834,32760,32762,32765,32767,55581,0
11756,942,32761,32824,32759,32763,32764,32767,55581,0
11757,938,32776,32808,32761,32763,32764,32767,55581,0
11758,939,32733,32837,32760,32763,32765,32767,55582,0
11759,938,32730,32835,32760,32762,32765,32766,55581,0
11760,938,32750,32813,32760,32763,32763,32767,55581,0
11761,942,32753,32809,32759,32763,32765,32767,55581,0
11762,938,32706,32808,32758,32762,32764,32766,55581,1
11763,939,32754,32833,32760,32763,32764,32766,55580,0
11764,938,32770,32831,32759,32763,32765,32767,55581,0
11765,938,32730,32819,32760,32763,32764,32767,55580,0
11766,938,32729,32796,32760,32763,32764,32766,55582,0
11767,943,32782,32817,32759,32762,32764,32767,55581,0
11768,938,32760,32828,32760,32762,32764,32766,55582,0
11769,938,32719,32836,32760,32763,32765,32767,55582,0
11770,938,32764,32810,32759,32762,32765,32767,55581,1
11771,942,32758,32808,32760,32763,32763,32767,55581,0
11772,939,32728,32819,32760,32762,32764,32766,55581,0
11773,938,32732,32835,32760,32763,32764,32767,55581,0
11774,938,32763,32844,32759,32763,32765,32767,55583,0
11775,938,32759,32801,32759,32763,32765,32767,55582,0
11776,943,32699,32791,32759,32764,32764,32767,55582,0
11777,938,32761,32831,32759,32764,32765,32767,55582,0
11778,938,32752,32841,32760,32763,32764,32767,55582,0
11779,939,32711,32814,32759,32762,32764,32766,55583,0
11780,938,32730,32794,32761,32763,32764,32766,55581,0
11781,942,32764,32796,32760,32763,32764,32767,55582,0
11782,939,32761,32843,32760,32764,32764,32767,55582,0
11783,938,32721,32845,32760,32762,32764,32767,55582,0
11784,938,32763,32825,32760,32763,32765,32766,55582,0
11785,942,32761,32797,32760,32763,32765,32766,55583,0
11786,942,32742,32811,32759,32763,32764,32766,55583,0
11787,938,32723,32833,32761,32762,32764,32766,55582,1
11788,938,32754,32831,32759,32763,32766,32767,55582,0
11789,938,32753,32821,32759,32764,32764,32767,55583,0
11790,939,32719,32800,32760,32763,32764,32766,55583,0
11791,942,32747,32821,32760,32762,32764,32765,55583,0
11792,938,32756,32847,32759,32763,32765,32766,55582,0
11793,938,32721,32828,32759,32763,32764,32767,55583,0
11794,939,32735,32794,32760,32762,32764,32766,55584,0
11795,938,32759,32811,32760,32763,32765,32766,55583,0
11796,943,32740,32840,32760,32762,32764,32768,55584,5
11797,938,32695,32832,32760,32762,32764,32766,55583,1
11798,938,32746,32830,32760,32763,32765,32765,55583,0
11799,938,32746,32818,32760,32762,32765,32766,55583,0
11800,939,32715,32819,32759,32762,32764,32767,55584,0
11801,942,32724,32831,32760,32762,32764,32767,55583,0
11802,938,32766,32852,32759,32763,32766,32767,55584,0
11803,938,32764,32839,32760,32763,32764,32767,55584,0
11804,938,32710,32814,32759,32763,32764,32766,55584,1
11805,939,32779,32824,32760,32764,32765,32766,55585,0
11806,942,32755,32835,32759,32763,32765,32767,55584,0
11807,938,32725,32830,32760,32763,32764,32767,55584,0
11808,938,32745,32823,32760,32763,32765,32767,55585,0
11809,939,32771,32802,32760,32763,32764,32765,55583,0
11810,938,32759,32832,32759,32762,32765,32767,55584,0
11811,942,32720,32838,32759,32763,32765,32766,55584,1
11812,939,32769,32831,32760,32763,32763,32767,55585,0
11813,938,32760,32813,32759,32763,32764,32767,55585,0
11814,938,32730,32809,32759,32764,32764,32767,55584,0
11815,938,32747,32828,32760,32764,32764,32767,55587,1
11816,943,32762,32847,32760,32764,32764,32766,55584,1
11817,938,32752,32824,32760,32762,32764,32767,55585,0
11818,944,32722,32798,32759,32763,32765,32766,55585,1
11819,938,32768,32810,32760,32763,32765,32766,55585,0
11820,938,32779,32850,32760,32762,32764,32766,55585,0
11821,942,32742,32835,32760,32762,32764,32767,55584,0
11822,939,32730,32813,32758,32763,32763,32767,55584,0
11823,938,32769,32793,32759,32763,32764,32765,55586,1
11824,938,32768,32827,32759,32763,32764,32766,55585,0
11825,939,32718,32833,32761,32763,32765,32766,55585,0
11826,942,32756,32835,32759,32762,32764,32767,55586,0
11827,938,32757,32819,32759,32763,32765,32767,55586,0
11828,938,32713,32801,32760,32762,32765,32767,55585,0
11829,939,32738,32821,32760,32762,32763,32766,55586,0
11830,938,32768,32829,32759,32762,32765,32767,55584,0
11831,942,32760,32824,32760,32763,32764,32766,55585,0
11832,939,32706,32803,32759,32763,32764,32766,55584,1
11833,938,32761,32804,32760,32763,32765,32766,55586,0
11834,944,32757,32816,32759,32763,32763,32766,55585,1
11835,938,32747,32830,32760,32763,32765,32765,55588,0
11836,942,32717,32834,32760,32763,32764,32767,55585,0
11837,938,32766,32817,32759,32763,32764,32767,55587,0
11838,939,32760,32799,32758,32763,32765,32767,55585,0
11839,938,32713,32838,32760,32763,32764,32766,55587,3
11840,938,32752,32833,32759,32762,32765,32766,55584,1
11841,942,32771,32818,32759,32763,32764,32766,55586,0
11842,938,32726,32804,32761,32762,32765,32767,55587,0
11843,938,32711,32794,32760,32763,32764,32767,55587,1
11844,939,32771,32829,32760,32763,32764,32766,55586,0
11845,938,32753,32826,32760,32763,32765,32767,55585,0
11846,942,32710,32821,32759,32762,32764,32767,55587,0
11847,938,32749,32769,32759,32763,32765,32767,55587,0
11848,939,32750,32812,32760,32763,32764,32767,55587,0
11849,938,32710,32827,32759,32763,32764,32766,55587,0
11850,938,32722,32820,32760,32764,32765,32767,55586,0
11851,948,32750,32812,32760,32763,32763,32767,55587,0
11852,943,32767,32791,32760,32763,32764,32767,55587,0
11853,938,32737,32817,32760,32763,32764,32766,55586,1
11854,939,32725,32832,32759,32763,32764,32767,55587,0
11855,938,32773,32833,32759,32763,32765,32767,55586,0
11856,942,32773,32832,32759,32762,32765,32767,55588,0
11857,939,32716,32772,32760,32763,32765,32767,55586,0
11858,938,32775,32818,32759,32763,32764,32766,55588,0
11859,938,32765,32829,32761,32763,32765,32767,55586,0
11860,938,32711,32818,32760,32763,32765,32767,55587,0
11861,943,32724,32796,32761,32764,32764,32767,55588,0
11862,938,32754,32787,32760,32762,32764,32766,55589,0
11863,938,32755,32822,32760,32762,32765,32766,55588,0
11864,939,32707,32826,32760,32763,32765,32767,55587,1
11865,938,32759,32827,32760,32763,32764,32766,55587,0
11866,942,32774,32798,32759,32763,32764,32766,55588,0
11867,938,32735,32799,32761,32763,32763,32765,55587,1
11868,938,32734,32833,32760,32763,32764,32766,55587,1
11869,938,32768,32828,32760,32762,32764,32767,55588,3
11870,939,32734,32821,32760,32763,32763,32766,55587,0
11871,942,32710,32801,32758,32763,32764,32767,55587,0
11872,938,32759,32812,32760,32763,32763,32766,55588,0
11873,939,32747,32832,32760,32763,32765,32767,55588,1
11874,938,32736,32843,32759,32762,32765,32767,55587,0
11875,938,32740,32819,32760,32763,32764,32766,55589,0
11876,943,32760,32794,32759,32763,32764,32767,55588,0
11877,938,32747,32825,32760,32763,32765,32767,55588,0
11878,938,32700,32807,32759,32763,32763,32767,55588,1
11879,938,32766,32839,32760,32763,32765,32766,55589,1
11880,939,32745,32815,32760,32763,32764,32767,55588,1
11881,942,32720,32812,32760,32764,32765,32768,55587,0
11882,939,32727,32839,32760,32764,32764,32767,55587,0
11883,938,32767,32835,32761,32763,32765,32766,55587,0
11884,949,32758,32833,32760,32763,32765,32766,55587,0
11885,938,32718,32831,32760,32763,32764,32766,55589,0
11886,4090,32704,32835,32760,32763,32764,32768,55589,1
11887,943,32714,32838,32760,32763,32764,32766,55589,1
11888,938,32742,32806,32761,32763,32764,32766,55588,1
11889,939,32741,32814,32759,32763,32764,32766,55588,0
11890,938,32716,32836,32760,32763,32764,32767,55588,0
11891,942,32760,32839,32760,32762,32764,32767,55591,0
11892,938,32747,32818,32760,32764,32764,32766,55590,0
11893,938,32726,32796,32760,32763,32765,32767,55590,0
11894,939,32738,32801,32760,32763,32764,32766,55590,0
11895,938,32770,32850,32760,32764,32764,32766,55588,0
11896,942,32746,32838,32759,32764,32764,32767,55590,0
11897,938,32700,32831,32760,32763,32764,32767,55589,0
11898,939,32742,32797,32760,32764,32765,32766,55589,1
11899,938,32770,32843,32759,32763,32764,32767,55589,0
11900,938,32732,32843,32760,32763,32766,32767,55588,1
11901,943,32735,32834,32759,32762,32764,32766,55590,1
11902,938,32771,32817,32759,32762,32764,32767,55589,0
11903,943,32748,32798,32759,32763,32765,32766,55590,0
11904,938,32714,32838,32761,32763,32764,32766,55587,0
11905,938,32762,32836,32759,32763,32765,32767,55590,0
11906,943,32763,32854,32760,32763,32764,32767,55589,1
11907,938,32731,32808,32760,32764,32764,32767,55590,0
11908,938,32714,32809,32758,32763,32765,32767,55588,0
11909,938,32757,32855,32759,32764,32765,32766,55588,0
11910,939,32745,32854,32760,32763,32764,32767,55589,1
11911,942,32705,32841,32760,32762,32764,32766,55591,0
11912,938,32745,32825,32759,32761,32764,32766,55591,0
11913,939,32751,32818,32760,32763,32764,32766,55590,0
11914,938,32729,32860,32760,32763,32765,32765,55589,0
11915,938,32736,32848,32760,32763,32764,32767,55590,0
11916,939,32761,32842,32761,32763,32765,32766,55591,0
11917,942,32754,32810,32759,32763,32764,32767,55591,1
11918,938,32699,32842,32760,32762,32764,32766,55590,1
11919,944,32735,32843,32760,32763,32764,32767,55591,0
11920,938,32749,32842,32760,32763,32765,32766,55590,0
11921,942,32736,32849,32759,32764,32764,32766,55592,0
11922,938,32708,32801,32760,32763,32765,32767,55591,0
11923,939,32762,32839,32760,32764,32763,32766,55590,1
11924,938,32746,32849,32759,32762,32764,32766,55590,0
11925,938,32725,32848,32758,32762,32765,32765,55590,0
11926,943,32753,32817,32760,32763,32763,32767,55590,0
11927,938,32764,32810,32760,32763,32765,32766,55592,0
11928,938,32744,32845,32760,32763,32765,32765,55590,0
11929,938,32736,32849,32760,32763,32763,32767,55592,0
11930,939,32753,32853,32761,32764,32764,32767,55591,0
11931,942,32763,32819,32759,32762,32765,32767,55590,0
11932,938,32711,32812,32760,32763,32764,32766,55592,0
11933,939,32755,32852,32760,32763,32764,32767,55591,0
11934,938,32766,32865,32759,32763,32764,32766,55590,0
11935,938,32752,32841,32759,32763,32765,32766,55590,0
11936,948,32708,32808,32759,32762,32764,32766,55591,1
11937,938,32750,32803,32760,32763,32764,32765,55591,0
11938,938,32771,32840,32760,32763,32764,32767,55592,0
11939,938,32731,32849,32759,32763,32765,32766,55591,1
11940,939,32750,32833,32760,32763,32763,32766,55592,1
11941,942,32761,32811,32760,32762,32763,32767,55591,0
11942,938,32734,32834,32760,32764,32763,32766,55592,0
11943,938,32723,32831,32760,32763,32764,32766,55592,1
11944,939,32770,32827,32760,32763,32764,32767,55592,3
11945,938,32770,32818,32759,32764,32765,32766,55591,0
11946,942,32727,32808,32759,32764,32764,32766,55591,0
11947,938,32731,32834,32759,32763,32764,32767,55592,0
11948,938,32762,32837,32760,32763,32764,32767,55591,0
11949,939,32760,32846,32760,32763,32764,32767,55592,0
11950,938,32707,32806,32760,32763,32765,32766,55592,0
11951,942,32741,32803,32760,32764,32764,32767,55591,0
11952,938,32741,32822,32760,32763,32764,32767,55593,0
11953,938,32716,32836,32759,32762,32764,32766,55592,0
11954,938,32751,32808,32758,32762,32764,32767,55592,0
11955,939,32762,32797,32760,32763,32765,32767,55593,0
11956,942,32745,32818,32761,32763,32764,32766,55593,0
11957,938,32712,32844,32760,32764,32766,32766,55592,0
11958,939,32767,32839,32760,32763,32765,32768,55593,0
11959,938,32779,32827,32759,32762,32765,32767,55591,0
11960,938,32712,32786,32761,32763,32765,32766,55592,1
11961,942,32722,32799,32759,32762,32764,32767,55593,0
11962,939,32767,32847,32758,32763,32764,32766,55592,0
11963,938,32748,32836,32760,32763,32764,32766,55593,1
11964,938,32722,32816,32760,32763,32763,32767,55592,0
11965,939,32771,32826,32760,32763,32764,32766,55591,0
11966,942,32768,32829,32759,32763,32764,32766,55592,2
11967,938,32715,32842,32760,32763,32764,32766,55591,1
11968,938,32747,32821,32759,32763,32764,32767,55592,0
11969,938,32764,32815,32760,32762,32764,32766,55593,0
11970,938,32717,32823,32759,32763,32763,32766,55595,0
11971,942,32711,32831,32759,32763,32764,32766,55593,0
11972,939,32754,32837,32760,32763,32764,32767,55595,0
11973,938,32748,32822,32760,32763,32764,32766,55594,1
11974,938,32705,32797,32759,32762,32765,32766,55593,1
11975,938,32739,32830,32760,32763,32764,32766,55594,1
11976,943,32756,32844,32760,32762,32765,32768,55593,0
11977,938,32741,32840,32759,32763,32765,32767,55593,0
11978,938,32716,32811,32760,32763,32765,32765,55593,1
11979,939,32773,32796,32759,32762,32764,32767,55593,1
11980,938,32779,32832,32761,32763,32764,32766,55594,0
11981,942,32728,32845,32759,32763,32765,32767,55594,1
11982,939,32766,32840,32759,32764,32764,32766,55593,0
11983,938,32748,32811,32759,32763,32764,32766,55594,1
11984,938,32721,32820,32759,32763,32765,32766,55594,1
11985,944,32738,32833,32759,32762,32764,32766,55595,0
11986,942,32755,32846,32760,32763,32764,32765,55593,0
11987,938,32763,32835,32759,32762,32763,32767,55593,0
11988,938,32716,32821,32761,32764,32765,32766,55593,1
11989,939,32743,32816,32760,32762,32764,32767,55595,1
11990,938,32763,32837,32760,32763,32765,32767,55592,0
11991,942,32753,32825,32760,32763,32763,32766,55589,0
11992,939,32709,32827,32760,32763,32765,32767,55595,0
11993,938,32769,32802,32760,32763,32765,32766,55594,0
11994,938,32749,32824,32760,32762,32765,32767,55594,0
11995,938,32720,32837,32758,32764,32764,32768,55594,1
11996,943,32726,32828,32759,32762,32762,32767,55595,0
11997,938,32755,32821,32760,32762,32764,32767,55595,0
11998,938,32742,32807,32761,32762,32765,32766,55595,0
11999,939,32709,32823,32760,32762,32765,32766,55595,0
12000,938,32746,32846,32761,32763,32764,32766,55595,0
12001,942,32734,32846,32759,32762,32764,32767,55594,0
12002,943,32715,32829,32760,32762,32765,32767,55594,2
12003,938,32723,32815,32759,32764,32764,32768,55595,1
12004,939,32755,32832,32759,32762,32764,32766,55594,0
12005,938,32733,32833,32760,32763,32764,32766,55595,1
12006,942,32690,32818,32760,32763,32764,32767,55594,1
12007,939,32752,32806,32759,32763,32763,32767,55594,0
12008,938,32751,32822,32760,32763,32765,32766,55594,0
12009,938,32721,32834,32759,32763,32765,32766,55595,0
12010,938,32739,32835,32760,32763,32765,32765,55595,0
12011,943,32773,32817,32760,32762,32764,32766,55595,0
12012,938,32737,32815,32759,32763,32764,32766,55595,0
12013,938,32709,32810,32761,32763,32765,32767,55595,0
12014,939,32753,32842,32759,32763,32764,32767,55595,1
12015,938,32740,32835,32760,32762,32765,32766,55595,0
12016,942,32714,32827,32760,32763,32764,32766,55595,0
12017,939,32747,32799,32760,32763,32764,32766,55595,1
12018,949,32755,32800,32759,32763,32763,32767,55596,0
12019,938,32756,32842,32759,32762,32764,32767,55594,0
12020,938,32709,32828,32760,32763,32764,32767,55601,1
12021,942,32735,32818,32759,32762,32764,32766,55595,1
12022,939,32740,32814,32759,32762,32763,32766,55595,0
12023,938,32741,32813,32760,32763,32763,32766,55595,0
12024,938,32694,32847,32760,32763,32764,32767,55596,0
12025,939,32763,32843,32759,32762,32764,32766,55595,1
12026,942,32750,32819,32761,32763,32764,32766,55596,0
12027,938,32697,32794,32760,32763,32765,32767,55595,0
12028,938,32735,32825,32759,32763,32763,32766,55593,1
12029,938,32745,32834,32759,32763,32765,32767,55596,0
12030,939,32725,32834,32759,32764,32764,32767,55596,0
12031,942,32717,32821,32760,32763,32764,32767,55595,0
12032,938,32745,32812,32759,32763,32763,32767,55595,1
12033,939,32741,32836,32760,32763,32764,32766,55596,0
12034,938,32701,32819,32760,32763,32764,32766,55597,0
12035,938,32759,32823,32759,32763,32765,32766,55597,0
12036,942,32750,32810,32760,32763,32764,32766,55596,0
12037,938,32737,32807,32759,32763,32764,32766,55596,0
12038,939,32730,32836,32760,32763,32763,32766,55596,0
12039,938,32761,32853,32759,32763,32763,32766,55595,1
12040,938,32735,32839,32760,32762,32764,32766,55595,0
12041,942,32705,32793,32760,32763,32765,32766,55596,0
12042,939,32737,32829,32760,32762,32764,32767,55596,1
12043,938,32751,32851,32760,32763,32764,32766,55597,0
12044,938,32722,32849,32760,32763,32764,32766,55598,0
12045,938,32732,32796,32759,32762,32765,32766,55597,0
12046,943,32745,32805,32759,32762,32765,32767,55597,1
12047,938,32752,32855,32759,32764,32764,32766,55596,1
12048,938,32702,32849,32760,32764,32764,32766,55597,0
12049,939,32738,32835,32760,32763,32765,32767,55596,0
12050,938,32751,32809,32759,32762,32764,32767,55596,0
12051,946,32706,32828,32761,32763,32765,32767,55597,0
12052,943,32684,32833,32761,32763,32764,32767,55597,0
12053,938,32750,32859,32759,32762,32763,32767,55596,0
12054,939,32748,32847,32760,32764,32764,32767,55597,0
12055,938,32705,32831,32760,32763,32763,32766,55597,1
12056,942,32733,32827,32760,32763,32765,32767,55596,0
12057,939,32751,32842,32760,32763,32764,32766,55596,0
12058,938,32727,32857,32760,32762,32765,32767,55598,1
12059,938,32721,32847,32760,32763,32765,32766,55598,0
12060,938,32750,32814,32760,32763,32764,32766,55596,1
12061,943,32746,32811,32760,32763,32765,32767,55597,0
12062,938,32702,32850,32761,32763,32765,32766,55597,0
12063,938,32725,32834,32760,32762,32764,32766,55596,1
12064,939,32752,32835,32760,32764,32763,32766,55598,0
12065,938,32731,32810,32760,32763,32764,32766,55598,0
12066,942,32707,32824,32760,32764,32764,32766,55598,0
12067,938,32772,32839,32760,32763,32764,32767,55598,0
12068,938,32753,32847,32760,32763,32765,32766,55598,0
12069,938,32712,32815,32761,32763,32764,32767,55599,1
12070,939,32742,32812,32760,32763,32764,32767,55598,0
12071,942,32761,32838,32761,32763,32764,32766,55599,0
12072,938,32747,32848,32760,32763,32764,32767,55597,0
12073,939,32696,32837,32761,32763,32765,32767,55598,0
12074,938,32758,32820,32761,32763,32765,32766,55597,0
12075,938,32755,32838,32761,32763,32765,32767,55597,0
12076,942,32726,32835,32760,32764,32765,32767,55597,1
12077,939,32728,32844,32761,32763,32764,32767,55598,0
12078,938,32753,32828,32760,32763,32764,32768,55598,0
12079,938,32749,32813,32759,32763,32764,32767,55597,1
12080,938,32712,32821,32760,32762,32765,32766,55598,0
12081,942,32759,32844,32760,32763,32765,32767,55597,0
12082,939,32751,32862,32759,32764,32765,32766,55599,0
12083,938,32701,32823,32760,32762,32764,32766,55598,0
12084,943,32750,32804,32760,32762,32764,32766,55598,0
12085,938,32752,32833,32760,32763,32765,32767,55598,0
12086,942,32744,32857,32760,32763,32765,32766,55598,1
12087,939,32702,32837,32759,32763,32764,32766,55598,0
12088,938,32767,32831,32761,32762,32764,32766,55599,0
12089,938,32759,32822,32759,32763,32765,32766,55598,0
12090,938,32707,32827,32760,32762,32765,32767,55598,0
12091,943,32742,32843,32759,32763,32764,32767,55599,0
12092,938,32771,32847,32760,32763,32765,32765,55599,0
12093,938,32740,32828,32759,32764,32765,32766,55598,0
12094,939,32724,32807,32760,32763,32764,32766,55599,1
12095,938,32761,32840,32760,32764,32765,32766,55598,0
12096,942,32753,32862,32760,32763,32764,32768,55599,0
12097,938,32711,32838,32760,32764,32764,32768,55599,0
12098,939,32727,32798,32760,32763,32764,32766,55598,0
12099,938,32759,32820,32761,32763,32764,32766,55598,0
12100,938,32720,32845,32759,32763,32764,32766,55599,0
12101,942,32703,32834,32759,32763,32765,32765,55600,1
12102,938,32758,32821,32759,32762,32764,32767,55599,0
12103,939,32744,32812,32760,32762,32765,32766,55598,1
12104,938,32720,32850,32760,32763,32764,32766,55598,3
12105,938,32747,32839,32760,32763,32765,32767,55599,0
12106,942,32757,32843,32760,32764,32764,32767,55600,0
12107,938,32744,32813,32760,32763,32764,32766,55599,1
12108,938,32700,32796,32760,32763,32765,32767,55599,0
12109,939,32754,32855,32760,32762,32764,32766,55600,0
12110,938,32765,32848,32761,32763,32765,32766,55599,0
12111,942,32708,32836,32759,32763,32764,32768,55600,1
12112,939,32759,32810,32759,32763,32764,32766,55599,0
12113,938,32772,32843,32759,32764,32764,32768,55600,1
12114,938,32743,32860,32760,32763,32764,32767,55600,1
12115,938,32723,32859,32760,32763,32764,32767,55599,0
12116,943,32772,32836,32760,32763,32764,32766,55599,4
12117,944,32756,32819,32760,32763,32764,32766,55599,0
12118,943,32710,32805,32760,32764,32764,32766,55600,0
12119,938,32723,32838,32759,32764,32763,32766,55599,0
12120,939,32766,32843,32759,32762,32764,32767,55599,0
12121,942,32760,32847,32760,32763,32763,32766,55600,0
12122,938,32716,32813,32760,32763,32765,32768,55599,0
12123,939,32760,32816,32760,32763,32764,32767,55600,1
12124,938,32765,32854,32760,32763,32765,32766,55599,0
12125,938,32746,32849,32760,32764,32764,32766,55599,0
12126,943,32714,32821,32760,32763,32764,32766,55601,0
12127,938,32767,32811,32759,32764,32764,32767,55600,0
12128,938,32738,32848,32761,32763,32765,32766,55600,0
12129,938,32707,32849,32760,32763,32765,32767,55601,0
12130,939,32778,32853,32759,32763,32765,32766,55601,2
12131,942,32766,32820,32759,32762,32764,32766,55601,0
12132,938,32740,32818,32759,32763,32765,32767,55601,0
12133,939,32737,32815,32759,32763,32764,32766,55599,2
12134,943,32759,32853,32760,32763,32765,32766,55600,0
12135,938,32753,32837,32760,32763,32765,32765,55600,0
12136,943,32718,32824,32760,32764,32764,32766,55601,0
12137,938,32744,32798,32759,32763,32764,32767,55600,0
12138,938,32755,32839,32759,32763,32764,32765,55603,0
12139,938,32751,32843,32760,32763,32764,32767,55600,0
12140,939,32727,32824,32759,32763,32763,32766,55601,0
12141,942,32757,32825,32759,32763,32765,32767,55600,6
12142,938,32751,32804,32759,32764,32764,32767,55600,1
12143,939,32707,32851,32761,32763,32764,32767,55600,0
12144,938,32760,32851,32760,32763,32764,32766,55600,0
12145,938,32763,32834,32760,32763,32765,32766,55602,0
12146,943,32743,32802,32760,32763,32764,32766,55599,0
12147,938,32718,32815,32760,32763,32765,32767,55602,0
12148,938,32778,32841,32760,32763,32765,32766,55601,1
12149,938,32747,32852,32760,32763,32764,32767,55600,0
12150,944,32704,32822,32761,32763,32765,32766,55601,0
12151,942,32731,32800,32760,32763,32764,32767,55602,0
12152,938,32765,32823,32759,32763,32764,32766,55596,0
12153,939,32739,32828,32759,32763,32765,32767,55601,0
12154,938,32712,32817,32760,32764,32764,32766,55600,0
12155,938,32759,32799,32760,32763,32764,32766,55602,1
12156,943,32750,32796,32760,32763,32764,32768,55602,1
12157,938,32729,32831,32760,32762,32765,32765,55601,1
12158,938,32740,32833,32760,32763,32764,32767,55601,0
12159,938,32768,32817,32760,32763,32765,32766,55601,0
12160,939,32742,32814,32760,32762,32764,32767,55602,0
12161,942,32709,32798,32760,32762,32764,32766,55601,0
12162,938,32765,32850,32760,32763,32764,32767,55601,0
12163,938,32754,32833,32760,32763,32764,32766,55603,0
12164,938,32711,32817,32759,32763,32765,32767,55601,0
12165,938,32728,32796,32759,32763,32764,32768,55603,0
12166,943,32751,32808,32760,32764,32765,32765,55602,0
12167,943,32736,32844,32761,32763,32765,32766,55603,0
12168,938,32704,32845,32759,32764,32764,32766,55601,1
12169,939,32749,32826,32759,32762,32765,32766,55602,0
12170,938,32757,32795,32761,32762,32765,32767,55602,0
12171,943,32735,32822,32760,32764,32764,32766,55602,1
12172,938,32729,32856,32760,32763,32764,32766,55601,0
12173,938,32742,32838,32760,32763,32765,32766,55601,0
12174,938,32747,32830,32761,32763,32764,32766,55600,0
12175,939,32704,32797,32760,32763,32764,32767,55601,0
12176,942,32754,32819,32759,32764,32764,32766,55601,0
12177,938,32748,32852,32760,32763,32763,32767,55602,1
12178,939,32707,32835,32760,32762,32764,32767,55601,0
12179,938,32747,32797,32760,32763,32765,32766,55602,0
12180,938,32757,32826,32760,32763,32765,32767,55601,0
12181,942,32737,32843,32759,32763,32764,32766,55602,0
12182,939,32694,32823,32760,32762,32764,32766,55602,1
12183,949,32744,32832,32760,32762,32764,32767,55597,1
12184,938,32752,32823,32760,32763,32764,32766,55602,0
12185,938,32735,32797,32760,32762,32765,32766,55602,0
12186,943,32706,32818,32760,32762,32764,32766,55602,0
12187,938,32750,32844,32760,32762,32764,32766,55602,1
12188,938,32751,32839,32759,32763,32763,32767,55602,0
12189,938,32716,32821,32760,32763,32764,32767,55602,1
12190,939,32729,32799,32759,32763,32764,32767,55601,0
12191,942,32747,32833,32759,32763,32765,32766,55603,0
12192,938,32729,32846,32760,32763,32764,32766,55603,0
12193,938,32709,32825,32760,32762,32763,32767,55602,0
12194,939,32755,32806,32760,32763,32765,32767,55603,0
12195,938,32754,32816,32759,32763,32764,32766,55603,0
12196,942,32724,32842,32759,32764,32764,32766,55602,0
12197,939,32733,32840,32759,32764,32763,32765,55603,0
12198,938,32753,32835,32759,32762,32764,32767,55605,0
12199,938,32736,32815,32761,32763,32765,32766,55603,1
12200,938,32695,32821,32759,32763,32764,32766,55603,0
12201,943,32765,32841,32760,32763,32764,32766,55603,5
12202,938,32755,32842,32760,32763,32764,32765,55602,0
12203,938,32704,32817,32760,32763,32764,32767,55603,1
12204,938,32758,32796,32760,32763,32764,32766,55602,1
12205,939,32769,32838,32760,32763,32764,32766,55602,0
12206,942,32753,32865,32760,32763,32764,32766,55603,0
12207,938,32707,32830,32760,32763,32764,32766,55603,1
12208,939,32755,32820,32761,32761,32764,32767,55604,1
12209,938,32743,32814,32759,32763,32763,32766,55602,0
12210,938,32717,32837,32760,32763,32764,32766,55603,0
12211,942,32742,32845,32761,32763,32765,32767,55604,0
12212,938,32759,32835,32759,32762,32765,32767,55603,1
12213,938,32732,32825,32761,32763,32766,32766,55603,0
12214,939,32711,32820,32760,32763,32764,32767,55603,0
12215,938,32743,32843,32760,32764,32765,32766,55602,0
12216,948,32757,32838,32761,32763,32764,32767,55603,1
12217,938,32720,32844,32760,32763,32765,32767,55603,0
12218,938,32736,32804,32759,32764,32764,32767,55603,0
12219,938,32766,32827,32760,32763,32764,32766,55604,0
12220,939,32745,32841,32759,32763,32764,32767,55602,0
12221,942,32735,32848,32761,32763,32763,32767,55603,0
12222,938,32765,32823,32760,32763,32764,32767,55604,0
12223,939,32768,32812,32759,32761,32764,32767,55603,0
12224,938,32720,32826,32760,32762,32765,32767,55604,0
12225,938,32753,32829,32760,32763,32764,32766,55603,0
12226,939,32779,32844,32760,32763,32765,32767,55603,0
12227,942,32731,32819,32760,32762,32764,32767,55604,0
12228,938,32699,32804,32761,32763,32765,32767,55603,0
12229,938,32758,32825,32760,32762,32764,32768,55604,0
12230,939,32760,32836,32759,32763,32764,32767,55604,0
12231,942,32728,32824,32760,32763,32763,32767,55605,0
12232,938,32743,32798,32760,32763,32765,32766,55605,0
12233,938,32747,32813,32760,32763,32765,32767,55605,0
12234,938,32736,32850,32760,32762,32764,32766,55603,0
12235,939,32713,32839,32761,32764,32764,32767,55604,0
12236,942,32752,32820,32760,32762,32763,32767,55604,0
12237,938,32745,32805,32760,32763,32763,32766,55603,0
12238,938,32699,32824,32760,32763,32765,32766,55605,0
12239,939,32743,32848,32760,32763,32764,32767,55604,1
12240,938,32759,32835,32759,32763,32765,32766,55604,0
12241,942,32737,32819,32760,32762,32765,32767,55604,0
12242,939,32706,32810,32760,32763,32766,32767,55606,0
12243,938,32755,32833,32760,32763,32765,32767,55604,0
12244,938,32742,32833,32760,32764,32764,32766,55604,1
12245,938,32700,32833,32759,32762,32765,32766,55605,0
12246,943,32740,32789,32759,32762,32765,32767,55606,1
12247,938,32765,32818,32760,32764,32764,32767,55605,0
12248,938,32724,32835,32760,32763,32765,32767,55604,0
12249,943,32715,32814,32759,32762,32765,32765,55605,0
12250,938,32749,32819,32761,32762,32764,32766,55605,1
12251,942,32747,32795,32760,32763,32764,32766,55604,0
12252,939,32723,32799,32760,32763,32764,32767,55605,0
12253,938,32740,32827,32759,32763,32764,32766,55605,0
12254,938,32763,32823,32759,32763,32765,32766,55606,1
12255,938,32727,32824,32760,32762,32764,32766,55605,0
12256,943,32697,32794,32759,32763,32764,32767,55605,1
12257,938,32753,32799,32760,32762,32764,32766,55604,1
12258,938,32748,32848,32761,32763,32763,32767,55605,0
12259,939,32715,32838,32760,32762,32764,32765,55604,0
12260,938,32727,32802,32760,32763,32763,32766,55604,1
12261,942,32752,32813,32760,32763,32764,32766,55605,1
12262,939,32734,32844,32760,32764,32764,32767,55604,0
12263,938,32694,32840,32760,32762,32764,32767,55606,1
12264,938,32746,32828,32760,32763,32765,32766,55605,0
12265,938,32736,32810,32760,32762,32764,32766,55606,1
12266,942,32698,32804,32761,32763,32765,32767,55601,0
12267,938,32742,32830,32760,32763,32765,32766,55605,0
12268,938,32749,32826,32760,32762,32764,32767,55611,0
12269,938,32728,32830,32760,32764,32764,32767,55606,0
12270,939,32713,32789,32759,32762,32765,32767,55606,0
12271,942,32750,32798,32760,32762,32765,32767,55605,0
12272,938,32750,32848,32760,32763,32764,32766,55605,0
12273,939,32714,32841,32760,32763,32765,32767,55606,1
12274,938,32735,32821,32760,32763,32765,32766,55606,0
12275,938,32755,32812,32760,32762,32764,32766,55605,0
12276,943,32738,32834,32760,32764,32764,32767,55605,0
12277,938,32717,32822,32760,32763,32762,32767,55606,0
12278,938,32755,32830,32760,32762,32765,32767,55606,0
12279,938,32737,32804,32760,32763,32764,32765,55607,0
12280,939,32699,32790,32760,32763,32763,32766,55605,0
12281,942,32739,32832,32760,32763,32765,32767,55605,0
12282,944,32750,32839,32760,32763,32764,32767,55605,1
12283,938,32740,32845,32760,32763,32764,32767,55606,0
12284,938,32691,32799,32760,32762,32764,32766,55605,0
12285,938,32741,32807,32760,32763,32765,32766,55605,0
12286,942,32769,32830,32760,32763,32765,32767,55607,1
12287,939,32703,32847,32760,32763,32764,32766,55606,0
12288,938,32732,32813,32760,32762,32764,32766,55607,0
12289,938,32763,32798,32760,32762,32764,32766,55606,0
12290,938,32722,32816,32760,32763,32764,32766,55605,0
12291,942,32702,32837,32759,32762,32765,32767,55606,0
12292,938,32744,32837,32760,32763,32764,32766,55607,0
12293,939,32762,32825,32760,32763,32765,32766,55606,0
12294,938,32717,32801,32760,32762,32764,32766,55607,1
12295,938,32766,32839,32761,32764,32764,32766,55606,0
12296,942,32754,32848,32759,32763,32764,32766,55606,0
12297,939,32750,32838,32760,32763,32765,32767,55606,0
12298,938,32712,32817,32759,32763,32763,32767,55607,0
12299,938,32753,32817,32760,32763,32764,32767,55607,1
12300,938,32752,32845,32759,32762,32764,32767,55606,0
12301,942,32711,32874,32760,32763,32765,32766,55605,0
12302,939,32750,32835,32760,32763,32764,32766,55607,0
12303,938,32761,32832,32759,32762,32764,32767,55606,0
12304,938,32716,32828,32759,32763,32764,32766,55607,0
12305,938,32711,32840,32760,32763,32765,32767,55607,0
12306,943,32760,32837,32761,32763,32764,32766,55607,0
12307,938,32755,32844,32760,32763,32765,32767,55607,0
12308,938,32715,32801,32760,32763,32763,32767,55607,0
12309,939,32741,32822,32761,32763,32764,32767,55607,1
12310,938,32757,32838,32760,32762,32763,32767,55607,0
12311,942,32727,32827,32761,32763,32764,32766,55607,0
12312,939,32690,32815,32760,32762,32763,32767,55607,0
12313,938,32751,32800,32759,32764,32764,32767,55606,0
12314,938,32743,32852,32759,32763,32764,32766,55607,0
12315,938,32701,32844,32760,32763,32765,32766,55607,0
12316,942,32741,32836,32759,32763,32764,32767,55608,0
12317,938,32754,32821,32760,32763,32763,32767,55607,0
12318,939,32726,32817,32760,32763,32765,32766,55606,0
12319,938,32717,32837,32759,32762,32764,32766,55607,0
12320,938,32761,32836,32760,32763,32764,32767,55608,0
12321,942,32747,32830,32761,32763,32765,32766,55607,0
12322,938,32696,32796,32760,32764,32764,32767,55606,0
12323,939,32740,32813,32760,32762,32763,32767,55607,0
12324,938,32751,32843,32759,32764,32765,32766,55609,0
12325,938,32736,32837,32759,32763,32763,32766,55607,0
12326,943,32721,32819,32760,32763,32765,32766,55607,0
12327,938,32756,32808,32760,32763,32764,32767,55606,0
12328,938,32752,32839,32760,32762,32764,32765,55607,0
12329,938,32702,32847,32759,32763,32765,32767,55607,0
12330,939,32751,32831,32759,32764,32765,32766,55608,0
12331,947,32752,32825,32759,32763,32764,32767,55608,0
12332,938,32739,32798,32761,32763,32764,32766,55606,0
12333,938,32711,32830,32759,32762,32765,32765,55609,1
12334,938,32764,32851,32760,32762,32764,32767,55608,0
12335,939,32758,32837,32758,32763,32765,32766,55608,0
12336,942,32705,32805,32760,32763,32765,32766,55607,0
12337,938,32736,32797,32760,32763,32764,32766,55606,1
12338,939,32754,32844,32759,32762,32765,32766,55609,0
12339,938,32728,32840,32759,32763,32764,32766,55606,1
12340,938,32723,32820,32760,32763,32764,32767,55608,1
12341,943,32745,32801,32760,32764,32764,32766,55609,1
12342,938,32740,32828,32760,32763,32764,32766,55608,0
12343,938,32707,32845,32759,32763,32764,32766,55609,0
12344,938,32737,32833,32759,32762,32764,32766,55607,0
12345,939,32756,32818,32759,32763,32765,32767,55607,0
12346,942,32722,32815,32759,32763,32764,32766,55609,1
12347,938,32729,32821,32760,32764,32764,32766,55608,0
12348,938,32756,32853,32759,32763,32764,32766,55608,0
12349,938,32743,32833,32759,32763,32765,32766,55608,0
12350,938,32691,32803,32761,32763,32764,32766,55608,0
12351,943,32746,32804,32759,32764,32764,32766,55608,0
12352,938,32753,32844,32760,32763,32765,32765,55608,0
12353,938,32732,32867,32759,32763,32765,32766,55608,0
12354,939,32710,32841,32759,32763,32764,32766,55609,0
12355,938,32752,32809,32760,32763,32764,32767,55609,0
12356,942,32742,32835,32760,32763,32765,32767,55608,0
12357,939,32707,32846,32760,32762,32764,32766,55608,0
12358,938,32743,32833,32760,32762,32764,32766,55609,0
12359,938,32742,32835,32759,32763,32765,32766,55609,0
12360,938,32722,32804,32760,32763,32763,32767,55609,0
12361,943,32719,32811,32759,32763,32764,32766,55610,0
12362,938,32752,32841,32760,32763,32765,32766,55609,0
12363,938,32743,32836,32760,32761,32765,32767,55610,0
12364,944,32685,32808,32761,32764,32765,32767,55610,1
12365,938,32724,32793,32759,32763,32765,32767,55608,0
12366,942,32750,32828,32760,32764,32764,32765,55608,0
12367,938,32739,32844,32759,32763,32764,32767,55608,0
12368,939,32703,32820,32760,32763,32764,32766,55609,0
12369,938,32764,32807,32761,32762,32765,32766,55609,0
12370,938,32745,32800,32760,32763,32763,32766,55610,0
12371,942,32701,32843,32760,32763,32765,32766,55607,0
12372,938,32733,32835,32759,32763,32764,32766,55609,0
12373,939,32761,32848,32761,32763,32763,32766,55609,0
12374,938,32738,32807,32760,32763,32765,32765,55609,0
12375,938,32704,32793,32761,32763,32765,32766,55609,1
12376,942,32757,32840,32760,32763,32764,32767,55610,1
12377,939,32753,32847,32759,32762,32764,32767,55610,0
12378,938,32702,32837,32759,32763,32764,32766,55609,0
12379,938,32731,32805,32760,32762,32764,32766,55609,1
12380,938,32744,32845,32759,32763,32764,32766,55608,0
12381,942,32740,32853,32760,32763,32764,32766,55609,0
12382,939,32705,32847,32760,32763,32764,32766,55609,0
12383,938,32752,32812,32760,32764,32764,32767,55609,0
12384,938,32732,32806,32759,32761,32765,32767,55609,0
12385,938,32696,32841,32761,32762,32763,32767,55609,0
12386,943,32740,32843,32759,32763,32764,32766,55609,0
12387,938,32744,32841,32760,32763,32764,32766,55609,0
12388,938,32728,32818,32760,32764,32764,32767,55608,0
12389,938,32708,32801,32760,32763,32764,32767,55609,0
12390,939,32756,32846,32760,32763,32765,32767,55610,0
12391,942,32750,32852,32760,32763,32764,32766,55608,0
12392,938,32700,32832,32759,32763,32765,32766,55609,0
12393,939,32734,32796,32759,32763,32765,32767,55609,1
12394,938,32746,32836,32761,32763,32765,32766,55609,3
12395,938,32723,32858,32761,32762,32763,32768,55610,0
12396,942,32708,32852,32761,32764,32764,32766,55611,1
12397,943,32762,32828,32760,32764,32764,32767,55609,1
12398,938,32736,32807,32759,32763,32764,32766,55610,0
12399,938,32710,32833,32760,32763,32765,32766,55609,0
12400,939,32747,32844,32761,32763,32765,32767,55610,0
12401,941,32760,32846,32761,32762,32764,32767,55610,0
12402,939,32735,32829,32760,32763,32765,32767,55609,0
12403,938,32712,32807,32760,32763,32765,32767,55609,0
12404,938,32759,32846,32759,32762,32764,32767,55610,0
12405,938,32737,32869,32760,32763,32764,32766,55610,0
12406,943,32706,32852,32760,32763,32765,32767,55611,0
12407,938,32733,32813,32758,32761,32764,32767,55609,1
12408,938,32761,32814,32761,32763,32765,32765,55609,0
12409,939,32729,32850,32760,32763,32764,32767,55610,0
12410,938,32716,32844,32759,32763,32764,32767,55610,0
12411,939,32761,32845,32760,32764,32765,32766,55610,0
12412,941,32739,32811,32760,32763,32764,32766,55610,0
12413,938,32715,32840,32761,32763,32765,32766,55609,0
12414,938,32743,32860,32760,32763,32765,32766,55609,0
12415,938,32747,32859,32759,32762,32764,32766,55608,0
12416,943,32729,32836,32759,32763,32764,32766,55610,0
12417,938,32704,32816,32760,32762,32764,32767,55610,0
12418,938,32755,32867,32760,32763,32764,32766,55611,1
12419,939,32732,32862,32760,32763,32764,32768,55611,0
12420,938,32713,32835,32759,32763,32764,32767,55610,0
12421,942,32738,32823,32759,32762,32764,32767,55610,0
12422,939,32740,32825,32759,32762,32765,32767,55608,0
12423,938,32737,32840,32760,32762,32763,32767,55609,1
12424,938,32723,32841,32760,32762,32763,32767,55612,0
12425,938,32743,32832,32760,32763,32764,32767,55612,0
12426,942,32757,32817,32760,32764,32764,32766,55610,1
12427,938,32698,32812,32760,32763,32763,32767,55611,0
12428,939,32750,32843,32760,32764,32765,32766,55611,0
12429,938,32743,32837,32761,32764,32764,32766,55616,0
12430,943,32706,32826,32761,32763,32764,32766,55611,0
12431,942,32714,32803,32760,32763,32764,32767,55611,0
12432,938,32750,32816,32759,32763,32765,32765,55610,0
12433,938,32753,32844,32760,32763,32765,32767,55611,0
12434,938,32715,32840,32760,32763,32764,32768,55611,0
12435,939,32744,32824,32761,32763,32763,32766,55610,0
12436,942,32740,32808,32758,32762,32765,32767,55610,0
12437,938,32751,32835,32760,32763,32764,32767,55611,1
12438,939,32720,32839,32760,32763,32765,32766,55611,0
12439,938,32758,32832,32760,32763,32764,32766,55612,0
12440,938,32746,32819,32760,32764,32764,32766,55611,0
12441,943,32691,32816,32760,32763,32764,32768,55612,0
12442,938,32749,32837,32761,32763,32765,32765,55611,0
12443,938,32763,32851,32760,32763,32765,32766,55611,0
12444,938,32728,32844,32759,32762,32763,32766,55612,0
12445,939,32715,32798,32760,32763,32764,32767,55613,0
12446,942,32751,32823,32760,32763,32765,32767,55611,0
12447,938,32750,32858,32760,32763,32764,32766,55611,0
12448,938,32709,32843,32759,32762,32764,32767,55611,0
12449,938,32750,32840,32759,32762,32765,32766,55611,0
12450,938,32751,32811,32759,32763,32764,32767,55612,1
12451,943,32729,32832,32760,32763,32764,32766,55612,0
12452,938,32706,32841,32760,32762,32764,32767,55610,0
12453,938,32752,32846,32760,32763,32765,32766,55610,0
12454,938,32741,32819,32759,32762,32764,32766,55610,0
12455,939,32695,32811,32760,32763,32764,32767,55612,0
12456,942,32752,32831,32760,32762,32764,32766,55611,0
12457,938,32745,32848,32758,32762,32765,32767,55611,0
12458,939,32729,32839,32760,32763,32764,32766,55610,0
12459,938,32726,32798,32760,32763,32765,32766,55611,0
12460,938,32733,32805,32759,32762,32765,32767,55610,0
12461,943,32740,32852,32761,32763,32764,32767,55611,0
12462,938,32696,32837,32760,32763,32765,32766,55612,1
12463,948,32725,32834,32760,32764,32763,32766,55612,0
12464,943,32758,32833,32759,32763,32765,32766,55612,0
12465,938,32738,32816,32759,32763,32764,32766,55610,0
12466,943,32705,32835,32760,32762,32764,32766,55610,0
12467,938,32742,32851,32759,32763,32766,32766,55611,1
12468,938,32762,32840,32760,32763,32765,32766,55611,0
12469,939,32731,32823,32761,32763,32765,32765,55612,0
12470,938,32707,32804,32760,32763,32765,32766,55611,0
12471,942,32756,32838,32760,32762,32764,32766,55612,0
12472,938,32755,32852,32760,32764,32765,32766,55612,1
12473,939,32721,32844,32760,32763,32765,32766,55612,0
12474,938,32744,32817,32760,32763,32764,32766,55613,0
12475,938,32743,32814,32760,32763,32764,32766,55612,0
12476,943,32719,32853,32761,32763,32764,32766,55611,0
12477,938,32711,32849,32760,32763,32765,32767,55613,0
12478,938,32752,32833,32761,32763,32764,32766,55611,0
12479,938,32728,32809,32760,32764,32765,32766,55610,0
12480,938,32688,32833,32759,32763,32765,32765,55612,0
12481,942,32739,32840,32759,32762,32764,32766,55611,0
12482,938,32758,32829,32759,32763,32763,32766,55612,0
12483,939,32718,32832,32759,32763,32764,32767,55612,0
12484,938,32708,32811,32760,32763,32765,32767,55611,1
12485,938,32740,32844,32760,32763,32764,32767,55612,0
12486,942,32746,32855,32760,32763,32765,32766,55613,0
12487,939,32692,32818,32759,32764,32765,32766,55612,1
12488,938,32766,32797,32760,32762,32764,32767,55612,0
12489,938,32760,32816,32760,32763,32765,32768,55611,0
12490,938,32724,32856,32760,32763,32764,32766,55610,0
12491,943,32702,32835,32760,32763,32764,32767,55611,0
12492,938,32744,32834,32759,32763,32765,32767,55611,0
12493,939,32736,32811,32759,32763,32765,32766,55611,1
12494,938,32693,32817,32761,32763,32765,32766,55611,0
12495,938,32736,32840,32760,32763,32764,32766,55611,0
12496,947,32748,32858,32759,32764,32765,32766,55613,0
12497,943,32731,32844,32759,32763,32764,32768,55611,0
12498,938,32682,32804,32760,32763,32764,32766,55612,0
12499,939,32736,32837,32759,32763,32764,32766,55611,0
12500,938,32749,32855,32761,32763,32764,32766,55613,0
12501,942,32721,32856,32759,32763,32765,32766,55612,0
12502,939,32747,32835,32760,32762,32764,32767,55611,0
12503,938,32745,32804,32761,32764,32764,32767,55612,0
12504,938,32741,32838,32761,32763,32763,32766,55612,0
12505,938,32722,32834,32760,32763,32765,32767,55612,1
12506,943,32759,32840,32760,32763,32765,32766,55612,0
12507,938,32754,32830,32759,32763,32765,32767,55612,0
12508,938,32723,32806,32760,32762,32764,32766,55612,1
12509,938,32733,32841,32759,32763,32765,32766,55614,0
12510,939,32752,32868,32760,32763,32763,32767,55612,0
12511,942,32748,32846,32759,32763,32764,32766,55612,1
12512,938,32691,32817,32761,32763,32763,32766,55613,1
12513,938,32749,32814,32760,32763,32764,32766,55613,0
12514,938,32735,32842,32759,32762,32765,32764,55613,0
12515,938,32712,32854,32760,32764,32764,32767,55613,0
12516,943,32735,32844,32758,32763,32765,32768,55613,0
12517,938,32749,32816,32759,32763,32765,32766,55612,1
12518,938,32737,32837,32760,32764,32765,32766,55612,0
12519,939,32704,32861,32760,32763,32764,32767,55612,0
12520,938,32767,32848,32760,32764,32764,32766,55614,0
12521,943,32752,32840,32760,32763,32764,32767,55612,0
12522,938,32712,32802,32760,32763,32765,32766,55613,0
12523,938,32740,32811,32759,32762,32764,32767,55612,0
12524,938,32754,32853,32760,32764,32764,32767,55612,0
12525,939,32728,32857,32760,32763,32765,32767,55613,0
12526,942,32709,32838,32761,32762,32764,32766,55613,0
12527,938,32751,32818,32760,32763,32765,32767,55614,1
12528,939,32743,32867,32760,32763,32763,32767,55614,0
12529,949,32710,32851,32759,32762,32765,32765,55614,2
12530,938,32702,32853,32760,32762,32765,32766,55614,0
12531,942,32743,32846,32760,32763,32764,32767,55614,0
12532,938,32747,32815,32760,32763,32764,32766,55613,0
12533,938,32691,32854,32759,32763,32765,32766,55615,1
12534,939,32739,32863,32760,32764,32764,32765,55614,0
12535,938,32752,32850,32760,32764,32765,32765,55614,0
12536,942,32739,32840,32760,32764,32764,32766,55614,0
12537,939,32701,32819,32759,32763,32766,32766,55614,0
12538,938,32755,32853,32760,32763,32765,32766,55614,1
12539,938,32752,32856,32760,32762,32764,32766,55614,0
12540,938,32697,32843,32760,32762,32764,32767,55612,0
12541,943,32729,32813,32759,32762,32765,32767,55613,1
12542,938,32746,32829,32760,32763,32764,32767,55613,1
12543,938,32717,32838,32761,32763,32764,32767,55613,0
12544,938,32700,32836,32759,32763,32765,32766,55613,1
12545,944,32751,32836,32761,32763,32764,32766,55614,1
12546,942,32744,32822,32760,32763,32764,32766,55613,2
12547,939,32708,32809,32759,32764,32765,32766,55613,1
12548,938,32711,32843,32760,32763,32765,32766,55614,0
12549,938,32730,32848,32760,32763,32763,32765,55613,1
12550,938,32728,32837,32760,32763,32765,32766,55613,0
12551,943,32689,32817,32760,32763,32764,32766,55614,0
12552,938,32739,32860,32760,32762,32764,32767,55613,0
12553,938,32724,32866,32760,32763,32764,32767,55613,0
12554,939,32708,32855,32760,32763,32764,32767,55613,0
12555,938,32723,32819,32760,32762,32764,32766,55614,0
12556,942,32739,32819,32760,32762,32764,32767,55615,0
12557,939,32727,32848,32760,32763,32765,32766,55614,0
12558,938,32689,32851,32759,32762,32765,32767,55614,0
12559,938,32744,32840,32760,32763,32764,32766,55614,0
12560,938,32749,32825,32760,32763,32765,32767,55614,0
12561,943,32704,32822,32760,32763,32764,32766,55614,1
12562,949,32711,32830,32759,32763,32764,32767,55614,0
12563,938,32749,32849,32760,32763,32765,32766,55615,0
12564,938,32749,32858,32760,32763,32764,32766,55614,0
12565,938,32701,32845,32759,32763,32764,32766,55614,1
12566,943,32724,32799,32759,32763,32765,32767,55615,1
12567,938,32754,32851,32759,32762,32765,32766,55615,0
12568,938,32740,32857,32760,32762,32765,32767,55615,0
12569,939,32696,32838,32759,32762,32764,32766,55615,0
12570,938,32735,32824,32760,32763,32764,32766,55613,0
12571,942,32732,32828,32759,32763,32764,32767,55616,0
12572,939,32700,32859,32759,32763,32765,32766,55615,0
12573,938,32728,32856,32759,32763,32765,32766,55614,0
12574,938,32758,32856,32760,32763,32764,32767,55614,0
12575,938,32717,32823,32761,32763,32763,32767,55615,0
12576,943,32696,32833,32760,32763,32763,32766,55613,1
12577,938,32746,32860,32760,32763,32764,32766,55614,0
12578,938,32731,32859,32760,32763,32764,32765,55614,0
12579,938,32695,32836,32760,32763,32764,32767,55615,0
12580,938,32742,32831,32759,32764,32764,32768,55615,0
12581,943,32760,32841,32760,32763,32765,32766,55614,1
12582,938,32723,32857,32760,32764,32764,32766,55614,0
12583,938,32699,32841,32760,32763,32764,32767,55616,1
12584,938,32758,32823,32760,32762,32765,32767,55615,0
12585,939,32742,32828,32759,32764,32765,32766,55614,0
12586,941,32705,32856,32760,32763,32764,32766,55614,0
12587,939,32744,32865,32760,32763,32764,32766,55613,0
12588,938,32747,32832,32760,32763,32764,32766,55615,0
12589,938,32715,32823,32760,32762,32764,32767,55615,0
12590,939,32716,32826,32759,32763,32765,32766,55615,0
12591,942,32750,32856,32760,32763,32763,32765,55616,0
12592,938,32748,32851,32759,32762,32765,32767,55614,0
12593,938,32701,32837,32759,32763,32765,32766,55615,0
12594,939,32727,32809,32761,32763,32765,32767,55615,1
12595,949,32743,32831,32759,32763,32764,32765,55615,0
12596,942,32739,32862,32760,32763,32765,32766,55615,0
12597,938,32695,32861,32760,32762,32764,32767,55614,1
12598,938,32756,32850,32759,32763,32764,32767,55615,1
12599,938,32749,32834,32760,32762,32764,32768,55615,0
12600,939,32704,32835,32759,32764,32765,32766,55615,0
12601,942,32704,32845,32760,32763,32764,32766,55616,1
12602,938,32741,32855,32760,32762,32764,32766,55616,1
12603,938,32739,32840,32760,32764,32763,32766,55617,1
12604,939,32702,32814,32759,32763,32765,32767,55615,0
12605,938,32765,32842,32761,32764,32764,32767,55615,0
12606,942,32773,32848,32761,32763,32764,32767,55615,1
12607,939,32725,32847,32761,32764,32765,32768,55615,0
12608,938,32721,32821,32760,32763,32764,32767,55617,0
12609,938,32746,32818,32760,32761,32764,32765,55615,1
12610,938,32730,32860,32760,32763,32764,32767,55610,0
12611,942,32695,32863,32760,32763,32765,32766,55616,1
12612,938,32757,32841,32759,32763,32765,32766,55616,0
12613,938,32742,32827,32759,32763,32765,32768,55616,0
12614,938,32708,32833,32760,32762,32764,32766,55616,0
12615,939,32728,32841,32760,32763,32764,32767,55615,0
12616,942,32763,32855,32760,32764,32764,32766,55616,0
12617,938,32736,32849,32760,32763,32765,32766,55615,0
12618,939,32693,32807,32760,32763,32764,32766,55617,0
12619,938,32747,32823,32761,32764,32764,32767,55615,0
12620,938,32747,32863,32760,32762,32764,32765,55617,1
12621,943,32712,32850,32761,32763,32764,32766,55612,1
12622,938,32724,32839,32760,32762,32765,32767,55617,0
12623,938,32738,32830,32760,32762,32764,32767,55617,0
12624,938,32740,32851,32760,32763,32764,32767,55616,0
12625,939,32714,32847,32759,32763,32764,32766,55615,0
12626,942,32761,32847,32759,32763,32763,32767,55617,0
12627,938,32748,32834,32759,32762,32764,32766,55616,1
12628,944,32700,32821,32760,32763,32765,32767,55617,1
12629,938,32732,32856,32760,32763,32763,32767,55615,0
12630,938,32760,32859,32759,32764,32765,32766,55617,0
12631,943,32744,32852,32759,32763,32764,32767,55617,0
12632,938,32705,32823,32760,32762,32764,32766,55616,0
12633,938,32738,32811,32760,32763,32764,32767,55617,0
12634,938,32750,32864,32759,32763,32765,32766,55617,1
12635,939,32709,32863,32759,32763,32764,32766,55617,1
12636,942,32709,32841,32760,32762,32764,32767,55618,0
12637,938,32755,32809,32759,32763,32765,32766,55617,0
12638,939,32744,32832,32760,32763,32763,32766,55617,0
12639,938,32710,32846,32760,32763,32765,32767,55617,0
12640,938,32749,32843,32760,32763,32764,32766,55618,0
12641,942,32757,32838,32760,32762,32765,32766,55617,0
12642,938,32724,32812,32759,32762,32765,32766,55617,1
12643,939,32723,32849,32760,32762,32764,32767,55617,0
12644,943,32748,32858,32760,32763,32764,32766,55618,0
12645,938,32755,32869,32760,32763,32765,32766,55617,2
12646,943,32701,32846,32759,32762,32764,32765,55617,0
12647,938,32752,32812,32759,32763,32764,32766,55616,0
12648,938,32753,32837,32760,32763,32764,32766,55617,0
12649,938,32726,32869,32759,32763,32763,32767,55617,0
12650,939,32716,32835,32760,32764,32764,32766,55618,0
12651,942,32752,32835,32760,32763,32765,32767,55621,0
12652,938,32742,32823,32760,32763,32764,32766,55621,0
12653,939,32689,32847,32760,32762,32764,32765,55618,0
12654,938,32739,32856,32760,32763,32764,32766,55616,1
12655,938,32759,32840,32760,32762,32764,32767,55617,0
12656,939,32724,32815,32760,32762,32765,32767,55618,0
12657,942,32707,32802,32760,32762,32764,32766,55617,0
12658,938,32743,32842,32761,32763,32765,32766,55618,1
12659,938,32740,32855,32760,32763,32765,32766,55619,0
12660,939,32678,32835,32760,32762,32764,32767,55617,0
12661,947,32723,32796,32760,32762,32764,32767,55619,0
12662,938,32741,32828,32760,32762,32764,32767,55617,0
12663,938,32727,32851,32761,32762,32765,32767,55618,1
12664,938,32704,32860,32759,32763,32764,32766,55618,0
12665,939,32738,32835,32759,32762,32764,32767,55617,0
12666,942,32746,32822,32760,32763,32763,32766,55619,1
12667,938,32707,32849,32760,32762,32764,32766,55618,0
12668,938,32731,32844,32760,32762,32764,32766,55619,0
12669,939,32751,32845,32759,32763,32764,32766,55617,0
12670,938,32744,32830,32759,32762,32764,32767,55619,1
12671,942,32708,32801,32761,32763,32764,32766,55618,0
12672,939,32754,32852,32760,32762,32764,32766,55618,0
12673,938,32754,32863,32760,32762,32764,32766,55618,0
12674,938,32705,32849,32761,32762,32764,32767,55618,0
12675,938,32736,32814,32760,32764,32763,32766,55618,0
12676,943,32740,32822,32759,32762,32765,32767,55618,0
12677,944,32738,32856,32759,32763,32765,32766,55618,0
12678,943,32702,32863,32760,32763,32764,32767,55618,0
12679,938,32749,32847,32760,32763,32764,32768,55620,0
12680,939,32762,32820,32760,32763,32764,32766,55618,0
12681,942,32726,32821,32760,32763,32764,32767,55619,1
12682,938,32691,32835,32759,32762,32764,32767,55618,0
12683,939,32763,32846,32760,32762,32765,32767,55618,0
12684,938,32757,32841,32759,32763,32765,32768,55618,0
12685,938,32708,32801,32760,32764,32763,32766,55616,0
12686,943,32750,32831,32760,32763,32764,32766,55617,0
12687,938,32751,32848,32761,32763,32765,32767,55618,0
12688,938,32718,32856,32760,32763,32764,32766,55619,0
12689,938,32716,32834,32759,32763,32764,32766,55618,0
12690,939,32759,32813,32760,32762,32765,32767,55618,0
12691,938,32727,32829,32760,32763,32764,32766,55618,0
12692,942,32695,32847,32760,32763,32766,32766,55618,4
12693,938,32725,32848,32760,32763,32765,32765,55620,3
12694,948,32756,32840,32760,32764,32764,32767,55618,0
12695,938,32739,32813,32760,32762,32764,32766,55619,0
12696,942,32698,32821,32760,32763,32763,32767,55619,0
12697,939,32743,32854,32759,32762,32764,32767,55618,0
12698,938,32751,32858,32760,32762,32765,32766,55618,1
12699,938,32705,32830,32759,32763,32764,32766,55618,0
12700,938,32723,32807,32760,32763,32764,32767,55617,0
12701,943,32759,32834,32760,32763,32765,32767,55619,0
12702,938,32749,32856,32759,32763,32764,32768,55619,0
12703,938,32721,32841,32760,32763,32764,32767,55620,0
12704,938,32764,32834,32760,32763,32764,32767,55617,1
12705,939,32764,32829,32760,32763,32765,32767,55619,0
12706,942,32703,32860,32760,32762,32764,32767,55618,0
12707,938,32722,32836,32760,32763,32765,32765,55619,1
12708,939,32738,32835,32760,32763,32764,32766,55620,0
12709,938,32741,32835,32760,32763,32765,32767,55618,0
12710,938,32694,32824,32760,32763,32764,32767,55620,1
12711,942,32748,32853,32760,32762,32765,32766,55619,0
12712,938,32752,32849,32760,32763,32765,32768,55619,0
12713,939,32694,32850,32760,32762,32764,32767,55618,0
12714,938,32727,32815,32759,32762,32764,32767,55618,0
12715,938,32752,32838,32761,32763,32764,32766,55618,0
12716,942,32739,32858,32761,32763,32765,32766,55619,0
12717,939,32707,32850,32759,32763,32764,32766,55620,1
12718,938,32751,32841,32760,32762,32764,32767,55618,0
12719,938,32738,32816,32760,32762,32764,32766,55619,0
12720,938,32694,32846,32760,32764,32764,32766,55620,0
12721,942,32712,32841,32760,32763,32765,32767,55620,0
12722,939,32744,32844,32761,32763,32764,32767,55617,1
12723,938,32716,32823,32760,32763,32764,32767,55618,0
12724,938,32698,32811,32759,32764,32764,32767,55619,0
12725,938,32733,32818,32760,32763,32764,32766,55620,0
12726,943,32737,32837,32760,32763,32764,32766,55624,1
12727,948,32710,32843,32761,32762,32764,32766,55619,0
12728,938,32697,32819,32760,32763,32765,32766,55619,0
12729,938,32748,32817,32760,32763,32764,32767,55618,0
12730,938,32748,32853,32760,32764,32764,32767,55619,0
12731,943,32687,32842,32760,32763,32765,32766,55620,0
12732,938,32734,32828,32760,32763,32764,32765,55618,0
12733,938,32736,32799,32760,32762,32764,32765,55619,0
12734,939,32721,32811,32759,32763,32764,32767,55619,1
12735,938,32715,32825,32760,32762,32765,32767,55619,1
12736,942,32754,32841,32760,32763,32764,32767,55619,1
12737,939,32739,32843,32759,32764,32764,32766,55617,0
12738,938,32705,32825,32759,32763,32764,32767,55619,0
12739,938,32728,32815,32760,32762,32763,32767,55620,0
12740,938,32753,32847,32760,32763,32764,32767,55619,1
12741,943,32719,32844,32759,32763,32764,32766,55619,0
12742,938,32685,32826,32760,32762,32764,32766,55620,0
12743,938,32748,32808,32760,32762,32765,32767,55620,0
12744,938,32729,32841,32760,32763,32764,32766,55620,0
12745,938,32699,32837,32760,32762,32764,32766,55619,0
12746,942,32747,32848,32760,32763,32765,32768,55621,0
12747,938,32746,32814,32760,32763,32764,32767,55620,0
12748,939,32722,32830,32759,32763,32764,32766,55620,0
12749,938,32717,32848,32760,32763,32764,32765,55619,0
12750,938,32763,32857,32759,32762,32763,32767,55620,0
12751,942,32739,32850,32760,32763,32765,32766,55620,0
12752,939,32711,32817,32761,32763,32764,32766,55620,0
12753,938,32734,32823,32761,32763,32764,32766,55620,1
12754,938,32742,32858,32759,32763,32765,32767,55619,1
12755,939,32694,32847,32759,32763,32765,32767,55619,0
12756,939,32736,32815,32760,32763,32764,32766,55619,1
12757,941,32755,32804,32759,32762,32765,32767,55620,0
12758,938,32729,32821,32760,32762,32764,32767,55620,1
12759,939,32692,32844,32761,32763,32765,32767,55621,1
12760,949,32744,32855,32760,32762,32764,32766,55620,0
12761,942,32756,32835,32759,32762,32765,32766,55620,0
12762,938,32731,32808,32760,32764,32765,32765,55621,0
12763,938,32700,32825,32760,32763,32764,32766,55616,0
12764,938,32752,32845,32760,32763,32764,32765,55620,0
12765,939,32733,32840,32761,32763,32764,32767,55620,0
12766,942,32710,32847,32759,32763,32764,32767,55619,0
12767,938,32727,32798,32760,32763,32764,32766,55621,1
12768,938,32761,32827,32760,32763,32764,32766,55620,0
12769,939,32722,32839,32760,32763,32765,32766,55620,0
12770,938,32701,32831,32760,32764,32765,32768,55620,0
12771,942,32737,32817,32759,32765,32764,32767,55620,1
12772,939,32746,32811,32760,32763,32765,32766,55620,1
12773,938,32701,32832,32760,32763,32764,32766,55621,0
12774,938,32723,32829,32760,32763,32764,32767,55618,0
12775,939,32754,32837,32760,32763,32764,32767,55621,0
12776,942,32739,32826,32760,32762,32765,32767,55622,0
12777,938,32700,32821,32761,32764,32764,32767,55620,0
12778,938,32752,32844,32759,32763,32765,32766,55621,0
12779,938,32748,32854,32760,32763,32764,32766,55620,1
12780,938,32705,32830,32760,32763,32764,32766,55621,0
12781,943,32728,32807,32759,32764,32764,32766,55621,0
12782,938,32755,32847,32760,32763,32764,32767,55620,1
12783,938,32728,32858,32759,32762,32764,32766,55619,0
12784,939,32719,32837,32759,32764,32764,32766,55620,0
12785,938,32761,32828,32761,32762,32763,32767,55621,0
12786,942,32749,32820,32760,32763,32763,32766,55621,0
12787,939,32721,32848,32759,32763,32765,32766,55620,0
12788,938,32732,32842,32759,32764,32764,32767,55621,0
12789,938,32731,32839,32760,32763,32765,32766,55621,0
12790,939,32719,32832,32760,32763,32764,32767,55621,1
12791,942,32690,32817,32759,32762,32764,32767,55621,0
12792,938,32743,32842,32760,32763,32764,32766,55622,0
12793,944,32754,32842,32759,32763,32764,32767,55621,0
12794,938,32707,32838,32759,32763,32765,32767,55621,0
12795,938,32712,32815,32759,32763,32765,32767,55621,0
12796,942,32738,32815,32759,32763,32763,32766,55620,1
12797,939,32735,32845,32759,32763,32766,32766,55621,0
12798,938,32692,32855,32760,32763,32765,32767,55622,1
12799,938,32743,32833,32759,32762,32764,32766,55622,6
12800,939,32742,32819,32760,32763,32765,32767,55621,0
12801,941,32698,32805,32760,32763,32765,32767,55622,0
12802,939,32718,32847,32760,32763,32765,32767,55621,0
12803,938,32747,32851,32761,32763,32764,32767,55621,0
12804,938,32728,32822,32760,32762,32764,32767,55621,0
12805,938,32687,32801,32760,32763,32764,32766,55622,0
12806,943,32742,32830,32759,32763,32765,32766,55621,1
12807,938,32746,32853,32760,32764,32764,32767,55622,0
12808,938,32705,32846,32759,32763,32764,32767,55624,0
12809,944,32705,32827,32760,32762,32765,32768,55622,0
12810,938,32744,32815,32760,32763,32766,32767,55621,0
12811,943,32737,32849,32760,32763,32764,32766,55622,1
12812,938,32684,32859,32759,32764,32764,32767,55622,0
12813,938,32732,32859,32759,32763,32764,32765,55622,0
12814,938,32750,32840,32760,32763,32765,32767,55621,0
12815,939,32705,32814,32760,32763,32764,32766,55622,0
12816,942,32697,32849,32759,32762,32765,32767,55622,1
12817,938,32745,32850,32759,32763,32765,32766,55621,0
12818,939,32736,32840,32760,32762,32765,32767,55623,0
12819,938,32694,32818,32760,32762,32764,32767,55622,0
12820,938,32718,32833,32760,32763,32765,32766,55622,0
12821,943,32739,32836,32760,32762,32763,32766,55623,0
12822,938,32716,32861,32759,32763,32764,32766,55622,0
12823,938,32696,32819,32758,32762,32765,32767,55621,0
12824,938,32747,32810,32760,32763,32763,32766,55622,0
12825,939,32734,32837,32760,32762,32764,32767,55621,1
12826,946,32695,32830,32759,32763,32764,32767,55622,0
12827,938,32745,32844,32759,32762,32764,32767,55622,0
12828,938,32755,32831,32760,32763,32764,32767,55622,0
12829,938,32706,32810,32760,32762,32764,32766,55621,0
12830,939,32711,32822,32761,32764,32765,32766,55622,0
12831,942,32751,32846,32760,32762,32763,32766,55621,1
12832,938,32755,32849,32761,32763,32764,32767,55622,1
12833,939,32699,32817,32760,32764,32765,32766,55621,0
12834,938,32740,32813,32760,32763,32764,32767,55621,0
12835,938,32750,32843,32760,32763,32764,32766,55621,1
12836,943,32723,32842,32760,32762,32764,32766,55622,0
12837,938,32714,32835,32760,32762,32764,32766,55621,3
12838,938,32742,32827,32759,32763,32764,32766,55622,0
12839,938,32727,32814,32760,32763,32763,32766,55621,1
12840,939,32681,32843,32760,32763,32764,32768,55622,0
12841,939,32734,32844,32759,32762,32765,32767,55623,1
12842,947,32740,32835,32759,32763,32764,32766,55622,0
12843,938,32726,32815,32759,32763,32764,32766,55622,0
12844,938,32690,32821,32759,32763,32764,32767,55620,0
12845,939,32737,32847,32760,32764,32764,32767,55622,0
12846,942,32739,32848,32760,32764,32764,32767,55622,0
12847,938,32688,32841,32759,32763,32765,32766,55621,1
12848,938,32709,32800,32759,32762,32764,32766,55621,0
12849,939,32735,32832,32761,32763,32765,32766,55623,0
12850,938,32718,32851,32761,32763,32764,32766,55622,1
12851,939,32692,32839,32761,32763,32764,32768,55624,1
12852,941,32735,32839,32760,32762,32764,32766,55622,1
12853,938,32726,32819,32760,32763,32763,32766,55622,7
12854,939,32675,32823,32759,32763,32765,32768,55621,0
12855,938,32723,32842,32760,32763,32764,32765,55622,0
12856,939,32725,32833,32760,32763,32765,32767,55621,0
12857,941,32724,32815,32761,32763,32765,32767,55622,1
12858,939,32692,32796,32759,32764,32765,32767,55623,0
12859,949,32743,32822,32760,32763,32764,32765,55623,0
12860,938,32738,32840,32760,32763,32765,32767,55622,0
12861,942,32720,32839,32760,32762,32765,32766,55622,1
12862,939,32687,32815,32760,32763,32764,32767,55622,0
12863,938,32759,32804,32760,32762,32764,32767,55623,1
12864,938,32741,32836,32760,32764,32764,32765,55622,1
12865,938,32699,32845,32760,32763,32764,32767,55623,0
12866,943,32745,32840,32759,32763,32765,32767,55621,0
12867,938,32726,32823,32759,32763,32764,32767,55622,1
12868,938,32713,32804,32761,32763,32763,32767,55622,0
12869,939,32703,32824,32761,32763,32765,32766,55623,1
12870,938,32758,32845,32759,32764,32764,32766,55623,1
12871,942,32726,32834,32759,32762,32765,32766,55625,1
12872,939,32694,32819,32760,32764,32764,32766,55623,0
12873,938,32729,32815,32759,32763,32765,32767,55622,1
12874,938,32739,32870,32760,32764,32764,32767,55622,1
12875,938,32731,32863,32761,32764,32764,32766,55623,0
12876,942,32713,32827,32759,32763,32763,32766,55622,0
12877,939,32748,32814,32761,32763,32764,32767,55623,0
12878,938,32743,32844,32760,32764,32764,32766,55622,0
12879,938,32698,32852,32760,32763,32765,32767,55623,1
12880,938,32747,32843,32760,32763,32764,32766,55622,0
12881,943,32738,32829,32760,32762,32764,32766,55623,0
12882,938,32723,32826,32759,32762,32764,32766,55623,0
12883,938,32702,32840,32759,32762,32764,32766,55622,0
12884,938,32748,32852,32760,32763,32764,32765,55622,0
12885,939,32730,32842,32759,32763,32764,32766,55630,0
12886,942,32704,32823,32759,32763,32765,32767,55624,0
12887,938,32755,32817,32760,32763,32764,32766,55625,1
12888,939,32759,32846,32759,32762,32763,32767,55624,0
12889,938,32731,32848,32760,32764,32765,32766,55623,1
12890,938,32719,32831,32759,32764,32764,32766,55622,0
12891,943,32759,32824,32759,32762,32764,32767,55624,0
12892,948,32758,32822,32760,32764,32765,32766,55624,0
12893,943,32733,32851,32760,32763,32765,32766,55622,0
12894,938,32722,32833,32760,32763,32765,32767,55624,1
12895,939,32761,32841,32760,32763,32765,32766,55623,1
12896,942,32752,32819,32760,32764,32764,32767,55624,1
12897,938,32705,32798,32760,32763,32764,32766,55622,0
12898,938,32749,32827,32760,32763,32765,32767,55623,0
12899,939,32750,32845,32760,32762,32764,32766,55623,0
12900,938,32730,32827,32760,32764,32764,32766,55623,0
12901,942,32707,32809,32760,32762,32764,32766,55624,0
12902,939,32761,32795,32761,32762,32764,32767,55623,0
12903,938,32750,32839,32760,32763,32765,32766,55624,0
12904,938,32711,32840,32760,32764,32764,32767,55627,1
12905,938,32745,32823,32758,32762,32763,32767,55623,1
12906,942,32752,32798,32761,32762,32764,32767,55623,1
12907,939,32722,32815,32760,32763,32764,32767,55624,0
12908,938,32697,32831,32760,32763,32765,32767,55624,0
12909,938,32752,32831,32760,32763,32764,32768,55623,0
12910,938,32755,32825,32760,32763,32764,32767,55625,0
12911,942,32701,32791,32759,32763,32764,32766,55623,0
12912,939,32746,32821,32759,32763,32764,32767,55624,0
12913,938,32743,32834,32760,32763,32765,32767,55624,0
12914,938,32721,32825,32760,32763,32764,32766,55624,0
12915,938,32720,32793,32760,32763,32764,32767,55624,0
12916,943,32752,32810,32760,32763,32763,32767,55624,1
12917,938,32752,32836,32760,32763,32764,32766,55624,0
12918,938,32695,32838,32759,32763,32764,32767,55624,1
12919,938,32751,32834,32761,32763,32764,32765,55627,1
12920,939,32747,32812,32760,32763,32764,32766,55624,0
12921,942,32720,32828,32759,32763,32764,32766,55624,0
12922,938,32720,32841,32760,32762,32765,32766,55625,1
12923,939,32755,32856,32759,32763,32763,32766,55624,0
12924,938,32725,32828,32759,32763,32763,32766,55624,0
12925,943,32706,32788,32759,32763,32765,32767,55624,0
12926,942,32728,32795,32760,32763,32763,32766,55624,1
12927,938,32751,32842,32760,32763,32764,32767,55625,1
12928,939,32746,32843,32760,32762,32765,32766,55623,0
12929,938,32715,32809,32760,32763,32764,32766,55624,0
12930,938,32756,32805,32760,32763,32764,32768,55624,0
12931,946,32755,32820,32761,32764,32764,32766,55623,0
12932,939,32714,32851,32760,32763,32763,32766,55623,1
12933,938,32741,32836,32759,32763,32764,32767,55624,0
12934,938,32751,32832,32760,32763,32764,32767,55625,1
12935,939,32732,32800,32761,32764,32765,32766,55625,1
12936,942,32706,32819,32761,32761,32764,32766,55624,0
12937,938,32759,32839,32759,32763,32764,32766,55626,0
12938,938,32763,32844,32760,32763,32765,32766,55624,0
12939,939,32709,32817,32759,32763,32765,32767,55625,0
12940,938,32741,32808,32760,32763,32765,32767,55624,1
12941,942,32756,32841,32760,32762,32764,32766,55624,1
12942,938,32746,32841,32759,32764,32764,32766,55624,0
12943,938,32730,32841,32760,32762,32764,32767,55625,0
12944,939,32755,32801,32761,32762,32765,32766,55624,0
12945,938,32747,32835,32759,32763,32765,32766,55626,0
12946,942,32707,32843,32760,32763,32764,32767,55625,0
12947,939,32739,32857,32760,32764,32764,32767,55624,2
12948,938,32740,32840,32759,32763,32765,32767,55625,0
12949,938,32729,32805,32760,32763,32764,32767,55624,0
12950,938,32714,32834,32760,32762,32764,32766,55625,0
12951,943,32744,32831,32760,32762,32765,32766,55623,0
12952,938,32752,32842,32760,32763,32765,32766,55625,1
12953,938,32703,32816,32759,32763,32764,32765,55624,0
12954,939,32743,32803,32760,32762,32765,32767,55625,0
12955,938,32752,32840,32760,32763,32765,32765,55626,0
12956,945,32736,32855,32760,32763,32764,32768,55624,0
12957,941,32698,32840,32759,32762,32764,32766,55624,0
12958,944,32746,32805,32759,32762,32765,32765,55625,1
12959,938,32735,32816,32760,32763,32765,32767,55623,0
12960,938,32718,32845,32760,32763,32764,32765,55625,0
12961,942,32721,32854,32760,32763,32764,32766,55625,0
12962,938,32748,32843,32761,32763,32765,32766,55624,0
12963,938,32738,32809,32760,32763,32764,32766,55623,0
12964,939,32699,32804,32759,32763,32765,32766,55626,0
12965,938,32741,32849,32759,32763,32764,32767,55626,0
12966,942,32742,32856,32760,32763,32764,32767,55625,0
12967,939,32717,32853,32760,32764,32764,32766,55625,0
12968,938,32713,32809,32760,32763,32765,32766,55625,0
12969,938,32765,32816,32759,32764,32765,32766,55625,0
12970,938,32746,32848,32759,32762,32764,32765,55625,0
12971,943,32691,32842,32759,32763,32764,32767,55624,1
12972,938,32736,32825,32759,32762,32763,32768,55624,0
12973,938,32748,32806,32759,32762,32764,32767,55625,0
12974,939,32707,32845,32759,32763,32764,32765,55625,0
12975,943,32699,32841,32760,32763,32764,32765,55624,0
12976,942,32737,32854,32760,32763,32764,32766,55625,0
12977,939,32740,32839,32760,32764,32765,32767,55626,0
12978,938,32696,32806,32760,32762,32765,32766,55624,1
12979,938,32738,32832,32760,32763,32765,32765,55625,0
12980,938,32746,32856,32760,32763,32764,32766,55626,0
12981,943,32719,32861,32760,32764,32764,32767,55625,0
12982,938,32702,32827,32760,32763,32764,32766,55625,0
12983,938,32752,32822,32761,32763,32765,32767,55631,1
12984,939,32753,32854,32760,32763,32765,32766,55626,0
12985,938,32691,32860,32760,32764,32765,32767,55626,0
12986,942,32733,32845,32759,32763,32765,32767,55625,0
12987,938,32761,32816,32760,32762,32764,32767,55624,0
12988,939,32723,32820,32760,32763,32765,32767,55624,0
12989,938,32700,32827,32760,32762,32764,32766,55626,0
12990,938,32748,32837,32761,32763,32764,32766,55625,0
12991,948,32733,32832,32759,32763,32763,32766,55625,0
12992,938,32720,32808,32760,32763,32762,32767,55626,0
12993,938,32705,32804,32759,32763,32764,32766,55627,0
12994,938,32754,32861,32760,32762,32764,32767,55626,1
12995,939,32732,32855,32760,32763,32764,32767,55625,0
12996,942,32700,32837,32761,32762,32765,32767,55626,1
12997,938,32744,32806,32759,32763,32764,32767,55626,0
12998,939,32761,32808,32760,32763,32763,32766,55626,0
12999,938,32698,32850,32760,32762,32764,32767,55626,0
13000,938,32733,32827,32761,32763,32765,32766,55625,1
13001,942,32754,32810,32760,32762,32764,32767,55627,0
13002,939,32745,32791,32760,32763,32765,32766,55627,0
13003,938,32706,32831,32759,32764,32763,32767,55626,0
13004,938,32751,32844,32760,32764,32765,32766,55626,0
13005,938,32738,32839,32760,32763,32765,32767,55626,1
13006,943,32706,32814,32760,32763,32765,32765,55626,1
13007,938,32725,32803,32760,32763,32765,32767,55625,0
13008,938,32746,32844,32760,32764,32765,32767,55628,0
13009,938,32728,32843,32760,32763,32763,32765,55627,0
13010,938,32714,32822,32760,32762,32764,32765,55627,0
13011,942,32735,32814,32760,32763,32764,32766,55624,0
13012,938,32744,32823,32760,32763,32765,32766,55626,0
13013,938,32693,32829,32760,32763,32766,32766,55625,0
13014,939,32738,32829,32759,32763,32765,32766,55626,0
13015,938,32739,32816,32760,32764,32765,32768,55626,0
13016,942,32739,32801,32759,32763,32765,32767,55630,0
13017,939,32693,32811,32760,32763,32764,32767,55625,1
13018,938,32752,32829,32760,32762,32765,32766,55626,0
13019,938,32752,32839,32760,32763,32763,32767,55627,0
13020,938,32690,32795,32759,32764,32764,32768,55627,1
13021,939,32729,32792,32759,32763,32764,32767,55625,0
13022,942,32750,32852,32759,32762,32765,32767,55626,0
13023,938,32726,32836,32760,32763,32764,32767,55627,1
13024,943,32701,32814,32760,32763,32764,32766,55625,0
13025,943,32746,32825,32760,32764,32763,32766,55626,1
13026,942,32748,32796,32759,32763,32763,32766,55625,0
13027,939,32704,32838,32759,32762,32764,32766,55626,0
13028,938,32727,32827,32759,32763,32763,32766,55626,0
13029,938,32747,32837,32760,32763,32765,32767,55625,0
13030,939,32728,32803,32759,32762,32765,32766,55627,0
13031,942,32689,32815,32759,32763,32765,32767,55627,0
13032,938,32738,32835,32761,32763,32764,32767,55627,0
13033,939,32756,32851,32759,32764,32764,32767,55626,0
13034,938,32731,32831,32760,32763,32763,32766,55630,0
13035,938,32719,32798,32757,32762,32764,32767,55626,0
13036,942,32736,32812,32759,32762,32764,32766,55626,0
13037,939,32753,32846,32760,32761,32764,32767,55626,0
13038,938,32716,32832,32759,32763,32764,32767,55626,0
13039,938,32747,32816,32760,32763,32765,32766,55626,0
13040,938,32751,32798,32759,32763,32764,32766,55627,0
13041,942,32736,32816,32759,32763,32764,32766,55626,1
13042,938,32734,32830,32760,32764,32764,32766,55626,0
13043,938,32763,32836,32760,32763,32764,32766,55627,0
13044,939,32731,32820,32760,32762,32765,32767,55626,0
13045,938,32706,32803,32761,32764,32765,32766,55628,0
13046,942,32747,32839,32759,32764,32764,32766,55627,0
13047,939,32759,32848,32759,32761,32764,32766,55626,0
13048,938,32727,32832,32760,32762,32764,32767,55627,0
13049,938,32740,32808,32761,32763,32765,32766,55627,0
13050,938,32762,32831,32760,32762,32765,32766,55626,0
13051,943,32728,32852,32761,32762,32764,32766,55627,0
13052,938,32694,32842,32760,32762,32764,32767,55626,0
13053,938,32752,32815,32759,32763,32764,32766,55627,0
13054,939,32747,32798,32759,32762,32765,32766,55626,1
13055,938,32710,32818,32761,32762,32765,32767,55627,1
13056,942,32733,32830,32759,32763,32765,32766,55627,1
13057,943,32746,32845,32760,32762,32764,32766,55627,0
13058,943,32743,32823,32760,32763,32763,32767,55627,0
13059,938,32701,32808,32761,32763,32764,32766,55627,0
13060,939,32747,32805,32760,32762,32765,32766,55627,1
13061,942,32744,32838,32760,32763,32765,32766,55626,0
13062,938,32733,32852,32759,32763,32764,32766,55627,1
13063,939,32694,32813,32759,32764,32765,32766,55627,0
13064,938,32746,32806,32760,32762,32764,32767,55627,0
13065,938,32758,32835,32759,32763,32765,32767,55628,1
13066,942,32717,32862,32760,32764,32765,32767,55628,0
13067,938,32744,32835,32760,32763,32763,32766,55626,0
13068,938,32744,32827,32761,32763,32764,32765,55629,1
13069,939,32713,32820,32761,32762,32765,32767,55627,0
13070,938,32722,32832,32760,32762,32766,32766,55627,0
13071,942,32745,32844,32760,32763,32764,32767,55627,0
13072,939,32737,32831,32761,32763,32764,32766,55627,0
13073,938,32697,32798,32760,32763,32764,32767,55627,0
13074,938,32747,32809,32760,32763,32764,32766,55627,0
13075,938,32751,32848,32760,32763,32764,32767,55627,0
13076,942,32724,32837,32759,32764,32765,32766,55627,1
13077,939,32701,32816,32759,32764,32764,32767,55628,0
13078,938,32748,32810,32758,32763,32763,32767,55627,0
13079,938,32730,32843,32759,32762,32765,32767,55627,0
13080,938,32686,32832,32760,32763,32764,32766,55628,0
13081,943,32742,32837,32760,32763,32764,32767,55627,1
13082,938,32734,32821,32760,32763,32764,32766,55627,0
13083,938,32716,32811,32760,32764,32764,32766,55627,0
13084,938,32709,32822,32760,32762,32764,32767,55628,0
13085,939,32746,32852,32760,32764,32764,32766,55627,0
13086,942,32734,32838,32759,32764,32765,32767,55628,0
13087,938,32699,32805,32759,32762,32764,32767,55627,0
13088,939,32743,32809,32761,32763,32764,32767,55628,0
13089,938,32747,32836,32761,32763,32764,32767,55627,0
13090,949,32709,32844,32760,32763,32765,32767,55625,0
13091,942,32702,32842,32759,32764,32764,32766,55627,1
13092,938,32728,32829,32760,32763,32764,32767,55628,1
13093,939,32730,32800,32759,32763,32763,32767,55627,0
13094,938,32710,32832,32760,32762,32764,32767,55627,0
13095,938,32735,32830,32760,32763,32764,32766,55626,1
13096,943,32733,32829,32760,32763,32766,32766,55627,1
13097,938,32725,32810,32760,32763,32765,32767,55628,1
13098,938,32681,32800,32759,32762,32765,32767,55626,0
13099,938,32737,32843,32761,32762,32764,32767,55628,0
13100,939,32741,32861,32761,32762,32764,32767,55628,0
13101,942,32702,32832,32760,32762,32764,32766,55628,0
13102,938,32728,32800,32760,32763,32763,32767,55628,0
13103,939,32740,32821,32760,32763,32764,32766,55627,1
13104,938,32749,32845,32760,32762,32764,32767,55629,0
13105,938,32711,32832,32759,32763,32764,32767,55627,0
13106,943,32737,32822,32761,32763,32765,32767,55628,0
13107,943,32735,32788,32760,32762,32764,32766,55629,0
13108,938,32704,32808,32760,32762,32763,32768,55628,0
13109,939,32699,32838,32759,32764,32764,32767,55627,1
13110,938,32740,32836,32760,32763,32764,32767,55627,0
13111,942,32734,32820,32760,32763,32764,32766,55628,0
13112,938,32697,32799,32761,32762,32764,32766,55628,0
13113,939,32747,32832,32760,32763,32765,32767,55627,0
13114,938,32742,32849,32759,32763,32764,32767,55628,0
13115,938,32723,32837,32760,32762,32765,32767,55626,0
13116,943,32719,32796,32760,32763,32764,32765,55628,0
13117,938,32750,32798,32760,32762,32763,32766,55627,0
13118,938,32742,32829,32759,32763,32765,32766,55626,0
13119,938,32710,32855,32761,32763,32764,32767,55628,0
13120,939,32745,32827,32760,32762,32764,32766,55628,0
13121,942,32746,32816,32759,32763,32763,32766,55629,0
13122,938,32707,32829,32759,32763,32765,32766,55628,0
13123,949,32701,32844,32760,32764,32764,32766,55627,0
13124,938,32744,32837,32760,32763,32763,32767,55628,1
13125,938,32749,32846,32760,32763,32764,32766,55629,0
13126,943,32715,32827,32760,32764,32764,32766,55628,1
13127,938,32713,32798,32760,32763,32765,32768,55628,0
13128,938,32753,32854,32759,32763,32764,32766,55628,0
13129,939,32748,32860,32760,32762,32764,32766,55629,0
13130,938,32699,32834,32759,32763,32764,32767,55629,0
13131,942,32742,32842,32761,32763,32765,32767,55629,0
13132,939,32742,32811,32760,32763,32764,32767,55630,0
13133,938,32702,32832,32760,32763,32765,32767,55628,0
13134,938,32715,32842,32760,32763,32763,32766,55628,0
13135,939,32755,32834,32759,32763,32765,32767,55628,1
13136,942,32754,32821,32760,32763,32764,32766,55629,0
13137,938,32695,32823,32760,32763,32764,32767,55628,1
13138,938,32744,32833,32760,32763,32765,32766,55628,1
13139,939,32740,32812,32760,32763,32765,32766,55629,0
13140,943,32718,32818,32760,32763,32765,32766,55628,0
13141,939,32713,32790,32760,32763,32765,32766,55629,1
13142,942,32757,32805,32760,32763,32764,32767,55628,0
13143,938,32754,32837,32760,32763,32764,32765,55629,0
13144,938,32708,32827,32760,32764,32764,32766,55631,1
13145,938,32763,32802,32759,32763,32764,32766,55628,3
13146,943,32770,32794,32761,32762,32765,32766,55630,0
13147,938,32743,32831,32760,32764,32765,32766,55630,1
13148,938,32718,32819,32760,32763,32765,32766,55630,0
13149,939,32754,32827,32760,32762,32764,32767,55630,0
13150,938,32746,32804,32760,32763,32765,32767,55629,0
13151,942,32703,32799,32759,32763,32764,32767,55629,0
13152,938,32752,32837,32760,32762,32764,32767,55629,0
13153,939,32746,32838,32760,32763,32764,32766,55629,0
13154,938,32713,32828,32761,32763,32765,32766,55629,0
13155,938,32730,32807,32761,32763,32763,32767,55629,0
13156,947,32757,32834,32760,32763,32765,32767,55630,0
13157,938,32762,32844,32759,32762,32765,32766,55629,0
13158,938,32708,32844,32760,32762,32764,32767,55630,1
13159,938,32741,32839,32760,32763,32765,32767,55631,0
13160,939,32742,32819,32760,32763,32765,32766,55629,1
13161,942,32725,32830,32759,32763,32764,32767,55629,0
13162,939,32711,32840,32759,32763,32765,32766,55631,0
13163,938,32768,32843,32759,32763,32765,32767,55630,0
13164,938,32753,32815,32760,32763,32764,32766,55628,0
13165,938,32716,32809,32760,32763,32764,32766,55630,1
13166,943,32727,32835,32761,32764,32765,32767,55628,0
13167,938,32769,32846,32760,32764,32765,32766,55629,0
13168,938,32744,32842,32759,32763,32764,32766,55630,0
13169,939,32720,32821,32760,32763,32764,32766,55629,0
13170,938,32751,32812,32760,32763,32764,32766,55630,0
13171,942,32751,32853,32760,32763,32763,32766,55629,0
13172,938,32697,32845,32759,32764,32764,32765,55630,0
13173,938,32753,32827,32760,32762,32762,32765,55629,1
13174,938,32751,32805,32760,32762,32764,32767,55629,0
13175,938,32719,32822,32760,32763,32765,32767,55629,0
13176,943,32707,32835,32760,32763,32763,32766,55630,0
13177,938,32754,32836,32760,32764,32765,32767,55630,0
13178,938,32742,32827,32760,32763,32764,32767,55630,0
13179,938,32701,32807,32760,32762,32763,32766,55629,0
13180,939,32744,32837,32759,32763,32764,32766,55630,0
13181,942,32756,32842,32760,32762,32763,32766,55629,0
13182,938,32732,32841,32760,32763,32765,32766,55630,1
13183,938,32718,32801,32761,32764,32764,32767,55630,0
13184,939,32750,32793,32760,32763,32765,32767,55631,0
13185,938,32738,32839,32760,32763,32764,32768,55630,0
13186,942,32697,32841,32759,32763,32765,32766,55631,0
13187,939,32745,32827,32760,32763,32765,32766,55631,0
13188,938,32738,32818,32760,32764,32764,32766,55630,0
13189,944,32707,32839,32760,32764,32763,32767,55630,0
13190,938,32721,32818,32759,32763,32764,32765,55631,0
13191,942,32745,32845,32760,32764,32764,32767,55630,0
13192,938,32747,32828,32759,32763,32765,32766,55631,0
13193,939,32701,32808,32759,32763,32765,32767,55631,0
13194,938,32743,32820,32760,32762,32763,32766,55630,0
13195,938,32764,32855,32760,32763,32764,32766,55630,0
13196,943,32727,32849,32760,32762,32764,32767,55631,1
13197,938,32703,32810,32760,32762,32765,32766,55630,0
13198,938,32749,32789,32760,32762,32764,32766,55630,0
13199,938,32727,32823,32760,32763,32764,32766,55629,0
13200,939,32701,32839,32760,32764,32765,32767,55629,0
13201,942,32743,32823,32760,32763,32764,32767,55630,0
13202,938,32773,32804,32760,32762,32764,32766,55629,1
13203,938,32710,32802,32759,32763,32764,32766,55632,0
13204,939,32711,32814,32760,32763,32763,32766,55631,0
13205,944,32752,32834,32760,32763,32764,32767,55630,0
13206,941,32742,32833,32759,32762,32764,32767,55630,0
13207,939,32695,32809,32759,32763,32764,32767,55630,0
13208,938,32740,32806,32760,32762,32764,32767,55631,0
13209,938,32744,32837,32759,32762,32765,32765,55631,0
13210,938,32719,32842,32760,32763,32764,32767,55630,1
13211,943,32683,32837,32759,32763,32763,32766,55631,0
13212,938,32747,32811,32759,32763,32764,32767,55631,1
13213,938,32730,32810,32760,32763,32765,32766,55632,0
13214,939,32693,32843,32760,32763,32764,32767,55632,6
13215,938,32735,32835,32760,32763,32764,32768,55632,0
13216,942,32754,32815,32759,32763,32764,32766,55631,0
13217,939,32723,32792,32760,32764,32763,32767,55630,0
13218,938,32702,32815,32759,32763,32764,32767,55631,0
13219,938,32751,32819,32760,32763,32764,32767,55630,0
13220,939,32744,32823,32760,32763,32764,32766,55630,0
13221,942,32703,32802,32760,32764,32764,32766,55631,0
13222,943,32722,32791,32760,32763,32765,32766,55630,0
13223,938,32747,32810,32759,32763,32764,32766,55630,0
13224,938,32712,32842,32760,32762,32764,32766,55630,0
13225,938,32694,32827,32760,32763,32765,32767,55631,0
13226,942,32734,32806,32760,32764,32764,32767,55637,0
13227,939,32743,32805,32759,32762,32765,32767,55632,0
13228,938,32679,32839,32760,32763,32764,32767,55630,0
13229,938,32722,32841,32759,32763,32764,32766,55630,0
13230,938,32746,32836,32760,32763,32765,32767,55630,0
13231,943,32715,32819,32759,32763,32764,32766,55631,0
13232,938,32691,32804,32759,32763,32764,32765,55630,0
13233,938,32742,32841,32759,32762,32764,32766,55630,0
13234,939,32734,32846,32759,32763,32765,32767,55631,0
13235,938,32713,32831,32761,32762,32764,32767,55630,0
13236,942,32731,32807,32760,32762,32765,32766,55631,0
13237,938,32744,32822,32759,32761,32765,32766,55630,1
13238,944,32733,32853,32759,32762,32763,32766,55631,0
13239,938,32702,32848,32759,32762,32764,32766,55631,1
13240,938,32745,32821,32760,32763,32764,32767,55630,1
13241,943,32727,32825,32761,32763,32764,32766,55631,1
13242,938,32701,32825,32759,32763,32765,32765,55630,0
13243,938,32708,32843,32760,32763,32765,32766,55630,0
13244,939,32726,32848,32760,32762,32763,32767,55631,0
13245,938,32730,32829,32759,32763,32765,32766,55631,0
13246,942,32675,32810,32759,32762,32764,32767,55629,0
13247,939,32720,32826,32760,32763,32765,32767,55631,5
13248,938,32728,32843,32760,32763,32765,32767,55630,0
13249,938,32703,32845,32760,32762,32764,32766,55631,0
13250,938,32735,32808,32759,32763,32764,32766,55631,0
13251,944,32748,32816,32760,32763,32764,32767,55632,0
13252,942,32745,32846,32760,32763,32766,32765,55631,0
13253,938,32689,32845,32759,32763,32765,32767,55631,1
13254,938,32736,32833,32760,32764,32764,32766,55631,0
13255,944,32732,32833,32761,32763,32764,32766,55632,0
13256,942,32713,32810,32759,32763,32764,32766,55631,0
13257,938,32688,32828,32760,32762,32765,32766,55630,1
13258,938,32735,32857,32759,32764,32764,32766,55630,0
13259,939,32732,32860,32759,32764,32764,32767,55632,0
13260,938,32694,32832,32761,32762,32765,32767,55633,1
13261,942,32725,32797,32760,32762,32764,32767,55631,0
13262,939,32750,32838,32760,32763,32764,32767,55632,0
13263,938,32733,32853,32759,32762,32765,32767,55633,0
13264,938,32700,32830,32759,32762,32765,32767,55631,0
13265,938,32752,32802,32759,32762,32765,32767,55631,0
13266,943,32762,32824,32760,32763,32764,32767,55631,0
13267,938,32694,32857,32760,32763,32764,32767,55630,0
13268,938,32737,32852,32761,32762,32765,32766,55632,1
13269,938,32751,32831,32760,32763,32765,32766,55631,1
13270,939,32721,32808,32759,32763,32765,32765,55631,0
13271,942,32714,32833,32759,32764,32765,32766,55629,0
13272,938,32735,32840,32759,32763,32764,32766,55631,0
13273,938,32740,32829,32760,32763,32764,32767,55629,0
13274,938,32699,32814,32759,32763,32764,32767,55632,0
13275,939,32734,32811,32759,32763,32764,32765,55631,0
13276,942,32742,32843,32760,32763,32764,32767,55631,0
13277,938,32714,32845,32759,32762,32763,32767,55631,1
13278,938,32693,32829,32760,32763,32765,32767,55631,0
13279,939,32732,32814,32760,32763,32765,32766,55631,1
13280,938,32721,32830,32760,32764,32765,32767,55633,0
13281,942,32687,32836,32760,32763,32765,32766,55632,0
13282,938,32728,32839,32760,32763,32764,32767,55630,1
13283,938,32735,32849,32760,32763,32765,32766,55631,0
13284,938,32709,32816,32760,32763,32764,32766,55632,0
13285,939,32712,32817,32760,32764,32764,32766,55633,0
13286,942,32745,32856,32760,32763,32765,32766,55630,0
13287,938,32724,32844,32761,32762,32764,32766,55633,0
13288,944,32698,32817,32760,32763,32765,32766,55631,1
13289,943,32722,32784,32759,32764,32765,32766,55632,1
13290,938,32747,32819,32760,32763,32764,32765,55631,0
13291,943,32732,32836,32760,32763,32765,32766,55632,1
13292,938,32707,32836,32760,32762,32764,32766,55632,1
13293,938,32734,32830,32760,32762,32765,32766,55633,0
13294,939,32722,32814,32760,32763,32764,32765,55632,0
13295,938,32704,32831,32760,32763,32765,32766,55633,0
13296,942,32698,32848,32760,32763,32765,32767,55633,0
13297,938,32741,32838,32760,32763,32764,32766,55633,0
13298,939,32729,32821,32760,32762,32765,32767,55631,0
13299,938,32707,32799,32759,32764,32764,32766,55631,1
13300,938,32741,32847,32760,32763,32764,32767,55631,0
13301,943,32747,32844,32760,32762,32766,32767,55631,1
13302,938,32700,32846,32760,32762,32765,32765,55629,0
13303,938,32723,32813,32760,32763,32765,32768,55633,0
13304,938,32735,32812,32760,32763,32765,32767,55632,0
13305,938,32723,32840,32761,32762,32764,32767,55631,0
13306,942,32697,32838,32760,32762,32765,32767,55632,0
13307,938,32744,32836,32760,32763,32764,32766,55631,0
13308,939,32734,32808,32760,32764,32764,32766,55631,0
13309,938,32694,32831,32760,32764,32764,32766,55633,0
13310,938,32731,32848,32760,32762,32764,32766,55632,1
13311,943,32736,32845,32760,32763,32764,32767,55632,0
13312,938,32730,32829,32759,32762,32764,32766,55632,0
13313,938,32694,32801,32759,32763,32764,32767,55632,1
13314,938,32746,32831,32760,32763,32765,32766,55633,0
13315,939,32752,32831,32759,32763,32765,32766,55633,0
13316,942,32714,32842,32760,32763,32765,32766,55633,1
13317,938,32719,32813,32760,32763,32764,32767,55633,1
13318,939,32752,32794,32760,32763,32765,32766,55633,2
13319,938,32742,32834,32759,32763,32764,32766,55632,0
13320,938,32688,32831,32759,32762,32764,32766,55632,0
13321,947,32735,32834,32760,32762,32764,32766,55632,0
13322,943,32742,32833,32759,32764,32764,32768,55633,1
13323,938,32718,32792,32760,32763,32764,32766,55633,0
13324,939,32694,32823,32760,32763,32764,32766,55633,0
13325,938,32731,32842,32760,32763,32764,32766,55633,0
13326,942,32739,32835,32760,32762,32764,32766,55634,0
13327,939,32691,32798,32759,32764,32764,32767,55633,1
13328,938,32729,32797,32759,32763,32765,32767,55632,0
13329,938,32739,32848,32760,32763,32764,32767,55633,0
13330,938,32713,32843,32760,32763,32765,32767,55631,0
13331,942,32694,32824,32760,32763,32764,32767,55632,0
13332,938,32744,32800,32759,32763,32764,32766,55632,0
13333,939,32715,32800,32760,32762,32765,32767,55633,1
13334,938,32693,32833,32760,32763,32764,32766,55633,0
13335,938,32723,32835,32760,32763,32763,32766,55632,0
13336,943,32759,32835,32759,32763,32765,32765,55633,0
13337,938,32708,32795,32759,32763,32766,32766,55637,0
13338,938,32699,32815,32759,32763,32765,32766,55633,0
13339,938,32750,32837,32760,32763,32763,32766,55633,0
13340,938,32724,32826,32760,32763,32765,32766,55632,0
13341,942,32683,32806,32760,32763,32763,32767,55632,0
13342,939,32735,32806,32759,32762,32763,32766,55632,0
13343,938,32744,32841,32760,32764,32765,32767,55634,0
13344,938,32696,32843,32760,32763,32764,32766,55634,0
13345,939,32715,32830,32759,32763,32765,32765,55633,1
13346,942,32743,32802,32759,32763,32764,32766,55633,0
13347,938,32715,32807,32760,32763,32765,32767,55632,0
13348,938,32687,32840,32759,32763,32764,32766,55633,0
13349,939,32739,32841,32760,32763,32764,32767,55631,0
13350,938,32739,32824,32760,32763,32765,32767,55633,0
13351,939,32693,32783,32760,32763,32764,32765,55633,1
13352,942,32716,32813,32760,32762,32765,32765,55631,0
13353,938,32748,32844,32760,32763,32764,32767,55632,1
13354,938,32737,32839,32761,32763,32765,32766,55634,0
13355,938,32680,32812,32760,32763,32764,32767,55633,1
13356,942,32735,32795,32760,32763,32764,32767,55633,0
13357,939,32748,32835,32760,32763,32765,32767,55631,0
13358,938,32721,32847,32759,32763,32764,32765,55633,0
13359,938,32728,32818,32760,32762,32764,32766,55633,0
13360,938,32730,32802,32760,32763,32764,32767,55633,0
13361,942,32748,32803,32760,32762,32764,32766,55633,0
13362,939,32695,32841,32760,32762,32764,32765,55633,0
13363,938,32751,32833,32760,32763,32765,32767,55634,0
13364,938,32742,32836,32760,32763,32765,32768,55632,0
13365,938,32690,32802,32759,32763,32765,32767,55632,0
13366,943,32731,32806,32760,32763,32764,32766,55632,0
13367,938,32742,32843,32760,32764,32764,32766,55633,0
13368,938,32739,32830,32761,32762,32763,32766,55632,1
13369,939,32707,32809,32760,32763,32764,32765,55634,0
13370,949,32744,32798,32760,32764,32765,32766,55633,0
13371,942,32755,32796,32759,32762,32763,32766,55634,0
13372,938,32728,32822,32760,32763,32765,32765,55634,0
13373,939,32701,32840,32760,32763,32764,32766,55633,0
13374,938,32763,32819,32759,32763,32765,32766,55633,0
13375,938,32745,32787,32760,32763,32764,32767,55634,0
13376,942,32702,32808,32760,32763,32764,32766,55634,0
13377,939,32735,32833,32760,32764,32765,32767,55634,0
13378,938,32736,32836,32761,32762,32764,32767,55634,1
13379,938,32726,32829,32760,32764,32764,32766,55634,0
13380,939,32708,32792,32759,32763,32764,32766,55633,0
13381,942,32740,32813,32759,32762,32765,32767,55634,0
13382,938,32745,32831,32760,32763,32764,32767,55635,1
13383,939,32693,32817,32760,32763,32764,32766,55633,0
13384,938,32748,32800,32760,32763,32763,32767,55635,0
13385,938,32753,32815,32760,32762,32764,32767,55634,0
13386,942,32734,32839,32760,32762,32764,32766,55634,0
13387,938,32732,32838,32759,32762,32764,32766,55633,0
13388,938,32753,32823,32760,32763,32764,32766,55634,1
13389,938,32742,32805,32760,32763,32764,32766,55634,0
13390,938,32702,32835,32760,32762,32764,32766,55634,0
13391,943,32725,32830,32760,32763,32765,32767,55633,0
13392,938,32754,32836,32759,32763,32764,32766,55635,0
13393,938,32707,32812,32761,32763,32765,32767,55633,0
13394,938,32709,32776,32760,32762,32764,32766,55633,1
13395,939,32751,32833,32760,32763,32764,32767,55633,1
13396,939,32760,32845,32760,32762,32765,32766,55633,1
13397,941,32698,32823,32760,32762,32764,32766,55635,0
13398,939,32738,32801,32760,32763,32765,32767,55633,0
13399,938,32750,32800,32760,32762,32764,32767,55634,1
13400,938,32720,32820,32760,32763,32764,32766,55633,0
13401,943,32714,32834,32760,32763,32764,32766,55633,0
13402,938,32763,32830,32760,32763,32765,32766,55633,0
13403,949,32757,32816,32759,32763,32765,32767,55633,0
13404,938,32712,32808,32760,32762,32764,32766,55634,0
13405,938,32721,32826,32760,32763,32765,32766,55635,0
13406,943,32754,32833,32759,32764,32764,32765,55634,0
13407,938,32740,32828,32760,32762,32765,32767,55635,0
13408,938,32702,32797,32760,32763,32765,32767,55633,0
13409,939,32730,32791,32761,32763,32765,32765,55634,1
13410,938,32752,32826,32761,32763,32764,32765,55634,0
13411,942,32700,32822,32759,32763,32765,32766,55634,1
13412,939,32723,32823,32761,32763,32765,32766,55634,0
13413,938,32740,32815,32760,32762,32764,32767,55633,0
13414,938,32739,32812,32760,32764,32764,32766,55634,0
13415,938,32685,32823,32760,32763,32765,32767,55635,0
13416,943,32740,32825,32759,32762,32764,32766,55634,0
13417,938,32733,32826,32759,32762,32765,32766,55634,3
13418,938,32685,32788,32759,32762,32765,32767,55634,0
13419,939,32722,32820,32760,32764,32763,32766,55634,1
13420,948,32729,32838,32759,32764,32764,32767,55634,0
13421,942,32741,32829,32760,32763,32765,32767,55635,1
13422,938,32694,32818,32760,32763,32764,32766,55634,0
13423,938,32725,32795,32759,32763,32765,32768,55636,0
13424,938,32749,32819,32760,32763,32764,32766,55634,0
13425,939,32737,32842,32760,32763,32765,32766,55635,0
13426,942,32704,32835,32759,32764,32765,32767,55635,0
13427,938,32746,32833,32759,32763,32763,32766,55635,0
13428,939,32727,32787,32760,32763,32765,32766,55634,0
13429,938,32700,32834,32760,32763,32764,32767,55635,0
13430,938,32739,32831,32759,32763,32764,32766,55635,1
13431,943,32740,32825,32760,32763,32765,32766,55635,0
13432,938,32732,32816,32761,32763,32764,32766,55634,1
13433,938,32701,32795,32760,32763,32764,32766,55635,0
13434,938,32743,32843,32760,32762,32764,32766,55634,0
13435,939,32736,32847,32760,32763,32764,32766,55635,0
13436,948,32712,32822,32759,32763,32763,32766,55635,0
13437,943,32710,32820,32761,32763,32764,32766,55635,0
13438,938,32743,32805,32760,32762,32765,32767,55635,0
13439,938,32723,32813,32761,32763,32764,32768,55634,0
13440,939,32692,32827,32759,32764,32763,32767,55633,1
13441,941,32733,32842,32760,32764,32764,32766,55635,0
13442,939,32740,32810,32759,32763,32765,32766,55635,0
13443,938,32709,32806,32760,32763,32764,32767,55635,0
13444,938,32705,32818,32760,32764,32764,32766,55635,0
13445,938,32748,32844,32759,32763,32763,32766,55634,0
13446,943,32745,32823,32760,32764,32763,32767,55633,1
13447,938,32692,32814,32760,32762,32764,32767,55635,0
13448,938,32737,32806,32760,32764,32765,32766,55636,0
13449,939,32751,32844,32760,32763,32764,32766,55635,0
13450,938,32713,32856,32760,32763,32765,32766,55636,0
13451,950,32698,32798,32761,32763,32764,32768,55635,0
13452,941,32728,32800,32760,32764,32764,32766,55635,0
13453,944,32739,32820,32760,32763,32764,32766,55634,1
13454,938,32719,32840,32759,32763,32764,32766,55634,0
13455,938,32711,32838,32760,32763,32764,32766,55635,1
13456,942,32734,32834,32760,32763,32765,32766,55635,0
13457,939,32734,32821,32759,32763,32766,32767,55636,0
13458,938,32684,32805,32760,32762,32765,32767,55636,0
13459,938,32728,32834,32760,32763,32764,32766,55635,0
13460,938,32743,32853,32760,32762,32764,32767,55633,0
13461,943,32718,32825,32760,32763,32764,32766,55635,1
13462,938,32702,32798,32760,32763,32764,32766,55635,0
13463,938,32733,32804,32760,32762,32764,32767,55634,1
13464,938,32723,32833,32760,32763,32764,32767,55635,0
13465,939,32688,32827,32760,32763,32764,32766,55634,0
13466,942,32728,32839,32760,32763,32765,32767,55634,0
13467,938,32742,32787,32759,32764,32764,32766,55636,1
13468,939,32690,32808,32761,32763,32765,32765,55635,0
13469,938,32678,32826,32761,32763,32763,32766,55635,0
13470,938,32738,32841,32759,32764,32765,32767,55635,2
13471,942,32723,32822,32760,32763,32764,32767,55636,0
13472,938,32673,32780,32760,32763,32764,32766,55635,0
13473,939,32737,32822,32761,32763,32765,32767,55636,0
13474,938,32739,32834,32760,32763,32764,32767,55636,0
13475,938,32710,32832,32760,32762,32764,32767,55636,1
13476,943,32693,32807,32760,32763,32764,32766,55636,0
13477,938,32744,32796,32760,32763,32763,32767,55636,0
13478,938,32737,32819,32761,32764,32764,32766,55635,0
13479,938,32700,32835,32760,32763,32765,32766,55635,1
13480,939,32741,32823,32760,32763,32765,32767,55636,0
13481,942,32748,32783,32760,32761,32765,32766,55635,0
13482,939,32712,32800,32759,32763,32763,32766,55634,0
13483,938,32720,32813,32759,32761,32764,32766,55635,0
13484,938,32747,32835,32760,32763,32764,32767,55635,0
13485,938,32738,32810,32760,32763,32764,32766,55634,0
13486,948,32694,32794,32760,32764,32765,32767,55635,1
13487,938,32730,32794,32760,32763,32764,32766,55636,0
13488,938,32731,32842,32759,32763,32764,32767,55636,0
13489,939,32715,32841,32760,32762,32764,32767,55636,0
13490,938,32694,32809,32760,32763,32765,32766,55636,0
13491,942,32726,32776,32759,32763,32763,32766,55636,0
13492,938,32723,32814,32760,32764,32763,32767,55635,1
13493,938,32702,32847,32759,32762,32765,32767,55635,0
13494,939,32741,32846,32759,32763,32764,32767,55635,0
13495,938,32737,32801,32760,32763,32764,32767,55634,0
13496,942,32708,32816,32760,32764,32765,32765,55635,1
13497,939,32707,32829,32759,32762,32765,32766,55636,0
13498,938,32730,32833,32761,32762,32764,32767,55636,0
13499,938,32747,32828,32760,32763,32764,32765,55635,0
13500,938,32683,32794,32759,32762,32764,32766,55635,0
13501,943,32730,32801,32761,32762,32764,32766,55636,0
13502,938,32731,32830,32760,32763,32764,32767,55635,0
13503,938,32705,32841,32760,32763,32763,32767,55637,0
13504,938,32702,32816,32761,32763,32764,32767,55635,1
13505,938,32731,32789,32759,32763,32763,32767,55635,0
13506,943,32740,32817,32759,32763,32764,32765,55634,0
13507,938,32688,32830,32761,32763,32764,32767,55636,0
13508,938,32709,32830,32759,32764,32764,32766,55636,0
13509,938,32721,32802,32760,32763,32765,32766,55635,0
13510,939,32693,32799,32760,32762,32764,32767,55636,0
13511,942,32683,32822,32760,32761,32764,32765,55635,0
13512,938,32740,32844,32760,32763,32764,32767,55635,0
13513,939,32742,32846,32760,32763,32764,32767,55635,0
13514,938,32690,32801,32759,32764,32765,32767,55635,0
13515,938,32724,32816,32760,32763,32765,32766,55636,1
13516,943,32729,32842,32760,32763,32764,32767,55635,0
13517,938,32699,32842,32760,32762,32764,32767,55636,0
13518,938,32691,32818,32760,32763,32764,32767,55636,0
13519,942,32739,32799,32759,32763,32765,32767,55635,0
13520,938,32727,32818,32759,32762,32764,32766,55634,0
13521,942,32693,32841,32759,32764,32764,32767,55637,1
13522,939,32725,32827,32760,32763,32764,32766,55635,1
13523,938,32736,32834,32760,32764,32765,32767,55635,0
13524,938,32702,32795,32761,32763,32764,32767,55635,0
13525,938,32699,32824,32759,32764,32765,32766,55637,0
13526,943,32741,32852,32759,32763,32764,32767,55635,0
13527,938,32730,32829,32759,32763,32765,32766,55636,0
13528,938,32703,32812,32760,32763,32764,32767,55635,1
13529,939,32726,32788,32760,32763,32764,32766,55636,1
13530,938,32733,32828,32761,32763,32764,32766,55636,0
13531,942,32718,32844,32759,32762,32764,32766,55637,0
13532,939,32697,32828,32759,32762,32765,32766,55636,0
13533,938,32754,32812,32760,32762,32764,32765,55636,0
13534,938,32738,32815,32760,32764,32765,32766,55635,0
13535,944,32707,32839,32761,32762,32765,32766,55636,1
13536,942,32748,32841,32759,32763,32765,32766,55635,0
13537,938,32748,32847,32760,32763,32765,32766,55636,0
13538,938,32734,32817,32761,32763,32764,32766,55636,1
13539,939,32690,32809,32760,32763,32764,32766,55636,0
13540,938,32758,32835,32760,32763,32764,32766,55637,0
13541,942,32741,32850,32760,32763,32765,32767,55636,0
13542,939,32691,32829,32760,32763,32765,32767,55636,0
13543,938,32743,32811,32760,32763,32763,32768,55636,0
13544,938,32747,32822,32759,32762,32764,32765,55637,0
13545,938,32718,32849,32760,32763,32764,32766,55636,0
13546,942,32695,32842,32760,32764,32765,32767,55634,0
13547,939,32746,32810,32760,32763,32763,32767,55637,0
13548,938,32747,32818,32760,32762,32764,32766,55636,1
13549,938,32705,32839,32760,32763,32765,32766,55634,0
13550,938,32754,32839,32760,32763,32763,32767,55636,0
13551,943,32737,32849,32760,32763,32764,32766,55637,0
13552,949,32737,32825,32760,32762,32764,32765,55635,0
13553,938,32689,32796,32759,32764,32765,32767,55637,1
13554,938,32746,32836,32760,32763,32764,32766,55637,0
13555,938,32743,32846,32760,32763,32763,32766,55637,1
13556,943,32726,32843,32760,32762,32764,32766,55636,6
13557,938,32704,32828,32759,32763,32764,32766,55637,2
13558,938,32748,32818,32760,32763,32765,32766,55636,0
13559,939,32731,32833,32760,32763,32764,32766,55636,0
13560,938,32695,32833,32760,32763,32764,32766,55636,1
13561,942,32742,32822,32759,32763,32765,32766,55637,0
13562,939,32756,32804,32759,32763,32763,32766,55636,0
13563,938,32708,32816,32761,32762,32765,32766,55637,0
13564,938,32730,32833,32760,32764,32765,32766,55637,0
13565,938,32767,32838,32759,32764,32764,32767,55637,0
13566,943,32725,32833,32760,32763,32765,32766,55637,0
13567,938,32689,32805,32760,32763,32764,32765,55637,0
13568,938,32725,32816,32760,32763,32764,32766,55637,0
13569,938,32738,32837,32760,32763,32764,32766,55637,0
13570,938,32712,32843,32760,32763,32765,32766,55637,0
13571,939,32721,32820,32759,32763,32764,32766,55637,1
13572,941,32737,32802,32761,32763,32764,32767,55638,0
13573,938,32738,32842,32760,32764,32764,32767,55638,0
13574,939,32690,32841,32761,32763,32765,32767,55636,1
13575,938,32744,32831,32759,32762,32764,32767,55636,0
13576,942,32736,32813,32760,32763,32765,32767,55638,1
13577,939,32713,32800,32759,32764,32765,32766,55637,0
13578,938,32725,32821,32760,32763,32764,32767,55638,0
13579,938,32736,32841,32760,32762,32764,32767,55637,0
13580,938,32727,32828,32760,32762,32764,32766,55638,0
13581,941,32676,32800,32760,32763,32765,32766,55637,1
13582,940,32745,32812,32760,32763,32765,32767,55637,1
13583,938,32730,32833,32760,32763,32764,32768,55636,0
13584,939,32710,32850,32760,32763,32764,32766,55637,0
13585,949,32701,32816,32759,32763,32764,32766,55638,0
13586,942,32745,32809,32760,32763,32764,32765,55638,0
13587,938,32738,32801,32759,32763,32765,32766,55638,0
13588,938,32698,32835,32759,32763,32765,32766,55637,0
13589,938,32723,32839,32761,32763,32765,32767,55638,1
13590,939,32737,32839,32759,32762,32764,32767,55637,0
13591,942,32727,32815,32759,32763,32763,32767,55637,0
13592,938,32691,32808,32759,32764,32766,32766,55637,0
13593,938,32744,32837,32760,32763,32763,32767,55638,0
13594,939,32746,32860,32760,32763,32765,32767,55637,0
13595,938,32707,32818,32760,32764,32765,32766,55637,0
13596,942,32733,32782,32760,32761,32765,32767,55636,0
13597,939,32748,32832,32760,32762,32764,32766,55636,0
13598,938,32736,32835,32760,32762,32764,32766,55637,0
13599,938,32689,32832,32760,32763,32765,32766,55637,0
13600,938,32759,32812,32760,32763,32764,32767,55636,0
13601,942,32747,32815,32760,32762,32765,32767,55636,0
13602,938,32700,32851,32758,32763,32764,32766,55637,0
13603,938,32725,32834,32759,32763,32765,32767,55638,0
13604,938,32748,32831,32760,32763,32764,32765,55637,0
13605,939,32724,32799,32760,32763,32765,32766,55638,0
13606,942,32694,32792,32759,32763,32764,32767,55637,0
13607,938,32750,32817,32760,32762,32765,32767,55637,1
13608,938,32744,32836,32760,32764,32765,32768,55638,0
13609,939,32689,32822,32760,32763,32764,32767,55637,5
13610,938,32742,32780,32760,32762,32765,32767,55638,0
13611,942,32737,32822,32759,32763,32765,32765,55637,0
13612,939,32738,32838,32760,32763,32765,32767,55637,0
13613,938,32710,32831,32760,32764,32764,32766,55634,0
13614,938,32748,32805,32760,32764,32765,32767,55637,1
13615,938,32732,32819,32760,32763,32765,32766,55638,1
13616,943,32685,32839,32760,32763,32764,32766,55638,0
13617,938,32738,32837,32760,32763,32764,32767,55637,0
13618,944,32746,32840,32760,32763,32764,32766,55638,0
13619,938,32719,32820,32760,32764,32764,32767,55637,0
13620,938,32694,32796,32760,32762,32765,32766,55639,0
13621,942,32737,32828,32760,32764,32765,32766,55641,0
13622,939,32732,32844,32759,32763,32764,32767,55638,0
13623,938,32695,32836,32760,32763,32764,32765,55638,0
13624,938,32708,32803,32761,32763,32765,32767,55637,0
13625,938,32743,32820,32760,32762,32765,32765,55636,0
13626,943,32725,32828,32761,32762,32764,32766,55638,0
13627,938,32685,32818,32760,32763,32764,32766,55638,0
13628,938,32744,32839,32760,32763,32765,32767,55638,1
13629,938,32744,32809,32761,32763,32764,32765,55638,0
13630,939,32708,32835,32760,32762,32765,32766,55633,1
13631,942,32736,32842,32760,32763,32765,32766,55639,0
13632,938,32752,32843,32760,32762,32765,32766,55638,0
13633,939,32725,32830,32759,32763,32764,32766,55637,0
13634,944,32704,32796,32762,32763,32764,32766,55638,1
13635,943,32740,32798,32760,32763,32764,32767,55638,0
13636,942,32758,32831,32760,32763,32765,32766,55638,0
13637,939,32739,32839,32760,32764,32765,32765,55638,0
13638,938,32711,32808,32760,32763,32764,32766,55637,1
13639,938,32761,32794,32760,32763,32764,32766,55638,0
13640,938,32747,32815,32759,32763,32765,32768,55638,2
13641,943,32719,32835,32760,32764,32764,32766,55638,0
13642,938,32744,32816,32760,32763,32764,32767,55638,0
13643,938,32752,32818,32760,32763,32764,32767,55637,0
13644,939,32729,32793,32760,32764,32763,32767,55638,0
13645,938,32710,32828,32761,32763,32765,32766,55638,0
13646,956,32750,32831,32760,32764,32765,32766,55638,0
13647,941,32760,32842,32760,32764,32764,32766,55638,0
13648,939,32745,32830,32760,32763,32764,32766,55638,0
13649,938,32696,32805,32761,32763,32765,32767,55637,0
13650,938,32744,32804,32760,32763,32764,32767,55638,0
13651,946,32751,32835,32760,32763,32765,32767,55638,0
13652,938,32719,32839,32760,32762,32765,32766,55637,0
13653,938,32711,32812,32760,32762,32764,32767,55635,0
13654,938,32741,32806,32758,32762,32765,32766,55638,0
13655,939,32725,32805,32760,32762,32765,32767,55638,0
13656,942,32690,32822,32760,32762,32765,32766,55638,1
13657,938,32733,32829,32760,32762,32764,32767,55638,0
13658,939,32735,32813,32760,32763,32764,32767,55638,0
13659,938,32714,32797,32760,32763,32765,32766,55638,0
13660,938,32720,32809,32760,32764,32764,32766,55638,0
13661,943,32745,32841,32760,32762,32765,32767,55638,0
13662,938,32729,32839,32760,32763,32764,32765,55637,1
13663,938,32684,32807,32759,32763,32764,32766,55638,0
13664,938,32748,32821,32760,32763,32764,32767,55639,0
13665,939,32751,32855,32761,32763,32764,32768,55638,1
13666,942,32722,32850,32760,32763,32765,32767,55639,1
13667,938,32708,32840,32760,32762,32765,32768,55639,0
13668,938,32745,32837,32760,32764,32764,32765,55638,0
13669,938,32734,32815,32760,32763,32765,32766,55638,0
13670,939,32710,32828,32759,32762,32764,32767,55638,0
13671,942,32750,32847,32760,32763,32764,32767,55639,0
13672,938,32751,32835,32759,32763,32765,32767,55638,0
13673,939,32707,32786,32760,32762,32765,32766,55638,0
13674,938,32720,32813,32760,32762,32764,32766,55638,0
13675,938,32737,32843,32758,32763,32765,32767,55638,0
13676,942,32736,32836,32760,32763,32764,32766,55640,1
13677,939,32694,32821,32761,32763,32764,32765,55639,0
13678,938,32739,32800,32760,32762,32764,32766,55638,0
13679,938,32755,32840,32761,32762,32765,32766,55638,0
13680,939,32725,32837,32760,32763,32763,32766,55639,0
13681,942,32730,32839,32760,32764,32765,32767,55639,0
13682,938,32757,32823,32760,32764,32765,32766,55638,0
13683,938,32736,32820,32760,32763,32764,32767,55639,0
13684,944,32703,32837,32760,32762,32764,32766,55638,0
13685,938,32767,32834,32759,32763,32765,32766,55639,1
13686,942,32750,32831,32760,32764,32765,32766,55639,0
13687,938,32707,32810,32759,32762,32764,32766,55640,0
13688,939,32723,32778,32760,32763,32765,32765,55639,0
13689,938,32742,32815,32760,32763,32765,32767,55638,0
13690,938,32739,32833,32760,32762,32765,32767,55639,0
13691,942,32708,32806,32760,32763,32763,32767,55639,0
13692,939,32738,32788,32761,32762,32764,32766,55640,0
13693,938,32731,32811,32760,32764,32764,32766,55639,0
13694,938,32710,32838,32760,32764,32763,32766,55638,0
13695,939,32722,32824,32759,32762,32764,32766,55639,0
13696,942,32746,32826,32761,32763,32765,32766,55639,0
13697,938,32735,32795,32760,32762,32765,32766,55640,0
13698,938,32684,32828,32760,32763,32765,32766,55639,0
13699,939,32742,32827,32759,32763,32764,32766,55638,0
13700,938,32749,32839,32760,32764,32764,32766,55639,1
13701,942,32723,32831,32760,32764,32764,32766,55638,0
13702,938,32722,32797,32760,32762,32765,32767,55636,0
13703,938,32756,32837,32760,32762,32763,32766,55639,0
13704,939,32744,32826,32761,32763,32764,32767,55640,0
13705,938,32709,32827,32759,32763,32764,32767,55640,0
13706,942,32757,32815,32761,32762,32765,32767,55639,0
13707,938,32753,32805,32760,32764,32764,32767,55640,0
13708,938,32711,32842,32761,32763,32765,32767,55640,1
13709,939,32724,32824,32760,32762,32764,32766,55638,0
13710,938,32752,32817,32759,32763,32764,32767,55640,0
13711,942,32741,32798,32761,32763,32765,32766,55639,0
13712,938,32704,32806,32760,32762,32765,32766,55638,0
13713,939,32746,32833,32759,32763,32763,32767,55641,0
13714,938,32765,32842,32760,32763,32764,32766,55638,0
13715,938,32704,32816,32758,32763,32764,32766,55640,0
13716,943,32724,32792,32760,32762,32764,32766,55640,0
13717,949,32740,32803,32760,32763,32763,32766,55639,0
13718,938,32740,32849,32761,32764,32765,32767,55640,0
13719,938,32701,32831,32760,32764,32765,32766,55640,0
13720,938,32749,32808,32760,32763,32765,32767,55639,0
13721,943,32741,32788,32759,32763,32764,32767,55641,0
13722,938,32731,32807,32761,32763,32766,32767,55639,0
13723,938,32714,32818,32759,32763,32764,32766,55640,1
13724,938,32751,32815,32760,32763,32765,32765,55640,1
13725,939,32736,32826,32760,32762,32764,32766,55639,0
13726,942,32701,32791,32760,32763,32764,32767,55640,0
13727,938,32726,32828,32760,32763,32764,32767,55641,0
13728,939,32735,32826,32759,32762,32764,32767,55639,1
13729,938,32715,32838,32760,32762,32764,32767,55640,0
13730,938,32706,32793,32760,32763,32765,32767,55639,0
13731,943,32732,32786,32759,32763,32765,32767,55639,0
13732,938,32742,32820,32759,32764,32765,32766,55639,0
13733,938,32703,32827,32760,32763,32765,32767,55639,0
13734,938,32738,32786,32760,32763,32764,32766,55638,1
13735,938,32758,32793,32761,32763,32764,32767,55640,0
13736,943,32735,32805,32760,32763,32765,32766,55640,0
13737,938,32708,32825,32760,32763,32765,32767,55640,1
13738,938,32738,32828,32760,32763,32764,32766,55638,0
13739,938,32737,32810,32760,32763,32765,32767,55639,0
13740,939,32694,32789,32759,32763,32764,32767,55639,0
13741,942,32738,32803,32760,32763,32764,32766,55639,0
13742,938,32742,32824,32759,32763,32765,32767,55640,1
13743,938,32729,32828,32760,32763,32764,32768,55640,1
13744,939,32701,32799,32761,32762,32765,32766,55640,0
13745,938,32733,32800,32759,32763,32765,32766,55640,0
13746,942,32749,32841,32761,32763,32764,32767,55639,0
13747,939,32707,32841,32760,32763,32765,32765,55638,0
13748,938,32750,32828,32760,32763,32763,32766,55640,0
13749,938,32742,32799,32760,32763,32765,32767,55638,0
13750,944,32717,32807,32760,32763,32763,32766,55640,4
13751,942,32700,32811,32759,32763,32763,32766,55639,0
13752,938,32757,32825,32759,32763,32764,32766,55639,0
13753,939,32743,32829,32760,32764,32764,32766,55639,1
13754,938,32707,32798,32758,32762,32764,32766,55639,1
13755,938,32731,32803,32760,32763,32764,32766,55640,0
13756,943,32732,32839,32760,32763,32765,32766,55639,0
13757,938,32724,32833,32760,32763,32764,32766,55640,0
13758,938,32675,32811,32760,32763,32764,32766,55640,0
13759,938,32743,32784,32759,32762,32764,32766,55641,0
13760,939,32735,32828,32760,32763,32765,32766,55641,1
13761,941,32698,32839,32759,32762,32764,32765,55640,0
13762,939,32726,32816,32759,32763,32764,32766,55640,0
13763,938,32746,32814,32759,32763,32764,32766,55640,0
13764,938,32717,32799,32760,32764,32764,32766,55640,0
13765,939,32703,32820,32760,32762,32765,32767,55641,0
13766,942,32737,32837,32760,32762,32765,32767,55639,1
13767,938,32744,32812,32760,32763,32765,32767,55640,0
13768,938,32690,32798,32759,32763,32764,32768,55640,1
13769,938,32735,32796,32759,32763,32764,32766,55640,1
13770,938,32747,32825,32761,32764,32764,32766,55640,0
13771,943,32720,32833,32761,32763,32766,32766,55640,1
13772,938,32700,32826,32760,32764,32764,32767,55640,0
13773,939,32753,32793,32759,32763,32765,32766,55640,1
13774,938,32747,32804,32760,32762,32764,32767,55639,0
13775,938,32711,32818,32761,32763,32764,32766,55640,0
13776,943,32735,32820,32760,32763,32765,32766,55640,0
13777,938,32759,32800,32760,32763,32765,32767,55640,0
13778,938,32728,32786,32759,32762,32765,32766,55641,0
13779,938,32708,32826,32760,32763,32764,32766,55639,0
13780,939,32733,32827,32759,32763,32765,32767,55640,0
13781,942,32729,32826,32759,32764,32763,32767,55637,0
13782,938,32694,32794,32759,32763,32764,32766,55641,1
13783,944,32743,32795,32760,32762,32765,32767,55640,0
13784,938,32736,32821,32760,32762,32764,32767,55640,0
13785,938,32732,32834,32760,32764,32764,32766,55639,0
13786,943,32699,32825,32760,32762,32764,32766,55641,0
13787,938,32743,32807,32760,32764,32764,32767,55640,1
13788,938,32733,32805,32759,32763,32765,32766,55641,0
13789,938,32697,32826,32760,32763,32764,32767,55640,1
13790,939,32741,32838,32760,32763,32764,32766,55640,0
13791,942,32736,32832,32759,32763,32765,32767,55641,0
13792,938,32732,32808,32759,32763,32764,32767,55640,1
13793,939,32701,32791,32760,32762,32765,32767,55639,0
13794,938,32747,32824,32759,32763,32764,32766,55642,0
13795,938,32734,32834,32760,32764,32764,32767,55641,0
13796,942,32707,32828,32761,32763,32764,32766,55643,3
13797,939,32729,32792,32760,32764,32765,32767,55641,1
13798,938,32747,32816,32759,32762,32766,32767,55640,0
13799,938,32737,32846,32759,32763,32763,32766,55641,0
13800,938,32712,32827,32760,32763,32764,32765,55641,0
13801,943,32758,32828,32759,32763,32763,32767,55641,0
13802,938,32767,32807,32759,32763,32765,32767,55641,1
13803,938,32702,32836,32760,32763,32765,32766,55640,0
13804,938,32737,32831,32760,32763,32764,32767,55640,1
13805,939,32757,32832,32760,32763,32764,32767,55641,0
13806,942,32737,32813,32760,32763,32764,32767,55641,1
13807,938,32700,32795,32760,32763,32764,32766,55641,0
13808,938,32760,32835,32760,32762,32765,32767,55641,0
13809,939,32756,32833,32759,32762,32764,32768,55642,0
13810,938,32723,32806,32760,32762,32764,32767,55642,0
13811,939,32745,32793,32760,32764,32765,32767,55642,0
13812,941,32763,32800,32760,32764,32764,32766,55642,0
13813,938,32738,32837,32759,32763,32764,32765,55642,0
13814,939,32720,32822,32760,32763,32765,32766,55642,0
13815,938,32756,32816,32759,32763,32764,32767,55641,0
13816,947,32758,32789,32760,32764,32764,32767,55641,0
13817,943,32724,32799,32760,32762,32765,32766,55641,0
13818,938,32729,32823,32761,32763,32764,32767,55642,0
13819,939,32755,32826,32759,32762,32765,32767,55641,0
13820,938,32733,32812,32760,32763,32764,32766,55641,0
13821,942,32704,32783,32760,32764,32764,32767,55642,0
13822,938,32730,32792,32759,32763,32765,32767,55642,1
13823,939,32741,32806,32760,32763,32764,32766,55641,0
13824,938,32728,32809,32759,32763,32765,32766,55642,0
13825,938,32725,32777,32761,32763,32764,32766,55642,1
13826,943,32739,32785,32759,32763,32764,32766,55642,0
13827,938,32739,32798,32760,32763,32765,32766,55642,0
13828,938,32712,32815,32760,32763,32764,32765,55641,0
13829,938,32764,32808,32759,32763,32764,32766,55641,0
13830,939,32767,32788,32759,32762,32765,32766,55641,0
13831,942,32725,32802,32760,32762,32765,32767,55641,0
13832,938,32723,32828,32760,32763,32765,32766,55641,0
13833,938,32764,32830,32760,32762,32765,32766,55644,0
13834,938,32738,32808,32760,32763,32765,32767,55642,0
13835,939,32705,32786,32761,32763,32764,32766,55641,0
13836,942,32754,32804,32759,32762,32764,32766,55642,0
13837,938,32745,32831,32760,32762,32764,32767,55642,0
13838,938,32713,32827,32760,32763,32765,32766,55641,0
13839,939,32725,32800,32760,32763,32764,32766,55642,3
13840,938,32753,32785,32760,32763,32764,32766,55641,1
13841,942,32743,32806,32759,32762,32765,32766,55641,0
13842,939,32707,32814,32760,32763,32763,32766,55642,0
13843,938,32762,32804,32760,32763,32765,32766,55642,1
13844,938,32762,32785,32760,32763,32764,32766,55642,0
13845,938,32720,32792,32760,32765,32765,32766,55642,0
13846,942,32734,32811,32759,32763,32765,32766,55642,2
13847,939,32741,32838,32760,32762,32765,32767,55642,0
13848,938,32736,32813,32760,32764,32764,32766,55642,1
13849,938,32694,32787,32759,32763,32765,32767,55643,0
13850,938,32752,32817,32759,32763,32765,32767,55642,0
13851,943,32752,32843,32759,32761,32765,32767,55643,0
13852,938,32716,32832,32760,32763,32765,32768,55643,0
13853,938,32745,32799,32759,32762,32764,32767,55642,0
13854,939,32749,32784,32759,32763,32764,32767,55642,0
13855,938,32737,32820,32759,32764,32763,32767,55643,0
13856,942,32714,32820,32759,32764,32765,32766,55642,0
13857,939,32749,32822,32760,32763,32765,32766,55640,0
13858,938,32764,32808,32760,32764,32765,32767,55642,0
13859,938,32722,32793,32759,32763,32765,32766,55641,0
13860,938,32754,32817,32761,32763,32764,32767,55642,1
13861,943,32765,32832,32759,32763,32766,32767,55642,0
13862,938,32751,32822,32759,32763,32765,32766,55641,1
13863,938,32717,32783,32760,32763,32765,32766,55644,0
13864,939,32774,32805,32760,32763,32765,32766,55643,1
13865,949,32749,32809,32759,32763,32765,32766,55643,0
13866,941,32743,32814,32760,32762,32763,32767,55643,0
13867,939,32706,32807,32760,32763,32765,32766,55643,0
13868,938,32755,32801,32760,32762,32764,32765,55642,1
13869,938,32744,32797,32760,32764,32765,32767,55642,0
13870,938,32698,32815,32761,32763,32764,32766,55642,1
13871,943,32736,32815,32760,32763,32764,32766,55642,0
13872,938,32746,32809,32760,32763,32764,32766,55643,0
13873,938,32728,32785,32760,32762,32764,32766,55643,0
13874,939,32698,32786,32759,32763,32763,32766,55642,0
13875,938,32749,32814,32760,32763,32764,32765,55643,0
13876,942,32755,32841,32760,32764,32765,32767,55641,1
13877,939,32709,32804,32760,32762,32765,32767,55641,0
13878,938,32744,32779,32759,32763,32765,32767,55642,0
13879,938,32761,32806,32759,32762,32764,32767,55643,0
13880,938,32739,32831,32761,32763,32765,32766,55643,0
13881,943,32696,32806,32760,32763,32764,32767,55643,0
13882,948,32750,32805,32761,32762,32764,32766,55642,0
13883,938,32747,32791,32761,32763,32764,32767,55642,0
13884,938,32728,32814,32760,32763,32765,32766,55642,0
13885,938,32734,32819,32760,32762,32765,32766,55643,0
13886,943,32759,32817,32760,32763,32764,32766,55642,0
13887,938,32756,32820,32760,32763,32765,32768,55642,0
13888,938,32699,32791,32760,32763,32765,32768,55642,0
13889,939,32753,32805,32759,32764,32765,32766,55643,1
13890,938,32762,32820,32760,32763,32765,32766,55642,0
13891,942,32725,32816,32759,32763,32764,32766,55642,0
13892,938,32735,32780,32760,32763,32764,32766,55642,0
13893,938,32758,32777,32760,32764,32764,32766,55643,0
13894,939,32736,32825,32759,32763,32765,32766,55644,0
13895,938,32705,32820,32760,32762,32765,32766,55643,0
13896,942,32765,32822,32760,32763,32764,32766,55642,1
13897,939,32757,32802,32760,32763,32764,32767,55641,0
13898,943,32735,32787,32760,32762,32765,32766,55642,0
13899,938,32701,32816,32759,32763,32764,32766,55642,0
13900,938,32746,32827,32759,32763,32763,32766,55642,0
13901,943,32758,32813,32760,32763,32765,32766,55642,0
13902,938,32712,32784,32760,32763,32765,32767,55643,0
13903,938,32748,32787,32760,32764,32765,32767,55642,0
13904,939,32760,32819,32759,32762,32764,32766,55642,1
13905,938,32737,32825,32760,32763,32764,32766,55642,0
13906,942,32720,32796,32760,32763,32765,32766,55643,0
13907,939,32766,32785,32760,32763,32765,32766,55642,0
13908,938,32747,32801,32759,32762,32764,32767,55640,0
13909,938,32693,32816,32759,32763,32764,32766,55643,1
13910,938,32759,32812,32761,32763,32765,32766,55644,0
13911,956,32761,32831,32760,32764,32765,32766,55643,1
13912,942,32739,32820,32760,32763,32765,32767,55642,0
13913,938,32714,32778,32760,32763,32763,32767,55643,0
13914,938,32740,32809,32759,32762,32764,32766,55643,0
13915,944,32746,32825,32759,32763,32764,32766,55643,0
13916,942,32745,32809,32759,32763,32765,32768,55642,0
13917,938,32694,32801,32759,32763,32764,32767,55643,0
13918,939,32733,32774,32760,32763,32765,32767,55643,0
13919,938,32759,32811,32760,32763,32764,32768,55644,0
13920,938,32716,32833,32760,32763,32765,32766,55642,0
13921,942,32715,32800,32761,32763,32765,32766,55642,0
13922,938,32746,32808,32761,32764,32765,32765,55643,0
13923,938,32727,32802,32759,32763,32765,32767,55643,1
13924,939,32696,32802,32759,32762,32764,32767,55642,0
13925,938,32748,32808,32760,32763,32764,32767,55642,0
13926,942,32756,32812,32760,32763,32764,32767,55642,0
13927,939,32721,32781,32759,32763,32764,32766,55641,1
13928,938,32730,32803,32759,32763,32764,32767,55643,0
13929,938,32766,32846,32759,32762,32765,32765,55642,0
13930,938,32740,32819,32761,32763,32765,32767,55642,0
13931,943,32694,32806,32759,32763,32765,32767,55644,0
13932,943,32746,32796,32759,32763,32764,32767,55643,0
13933,938,32747,32793,32760,32762,32764,32767,55643,0
13934,939,32729,32825,32761,32763,32765,32766,55643,0
13935,938,32698,32822,32761,32763,32765,32766,55642,0
13936,942,32759,32806,32760,32762,32765,32767,55643,0
13937,938,32736,32789,32760,32763,32764,32767,55643,0
13938,939,32708,32818,32760,32763,32765,32767,55643,0
13939,938,32754,32836,32760,32764,32765,32767,55643,0
13940,938,32762,32820,32760,32763,32764,32765,55644,0
13941,943,32735,32806,32760,32763,32765,32767,55643,1
13942,938,32713,32785,32761,32762,32763,32766,55643,0
13943,938,32751,32831,32760,32764,32763,32766,55642,0
13944,938,32753,32835,32760,32763,32764,32768,55642,0
13945,939,32705,32819,32759,32763,32763,32767,55643,0
13946,942,32744,32796,32760,32762,32764,32767,55642,0
13947,938,32739,32805,32759,32763,32765,32767,55642,1
13948,943,32712,32822,32759,32763,32764,32767,55643,0
13949,938,32698,32813,32760,32763,32764,32766,55644,0
13950,938,32763,32814,32759,32763,32765,32766,55643,0
13951,943,32745,32808,32760,32763,32764,32768,55643,0
13952,938,32701,32793,32759,32763,32764,32767,55642,0
13953,938,32740,32824,32761,32762,32765,32766,55643,0
13954,938,32765,32811,32760,32763,32764,32767,55643,0
13955,939,32747,32811,32760,32763,32765,32766,55643,1
13956,942,32709,32801,32760,32763,32765,32766,55644,0
13957,938,32761,32802,32759,32763,32764,32767,55642,0
13958,939,32766,32826,32760,32763,32764,32766,55643,0
13959,938,32716,32838,32759,32763,32764,32766,55643,0
13960,938,32747,32805,32760,32763,32763,32767,55643,0
13961,942,32756,32791,32760,32763,32764,32767,55644,0
13962,939,32732,32827,32761,32763,32764,32766,55645,0
13963,938,32713,32830,32759,32763,32764,32767,55643,0
13964,938,32740,32822,32760,32763,32764,32766,55643,0
13965,938,32745,32797,32760,32763,32764,32767,55644,0
13966,942,32712,32807,32761,32763,32764,32766,55643,0
13967,939,32736,32825,32760,32764,32764,32767,55643,0
13968,938,32756,32826,32760,32762,32765,32767,55643,0
13969,938,32729,32825,32760,32763,32764,32767,55645,1
13970,938,32721,32777,32760,32762,32765,32767,55644,0
13971,942,32754,32813,32760,32764,32764,32766,55643,0
13972,938,32740,32833,32760,32764,32765,32767,55644,0
13973,939,32708,32822,32761,32763,32765,32766,55643,1
13974,938,32765,32806,32759,32762,32764,32767,55644,0
13975,938,32746,32797,32761,32763,32764,32767,55644,1
13976,943,32722,32831,32760,32763,32764,32767,55644,1
13977,938,32726,32817,32761,32763,32765,32767,55643,0
13978,938,32756,32815,32759,32763,32765,32766,55644,0
13979,938,32754,32810,32759,32762,32765,32766,55644,0
13980,939,32711,32804,32760,32762,32764,32766,55643,0
13981,948,32750,32827,32760,32763,32764,32767,55644,0
13982,943,32752,32837,32759,32763,32765,32767,55644,0
13983,938,32743,32833,32760,32763,32764,32766,55644,0
13984,939,32692,32806,32759,32763,32764,32766,55643,0
13985,938,32759,32805,32760,32763,32765,32767,55643,0
13986,942,32749,32832,32760,32762,32765,32767,55644,1
13987,939,32698,32838,32760,32763,32765,32766,55644,1
13988,938,32723,32813,32760,32762,32765,32766,55644,0
13989,938,32753,32800,32759,32763,32764,32767,55644,0
13990,938,32730,32796,32760,32763,32764,32767,55644,1
13991,943,32682,32844,32759,32763,32764,32767,55643,0
13992,938,32749,32828,32760,32762,32764,32766,55643,0
13993,938,32759,32804,32759,32763,32764,32767,55643,0
13994,939,32716,32780,32760,32762,32765,32766,55644,1
13995,938,32735,32808,32761,32763,32764,32766,55643,0
13996,942,32751,32827,32759,32763,32765,32766,55644,0
13997,939,32742,32822,32761,32762,32766,32766,55643,0
13998,943,32702,32826,32759,32763,32764,32766,55644,0
13999,938,32741,32787,32760,32762,32763,32766,55644,0
14000,939,32748,32807,32759,32763,32765,32766,55644,0
14001,941,32745,32823,32760,32762,32764,32766,55644,0
14002,939,32719,32791,32759,32763,32764,32765,55644,0
14003,938,32745,32794,32759,32763,32765,32766,55644,1
14004,938,32739,32801,32760,32763,32765,32767,55644,0
14005,939,32713,32816,32760,32763,32765,32765,55645,0
14006,942,32757,32818,32760,32762,32765,32766,55644,1
14007,938,32747,32815,32759,32763,32765,32766,55644,0
14008,938,32718,32796,32759,32762,32764,32767,55644,0
14009,939,32728,32781,32759,32763,32764,32767,55644,0
14010,938,32753,32827,32759,32763,32764,32767,55643,1
14011,942,32747,32833,32760,32763,32765,32766,55643,1
14012,939,32685,32795,32760,32762,32764,32765,55644,0
14013,938,32737,32782,32759,32762,32765,32766,55643,0
14014,944,32739,32806,32760,32763,32764,32767,55644,0
14015,943,32724,32827,32760,32762,32764,32766,55644,0
14016,4072,32703,32777,32759,32763,32765,32766,55644,2
14017,943,32748,32810,32759,32764,32763,32766,55645,0
14018,938,32756,32819,32760,32762,32765,32767,55644,0
14019,939,32726,32807,32760,32762,32764,32767,55644,0
14020,938,32718,32769,32760,32763,32765,32767,55645,1
14021,942,32733,32806,32761,32762,32764,32767,55644,0
14022,939,32765,32848,32760,32763,32764,32766,55643,0
14023,938,32707,32827,32760,32763,32764,32766,55644,0
14024,938,32731,32816,32760,32764,32764,32766,55643,0
14025,938,32730,32808,32759,32763,32765,32766,55643,0
14026,942,32719,32811,32759,32762,32764,32765,55643,0
14027,939,32716,32837,32759,32763,32765,32767,55645,0
14028,938,32754,32823,32759,32763,32764,32767,55644,0
14029,938,32736,32812,32760,32763,32764,32766,55643,0
14030,938,32699,32783,32760,32762,32764,32767,55645,0
14031,943,32732,32810,32761,32763,32765,32767,55644,0
14032,938,32764,32822,32760,32763,32765,32767,55646,0
14033,943,32734,32819,32760,32763,32765,32767,55645,0
14034,938,32723,32783,32761,32763,32764,32765,55643,1
14035,938,32751,32791,32761,32763,32763,32766,55645,0
14036,943,32759,32838,32760,32762,32765,32767,55644,0
14037,938,32708,32833,32760,32763,32765,32767,55644,0
14038,938,32744,32815,32759,32763,32765,32766,55644,0
14039,938,32775,32800,32759,32763,32763,32766,55644,0
14040,939,32736,32813,32760,32762,32764,32767,55644,1
14041,942,32694,32813,32760,32764,32764,32768,55645,0
14042,938,32748,32836,32760,32764,32764,32767,55646,0
14043,939,32744,32807,32760,32764,32765,32767,55645,0
14044,938,32721,32815,32759,32762,32765,32766,55645,0
14045,938,32743,32827,32760,32763,32765,32767,55645,0
14046,943,32766,32841,32759,32763,32764,32766,55644,0
14047,938,32733,32835,32759,32763,32764,32766,55645,0
14048,938,32696,32801,32759,32763,32765,32767,55644,0
14049,944,32743,32805,32760,32763,32765,32766,55644,0
14050,938,32753,32834,32760,32763,32764,32767,55646,0
14051,942,32711,32834,32760,32762,32764,32765,55645,0
14052,938,32717,32834,32759,32762,32764,32767,55643,0
14053,939,32759,32808,32760,32763,32764,32766,55645,0
14054,938,32755,32787,32760,32764,32765,32765,55645,1
14055,938,32707,32817,32759,32763,32765,32766,55646,0
14056,943,32754,32830,32760,32763,32764,32766,55644,0
14057,938,32749,32822,32759,32764,32765,32767,55644,0
14058,938,32715,32811,32761,32763,32764,32766,55645,0
14059,938,32735,32801,32760,32763,32765,32766,55645,0
14060,939,32755,32830,32760,32763,32765,32766,55645,0
14061,942,32752,32821,32760,32763,32765,32766,55646,0
14062,938,32710,32822,32759,32763,32764,32766,55643,0
14063,939,32742,32779,32760,32763,32765,32765,55645,0
14064,938,32760,32817,32760,32762,32765,32767,55645,0
14065,938,32719,32830,32760,32763,32765,32766,55645,0
14066,948,32731,32823,32760,32763,32764,32765,55645,0
14067,938,32755,32809,32760,32763,32765,32767,55645,1
14068,938,32752,32790,32760,32763,32765,32767,55644,0
14069,938,32696,32808,32759,32763,32764,32766,55645,1
14070,939,32756,32829,32759,32763,32764,32766,55643,1
14071,942,32758,32843,32760,32763,32765,32767,55653,1
14072,938,32731,32824,32761,32763,32763,32767,55645,0
14073,939,32727,32791,32759,32764,32765,32766,55645,0
14074,938,32765,32826,32760,32763,32765,32766,55645,1
14075,938,32762,32838,32761,32763,32764,32766,55646,0
14076,943,32705,32814,32759,32763,32764,32767,55645,0
14077,938,32738,32790,32760,32763,32765,32767,55644,0
14078,938,32755,32797,32759,32763,32764,32766,55645,0
14079,938,32720,32830,32759,32763,32765,32766,55646,0
14080,939,32716,32831,32760,32762,32765,32767,55644,0
14081,941,32760,32815,32760,32764,32766,32768,55646,0
14082,939,32741,32797,32760,32763,32764,32766,55646,1
14083,943,32717,32795,32760,32763,32764,32767,55645,0
14084,938,32744,32840,32760,32762,32764,32767,55645,0
14085,939,32774,32818,32761,32764,32765,32766,55645,0
14086,942,32721,32799,32759,32763,32764,32765,55645,0
14087,938,32704,32788,32760,32764,32765,32766,55645,1
14088,938,32746,32790,32761,32763,32766,32767,55645,0
14089,939,32748,32834,32759,32763,32764,32766,55646,0
14090,938,32693,32823,32760,32763,32766,32766,55645,0
14091,939,32734,32787,32759,32763,32764,32767,55644,0
14092,942,32756,32783,32759,32763,32766,32766,55645,1
14093,938,32730,32824,32761,32763,32765,32767,55645,0
14094,938,32711,32820,32760,32763,32763,32766,55646,0
14095,939,32756,32809,32759,32762,32765,32766,55646,0
14096,942,32737,32801,32760,32763,32765,32766,55645,0
14097,938,32702,32797,32760,32764,32765,32766,55646,0
14098,939,32744,32817,32760,32762,32764,32767,55646,1
14099,948,32761,32831,32759,32763,32764,32766,55646,0
14100,943,32767,32838,32760,32763,32765,32767,55645,0
14101,943,32726,32823,32760,32763,32765,32766,55645,0
14102,938,32728,32790,32760,32763,32765,32766,55645,1
14103,938,32760,32807,32760,32762,32765,32766,55645,2
14104,938,32732,32825,32760,32763,32764,32766,55645,0
14105,939,32699,32814,32760,32762,32765,32767,55646,1
14106,942,32746,32814,32759,32763,32764,32766,55646,1
14107,938,32746,32789,32759,32762,32764,32767,55645,0
14108,938,32700,32816,32759,32763,32765,32767,55646,0
14109,939,32737,32814,32760,32763,32765,32766,55645,1
14110,938,32770,32813,32760,32763,32765,32766,55646,0
14111,942,32734,32807,32759,32763,32764,32766,55645,0
14112,939,32707,32779,32760,32763,32764,32766,55645,0
14113,938,32753,32820,32759,32763,32765,32766,55645,0
14114,938,32746,32829,32760,32762,32765,32767,55645,0
14115,938,32716,32821,32760,32763,32765,32766,55645,0
14116,942,32716,32794,32760,32762,32764,32766,55645,0
14117,939,32737,32801,32759,32762,32764,32767,55646,0
14118,938,32718,32824,32758,32764,32765,32767,55645,0
14119,938,32701,32825,32759,32763,32764,32767,55646,1
14120,938,32738,32814,32760,32763,32765,32767,55645,0
14121,943,32754,32808,32760,32763,32764,32766,55646,0
14122,938,32705,32823,32760,32763,32764,32767,55646,0
14123,939,32723,32845,32759,32762,32765,32767,55647,0
14124,938,32764,32844,32759,32763,32765,32766,55647,1
14125,938,32721,32825,32758,32763,32766,32766,55647,0
14126,942,32696,32780,32761,32763,32765,32766,55646,0
14127,939,32747,32833,32760,32764,32764,32767,55646,0
14128,938,32746,32832,32761,32763,32764,32765,55645,1
14129,938,32704,32820,32760,32762,32764,32766,55646,0
14130,939,32738,32793,32760,32764,32764,32766,55646,1
14131,938,32759,32802,32760,32764,32764,32767,55646,1
14132,946,32721,32827,32760,32762,32764,32767,55646,0
14133,943,32706,32824,32760,32763,32765,32767,55645,1
14134,938,32739,32825,32760,32763,32764,32766,55646,1
14135,939,32750,32799,32760,32763,32765,32766,55645,0
14136,942,32714,32779,32760,32764,32764,32765,55646,0
14137,938,32693,32809,32760,32762,32764,32767,55645,2
14138,939,32755,32838,32759,32763,32764,32766,55647,0
14139,938,32740,32825,32760,32764,32764,32765,55645,0
14140,938,32684,32780,32759,32763,32765,32767,55646,0
14141,942,32744,32788,32760,32762,32764,32766,55645,1
14142,939,32744,32822,32759,32763,32764,32766,55646,0
14143,938,32738,32825,32760,32763,32765,32766,55646,0
14144,938,32732,32799,32759,32762,32765,32766,55646,0
14145,939,32750,32772,32760,32764,32764,32765,55645,0
14146,939,32730,32819,32759,32763,32764,32768,55646,0
14147,941,32710,32816,32760,32763,32764,32766,55646,1
14148,939,32758,32806,32759,32763,32764,32766,55645,1
14149,943,32748,32820,32760,32763,32763,32769,55646,0
14150,938,32726,32795,32759,32763,32764,32766,55646,1
14151,943,32699,32789,32760,32762,32765,32767,55646,0
14152,938,32753,32822,32760,32763,32765,32767,55646,0
14153,938,32756,32823,32759,32762,32765,32766,55646,0
14154,938,32705,32806,32759,32763,32765,32767,55645,3
14155,939,32729,32798,32760,32763,32764,32766,55647,0
14156,942,32753,32819,32759,32763,32764,32766,55644,0
14157,938,32730,32825,32760,32763,32764,32767,55646,0
14158,939,32698,32818,32760,32763,32765,32766,55645,0
14159,938,32761,32802,32760,32763,32764,32766,55648,0
14160,938,32721,32802,32761,32762,32765,32767,55647,0
14161,943,32707,32825,32760,32763,32763,32766,55647,0
14162,938,32741,32835,32760,32762,32765,32766,55646,0
14163,938,32748,32819,32760,32763,32764,32767,55648,0
14164,938,32732,32790,32759,32763,32765,32767,55646,0
14165,944,32722,32806,32760,32763,32765,32766,55645,1
14166,942,32747,32823,32760,32763,32765,32766,55645,0
14167,938,32731,32829,32759,32763,32765,32766,55647,0
14168,939,32694,32813,32759,32764,32764,32767,55646,1
14169,938,32734,32794,32760,32762,32764,32766,55646,0
14170,938,32739,32830,32761,32762,32764,32767,55646,0
14171,942,32743,32830,32760,32763,32765,32766,55647,1
14172,939,32705,32814,32761,32763,32764,32766,55647,1
14173,938,32764,32814,32759,32763,32764,32766,55646,0
14174,938,32740,32810,32760,32764,32764,32767,55646,0
14175,939,32686,32825,32759,32763,32764,32766,55647,0
14176,942,32726,32826,32760,32762,32764,32767,55646,0
14177,938,32757,32830,32761,32763,32765,32766,55647,1
14178,939,32741,32808,32760,32764,32764,32767,55647,0
14179,938,32707,32801,32759,32763,32764,32766,55646,0
14180,938,32759,32824,32761,32763,32764,32766,55647,1
14181,942,32756,32826,32759,32762,32764,32766,55646,0
14182,938,32710,32816,32760,32762,32764,32766,55646,1
14183,938,32749,32779,32760,32762,32765,32767,55646,1
14184,939,32757,32822,32760,32763,32764,32767,55646,0
14185,938,32731,32823,32760,32762,32765,32768,55647,1
14186,942,32728,32819,32759,32763,32764,32767,55647,1
14187,938,32750,32807,32759,32762,32764,32767,55647,0
14188,938,32763,32794,32760,32763,32764,32766,55646,0
14189,939,32712,32831,32760,32763,32765,32765,55648,0
14190,938,32746,32834,32759,32763,32764,32767,55648,0
14191,942,32761,32832,32759,32763,32764,32766,55647,0
14192,938,32725,32815,32760,32763,32765,32766,55646,1
14193,938,32725,32771,32759,32762,32764,32766,55647,0
14194,939,32761,32830,32760,32763,32765,32767,55645,0
14195,938,32757,32826,32761,32763,32764,32767,55646,0
14196,942,32709,32812,32760,32763,32765,32767,55646,0
14197,938,32755,32781,32760,32763,32764,32766,55646,0
14198,944,32758,32805,32760,32763,32764,32766,55646,0
14199,938,32728,32821,32760,32763,32764,32768,55646,0
14200,938,32719,32813,32760,32762,32764,32766,55647,0
14201,943,32759,32805,32760,32764,32764,32767,55647,1
14202,938,32757,32789,32760,32762,32764,32766,55647,0
14203,938,32694,32784,32760,32763,32763,32766,55648,1
14204,938,32719,32810,32760,32762,32765,32767,55644,0
14205,939,32751,32826,32760,32763,32763,32767,55648,0
14206,942,32731,32815,32759,32763,32764,32767,55647,0
14207,938,32697,32785,32760,32764,32765,32766,55646,0
14208,939,32747,32808,32759,32763,32764,32767,55647,0
14209,938,32749,32822,32759,32763,32765,32766,55646,0
14210,938,32702,32832,32760,32763,32764,32768,55646,0
14211,942,32733,32785,32760,32764,32764,32766,55647,1
14212,938,32739,32775,32760,32762,32765,32768,55647,0
14213,938,32729,32806,32760,32762,32765,32767,55647,1
14214,939,32720,32799,32759,32764,32764,32767,55646,0
14215,943,32752,32812,32760,32763,32765,32767,55646,0
14216,942,32760,32795,32761,32763,32764,32767,55648,0
14217,939,32704,32791,32760,32763,32764,32766,55648,1
14218,938,32730,32815,32761,32764,32764,32767,55647,0
14219,938,32732,32831,32760,32762,32764,32767,55646,2
14220,939,32733,32814,32760,32763,32765,32767,55648,0
14221,942,32695,32782,32760,32763,32765,32767,55646,1
14222,938,32745,32780,32760,32763,32764,32767,55646,0
14223,938,32744,32824,32759,32763,32765,32767,55648,0
14224,939,32695,32828,32759,32763,32764,32767,55648,0
14225,938,32728,32788,32760,32763,32764,32767,55647,0
14226,942,32736,32785,32760,32763,32766,32767,55646,0
14227,939,32720,32798,32761,32764,32765,32767,55646,0
14228,938,32707,32813,32761,32763,32765,32766,55647,0
14229,938,32760,32814,32760,32763,32764,32766,55647,0
14230,938,32742,32811,32760,32764,32764,32767,55646,0
14231,948,32702,32802,32760,32763,32765,32767,55647,0
14232,938,32734,32801,32760,32763,32764,32768,55646,0
14233,938,32760,32826,32760,32763,32764,32768,55648,1
14234,939,32725,32829,32760,32763,32764,32765,55648,0
14235,938,32676,32785,32760,32763,32765,32766,55648,0
14236,942,32725,32774,32760,32763,32764,32767,55646,0
14237,938,32747,32817,32759,32764,32764,32767,55647,0
14238,939,32714,32827,32760,32763,32764,32766,55647,3
14239,938,32716,32809,32760,32763,32765,32766,55647,1
14240,938,32747,32792,32760,32764,32764,32767,55648,1
14241,952,32730,32781,32760,32763,32763,32766,55646,0
14242,938,32704,32808,32760,32762,32764,32766,55647,0
14243,938,32718,32802,32760,32763,32764,32766,55648,0
14244,939,32732,32800,32761,32763,32764,32768,55647,1
14245,938,32728,32797,32760,32763,32764,32766,55647,0
14246,942,32709,32781,32762,32762,32764,32766,55648,1
14247,939,32740,32816,32759,32763,32765,32767,55648,0
14248,943,32753,32821,32760,32763,32764,32766,55647,1
14249,938,32719,32814,32760,32762,32765,32767,55648,0
14250,939,32714,32791,32760,32763,32764,32766,55647,0
14251,942,32744,32776,32760,32763,32765,32767,55648,0
14252,938,32742,32816,32760,32762,32765,32767,55648,0
14253,938,32704,32840,32759,32763,32765,32766,55647,1
14254,939,32747,32812,32760,32763,32765,32766,55647,0
14255,938,32739,32792,32760,32763,32763,32767,55648,0
14256,942,32706,32803,32761,32762,32763,32767,55648,0
14257,939,32709,32830,32759,32762,32765,32766,55649,0
14258,938,32751,32827,32760,32764,32765,32766,55647,0
14259,938,32730,32821,32759,32763,32765,32767,55647,0
14260,938,32689,32786,32760,32764,32763,32766,55648,0
14261,943,32742,32808,32759,32762,32765,32767,55648,0
14262,938,32728,32830,32760,32763,32765,32767,55647,1
14263,938,32699,32823,32759,32762,32764,32767,55647,0
14264,944,32731,32804,32759,32763,32764,32767,55648,0
14265,938,32751,32787,32760,32763,32764,32767,55648,1
14266,942,32742,32807,32760,32764,32763,32767,55648,1
14267,938,32685,32816,32760,32763,32764,32767,55648,0
14268,938,32734,32821,32760,32762,32765,32766,55648,0
14269,939,32737,32809,32759,32764,32764,32766,55647,1
14270,938,32717,32783,32760,32762,32766,32766,55647,0
14271,942,32719,32807,32759,32762,32763,32767,55648,2
14272,939,32747,32837,32760,32763,32765,32767,55648,0
14273,938,32748,32824,32761,32764,32764,32766,55648,0
14274,938,32693,32787,32759,32762,32764,32767,55648,0
14275,938,32735,32795,32761,32762,32764,32767,55648,0
14276,943,32754,32824,32760,32763,32765,32766,55648,1
14277,938,32704,32815,32760,32762,32764,32767,55648,0
14278,938,32723,32803,32760,32763,32765,32767,55647,0
14279,939,32745,32801,32760,32763,32765,32766,55648,0
14280,938,32731,32810,32760,32763,32764,32767,55648,5
14281,942,32687,32822,32760,32763,32765,32766,55648,0
14282,938,32741,32835,32761,32762,32764,32767,55648,0
14283,938,32754,32809,32760,32763,32765,32766,55648,1
14284,938,32705,32777,32759,32763,32764,32766,55647,0
14285,939,32707,32798,32759,32763,32764,32766,55647,0
14286,942,32747,32822,32760,32762,32765,32766,55647,0
14287,938,32729,32820,32761,32762,32765,32767,55648,2
14288,939,32671,32775,32760,32764,32764,32766,55648,1
14289,938,32731,32789,32759,32763,32764,32766,55647,0
14290,938,32734,32817,32760,32764,32764,32767,55649,0
14291,942,32705,32820,32760,32763,32764,32766,55647,0
14292,938,32713,32816,32760,32762,32764,32766,55648,0
14293,938,32752,32796,32761,32763,32764,32766,55648,0
14294,939,32718,32798,32760,32763,32764,32766,55648,1
14295,938,32702,32816,32761,32763,32764,32766,55650,0
14296,942,32737,32828,32760,32762,32764,32766,55647,0
14297,943,32738,32821,32759,32764,32765,32765,55648,1
14298,943,32713,32779,32760,32763,32765,32766,55648,1
14299,938,32697,32770,32761,32762,32764,32765,55649,1
14300,939,32730,32821,32760,32762,32764,32767,55650,0
14301,942,32737,32822,32760,32763,32766,32766,55649,0
14302,938,32697,32803,32759,32763,32763,32767,55648,0
14303,939,32737,32769,32759,32764,32765,32766,55649,0
14304,938,32737,32784,32760,32763,32765,32767,55652,0
14305,938,32717,32818,32761,32764,32764,32766,55648,1
14306,942,32696,32803,32761,32764,32764,32766,55649,0
14307,939,32732,32804,32759,32763,32765,32767,55648,1
14308,938,32730,32782,32761,32763,32764,32766,55648,0
14309,938,32689,32807,32759,32763,32765,32766,55648,0
14310,939,32746,32813,32759,32763,32765,32768,55649,0
14311,942,32748,32824,32760,32763,32764,32766,55649,0
14312,938,32722,32801,32760,32763,32764,32766,55648,1
14313,938,32708,32793,32760,32763,32765,32766,55648,0
14314,938,32741,32827,32760,32762,32764,32768,55647,0
14315,938,32731,32809,32760,32762,32765,32767,55649,0
14316,943,32704,32813,32760,32763,32765,32766,55648,0
14317,938,32742,32791,32759,32762,32764,32767,55649,0
14318,938,32738,32804,32761,32763,32764,32767,55648,0
14319,939,32719,32831,32761,32763,32765,32767,55648,0
14320,938,32710,32811,32760,32763,32764,32766,55648,0
14321,942,32752,32813,32760,32763,32765,32766,55649,0
14322,938,32737,32788,32760,32763,32764,32767,55647,0
14323,938,32689,32807,32761,32763,32764,32767,55648,0
14324,939,32758,32812,32759,32763,32765,32768,55648,0
14325,938,32740,32811,32759,32763,32766,32767,55648,0
14326,942,32707,32793,32760,32762,32764,32766,55648,1
14327,939,32706,32765,32759,32763,32763,32766,55649,0
14328,938,32739,32809,32760,32763,32764,32766,55649,0
14329,938,32739,32827,32761,32762,32764,32767,55648,0
14330,943,32701,32815,32760,32763,32765,32766,55648,0
14331,942,32733,32786,32760,32763,32765,32766,55649,1
14332,938,32729,32781,32760,32762,32765,32766,55649,0
14333,939,32720,32818,32760,32763,32763,32768,55648,0
14334,938,32717,32818,32760,32763,32764,32766,55649,0
14335,938,32746,32816,32760,32763,32764,32767,55648,0
14336,943,32748,32787,32761,32763,32765,32766,55649,0
14337,938,32688,32775,32760,32763,32765,32766,55649,1
14338,938,32735,32818,32760,32763,32764,32766,55649,0
14339,938,32734,32825,32760,32763,32765,32767,55648,0
14340,939,32718,32819,32760,32762,32764,32766,55650,1
14341,942,32680,32763,32759,32764,32764,32767,55649,0
14342,938,32743,32792,32760,32763,32764,32767,55648,0
14343,939,32736,32841,32760,32763,32764,32766,55648,0
14344,938,32697,32827,32760,32763,32765,32766,55647,0
14345,938,32737,32803,32760,32763,32765,32767,55649,0
14346,942,32753,32788,32760,32763,32764,32767,55648,0
14347,938,32721,32815,32761,32762,32763,32767,55649,0
14348,938,32716,32806,32759,32762,32764,32766,55649,0
14349,938,32762,32809,32760,32762,32764,32767,55649,1
14350,938,32743,32780,32760,32764,32765,32766,55649,0
14351,943,32688,32773,32760,32762,32765,32766,55650,0
14352,938,32767,32803,32760,32763,32764,32767,55649,0
14353,938,32749,32828,32760,32763,32765,32765,55648,0
14354,939,32724,32810,32760,32764,32764,32767,55649,0
14355,938,32725,32779,32760,32763,32764,32767,55648,0
14356,942,32755,32808,32759,32763,32765,32767,55649,0
14357,939,32743,32813,32759,32763,32764,32766,55649,1
14358,938,32694,32809,32760,32763,32765,32767,55650,0
14359,938,32739,32812,32761,32762,32765,32766,55649,1
14360,938,32746,32774,32760,32764,32764,32768,55649,0
14361,943,32710,32798,32759,32763,32765,32767,55655,1
14362,938,32718,32809,32759,32763,32764,32768,55650,0
14363,938,32759,32820,32760,32764,32764,32767,55649,0
14364,938,32738,32806,32760,32762,32765,32766,55647,0
14365,938,32691,32780,32760,32763,32764,32767,55648,0
14366,943,32746,32818,32760,32763,32763,32767,55649,0
14367,938,32733,32823,32759,32763,32765,32766,55649,0
14368,938,32691,32815,32761,32763,32764,32766,55649,1
14369,938,32736,32785,32760,32763,32763,32766,55649,0
14370,939,32743,32806,32758,32763,32765,32766,55648,0
14371,942,32734,32839,32760,32762,32764,32768,55649,0
14372,938,32689,32816,32760,32762,32764,32767,55649,0
14373,939,32749,32801,32760,32762,32764,32766,55649,0
14374,938,32745,32781,32760,32763,32765,32767,55650,0
14375,938,32689,32823,32760,32765,32764,32766,55648,1
14376,942,32712,32824,32759,32763,32765,32766,55648,0
14377,939,32735,32815,32760,32764,32765,32766,55650,0
14378,938,32712,32791,32760,32762,32763,32766,55650,1
14379,949,32694,32785,32760,32763,32765,32767,55649,1
14380,938,32722,32802,32760,32763,32765,32766,55649,0
14381,942,32739,32819,32759,32764,32765,32766,55648,0
14382,939,32739,32823,32759,32764,32764,32767,55650,0
14383,938,32701,32803,32760,32763,32763,32766,55649,0
14384,938,32768,32796,32760,32763,32764,32767,55649,1
14385,939,32728,32809,32761,32762,32765,32768,55649,0
14386,942,32707,32822,32760,32762,32765,32766,55651,0
14387,938,32726,32824,32759,32764,32765,32766,55648,1
14388,939,32737,32805,32760,32763,32764,32767,55650,0
14389,938,32728,32788,32760,32763,32765,32767,55648,0
14390,938,32711,32809,32760,32764,32764,32766,55649,1
14391,942,32746,32822,32758,32761,32764,32766,55650,0
14392,939,32734,32817,32760,32763,32764,32767,55650,0
14393,938,32699,32790,32761,32764,32764,32767,55649,0
14394,938,32728,32792,32760,32763,32764,32767,55650,1
14395,939,32740,32830,32760,32762,32764,32766,55650,1
14396,947,32731,32818,32760,32764,32763,32767,55651,0
14397,943,32686,32821,32759,32763,32764,32765,55649,2
14398,938,32741,32789,32760,32763,32764,32766,55648,0
14399,939,32724,32788,32759,32763,32766,32767,55650,0
14400,938,32710,32811,32759,32763,32765,32767,55649,0
14401,942,32703,32818,32760,32763,32765,32766,55649,1
14402,938,32725,32822,32761,32762,32765,32767,55650,1
14403,938,32728,32803,32760,32763,32764,32767,55650,0
14404,938,32700,32794,32759,32763,32765,32767,55650,0
14405,939,32732,32828,32759,32763,32764,32766,55650,0
14406,942,32730,32834,32760,32763,32765,32766,55650,0
14407,938,32705,32818,32761,32764,32765,32766,55649,0
14408,939,32720,32778,32760,32762,32765,32767,55649,0
14409,938,32754,32815,32760,32763,32764,32766,55650,0
14410,938,32736,32834,32761,32763,32764,32766,55649,1
14411,943,32686,32817,32759,32763,32764,32767,55650,0
14412,938,32740,32807,32760,32763,32764,32767,55650,1
14413,938,32745,32779,32761,32763,32764,32766,55649,0
14414,938,32712,32823,32761,32763,32764,32766,55650,1
14415,938,32723,32816,32760,32763,32765,32767,55650,1
14416,943,32730,32833,32760,32763,32764,32766,55650,0
14417,938,32725,32793,32759,32763,32764,32767,55650,0
14418,938,32690,32781,32760,32763,32764,32766,55649,0
14419,938,32734,32816,32760,32763,32764,32767,55649,0
14420,939,32746,32816,32760,32763,32764,32767,55651,0
14421,942,32705,32827,32760,32764,32764,32766,55648,0
14422,938,32711,32784,32759,32763,32765,32765,55651,0
14423,939,32753,32800,32760,32763,32765,32767,55650,0
14424,938,32722,32821,32760,32763,32764,32767,55650,0
14425,938,32708,32823,32759,32763,32764,32767,55650,0
14426,942,32744,32806,32760,32764,32765,32768,55650,0
14427,939,32751,32791,32760,32764,32764,32766,55649,0
14428,938,32716,32805,32760,32762,32764,32767,55650,0
14429,938,32738,32824,32759,32763,32765,32767,55650,0
14430,938,32750,32799,32760,32764,32765,32766,55649,0
14431,942,32713,32783,32760,32762,32764,32767,55650,0
14432,938,32695,32782,32760,32763,32764,32767,55649,1
14433,939,32749,32809,32761,32763,32764,32767,55650,2
14434,938,32731,32820,32760,32763,32765,32766,55653,0
14435,938,32690,32802,32761,32764,32765,32766,55649,0
14436,943,32721,32782,32759,32764,32765,32766,55650,1
14437,938,32740,32815,32759,32763,32765,32766,55650,0
14438,938,32731,32821,32759,32763,32764,32766,55650,0
14439,938,32693,32821,32759,32763,32765,32767,55650,1
14440,939,32750,32807,32760,32763,32764,32767,55650,1
14441,942,32742,32774,32760,32763,32764,32766,55649,0
14442,939,32701,32784,32760,32763,32765,32767,55650,0
14443,938,32737,32826,32759,32763,32764,32766,55650,0
14444,938,32758,32811,32760,32763,32764,32767,55651,0
14445,944,32726,32795,32759,32763,32765,32766,55650,0
14446,942,32696,32775,32760,32763,32765,32767,55650,0
14447,938,32737,32800,32760,32762,32764,32767,55650,0
14448,938,32752,32817,32760,32763,32764,32768,55649,0
14449,938,32726,32808,32760,32762,32765,32767,55651,1
14450,939,32731,32792,32760,32763,32766,32766,55650,1
14451,942,32767,32781,32761,32763,32764,32767,55650,0
14452,938,32739,32816,32759,32762,32765,32766,55651,0
14453,938,32693,32808,32760,32763,32765,32767,55649,0
14454,938,32745,32810,32760,32762,32765,32766,55649,0
14455,939,32745,32788,32759,32763,32764,32766,55649,1
14456,942,32719,32792,32760,32764,32765,32765,55650,0
14457,938,32724,32808,32759,32762,32764,32767,55650,0
14458,939,32761,32825,32760,32762,32765,32766,55650,0
14459,938,32730,32794,32760,32763,32764,32765,55650,0
14460,938,32701,32773,32761,32762,32765,32767,55650,1
14461,942,32738,32789,32760,32765,32765,32767,55649,0
14462,938,32735,32831,32761,32763,32764,32766,55649,0
14463,938,32707,32816,32760,32762,32765,32765,55651,0
14464,939,32742,32788,32760,32762,32764,32767,55650,0
14465,938,32757,32791,32759,32763,32765,32765,55650,0
14466,942,32726,32823,32760,32762,32765,32766,55650,0
14467,939,32700,32830,32760,32763,32765,32767,55650,0
14468,938,32760,32817,32759,32762,32764,32767,55650,0
14469,938,32737,32783,32760,32763,32765,32766,55650,0
14470,938,32720,32786,32760,32763,32764,32767,55650,0
14471,943,32730,32832,32759,32763,32763,32766,55649,0
14472,938,32757,32834,32759,32762,32764,32767,55650,0
14473,938,32722,32804,32759,32762,32765,32767,55650,0
14474,939,32701,32772,32761,32763,32765,32765,55650,0
14475,938,32738,32810,32760,32762,32764,32767,55649,1
14476,939,32734,32823,32760,32763,32764,32767,55649,1
14477,942,32698,32831,32760,32763,32765,32767,55649,0
14478,948,32720,32821,32761,32763,32764,32767,55650,1
14479,943,32747,32805,32759,32763,32765,32767,55650,0
14480,938,32726,32790,32760,32763,32764,32767,55650,0
14481,943,32696,32831,32760,32764,32764,32765,55650,1
14482,938,32717,32819,32759,32762,32764,32767,55651,0
14483,938,32756,32825,32760,32763,32764,32766,55650,1
14484,939,32728,32785,32760,32763,32765,32766,55650,0
14485,938,32702,32780,32760,32763,32764,32767,55650,0
14486,942,32743,32799,32760,32763,32765,32766,55651,0
14487,939,32749,32835,32759,32763,32765,32766,55650,0
14488,938,32707,32813,32759,32763,32765,32766,55651,0
14489,938,32723,32771,32760,32763,32764,32767,55650,1
14490,938,32743,32805,32759,32763,32766,32766,55650,0
14491,943,32733,32819,32761,32763,32764,32766,55650,0
14492,938,32690,32798,32759,32762,32764,32766,55651,0
14493,938,32735,32801,32760,32764,32765,32766,55650,0
14494,938,32723,32795,32760,32763,32765,32768,55650,0
14495,938,32693,32828,32761,32763,32764,32767,55650,0
14496,943,32722,32823,32759,32762,32765,32766,55650,0
14497,938,32740,32825,32759,32763,32765,32766,55650,0
14498,938,32715,32788,32760,32763,32765,32767,55651,2
14499,938,32701,32773,32760,32763,32765,32766,55651,0
14500,939,32741,32819,32760,32762,32765,32767,55650,1
14501,942,32752,32831,32761,32763,32764,32766,55651,0
14502,938,32710,32808,32761,32762,32764,32767,55649,0
14503,939,32738,32777,32759,32763,32765,32766,55651,0
14504,938,32736,32801,32760,32763,32765,32766,55650,0
14505,938,32732,32830,32759,32763,32764,32766,55650,0
14506,942,32702,32813,32760,32764,32765,32767,55650,0
14507,938,32749,32807,32760,32762,32764,32767,55651,0
14508,939,32740,32801,32759,32763,32763,32766,55651,0
14509,938,32697,32812,32760,32763,32764,32767,55649,0
14510,938,32748,32813,32759,32763,32765,32767,55650,0
14511,947,32756,32826,32760,32762,32763,32766,55651,0
14512,943,32751,32824,32759,32761,32765,32766,55652,1
14513,938,32696,32802,32760,32762,32764,32767,55651,0
14514,939,32739,32796,32759,32763,32764,32767,55650,0
14515,938,32755,32820,32760,32763,32764,32765,55650,0
14516,942,32717,32813,32761,32763,32765,32767,55650,0
14517,939,32701,32798,32760,32762,32764,32766,55650,1
14518,938,32737,32789,32759,32763,32764,32767,55649,1
14519,938,32729,32799,32759,32763,32764,32766,55651,0
14520,938,32691,32803,32759,32763,32764,32767,55650,0
14521,939,32739,32811,32760,32763,32763,32767,55651,0
14522,942,32736,32779,32759,32763,32765,32767,55651,1
14523,938,32700,32789,32760,32762,32764,32767,55651,0
14524,939,32725,32813,32760,32763,32764,32766,55651,0
14525,938,32750,32821,32759,32764,32765,32766,55652,0
14526,942,32726,32822,32760,32763,32764,32766,55650,0
14527,938,32683,32780,32759,32764,32764,32766,55651,0
14528,938,32732,32798,32759,32762,32764,32766,55651,0
14529,938,32741,32835,32760,32763,32764,32767,55651,0
14530,939,32705,32822,32760,32763,32764,32767,55654,0
14531,942,32709,32810,32760,32763,32765,32767,55650,0
14532,938,32746,32784,32759,32763,32764,32767,55650,0
14533,938,32743,32808,32760,32763,32765,32766,55651,0
14534,938,32708,32816,32760,32763,32765,32765,55650,0
14535,939,32745,32810,32760,32763,32766,32766,55650,0
14536,942,32749,32810,32760,32762,32764,32766,55651,0
14537,938,32719,32775,32760,32763,32764,32767,55651,0
14538,939,32729,32809,32759,32763,32764,32765,55650,0
14539,938,32765,32820,32759,32763,32764,32766,55651,0
14540,938,32748,32805,32761,32764,32764,32767,55651,2
14541,942,32703,32778,32761,32763,32764,32766,55649,0
14542,939,32748,32801,32760,32763,32764,32767,55650,0
14543,938,32734,32822,32760,32764,32764,32766,55650,0
14544,943,32707,32830,32760,32762,32764,32767,55652,0
14545,938,32710,32800,32760,32763,32765,32766,55654,1
14546,942,32745,32786,32760,32763,32765,32766,55650,0
14547,939,32724,32791,32759,32763,32764,32766,55650,0
14548,938,32695,32814,32760,32763,32764,32766,55650,0
14549,938,32751,32823,32758,32762,32765,32767,55651,0
14550,938,32750,32813,32760,32762,32764,32767,55650,0
14551,943,32709,32777,32760,32763,32764,32766,55652,0
14552,938,32714,32793,32759,32764,32765,32767,55652,0
14553,938,32736,32825,32760,32763,32765,32767,55649,0
14554,939,32730,32814,32759,32764,32765,32767,55650,0
14555,938,32677,32783,32761,32763,32763,32765,55650,0
14556,942,32710,32779,32760,32763,32764,32767,55650,0
14557,938,32737,32816,32760,32763,32764,32766,55651,0
14558,939,32695,32824,32759,32763,32763,32767,55651,0
14559,938,32700,32806,32758,32763,32765,32768,55650,0
14560,938,32736,32797,32760,32762,32765,32767,55651,0
14561,942,32709,32799,32760,32763,32764,32766,55650,0
14562,938,32680,32807,32761,32765,32765,32766,55650,0
14563,938,32744,32815,32760,32763,32764,32766,55651,0
14564,938,32720,32790,32760,32763,32764,32766,55650,1
14565,939,32677,32769,32760,32762,32763,32768,55651,0
14566,942,32707,32784,32760,32764,32764,32767,55651,0
14567,938,32723,32812,32761,32763,32765,32767,55652,0
14568,938,32717,32811,32759,32762,32764,32767,55650,0
14569,939,32693,32782,32761,32763,32765,32767,55650,1
14570,938,32730,32772,32760,32763,32764,32766,55650,0
14571,942,32743,32812,32760,32763,32764,32767,55654,0
14572,939,32701,32837,32760,32763,32764,32767,55651,0
14573,938,32710,32806,32760,32763,32764,32766,55652,0
14574,938,32724,32796,32759,32763,32765,32766,55652,0
14575,938,32700,32782,32761,32764,32764,32767,55652,1
14576,943,32671,32810,32761,32764,32764,32766,55652,1
14577,944,32734,32813,32760,32764,32764,32766,55651,0
14578,943,32725,32823,32759,32763,32765,32767,55651,1
14579,938,32709,32795,32760,32764,32765,32766,55651,0
14580,939,32697,32772,32760,32762,32765,32766,55651,0
14581,942,32736,32805,32760,32763,32765,32767,55650,1
14582,938,32743,32812,32760,32762,32766,32766,55650,1
14583,939,32700,32814,32760,32763,32763,32768,55650,0
14584,938,32729,32775,32760,32763,32765,32767,55651,0
14585,938,32747,32780,32760,32763,32763,32766,55652,0
14586,942,32715,32831,32759,32763,32765,32766,55651,0
14587,938,32688,32801,32760,32763,32764,32766,55651,1
14588,939,32748,32818,32759,32763,32764,32767,55650,0
14589,938,32734,32793,32760,32764,32766,32767,55650,0
14590,938,32688,32782,32760,32763,32764,32767,55651,0
14591,943,32722,32808,32760,32762,32765,32766,55652,0
14592,938,32743,32823,32760,32763,32765,32767,55652,0
14593,938,32728,32808,32760,32763,32764,32767,55651,0
14594,938,32700,32769,32760,32763,32764,32765,55650,1
14595,938,32745,32806,32759,32763,32765,32768,55651,1
14596,943,32711,32808,32759,32763,32765,32767,55651,0
14597,938,32689,32807,32761,32763,32764,32766,55652,0
14598,938,32726,32796,32760,32763,32765,32766,55651,0
14599,938,32733,32783,32759,32764,32764,32768,55651,0
14600,939,32718,32807,32759,32764,32764,32767,55650,0
14601,942,32703,32816,32760,32764,32764,32766,55650,1
14602,938,32744,32803,32760,32763,32766,32767,55651,0
14603,939,32742,32779,32760,32763,32764,32766,55650,1
14604,938,32703,32808,32760,32762,32764,32766,55651,0
14605,938,32750,32806,32761,32763,32765,32766,55651,1
14606,942,32747,32813,32760,32764,32764,32766,55651,0
14607,939,32714,32829,32759,32762,32765,32767,55651,0
14608,938,32707,32782,32760,32762,32764,32766,55653,1
14609,938,32743,32794,32760,32764,32765,32765,55651,0
14610,944,32733,32820,32760,32763,32765,32766,55652,0
14611,938,32677,32809,32760,32763,32764,32766,55651,0
14612,942,32716,32790,32760,32763,32765,32767,55652,0
14613,938,32730,32771,32759,32764,32765,32766,55653,0
14614,938,32712,32798,32760,32763,32764,32766,55652,0
14615,939,32700,32814,32760,32763,32764,32766,55653,0
14616,942,32722,32819,32760,32763,32765,32765,55652,0
14617,938,32723,32801,32759,32763,32763,32766,55652,0
14618,938,32693,32772,32760,32763,32766,32767,55650,0
14619,939,32737,32804,32761,32763,32764,32767,55652,0
14620,938,32758,32825,32761,32764,32764,32766,55651,0
14621,942,32720,32807,32760,32763,32765,32767,55653,0
14622,939,32696,32776,32759,32763,32764,32767,55652,0
14623,938,32734,32791,32760,32763,32764,32765,55652,0
14624,938,32735,32824,32760,32764,32764,32767,55652,0
14625,938,32686,32823,32760,32763,32764,32766,55652,0
14626,943,32715,32804,32760,32763,32765,32767,55652,0
14627,943,32748,32802,32760,32763,32765,32766,55652,0
14628,938,32715,32783,32761,32763,32765,32767,55652,1
14629,939,32686,32816,32761,32763,32765,32767,55652,0
14630,938,32734,32807,32760,32763,32765,32765,55652,0
14631,942,32733,32829,32760,32763,32764,32767,55651,0
14632,939,32699,32789,32759,32763,32764,32767,55651,0
14633,938,32722,32794,32760,32763,32765,32766,55653,0
14634,938,32726,32827,32760,32762,32764,32767,55653,0
14635,938,32722,32835,32760,32763,32765,32767,55653,0
14636,943,32690,32795,32760,32763,32764,32767,55651,0
14637,938,32732,32787,32761,32763,32765,32767,55652,0
14638,938,32727,32812,32760,32763,32765,32767,55653,0
14639,938,32692,32833,32759,32763,32764,32767,55652,1
14640,939,32719,32819,32760,32763,32763,32767,55652,0
14641,943,32735,32810,32760,32762,32765,32767,55652,0
14642,943,32722,32800,32761,32763,32764,32767,55653,0
14643,948,32685,32800,32761,32764,32763,32766,55652,0
14644,943,32688,32801,32760,32764,32765,32767,55653,0
14645,938,32742,32825,32760,32763,32765,32766,55652,0
14646,943,32726,32829,32760,32764,32765,32766,55653,0
14647,938,32676,32791,32760,32762,32765,32766,55651,0
14648,938,32713,32781,32760,32764,32765,32766,55652,1
14649,939,32726,32849,32760,32763,32764,32767,55652,0
14650,938,32711,32820,32761,32764,32765,32766,55653,0
14651,942,32687,32813,32760,32762,32765,32767,55652,0
14652,939,32740,32789,32760,32764,32765,32767,55652,0
14653,938,32732,32797,32760,32764,32764,32767,55652,0
14654,938,32687,32815,32760,32763,32765,32767,55650,2
14655,938,32729,32809,32759,32763,32765,32767,55652,1
14656,943,32731,32795,32759,32763,32765,32767,55654,0
14657,938,32713,32784,32761,32763,32765,32766,55652,0
14658,938,32701,32813,32761,32763,32764,32766,55652,0
14659,938,32732,32823,32760,32763,32765,32765,55652,0
14660,938,32719,32809,32759,32763,32765,32767,55652,0
14661,955,32667,32780,32760,32762,32763,32766,55651,0
14662,942,32688,32783,32759,32763,32765,32767,55651,0
14663,938,32720,32795,32760,32763,32765,32766,55651,0
14664,938,32721,32810,32760,32763,32765,32767,55652,0
14665,939,32697,32826,32760,32764,32763,32766,55652,0
14666,941,32724,32813,32760,32763,32765,32766,55652,1
14667,939,32731,32788,32760,32763,32765,32767,55653,0
14668,938,32713,32798,32760,32763,32765,32767,55652,0
14669,938,32699,32831,32760,32764,32765,32767,55652,0
14670,938,32759,32839,32759,32763,32764,32767,55651,0
14671,943,32740,32818,32760,32763,32765,32767,55653,0
14672,938,32695,32769,32760,32763,32765,32766,55652,0
14673,938,32717,32812,32760,32763,32765,32767,55656,0
14674,939,32747,32827,32760,32764,32765,32767,55652,0
14675,938,32706,32807,32761,32764,32764,32766,55653,0
14676,942,32691,32783,32760,32762,32764,32767,55653,1
14677,938,32726,32778,32760,32763,32764,32766,55652,0
14678,938,32736,32813,32760,32763,32765,32766,55653,0
14679,939,32677,32808,32760,32763,32765,32766,55651,0
14680,938,32740,32808,32761,32762,32764,32766,55653,0
14681,942,32747,32789,32760,32764,32764,32766,55653,1
14682,938,32698,32784,32760,32763,32764,32767,55653,0
14683,939,32692,32816,32760,32763,32764,32767,55653,0
14684,938,32725,32810,32760,32763,32764,32767,55652,0
14685,938,32731,32789,32761,32764,32764,32766,55653,0
14686,943,32670,32776,32760,32763,32764,32767,55653,0
14687,938,32730,32811,32760,32762,32765,32766,55654,0
14688,938,32731,32828,32759,32763,32765,32766,55652,0
14689,938,32694,32817,32760,32763,32764,32767,55652,0
14690,939,32697,32799,32760,32764,32764,32766,55652,0
14691,942,32745,32788,32761,32762,32764,32766,55653,0
14692,938,32707,32802,32760,32763,32765,32766,55652,1
14693,944,32676,32823,32759,32762,32765,32766,55653,0
14694,943,32702,32801,32760,32763,32765,32767,55652,1
14695,938,32723,32799,32760,32762,32764,32766,55652,0
14696,943,32720,32776,32760,32764,32766,32766,55652,0
14697,938,32688,32803,32760,32764,32765,32766,55653,0
14698,938,32727,32826,32759,32762,32764,32767,55654,1
14699,939,32736,32818,32759,32762,32765,32767,55653,1
14700,938,32703,32778,32760,32763,32764,32766,55651,1
14701,942,32712,32777,32759,32763,32765,32766,55653,0
14702,939,32713,32822,32760,32763,32764,32767,55652,0
14703,938,32726,32823,32761,32764,32765,32767,55653,0
14704,938,32715,32815,32760,32763,32766,32767,55652,1
14705,938,32735,32788,32760,32763,32765,32766,55652,0
14706,943,32728,32784,32760,32764,32764,32767,55652,0
14707,938,32690,32827,32761,32763,32764,32767,55653,0
14708,938,32707,32818,32760,32763,32764,32767,55654,0
14709,938,32741,32795,32760,32762,32765,32767,55652,1
14710,938,32704,32788,32760,32763,32764,32767,55653,0
14711,943,32671,32791,32760,32763,32764,32766,55652,0
14712,938,32724,32807,32759,32763,32764,32766,55653,0
14713,938,32752,32823,32761,32763,32764,32767,55654,0
14714,938,32694,32791,32760,32763,32764,32766,55653,0
14715,939,32738,32777,32760,32762,32764,32767,55652,0
14716,942,32749,32803,32760,32763,32765,32767,55656,1
14717,938,32723,32828,32760,32763,32765,32767,55654,0
14718,939,32685,32810,32760,32763,32763,32767,55654,0
14719,938,32739,32767,32759,32764,32764,32767,55653,1
14720,938,32728,32789,32760,32763,32764,32765,55654,0
14721,942,32703,32806,32759,32763,32764,32767,55653,0
14722,938,32730,32812,32759,32763,32765,32766,55654,2
14723,939,32746,32812,32760,32764,32765,32767,55653,0
14724,938,32709,32775,32760,32763,32764,32766,55653,0
14725,938,32686,32798,32759,32763,32764,32766,55654,0
14726,947,32754,32825,32760,32763,32765,32766,55653,0
14727,943,32732,32822,32760,32763,32764,32766,55653,0
14728,938,32705,32817,32759,32763,32766,32766,55653,0
14729,939,32716,32786,32760,32763,32765,32766,55653,0
14730,938,32745,32807,32761,32763,32764,32767,55653,0
14731,943,32746,32817,32760,32763,32764,32767,55654,0
14732,938,32684,32819,32760,32764,32764,32767,55653,1
14733,938,32750,32820,32760,32762,32764,32766,55653,0
14734,938,32737,32791,32760,32764,32764,32767,55654,0
14735,939,32671,32788,32760,32762,32764,32766,55654,0
14736,942,32700,32833,32760,32763,32764,32767,55653,1
14737,938,32748,32828,32760,32762,32765,32768,55653,0
14738,939,32731,32819,32760,32763,32765,32765,55653,0
14739,938,32695,32786,32760,32764,32765,32767,55654,0
14740,938,32755,32802,32760,32763,32765,32766,55653,0
14741,939,32756,32837,32761,32764,32764,32766,55653,0
14742,942,32710,32831,32760,32763,32763,32765,55655,1
14743,943,32708,32795,32760,32762,32764,32766,55653,0
14744,938,32745,32773,32761,32763,32764,32766,55654,1
14745,939,32707,32788,32760,32763,32764,32766,55653,0
14746,942,32681,32812,32760,32763,32765,32767,55653,0
14747,938,32727,32811,32760,32763,32764,32765,55653,1
14748,939,32739,32782,32760,32763,32764,32767,55655,1
14749,938,32715,32789,32759,32763,32763,32766,55654,0
14750,938,32688,32814,32760,32763,32765,32767,55653,0
14751,943,32742,32820,32761,32763,32764,32766,55652,0
14752,938,32724,32809,32760,32762,32765,32766,55652,0
14753,938,32680,32796,32760,32763,32764,32766,55654,0
14754,938,32724,32776,32760,32763,32764,32766,55654,0
14755,939,32754,32809,32760,32762,32766,32767,55654,1
14756,942,32719,32825,32759,32763,32764,32766,55654,0
14757,938,32698,32813,32761,32763,32764,32767,55654,0
14758,939,32721,32791,32760,32763,32764,32766,55653,0
14759,949,32735,32791,32760,32762,32764,32766,55654,0
14760,938,32701,32816,32760,32762,32764,32767,55653,1
14761,943,32693,32820,32761,32762,32765,32766,55654,0
14762,938,32723,32817,32761,32763,32765,32765,55654,1
14763,938,32729,32794,32760,32763,32763,32767,55654,0
14764,938,32689,32787,32759,32763,32764,32767,55654,1
14765,939,32743,32819,32760,32763,32764,32765,55654,0
14766,942,32741,32830,32759,32763,32766,32766,55654,0
14767,938,32713,32810,32760,32763,32765,32767,55653,1
14768,939,32709,32770,32759,32763,32765,32767,55653,0
14769,938,32727,32799,32760,32764,32765,32766,55655,0
14770,938,32739,32831,32760,32764,32764,32766,55654,0
14771,942,32689,32825,32761,32762,32765,32766,55655,0
14772,938,32717,32811,32761,32763,32765,32767,55654,1
14773,938,32725,32785,32759,32763,32764,32766,55655,0
14774,939,32718,32824,32760,32763,32765,32766,55653,0
14775,938,32691,32825,32761,32763,32765,32767,55654,0
14776,942,32754,32799,32760,32762,32763,32766,55654,0
14777,938,32734,32792,32760,32764,32764,32766,55655,1
14778,938,32655,32760,32760,32764,32765,32766,55654,0
14779,939,32723,32822,32759,32763,32765,32767,55655,0
14780,938,32732,32821,32760,32763,32765,32766,55655,0
14781,942,32718,32812,32760,32763,32765,32766,55654,0
14782,939,32702,32775,32760,32763,32764,32766,55654,0
14783,938,32728,32798,32760,32763,32765,32767,55654,0
14784,938,32729,32816,32760,32763,32764,32766,55654,0
14785,938,32692,32789,32761,32763,32764,32767,55654,0
14786,943,32715,32811,32759,32762,32764,32766,55654,0
14787,938,32742,32803,32759,32763,32765,32767,55654,0
14788,938,32701,32792,32760,32763,32765,32766,55655,0
14789,939,32706,32820,32759,32762,32764,32767,55654,0
14790,938,32736,32810,32760,32764,32764,32767,55654,0
14791,942,32732,32801,32761,32763,32764,32766,55653,0
14792,942,32678,32777,32760,32763,32764,32768,55654,0
14793,938,32726,32804,32760,32763,32764,32766,55653,0
14794,938,32720,32826,32760,32762,32764,32767,55654,0
14795,939,32706,32816,32760,32763,32764,32767,55653,2
14796,942,32708,32799,32760,32763,32765,32767,55654,0
14797,938,32735,32780,32760,32763,32765,32767,55653,1
14798,938,32728,32817,32760,32763,32765,32767,55653,0
14799,939,32683,32813,32761,32763,32765,32766,55654,0
14800,938,32728,32815,32760,32763,32765,32767,55653,0
14801,942,32730,32794,32760,32763,32765,32766,55653,0
14802,939,32679,32807,32759,32763,32765,32767,55653,0
14803,938,32699,32825,32761,32763,32764,32766,55654,0
14804,938,32739,32820,32760,32763,32765,32767,55654,1
14805,938,32727,32810,32760,32763,32764,32767,55654,0
14806,943,32689,32787,32760,32763,32763,32766,55653,2
14807,938,32729,32811,32761,32763,32765,32767,55654,0
14808,944,32744,32826,32759,32763,32765,32767,55655,0
14809,938,32710,32818,32760,32762,32764,32767,55655,1
14810,938,32677,32797,32760,32762,32764,32767,55655,0
14811,942,32729,32798,32759,32763,32765,32767,55654,0
14812,939,32738,32812,32760,32763,32764,32767,55655,0
14813,938,32673,32820,32760,32763,32764,32766,55654,0
14814,938,32731,32813,32760,32763,32765,32765,55654,1
14815,938,32749,32802,32761,32763,32766,32767,55655,0
14816,943,32724,32775,32761,32762,32765,32767,55654,0
14817,938,32694,32802,32760,32762,32764,32767,55653,0
14818,938,32740,32818,32760,32762,32764,32766,55654,0
14819,939,32747,32827,32761,32764,32765,32767,55654,0
14820,938,32687,32776,32760,32762,32764,32767,55654,0
14821,942,32720,32772,32760,32763,32764,32766,55654,0
14822,939,32738,32791,32760,32763,32765,32766,55654,0
14823,938,32707,32813,32760,32763,32764,32767,55654,0
14824,938,32706,32802,32760,32763,32764,32767,55655,1
14825,943,32733,32791,32760,32763,32765,32767,55654,0
14826,951,32735,32780,32760,32763,32765,32766,55655,0
14827,939,32712,32811,32760,32762,32764,32767,55655,0
14828,938,32699,32811,32760,32763,32764,32766,55655,0
14829,938,32743,32817,32760,32763,32764,32766,55656,1
14830,939,32730,32818,32759,32763,32765,32766,55654,1
14831,942,32686,32780,32759,32763,32765,32766,55655,1
14832,938,32721,32813,32760,32763,32765,32766,55655,0
14833,939,32734,32827,32760,32763,32764,32767,55655,1
14834,938,32704,32812,32760,32763,32764,32766,55652,0
14835,938,32702,32780,32760,32762,32764,32766,55654,0
14836,942,32734,32785,32759,32764,32764,32767,55654,0
14837,939,32739,32819,32760,32763,32764,32766,55654,0
14838,938,32698,32824,32760,32762,32765,32766,55655,1
14839,938,32739,32807,32759,32762,32764,32767,55655,0
14840,938,32732,32771,32760,32763,32765,32766,55655,0
14841,943,32722,32805,32759,32763,32764,32766,55655,0
14842,938,32690,32822,32761,32763,32764,32766,55654,0
14843,938,32730,32813,32760,32763,32764,32767,55655,0
14844,938,32721,32796,32760,32762,32765,32766,55655,0
14845,938,32667,32786,32760,32762,32764,32766,55654,0
14846,943,32743,32793,32761,32764,32764,32767,55655,1
14847,938,32748,32823,32760,32764,32765,32766,55655,0
14848,938,32697,32803,32759,32763,32764,32767,55655,0
14849,939,32721,32780,32761,32763,32764,32766,55656,1
14850,938,32731,32788,32761,32763,32764,32767,55655,0
14851,942,32734,32815,32758,32762,32764,32767,55655,0
14852,938,32698,32808,32761,32762,32764,32766,55655,1
14853,938,32736,32796,32760,32763,32764,32766,55655,0
14854,939,32734,32775,32760,32762,32764,32767,55655,0
14855,938,32710,32800,32760,32763,32765,32766,55656,1
14856,942,32699,32819,32759,32764,32765,32767,55655,0
14857,938,32753,32820,32760,32763,32765,32767,55655,0
14858,944,32728,32797,32760,32762,32764,32766,55655,1
14859,938,32700,32763,32760,32763,32764,32767,55654,0
14860,938,32730,32797,32760,32762,32765,32767,55655,0
14861,943,32742,32816,32758,32763,32764,32767,55654,0
14862,938,32728,32817,32760,32762,32765,32767,55655,0
14863,938,32695,32790,32760,32763,32765,32766,55656,0
14864,938,32750,32770,32759,32762,32764,32767,55655,0
14865,939,32730,32793,32761,32764,32764,32767,55656,1
14866,942,32710,32814,32759,32763,32765,32767,55655,0
14867,938,32721,32809,32761,32762,32765,32766,55654,0
14868,939,32759,32802,32759,32763,32765,32766,55655,0
14869,938,32702,32789,32760,32762,32764,32767,55655,0
14870,938,32712,32803,32760,32763,32764,32767,55655,0
14871,943,32741,32800,32759,32763,32765,32767,55656,0
14872,938,32739,32801,32760,32763,32765,32766,55656,0
14873,938,32697,32781,32760,32763,32764,32765,55655,1
14874,938,32731,32778,32760,32762,32764,32767,55655,0
14875,938,32722,32807,32759,32763,32765,32767,55655,1
14876,942,32712,32818,32759,32763,32765,32767,55654,0
14877,939,32704,32799,32760,32762,32764,32766,55655,0
14878,938,32741,32779,32761,32762,32764,32768,55655,0
14879,938,32724,32820,32760,32763,32764,32767,55656,1
14880,938,32689,32824,32760,32763,32764,32766,55656,0
14881,942,32735,32812,32760,32762,32764,32766,55655,1
14882,939,32742,32799,32760,32763,32764,32766,55657,0
14883,938,32708,32791,32760,32763,32765,32767,55656,1
14884,938,32709,32811,32760,32762,32765,32767,55656,0
14885,938,32744,32823,32760,32762,32764,32767,55655,0
14886,943,32732,32839,32760,32762,32764,32767,55654,0
14887,938,32675,32792,32760,32763,32764,32766,55655,0
14888,938,32718,32780,32760,32762,32765,32766,55655,1
14889,938,32724,32827,32760,32763,32764,32768,55656,0
14890,939,32694,32821,32759,32763,32765,32767,55655,1
14891,947,32694,32782,32760,32762,32764,32766,55654,0
14892,943,32718,32787,32760,32763,32765,32766,55656,0
14893,938,32745,32790,32760,32763,32765,32767,55655,0
14894,939,32688,32805,32761,32763,32765,32766,55656,0
14895,938,32729,32817,32760,32763,32765,32766,55656,0
14896,942,32738,32806,32759,32762,32765,32767,55656,0
14897,939,32707,32784,32760,32763,32764,32767,55656,0
14898,938,32663,32758,32760,32763,32764,32766,55656,1
14899,938,32732,32819,32760,32763,32764,32766,55656,0
14900,938,32709,32805,32760,32763,32765,32767,55656,0
14901,943,32686,32792,32760,32763,32765,32767,55656,0
14902,938,32708,32756,32760,32765,32764,32767,55656,0
14903,938,32733,32788,32760,32762,32764,32766,55655,0
14904,939,32708,32821,32759,32763,32764,32766,55656,0
14905,938,32676,32798,32760,32763,32765,32766,55656,1
14906,942,32726,32803,32760,32763,32764,32767,55656,0
14907,938,32725,32770,32760,32764,32765,32767,55657,0
14908,938,32686,32803,32759,32764,32766,32766,55656,0
14909,938,32730,32810,32760,32763,32765,32767,55655,0
14910,938,32737,32824,32760,32763,32764,32767,55655,0
14911,943,32710,32796,32760,32764,32764,32766,55656,1
14912,938,32687,32764,32760,32764,32765,32766,55657,0
14913,938,32729,32830,32759,32763,32764,32767,55656,1
14914,939,32732,32824,32759,32763,32765,32766,55657,3
14915,938,32671,32818,32760,32762,32764,32766,55655,1
14916,942,32716,32768,32760,32763,32765,32766,55657,0
14917,939,32731,32792,32759,32762,32764,32767,55656,0
14918,938,32705,32828,32760,32764,32764,32766,55656,1
14919,938,32690,32817,32760,32763,32765,32767,55656,0
14920,938,32723,32811,32760,32763,32764,32766,55657,0
14921,943,32723,32774,32760,32763,32765,32766,55656,2
14922,938,32676,32798,32760,32763,32765,32767,55656,1
14923,938,32712,32813,32761,32763,32765,32767,55659,0
14924,938,32730,32819,32760,32762,32764,32766,55656,1
14925,938,32694,32791,32761,32762,32765,32766,55655,0
14926,943,32679,32786,32761,32763,32765,32766,55656,0
14927,938,32742,32812,32759,32764,32764,32766,55656,0
14928,938,32727,32828,32759,32763,32765,32766,55656,0
14929,938,32685,32815,32760,32763,32764,32766,55658,0
14930,939,32745,32783,32760,32763,32764,32766,55657,0
14931,942,32735,32795,32760,32763,32765,32766,55656,1
14932,938,32723,32826,32760,32763,32763,32767,55658,1
14933,938,32695,32825,32760,32763,32764,32766,55656,0
14934,938,32740,32803,32760,32763,32763,32765,55656,0
14935,939,32737,32805,32759,32763,32764,32765,55657,0
14936,942,32688,32805,32759,32763,32764,32768,55654,0
14937,938,32739,32811,32760,32763,32764,32767,55658,2
14938,939,32735,32809,32760,32763,32764,32767,55657,1
14939,938,32697,32799,32760,32764,32764,32766,55658,0
14940,944,32710,32796,32760,32763,32764,32766,55658,2
14941,942,32729,32796,32760,32762,32763,32766,55655,0
14942,938,32710,32820,32760,32763,32764,32766,55659,1
14943,938,32691,32817,32760,32763,32764,32767,55656,0
14944,938,32724,32793,32760,32763,32764,32766,55657,2
14945,939,32728,32773,32759,32763,32764,32767,55657,0
14946,942,32704,32803,32760,32763,32765,32766,55657,0
14947,938,32694,32813,32760,32762,32764,32767,55657,1
14948,939,32744,32822,32759,32763,32764,32766,55657,0
14949,938,32731,32783,32760,32762,32764,32766,55657,0
14950,938,32692,32783,32759,32763,32765,32766,55657,0
14951,943,32719,32816,32761,32763,32765,32767,55655,0
14952,938,32733,32820,32759,32764,32765,32767,55656,0
14953,938,32700,32804,32759,32763,32764,32766,55656,0
14954,938,32701,32778,32760,32764,32764,32767,55657,0
14955,939,32724,32804,32760,32762,32765,32767,55656,0
14956,942,32728,32822,32761,32763,32765,32766,55657,0
14957,938,32685,32810,32759,32763,32764,32766,55656,0
14958,938,32729,32800,32761,32763,32765,32766,55656,0
14959,938,32732,32786,32761,32762,32765,32766,55657,0
14960,939,32697,32803,32759,32764,32764,32766,55656,0
14961,941,32687,32804,32759,32763,32764,32766,55655,0
14962,939,32719,32814,32761,32762,32765,32767,55655,0
14963,938,32731,32788,32760,32763,32764,32767,55656,0
14964,938,32683,32788,32760,32763,32765,32767,55656,0
14965,938,32716,32813,32760,32764,32765,32766,55655,0
14966,943,32722,32811,32759,32763,32765,32766,55656,0
14967,938,32700,32811,32760,32763,32765,32766,55656,0
14968,938,32692,32767,32759,32762,32764,32767,55656,1
14969,939,32731,32798,32760,32763,32764,32767,55657,0
14970,938,32717,32823,32760,32763,32765,32766,55656,0
14971,942,32672,32832,32759,32762,32764,32767,55656,0
14972,939,32729,32790,32760,32763,32764,32767,55656,0
14973,948,32726,32782,32760,32763,32765,32767,55658,0
14974,943,32731,32778,32760,32762,32765,32766,55657,0
14975,938,32680,32815,32759,32764,32765,32767,55656,0
14976,943,32724,32801,32760,32763,32764,32767,55656,0
14977,938,32741,32814,32759,32764,32765,32767,55656,0
14978,938,32710,32805,32760,32763,32764,32767,55657,0
14979,939,32688,32765,32760,32763,32764,32767,55656,0
14980,938,32713,32808,32760,32764,32764,32767,55656,0
14981,942,32730,32822,32760,32763,32765,32767,55656,1
14982,939,32682,32814,32760,32764,32764,32766,55656,0
14983,938,32728,32773,32761,32763,32764,32766,55656,0
14984,938,32739,32794,32760,32763,32764,32767,55657,0
14985,938,32696,32819,32761,32763,32765,32767,55655,0
14986,942,32685,32816,32760,32763,32764,32766,55655,1
14987,938,32725,32805,32760,32763,32765,32766,55656,0
14988,939,32713,32783,32760,32762,32765,32767,55656,0
14989,938,32676,32803,32760,32763,32765,32766,55655,0
14990,938,32746,32805,32759,32762,32765,32767,55656,0
14991,942,32738,32817,32760,32763,32765,32765,55656,1
14992,938,32699,32792,32761,32763,32764,32767,55657,0
14993,938,32707,32769,32760,32763,32764,32765,55656,0
14994,939,32731,32800,32760,32763,32765,32767,55656,0
14995,938,32715,32823,32759,32762,32764,32767,55657,0
14996,942,32671,32808,32760,32762,32765,32767,55656,0
14997,939,32742,32770,32760,32764,32764,32766,55657,0
14998,938,32726,32782,32759,32763,32765,32766,55656,0
14999,938,32712,32809,32760,32764,32765,32766,55656,1
15000,939,32720,32801,32759,32763,32765,32766,55657,0
15001,942,32746,32808,32760,32763,32764,32767,55657,0
15002,938,32719,32770,32760,32763,32765,32766,55656,0
15003,938,32682,32796,32760,32763,32765,32767,55657,0
15004,939,32750,32818,32761,32762,32764,32766,55656,0
15005,938,32735,32805,32760,32763,32766,32766,55657,0
15006,947,32711,32792,32760,32763,32763,32766,55657,0
15007,943,32688,32785,32760,32762,32765,32767,55656,0
15008,938,32732,32785,32759,32763,32765,32766,55657,0
15009,939,32732,32801,32759,32763,32764,32767,55656,0
15010,938,32704,32807,32759,32762,32764,32766,55657,0
15011,942,32731,32790,32760,32763,32765,32766,55657,0
15012,939,32738,32773,32760,32762,32764,32767,55657,0
15013,938,32733,32786,32760,32763,32764,32766,55656,0
15014,938,32702,32803,32760,32762,32763,32767,55657,0
15015,938,32740,32799,32760,32763,32765,32767,55656,0
15016,943,32744,32800,32760,32763,32764,32767,55658,0
15017,938,32700,32777,32760,32763,32764,32766,55657,1
15018,938,32728,32807,32760,32763,32765,32766,55657,0
15019,939,32736,32820,32759,32763,32764,32766,55655,1
15020,938,32720,32808,32761,32763,32765,32767,55658,1
15021,942,32693,32773,32759,32764,32765,32767,55656,0
15022,938,32735,32784,32759,32762,32764,32767,55657,0
15023,938,32736,32811,32760,32763,32764,32767,55656,0
15024,938,32681,32816,32759,32763,32764,32767,55656,2
15025,939,32720,32805,32761,32763,32765,32767,55656,0
15026,942,32745,32780,32760,32763,32765,32767,55656,1
15027,938,32712,32811,32760,32764,32764,32766,55657,0
15028,939,32711,32818,32760,32764,32765,32766,55659,0
15029,938,32740,32818,32761,32764,32764,32766,55657,1
15030,938,32737,32794,32760,32763,32765,32767,55656,0
15031,942,32703,32776,32759,32763,32764,32767,55657,0
15032,939,32720,32798,32760,32763,32765,32766,55657,0
15033,938,32749,32823,32759,32763,32765,32767,55656,0
15034,938,32722,32809,32760,32763,32765,32766,55658,0
15035,938,32692,32772,32761,32762,32765,32766,55656,1
15036,943,32727,32775,32760,32763,32764,32766,55656,1
15037,938,32729,32832,32760,32762,32764,32767,55657,0
15038,938,32680,32806,32759,32762,32764,32766,55656,1
15039,943,32720,32814,32759,32763,32765,32768,55657,1
15040,938,32734,32802,32760,32764,32764,32766,55657,1
15041,942,32725,32788,32761,32763,32764,32766,55658,1
15042,938,32693,32805,32761,32763,32765,32767,55656,0
15043,938,32738,32823,32760,32763,32762,32767,55657,0
15044,939,32733,32811,32759,32762,32764,32766,55656,0
15045,938,32683,32798,32760,32763,32764,32767,55656,0
15046,942,32716,32797,32759,32763,32765,32767,55656,0
15047,938,32744,32829,32760,32762,32764,32767,55657,0
15048,939,32713,32823,32759,32763,32764,32767,55657,0
15049,938,32695,32796,32760,32762,32765,32766,55655,0
15050,938,32739,32777,32759,32763,32763,32767,55657,0
15051,943,32735,32816,32759,32762,32765,32766,55656,0
15052,938,32691,32801,32760,32763,32764,32766,55656,1
15053,938,32725,32813,32760,32762,32765,32767,55657,0
15054,939,32726,32798,32760,32762,32765,32767,55657,0
15055,938,32715,32783,32760,32764,32764,32766,55656,3
15056,942,32698,32797,32760,32763,32764,32767,55658,0
15057,938,32740,32822,32759,32764,32764,32766,55658,0
15058,938,32729,32819,32760,32763,32764,32766,55656,0
15059,939,32689,32783,32760,32762,32765,32767,55656,1
15060,938,32728,32798,32761,32763,32764,32767,55657,0
15061,942,32735,32824,32760,32763,32765,32765,55657,1
15062,939,32710,32816,32760,32763,32765,32766,55657,1
15063,938,32694,32806,32761,32763,32764,32767,55657,0
15064,938,32741,32794,32759,32763,32765,32766,55657,1
15065,938,32724,32801,32759,32763,32765,32766,55657,0
15066,943,32681,32823,32760,32763,32764,32766,55657,0
15067,938,32717,32813,32760,32763,32764,32766,55655,0
15068,938,32738,32808,32760,32763,32763,32766,55656,0
15069,939,32702,32791,32760,32763,32763,32767,55657,0
15070,938,32699,32817,32759,32762,32764,32766,55656,0
15071,942,32728,32835,32760,32762,32764,32767,55657,0
15072,944,32724,32821,32760,32763,32763,32766,55656,0
15073,938,32698,32794,32760,32762,32765,32767,55657,0
15074,938,32721,32768,32759,32762,32764,32767,55656,1
15075,938,32723,32800,32760,32763,32764,32767,55657,0
15076,943,32726,32815,32760,32762,32764,32767,55658,0
15077,938,32688,32809,32760,32764,32763,32767,55658,0
15078,938,32730,32790,32760,32763,32764,32767,55657,0
15079,939,32734,32825,32761,32764,32764,32767,55656,0
15080,938,32689,32824,32759,32762,32765,32766,55657,0
15081,943,32713,32810,32760,32763,32764,32767,55657,0
15082,938,32750,32820,32759,32763,32763,32766,55657,0
15083,938,32740,32781,32759,32762,32765,32767,55656,0
15084,938,32687,32807,32760,32763,32764,32766,55659,0
15085,939,32750,32825,32760,32763,32765,32766,55657,0
15086,942,32739,32825,32760,32763,32764,32766,55659,0
15087,938,32705,32802,32759,32763,32765,32767,55656,0
15088,939,32705,32785,32760,32764,32764,32767,55657,1
15089,943,32739,32803,32760,32763,32765,32766,55658,0
15090,938,32731,32831,32760,32763,32764,32767,55656,0
15091,939,32699,32824,32759,32762,32764,32768,55657,1
15092,941,32734,32796,32758,32763,32764,32767,55657,0
15093,939,32744,32797,32760,32762,32764,32767,55657,0
15094,938,32707,32816,32759,32763,32765,32768,55658,0
15095,938,32733,32819,32759,32764,32764,32767,55657,0
15096,943,32746,32827,32760,32762,32765,32766,55658,0
15097,938,32736,32805,32759,32763,32765,32767,55657,0
15098,938,32691,32793,32760,32762,32764,32766,55657,0
15099,938,32741,32823,32761,32762,32764,32767,55657,0
15100,939,32764,32831,32761,32762,32764,32767,55656,0
15101,942,32718,32820,32760,32763,32764,32767,55657,0
15102,938,32719,32788,32760,32762,32764,32766,55658,0
15103,939,32753,32802,32760,32763,32765,32766,55658,0
15104,938,32741,32835,32760,32763,32764,32766,55657,0
15105,943,32700,32819,32760,32763,32763,32765,55657,0
15106,942,32733,32807,32759,32763,32764,32766,55657,0
15107,938,32725,32789,32760,32762,32766,32767,55656,0
15108,939,32708,32798,32760,32763,32765,32766,55656,1
15109,938,32726,32811,32761,32762,32765,32766,55656,0
15110,938,32774,32818,32759,32763,32764,32767,55657,0
15111,943,32728,32799,32760,32763,32764,32766,55659,0
15112,938,32690,32784,32760,32763,32764,32766,55656,0
15113,938,32739,32803,32760,32763,32765,32766,55657,0
15114,938,32741,32823,32760,32762,32765,32767,55657,0
15115,939,32689,32812,32760,32762,32764,32767,55657,2
15116,942,32698,32796,32760,32764,32764,32766,55657,0
15117,938,32727,32757,32759,32763,32764,32766,55657,0
15118,939,32737,32811,32760,32763,32764,32767,55658,1
15119,938,32689,32825,32760,32762,32765,32767,55658,1
15120,938,32725,32816,32760,32763,32764,32767,55657,0
15121,943,32730,32816,32761,32763,32765,32767,55657,0
15122,943,32699,32786,32760,32763,32764,32766,55657,0
15123,938,32699,32803,32759,32763,32763,32767,55659,0
15124,938,32746,32830,32760,32763,32764,32767,55659,0
15125,939,32743,32823,32759,32763,32765,32766,55658,0
15126,942,32704,32804,32760,32763,32763,32767,55657,1
15127,938,32716,32798,32760,32763,32765,32764,55659,0
15128,939,32747,32842,32760,32762,32764,32766,55658,0
15129,938,32725,32822,32761,32763,32764,32767,55657,1
15130,938,32703,32811,32761,32763,32765,32766,55657,0
15131,943,32727,32792,32761,32763,32764,32766,55657,0
15132,938,32737,32804,32759,32763,32765,32766,55658,0
15133,938,32693,32821,32760,32763,32764,32767,55659,0
15134,938,32736,32820,32760,32763,32765,32768,55658,1
15135,939,32741,32795,32760,32762,32764,32767,55658,1
15136,942,32724,32800,32760,32763,32765,32767,55658,0
15137,938,32685,32821,32760,32763,32764,32767,55658,0
15138,944,32720,32806,32760,32762,32764,32767,55659,0
15139,938,32740,32833,32760,32764,32765,32768,55658,0
15140,938,32694,32801,32760,32763,32765,32766,55658,0
15141,942,32725,32789,32760,32763,32765,32767,55659,0
15142,939,32748,32823,32760,32763,32764,32766,55657,0
15143,938,32735,32841,32761,32763,32764,32766,55658,1
15144,938,32699,32823,32760,32763,32765,32767,55658,0
15145,938,32743,32795,32760,32763,32765,32766,55658,0
15146,942,32747,32790,32761,32763,32764,32767,55658,0
15147,938,32708,32821,32760,32762,32765,32766,55659,0
15148,939,32738,32835,32760,32763,32764,32766,55658,0
15149,938,32739,32819,32759,32762,32764,32767,55658,0
15150,938,32705,32778,32760,32763,32765,32767,55658,0
15151,943,32703,32810,32760,32762,32765,32766,55659,0
15152,938,32737,32814,32761,32762,32764,32767,55658,0
15153,938,32727,32816,32759,32763,32764,32767,55658,0
15154,938,32676,32797,32761,32763,32765,32766,55658,0
15155,938,32740,32803,32760,32764,32764,32767,55658,0
15156,942,32748,32814,32760,32763,32764,32767,55659,0
15157,939,32727,32840,32760,32763,32765,32767,55658,0
15158,938,32698,32819,32760,32763,32765,32767,55659,1
15159,938,32748,32789,32760,32762,32765,32767,55659,0
15160,938,32732,32797,32759,32764,32765,32767,55658,1
15161,943,32700,32825,32760,32764,32764,32766,55659,0
15162,938,32740,32840,32759,32763,32765,32767,55658,1
15163,938,32736,32823,32760,32763,32764,32766,55658,1
15164,939,32704,32794,32759,32762,32763,32766,55658,0
15165,938,32707,32819,32760,32762,32764,32766,55658,1
15166,942,32744,32853,32759,32763,32763,32766,55658,0
15167,939,32727,32835,32761,32763,32765,32767,55658,0
15168,938,32706,32811,32761,32763,32764,32767,55659,0
15169,938,32741,32792,32760,32763,32764,32767,55659,0
15170,938,32737,32820,32760,32763,32764,32766,55658,0
15171,948,32718,32841,32759,32764,32763,32767,55659,0
15172,943,32701,32840,32760,32764,32765,32766,55659,1
15173,938,32726,32831,32759,32763,32763,32767,55659,0
15174,939,32742,32796,32760,32762,32764,32766,55659,1
15175,938,32680,32815,32760,32763,32764,32767,55659,0
15176,942,32706,32834,32761,32763,32764,32767,55658,0
15177,939,32741,32821,32760,32763,32764,32767,55659,0
15178,938,32724,32842,32759,32763,32765,32767,55658,0
15179,938,32690,32795,32759,32763,32764,32766,55659,0
15180,938,32731,32818,32760,32763,32765,32766,55658,0
15181,943,32734,32843,32760,32763,32765,32767,55659,0
15182,938,32699,32828,32759,32762,32764,32765,55658,0
15183,938,32715,32796,32760,32763,32764,32766,55658,0
15184,939,32737,32801,32760,32763,32764,32767,55658,0
15185,938,32706,32836,32760,32764,32764,32767,55659,0
15186,942,32686,32837,32761,32763,32764,32766,55658,1
15187,938,32748,32830,32761,32763,32763,32766,55658,0
15188,938,32732,32810,32759,32763,32764,32766,55658,0
15189,938,32701,32825,32759,32763,32764,32766,55660,1
15190,939,32741,32851,32761,32763,32763,32766,55657,0
15191,942,32750,32847,32760,32763,32764,32766,55659,0
15192,938,32729,32831,32760,32763,32764,32768,55657,1
15193,939,32690,32791,32760,32763,32764,32766,55658,0
15194,938,32744,32819,32760,32763,32765,32766,55658,0
15195,938,32748,32835,32760,32763,32765,32767,55659,0
15196,943,32703,32836,32761,32762,32765,32767,55658,0
15197,938,32718,32819,32760,32762,32765,32766,55659,0
15198,938,32758,32794,32760,32764,32764,32767,55659,0
15199,938,32724,32833,32760,32763,32763,32766,55658,1
15200,939,32698,32810,32760,32763,32764,32766,55658,0
15201,941,32743,32813,32760,32763,32765,32766,55659,0
15202,939,32730,32795,32760,32764,32764,32765,55657,0
15203,938,32699,32779,32760,32762,32764,32767,55659,0
15204,943,32749,32808,32761,32763,32763,32766,55657,0
15205,938,32755,32835,32761,32763,32764,32765,55659,0
15206,942,32729,32832,32759,32763,32765,32767,55658,0
15207,939,32692,32798,32760,32762,32764,32767,55659,0
15208,938,32744,32796,32761,32762,32764,32766,55659,0
15209,938,32731,32834,32759,32762,32765,32768,55657,0
15210,938,32703,32833,32760,32762,32764,32766,55659,0
15211,943,32718,32805,32760,32762,32764,32766,55660,0
15212,938,32742,32796,32760,32763,32764,32766,55659,1
15213,938,32726,32800,32760,32762,32763,32767,55659,1
15214,939,32679,32833,32760,32762,32763,32767,55659,1
15215,938,32741,32823,32759,32763,32765,32767,55659,1
15216,942,32747,32805,32760,32763,32765,32767,55658,0
15217,939,32689,32794,32760,32763,32765,32766,55658,0
15218,938,32717,32796,32760,32763,32765,32766,55659,0
15219,938,32745,32829,32760,32763,32764,32767,55658,0
15220,944,32733,32812,32760,32764,32763,32766,55657,0
15221,942,32692,32801,32759,32763,32764,32767,55659,0
15222,938,32724,32773,32760,32763,32764,32767,55660,0
15223,938,32727,32812,32760,32763,32764,32766,55659,0
15224,939,32714,32823,32760,32762,32765,32766,55659,1
15225,938,32709,32796,32761,32763,32765,32766,55660,0
15226,942,32739,32814,32760,32763,32764,32767,55661,1
15227,938,32740,32804,32760,32763,32765,32767,55659,1
15228,939,32701,32821,32759,32763,32765,32767,55660,0
15229,938,32759,32818,32759,32763,32764,32767,55659,0
15230,938,32760,32815,32760,32762,32764,32766,55663,0
15231,943,32709,32796,32760,32764,32765,32767,55659,0
15232,938,32702,32799,32759,32762,32764,32765,55659,1
15233,938,32744,32833,32761,32762,32765,32767,55658,0
15234,938,32726,32845,32761,32763,32764,32766,55660,3
15235,938,32693,32805,32759,32763,32764,32765,55659,0
15236,943,32739,32804,32761,32762,32764,32766,55659,0
15237,942,32732,32815,32761,32763,32764,32766,55660,0
15238,938,32703,32829,32760,32763,32765,32766,55659,0
15239,938,32725,32823,32758,32763,32763,32767,55660,0
15240,938,32740,32805,32760,32762,32765,32766,55660,0
15241,943,32752,32808,32760,32763,32764,32766,55660,0
15242,938,32679,32805,32760,32764,32764,32768,55660,0
15243,938,32741,32814,32760,32763,32765,32766,55663,0
15244,939,32752,32821,32760,32763,32765,32767,55659,0
15245,938,32719,32810,32759,32763,32764,32767,55661,0
15246,942,32721,32785,32760,32762,32764,32767,55661,0
15247,939,32765,32824,32760,32763,32763,32766,55660,1
15248,938,32733,32833,32759,32763,32765,32767,55660,1
15249,938,32707,32819,32760,32763,32765,32766,55659,0
15250,938,32741,32799,32759,32764,32764,32766,55660,0
15251,942,32761,32796,32759,32764,32765,32767,55660,0
15252,938,32728,32827,32760,32763,32764,32767,55660,0
15253,944,32703,32832,32760,32762,32764,32768,55660,0
15254,938,32763,32818,32760,32763,32765,32766,55661,0
15255,938,32741,32797,32760,32764,32765,32766,55660,0
15256,943,32710,32807,32759,32762,32764,32767,55659,0
15257,938,32742,32819,32760,32763,32764,32767,55659,0
15258,938,32755,32836,32761,32762,32764,32766,55659,0
15259,939,32731,32812,32760,32763,32765,32766,55660,0
15260,938,32710,32767,32760,32763,32764,32768,55659,0
15261,939,32740,32802,32760,32763,32764,32767,55659,1
15262,941,32737,32831,32760,32763,32764,32765,55659,0
15263,939,32688,32824,32760,32763,32764,32767,55659,0
15264,938,32734,32799,32761,32763,32764,32766,55660,0
15265,938,32743,32789,32759,32763,32764,32766,55660,0
15266,943,32710,32829,32759,32763,32764,32766,55660,1
15267,938,32700,32810,32760,32763,32765,32766,55660,1
15268,938,32745,32810,32760,32763,32765,32767,55659,0
15269,938,32736,32799,32760,32763,32765,32767,55660,0
15270,944,32712,32799,32760,32763,32765,32765,55660,0
15271,942,32731,32824,32759,32763,32764,32766,55660,0
15272,938,32733,32844,32759,32763,32764,32766,55660,0
15273,938,32722,32827,32759,32763,32766,32766,55660,0
15274,938,32711,32797,32760,32763,32765,32765,55660,1
15275,939,32748,32798,32759,32763,32765,32767,55660,1
15276,942,32744,32837,32760,32763,32764,32766,55660,1
15277,938,32694,32832,32760,32763,32764,32766,55660,0
15278,939,32748,32830,32760,32763,32765,32767,55660,1
15279,938,32752,32804,32760,32763,32764,32766,55659,0
15280,938,32712,32820,32760,32763,32765,32767,55660,0
15281,942,32698,32828,32760,32763,32765,32767,55660,0
15282,938,32753,32833,32761,32763,32764,32766,55660,0
15283,939,32747,32821,32760,32763,32764,32766,55659,0
15284,938,32694,32796,32760,32763,32765,32766,55660,0
15285,938,32738,32828,32760,32761,32765,32765,55660,0
15286,948,32746,32856,32759,32764,32764,32766,55659,1
15287,938,32731,32836,32759,32763,32765,32767,55661,0
15288,938,32686,32787,32759,32763,32766,32766,55660,0
15289,938,32733,32786,32760,32764,32765,32766,55660,0
15290,939,32729,32818,32759,32763,32764,32766,55660,0
15291,942,32706,32819,32760,32764,32764,32767,55660,0
15292,938,32716,32828,32760,32762,32764,32766,55661,0
15293,939,32727,32809,32760,32763,32765,32766,55661,0
15294,938,32723,32805,32760,32764,32764,32766,55661,0
15295,938,32695,32834,32760,32763,32765,32767,55661,0
15296,942,32744,32821,32760,32764,32765,32766,55660,0
15297,939,32723,32830,32760,32763,32765,32765,55660,0
15298,938,32694,32796,32760,32763,32764,32766,55660,1
15299,938,32727,32809,32759,32762,32764,32766,55659,0
15300,938,32737,32841,32760,32762,32764,32767,55659,0
15301,955,32721,32823,32760,32763,32765,32766,55660,0
15302,942,32692,32832,32759,32764,32765,32766,55660,0
15303,944,32721,32809,32759,32763,32765,32766,55660,0
15304,938,32739,32807,32761,32763,32764,32766,55661,0
15305,938,32728,32814,32760,32763,32764,32767,55658,0
15306,938,32684,32826,32761,32763,32763,32766,55659,0
15307,942,32735,32823,32760,32763,32764,32767,55660,0
15308,938,32743,32799,32760,32763,32764,32765,55659,0
15309,939,32682,32784,32760,32763,32764,32766,55660,0
15310,938,32699,32815,32760,32763,32765,32765,55660,0
15311,942,32735,32834,32760,32763,32765,32767,55661,0
15312,938,32747,32824,32759,32763,32764,32766,55661,1
15313,939,32694,32794,32761,32762,32764,32767,55661,0
15314,938,32740,32793,32760,32763,32764,32767,55659,1
15315,938,32747,32824,32759,32762,32764,32767,55660,0
15316,939,32701,32815,32761,32763,32764,32767,55661,0
15317,942,32721,32806,32760,32764,32765,32767,55661,0
15318,938,32759,32785,32760,32763,32765,32767,55660,0
15319,938,32722,32797,32760,32763,32764,32767,55660,0
15320,938,32693,32808,32760,32764,32764,32767,55659,0
15321,942,32750,32832,32759,32763,32765,32766,55660,0
15322,939,32749,32825,32760,32764,32764,32767,55660,0
15323,938,32708,32783,32759,32763,32765,32768,55659,0
15324,938,32738,32806,32759,32763,32765,32767,55659,0
15325,938,32770,32823,32760,32763,32765,32767,55660,0
15326,943,32750,32824,32760,32762,32764,32765,55659,0
15327,938,32699,32796,32759,32763,32764,32767,55660,0
15328,938,32744,32783,32759,32763,32765,32766,55660,0
15329,938,32748,32833,32760,32763,32764,32766,55660,0
15330,939,32710,32835,32761,32763,32764,32766,55660,0
15331,942,32728,32806,32760,32763,32765,32766,55661,0
15332,938,32743,32797,32761,32763,32764,32767,55660,1
15333,938,32719,32793,32760,32763,32764,32767,55660,0
15334,939,32712,32813,32759,32764,32765,32767,55660,0
15335,938,32736,32820,32760,32764,32764,32766,55659,0
15336,948,32734,32806,32759,32764,32765,32767,55660,1
15337,938,32699,32798,32760,32762,32764,32767,55661,1
15338,938,32713,32794,32760,32763,32765,32767,55660,0
15339,938,32739,32823,32760,32763,32764,32766,55659,0
15340,939,32737,32856,32760,32764,32765,32766,55660,0
15341,942,32696,32803,32760,32763,32764,32767,55660,0
15342,938,32730,32797,32759,32763,32765,32767,55660,1
15343,938,32737,32825,32760,32762,32764,32765,55659,0
15344,939,32703,32824,32760,32762,32764,32766,55661,0
15345,938,32706,32815,32760,32764,32764,32767,55661,0
15346,942,32722,32790,32760,32762,32765,32766,55660,0
15347,939,32725,32781,32759,32763,32764,32766,55660,0
15348,938,32693,32802,32760,32763,32764,32766,55659,0
15349,938,32742,32804,32760,32764,32764,32766,55663,0
15350,938,32731,32803,32760,32763,32765,32766,55660,0
15351,943,32710,32786,32760,32762,32765,32767,55661,0
15352,938,32716,32775,32760,32763,32766,32766,55661,0
15353,938,32738,32828,32759,32763,32764,32765,55661,0
15354,938,32735,32842,32760,32763,32765,32766,55659,0
15355,938,32684,32811,32760,32762,32764,32765,55660,0
15356,943,32732,32793,32760,32763,32764,32766,55660,0
15357,938,32746,32822,32760,32764,32764,32767,55661,0
15358,938,32708,32829,32760,32763,32764,32766,55661,0
15359,939,32740,32824,32759,32763,32764,32767,55661,0
15360,938,32744,32804,32760,32763,32765,32766,55662,0
15361,942,32725,32790,32759,32762,32765,32767,55661,0
15362,938,32700,32820,32759,32763,32765,32766,55658,1
15363,938,32747,32837,32760,32763,32765,32766,55661,0
15364,938,32741,32828,32760,32762,32764,32766,55662,0
15365,939,32691,32796,32760,32763,32764,32767,55661,0
15366,942,32709,32794,32760,32763,32765,32766,55660,0
15367,938,32742,32840,32761,32762,32764,32767,55660,0
15368,939,32718,32834,32761,32763,32764,32767,55660,0
15369,949,32687,32817,32760,32763,32765,32766,55661,0
15370,938,32725,32798,32760,32763,32765,32766,55661,0
15371,939,32744,32791,32760,32763,32765,32766,55661,0
15372,942,32720,32824,32760,32763,32765,32766,55660,0
15373,938,32675,32811,32760,32764,32764,32767,55660,0
15374,938,32744,32818,32760,32762,32764,32765,55660,1
15375,939,32738,32796,32759,32762,32764,32767,55661,1
15376,942,32701,32784,32760,32763,32764,32766,55660,0
15377,938,32733,32823,32760,32763,32764,32767,55661,1
15378,939,32740,32820,32760,32763,32764,32766,55661,0
15379,938,32722,32807,32759,32763,32764,32766,55662,0
15380,938,32691,32782,32759,32762,32764,32766,55663,1
15381,943,32737,32804,32759,32763,32764,32767,55661,0
15382,938,32729,32838,32761,32763,32764,32766,55661,0
15383,938,32707,32823,32760,32764,32764,32765,55661,0
15384,938,32744,32807,32759,32763,32764,32767,55662,0
15385,939,32753,32792,32760,32763,32765,32767,55661,0
15386,941,32713,32810,32761,32763,32764,32766,55662,0
15387,939,32705,32816,32761,32763,32764,32766,55660,1
15388,938,32734,32813,32760,32764,32764,32766,55661,0
15389,938,32733,32806,32760,32762,32765,32766,55661,0
15390,939,32707,32802,32760,32763,32765,32767,55660,0
15391,942,32734,32820,32760,32762,32764,32767,55661,0
15392,938,32750,32839,32760,32763,32764,32767,55661,0
15393,938,32711,32816,32761,32763,32764,32767,55661,0
15394,939,32692,32775,32760,32763,32765,32765,55661,1
15395,938,32745,32815,32760,32763,32764,32767,55660,0
15396,942,32747,32831,32760,32763,32765,32767,55661,0
15397,939,32709,32820,32759,32764,32766,32766,55660,0
15398,938,32730,32820,32761,32763,32764,32767,55662,0
15399,938,32735,32790,32759,32762,32765,32766,55661,1
15400,938,32709,32819,32760,32763,32765,32767,55661,1
15401,940,32710,32813,32760,32763,32765,32766,55660,1
15402,947,32721,32815,32760,32763,32764,32765,55660,0
15403,938,32742,32809,32760,32763,32763,32766,55661,0
15404,938,32696,32774,32759,32763,32764,32767,55661,0
15405,938,32728,32789,32761,32764,32764,32767,55665,0
15406,942,32744,32814,32760,32763,32764,32766,55661,0
15407,939,32717,32824,32761,32763,32764,32767,55662,0
15408,938,32689,32794,32759,32762,32764,32767,55661,1
15409,938,32736,32775,32760,32763,32765,32767,55659,1
15410,938,32722,32823,32760,32764,32765,32767,55662,0
15411,942,32689,32821,32760,32763,32764,32767,55662,0
15412,939,32724,32818,32760,32763,32765,32767,55660,1
15413,938,32733,32780,32759,32762,32764,32767,55660,0
15414,938,32702,32797,32760,32763,32765,32767,55662,0
15415,938,32695,32819,32760,32764,32765,32767,55661,0
15416,943,32733,32810,32760,32763,32764,32766,55660,0
15417,938,32711,32811,32759,32761,32764,32766,55660,0
15418,938,32681,32782,32760,32764,32764,32767,55661,1
15419,938,32700,32814,32759,32763,32765,32768,55662,1
15420,938,32732,32827,32760,32763,32765,32766,55662,0
15421,942,32715,32834,32759,32763,32765,32767,55662,0
15422,939,32694,32796,32760,32763,32764,32766,55661,0
15423,938,32743,32778,32760,32763,32765,32767,55662,0
15424,938,32731,32819,32761,32763,32764,32767,55661,0
15425,938,32687,32819,32761,32763,32766,32766,55662,0
15426,943,32741,32820,32759,32763,32765,32766,55662,0
15427,938,32742,32803,32759,32764,32764,32766,55662,0
15428,938,32700,32815,32760,32762,32764,32767,55662,0
15429,939,32715,32830,32760,32762,32764,32766,55661,0
15430,938,32738,32841,32760,32763,32765,32766,55662,0
15431,942,32729,32815,32759,32762,32764,32767,55661,0
15432,939,32673,32798,32760,32763,32765,32767,55660,1
15433,938,32725,32817,32760,32763,32765,32767,55662,0
15434,938,32743,32831,32760,32763,32765,32767,55661,0
15435,938,32705,32822,32761,32763,32763,32767,55662,0
15436,942,32708,32814,32760,32762,32764,32766,55662,0
15437,938,32723,32803,32759,32763,32764,32767,55662,1
15438,939,32706,32837,32760,32763,32765,32767,55660,2
15439,938,32687,32825,32760,32762,32764,32766,55661,2
15440,938,32723,32822,32759,32763,32765,32766,55661,1
15441,943,32721,32820,32760,32764,32764,32766,55662,3
15442,938,32711,32794,32761,32765,32764,32766,55662,0
15443,938,32704,32824,32760,32762,32764,32767,55662,1
15444,938,32738,32827,32760,32763,32764,32768,55662,0
15445,939,32709,32819,32759,32763,32764,32765,55661,0
15446,942,32685,32783,32760,32763,32765,32766,55662,0
15447,938,32731,32806,32760,32763,32765,32767,55661,0
15448,939,32741,32836,32760,32763,32763,32766,55663,1
15449,938,32689,32830,32760,32762,32764,32766,55662,0
15450,938,32711,32785,32760,32763,32765,32766,55661,0
15451,947,32724,32794,32759,32763,32765,32766,55661,0
15452,938,32710,32810,32760,32762,32764,32765,55661,0
15453,938,32678,32817,32760,32764,32765,32767,55661,1
15454,939,32733,32817,32759,32763,32764,32766,55662,0
15455,938,32733,32809,32759,32763,32764,32766,55661,1
15456,942,32712,32795,32760,32763,32764,32766,55661,0
15457,939,32692,32811,32759,32763,32765,32766,55661,1
15458,938,32733,32820,32759,32763,32765,32767,55661,0
15459,938,32721,32819,32760,32762,32764,32767,55660,0
15460,938,32675,32786,32758,32763,32765,32767,55662,1
15461,943,32738,32786,32760,32763,32764,32767,55661,0
15462,938,32724,32830,32760,32763,32765,32767,55661,0
15463,938,32699,32824,32760,32763,32764,32766,55661,0
15464,939,32711,32807,32760,32762,32765,32766,55661,0
15465,938,32742,32805,32760,32762,32765,32767,55661,0
15466,942,32732,32804,32760,32763,32764,32766,55662,0
15467,938,32687,32832,32761,32762,32765,32767,55660,0
15468,938,32720,32807,32760,32763,32764,32767,55662,0
15469,938,32732,32808,32761,32762,32765,32767,55661,0
15470,938,32697,32784,32760,32763,32766,32766,55661,0
15471,943,32703,32799,32761,32764,32764,32767,55662,0
15472,938,32746,32807,32760,32763,32766,32766,55661,0
15473,938,32726,32823,32760,32764,32765,32766,55660,0
15474,938,32701,32801,32760,32764,32765,32767,55662,0
15475,939,32728,32775,32761,32763,32764,32766,55662,0
15476,942,32741,32828,32760,32763,32765,32768,55660,0
15477,938,32684,32829,32760,32762,32765,32767,55662,0
15478,939,32714,32804,32760,32763,32764,32766,55661,0
15479,938,32741,32782,32760,32762,32765,32767,55662,0
15480,938,32709,32795,32760,32762,32765,32766,55662,0
15481,943,32686,32823,32760,32764,32764,32766,55662,0
15482,938,32742,32825,32759,32762,32764,32767,55661,1
15483,938,32735,32815,32760,32762,32764,32766,55661,0
15484,944,32685,32783,32760,32763,32764,32767,55662,1
15485,938,32716,32798,32760,32762,32765,32766,55662,0
15486,942,32745,32825,32760,32763,32765,32765,55662,0
15487,938,32728,32839,32760,32763,32764,32766,55660,0
15488,939,32687,32802,32760,32763,32764,32766,55661,1
15489,938,32746,32777,32760,32763,32765,32767,55661,1
15490,938,32746,32814,32760,32764,32764,32765,55661,0
15491,942,32712,32831,32761,32763,32764,32765,55662,0
15492,938,32702,32820,32760,32763,32764,32766,55660,1
15493,939,32738,32786,32759,32762,32764,32766,55661,0
15494,938,32732,32785,32759,32762,32764,32766,55661,0
15495,938,32676,32809,32760,32763,32766,32766,55662,0
15496,942,32734,32823,32759,32762,32764,32767,55662,0
15497,939,32745,32811,32760,32763,32765,32767,55661,0
15498,938,32698,32792,32760,32763,32765,32766,55661,0
15499,938,32709,32775,32760,32762,32764,32766,55662,0
15500,939,32746,32811,32760,32764,32765,32767,55661,0
15501,941,32724,32829,32759,32763,32765,32768,55661,0
15502,939,32700,32807,32760,32763,32764,32768,55662,1
15503,938,32742,32796,32760,32763,32763,32766,55661,0
15504,938,32730,32819,32760,32763,32764,32766,55661,0
15505,938,32697,32809,32760,32763,32766,32767,55662,0
15506,943,32732,32802,32761,32762,32764,32766,55663,1
15507,938,32743,32792,32760,32763,32764,32766,55662,2
15508,938,32724,32782,32758,32763,32764,32766,55662,0
15509,939,32685,32807,32760,32763,32765,32766,55662,1
15510,938,32737,32825,32760,32763,32764,32766,55662,0
15511,942,32750,32817,32759,32764,32765,32766,55662,0
15512,939,32708,32793,32759,32763,32763,32767,55663,0
15513,938,32726,32775,32760,32762,32764,32766,55661,0
15514,938,32742,32816,32759,32763,32764,32767,55663,0
15515,938,32720,32825,32760,32763,32765,32766,55662,0
15516,943,32699,32792,32759,32763,32764,32766,55662,0
15517,949,32737,32787,32760,32762,32764,32767,55662,0
15518,938,32745,32775,32760,32763,32765,32766,55662,0
15519,938,32721,32811,32760,32762,32765,32766,55662,0
15520,938,32704,32805,32759,32763,32765,32766,55662,0
15521,942,32740,32820,32760,32763,32765,32766,55662,0
15522,938,32751,32796,32760,32763,32764,32766,55661,0
15523,939,32693,32795,32761,32763,32765,32766,55659,0
15524,938,32737,32819,32760,32763,32764,32765,55662,0
15525,938,32736,32823,32759,32763,32764,32766,55663,0
15526,943,32712,32815,32760,32762,32764,32767,55661,0
15527,938,32708,32782,32761,32763,32766,32767,55663,0
15528,938,32728,32800,32760,32764,32765,32767,55662,0
15529,938,32727,32817,32759,32763,32763,32765,55662,0
15530,939,32687,32803,32760,32763,32764,32767,55663,1
15531,942,32737,32783,32760,32763,32765,32767,55663,1
15532,938,32753,32786,32758,32763,32765,32766,55662,0
15533,938,32701,32816,32760,32764,32764,32766,55661,0
15534,938,32701,32812,32759,32763,32763,32766,55663,0
15535,938,32737,32817,32759,32764,32765,32767,55662,0
15536,943,32726,32805,32760,32763,32765,32766,55662,0
15537,938,32698,32783,32759,32764,32764,32766,55662,0
15538,938,32741,32820,32760,32763,32763,32767,55661,0
15539,938,32733,32826,32760,32763,32764,32766,55662,0
15540,939,32700,32801,32760,32763,32764,32767,55662,0
15541,942,32708,32768,32760,32762,32764,32767,55661,0
15542,938,32722,32779,32760,32763,32764,32767,55663,0
15543,938,32730,32837,32760,32763,32764,32766,55663,0
15544,939,32691,32813,32760,32763,32765,32767,55663,1
15545,938,32740,32805,32759,32762,32765,32766,55663,0
15546,938,32751,32773,32759,32763,32765,32766,55663,0
15547,942,32709,32806,32759,32762,32764,32767,55662,0
15548,939,32737,32826,32760,32762,32764,32766,55661,0
15549,938,32758,32814,32759,32764,32764,32767,55663,0
15550,943,32741,32799,32760,32762,32764,32766,55662,1
15551,941,32693,32794,32760,32762,32764,32765,55663,0
15552,939,32730,32818,32760,32763,32764,32766,55661,1
15553,938,32756,32823,32760,32764,32765,32767,55662,0
15554,938,32713,32807,32760,32764,32765,32768,55661,0
15555,939,32696,32785,32760,32763,32764,32767,55662,1
15556,942,32730,32786,32760,32764,32765,32766,55662,0
15557,938,32711,32818,32760,32764,32764,32767,55662,0
15558,938,32679,32827,32760,32762,32764,32767,55663,0
15559,939,32719,32828,32760,32763,32765,32767,55661,0
15560,938,32737,32791,32760,32762,32763,32767,55662,0
15561,942,32703,32800,32760,32763,32765,32767,55662,1
15562,939,32700,32836,32760,32763,32764,32767,55662,0
15563,938,32738,32838,32760,32763,32765,32766,55661,0
15564,938,32728,32819,32760,32762,32763,32767,55662,0
15565,938,32691,32791,32760,32762,32765,32768,55662,0
15566,942,32728,32795,32760,32763,32765,32767,55662,0
15567,939,32722,32820,32759,32763,32765,32767,55662,0
15568,938,32694,32816,32759,32764,32765,32766,55663,1
15569,938,32705,32776,32760,32763,32764,32766,55662,1
15570,938,32738,32780,32760,32763,32764,32767,55663,0
15571,942,32716,32820,32760,32763,32764,32766,55663,1
15572,938,32691,32806,32759,32763,32764,32767,55662,0
15573,939,32732,32800,32760,32763,32765,32766,55663,0
15574,938,32735,32782,32759,32764,32765,32767,55663,0
15575,938,32689,32801,32760,32763,32765,32767,55662,0
15576,943,32710,32799,32759,32763,32765,32767,55661,0
15577,938,32732,32807,32760,32763,32765,32767,55663,0
15578,938,32714,32806,32760,32764,32765,32767,55662,0
15579,938,32692,32787,32759,32762,32764,32766,55661,0
15580,939,32737,32808,32759,32763,32764,32766,55663,1
15581,942,32738,32825,32760,32763,32765,32765,55662,0
15582,938,32698,32822,32759,32764,32765,32766,55662,0
15583,944,32706,32803,32761,32763,32764,32766,55663,0
15584,938,32732,32795,32759,32763,32765,32767,55661,0
15585,938,32742,32816,32760,32762,32764,32767,55662,0
15586,943,32702,32826,32760,32763,32763,32766,55662,1
15587,938,32734,32805,32760,32763,32765,32766,55663,0
15588,938,32748,32792,32759,32763,32764,32766,55663,1
15589,938,32696,32779,32760,32764,32765,32766,55662,0
15590,939,32711,32814,32760,32763,32765,32765,55661,0
15591,942,32737,32828,32761,32762,32764,32766,55662,0
15592,938,32744,32824,32760,32762,32765,32767,55662,0
15593,939,32691,32782,32760,32763,32765,32766,55662,0
15594,938,32734,32788,32760,32762,32763,32767,55662,0
15595,938,32736,32834,32760,32763,32764,32767,55663,1
15596,943,32708,32828,32760,32764,32764,32766,55662,0
15597,938,32709,32818,32761,32763,32764,32767,55663,1
15598,938,32754,32780,32761,32763,32765,32766,55662,0
15599,944,32737,32795,32760,32763,32763,32767,55662,0
15600,938,32693,32824,32760,32763,32765,32767,55661,0
15601,942,32725,32815,32760,32763,32764,32766,55663,0
15602,938,32743,32813,32760,32764,32765,32767,55663,0
15603,938,32723,32791,32760,32763,32765,32767,55662,0
15604,939,32708,32799,32760,32763,32764,32767,55662,1
15605,938,32747,32806,32760,32763,32765,32766,55663,0
15606,942,32733,32802,32760,32763,32765,32767,55663,0
15607,938,32696,32802,32759,32763,32764,32767,55663,0
15608,939,32728,32787,32759,32763,32765,32766,55663,0
15609,938,32734,32811,32759,32762,32765,32766,55662,1
15610,938,32711,32807,32760,32762,32764,32766,55663,0
15611,943,32712,32808,32760,32763,32764,32768,55663,1
15612,938,32751,32800,32760,32762,32764,32767,55662,0
15613,938,32742,32787,32760,32762,32765,32767,55663,0
15614,938,32695,32826,32760,32763,32764,32766,55662,0
15615,939,32763,32834,32761,32764,32764,32766,55663,1
15616,947,32745,32832,32760,32763,32764,32766,55663,1
15617,938,32754,32821,32760,32763,32764,32767,55663,0
15618,938,32697,32783,32760,32763,32764,32766,55663,0
15619,938,32747,32818,32760,32763,32764,32768,55663,0
15620,939,32731,32840,32760,32763,32764,32766,55663,1
15621,942,32708,32820,32760,32762,32764,32766,55663,1
15622,938,32725,32779,32760,32763,32764,32766,55662,0
15623,939,32742,32807,32761,32763,32765,32767,55662,0
15624,938,32719,32833,32760,32763,32765,32767,55662,0
15625,938,32700,32818,32760,32763,32765,32767,55663,0
15626,939,32737,32804,32760,32763,32765,32767,55663,0
15627,941,32731,32802,32761,32762,32765,32765,55663,0
15628,939,32671,32811,32759,32763,32764,32766,55663,0
15629,938,32731,32812,32761,32763,32763,32766,55663,0
15630,938,32743,32829,32760,32763,32765,32766,55663,0
15631,943,32713,32808,32759,32764,32763,32766,55663,1
15632,944,32688,32781,32760,32763,32765,32767,55663,1
15633,943,32732,32789,32760,32763,32765,32766,55662,0
15634,938,32761,32824,32760,32764,32764,32767,55663,0
15635,938,32715,32809,32759,32764,32765,32767,55662,0
15636,943,32696,32803,32761,32763,32764,32766,55663,0
15637,938,32733,32780,32759,32763,32764,32766,55663,0
15638,938,32726,32814,32759,32762,32765,32766,55663,1
15639,939,32684,32826,32760,32763,32764,32766,55664,0
15640,938,32742,32828,32760,32763,32765,32766,55663,0
15641,942,32741,32809,32760,32763,32764,32767,55663,0
15642,939,32699,32783,32760,32763,32764,32767,55663,0
15643,938,32707,32795,32760,32763,32765,32766,55664,1
15644,938,32743,32827,32760,32763,32764,32766,55663,4
15645,938,32724,32837,32759,32764,32764,32768,55663,0
15646,939,32684,32788,32760,32763,32765,32766,55662,0
15647,942,32741,32789,32760,32763,32765,32767,55663,0
15648,938,32739,32833,32760,32763,32764,32767,55662,0
15649,944,32704,32831,32759,32763,32764,32767,55663,0
15650,938,32699,32814,32760,32763,32764,32765,55663,0
15651,942,32733,32808,32759,32762,32764,32767,55664,0
15652,939,32748,32801,32760,32763,32764,32765,55663,0
15653,938,32708,32813,32761,32763,32765,32767,55663,0
15654,938,32726,32819,32761,32763,32765,32765,55663,0
15655,938,32743,32804,32761,32763,32764,32766,55662,0
15656,943,32712,32811,32761,32763,32764,32767,55666,0
15657,938,32688,32816,32760,32763,32764,32766,55663,0
15658,938,32740,32826,32760,32762,32765,32767,55662,0
15659,938,32735,32836,32760,32763,32765,32766,55663,0
15660,939,32695,32798,32760,32762,32764,32767,55663,0
15661,942,32724,32803,32760,32763,32764,32766,55664,0
15662,938,32733,32827,32760,32762,32765,32767,55662,0
15663,939,32733,32832,32760,32763,32764,32767,55664,0
15664,938,32720,32816,32760,32764,32765,32766,55663,0
15665,938,32753,32797,32760,32763,32764,32767,55662,1
15666,942,32745,32799,32760,32763,32765,32767,55662,1
15667,938,32704,32817,32759,32763,32764,32766,55662,0
15668,939,32736,32819,32761,32762,32764,32766,55663,0
15669,938,32759,32835,32760,32762,32765,32767,55663,2
15670,938,32700,32795,32760,32763,32764,32766,55663,1
15671,943,32728,32800,32759,32763,32764,32766,55663,0
15672,938,32746,32829,32760,32763,32765,32767,55663,0
15673,938,32736,32838,32760,32762,32764,32767,55663,0
15674,938,32695,32801,32759,32763,32764,32767,55663,0
15675,939,32724,32788,32760,32763,32764,32767,55663,0
15676,942,32729,32812,32760,32763,32764,32766,55663,0
15677,938,32727,32821,32760,32763,32764,32767,55663,0
15678,939,32704,32802,32760,32763,32764,32767,55663,0
15679,938,32736,32816,32760,32764,32764,32767,55663,0
15680,938,32717,32793,32760,32763,32765,32767,55661,1
15681,942,32702,32823,32760,32762,32764,32766,55662,1
15682,944,32729,32831,32760,32764,32764,32766,55663,0
15683,938,32739,32823,32760,32763,32764,32766,55664,0
15684,938,32706,32806,32761,32763,32764,32767,55663,1
15685,938,32698,32793,32761,32763,32765,32766,55663,0
15686,943,32727,32828,32759,32764,32765,32767,55663,0
15687,938,32732,32852,32759,32762,32765,32767,55663,0
15688,938,32691,32837,32760,32763,32765,32767,55663,0
15689,938,32739,32787,32760,32763,32765,32766,55663,0
15690,939,32737,32803,32760,32763,32764,32766,55663,0
15691,939,32727,32841,32759,32762,32765,32767,55663,0
15692,942,32672,32810,32759,32763,32764,32767,55663,0
15693,938,32724,32827,32759,32763,32764,32766,55662,0
15694,938,32725,32788,32759,32763,32764,32766,55663,0
15695,938,32689,32828,32760,32764,32765,32767,55663,0
15696,943,32724,32826,32760,32764,32765,32767,55664,0
15697,938,32746,32828,32761,32764,32764,32766,55662,0
15698,944,32732,32824,32760,32762,32764,32766,55663,0
15699,938,32686,32778,32760,32763,32763,32765,55664,0
15700,938,32725,32822,32761,32763,32766,32767,55663,0
15701,942,32736,32818,32759,32763,32764,32766,55665,0
15702,939,32702,32834,32760,32763,32765,32766,55663,0
15703,938,32718,32786,32759,32763,32764,32766,55663,0
15704,938,32745,32789,32760,32762,32763,32766,55664,0
15705,938,32716,32847,32760,32764,32765,32766,55663,1
15706,943,32688,32831,32760,32763,32765,32766,55663,0
15707,938,32740,32830,32760,32762,32764,32767,55664,0
15708,938,32746,32800,32761,32763,32765,32766,55664,0
15709,939,32711,32797,32760,32763,32765,32766,55664,1
15710,938,32743,32817,32760,32763,32764,32768,55664,0
15711,942,32748,32815,32760,32765,32764,32766,55665,1
15712,939,32733,32800,32760,32763,32764,32767,55664,0
15713,938,32686,32786,32760,32762,32763,32766,55664,0
15714,938,32728,32813,32761,32764,32764,32766,55664,0
15715,944,32720,32825,32761,32763,32764,32766,55663,0
15716,942,32707,32824,32761,32763,32765,32767,55664,1
15717,938,32707,32822,32760,32764,32765,32767,55664,1
15718,938,32722,32792,32760,32763,32765,32766,55663,0
15719,938,32715,32807,32759,32762,32764,32766,55663,0
15720,939,32697,32837,32760,32763,32764,32767,55663,0
15721,939,32756,32833,32760,32763,32765,32767,55665,0
15722,942,32749,32816,32760,32763,32765,32766,55663,0
15723,938,32693,32784,32760,32763,32764,32767,55663,0
15724,938,32705,32827,32761,32763,32765,32766,55663,0
15725,938,32740,32838,32761,32763,32765,32767,55662,0
15726,943,32729,32815,32761,32763,32764,32765,55664,2
15727,938,32690,32791,32760,32763,32764,32766,55662,0
15728,938,32728,32786,32760,32763,32765,32765,55663,0
15729,938,32735,32838,32760,32763,32765,32767,55663,0
15730,939,32698,32832,32760,32763,32764,32766,55663,0
15731,947,32696,32833,32761,32763,32764,32767,55664,0
15732,938,32728,32817,32761,32764,32765,32766,55663,1
15733,938,32733,32801,32760,32762,32765,32766,55663,0
15734,938,32694,32818,32760,32763,32765,32766,55663,0
15735,939,32735,32835,32760,32763,32765,32766,55663,0
15736,942,32736,32815,32760,32763,32765,32766,55663,0
15737,938,32711,32796,32761,32764,32765,32767,55665,0
15738,939,32711,32814,32760,32763,32765,32767,55664,0
15739,938,32737,32834,32760,32763,32764,32766,55664,0
15740,938,32722,32815,32761,32764,32765,32766,55664,0
15741,942,32688,32809,32760,32763,32764,32767,55663,0
15742,939,32721,32787,32759,32763,32764,32766,55663,0
15743,938,32732,32824,32759,32763,32763,32767,55665,0
15744,938,32696,32828,32759,32763,32765,32766,55663,2
15745,939,32710,32792,32760,32763,32764,32766,55664,1
15746,942,32744,32808,32760,32763,32764,32767,55664,1
15747,938,32728,32782,32761,32763,32764,32767,55664,0
15748,943,32680,32821,32760,32763,32764,32766,55664,1
15749,943,32724,32819,32760,32763,32765,32765,55664,0
15750,938,32727,32841,32760,32763,32764,32767,55663,0
15751,943,32711,32822,32759,32762,32765,32768,55664,0
15752,938,32684,32801,32761,32763,32766,32767,55664,1
15753,938,32720,32825,32759,32764,32765,32767,55664,0
15754,939,32728,32832,32760,32764,32764,32767,55664,0
15755,938,32698,32831,32760,32763,32764,32767,55663,0
15756,942,32705,32819,32761,32763,32765,32766,55664,1
15757,938,32739,32805,32760,32763,32763,32766,55665,1
15758,939,32724,32837,32760,32763,32764,32765,55662,0
15759,938,32675,32827,32759,32763,32765,32766,55664,0
15760,938,32722,32804,32759,32763,32765,32766,55664,0
15761,943,32716,32796,32760,32763,32764,32767,55665,0
15762,938,32694,32801,32759,32763,32764,32766,55665,0
15763,938,32724,32819,32760,32763,32764,32767,55663,0
15764,938,32733,32831,32760,32763,32765,32767,55664,0
15765,938,32709,32815,32760,32763,32763,32766,55664,0
15766,943,32673,32786,32761,32764,32765,32767,55664,0
15767,938,32721,32811,32760,32763,32765,32766,55664,0
15768,938,32723,32842,32759,32762,32764,32766,55663,0
15769,938,32685,32828,32760,32762,32764,32766,55663,0
15770,939,32727,32790,32761,32763,32765,32766,55663,1
15771,942,32731,32794,32761,32763,32764,32766,55663,0
15772,938,32718,32839,32760,32762,32765,32767,55664,0
15773,938,32694,32826,32759,32764,32765,32766,55664,1
15774,939,32730,32815,32758,32763,32765,32766,55664,0
15775,938,32732,32801,32760,32763,32765,32767,55663,0
15776,942,32697,32794,32761,32763,32765,32766,55666,1
15777,939,32722,32835,32760,32763,32764,32766,55665,0
15778,938,32737,32839,32759,32764,32765,32767,55665,0
15779,938,32710,32829,32760,32764,32764,32767,55664,0
15780,939,32700,32787,32759,32764,32764,32767,55665,1
15781,946,32736,32815,32760,32763,32765,32767,55663,1
15782,943,32731,32823,32760,32763,32764,32767,55664,0
15783,938,32705,32834,32759,32763,32764,32766,55665,0
15784,939,32696,32804,32759,32763,32765,32766,55665,0
15785,938,32754,32796,32760,32763,32764,32765,55664,0
15786,942,32738,32801,32760,32763,32765,32767,55664,0
15787,938,32699,32840,32760,32763,32763,32767,55664,0
15788,938,32737,32828,32761,32762,32764,32767,55664,0
15789,939,32735,32810,32760,32763,32764,32766,55665,0
15790,938,32700,32786,32761,32763,32765,32766,55666,0
15791,942,32699,32807,32761,32763,32765,32766,55664,1
15792,939,32741,32823,32761,32764,32764,32766,55665,1
15793,938,32726,32817,32761,32763,32764,32766,55664,0
15794,938,32678,32787,32760,32763,32764,32766,55664,3
15795,938,32731,32778,32759,32763,32764,32766,55665,0
15796,943,32744,32805,32760,32762,32765,32766,55664,0
15797,938,32713,32844,32761,32763,32765,32766,55663,0
15798,938,32709,32816,32760,32764,32765,32766,55664,0
15799,938,32737,32810,32761,32763,32765,32766,55666,0
15800,938,32720,32816,32760,32763,32765,32767,55666,0
15801,943,32690,32813,32761,32763,32764,32766,55665,2
15802,938,32753,32822,32759,32763,32765,32766,55665,0
15803,938,32750,32824,32760,32763,32764,32767,55664,0
15804,938,32705,32798,32759,32763,32764,32766,55665,0
15805,939,32731,32806,32760,32762,32765,32766,55665,0
15806,942,32749,32830,32759,32764,32765,32766,55665,0
15807,938,32730,32832,32760,32764,32764,32768,55664,0
15808,938,32704,32796,32760,32763,32765,32766,55665,0
15809,939,32740,32793,32761,32763,32765,32766,55664,1
15810,938,32739,32835,32759,32763,32765,32766,55665,0
15811,942,32699,32832,32760,32763,32764,32767,55664,0
15812,938,32721,32829,32760,32763,32765,32767,55664,1
15813,938,32733,32797,32761,32762,32765,32767,55664,1
15814,938,32723,32815,32760,32763,32763,32767,55664,0
15815,938,32704,32800,32761,32763,32764,32766,55663,0
15816,943,32753,32824,32761,32763,32764,32766,55664,0
15817,938,32732,32829,32760,32763,32765,32767,55663,1
15818,938,32711,32784,32760,32763,32764,32767,55666,0
15819,938,32743,32816,32760,32762,32765,32766,55664,0
15820,939,32772,32843,32760,32764,32764,32767,55663,0
15821,942,32724,32831,32760,32763,32765,32766,55665,1
15822,938,32700,32803,32760,32763,32764,32765,55664,1
15823,939,32741,32796,32760,32763,32765,32766,55665,0
15824,938,32732,32826,32759,32762,32765,32766,55665,0
15825,938,32697,32829,32761,32763,32764,32765,55664,0
15826,942,32719,32825,32760,32764,32765,32767,55664,6
15827,939,32741,32796,32760,32763,32765,32766,55664,0
15828,938,32725,32805,32760,32764,32765,32767,55665,1
15829,938,32707,32816,32760,32764,32765,32765,55664,6
15830,944,32751,32839,32760,32764,32764,32767,55665,0
15831,942,32751,32806,32760,32763,32764,32766,55664,1
15832,938,32706,32804,32760,32763,32765,32768,55664,0
15833,939,32725,32800,32759,32763,32765,32767,55664,1
15834,938,32764,32828,32760,32763,32765,32767,55664,0
15835,938,32745,32825,32760,32763,32764,32767,55664,1
15836,942,32710,32826,32760,32763,32764,32766,55664,0
15837,939,32744,32790,32758,32763,32765,32767,55663,0
15838,938,32758,32818,32760,32762,32765,32766,55664,0
15839,938,32701,32820,32760,32763,32765,32766,55665,1
15840,939,32737,32827,32760,32763,32764,32766,55664,0
15841,941,32749,32821,32761,32762,32764,32767,55665,0
15842,939,32729,32795,32760,32763,32765,32766,55665,0
15843,938,32685,32818,32760,32763,32765,32767,55663,0
15844,938,32738,32829,32759,32762,32764,32766,55665,0
15845,939,32728,32823,32761,32762,32765,32765,55665,0
15846,942,32689,32787,32761,32763,32764,32766,55665,0
15847,938,32733,32774,32760,32763,32765,32767,55665,0
15848,938,32741,32830,32760,32764,32764,32766,55665,0
15849,938,32712,32827,32761,32762,32765,32766,55665,6
15850,938,32696,32811,32761,32764,32765,32766,55663,0
15851,943,32731,32795,32761,32763,32765,32767,55665,0
15852,938,32738,32816,32760,32763,32764,32765,55665,0
15853,938,32686,32814,32759,32763,32765,32767,55667,0
15854,939,32744,32803,32760,32763,32765,32767,55664,1
15855,938,32736,32815,32761,32764,32765,32767,55665,0
15856,942,32720,32797,32760,32763,32765,32766,55665,0
15857,939,32702,32803,32760,32763,32764,32767,55665,1
15858,938,32726,32837,32760,32763,32765,32766,55665,3
15859,938,32740,32840,32759,32762,32764,32767,55665,0
15860,938,32698,32800,32760,32763,32764,32766,55666,1
15861,943,32731,32790,32760,32763,32763,32765,55666,0
15862,938,32734,32830,32759,32763,32765,32767,55665,1
15863,944,32703,32831,32759,32764,32764,32767,55665,0
15864,938,32701,32828,32759,32763,32764,32766,55665,1
15865,938,32733,32799,32759,32763,32765,32767,55666,0
15866,942,32743,32791,32760,32763,32763,32767,55664,0
15867,938,32710,32835,32760,32764,32765,32768,55665,1
15868,938,32727,32836,32760,32762,32764,32766,55664,0
15869,939,32751,32830,32759,32763,32765,32766,55666,0
15870,938,32727,32796,32760,32763,32765,32767,55665,0
15871,942,32692,32805,32759,32763,32764,32766,55665,0
15872,939,32744,32851,32761,32764,32764,32767,55666,1
15873,938,32720,32835,32760,32763,32763,32767,55666,0
15874,938,32685,32818,32760,32763,32764,32766,55666,0
15875,938,32723,32801,32760,32763,32765,32766,55667,0
15876,943,32731,32827,32760,32763,32764,32766,55664,0
15877,938,32709,32842,32760,32764,32764,32766,55665,0
15878,938,32677,32824,32759,32764,32764,32766,55666,0
15879,939,32744,32803,32760,32763,32765,32768,55665,0
15880,943,32739,32800,32759,32764,32765,32766,55665,1
15881,942,32700,32841,32760,32763,32764,32766,55664,0
15882,939,32701,32835,32760,32763,32764,32766,55665,0
15883,938,32740,32840,32759,32764,32765,32766,55666,0
15884,938,32725,32815,32760,32763,32763,32766,55665,1
15885,938,32691,32793,32760,32763,32766,32767,55666,0
15886,943,32738,32838,32759,32763,32765,32767,55664,1
15887,938,32740,32836,32760,32764,32764,32767,55666,1
15888,938,32701,32827,32760,32763,32764,32766,55666,0
15889,939,32729,32814,32760,32763,32765,32767,55665,0
15890,938,32731,32823,32760,32763,32765,32766,55666,0
15891,942,32740,32853,32761,32764,32764,32766,55664,0
15892,938,32686,32843,32759,32763,32764,32766,55666,0
15893,938,32755,32834,32759,32763,32764,32767,55666,0
15894,938,32739,32807,32761,32763,32764,32768,55666,0
15895,939,32691,32825,32761,32764,32764,32766,55665,0
15896,948,32717,32825,32759,32762,32765,32766,55665,0
15897,943,32742,32835,32759,32763,32763,32767,55664,0
15898,938,32738,32831,32760,32763,32765,32766,55665,0
15899,939,32690,32802,32759,32762,32764,32766,55665,0
15900,938,32736,32821,32760,32762,32764,32767,55665,0
15901,942,32741,32828,32760,32763,32765,32765,55665,0
15902,938,32722,32830,32759,32763,32765,32767,55665,0
15903,939,32708,32815,32760,32763,32763,32767,55664,0
15904,938,32760,32793,32760,32763,32764,32767,55666,2
15905,938,32727,32822,32760,32762,32764,32766,55665,0
15906,942,32702,32824,32760,32764,32764,32767,55664,0
15907,939,32731,32840,32760,32762,32764,32768,55666,0
15908,938,32755,32824,32760,32763,32764,32766,55666,0
15909,938,32718,32808,32758,32762,32765,32766,55665,0
15910,938,32713,32825,32760,32762,32764,32766,55665,0
15911,943,32750,32846,32760,32763,32764,32767,55665,0
15912,938,32725,32843,32760,32762,32764,32767,55666,0
15913,938,32694,32813,32759,32762,32765,32767,55665,0
15914,938,32737,32799,32760,32763,32764,32766,55666,0
15915,938,32753,32839,32760,32763,32764,32766,55667,1
15916,943,32714,32829,32760,32763,32764,32767,55665,0
15917,938,32708,32810,32760,32763,32764,32766,55666,0
15918,938,32754,32797,32760,32764,32764,32767,55665,0
15919,938,32730,32829,32760,32763,32765,32767,55667,0
15920,939,32695,32823,32760,32763,32765,32766,55665,0
15921,941,32750,32836,32761,32763,32765,32767,55665,0
15922,939,32749,32809,32761,32763,32765,32766,55665,0
15923,938,32712,32791,32761,32763,32765,32767,55665,0
15924,938,32717,32826,32760,32764,32765,32766,55666,0
15925,939,32758,32832,32760,32763,32764,32766,55666,0
15926,942,32736,32823,32760,32764,32765,32767,55665,0
15927,938,32695,32803,32760,32762,32764,32766,55667,1
15928,938,32749,32804,32759,32763,32765,32768,55667,0
15929,944,32743,32831,32759,32762,32764,32766,55666,0
15930,938,32713,32836,32760,32763,32764,32766,55666,0
15931,943,32713,32817,32760,32762,32764,32766,55666,0
15932,938,32743,32809,32760,32763,32764,32766,55666,0
15933,938,32742,32816,32760,32763,32764,32765,55667,1
15934,938,32684,32842,32761,32763,32764,32766,55666,1
15935,939,32721,32843,32760,32762,32763,32767,55666,0
15936,942,32735,32840,32759,32763,32764,32766,55667,0
15937,938,32719,32816,32760,32763,32764,32767,55667,0
15938,939,32709,32813,32759,32763,32764,32768,55666,0
15939,938,32754,32843,32759,32763,32765,32766,55666,0
15940,938,32730,32848,32760,32762,32765,32767,55666,0
15941,942,32692,32824,32759,32763,32763,32767,55667,0
15942,939,32728,32802,32759,32763,32765,32766,55666,0
15943,938,32744,32843,32760,32763,32765,32766,55666,0
15944,938,32705,32835,32760,32763,32764,32766,55666,1
15945,939,32718,32823,32760,32763,32764,32766,55666,0
15946,941,32753,32812,32759,32764,32765,32768,55667,1
15947,938,32752,32799,32760,32763,32764,32766,55667,0
15948,938,32698,32824,32760,32763,32764,32766,55666,0
15949,939,32749,32830,32759,32763,32765,32766,55666,0
15950,938,32752,32832,32760,32763,32765,32767,55665,0
15951,942,32712,32810,32760,32762,32763,32765,55665,0
15952,938,32728,32787,32760,32762,32764,32767,55665,0
15953,939,32751,32847,32760,32763,32764,32767,55665,1
15954,938,32739,32850,32760,32763,32765,32767,55665,0
15955,938,32703,32827,32761,32763,32764,32766,55666,0
15956,943,32747,32798,32760,32763,32763,32766,55667,1
15957,938,32746,32816,32760,32762,32765,32767,55666,0
15958,938,32721,32841,32761,32763,32764,32767,55667,0
15959,939,32739,32839,32760,32764,32765,32767,55666,0
15960,938,32757,32818,32760,32763,32764,32767,55665,1
15961,942,32743,32794,32761,32763,32765,32768,55667,0
15962,944,32707,32839,32760,32762,32764,32765,55666,0
15963,938,32747,32826,32760,32763,32765,32767,55665,0
15964,938,32750,32845,32760,32764,32764,32767,55666,0
15965,938,32710,32803,32760,32763,32765,32766,55666,0
15966,943,32706,32796,32760,32763,32765,32767,55666,1
15967,938,32751,32830,32760,32762,32764,32767,55666,0
15968,938,32743,32850,32760,32763,32764,32767,55666,0
15969,939,32684,32820,32760,32764,32764,32767,55667,0
15970,938,32743,32809,32759,32762,32765,32766,55666,0
15971,942,32747,32810,32760,32763,32764,32766,55666,0
15972,939,32724,32855,32760,32763,32763,32767,55668,0
15973,938,32733,32821,32760,32764,32764,32766,55667,0
15974,938,32756,32828,32760,32764,32764,32766,55667,1
15975,938,32735,32814,32759,32763,32765,32766,55665,0
15976,943,32710,32824,32760,32763,32765,32767,55667,0
15977,938,32742,32851,32760,32763,32763,32766,55666,0
15978,938,32743,32850,32761,32763,32764,32766,55665,0
15979,938,32700,32825,32760,32762,32764,32766,55672,0
15980,938,32739,32797,32760,32762,32764,32767,55673,0
15981,943,32745,32832,32760,32763,32763,32766,55666,0
15982,938,32729,32849,32760,32763,32764,32766,55666,1
15983,938,32693,32834,32760,32763,32765,32766,55667,1
15984,938,32731,32819,32760,32763,32765,32766,55668,0
15985,939,32758,32819,32759,32764,32765,32768,55666,0
15986,942,32702,32842,32760,32764,32764,32766,55667,1
15987,938,32733,32831,32760,32763,32765,32766,55666,0
15988,939,32744,32840,32760,32763,32764,32766,55667,0
15989,938,32722,32793,32759,32763,32764,32766,55667,0
15990,938,32717,32821,32759,32762,32764,32766,55667,0
15991,942,32748,32842,32760,32763,32764,32766,55663,0
15992,939,32736,32843,32760,32763,32765,32768,55666,1
15993,938,32686,32827,32761,32763,32764,32766,55667,1
15994,938,32720,32792,32759,32763,32763,32766,55666,0
15995,943,32747,32836,32760,32762,32764,32767,55667,0
15996,942,32735,32844,32759,32763,32765,32766,55667,1
15997,938,32707,32816,32760,32763,32765,32766,55667,0
15998,938,32755,32809,32760,32764,32765,32766,55666,1
15999,938,32737,32798,32760,32763,32765,32767,55666,1
16000,939,32708,32837,32760,32764,32765,32767,55667,1
16001,942,32722,32840,32758,32763,32764,32766,55666,1
16002,938,32734,32830,32759,32763,32764,32766,55666,0
16003,938,32725,32824,32760,32763,32765,32767,55667,1
16004,938,32703,32811,32759,32763,32764,32767,55667,1
16005,939,32748,32848,32760,32764,32764,32766,55666,0
16006,942,32740,32859,32760,32764,32764,32767,55668,0
16007,938,32696,32834,32761,32763,32763,32767,55666,0
16008,938,32746,32790,32760,32763,32764,32767,55665,0
16009,939,32746,32815,32760,32763,32765,32767,55666,0
16010,938,32719,32864,32760,32764,32765,32766,55668,0
16011,948,32691,32833,32761,32764,32763,32766,55667,0
16012,938,32743,32820,32760,32763,32764,32767,55667,0
16013,938,32732,32801,32760,32764,32763,32766,55666,1
16014,938,32693,32838,32759,32763,32765,32765,55667,0
16015,939,32718,32833,32761,32762,32765,32767,55667,1
16016,942,32745,32843,32760,32763,32764,32767,55668,1
16017,938,32728,32834,32760,32763,32765,32766,55666,0
16018,939,32685,32796,32759,32763,32764,32767,55667,1
16019,938,32750,32843,32761,32763,32765,32766,55666,0
16020,938,32733,32838,32760,32763,32765,32766,55666,0
16021,943,32712,32829,32760,32764,32764,32766,55667,0
16022,938,32703,32798,32760,32763,32764,32767,55668,0
16023,938,32731,32807,32760,32762,32765,32766,55664,0
16024,938,32701,32832,32759,32762,32764,32766,55667,1
16025,939,32688,32834,32760,32762,32763,32767,55667,0
16026,942,32726,32827,32759,32763,32764,32767,55667,1
16027,938,32723,32787,32760,32763,32766,32767,55666,0
16028,943,32674,32804,32759,32762,32764,32767,55667,1
16029,943,32696,32815,32760,32763,32764,32767,55667,1
16030,938,32747,32826,32760,32764,32765,32767,55666,0
16031,943,32734,32826,32760,32763,32765,32766,55666,0
16032,938,32704,32802,32760,32764,32765,32767,55668,1
16033,938,32750,32792,32760,32763,32762,32767,55668,0
16034,939,32748,32821,32759,32763,32764,32768,55667,0
16035,938,32723,32837,32760,32763,32765,32767,55668,0
16036,942,32691,32829,32760,32763,32764,32767,55666,0
16037,938,32752,32791,32760,32763,32764,32768,55669,0
16038,939,32743,32811,32761,32762,32764,32767,55668,0
16039,938,32696,32836,32759,32763,32765,32768,55667,0
16040,938,32754,32819,32761,32763,32765,32768,55668,1
16041,943,32750,32828,32759,32763,32765,32767,55667,0
16042,938,32700,32782,32759,32763,32765,32766,55667,0
16043,938,32706,32812,32759,32763,32765,32766,55668,0
16044,939,32748,32851,32760,32763,32765,32766,55666,0
16045,943,32741,32821,32761,32763,32764,32767,55667,0
16046,942,32691,32813,32760,32762,32764,32767,55667,1
16047,939,32716,32799,32759,32763,32765,32767,55667,0
16048,938,32740,32831,32760,32763,32764,32766,55666,0
16049,938,32716,32833,32759,32763,32764,32766,55666,0
16050,938,32697,32828,32760,32763,32765,32766,55667,0
16051,942,32748,32818,32759,32762,32765,32766,55666,2
16052,939,32740,32801,32759,32761,32765,32768,55666,0
16053,938,32684,32830,32760,32763,32764,32766,55666,3
16054,938,32744,32841,32760,32763,32765,32767,55668,0
16055,938,32748,32835,32760,32763,32765,32766,55667,0
16056,943,32736,32817,32759,32763,32764,32765,55666,0
16057,938,32703,32807,32760,32763,32764,32766,55666,0
16058,938,32750,32843,32759,32762,32764,32765,55668,1
16059,939,32747,32841,32760,32763,32764,32766,55668,0
16060,938,32708,32823,32760,32762,32764,32766,55666,0
16061,948,32737,32803,32761,32763,32764,32767,55667,0
16062,943,32745,32800,32760,32763,32764,32766,55667,0
16063,938,32744,32853,32760,32763,32763,32766,55668,1
16064,939,32697,32836,32760,32763,32764,32765,55668,0
16065,938,32743,32850,32761,32762,32765,32766,55667,0
16066,942,32741,32814,32760,32762,32763,32765,55667,0
16067,939,32704,32829,32760,32762,32763,32766,55666,1
16068,938,32706,32832,32759,32764,32764,32766,55667,0
16069,938,32741,32837,32761,32763,32765,32767,55668,0
16070,938,32736,32824,32759,32762,32763,32766,55667,1
16071,943,32700,32800,32760,32763,32764,32766,55668,1
16072,938,32756,32823,32760,32763,32764,32767,55668,0
16073,938,32758,32856,32759,32763,32765,32766,55667,0
16074,939,32712,32843,32759,32763,32765,32767,55666,0
16075,938,32719,32817,32759,32763,32764,32767,55667,0
16076,942,32755,32808,32760,32763,32764,32766,55667,0
16077,939,32723,32843,32759,32762,32764,32765,55668,0
16078,943,32695,32854,32760,32763,32765,32766,55667,0
16079,938,32720,32839,32760,32762,32764,32766,55668,0
16080,939,32746,32816,32760,32763,32765,32765,55667,0
16081,942,32713,32810,32760,32762,32764,32766,55669,0
16082,938,32686,32843,32760,32763,32764,32766,55668,0
16083,938,32741,32850,32759,32764,32765,32767,55668,0
16084,939,32727,32858,32759,32763,32764,32767,55668,1
16085,938,32697,32822,32759,32763,32764,32767,55668,0
16086,942,32707,32808,32759,32764,32764,32767,55668,0
16087,939,32725,32836,32760,32762,32765,32767,55666,0
16088,938,32705,32848,32760,32763,32764,32767,55668,0
16089,938,32693,32823,32758,32764,32765,32768,55668,0
16090,939,32741,32803,32759,32763,32764,32766,55667,0
16091,942,32733,32837,32760,32763,32764,32767,55667,2
16092,938,32685,32853,32760,32763,32764,32766,55668,0
16093,938,32729,32832,32760,32763,32765,32767,55668,0
16094,944,32728,32829,32760,32764,32764,32767,55667,0
16095,938,32709,32811,32760,32762,32764,32766,55668,0
16096,942,32679,32819,32760,32764,32765,32767,55668,0
16097,939,32717,32844,32760,32763,32764,32766,55667,0
16098,938,32722,32850,32760,32763,32764,32767,55667,0
16099,938,32687,32815,32760,32763,32766,32767,55667,2
16100,938,32746,32807,32760,32762,32765,32766,55669,0
16101,943,32749,32824,32760,32763,32765,32767,55667,0
16102,938,32722,32846,32760,32762,32765,32766,55668,0
16103,938,32700,32827,32760,32762,32765,32766,55668,1
16104,939,32738,32813,32760,32762,32764,32766,55668,0
16105,938,32720,32805,32760,32763,32765,32766,55668,0
16106,942,32707,32835,32761,32763,32764,32765,55668,0
16107,938,32737,32835,32760,32763,32765,32766,55667,0
16108,938,32749,32839,32758,32763,32764,32767,55669,0
16109,938,32701,32806,32760,32762,32765,32766,55668,0
16110,939,32677,32829,32760,32763,32764,32766,55667,1
16111,942,32737,32844,32759,32762,32764,32766,55668,0
16112,938,32730,32832,32759,32762,32764,32767,55667,1
16113,938,32680,32826,32760,32762,32763,32767,55669,0
16114,938,32739,32799,32760,32762,32764,32766,55668,0
16115,939,32729,32833,32760,32762,32765,32767,55668,0
16116,942,32719,32839,32759,32762,32765,32767,55668,0
16117,938,32701,32835,32759,32763,32764,32767,55669,0
16118,939,32738,32818,32758,32763,32764,32767,55667,0
16119,938,32716,32796,32760,32763,32764,32766,55668,1
16120,938,32668,32851,32761,32763,32765,32766,55668,0
16121,943,32712,32836,32760,32763,32764,32767,55667,0
16122,938,32725,32838,32759,32763,32764,32766,55666,0
16123,938,32704,32812,32760,32764,32764,32766,55667,1
16124,938,32685,32812,32760,32763,32765,32766,55668,0
16125,939,32723,32843,32759,32764,32764,32766,55668,1
16126,942,32720,32834,32759,32763,32763,32768,55667,0
16127,948,32661,32829,32760,32764,32763,32766,55668,0
16128,938,32708,32804,32759,32763,32764,32766,55668,0
16129,938,32727,32822,32760,32763,32764,32766,55669,1
16130,939,32710,32849,32761,32763,32765,32765,55668,0
16131,941,32685,32838,32759,32762,32764,32766,55668,0
16132,939,32740,32839,32761,32763,32764,32766,55668,0
16133,938,32724,32823,32759,32762,32765,32766,55667,0
16134,938,32687,32828,32759,32763,32765,32766,55668,1
16135,938,32738,32839,32761,32763,32764,32767,55668,0
16136,943,32730,32840,32760,32763,32764,32767,55668,0
16137,938,32717,32824,32760,32763,32764,32765,55668,1
16138,938,32692,32783,32760,32763,32765,32767,55667,0
16139,939,32737,32820,32760,32763,32764,32766,55667,0
16140,938,32722,32842,32761,32764,32765,32767,55668,0
16141,942,32702,32836,32760,32764,32765,32765,55668,0
16142,939,32735,32817,32761,32763,32765,32767,55669,0
16143,938,32739,32805,32759,32763,32764,32766,55668,0
16144,938,32714,32832,32759,32763,32764,32767,55667,3
16145,938,32704,32832,32760,32763,32764,32766,55670,0
16146,4121,32731,32839,32760,32763,32764,32767,55668,0
16147,943,32694,32809,32759,32763,32766,32767,55667,0
16148,938,32725,32828,32760,32763,32765,32767,55667,0
16149,939,32737,32831,32761,32762,32764,32766,55668,1
16150,938,32708,32840,32760,32763,32764,32767,55668,0
16151,942,32699,32817,32760,32762,32765,32766,55668,0
16152,939,32747,32802,32759,32763,32765,32766,55668,0
16153,938,32725,32825,32760,32763,32764,32766,55668,0
16154,938,32695,32813,32759,32763,32765,32766,55669,0
16155,938,32753,32825,32760,32763,32765,32765,55669,0
16156,943,32727,32815,32760,32763,32764,32766,55668,0
16157,938,32711,32800,32760,32763,32764,32768,55669,0
16158,938,32716,32824,32760,32763,32765,32766,55669,1
16159,938,32750,32840,32760,32763,32765,32766,55668,0
16160,939,32719,32824,32760,32762,32764,32766,55668,0
16161,942,32684,32781,32760,32763,32764,32766,55668,0
16162,938,32750,32812,32761,32763,32764,32767,55668,0
16163,949,32744,32836,32760,32764,32764,32767,55668,0
16164,938,32728,32841,32760,32762,32764,32766,55668,0
16165,938,32689,32819,32760,32763,32766,32767,55667,0
16166,943,32738,32809,32761,32762,32765,32767,55667,0
16167,938,32737,32796,32760,32763,32764,32766,55668,1
16168,938,32694,32833,32760,32762,32764,32767,55668,0
16169,939,32721,32840,32760,32762,32764,32767,55667,0
16170,938,32752,32838,32760,32763,32764,32766,55667,0
16171,942,32724,32814,32759,32763,32765,32766,55667,0
16172,938,32708,32818,32760,32763,32764,32766,55669,0
16173,939,32739,32844,32761,32763,32765,32767,55667,0
16174,938,32742,32854,32760,32763,32765,32767,55666,1
16175,938,32706,32822,32759,32763,32765,32766,55668,0
16176,943,32718,32804,32760,32763,32764,32767,55666,2
16177,938,32741,32826,32759,32763,32765,32765,55668,0
16178,938,32710,32840,32760,32762,32764,32766,55667,1
16179,938,32697,32831,32760,32763,32764,32766,55668,1
16180,938,32753,32827,32759,32762,32764,32765,55667,1
16181,943,32732,32801,32760,32762,32764,32766,55667,0
16182,938,32685,32831,32760,32763,32764,32766,55668,0
16183,938,32727,32859,32761,32762,32764,32767,55667,0
16184,938,32741,32841,32759,32762,32764,32767,55668,0
16185,939,32713,32813,32760,32762,32764,32767,55668,1
16186,942,32679,32811,32760,32762,32764,32766,55668,1
16187,938,32750,32851,32760,32763,32765,32767,55668,1
16188,938,32745,32843,32760,32764,32765,32766,55668,0
16189,939,32688,32820,32760,32762,32764,32767,55669,0
16190,938,32726,32803,32760,32763,32765,32766,55669,0
16191,942,32745,32840,32760,32763,32765,32767,55667,1
16192,938,32713,32857,32760,32762,32763,32766,55667,0
16193,939,32697,32850,32760,32764,32765,32766,55668,0
16194,938,32758,32817,32760,32763,32765,32766,55668,0
16195,938,32733,32815,32760,32763,32764,32765,55669,0
16196,948,32711,32823,32760,32763,32765,32767,55669,0
16197,938,32721,32835,32760,32762,32765,32767,55668,0
16198,938,32749,32831,32760,32763,32765,32766,55669,1
16199,939,32718,32837,32760,32762,32764,32766,55669,0
16200,938,32690,32800,32760,32764,32764,32766,55669,0
16201,942,32742,32831,32760,32763,32763,32766,55668,0
16202,938,32733,32842,32760,32763,32765,32767,55670,0
16203,939,32700,32839,32760,32764,32764,32767,55669,0
16204,938,32756,32803,32759,32763,32765,32766,55668,1
16205,938,32746,32812,32759,32764,32763,32766,55668,0
16206,955,32735,32833,32759,32763,32764,32767,55669,0
16207,941,32714,32827,32759,32763,32764,32766,55669,1
16208,939,32720,32817,32760,32762,32764,32767,55670,0
16209,938,32755,32829,32761,32763,32764,32766,55668,0
16210,938,32731,32787,32761,32763,32765,32766,55671,0
16211,942,32701,32805,32760,32762,32764,32766,55670,1
16212,938,32745,32844,32759,32763,32765,32768,55668,0
16213,938,32745,32834,32760,32764,32765,32766,55670,1
16214,938,32721,32820,32760,32763,32765,32766,55669,1
16215,938,32748,32798,32760,32763,32765,32766,55669,0
16216,943,32754,32830,32760,32763,32765,32767,55669,0
16217,938,32719,32836,32761,32763,32764,32766,55668,0
16218,938,32706,32830,32759,32763,32764,32767,55669,0
16219,939,32751,32825,32760,32763,32765,32766,55669,0
16220,938,32729,32806,32760,32762,32765,32766,55668,0
16221,942,32702,32831,32759,32764,32765,32766,55667,0
16222,939,32741,32822,32760,32762,32764,32766,55668,0
16223,938,32741,32822,32759,32763,32764,32766,55668,0
16224,938,32729,32809,32760,32763,32765,32766,55668,0
16225,938,32716,32801,32761,32763,32764,32767,55670,0
16226,943,32756,32838,32760,32763,32765,32766,55668,0
16227,938,32740,32831,32759,32762,32764,32766,55668,0
16228,938,32716,32809,32760,32762,32764,32767,55668,0
16229,942,32745,32781,32760,32762,32764,32767,55669,0
16230,938,32743,32825,32760,32763,32765,32766,55669,4
16231,942,32725,32835,32760,32763,32765,32766,55669,0
16232,939,32713,32828,32759,32763,32764,32767,55668,0
16233,938,32758,32818,32760,32763,32765,32767,55669,0
16234,938,32756,32803,32760,32763,32764,32767,55669,1
16235,938,32700,32831,32760,32762,32765,32767,55668,0
16236,943,32734,32842,32760,32763,32765,32767,55670,1
16237,938,32757,32831,32761,32763,32765,32767,55669,0
16238,938,32726,32814,32760,32763,32764,32766,55668,1
16239,939,32708,32798,32760,32762,32764,32768,55668,0
16240,938,32747,32830,32760,32762,32765,32766,55669,0
16241,942,32774,32858,32760,32762,32764,32766,55669,0
16242,938,32708,32830,32760,32763,32764,32767,55669,1
16243,938,32741,32807,32759,32762,32763,32766,55668,0
16244,938,32752,32823,32760,32763,32765,32767,55669,0
16245,939,32728,32839,32761,32763,32765,32767,55668,0
16246,942,32712,32823,32759,32763,32763,32766,55668,0
16247,938,32750,32831,32760,32763,32764,32766,55669,0
16248,938,32726,32813,32760,32763,32764,32767,55668,0
16249,938,32687,32837,32760,32763,32764,32766,55670,0
16250,939,32733,32850,32759,32764,32764,32765,55671,0
16251,942,32744,32853,32760,32763,32764,32767,55669,1
16252,938,32710,32812,32760,32763,32764,32766,55669,0
16253,939,32715,32809,32760,32763,32764,32766,55670,0
16254,938,32747,32850,32760,32762,32765,32767,55670,0
16255,938,32746,32853,32760,32763,32763,32766,55669,0
16256,942,32711,32819,32760,32763,32764,32767,55670,1
16257,939,32751,32818,32760,32762,32764,32767,55668,0
16258,938,32747,32818,32760,32763,32764,32767,55669,1
16259,938,32730,32842,32760,32763,32764,32766,55670,0
16260,938,32724,32828,32761,32763,32764,32766,55670,0
16261,943,32737,32830,32759,32763,32764,32767,55670,0
16262,948,32745,32821,32760,32763,32764,32767,55670,0
16263,938,32702,32803,32760,32762,32764,32767,55670,0
16264,938,32735,32840,32760,32764,32764,32766,55668,0
16265,938,32753,32848,32760,32762,32764,32767,55669,0
16266,942,32731,32860,32761,32762,32765,32766,55670,0
16267,939,32688,32809,32759,32763,32764,32767,55669,1
16268,938,32751,32816,32760,32762,32764,32765,55669,0
16269,938,32730,32857,32760,32762,32764,32767,55670,0
16270,938,32715,32835,32760,32763,32764,32767,55670,0
16271,943,32714,32824,32759,32763,32764,32765,55670,0
16272,938,32760,32813,32760,32762,32764,32766,55670,0
16273,938,32727,32835,32759,32763,32765,32765,55670,0
16274,939,32709,32850,32759,32763,32764,32765,55669,0
16275,938,32758,32841,32760,32762,32763,32766,55669,0
16276,942,32756,32835,32760,32763,32764,32765,55669,0
16277,938,32711,32807,32761,32763,32764,32766,55671,0
16278,939,32728,32819,32759,32763,32764,32767,55669,0
16279,943,32742,32836,32760,32762,32764,32767,55669,0
16280,938,32738,32831,32760,32764,32764,32767,55670,0
16281,943,32705,32827,32760,32764,32764,32766,55669,1
16282,938,32741,32789,32759,32763,32764,32766,55669,0
16283,938,32762,32847,32760,32763,32764,32767,55670,0
16284,938,32720,32848,32760,32762,32765,32766,55669,1
16285,939,32729,32820,32760,32763,32764,32765,55670,1
16286,942,32756,32818,32760,32763,32764,32766,55669,0
16287,938,32732,32819,32760,32763,32765,32766,55670,0
16288,939,32709,32827,32760,32763,32764,32766,55670,1
16289,938,32757,32831,32760,32763,32765,32767,55670,3
16290,938,32746,32840,32760,32763,32764,32767,55671,0
16291,943,32721,32802,32760,32765,32765,32766,55670,0
16292,938,32729,32804,32761,32763,32765,32766,55669,0
16293,938,32751,32849,32760,32762,32764,32766,55669,1
16294,938,32730,32826,32760,32763,32765,32766,55670,0
16295,944,32720,32811,32760,32763,32765,32767,55669,0
16296,942,32737,32800,32760,32763,32765,32766,55670,0
16297,938,32755,32815,32760,32764,32764,32766,55669,0
16298,938,32731,32836,32760,32763,32764,32766,55670,0
16299,938,32723,32825,32760,32763,32765,32767,55670,0
16300,939,32753,32823,32760,32762,32765,32767,55668,1
16301,942,32744,32801,32760,32764,32764,32766,55668,0
16302,938,32696,32830,32760,32763,32764,32766,55669,0
16303,938,32747,32852,32760,32763,32764,32767,55669,0
16304,939,32732,32839,32760,32762,32765,32767,55670,1
16305,938,32716,32809,32760,32762,32765,32767,55670,0
16306,942,32707,32811,32760,32763,32765,32766,55669,1
16307,939,32762,32847,32760,32762,32765,32765,55669,1
16308,938,32742,32828,32760,32763,32765,32766,55669,0
16309,938,32714,32815,32761,32763,32764,32766,55669,0
16310,939,32753,32792,32760,32764,32764,32767,55670,1
16311,942,32763,32798,32760,32763,32764,32766,55668,0
16312,938,32724,32832,32760,32763,32764,32766,55670,0
16313,938,32732,32835,32760,32763,32764,32766,55669,0
16314,938,32757,32826,32760,32763,32765,32766,55669,0
16315,938,32727,32798,32760,32763,32764,32766,55670,0
16316,943,32709,32823,32760,32763,32764,32766,55670,0
16317,938,32737,32842,32759,32764,32765,32766,55669,0
16318,938,32765,32848,32759,32763,32764,32767,55670,0
16319,939,32717,32812,32760,32763,32764,32766,55670,0
16320,938,32739,32804,32760,32762,32764,32767,55669,0
16321,942,32764,32836,32761,32764,32765,32766,55668,0
16322,938,32730,32846,32760,32763,32765,32767,55669,1
16323,938,32707,32831,32760,32762,32765,32766,55669,0
16324,939,32741,32804,32760,32764,32764,32765,55670,1
16325,938,32743,32840,32759,32762,32764,32767,55669,1
16326,942,32713,32840,32760,32763,32765,32766,55670,2
16327,938,32724,32821,32760,32763,32764,32766,55670,0
16328,944,32761,32828,32760,32763,32765,32766,55670,1
16329,938,32736,32805,32761,32764,32765,32766,55670,0
16330,938,32690,32830,32761,32763,32764,32767,55670,1
16331,943,32745,32840,32760,32763,32764,32767,55670,0
16332,938,32744,32847,32760,32763,32765,32766,55669,0
16333,939,32712,32834,32760,32763,32765,32767,55670,0
16334,938,32713,32810,32760,32763,32765,32766,55670,0
16335,938,32739,32831,32761,32763,32764,32766,55670,0
16336,942,32745,32858,32760,32762,32765,32766,55670,1
16337,939,32685,32833,32761,32763,32765,32766,55670,0
16338,938,32731,32827,32760,32763,32764,32767,55670,0
16339,938,32738,32813,32760,32763,32763,32766,55669,0
16340,939,32688,32835,32760,32763,32764,32766,55670,0
16341,942,32716,32844,32760,32763,32764,32766,55669,0
16342,938,32744,32840,32759,32762,32765,32766,55669,0
16343,939,32739,32814,32760,32763,32765,32766,55670,0
16344,943,32696,32806,32760,32763,32764,32766,55670,0
16345,938,32740,32832,32761,32764,32763,32766,55669,0
16346,943,32751,32830,32760,32764,32763,32766,55669,0
16347,938,32703,32828,32760,32763,32765,32766,55669,0
16348,938,32711,32801,32761,32764,32764,32767,55670,0
16349,938,32752,32794,32760,32764,32764,32766,55670,0
16350,939,32739,32844,32760,32762,32765,32766,55670,0
16351,942,32702,32842,32760,32763,32764,32766,55670,0
16352,938,32743,32836,32761,32763,32764,32767,55670,0
16353,939,32742,32815,32760,32764,32764,32765,55669,0
16354,938,32713,32834,32761,32763,32765,32766,55669,0
16355,938,32728,32841,32760,32763,32764,32767,55670,0
16356,942,32764,32855,32761,32763,32765,32765,55670,0
16357,939,32752,32824,32759,32763,32764,32766,55669,0
16358,938,32709,32827,32760,32763,32764,32766,55669,1
16359,938,32729,32840,32760,32764,32764,32766,55669,0
16360,938,32758,32850,32761,32763,32765,32768,55669,0
16361,947,32713,32838,32760,32763,32764,32766,55669,0
16362,938,32714,32829,32761,32762,32765,32766,55670,1
16363,938,32741,32812,32759,32762,32764,32766,55670,1
16364,938,32740,32847,32759,32763,32765,32767,55670,0
16365,939,32695,32840,32759,32762,32765,32767,55670,1
16366,942,32752,32845,32761,32763,32765,32766,55671,1
16367,938,32752,32825,32760,32763,32765,32767,55670,0
16368,939,32715,32808,32761,32764,32764,32766,55670,0
16369,938,32704,32838,32760,32764,32765,32766,55670,0
16370,938,32749,32854,32760,32763,32764,32766,55671,0
16371,942,32735,32836,32761,32762,32764,32767,55671,0
16372,938,32689,32793,32760,32764,32765,32766,55670,1
16373,939,32738,32807,32760,32763,32764,32766,55669,0
16374,938,32731,32835,32759,32763,32764,32767,55670,1
16375,938,32721,32843,32760,32764,32764,32767,55671,0
16376,943,32706,32817,32759,32763,32764,32765,55670,0
16377,944,32740,32812,32760,32763,32764,32767,55670,0
16378,943,32746,32796,32759,32763,32764,32766,55671,1
16379,938,32710,32842,32760,32764,32764,32765,55670,0
16380,938,32736,32842,32760,32763,32763,32766,55672,0
16381,943,32752,32821,32760,32763,32764,32767,55670,0
16382,938,32742,32806,32759,32764,32764,32766,55670,0
16383,938,32710,32816,32760,32762,32764,32765,55671,0
16384,939,32747,32840,32760,32764,32765,32765,55670,0
16385,938,32740,32844,32760,32762,32765,32767,55672,0
16386,942,32711,32842,32759,32762,32764,32767,55671,0
16387,939,32717,32806,32760,32764,32764,32766,55671,0
16388,938,32742,32840,32760,32764,32764,32767,55671,0
16389,938,32723,32845,32759,32763,32765,32767,55671,0
16390,938,32691,32832,32760,32764,32765,32766,55670,0
16391,943,32753,32836,32759,32763,32764,32767,55671,0
16392,938,32730,32801,32760,32763,32764,32765,55671,1
16393,938,32705,32853,32760,32763,32765,32766,55670,0
16394,944,32732,32854,32759,32763,32765,32765,55670,0
16395,938,32735,32848,32760,32763,32765,32765,55670,0
16396,942,32738,32809,32760,32763,32764,32766,55671,0
16397,939,32680,32796,32760,32764,32765,32767,55671,0
16398,938,32746,32819,32759,32763,32764,32765,55671,0
16399,938,32748,32834,32759,32763,32765,32767,55671,0
16400,938,32712,32827,32759,32763,32765,32766,55672,7
16401,943,32711,32792,32760,32762,32765,32766,55671,1
16402,938,32726,32793,32760,32763,32764,32766,55672,0
16403,938,32750,32837,32760,32763,32764,32766,55670,0
16404,938,32700,32821,32759,32763,32765,32767,55671,0
16405,939,32755,32825,32761,32763,32764,32767,55670,1
16406,945,32747,32816,32759,32762,32764,32767,55670,1
16407,941,32730,32825,32760,32763,32764,32767,55670,1
16408,938,32698,32828,32759,32763,32765,32767,55670,0
16409,939,32769,32845,32760,32762,32765,32766,55671,0
16410,938,32731,32827,32760,32763,32764,32767,55671,0
16411,942,32694,32806,32760,32763,32764,32766,55670,1
16412,938,32744,32820,32760,32763,32765,32766,55671,0
16413,938,32737,32847,32760,32762,32764,32767,55672,0
16414,939,32716,32834,32760,32763,32765,32766,55671,0
16415,938,32683,32806,32759,32763,32764,32767,55671,1
16416,942,32742,32798,32761,32762,32764,32767,55670,0
16417,939,32739,32828,32760,32763,32765,32767,55671,0
16418,938,32691,32835,32759,32763,32765,32767,55670,0
16419,938,32743,32838,32759,32763,32764,32766,55672,0
16420,938,32746,32803,32760,32762,32764,32767,55670,0
16421,943,32717,32805,32760,32763,32765,32766,55671,0
16422,938,32708,32832,32759,32762,32765,32767,55671,0
16423,938,32756,32828,32760,32763,32764,32767,55671,0
16424,939,32734,32840,32759,32762,32765,32766,55671,0
16425,938,32681,32808,32758,32763,32764,32766,55669,0
16426,942,32719,32820,32760,32763,32765,32767,55670,0
16427,949,32752,32832,32760,32763,32763,32767,55671,0
16428,938,32739,32844,32760,32763,32764,32767,55670,0
16429,938,32698,32823,32761,32763,32765,32766,55670,1
16430,939,32749,32789,32760,32763,32764,32767,55670,0
16431,942,32750,32808,32761,32763,32764,32767,55670,0
16432,938,32702,32835,32760,32762,32765,32767,55670,0
16433,938,32719,32834,32760,32762,32765,32767,55671,0
16434,939,32744,32814,32760,32763,32764,32767,55669,0
16435,938,32723,32803,32760,32763,32765,32766,55671,0
16436,942,32694,32796,32760,32762,32765,32766,55671,0
16437,939,32748,32830,32760,32763,32765,32766,55670,1
16438,938,32738,32824,32760,32762,32765,32767,55669,1
16439,938,32712,32823,32760,32763,32764,32767,55670,0
16440,939,32730,32805,32761,32763,32765,32766,55671,0
16441,942,32746,32817,32760,32762,32765,32766,55670,0
16442,938,32726,32853,32760,32763,32765,32766,55671,0
16443,938,32689,32825,32760,32764,32764,32767,55673,1
16444,938,32738,32797,32760,32763,32765,32766,55671,0
16445,938,32738,32799,32761,32763,32765,32767,55670,0
16446,943,32720,32828,32760,32763,32764,32768,55671,0
16447,938,32730,32829,32760,32763,32764,32766,55671,0
16448,938,32751,32828,32760,32763,32765,32766,55671,1
16449,939,32724,32814,32760,32762,32764,32767,55671,0
16450,938,32687,32816,32760,32763,32765,32765,55671,0
16451,942,32740,32832,32761,32763,32765,32766,55669,0
16452,938,32754,32843,32760,32763,32765,32767,55671,0
16453,938,32700,32819,32760,32763,32765,32766,55671,0
16454,939,32720,32792,32759,32763,32765,32767,55670,0
16455,938,32752,32823,32759,32763,32764,32767,55671,0
16456,942,32719,32848,32760,32763,32764,32766,55670,1
16457,939,32707,32841,32761,32763,32764,32766,55671,0
16458,938,32759,32820,32760,32763,32765,32765,55671,0
16459,938,32730,32805,32759,32762,32764,32766,55670,0
16460,942,32693,32830,32759,32763,32765,32765,55670,0
16461,942,32711,32839,32760,32763,32765,32766,55670,1
16462,938,32749,32836,32759,32763,32764,32767,55670,0
16463,939,32740,32828,32760,32763,32764,32766,55671,0
16464,938,32684,32798,32760,32764,32764,32766,55672,0
16465,938,32760,32855,32760,32762,32765,32767,55671,0
16466,943,32742,32835,32760,32763,32765,32766,55672,0
16467,938,32712,32845,32759,32764,32764,32766,55672,0
16468,938,32714,32807,32759,32762,32765,32767,55671,0
16469,938,32751,32821,32759,32763,32764,32767,55671,0
16470,939,32734,32846,32760,32763,32765,32766,55671,1
16471,956,32713,32833,32760,32763,32764,32766,55669,0
16472,941,32693,32835,32761,32763,32765,32766,55671,0
16473,938,32746,32813,32760,32762,32765,32766,55671,0
16474,939,32729,32792,32759,32762,32765,32767,55671,0
16475,938,32686,32818,32760,32763,32765,32765,55671,0
16476,942,32732,32831,32760,32765,32764,32768,55671,1
16477,938,32747,32843,32759,32762,32764,32767,55671,0
16478,938,32716,32804,32760,32762,32765,32767,55671,0
16479,939,32705,32791,32760,32762,32766,32765,55671,1
16480,938,32735,32840,32759,32763,32764,32766,55671,0
16481,942,32740,32845,32760,32763,32765,32765,55671,2
16482,938,32698,32824,32761,32762,32764,32765,55671,0
16483,938,32742,32795,32760,32764,32764,32766,55672,0
16484,939,32740,32829,32760,32763,32765,32766,55672,0
16485,938,32705,32851,32760,32763,32765,32766,55672,0
16486,939,32719,32833,32759,32763,32765,32765,55671,0
16487,942,32763,32845,32760,32762,32764,32766,55671,0
16488,938,32723,32800,32760,32763,32765,32766,55670,0
16489,938,32688,32828,32760,32763,32764,32767,55671,0
16490,938,32743,32839,32760,32763,32765,32766,55670,0
16491,943,32740,32841,32760,32763,32764,32767,55670,0
16492,938,32708,32817,32759,32764,32764,32766,55670,0
16493,944,32717,32803,32760,32763,32764,32766,55671,0
16494,938,32746,32825,32760,32762,32764,32767,55671,0
16495,938,32727,32851,32760,32763,32765,32766,55672,2
16496,942,32690,32832,32760,32763,32764,32766,55671,1
16497,939,32744,32829,32760,32763,32764,32766,55671,0
16498,938,32748,32800,32760,32762,32765,32766,55672,1
16499,938,32707,32831,32760,32763,32764,32768,55674,0
16500,938,32702,32831,32760,32762,32764,32765,55671,0
16501,943,32753,32837,32760,32763,32764,32766,55672,0
16502,938,32726,32822,32760,32764,32765,32766,55671,0
16503,938,32695,32811,32760,32763,32764,32766,55672,0
16504,939,32743,32831,32759,32763,32763,32766,55671,0
16505,938,32742,32834,32761,32763,32764,32766,55671,0
16506,942,32702,32826,32760,32763,32765,32767,55672,1
16507,938,32720,32816,32761,32763,32765,32767,55671,0
16508,938,32743,32827,32760,32763,32764,32766,55671,1
16509,939,32715,32834,32760,32763,32765,32767,55671,0
16510,943,32692,32850,32759,32763,32765,32767,55672,0
16511,942,32724,32821,32760,32763,32764,32767,55670,0
16512,939,32751,32816,32760,32763,32764,32765,55670,0
16513,938,32721,32815,32760,32763,32765,32767,55671,0
16514,938,32720,32836,32759,32762,32764,32767,55670,0
16515,938,32740,32832,32760,32764,32764,32766,55671,1
16516,943,32735,32834,32759,32764,32763,32766,55672,0
16517,938,32698,32787,32758,32762,32764,32767,55670,0
16518,938,32742,32819,32759,32763,32764,32766,55669,1
16519,939,32745,32832,32760,32763,32764,32766,55671,1
16520,938,32703,32837,32760,32763,32765,32767,55672,0
16521,942,32691,32794,32760,32763,32763,32767,55671,0
16522,938,32727,32799,32759,32763,32765,32767,55671,0
16523,939,32732,32838,32760,32762,32764,32767,55672,1
16524,938,32686,32817,32760,32763,32764,32767,55671,1
16525,938,32726,32826,32761,32763,32765,32766,55672,1
16526,948,32723,32797,32760,32762,32764,32766,55671,0
16527,938,32715,32807,32760,32762,32764,32766,55671,0
16528,938,32689,32821,32760,32762,32764,32766,55671,0
16529,938,32757,32839,32761,32763,32765,32767,55671,1
16530,939,32716,32826,32760,32763,32765,32766,55669,0
16531,941,32696,32802,32759,32762,32765,32766,55672,0
16532,939,32742,32798,32759,32763,32764,32766,55671,0
16533,938,32736,32824,32760,32763,32764,32767,55671,0
16534,938,32719,32834,32760,32763,32764,32766,55672,0
16535,938,32716,32821,32760,32764,32764,32765,55672,0
16536,943,32740,32806,32759,32764,32765,32766,55671,0
16537,938,32745,32827,32760,32763,32764,32767,55672,0
16538,938,32693,32834,32759,32762,32764,32767,55672,0
16539,938,32745,32835,32759,32763,32763,32767,55671,0
16540,939,32749,32823,32759,32763,32765,32767,55671,0
16541,939,32705,32805,32761,32762,32766,32766,55672,0
16542,941,32698,32830,32760,32763,32765,32766,55672,0
16543,938,32751,32839,32759,32762,32765,32767,55672,1
16544,938,32735,32833,32760,32763,32766,32766,55672,0
16545,939,32685,32805,32759,32763,32764,32766,55672,0
16546,942,32719,32790,32760,32763,32764,32766,55672,0
16547,938,32741,32837,32760,32762,32764,32766,55672,0
16548,938,32726,32829,32761,32764,32765,32766,55671,0
16549,939,32717,32804,32759,32762,32764,32767,55671,0
16550,938,32735,32791,32760,32762,32764,32766,55671,0
16551,939,32728,32826,32760,32763,32764,32766,55672,1
16552,942,32680,32838,32759,32762,32764,32767,55673,0
16553,938,32739,32827,32760,32763,32766,32767,55670,0
16554,938,32737,32831,32760,32763,32765,32765,55671,0
16555,938,32710,32803,32760,32764,32764,32768,55672,0
16556,943,32702,32817,32759,32764,32765,32766,55670,1
16557,938,32742,32843,32760,32763,32764,32766,55672,0
16558,938,32737,32841,32761,32763,32764,32766,55670,0
16559,943,32694,32808,32760,32763,32764,32766,55672,0
16560,943,32723,32789,32760,32762,32765,32766,55676,0
16561,942,32751,32816,32760,32763,32765,32765,55672,0
16562,938,32733,32831,32760,32763,32764,32766,55672,0
16563,939,32683,32832,32760,32764,32763,32766,55671,0
16564,938,32727,32810,32760,32763,32764,32766,55671,0
16565,938,32737,32817,32760,32764,32764,32766,55671,0
16566,942,32683,32841,32759,32763,32764,32766,55670,0
16567,939,32738,32833,32760,32763,32764,32767,55671,0
16568,938,32750,32822,32760,32763,32765,32766,55672,0
16569,938,32721,32800,32759,32763,32765,32766,55671,0
16570,938,32704,32819,32760,32764,32765,32766,55672,0
16571,943,32745,32826,32759,32763,32764,32767,55673,0
16572,938,32741,32861,32760,32764,32764,32767,55672,0
16573,938,32701,32838,32760,32763,32765,32766,55671,0
16574,939,32732,32800,32760,32764,32766,32767,55672,0
16575,938,32753,32815,32760,32763,32765,32767,55672,1
16576,942,32728,32837,32759,32763,32764,32766,55672,0
16577,938,32718,32836,32760,32763,32765,32767,55672,0
16578,938,32729,32815,32759,32762,32765,32766,55672,1
16579,938,32743,32796,32760,32762,32764,32766,55671,0
16580,939,32697,32828,32759,32762,32764,32767,55671,0
16581,942,32728,32835,32759,32763,32765,32767,55672,0
16582,938,32753,32834,32760,32763,32765,32767,55672,5
16583,939,32734,32814,32760,32762,32765,32766,55672,0
16584,938,32709,32799,32760,32762,32765,32767,55672,0
16585,938,32757,32842,32760,32762,32763,32766,55672,0
16586,942,32738,32832,32761,32763,32764,32767,55671,0
16587,938,32708,32831,32759,32763,32764,32766,55673,0
16588,938,32743,32802,32760,32763,32765,32767,55671,0
16589,939,32748,32817,32760,32763,32764,32767,55673,0
16590,938,32710,32847,32760,32763,32764,32766,55672,0
16591,942,32703,32827,32760,32763,32764,32767,55672,0
16592,944,32733,32826,32760,32762,32765,32766,55672,0
16593,943,32742,32810,32759,32763,32764,32766,55672,0
16594,938,32691,32819,32760,32762,32764,32766,55673,0
16595,939,32723,32839,32760,32763,32765,32767,55672,1
16596,942,32746,32850,32760,32763,32764,32766,55672,0
16597,938,32726,32841,32760,32763,32765,32766,55672,0
16598,939,32691,32805,32760,32763,32764,32766,55672,1
16599,938,32750,32815,32760,32763,32764,32766,55672,0
16600,938,32742,32843,32760,32763,32765,32765,55672,0
16601,943,32694,32850,32760,32763,32764,32766,55672,0
16602,938,32715,32815,32760,32763,32765,32766,55671,0
16603,938,32747,32819,32760,32763,32764,32766,55671,1
16604,938,32716,32819,32761,32764,32764,32767,55671,1
16605,939,32698,32834,32760,32763,32765,32767,55672,0
16606,942,32753,32827,32759,32763,32765,32766,55672,0
16607,938,32745,32819,32759,32763,32765,32765,55672,1
16608,939,32700,32800,32761,32763,32764,32767,55672,0
16609,943,32709,32831,32759,32763,32765,32767,55670,0
16610,938,32737,32849,32761,32763,32765,32766,55672,1
16611,943,32748,32843,32760,32763,32764,32767,55671,0
16612,938,32701,32811,32760,32764,32764,32767,55672,0
16613,938,32737,32775,32760,32763,32765,32766,55672,0
16614,938,32746,32832,32760,32762,32765,32765,55672,0
16615,939,32710,32838,32760,32763,32764,32766,55670,0
16616,942,32699,32829,32760,32763,32764,32766,55672,1
16617,938,32740,32803,32759,32763,32763,32766,55672,0
16618,939,32730,32820,32760,32762,32764,32766,55672,1
16619,938,32703,32832,32759,32763,32764,32767,55672,0
16620,938,32736,32836,32760,32763,32764,32767,55671,0
16621,942,32742,32820,32760,32762,32764,32766,55678,1
16622,939,32716,32807,32760,32764,32765,32766,55671,0
16623,938,32708,32829,32760,32763,32765,32767,55672,0
16624,938,32727,32825,32759,32763,32765,32766,55672,1
16625,944,32723,32854,32760,32763,32764,32767,55671,1
16626,942,32700,32833,32760,32763,32765,32766,55672,0
16627,938,32725,32798,32760,32763,32763,32767,55672,0
16628,939,32740,32822,32760,32763,32764,32767,55671,0
16629,938,32712,32847,32760,32763,32764,32767,55672,0
16630,938,32721,32838,32759,32763,32763,32766,55671,0
16631,943,32741,32841,32760,32763,32764,32766,55671,0
16632,938,32743,32815,32760,32763,32764,32767,55672,0
16633,938,32688,32846,32760,32763,32765,32767,55671,0
16634,938,32739,32851,32760,32762,32765,32767,55672,0
16635,939,32737,32860,32760,32762,32765,32767,55672,0
16636,942,32717,32821,32761,32763,32765,32767,55672,0
16637,938,32693,32804,32761,32763,32764,32767,55673,0
16638,939,32741,32841,32760,32763,32765,32766,55672,1
16639,938,32745,32844,32759,32762,32765,32766,55672,0
16640,938,32687,32852,32760,32764,32765,32767,55671,0
16641,942,32739,32812,32760,32763,32765,32766,55671,0
16642,938,32737,32827,32759,32763,32764,32767,55673,0
16643,938,32713,32856,32759,32763,32764,32767,55672,0
16644,938,32716,32833,32759,32763,32764,32766,55671,0
16645,938,32744,32801,32760,32763,32765,32766,55672,1
16646,943,32739,32809,32760,32763,32764,32767,55672,1
16647,938,32682,32824,32760,32764,32764,32767,55673,0
16648,938,32737,32856,32759,32762,32765,32766,55672,1
16649,939,32735,32850,32760,32763,32764,32766,55671,0
16650,938,32713,32843,32760,32764,32765,32766,55673,0
16651,943,32718,32815,32760,32762,32764,32766,55671,0
16652,938,32747,32846,32760,32763,32764,32767,55673,0
16653,938,32736,32872,32760,32763,32764,32765,55673,0
16654,938,32711,32831,32761,32763,32764,32766,55671,0
16655,939,32744,32805,32761,32763,32765,32766,55674,0
16656,942,32742,32822,32759,32763,32764,32767,55674,0
16657,938,32712,32853,32760,32764,32764,32766,55672,1
16658,944,32716,32837,32759,32762,32764,32766,55672,0
16659,938,32745,32846,32760,32763,32764,32767,55671,0
16660,938,32736,32808,32760,32764,32765,32767,55672,0
16661,943,32694,32823,32760,32763,32765,32767,55672,3
16662,938,32757,32831,32759,32762,32765,32767,55672,0
16663,938,32740,32851,32760,32763,32764,32766,55673,1
16664,938,32702,32832,32760,32763,32764,32767,55670,0
16665,939,32709,32808,32760,32762,32763,32767,55672,0
16666,942,32743,32824,32760,32763,32765,32767,55674,0
16667,938,32732,32852,32760,32762,32765,32767,55673,0
16668,938,32686,32854,32760,32762,32765,32765,55674,0
16669,939,32726,32828,32759,32763,32764,32766,55673,0
16670,938,32735,32822,32759,32763,32764,32767,55674,0
16671,942,32710,32836,32760,32763,32764,32766,55673,0
16672,939,32705,32834,32760,32763,32764,32767,55671,0
16673,938,32741,32832,32760,32762,32763,32766,55673,0
16674,938,32721,32829,32760,32762,32765,32766,55674,0
16675,938,32676,32812,32760,32764,32764,32767,55673,0
16676,942,32726,32839,32759,32762,32765,32766,55674,0
16677,939,32730,32850,32760,32763,32765,32767,55673,1
16678,938,32703,32830,32761,32761,32765,32766,55672,0
16679,938,32711,32811,32760,32763,32764,32768,55673,0
16680,938,32732,32833,32759,32764,32765,32768,55673,0
16681,943,32736,32836,32759,32763,32764,32767,55671,1
16682,938,32692,32852,32759,32763,32764,32768,55673,0
16683,939,32726,32823,32759,32763,32765,32766,55672,0
16684,938,32739,32798,32761,32763,32764,32766,55673,0
16685,938,32715,32832,32759,32763,32764,32766,55674,0
16686,943,32720,32834,32760,32763,32764,32767,55671,0
16687,938,32776,32836,32759,32763,32766,32767,55674,0
16688,938,32717,32815,32760,32764,32764,32767,55673,0
16689,938,32687,32787,32760,32763,32765,32767,55672,0
16690,939,32732,32841,32761,32763,32765,32766,55674,1
16691,951,32739,32835,32760,32763,32765,32768,55672,0
16692,938,32730,32849,32760,32763,32765,32767,55673,0
16693,938,32709,32833,32760,32763,32764,32766,55673,0
16694,939,32725,32807,32760,32762,32765,32766,55672,4
16695,938,32740,32833,32759,32763,32763,32767,55673,0
16696,942,32704,32843,32760,32763,32765,32766,55673,0
16697,939,32734,32839,32760,32762,32764,32766,55674,1
16698,938,32747,32815,32759,32764,32766,32767,55673,0
16699,938,32721,32797,32761,32763,32765,32766,55673,0
16700,938,32704,32832,32759,32762,32764,32765,55672,0
16701,943,32730,32856,32760,32762,32764,32767,55679,0
16702,938,32744,32843,32760,32763,32765,32766,55672,0
16703,938,32699,32808,32760,32763,32765,32767,55673,0
16704,939,32724,32835,32760,32763,32764,32766,55674,0
16705,938,32769,32840,32760,32763,32764,32767,55672,0
16706,939,32725,32853,32760,32763,32764,32766,55672,0
16707,942,32720,32822,32760,32763,32765,32767,55672,1
16708,943,32757,32803,32759,32762,32765,32767,55675,0
16709,938,32754,32826,32760,32763,32765,32766,55673,0
16710,938,32690,32835,32760,32764,32765,32766,55672,1
16711,943,32705,32829,32760,32763,32764,32767,55674,0
16712,938,32743,32839,32759,32763,32765,32767,55673,1
16713,938,32739,32821,32760,32762,32764,32766,55673,0
16714,939,32691,32830,32759,32762,32765,32767,55673,0
16715,938,32742,32857,32759,32762,32765,32767,55672,0
16716,939,32738,32854,32761,32762,32765,32767,55673,0
16717,942,32721,32851,32759,32763,32765,32766,55674,0
16718,938,32731,32810,32760,32763,32764,32766,55674,1
16719,938,32757,32852,32760,32763,32765,32766,55673,0
16720,938,32723,32845,32760,32764,32764,32765,55674,0
16721,943,32701,32857,32759,32763,32765,32765,55674,0
16722,938,32738,32809,32759,32763,32765,32766,55674,0
16723,938,32751,32815,32760,32763,32764,32766,55673,0
16724,943,32714,32842,32759,32763,32765,32766,55672,0
16725,938,32721,32824,32760,32763,32765,32766,55672,0
16726,942,32748,32838,32760,32763,32765,32766,55672,0
16727,939,32741,32824,32759,32763,32764,32766,55672,0
16728,938,32690,32820,32759,32763,32764,32767,55672,0
16729,938,32726,32858,32759,32763,32765,32766,55673,0
16730,938,32749,32843,32760,32764,32765,32766,55677,0
16731,943,32703,32839,32760,32762,32764,32767,55673,0
16732,938,32720,32796,32760,32764,32765,32766,55673,0
16733,938,32739,32823,32760,32763,32764,32767,55674,0
16734,939,32726,32855,32760,32762,32766,32767,55673,0
16735,938,32712,32834,32759,32762,32764,32766,55673,0
16736,942,32756,32834,32760,32763,32764,32766,55673,0
16737,939,32750,32814,32760,32763,32765,32767,55674,0
16738,938,32704,32852,32759,32762,32763,32766,55674,0
16739,938,32728,32852,32760,32763,32765,32765,55673,0
16740,944,32740,32847,32760,32763,32765,32766,55673,1
16741,942,32746,32826,32760,32762,32764,32766,55674,0
16742,938,32700,32809,32760,32763,32763,32767,55674,0
16743,938,32747,32827,32760,32763,32764,32768,55674,1
16744,939,32745,32842,32760,32763,32764,32766,55673,1
16745,938,32723,32837,32759,32763,32765,32766,55674,0
16746,942,32715,32808,32760,32763,32765,32767,55674,0
16747,938,32749,32797,32760,32764,32765,32765,55671,0
16748,938,32747,32825,32760,32762,32764,32766,55673,0
16749,939,32700,32840,32759,32763,32764,32767,55673,0
16750,938,32744,32828,32759,32763,32765,32766,55672,0
16751,942,32737,32810,32760,32763,32765,32766,55673,0
16752,938,32699,32818,32760,32764,32763,32766,55672,0
16753,939,32706,32829,32759,32764,32765,32766,55673,0
16754,938,32738,32839,32761,32763,32764,32767,55674,0
16755,938,32729,32828,32760,32763,32765,32765,55672,1
16756,943,32699,32804,32759,32763,32764,32767,55673,0
16757,949,32736,32813,32759,32763,32764,32766,55673,1
16758,938,32758,32832,32760,32763,32765,32767,55674,0
16759,938,32733,32855,32760,32762,32765,32768,55673,0
16760,938,32701,32833,32760,32763,32765,32766,55675,0
16761,943,32744,32820,32760,32763,32763,32767,55674,0
16762,938,32752,32816,32758,32763,32764,32765,55673,0
16763,938,32711,32840,32759,32763,32764,32766,55672,0
16764,939,32732,32845,32760,32763,32765,32767,55674,2
16765,938,32749,32826,32759,32763,32764,32766,55673,0
16766,942,32732,32814,32760,32763,32765,32766,55674,0
16767,938,32668,32822,32760,32763,32764,32766,55674,0
16768,939,32743,32847,32761,32763,32765,32767,55673,1
16769,938,32745,32854,32760,32763,32765,32766,55673,0
16770,938,32678,32812,32759,32763,32764,32767,55673,0
16771,942,32713,32793,32760,32763,32764,32766,55673,0
16772,938,32741,32837,32760,32763,32766,32766,55674,0
16773,939,32724,32832,32759,32763,32765,32766,55674,0
16774,943,32692,32839,32760,32762,32764,32767,55675,0
16775,938,32745,32803,32760,32763,32764,32766,55673,0
16776,943,32744,32806,32761,32763,32764,32766,55674,0
16777,938,32707,32850,32759,32763,32765,32767,55673,0
16778,938,32716,32841,32759,32762,32765,32765,55674,0
16779,939,32743,32846,32760,32763,32765,32766,55674,1
16780,938,32725,32815,32760,32763,32765,32766,55674,0
16781,942,32690,32813,32760,32762,32765,32766,55674,1
16782,938,32743,32848,32761,32763,32764,32765,55674,1
16783,939,32736,32847,32760,32762,32764,32767,55673,0
16784,938,32699,32843,32760,32763,32764,32767,55675,0
16785,938,32722,32784,32760,32762,32764,32767,55675,0
16786,943,32741,32814,32760,32763,32765,32766,55674,0
16787,938,32733,32831,32759,32763,32764,32767,55673,0
16788,938,32681,32830,32760,32762,32764,32766,55673,0
16789,938,32739,32816,32760,32763,32764,32765,55674,0
16790,944,32740,32808,32760,32763,32764,32767,55674,0
16791,942,32714,32825,32760,32762,32765,32766,55674,0
16792,938,32703,32832,32760,32762,32765,32767,55674,0
16793,938,32748,32847,32760,32763,32764,32766,55674,0
16794,938,32745,32823,32760,32763,32765,32766,55674,2
16795,939,32675,32787,32759,32763,32765,32766,55676,0
16796,942,32720,32830,32760,32763,32764,32766,55673,0
16797,938,32732,32857,32759,32762,32764,32766,55674,0
16798,938,32696,32834,32760,32763,32764,32767,55674,0
16799,939,32707,32820,32760,32762,32764,32767,55674,0
16800,938,32743,32809,32760,32763,32764,32766,55674,0
16801,938,32740,32854,32759,32762,32764,32767,55673,0
16802,942,32685,32834,32760,32763,32765,32766,55674,0
16803,938,32732,32832,32760,32763,32764,32767,55674,1
16804,939,32735,32808,32759,32763,32764,32765,55675,0
16805,938,32712,32838,32760,32761,32765,32766,55673,1
16806,942,32703,32838,32759,32764,32764,32767,55674,0
16807,938,32751,32838,32760,32763,32764,32767,55674,0
16808,938,32726,32838,32759,32764,32765,32766,55673,0
16809,938,32669,32784,32760,32764,32763,32766,55673,0
16810,939,32727,32835,32759,32763,32764,32767,55674,0
16811,942,32746,32847,32760,32762,32765,32766,55675,0
16812,938,32693,32844,32760,32764,32765,32767,55675,0
16813,938,32700,32826,32759,32763,32764,32767,55674,1
16814,939,32719,32798,32760,32763,32764,32766,55674,0
16815,938,32702,32834,32760,32763,32765,32766,55674,0
16816,942,32662,32817,32760,32763,32763,32767,55673,0
16817,939,32738,32839,32759,32763,32764,32767,55674,0
16818,938,32724,32813,32760,32763,32764,32767,55674,1
16819,938,32686,32813,32759,32763,32765,32766,55673,0
16820,938,32712,32838,32761,32763,32765,32767,55673,0
16821,943,32730,32840,32760,32763,32765,32767,55674,0
16822,938,32727,32834,32761,32763,32764,32766,55674,0
16823,944,32694,32799,32760,32762,32763,32766,55673,0
16824,938,32731,32812,32760,32762,32764,32766,55674,0
16825,938,32729,32844,32760,32762,32764,32767,55675,0
16826,942,32704,32838,32761,32764,32765,32766,55674,0
16827,938,32705,32829,32760,32764,32764,32766,55673,0
16828,939,32743,32814,32760,32763,32765,32767,55672,0
16829,938,32721,32823,32760,32763,32764,32767,55673,0
16830,938,32691,32851,32760,32763,32765,32767,55674,0
16831,942,32742,32849,32759,32762,32764,32767,55674,0
16832,939,32730,32823,32760,32763,32763,32766,55674,0
16833,938,32714,32794,32760,32764,32765,32766,55674,0
16834,938,32708,32829,32760,32762,32764,32767,55675,0
16835,939,32732,32855,32760,32763,32764,32767,55674,0
16836,942,32721,32844,32760,32763,32764,32767,55673,1
16837,938,32687,32821,32759,32763,32764,32766,55674,0
16838,939,32731,32817,32761,32763,32765,32767,55674,0
16839,943,32726,32842,32760,32763,32765,32766,55674,0
16840,938,32710,32849,32760,32763,32765,32767,55674,1
16841,943,32693,32828,32761,32763,32765,32767,55674,0
16842,938,32751,32829,32760,32763,32764,32766,55674,0
16843,938,32738,32818,32760,32761,32764,32767,55673,0
16844,938,32693,32841,32759,32763,32764,32766,55674,0
16845,939,32741,32835,32759,32762,32764,32766,55675,1
16846,942,32742,32831,32759,32763,32765,32767,55675,2
16847,938,32711,32804,32760,32763,32765,32766,55674,0
16848,939,32714,32803,32760,32762,32764,32766,55675,0
16849,938,32738,32848,32760,32763,32764,32767,55675,0
16850,938,32721,32845,32760,32762,32763,32767,55675,0
16851,942,32698,32830,32759,32762,32764,32766,55674,0
16852,938,32738,32813,32760,32764,32764,32767,55673,0
16853,938,32749,32839,32760,32763,32765,32766,55674,0
16854,939,32723,32845,32760,32763,32765,32767,55675,0
16855,938,32709,32831,32761,32763,32764,32766,55675,1
16856,948,32736,32824,32760,32764,32765,32766,55674,0
16857,938,32745,32829,32760,32764,32765,32768,55674,0
16858,938,32690,32827,32760,32763,32764,32767,55675,0
16859,938,32724,32840,32760,32763,32764,32766,55674,0
16860,938,32743,32846,32759,32763,32765,32767,55673,0
16861,943,32723,32825,32760,32763,32765,32766,55673,0
16862,938,32690,32808,32759,32763,32764,32767,55674,0
16863,938,32732,32838,32759,32763,32764,32767,55675,1
16864,939,32736,32844,32760,32763,32764,32767,55675,0
16865,938,32686,32833,32760,32763,32763,32766,55675,0
16866,942,32730,32815,32759,32762,32764,32766,55673,0
16867,939,32729,32825,32760,32763,32765,32767,55673,1
16868,938,32702,32832,32760,32761,32765,32766,55674,0
16869,938,32698,32838,32759,32763,32764,32767,55674,0
16870,938,32736,32812,32760,32762,32764,32767,55675,1
16871,943,32725,32817,32760,32764,32764,32767,55670,0
16872,944,32700,32803,32759,32763,32764,32766,55674,0
16873,943,32715,32825,32760,32763,32765,32767,55674,0
16874,938,32737,32845,32759,32764,32764,32767,55674,1
16875,939,32725,32831,32760,32763,32765,32767,55673,0
16876,942,32708,32810,32761,32763,32764,32767,55675,0
16877,938,32734,32819,32760,32763,32764,32766,55675,1
16878,939,32745,32846,32760,32763,32765,32767,55673,0
16879,938,32725,32844,32761,32763,32764,32766,55673,1
16880,938,32723,32828,32761,32764,32764,32767,55675,0
16881,942,32727,32789,32760,32763,32764,32766,55674,0
16882,938,32739,32826,32759,32763,32764,32767,55674,0
16883,939,32700,32853,32760,32763,32765,32768,55674,0
16884,938,32759,32829,32760,32763,32765,32766,55674,0
16885,938,32755,32816,32761,32763,32765,32767,55674,1
16886,942,32708,32801,32760,32763,32764,32767,55674,0
16887,939,32715,32836,32761,32763,32765,32766,55674,1
16888,938,32752,32841,32760,32762,32765,32767,55674,1
16889,948,32748,32850,32760,32763,32764,32766,55674,1
16890,938,32693,32823,32760,32764,32765,32766,55675,0
16891,942,32725,32803,32760,32763,32765,32766,55674,0
16892,939,32747,32830,32759,32764,32766,32766,55674,1
16893,938,32732,32851,32760,32761,32765,32766,55674,0
16894,938,32702,32831,32760,32762,32764,32767,55675,1
16895,938,32740,32824,32760,32763,32765,32767,55674,1
16896,943,32742,32822,32761,32763,32765,32767,55674,0
16897,938,32707,32853,32759,32764,32764,32766,55676,1
16898,938,32728,32835,32760,32763,32764,32767,55674,0
16899,939,32751,32828,32760,32764,32764,32767,55674,1
16900,938,32715,32823,32760,32764,32765,32766,55674,0
16901,942,32685,32815,32760,32763,32764,32766,55674,1
16902,939,32743,32851,32760,32763,32764,32767,55675,1
16903,938,32750,32845,32760,32763,32764,32766,55674,0
16904,938,32705,32852,32760,32762,32765,32766,55675,1
16905,938,32743,32806,32760,32763,32764,32767,55675,1
16906,942,32753,32818,32759,32762,32764,32767,55674,0
16907,938,32723,32860,32759,32763,32764,32766,55675,0
16908,938,32695,32854,32760,32763,32765,32767,55675,0
16909,938,32739,32820,32761,32763,32764,32767,55674,0
16910,939,32738,32814,32760,32763,32765,32766,55674,1
16911,942,32699,32830,32760,32763,32764,32766,55675,1
16912,938,32741,32846,32759,32763,32764,32767,55675,0
16913,939,32740,32844,32760,32763,32765,32767,55675,0
16914,938,32718,32829,32760,32763,32765,32766,55674,1
16915,938,32713,32808,32759,32763,32764,32765,55674,0
16916,939,32746,32843,32760,32763,32764,32767,55674,1
16917,942,32716,32835,32760,32762,32763,32766,55675,0
16918,938,32682,32829,32759,32763,32765,32767,55674,0
16919,938,32748,32803,32759,32762,32764,32767,55675,0
16920,939,32737,32834,32760,32763,32765,32766,55675,0
16921,942,32711,32859,32759,32763,32764,32768,55675,0
16922,944,32692,32825,32760,32762,32764,32767,55675,0
16923,943,32733,32840,32760,32763,32765,32766,55673,0
16924,938,32731,32810,32761,32763,32765,32767,55674,0
16925,939,32709,32823,32760,32763,32765,32766,55674,0
16926,942,32714,32834,32760,32763,32765,32766,55674,0
16927,938,32747,32844,32761,32762,32765,32766,55674,0
16928,939,32731,32834,32760,32762,32765,32767,55674,0
16929,938,32685,32816,32761,32763,32765,32767,55674,0
16930,938,32738,32810,32760,32763,32764,32766,55674,0
16931,942,32726,32845,32761,32763,32765,32765,55675,0
16932,939,32707,32850,32761,32763,32764,32765,55674,0
16933,938,32716,32833,32761,32764,32764,32767,55673,0
16934,938,32748,32824,32760,32762,32765,32765,55674,0
16935,938,32739,32848,32760,32763,32764,32766,55674,0
16936,943,32705,32847,32760,32762,32764,32767,55674,1
16937,938,32731,32840,32760,32762,32765,32766,55674,0
16938,938,32746,32830,32760,32763,32764,32766,55675,0
16939,938,32703,32820,32760,32764,32764,32767,55674,0
16940,938,32718,32837,32760,32763,32765,32766,55675,0
16941,943,32744,32846,32761,32763,32764,32766,55675,0
16942,938,32724,32838,32761,32764,32765,32767,55673,0
16943,938,32697,32810,32760,32763,32765,32766,55675,0
16944,938,32729,32834,32760,32763,32764,32767,55675,0
16945,939,32726,32849,32760,32763,32765,32767,55675,0
16946,942,32701,32841,32760,32763,32764,32766,55675,0
16947,938,32721,32830,32761,32762,32764,32767,55676,0
16948,939,32748,32806,32759,32764,32765,32767,55673,0
16949,938,32728,32829,32761,32763,32765,32765,55675,1
16950,938,32685,32846,32759,32763,32765,32767,55674,0
16951,942,32745,32850,32759,32762,32765,32766,55675,0
16952,939,32740,32830,32760,32762,32765,32767,55676,0
16953,938,32696,32809,32760,32763,32766,32766,55674,0
16954,938,32737,32832,32761,32762,32765,32768,55674,0
16955,944,32749,32839,32760,32764,32763,32767,55677,0
16956,942,32731,32849,32760,32762,32766,32767,55676,0
16957,938,32692,32825,32761,32763,32764,32767,55675,0
16958,939,32730,32812,32760,32763,32764,32766,55675,0
16959,938,32734,32840,32760,32762,32764,32766,55675,0
16960,938,32707,32837,32760,32762,32764,32767,55675,1
16961,942,32723,32835,32760,32763,32765,32765,55675,0
16962,938,32735,32819,32760,32762,32765,32766,55675,0
16963,938,32728,32818,32760,32764,32764,32766,55675,0
16964,939,32686,32836,32761,32764,32765,32767,55675,0
16965,938,32748,32841,32760,32763,32765,32766,55675,0
16966,942,32743,32827,32759,32763,32764,32767,55676,0
16967,939,32695,32808,32759,32764,32764,32766,55675,0
16968,938,32722,32815,32759,32764,32765,32766,55675,0
16969,938,32737,32844,32760,32762,32765,32766,55675,0
16970,938,32728,32828,32760,32762,32764,32767,55675,0
16971,943,32691,32819,32760,32763,32765,32767,55675,0
16972,938,32745,32795,32761,32763,32764,32766,55676,0
16973,938,32736,32827,32760,32763,32765,32766,55676,1
16974,938,32707,32834,32759,32763,32765,32768,55675,0
16975,939,32737,32839,32760,32763,32765,32766,55675,0
16976,942,32747,32820,32760,32763,32764,32767,55676,0
16977,938,32734,32808,32760,32763,32765,32766,55674,1
16978,939,32707,32832,32760,32762,32764,32767,55675,1
16979,938,32743,32833,32760,32762,32765,32767,55676,0
16980,938,32729,32835,32761,32763,32763,32767,55675,0
16981,943,32697,32795,32760,32763,32766,32766,55675,1
16982,938,32727,32807,32760,32763,32764,32766,55676,1
16983,938,32743,32839,32761,32764,32764,32767,55675,0
16984,938,32721,32856,32760,32763,32764,32767,55676,0
16985,939,32700,32821,32760,32763,32765,32766,55675,0
16986,942,32738,32802,32760,32764,32764,32766,55675,0
16987,938,32741,32819,32761,32763,32765,32768,55675,0
16988,944,32707,32838,32760,32762,32764,32767,55676,1
16989,938,32726,32844,32760,32763,32763,32766,55673,0
16990,938,32744,32823,32760,32763,32765,32766,55675,0
16991,943,32736,32821,32759,32762,32764,32766,55675,0
16992,938,32687,32828,32760,32762,32764,32767,55675,0
16993,938,32753,32834,32760,32762,32764,32767,55674,0
16994,938,32742,32849,32760,32763,32764,32767,55675,0
16995,939,32708,32823,32759,32763,32765,32766,55674,0
16996,942,32702,32785,32762,32765,32764,32766,55676,1
16997,938,32750,32829,32759,32763,32764,32767,55675,0
16998,939,32740,32868,32760,32764,32764,32767,55676,0
16999,938,32695,32826,32760,32763,32764,32765,55675,5
17000,938,32740,32812,32759,32763,32764,32767,55675,0
17001,943,32739,32816,32760,32762,32764,32767,55675,0
17002,938,32716,32852,32759,32763,32764,32766,55677,0
17003,938,32725,32845,32760,32762,32764,32766,55675,0
17004,944,32738,32845,32759,32763,32764,32766,55676,0
17005,938,32730,32825,32760,32763,32765,32767,55675,0
17006,942,32689,32795,32760,32762,32764,32766,55675,1
17007,939,32740,32831,32760,32764,32764,32767,55676,0
17008,938,32739,32824,32759,32763,32764,32766,55674,1
17009,938,32719,32837,32760,32763,32765,32767,55678,0
17010,938,32705,32807,32760,32763,32765,32766,55676,0
17011,942,32734,32811,32759,32762,32765,32767,55675,1
17012,939,32737,32844,32761,32763,32764,32766,55676,0
17013,938,32681,32841,32760,32763,32764,32766,55675,0
17014,938,32743,32811,32760,32763,32763,32766,55676,1
17015,938,32732,32804,32760,32763,32763,32767,55676,0
17016,943,32707,32834,32760,32763,32764,32767,55675,0
17017,938,32704,32846,32760,32763,32764,32767,55676,0
17018,938,32753,32839,32759,32764,32764,32766,55676,0
17019,938,32734,32837,32759,32763,32766,32766,55677,0
17020,939,32699,32807,32760,32763,32764,32767,55677,1
17021,947,32744,32834,32759,32763,32764,32767,55675,0
17022,943,32746,32843,32760,32764,32765,32766,55675,0
17023,938,32740,32852,32759,32764,32765,32766,55675,0
17024,939,32685,32820,32760,32762,32764,32767,55676,0
17025,938,32752,32811,32760,32762,32765,32766,55675,0
17026,942,32757,32834,32760,32763,32764,32767,55675,1
17027,938,32711,32841,32760,32763,32764,32767,55676,0
17028,938,32723,32841,32759,32763,32765,32766,55676,0
17029,938,32754,32827,32761,32763,32765,32765,55675,0
17030,939,32729,32817,32760,32762,32765,32765,55676,0
17031,942,32704,32835,32760,32763,32763,32766,55676,0
17032,938,32741,32840,32760,32762,32764,32765,55676,0
17033,939,32742,32833,32760,32763,32765,32766,55675,1
17034,938,32690,32795,32760,32763,32765,32766,55675,0
17035,938,32724,32811,32760,32763,32764,32767,55676,0
17036,943,32742,32835,32760,32763,32765,32766,55676,1
17037,938,32737,32840,32760,32764,32765,32766,55676,0
17038,938,32694,32811,32761,32764,32764,32767,55677,0
17039,938,32735,32795,32760,32762,32764,32766,55675,0
17040,938,32735,32835,32760,32762,32765,32767,55676,3
17041,942,32700,32839,32760,32763,32765,32767,55676,1
17042,939,32734,32827,32759,32763,32765,32768,55675,1
17043,938,32738,32821,32761,32762,32765,32766,55675,0
17044,938,32718,32806,32760,32764,32764,32767,55675,1
17045,938,32698,32831,32761,32763,32764,32766,55676,0
17046,943,32746,32841,32760,32762,32764,32766,55676,0
17047,938,32750,32858,32761,32762,32764,32766,55675,0
17048,938,32703,32818,32760,32763,32765,32767,55676,1
17049,939,32743,32834,32760,32762,32764,32766,55674,0
17050,938,32753,32843,32760,32764,32764,32766,55675,0
17051,942,32736,32846,32760,32764,32765,32766,55675,0
17052,939,32704,32821,32760,32763,32764,32767,55676,0
17053,938,32738,32807,32760,32763,32765,32765,55675,0
17054,938,32741,32826,32759,32762,32766,32766,55676,0
17055,938,32694,32848,32760,32764,32765,32766,55676,0
17056,942,32743,32829,32760,32763,32765,32766,55676,0
17057,939,32745,32818,32760,32762,32764,32765,55677,0
17058,938,32717,32814,32760,32764,32764,32766,55675,1
17059,938,32712,32831,32759,32763,32764,32766,55675,1
17060,938,32742,32852,32760,32763,32764,32766,55677,0
17061,943,32721,32836,32759,32763,32765,32766,55677,0
17062,938,32678,32803,32760,32763,32765,32767,55676,2
17063,938,32738,32799,32760,32762,32764,32767,55677,0
17064,939,32747,32849,32760,32763,32764,32767,55676,0
17065,938,32721,32839,32760,32763,32763,32767,55676,0
17066,942,32714,32820,32760,32763,32765,32767,55676,1
17067,938,32754,32795,32760,32763,32764,32766,55677,1
17068,938,32736,32819,32760,32763,32765,32767,55676,1
17069,939,32698,32833,32760,32763,32765,32767,55676,0
17070,947,32740,32836,32759,32763,32765,32766,55676,0
17071,942,32741,32828,32760,32762,32764,32767,55676,1
17072,938,32735,32809,32760,32764,32764,32767,55676,1
17073,939,32689,32809,32759,32763,32764,32766,55676,0
17074,938,32734,32844,32761,32763,32764,32767,55675,0
17075,938,32731,32838,32760,32763,32765,32766,55676,1
17076,943,32709,32830,32759,32762,32764,32768,55676,0
17077,938,32726,32795,32760,32763,32765,32767,55676,0
17078,938,32747,32818,32760,32763,32765,32767,55675,0
17079,938,32724,32856,32760,32763,32765,32766,55676,0
17080,939,32699,32829,32760,32763,32764,32766,55677,0
17081,939,32722,32812,32761,32763,32764,32767,55676,0
17082,941,32752,32804,32759,32762,32765,32767,55676,1
17083,938,32690,32840,32760,32763,32765,32766,55676,1
17084,939,32737,32842,32760,32763,32764,32767,55675,1
17085,938,32762,32831,32760,32763,32763,32766,55676,1
17086,942,32727,32816,32760,32763,32764,32766,55673,0
17087,938,32700,32800,32760,32763,32764,32766,55677,0
17088,938,32746,32840,32760,32762,32764,32764,55676,0
17089,939,32735,32844,32760,32763,32765,32767,55676,0
17090,938,32704,32826,32759,32763,32765,32766,55675,0
17091,942,32726,32781,32759,32762,32765,32766,55677,0
17092,938,32752,32817,32760,32763,32765,32767,55676,0
17093,938,32732,32854,32760,32764,32764,32766,55677,0
17094,939,32712,32831,32760,32763,32765,32767,55676,1
17095,938,32747,32823,32760,32763,32764,32767,55676,1
17096,942,32727,32809,32761,32763,32764,32766,55676,0
17097,939,32708,32839,32760,32764,32764,32767,55676,0
17098,938,32760,32833,32760,32763,32764,32767,55676,0
17099,938,32733,32841,32760,32762,32763,32766,55676,0
17100,938,32721,32819,32760,32764,32764,32767,55676,0
17101,943,32713,32802,32759,32763,32765,32767,55676,1
17102,938,32739,32854,32759,32763,32764,32767,55676,0
17103,944,32757,32850,32761,32763,32764,32767,55676,0
17104,938,32715,32841,32760,32764,32765,32767,55677,1
17105,938,32736,32820,32761,32763,32765,32767,55677,1
17106,942,32743,32800,32760,32763,32764,32767,55676,0
17107,939,32742,32848,32759,32763,32764,32766,55678,0
17108,938,32697,32835,32760,32763,32764,32767,55677,0
17109,938,32741,32839,32760,32763,32763,32766,55676,0
17110,938,32721,32823,32760,32762,32765,32766,55676,0
17111,943,32690,32821,32759,32764,32765,32766,55676,1
17112,938,32726,32840,32760,32762,32765,32767,55677,0
17113,938,32752,32857,32760,32763,32765,32767,55678,0
17114,939,32725,32824,32759,32762,32764,32766,55678,0
17115,938,32683,32792,32761,32763,32764,32766,55676,1
17116,942,32734,32823,32760,32762,32764,32767,55677,0
17117,938,32731,32838,32760,32763,32764,32767,55676,1
17118,939,32698,32845,32760,32763,32764,32766,55676,0
17119,938,32731,32814,32760,32764,32765,32767,55677,0
17120,938,32726,32817,32760,32763,32764,32766,55676,1
17121,941,32702,32844,32760,32764,32765,32766,55675,0
17122,939,32697,32835,32760,32763,32764,32767,55677,0
17123,938,32730,32844,32761,32763,32764,32767,55677,1
17124,938,32738,32794,32759,32764,32765,32766,55676,0
17125,939,32680,32803,32760,32762,32764,32766,55676,1
17126,942,32740,32858,32761,32763,32765,32766,55676,0
17127,938,32747,32859,32760,32763,32765,32765,55675,0
17128,939,32722,32832,32760,32764,32764,32767,55676,1
17129,938,32710,32810,32760,32762,32765,32767,55676,0
17130,938,32738,32830,32760,32763,32765,32767,55678,0
17131,942,32708,32835,32760,32763,32764,32767,55677,0
17132,939,32687,32827,32761,32761,32764,32766,55676,0
17133,938,32731,32817,32760,32763,32764,32766,55677,0
17134,938,32731,32814,32760,32763,32764,32767,55677,2
17135,938,32705,32845,32760,32764,32765,32766,55676,1
17136,947,32708,32831,32760,32763,32765,32767,55676,0
17137,943,32745,32847,32761,32763,32764,32767,55676,0
17138,938,32743,32823,32758,32763,32765,32766,55676,0
17139,939,32699,32799,32760,32764,32764,32766,55676,0
17140,938,32716,32831,32759,32763,32765,32766,55675,0
17141,942,32719,32832,32760,32764,32764,32766,55677,0
17142,939,32715,32836,32761,32761,32765,32766,55677,0
17143,938,32680,32808,32761,32763,32764,32765,55677,0
17144,938,32731,32799,32760,32764,32764,32766,55676,0
17145,938,32746,32836,32760,32763,32765,32767,55677,1
17146,942,32692,32855,32760,32763,32764,32765,55677,0
17147,939,32716,32827,32760,32763,32765,32768,55677,0
17148,938,32737,32811,32760,32763,32764,32766,55678,1
17149,938,32706,32810,32760,32763,32764,32766,55676,0
17150,938,32702,32834,32760,32763,32765,32767,55676,1
17151,943,32742,32848,32759,32763,32765,32766,55677,0
17152,938,32731,32831,32760,32763,32765,32768,55677,0
17153,938,32716,32814,32760,32763,32765,32767,55676,0
17154,938,32727,32818,32760,32762,32765,32766,55677,0
17155,938,32743,32839,32760,32762,32765,32766,55677,0
17156,943,32721,32850,32760,32763,32765,32767,55677,0
17157,938,32700,32813,32760,32763,32765,32766,55676,0
17158,938,32731,32801,32760,32762,32764,32767,55676,0
17159,939,32737,32839,32760,32762,32764,32768,55677,0
17160,938,32706,32831,32760,32764,32765,32766,55677,0
17161,942,32729,32818,32760,32762,32765,32765,55677,1
17162,938,32735,32812,32759,32762,32764,32766,55678,1
17163,939,32721,32801,32760,32763,32764,32766,55678,0
17164,938,32717,32830,32760,32763,32766,32766,55677,1
17165,938,32757,32828,32759,32764,32764,32765,55677,0
17166,943,32761,32840,32761,32762,32764,32766,55677,0
17167,938,32713,32804,32760,32763,32765,32766,55677,0
17168,938,32752,32813,32759,32763,32764,32767,55677,0
17169,943,32745,32838,32759,32762,32765,32768,55677,1
17170,938,32739,32847,32761,32763,32764,32767,55676,0
17171,942,32697,32822,32761,32763,32764,32766,55677,0
17172,938,32743,32811,32760,32764,32764,32767,55678,0
17173,938,32736,32833,32760,32763,32764,32767,55676,1
17174,939,32696,32846,32760,32762,32765,32767,55677,0
17175,938,32739,32816,32760,32762,32764,32766,55677,0
17176,942,32745,32819,32760,32763,32765,32766,55677,0
17177,939,32716,32803,32760,32762,32764,32766,55677,1
17178,938,32708,32830,32760,32763,32765,32767,55677,0
17179,938,32744,32840,32760,32764,32765,32767,55676,0
17180,938,32747,32831,32760,32762,32764,32767,55677,0
17181,943,32708,32814,32761,32764,32764,32766,55677,0
17182,938,32734,32812,32759,32762,32765,32767,55676,0
17183,938,32748,32834,32760,32763,32764,32766,55676,0
17184,938,32719,32837,32761,32762,32766,32767,55676,0
17185,939,32712,32812,32760,32763,32764,32767,55677,0
17186,942,32728,32807,32759,32763,32765,32766,55678,0
17187,938,32740,32817,32759,32763,32765,32767,55677,1
17188,938,32700,32839,32759,32764,32764,32767,55676,1
17189,938,32756,32852,32759,32763,32764,32766,55678,0
17190,939,32736,32828,32761,32762,32765,32765,55677,1
17191,942,32715,32791,32759,32763,32765,32767,55677,0
17192,938,32711,32810,32759,32763,32764,32766,55676,0
17193,939,32733,32842,32759,32763,32765,32766,55676,0
17194,938,32724,32830,32759,32762,32764,32766,55676,0
17195,938,32683,32803,32759,32762,32764,32767,55676,0
17196,942,32741,32774,32759,32763,32765,32767,55676,0
17197,939,32742,32835,32760,32762,32764,32766,55677,0
17198,938,32691,32843,32760,32762,32765,32767,55676,0
17199,938,32719,32821,32760,32762,32764,32767,55677,0
17200,939,32753,32806,32759,32764,32764,32767,55678,0
17201,941,32727,32815,32760,32764,32764,32767,55677,0
17202,944,32702,32837,32760,32764,32764,32766,55677,0
17203,938,32729,32833,32760,32762,32764,32766,55676,1
17204,938,32742,32829,32760,32763,32765,32767,55677,0
17205,938,32704,32782,32760,32763,32765,32767,55675,0
17206,943,32708,32797,32760,32763,32764,32766,55677,0
17207,938,32751,32849,32761,32763,32764,32767,55677,0
17208,938,32748,32850,32760,32763,32765,32767,55677,0
17209,938,32690,32826,32759,32762,32764,32766,55676,0
17210,939,32743,32799,32760,32763,32764,32767,55676,0
17211,942,32740,32807,32760,32762,32764,32766,55677,0
17212,938,32727,32836,32759,32763,32765,32767,55676,0
17213,939,32728,32830,32760,32763,32764,32768,55677,0
17214,938,32742,32811,32760,32763,32764,32766,55677,0
17215,938,32755,32807,32760,32763,32764,32766,55678,0
17216,942,32711,32834,32759,32763,32765,32766,55677,0
17217,939,32748,32831,32760,32763,32764,32767,55677,1
17218,938,32747,32816,32759,32763,32764,32767,55676,1
17219,938,32707,32804,32760,32762,32764,32766,55677,0
17220,938,32732,32789,32760,32763,32764,32766,55678,0
17221,942,32735,32817,32760,32763,32764,32767,55678,0
17222,939,32738,32834,32759,32762,32764,32767,55677,0
17223,938,32692,32826,32760,32763,32765,32767,55677,1
17224,938,32768,32795,32759,32762,32764,32767,55678,0
17225,938,32733,32817,32761,32763,32764,32765,55676,0
17226,942,32712,32829,32760,32763,32764,32766,55677,0
17227,938,32718,32811,32759,32762,32765,32766,55677,0
17228,939,32743,32791,32759,32763,32765,32766,55677,0
17229,938,32729,32803,32759,32763,32763,32766,55677,0
17230,938,32699,32828,32759,32763,32764,32767,55676,0
17231,942,32745,32836,32761,32763,32764,32767,55677,0
17232,939,32753,32823,32761,32763,32764,32765,55677,0
17233,938,32713,32809,32761,32762,32765,32766,55676,0
17234,938,32729,32804,32760,32762,32765,32766,55678,0
17235,938,32761,32825,32760,32762,32764,32767,55677,0
17236,942,32731,32821,32761,32763,32764,32766,55677,0
17237,939,32701,32811,32761,32763,32764,32765,55677,1
17238,938,32740,32793,32759,32763,32765,32766,55678,0
17239,938,32728,32829,32760,32764,32765,32766,55677,0
17240,938,32699,32835,32760,32762,32765,32767,55678,0
17241,943,32736,32832,32760,32761,32765,32766,55677,0
17242,938,32735,32799,32760,32762,32765,32767,55677,0
17243,938,32703,32781,32759,32764,32764,32767,55678,1
17244,939,32710,32816,32759,32763,32764,32767,55678,0
17245,938,32748,32817,32759,32762,32764,32767,55677,0
17246,942,32734,32825,32760,32763,32765,32767,55677,0
17247,939,32702,32794,32760,32763,32765,32766,55677,0
17248,938,32740,32796,32759,32763,32765,32767,55676,0
17249,938,32734,32824,32759,32763,32765,32767,55677,0
17250,938,32716,32826,32760,32763,32765,32767,55679,0
17251,948,32699,32833,32760,32763,32765,32767,55678,0
17252,938,32727,32796,32760,32762,32764,32766,55678,0
17253,938,32739,32808,32760,32762,32764,32766,55678,1
17254,939,32717,32832,32760,32764,32764,32766,55683,0
17255,938,32746,32831,32760,32763,32764,32767,55677,0
17256,942,32749,32819,32760,32763,32765,32767,55677,0
17257,939,32737,32821,32761,32764,32763,32766,55677,0
17258,938,32710,32804,32760,32764,32764,32766,55679,0
17259,938,32750,32836,32759,32764,32763,32766,55677,0
17260,938,32749,32833,32759,32763,32765,32767,55677,0
17261,943,32715,32833,32760,32763,32763,32766,55678,0
17262,938,32729,32766,32761,32764,32765,32767,55677,0
17263,938,32744,32824,32759,32763,32764,32766,55677,0
17264,938,32733,32820,32760,32763,32763,32766,55678,0
17265,939,32690,32812,32760,32763,32764,32766,55677,0
17266,942,32744,32790,32759,32763,32765,32766,55678,0
17267,939,32735,32782,32760,32763,32764,32766,55678,0
17268,943,32706,32819,32759,32762,32763,32766,55677,1
17269,938,32714,32814,32760,32763,32764,32766,55678,0
17270,938,32745,32821,32760,32763,32764,32767,55678,0
17271,943,32730,32821,32760,32762,32764,32766,55677,0
17272,938,32681,32788,32760,32763,32764,32766,55678,0
17273,938,32736,32830,32760,32763,32764,32767,55678,0
17274,939,32730,32833,32760,32763,32764,32766,55678,0
17275,938,32692,32830,32761,32763,32765,32766,55678,0
17276,942,32718,32818,32760,32763,32764,32767,55678,0
17277,939,32729,32807,32760,32763,32765,32767,55678,0
17278,938,32714,32836,32759,32762,32765,32767,55677,0
17279,938,32688,32826,32759,32763,32764,32766,55677,0
17280,938,32736,32821,32759,32763,32765,32766,55678,0
17281,942,32735,32812,32760,32763,32764,32766,55677,0
17282,938,32699,32818,32759,32763,32764,32766,55677,0
17283,939,32720,32847,32760,32763,32764,32767,55678,1
17284,949,32753,32840,32759,32762,32764,32767,55677,0
17285,938,32747,32842,32760,32763,32764,32767,55678,0
17286,942,32702,32804,32760,32763,32765,32766,55678,0
17287,939,32739,32810,32760,32763,32764,32766,55676,0
17288,938,32753,32843,32760,32763,32765,32766,55678,0
17289,938,32717,32831,32760,32764,32765,32767,55677,1
17290,938,32696,32807,32759,32763,32764,32766,55677,0
17291,943,32747,32806,32759,32764,32765,32767,55678,0
17292,938,32728,32828,32760,32762,32765,32767,55679,0
17293,939,32691,32847,32760,32763,32765,32766,55678,0
17294,938,32737,32838,32761,32763,32764,32766,55680,0
17295,938,32748,32816,32761,32763,32764,32767,55678,0
17296,943,32734,32803,32760,32763,32765,32766,55676,1
17297,938,32715,32828,32760,32763,32764,32766,55677,0
17298,938,32749,32841,32760,32762,32765,32766,55676,0
17299,938,32733,32840,32759,32763,32763,32766,55678,0
17300,939,32698,32815,32761,32763,32765,32768,55678,2
17301,948,32745,32817,32759,32762,32765,32766,55678,1
17302,943,32740,32807,32760,32764,32763,32767,55677,0
17303,938,32747,32836,32760,32765,32765,32767,55678,0
17304,939,32703,32846,32761,32763,32766,32766,55679,0
17305,938,32749,32804,32760,32763,32765,32766,55678,0
17306,942,32762,32791,32760,32763,32765,32766,55678,0
17307,938,32723,32827,32759,32763,32763,32766,55677,0
17308,939,32724,32825,32760,32763,32764,32767,55678,0
17309,938,32758,32820,32761,32764,32764,32767,55678,0
17310,938,32734,32814,32760,32763,32764,32766,55677,0
17311,943,32716,32808,32761,32762,32764,32767,55677,0
17312,938,32759,32836,32760,32763,32764,32766,55676,0
17313,938,32753,32846,32760,32763,32764,32766,55678,0
17314,938,32702,32823,32760,32763,32764,32767,55678,1
17315,939,32724,32795,32760,32763,32765,32766,55679,0
17316,942,32747,32804,32760,32762,32764,32766,55678,0
17317,938,32739,32849,32761,32763,32764,32767,55678,0
17318,938,32704,32823,32760,32764,32765,32767,55678,0
17319,938,32737,32822,32759,32763,32764,32766,55677,1
17320,938,32741,32797,32760,32763,32764,32766,55678,0
17321,943,32717,32819,32761,32763,32764,32767,55678,0
17322,938,32717,32842,32760,32764,32764,32768,55678,0
17323,939,32760,32853,32760,32763,32764,32766,55676,0
17324,938,32744,32828,32760,32763,32763,32767,55677,0
17325,938,32701,32805,32760,32763,32765,32765,55678,1
17326,943,32753,32840,32759,32763,32764,32767,55677,0
17327,938,32758,32838,32760,32762,32765,32767,55677,0
17328,938,32713,32836,32761,32763,32764,32767,55679,1
17329,938,32723,32806,32760,32765,32765,32767,55678,0
17330,939,32736,32814,32760,32763,32765,32767,55676,0
17331,941,32730,32835,32759,32762,32764,32767,55678,0
17332,939,32708,32828,32759,32762,32765,32765,55679,0
17333,938,32734,32829,32761,32763,32764,32766,55677,0
17334,938,32739,32832,32759,32763,32763,32767,55679,1
17335,938,32703,32833,32760,32764,32764,32767,55678,0
17336,942,32722,32844,32760,32763,32764,32766,55678,0
17337,939,32747,32839,32759,32762,32765,32767,55678,0
17338,938,32703,32799,32761,32762,32764,32767,55679,0
17339,938,32706,32778,32760,32763,32764,32766,55678,0
17340,939,32755,32833,32760,32764,32764,32766,55678,0
17341,942,32755,32826,32760,32763,32765,32767,55681,0
17342,938,32703,32823,32760,32763,32764,32766,55678,0
17343,938,32739,32798,32760,32763,32764,32766,55677,1
17344,939,32744,32819,32760,32763,32765,32766,55677,0
17345,938,32718,32850,32760,32763,32765,32766,55678,0
17346,942,32709,32830,32760,32763,32764,32766,55678,0
17347,939,32746,32810,32759,32764,32764,32765,55679,0
17348,938,32744,32807,32759,32763,32764,32767,55678,2
17349,938,32688,32806,32761,32763,32765,32767,55679,0
17350,944,32741,32833,32759,32763,32765,32766,55678,0
17351,942,32755,32839,32760,32762,32765,32766,55677,0
17352,938,32735,32826,32760,32762,32765,32766,55678,0
17353,938,32705,32793,32760,32763,32764,32766,55679,1
17354,938,32751,32820,32760,32763,32764,32767,55677,0
17355,939,32755,32841,32760,32764,32764,32766,55678,0
17356,942,32707,32846,32759,32763,32765,32767,55678,0
17357,938,32725,32812,32760,32763,32764,32767,55679,0
17358,939,32747,32802,32760,32763,32765,32766,55678,0
17359,938,32716,32828,32760,32762,32764,32765,55678,0
17360,938,32714,32844,32759,32762,32765,32767,55678,0
17361,943,32757,32839,32760,32764,32764,32767,55678,0
17362,938,32748,32827,32760,32764,32765,32766,55677,0
17363,938,32700,32810,32760,32764,32764,32767,55678,1
17364,938,32744,32831,32760,32762,32764,32767,55679,0
17365,939,32739,32840,32759,32763,32763,32767,55679,0
17366,942,32711,32832,32760,32763,32764,32766,55677,0
17367,938,32697,32803,32760,32762,32766,32767,55678,0
17368,938,32736,32806,32760,32764,32765,32766,55679,0
17369,938,32727,32838,32760,32762,32764,32767,55678,0
17370,939,32681,32844,32761,32762,32764,32767,55679,0
17371,942,32737,32836,32759,32762,32765,32767,55678,1
17372,938,32745,32803,32760,32763,32764,32767,55677,0
17373,939,32706,32826,32760,32763,32764,32766,55678,0
17374,938,32698,32832,32759,32762,32764,32766,55678,0
17375,938,32740,32836,32760,32763,32764,32767,55678,0
17376,943,32729,32832,32761,32762,32765,32767,55678,0
17377,938,32701,32809,32759,32763,32765,32766,55678,0
17378,938,32734,32849,32760,32763,32763,32767,55680,0
17379,938,32739,32852,32759,32762,32764,32767,55678,0
17380,939,32695,32847,32759,32763,32764,32766,55679,6
17381,942,32694,32814,32759,32762,32765,32767,55679,0
17382,938,32739,32807,32760,32763,32765,32767,55679,1
17383,944,32716,32845,32761,32762,32764,32765,55680,0
17384,938,32695,32827,32759,32762,32765,32767,55679,1
17385,938,32731,32837,32760,32763,32764,32766,55679,1
17386,942,32739,32822,32760,32762,32764,32767,55678,0
17387,938,32706,32829,32760,32763,32764,32767,55678,1
17388,938,32695,32830,32759,32762,32763,32767,55678,0
17389,939,32769,32850,32760,32763,32763,32767,55678,3
17390,938,32737,32812,32760,32762,32765,32766,55678,0
17391,942,32685,32809,32760,32764,32765,32767,55679,1
17392,938,32743,32814,32760,32763,32764,32767,55678,0
17393,939,32748,32848,32761,32763,32764,32767,55678,0
17394,938,32719,32839,32759,32762,32765,32767,55678,1
17395,938,32702,32813,32759,32764,32764,32767,55678,1
17396,943,32733,32815,32760,32763,32765,32766,55678,0
17397,938,32732,32840,32759,32762,32763,32764,55678,1
17398,938,32703,32840,32760,32762,32764,32767,55680,0
17399,938,32752,32829,32759,32762,32765,32767,55679,0
17400,938,32753,32808,32760,32763,32764,32766,55679,0
17401,942,32727,32824,32760,32762,32765,32766,55679,0
17402,939,32708,32839,32761,32763,32765,32765,55680,0
17403,938,32740,32843,32760,32763,32764,32767,55678,0
17404,938,32728,32838,32759,32763,32764,32766,55678,0
17405,938,32706,32801,32761,32762,32765,32766,55678,0
17406,943,32737,32812,32760,32764,32764,32767,55678,0
17407,938,32739,32856,32760,32761,32764,32767,55678,1
17408,938,32704,32841,32761,32763,32764,32767,55678,0
17409,938,32722,32815,32759,32762,32763,32767,55679,4
17410,939,32754,32813,32761,32763,32764,32766,55678,0
17411,941,32730,32848,32760,32763,32764,32767,55680,0
17412,939,32685,32845,32759,32763,32764,32767,55679,1
17413,938,32734,32838,32760,32763,32765,32767,55679,0
17414,938,32752,32829,32760,32762,32765,32767,55678,0
17415,939,32704,32809,32760,32763,32764,32766,55678,0
17416,946,32733,32847,32760,32762,32765,32767,55678,0
17417,938,32752,32854,32760,32762,32764,32766,55678,2
17418,938,32730,32840,32760,32763,32764,32767,55679,0
17419,938,32704,32826,32759,32762,32764,32767,55679,0
17420,939,32752,32818,32759,32763,32765,32766,55678,0
17421,942,32741,32845,32759,32763,32764,32766,55679,0
17422,938,32713,32850,32761,32762,32765,32767,55680,1
17423,939,32712,32835,32760,32763,32765,32766,55680,0
17424,938,32743,32820,32761,32763,32764,32767,55680,0
17425,938,32739,32816,32760,32763,32764,32766,55678,0
17426,943,32712,32848,32760,32763,32764,32767,55679,0
17427,938,32755,32853,32759,32762,32764,32766,55678,1
17428,938,32740,32845,32760,32763,32764,32767,55679,0
17429,938,32706,32835,32760,32764,32765,32768,55679,1
17430,939,32729,32841,32760,32764,32765,32766,55681,0
17431,942,32753,32857,32760,32763,32765,32766,55679,0
17432,938,32732,32852,32760,32763,32765,32766,55680,0
17433,938,32707,32833,32759,32764,32764,32766,55678,0
17434,938,32756,32825,32760,32763,32765,32765,55679,0
17435,938,32751,32847,32760,32763,32765,32766,55679,0
17436,943,32694,32843,32760,32762,32765,32767,55678,1
17437,938,32752,32834,32759,32763,32765,32766,55678,0
17438,938,32747,32816,32760,32762,32764,32766,55679,0
17439,938,32722,32829,32760,32763,32764,32766,55678,0
17440,939,32717,32846,32759,32763,32765,32766,55679,0
17441,942,32748,32837,32759,32763,32764,32767,55678,2
17442,938,32748,32841,32760,32763,32765,32765,55680,0
17443,938,32686,32803,32760,32762,32764,32766,55678,1
17444,938,32748,32832,32760,32763,32765,32766,55678,0
17445,938,32743,32853,32760,32762,32764,32767,55679,0
17446,943,32726,32832,32759,32762,32764,32766,55680,1
17447,938,32705,32824,32760,32763,32764,32768,55680,0
17448,938,32759,32788,32760,32763,32764,32767,55680,1
17449,943,32741,32832,32761,32763,32764,32766,55679,0
17450,943,32730,32828,32758,32763,32765,32766,55678,0
17451,942,32726,32831,32758,32763,32764,32765,55678,0
17452,939,32762,32823,32760,32762,32765,32767,55678,0
17453,938,32746,32809,32760,32763,32764,32767,55679,0
17454,938,32704,32815,32760,32763,32764,32766,55678,1
17455,939,32738,32840,32759,32764,32764,32767,55678,0
17456,942,32745,32840,32760,32762,32765,32766,55677,0
17457,938,32718,32815,32759,32763,32765,32767,55678,0
17458,939,32734,32788,32760,32764,32764,32766,55679,0
17459,938,32756,32843,32759,32763,32764,32767,55678,0
17460,938,32752,32851,32760,32763,32764,32765,55679,0
17461,942,32731,32838,32760,32763,32764,32766,55679,0
17462,939,32748,32801,32760,32763,32764,32766,55679,1
17463,938,32744,32833,32761,32763,32765,32766,55679,0
17464,938,32716,32837,32760,32763,32764,32767,55680,1
17465,939,32738,32831,32760,32763,32764,32767,55679,0
17466,948,32766,32841,32759,32762,32764,32766,55679,0
17467,942,32765,32826,32760,32763,32764,32767,55680,1
17468,938,32693,32813,32761,32762,32765,32767,55679,0
17469,938,32746,32834,32759,32764,32765,32767,55679,0
17470,939,32762,32839,32760,32763,32763,32768,55679,0
17471,942,32743,32831,32761,32763,32763,32767,55678,0
17472,938,32709,32804,32760,32763,32764,32766,55678,0
17473,938,32761,32830,32760,32763,32765,32766,55678,0
17474,939,32744,32855,32761,32763,32764,32767,55678,0
17475,938,32691,32832,32761,32764,32765,32766,55679,0
17476,942,32741,32810,32760,32763,32764,32767,55678,0
17477,938,32740,32790,32760,32763,32763,32768,55679,0
17478,939,32727,32818,32760,32762,32764,32767,55679,0
17479,938,32724,32829,32759,32764,32765,32766,55678,1
17480,938,32743,32840,32759,32763,32764,32768,55679,1
17481,942,32740,32812,32760,32763,32765,32767,55679,0
17482,943,32703,32798,32759,32762,32764,32766,55679,0
17483,938,32729,32808,32760,32764,32764,32766,55679,1
17484,938,32761,32839,32759,32763,32765,32766,55679,0
17485,939,32737,32824,32760,32763,32765,32767,55680,0
17486,942,32697,32813,32760,32764,32765,32765,55678,0
17487,938,32736,32800,32760,32763,32765,32767,55680,0
17488,938,32743,32826,32759,32762,32764,32766,55678,0
17489,939,32697,32839,32759,32763,32765,32765,55679,0
17490,938,32742,32830,32759,32763,32765,32767,55679,0
17491,942,32754,32814,32760,32763,32764,32767,55680,0
17492,938,32730,32810,32760,32763,32765,32766,55679,0
17493,938,32714,32835,32759,32762,32765,32766,55679,0
17494,939,32758,32846,32761,32763,32764,32765,55680,0
17495,938,32744,32835,32759,32764,32763,32766,55679,0
17496,942,32698,32820,32761,32764,32764,32767,55678,1
17497,938,32740,32817,32759,32763,32766,32765,55679,0
17498,939,32752,32848,32761,32762,32765,32766,55680,0
17499,943,32727,32848,32759,32763,32765,32767,55680,0
17500,938,32710,32825,32761,32763,32764,32766,55679,1
17501,943,32752,32806,32761,32762,32764,32767,55678,0
17502,938,32751,32818,32760,32762,32765,32767,55680,0
17503,938,32709,32835,32761,32763,32764,32767,55680,0
17504,939,32749,32834,32760,32763,32764,32767,55681,0
17505,938,32745,32811,32760,32763,32764,32767,55679,0
17506,942,32739,32803,32759,32763,32764,32767,55679,0
17507,938,32713,32818,32759,32764,32764,32766,55679,0
17508,939,32763,32840,32759,32764,32764,32767,55679,0
17509,938,32732,32830,32760,32763,32764,32766,55681,0
17510,938,32708,32798,32760,32763,32764,32766,55678,0
17511,943,32759,32801,32761,32761,32764,32767,55679,0
17512,938,32765,32828,32760,32763,32764,32766,55679,0
17513,938,32739,32842,32761,32762,32764,32766,55679,0
17514,938,32722,32831,32761,32762,32765,32767,55680,0
17515,944,32730,32795,32760,32763,32765,32766,55680,0
17516,942,32748,32806,32760,32764,32765,32767,55679,0
17517,938,32693,32836,32760,32762,32765,32767,55679,0
17518,938,32726,32835,32760,32763,32764,32766,55678,0
17519,938,32743,32828,32760,32762,32765,32767,55679,0
17520,939,32725,32792,32759,32764,32764,32767,55679,0
17521,941,32699,32824,32760,32763,32764,32766,55679,0
17522,939,32767,32848,32760,32763,32764,32767,55679,0
17523,938,32740,32848,32759,32763,32764,32766,55679,1
17524,938,32703,32832,32760,32762,32764,32766,55679,0
17525,938,32731,32803,32760,32764,32764,32765,55679,0
17526,943,32757,32840,32759,32762,32764,32767,55679,0
17527,938,32731,32839,32760,32763,32764,32767,55679,1
17528,938,32709,32839,32760,32763,32765,32767,55680,0
17529,939,32758,32804,32760,32763,32766,32767,55680,1
17530,938,32721,32792,32759,32763,32765,32767,55679,0
17531,942,32720,32826,32760,32763,32763,32766,55680,0
17532,938,32747,32839,32759,32763,32764,32767,55679,0
17533,938,32749,32841,32760,32763,32764,32766,55680,0
17534,938,32718,32818,32760,32763,32764,32766,55680,0
17535,939,32715,32830,32759,32763,32765,32767,55679,0
17536,942,32764,32846,32759,32763,32764,32766,55679,0
17537,938,32743,32859,32759,32762,32765,32767,55678,0
17538,938,32702,32827,32759,32763,32765,32766,55680,0
17539,939,32733,32776,32761,32763,32763,32766,55680,0
17540,938,32758,32826,32759,32762,32764,32766,55679,0
17541,942,32719,32824,32759,32763,32764,32767,55680,0
17542,939,32716,32838,32760,32763,32765,32766,55679,0
17543,938,32752,32829,32760,32764,32764,32766,55679,0
17544,938,32753,32802,32759,32764,32765,32767,55678,0
17545,938,32699,32842,32760,32764,32765,32766,55679,0
17546,939,32747,32837,32761,32763,32764,32767,55680,0
17547,942,32744,32836,32760,32763,32765,32767,55680,0
17548,949,32720,32824,32759,32763,32765,32766,55679,0
17549,943,32693,32798,32760,32763,32765,32766,55679,0
17550,938,32733,32815,32760,32764,32765,32767,55679,1
17551,943,32737,32845,32760,32763,32764,32767,55679,0
17552,938,32715,32840,32760,32764,32764,32766,55679,0
17553,938,32705,32828,32760,32764,32765,32767,55680,0
17554,938,32739,32806,32760,32762,32765,32767,55680,0
17555,939,32735,32836,32760,32763,32764,32766,55680,0
17556,939,32690,32835,32760,32763,32764,32766,55679,0
17557,941,32739,32826,32759,32763,32764,32765,55680,0
17558,939,32727,32821,32760,32762,32764,32766,55678,0
17559,938,32719,32802,32760,32763,32765,32766,55680,2
17560,938,32727,32840,32760,32763,32765,32767,55679,0
17561,943,32740,32840,32760,32763,32764,32767,55680,1
17562,938,32740,32828,32759,32762,32764,32767,55679,0
17563,938,32689,32784,32761,32764,32764,32767,55679,0
17564,938,32752,32800,32760,32763,32764,32768,55681,0
17565,938,32750,32842,32759,32763,32764,32768,55680,0
17566,943,32716,32846,32760,32763,32765,32766,55679,0
17567,938,32721,32828,32760,32762,32764,32766,55681,0
17568,938,32742,32804,32759,32762,32765,32766,55680,0
17569,938,32719,32824,32760,32763,32764,32766,55678,0
17570,939,32702,32836,32760,32764,32764,32766,55680,0
17571,942,32751,32842,32760,32764,32764,32766,55681,0
17572,938,32755,32830,32760,32763,32765,32767,55680,1
17573,939,32717,32804,32761,32762,32765,32766,55680,0
17574,938,32719,32828,32761,32763,32765,32766,55680,0
17575,938,32757,32838,32760,32763,32765,32766,55680,0
17576,943,32731,32835,32760,32763,32765,32766,55678,0
17577,938,32704,32811,32760,32763,32764,32767,55679,0
17578,938,32733,32805,32760,32762,32764,32765,55679,0
17579,938,32749,32832,32760,32763,32764,32766,55680,0
17580,939,32705,32847,32760,32762,32765,32767,55679,1
17581,946,32719,32816,32760,32762,32765,32767,55679,0
17582,943,32732,32788,32760,32763,32763,32767,55684,1
17583,938,32729,32794,32761,32763,32765,32768,55680,0
17584,939,32682,32825,32759,32762,32764,32767,55679,1
17585,938,32741,32835,32760,32762,32764,32767,55679,0
17586,942,32744,32824,32760,32764,32765,32766,55678,1
17587,939,32714,32803,32759,32763,32764,32766,55680,0
17588,938,32690,32810,32760,32764,32764,32767,55680,0
17589,938,32751,32835,32760,32763,32765,32767,55680,0
17590,939,32735,32831,32759,32762,32765,32767,55681,0
17591,942,32698,32815,32760,32763,32764,32766,55679,0
17592,938,32726,32782,32759,32763,32765,32767,55680,1
17593,938,32735,32800,32760,32762,32764,32766,55680,0
17594,939,32711,32844,32759,32763,32765,32766,55680,0
17595,938,32697,32817,32759,32764,32764,32766,55679,0
17596,942,32741,32804,32759,32763,32764,32766,55679,0
17597,939,32744,32791,32760,32764,32765,32766,55679,0
17598,943,32698,32817,32760,32763,32765,32765,55680,0
17599,938,32730,32826,32761,32763,32764,32767,55679,0
17600,939,32739,32834,32759,32763,32764,32767,55681,1
17601,941,32722,32809,32760,32763,32765,32767,55680,0
17602,939,32690,32798,32760,32763,32764,32767,55679,0
17603,938,32751,32846,32760,32763,32765,32766,55681,0
17604,938,32745,32835,32760,32762,32765,32767,55680,4
17605,939,32683,32825,32760,32763,32764,32766,55679,0
17606,942,32724,32805,32760,32763,32765,32767,55679,0
17607,938,32732,32811,32760,32763,32764,32767,55679,0
17608,938,32718,32831,32759,32763,32765,32766,55680,0
17609,939,32689,32834,32760,32763,32764,32766,55678,1
17610,938,32737,32829,32760,32763,32764,32766,55680,1
17611,939,32742,32803,32760,32763,32764,32766,55679,0
17612,942,32694,32814,32761,32764,32765,32767,55680,0
17613,938,32725,32823,32761,32762,32763,32766,55679,1
17614,944,32746,32830,32760,32762,32764,32766,55680,0
17615,938,32731,32839,32760,32762,32765,32767,55680,0
17616,942,32707,32815,32760,32764,32765,32766,55680,0
17617,938,32748,32798,32759,32762,32765,32767,55679,1
17618,939,32746,32842,32760,32764,32764,32767,55680,1
17619,938,32686,32831,32760,32763,32764,32766,55679,0
17620,938,32722,32804,32760,32763,32764,32766,55680,0
17621,943,32747,32808,32759,32763,32765,32767,55679,0
17622,938,32733,32830,32760,32763,32765,32766,55680,0
17623,938,32691,32832,32760,32762,32765,32767,55680,1
17624,938,32739,32849,32759,32762,32765,32766,55680,0
17625,939,32728,32820,32759,32763,32765,32767,55680,0
17626,942,32707,32802,32760,32764,32765,32765,55680,1
17627,938,32727,32831,32760,32761,32765,32766,55680,0
17628,938,32747,32824,32759,32763,32765,32766,55679,1
17629,939,32718,32831,32760,32764,32764,32767,55680,0
17630,938,32690,32786,32760,32762,32764,32766,55682,1
17631,942,32724,32817,32759,32764,32765,32766,55680,0
17632,938,32746,32848,32759,32762,32764,32766,55680,0
17633,938,32693,32834,32760,32763,32765,32767,55678,1
17634,939,32730,32810,32759,32763,32764,32766,55679,1
17635,938,32747,32800,32761,32762,32764,32766,55679,0
17636,942,32715,32820,32759,32763,32765,32767,55680,0
17637,939,32690,32830,32760,32763,32764,32766,55680,0
17638,938,32739,32820,32760,32763,32763,32766,55679,1
17639,938,32740,32807,32759,32763,32763,32766,55679,0
17640,938,32691,32783,32759,32763,32764,32767,55678,0
17641,943,32720,32826,32759,32763,32764,32767,55678,0
17642,938,32749,32835,32760,32763,32765,32767,55680,0
17643,938,32716,32815,32761,32763,32763,32768,55681,0
17644,939,32690,32781,32760,32763,32764,32765,55679,0
17645,938,32732,32802,32760,32763,32764,32766,55680,0
17646,942,32744,32820,32760,32763,32765,32766,55680,0
17647,944,32706,32833,32760,32762,32764,32767,55680,0
17648,938,32731,32817,32759,32764,32765,32767,55680,0
17649,938,32740,32803,32760,32764,32764,32767,55679,0
17650,938,32733,32811,32761,32763,32764,32767,55680,0
17651,942,32688,32828,32760,32763,32764,32766,55679,0
17652,939,32735,32836,32759,32763,32763,32766,55680,1
17653,938,32740,32828,32760,32764,32764,32766,55680,0
17654,938,32692,32797,32760,32764,32763,32767,55680,0
17655,938,32740,32819,32759,32763,32764,32766,55680,0
17656,943,32756,32835,32759,32763,32765,32766,55680,1
17657,938,32732,32840,32760,32763,32765,32767,55679,1
17658,938,32699,32817,32759,32763,32765,32766,55680,0
17659,939,32747,32786,32760,32763,32765,32766,55679,0
17660,938,32743,32827,32760,32762,32765,32766,55680,0
17661,942,32718,32831,32760,32763,32765,32766,55680,0
17662,939,32736,32806,32761,32763,32765,32766,55680,0
17663,938,32739,32803,32761,32763,32765,32767,55679,3
17664,943,32723,32791,32761,32763,32765,32766,55681,0
17665,938,32684,32818,32760,32763,32764,32767,55680,1
17666,943,32748,32830,32760,32763,32764,32766,55680,0
17667,938,32753,32837,32758,32763,32765,32767,55679,0
17668,938,32690,32806,32760,32763,32764,32767,55680,0
17669,939,32721,32801,32760,32764,32765,32767,55680,0
17670,938,32728,32838,32761,32763,32764,32767,55677,0
17671,942,32724,32831,32761,32763,32765,32767,55680,0
17672,939,32696,32831,32759,32763,32764,32767,55680,0
17673,938,32741,32794,32759,32762,32764,32767,55680,0
17674,938,32740,32807,32759,32763,32764,32766,55680,0
17675,938,32715,32827,32760,32764,32764,32765,55681,0
17676,943,32725,32830,32759,32763,32764,32767,55681,0
17677,938,32768,32819,32760,32762,32764,32766,55678,0
17678,938,32736,32797,32760,32763,32765,32767,55679,0
17679,939,32677,32816,32760,32763,32765,32766,55680,1
17680,949,32748,32839,32760,32763,32765,32766,55680,0
17681,942,32739,32848,32759,32763,32764,32767,55680,2
17682,938,32710,32845,32760,32763,32764,32767,55679,1
17683,939,32695,32782,32760,32763,32764,32766,55680,0
17684,938,32736,32815,32761,32762,32765,32767,55680,0
17685,938,32733,32844,32761,32764,32764,32767,55680,0
17686,943,32699,32829,32759,32763,32764,32766,55680,0
17687,938,32710,32831,32760,32763,32765,32766,55680,0
17688,938,32726,32798,32760,32763,32765,32767,55681,0
17689,938,32702,32828,32760,32763,32765,32766,55680,0
17690,939,32711,32849,32761,32763,32765,32767,55681,1
17691,942,32733,32835,32759,32763,32763,32766,55680,0
17692,938,32726,32819,32759,32763,32764,32766,55680,0
17693,939,32676,32800,32760,32763,32765,32766,55681,0
17694,938,32742,32843,32761,32764,32765,32767,55681,1
17695,938,32737,32848,32760,32763,32764,32767,55679,0
17696,943,32713,32833,32759,32763,32764,32766,55680,0
17697,943,32703,32813,32759,32763,32765,32766,55680,0
17698,938,32750,32800,32761,32763,32765,32766,55682,1
17699,939,32733,32828,32760,32763,32764,32767,55682,0
17700,938,32687,32850,32760,32763,32765,32767,55680,0
17701,942,32731,32822,32760,32763,32764,32767,55681,0
17702,938,32749,32814,32760,32763,32765,32766,55681,0
17703,939,32721,32813,32760,32762,32765,32766,55680,0
17704,938,32702,32826,32760,32763,32765,32767,55679,0
17705,938,32733,32829,32760,32763,32765,32766,55680,1
17706,942,32727,32831,32760,32764,32765,32767,55680,0
17707,938,32704,32806,32759,32763,32764,32767,55680,1
17708,939,32744,32816,32761,32763,32764,32766,55679,0
17709,938,32743,32829,32761,32764,32765,32768,55680,0
17710,938,32699,32844,32760,32763,32764,32767,55680,0
17711,939,32699,32823,32760,32762,32765,32767,55681,1
17712,942,32737,32802,32760,32763,32765,32767,55681,0
17713,949,32737,32818,32760,32763,32764,32766,55681,0
17714,938,32710,32834,32760,32763,32765,32767,55681,1
17715,938,32724,32837,32760,32763,32765,32766,55680,1
17716,943,32758,32841,32759,32763,32764,32766,55682,0
17717,938,32725,32805,32760,32762,32764,32766,55680,0
17718,938,32705,32808,32760,32763,32764,32767,55681,0
17719,939,32745,32845,32760,32763,32764,32767,55680,0
17720,938,32742,32838,32760,32764,32764,32765,55681,0
17721,942,32720,32811,32760,32763,32765,32767,55681,0
17722,938,32721,32791,32760,32764,32765,32767,55679,1
17723,939,32745,32831,32760,32763,32764,32768,55681,0
17724,938,32713,32850,32759,32762,32764,32767,55681,1
17725,938,32689,32820,32760,32764,32765,32766,55681,0
17726,943,32751,32811,32760,32764,32765,32766,55680,0
17727,938,32760,32801,32760,32763,32764,32766,55680,1
17728,938,32724,32827,32759,32763,32764,32767,55680,0
17729,938,32730,32826,32761,32763,32765,32767,55680,0
17730,938,32751,32813,32760,32763,32764,32767,55681,0
17731,942,32740,32790,32760,32763,32764,32767,55680,0
17732,938,32704,32778,32759,32762,32766,32767,55681,0
17733,938,32748,32830,32760,32763,32765,32767,55681,0
17734,939,32749,32823,32760,32763,32764,32766,55681,0
17735,938,32699,32807,32760,32763,32764,32766,55681,0
17736,942,32738,32794,32760,32762,32764,32766,55682,1
17737,938,32764,32811,32760,32763,32764,32767,55680,0
17738,939,32736,32836,32761,32763,32765,32767,55680,1
17739,938,32726,32831,32760,32762,32765,32767,55681,0
17740,938,32760,32808,32759,32762,32765,32768,55681,0
17741,943,32749,32806,32760,32763,32764,32766,55680,0
17742,938,32713,32821,32760,32763,32764,32765,55683,0
17743,938,32742,32834,32760,32763,32764,32766,55681,1
17744,938,32765,32817,32760,32763,32764,32767,55681,0
17745,939,32726,32806,32759,32762,32764,32765,55680,1
17746,946,32712,32798,32760,32763,32764,32766,55681,0
17747,938,32764,32833,32759,32763,32765,32767,55680,0
17748,938,32760,32847,32760,32763,32765,32766,55681,0
17749,938,32717,32810,32760,32764,32764,32767,55681,0
17750,939,32733,32787,32761,32763,32765,32767,55681,0
17751,942,32747,32802,32760,32763,32765,32766,55681,1
17752,938,32745,32843,32760,32762,32764,32767,55680,0
17753,939,32715,32834,32759,32763,32764,32766,55681,0
17754,938,32734,32808,32759,32763,32764,32767,55678,0
17755,938,32751,32797,32759,32762,32764,32767,55680,0
17756,943,32702,32814,32760,32763,32764,32767,55681,0
17757,938,32735,32823,32761,32764,32764,32766,55680,1
17758,938,32754,32837,32761,32763,32764,32766,55681,0
17759,938,32725,32818,32760,32763,32764,32767,55681,0
17760,939,32706,32785,32760,32763,32764,32767,55681,0
17761,941,32756,32839,32759,32762,32764,32767,55681,0
17762,938,32755,32851,32759,32763,32764,32767,55681,0
17763,938,32704,32828,32760,32764,32764,32767,55681,0
17764,938,32736,32806,32761,32763,32764,32766,55683,0
17765,939,32743,32817,32759,32763,32764,32767,55680,0
17766,942,32731,32834,32760,32763,32764,32766,55681,1
17767,938,32702,32821,32759,32763,32764,32767,55680,0
17768,939,32751,32821,32760,32764,32765,32767,55680,0
17769,938,32731,32794,32759,32763,32764,32766,55681,0
17770,938,32691,32808,32760,32763,32765,32767,55681,1
17771,942,32746,32844,32760,32764,32764,32767,55681,0
17772,939,32760,32834,32760,32764,32765,32767,55680,0
17773,938,32737,32829,32760,32764,32765,32765,55682,0
17774,938,32719,32784,32761,32762,32764,32766,55683,1
17775,938,32762,32821,32760,32763,32764,32766,55682,1
17776,943,32740,32831,32760,32763,32765,32766,55680,0
17777,938,32694,32831,32760,32763,32764,32766,55680,0
17778,938,32744,32811,32760,32762,32765,32767,55682,0
17779,943,32733,32799,32761,32763,32765,32766,55682,0
17780,943,32740,32836,32761,32763,32765,32766,55681,0
17781,942,32701,32830,32760,32763,32765,32766,55682,2
17782,939,32753,32831,32760,32763,32765,32767,55682,0
17783,938,32741,32820,32760,32762,32764,32767,55681,0
17784,938,32700,32792,32759,32763,32764,32766,55680,0
17785,939,32746,32816,32761,32763,32763,32766,55682,0
17786,942,32748,32830,32759,32763,32765,32767,55681,0
17787,938,32720,32817,32760,32763,32765,32765,55680,0
17788,938,32716,32810,32761,32763,32764,32766,55681,0
17789,938,32758,32807,32759,32763,32764,32766,55682,0
17790,939,32741,32835,32760,32763,32764,32765,55681,0
17791,942,32704,32831,32760,32763,32765,32765,55681,1
17792,938,32743,32825,32760,32762,32764,32766,55681,0
17793,938,32751,32799,32760,32764,32764,32765,55682,0
17794,939,32715,32821,32761,32763,32764,32766,55682,0
17795,938,32696,32817,32761,32763,32764,32766,55681,0
17796,942,32755,32819,32760,32763,32764,32767,55681,0
17797,938,32748,32820,32759,32763,32765,32766,55681,1
17798,938,32718,32782,32759,32763,32764,32766,55681,0
17799,939,32747,32812,32759,32763,32764,32765,55682,1
17800,938,32756,32832,32759,32764,32765,32767,55682,1
17801,942,32743,32828,32761,32763,32764,32767,55681,1
17802,938,32720,32803,32761,32764,32765,32766,55681,0
17803,939,32752,32806,32761,32763,32765,32766,55681,0
17804,938,32744,32834,32761,32764,32765,32767,55681,0
17805,938,32696,32819,32760,32765,32764,32767,55681,1
17806,943,32756,32824,32760,32763,32764,32767,55680,1
17807,938,32756,32799,32759,32763,32764,32767,55682,0
17808,938,32726,32803,32760,32763,32764,32766,55681,0
17809,938,32731,32812,32760,32764,32765,32766,55682,0
17810,939,32747,32822,32760,32764,32765,32766,55680,0
17811,941,32747,32833,32761,32762,32764,32766,55682,1
17812,944,32696,32798,32760,32763,32765,32766,55681,0
17813,943,32718,32808,32759,32764,32765,32767,55681,0
17814,938,32769,32841,32759,32762,32764,32766,55681,1
17815,939,32732,32835,32760,32763,32763,32767,55681,0
17816,942,32701,32824,32760,32763,32764,32766,55681,0
17817,938,32756,32798,32760,32763,32764,32766,55682,0
17818,939,32755,32818,32759,32764,32764,32766,55681,0
17819,938,32694,32842,32760,32763,32765,32767,55679,0
17820,938,32724,32815,32760,32763,32764,32767,55682,2
17821,942,32746,32816,32761,32763,32764,32767,55682,0
17822,939,32739,32800,32761,32763,32765,32766,55682,0
17823,938,32702,32819,32759,32763,32765,32767,55681,0
17824,938,32747,32833,32760,32762,32764,32767,55679,0
17825,939,32747,32825,32760,32763,32765,32766,55681,0
17826,942,32709,32822,32760,32764,32764,32766,55680,0
17827,938,32729,32789,32760,32764,32764,32766,55682,0
17828,938,32744,32829,32760,32763,32764,32766,55685,0
17829,938,32719,32842,32760,32763,32763,32767,55681,1
17830,938,32714,32816,32760,32763,32764,32766,55682,0
17831,943,32744,32799,32761,32762,32764,32766,55681,0
17832,938,32738,32806,32759,32763,32765,32767,55681,0
17833,938,32706,32818,32760,32763,32765,32767,55681,0
17834,939,32747,32813,32759,32764,32766,32767,55682,0
17835,938,32744,32805,32760,32762,32764,32766,55681,0
17836,942,32735,32796,32760,32764,32764,32766,55681,0
17837,939,32710,32811,32761,32762,32765,32766,55682,0
17838,938,32769,32812,32759,32764,32764,32766,55682,0
17839,938,32754,32826,32759,32764,32764,32766,55684,0
17840,938,32716,32800,32760,32762,32765,32766,55681,0
17841,942,32738,32787,32760,32763,32765,32765,55682,1
17842,939,32767,32826,32760,32764,32765,32767,55682,1
17843,938,32740,32829,32760,32762,32764,32767,55680,1
17844,938,32723,32806,32760,32763,32764,32766,55681,0
17845,938,32773,32805,32760,32763,32765,32766,55682,0
17846,942,32744,32802,32760,32762,32763,32765,55681,0
17847,938,32703,32834,32760,32763,32764,32767,55681,0
17848,939,32747,32843,32760,32764,32765,32768,55682,0
17849,938,32760,32842,32761,32763,32765,32767,55681,0
17850,938,32736,32793,32760,32763,32764,32766,55680,0
17851,942,32719,32798,32761,32763,32764,32767,55681,0
17852,939,32755,32841,32760,32764,32764,32766,55681,0
17853,938,32755,32847,32761,32763,32764,32766,55681,1
17854,938,32714,32811,32760,32763,32763,32766,55681,0
17855,939,32768,32804,32759,32763,32765,32767,55681,0
17856,942,32753,32814,32760,32765,32764,32766,55681,0
17857,938,32729,32829,32760,32764,32764,32766,55682,0
17858,938,32729,32808,32761,32763,32763,32766,55681,0
17859,939,32756,32799,32760,32764,32764,32767,55682,0
17860,938,32738,32792,32760,32763,32765,32767,55682,0
17861,947,32709,32812,32761,32763,32765,32766,55682,0
17862,938,32745,32826,32760,32763,32764,32767,55682,0
17863,938,32753,32833,32760,32763,32764,32767,55681,1
17864,939,32709,32818,32760,32763,32765,32766,55682,0
17865,938,32722,32807,32760,32764,32765,32766,55681,0
17866,942,32758,32830,32760,32764,32765,32767,55682,0
17867,938,32747,32840,32760,32763,32765,32767,55681,0
17868,938,32715,32822,32760,32763,32764,32765,55681,1
17869,938,32755,32812,32760,32763,32766,32766,55682,0
17870,939,32752,32818,32759,32762,32764,32766,55682,5
17871,942,32724,32839,32759,32764,32764,32767,55680,1
17872,938,32742,32835,32759,32763,32764,32767,55681,0
17873,939,32756,32817,32761,32763,32765,32766,55682,0
17874,938,32750,32805,32760,32764,32765,32766,55681,0
17875,938,32717,32824,32760,32764,32764,32767,55682,0
17876,943,32769,32836,32760,32763,32764,32766,55682,0
17877,938,32769,32860,32760,32762,32764,32767,55681,0
17878,938,32738,32812,32761,32762,32765,32767,55683,0
17879,938,32755,32807,32759,32763,32765,32767,55682,0
17880,938,32772,32837,32760,32763,32766,32767,55682,1
17881,943,32748,32854,32760,32763,32765,32767,55682,0
17882,938,32717,32830,32760,32763,32765,32766,55682,0
17883,938,32762,32807,32760,32764,32764,32767,55682,1
17884,938,32774,32805,32760,32765,32765,32767,55682,0
17885,939,32707,32828,32761,32762,32765,32765,55681,0
17886,942,32733,32817,32760,32763,32764,32767,55682,0
17887,938,32755,32821,32761,32764,32764,32767,55682,0
17888,939,32749,32800,32760,32764,32765,32766,55683,0
17889,938,32714,32809,32760,32764,32764,32766,55682,0
17890,938,32772,32843,32759,32764,32764,32766,55683,1
17891,942,32756,32817,32760,32762,32764,32767,55682,1
17892,939,32728,32830,32760,32763,32765,32766,55681,0
17893,938,32751,32795,32759,32762,32765,32767,55681,0
17894,944,32757,32839,32760,32762,32765,32767,55682,1
17895,938,32737,32839,32759,32763,32764,32767,55682,0
17896,942,32701,32828,32760,32763,32764,32767,55682,0
17897,938,32754,32816,32760,32763,32763,32765,55682,1
17898,939,32760,32793,32761,32763,32764,32767,55682,0
17899,938,32713,32822,32760,32762,32765,32766,55682,1
17900,938,32732,32842,32759,32763,32764,32767,55681,0
17901,942,32765,32839,32760,32763,32764,32766,55682,0
17902,939,32745,32827,32758,32763,32764,32766,55682,0
17903,938,32702,32796,32760,32763,32764,32767,55682,1
17904,938,32764,32822,32761,32763,32764,32767,55682,0
17905,939,32751,32842,32760,32763,32764,32766,55682,1
17906,942,32718,32838,32760,32763,32763,32766,55681,1
17907,938,32749,32791,32760,32763,32765,32766,55683,0
17908,939,32744,32812,32760,32763,32764,32767,55681,0
17909,938,32733,32838,32760,32763,32765,32767,55683,0
17910,938,32711,32837,32760,32762,32763,32767,55683,0
17911,942,32753,32812,32759,32763,32764,32766,55683,1
17912,938,32763,32813,32760,32763,32765,32766,55682,1
17913,938,32703,32801,32760,32762,32764,32765,55683,0
17914,939,32730,32829,32761,32763,32765,32766,55683,0
17915,938,32755,32815,32760,32763,32765,32766,55682,0
17916,942,32725,32823,32759,32763,32764,32766,55681,1
17917,939,32702,32788,32760,32763,32764,32767,55681,0
17918,938,32745,32835,32760,32764,32765,32767,55682,0
17919,938,32741,32831,32761,32764,32763,32767,55682,1
17920,938,32694,32831,32760,32763,32765,32768,55682,1
17921,942,32733,32804,32760,32762,32764,32766,55682,0
17922,939,32752,32805,32760,32763,32764,32766,55682,1
17923,938,32733,32834,32761,32763,32765,32766,55682,1
17924,938,32721,32814,32760,32763,32764,32767,55682,0
17925,938,32748,32815,32760,32762,32765,32767,55683,1
17926,947,32754,32801,32759,32763,32764,32765,55682,0
17927,944,32715,32811,32760,32763,32765,32767,55684,1
17928,938,32726,32826,32761,32764,32763,32767,55683,1
17929,938,32747,32835,32760,32762,32765,32767,55681,0
17930,938,32743,32824,32759,32763,32765,32765,55682,0
17931,943,32700,32807,32759,32763,32765,32767,55682,0
17932,938,32749,32814,32760,32764,32765,32766,55681,0
17933,938,32747,32824,32760,32763,32765,32766,55683,0
17934,939,32716,32825,32759,32763,32764,32766,55685,0
17935,938,32725,32814,32760,32763,32765,32767,55682,0
17936,942,32754,32791,32760,32764,32763,32766,55683,1
17937,939,32751,32812,32759,32763,32764,32767,55683,1
17938,938,32691,32827,32760,32763,32765,32767,55683,0
17939,938,32748,32816,32760,32763,32765,32765,55681,0
17940,938,32754,32816,32760,32762,32765,32766,55683,0
17941,943,32712,32786,32760,32764,32764,32767,55682,0
17942,938,32734,32816,32760,32764,32764,32766,55683,1
17943,938,32741,32828,32759,32763,32764,32768,55684,1
17944,938,32727,32834,32760,32763,32765,32766,55683,1
17945,938,32700,32778,32760,32763,32764,32766,55682,0
17946,943,32749,32795,32760,32763,32765,32766,55681,2
17947,938,32739,32832,32760,32763,32765,32766,55683,1
17948,938,32704,32833,32762,32763,32763,32767,55682,0
17949,938,32736,32813,32759,32762,32765,32766,55683,0
17950,939,32757,32803,32760,32763,32764,32767,55683,0
17951,942,32740,32804,32760,32762,32765,32767,55683,0
17952,938,32720,32835,32761,32762,32765,32766,55683,0
17953,938,32770,32836,32760,32763,32763,32767,55683,0
17954,939,32750,32822,32760,32763,32765,32766,55682,0
17955,938,32696,32790,32758,32762,32764,32767,55682,0
17956,942,32726,32826,32760,32764,32765,32767,55682,0
17957,939,32748,32832,32760,32764,32764,32766,55682,0
17958,938,32745,32836,32760,32763,32764,32766,55681,1
17959,938,32728,32789,32760,32764,32764,32766,55682,0
17960,943,32757,32814,32761,32762,32764,32767,55684,0
17961,942,32750,32827,32759,32763,32764,32767,55684,0
17962,938,32726,32843,32759,32763,32763,32767,55682,0
17963,938,32724,32824,32760,32763,32764,32765,55683,1
17964,939,32756,32821,32760,32763,32764,32766,55683,1
17965,938,32738,32815,32760,32763,32765,32767,55681,0
17966,942,32699,32839,32760,32763,32765,32767,55682,1
17967,938,32748,32838,32760,32763,32764,32766,55682,0
17968,939,32750,32833,32760,32763,32764,32766,55682,1
17969,938,32707,32800,32760,32763,32765,32766,55682,1
17970,938,32739,32797,32760,32763,32764,32767,55684,0
17971,942,32755,32844,32760,32764,32765,32767,55682,0
17972,938,32738,32839,32760,32762,32765,32767,55683,0
17973,939,32722,32817,32759,32763,32765,32767,55683,0
17974,938,32751,32797,32760,32762,32765,32766,55682,0
17975,938,32745,32831,32760,32763,32765,32766,55683,0
17976,943,32700,32838,32760,32762,32764,32766,55685,1
17977,943,32703,32852,32760,32763,32764,32766,55683,0
17978,938,32747,32802,32760,32763,32764,32766,55682,0
17979,939,32753,32799,32760,32763,32765,32766,55682,1
17980,938,32706,32836,32760,32763,32764,32766,55684,0
17981,942,32755,32848,32760,32763,32763,32766,55683,2
17982,938,32761,32849,32760,32763,32764,32767,55683,0
17983,939,32712,32828,32760,32763,32765,32767,55683,0
17984,938,32734,32798,32759,32763,32765,32766,55683,0
17985,938,32758,32832,32760,32762,32765,32767,55683,0
17986,943,32740,32844,32760,32762,32765,32767,55681,0
17987,938,32706,32829,32760,32764,32764,32767,55682,1
17988,938,32775,32828,32760,32764,32765,32767,55683,0
17989,938,32749,32820,32759,32762,32764,32767,55683,0
17990,939,32719,32839,32761,32763,32764,32766,55682,0
17991,942,32727,32834,32760,32762,32764,32767,55683,0
17992,938,32762,32835,32760,32763,32765,32767,55682,1
17993,943,32740,32812,32760,32763,32765,32767,55683,0
17994,943,32695,32813,32760,32763,32764,32767,55683,0
17995,938,32736,32832,32760,32762,32764,32766,55682,0
17996,943,32757,32835,32760,32762,32764,32766,55683,0
17997,938,32723,32823,32760,32763,32764,32767,55683,0
17998,938,32699,32783,32760,32762,32765,32767,55683,0
17999,938,32740,32819,32760,32762,32764,32766,55683,0
18000,939,32747,32843,32759,32763,32764,32767,55683,0
18001,942,32696,32842,32760,32762,32765,32767,55682,1
18002,938,32750,32821,32759,32764,32765,32765,55683,0
18003,939,32745,32801,32761,32763,32764,32767,55684,0
18004,938,32731,32817,32761,32763,32765,32767,55682,1
18005,938,32725,32823,32761,32763,32764,32767,55681,0
18006,942,32754,32838,32761,32762,32764,32767,55682,0
18007,938,32759,32827,32759,32763,32765,32766,55681,0
18008,938,32704,32794,32760,32762,32764,32766,55683,0
18009,939,32759,32841,32759,32763,32764,32766,55682,0
18010,943,32763,32835,32760,32763,32765,32766,55683,5
18011,942,32735,32841,32760,32762,32765,32767,55683,1
18012,939,32706,32807,32759,32764,32763,32767,55683,0
18013,938,32764,32803,32760,32764,32765,32766,55682,1
18014,938,32746,32848,32760,32763,32763,32767,55683,0
18015,938,32718,32830,32760,32762,32764,32767,55683,0
18016,942,32744,32830,32759,32763,32765,32766,55682,0
18017,938,32763,32811,32759,32763,32765,32766,55682,0
18018,939,32742,32809,32759,32763,32765,32766,55683,0
18019,938,32709,32836,32761,32763,32764,32767,55684,0
18020,938,32749,32848,32760,32762,32765,32767,55682,0
18021,943,32757,32834,32760,32762,32764,32766,55682,1
18022,938,32714,32794,32760,32763,32765,32767,55683,0
18023,938,32757,32824,32759,32764,32764,32766,55682,0
18024,938,32746,32838,32759,32763,32764,32767,55683,0
18025,939,32731,32834,32760,32763,32765,32766,55684,0
18026,947,32720,32801,32759,32763,32766,32766,55683,0
18027,938,32759,32805,32759,32763,32764,32767,55684,0
18028,938,32761,32828,32759,32763,32765,32767,55683,0
18029,939,32696,32836,32760,32763,32764,32766,55682,0
18030,938,32756,32815,32760,32763,32765,32767,55683,3
18031,942,32760,32817,32761,32764,32764,32766,55683,1
18032,938,32742,32797,32760,32762,32764,32766,55682,1
18033,939,32722,32803,32760,32763,32764,32766,55682,1
18034,938,32780,32815,32760,32763,32765,32766,55683,0
18035,938,32746,32820,32760,32762,32765,32766,55683,0
18036,943,32703,32810,32760,32761,32765,32765,55683,0
18037,938,32743,32783,32760,32762,32765,32766,55684,0
18038,938,32760,32826,32760,32762,32764,32766,55683,0
18039,938,32728,32833,32761,32763,32764,32767,55683,0
18040,939,32732,32804,32760,32763,32765,32767,55683,0
18041,942,32762,32799,32760,32763,32764,32767,55684,1
18042,938,32746,32818,32760,32763,32763,32767,55682,0
18043,938,32723,32838,32760,32762,32765,32766,55683,1
18044,938,32760,32824,32760,32763,32764,32766,55683,0
18045,939,32746,32823,32759,32764,32763,32766,55683,0
18046,942,32728,32804,32760,32764,32763,32767,55683,0
18047,938,32730,32813,32760,32764,32765,32767,55682,1
18048,939,32757,32825,32759,32762,32765,32766,55683,0
18049,938,32758,32827,32760,32763,32765,32767,55682,1
18050,938,32722,32788,32760,32763,32765,32767,55682,0
18051,942,32753,32776,32760,32763,32764,32767,55683,0
18052,938,32751,32812,32760,32763,32764,32766,55683,0
18053,939,32720,32828,32759,32763,32765,32766,55683,0
18054,938,32734,32814,32760,32763,32765,32766,55683,1
18055,938,32756,32799,32759,32763,32763,32767,55683,1
18056,943,32747,32806,32760,32762,32764,32767,55683,0
18057,938,32710,32838,32760,32762,32764,32767,55685,0
18058,938,32748,32829,32760,32763,32764,32767,55683,1
18059,943,32763,32824,32760,32763,32765,32765,55684,0
18060,938,32740,32803,32760,32762,32764,32766,55682,0
18061,942,32714,32810,32760,32763,32764,32766,55683,1
18062,939,32759,32834,32760,32763,32765,32766,55683,0
18063,938,32754,32831,32759,32763,32765,32767,55682,0
18064,938,32704,32808,32760,32763,32764,32767,55683,0
18065,939,32762,32791,32759,32763,32764,32766,55683,0
18066,942,32748,32810,32760,32762,32765,32765,55683,0
18067,938,32721,32840,32760,32762,32763,32767,55682,0
18068,938,32738,32822,32760,32764,32764,32765,55684,0
18069,939,32764,32819,32760,32763,32764,32767,55682,1
18070,938,32725,32803,32759,32762,32763,32766,55680,0
18071,942,32701,32818,32760,32763,32764,32767,55683,0
18072,939,32752,32847,32760,32763,32766,32767,55683,1
18073,938,32751,32842,32760,32763,32764,32767,55682,0
18074,938,32724,32806,32760,32762,32765,32766,55683,0
18075,944,32715,32794,32760,32763,32764,32767,55682,0
18076,942,32759,32812,32761,32763,32764,32766,55684,0
18077,938,32749,32835,32760,32764,32763,32766,55682,0
18078,938,32689,32817,32760,32763,32765,32767,55682,0
18079,939,32733,32791,32759,32762,32765,32766,55683,0
18080,938,32745,32804,32760,32764,32764,32767,55683,0
18081,942,32734,32850,32761,32764,32764,32766,55682,0
18082,938,32713,32827,32760,32763,32765,32766,55684,0
18083,938,32740,32833,32760,32763,32764,32766,55682,1
18084,939,32741,32809,32760,32764,32764,32766,55684,1
18085,938,32708,32814,32760,32763,32764,32766,55681,0
18086,942,32735,32829,32761,32764,32765,32767,55680,0
18087,939,32759,32828,32760,32763,32765,32766,55683,0
18088,938,32726,32811,32759,32762,32765,32766,55682,1
18089,938,32714,32796,32761,32762,32764,32766,55683,0
18090,938,32747,32838,32759,32764,32764,32767,55683,0
18091,943,32753,32844,32760,32763,32765,32766,55683,0
18092,949,32701,32832,32760,32763,32764,32766,55683,0
18093,938,32718,32797,32759,32763,32765,32767,55683,0
18094,938,32740,32774,32760,32763,32764,32766,55683,0
18095,938,32725,32815,32760,32762,32764,32767,55682,1
18096,943,32723,32825,32759,32763,32765,32767,55682,0
18097,938,32734,32824,32761,32763,32764,32765,55683,0
18098,938,32746,32814,32760,32764,32764,32767,55683,0
18099,939,32712,32782,32760,32762,32764,32766,55682,0
18100,938,32736,32802,32759,32763,32765,32766,55683,0
18101,942,32754,32844,32760,32763,32764,32766,55682,0
18102,939,32740,32832,32760,32762,32764,32766,55686,0
18103,938,32704,32789,32761,32764,32765,32766,55684,0
18104,938,32735,32810,32760,32763,32764,32766,55683,1
18105,938,32758,32842,32760,32763,32764,32766,55684,0
18106,942,32724,32825,32760,32763,32765,32767,55683,0
18107,939,32753,32812,32758,32762,32765,32767,55683,0
18108,938,32748,32798,32760,32763,32765,32767,55681,0
18109,938,32720,32824,32760,32762,32764,32767,55683,2
18110,938,32719,32839,32760,32762,32764,32766,55682,0
18111,942,32771,32820,32760,32762,32765,32765,55683,0
18112,938,32746,32810,32760,32762,32765,32767,55681,0
18113,939,32703,32783,32761,32763,32765,32766,55683,2
18114,938,32762,32809,32761,32764,32765,32766,55683,1
18115,938,32746,32851,32760,32763,32763,32766,55683,0
18116,943,32735,32840,32760,32764,32765,32765,55683,1
18117,938,32712,32811,32760,32763,32764,32767,55683,0
18118,938,32739,32797,32760,32763,32764,32767,55682,0
18119,938,32732,32834,32759,32763,32765,32767,55683,0
18120,939,32706,32844,32760,32763,32765,32767,55683,1
18121,942,32739,32832,32759,32763,32764,32767,55684,1
18122,938,32747,32820,32760,32763,32765,32767,55684,0
18123,939,32723,32811,32760,32763,32764,32768,55683,1
18124,938,32703,32832,32760,32763,32764,32766,55684,0
18125,949,32746,32837,32760,32763,32764,32767,55683,0
18126,942,32753,32833,32760,32763,32764,32767,55685,1
18127,938,32724,32820,32761,32763,32764,32766,55683,0
18128,938,32721,32791,32760,32764,32765,32766,55683,0
18129,938,32774,32834,32759,32763,32765,32766,55683,0
18130,939,32750,32834,32759,32762,32764,32767,55684,0
18131,941,32722,32816,32759,32764,32765,32766,55683,0
18132,939,32748,32808,32759,32762,32765,32767,55684,0
18133,938,32741,32807,32760,32764,32765,32767,55682,0
18134,938,32710,32827,32761,32763,32764,32766,55684,0
18135,938,32742,32827,32759,32764,32765,32767,55684,0
18136,943,32757,32830,32759,32762,32764,32766,55683,0
18137,938,32745,32801,32760,32763,32765,32767,55683,0
18138,938,32715,32810,32760,32763,32765,32767,55683,0
18139,939,32758,32828,32759,32762,32764,32766,55684,0
18140,938,32759,32843,32760,32764,32765,32767,55683,0
18141,942,32710,32803,32760,32763,32764,32768,55683,0
18142,938,32733,32786,32760,32762,32765,32766,55684,0
18143,938,32748,32823,32760,32763,32763,32766,55684,0
18144,938,32731,32837,32760,32762,32765,32766,55683,0
18145,939,32700,32822,32760,32763,32764,32766,55684,0
18146,942,32754,32813,32760,32763,32763,32767,55683,1
18147,938,32746,32809,32760,32764,32765,32767,55683,0
18148,938,32719,32837,32759,32763,32765,32766,55685,0
18149,939,32754,32824,32761,32762,32764,32765,55683,0
18150,938,32758,32826,32760,32764,32765,32767,55683,0
18151,939,32731,32795,32759,32763,32764,32766,55684,0
18152,942,32706,32831,32759,32763,32764,32766,55683,1
18153,938,32741,32856,32760,32763,32766,32766,55683,0
18154,938,32751,32826,32758,32763,32764,32766,55683,1
18155,938,32709,32811,32760,32763,32765,32766,55683,1
18156,943,32734,32796,32759,32762,32764,32767,55683,0
18157,938,32762,32828,32760,32762,32764,32766,55683,1
18158,944,32718,32830,32759,32764,32763,32766,55683,0
18159,938,32695,32830,32760,32763,32765,32766,55683,1
18160,938,32759,32822,32761,32763,32765,32767,55683,0
18161,942,32745,32818,32759,32763,32766,32767,55682,0
18162,938,32717,32821,32760,32763,32764,32766,55682,0
18163,938,32736,32831,32760,32763,32764,32767,55683,0
18164,939,32740,32827,32760,32763,32764,32767,55683,0
18165,938,32731,32813,32760,32763,32764,32767,55683,0
18166,942,32706,32789,32759,32763,32765,32766,55684,0
18167,939,32744,32823,32760,32764,32765,32766,55683,1
18168,938,32744,32852,32760,32762,32765,32766,55683,0
18169,938,32702,32839,32760,32763,32764,32767,55683,0
18170,938,32737,32792,32760,32764,32764,32766,55683,0
18171,940,32747,32819,32759,32764,32764,32766,55682,1
18172,941,32729,32840,32760,32763,32765,32766,55683,1
18173,938,32706,32838,32761,32763,32764,32766,55683,1
18174,944,32732,32832,32760,32763,32765,32767,55683,0
18175,938,32737,32820,32761,32763,32765,32766,55683,1
18176,942,32715,32810,32760,32763,32764,32767,55683,1
18177,939,32725,32836,32760,32764,32764,32767,55683,0
18178,938,32754,32841,32759,32763,32765,32767,55683,0
18179,938,32739,32829,32760,32763,32764,32767,55689,0
18180,939,32700,32796,32760,32763,32765,32767,55683,1
18181,942,32744,32817,32760,32763,32763,32767,55682,0
18182,938,32739,32847,32759,32763,32765,32767,55683,0
18183,938,32719,32834,32760,32763,32764,32765,55683,0
18184,939,32726,32791,32760,32763,32764,32767,55683,2
18185,938,32751,32812,32761,32762,32765,32767,55683,0
18186,942,32755,32834,32760,32763,32764,32767,55685,0
18187,938,32713,32831,32760,32763,32765,32767,55683,0
18188,938,32744,32830,32760,32763,32765,32766,55684,0
18189,939,32738,32796,32760,32763,32764,32766,55684,0
18190,938,32704,32803,32760,32763,32765,32766,55683,0
18191,948,32743,32819,32760,32763,32765,32767,55684,0
18192,938,32755,32842,32760,32762,32765,32766,55684,1
18193,938,32745,32850,32760,32762,32763,32766,55684,0
18194,938,32709,32804,32760,32763,32765,32767,55683,0
18195,938,32753,32807,32760,32763,32764,32766,55684,0
18196,943,32757,32840,32759,32763,32764,32766,55684,2
18197,938,32704,32846,32759,32764,32764,32766,55683,0
18198,938,32731,32814,32761,32762,32763,32767,55684,0
18199,939,32750,32807,32760,32763,32765,32766,55684,4
18200,938,32716,32801,32760,32762,32765,32766,55684,0
18201,942,32710,32852,32760,32763,32765,32766,55684,0
18202,939,32755,32856,32759,32762,32764,32766,55685,1
18203,938,32757,32825,32760,32764,32765,32766,55684,0
18204,938,32711,32798,32761,32764,32765,32766,55684,0
18205,938,32738,32812,32759,32763,32764,32767,55683,0
18206,943,32756,32835,32760,32764,32765,32768,55684,0
18207,944,32754,32829,32761,32763,32764,32767,55683,0
18208,943,32716,32830,32760,32764,32764,32766,55685,0
18209,938,32744,32795,32761,32763,32764,32766,55684,0
18210,939,32751,32815,32760,32763,32765,32767,55683,1
18211,942,32762,32840,32759,32764,32764,32767,55684,0
18212,938,32707,32835,32760,32762,32764,32767,55683,0
18213,939,32762,32818,32760,32763,32765,32767,55684,0
18214,938,32758,32807,32760,32763,32764,32766,55683,1
18215,938,32711,32835,32759,32762,32764,32766,55684,1
18216,949,32735,32837,32759,32763,32765,32767,55685,0
18217,942,32755,32836,32760,32763,32763,32766,55684,0
18218,938,32757,32828,32760,32763,32764,32766,55684,0
18219,938,32694,32798,32760,32762,32764,32768,55682,0
18220,938,32745,32817,32760,32763,32764,32766,55684,1
18221,943,32762,32838,32760,32762,32764,32767,55684,1
18222,938,32727,32839,32759,32764,32764,32768,55684,0
18223,938,32722,32807,32760,32764,32764,32767,55683,0
18224,944,32748,32786,32760,32763,32763,32767,55685,0
18225,938,32748,32822,32760,32763,32765,32767,55684,0
18226,942,32701,32849,32759,32762,32764,32768,55684,0
18227,939,32738,32831,32759,32763,32765,32766,55684,0
18228,938,32750,32826,32760,32763,32765,32766,55684,0
18229,938,32733,32799,32760,32762,32765,32767,55684,0
18230,938,32724,32819,32759,32764,32765,32766,55683,0
18231,943,32756,32848,32760,32763,32765,32767,55684,0
18232,938,32751,32832,32759,32763,32765,32766,55685,0
18233,938,32699,32825,32759,32763,32765,32766,55684,1
18234,939,32723,32795,32760,32763,32766,32766,55683,0
18235,938,32740,32841,32761,32763,32765,32768,55683,0
18236,942,32728,32831,32761,32762,32764,32767,55685,0
18237,938,32705,32825,32760,32764,32765,32767,55683,0
18238,939,32745,32807,32760,32764,32764,32767,55683,0
18239,938,32733,32805,32760,32763,32764,32767,55684,2
18240,938,32687,32835,32760,32763,32764,32767,55683,0
18241,942,32720,32836,32761,32763,32764,32766,55684,0
18242,938,32743,32829,32760,32763,32764,32767,55684,0
18243,938,32724,32799,32760,32764,32764,32767,55687,1
18244,938,32721,32821,32759,32762,32764,32766,55684,0
18245,939,32750,32844,32760,32763,32765,32767,55684,0
18246,942,32743,32847,32760,32764,32765,32766,55685,0
18247,938,32698,32823,32760,32763,32765,32767,55683,0
18248,938,32747,32803,32761,32762,32765,32767,55684,0
18249,939,32761,32832,32760,32763,32764,32767,55684,1
18250,938,32708,32840,32760,32763,32764,32767,55684,0
18251,943,32708,32818,32759,32763,32765,32767,55683,0
18252,938,32765,32818,32759,32764,32765,32767,55684,0
18253,938,32737,32808,32759,32764,32764,32767,55684,3
18254,938,32703,32834,32760,32762,32765,32766,55684,0
18255,939,32761,32822,32759,32762,32764,32767,55685,0
18256,942,32768,32825,32760,32763,32764,32766,55684,0
18257,942,32721,32805,32760,32763,32763,32766,55684,0
18258,938,32715,32797,32759,32763,32765,32767,55683,0
18259,938,32764,32851,32759,32763,32764,32766,55684,1
18260,938,32741,32840,32759,32763,32765,32766,55683,0
18261,943,32711,32838,32759,32764,32764,32766,55683,0
18262,938,32736,32815,32760,32764,32765,32766,55682,0
18263,938,32754,32831,32759,32763,32764,32767,55684,1
18264,939,32715,32852,32759,32762,32765,32767,55685,3
18265,938,32729,32836,32759,32763,32765,32768,55684,0
18266,942,32745,32831,32760,32763,32764,32766,55683,1
18267,939,32727,32804,32759,32763,32764,32766,55684,0
18268,938,32691,32828,32760,32763,32764,32768,55684,0
18269,938,32741,32851,32760,32763,32765,32767,55685,2
18270,938,32739,32829,32759,32763,32764,32767,55684,1
18271,943,32716,32817,32759,32762,32765,32767,55683,0
18272,938,32726,32804,32760,32763,32763,32767,55684,0
18273,938,32752,32828,32759,32763,32764,32767,55684,0
18274,938,32747,32849,32759,32763,32765,32767,55686,0
18275,938,32711,32822,32760,32763,32764,32766,55685,0
18276,4121,32733,32809,32759,32765,32765,32767,55683,0
18277,943,32704,32814,32759,32762,32765,32767,55684,0
18278,938,32735,32825,32760,32763,32764,32766,55683,0
18279,939,32765,32833,32760,32763,32764,32767,55683,0
18280,938,32727,32825,32760,32763,32766,32767,55683,1
18281,943,32691,32801,32760,32763,32764,32767,55684,0
18282,938,32744,32844,32760,32764,32764,32766,55684,0
18283,938,32760,32860,32761,32763,32764,32767,55684,0
18284,938,32707,32844,32761,32763,32765,32767,55684,0
18285,939,32737,32812,32759,32763,32763,32766,55684,0
18286,942,32760,32805,32759,32764,32765,32767,55684,0
18287,938,32726,32842,32760,32762,32763,32767,55684,0
18288,938,32710,32827,32761,32763,32764,32767,55684,0
18289,939,32755,32834,32760,32762,32764,32766,55685,1
18290,938,32753,32800,32760,32763,32764,32766,55684,0
18291,942,32685,32792,32761,32763,32764,32766,55684,0
18292,938,32763,32850,32760,32761,32765,32767,55684,0
18293,943,32755,32845,32760,32763,32764,32766,55685,0
18294,938,32727,32821,32761,32764,32764,32766,55686,0
18295,938,32696,32799,32760,32762,32765,32766,55684,1
18296,943,32744,32810,32760,32763,32764,32766,55684,1
18297,938,32743,32841,32760,32763,32764,32767,55684,0
18298,938,32705,32833,32760,32764,32765,32768,55685,0
18299,938,32742,32828,32760,32762,32763,32767,55686,0
18300,939,32746,32804,32760,32763,32764,32766,55684,1
18301,942,32742,32827,32760,32762,32765,32766,55684,0
18302,938,32698,32864,32758,32763,32764,32767,55685,0
18303,939,32765,32833,32760,32764,32765,32767,55685,0
18304,938,32752,32829,32760,32764,32764,32768,55685,0
18305,938,32692,32819,32760,32762,32765,32766,55684,0
18306,939,32735,32832,32760,32763,32765,32766,55684,1
18307,942,32740,32845,32760,32763,32765,32767,55686,0
18308,938,32719,32839,32759,32763,32765,32767,55685,0
18309,944,32697,32816,32760,32763,32764,32767,55683,0
18310,938,32749,32821,32758,32763,32765,32767,55685,0
18311,942,32747,32861,32760,32764,32764,32766,55683,0
18312,938,32709,32851,32760,32764,32764,32765,55686,4
18313,939,32716,32841,32760,32763,32764,32766,55685,0
18314,938,32744,32808,32760,32763,32765,32767,55684,1
18315,938,32732,32832,32760,32763,32764,32766,55684,1
18316,943,32710,32851,32760,32763,32764,32767,55684,0
18317,938,32761,32848,32759,32763,32764,32766,55684,0
18318,938,32743,32847,32760,32763,32764,32766,55685,0
18319,939,32694,32820,32760,32764,32765,32767,55684,0
18320,938,32737,32830,32759,32763,32764,32766,55685,0
18321,942,32736,32847,32761,32763,32764,32766,55683,0
18322,938,32736,32852,32760,32764,32765,32767,55685,1
18323,939,32693,32802,32761,32763,32764,32767,55685,0
18324,938,32738,32791,32759,32763,32765,32767,55685,0
18325,938,32737,32837,32760,32763,32765,32767,55684,1
18326,948,32697,32844,32760,32763,32765,32766,55685,1
18327,938,32722,32821,32760,32762,32764,32765,55685,0
18328,938,32751,32841,32760,32763,32764,32767,55685,0
18329,939,32737,32817,32760,32763,32764,32767,55685,0
18330,938,32708,32837,32760,32763,32764,32767,55685,0
18331,942,32745,32837,32760,32762,32765,32766,55685,0
18332,938,32751,32851,32761,32762,32765,32767,55685,0
18333,939,32707,32814,32760,32763,32764,32767,55684,0
18334,938,32707,32802,32759,32763,32765,32767,55685,0
18335,938,32765,32852,32760,32764,32764,32766,55684,0
18336,942,32745,32847,32760,32764,32764,32766,55684,0
18337,939,32688,32817,32760,32763,32764,32768,55682,0
18338,938,32739,32806,32759,32762,32764,32767,55685,0
18339,938,32753,32828,32761,32763,32765,32767,55685,1
18340,938,32713,32842,32760,32763,32765,32767,55685,0
18341,943,32729,32838,32760,32764,32765,32766,55683,1
18342,938,32723,32826,32759,32763,32764,32767,55685,0
18343,938,32725,32801,32760,32762,32764,32767,55685,0
18344,938,32694,32832,32760,32763,32764,32766,55685,0
18345,938,32747,32843,32760,32763,32764,32767,55685,0
18346,942,32737,32849,32759,32763,32764,32767,55685,0
18347,938,32704,32830,32759,32763,32765,32766,55685,0
18348,939,32731,32814,32760,32763,32765,32765,55685,0
18349,938,32738,32844,32760,32763,32764,32767,55685,0
18350,938,32725,32843,32759,32763,32764,32767,55685,0
