date,time,time_passed_since_start,ADS Reading 1,Current 1,ADS Reading 2,Current 2,ADS Reading 3,Volts 1,Lost Data
2026-03-08,23:42:58.173892,0,29,0.10875,45,0.16875,2,0.0045,0
2026-03-08,23:42:58.173892,1039,30,0.1125,45,0.16875,3,0.00675,0
2026-03-08,23:42:58.173892,2070,29,0.10875,47,0.17625,5,0.01125,0
2026-03-08,23:42:58.173892,3101,29,0.10875,45,0.16875,2,0.0045,0
2026-03-08,23:42:58.173892,4132,29,0.10875,46,0.1725,3,0.00675,0
2026-03-08,23:43:03.369673,5296,28,0.105,46,0.1725,4,0.009,0
2026-03-08,23:43:03.369673,6327,29,0.10875,46,0.1725,2,0.0045,0
2026-03-08,23:43:03.369673,7357,29,0.10875,45,0.16875,3,0.00675,0
2026-03-08,23:43:03.369673,8387,28,0.105,48,0.18,3,0.00675,0
2026-03-08,23:43:03.369673,9417,29,0.10875,45,0.16875,3,0.00675,0
2026-03-08,23:43:08.688779,10570,29,0.10875,46,0.1725,4,0.009,0
2026-03-08,23:43:08.688779,11602,28,0.105,47,0.17625,3,0.00675,0
2026-03-08,23:43:08.688779,12633,30,0.1125,47,0.17625,5,0.01125,0
2026-03-08,23:43:08.688779,13664,30,0.1125,49,0.18375,4,0.009,0
2026-03-08,23:43:08.688779,14695,31,0.11625,49,0.18375,3,0.00675,0
2026-03-08,23:43:13.888955,15812,32,0.12,47,0.17625,4,0.009,0
2026-03-08,23:43:13.888955,16842,29,0.10875,47,0.17625,3,0.00675,0
2026-03-08,23:43:13.888955,17873,30,0.1125,48,0.18,2,0.0045,0
2026-03-08,23:43:13.888955,18904,31,0.11625,48,0.18,5,0.01125,0
2026-03-08,23:43:13.888955,19935,30,0.1125,50,0.1875,4,0.009,0
2026-03-08,23:43:19.124532,21022,30,0.1125,47,0.17625,4,0.009,0
2026-03-08,23:43:19.124532,22053,29,0.10875,49,0.18375,4,0.009,0
2026-03-08,23:43:19.124532,23084,31,0.11625,47,0.17625,4,0.009,0
2026-03-08,23:43:19.124532,24115,30,0.1125,49,0.18375,4,0.009,0
2026-03-08,23:43:19.124532,25145,31,0.11625,48,0.18,5,0.01125,0
2026-03-08,23:43:24.331473,26253,28,0.105,48,0.18,4,0.009,0
2026-03-08,23:43:24.331473,27284,30,0.1125,48,0.18,5,0.01125,0
2026-03-08,23:43:24.331473,28315,29,0.10875,48,0.18,3,0.00675,0
2026-03-08,23:43:24.331473,29345,31,0.11625,48,0.18,4,0.009,0
2026-03-08,23:43:24.331473,30376,30,0.1125,48,0.18,4,0.009,0
2026-03-08,23:43:29.550624,31461,29,0.10875,45,0.16875,4,0.009,0
2026-03-08,23:43:29.550624,32493,31,0.11625,48,0.18,4,0.009,0
2026-03-08,23:43:29.550624,33525,30,0.1125,48,0.18,4,0.009,0
2026-03-08,23:43:29.550624,34556,31,0.11625,47,0.17625,4,0.009,0
2026-03-08,23:43:29.550624,35587,30,0.1125,51,0.19125,2,0.0045,0
2026-03-08,23:43:34.803101,36687,29,0.10875,47,0.17625,2,0.0045,0
2026-03-08,23:43:34.803101,37720,30,0.1125,48,0.18,4,0.009,0
2026-03-08,23:43:34.803101,38752,31,0.11625,49,0.18375,3,0.00675,0
2026-03-08,23:43:34.803101,39782,30,0.1125,49,0.18375,5,0.01125,0
2026-03-08,23:43:34.803101,40813,30,0.1125,47,0.17625,5,0.01125,0
2026-03-08,23:43:40.018656,41922,27,0.10125,49,0.18375,3,0.00675,0
2026-03-08,23:43:40.018656,42953,30,0.1125,49,0.18375,4,0.009,0
2026-03-08,23:43:40.018656,43984,28,0.105,49,0.18375,3,0.00675,0
2026-03-08,23:43:40.018656,45014,30,0.1125,49,0.18375,4,0.009,0
2026-03-08,23:43:40.018656,46045,31,0.11625,49,0.18375,4,0.009,0
2026-03-08,23:43:45.227143,47141,28,0.105,47,0.17625,4,0.009,0
2026-03-08,23:43:45.227143,48173,31,0.11625,48,0.18,5,0.01125,0
2026-03-08,23:43:45.227143,49204,30,0.1125,46,0.1725,3,0.00675,0
2026-03-08,23:43:45.227143,50235,27,0.10125,47,0.17625,4,0.009,0
2026-03-08,23:43:45.227143,51266,29,0.10875,47,0.17625,3,0.00675,0
2026-03-08,23:43:50.439245,52359,29,0.10875,47,0.17625,2,0.0045,0
2026-03-08,23:43:50.439245,53390,30,0.1125,47,0.17625,3,0.00675,0
2026-03-08,23:43:50.439245,54421,31,0.11625,49,0.18375,3,0.00675,0
2026-03-08,23:43:50.439245,55452,30,0.1125,50,0.1875,4,0.009,0
2026-03-08,23:43:50.439245,56482,30,0.1125,49,0.18375,5,0.01125,0
2026-03-08,23:43:55.683751,57573,30,0.1125,50,0.1875,4,0.009,0
2026-03-08,23:43:55.683751,58606,31,0.11625,47,0.17625,4,0.009,0
2026-03-08,23:43:55.683751,59639,29,0.10875,46,0.1725,3,0.00675,0
2026-03-08,23:43:55.683751,60669,30,0.1125,51,0.19125,3,0.00675,0
2026-03-08,23:43:55.683751,61700,30,0.1125,48,0.18,3,0.00675,0
2026-03-08,23:44:00.903768,62809,29,0.10875,49,0.18375,3,0.00675,0
2026-03-08,23:44:00.903768,63843,30,0.1125,48,0.18,2,0.0045,0
2026-03-08,23:44:00.903768,64873,29,0.10875,47,0.17625,3,0.00675,0
2026-03-08,23:44:00.903768,65904,30,0.1125,48,0.18,3,0.00675,0
2026-03-08,23:44:00.903768,66934,31,0.11625,48,0.18,4,0.009,0
2026-03-08,23:44:06.127371,68029,30,0.1125,49,0.18375,4,0.009,0
2026-03-08,23:44:06.127371,69061,29,0.10875,49,0.18375,3,0.00675,0
2026-03-08,23:44:06.127371,70092,31,0.11625,48,0.18,4,0.009,0
2026-03-08,23:44:06.127371,71122,30,0.1125,49,0.18375,4,0.009,0
2026-03-08,23:44:06.127371,72152,31,0.11625,50,0.1875,3,0.00675,0
2026-03-08,23:44:11.332164,73247,28,0.105,48,0.18,5,0.01125,0
2026-03-08,23:44:11.332164,74280,29,0.10875,46,0.1725,3,0.00675,0
2026-03-08,23:44:11.332164,75311,29,0.10875,50,0.1875,3,0.00675,0
2026-03-08,23:44:11.332164,76342,31,0.11625,50,0.1875,4,0.009,0
2026-03-08,23:44:11.332164,77372,32,0.12,48,0.18,2,0.0045,0
2026-03-08,23:44:16.551598,78470,30,0.1125,48,0.18,4,0.009,0
2026-03-08,23:44:16.551598,79503,29,0.10875,48,0.18,2,0.0045,0
2026-03-08,23:44:16.551598,80534,31,0.11625,48,0.18,3,0.00675,0
2026-03-08,23:44:16.551598,81564,29,0.10875,50,0.1875,3,0.00675,0
2026-03-08,23:44:16.551598,82595,31,0.11625,47,0.17625,3,0.00675,0
2026-03-08,23:44:21.801362,83687,31,0.11625,49,0.18375,5,0.01125,0
2026-03-08,23:44:21.801362,84720,31,0.11625,48,0.18,5,0.01125,0
2026-03-08,23:44:21.801362,85752,28,0.105,47,0.17625,4,0.009,0
2026-03-08,23:44:21.801362,86783,29,0.10875,51,0.19125,3,0.00675,0
2026-03-08,23:44:21.801362,87814,30,0.1125,46,0.1725,3,0.00675,0
2026-03-08,23:44:26.997854,88932,30,0.1125,49,0.18375,4,0.009,0
2026-03-08,23:44:26.997854,89962,28,0.105,48,0.18,4,0.009,0
2026-03-08,23:44:26.997854,90993,31,0.11625,49,0.18375,4,0.009,0
2026-03-08,23:44:26.997854,92024,29,0.10875,49,0.18375,5,0.01125,0
2026-03-08,23:44:26.997854,93054,31,0.11625,48,0.18,4,0.009,0
2026-03-08,23:44:32.279319,94131,30,0.1125,48,0.18,4,0.009,0
2026-03-08,23:44:32.279319,95164,29,0.10875,46,0.1725,3,0.00675,0
2026-03-08,23:44:32.279319,96196,30,0.1125,46,0.1725,3,0.00675,0
2026-03-08,23:44:32.279319,97228,30,0.1125,48,0.18,4,0.009,0
2026-03-08,23:44:32.279319,98259,30,0.1125,50,0.1875,2,0.0045,0
2026-03-08,23:44:37.666965,99432,30,0.1125,50,0.1875,5,0.01125,0
2026-03-08,23:44:37.666965,100466,31,0.11625,48,0.18,4,0.009,0
2026-03-08,23:44:37.666965,101499,29,0.10875,49,0.18375,3,0.00675,0
2026-03-08,23:44:37.666965,102533,30,0.1125,47,0.17625,3,0.00675,0
2026-03-08,23:44:37.666965,103565,29,0.10875,47,0.17625,3,0.00675,0
2026-03-08,23:44:42.900634,104788,31,0.11625,47,0.17625,5,0.01125,0
2026-03-08,23:44:42.900634,105821,30,0.1125,49,0.18375,3,0.00675,0
2026-03-08,23:44:42.900634,106852,31,0.11625,47,0.17625,4,0.009,0
2026-03-08,23:44:42.900634,107882,28,0.105,48,0.18,4,0.009,0
2026-03-08,23:44:42.900634,108913,31,0.11625,48,0.18,2,0.0045,0
2026-03-08,23:44:48.133569,110023,29,0.10875,47,0.17625,4,0.009,0
2026-03-08,23:44:48.133569,111056,31,0.11625,48,0.18,3,0.00675,0
2026-03-08,23:44:48.133569,112086,29,0.10875,49,0.18375,3,0.00675,0
2026-03-08,23:44:48.133569,113117,30,0.1125,49,0.18375,3,0.00675,0
2026-03-08,23:44:48.133569,114147,30,0.1125,47,0.17625,3,0.00675,0
2026-03-08,23:44:53.339661,115268,31,0.11625,50,0.1875,3,0.00675,0
2026-03-08,23:44:53.339661,116299,29,0.10875,50,0.1875,3,0.00675,0
2026-03-08,23:44:53.339661,117330,31,0.11625,49,0.18375,3,0.00675,0
2026-03-08,23:44:53.339661,118360,30,0.1125,49,0.18375,3,0.00675,0
2026-03-08,23:44:53.339661,119390,30,0.1125,46,0.1725,4,0.009,0
2026-03-08,23:44:58.553872,120463,27,0.10125,49,0.18375,3,0.00675,0
2026-03-08,23:44:58.553872,121494,30,0.1125,47,0.17625,2,0.0045,0
2026-03-08,23:44:58.553872,122526,30,0.1125,50,0.1875,2,0.0045,0
2026-03-08,23:44:58.553872,123556,32,0.12,47,0.17625,3,0.00675,0
2026-03-08,23:44:58.553872,124586,30,0.1125,49,0.18375,4,0.009,0
2026-03-08,23:45:03.779262,125676,30,0.1125,47,0.17625,2,0.0045,0
2026-03-08,23:45:03.779262,126708,29,0.10875,47,0.17625,4,0.009,0
2026-03-08,23:45:03.779262,127741,31,0.11625,48,0.18,2,0.0045,0
2026-03-08,23:45:03.779262,128771,31,0.11625,47,0.17625,3,0.00675,0
2026-03-08,23:45:03.779262,129802,30,0.1125,50,0.1875,3,0.00675,0
2026-03-08,23:45:08.977148,130902,30,0.1125,48,0.18,5,0.01125,0
2026-03-08,23:45:08.977148,131934,29,0.10875,46,0.1725,4,0.009,0
2026-03-08,23:45:08.977148,132966,30,0.1125,50,0.1875,5,0.01125,0
2026-03-08,23:45:08.977148,133997,32,0.12,48,0.18,6,0.0135,0
2026-03-08,23:45:08.977148,135027,29,0.10875,50,0.1875,3,0.00675,0
2026-03-08,23:45:14.200826,136117,31,0.11625,48,0.18,3,0.00675,0
2026-03-08,23:45:14.200826,137151,30,0.1125,47,0.17625,5,0.01125,0
2026-03-08,23:45:14.200826,138184,31,0.11625,50,0.1875,4,0.009,0
2026-03-08,23:45:14.200826,139214,30,0.1125,48,0.18,4,0.009,0
2026-03-08,23:45:14.200826,140245,31,0.11625,50,0.1875,4,0.009,0
2026-03-08,23:45:19.462223,141340,32,0.12,48,0.18,4,0.009,0
2026-03-08,23:45:19.462223,142372,28,0.105,48,0.18,4,0.009,0
2026-03-08,23:45:19.462223,143404,30,0.1125,46,0.1725,4,0.009,0
2026-03-08,23:45:19.462223,144436,29,0.10875,47,0.17625,3,0.00675,0
2026-03-08,23:45:19.462223,145469,29,0.10875,46,0.1725,3,0.00675,0
2026-03-08,23:45:24.852889,146765,31,0.11625,48,0.18,3,0.00675,0
2026-03-08,23:45:24.852889,147798,29,0.10875,48,0.18,5,0.01125,0
2026-03-08,23:45:24.852889,148830,30,0.1125,49,0.18375,4,0.009,0
2026-03-08,23:45:24.852889,149862,31,0.11625,49,0.18375,4,0.009,0
2026-03-08,23:45:24.852889,150893,30,0.1125,49,0.18375,1,0.00225,0
2026-03-08,23:45:30.184128,151994,29,0.10875,47,0.17625,3,0.00675,0
2026-03-08,23:45:30.184128,153026,30,0.1125,48,0.18,5,0.01125,0
2026-03-08,23:45:30.184128,154058,29,0.10875,49,0.18375,4,0.009,0
2026-03-08,23:45:30.184128,155089,30,0.1125,49,0.18375,4,0.009,0
2026-03-08,23:45:30.184128,156119,30,0.1125,50,0.1875,4,0.009,0
2026-03-08,23:45:35.428836,157317,28,0.105,46,0.1725,3,0.00675,0
2026-03-08,23:45:35.428836,158348,30,0.1125,46,0.1725,3,0.00675,0
2026-03-08,23:45:35.428836,159379,29,0.10875,50,0.1875,3,0.00675,0
2026-03-08,23:45:35.428836,160411,30,0.1125,46,0.1725,3,0.00675,0
2026-03-08,23:45:35.428836,161441,29,0.10875,49,0.18375,3,0.00675,0
2026-03-08,23:45:40.643002,162579,29,0.10875,45,0.16875,2,0.0045,0
2026-03-08,23:45:40.643002,163609,28,0.105,46,0.1725,2,0.0045,0
2026-03-08,23:45:40.643002,164640,31,0.11625,49,0.18375,4,0.009,0
2026-03-08,23:45:40.643002,165671,31,0.11625,48,0.18,3,0.00675,0
2026-03-08,23:45:40.643002,166701,30,0.1125,48,0.18,3,0.00675,0
2026-03-08,23:45:45.844508,167770,29,0.10875,48,0.18,5,0.01125,0
2026-03-08,23:45:45.844508,168802,29,0.10875,48,0.18,5,0.01125,0
2026-03-08,23:45:45.844508,169833,29,0.10875,49,0.18375,4,0.009,0
2026-03-08,23:45:45.844508,170863,29,0.10875,47,0.17625,4,0.009,0
2026-03-08,23:45:45.844508,171894,30,0.1125,49,0.18375,5,0.01125,0
2026-03-08,23:45:51.063768,172982,31,0.11625,48,0.18,3,0.00675,0
2026-03-08,23:45:51.063768,174016,30,0.1125,46,0.1725,4,0.009,0
2026-03-08,23:45:51.063768,175047,29,0.10875,50,0.1875,3,0.00675,0
2026-03-08,23:45:51.063768,176078,31,0.11625,48,0.18,3,0.00675,0
2026-03-08,23:45:51.063768,177109,28,0.105,49,0.18375,2,0.0045,0
2026-03-08,23:45:56.285956,178198,31,0.11625,48,0.18,3,0.00675,0
2026-03-08,23:45:56.285956,179234,29,0.10875,48,0.18,3,0.00675,0
2026-03-08,23:45:56.285956,180266,29,0.10875,46,0.1725,5,0.01125,0
2026-03-08,23:45:56.285956,181297,30,0.1125,50,0.1875,5,0.01125,0
2026-03-08,23:45:56.285956,182328,30,0.1125,47,0.17625,3,0.00675,0
2026-03-08,23:46:01.539277,183412,28,0.105,47,0.17625,3,0.00675,0
2026-03-08,23:46:01.539277,184444,32,0.12,48,0.18,3,0.00675,0
2026-03-08,23:46:01.539277,185477,30,0.1125,49,0.18375,4,0.009,0
2026-03-08,23:46:01.539277,186510,30,0.1125,47,0.17625,3,0.00675,0
2026-03-08,23:46:01.539277,187542,30,0.1125,49,0.18375,3,0.00675,0
2026-03-08,23:46:06.754105,188701,30,0.1125,50,0.1875,4,0.009,0
2026-03-08,23:46:06.754105,189731,30,0.1125,50,0.1875,5,0.01125,0
2026-03-08,23:46:06.754105,190762,32,0.12,48,0.18,4,0.009,0
2026-03-08,23:46:06.754105,191792,29,0.10875,49,0.18375,3,0.00675,0
2026-03-08,23:46:06.754105,192823,30,0.1125,49,0.18375,3,0.00675,0
2026-03-08,23:46:12.017488,193915,30,0.1125,50,0.1875,3,0.00675,0
2026-03-08,23:46:12.017488,194945,30,0.1125,47,0.17625,4,0.009,0
2026-03-08,23:46:12.017488,195976,31,0.11625,49,0.18375,2,0.0045,0
2026-03-08,23:46:12.017488,197006,30,0.1125,48,0.18,4,0.009,0
2026-03-08,23:46:12.017488,198037,32,0.12,48,0.18,4,0.009,0
2026-03-08,23:46:17.301983,199178,31,0.11625,49,0.18375,3,0.00675,0
2026-03-08,23:46:17.301983,200211,33,0.12375,47,0.17625,3,0.00675,0
2026-03-08,23:46:17.301983,201244,29,0.10875,51,0.19125,3,0.00675,0
2026-03-08,23:46:17.301983,202276,31,0.11625,47,0.17625,4,0.009,0
2026-03-08,23:46:17.301983,203308,31,0.11625,52,0.195,4,0.009,0
2026-03-08,23:46:22.499177,204433,30,0.1125,46,0.1725,3,0.00675,0
2026-03-08,23:46:22.499177,205463,29,0.10875,50,0.1875,3,0.00675,0
2026-03-08,23:46:22.499177,206494,30,0.1125,48,0.18,3,0.00675,0
2026-03-08,23:46:22.499177,207524,30,0.1125,49,0.18375,4,0.009,0
2026-03-08,23:46:22.499177,208555,32,0.12,49,0.18375,4,0.009,0
2026-03-08,23:46:27.722852,209631,28,0.105,49,0.18375,4,0.009,0
2026-03-08,23:46:27.722852,210664,30,0.1125,50,0.1875,3,0.00675,0
2026-03-08,23:46:27.722852,211697,30,0.1125,47,0.17625,3,0.00675,0
2026-03-08,23:46:27.722852,212730,29,0.10875,50,0.1875,4,0.009,0
2026-03-08,23:46:27.722852,213760,30,0.1125,49,0.18375,4,0.009,0
2026-03-08,23:46:32.909108,214852,30,0.1125,50,0.1875,4,0.009,0
2026-03-08,23:46:32.909108,215885,31,0.11625,48,0.18,3,0.00675,0
2026-03-08,23:46:32.909108,216919,30,0.1125,46,0.1725,4,0.009,0
2026-03-08,23:46:32.909108,217951,29,0.10875,49,0.18375,3,0.00675,0
2026-03-08,23:46:32.909108,218981,31,0.11625,48,0.18,2,0.0045,0
2026-03-08,23:46:38.207548,220092,28,0.105,46,0.1725,3,0.00675,0
2026-03-08,23:46:38.207548,221125,31,0.11625,47,0.17625,3,0.00675,0
2026-03-08,23:46:38.207548,222155,29,0.10875,49,0.18375,3,0.00675,0
2026-03-08,23:46:38.207548,223186,32,0.12,47,0.17625,3,0.00675,0
2026-03-08,23:46:38.207548,224217,30,0.1125,50,0.1875,3,0.00675,0
2026-03-08,23:46:43.490554,225396,32,0.12,49,0.18375,4,0.009,0
2026-03-08,23:46:43.490554,226428,31,0.11625,48,0.18,3,0.00675,0
2026-03-08,23:46:43.490554,227460,30,0.1125,50,0.1875,2,0.0045,0
2026-03-08,23:46:43.490554,228493,30,0.1125,47,0.17625,3,0.00675,0
2026-03-08,23:46:43.490554,229525,30,0.1125,48,0.18,3,0.00675,0
2026-03-08,23:46:48.711772,230621,27,0.10125,48,0.18,4,0.009,0
2026-03-08,23:46:48.711772,231652,30,0.1125,50,0.1875,3,0.00675,0
2026-03-08,23:46:48.711772,232685,29,0.10875,50,0.1875,4,0.009,0
2026-03-08,23:46:48.711772,233719,29,0.10875,48,0.18,5,0.01125,0
2026-03-08,23:46:48.711772,234750,32,0.12,48,0.18,3,0.00675,0
2026-03-08,23:46:53.898373,235843,28,0.105,48,0.18,4,0.009,0
2026-03-08,23:46:53.898373,236874,29,0.10875,46,0.1725,5,0.01125,0
2026-03-08,23:46:53.898373,237906,28,0.105,46,0.1725,4,0.009,0
2026-03-08,23:46:53.898373,238938,30,0.1125,46,0.1725,4,0.009,0
2026-03-08,23:46:53.898373,239970,30,0.1125,47,0.17625,3,0.00675,0
2026-03-08,23:46:59.158423,241066,29,0.10875,49,0.18375,5,0.01125,0
2026-03-08,23:46:59.158423,242099,32,0.12,47,0.17625,4,0.009,0
2026-03-08,23:46:59.158423,243134,30,0.1125,48,0.18,5,0.01125,0
2026-03-08,23:46:59.158423,244166,30,0.1125,50,0.1875,4,0.009,0
2026-03-08,23:46:59.158423,245196,31,0.11625,48,0.18,4,0.009,0
2026-03-08,23:47:04.381404,246289,30,0.1125,48,0.18,2,0.0045,0
2026-03-08,23:47:04.381404,247322,31,0.11625,48,0.18,4,0.009,0
2026-03-08,23:47:04.381404,248356,31,0.11625,47,0.17625,4,0.009,0
2026-03-08,23:47:04.381404,249388,30,0.1125,49,0.18375,3,0.00675,0
2026-03-08,23:47:04.381404,250418,30,0.1125,50,0.1875,4,0.009,0
2026-03-08,23:47:09.618259,251520,31,0.11625,49,0.18375,3,0.00675,0
2026-03-08,23:47:09.618259,252555,30,0.1125,49,0.18375,5,0.01125,0
2026-03-08,23:47:09.618259,253587,29,0.10875,46,0.1725,4,0.009,0
2026-03-08,23:47:09.618259,254619,30,0.1125,50,0.1875,4,0.009,0
2026-03-08,23:47:09.618259,255649,30,0.1125,49,0.18375,3,0.00675,0
2026-03-08,23:47:14.846883,256751,32,0.12,47,0.17625,3,0.00675,0
2026-03-08,23:47:14.846883,257784,28,0.105,46,0.1725,2,0.0045,0
2026-03-08,23:47:14.846883,258816,31,0.11625,47,0.17625,3,0.00675,0
2026-03-08,23:47:14.846883,259847,31,0.11625,50,0.1875,5,0.01125,0
2026-03-08,23:47:14.846883,260877,31,0.11625,47,0.17625,5,0.01125,0
2026-03-08,23:47:20.153911,262052,31,0.11625,48,0.18,3,0.00675,0
2026-03-08,23:47:20.153911,263085,30,0.1125,51,0.19125,4,0.009,0
2026-03-08,23:47:20.153911,264118,31,0.11625,48,0.18,4,0.009,0
2026-03-08,23:47:20.153911,265151,30,0.1125,46,0.1725,3,0.00675,0
2026-03-08,23:47:20.153911,266183,31,0.11625,50,0.1875,3,0.00675,0
2026-03-08,23:47:25.337685,267289,31,0.11625,49,0.18375,3,0.00675,0
2026-03-08,23:47:25.337685,268322,29,0.10875,49,0.18375,5,0.01125,0
2026-03-08,23:47:25.337685,269356,31,0.11625,46,0.1725,4,0.009,0
2026-03-08,23:47:25.337685,270387,29,0.10875,49,0.18375,4,0.009,0
2026-03-08,23:47:25.337685,271417,33,0.12375,48,0.18,3,0.00675,0
2026-03-08,23:47:30.597302,272504,30,0.1125,48,0.18,4,0.009,0
2026-03-08,23:47:30.597302,273537,28,0.105,46,0.1725,4,0.009,0
2026-03-08,23:47:30.597302,274569,30,0.1125,50,0.1875,3,0.00675,0
2026-03-08,23:47:30.597302,275602,30,0.1125,46,0.1725,5,0.01125,0
2026-03-08,23:47:30.597302,276634,29,0.10875,48,0.18,4,0.009,0
2026-03-08,23:47:35.796510,277733,29,0.10875,49,0.18375,3,0.00675,0
2026-03-08,23:47:35.796510,278766,31,0.11625,48,0.18,3,0.00675,0
2026-03-08,23:47:35.796510,279799,29,0.10875,46,0.1725,3,0.00675,0
2026-03-08,23:47:35.796510,280832,30,0.1125,47,0.17625,3,0.00675,0
2026-03-08,23:47:35.796510,281862,31,0.11625,49,0.18375,4,0.009,0
2026-03-08,23:47:41.003658,282942,28,0.105,46,0.1725,4,0.009,0
2026-03-08,23:47:41.003658,283973,32,0.12,49,0.18375,4,0.009,0
2026-03-08,23:47:41.003658,285006,29,0.10875,49,0.18375,5,0.01125,0
2026-03-08,23:47:41.003658,286039,29,0.10875,50,0.1875,3,0.00675,0
2026-03-08,23:47:41.003658,287073,31,0.11625,48,0.18,4,0.009,0
2026-03-08,23:47:46.224739,288165,31,0.11625,48,0.18,4,0.009,0
2026-03-08,23:47:46.224739,289198,30,0.1125,50,0.1875,4,0.009,0
2026-03-08,23:47:46.224739,290231,32,0.12,48,0.18,5,0.01125,0
2026-03-08,23:47:46.224739,291264,29,0.10875,48,0.18,4,0.009,0
2026-03-08,23:47:46.224739,292296,32,0.12,48,0.18,3,0.00675,0
2026-03-08,23:47:51.505830,293388,30,0.1125,49,0.18375,3,0.00675,0
2026-03-08,23:47:51.505830,294421,29,0.10875,49,0.18375,2,0.0045,0
2026-03-08,23:47:51.505830,295454,32,0.12,48,0.18,3,0.00675,0
2026-03-08,23:47:51.505830,296487,29,0.10875,48,0.18,2,0.0045,0
2026-03-08,23:47:51.505830,297519,32,0.12,47,0.17625,4,0.009,0
2026-03-08,23:47:56.703890,298641,30,0.1125,47,0.17625,4,0.009,0
2026-03-08,23:47:56.703890,299672,30,0.1125,47,0.17625,2,0.0045,0
2026-03-08,23:47:56.703890,300705,29,0.10875,49,0.18375,2,0.0045,0
2026-03-08,23:47:56.703890,301735,31,0.11625,48,0.18,3,0.00675,0
2026-03-08,23:47:56.703890,302766,28,0.105,47,0.17625,3,0.00675,0
2026-03-08,23:48:01.926366,303854,28,0.105,47,0.17625,4,0.009,0
2026-03-08,23:48:01.926366,304885,30,0.1125,45,0.16875,3,0.00675,0
2026-03-08,23:48:01.926366,305916,29,0.10875,46,0.1725,5,0.01125,0
2026-03-08,23:48:01.926366,306946,30,0.1125,46,0.1725,3,0.00675,0
2026-03-08,23:48:01.926366,307977,29,0.10875,46,0.1725,3,0.00675,0
2026-03-08,23:48:07.148869,309082,31,0.11625,47,0.17625,5,0.01125,0
2026-03-08,23:48:07.148869,310114,29,0.10875,49,0.18375,4,0.009,0
2026-03-08,23:48:07.148869,311147,29,0.10875,46,0.1725,3,0.00675,0
2026-03-08,23:48:07.148869,312179,30,0.1125,48,0.18,2,0.0045,0
2026-03-08,23:48:07.148869,313209,31,0.11625,49,0.18375,3,0.00675,0
2026-03-08,23:48:12.410337,314305,30,0.1125,46,0.1725,3,0.00675,0
2026-03-08,23:48:12.410337,315337,28,0.105,47,0.17625,3,0.00675,0
2026-03-08,23:48:12.410337,316370,29,0.10875,48,0.18,3,0.00675,0
2026-03-08,23:48:12.410337,317401,31,0.11625,50,0.1875,5,0.01125,0
2026-03-08,23:48:12.410337,318431,28,0.105,49,0.18375,3,0.00675,0
2026-03-08,23:48:17.625631,319573,28,0.105,47,0.17625,3,0.00675,0
2026-03-08,23:48:17.625631,320604,30,0.1125,49,0.18375,5,0.01125,0
2026-03-08,23:48:17.625631,321634,31,0.11625,49,0.18375,5,0.01125,0
2026-03-08,23:48:17.625631,322665,30,0.1125,48,0.18,4,0.009,0
2026-03-08,23:48:17.625631,323695,29,0.10875,48,0.18,3,0.00675,0
2026-03-08,23:48:22.839311,324763,29,0.10875,47,0.17625,4,0.009,0
2026-03-08,23:48:22.839311,325794,29,0.10875,49,0.18375,5,0.01125,0
2026-03-08,23:48:22.839311,326825,29,0.10875,46,0.1725,5,0.01125,0
2026-03-08,23:48:22.839311,327856,30,0.1125,49,0.18375,4,0.009,0
2026-03-08,23:48:22.839311,328886,29,0.10875,46,0.1725,4,0.009,0
2026-03-08,23:48:28.068889,329977,29,0.10875,48,0.18,3,0.00675,0
2026-03-08,23:48:28.068889,331009,31,0.11625,46,0.1725,6,0.0135,0
2026-03-08,23:48:28.068889,332041,29,0.10875,48,0.18,4,0.009,0
2026-03-08,23:48:28.068889,333072,30,0.1125,48,0.18,3,0.00675,0
2026-03-08,23:48:28.068889,334103,31,0.11625,46,0.1725,3,0.00675,0
2026-03-08,23:48:33.259556,335208,31,0.11625,46,0.1725,4,0.009,0
2026-03-08,23:48:33.259556,336240,30,0.1125,49,0.18375,4,0.009,0
2026-03-08,23:48:33.259556,337271,31,0.11625,48,0.18,3,0.00675,0
2026-03-08,23:48:33.259556,338302,30,0.1125,49,0.18375,3,0.00675,0
2026-03-08,23:48:33.259556,339332,29,0.10875,49,0.18375,3,0.00675,0
2026-03-08,23:48:38.482992,340412,30,0.1125,50,0.1875,3,0.00675,0
2026-03-08,23:48:38.482992,341445,31,0.11625,46,0.1725,4,0.009,0
2026-03-08,23:48:38.482992,342477,28,0.105,48,0.18,3,0.00675,0
2026-03-08,23:48:38.482992,343510,30,0.1125,46,0.1725,2,0.0045,0
2026-03-08,23:48:38.482992,344540,30,0.1125,48,0.18,4,0.009,0
2026-03-08,23:48:43.710742,345640,30,0.1125,47,0.17625,5,0.01125,0
2026-03-08,23:48:43.710742,346671,29,0.10875,47,0.17625,3,0.00675,0
2026-03-08,23:48:43.710742,347702,30,0.1125,46,0.1725,4,0.009,0
2026-03-08,23:48:43.710742,348735,28,0.105,50,0.1875,5,0.01125,0
2026-03-08,23:48:43.710742,349765,31,0.11625,47,0.17625,5,0.01125,0
2026-03-08,23:48:48.935919,350860,28,0.105,45,0.16875,2,0.0045,0
2026-03-08,23:48:48.935919,351891,28,0.105,48,0.18,3,0.00675,0
2026-03-08,23:48:48.935919,352924,31,0.11625,47,0.17625,3,0.00675,0
2026-03-08,23:48:48.935919,353955,30,0.1125,46,0.1725,1,0.00225,0
2026-03-08,23:48:48.935919,354986,31,0.11625,48,0.18,4,0.009,0
2026-03-08,23:48:54.179151,356082,31,0.11625,47,0.17625,3,0.00675,0
2026-03-08,23:48:54.179151,357116,29,0.10875,47,0.17625,1,0.00225,0
2026-03-08,23:48:54.179151,358147,30,0.1125,47,0.17625,4,0.009,0
2026-03-08,23:48:54.179151,359178,31,0.11625,48,0.18,3,0.00675,0
2026-03-08,23:48:54.179151,360208,30,0.1125,49,0.18375,4,0.009,0
2026-03-08,23:48:59.372761,361318,30,0.1125,48,0.18,3,0.00675,0
2026-03-08,23:48:59.372761,362348,30,0.1125,47,0.17625,2,0.0045,0
2026-03-08,23:48:59.372761,363378,30,0.1125,46,0.1725,5,0.01125,0
2026-03-08,23:48:59.372761,364409,30,0.1125,47,0.17625,3,0.00675,0
2026-03-08,23:48:59.372761,365440,29,0.10875,48,0.18,4,0.009,0
2026-03-08,23:49:04.612819,366513,28,0.105,46,0.1725,3,0.00675,0
2026-03-08,23:49:04.612819,367544,31,0.11625,47,0.17625,3,0.00675,0
2026-03-08,23:49:04.612819,368579,29,0.10875,47,0.17625,3,0.00675,0
2026-03-08,23:49:04.612819,369611,29,0.10875,48,0.18,3,0.00675,0
2026-03-08,23:49:04.612819,370641,30,0.1125,46,0.1725,2,0.0045,0
2026-03-08,23:49:09.817572,371753,29,0.10875,47,0.17625,2,0.0045,0
2026-03-08,23:49:09.817572,372785,29,0.10875,46,0.1725,3,0.00675,0
2026-03-08,23:49:09.817572,373816,30,0.1125,49,0.18375,4,0.009,0
2026-03-08,23:49:09.817572,374846,29,0.10875,46,0.1725,3,0.00675,0
2026-03-08,23:49:09.817572,375877,30,0.1125,50,0.1875,4,0.009,0
2026-03-08,23:49:15.043025,376958,29,0.10875,46,0.1725,4,0.009,0
2026-03-08,23:49:15.043025,377990,29,0.10875,49,0.18375,6,0.0135,0
2026-03-08,23:49:15.043025,379024,29,0.10875,45,0.16875,3,0.00675,0
2026-03-08,23:49:15.043025,380056,29,0.10875,48,0.18,4,0.009,0
2026-03-08,23:49:15.043025,381086,29,0.10875,48,0.18,3,0.00675,0
2026-03-08,23:49:20.261750,382186,30,0.1125,51,0.19125,3,0.00675,0
2026-03-08,23:49:20.261750,383219,32,0.12,47,0.17625,3,0.00675,0
2026-03-08,23:49:20.261750,384252,29,0.10875,46,0.1725,3,0.00675,0
2026-03-08,23:49:20.261750,385284,29,0.10875,49,0.18375,2,0.0045,0
2026-03-08,23:49:20.261750,386315,30,0.1125,47,0.17625,4,0.009,0
2026-03-08,23:49:25.485286,387402,30,0.1125,47,0.17625,5,0.01125,0
2026-03-08,23:49:25.485286,388435,30,0.1125,45,0.16875,4,0.009,0
2026-03-08,23:49:25.485286,389467,29,0.10875,49,0.18375,4,0.009,0
2026-03-08,23:49:25.485286,390501,30,0.1125,47,0.17625,3,0.00675,0
2026-03-08,23:49:25.485286,391532,30,0.1125,49,0.18375,3,0.00675,0
2026-03-08,23:49:30.707007,392632,30,0.1125,50,0.1875,3,0.00675,0
2026-03-08,23:49:30.707007,393665,29,0.10875,48,0.18,4,0.009,0
2026-03-08,23:49:30.707007,394699,30,0.1125,47,0.17625,3,0.00675,0
2026-03-08,23:49:30.707007,395730,30,0.1125,48,0.18,3,0.00675,0
2026-03-08,23:49:30.707007,396760,30,0.1125,51,0.19125,4,0.009,0
2026-03-08,23:49:35.929046,397849,30,0.1125,48,0.18,5,0.01125,0
2026-03-08,23:49:35.929046,398882,29,0.10875,49,0.18375,3,0.00675,0
2026-03-08,23:49:35.929046,399915,30,0.1125,46,0.1725,3,0.00675,0
2026-03-08,23:49:35.929046,400948,29,0.10875,45,0.16875,4,0.009,0
2026-03-08,23:49:35.929046,401978,30,0.1125,50,0.1875,4,0.009,0
2026-03-08,23:49:41.116745,403076,28,0.105,46,0.1725,3,0.00675,0
2026-03-08,23:49:41.116745,404107,30,0.1125,48,0.18,4,0.009,0
2026-03-08,23:49:41.116745,405141,28,0.105,47,0.17625,3,0.00675,0
2026-03-08,23:49:41.116745,406173,29,0.10875,45,0.16875,3,0.00675,0
2026-03-08,23:49:41.116745,407204,30,0.1125,48,0.18,5,0.01125,0
2026-03-08,23:49:46.331119,408271,31,0.11625,47,0.17625,3,0.00675,0
2026-03-08,23:49:46.331119,409301,29,0.10875,50,0.1875,3,0.00675,0
2026-03-08,23:49:46.331119,410332,30,0.1125,48,0.18,4,0.009,0
2026-03-08,23:49:46.331119,411365,31,0.11625,49,0.18375,5,0.01125,0
2026-03-08,23:49:46.331119,412398,29,0.10875,51,0.19125,3,0.00675,0
2026-03-08,23:49:51.525657,413494,30,0.1125,49,0.18375,3,0.00675,0
2026-03-08,23:49:51.525657,414524,29,0.10875,46,0.1725,4,0.009,0
2026-03-08,23:49:51.525657,415555,28,0.105,48,0.18,3,0.00675,0
2026-03-08,23:49:51.525657,416586,30,0.1125,46,0.1725,4,0.009,0
2026-03-08,23:49:51.525657,417617,29,0.10875,46,0.1725,5,0.01125,0
2026-03-08,23:49:56.718575,418683,31,0.11625,48,0.18,4,0.009,0
2026-03-08,23:49:56.718575,419714,29,0.10875,50,0.1875,3,0.00675,0
2026-03-08,23:49:56.718575,420744,31,0.11625,49,0.18375,3,0.00675,0
2026-03-08,23:49:56.718575,421775,29,0.10875,49,0.18375,4,0.009,0
2026-03-08,23:49:56.718575,422805,30,0.1125,45,0.16875,4,0.009,0
2026-03-08,23:50:01.935389,423871,27,0.10125,46,0.1725,3,0.00675,0
2026-03-08,23:50:01.935389,424903,29,0.10875,45,0.16875,3,0.00675,0
2026-03-08,23:50:01.935389,425933,27,0.10125,47,0.17625,3,0.00675,0
2026-03-08,23:50:01.935389,426963,29,0.10875,45,0.16875,2,0.0045,0
2026-03-08,23:50:01.935389,427993,29,0.10875,46,0.1725,4,0.009,0
2026-03-08,23:50:07.124148,429082,29,0.10875,46,0.1725,3,0.00675,0
2026-03-08,23:50:07.124148,430113,31,0.11625,48,0.18,3,0.00675,0
2026-03-08,23:50:07.124148,431144,29,0.10875,46,0.1725,3,0.00675,0
2026-03-08,23:50:07.124148,432175,27,0.10125,48,0.18,2,0.0045,0
2026-03-08,23:50:07.124148,433205,30,0.1125,46,0.1725,3,0.00675,0
2026-03-08,23:50:12.307950,434281,29,0.10875,46,0.1725,2,0.0045,0
2026-03-08,23:50:12.307950,435312,28,0.105,47,0.17625,3,0.00675,0
2026-03-08,23:50:12.307950,436342,30,0.1125,47,0.17625,3,0.00675,0
2026-03-08,23:50:12.307950,437372,30,0.1125,47,0.17625,3,0.00675,0
2026-03-08,23:50:12.307950,438403,29,0.10875,46,0.1725,4,0.009,0
2026-03-08,23:50:17.510747,439469,29,0.10875,46,0.1725,4,0.009,0
2026-03-08,23:50:17.510747,440499,30,0.1125,47,0.17625,4,0.009,0
2026-03-08,23:50:17.510747,441529,30,0.1125,47,0.17625,2,0.0045,0
2026-03-08,23:50:17.510747,442560,29,0.10875,45,0.16875,4,0.009,0
2026-03-08,23:50:17.510747,443590,29,0.10875,46,0.1725,3,0.00675,0
2026-03-08,23:50:22.724935,444659,31,0.11625,47,0.17625,3,0.00675,0
2026-03-08,23:50:22.724935,445690,27,0.10125,48,0.18,3,0.00675,0
2026-03-08,23:50:22.724935,446721,31,0.11625,46,0.1725,2,0.0045,0
2026-03-08,23:50:22.724935,447751,28,0.105,48,0.18,3,0.00675,0
2026-03-08,23:50:22.724935,448781,29,0.10875,45,0.16875,4,0.009,0
2026-03-08,23:50:27.947339,449874,28,0.105,47,0.17625,4,0.009,0
2026-03-08,23:50:27.947339,450905,29,0.10875,46,0.1725,3,0.00675,0
2026-03-08,23:50:27.947339,451936,29,0.10875,47,0.17625,3,0.00675,0
2026-03-08,23:50:27.947339,452968,29,0.10875,47,0.17625,2,0.0045,0
2026-03-08,23:50:27.947339,453999,29,0.10875,48,0.18,4,0.009,0
2026-03-08,23:50:33.168254,455097,30,0.1125,49,0.18375,5,0.01125,0
2026-03-08,23:50:33.168254,456130,30,0.1125,49,0.18375,4,0.009,0
2026-03-08,23:50:33.168254,457163,30,0.1125,46,0.1725,4,0.009,0
2026-03-08,23:50:33.168254,458195,30,0.1125,48,0.18,3,0.00675,0
2026-03-08,23:50:33.168254,459226,31,0.11625,48,0.18,3,0.00675,0
2026-03-08,23:50:38.356480,460320,31,0.11625,49,0.18375,3,0.00675,0
2026-03-08,23:50:38.356480,461353,32,0.12,48,0.18,5,0.01125,0
2026-03-08,23:50:38.356480,462388,29,0.10875,47,0.17625,1,0.00225,0
2026-03-08,23:50:38.356480,463418,30,0.1125,47,0.17625,4,0.009,0
2026-03-08,23:50:38.356480,464449,29,0.10875,47,0.17625,3,0.00675,0
2026-03-08,23:50:43.538489,465515,29,0.10875,45,0.16875,4,0.009,0
2026-03-08,23:50:43.538489,466545,28,0.105,46,0.1725,3,0.00675,0
2026-03-08,23:50:43.538489,467575,29,0.10875,46,0.1725,4,0.009,0
2026-03-08,23:50:43.538489,468606,28,0.105,47,0.17625,3,0.00675,0
2026-03-08,23:50:43.538489,469636,31,0.11625,46,0.1725,3,0.00675,0
2026-03-08,23:50:48.736227,470702,31,0.11625,45,0.16875,4,0.009,0
2026-03-08,23:50:48.736227,471733,29,0.10875,47,0.17625,3,0.00675,0
2026-03-08,23:50:48.736227,472763,30,0.1125,46,0.1725,3,0.00675,0
2026-03-08,23:50:48.736227,473793,28,0.105,46,0.1725,4,0.009,0
2026-03-08,23:50:48.736227,474823,30,0.1125,46,0.1725,3,0.00675,0
2026-03-08,23:50:53.954217,475896,28,0.105,45,0.16875,5,0.01125,0
2026-03-08,23:50:53.954217,476927,28,0.105,45,0.16875,3,0.00675,0
2026-03-08,23:50:53.954217,477958,29,0.10875,45,0.16875,4,0.009,0
2026-03-08,23:50:53.954217,478988,28,0.105,45,0.16875,3,0.00675,0
2026-03-08,23:50:53.954217,480019,30,0.1125,46,0.1725,3,0.00675,0
2026-03-08,23:50:59.177517,481116,31,0.11625,45,0.16875,3,0.00675,0
2026-03-08,23:50:59.177517,482147,29,0.10875,46,0.1725,4,0.009,0
2026-03-08,23:50:59.177517,483178,31,0.11625,46,0.1725,4,0.009,0
2026-03-08,23:50:59.177517,484209,29,0.10875,46,0.1725,3,0.00675,0
2026-03-08,23:50:59.177517,485239,29,0.10875,45,0.16875,4,0.009,0
2026-03-08,23:51:04.399322,486343,29,0.10875,45,0.16875,2,0.0045,0
2026-03-08,23:51:04.399322,487374,29,0.10875,46,0.1725,3,0.00675,0
2026-03-08,23:51:04.399322,488405,28,0.105,46,0.1725,3,0.00675,0
2026-03-08,23:51:04.399322,489435,30,0.1125,45,0.16875,3,0.00675,0
2026-03-08,23:51:04.399322,490465,30,0.1125,48,0.18,3,0.00675,0
2026-03-08,23:51:09.622957,491561,28,0.105,45,0.16875,4,0.009,0
2026-03-08,23:51:09.622957,492592,29,0.10875,47,0.17625,4,0.009,0
2026-03-08,23:51:09.622957,493623,28,0.105,46,0.1725,3,0.00675,0
2026-03-08,23:51:09.622957,494654,28,0.105,47,0.17625,5,0.01125,0
2026-03-08,23:51:09.622957,495684,29,0.10875,46,0.1725,3,0.00675,0
2026-03-08,23:51:14.842630,496789,28,0.105,47,0.17625,4,0.009,0
2026-03-08,23:51:14.842630,497820,30,0.1125,45,0.16875,3,0.00675,0
2026-03-08,23:51:14.842630,498851,28,0.105,45,0.16875,3,0.00675,0
2026-03-08,23:51:14.842630,499882,30,0.1125,47,0.17625,4,0.009,0
2026-03-08,23:51:14.842630,500912,30,0.1125,47,0.17625,4,0.009,0
2026-03-08,23:51:20.065116,501991,29,0.10875,47,0.17625,5,0.01125,0
2026-03-08,23:51:20.065116,503022,28,0.105,47,0.17625,4,0.009,0
2026-03-08,23:51:20.065116,504052,29,0.10875,47,0.17625,3,0.00675,0
2026-03-08,23:51:20.065116,505082,28,0.105,47,0.17625,3,0.00675,0
2026-03-08,23:51:20.065116,506113,29,0.10875,46,0.1725,3,0.00675,0
2026-03-08,23:51:25.287669,507232,29,0.10875,47,0.17625,5,0.01125,0
2026-03-08,23:51:25.287669,508263,28,0.105,47,0.17625,3,0.00675,0
2026-03-08,23:51:25.287669,509294,30,0.1125,47,0.17625,4,0.009,0
2026-03-08,23:51:25.287669,510324,29,0.10875,48,0.18,4,0.009,0
2026-03-08,23:51:25.287669,511354,29,0.10875,46,0.1725,4,0.009,0
2026-03-08,23:51:30.511271,512451,31,0.11625,46,0.1725,2,0.0045,0
2026-03-08,23:51:30.511271,513481,29,0.10875,46,0.1725,3,0.00675,0
2026-03-08,23:51:30.511271,514513,30,0.1125,44,0.165,4,0.009,0
2026-03-08,23:51:30.511271,515543,27,0.10125,47,0.17625,4,0.009,0
2026-03-08,23:51:30.511271,516574,30,0.1125,45,0.16875,3,0.00675,0
2026-03-08,23:51:35.731685,517677,28,0.105,45,0.16875,2,0.0045,0
2026-03-08,23:51:35.731685,518708,28,0.105,46,0.1725,4,0.009,0
2026-03-08,23:51:35.731685,519739,28,0.105,48,0.18,3,0.00675,0
2026-03-08,23:51:35.731685,520769,29,0.10875,45,0.16875,5,0.01125,0
2026-03-08,23:51:35.731685,521800,28,0.105,48,0.18,3,0.00675,0
2026-03-08,23:51:40.952077,522881,28,0.105,46,0.1725,4,0.009,0
2026-03-08,23:51:40.952077,523912,29,0.10875,46,0.1725,3,0.00675,0
2026-03-08,23:51:40.952077,524942,29,0.10875,46,0.1725,3,0.00675,0
2026-03-08,23:51:40.952077,525973,28,0.105,48,0.18,3,0.00675,0
2026-03-08,23:51:40.952077,527003,29,0.10875,46,0.1725,5,0.01125,0
2026-03-08,23:51:46.175448,528102,29,0.10875,47,0.17625,3,0.00675,0
2026-03-08,23:51:46.175448,529133,28,0.105,48,0.18,4,0.009,0
2026-03-08,23:51:46.175448,530163,30,0.1125,47,0.17625,3,0.00675,0
2026-03-08,23:51:46.175448,531194,29,0.10875,47,0.17625,4,0.009,0
2026-03-08,23:51:46.175448,532224,30,0.1125,45,0.16875,6,0.0135,0
2026-03-08,23:51:51.401438,533326,28,0.105,47,0.17625,4,0.009,0
2026-03-08,23:51:51.401438,534358,29,0.10875,45,0.16875,3,0.00675,0
2026-03-08,23:51:51.401438,535388,29,0.10875,48,0.18,2,0.0045,0
2026-03-08,23:51:51.401438,536419,31,0.11625,45,0.16875,3,0.00675,0
2026-03-08,23:51:51.401438,537450,29,0.10875,47,0.17625,4,0.009,0
2026-03-08,23:51:56.625663,538553,28,0.105,46,0.1725,3,0.00675,0
2026-03-08,23:51:56.625663,539584,28,0.105,46,0.1725,3,0.00675,0
2026-03-08,23:51:56.625663,540615,30,0.1125,47,0.17625,4,0.009,0
2026-03-08,23:51:56.625663,541645,29,0.10875,48,0.18,4,0.009,0
2026-03-08,23:51:56.625663,542676,29,0.10875,45,0.16875,3,0.00675,0
2026-03-08,23:52:01.809894,543779,28,0.105,46,0.1725,4,0.009,0
2026-03-08,23:52:01.809894,544810,29,0.10875,46,0.1725,3,0.00675,0
2026-03-08,23:52:01.809894,545840,28,0.105,48,0.18,3,0.00675,0
2026-03-08,23:52:01.809894,546872,30,0.1125,47,0.17625,4,0.009,0
2026-03-08,23:52:01.809894,547903,29,0.10875,48,0.18,4,0.009,0
2026-03-08,23:52:07.024827,548973,32,0.12,50,0.1875,4,0.009,0
2026-03-08,23:52:07.024827,550004,30,0.1125,48,0.18,3,0.00675,0
2026-03-08,23:52:07.024827,551035,31,0.11625,50,0.1875,3,0.00675,0
2026-03-08,23:52:07.024827,552068,32,0.12,48,0.18,5,0.01125,0
2026-03-08,23:52:07.024827,553101,31,0.11625,48,0.18,5,0.01125,0
2026-03-08,23:52:12.207401,554178,30,0.1125,48,0.18,4,0.009,0
2026-03-08,23:52:12.207401,555208,30,0.1125,45,0.16875,4,0.009,0
2026-03-08,23:52:12.207401,556239,30,0.1125,51,0.19125,4,0.009,0
2026-03-08,23:52:12.207401,557270,29,0.10875,48,0.18,3,0.00675,0
2026-03-08,23:52:12.207401,558300,29,0.10875,48,0.18,3,0.00675,0
2026-03-08,23:52:17.409573,559367,30,0.1125,48,0.18,2,0.0045,0
2026-03-08,23:52:17.409573,560398,30,0.1125,50,0.1875,4,0.009,0
2026-03-08,23:52:17.409573,561429,32,0.12,47,0.17625,2,0.0045,0
2026-03-08,23:52:17.409573,562459,31,0.11625,49,0.18375,2,0.0045,0
2026-03-08,23:52:17.409573,563489,31,0.11625,49,0.18375,4,0.009,0
2026-03-08,23:52:22.634683,564577,32,0.12,48,0.18,3,0.00675,0
2026-03-08,23:52:22.634683,565611,29,0.10875,48,0.18,3,0.00675,0
2026-03-08,23:52:22.634683,566642,30,0.1125,49,0.18375,3,0.00675,0
2026-03-08,23:52:22.634683,567673,30,0.1125,50,0.1875,3,0.00675,0
2026-03-08,23:52:22.634683,568703,30,0.1125,49,0.18375,3,0.00675,0
2026-03-08,23:52:27.857020,569803,30,0.1125,48,0.18,3,0.00675,0
2026-03-08,23:52:27.857020,570835,30,0.1125,47,0.17625,4,0.009,0
2026-03-08,23:52:27.857020,571866,31,0.11625,49,0.18375,4,0.009,0
2026-03-08,23:52:27.857020,572897,30,0.1125,46,0.1725,4,0.009,0
2026-03-08,23:52:27.857020,573927,31,0.11625,48,0.18,4,0.009,0
2026-03-08,23:52:33.085863,575013,31,0.11625,50,0.1875,5,0.01125,0
2026-03-08,23:52:33.085863,576046,30,0.1125,49,0.18375,3,0.00675,0
2026-03-08,23:52:33.085863,577080,29,0.10875,47,0.17625,3,0.00675,0
2026-03-08,23:52:33.085863,578112,31,0.11625,47,0.17625,4,0.009,0
2026-03-08,23:52:33.085863,579142,30,0.1125,50,0.1875,4,0.009,0
2026-03-08,23:52:38.303566,580243,29,0.10875,49,0.18375,3,0.00675,0
2026-03-08,23:52:38.303566,581276,31,0.11625,48,0.18,5,0.01125,0
2026-03-08,23:52:38.303566,582308,32,0.12,46,0.1725,4,0.009,0
2026-03-08,23:52:38.303566,583338,28,0.105,48,0.18,3,0.00675,0
2026-03-08,23:52:38.303566,584369,29,0.10875,45,0.16875,5,0.01125,0
2026-03-08,23:52:43.528007,585460,29,0.10875,47,0.17625,2,0.0045,0
2026-03-08,23:52:43.528007,586490,29,0.10875,45,0.16875,4,0.009,0
2026-03-08,23:52:43.528007,587522,28,0.105,46,0.1725,3,0.00675,0
2026-03-08,23:52:43.528007,588553,29,0.10875,48,0.18,3,0.00675,0
2026-03-08,23:52:43.528007,589583,31,0.11625,48,0.18,6,0.0135,0
2026-03-08,23:52:48.749683,590688,30,0.1125,48,0.18,3,0.00675,0
2026-03-08,23:52:48.749683,591721,29,0.10875,46,0.1725,5,0.01125,0
2026-03-08,23:52:48.749683,592754,29,0.10875,49,0.18375,3,0.00675,0
2026-03-08,23:52:48.749683,593786,29,0.10875,46,0.1725,2,0.0045,0
2026-03-08,23:52:48.749683,594817,28,0.105,48,0.18,4,0.009,0
2026-03-08,23:52:53.974442,595916,29,0.10875,48,0.18,4,0.009,0
2026-03-08,23:52:53.974442,596948,29,0.10875,46,0.1725,4,0.009,0
2026-03-08,23:52:53.974442,597979,30,0.1125,47,0.17625,3,0.00675,0
2026-03-08,23:52:53.974442,599011,30,0.1125,50,0.1875,2,0.0045,0
2026-03-08,23:52:53.974442,600042,29,0.10875,47,0.17625,4,0.009,0
2026-03-08,23:52:59.236857,601139,30,0.1125,46,0.1725,3,0.00675,0
2026-03-08,23:52:59.236857,602170,30,0.1125,48,0.18,3,0.00675,0
2026-03-08,23:52:59.236857,603203,28,0.105,47,0.17625,2,0.0045,0
2026-03-08,23:52:59.236857,604236,31,0.11625,47,0.17625,3,0.00675,0
2026-03-08,23:52:59.236857,605266,29,0.10875,49,0.18375,4,0.009,0
2026-03-08,23:53:04.435372,606404,31,0.11625,49,0.18375,3,0.00675,0
2026-03-08,23:53:04.435372,607436,32,0.12,49,0.18375,3,0.00675,0
2026-03-08,23:53:04.435372,608466,30,0.1125,49,0.18375,3,0.00675,0
2026-03-08,23:53:04.435372,609496,30,0.1125,46,0.1725,3,0.00675,0
2026-03-08,23:53:04.435372,610527,29,0.10875,47,0.17625,3,0.00675,0
2026-03-08,23:53:09.660525,611593,30,0.1125,48,0.18,4,0.009,0
2026-03-08,23:53:09.660525,612625,30,0.1125,49,0.18375,4,0.009,0
2026-03-08,23:53:09.660525,613656,29,0.10875,49,0.18375,5,0.01125,0
2026-03-08,23:53:09.660525,614686,32,0.12,49,0.18375,3,0.00675,0
2026-03-08,23:53:09.660525,615717,30,0.1125,50,0.1875,4,0.009,0
2026-03-08,23:53:14.854010,616817,28,0.105,48,0.18,3,0.00675,0
2026-03-08,23:53:14.854010,617850,30,0.1125,48,0.18,3,0.00675,0
2026-03-08,23:53:14.854010,618880,29,0.10875,48,0.18,5,0.01125,0
2026-03-08,23:53:14.854010,619912,30,0.1125,47,0.17625,5,0.01125,0
2026-03-08,23:53:14.854010,620942,32,0.12,49,0.18375,4,0.009,0
2026-03-08,23:53:20.076896,622027,29,0.10875,46,0.1725,4,0.009,0
2026-03-08,23:53:20.076896,623059,29,0.10875,48,0.18,4,0.009,0
2026-03-08,23:53:20.076896,624091,29,0.10875,49,0.18375,4,0.009,0
2026-03-08,23:53:20.076896,625123,31,0.11625,48,0.18,5,0.01125,0
2026-03-08,23:53:20.076896,626154,30,0.1125,49,0.18375,4,0.009,0
2026-03-08,23:53:25.323528,627252,30,0.1125,48,0.18,4,0.009,0
2026-03-08,23:53:25.323528,628283,30,0.1125,47,0.17625,5,0.01125,0
2026-03-08,23:53:25.323528,629315,28,0.105,48,0.18,4,0.009,0
2026-03-08,23:53:25.323528,630347,29,0.10875,47,0.17625,4,0.009,0
2026-03-08,23:53:25.323528,631378,30,0.1125,48,0.18,5,0.01125,0
2026-03-08,23:53:30.520361,632482,29,0.10875,47,0.17625,4,0.009,0
2026-03-08,23:53:30.520361,633514,28,0.105,46,0.1725,3,0.00675,0
2026-03-08,23:53:30.520361,634546,30,0.1125,50,0.1875,5,0.01125,0
2026-03-08,23:53:30.520361,635577,30,0.1125,45,0.16875,4,0.009,0
2026-03-08,23:53:30.520361,636608,31,0.11625,47,0.17625,4,0.009,0
2026-03-08,23:53:35.706693,637678,30,0.1125,48,0.18,5,0.01125,0
2026-03-08,23:53:35.706693,638712,32,0.12,48,0.18,5,0.01125,0
2026-03-08,23:53:35.706693,639745,30,0.1125,48,0.18,4,0.009,0
2026-03-08,23:53:35.706693,640777,29,0.10875,47,0.17625,4,0.009,0
2026-03-08,23:53:35.706693,641808,29,0.10875,47,0.17625,3,0.00675,0
2026-03-08,23:53:40.922508,642879,28,0.105,47,0.17625,4,0.009,0
2026-03-08,23:53:40.922508,643910,30,0.1125,46,0.1725,3,0.00675,0
2026-03-08,23:53:40.922508,644940,29,0.10875,47,0.17625,4,0.009,0
2026-03-08,23:53:40.922508,645971,31,0.11625,49,0.18375,3,0.00675,0
2026-03-08,23:53:40.922508,647005,31,0.11625,48,0.18,4,0.009,0
2026-03-08,23:53:46.122835,648100,30,0.1125,48,0.18,6,0.0135,0
2026-03-08,23:53:46.122835,649131,30,0.1125,49,0.18375,3,0.00675,0
2026-03-08,23:53:46.122835,650162,31,0.11625,50,0.1875,6,0.0135,0
2026-03-08,23:53:46.122835,651195,31,0.11625,49,0.18375,2,0.0045,0
2026-03-08,23:53:46.122835,652228,30,0.1125,49,0.18375,3,0.00675,0
2026-03-08,23:53:51.367783,653324,31,0.11625,48,0.18,4,0.009,0
2026-03-08,23:53:51.367783,654354,30,0.1125,48,0.18,4,0.009,0
2026-03-08,23:53:51.367783,655385,30,0.1125,49,0.18375,3,0.00675,0
2026-03-08,23:53:51.367783,656418,30,0.1125,48,0.18,4,0.009,0
2026-03-08,23:53:51.367783,657451,31,0.11625,51,0.19125,4,0.009,0
2026-03-08,23:53:56.572349,658546,29,0.10875,48,0.18,3,0.00675,0
2026-03-08,23:53:56.572349,659577,30,0.1125,48,0.18,2,0.0045,0
2026-03-08,23:53:56.572349,660608,29,0.10875,49,0.18375,4,0.009,0
2026-03-08,23:53:56.572349,661641,30,0.1125,48,0.18,5,0.01125,0
2026-03-08,23:53:56.572349,662674,31,0.11625,47,0.17625,4,0.009,0
2026-03-08,23:54:01.787461,663768,31,0.11625,47,0.17625,3,0.00675,0
2026-03-08,23:54:01.787461,664799,31,0.11625,50,0.1875,3,0.00675,0
2026-03-08,23:54:01.787461,665829,29,0.10875,46,0.1725,7,0.01575,0
2026-03-08,23:54:01.787461,666860,29,0.10875,51,0.19125,3,0.00675,0
2026-03-08,23:54:01.787461,667893,32,0.12,48,0.18,3,0.00675,0
2026-03-08,23:54:07.081793,668994,30,0.1125,51,0.19125,4,0.009,0
2026-03-08,23:54:07.081793,670025,31,0.11625,49,0.18375,3,0.00675,0
2026-03-08,23:54:07.081793,671058,28,0.105,50,0.1875,3,0.00675,0
2026-03-08,23:54:07.081793,672091,31,0.11625,48,0.18,3,0.00675,0
2026-03-08,23:54:07.081793,673124,30,0.1125,49,0.18375,4,0.009,0
2026-03-08,23:54:12.301557,674255,29,0.10875,47,0.17625,4,0.009,0
2026-03-08,23:54:12.301557,675287,30,0.1125,47,0.17625,3,0.00675,0
2026-03-08,23:54:12.301557,676319,29,0.10875,47,0.17625,3,0.00675,0
2026-03-08,23:54:12.301557,677351,30,0.1125,48,0.18,3,0.00675,0
2026-03-08,23:54:12.301557,678382,32,0.12,47,0.17625,4,0.009,0
2026-03-08,23:54:17.520970,679478,30,0.1125,47,0.17625,3,0.00675,0
2026-03-08,23:54:17.520970,680510,28,0.105,48,0.18,5,0.01125,0
2026-03-08,23:54:17.520970,681542,30,0.1125,48,0.18,3,0.00675,0
2026-03-08,23:54:17.520970,682573,30,0.1125,48,0.18,4,0.009,0
2026-03-08,23:54:17.520970,683603,30,0.1125,50,0.1875,3,0.00675,0
2026-03-08,23:54:22.734782,684698,30,0.1125,47,0.17625,3,0.00675,0
2026-03-08,23:54:22.734782,685731,30,0.1125,47,0.17625,4,0.009,0
2026-03-08,23:54:22.734782,686764,28,0.105,46,0.1725,4,0.009,0
2026-03-08,23:54:22.734782,687795,30,0.1125,47,0.17625,4,0.009,0
2026-03-08,23:54:22.734782,688826,29,0.10875,47,0.17625,5,0.01125,0
2026-03-08,23:54:27.926691,689900,28,0.105,48,0.18,5,0.01125,0
2026-03-08,23:54:27.926691,690931,28,0.105,46,0.1725,4,0.009,0
2026-03-08,23:54:27.926691,691961,30,0.1125,49,0.18375,3,0.00675,0
2026-03-08,23:54:27.926691,692995,31,0.11625,47,0.17625,2,0.0045,0
2026-03-08,23:54:27.926691,694027,30,0.1125,46,0.1725,4,0.009,0
2026-03-08,23:54:33.133339,695104,30,0.1125,44,0.165,5,0.01125,0
2026-03-08,23:54:33.133339,696135,31,0.11625,49,0.18375,4,0.009,0
2026-03-08,23:54:33.133339,697166,31,0.11625,48,0.18,3,0.00675,0
2026-03-08,23:54:33.133339,698199,30,0.1125,48,0.18,4,0.009,0
2026-03-08,23:54:33.133339,699232,29,0.10875,48,0.18,3,0.00675,0
2026-03-08,23:54:38.367429,700329,30,0.1125,48,0.18,3,0.00675,0
2026-03-08,23:54:38.367429,701360,31,0.11625,48,0.18,5,0.01125,0
2026-03-08,23:54:38.367429,702391,31,0.11625,51,0.19125,4,0.009,0
2026-03-08,23:54:38.367429,703424,31,0.11625,49,0.18375,3,0.00675,0
2026-03-08,23:54:38.367429,704457,31,0.11625,48,0.18,3,0.00675,0
2026-03-08,23:54:43.570136,705551,29,0.10875,50,0.1875,3,0.00675,0
2026-03-08,23:54:43.570136,706581,31,0.11625,50,0.1875,3,0.00675,0
2026-03-08,23:54:43.570136,707612,30,0.1125,49,0.18375,3,0.00675,0
2026-03-08,23:54:43.570136,708645,31,0.11625,49,0.18375,3,0.00675,0
2026-03-08,23:54:43.570136,709678,32,0.12,50,0.1875,4,0.009,0
2026-03-08,23:54:48.770131,710751,31,0.11625,49,0.18375,3,0.00675,0
2026-03-08,23:54:48.770131,711782,30,0.1125,50,0.1875,4,0.009,0
2026-03-08,23:54:48.770131,712812,30,0.1125,49,0.18375,4,0.009,0
2026-03-08,23:54:48.770131,713843,30,0.1125,48,0.18,6,0.0135,0
2026-03-08,23:54:48.770131,714874,29,0.10875,47,0.17625,3,0.00675,0
2026-03-08,23:54:53.999586,715941,29,0.10875,48,0.18,5,0.01125,0
2026-03-08,23:54:53.999586,716973,29,0.10875,47,0.17625,4,0.009,0
2026-03-08,23:54:53.999586,718003,32,0.12,48,0.18,4,0.009,0
2026-03-08,23:54:53.999586,719034,30,0.1125,51,0.19125,4,0.009,0
2026-03-08,23:54:53.999586,720064,29,0.10875,45,0.16875,4,0.009,0
2026-03-08,23:54:59.200871,721165,30,0.1125,48,0.18,4,0.009,0
2026-03-08,23:54:59.200871,722195,30,0.1125,48,0.18,4,0.009,0
2026-03-08,23:54:59.200871,723226,30,0.1125,49,0.18375,4,0.009,0
2026-03-08,23:54:59.200871,724257,32,0.12,48,0.18,4,0.009,0
2026-03-08,23:54:59.200871,725287,29,0.10875,50,0.1875,5,0.01125,0
2026-03-08,23:55:04.402634,726366,30,0.1125,51,0.19125,5,0.01125,0
2026-03-08,23:55:04.402634,727399,29,0.10875,50,0.1875,4,0.009,0
2026-03-08,23:55:04.402634,728432,31,0.11625,46,0.1725,4,0.009,0
2026-03-08,23:55:04.402634,729465,29,0.10875,49,0.18375,4,0.009,0
2026-03-08,23:55:04.402634,730495,31,0.11625,46,0.1725,3,0.00675,0
2026-03-08,23:55:09.642624,731582,30,0.1125,51,0.19125,4,0.009,0
2026-03-08,23:55:09.642624,732615,32,0.12,49,0.18375,3,0.00675,0
2026-03-08,23:55:09.642624,733649,32,0.12,47,0.17625,3,0.00675,0
2026-03-08,23:55:09.642624,734682,29,0.10875,51,0.19125,3,0.00675,0
2026-03-08,23:55:09.642624,735712,31,0.11625,50,0.1875,4,0.009,0
2026-03-08,23:55:14.863805,736811,30,0.1125,49,0.18375,4,0.009,0
2026-03-08,23:55:14.863805,737844,31,0.11625,46,0.1725,5,0.01125,0
2026-03-08,23:55:14.863805,738877,28,0.105,47,0.17625,3,0.00675,0
2026-03-08,23:55:14.863805,739910,31,0.11625,49,0.18375,4,0.009,0
2026-03-08,23:55:14.863805,740941,31,0.11625,48,0.18,4,0.009,0
2026-03-08,23:55:20.083093,742030,29,0.10875,47,0.17625,3,0.00675,0
2026-03-08,23:55:20.083093,743062,30,0.1125,50,0.1875,4,0.009,0
2026-03-08,23:55:20.083093,744095,30,0.1125,46,0.1725,3,0.00675,0
2026-03-08,23:55:20.083093,745128,31,0.11625,49,0.18375,3,0.00675,0
2026-03-08,23:55:20.083093,746158,31,0.11625,48,0.18,3,0.00675,0
2026-03-08,23:55:25.291890,747250,29,0.10875,49,0.18375,2,0.0045,0
2026-03-08,23:55:25.291890,748283,30,0.1125,49,0.18375,3,0.00675,0
2026-03-08,23:55:25.291890,749317,30,0.1125,47,0.17625,4,0.009,0
2026-03-08,23:55:25.291890,750350,30,0.1125,49,0.18375,3,0.00675,0
2026-03-08,23:55:25.291890,751380,30,0.1125,48,0.18,4,0.009,0
2026-03-08,23:55:30.529285,752467,30,0.1125,49,0.18375,3,0.00675,0
2026-03-08,23:55:30.529285,753500,30,0.1125,51,0.19125,5,0.01125,0
2026-03-08,23:55:30.529285,754533,32,0.12,48,0.18,3,0.00675,0
2026-03-08,23:55:30.529285,755566,30,0.1125,47,0.17625,3,0.00675,0
2026-03-08,23:55:30.529285,756599,28,0.105,47,0.17625,2,0.0045,0
2026-03-08,23:55:35.736493,757696,30,0.1125,50,0.1875,2,0.0045,0
2026-03-08,23:55:35.736493,758729,30,0.1125,48,0.18,2,0.0045,0
2026-03-08,23:55:35.736493,759763,31,0.11625,48,0.18,5,0.01125,0
2026-03-08,23:55:35.736493,760794,30,0.1125,49,0.18375,4,0.009,0
2026-03-08,23:55:35.736493,761825,31,0.11625,49,0.18375,2,0.0045,0
2026-03-08,23:55:40.975486,762915,28,0.105,47,0.17625,5,0.01125,0
2026-03-08,23:55:40.975486,763947,29,0.10875,50,0.1875,4,0.009,0
2026-03-08,23:55:40.975486,764980,28,0.105,46,0.1725,4,0.009,0
2026-03-08,23:55:40.975486,766011,28,0.105,48,0.18,5,0.01125,0
2026-03-08,23:55:40.975486,767043,31,0.11625,47,0.17625,4,0.009,0
2026-03-08,23:55:46.214416,768148,31,0.11625,50,0.1875,3,0.00675,0
2026-03-08,23:55:46.214416,769180,31,0.11625,46,0.1725,5,0.01125,0
2026-03-08,23:55:46.214416,770213,29,0.10875,47,0.17625,4,0.009,0
2026-03-08,23:55:46.214416,771245,30,0.1125,49,0.18375,2,0.0045,0
2026-03-08,23:55:46.214416,772276,32,0.12,48,0.18,3,0.00675,0
2026-03-08,23:55:51.419750,773383,29,0.10875,48,0.18,3,0.00675,0
2026-03-08,23:55:51.419750,774415,31,0.11625,46,0.1725,4,0.009,0
2026-03-08,23:55:51.419750,775447,30,0.1125,48,0.18,2,0.0045,0
2026-03-08,23:55:51.419750,776477,31,0.11625,48,0.18,4,0.009,0
2026-03-08,23:55:51.419750,777509,31,0.11625,49,0.18375,4,0.009,0
2026-03-08,23:55:56.645619,778605,29,0.10875,48,0.18,3,0.00675,0
2026-03-08,23:55:56.645619,779638,29,0.10875,49,0.18375,4,0.009,0
2026-03-08,23:55:56.645619,780668,31,0.11625,49,0.18375,5,0.01125,0
2026-03-08,23:55:56.645619,781699,28,0.105,49,0.18375,3,0.00675,0
2026-03-08,23:55:56.645619,782729,31,0.11625,48,0.18,4,0.009,0
2026-03-08,23:56:01.866088,783828,30,0.1125,47,0.17625,4,0.009,0
2026-03-08,23:56:01.866088,784859,29,0.10875,47,0.17625,4,0.009,0
2026-03-08,23:56:01.866088,785891,30,0.1125,47,0.17625,4,0.009,0
2026-03-08,23:56:01.866088,786922,31,0.11625,49,0.18375,4,0.009,0
2026-03-08,23:56:01.866088,787953,31,0.11625,49,0.18375,4,0.009,0
2026-03-08,23:56:07.096244,789047,31,0.11625,48,0.18,5,0.01125,0
2026-03-08,23:56:07.096244,790081,31,0.11625,48,0.18,3,0.00675,0
2026-03-08,23:56:07.096244,791112,31,0.11625,50,0.1875,3,0.00675,0
2026-03-08,23:56:07.096244,792143,31,0.11625,49,0.18375,3,0.00675,0
2026-03-08,23:56:07.096244,793173,30,0.1125,50,0.1875,2,0.0045,0
2026-03-08,23:56:12.312432,794273,29,0.10875,48,0.18,4,0.009,0
2026-03-08,23:56:12.312432,795305,28,0.105,49,0.18375,4,0.009,0
2026-03-08,23:56:12.312432,796336,29,0.10875,47,0.17625,4,0.009,0
2026-03-08,23:56:12.312432,797367,29,0.10875,48,0.18,4,0.009,0
2026-03-08,23:56:12.312432,798398,30,0.1125,48,0.18,3,0.00675,0
2026-03-08,23:56:17.531537,799500,30,0.1125,47,0.17625,3,0.00675,0
2026-03-08,23:56:17.531537,800532,32,0.12,47,0.17625,3,0.00675,0
2026-03-08,23:56:17.531537,801563,30,0.1125,49,0.18375,3,0.00675,0
2026-03-08,23:56:17.531537,802593,32,0.12,46,0.1725,3,0.00675,0
2026-03-08,23:56:17.531537,803624,31,0.11625,48,0.18,3,0.00675,0
2026-03-08,23:56:22.775158,804718,30,0.1125,49,0.18375,4,0.009,0
2026-03-08,23:56:22.775158,805751,31,0.11625,48,0.18,3,0.00675,0
2026-03-08,23:56:22.775158,806782,28,0.105,46,0.1725,5,0.01125,0
2026-03-08,23:56:22.775158,807814,29,0.10875,48,0.18,3,0.00675,0
2026-03-08,23:56:22.775158,808844,29,0.10875,47,0.17625,4,0.009,0
2026-03-08,23:56:27.976827,809946,30,0.1125,45,0.16875,4,0.009,0
2026-03-08,23:56:27.976827,810977,29,0.10875,49,0.18375,3,0.00675,0
2026-03-08,23:56:27.976827,812008,29,0.10875,47,0.17625,4,0.009,0
2026-03-08,23:56:27.976827,813039,32,0.12,48,0.18,4,0.009,0
2026-03-08,23:56:27.976827,814069,30,0.1125,47,0.17625,3,0.00675,0
2026-03-08,23:56:33.198915,815164,31,0.11625,46,0.1725,2,0.0045,0
2026-03-08,23:56:33.198915,816196,30,0.1125,47,0.17625,4,0.009,0
2026-03-08,23:56:33.198915,817228,31,0.11625,49,0.18375,3,0.00675,0
2026-03-08,23:56:33.198915,818259,30,0.1125,50,0.1875,3,0.00675,0
2026-03-08,23:56:33.198915,819289,30,0.1125,50,0.1875,5,0.01125,0
2026-03-08,23:56:38.428854,820383,31,0.11625,49,0.18375,3,0.00675,0
2026-03-08,23:56:38.428854,821417,31,0.11625,46,0.1725,4,0.009,0
2026-03-08,23:56:38.428854,822448,30,0.1125,49,0.18375,3,0.00675,0
2026-03-08,23:56:38.428854,823478,30,0.1125,49,0.18375,4,0.009,0
2026-03-08,23:56:38.428854,824509,31,0.11625,49,0.18375,3,0.00675,0
2026-03-08,23:56:43.640742,825609,29,0.10875,47,0.17625,3,0.00675,0
2026-03-08,23:56:43.640742,826641,30,0.1125,50,0.1875,4,0.009,0
2026-03-08,23:56:43.640742,827672,32,0.12,48,0.18,4,0.009,0
2026-03-08,23:56:43.640742,828703,31,0.11625,49,0.18375,4,0.009,0
2026-03-08,23:56:43.640742,829733,30,0.1125,48,0.18,3,0.00675,0
2026-03-08,23:56:48.848224,830813,30,0.1125,49,0.18375,3,0.00675,0
2026-03-08,23:56:48.848224,831846,31,0.11625,48,0.18,4,0.009,0
2026-03-08,23:56:48.848224,832879,28,0.105,48,0.18,4,0.009,0
2026-03-08,23:56:48.848224,833911,31,0.11625,48,0.18,4,0.009,0
2026-03-08,23:56:48.848224,834941,31,0.11625,48,0.18,5,0.01125,0
2026-03-08,23:56:54.087554,836033,29,0.10875,49,0.18375,4,0.009,0
2026-03-08,23:56:54.087554,837066,32,0.12,47,0.17625,2,0.0045,0
2026-03-08,23:56:54.087554,838099,31,0.11625,48,0.18,3,0.00675,0
2026-03-08,23:56:54.087554,839133,30,0.1125,48,0.18,3,0.00675,0
2026-03-08,23:56:54.087554,840163,28,0.105,47,0.17625,2,0.0045,0
2026-03-08,23:56:59.290137,841273,30,0.1125,49,0.18375,4,0.009,0
2026-03-08,23:56:59.290137,842307,29,0.10875,48,0.18,4,0.009,0
2026-03-08,23:56:59.290137,843338,31,0.11625,47,0.17625,5,0.01125,0
2026-03-08,23:56:59.290137,844369,29,0.10875,46,0.1725,4,0.009,0
2026-03-08,23:56:59.290137,845399,28,0.105,47,0.17625,3,0.00675,0
2026-03-08,23:57:04.492369,846475,28,0.105,45,0.16875,4,0.009,0
2026-03-08,23:57:04.492369,847506,28,0.105,48,0.18,2,0.0045,0
2026-03-08,23:57:04.492369,848537,31,0.11625,50,0.1875,4,0.009,0
2026-03-08,23:57:04.492369,849570,28,0.105,47,0.17625,4,0.009,0
2026-03-08,23:57:04.492369,850601,28,0.105,47,0.17625,5,0.01125,0
2026-03-08,23:57:09.689074,851680,31,0.11625,49,0.18375,4,0.009,0
2026-03-08,23:57:09.689074,852711,31,0.11625,49,0.18375,4,0.009,0
2026-03-08,23:57:09.689074,853741,30,0.1125,49,0.18375,4,0.009,0
2026-03-08,23:57:09.689074,854774,29,0.10875,50,0.1875,4,0.009,0
2026-03-08,23:57:09.689074,855808,30,0.1125,48,0.18,4,0.009,0
2026-03-08,23:57:14.895116,856883,29,0.10875,47,0.17625,3,0.00675,0
2026-03-08,23:57:14.895116,857914,31,0.11625,49,0.18375,3,0.00675,0
2026-03-08,23:57:14.895116,858945,31,0.11625,47,0.17625,4,0.009,0
2026-03-08,23:57:14.895116,859975,32,0.12,50,0.1875,4,0.009,0
2026-03-08,23:57:14.895116,861006,30,0.1125,48,0.18,3,0.00675,0
2026-03-08,23:57:20.096635,862073,31,0.11625,47,0.17625,5,0.01125,0
2026-03-08,23:57:20.096635,863103,30,0.1125,50,0.1875,5,0.01125,0
2026-03-08,23:57:20.096635,864134,29,0.10875,46,0.1725,4,0.009,0
2026-03-08,23:57:20.096635,865165,29,0.10875,50,0.1875,3,0.00675,0
2026-03-08,23:57:20.096635,866195,32,0.12,48,0.18,3,0.00675,0
2026-03-08,23:57:25.318120,867287,29,0.10875,49,0.18375,6,0.0135,0
2026-03-08,23:57:25.318120,868319,31,0.11625,48,0.18,3,0.00675,0
2026-03-08,23:57:25.318120,869350,30,0.1125,47,0.17625,3,0.00675,0
2026-03-08,23:57:25.318120,870381,31,0.11625,49,0.18375,4,0.009,0
2026-03-08,23:57:25.318120,871411,30,0.1125,49,0.18375,4,0.009,0
2026-03-08,23:57:30.521890,872510,29,0.10875,47,0.17625,5,0.01125,0
2026-03-08,23:57:30.521890,873542,31,0.11625,48,0.18,3,0.00675,0
2026-03-08,23:57:30.521890,874572,30,0.1125,49,0.18375,4,0.009,0
2026-03-08,23:57:30.521890,875603,31,0.11625,48,0.18,4,0.009,0
2026-03-08,23:57:30.521890,876634,28,0.105,47,0.17625,3,0.00675,0
2026-03-08,23:57:35.747239,877710,31,0.11625,49,0.18375,3,0.00675,0
2026-03-08,23:57:35.747239,878743,30,0.1125,48,0.18,4,0.009,0
2026-03-08,23:57:35.747239,879776,30,0.1125,48,0.18,5,0.01125,0
2026-03-08,23:57:35.747239,880809,27,0.10125,47,0.17625,3,0.00675,0
2026-03-08,23:57:35.747239,881841,31,0.11625,48,0.18,5,0.01125,0
2026-03-08,23:57:40.949690,882931,28,0.105,47,0.17625,4,0.009,0
2026-03-08,23:57:40.949690,883963,31,0.11625,50,0.1875,3,0.00675,0
2026-03-08,23:57:40.949690,884996,30,0.1125,50,0.1875,3,0.00675,0
2026-03-08,23:57:40.949690,886029,31,0.11625,48,0.18,5,0.01125,0
2026-03-08,23:57:40.949690,887061,31,0.11625,48,0.18,3,0.00675,0
2026-03-08,23:57:46.142291,888135,31,0.11625,50,0.1875,4,0.009,0
2026-03-08,23:57:46.142291,889165,30,0.1125,50,0.1875,3,0.00675,0
2026-03-08,23:57:46.142291,890196,31,0.11625,48,0.18,3,0.00675,0
2026-03-08,23:57:46.142291,891229,31,0.11625,48,0.18,5,0.01125,0
2026-03-08,23:57:46.142291,892262,30,0.1125,50,0.1875,3,0.00675,0
2026-03-08,23:57:51.427247,893337,28,0.105,49,0.18375,3,0.00675,0
2026-03-08,23:57:51.427247,894368,32,0.12,49,0.18375,3,0.00675,0
2026-03-08,23:57:51.427247,895398,31,0.11625,49,0.18375,3,0.00675,0
2026-03-08,23:57:51.427247,896429,30,0.1125,49,0.18375,3,0.00675,0
2026-03-08,23:57:51.427247,897460,31,0.11625,49,0.18375,3,0.00675,0
2026-03-08,23:57:56.662872,898604,29,0.10875,48,0.18,3,0.00675,0
2026-03-08,23:57:56.662872,899637,31,0.11625,48,0.18,4,0.009,0
2026-03-08,23:57:56.662872,900671,29,0.10875,48,0.18,4,0.009,0
2026-03-08,23:57:56.662872,901703,30,0.1125,49,0.18375,4,0.009,0
2026-03-08,23:57:56.662872,902734,29,0.10875,49,0.18375,4,0.009,0
2026-03-08,23:58:01.873576,903842,31,0.11625,48,0.18,4,0.009,0
2026-03-08,23:58:01.873576,904877,31,0.11625,46,0.1725,3,0.00675,0
2026-03-08,23:58:01.873576,905908,30,0.1125,50,0.1875,2,0.0045,0
2026-03-08,23:58:01.873576,906938,31,0.11625,48,0.18,4,0.009,0
2026-03-08,23:58:01.873576,907969,30,0.1125,49,0.18375,5,0.01125,0
2026-03-08,23:58:41.128773,0,29,0.10875,45,0.16875,4,0.009,0
2026-03-08,23:58:41.128773,1040,29,0.10875,46,0.1725,3,0.00675,0
2026-03-08,23:58:41.128773,2070,30,0.1125,46,0.1725,4,0.009,0
2026-03-08,23:58:41.128773,3100,28,0.105,48,0.18,4,0.009,0
2026-03-08,23:58:41.128773,4130,29,0.10875,46,0.1725,4,0.009,0
2026-03-08,23:58:46.351084,5236,28,0.105,45,0.16875,3,0.00675,0
2026-03-08,23:58:46.351084,6266,29,0.10875,48,0.18,5,0.01125,0
2026-03-08,23:58:46.351084,7296,29,0.10875,47,0.17625,4,0.009,0
2026-03-08,23:58:46.351084,8326,29,0.10875,49,0.18375,4,0.009,0
2026-03-08,23:58:46.351084,9357,30,0.1125,49,0.18375,2,0.0045,0
2026-03-08,23:58:51.558780,10458,29,0.10875,49,0.18375,3,0.00675,0
2026-03-08,23:58:51.558780,11489,31,0.11625,46,0.1725,3,0.00675,0
2026-03-08,23:58:51.558780,12520,29,0.10875,50,0.1875,5,0.01125,0
2026-03-08,23:58:51.558780,13550,32,0.12,48,0.18,3,0.00675,0
2026-03-08,23:58:51.558780,14581,30,0.1125,49,0.18375,3,0.00675,0
2026-03-08,23:58:56.741980,15653,30,0.1125,50,0.1875,2,0.0045,0
2026-03-08,23:58:56.741980,16683,31,0.11625,47,0.17625,4,0.009,0
2026-03-08,23:58:56.741980,17715,30,0.1125,48,0.18,4,0.009,0
2026-03-08,23:58:56.741980,18746,31,0.11625,49,0.18375,5,0.01125,0
2026-03-08,23:58:56.741980,19777,29,0.10875,48,0.18,3,0.00675,0
2026-03-08,23:59:01.964010,20849,31,0.11625,48,0.18,3,0.00675,0
2026-03-08,23:59:01.964010,21884,29,0.10875,46,0.1725,4,0.009,0
2026-03-08,23:59:01.964010,22916,32,0.12,47,0.17625,4,0.009,0
2026-03-08,23:59:01.964010,23948,30,0.1125,49,0.18375,3,0.00675,0
2026-03-08,23:59:01.964010,24979,30,0.1125,48,0.18,4,0.009,0
2026-03-08,23:59:07.197296,26066,30,0.1125,49,0.18375,3,0.00675,0
2026-03-08,23:59:07.197296,27099,30,0.1125,48,0.18,3,0.00675,0
2026-03-08,23:59:07.197296,28134,30,0.1125,48,0.18,5,0.01125,0
2026-03-08,23:59:07.197296,29167,28,0.105,49,0.18375,4,0.009,0
2026-03-08,23:59:07.197296,30198,30,0.1125,48,0.18,5,0.01125,0
2026-03-08,23:59:12.389107,31287,31,0.11625,50,0.1875,5,0.01125,0
2026-03-08,23:59:12.389107,32320,31,0.11625,49,0.18375,3,0.00675,0
2026-03-08,23:59:12.389107,33353,30,0.1125,49,0.18375,3,0.00675,0
2026-03-08,23:59:12.389107,34387,30,0.1125,48,0.18,4,0.009,0
2026-03-08,23:59:12.389107,35418,30,0.1125,49,0.18375,3,0.00675,0
2026-03-08,23:59:20.604418,36490,29,0.10875,49,0.18375,6,0.0135,0
2026-03-08,23:59:20.604418,37521,30,0.1125,49,0.18375,4,0.009,0
2026-03-08,23:59:20.604418,38551,31,0.11625,49,0.18375,2,0.0045,0
2026-03-08,23:59:20.604418,39584,30,0.1125,50,0.1875,5,0.01125,0
2026-03-08,23:59:20.604418,40617,29,0.10875,49,0.18375,4,0.009,0
2026-03-08,23:59:25.802246,44700,31,0.11625,49,0.18375,3,0.00675,0
2026-03-08,23:59:25.802246,45733,30,0.1125,49,0.18375,5,0.01125,0
2026-03-08,23:59:25.802246,46767,30,0.1125,49,0.18375,3,0.00675,0
2026-03-08,23:59:25.802246,47800,30,0.1125,48,0.18,5,0.01125,0
2026-03-08,23:59:25.802246,48833,29,0.10875,48,0.18,2,0.0045,0
2026-03-08,23:59:31.013351,49905,30,0.1125,49,0.18375,4,0.009,0
2026-03-08,23:59:31.013351,50936,31,0.11625,49,0.18375,4,0.009,0
2026-03-08,23:59:31.013351,51967,31,0.11625,48,0.18,3,0.00675,0
2026-03-08,23:59:31.013351,53000,31,0.11625,49,0.18375,4,0.009,0
2026-03-08,23:59:31.013351,54033,31,0.11625,50,0.1875,2,0.0045,0
2026-03-08,23:59:36.219838,55127,30,0.1125,49,0.18375,4,0.009,0
2026-03-08,23:59:36.219838,56157,30,0.1125,48,0.18,4,0.009,0
2026-03-08,23:59:36.219838,57188,30,0.1125,49,0.18375,3,0.00675,0
2026-03-08,23:59:36.219838,58221,30,0.1125,48,0.18,4,0.009,0
2026-03-08,23:59:36.219838,59254,31,0.11625,46,0.1725,4,0.009,0
2026-03-08,23:59:41.453134,60330,29,0.10875,45,0.16875,4,0.009,0
2026-03-08,23:59:41.453134,61360,29,0.10875,47,0.17625,4,0.009,0
2026-03-08,23:59:41.453134,62390,30,0.1125,47,0.17625,5,0.01125,0
2026-03-08,23:59:41.453134,63421,29,0.10875,49,0.18375,3,0.00675,0
2026-03-08,23:59:41.453134,64451,31,0.11625,48,0.18,2,0.0045,0
2026-03-08,23:59:46.778678,65572,32,0.12,48,0.18,2,0.0045,0
2026-03-08,23:59:46.778678,66602,29,0.10875,48,0.18,4,0.009,0
2026-03-08,23:59:46.778678,67633,30,0.1125,49,0.18375,5,0.01125,0
2026-03-08,23:59:46.778678,68666,31,0.11625,47,0.17625,5,0.01125,0
2026-03-08,23:59:46.778678,69699,31,0.11625,48,0.18,3,0.00675,0
2026-03-08,23:59:52.034355,70928,31,0.11625,49,0.18375,4,0.009,0
2026-03-08,23:59:52.034355,71963,30,0.1125,47,0.17625,3,0.00675,0
2026-03-08,23:59:52.034355,72995,29,0.10875,48,0.18,3,0.00675,0
2026-03-08,23:59:52.034355,74026,29,0.10875,48,0.18,4,0.009,0
2026-03-08,23:59:52.034355,75056,30,0.1125,50,0.1875,5,0.01125,0
2026-03-09,00:00:29.361073,0,28,0.105,46,0.1725,4,0.009,0
2026-03-09,00:00:29.361073,1040,29,0.10875,47,0.17625,4,0.009,0
2026-03-09,00:00:29.361073,2070,30,0.1125,46,0.1725,3,0.00675,0
2026-03-09,00:00:29.361073,3100,29,0.10875,46,0.1725,4,0.009,0
2026-03-09,00:00:29.361073,4130,29,0.10875,47,0.17625,4,0.009,0
2026-03-09,00:00:34.614703,5298,27,0.10125,48,0.18,4,0.009,0
2026-03-09,00:00:34.614703,6328,28,0.105,47,0.17625,4,0.009,0
2026-03-09,00:00:34.614703,7359,28,0.105,46,0.1725,4,0.009,0
2026-03-09,00:00:34.614703,8390,29,0.10875,47,0.17625,4,0.009,0
2026-03-09,00:00:34.614703,9421,27,0.10125,46,0.1725,3,0.00675,0
2026-03-09,00:00:39.855097,10530,28,0.105,45,0.16875,5,0.01125,0
2026-03-09,00:00:39.855097,11561,30,0.1125,47,0.17625,4,0.009,0
2026-03-09,00:00:39.855097,12594,29,0.10875,50,0.1875,3,0.00675,0
2026-03-09,00:00:39.855097,13625,30,0.1125,48,0.18,3,0.00675,0
2026-03-09,00:00:39.855097,14655,30,0.1125,49,0.18375,4,0.009,0
2026-03-09,00:00:45.077547,15764,31,0.11625,48,0.18,4,0.009,0
2026-03-09,00:00:45.077547,16794,30,0.1125,47,0.17625,3,0.00675,0
2026-03-09,00:00:45.077547,17825,29,0.10875,49,0.18375,4,0.009,0
2026-03-09,00:00:45.077547,18856,30,0.1125,46,0.1725,3,0.00675,0
2026-03-09,00:00:45.077547,19886,31,0.11625,49,0.18375,4,0.009,0
2026-03-09,00:00:50.318303,20995,29,0.10875,46,0.1725,3,0.00675,0
2026-03-09,00:00:50.318303,22026,30,0.1125,47,0.17625,4,0.009,0
2026-03-09,00:00:50.318303,23056,31,0.11625,46,0.1725,4,0.009,0
2026-03-09,00:00:50.318303,24086,29,0.10875,48,0.18,5,0.01125,0
2026-03-09,00:00:50.318303,25117,32,0.12,46,0.1725,6,0.0135,0
2026-03-09,00:00:55.548811,26226,28,0.105,48,0.18,4,0.009,0
2026-03-09,00:00:55.548811,27256,30,0.1125,47,0.17625,4,0.009,0
2026-03-09,00:00:55.548811,28287,29,0.10875,48,0.18,4,0.009,0
2026-03-09,00:00:55.548811,29318,31,0.11625,48,0.18,4,0.009,0
2026-03-09,00:00:55.548811,30348,31,0.11625,47,0.17625,3,0.00675,0
2026-03-09,00:01:00.826589,31502,28,0.105,47,0.17625,4,0.009,0
2026-03-09,00:01:00.826589,32535,31,0.11625,47,0.17625,3,0.00675,0
2026-03-09,00:01:00.826589,33568,29,0.10875,47,0.17625,4,0.009,0
2026-03-09,00:01:00.826589,34601,29,0.10875,46,0.1725,3,0.00675,0
2026-03-09,00:01:00.826589,35633,30,0.1125,46,0.1725,4,0.009,0
2026-03-09,00:01:06.056665,36742,29,0.10875,47,0.17625,3,0.00675,0
2026-03-09,00:01:06.056665,37775,27,0.10125,46,0.1725,3,0.00675,0
2026-03-09,00:01:06.056665,38807,29,0.10875,47,0.17625,4,0.009,0
2026-03-09,00:01:06.056665,39838,29,0.10875,47,0.17625,3,0.00675,0
2026-03-09,00:01:06.056665,40868,30,0.1125,46,0.1725,4,0.009,0
2026-03-09,00:01:11.291166,41977,28,0.105,46,0.1725,5,0.01125,0
2026-03-09,00:01:11.291166,43009,30,0.1125,48,0.18,4,0.009,0
2026-03-09,00:01:11.291166,44040,30,0.1125,48,0.18,5,0.01125,0
2026-03-09,00:01:11.291166,45070,30,0.1125,48,0.18,3,0.00675,0
2026-03-09,00:01:11.291166,46101,31,0.11625,48,0.18,5,0.01125,0
2026-03-09,00:01:16.536043,47210,30,0.1125,48,0.18,4,0.009,0
2026-03-09,00:01:16.536043,48240,30,0.1125,48,0.18,4,0.009,0
2026-03-09,00:01:16.536043,49271,26,0.0975,45,0.16875,5,0.01125,0
2026-03-09,00:01:16.536043,50301,28,0.105,46,0.1725,3,0.00675,0
2026-03-09,00:01:16.536043,51332,29,0.10875,48,0.18,5,0.01125,0
2026-03-09,00:01:21.764461,52441,30,0.1125,48,0.18,5,0.01125,0
2026-03-09,00:01:21.764461,53471,31,0.11625,47,0.17625,3,0.00675,0
2026-03-09,00:01:21.764461,54502,30,0.1125,48,0.18,4,0.009,0
2026-03-09,00:01:21.764461,55532,29,0.10875,46,0.1725,4,0.009,0
2026-03-09,00:01:21.764461,56563,30,0.1125,47,0.17625,4,0.009,0
2026-03-09,00:01:26.984026,57672,31,0.11625,49,0.18375,3,0.00675,0
2026-03-09,00:01:26.984026,58702,29,0.10875,47,0.17625,5,0.01125,0
2026-03-09,00:01:26.984026,59733,30,0.1125,45,0.16875,4,0.009,0
2026-03-09,00:01:26.984026,60763,30,0.1125,48,0.18,4,0.009,0
2026-03-09,00:01:26.984026,61794,28,0.105,45,0.16875,4,0.009,0
2026-03-09,00:01:32.217421,62903,28,0.105,45,0.16875,3,0.00675,0
2026-03-09,00:01:32.217421,63934,30,0.1125,47,0.17625,3,0.00675,0
2026-03-09,00:01:32.217421,64964,30,0.1125,48,0.18,4,0.009,0
2026-03-09,00:01:32.217421,65994,31,0.11625,48,0.18,4,0.009,0
2026-03-09,00:01:32.217421,67025,29,0.10875,47,0.17625,4,0.009,0
2026-03-09,00:01:37.453927,68140,30,0.1125,48,0.18,4,0.009,0
2026-03-09,00:01:37.453927,69171,31,0.11625,47,0.17625,5,0.01125,0
2026-03-09,00:01:37.453927,70201,29,0.10875,47,0.17625,3,0.00675,0
2026-03-09,00:01:37.453927,71232,30,0.1125,47,0.17625,4,0.009,0
2026-03-09,00:01:37.453927,72265,29,0.10875,47,0.17625,5,0.01125,0
2026-03-09,00:01:42.755822,73384,30,0.1125,48,0.18,4,0.009,0
2026-03-09,00:01:42.755822,74417,29,0.10875,47,0.17625,3,0.00675,0
2026-03-09,00:01:42.755822,75450,30,0.1125,48,0.18,4,0.009,0
2026-03-09,00:01:42.755822,76484,28,0.105,45,0.16875,3,0.00675,0
2026-03-09,00:01:42.755822,77515,30,0.1125,45,0.16875,2,0.0045,0
2026-03-09,00:01:47.967924,78647,30,0.1125,46,0.1725,4,0.009,0
2026-03-09,00:01:47.967924,79678,29,0.10875,47,0.17625,4,0.009,0
2026-03-09,00:01:47.967924,80708,30,0.1125,48,0.18,3,0.00675,0
2026-03-09,00:01:47.967924,81739,30,0.1125,46,0.1725,4,0.009,0
2026-03-09,00:01:47.967924,82769,32,0.12,47,0.17625,4,0.009,0
2026-03-09,00:01:53.291620,83917,30,0.1125,48,0.18,3,0.00675,0
2026-03-09,00:01:53.291620,84947,29,0.10875,48,0.18,4,0.009,0
2026-03-09,00:01:53.291620,85978,30,0.1125,48,0.18,4,0.009,0
2026-03-09,00:01:53.291620,87011,31,0.11625,47,0.17625,2,0.0045,0
2026-03-09,00:01:53.291620,88044,29,0.10875,45,0.16875,4,0.009,0
2026-03-09,00:01:58.522238,89187,30,0.1125,47,0.17625,4,0.009,0
2026-03-09,00:01:58.522238,90217,29,0.10875,47,0.17625,3,0.00675,0
2026-03-09,00:01:58.522238,91247,32,0.12,46,0.1725,3,0.00675,0
2026-03-09,00:01:58.522238,92278,29,0.10875,47,0.17625,3,0.00675,0
2026-03-09,00:01:58.522238,93309,30,0.1125,46,0.1725,4,0.009,0
2026-03-09,00:02:03.792992,94462,29,0.10875,48,0.18,4,0.009,0
2026-03-09,00:02:03.792992,95492,29,0.10875,47,0.17625,2,0.0045,0
2026-03-09,00:02:03.792992,96523,30,0.1125,48,0.18,3,0.00675,0
2026-03-09,00:02:03.792992,97556,28,0.105,48,0.18,4,0.009,0
2026-03-09,00:02:03.792992,98589,31,0.11625,48,0.18,2,0.0045,0
2026-03-09,00:02:09.039228,99713,30,0.1125,46,0.1725,4,0.009,0
2026-03-09,00:02:09.039228,100746,31,0.11625,47,0.17625,4,0.009,0
2026-03-09,00:02:09.039228,101779,28,0.105,46,0.1725,4,0.009,0
2026-03-09,00:02:09.039228,102812,29,0.10875,46,0.1725,3,0.00675,0
2026-03-09,00:02:09.039228,103842,29,0.10875,45,0.16875,4,0.009,0
2026-03-09,00:02:14.284001,104951,28,0.105,46,0.1725,4,0.009,0
2026-03-09,00:02:14.284001,105983,30,0.1125,48,0.18,4,0.009,0
2026-03-09,00:02:14.284001,107014,28,0.105,49,0.18375,5,0.01125,0
2026-03-09,00:02:14.284001,108044,33,0.12375,47,0.17625,4,0.009,0
2026-03-09,00:02:14.284001,109075,29,0.10875,49,0.18375,5,0.01125,0
2026-03-09,00:02:19.517904,110184,30,0.1125,46,0.1725,3,0.00675,0
2026-03-09,00:02:19.517904,111214,29,0.10875,48,0.18,3,0.00675,0
2026-03-09,00:02:19.517904,112245,31,0.11625,47,0.17625,4,0.009,0
2026-03-09,00:02:19.517904,113275,30,0.1125,50,0.1875,5,0.01125,0
2026-03-09,00:02:19.517904,114306,29,0.10875,45,0.16875,4,0.009,0
2026-03-09,00:02:24.737883,115415,29,0.10875,48,0.18,5,0.01125,0
2026-03-09,00:02:24.737883,116445,30,0.1125,48,0.18,4,0.009,0
2026-03-09,00:02:24.737883,117476,31,0.11625,47,0.17625,4,0.009,0
2026-03-09,00:02:24.737883,118506,30,0.1125,49,0.18375,5,0.01125,0
2026-03-09,00:02:24.737883,119537,30,0.1125,45,0.16875,3,0.00675,0
2026-03-09,00:02:29.977188,120673,29,0.10875,49,0.18375,4,0.009,0
2026-03-09,00:02:29.977188,121704,31,0.11625,48,0.18,3,0.00675,0
2026-03-09,00:02:29.977188,122735,29,0.10875,48,0.18,2,0.0045,0
2026-03-09,00:02:29.977188,123765,29,0.10875,47,0.17625,4,0.009,0
2026-03-09,00:02:29.977188,124798,30,0.1125,45,0.16875,4,0.009,0
2026-03-09,00:02:35.256858,125945,28,0.105,47,0.17625,4,0.009,0
2026-03-09,00:02:35.256858,126977,30,0.1125,46,0.1725,4,0.009,0
2026-03-09,00:02:35.256858,128008,30,0.1125,49,0.18375,4,0.009,0
2026-03-09,00:02:35.256858,129038,29,0.10875,46,0.1725,2,0.0045,0
2026-03-09,00:02:35.256858,130069,30,0.1125,46,0.1725,2,0.0045,0
2026-03-09,00:02:40.481357,131178,31,0.11625,47,0.17625,3,0.00675,0
2026-03-09,00:02:40.481357,132208,29,0.10875,48,0.18,4,0.009,0
2026-03-09,00:02:40.481357,133239,30,0.1125,47,0.17625,4,0.009,0
2026-03-09,00:02:40.481357,134269,30,0.1125,50,0.1875,4,0.009,0
2026-03-09,00:02:40.481357,135300,30,0.1125,46,0.1725,3,0.00675,0
2026-03-09,00:02:45.718374,136409,30,0.1125,46,0.1725,4,0.009,0
2026-03-09,00:02:45.718374,137440,29,0.10875,47,0.17625,4,0.009,0
2026-03-09,00:02:45.718374,138470,30,0.1125,46,0.1725,4,0.009,0
2026-03-09,00:02:45.718374,139501,29,0.10875,49,0.18375,4,0.009,0
2026-03-09,00:02:45.718374,140531,31,0.11625,45,0.16875,4,0.009,0
2026-03-09,00:02:50.950022,141640,29,0.10875,49,0.18375,3,0.00675,0
2026-03-09,00:02:50.950022,142671,31,0.11625,47,0.17625,4,0.009,0
2026-03-09,00:02:50.950022,143701,29,0.10875,49,0.18375,4,0.009,0
2026-03-09,00:02:50.950022,144732,30,0.1125,47,0.17625,3,0.00675,0
2026-03-09,00:02:50.950022,145762,28,0.105,48,0.18,4,0.009,0
2026-03-09,00:02:56.194261,146874,29,0.10875,47,0.17625,4,0.009,0
2026-03-09,00:02:56.194261,147905,30,0.1125,48,0.18,5,0.01125,0
2026-03-09,00:02:56.194261,148936,28,0.105,46,0.1725,4,0.009,0
2026-03-09,00:02:56.194261,149967,30,0.1125,48,0.18,4,0.009,0
2026-03-09,00:02:56.194261,150997,30,0.1125,48,0.18,3,0.00675,0
2026-03-09,00:03:01.470423,152143,29,0.10875,47,0.17625,5,0.01125,0
2026-03-09,00:03:01.470423,153176,28,0.105,46,0.1725,5,0.01125,0
2026-03-09,00:03:01.470423,154209,30,0.1125,44,0.165,2,0.0045,0
2026-03-09,00:03:01.470423,155241,30,0.1125,47,0.17625,4,0.009,0
2026-03-09,00:03:01.470423,156271,31,0.11625,47,0.17625,3,0.00675,0
2026-03-09,00:03:06.695360,157388,30,0.1125,48,0.18,3,0.00675,0
2026-03-09,00:03:06.695360,158419,29,0.10875,47,0.17625,5,0.01125,0
2026-03-09,00:03:06.695360,159450,31,0.11625,48,0.18,3,0.00675,0
2026-03-09,00:03:06.695360,160480,30,0.1125,47,0.17625,3,0.00675,0
2026-03-09,00:03:06.695360,161511,29,0.10875,47,0.17625,2,0.0045,0
2026-03-09,00:03:11.941058,162620,30,0.1125,49,0.18375,5,0.01125,0
2026-03-09,00:03:11.941058,163651,29,0.10875,48,0.18,4,0.009,0
2026-03-09,00:03:11.941058,164681,29,0.10875,49,0.18375,3,0.00675,0
2026-03-09,00:03:11.941058,165712,29,0.10875,50,0.1875,4,0.009,0
2026-03-09,00:03:11.941058,166742,30,0.1125,48,0.18,3,0.00675,0
2026-03-09,00:03:17.161505,167865,30,0.1125,47,0.17625,3,0.00675,0
2026-03-09,00:03:17.161505,168895,30,0.1125,46,0.1725,3,0.00675,0
2026-03-09,00:03:17.161505,169926,30,0.1125,49,0.18375,3,0.00675,0
2026-03-09,00:03:17.161505,170957,30,0.1125,47,0.17625,3,0.00675,0
2026-03-09,00:03:17.161505,171987,31,0.11625,46,0.1725,3,0.00675,0
2026-03-09,00:03:22.399627,173096,28,0.105,45,0.16875,3,0.00675,0
2026-03-09,00:03:22.399627,174127,30,0.1125,50,0.1875,4,0.009,0
2026-03-09,00:03:22.399627,175157,31,0.11625,47,0.17625,5,0.01125,0
2026-03-09,00:03:22.399627,176188,29,0.10875,48,0.18,4,0.009,0
2026-03-09,00:03:22.399627,177218,31,0.11625,47,0.17625,4,0.009,0
2026-03-09,00:03:27.670442,178351,30,0.1125,47,0.17625,3,0.00675,0
2026-03-09,00:03:27.670442,179384,29,0.10875,48,0.18,4,0.009,0
2026-03-09,00:03:27.670442,180417,31,0.11625,48,0.18,4,0.009,0
2026-03-09,00:03:27.670442,181450,29,0.10875,45,0.16875,4,0.009,0
2026-03-09,00:03:27.670442,182482,29,0.10875,48,0.18,5,0.01125,0
2026-03-09,00:03:32.906456,183593,28,0.105,45,0.16875,3,0.00675,0
2026-03-09,00:03:32.906456,184625,29,0.10875,45,0.16875,3,0.00675,0
2026-03-09,00:03:32.906456,185657,29,0.10875,46,0.1725,5,0.01125,0
2026-03-09,00:03:32.906456,186687,31,0.11625,48,0.18,3,0.00675,0
2026-03-09,00:03:32.906456,187718,29,0.10875,48,0.18,3,0.00675,0
2026-03-09,00:03:38.169247,188858,28,0.105,46,0.1725,4,0.009,0
2026-03-09,00:03:38.169247,189889,30,0.1125,47,0.17625,4,0.009,0
2026-03-09,00:03:38.169247,190919,29,0.10875,49,0.18375,4,0.009,0
2026-03-09,00:03:38.169247,191950,30,0.1125,46,0.1725,4,0.009,0
2026-03-09,00:03:38.169247,192980,30,0.1125,47,0.17625,3,0.00675,0
2026-03-09,00:03:43.409315,194098,29,0.10875,48,0.18,4,0.009,0
2026-03-09,00:03:43.409315,195129,29,0.10875,47,0.17625,3,0.00675,0
2026-03-09,00:03:43.409315,196160,30,0.1125,47,0.17625,3,0.00675,0
2026-03-09,00:03:43.409315,197193,29,0.10875,48,0.18,2,0.0045,0
2026-03-09,00:03:43.409315,198226,30,0.1125,47,0.17625,4,0.009,0
2026-03-09,00:03:48.668348,199351,30,0.1125,47,0.17625,4,0.009,0
2026-03-09,00:03:48.668348,200384,30,0.1125,46,0.1725,4,0.009,0
2026-03-09,00:03:48.668348,201418,28,0.105,46,0.1725,4,0.009,0
2026-03-09,00:03:48.668348,202450,29,0.10875,48,0.18,5,0.01125,0
2026-03-09,00:03:48.668348,203481,29,0.10875,47,0.17625,4,0.009,0
2026-03-09,00:03:53.905175,204597,31,0.11625,48,0.18,4,0.009,0
2026-03-09,00:03:53.905175,205628,30,0.1125,46,0.1725,4,0.009,0
2026-03-09,00:03:53.905175,206658,29,0.10875,48,0.18,4,0.009,0
2026-03-09,00:03:53.905175,207689,30,0.1125,48,0.18,3,0.00675,0
2026-03-09,00:03:53.905175,208719,31,0.11625,47,0.17625,4,0.009,0
2026-03-09,00:03:59.212647,209891,30,0.1125,48,0.18,3,0.00675,0
2026-03-09,00:03:59.212647,210924,29,0.10875,48,0.18,3,0.00675,0
2026-03-09,00:03:59.212647,211958,29,0.10875,46,0.1725,4,0.009,0
2026-03-09,00:03:59.212647,212991,30,0.1125,48,0.18,3,0.00675,0
2026-03-09,00:03:59.212647,214023,31,0.11625,45,0.16875,3,0.00675,0
2026-03-09,00:04:04.444578,215133,27,0.10125,46,0.1725,4,0.009,0
2026-03-09,00:04:04.444578,216164,29,0.10875,46,0.1725,6,0.0135,0
2026-03-09,00:04:04.444578,217197,30,0.1125,49,0.18375,3,0.00675,0
2026-03-09,00:04:04.444578,218228,30,0.1125,48,0.18,4,0.009,0
2026-03-09,00:04:04.444578,219258,30,0.1125,48,0.18,4,0.009,0
2026-03-09,00:04:09.686669,220367,28,0.105,48,0.18,4,0.009,0
2026-03-09,00:04:09.686669,221397,28,0.105,48,0.18,4,0.009,0
2026-03-09,00:04:09.686669,222428,30,0.1125,49,0.18375,5,0.01125,0
2026-03-09,00:04:09.686669,223459,29,0.10875,48,0.18,5,0.01125,0
2026-03-09,00:04:09.686669,224489,28,0.105,47,0.17625,3,0.00675,0
2026-03-09,00:04:14.939129,225639,29,0.10875,45,0.16875,4,0.009,0
2026-03-09,00:04:14.939129,226670,29,0.10875,47,0.17625,5,0.01125,0
2026-03-09,00:04:14.939129,227700,29,0.10875,47,0.17625,5,0.01125,0
2026-03-09,00:04:14.939129,228731,30,0.1125,47,0.17625,5,0.01125,0
2026-03-09,00:04:14.939129,229764,31,0.11625,46,0.1725,5,0.01125,0
2026-03-09,00:04:20.208028,230882,31,0.11625,46,0.1725,3,0.00675,0
2026-03-09,00:04:20.208028,231915,29,0.10875,49,0.18375,4,0.009,0
2026-03-09,00:04:20.208028,232948,31,0.11625,46,0.1725,4,0.009,0
2026-03-09,00:04:20.208028,233981,29,0.10875,45,0.16875,2,0.0045,0
2026-03-09,00:04:20.208028,235014,29,0.10875,47,0.17625,3,0.00675,0
2026-03-09,00:04:25.435497,236135,29,0.10875,46,0.1725,4,0.009,0
2026-03-09,00:04:25.435497,237166,30,0.1125,47,0.17625,5,0.01125,0
2026-03-09,00:04:25.435497,238197,30,0.1125,45,0.16875,4,0.009,0
2026-03-09,00:04:25.435497,239228,29,0.10875,45,0.16875,4,0.009,0
2026-03-09,00:04:25.435497,240258,31,0.11625,47,0.17625,3,0.00675,0
2026-03-09,00:04:30.677323,241367,31,0.11625,47,0.17625,5,0.01125,0
2026-03-09,00:04:30.677323,242398,28,0.105,48,0.18,3,0.00675,0
2026-03-09,00:04:30.677323,243428,29,0.10875,47,0.17625,3,0.00675,0
2026-03-09,00:04:30.677323,244459,30,0.1125,48,0.18,4,0.009,0
2026-03-09,00:04:30.677323,245489,31,0.11625,48,0.18,4,0.009,0
2026-03-09,00:04:35.933079,246632,32,0.12,47,0.17625,4,0.009,0
2026-03-09,00:04:35.933079,247663,29,0.10875,48,0.18,3,0.00675,0
2026-03-09,00:04:35.933079,248693,32,0.12,47,0.17625,4,0.009,0
2026-03-09,00:04:35.933079,249726,30,0.1125,48,0.18,3,0.00675,0
2026-03-09,00:04:35.933079,250759,29,0.10875,48,0.18,5,0.01125,0
2026-03-09,00:04:41.206910,251899,29,0.10875,47,0.17625,3,0.00675,0
2026-03-09,00:04:41.206910,252932,29,0.10875,49,0.18375,4,0.009,0
2026-03-09,00:04:41.206910,253962,28,0.105,48,0.18,4,0.009,0
2026-03-09,00:04:41.206910,254992,32,0.12,48,0.18,3,0.00675,0
2026-03-09,00:04:41.206910,256023,30,0.1125,47,0.17625,4,0.009,0
2026-03-09,00:04:46.450941,257133,29,0.10875,48,0.18,3,0.00675,0
2026-03-09,00:04:46.450941,258163,31,0.11625,47,0.17625,5,0.01125,0
2026-03-09,00:04:46.450941,259194,30,0.1125,48,0.18,3,0.00675,0
2026-03-09,00:04:46.450941,260224,30,0.1125,47,0.17625,4,0.009,0
2026-03-09,00:04:46.450941,261255,30,0.1125,47,0.17625,4,0.009,0
2026-03-09,00:04:51.671409,262364,30,0.1125,48,0.18,2,0.0045,0
2026-03-09,00:04:51.671409,263394,30,0.1125,48,0.18,4,0.009,0
2026-03-09,00:04:51.671409,264425,30,0.1125,46,0.1725,2,0.0045,0
2026-03-09,00:04:51.671409,265455,28,0.105,48,0.18,4,0.009,0
2026-03-09,00:04:51.671409,266486,28,0.105,46,0.1725,4,0.009,0
2026-03-09,00:04:56.900197,267595,28,0.105,45,0.16875,4,0.009,0
2026-03-09,00:04:56.900197,268625,30,0.1125,47,0.17625,3,0.00675,0
2026-03-09,00:04:56.900197,269656,28,0.105,49,0.18375,3,0.00675,0
2026-03-09,00:04:56.900197,270686,31,0.11625,48,0.18,3,0.00675,0
2026-03-09,00:04:56.900197,271717,29,0.10875,47,0.17625,3,0.00675,0
2026-03-09,00:05:02.132613,272830,29,0.10875,46,0.1725,4,0.009,0
2026-03-09,00:05:02.132613,273861,28,0.105,48,0.18,2,0.0045,0
2026-03-09,00:05:02.132613,274891,31,0.11625,45,0.16875,4,0.009,0
2026-03-09,00:05:02.132613,275922,29,0.10875,47,0.17625,4,0.009,0
2026-03-09,00:05:02.132613,276953,31,0.11625,48,0.18,4,0.009,0
2026-03-09,00:05:07.357825,278062,30,0.1125,48,0.18,3,0.00675,0
2026-03-09,00:05:07.357825,279092,30,0.1125,47,0.17625,5,0.01125,0
2026-03-09,00:05:07.357825,280123,28,0.105,46,0.1725,3,0.00675,0
2026-03-09,00:05:07.357825,281153,31,0.11625,48,0.18,4,0.009,0
2026-03-09,00:05:07.357825,282184,29,0.10875,46,0.1725,5,0.01125,0
2026-03-09,00:05:12.690763,283318,31,0.11625,47,0.17625,4,0.009,0
2026-03-09,00:05:12.690763,284351,29,0.10875,47,0.17625,5,0.01125,0
2026-03-09,00:05:12.690763,285385,30,0.1125,46,0.1725,4,0.009,0
2026-03-09,00:05:12.690763,286419,32,0.12,46,0.1725,4,0.009,0
2026-03-09,00:05:12.690763,287449,29,0.10875,49,0.18375,3,0.00675,0
2026-03-09,00:05:17.958690,288640,30,0.1125,48,0.18,5,0.01125,0
2026-03-09,00:05:17.958690,289673,27,0.10125,46,0.1725,2,0.0045,0
2026-03-09,00:05:17.958690,290705,30,0.1125,46,0.1725,4,0.009,0
2026-03-09,00:05:17.958690,291738,29,0.10875,45,0.16875,5,0.01125,0
2026-03-09,00:05:17.958690,292771,29,0.10875,48,0.18,4,0.009,0
2026-03-09,00:05:23.217550,293925,32,0.12,45,0.16875,4,0.009,0
2026-03-09,00:05:23.217550,294956,28,0.105,50,0.1875,4,0.009,0
2026-03-09,00:05:23.217550,295986,31,0.11625,47,0.17625,3,0.00675,0
2026-03-09,00:05:23.217550,297017,29,0.10875,50,0.1875,5,0.01125,0
2026-03-09,00:05:23.217550,298047,30,0.1125,46,0.1725,4,0.009,0
2026-03-09,00:05:28.452379,299156,29,0.10875,47,0.17625,4,0.009,0
2026-03-09,00:05:28.452379,300187,30,0.1125,48,0.18,5,0.01125,0
2026-03-09,00:05:28.452379,301218,29,0.10875,47,0.17625,3,0.00675,0
2026-03-09,00:05:28.452379,302248,31,0.11625,47,0.17625,3,0.00675,0
2026-03-09,00:05:28.452379,303278,28,0.105,47,0.17625,4,0.009,0
2026-03-09,00:05:33.776332,304475,31,0.11625,46,0.1725,3,0.00675,0
2026-03-09,00:05:33.776332,305505,28,0.105,46,0.1725,3,0.00675,0
2026-03-09,00:05:33.776332,306536,30,0.1125,45,0.16875,3,0.00675,0
2026-03-09,00:05:33.776332,307566,29,0.10875,45,0.16875,6,0.0135,0
2026-03-09,00:05:33.776332,308597,30,0.1125,46,0.1725,3,0.00675,0
2026-03-09,00:05:39.005033,309711,26,0.0975,45,0.16875,4,0.009,0
2026-03-09,00:05:39.005033,310741,31,0.11625,46,0.1725,3,0.00675,0
2026-03-09,00:05:39.005033,311772,29,0.10875,49,0.18375,3,0.00675,0
2026-03-09,00:05:39.005033,312802,31,0.11625,46,0.1725,5,0.01125,0
2026-03-09,00:05:39.005033,313835,28,0.105,48,0.18,4,0.009,0
2026-03-09,00:05:44.282163,314958,29,0.10875,46,0.1725,4,0.009,0
2026-03-09,00:05:44.282163,315990,29,0.10875,48,0.18,4,0.009,0
2026-03-09,00:05:44.282163,317023,31,0.11625,46,0.1725,5,0.01125,0
2026-03-09,00:05:44.282163,318056,26,0.0975,45,0.16875,6,0.0135,0
2026-03-09,00:05:44.282163,319088,29,0.10875,47,0.17625,3,0.00675,0
2026-03-09,00:05:49.502696,320209,29,0.10875,45,0.16875,5,0.01125,0
2026-03-09,00:05:49.502696,321241,29,0.10875,46,0.1725,5,0.01125,0
2026-03-09,00:05:49.502696,322271,29,0.10875,46,0.1725,3,0.00675,0
2026-03-09,00:05:49.502696,323302,30,0.1125,46,0.1725,4,0.009,0
2026-03-09,00:05:49.502696,324333,29,0.10875,49,0.18375,3,0.00675,0
2026-03-09,00:05:54.751709,325466,30,0.1125,48,0.18,4,0.009,0
2026-03-09,00:05:54.751709,326496,29,0.10875,49,0.18375,5,0.01125,0
2026-03-09,00:05:54.751709,327527,30,0.1125,46,0.1725,4,0.009,0
2026-03-09,00:05:54.751709,328557,29,0.10875,47,0.17625,3,0.00675,0
2026-03-09,00:05:54.751709,329588,26,0.0975,45,0.16875,4,0.009,0
2026-03-09,00:05:59.989953,330697,31,0.11625,45,0.16875,3,0.00675,0
2026-03-09,00:05:59.989953,331727,29,0.10875,47,0.17625,3,0.00675,0
2026-03-09,00:05:59.989953,332758,29,0.10875,47,0.17625,4,0.009,0
2026-03-09,00:05:59.989953,333788,30,0.1125,47,0.17625,3,0.00675,0
2026-03-09,00:05:59.989953,334819,30,0.1125,47,0.17625,5,0.01125,0
2026-03-09,00:06:05.223923,335932,29,0.10875,48,0.18,3,0.00675,0
2026-03-09,00:06:05.223923,336962,30,0.1125,47,0.17625,3,0.00675,0
2026-03-09,00:06:05.223923,337992,29,0.10875,48,0.18,3,0.00675,0
2026-03-09,00:06:05.223923,339026,30,0.1125,48,0.18,3,0.00675,0
2026-03-09,00:06:05.223923,340059,30,0.1125,48,0.18,5,0.01125,0
2026-03-09,00:06:10.496032,341196,29,0.10875,46,0.1725,3,0.00675,0
2026-03-09,00:06:10.496032,342228,26,0.0975,47,0.17625,4,0.009,0
2026-03-09,00:06:10.496032,343259,28,0.105,46,0.1725,5,0.01125,0
2026-03-09,00:06:10.496032,344290,28,0.105,49,0.18375,3,0.00675,0
2026-03-09,00:06:10.496032,345320,30,0.1125,47,0.17625,6,0.0135,0
2026-03-09,00:06:15.743150,346429,30,0.1125,48,0.18,4,0.009,0
2026-03-09,00:06:15.743150,347459,28,0.105,48,0.18,5,0.01125,0
2026-03-09,00:06:15.743150,348490,28,0.105,47,0.17625,3,0.00675,0
2026-03-09,00:06:15.743150,349521,31,0.11625,47,0.17625,3,0.00675,0
2026-03-09,00:06:15.743150,350551,30,0.1125,46,0.1725,4,0.009,0
2026-03-09,00:06:20.982874,351682,29,0.10875,48,0.18,3,0.00675,0
2026-03-09,00:06:20.982874,352712,31,0.11625,47,0.17625,4,0.009,0
2026-03-09,00:06:20.982874,353743,29,0.10875,47,0.17625,5,0.01125,0
2026-03-09,00:06:20.982874,354774,29,0.10875,45,0.16875,4,0.009,0
2026-03-09,00:06:20.982874,355804,30,0.1125,48,0.18,4,0.009,0
2026-03-09,00:06:26.236109,356928,30,0.1125,47,0.17625,4,0.009,0
2026-03-09,00:06:26.236109,357959,30,0.1125,47,0.17625,3,0.00675,0
2026-03-09,00:06:26.236109,358992,30,0.1125,45,0.16875,6,0.0135,0
2026-03-09,00:06:26.236109,360025,30,0.1125,47,0.17625,5,0.01125,0
2026-03-09,00:06:26.236109,361058,30,0.1125,46,0.1725,3,0.00675,0
2026-03-09,00:06:31.489630,362168,29,0.10875,48,0.18,4,0.009,0
2026-03-09,00:06:31.489630,363201,29,0.10875,47,0.17625,4,0.009,0
2026-03-09,00:06:31.489630,364237,29,0.10875,44,0.165,4,0.009,0
2026-03-09,00:06:31.489630,365269,29,0.10875,48,0.18,5,0.01125,0
2026-03-09,00:06:31.489630,366300,30,0.1125,46,0.1725,4,0.009,0
2026-03-09,00:06:36.708580,367419,29,0.10875,45,0.16875,4,0.009,0
2026-03-09,00:06:36.708580,368450,28,0.105,48,0.18,4,0.009,0
2026-03-09,00:06:36.708580,369481,29,0.10875,47,0.17625,5,0.01125,0
2026-03-09,00:06:36.708580,370511,28,0.105,48,0.18,5,0.01125,0
2026-03-09,00:06:36.708580,371542,30,0.1125,45,0.16875,5,0.01125,0
2026-03-09,00:06:41.956788,372650,28,0.105,47,0.17625,5,0.01125,0
2026-03-09,00:06:41.956788,373681,31,0.11625,44,0.165,4,0.009,0
2026-03-09,00:06:41.956788,374712,29,0.10875,48,0.18,5,0.01125,0
2026-03-09,00:06:41.956788,375742,29,0.10875,46,0.1725,4,0.009,0
2026-03-09,00:06:41.956788,376773,30,0.1125,48,0.18,4,0.009,0
2026-03-09,00:06:47.205926,377914,29,0.10875,48,0.18,4,0.009,0
2026-03-09,00:06:47.205926,378945,31,0.11625,48,0.18,5,0.01125,0
2026-03-09,00:06:47.205926,379975,29,0.10875,47,0.17625,4,0.009,0
2026-03-09,00:06:47.205926,381008,30,0.1125,46,0.1725,4,0.009,0
2026-03-09,00:06:47.205926,382041,30,0.1125,47,0.17625,3,0.00675,0
2026-03-09,00:06:52.477271,383159,29,0.10875,50,0.1875,6,0.0135,0
2026-03-09,00:06:52.477271,384192,30,0.1125,46,0.1725,3,0.00675,0
2026-03-09,00:06:52.477271,385225,29,0.10875,46,0.1725,6,0.0135,0
2026-03-09,00:06:52.477271,386258,29,0.10875,46,0.1725,4,0.009,0
2026-03-09,00:06:52.477271,387290,30,0.1125,45,0.16875,4,0.009,0
2026-03-09,00:06:57.718139,388417,29,0.10875,45,0.16875,4,0.009,0
2026-03-09,00:06:57.718139,389450,29,0.10875,46,0.1725,3,0.00675,0
2026-03-09,00:06:57.718139,390480,30,0.1125,45,0.16875,5,0.01125,0
2026-03-09,00:06:57.718139,391511,28,0.105,46,0.1725,4,0.009,0
2026-03-09,00:06:57.718139,392541,29,0.10875,48,0.18,2,0.0045,0
2026-03-09,00:07:02.949012,393650,28,0.105,47,0.17625,2,0.0045,0
2026-03-09,00:07:02.949012,394681,30,0.1125,45,0.16875,5,0.01125,0
2026-03-09,00:07:02.949012,395711,29,0.10875,48,0.18,3,0.00675,0
2026-03-09,00:07:02.949012,396742,30,0.1125,46,0.1725,3,0.00675,0
2026-03-09,00:07:02.949012,397772,29,0.10875,48,0.18,4,0.009,0
2026-03-09,00:07:08.170702,398889,29,0.10875,47,0.17625,4,0.009,0
2026-03-09,00:07:08.170702,399919,30,0.1125,47,0.17625,6,0.0135,0
2026-03-09,00:07:08.170702,400951,29,0.10875,48,0.18,3,0.00675,0
2026-03-09,00:07:08.170702,401981,31,0.11625,47,0.17625,4,0.009,0
2026-03-09,00:07:08.170702,403011,28,0.105,45,0.16875,4,0.009,0
2026-03-09,00:07:13.410116,404120,31,0.11625,48,0.18,6,0.0135,0
2026-03-09,00:07:13.410116,405151,30,0.1125,46,0.1725,3,0.00675,0
2026-03-09,00:07:13.410116,406181,29,0.10875,46,0.1725,4,0.009,0
2026-03-09,00:07:13.410116,407212,31,0.11625,48,0.18,4,0.009,0
2026-03-09,00:07:13.410116,408243,30,0.1125,49,0.18375,4,0.009,0
2026-03-09,00:07:50.692729,0,29,0.10875,44,0.165,3,0.00675,0
2026-03-09,00:07:50.692729,1039,29,0.10875,45,0.16875,4,0.009,0
2026-03-09,00:07:50.692729,2069,29,0.10875,46,0.1725,3,0.00675,0
2026-03-09,00:07:50.692729,3100,29,0.10875,45,0.16875,3,0.00675,0
2026-03-09,00:07:50.692729,4131,30,0.1125,44,0.165,4,0.009,0
2026-03-09,00:07:55.951300,5354,28,0.105,44,0.165,3,0.00675,0
2026-03-09,00:07:55.951300,6385,28,0.105,45,0.16875,5,0.01125,0
2026-03-09,00:07:55.951300,7416,29,0.10875,45,0.16875,4,0.009,0
2026-03-09,00:07:55.951300,8446,28,0.105,46,0.1725,5,0.01125,0
2026-03-09,00:07:55.951300,9476,29,0.10875,44,0.165,4,0.009,0
2026-03-09,00:08:01.185977,10585,28,0.105,46,0.1725,4,0.009,0
2026-03-09,00:08:01.185977,11617,31,0.11625,46,0.1725,4,0.009,0
2026-03-09,00:08:01.185977,12648,28,0.105,45,0.16875,4,0.009,0
2026-03-09,00:08:01.185977,13678,31,0.11625,46,0.1725,4,0.009,0
2026-03-09,00:08:01.185977,14709,29,0.10875,47,0.17625,3,0.00675,0
2026-03-09,00:08:06.428651,15818,30,0.1125,44,0.165,4,0.009,0
2026-03-09,00:08:06.428651,16848,28,0.105,48,0.18,4,0.009,0
2026-03-09,00:08:06.428651,17879,30,0.1125,46,0.1725,3,0.00675,0
2026-03-09,00:08:06.428651,18909,30,0.1125,46,0.1725,4,0.009,0
2026-03-09,00:08:06.428651,19940,31,0.11625,46,0.1725,4,0.009,0
2026-03-09,00:08:11.661120,21049,30,0.1125,46,0.1725,4,0.009,0
2026-03-09,00:08:11.661120,22079,28,0.105,47,0.17625,3,0.00675,0
2026-03-09,00:08:11.661120,23110,30,0.1125,47,0.17625,5,0.01125,0
2026-03-09,00:08:11.661120,24141,28,0.105,49,0.18375,4,0.009,0
2026-03-09,00:08:11.661120,25171,30,0.1125,46,0.1725,4,0.009,0
2026-03-09,00:08:16.936773,26309,30,0.1125,45,0.16875,2,0.0045,0
2026-03-09,00:08:16.936773,27340,30,0.1125,47,0.17625,3,0.00675,0
2026-03-09,00:08:16.936773,28370,31,0.11625,46,0.1725,4,0.009,0
2026-03-09,00:08:16.936773,29403,29,0.10875,49,0.18375,4,0.009,0
2026-03-09,00:08:16.936773,30436,31,0.11625,48,0.18,4,0.009,0
2026-03-09,00:08:22.177757,31558,29,0.10875,46,0.1725,3,0.00675,0
2026-03-09,00:08:22.177757,32589,30,0.1125,49,0.18375,3,0.00675,0
2026-03-09,00:08:22.177757,33622,29,0.10875,45,0.16875,4,0.009,0
2026-03-09,00:08:22.177757,34655,30,0.1125,47,0.17625,5,0.01125,0
2026-03-09,00:08:22.177757,35685,29,0.10875,47,0.17625,5,0.01125,0
2026-03-09,00:08:27.399709,36800,31,0.11625,45,0.16875,5,0.01125,0
2026-03-09,00:08:27.399709,37832,28,0.105,46,0.1725,4,0.009,0
2026-03-09,00:08:27.399709,38863,30,0.1125,46,0.1725,4,0.009,0
2026-03-09,00:08:27.399709,39894,29,0.10875,47,0.17625,2,0.0045,0
2026-03-09,00:08:27.399709,40924,28,0.105,44,0.165,5,0.01125,0
2026-03-09,00:08:32.640647,42033,28,0.105,46,0.1725,4,0.009,0
2026-03-09,00:08:32.640647,43064,29,0.10875,44,0.165,5,0.01125,0
2026-03-09,00:08:32.640647,44094,29,0.10875,48,0.18,4,0.009,0
2026-03-09,00:08:32.640647,45125,30,0.1125,48,0.18,4,0.009,0
2026-03-09,00:08:32.640647,46155,30,0.1125,49,0.18375,4,0.009,0
2026-03-09,00:08:37.888066,47280,28,0.105,46,0.1725,3,0.00675,0
2026-03-09,00:08:37.888066,48310,29,0.10875,44,0.165,4,0.009,0
2026-03-09,00:08:37.888066,49341,27,0.10125,47,0.17625,5,0.01125,0
2026-03-09,00:08:37.888066,50372,30,0.1125,47,0.17625,4,0.009,0
2026-03-09,00:08:37.888066,51402,30,0.1125,48,0.18,4,0.009,0
2026-03-09,00:08:43.141719,52527,30,0.1125,47,0.17625,4,0.009,0
2026-03-09,00:08:43.141719,53557,30,0.1125,46,0.1725,5,0.01125,0
2026-03-09,00:08:43.141719,54590,30,0.1125,47,0.17625,4,0.009,0
2026-03-09,00:08:43.141719,55623,28,0.105,47,0.17625,4,0.009,0
2026-03-09,00:08:43.141719,56657,31,0.11625,47,0.17625,6,0.0135,0
2026-03-09,00:08:48.390925,57773,30,0.1125,47,0.17625,4,0.009,0
2026-03-09,00:08:48.390925,58807,29,0.10875,46,0.1725,3,0.00675,0
2026-03-09,00:08:48.390925,59840,31,0.11625,45,0.16875,4,0.009,0
2026-03-09,00:08:48.390925,60872,28,0.105,47,0.17625,3,0.00675,0
2026-03-09,00:08:48.390925,61902,30,0.1125,47,0.17625,3,0.00675,0
2026-03-09,00:08:53.631441,63016,27,0.10125,47,0.17625,3,0.00675,0
2026-03-09,00:08:53.631441,64048,30,0.1125,46,0.1725,4,0.009,0
2026-03-09,00:08:53.631441,65078,28,0.105,49,0.18375,3,0.00675,0
2026-03-09,00:08:53.631441,66109,32,0.12,46,0.1725,4,0.009,0
2026-03-09,00:08:53.631441,67140,30,0.1125,48,0.18,3,0.00675,0
2026-03-09,00:08:58.863131,68249,30,0.1125,45,0.16875,4,0.009,0
2026-03-09,00:08:58.863131,69279,30,0.1125,47,0.17625,5,0.01125,0
2026-03-09,00:08:58.863131,70310,31,0.11625,45,0.16875,4,0.009,0
2026-03-09,00:08:58.863131,71341,30,0.1125,47,0.17625,5,0.01125,0
2026-03-09,00:08:58.863131,72371,30,0.1125,48,0.18,4,0.009,0
2026-03-09,00:09:04.110052,73511,31,0.11625,48,0.18,5,0.01125,0
2026-03-09,00:09:04.110052,74542,29,0.10875,48,0.18,3,0.00675,0
2026-03-09,00:09:04.110052,75572,30,0.1125,47,0.17625,4,0.009,0
2026-03-09,00:09:04.110052,76603,30,0.1125,47,0.17625,3,0.00675,0
2026-03-09,00:09:04.110052,77636,32,0.12,46,0.1725,4,0.009,0
2026-03-09,00:09:09.379719,78768,30,0.1125,49,0.18375,2,0.0045,0
2026-03-09,00:09:09.379719,79801,31,0.11625,47,0.17625,4,0.009,0
2026-03-09,00:09:09.379719,80835,29,0.10875,46,0.1725,4,0.009,0
2026-03-09,00:09:09.379719,81866,29,0.10875,47,0.17625,4,0.009,0
2026-03-09,00:09:09.379719,82897,30,0.1125,47,0.17625,4,0.009,0
2026-03-09,00:09:14.604875,84006,29,0.10875,46,0.1725,3,0.00675,0
2026-03-09,00:09:14.604875,85038,28,0.105,46,0.1725,5,0.01125,0
2026-03-09,00:09:14.604875,86069,31,0.11625,47,0.17625,4,0.009,0
2026-03-09,00:09:14.604875,87099,31,0.11625,48,0.18,4,0.009,0
2026-03-09,00:09:14.604875,88130,29,0.10875,47,0.17625,4,0.009,0
2026-03-09,00:09:19.846708,89239,29,0.10875,47,0.17625,3,0.00675,0
2026-03-09,00:09:19.846708,90269,30,0.1125,45,0.16875,4,0.009,0
2026-03-09,00:09:19.846708,91300,28,0.105,48,0.18,5,0.01125,0
2026-03-09,00:09:19.846708,92330,31,0.11625,46,0.1725,3,0.00675,0
2026-03-09,00:09:19.846708,93361,29,0.10875,48,0.18,3,0.00675,0
2026-03-09,00:09:25.078763,94470,31,0.11625,49,0.18375,3,0.00675,0
2026-03-09,00:09:25.078763,95500,28,0.105,49,0.18375,3,0.00675,0
2026-03-09,00:09:25.078763,96531,29,0.10875,47,0.17625,2,0.0045,0
2026-03-09,00:09:25.078763,97561,29,0.10875,45,0.16875,4,0.009,0
2026-03-09,00:09:25.078763,98592,30,0.1125,47,0.17625,4,0.009,0
2026-03-09,00:09:30.324756,99712,28,0.105,47,0.17625,3,0.00675,0
2026-03-09,00:09:30.324756,100743,31,0.11625,49,0.18375,4,0.009,0
2026-03-09,00:09:30.324756,101773,29,0.10875,47,0.17625,3,0.00675,0
2026-03-09,00:09:30.324756,102804,29,0.10875,47,0.17625,2,0.0045,0
2026-03-09,00:09:30.324756,103835,28,0.105,47,0.17625,4,0.009,0
2026-03-09,00:09:35.698799,105098,29,0.10875,48,0.18,4,0.009,0
2026-03-09,00:09:35.698799,106130,29,0.10875,45,0.16875,4,0.009,0
2026-03-09,00:09:35.698799,107162,29,0.10875,48,0.18,4,0.009,0
2026-03-09,00:09:35.698799,108192,29,0.10875,46,0.1725,3,0.00675,0
2026-03-09,00:09:35.698799,109223,30,0.1125,46,0.1725,4,0.009,0
2026-03-09,00:09:40.922726,110332,29,0.10875,46,0.1725,3,0.00675,0
2026-03-09,00:09:40.922726,111363,28,0.105,49,0.18375,2,0.0045,0
2026-03-09,00:09:40.922726,112393,30,0.1125,44,0.165,4,0.009,0
2026-03-09,00:09:40.922726,113423,28,0.105,47,0.17625,2,0.0045,0
2026-03-09,00:09:40.922726,114454,30,0.1125,45,0.16875,5,0.01125,0
2026-03-09,00:09:46.163764,115563,29,0.10875,47,0.17625,3,0.00675,0
2026-03-09,00:09:46.163764,116593,28,0.105,47,0.17625,4,0.009,0
2026-03-09,00:09:46.163764,117624,29,0.10875,49,0.18375,3,0.00675,0
2026-03-09,00:09:46.163764,118655,30,0.1125,46,0.1725,4,0.009,0
2026-03-09,00:09:46.163764,119685,30,0.1125,47,0.17625,4,0.009,0
2026-03-09,00:09:51.417645,120820,30,0.1125,47,0.17625,3,0.00675,0
2026-03-09,00:09:51.417645,121850,29,0.10875,49,0.18375,5,0.01125,0
2026-03-09,00:09:51.417645,122880,30,0.1125,47,0.17625,3,0.00675,0
2026-03-09,00:09:51.417645,123911,30,0.1125,46,0.1725,4,0.009,0
2026-03-09,00:09:51.417645,124945,29,0.10875,44,0.165,4,0.009,0
2026-03-09,00:09:56.689248,126054,28,0.105,47,0.17625,4,0.009,0
2026-03-09,00:09:56.689248,127084,31,0.11625,48,0.18,5,0.01125,0
2026-03-09,00:09:56.689248,128117,31,0.11625,48,0.18,4,0.009,0
2026-03-09,00:09:56.689248,129150,31,0.11625,47,0.17625,4,0.009,0
2026-03-09,00:09:56.689248,130183,30,0.1125,49,0.18375,3,0.00675,0
2026-03-09,00:10:01.939836,131313,31,0.11625,45,0.16875,4,0.009,0
2026-03-09,00:10:01.939836,132346,27,0.10125,46,0.1725,4,0.009,0
2026-03-09,00:10:01.939836,133377,29,0.10875,46,0.1725,3,0.00675,0
2026-03-09,00:10:01.939836,134407,29,0.10875,48,0.18,4,0.009,0
2026-03-09,00:10:01.939836,135438,28,0.105,45,0.16875,5,0.01125,0
2026-03-09,00:10:07.165021,136575,31,0.11625,47,0.17625,3,0.00675,0
2026-03-09,00:10:07.165021,137606,30,0.1125,49,0.18375,4,0.009,0
2026-03-09,00:10:07.165021,138637,31,0.11625,47,0.17625,4,0.009,0
2026-03-09,00:10:07.165021,139667,29,0.10875,47,0.17625,3,0.00675,0
2026-03-09,00:10:07.165021,140698,31,0.11625,47,0.17625,4,0.009,0
2026-03-09,00:10:12.405482,141815,28,0.105,47,0.17625,5,0.01125,0
2026-03-09,00:10:12.405482,142845,31,0.11625,46,0.1725,5,0.01125,0
2026-03-09,00:10:12.405482,143876,29,0.10875,47,0.17625,6,0.0135,0
2026-03-09,00:10:12.405482,144906,31,0.11625,47,0.17625,3,0.00675,0
2026-03-09,00:10:12.405482,145940,30,0.1125,48,0.18,5,0.01125,0
2026-03-09,00:10:17.681150,147050,30,0.1125,46,0.1725,4,0.009,0
2026-03-09,00:10:17.681150,148081,27,0.10125,47,0.17625,4,0.009,0
2026-03-09,00:10:17.681150,149111,31,0.11625,48,0.18,4,0.009,0
2026-03-09,00:10:17.681150,150145,30,0.1125,48,0.18,4,0.009,0
2026-03-09,00:10:17.681150,151179,28,0.105,45,0.16875,3,0.00675,0
2026-03-09,00:10:22.903648,152314,29,0.10875,45,0.16875,4,0.009,0
2026-03-09,00:10:22.903648,153344,28,0.105,46,0.1725,4,0.009,0
2026-03-09,00:10:22.903648,154375,30,0.1125,45,0.16875,5,0.01125,0
2026-03-09,00:10:22.903648,155405,28,0.105,45,0.16875,6,0.0135,0
2026-03-09,00:10:22.903648,156436,31,0.11625,47,0.17625,3,0.00675,0
2026-03-09,00:10:28.143879,157545,30,0.1125,48,0.18,5,0.01125,0
2026-03-09,00:10:28.143879,158575,30,0.1125,47,0.17625,5,0.01125,0
2026-03-09,00:10:28.143879,159606,29,0.10875,48,0.18,4,0.009,0
2026-03-09,00:10:28.143879,160637,30,0.1125,47,0.17625,6,0.0135,0
2026-03-09,00:10:28.143879,161668,28,0.105,46,0.1725,4,0.009,0
2026-03-09,00:10:33.396847,162806,31,0.11625,47,0.17625,6,0.0135,0
2026-03-09,00:10:33.396847,163837,30,0.1125,48,0.18,2,0.0045,0
2026-03-09,00:10:33.396847,164867,30,0.1125,47,0.17625,4,0.009,0
2026-03-09,00:10:33.396847,165897,30,0.1125,47,0.17625,3,0.00675,0
2026-03-09,00:10:33.396847,166931,29,0.10875,45,0.16875,1,0.00225,0
2026-03-09,00:10:38.666420,168064,29,0.10875,46,0.1725,3,0.00675,0
2026-03-09,00:10:38.666420,169097,28,0.105,48,0.18,5,0.01125,0
2026-03-09,00:10:38.666420,170130,28,0.105,45,0.16875,5,0.01125,0
2026-03-09,00:10:38.666420,171161,27,0.10125,46,0.1725,4,0.009,0
2026-03-09,00:10:38.666420,172191,30,0.1125,46,0.1725,3,0.00675,0
2026-03-09,00:12:00.032403,0,28,0.105,46,0.1725,3,0.00675,0
2026-03-09,00:12:00.032403,1040,28,0.105,47,0.17625,3,0.00675,0
2026-03-09,00:12:00.032403,2070,30,0.1125,47,0.17625,2,0.0045,0
2026-03-09,00:12:00.032403,3099,28,0.105,48,0.18,3,0.00675,0
2026-03-09,00:12:00.032403,4129,30,0.1125,47,0.17625,3,0.00675,0
2026-03-09,00:12:08.369576,8440,29,0.10875,46,0.1725,3,0.00675,0
2026-03-09,00:12:08.369576,9471,27,0.10125,47,0.17625,5,0.01125,0
2026-03-09,00:12:08.369576,10502,30,0.1125,47,0.17625,3,0.00675,0
2026-03-09,00:12:08.369576,11534,30,0.1125,49,0.18375,4,0.009,0
2026-03-09,00:12:08.369576,12565,29,0.10875,49,0.18375,3,0.00675,0
2026-03-09,00:12:16.707775,16785,31,0.11625,49,0.18375,3,0.00675,0
2026-03-09,00:12:16.707775,17815,30,0.1125,50,0.1875,3,0.00675,0
2026-03-09,00:12:16.707775,18846,31,0.11625,49,0.18375,2,0.0045,0
2026-03-09,00:12:16.707775,19876,30,0.1125,49,0.18375,4,0.009,0
2026-03-09,00:12:16.707775,20907,32,0.12,48,0.18,4,0.009,0
2026-03-09,00:12:24.901920,24989,29,0.10875,45,0.16875,2,0.0045,0
2026-03-09,00:12:24.901920,26019,28,0.105,48,0.18,3,0.00675,0
2026-03-09,00:12:24.901920,27050,31,0.11625,50,0.1875,4,0.009,0
2026-03-09,00:12:24.901920,28080,30,0.1125,50,0.1875,3,0.00675,0
2026-03-09,00:12:24.901920,29111,31,0.11625,50,0.1875,5,0.01125,0
2026-03-09,00:12:32.976459,33067,29,0.10875,52,0.195,3,0.00675,0
2026-03-09,00:12:32.976459,34098,32,0.12,47,0.17625,3,0.00675,0
2026-03-09,00:12:32.976459,35128,29,0.10875,50,0.1875,4,0.009,0
2026-03-09,00:12:32.976459,36159,30,0.1125,48,0.18,3,0.00675,0
2026-03-09,00:12:32.976459,37189,27,0.10125,47,0.17625,3,0.00675,0
2026-03-09,00:20:10.584914,0,29,0.10875,45,0.16875,3,0.00675,0
2026-03-09,00:20:10.584914,1040,28,0.105,45,0.16875,4,0.009,0
2026-03-09,00:20:10.584914,2070,29,0.10875,46,0.1725,3,0.00675,0
2026-03-09,00:20:10.584914,3101,30,0.1125,45,0.16875,3,0.00675,0
2026-03-09,00:20:10.584914,4131,28,0.105,46,0.1725,3,0.00675,0
2026-03-09,00:20:10.584914,5309,27,0.10125,45,0.16875,4,0.009,0
2026-03-09,00:20:10.584914,6339,29,0.10875,46,0.1725,3,0.00675,0
2026-03-09,00:20:10.584914,7369,28,0.105,45,0.16875,3,0.00675,0
2026-03-09,00:20:10.584914,8399,30,0.1125,45,0.16875,5,0.01125,0
2026-03-09,00:20:10.584914,9429,29,0.10875,44,0.165,3,0.00675,0
2026-03-09,00:20:10.584914,10497,29,0.10875,49,0.18375,4,0.009,0
2026-03-09,00:20:10.584914,11527,31,0.11625,49,0.18375,4,0.009,0
2026-03-09,00:20:10.584914,12558,31,0.11625,49,0.18375,4,0.009,0
2026-03-09,00:20:10.584914,13588,31,0.11625,48,0.18,3,0.00675,0
2026-03-09,00:20:10.584914,14619,30,0.1125,49,0.18375,3,0.00675,0
2026-03-09,00:20:15.767093,15697,28,0.105,46,0.1725,3,0.00675,0
2026-03-09,00:20:15.767093,16728,31,0.11625,49,0.18375,4,0.009,0
2026-03-09,00:20:15.767093,17762,31,0.11625,48,0.18,4,0.009,0
2026-03-09,00:20:15.767093,18792,29,0.10875,49,0.18375,3,0.00675,0
2026-03-09,00:20:15.767093,19823,31,0.11625,48,0.18,3,0.00675,0
2026-03-09,00:20:20.990279,20910,30,0.1125,48,0.18,3,0.00675,0
2026-03-09,00:20:20.990279,21943,31,0.11625,48,0.18,4,0.009,0
2026-03-09,00:20:20.990279,22978,31,0.11625,47,0.17625,3,0.00675,0
2026-03-09,00:20:20.990279,24010,30,0.1125,49,0.18375,3,0.00675,0
2026-03-09,00:20:20.990279,25041,30,0.1125,49,0.18375,4,0.009,0
2026-03-09,00:20:26.186551,26117,31,0.11625,50,0.1875,3,0.00675,0
2026-03-09,00:20:26.186551,27147,32,0.12,48,0.18,4,0.009,0
2026-03-09,00:20:26.186551,28180,31,0.11625,48,0.18,3,0.00675,0
2026-03-09,00:20:26.186551,29214,30,0.1125,48,0.18,4,0.009,0
2026-03-09,00:20:26.186551,30248,31,0.11625,46,0.1725,4,0.009,0
