Date,Time,time_passed_since_start,ADS Reading 1,Current 1,ADS Reading 2,Current 2,ADS Reading 3,Volts 1,Lost Data
2026-04-08,15:30:55.638994,930488,59,0.22125,177,0.66375,9317,20.96325,521
2026-04-08,15:30:55.638994,930519,64,0.24,170,0.6375,9317,20.96325,0
2026-04-08,15:30:55.638994,930551,56,0.21,176,0.66,9319,20.96775,0
2026-04-08,15:30:55.638994,930583,71,0.26625,167,0.62625,9318,20.9655,0
2026-04-08,15:30:55.638994,930614,70,0.2625,178,0.6675,9318,20.9655,0
2026-04-08,15:30:55.638994,930645,68,0.255,172,0.645,9318,20.9655,0
2026-04-08,15:30:55.638994,930677,62,0.2325,169,0.63375,9318,20.9655,0
2026-04-08,15:30:55.638994,930708,62,0.2325,167,0.62625,9317,20.96325,0
2026-04-08,15:30:55.638994,930739,64,0.24,173,0.64875,9317,20.96325,0
2026-04-08,15:30:55.638994,930771,68,0.255,173,0.64875,9318,20.9655,0
2026-04-08,15:30:55.638994,930802,64,0.24,169,0.63375,9319,20.96775,0
2026-04-08,15:30:55.638994,930833,60,0.225,174,0.6525,9318,20.9655,0
2026-04-08,15:30:55.638994,930865,63,0.23625,179,0.67125,9317,20.96325,0
2026-04-08,15:30:55.638994,930897,65,0.24375,179,0.67125,9317,20.96325,0
2026-04-08,15:30:55.638994,930928,65,0.24375,178,0.6675,9318,20.9655,0
2026-04-08,15:30:55.638994,930959,68,0.255,172,0.645,9318,20.9655,0
2026-04-08,15:30:55.638994,930991,58,0.2175,179,0.67125,9317,20.96325,0
2026-04-08,15:30:55.638994,931022,68,0.255,177,0.66375,9318,20.9655,0
2026-04-08,15:30:55.638994,931054,59,0.22125,178,0.6675,9317,20.96325,0
2026-04-08,15:30:55.638994,931085,59,0.22125,173,0.64875,9317,20.96325,0
2026-04-08,15:30:55.638994,931195,65,0.24375,170,0.6375,9317,20.96325,0
2026-04-08,15:30:55.638994,931323,61,0.22875,180,0.675,9318,20.9655,0
2026-04-08,15:30:55.638994,931354,69,0.25875,169,0.63375,9318,20.9655,0
2026-04-08,15:30:55.638994,931386,62,0.2325,174,0.6525,9316,20.961,0
2026-04-08,15:30:55.638994,931417,61,0.22875,180,0.675,9318,20.9655,0
2026-04-08,15:30:55.638994,931448,67,0.25125,173,0.64875,9316,20.961,0
2026-04-08,15:30:55.638994,931480,53,0.19875,177,0.66375,9317,20.96325,0
2026-04-08,15:30:55.638994,931512,57,0.21375,172,0.645,9318,20.9655,0
2026-04-08,15:30:55.638994,931543,57,0.21375,176,0.66,9317,20.96325,0
2026-04-08,15:30:55.638994,931574,65,0.24375,180,0.675,9318,20.9655,0
2026-04-08,15:30:55.638994,931606,60,0.225,172,0.645,9316,20.961,0
2026-04-08,15:30:55.638994,931637,73,0.27375,180,0.675,9317,20.96325,0
2026-04-08,15:30:55.638994,931669,69,0.25875,175,0.65625,9316,20.961,0
2026-04-08,15:30:55.638994,931700,71,0.26625,177,0.66375,9318,20.9655,0
2026-04-08,15:30:55.638994,931731,69,0.25875,178,0.6675,9316,20.961,0
2026-04-08,15:30:55.638994,931762,62,0.2325,175,0.65625,9317,20.96325,0
2026-04-08,15:30:55.638994,931794,65,0.24375,164,0.615,9317,20.96325,0
2026-04-08,15:30:55.638994,931826,63,0.23625,177,0.66375,9317,20.96325,0
2026-04-08,15:30:55.638994,931857,64,0.24,168,0.63,9318,20.9655,0
2026-04-08,15:30:55.638994,931889,69,0.25875,169,0.63375,9318,20.9655,0
2026-04-08,15:30:56.648255,932046,66,0.2475,168,0.63,9318,20.9655,0
2026-04-08,15:30:56.648255,932173,72,0.27,174,0.6525,9318,20.9655,0
2026-04-08,15:30:56.648255,932206,62,0.2325,168,0.63,9318,20.9655,0
2026-04-08,15:30:56.648255,932238,62,0.2325,177,0.66375,9317,20.96325,0
2026-04-08,15:30:56.648255,932269,65,0.24375,171,0.64125,9317,20.96325,0
2026-04-08,15:30:56.648255,932301,64,0.24,173,0.64875,9318,20.9655,0
2026-04-08,15:30:56.648255,932332,64,0.24,173,0.64875,9317,20.96325,0
2026-04-08,15:30:56.648255,932363,60,0.225,166,0.6225,9316,20.961,0
2026-04-08,15:30:56.648255,932395,64,0.24,172,0.645,9318,20.9655,0
2026-04-08,15:30:56.648255,932426,60,0.225,170,0.6375,9318,20.9655,0
2026-04-08,15:30:56.648255,932458,64,0.24,176,0.66,9318,20.9655,0
2026-04-08,15:30:56.648255,932489,68,0.255,174,0.6525,9318,20.9655,0
2026-04-08,15:30:56.648255,932521,65,0.24375,175,0.65625,9317,20.96325,0
2026-04-08,15:30:56.648255,932552,68,0.255,172,0.645,9317,20.96325,0
2026-04-08,15:30:56.648255,932583,63,0.23625,182,0.6825,9318,20.9655,0
2026-04-08,15:30:56.648255,932615,62,0.2325,180,0.675,9317,20.96325,0
2026-04-08,15:30:56.648255,932646,63,0.23625,184,0.69,9318,20.9655,0
2026-04-08,15:30:56.648255,932677,63,0.23625,181,0.67875,9317,20.96325,0
2026-04-08,15:30:56.648255,932709,65,0.24375,177,0.66375,9317,20.96325,0
2026-04-08,15:30:56.648255,932740,62,0.2325,173,0.64875,9318,20.9655,0
2026-04-08,15:30:57.469148,933041,60,0.225,166,0.6225,9319,20.96775,0
2026-04-08,15:30:57.469148,933168,60,0.225,176,0.66,9318,20.9655,0
2026-04-08,15:30:57.469148,933200,62,0.2325,179,0.67125,9317,20.96325,0
2026-04-08,15:30:57.469148,933232,67,0.25125,179,0.67125,9318,20.9655,0
2026-04-08,15:30:57.469148,933263,61,0.22875,166,0.6225,9318,20.9655,0
2026-04-08,15:30:57.469148,933294,65,0.24375,179,0.67125,9318,20.9655,0
2026-04-08,15:30:57.469148,933326,61,0.22875,178,0.6675,9317,20.96325,0
2026-04-08,15:30:57.469148,933357,67,0.25125,169,0.63375,9317,20.96325,0
2026-04-08,15:30:57.469148,933389,66,0.2475,177,0.66375,9316,20.961,0
2026-04-08,15:30:57.469148,933420,71,0.26625,169,0.63375,9318,20.9655,0
2026-04-08,15:30:57.469148,933452,62,0.2325,172,0.645,9317,20.96325,0
2026-04-08,15:30:57.469148,933483,64,0.24,167,0.62625,9318,20.9655,0
2026-04-08,15:30:57.469148,933515,58,0.2175,171,0.64125,9318,20.9655,0
2026-04-08,15:30:57.469148,933546,60,0.225,174,0.6525,9317,20.96325,0
2026-04-08,15:30:57.469148,933577,61,0.22875,177,0.66375,9316,20.961,0
2026-04-08,15:30:57.469148,933608,59,0.22125,175,0.65625,9318,20.9655,0
2026-04-08,15:30:57.469148,933640,61,0.22875,180,0.675,9317,20.96325,0
2026-04-08,15:30:57.469148,933671,65,0.24375,169,0.63375,9318,20.9655,0
2026-04-08,15:30:57.469148,933703,72,0.27,177,0.66375,9318,20.9655,0
2026-04-08,15:30:57.469148,933734,62,0.2325,175,0.65625,9318,20.9655,0
2026-04-08,15:30:58.289794,933878,64,0.24,178,0.6675,9317,20.96325,0
2026-04-08,15:30:58.289794,934006,62,0.2325,164,0.615,9318,20.9655,0
2026-04-08,15:30:58.289794,934038,65,0.24375,171,0.64125,9316,20.961,0
2026-04-08,15:30:58.289794,934070,61,0.22875,175,0.65625,9318,20.9655,0
2026-04-08,15:30:58.289794,934101,66,0.2475,170,0.6375,9318,20.9655,0
2026-04-08,15:30:58.289794,934133,61,0.22875,173,0.64875,9318,20.9655,0
2026-04-08,15:30:58.289794,934164,62,0.2325,176,0.66,9318,20.9655,0
2026-04-08,15:30:58.289794,934195,62,0.2325,173,0.64875,9318,20.9655,0
2026-04-08,15:30:58.289794,934227,61,0.22875,170,0.6375,9317,20.96325,0
2026-04-08,15:30:58.289794,934258,58,0.2175,168,0.63,9319,20.96775,0
2026-04-08,15:30:58.289794,934289,62,0.2325,166,0.6225,9318,20.9655,0
2026-04-08,15:30:58.289794,934321,57,0.21375,172,0.645,9317,20.96325,0
2026-04-08,15:30:58.289794,934352,64,0.24,175,0.65625,9318,20.9655,0
2026-04-08,15:30:58.289794,934384,65,0.24375,167,0.62625,9317,20.96325,0
2026-04-08,15:30:58.289794,934415,61,0.22875,179,0.67125,9318,20.9655,0
2026-04-08,15:30:58.289794,934447,65,0.24375,175,0.65625,9319,20.96775,0
2026-04-08,15:30:58.289794,934478,63,0.23625,181,0.67875,9318,20.9655,0
2026-04-08,15:30:58.289794,934509,62,0.2325,170,0.6375,9318,20.9655,0
2026-04-08,15:30:58.289794,934541,65,0.24375,181,0.67875,9317,20.96325,0
2026-04-08,15:30:58.289794,934572,69,0.25875,165,0.61875,9316,20.961,0
2026-04-08,15:30:59.110634,934683,59,0.22125,166,0.6225,9317,20.96325,0
2026-04-08,15:30:59.110634,934810,59,0.22125,177,0.66375,9318,20.9655,0
2026-04-08,15:30:59.110634,934842,60,0.225,166,0.6225,9317,20.96325,0
2026-04-08,15:30:59.110634,934874,65,0.24375,165,0.61875,9317,20.96325,0
2026-04-08,15:30:59.110634,934906,60,0.225,168,0.63,9318,20.9655,0
2026-04-08,15:30:59.110634,934937,60,0.225,177,0.66375,9316,20.961,0
2026-04-08,15:30:59.110634,934969,63,0.23625,172,0.645,9318,20.9655,0
2026-04-08,15:30:59.110634,935000,70,0.2625,174,0.6525,9318,20.9655,0
2026-04-08,15:30:59.110634,935031,68,0.255,167,0.62625,9317,20.96325,0
2026-04-08,15:30:59.110634,935063,67,0.25125,178,0.6675,9318,20.9655,0
2026-04-08,15:30:59.110634,935095,56,0.21,181,0.67875,9319,20.96775,0
2026-04-08,15:30:59.110634,935126,66,0.2475,178,0.6675,9318,20.9655,0
2026-04-08,15:30:59.110634,935158,56,0.21,174,0.6525,9317,20.96325,0
2026-04-08,15:30:59.110634,935189,55,0.20625,171,0.64125,9316,20.961,0
2026-04-08,15:30:59.110634,935220,66,0.2475,177,0.66375,9318,20.9655,0
2026-04-08,15:30:59.110634,935252,70,0.2625,174,0.6525,9318,20.9655,0
2026-04-08,15:30:59.110634,935283,65,0.24375,168,0.63,9318,20.9655,0
2026-04-08,15:30:59.110634,935314,62,0.2325,164,0.615,9317,20.96325,0
2026-04-08,15:30:59.110634,935346,62,0.2325,174,0.6525,9318,20.9655,0
2026-04-08,15:30:59.110634,935377,63,0.23625,168,0.63,9318,20.9655,0
2026-04-08,15:30:59.929217,935524,59,0.22125,164,0.615,9318,20.9655,0
2026-04-08,15:30:59.929217,935651,66,0.2475,171,0.64125,9317,20.96325,0
2026-04-08,15:30:59.929217,935684,64,0.24,177,0.66375,9318,20.9655,0
2026-04-08,15:30:59.929217,935715,66,0.2475,175,0.65625,9318,20.9655,0
2026-04-08,15:30:59.929217,935746,63,0.23625,165,0.61875,9317,20.96325,0
2026-04-08,15:30:59.929217,935778,62,0.2325,165,0.61875,9318,20.9655,0
2026-04-08,15:30:59.929217,935810,56,0.21,174,0.6525,9317,20.96325,0
2026-04-08,15:30:59.929217,935841,56,0.21,174,0.6525,9318,20.9655,0
2026-04-08,15:30:59.929217,935873,62,0.2325,175,0.65625,9318,20.9655,0
2026-04-08,15:30:59.929217,935904,62,0.2325,175,0.65625,9318,20.9655,0
2026-04-08,15:30:59.929217,935935,64,0.24,170,0.6375,9318,20.9655,0
2026-04-08,15:30:59.929217,935967,71,0.26625,169,0.63375,9318,20.9655,0
2026-04-08,15:30:59.929217,935998,63,0.23625,175,0.65625,9317,20.96325,0
2026-04-08,15:30:59.929217,936029,62,0.2325,176,0.66,9318,20.9655,0
2026-04-08,15:30:59.929217,936061,64,0.24,179,0.67125,9318,20.9655,0
2026-04-08,15:30:59.929217,936093,64,0.24,168,0.63,9318,20.9655,0
2026-04-08,15:30:59.929217,936124,55,0.20625,170,0.6375,9317,20.96325,0
2026-04-08,15:30:59.929217,936155,63,0.23625,181,0.67875,9317,20.96325,0
2026-04-08,15:30:59.929217,936187,62,0.2325,176,0.66,9318,20.9655,0
2026-04-08,15:30:59.929217,936218,63,0.23625,178,0.6675,9317,20.96325,0
2026-04-08,15:31:00.754593,936327,62,0.2325,167,0.62625,9319,20.96775,0
2026-04-08,15:31:00.754593,936454,69,0.25875,170,0.6375,9318,20.9655,0
2026-04-08,15:31:00.754593,936486,65,0.24375,168,0.63,9317,20.96325,0
2026-04-08,15:31:00.754593,936518,66,0.2475,170,0.6375,9318,20.9655,0
2026-04-08,15:31:00.754593,936549,65,0.24375,170,0.6375,9318,20.9655,0
2026-04-08,15:31:00.754593,936581,61,0.22875,170,0.6375,9318,20.9655,0
2026-04-08,15:31:00.754593,936612,60,0.225,173,0.64875,9318,20.9655,0
2026-04-08,15:31:00.754593,936644,57,0.21375,177,0.66375,9317,20.96325,0
2026-04-08,15:31:00.754593,936675,56,0.21,177,0.66375,9318,20.9655,0
2026-04-08,15:31:00.754593,936707,66,0.2475,174,0.6525,9318,20.9655,0
2026-04-08,15:31:00.754593,936738,58,0.2175,176,0.66,9319,20.96775,0
2026-04-08,15:31:00.754593,936769,68,0.255,170,0.6375,9318,20.9655,0
2026-04-08,15:31:00.754593,936801,58,0.2175,175,0.65625,9318,20.9655,0
2026-04-08,15:31:00.754593,936832,54,0.2025,175,0.65625,9318,20.9655,0
2026-04-08,15:31:00.754593,936863,66,0.2475,171,0.64125,9318,20.9655,0
2026-04-08,15:31:00.754593,936895,66,0.2475,176,0.66,9318,20.9655,0
2026-04-08,15:31:00.754593,936926,63,0.23625,175,0.65625,9317,20.96325,0
2026-04-08,15:31:00.754593,936958,70,0.2625,166,0.6225,9317,20.96325,0
2026-04-08,15:31:00.754593,936989,69,0.25875,171,0.64125,9317,20.96325,0
2026-04-08,15:31:00.754593,937021,64,0.24,173,0.64875,9318,20.9655,0
2026-04-08,15:31:01.565487,937169,63,0.23625,177,0.66375,9317,20.96325,0
2026-04-08,15:31:01.565487,937297,57,0.21375,180,0.675,9318,20.9655,0
2026-04-08,15:31:01.565487,937329,60,0.225,174,0.6525,9317,20.96325,0
2026-04-08,15:31:01.565487,937360,58,0.2175,173,0.64875,9317,20.96325,0
2026-04-08,15:31:01.565487,937391,59,0.22125,166,0.6225,9319,20.96775,0
2026-04-08,15:31:01.565487,937423,62,0.2325,174,0.6525,9317,20.96325,0
2026-04-08,15:31:01.565487,937454,60,0.225,177,0.66375,9318,20.9655,0
2026-04-08,15:31:01.565487,937485,61,0.22875,167,0.62625,9317,20.96325,0
2026-04-08,15:31:01.565487,937517,58,0.2175,169,0.63375,9318,20.9655,0
2026-04-08,15:31:01.565487,937548,59,0.22125,170,0.6375,9318,20.9655,0
2026-04-08,15:31:01.565487,937580,58,0.2175,175,0.65625,9318,20.9655,0
2026-04-08,15:31:01.565487,937611,68,0.255,173,0.64875,9318,20.9655,0
2026-04-08,15:31:01.565487,937643,56,0.21,174,0.6525,9318,20.9655,0
2026-04-08,15:31:01.565487,937674,71,0.26625,179,0.67125,9318,20.9655,0
2026-04-08,15:31:01.565487,937705,62,0.2325,174,0.6525,9318,20.9655,0
2026-04-08,15:31:01.565487,937737,60,0.225,170,0.6375,9319,20.96775,0
2026-04-08,15:31:01.565487,937768,62,0.2325,175,0.65625,9318,20.9655,0
2026-04-08,15:31:01.565487,937799,59,0.22125,173,0.64875,9319,20.96775,0
2026-04-08,15:31:01.565487,937831,64,0.24,174,0.6525,9317,20.96325,0
2026-04-08,15:31:01.565487,937862,71,0.26625,175,0.65625,9318,20.9655,0
2026-04-08,15:31:02.475413,937963,59,0.22125,172,0.645,9318,20.9655,0
2026-04-08,15:31:02.475413,938089,61,0.22875,180,0.675,9318,20.9655,0
2026-04-08,15:31:02.475413,938121,64,0.24,168,0.63,9316,20.961,0
2026-04-08,15:31:02.475413,938152,68,0.255,169,0.63375,9317,20.96325,0
2026-04-08,15:31:02.475413,938184,63,0.23625,165,0.61875,9318,20.9655,0
2026-04-08,15:31:02.475413,938215,60,0.225,173,0.64875,9318,20.9655,0
2026-04-08,15:31:02.475413,938247,64,0.24,175,0.65625,9318,20.9655,0
2026-04-08,15:31:02.475413,938280,61,0.22875,173,0.64875,9318,20.9655,0
2026-04-08,15:31:02.475413,938312,65,0.24375,172,0.645,9319,20.96775,0
2026-04-08,15:31:02.475413,938343,63,0.23625,183,0.68625,9317,20.96325,0
2026-04-08,15:31:02.475413,938375,57,0.21375,174,0.6525,9318,20.9655,0
2026-04-08,15:31:02.475413,938406,57,0.21375,175,0.65625,9318,20.9655,0
2026-04-08,15:31:02.475413,938439,64,0.24,172,0.645,9317,20.96325,0
2026-04-08,15:31:02.475413,938470,64,0.24,178,0.6675,9318,20.9655,0
2026-04-08,15:31:02.475413,938501,65,0.24375,171,0.64125,9319,20.96775,0
2026-04-08,15:31:02.475413,938533,73,0.27375,178,0.6675,9319,20.96775,0
2026-04-08,15:31:02.475413,938566,60,0.225,189,0.70875,9317,20.96325,0
2026-04-08,15:31:02.475413,938597,66,0.2475,175,0.65625,9318,20.9655,0
2026-04-08,15:31:02.475413,938629,63,0.23625,166,0.6225,9318,20.9655,0
2026-04-08,15:31:02.475413,938660,57,0.21375,169,0.63375,9318,20.9655,0
2026-04-08,15:31:06.118229,938873,65,0.24375,169,0.63375,9317,20.96325,0
2026-04-08,15:31:06.118229,939000,62,0.2325,176,0.66,9319,20.96775,0
2026-04-08,15:31:06.118229,939031,61,0.22875,168,0.63,9318,20.9655,0
2026-04-08,15:31:06.118229,939063,65,0.24375,176,0.66,9316,20.961,0
2026-04-08,15:31:06.118229,939094,69,0.25875,169,0.63375,9317,20.96325,0
2026-04-08,15:31:06.118229,939126,58,0.2175,172,0.645,9319,20.96775,0
2026-04-08,15:31:06.118229,939157,66,0.2475,180,0.675,9318,20.9655,0
2026-04-08,15:31:06.118229,939189,61,0.22875,175,0.65625,9318,20.9655,0
2026-04-08,15:31:06.118229,939220,66,0.2475,178,0.6675,9319,20.96775,0
2026-04-08,15:31:06.118229,939252,67,0.25125,171,0.64125,9319,20.96775,0
2026-04-08,15:31:06.118229,939283,62,0.2325,175,0.65625,9317,20.96325,0
2026-04-08,15:31:06.118229,939314,69,0.25875,175,0.65625,9319,20.96775,0
2026-04-08,15:31:06.118229,939346,70,0.2625,167,0.62625,9318,20.9655,0
2026-04-08,15:31:06.118229,939377,61,0.22875,176,0.66,9319,20.96775,0
2026-04-08,15:31:06.118229,939408,63,0.23625,171,0.64125,9319,20.96775,0
2026-04-08,15:31:06.118229,939440,64,0.24,170,0.6375,9319,20.96775,0
2026-04-08,15:31:06.118229,939471,64,0.24,171,0.64125,9318,20.9655,0
2026-04-08,15:31:06.118229,939503,63,0.23625,178,0.6675,9319,20.96775,0
2026-04-08,15:31:06.118229,939534,62,0.2325,163,0.61125,9319,20.96775,0
2026-04-08,15:31:06.118229,939566,67,0.25125,171,0.64125,9318,20.9655,0
2026-04-08,15:31:07.291548,942544,4423,16.58625,4560,17.1,9044,20.349,0
2026-04-08,15:31:07.291548,942676,4426,16.5975,4562,17.1075,9043,20.34675,0
2026-04-08,15:31:07.291548,942708,4437,16.63875,4562,17.1075,9043,20.34675,0
2026-04-08,15:31:07.291548,942740,4428,16.605,4565,17.11875,9044,20.349,0
2026-04-08,15:31:07.291548,942771,4431,16.61625,4572,17.145,9043,20.34675,0
2026-04-08,15:31:07.291548,942802,4426,16.5975,4568,17.13,9042,20.3445,0
2026-04-08,15:31:07.291548,942834,4424,16.59,4558,17.0925,9042,20.3445,0
2026-04-08,15:31:07.291548,942865,4428,16.605,4563,17.11125,9042,20.3445,0
2026-04-08,15:31:07.291548,942897,4430,16.6125,4560,17.1,9041,20.34225,0
2026-04-08,15:31:07.291548,942929,4426,16.5975,4559,17.09625,9042,20.3445,0
2026-04-08,15:31:07.291548,942960,4424,16.59,4565,17.11875,9041,20.34225,0
2026-04-08,15:31:07.291548,942991,4431,16.61625,4566,17.1225,9040,20.34,0
2026-04-08,15:31:07.291548,943022,4423,16.58625,4562,17.1075,9041,20.34225,0
2026-04-08,15:31:07.291548,943054,4431,16.61625,4562,17.1075,9041,20.34225,0
2026-04-08,15:31:07.291548,943086,4425,16.59375,4567,17.12625,9041,20.34225,0
2026-04-08,15:31:07.291548,943117,4428,16.605,4563,17.11125,9041,20.34225,0
2026-04-08,15:31:07.291548,943149,4424,16.59,4569,17.13375,9040,20.34,0
2026-04-08,15:31:07.291548,943180,4422,16.5825,4564,17.115,9041,20.34225,0
2026-04-08,15:31:07.291548,943211,4428,16.605,4570,17.1375,9041,20.34225,0
2026-04-08,15:31:07.291548,943243,4429,16.60875,4558,17.0925,9040,20.34,0
2026-04-08,15:31:15.485493,950254,4399,16.49625,4534,17.0025,9013,20.27925,201
2026-04-08,15:31:15.485493,950286,4398,16.4925,4529,16.98375,9014,20.2815,0
2026-04-08,15:31:15.485493,950317,4395,16.48125,4531,16.99125,9014,20.2815,0
2026-04-08,15:31:15.485493,950349,4391,16.46625,4528,16.98,9013,20.27925,0
2026-04-08,15:31:15.485493,950380,4390,16.4625,4528,16.98,9014,20.2815,0
2026-04-08,15:31:15.485493,950412,4398,16.4925,4533,16.99875,9013,20.27925,0
2026-04-08,15:31:15.485493,950443,4403,16.51125,4525,16.96875,9013,20.27925,0
2026-04-08,15:31:15.485493,950474,4396,16.485,4527,16.97625,9011,20.27475,0
2026-04-08,15:31:15.485493,950505,4403,16.51125,4532,16.995,9012,20.277,0
2026-04-08,15:31:15.485493,950537,4399,16.49625,4536,17.01,9014,20.2815,0
2026-04-08,15:31:15.485493,950569,4398,16.4925,4530,16.9875,9011,20.27475,0
2026-04-08,15:31:15.485493,950600,4398,16.4925,4536,17.01,9014,20.2815,0
2026-04-08,15:31:15.485493,950631,4395,16.48125,4530,16.9875,9012,20.277,0
2026-04-08,15:31:15.485493,950663,4399,16.49625,4540,17.025,9011,20.27475,0
2026-04-08,15:31:15.485493,950694,4411,16.54125,4532,16.995,9013,20.27925,0
2026-04-08,15:31:15.485493,950726,4403,16.51125,4534,17.0025,9011,20.27475,0
2026-04-08,15:31:15.485493,950757,4397,16.48875,4536,17.01,9012,20.277,0
2026-04-08,15:31:15.485493,950788,4405,16.51875,4526,16.9725,9012,20.277,0
2026-04-08,15:31:15.485493,950820,4406,16.5225,4535,17.00625,9012,20.277,0
2026-04-08,15:31:15.485493,950851,4399,16.49625,4531,16.99125,9012,20.277,0
2026-04-08,15:31:15.485493,950961,4391,16.46625,4537,17.01375,9010,20.2725,0
2026-04-08,15:31:15.485493,951093,4397,16.48875,4529,16.98375,9010,20.2725,0
2026-04-08,15:31:15.485493,951125,4392,16.47,4539,17.02125,9010,20.2725,0
2026-04-08,15:31:15.485493,951156,4403,16.51125,4532,16.995,9010,20.2725,0
2026-04-08,15:31:15.485493,951187,4391,16.46625,4531,16.99125,9010,20.2725,0
2026-04-08,15:31:15.485493,951218,4392,16.47,4528,16.98,9011,20.27475,0
2026-04-08,15:31:15.485493,951250,4396,16.485,4530,16.9875,9009,20.27025,0
2026-04-08,15:31:15.485493,951282,4397,16.48875,4528,16.98,9010,20.2725,0
2026-04-08,15:31:15.485493,951313,4398,16.4925,4529,16.98375,9010,20.2725,0
2026-04-08,15:31:15.485493,951344,4406,16.5225,4522,16.9575,9010,20.2725,0
2026-04-08,15:31:15.485493,951376,4412,16.545,4535,17.00625,9009,20.27025,0
2026-04-08,15:31:15.485493,951407,4398,16.4925,4531,16.99125,9010,20.2725,0
2026-04-08,15:31:15.485493,951439,4399,16.49625,4531,16.99125,9010,20.2725,0
2026-04-08,15:31:15.485493,951470,4388,16.455,4535,17.00625,9009,20.27025,0
2026-04-08,15:31:15.485493,951501,4395,16.48125,4529,16.98375,9008,20.268,0
2026-04-08,15:31:15.485493,951533,4388,16.455,4529,16.98375,9009,20.27025,0
2026-04-08,15:31:15.485493,951564,4386,16.4475,4532,16.995,9009,20.27025,0
2026-04-08,15:31:15.485493,951596,4383,16.43625,4532,16.995,9011,20.27475,0
2026-04-08,15:31:15.485493,951627,4385,16.44375,4532,16.995,9009,20.27025,0
2026-04-08,15:31:15.485493,951659,4387,16.45125,4534,17.0025,9007,20.26575,0
2026-04-08,15:31:16.314525,951889,4397,16.48875,4526,16.9725,9008,20.268,0
2026-04-08,15:31:16.314525,952020,4397,16.48875,4537,17.01375,9008,20.268,0
2026-04-08,15:31:16.314525,952053,4399,16.49625,4535,17.00625,9009,20.27025,0
2026-04-08,15:31:16.314525,952084,4397,16.48875,4531,16.99125,9008,20.268,0
2026-04-08,15:31:16.314525,952116,4402,16.5075,4528,16.98,9008,20.268,0
2026-04-08,15:31:16.314525,952147,4396,16.485,4531,16.99125,9008,20.268,0
2026-04-08,15:31:16.314525,952179,4399,16.49625,4530,16.9875,9006,20.2635,0
2026-04-08,15:31:16.314525,952210,4392,16.47,4531,16.99125,9007,20.26575,0
2026-04-08,15:31:16.314525,952241,4393,16.47375,4533,16.99875,9006,20.2635,0
2026-04-08,15:31:16.314525,952273,4394,16.4775,4528,16.98,9007,20.26575,0
2026-04-08,15:31:16.314525,952304,4391,16.46625,4530,16.9875,9006,20.2635,0
2026-04-08,15:31:16.314525,952336,4400,16.5,4530,16.9875,9005,20.26125,0
2026-04-08,15:31:16.314525,952367,4393,16.47375,4524,16.965,9006,20.2635,0
2026-04-08,15:31:16.314525,952399,4394,16.4775,4522,16.9575,9006,20.2635,0
2026-04-08,15:31:16.314525,952430,4390,16.4625,4527,16.97625,9006,20.2635,0
2026-04-08,15:31:16.314525,952461,4400,16.5,4534,17.0025,9006,20.2635,0
2026-04-08,15:31:16.314525,952493,4394,16.4775,4539,17.02125,9005,20.26125,0
2026-04-08,15:31:16.314525,952524,4396,16.485,4526,16.9725,9005,20.26125,0
2026-04-08,15:31:16.314525,952556,4393,16.47375,4531,16.99125,9005,20.26125,0
2026-04-08,15:31:16.314525,952587,4388,16.455,4523,16.96125,9005,20.26125,0
2026-04-08,15:31:17.220715,952709,4396,16.485,4533,16.99875,9004,20.259,0
2026-04-08,15:31:17.220715,952840,4390,16.4625,4520,16.95,9004,20.259,0
2026-04-08,15:31:17.220715,952872,4393,16.47375,4525,16.96875,9004,20.259,0
2026-04-08,15:31:17.220715,952904,4396,16.485,4526,16.9725,9004,20.259,0
2026-04-08,15:31:17.220715,952935,4389,16.45875,4531,16.99125,9004,20.259,0
2026-04-08,15:31:17.220715,952968,4390,16.4625,4522,16.9575,9004,20.259,0
2026-04-08,15:31:17.220715,953000,4395,16.48125,4519,16.94625,9004,20.259,0
2026-04-08,15:31:17.220715,953031,4388,16.455,4525,16.96875,9004,20.259,0
2026-04-08,15:31:17.220715,953062,4393,16.47375,4529,16.98375,9003,20.25675,0
2026-04-08,15:31:17.220715,953095,4384,16.44,4528,16.98,9004,20.259,0
2026-04-08,15:31:17.220715,953126,4399,16.49625,4529,16.98375,9002,20.2545,0
2026-04-08,15:31:17.220715,953157,4393,16.47375,4525,16.96875,9004,20.259,0
2026-04-08,15:31:17.220715,953189,4395,16.48125,4523,16.96125,9003,20.25675,0
2026-04-08,15:31:17.220715,953220,4390,16.4625,4523,16.96125,9002,20.2545,0
2026-04-08,15:31:17.220715,953252,4395,16.48125,4526,16.9725,9002,20.2545,0
2026-04-08,15:31:17.220715,953283,4396,16.485,4526,16.9725,9003,20.25675,0
2026-04-08,15:31:17.220715,953315,4399,16.49625,4521,16.95375,9004,20.259,0
2026-04-08,15:31:17.220715,953346,4391,16.46625,4527,16.97625,9003,20.25675,0
2026-04-08,15:31:17.220715,953378,4387,16.45125,4525,16.96875,9003,20.25675,0
2026-04-08,15:31:17.220715,953409,4384,16.44,4526,16.9725,9003,20.25675,0
2026-04-08,15:31:18.367856,953614,4391,16.46625,4523,16.96125,9003,20.25675,0
2026-04-08,15:31:18.367856,953747,4394,16.4775,4528,16.98,9001,20.25225,0
2026-04-08,15:31:18.367856,953778,4392,16.47,4530,16.9875,9002,20.2545,0
2026-04-08,15:31:18.367856,953810,4391,16.46625,4524,16.965,9000,20.25,0
2026-04-08,15:31:18.367856,953842,4393,16.47375,4523,16.96125,9001,20.25225,0
2026-04-08,15:31:18.367856,953873,4391,16.46625,4531,16.99125,9000,20.25,0
2026-04-08,15:31:18.367856,953905,4398,16.4925,4526,16.9725,9001,20.25225,0
2026-04-08,15:31:18.367856,953936,4392,16.47,4526,16.9725,9000,20.25,0
2026-04-08,15:31:18.367856,953967,4386,16.4475,4522,16.9575,9001,20.25225,0
2026-04-08,15:31:18.367856,953999,4394,16.4775,4527,16.97625,9000,20.25,0
2026-04-08,15:31:18.367856,954030,4397,16.48875,4524,16.965,9000,20.25,0
2026-04-08,15:31:18.367856,954061,4389,16.45875,4516,16.935,9000,20.25,0
2026-04-08,15:31:18.367856,954093,4399,16.49625,4522,16.9575,9000,20.25,0
2026-04-08,15:31:18.367856,954125,4389,16.45875,4525,16.96875,8999,20.24775,0
2026-04-08,15:31:18.367856,954156,4389,16.45875,4515,16.93125,9000,20.25,0
2026-04-08,15:31:18.367856,954187,4383,16.43625,4521,16.95375,9000,20.25,0
2026-04-08,15:31:18.367856,954219,4399,16.49625,4519,16.94625,8999,20.24775,0
2026-04-08,15:31:18.367856,954250,4390,16.4625,4523,16.96125,9000,20.25,0
2026-04-08,15:31:18.367856,954281,4388,16.455,4520,16.95,8999,20.24775,0
2026-04-08,15:31:18.367856,954313,4383,16.43625,4531,16.99125,8998,20.2455,0
2026-04-08,15:31:19.183649,954763,4387,16.45125,4516,16.935,8998,20.2455,0
2026-04-08,15:31:19.183649,954895,4394,16.4775,4518,16.9425,8997,20.24325,0
2026-04-08,15:31:19.183649,954927,4389,16.45875,4526,16.9725,8997,20.24325,0
2026-04-08,15:31:19.183649,954959,4388,16.455,4523,16.96125,8997,20.24325,0
2026-04-08,15:31:19.183649,954990,4386,16.4475,4527,16.97625,8998,20.2455,0
2026-04-08,15:31:19.183649,955022,4389,16.45875,4519,16.94625,8997,20.24325,0
2026-04-08,15:31:19.183649,955053,4386,16.4475,4520,16.95,8997,20.24325,0
2026-04-08,15:31:19.183649,955085,4393,16.47375,4522,16.9575,8996,20.241,0
2026-04-08,15:31:19.183649,955116,4389,16.45875,4524,16.965,8996,20.241,0
2026-04-08,15:31:19.183649,955148,4392,16.47,4522,16.9575,8997,20.24325,0
2026-04-08,15:31:19.183649,955179,4385,16.44375,4515,16.93125,8997,20.24325,0
2026-04-08,15:31:19.183649,955210,4388,16.455,4519,16.94625,8996,20.241,0
2026-04-08,15:31:19.183649,955242,4379,16.42125,4522,16.9575,8995,20.23875,0
2026-04-08,15:31:19.183649,955273,4387,16.45125,4513,16.92375,8995,20.23875,0
2026-04-08,15:31:19.183649,955304,4392,16.47,4519,16.94625,8997,20.24325,0
2026-04-08,15:31:19.183649,955336,4390,16.4625,4522,16.9575,8995,20.23875,0
2026-04-08,15:31:19.183649,955368,4395,16.48125,4514,16.9275,8997,20.24325,0
2026-04-08,15:31:19.183649,955399,4390,16.4625,4521,16.95375,8995,20.23875,0
2026-04-08,15:31:19.183649,955431,4390,16.4625,4520,16.95,8995,20.23875,0
2026-04-08,15:31:19.183649,955462,4381,16.42875,4516,16.935,8995,20.23875,0
2026-04-08,15:31:20.095661,955588,4384,16.44,4523,16.96125,8994,20.2365,0
2026-04-08,15:31:20.095661,955720,4384,16.44,4514,16.9275,8993,20.23425,0
2026-04-08,15:31:20.095661,955753,4384,16.44,4524,16.965,8994,20.2365,0
2026-04-08,15:31:20.095661,955784,4386,16.4475,4524,16.965,8993,20.23425,0
2026-04-08,15:31:20.095661,955815,4381,16.42875,4519,16.94625,8995,20.23875,0
2026-04-08,15:31:20.095661,955847,4382,16.4325,4519,16.94625,8995,20.23875,0
2026-04-08,15:31:20.095661,955879,4392,16.47,4523,16.96125,8994,20.2365,0
2026-04-08,15:31:20.095661,955910,4383,16.43625,4520,16.95,8995,20.23875,0
2026-04-08,15:31:20.095661,955942,4387,16.45125,4517,16.93875,8994,20.2365,0
2026-04-08,15:31:20.095661,955973,4385,16.44375,4521,16.95375,8993,20.23425,0
2026-04-08,15:31:20.095661,956004,4387,16.45125,4521,16.95375,8992,20.232,0
2026-04-08,15:31:20.095661,956035,4390,16.4625,4520,16.95,8994,20.2365,0
2026-04-08,15:31:20.095661,956067,4394,16.4775,4525,16.96875,8993,20.23425,0
2026-04-08,15:31:20.095661,956099,4391,16.46625,4515,16.93125,8993,20.23425,0
2026-04-08,15:31:20.095661,956130,4394,16.4775,4521,16.95375,8992,20.232,0
2026-04-08,15:31:20.095661,956162,4387,16.45125,4521,16.95375,8993,20.23425,0
2026-04-08,15:31:20.095661,956193,4388,16.455,4518,16.9425,8992,20.232,0
2026-04-08,15:31:20.095661,956224,4384,16.44,4522,16.9575,8991,20.22975,0
2026-04-08,15:31:20.095661,956256,4387,16.45125,4516,16.935,8992,20.232,0
2026-04-08,15:31:20.095661,956287,4386,16.4475,4512,16.92,8992,20.232,0
2026-04-08,15:31:20.922048,956504,4379,16.42125,4513,16.92375,8991,20.22975,0
2026-04-08,15:31:20.922048,956637,4377,16.41375,4519,16.94625,8993,20.23425,0
2026-04-08,15:31:20.922048,956669,4387,16.45125,4518,16.9425,8992,20.232,0
2026-04-08,15:31:20.922048,956700,4372,16.395,4521,16.95375,8990,20.2275,0
2026-04-08,15:31:20.922048,956731,4383,16.43625,4520,16.95,8991,20.22975,0
2026-04-08,15:31:20.922048,956763,4379,16.42125,4521,16.95375,8990,20.2275,0
2026-04-08,15:31:20.922048,956795,4386,16.4475,4518,16.9425,8991,20.22975,0
2026-04-08,15:31:20.922048,956826,4384,16.44,4517,16.93875,8990,20.2275,0
2026-04-08,15:31:20.922048,956858,4383,16.43625,4522,16.9575,8990,20.2275,0
2026-04-08,15:31:20.922048,956889,4381,16.42875,4518,16.9425,8990,20.2275,0
2026-04-08,15:31:20.922048,956920,4377,16.41375,4513,16.92375,8990,20.2275,0
2026-04-08,15:31:20.922048,956952,4383,16.43625,4513,16.92375,8990,20.2275,0
2026-04-08,15:31:20.922048,956983,4386,16.4475,4522,16.9575,8991,20.22975,0
2026-04-08,15:31:20.922048,957015,4383,16.43625,4517,16.93875,8991,20.22975,0
2026-04-08,15:31:20.922048,957046,4375,16.40625,4519,16.94625,8990,20.2275,0
2026-04-08,15:31:20.922048,957078,4378,16.4175,4516,16.935,8989,20.22525,0
2026-04-08,15:31:20.922048,957109,4381,16.42875,4526,16.9725,8989,20.22525,0
2026-04-08,15:31:20.922048,957140,4391,16.46625,4516,16.935,8990,20.2275,0
2026-04-08,15:31:20.922048,957172,4382,16.4325,4511,16.91625,8989,20.22525,0
2026-04-08,15:31:20.922048,957203,4380,16.425,4516,16.935,8989,20.22525,0
2026-04-08,15:31:21.755080,957343,4384,16.44,4513,16.92375,8990,20.2275,0
2026-04-08,15:31:21.755080,957475,4382,16.4325,4521,16.95375,8988,20.223,0
2026-04-08,15:31:21.755080,957507,4375,16.40625,4521,16.95375,8988,20.223,0
2026-04-08,15:31:21.755080,957538,4379,16.42125,4520,16.95,8988,20.223,0
2026-04-08,15:31:21.755080,957569,4382,16.4325,4514,16.9275,8988,20.223,0
2026-04-08,15:31:21.755080,957601,4382,16.4325,4518,16.9425,8988,20.223,0
2026-04-08,15:31:21.755080,957633,4382,16.4325,4518,16.9425,8988,20.223,0
2026-04-08,15:31:21.755080,957664,4381,16.42875,4517,16.93875,8987,20.22075,0
2026-04-08,15:31:21.755080,957696,4380,16.425,4517,16.93875,8988,20.223,0
2026-04-08,15:31:21.755080,957727,4385,16.44375,4514,16.9275,8987,20.22075,0
2026-04-08,15:31:21.755080,957758,4382,16.4325,4514,16.9275,8987,20.22075,0
2026-04-08,15:31:21.755080,957790,4382,16.4325,4513,16.92375,8987,20.22075,0
2026-04-08,15:31:21.755080,957821,4382,16.4325,4519,16.94625,8986,20.2185,0
2026-04-08,15:31:21.755080,957852,4385,16.44375,4517,16.93875,8987,20.22075,0
2026-04-08,15:31:21.755080,957884,4386,16.4475,4517,16.93875,8987,20.22075,0
2026-04-08,15:31:21.755080,957915,4383,16.43625,4520,16.95,8986,20.2185,0
2026-04-08,15:31:21.755080,957947,4376,16.41,4516,16.935,8986,20.2185,0
2026-04-08,15:31:21.755080,957978,4384,16.44,4512,16.92,8987,20.22075,0
2026-04-08,15:31:21.755080,958010,4381,16.42875,4514,16.9275,8986,20.2185,0
2026-04-08,15:31:21.755080,958041,4375,16.40625,4519,16.94625,8986,20.2185,0
2026-04-08,15:31:22.765887,958321,4379,16.42125,4510,16.9125,8986,20.2185,0
2026-04-08,15:31:22.765887,958453,4376,16.41,4512,16.92,8986,20.2185,0
2026-04-08,15:31:22.765887,958484,4378,16.4175,4512,16.92,8985,20.21625,0
2026-04-08,15:31:22.765887,958516,4379,16.42125,4516,16.935,8984,20.214,0
2026-04-08,15:31:22.765887,958547,4378,16.4175,4511,16.91625,8986,20.2185,0
2026-04-08,15:31:22.765887,958579,4373,16.39875,4515,16.93125,8985,20.21625,0
2026-04-08,15:31:22.765887,958610,4371,16.39125,4511,16.91625,8985,20.21625,0
2026-04-08,15:31:22.765887,958642,4380,16.425,4512,16.92,8983,20.21175,0
2026-04-08,15:31:22.765887,958673,4378,16.4175,4518,16.9425,8985,20.21625,0
2026-04-08,15:31:22.765887,958705,4374,16.4025,4517,16.93875,8984,20.214,0
2026-04-08,15:31:22.765887,958736,4377,16.41375,4516,16.935,8984,20.214,0
2026-04-08,15:31:22.765887,958767,4381,16.42875,4519,16.94625,8983,20.21175,0
2026-04-08,15:31:22.765887,958799,4378,16.4175,4524,16.965,8984,20.214,0
2026-04-08,15:31:22.765887,958830,4379,16.42125,4511,16.91625,8984,20.214,0
2026-04-08,15:31:22.765887,958861,4374,16.4025,4521,16.95375,8984,20.214,0
2026-04-08,15:31:22.765887,958893,4376,16.41,4520,16.95,8984,20.214,0
2026-04-08,15:31:22.765887,958925,4383,16.43625,4516,16.935,8983,20.21175,0
2026-04-08,15:31:22.765887,958956,4379,16.42125,4518,16.9425,8983,20.21175,0
2026-04-08,15:31:22.765887,958987,4374,16.4025,4514,16.9275,8984,20.214,0
2026-04-08,15:31:22.765887,959019,4374,16.4025,4511,16.91625,8983,20.21175,0
2026-04-08,15:31:23.619685,959187,4380,16.425,4510,16.9125,8982,20.2095,0
2026-04-08,15:31:23.619685,959320,4380,16.425,4507,16.90125,8982,20.2095,0
2026-04-08,15:31:23.619685,959352,4375,16.40625,4512,16.92,8982,20.2095,0
2026-04-08,15:31:23.619685,959383,4375,16.40625,4513,16.92375,8982,20.2095,0
2026-04-08,15:31:23.619685,959414,4381,16.42875,4515,16.93125,8981,20.20725,0
2026-04-08,15:31:23.619685,959446,4375,16.40625,4510,16.9125,8982,20.2095,0
2026-04-08,15:31:23.619685,959477,4376,16.41,4509,16.90875,8982,20.2095,0
2026-04-08,15:31:23.619685,959508,4381,16.42875,4506,16.8975,8982,20.2095,0
2026-04-08,15:31:23.619685,959540,4382,16.4325,4510,16.9125,8981,20.20725,0
2026-04-08,15:31:23.619685,959572,4379,16.42125,4516,16.935,8983,20.21175,0
2026-04-08,15:31:23.619685,959603,4376,16.41,4511,16.91625,8980,20.205,0
2026-04-08,15:31:23.619685,959634,4381,16.42875,4512,16.92,8982,20.2095,0
2026-04-08,15:31:23.619685,959666,4383,16.43625,4513,16.92375,8981,20.20725,0
2026-04-08,15:31:23.619685,959697,4376,16.41,4514,16.9275,8981,20.20725,0
2026-04-08,15:31:23.619685,959729,4376,16.41,4512,16.92,8981,20.20725,0
2026-04-08,15:31:23.619685,959760,4379,16.42125,4519,16.94625,8980,20.205,0
2026-04-08,15:31:23.619685,959791,4375,16.40625,4517,16.93875,8981,20.20725,0
2026-04-08,15:31:23.619685,959822,4371,16.39125,4510,16.9125,8980,20.205,0
2026-04-08,15:31:23.619685,959854,4375,16.40625,4510,16.9125,8979,20.20275,0
2026-04-08,15:31:23.619685,959886,4376,16.41,4512,16.92,8979,20.20275,0
2026-04-08,15:31:24.515512,960056,4373,16.39875,4508,16.905,8980,20.205,0
2026-04-08,15:31:24.515512,960188,4388,16.455,4512,16.92,8978,20.2005,0
2026-04-08,15:31:24.515512,960220,4375,16.40625,4512,16.92,8979,20.20275,0
2026-04-08,15:31:24.515512,960252,4371,16.39125,4509,16.90875,8978,20.2005,0
2026-04-08,15:31:24.515512,960283,4373,16.39875,4509,16.90875,8979,20.20275,0
2026-04-08,15:31:24.515512,960314,4374,16.4025,4512,16.92,8978,20.2005,0
2026-04-08,15:31:24.515512,960346,4369,16.38375,4507,16.90125,8979,20.20275,0
2026-04-08,15:31:24.515512,960377,4382,16.4325,4514,16.9275,8979,20.20275,0
2026-04-08,15:31:24.515512,960409,4379,16.42125,4509,16.90875,8979,20.20275,0
2026-04-08,15:31:24.515512,960440,4376,16.41,4510,16.9125,8977,20.19825,0
2026-04-08,15:31:24.515512,960472,4373,16.39875,4504,16.89,8979,20.20275,0
2026-04-08,15:31:24.515512,960503,4374,16.4025,4510,16.9125,8978,20.2005,0
2026-04-08,15:31:24.515512,960534,4374,16.4025,4514,16.9275,8978,20.2005,0
2026-04-08,15:31:24.515512,960566,4370,16.3875,4504,16.89,8977,20.19825,0
2026-04-08,15:31:24.515512,960597,4372,16.395,4508,16.905,8977,20.19825,0
2026-04-08,15:31:24.515512,960629,4377,16.41375,4514,16.9275,8977,20.19825,0
2026-04-08,15:31:24.515512,960660,4373,16.39875,4516,16.935,8977,20.19825,0
2026-04-08,15:31:24.515512,960692,4369,16.38375,4509,16.90875,8977,20.19825,0
2026-04-08,15:31:24.515512,960723,4375,16.40625,4503,16.88625,8977,20.19825,0
2026-04-08,15:31:24.515512,960754,4374,16.4025,4509,16.90875,8976,20.196,0
2026-04-08,15:31:25.332131,960929,4373,16.39875,4502,16.8825,8975,20.19375,0
2026-04-08,15:31:25.332131,961062,4370,16.3875,4511,16.91625,8976,20.196,0
2026-04-08,15:31:25.332131,961094,4359,16.34625,4508,16.905,8977,20.19825,0
2026-04-08,15:31:25.332131,961125,4361,16.35375,4506,16.8975,8975,20.19375,0
2026-04-08,15:31:25.332131,961157,4366,16.3725,4506,16.8975,8975,20.19375,0
2026-04-08,15:31:25.332131,961189,4372,16.395,4512,16.92,8975,20.19375,0
2026-04-08,15:31:25.332131,961220,4371,16.39125,4516,16.935,8977,20.19825,0
2026-04-08,15:31:25.332131,961251,4374,16.4025,4508,16.905,8975,20.19375,0
2026-04-08,15:31:25.332131,961283,4368,16.38,4500,16.875,8974,20.1915,0
2026-04-08,15:31:25.332131,961314,4368,16.38,4504,16.89,8975,20.19375,0
2026-04-08,15:31:25.332131,961345,4368,16.38,4512,16.92,8975,20.19375,0
2026-04-08,15:31:25.332131,961377,4368,16.38,4512,16.92,8976,20.196,0
2026-04-08,15:31:25.332131,961408,4365,16.36875,4511,16.91625,8976,20.196,0
2026-04-08,15:31:25.332131,961440,4371,16.39125,4503,16.88625,8974,20.1915,0
2026-04-08,15:31:25.332131,961471,4370,16.3875,4499,16.87125,8974,20.1915,0
2026-04-08,15:31:25.332131,961503,4372,16.395,4514,16.9275,8974,20.1915,0
2026-04-08,15:31:25.332131,961534,4369,16.38375,4511,16.91625,8974,20.1915,0
2026-04-08,15:31:25.332131,961565,4374,16.4025,4507,16.90125,8974,20.1915,0
2026-04-08,15:31:25.332131,961597,4367,16.37625,4508,16.905,8975,20.19375,0
2026-04-08,15:31:25.332131,961628,4373,16.39875,4511,16.91625,8973,20.18925,0
2026-04-08,15:31:26.157399,961746,4370,16.3875,4506,16.8975,8975,20.19375,0
2026-04-08,15:31:26.157399,961879,4371,16.39125,4504,16.89,8974,20.1915,0
2026-04-08,15:31:26.157399,961910,4364,16.365,4508,16.905,8973,20.18925,0
2026-04-08,15:31:26.157399,961942,4368,16.38,4502,16.8825,8973,20.18925,0
2026-04-08,15:31:26.157399,961973,4366,16.3725,4506,16.8975,8972,20.187,0
2026-04-08,15:31:26.157399,962005,4368,16.38,4509,16.90875,8972,20.187,0
2026-04-08,15:31:26.157399,962036,4371,16.39125,4506,16.8975,8972,20.187,0
2026-04-08,15:31:26.157399,962067,4370,16.3875,4510,16.9125,8972,20.187,0
2026-04-08,15:31:26.157399,962099,4373,16.39875,4505,16.89375,8972,20.187,0
2026-04-08,15:31:26.157399,962131,4374,16.4025,4502,16.8825,8973,20.18925,0
2026-04-08,15:31:26.157399,962162,4376,16.41,4506,16.8975,8973,20.18925,0
2026-04-08,15:31:26.157399,962194,4372,16.395,4511,16.91625,8971,20.18475,0
2026-04-08,15:31:26.157399,962225,4372,16.395,4514,16.9275,8971,20.18475,0
2026-04-08,15:31:26.157399,962256,4368,16.38,4504,16.89,8972,20.187,0
2026-04-08,15:31:26.157399,962288,4374,16.4025,4506,16.8975,8972,20.187,0
2026-04-08,15:31:26.157399,962319,4366,16.3725,4505,16.89375,8972,20.187,0
2026-04-08,15:31:26.157399,962350,4370,16.3875,4507,16.90125,8971,20.18475,0
2026-04-08,15:31:26.157399,962382,4367,16.37625,4502,16.8825,8971,20.18475,0
2026-04-08,15:31:26.157399,962413,4362,16.3575,4498,16.8675,8971,20.18475,0
2026-04-08,15:31:26.157399,962445,4371,16.39125,4504,16.89,8970,20.1825,0
2026-04-08,15:31:26.967559,962565,4369,16.38375,4502,16.8825,8973,20.18925,0
2026-04-08,15:31:26.967559,962698,4376,16.41,4506,16.8975,8971,20.18475,0
2026-04-08,15:31:26.967559,962730,4369,16.38375,4509,16.90875,8971,20.18475,0
2026-04-08,15:31:26.967559,962762,4371,16.39125,4502,16.8825,8970,20.1825,0
2026-04-08,15:31:26.967559,962793,4362,16.3575,4508,16.905,8970,20.1825,0
2026-04-08,15:31:26.967559,962825,4358,16.3425,4497,16.86375,8970,20.1825,0
2026-04-08,15:31:26.967559,962856,4360,16.35,4500,16.875,8970,20.1825,0
2026-04-08,15:31:26.967559,962887,4362,16.3575,4502,16.8825,8970,20.1825,0
2026-04-08,15:31:26.967559,962919,4356,16.335,4512,16.92,8969,20.18025,0
2026-04-08,15:31:26.967559,962950,4360,16.35,4503,16.88625,8969,20.18025,0
2026-04-08,15:31:26.967559,962982,4367,16.37625,4493,16.84875,8970,20.1825,0
2026-04-08,15:31:26.967559,963013,4369,16.38375,4509,16.90875,8969,20.18025,0
2026-04-08,15:31:26.967559,963045,4368,16.38,4504,16.89,8968,20.178,0
2026-04-08,15:31:26.967559,963076,4368,16.38,4502,16.8825,8967,20.17575,0
2026-04-08,15:31:26.967559,963108,4368,16.38,4507,16.90125,8970,20.1825,0
2026-04-08,15:31:26.967559,963139,4357,16.33875,4498,16.8675,8969,20.18025,0
2026-04-08,15:31:26.967559,963170,4364,16.365,4506,16.8975,8968,20.178,0
2026-04-08,15:31:26.967559,963202,4359,16.34625,4510,16.9125,8969,20.18025,0
2026-04-08,15:31:26.967559,963233,4364,16.365,4501,16.87875,8969,20.18025,0
2026-04-08,15:31:26.967559,963265,4363,16.36125,4500,16.875,8969,20.18025,0
2026-04-08,15:31:27.796788,963384,4362,16.3575,4506,16.8975,8968,20.178,0
2026-04-08,15:31:27.796788,963517,4368,16.38,4496,16.86,8968,20.178,0
2026-04-08,15:31:27.796788,963548,4368,16.38,4498,16.8675,8966,20.1735,0
2026-04-08,15:31:27.796788,963580,4362,16.3575,4499,16.87125,8968,20.178,0
2026-04-08,15:31:27.796788,963611,4370,16.3875,4497,16.86375,8968,20.178,0
2026-04-08,15:31:27.796788,963643,4358,16.3425,4502,16.8825,8967,20.17575,0
2026-04-08,15:31:27.796788,963674,4364,16.365,4500,16.875,8967,20.17575,0
2026-04-08,15:31:27.796788,963706,4368,16.38,4496,16.86,8966,20.1735,0
2026-04-08,15:31:27.796788,963737,4363,16.36125,4503,16.88625,8967,20.17575,0
2026-04-08,15:31:27.796788,963769,4363,16.36125,4505,16.89375,8967,20.17575,0
2026-04-08,15:31:27.796788,963800,4366,16.3725,4501,16.87875,8967,20.17575,0
2026-04-08,15:31:27.796788,963832,4366,16.3725,4503,16.88625,8966,20.1735,0
2026-04-08,15:31:27.796788,963863,4364,16.365,4503,16.88625,8967,20.17575,0
2026-04-08,15:31:27.796788,963894,4364,16.365,4496,16.86,8967,20.17575,0
2026-04-08,15:31:27.796788,963925,4374,16.4025,4497,16.86375,8966,20.1735,0
2026-04-08,15:31:27.796788,963957,4364,16.365,4495,16.85625,8967,20.17575,0
2026-04-08,15:31:27.796788,963989,4373,16.39875,4502,16.8825,8965,20.17125,0
2026-04-08,15:31:27.796788,964020,4371,16.39125,4496,16.86,8966,20.1735,0
2026-04-08,15:31:27.796788,964051,4367,16.37625,4504,16.89,8966,20.1735,0
2026-04-08,15:31:27.796788,964083,4365,16.36875,4500,16.875,8965,20.17125,0
2026-04-08,15:31:28.708042,964255,4370,16.3875,4506,16.8975,8965,20.17125,0
2026-04-08,15:31:28.708042,964387,4372,16.395,4495,16.85625,8964,20.169,0
2026-04-08,15:31:28.708042,964418,4365,16.36875,4502,16.8825,8965,20.17125,0
2026-04-08,15:31:28.708042,964450,4369,16.38375,4495,16.85625,8965,20.17125,0
2026-04-08,15:31:28.708042,964482,4362,16.3575,4500,16.875,8965,20.17125,0
2026-04-08,15:31:28.708042,964513,4367,16.37625,4502,16.8825,8964,20.169,0
2026-04-08,15:31:28.708042,964545,4368,16.38,4503,16.88625,8964,20.169,0
2026-04-08,15:31:28.708042,964576,4364,16.365,4505,16.89375,8963,20.16675,0
2026-04-08,15:31:28.708042,964607,4368,16.38,4503,16.88625,8964,20.169,0
2026-04-08,15:31:28.708042,964639,4367,16.37625,4499,16.87125,8964,20.169,0
2026-04-08,15:31:28.708042,964670,4355,16.33125,4509,16.90875,8963,20.16675,0
2026-04-08,15:31:28.708042,964701,4360,16.35,4505,16.89375,8964,20.169,0
2026-04-08,15:31:28.708042,964733,4360,16.35,4502,16.8825,8963,20.16675,0
2026-04-08,15:31:28.708042,964764,4360,16.35,4499,16.87125,8963,20.16675,0
2026-04-08,15:31:28.708042,964796,4362,16.3575,4507,16.90125,8963,20.16675,0
2026-04-08,15:31:28.708042,964827,4370,16.3875,4501,16.87875,8963,20.16675,0
2026-04-08,15:31:28.708042,964859,4355,16.33125,4495,16.85625,8963,20.16675,0
2026-04-08,15:31:28.708042,964890,4354,16.3275,4504,16.89,8962,20.1645,0
2026-04-08,15:31:28.708042,964921,4357,16.33875,4501,16.87875,8962,20.1645,0
2026-04-08,15:31:28.708042,964953,4357,16.33875,4497,16.86375,8962,20.1645,0
2026-04-08,15:31:29.520523,965103,4363,16.36125,4499,16.87125,8962,20.1645,0
2026-04-08,15:31:29.520523,965233,4363,16.36125,4502,16.8825,8963,20.16675,0
2026-04-08,15:31:29.520523,965266,4371,16.39125,4500,16.875,8961,20.16225,0
2026-04-08,15:31:29.520523,965297,4364,16.365,4504,16.89,8961,20.16225,0
2026-04-08,15:31:29.520523,965329,4365,16.36875,4499,16.87125,8962,20.1645,0
2026-04-08,15:31:29.520523,965361,4364,16.365,4507,16.90125,8961,20.16225,0
2026-04-08,15:31:29.520523,965393,4362,16.3575,4500,16.875,8961,20.16225,0
2026-04-08,15:31:29.520523,965425,4368,16.38,4506,16.8975,8961,20.16225,0
2026-04-08,15:31:29.520523,965456,4362,16.3575,4504,16.89,8962,20.1645,0
2026-04-08,15:31:29.520523,965488,4366,16.3725,4505,16.89375,8960,20.16,0
2026-04-08,15:31:29.520523,965519,4365,16.36875,4501,16.87875,8961,20.16225,0
2026-04-08,15:31:29.520523,965551,4363,16.36125,4497,16.86375,8960,20.16,0
2026-04-08,15:31:29.520523,965583,4364,16.365,4496,16.86,8960,20.16,0
2026-04-08,15:31:29.520523,965614,4358,16.3425,4505,16.89375,8961,20.16225,0
2026-04-08,15:31:29.520523,965646,4365,16.36875,4499,16.87125,8961,20.16225,0
2026-04-08,15:31:29.520523,965677,4357,16.33875,4501,16.87875,8960,20.16,0
2026-04-08,15:31:29.520523,965709,4359,16.34625,4504,16.89,8959,20.15775,0
2026-04-08,15:31:29.520523,965740,4359,16.34625,4499,16.87125,8962,20.1645,0
2026-04-08,15:31:29.520523,965772,4361,16.35375,4494,16.8525,8960,20.16,0
2026-04-08,15:31:29.520523,965803,4367,16.37625,4502,16.8825,8959,20.15775,0
2026-04-08,15:31:30.339638,965915,4360,16.35,4496,16.86,8960,20.16,0
2026-04-08,15:31:30.339638,966046,4365,16.36875,4496,16.86,8960,20.16,0
2026-04-08,15:31:30.339638,966078,4368,16.38,4495,16.85625,8958,20.1555,0
2026-04-08,15:31:30.339638,966110,4362,16.3575,4498,16.8675,8959,20.15775,0
2026-04-08,15:31:30.339638,966141,4368,16.38,4491,16.84125,8958,20.1555,0
2026-04-08,15:31:30.339638,966172,4360,16.35,4497,16.86375,8958,20.1555,0
2026-04-08,15:31:30.339638,966204,4359,16.34625,4503,16.88625,8959,20.15775,0
2026-04-08,15:31:30.339638,966235,4362,16.3575,4495,16.85625,8959,20.15775,0
2026-04-08,15:31:30.339638,966267,4357,16.33875,4497,16.86375,8960,20.16,0
2026-04-08,15:31:30.339638,966298,4361,16.35375,4491,16.84125,8958,20.1555,0
2026-04-08,15:31:30.339638,966330,4358,16.3425,4492,16.845,8959,20.15775,0
2026-04-08,15:31:30.339638,966361,4360,16.35,4495,16.85625,8959,20.15775,0
2026-04-08,15:31:30.339638,966393,4360,16.35,4493,16.84875,8958,20.1555,0
2026-04-08,15:31:30.339638,966424,4358,16.3425,4498,16.8675,8959,20.15775,0
2026-04-08,15:31:30.339638,966455,4361,16.35375,4497,16.86375,8958,20.1555,0
2026-04-08,15:31:30.339638,966487,4357,16.33875,4494,16.8525,8958,20.1555,0
2026-04-08,15:31:30.339638,966518,4357,16.33875,4500,16.875,8957,20.15325,0
2026-04-08,15:31:30.339638,966549,4352,16.32,4497,16.86375,8957,20.15325,0
2026-04-08,15:31:30.339638,966581,4356,16.335,4497,16.86375,8957,20.15325,0
2026-04-08,15:31:30.339638,966612,4355,16.33125,4498,16.8675,8956,20.151,0
2026-04-08,15:31:31.368986,966735,4360,16.35,4498,16.8675,8957,20.15325,0
2026-04-08,15:31:31.368986,966868,4355,16.33125,4504,16.89,8957,20.15325,0
2026-04-08,15:31:31.368986,966900,4362,16.3575,4501,16.87875,8956,20.151,0
2026-04-08,15:31:31.368986,966931,4359,16.34625,4514,16.9275,8956,20.151,0
2026-04-08,15:31:31.368986,966963,4354,16.3275,4499,16.87125,8956,20.151,0
2026-04-08,15:31:31.368986,966995,4363,16.36125,4507,16.90125,8956,20.151,0
2026-04-08,15:31:31.368986,967026,4350,16.3125,4507,16.90125,8956,20.151,0
2026-04-08,15:31:31.368986,967057,4355,16.33125,4494,16.8525,8956,20.151,0
2026-04-08,15:31:31.368986,967089,4361,16.35375,4494,16.8525,8955,20.14875,0
2026-04-08,15:31:31.368986,967120,4351,16.31625,4497,16.86375,8955,20.14875,0
2026-04-08,15:31:31.368986,967152,4347,16.30125,4493,16.84875,8954,20.1465,0
2026-04-08,15:31:31.368986,967183,4353,16.32375,4501,16.87875,8955,20.14875,0
2026-04-08,15:31:31.368986,967215,4354,16.3275,4493,16.84875,8956,20.151,0
2026-04-08,15:31:31.368986,967246,4355,16.33125,4489,16.83375,8955,20.14875,0
2026-04-08,15:31:31.368986,967277,4358,16.3425,4494,16.8525,8955,20.14875,0
2026-04-08,15:31:31.368986,967309,4355,16.33125,4486,16.8225,8955,20.14875,0
2026-04-08,15:31:31.368986,967340,4353,16.32375,4490,16.8375,8954,20.1465,0
2026-04-08,15:31:31.368986,967372,4360,16.35,4493,16.84875,8955,20.14875,0
2026-04-08,15:31:31.368986,967403,4360,16.35,4491,16.84125,8954,20.1465,0
2026-04-08,15:31:31.368986,967435,4353,16.32375,4493,16.84875,8954,20.1465,0
2026-04-08,15:31:32.394334,967946,4366,16.3725,4494,16.8525,8954,20.1465,0
2026-04-08,15:31:32.394334,968079,4361,16.35375,4491,16.84125,8951,20.13975,0
2026-04-08,15:31:32.394334,968110,4353,16.32375,4492,16.845,8952,20.142,0
2026-04-08,15:31:32.394334,968142,4362,16.3575,4495,16.85625,8952,20.142,0
2026-04-08,15:31:32.394334,968173,4361,16.35375,4490,16.8375,8951,20.13975,0
2026-04-08,15:31:32.394334,968205,4358,16.3425,4493,16.84875,8952,20.142,0
2026-04-08,15:31:32.394334,968236,4361,16.35375,4490,16.8375,8952,20.142,0
2026-04-08,15:31:32.394334,968268,4357,16.33875,4499,16.87125,8951,20.13975,0
2026-04-08,15:31:32.394334,968299,4361,16.35375,4497,16.86375,8952,20.142,0
2026-04-08,15:31:32.394334,968331,4358,16.3425,4490,16.8375,8952,20.142,0
2026-04-08,15:31:32.394334,968362,4355,16.33125,4494,16.8525,8952,20.142,0
2026-04-08,15:31:32.394334,968393,4355,16.33125,4499,16.87125,8951,20.13975,0
2026-04-08,15:31:32.394334,968424,4357,16.33875,4488,16.83,8950,20.1375,0
2026-04-08,15:31:32.394334,968456,4360,16.35,4491,16.84125,8952,20.142,0
2026-04-08,15:31:32.394334,968488,4362,16.3575,4492,16.845,8951,20.13975,0
2026-04-08,15:31:32.394334,968519,4356,16.335,4500,16.875,8951,20.13975,0
2026-04-08,15:31:32.394334,968550,4362,16.3575,4494,16.8525,8951,20.13975,0
2026-04-08,15:31:32.394334,968582,4360,16.35,4488,16.83,8950,20.1375,0
2026-04-08,15:31:32.394334,968613,4355,16.33125,4494,16.8525,8951,20.13975,0
2026-04-08,15:31:32.394334,968645,4357,16.33875,4493,16.84875,8949,20.13525,0
2026-04-08,15:31:33.403017,968800,4354,16.3275,4494,16.8525,8950,20.1375,0
2026-04-08,15:31:33.403017,968933,4357,16.33875,4492,16.845,8950,20.1375,0
2026-04-08,15:31:33.403017,968965,4347,16.30125,4488,16.83,8949,20.13525,0
2026-04-08,15:31:33.403017,968997,4353,16.32375,4487,16.82625,8949,20.13525,0
2026-04-08,15:31:33.403017,969028,4351,16.31625,4494,16.8525,8949,20.13525,0
2026-04-08,15:31:33.403017,969060,4349,16.30875,4492,16.845,8948,20.133,0
2026-04-08,15:31:33.403017,969091,4344,16.29,4490,16.8375,8949,20.13525,0
2026-04-08,15:31:33.403017,969122,4356,16.335,4486,16.8225,8949,20.13525,0
2026-04-08,15:31:33.403017,969154,4354,16.3275,4488,16.83,8948,20.133,0
2026-04-08,15:31:33.403017,969185,4356,16.335,4489,16.83375,8948,20.133,0
2026-04-08,15:31:33.403017,969217,4358,16.3425,4493,16.84875,8948,20.133,0
2026-04-08,15:31:33.403017,969248,4351,16.31625,4488,16.83,8949,20.13525,0
2026-04-08,15:31:33.403017,969280,4357,16.33875,4499,16.87125,8950,20.1375,0
2026-04-08,15:31:33.403017,969311,4356,16.335,4488,16.83,8947,20.13075,0
2026-04-08,15:31:33.403017,969342,4355,16.33125,4491,16.84125,8947,20.13075,0
2026-04-08,15:31:33.403017,969374,4360,16.35,4494,16.8525,8948,20.133,0
2026-04-08,15:31:33.403017,969405,4361,16.35375,4502,16.8825,8948,20.133,0
2026-04-08,15:31:33.403017,969436,4349,16.30875,4497,16.86375,8948,20.133,0
2026-04-08,15:31:33.403017,969468,4353,16.32375,4498,16.8675,8948,20.133,0
2026-04-08,15:31:33.403017,969500,4349,16.30875,4489,16.83375,8947,20.13075,0
2026-04-08,15:31:34.345884,969801,4348,16.305,4491,16.84125,8948,20.133,0
2026-04-08,15:31:34.345884,969933,4352,16.32,4489,16.83375,8947,20.13075,0
2026-04-08,15:31:34.345884,969965,4351,16.31625,4492,16.845,8946,20.1285,0
2026-04-08,15:31:34.345884,969997,4343,16.28625,4485,16.81875,8945,20.12625,0
2026-04-08,15:31:34.345884,970028,4350,16.3125,4494,16.8525,8946,20.1285,0
2026-04-08,15:31:34.345884,970059,4354,16.3275,4490,16.8375,8945,20.12625,0
2026-04-08,15:31:34.345884,970091,4354,16.3275,4489,16.83375,8945,20.12625,0
2026-04-08,15:31:34.345884,970123,4356,16.335,4488,16.83,8944,20.124,0
2026-04-08,15:31:34.345884,970154,4355,16.33125,4493,16.84875,8945,20.12625,0
2026-04-08,15:31:34.345884,970185,4356,16.335,4486,16.8225,8945,20.12625,0
2026-04-08,15:31:34.345884,970217,4348,16.305,4485,16.81875,8944,20.124,0
2026-04-08,15:31:34.345884,970248,4355,16.33125,4491,16.84125,8944,20.124,0
2026-04-08,15:31:34.345884,970280,4349,16.30875,4491,16.84125,8944,20.124,0
2026-04-08,15:31:34.345884,970311,4352,16.32,4490,16.8375,8944,20.124,0
2026-04-08,15:31:34.345884,970342,4351,16.31625,4488,16.83,8944,20.124,0
2026-04-08,15:31:34.345884,970374,4347,16.30125,4484,16.815,8945,20.12625,0
2026-04-08,15:31:34.345884,970405,4355,16.33125,4488,16.83,8944,20.124,0
2026-04-08,15:31:34.345884,970436,4350,16.3125,4495,16.85625,8945,20.12625,0
2026-04-08,15:31:34.345884,970468,4349,16.30875,4492,16.845,8944,20.124,0
2026-04-08,15:31:34.345884,970499,4352,16.32,4495,16.85625,8944,20.124,0
2026-04-08,15:31:35.169947,970741,4354,16.3275,4485,16.81875,8943,20.12175,0
2026-04-08,15:31:35.169947,970873,4350,16.3125,4488,16.83,8943,20.12175,0
2026-04-08,15:31:35.169947,970906,4351,16.31625,4490,16.8375,8942,20.1195,0
2026-04-08,15:31:35.169947,970937,4356,16.335,4489,16.83375,8942,20.1195,0
2026-04-08,15:31:35.169947,970968,4350,16.3125,4496,16.86,8943,20.12175,0
2026-04-08,15:31:35.169947,971000,4357,16.33875,4496,16.86,8942,20.1195,0
2026-04-08,15:31:35.169947,971032,4358,16.3425,4488,16.83,8942,20.1195,0
2026-04-08,15:31:35.169947,971063,4351,16.31625,4488,16.83,8942,20.1195,0
2026-04-08,15:31:35.169947,971095,4358,16.3425,4496,16.86,8941,20.11725,0
2026-04-08,15:31:35.169947,971126,4349,16.30875,4486,16.8225,8943,20.12175,0
2026-04-08,15:31:35.169947,971157,4356,16.335,4479,16.79625,8941,20.11725,0
2026-04-08,15:31:35.169947,971188,4350,16.3125,4489,16.83375,8942,20.1195,0
2026-04-08,15:31:35.169947,971220,4346,16.2975,4491,16.84125,8942,20.1195,0
2026-04-08,15:31:35.169947,971251,4345,16.29375,4487,16.82625,8942,20.1195,0
2026-04-08,15:31:35.169947,971283,4351,16.31625,4488,16.83,8943,20.12175,0
2026-04-08,15:31:35.169947,971314,4348,16.305,4490,16.8375,8941,20.11725,0
2026-04-08,15:31:35.169947,971346,4347,16.30125,4486,16.8225,8941,20.11725,0
2026-04-08,15:31:35.169947,971377,4346,16.2975,4485,16.81875,8941,20.11725,0
2026-04-08,15:31:35.169947,971409,4349,16.30875,4485,16.81875,8942,20.1195,0
2026-04-08,15:31:35.169947,971440,4355,16.33125,4490,16.8375,8940,20.115,0
2026-04-08,15:31:36.075346,971633,4351,16.31625,4483,16.81125,8941,20.11725,0
2026-04-08,15:31:36.075346,971765,4350,16.3125,4483,16.81125,8941,20.11725,0
2026-04-08,15:31:36.075346,971796,4350,16.3125,4491,16.84125,8940,20.115,0
2026-04-08,15:31:36.075346,971828,4350,16.3125,4494,16.8525,8939,20.11275,0
2026-04-08,15:31:36.075346,971859,4352,16.32,4489,16.83375,8940,20.115,0
2026-04-08,15:31:36.075346,971891,4350,16.3125,4491,16.84125,8939,20.11275,0
2026-04-08,15:31:36.075346,971922,4341,16.27875,4487,16.82625,8940,20.115,0
2026-04-08,15:31:36.075346,971954,4345,16.29375,4485,16.81875,8940,20.115,0
2026-04-08,15:31:36.075346,971985,4342,16.2825,4488,16.83,8939,20.11275,0
2026-04-08,15:31:36.075346,972017,4352,16.32,4498,16.8675,8938,20.1105,0
2026-04-08,15:31:36.075346,972048,4352,16.32,4488,16.83,8938,20.1105,0
2026-04-08,15:31:36.075346,972079,4355,16.33125,4485,16.81875,8939,20.11275,0
2026-04-08,15:31:36.075346,972111,4354,16.3275,4484,16.815,8939,20.11275,0
2026-04-08,15:31:36.075346,972142,4354,16.3275,4484,16.815,8939,20.11275,0
2026-04-08,15:31:36.075346,972174,4339,16.27125,4487,16.82625,8938,20.1105,0
2026-04-08,15:31:36.075346,972205,4346,16.2975,4487,16.82625,8939,20.11275,0
2026-04-08,15:31:36.075346,972237,4346,16.2975,4490,16.8375,8938,20.1105,0
2026-04-08,15:31:36.075346,972268,4351,16.31625,4490,16.8375,8938,20.1105,0
2026-04-08,15:31:36.075346,972299,4348,16.305,4489,16.83375,8938,20.1105,0
2026-04-08,15:31:36.075346,972331,4342,16.2825,4487,16.82625,8937,20.10825,0
2026-04-08,15:31:36.898011,972487,4351,16.31625,4488,16.83,8937,20.10825,0
2026-04-08,15:31:36.898011,972620,4349,16.30875,4490,16.8375,8937,20.10825,0
2026-04-08,15:31:36.898011,972652,4347,16.30125,4485,16.81875,8937,20.10825,0
2026-04-08,15:31:36.898011,972684,4341,16.27875,4489,16.83375,8938,20.1105,0
2026-04-08,15:31:36.898011,972715,4338,16.2675,4487,16.82625,8938,20.1105,0
2026-04-08,15:31:36.898011,972747,4340,16.275,4486,16.8225,8936,20.106,0
2026-04-08,15:31:36.898011,972778,4340,16.275,4491,16.84125,8937,20.10825,0
2026-04-08,15:31:36.898011,972809,4352,16.32,4492,16.845,8937,20.10825,0
2026-04-08,15:31:36.898011,972841,4344,16.29,4496,16.86,8936,20.106,0
2026-04-08,15:31:36.898011,972872,4344,16.29,4484,16.815,8936,20.106,0
2026-04-08,15:31:36.898011,972904,4340,16.275,4491,16.84125,8935,20.10375,0
2026-04-08,15:31:36.898011,972935,4340,16.275,4490,16.8375,8935,20.10375,0
2026-04-08,15:31:36.898011,972967,4346,16.2975,4486,16.8225,8936,20.106,0
2026-04-08,15:31:36.898011,972998,4344,16.29,4492,16.845,8936,20.106,0
2026-04-08,15:31:36.898011,973029,4341,16.27875,4488,16.83,8935,20.10375,0
2026-04-08,15:31:36.898011,973061,4352,16.32,4482,16.8075,8935,20.10375,0
2026-04-08,15:31:36.898011,973092,4349,16.30875,4487,16.82625,8935,20.10375,0
2026-04-08,15:31:36.898011,973124,4352,16.32,4483,16.81125,8935,20.10375,0
2026-04-08,15:31:36.898011,973155,4345,16.29375,4483,16.81125,8933,20.09925,0
2026-04-08,15:31:36.898011,973187,4346,16.2975,4487,16.82625,8935,20.10375,0
2026-04-08,15:31:37.820978,973368,4341,16.27875,4482,16.8075,8936,20.106,0
2026-04-08,15:31:37.820978,973500,4345,16.29375,4482,16.8075,8933,20.09925,0
2026-04-08,15:31:37.820978,973532,4349,16.30875,4474,16.7775,8935,20.10375,0
2026-04-08,15:31:37.820978,973564,4348,16.305,4482,16.8075,8934,20.1015,0
2026-04-08,15:31:37.820978,973595,4333,16.24875,4488,16.83,8934,20.1015,0
2026-04-08,15:31:37.820978,973626,4338,16.2675,4477,16.78875,8934,20.1015,0
2026-04-08,15:31:37.820978,973658,4349,16.30875,4474,16.7775,8933,20.09925,0
2026-04-08,15:31:37.820978,973689,4348,16.305,4483,16.81125,8933,20.09925,0
2026-04-08,15:31:37.820978,973721,4338,16.2675,4484,16.815,8933,20.09925,0
2026-04-08,15:31:37.820978,973752,4341,16.27875,4481,16.80375,8932,20.097,0
2026-04-08,15:31:37.820978,973784,4341,16.27875,4482,16.8075,8932,20.097,0
2026-04-08,15:31:37.820978,973815,4350,16.3125,4484,16.815,8932,20.097,0
2026-04-08,15:31:37.820978,973846,4343,16.28625,4480,16.8,8932,20.097,0
2026-04-08,15:31:37.820978,973878,4346,16.2975,4489,16.83375,8932,20.097,0
2026-04-08,15:31:37.820978,973909,4345,16.29375,4485,16.81875,8932,20.097,0
2026-04-08,15:31:37.820978,973940,4336,16.26,4479,16.79625,8932,20.097,0
2026-04-08,15:31:37.820978,973972,4343,16.28625,4480,16.8,8932,20.097,0
2026-04-08,15:31:37.820978,974003,4342,16.2825,4481,16.80375,8932,20.097,0
2026-04-08,15:31:37.820978,974035,4335,16.25625,4476,16.785,8933,20.09925,0
2026-04-08,15:31:37.820978,974066,4338,16.2675,4478,16.7925,8932,20.097,0
2026-04-08,15:31:38.655057,974236,4347,16.30125,4485,16.81875,8932,20.097,0
2026-04-08,15:31:38.655057,974370,4345,16.29375,4481,16.80375,8931,20.09475,0
2026-04-08,15:31:38.655057,974401,4340,16.275,4483,16.81125,8931,20.09475,0
2026-04-08,15:31:38.655057,974433,4343,16.28625,4486,16.8225,8929,20.09025,0
2026-04-08,15:31:38.655057,974464,4348,16.305,4480,16.8,8931,20.09475,0
2026-04-08,15:31:38.655057,974496,4342,16.2825,4480,16.8,8930,20.0925,0
2026-04-08,15:31:38.655057,974527,4344,16.29,4481,16.80375,8931,20.09475,0
2026-04-08,15:31:38.655057,974558,4338,16.2675,4479,16.79625,8931,20.09475,0
2026-04-08,15:31:38.655057,974590,4344,16.29,4479,16.79625,8930,20.0925,0
2026-04-08,15:31:38.655057,974622,4338,16.2675,4489,16.83375,8932,20.097,0
2026-04-08,15:31:38.655057,974653,4338,16.2675,4486,16.8225,8931,20.09475,0
2026-04-08,15:31:38.655057,974684,4338,16.2675,4477,16.78875,8931,20.09475,0
2026-04-08,15:31:38.655057,974716,4338,16.2675,4479,16.79625,8930,20.0925,0
2026-04-08,15:31:38.655057,974747,4333,16.24875,4482,16.8075,8930,20.0925,0
2026-04-08,15:31:38.655057,974779,4343,16.28625,4477,16.78875,8929,20.09025,0
2026-04-08,15:31:38.655057,974810,4343,16.28625,4478,16.7925,8929,20.09025,0
2026-04-08,15:31:38.655057,974841,4340,16.275,4483,16.81125,8930,20.0925,0
2026-04-08,15:31:38.655057,974873,4344,16.29,4478,16.7925,8929,20.09025,0
2026-04-08,15:31:38.655057,974904,4339,16.27125,4482,16.8075,8928,20.088,0
2026-04-08,15:31:38.655057,974936,4344,16.29,4483,16.81125,8929,20.09025,0
2026-04-08,15:31:39.656746,975225,4343,16.28625,4492,16.845,8929,20.09025,0
2026-04-08,15:31:39.656746,975357,4340,16.275,4479,16.79625,8927,20.08575,0
2026-04-08,15:31:39.656746,975388,4339,16.27125,4483,16.81125,8928,20.088,0
2026-04-08,15:31:39.656746,975420,4341,16.27875,4479,16.79625,8927,20.08575,0
2026-04-08,15:31:39.656746,975452,4343,16.28625,4477,16.78875,8927,20.08575,0
2026-04-08,15:31:39.656746,975483,4343,16.28625,4488,16.83,8927,20.08575,0
2026-04-08,15:31:39.656746,975515,4344,16.29,4478,16.7925,8926,20.0835,0
2026-04-08,15:31:39.656746,975546,4343,16.28625,4482,16.8075,8928,20.088,0
2026-04-08,15:31:39.656746,975577,4344,16.29,4477,16.78875,8927,20.08575,0
2026-04-08,15:31:39.656746,975609,4345,16.29375,4485,16.81875,8926,20.0835,0
2026-04-08,15:31:39.656746,975640,4341,16.27875,4479,16.79625,8926,20.0835,0
2026-04-08,15:31:39.656746,975672,4354,16.3275,4484,16.815,8926,20.0835,0
2026-04-08,15:31:39.656746,975704,4345,16.29375,4476,16.785,8927,20.08575,0
2026-04-08,15:31:39.656746,975735,4346,16.2975,4476,16.785,8926,20.0835,0
2026-04-08,15:31:39.656746,975766,4339,16.27125,4476,16.785,8925,20.08125,0
2026-04-08,15:31:39.656746,975797,4340,16.275,4477,16.78875,8926,20.0835,0
2026-04-08,15:31:39.656746,975829,4344,16.29,4480,16.8,8926,20.0835,0
2026-04-08,15:31:39.656746,975860,4342,16.2825,4483,16.81125,8927,20.08575,0
2026-04-08,15:31:39.656746,975892,4340,16.275,4486,16.8225,8925,20.08125,0
2026-04-08,15:31:39.656746,975923,4341,16.27875,4495,16.85625,8925,20.08125,0
2026-04-08,15:31:40.562658,976058,4347,16.30125,4479,16.79625,8925,20.08125,0
2026-04-08,15:31:40.562658,976188,4346,16.2975,4482,16.8075,8924,20.079,0
2026-04-08,15:31:40.562658,976221,4341,16.27875,4480,16.8,8923,20.07675,0
2026-04-08,15:31:40.562658,976252,4336,16.26,4480,16.8,8925,20.08125,0
2026-04-08,15:31:40.562658,976283,4343,16.28625,4477,16.78875,8925,20.08125,0
2026-04-08,15:31:40.562658,976315,4336,16.26,4484,16.815,8925,20.08125,0
2026-04-08,15:31:40.562658,976348,4344,16.29,4473,16.77375,8923,20.07675,0
2026-04-08,15:31:40.562658,976380,4344,16.29,4486,16.8225,8925,20.08125,0
2026-04-08,15:31:40.562658,976411,4340,16.275,4484,16.815,8924,20.079,0
2026-04-08,15:31:40.562658,976443,4342,16.2825,4478,16.7925,8924,20.079,0
2026-04-08,15:31:40.562658,976475,4343,16.28625,4475,16.78125,8924,20.079,0
2026-04-08,15:31:40.562658,976506,4336,16.26,4484,16.815,8923,20.07675,0
2026-04-08,15:31:40.562658,976539,4338,16.2675,4480,16.8,8924,20.079,0
2026-04-08,15:31:40.562658,976570,4340,16.275,4477,16.78875,8923,20.07675,0
2026-04-08,15:31:40.562658,976601,4342,16.2825,4486,16.8225,8924,20.079,0
2026-04-08,15:31:40.562658,976633,4346,16.2975,4479,16.79625,8924,20.079,0
2026-04-08,15:31:40.562658,976665,4353,16.32375,4480,16.8,8924,20.079,0
2026-04-08,15:31:40.562658,976697,4341,16.27875,4470,16.7625,8922,20.0745,0
2026-04-08,15:31:40.562658,976729,4340,16.275,4478,16.7925,8923,20.07675,0
2026-04-08,15:31:40.562658,976760,4341,16.27875,4478,16.7925,8923,20.07675,0
2026-04-08,15:31:44.385638,976959,4339,16.27125,4477,16.78875,8922,20.0745,0
2026-04-08,15:31:44.385638,977091,4330,16.2375,4487,16.82625,8921,20.07225,0
2026-04-08,15:31:44.385638,977123,4336,16.26,4478,16.7925,8922,20.0745,0
2026-04-08,15:31:44.385638,977154,4341,16.27875,4479,16.79625,8921,20.07225,0
2026-04-08,15:31:44.385638,977186,4339,16.27125,4479,16.79625,8921,20.07225,0
2026-04-08,15:31:44.385638,977217,4341,16.27875,4481,16.80375,8922,20.0745,0
2026-04-08,15:31:44.385638,977249,4331,16.24125,4484,16.815,8920,20.07,0
2026-04-08,15:31:44.385638,977280,4338,16.2675,4481,16.80375,8921,20.07225,0
2026-04-08,15:31:44.385638,977311,4341,16.27875,4475,16.78125,8920,20.07,0
2026-04-08,15:31:44.385638,977343,4338,16.2675,4485,16.81875,8920,20.07,0
2026-04-08,15:31:44.385638,977374,4338,16.2675,4479,16.79625,8922,20.0745,0
2026-04-08,15:31:44.385638,977406,4340,16.275,4482,16.8075,8921,20.07225,0
2026-04-08,15:31:44.385638,977437,4346,16.2975,4478,16.7925,8920,20.07,0
2026-04-08,15:31:44.385638,977469,4337,16.26375,4479,16.79625,8921,20.07225,0
2026-04-08,15:31:44.385638,977500,4341,16.27875,4477,16.78875,8921,20.07225,0
2026-04-08,15:31:44.385638,977531,4339,16.27125,4485,16.81875,8919,20.06775,0
2026-04-08,15:31:44.385638,977563,4335,16.25625,4476,16.785,8919,20.06775,0
2026-04-08,15:31:44.385638,977594,4341,16.27875,4477,16.78875,8920,20.07,0
2026-04-08,15:31:44.385638,977626,4343,16.28625,4479,16.79625,8920,20.07,0
2026-04-08,15:31:44.385638,977657,4341,16.27875,4480,16.8,8919,20.06775,0
2026-04-08,15:31:45.391099,980952,4336,16.26,4473,16.77375,8909,20.04525,0
2026-04-08,15:31:45.391099,981084,4334,16.2525,4471,16.76625,8908,20.043,0
2026-04-08,15:31:45.391099,981115,4333,16.24875,4468,16.755,8908,20.043,0
2026-04-08,15:31:45.391099,981147,4337,16.26375,4469,16.75875,8908,20.043,0
2026-04-08,15:31:45.391099,981178,4335,16.25625,4469,16.75875,8908,20.043,0
2026-04-08,15:31:45.391099,981210,4336,16.26,4471,16.76625,8907,20.04075,0
2026-04-08,15:31:45.391099,981241,4333,16.24875,4475,16.78125,8907,20.04075,0
2026-04-08,15:31:45.391099,981273,4337,16.26375,4467,16.75125,8908,20.043,0
2026-04-08,15:31:45.391099,981304,4331,16.24125,4475,16.78125,8906,20.0385,0
2026-04-08,15:31:45.391099,981336,4327,16.22625,4467,16.75125,8907,20.04075,0
2026-04-08,15:31:45.391099,981367,4335,16.25625,4475,16.78125,8907,20.04075,0
2026-04-08,15:31:45.391099,981398,4332,16.245,4470,16.7625,8907,20.04075,0
2026-04-08,15:31:45.391099,981429,4331,16.24125,4475,16.78125,8907,20.04075,0
2026-04-08,15:31:45.391099,981461,4333,16.24875,4466,16.7475,8907,20.04075,0
2026-04-08,15:31:45.391099,981493,4336,16.26,4470,16.7625,8908,20.043,0
2026-04-08,15:31:45.391099,981524,4331,16.24125,4468,16.755,8906,20.0385,0
2026-04-08,15:31:45.391099,981555,4335,16.25625,4467,16.75125,8907,20.04075,0
2026-04-08,15:31:45.391099,981587,4333,16.24875,4467,16.75125,8907,20.04075,0
2026-04-08,15:31:45.391099,981618,4327,16.22625,4473,16.77375,8908,20.043,0
2026-04-08,15:31:45.391099,981650,4327,16.22625,4468,16.755,8906,20.0385,0
2026-04-08,15:31:46.225176,981790,4333,16.24875,4470,16.7625,8905,20.03625,0
2026-04-08,15:31:46.225176,981921,4328,16.23,4476,16.785,8906,20.0385,0
2026-04-08,15:31:46.225176,981953,4331,16.24125,4465,16.74375,8904,20.034,0
2026-04-08,15:31:46.225176,981985,4337,16.26375,4469,16.75875,8904,20.034,0
2026-04-08,15:31:46.225176,982016,4331,16.24125,4471,16.76625,8905,20.03625,0
2026-04-08,15:31:46.225176,982048,4331,16.24125,4472,16.77,8905,20.03625,0
2026-04-08,15:31:46.225176,982079,4327,16.22625,4466,16.7475,8904,20.034,0
2026-04-08,15:31:46.225176,982110,4330,16.2375,4462,16.7325,8904,20.034,0
2026-04-08,15:31:46.225176,982142,4327,16.22625,4459,16.72125,8906,20.0385,0
2026-04-08,15:31:46.225176,982173,4330,16.2375,4470,16.7625,8906,20.0385,0
2026-04-08,15:31:46.225176,982205,4334,16.2525,4467,16.75125,8905,20.03625,0
2026-04-08,15:31:46.225176,982236,4329,16.23375,4468,16.755,8902,20.0295,0
2026-04-08,15:31:46.225176,982268,4329,16.23375,4479,16.79625,8904,20.034,0
2026-04-08,15:31:46.225176,982299,4327,16.22625,4468,16.755,8903,20.03175,0
2026-04-08,15:31:46.225176,982330,4336,16.26,4465,16.74375,8904,20.034,0
2026-04-08,15:31:46.225176,982362,4331,16.24125,4462,16.7325,8904,20.034,0
2026-04-08,15:31:46.225176,982393,4331,16.24125,4466,16.7475,8905,20.03625,0
2026-04-08,15:31:46.225176,982424,4326,16.2225,4463,16.73625,8904,20.034,0
2026-04-08,15:31:46.225176,982456,4333,16.24875,4468,16.755,8904,20.034,0
2026-04-08,15:31:46.225176,982487,4332,16.245,4473,16.77375,8904,20.034,0
2026-04-08,15:31:47.124984,982637,4336,16.26,4471,16.76625,8904,20.034,0
2026-04-08,15:31:47.124984,982769,4327,16.22625,4469,16.75875,8902,20.0295,0
2026-04-08,15:31:47.124984,982801,4333,16.24875,4463,16.73625,8902,20.0295,0
2026-04-08,15:31:47.124984,982832,4334,16.2525,4470,16.7625,8902,20.0295,0
2026-04-08,15:31:47.124984,982864,4338,16.2675,4461,16.72875,8902,20.0295,0
2026-04-08,15:31:47.124984,982896,4334,16.2525,4457,16.71375,8902,20.0295,0
2026-04-08,15:31:47.124984,982928,4329,16.23375,4466,16.7475,8902,20.0295,0
2026-04-08,15:31:47.124984,982959,4334,16.2525,4464,16.74,8902,20.0295,0
2026-04-08,15:31:47.124984,982991,4328,16.23,4469,16.75875,8903,20.03175,0
2026-04-08,15:31:47.124984,983023,4335,16.25625,4468,16.755,8902,20.0295,0
2026-04-08,15:31:47.124984,983054,4331,16.24125,4472,16.77,8902,20.0295,0
2026-04-08,15:31:47.124984,983086,4322,16.2075,4464,16.74,8900,20.025,0
2026-04-08,15:31:47.124984,983117,4333,16.24875,4467,16.75125,8901,20.02725,0
2026-04-08,15:31:47.124984,983148,4323,16.21125,4473,16.77375,8902,20.0295,0
2026-04-08,15:31:47.124984,983180,4324,16.215,4462,16.7325,8902,20.0295,0
2026-04-08,15:31:47.124984,983211,4333,16.24875,4467,16.75125,8900,20.025,0
2026-04-08,15:31:47.124984,983243,4332,16.245,4462,16.7325,8902,20.0295,0
2026-04-08,15:31:47.124984,983274,4322,16.2075,4467,16.75125,8902,20.0295,0
2026-04-08,15:31:47.124984,983306,4328,16.23,4466,16.7475,8900,20.025,0
2026-04-08,15:31:47.124984,983337,4330,16.2375,4465,16.74375,8901,20.02725,0
2026-04-08,15:31:47.960263,983525,4325,16.21875,4464,16.74,8898,20.0205,0
2026-04-08,15:31:47.960263,983657,4328,16.23,4468,16.755,8899,20.02275,0
2026-04-08,15:31:47.960263,983690,4327,16.22625,4468,16.755,8899,20.02275,0
2026-04-08,15:31:47.960263,983721,4335,16.25625,4470,16.7625,8900,20.025,0
2026-04-08,15:31:47.960263,983752,4331,16.24125,4470,16.7625,8899,20.02275,0
2026-04-08,15:31:47.960263,983783,4324,16.215,4465,16.74375,8899,20.02275,0
2026-04-08,15:31:47.960263,983815,4318,16.1925,4469,16.75875,8898,20.0205,0
2026-04-08,15:31:47.960263,983847,4320,16.2,4466,16.7475,8898,20.0205,0
2026-04-08,15:31:47.960263,983878,4320,16.2,4469,16.75875,8898,20.0205,0
2026-04-08,15:31:47.960263,983909,4320,16.2,4462,16.7325,8898,20.0205,0
2026-04-08,15:31:47.960263,983941,4321,16.20375,4465,16.74375,8899,20.02275,0
2026-04-08,15:31:47.960263,983972,4328,16.23,4462,16.7325,8898,20.0205,0
2026-04-08,15:31:47.960263,984004,4335,16.25625,4471,16.76625,8897,20.01825,0
2026-04-08,15:31:47.960263,984035,4329,16.23375,4472,16.77,8898,20.0205,0
2026-04-08,15:31:47.960263,984066,4321,16.20375,4464,16.74,8898,20.0205,0
2026-04-08,15:31:47.960263,984098,4324,16.215,4473,16.77375,8897,20.01825,0
2026-04-08,15:31:47.960263,984130,4326,16.2225,4468,16.755,8897,20.01825,0
2026-04-08,15:31:47.960263,984161,4325,16.21875,4467,16.75125,8897,20.01825,0
2026-04-08,15:31:47.960263,984192,4329,16.23375,4464,16.74,8897,20.01825,0
2026-04-08,15:31:47.960263,984224,4327,16.22625,4470,16.7625,8898,20.0205,0
2026-04-08,15:31:48.776127,984361,4327,16.22625,4463,16.73625,8898,20.0205,0
2026-04-08,15:31:48.776127,984494,4331,16.24125,4467,16.75125,8896,20.016,0
2026-04-08,15:31:48.776127,984526,4320,16.2,4462,16.7325,8895,20.01375,0
2026-04-08,15:31:48.776127,984558,4318,16.1925,4460,16.725,8897,20.01825,0
2026-04-08,15:31:48.776127,984589,4321,16.20375,4463,16.73625,8896,20.016,0
2026-04-08,15:31:48.776127,984621,4324,16.215,4467,16.75125,8896,20.016,0
2026-04-08,15:31:48.776127,984652,4315,16.18125,4459,16.72125,8896,20.016,0
2026-04-08,15:31:48.776127,984684,4315,16.18125,4461,16.72875,8895,20.01375,0
2026-04-08,15:31:48.776127,984715,4317,16.18875,4461,16.72875,8895,20.01375,0
2026-04-08,15:31:48.776127,984747,4324,16.215,4467,16.75125,8895,20.01375,0
2026-04-08,15:31:48.776127,984778,4323,16.21125,4470,16.7625,8895,20.01375,0
2026-04-08,15:31:48.776127,984809,4325,16.21875,4475,16.78125,8895,20.01375,0
2026-04-08,15:31:48.776127,984841,4327,16.22625,4463,16.73625,8895,20.01375,0
2026-04-08,15:31:48.776127,984872,4327,16.22625,4472,16.77,8894,20.0115,0
2026-04-08,15:31:48.776127,984903,4323,16.21125,4467,16.75125,8894,20.0115,0
2026-04-08,15:31:48.776127,984935,4331,16.24125,4469,16.75875,8895,20.01375,0
2026-04-08,15:31:48.776127,984966,4328,16.23,4467,16.75125,8894,20.0115,0
2026-04-08,15:31:48.776127,984998,4343,16.28625,4473,16.77375,8894,20.0115,0
2026-04-08,15:31:48.776127,985029,4326,16.2225,4469,16.75875,8894,20.0115,0
2026-04-08,15:31:48.776127,985061,4329,16.23375,4463,16.73625,8895,20.01375,0
2026-04-08,15:31:49.591651,985171,4317,16.18875,4467,16.75125,8893,20.00925,0
2026-04-08,15:31:49.591651,985303,4323,16.21125,4467,16.75125,8893,20.00925,0
2026-04-08,15:31:49.591651,985336,4317,16.18875,4461,16.72875,8894,20.0115,0
2026-04-08,15:31:49.591651,985368,4318,16.1925,4466,16.7475,8894,20.0115,0
2026-04-08,15:31:49.591651,985399,4324,16.215,4461,16.72875,8894,20.0115,0
2026-04-08,15:31:49.591651,985430,4321,16.20375,4464,16.74,8893,20.00925,0
2026-04-08,15:31:49.591651,985462,4318,16.1925,4471,16.76625,8894,20.0115,0
2026-04-08,15:31:49.591651,985493,4324,16.215,4464,16.74,8892,20.007,0
2026-04-08,15:31:49.591651,985524,4328,16.23,4465,16.74375,8893,20.00925,0
2026-04-08,15:31:49.591651,985556,4323,16.21125,4472,16.77,8893,20.00925,0
2026-04-08,15:31:49.591651,985587,4327,16.22625,4471,16.76625,8895,20.01375,0
2026-04-08,15:31:49.591651,985619,4325,16.21875,4464,16.74,8892,20.007,0
2026-04-08,15:31:49.591651,985650,4318,16.1925,4467,16.75125,8892,20.007,0
2026-04-08,15:31:49.591651,985682,4322,16.2075,4464,16.74,8892,20.007,0
2026-04-08,15:31:49.591651,985713,4326,16.2225,4464,16.74,8892,20.007,0
2026-04-08,15:31:49.591651,985745,4329,16.23375,4464,16.74,8893,20.00925,0
2026-04-08,15:31:49.591651,985776,4336,16.26,4467,16.75125,8891,20.00475,0
2026-04-08,15:31:49.591651,985807,4332,16.245,4464,16.74,8891,20.00475,0
2026-04-08,15:31:49.591651,985839,4328,16.23,4460,16.725,8892,20.007,0
2026-04-08,15:31:49.591651,985870,4325,16.21875,4460,16.725,8892,20.007,0
2026-04-08,15:31:50.615515,985988,4321,16.20375,4465,16.74375,8893,20.00925,0
2026-04-08,15:31:50.615515,986120,4324,16.215,4458,16.7175,8890,20.0025,0
2026-04-08,15:31:50.615515,986152,4322,16.2075,4462,16.7325,8891,20.00475,0
2026-04-08,15:31:50.615515,986184,4322,16.2075,4458,16.7175,8891,20.00475,0
2026-04-08,15:31:50.615515,986215,4323,16.21125,4459,16.72125,8892,20.007,0
2026-04-08,15:31:50.615515,986247,4316,16.185,4465,16.74375,8891,20.00475,0
2026-04-08,15:31:50.615515,986278,4317,16.18875,4462,16.7325,8890,20.0025,0
2026-04-08,15:31:50.615515,986310,4316,16.185,4456,16.71,8889,20.00025,0
2026-04-08,15:31:50.615515,986341,4317,16.18875,4453,16.69875,8890,20.0025,0
2026-04-08,15:31:50.615515,986372,4321,16.20375,4466,16.7475,8890,20.0025,0
2026-04-08,15:31:50.615515,986404,4318,16.1925,4457,16.71375,8890,20.0025,0
2026-04-08,15:31:50.615515,986435,4318,16.1925,4461,16.72875,8889,20.00025,0
2026-04-08,15:31:50.615515,986467,4321,16.20375,4456,16.71,8891,20.00475,0
2026-04-08,15:31:50.615515,986498,4318,16.1925,4465,16.74375,8890,20.0025,0
2026-04-08,15:31:50.615515,986529,4323,16.21125,4464,16.74,8889,20.00025,0
2026-04-08,15:31:50.615515,986561,4318,16.1925,4463,16.73625,8889,20.00025,0
2026-04-08,15:31:50.615515,986592,4320,16.2,4461,16.72875,8889,20.00025,0
2026-04-08,15:31:50.615515,986624,4326,16.2225,4459,16.72125,8889,20.00025,0
2026-04-08,15:31:50.615515,986655,4315,16.18125,4460,16.725,8889,20.00025,0
2026-04-08,15:31:50.615515,986687,4321,16.20375,4458,16.7175,8891,20.00475,0
2026-04-08,15:31:51.457735,987019,4317,16.18875,4463,16.73625,8888,19.998,0
2026-04-08,15:31:51.457735,987151,4318,16.1925,4461,16.72875,8888,19.998,0
2026-04-08,15:31:51.457735,987184,4311,16.16625,4465,16.74375,8887,19.99575,0
2026-04-08,15:31:51.457735,987215,4321,16.20375,4468,16.755,8886,19.9935,0
2026-04-08,15:31:51.457735,987246,4321,16.20375,4459,16.72125,8887,19.99575,0
2026-04-08,15:31:51.457735,987278,4321,16.20375,4466,16.7475,8887,19.99575,0
2026-04-08,15:31:51.457735,987310,4321,16.20375,4455,16.70625,8888,19.998,0
2026-04-08,15:31:51.457735,987341,4315,16.18125,4458,16.7175,8888,19.998,0
2026-04-08,15:31:51.457735,987372,4319,16.19625,4454,16.7025,8886,19.9935,0
2026-04-08,15:31:51.457735,987404,4316,16.185,4451,16.69125,8887,19.99575,0
2026-04-08,15:31:51.457735,987435,4320,16.2,4460,16.725,8887,19.99575,0
2026-04-08,15:31:51.457735,987466,4322,16.2075,4462,16.7325,8885,19.99125,0
2026-04-08,15:31:51.457735,987498,4322,16.2075,4455,16.70625,8886,19.9935,0
2026-04-08,15:31:51.457735,987529,4323,16.21125,4463,16.73625,8886,19.9935,0
2026-04-08,15:31:51.457735,987561,4321,16.20375,4454,16.7025,8886,19.9935,0
2026-04-08,15:31:51.457735,987592,4322,16.2075,4458,16.7175,8886,19.9935,0
2026-04-08,15:31:51.457735,987624,4320,16.2,4461,16.72875,8887,19.99575,0
2026-04-08,15:31:51.457735,987655,4316,16.185,4458,16.7175,8886,19.9935,0
2026-04-08,15:31:51.457735,987687,4322,16.2075,4464,16.74,8886,19.9935,0
2026-04-08,15:31:51.457735,987718,4322,16.2075,4464,16.74,8887,19.99575,0
2026-04-08,15:31:52.259098,987854,4324,16.215,4456,16.71,8885,19.99125,0
2026-04-08,15:31:52.259098,987987,4323,16.21125,4456,16.71,8886,19.9935,0
2026-04-08,15:31:52.259098,988019,4318,16.1925,4460,16.725,8885,19.99125,0
2026-04-08,15:31:52.259098,988050,4317,16.18875,4464,16.74,8883,19.98675,0
2026-04-08,15:31:52.259098,988082,4316,16.185,4462,16.7325,8885,19.99125,0
2026-04-08,15:31:52.259098,988113,4316,16.185,4459,16.72125,8883,19.98675,0
2026-04-08,15:31:52.259098,988145,4323,16.21125,4449,16.68375,8883,19.98675,0
2026-04-08,15:31:52.259098,988176,4319,16.19625,4457,16.71375,8884,19.989,0
2026-04-08,15:31:52.259098,988208,4319,16.19625,4465,16.74375,8884,19.989,0
2026-04-08,15:31:52.259098,988239,4317,16.18875,4459,16.72125,8884,19.989,0
2026-04-08,15:31:52.259098,988270,4320,16.2,4458,16.7175,8883,19.98675,0
2026-04-08,15:31:52.259098,988302,4319,16.19625,4450,16.6875,8883,19.98675,0
2026-04-08,15:31:52.259098,988333,4324,16.215,4456,16.71,8883,19.98675,0
2026-04-08,15:31:52.259098,988365,4318,16.1925,4458,16.7175,8883,19.98675,0
2026-04-08,15:31:52.259098,988396,4321,16.20375,4456,16.71,8884,19.989,0
2026-04-08,15:31:52.259098,988428,4317,16.18875,4459,16.72125,8882,19.9845,0
2026-04-08,15:31:52.259098,988459,4321,16.20375,4456,16.71,8884,19.989,0
2026-04-08,15:31:52.259098,988490,4317,16.18875,4453,16.69875,8883,19.98675,0
2026-04-08,15:31:52.259098,988522,4321,16.20375,4462,16.7325,8883,19.98675,0
2026-04-08,15:31:52.259098,988553,4317,16.18875,4455,16.70625,8883,19.98675,0
2026-04-08,15:31:53.165268,988655,4318,16.1925,4463,16.73625,8882,19.9845,0
2026-04-08,15:31:53.165268,988787,4314,16.1775,4456,16.71,8882,19.9845,0
2026-04-08,15:31:53.165268,988820,4321,16.20375,4467,16.75125,8883,19.98675,0
2026-04-08,15:31:53.165268,988851,4318,16.1925,4464,16.74,8882,19.9845,0
2026-04-08,15:31:53.165268,988882,4315,16.18125,4461,16.72875,8882,19.9845,0
2026-04-08,15:31:53.165268,988914,4317,16.18875,4456,16.71,8881,19.98225,0
2026-04-08,15:31:53.165268,988946,4319,16.19625,4464,16.74,8880,19.98,0
2026-04-08,15:31:53.165268,988977,4319,16.19625,4455,16.70625,8881,19.98225,0
2026-04-08,15:31:53.165268,989008,4319,16.19625,4453,16.69875,8882,19.9845,0
2026-04-08,15:31:53.165268,989040,4321,16.20375,4458,16.7175,8882,19.9845,0
2026-04-08,15:31:53.165268,989071,4310,16.1625,4453,16.69875,8881,19.98225,0
2026-04-08,15:31:53.165268,989102,4306,16.1475,4454,16.7025,8881,19.98225,0
2026-04-08,15:31:53.165268,989134,4318,16.1925,4456,16.71,8880,19.98,0
2026-04-08,15:31:53.165268,989165,4314,16.1775,4457,16.71375,8880,19.98,0
2026-04-08,15:31:53.165268,989197,4314,16.1775,4453,16.69875,8880,19.98,0
2026-04-08,15:31:53.165268,989228,4312,16.17,4453,16.69875,8880,19.98,0
2026-04-08,15:31:53.165268,989260,4323,16.21125,4450,16.6875,8882,19.9845,0
2026-04-08,15:31:53.165268,989291,4317,16.18875,4460,16.725,8879,19.97775,0
2026-04-08,15:31:53.165268,989323,4312,16.17,4453,16.69875,8880,19.98,0
2026-04-08,15:31:53.165268,989354,4312,16.17,4451,16.69125,8880,19.98,0
2026-04-08,15:31:54.092505,989561,4320,16.2,4452,16.695,8877,19.97325,0
2026-04-08,15:31:54.092505,989694,4311,16.16625,4459,16.72125,8880,19.98,0
2026-04-08,15:31:54.092505,989725,4319,16.19625,4461,16.72875,8879,19.97775,0
2026-04-08,15:31:54.092505,989757,4318,16.1925,4457,16.71375,8878,19.9755,0
2026-04-08,15:31:54.092505,989789,4313,16.17375,4456,16.71,8878,19.9755,0
2026-04-08,15:31:54.092505,989820,4316,16.185,4454,16.7025,8878,19.9755,0
2026-04-08,15:31:54.092505,989852,4320,16.2,4454,16.7025,8878,19.9755,0
2026-04-08,15:31:54.092505,989883,4323,16.21125,4446,16.6725,8879,19.97775,0
2026-04-08,15:31:54.092505,989914,4321,16.20375,4444,16.665,8877,19.97325,0
2026-04-08,15:31:54.092505,989946,4320,16.2,4451,16.69125,8877,19.97325,0
2026-04-08,15:31:54.092505,989978,4317,16.18875,4449,16.68375,8878,19.9755,0
2026-04-08,15:31:54.092505,990009,4319,16.19625,4447,16.67625,8877,19.97325,0
2026-04-08,15:31:54.092505,990040,4309,16.15875,4455,16.70625,8877,19.97325,0
2026-04-08,15:31:54.092505,990072,4316,16.185,4453,16.69875,8877,19.97325,0
2026-04-08,15:31:54.092505,990103,4313,16.17375,4460,16.725,8876,19.971,0
2026-04-08,15:31:54.092505,990134,4313,16.17375,4459,16.72125,8877,19.97325,0
2026-04-08,15:31:54.092505,990166,4311,16.16625,4455,16.70625,8878,19.9755,0
2026-04-08,15:31:54.092505,990197,4314,16.1775,4454,16.7025,8876,19.971,0
2026-04-08,15:31:54.092505,990229,4314,16.1775,4451,16.69125,8876,19.971,0
2026-04-08,15:31:54.092505,990260,4320,16.2,4455,16.70625,8876,19.971,0
2026-04-08,15:31:55.020565,990492,4320,16.2,4458,16.7175,8876,19.971,0
2026-04-08,15:31:55.020565,990625,4307,16.15125,4449,16.68375,8875,19.96875,0
2026-04-08,15:31:55.020565,990657,4319,16.19625,4456,16.71,8876,19.971,0
2026-04-08,15:31:55.020565,990689,4315,16.18125,4452,16.695,8875,19.96875,0
2026-04-08,15:31:55.020565,990720,4316,16.185,4457,16.71375,8875,19.96875,0
2026-04-08,15:31:55.020565,990752,4322,16.2075,4459,16.72125,8875,19.96875,0
2026-04-08,15:31:55.020565,990783,4314,16.1775,4458,16.7175,8874,19.9665,0
2026-04-08,15:31:55.020565,990814,4321,16.20375,4451,16.69125,8874,19.9665,0
2026-04-08,15:31:55.020565,990846,4311,16.16625,4454,16.7025,8875,19.96875,0
2026-04-08,15:31:55.020565,990877,4313,16.17375,4457,16.71375,8874,19.9665,0
2026-04-08,15:31:55.020565,990909,4310,16.1625,4457,16.71375,8874,19.9665,0
2026-04-08,15:31:55.020565,990940,4317,16.18875,4451,16.69125,8874,19.9665,0
2026-04-08,15:31:55.020565,990972,4318,16.1925,4453,16.69875,8873,19.96425,0
2026-04-08,15:31:55.020565,991003,4312,16.17,4452,16.695,8873,19.96425,0
2026-04-08,15:31:55.020565,991034,4317,16.18875,4454,16.7025,8874,19.9665,0
2026-04-08,15:31:55.020565,991066,4305,16.14375,4456,16.71,8873,19.96425,0
2026-04-08,15:31:55.020565,991097,4320,16.2,4453,16.69875,8874,19.9665,0
2026-04-08,15:31:55.020565,991129,4312,16.17,4455,16.70625,8874,19.9665,0
2026-04-08,15:31:55.020565,991160,4311,16.16625,4452,16.695,8875,19.96875,0
2026-04-08,15:31:55.020565,991192,4318,16.1925,4459,16.72125,8873,19.96425,0
2026-04-08,15:31:56.136828,991416,4321,16.20375,4453,16.69875,8873,19.96425,0
2026-04-08,15:31:56.136828,991548,4322,16.2075,4464,16.74,8872,19.962,0
2026-04-08,15:31:56.136828,991580,4315,16.18125,4454,16.7025,8872,19.962,0
2026-04-08,15:31:56.136828,991612,4317,16.18875,4452,16.695,8871,19.95975,0
2026-04-08,15:31:56.136828,991643,4309,16.15875,4454,16.7025,8871,19.95975,0
2026-04-08,15:31:56.136828,991674,4307,16.15125,4447,16.67625,8871,19.95975,0
2026-04-08,15:31:56.136828,991706,4312,16.17,4450,16.6875,8872,19.962,0
2026-04-08,15:31:56.136828,991737,4310,16.1625,4456,16.71,8871,19.95975,0
2026-04-08,15:31:56.136828,991768,4320,16.2,4453,16.69875,8870,19.9575,0
2026-04-08,15:31:56.136828,991800,4320,16.2,4453,16.69875,8870,19.9575,0
2026-04-08,15:31:56.136828,991832,4314,16.1775,4452,16.695,8870,19.9575,0
2026-04-08,15:31:56.136828,991863,4310,16.1625,4453,16.69875,8870,19.9575,0
2026-04-08,15:31:56.136828,991894,4311,16.16625,4451,16.69125,8870,19.9575,0
2026-04-08,15:31:56.136828,991926,4317,16.18875,4446,16.6725,8871,19.95975,0
2026-04-08,15:31:56.136828,991957,4320,16.2,4451,16.69125,8872,19.962,0
2026-04-08,15:31:56.136828,991989,4317,16.18875,4451,16.69125,8869,19.95525,0
2026-04-08,15:31:56.136828,992020,4314,16.1775,4462,16.7325,8871,19.95975,0
2026-04-08,15:31:56.136828,992051,4315,16.18125,4455,16.70625,8870,19.9575,0
2026-04-08,15:31:56.136828,992083,4318,16.1925,4450,16.6875,8870,19.9575,0
2026-04-08,15:31:56.136828,992114,4317,16.18875,4453,16.69875,8870,19.9575,0
2026-04-08,15:31:57.846634,993036,4307,16.15125,4452,16.695,8868,19.953,0
2026-04-08,15:31:57.846634,993168,4308,16.155,4454,16.7025,8866,19.9485,0
2026-04-08,15:31:57.846634,993199,4306,16.1475,4440,16.65,8866,19.9485,0
2026-04-08,15:31:57.846634,993231,4309,16.15875,4449,16.68375,8866,19.9485,0
2026-04-08,15:31:57.846634,993263,4314,16.1775,4446,16.6725,8866,19.9485,0
2026-04-08,15:31:57.846634,993294,4310,16.1625,4450,16.6875,8865,19.94625,0
2026-04-08,15:31:57.846634,993326,4308,16.155,4450,16.6875,8866,19.9485,0
2026-04-08,15:31:57.846634,993357,4318,16.1925,4443,16.66125,8866,19.9485,0
2026-04-08,15:31:57.846634,993388,4317,16.18875,4452,16.695,8867,19.95075,0
2026-04-08,15:31:57.846634,993420,4306,16.1475,4455,16.70625,8865,19.94625,0
2026-04-08,15:31:57.846634,993451,4314,16.1775,4442,16.6575,8865,19.94625,0
2026-04-08,15:31:57.846634,993482,4306,16.1475,4448,16.68,8865,19.94625,0
2026-04-08,15:31:57.846634,993514,4310,16.1625,4448,16.68,8864,19.944,0
2026-04-08,15:31:57.846634,993545,4316,16.185,4446,16.6725,8864,19.944,0
2026-04-08,15:31:57.846634,993577,4313,16.17375,4447,16.67625,8865,19.94625,0
2026-04-08,15:31:57.846634,993608,4308,16.155,4441,16.65375,8864,19.944,0
2026-04-08,15:31:57.846634,993640,4305,16.14375,4445,16.66875,8863,19.94175,0
2026-04-08,15:31:57.846634,993671,4308,16.155,4445,16.66875,8864,19.944,0
2026-04-08,15:31:57.846634,993702,4311,16.16625,4439,16.64625,8864,19.944,0
2026-04-08,15:31:57.846634,993734,4308,16.155,4448,16.68,8863,19.94175,0
2026-04-08,15:32:02.055790,994668,4314,16.1775,4444,16.665,8862,19.9395,0
2026-04-08,15:32:02.055790,994801,4307,16.15125,4442,16.6575,8861,19.93725,0
2026-04-08,15:32:02.055790,994832,4304,16.14,4437,16.63875,8860,19.935,0
2026-04-08,15:32:02.055790,994864,4311,16.16625,4445,16.66875,8860,19.935,0
2026-04-08,15:32:02.055790,994895,4305,16.14375,4436,16.635,8860,19.935,0
2026-04-08,15:32:02.055790,994927,4303,16.13625,4443,16.66125,8859,19.93275,0
2026-04-08,15:32:02.055790,994958,4305,16.14375,4443,16.66125,8860,19.935,0
2026-04-08,15:32:02.055790,994990,4302,16.1325,4438,16.6425,8859,19.93275,0
2026-04-08,15:32:02.055790,995021,4302,16.1325,4438,16.6425,8859,19.93275,0
2026-04-08,15:32:02.055790,995053,4304,16.14,4441,16.65375,8860,19.935,0
2026-04-08,15:32:02.055790,995084,4304,16.14,4442,16.6575,8860,19.935,0
2026-04-08,15:32:02.055790,995115,4304,16.14,4438,16.6425,8859,19.93275,0
2026-04-08,15:32:02.055790,995146,4307,16.15125,4434,16.6275,8860,19.935,0
2026-04-08,15:32:02.055790,995178,4302,16.1325,4439,16.64625,8860,19.935,0
2026-04-08,15:32:02.055790,995210,4307,16.15125,4442,16.6575,8860,19.935,0
2026-04-08,15:32:02.055790,995241,4297,16.11375,4441,16.65375,8858,19.9305,0
2026-04-08,15:32:02.055790,995273,4303,16.13625,4447,16.67625,8860,19.935,0
2026-04-08,15:32:02.055790,995304,4302,16.1325,4447,16.67625,8858,19.9305,0
2026-04-08,15:32:02.055790,995335,4310,16.1625,4438,16.6425,8858,19.9305,0
2026-04-08,15:32:02.055790,995367,4303,16.13625,4441,16.65375,8859,19.93275,0
2026-04-08,15:32:03.153393,998566,4309,16.15875,4439,16.64625,8848,19.908,0
2026-04-08,15:32:03.153393,998697,4294,16.1025,4446,16.6725,8847,19.90575,0
2026-04-08,15:32:03.153393,998729,4303,16.13625,4447,16.67625,8846,19.9035,0
2026-04-08,15:32:03.153393,998761,4300,16.125,4443,16.66125,8847,19.90575,0
2026-04-08,15:32:03.153393,998792,4298,16.1175,4437,16.63875,8846,19.9035,0
2026-04-08,15:32:03.153393,998823,4299,16.12125,4436,16.635,8846,19.9035,0
2026-04-08,15:32:03.153393,998855,4305,16.14375,4436,16.635,8847,19.90575,0
2026-04-08,15:32:03.153393,998886,4296,16.11,4441,16.65375,8846,19.9035,0
2026-04-08,15:32:03.153393,998918,4294,16.1025,4447,16.67625,8847,19.90575,0
2026-04-08,15:32:03.153393,998949,4300,16.125,4445,16.66875,8845,19.90125,0
2026-04-08,15:32:03.153393,998981,4303,16.13625,4450,16.6875,8846,19.9035,0
2026-04-08,15:32:03.153393,999012,4304,16.14,4439,16.64625,8845,19.90125,0
2026-04-08,15:32:03.153393,999043,4303,16.13625,4433,16.62375,8846,19.9035,0
2026-04-08,15:32:03.153393,999075,4303,16.13625,4431,16.61625,8846,19.9035,0
2026-04-08,15:32:03.153393,999106,4303,16.13625,4444,16.665,8846,19.9035,0
2026-04-08,15:32:03.153393,999138,4303,16.13625,4446,16.6725,8845,19.90125,0
2026-04-08,15:32:03.153393,999169,4304,16.14,4440,16.65,8845,19.90125,0
2026-04-08,15:32:03.153393,999201,4301,16.12875,4445,16.66875,8845,19.90125,0
2026-04-08,15:32:03.153393,999232,4300,16.125,4446,16.6725,8845,19.90125,0
2026-04-08,15:32:03.153393,999264,4299,16.12125,4435,16.63125,8844,19.899,0
2026-04-08,15:32:04.253844,999591,4298,16.1175,4439,16.64625,8845,19.90125,0
2026-04-08,15:32:04.253844,999723,4298,16.1175,4436,16.635,8843,19.89675,0
2026-04-08,15:32:04.253844,999754,4297,16.11375,4437,16.63875,8844,19.899,0
2026-04-08,15:32:04.253844,999786,4301,16.12875,4437,16.63875,8843,19.89675,0
2026-04-08,15:32:04.253844,999818,4297,16.11375,4440,16.65,8843,19.89675,0
2026-04-08,15:32:04.253844,999849,4299,16.12125,4442,16.6575,8843,19.89675,0
2026-04-08,15:32:04.253844,999881,4300,16.125,4440,16.65,8843,19.89675,0
2026-04-08,15:32:04.253844,999912,4298,16.1175,4435,16.63125,8844,19.899,0
2026-04-08,15:32:04.253844,999943,4294,16.1025,4434,16.6275,8843,19.89675,0
2026-04-08,15:32:04.253844,999975,4292,16.095,4438,16.6425,8843,19.89675,0
2026-04-08,15:32:04.253844,1000006,4297,16.11375,4440,16.65,8842,19.8945,0
2026-04-08,15:32:04.253844,1000038,4304,16.14,4437,16.63875,8844,19.899,0
2026-04-08,15:32:04.253844,1000069,4298,16.1175,4436,16.635,8842,19.8945,0
2026-04-08,15:32:04.253844,1000101,4295,16.10625,4440,16.65,8842,19.8945,0
2026-04-08,15:32:04.253844,1000132,4296,16.11,4431,16.61625,8841,19.89225,0
2026-04-08,15:32:04.253844,1000163,4293,16.09875,4441,16.65375,8842,19.8945,0
2026-04-08,15:32:04.253844,1000195,4297,16.11375,4441,16.65375,8842,19.8945,0
2026-04-08,15:32:04.253844,1000226,4291,16.09125,4432,16.62,8843,19.89675,0
2026-04-08,15:32:04.253844,1000257,4289,16.08375,4438,16.6425,8841,19.89225,0
2026-04-08,15:32:04.253844,1000289,4301,16.12875,4437,16.63875,8841,19.89225,0
2026-04-08,15:32:05.457921,1000818,4294,16.1025,4437,16.63875,8838,19.8855,0
2026-04-08,15:32:05.457921,1000950,4299,16.12125,4438,16.6425,8839,19.88775,0
2026-04-08,15:32:05.457921,1000982,4300,16.125,4433,16.62375,8839,19.88775,0
2026-04-08,15:32:05.457921,1001014,4290,16.0875,4428,16.605,8838,19.8855,0
2026-04-08,15:32:05.457921,1001045,4302,16.1325,4439,16.64625,8838,19.8855,0
2026-04-08,15:32:05.457921,1001076,4292,16.095,4436,16.635,8839,19.88775,0
2026-04-08,15:32:05.457921,1001108,4292,16.095,4444,16.665,8839,19.88775,0
2026-04-08,15:32:05.457921,1001139,4296,16.11,4435,16.63125,8838,19.8855,0
2026-04-08,15:32:05.457921,1001171,4302,16.1325,4437,16.63875,8837,19.88325,0
2026-04-08,15:32:05.457921,1001202,4302,16.1325,4440,16.65,8838,19.8855,0
2026-04-08,15:32:05.457921,1001234,4302,16.1325,4440,16.65,8839,19.88775,0
2026-04-08,15:32:05.457921,1001265,4299,16.12125,4439,16.64625,8837,19.88325,0
2026-04-08,15:32:05.457921,1001296,4307,16.15125,4435,16.63125,8839,19.88775,0
2026-04-08,15:32:05.457921,1001328,4292,16.095,4433,16.62375,8838,19.8855,0
2026-04-08,15:32:05.457921,1001359,4289,16.08375,4429,16.60875,8837,19.88325,0
2026-04-08,15:32:05.457921,1001390,4295,16.10625,4432,16.62,8838,19.8855,0
2026-04-08,15:32:05.457921,1001422,4295,16.10625,4430,16.6125,8838,19.8855,0
2026-04-08,15:32:05.457921,1001454,4290,16.0875,4433,16.62375,8837,19.88325,0
2026-04-08,15:32:05.457921,1001485,4294,16.1025,4435,16.63125,8838,19.8855,0
2026-04-08,15:32:05.457921,1001517,4297,16.11375,4436,16.635,8838,19.8855,0
2026-04-08,15:32:06.471463,1001874,4294,16.1025,4433,16.62375,8836,19.881,0
2026-04-08,15:32:06.471463,1002007,4298,16.1175,4446,16.6725,8836,19.881,0
2026-04-08,15:32:06.471463,1002039,4308,16.155,4442,16.6575,8835,19.87875,0
2026-04-08,15:32:06.471463,1002070,4298,16.1175,4439,16.64625,8836,19.881,0
2026-04-08,15:32:06.471463,1002102,4298,16.1175,4438,16.6425,8834,19.8765,0
2026-04-08,15:32:06.471463,1002134,4291,16.09125,4435,16.63125,8834,19.8765,0
2026-04-08,15:32:06.471463,1002165,4293,16.09875,4435,16.63125,8834,19.8765,0
2026-04-08,15:32:06.471463,1002196,4302,16.1325,4431,16.61625,8835,19.87875,0
2026-04-08,15:32:06.471463,1002228,4297,16.11375,4430,16.6125,8835,19.87875,0
2026-04-08,15:32:06.471463,1002259,4299,16.12125,4434,16.6275,8834,19.8765,0
2026-04-08,15:32:06.471463,1002291,4297,16.11375,4431,16.61625,8833,19.87425,0
2026-04-08,15:32:06.471463,1002322,4289,16.08375,4439,16.64625,8833,19.87425,0
2026-04-08,15:32:06.471463,1002354,4296,16.11,4431,16.61625,8833,19.87425,0
2026-04-08,15:32:06.471463,1002385,4298,16.1175,4439,16.64625,8834,19.8765,0
2026-04-08,15:32:06.471463,1002416,4299,16.12125,4432,16.62,8835,19.87875,0
2026-04-08,15:32:06.471463,1002448,4304,16.14,4437,16.63875,8833,19.87425,0
2026-04-08,15:32:06.471463,1002479,4295,16.10625,4431,16.61625,8833,19.87425,0
2026-04-08,15:32:06.471463,1002511,4292,16.095,4431,16.61625,8833,19.87425,0
2026-04-08,15:32:06.471463,1002542,4296,16.11,4439,16.64625,8834,19.8765,0
2026-04-08,15:32:06.471463,1002574,4296,16.11,4440,16.65,8833,19.87425,0
2026-04-08,15:32:07.671511,1002969,4293,16.09875,4430,16.6125,8831,19.86975,0
2026-04-08,15:32:07.671511,1003101,4300,16.125,4431,16.61625,8831,19.86975,0
2026-04-08,15:32:07.671511,1003132,4301,16.12875,4445,16.66875,8831,19.86975,0
2026-04-08,15:32:07.671511,1003164,4290,16.0875,4444,16.665,8832,19.872,0
2026-04-08,15:32:07.671511,1003196,4291,16.09125,4426,16.5975,8832,19.872,0
2026-04-08,15:32:07.671511,1003227,4286,16.0725,4435,16.63125,8832,19.872,0
2026-04-08,15:32:07.671511,1003259,4291,16.09125,4439,16.64625,8831,19.86975,0
2026-04-08,15:32:07.671511,1003290,4292,16.095,4427,16.60125,8831,19.86975,0
2026-04-08,15:32:07.671511,1003321,4293,16.09875,4431,16.61625,8830,19.8675,0
2026-04-08,15:32:07.671511,1003353,4296,16.11,4433,16.62375,8832,19.872,0
2026-04-08,15:32:07.671511,1003384,4286,16.0725,4431,16.61625,8830,19.8675,0
2026-04-08,15:32:07.671511,1003415,4289,16.08375,4431,16.61625,8830,19.8675,0
2026-04-08,15:32:07.671511,1003447,4299,16.12125,4430,16.6125,8832,19.872,0
2026-04-08,15:32:07.671511,1003478,4288,16.08,4426,16.5975,8829,19.86525,0
2026-04-08,15:32:07.671511,1003510,4300,16.125,4432,16.62,8831,19.86975,0
2026-04-08,15:32:07.671511,1003541,4305,16.14375,4434,16.6275,8829,19.86525,0
2026-04-08,15:32:07.671511,1003573,4302,16.1325,4430,16.6125,8830,19.8675,0
2026-04-08,15:32:07.671511,1003604,4297,16.11375,4430,16.6125,8829,19.86525,0
2026-04-08,15:32:07.671511,1003635,4301,16.12875,4426,16.5975,8830,19.8675,0
2026-04-08,15:32:07.671511,1003667,4299,16.12125,4419,16.57125,8828,19.863,0
2026-04-08,15:32:09.044379,1004402,4296,16.11,4432,16.62,8827,19.86075,0
2026-04-08,15:32:09.044379,1004535,4287,16.07625,4431,16.61625,8826,19.8585,0
2026-04-08,15:32:09.044379,1004566,4292,16.095,4429,16.60875,8825,19.85625,0
2026-04-08,15:32:09.044379,1004598,4294,16.1025,4434,16.6275,8826,19.8585,0
2026-04-08,15:32:09.044379,1004629,4294,16.1025,4437,16.63875,8825,19.85625,0
2026-04-08,15:32:09.044379,1004660,4295,16.10625,4432,16.62,8825,19.85625,0
2026-04-08,15:32:09.044379,1004692,4291,16.09125,4423,16.58625,8824,19.854,0
2026-04-08,15:32:09.044379,1004724,4284,16.065,4429,16.60875,8825,19.85625,0
2026-04-08,15:32:09.044379,1004755,4285,16.06875,4437,16.63875,8825,19.85625,0
2026-04-08,15:32:09.044379,1004786,4296,16.11,4429,16.60875,8826,19.8585,0
2026-04-08,15:32:09.044379,1004818,4285,16.06875,4426,16.5975,8824,19.854,0
2026-04-08,15:32:09.044379,1004849,4289,16.08375,4430,16.6125,8824,19.854,0
2026-04-08,15:32:09.044379,1004880,4293,16.09875,4421,16.57875,8824,19.854,0
2026-04-08,15:32:09.044379,1004912,4291,16.09125,4424,16.59,8825,19.85625,0
2026-04-08,15:32:09.044379,1004943,4300,16.125,4430,16.6125,8824,19.854,0
2026-04-08,15:32:09.044379,1004975,4286,16.0725,4428,16.605,8825,19.85625,0
2026-04-08,15:32:09.044379,1005006,4289,16.08375,4427,16.60125,8824,19.854,0
2026-04-08,15:32:09.044379,1005038,4299,16.12125,4428,16.605,8824,19.854,0
2026-04-08,15:32:09.044379,1005069,4299,16.12125,4431,16.61625,8824,19.854,0
2026-04-08,15:32:09.044379,1005101,4294,16.1025,4427,16.60125,8825,19.85625,0
2026-04-08,15:32:10.159539,1005631,4292,16.095,4422,16.5825,8823,19.85175,0
2026-04-08,15:32:10.159539,1005763,4298,16.1175,4419,16.57125,8820,19.845,0
2026-04-08,15:32:10.159539,1005795,4290,16.0875,4420,16.575,8822,19.8495,0
2026-04-08,15:32:10.159539,1005827,4294,16.1025,4427,16.60125,8821,19.84725,0
2026-04-08,15:32:10.159539,1005858,4292,16.095,4427,16.60125,8822,19.8495,0
2026-04-08,15:32:10.159539,1005889,4291,16.09125,4424,16.59,8820,19.845,0
2026-04-08,15:32:10.159539,1005921,4285,16.06875,4427,16.60125,8820,19.845,0
2026-04-08,15:32:10.159539,1005952,4293,16.09875,4427,16.60125,8820,19.845,0
2026-04-08,15:32:10.159539,1005984,4286,16.0725,4425,16.59375,8821,19.84725,0
2026-04-08,15:32:10.159539,1006015,4293,16.09875,4427,16.60125,8821,19.84725,0
2026-04-08,15:32:10.159539,1006047,4294,16.1025,4428,16.605,8820,19.845,0
2026-04-08,15:32:10.159539,1006078,4296,16.11,4433,16.62375,8821,19.84725,0
2026-04-08,15:32:10.159539,1006109,4293,16.09875,4429,16.60875,8820,19.845,0
2026-04-08,15:32:10.159539,1006141,4287,16.07625,4429,16.60875,8820,19.845,0
2026-04-08,15:32:10.159539,1006172,4286,16.0725,4421,16.57875,8820,19.845,0
2026-04-08,15:32:10.159539,1006203,4289,16.08375,4424,16.59,8819,19.84275,0
2026-04-08,15:32:10.159539,1006235,4291,16.09125,4435,16.63125,8821,19.84725,0
2026-04-08,15:32:10.159539,1006266,4295,16.10625,4425,16.59375,8819,19.84275,0
2026-04-08,15:32:10.159539,1006298,4290,16.0875,4428,16.605,8819,19.84275,0
2026-04-08,15:32:10.159539,1006329,4289,16.08375,4425,16.59375,8819,19.84275,0
2026-04-08,15:32:12.546306,1006573,4286,16.0725,4425,16.59375,8817,19.83825,0
2026-04-08,15:32:12.546306,1006704,4282,16.0575,4430,16.6125,8817,19.83825,0
2026-04-08,15:32:12.546306,1006737,4292,16.095,4427,16.60125,8817,19.83825,0
2026-04-08,15:32:12.546306,1006768,4298,16.1175,4431,16.61625,8817,19.83825,0
2026-04-08,15:32:12.546306,1006799,4295,16.10625,4433,16.62375,8816,19.836,0
2026-04-08,15:32:12.546306,1006831,4297,16.11375,4422,16.5825,8818,19.8405,0
2026-04-08,15:32:12.546306,1006864,4285,16.06875,4423,16.58625,8819,19.84275,0
2026-04-08,15:32:12.546306,1006895,4291,16.09125,4431,16.61625,8817,19.83825,0
2026-04-08,15:32:12.546306,1006927,4287,16.07625,4433,16.62375,8817,19.83825,0
2026-04-08,15:32:12.546306,1006958,4293,16.09875,4427,16.60125,8818,19.8405,0
2026-04-08,15:32:12.546306,1006990,4295,16.10625,4428,16.605,8818,19.8405,0
2026-04-08,15:32:12.546306,1007022,4297,16.11375,4421,16.57875,8817,19.83825,0
2026-04-08,15:32:12.546306,1007054,4292,16.095,4420,16.575,8817,19.83825,0
2026-04-08,15:32:12.546306,1007085,4298,16.1175,4427,16.60125,8816,19.836,0
2026-04-08,15:32:12.546306,1007116,4287,16.07625,4426,16.5975,8816,19.836,0
2026-04-08,15:32:12.546306,1007148,4288,16.08,4427,16.60125,8815,19.83375,0
2026-04-08,15:32:12.546306,1007180,4290,16.0875,4428,16.605,8817,19.83825,0
2026-04-08,15:32:12.546306,1007211,4289,16.08375,4423,16.58625,8817,19.83825,0
2026-04-08,15:32:12.546306,1007242,4290,16.0875,4429,16.60875,8816,19.836,0
2026-04-08,15:32:12.546306,1007274,4284,16.065,4424,16.59,8815,19.83375,0
2026-04-08,15:32:13.353059,1008946,4291,16.09125,4422,16.5825,8809,19.82025,0
2026-04-08,15:32:13.353059,1009078,4293,16.09875,4427,16.60125,8811,19.82475,0
2026-04-08,15:32:13.353059,1009111,4290,16.0875,4424,16.59,8810,19.8225,0
2026-04-08,15:32:13.353059,1009142,4286,16.0725,4418,16.5675,8809,19.82025,0
2026-04-08,15:32:13.353059,1009173,4284,16.065,4416,16.56,8810,19.8225,0
2026-04-08,15:32:13.353059,1009205,4285,16.06875,4418,16.5675,8808,19.818,0
2026-04-08,15:32:13.353059,1009236,4288,16.08,4419,16.57125,8809,19.82025,0
2026-04-08,15:32:13.353059,1009268,4283,16.06125,4414,16.5525,8808,19.818,0
2026-04-08,15:32:13.353059,1009299,4285,16.06875,4417,16.56375,8808,19.818,0
2026-04-08,15:32:13.353059,1009331,4289,16.08375,4424,16.59,8809,19.82025,0
2026-04-08,15:32:13.353059,1009362,4295,16.10625,4420,16.575,8809,19.82025,0
2026-04-08,15:32:13.353059,1009393,4286,16.0725,4420,16.575,8808,19.818,0
2026-04-08,15:32:13.353059,1009425,4279,16.04625,4424,16.59,8808,19.818,0
2026-04-08,15:32:13.353059,1009456,4288,16.08,4424,16.59,8807,19.81575,0
2026-04-08,15:32:13.353059,1009487,4278,16.0425,4416,16.56,8809,19.82025,0
2026-04-08,15:32:13.353059,1009519,4277,16.03875,4425,16.59375,8808,19.818,0
2026-04-08,15:32:13.353059,1009550,4278,16.0425,4419,16.57125,8807,19.81575,0
2026-04-08,15:32:13.353059,1009582,4281,16.05375,4416,16.56,8808,19.818,0
2026-04-08,15:32:13.353059,1009613,4274,16.0275,4422,16.5825,8807,19.81575,0
2026-04-08,15:32:13.353059,1009645,4277,16.03875,4424,16.59,8808,19.818,0
2026-04-08,15:32:14.258198,1009768,4288,16.08,4423,16.58625,8806,19.8135,0
2026-04-08,15:32:14.258198,1009901,4279,16.04625,4421,16.57875,8806,19.8135,0
2026-04-08,15:32:14.258198,1009932,4281,16.05375,4421,16.57875,8805,19.81125,0
2026-04-08,15:32:14.258198,1009964,4274,16.0275,4421,16.57875,8807,19.81575,0
2026-04-08,15:32:14.258198,1009995,4284,16.065,4420,16.575,8806,19.8135,0
2026-04-08,15:32:14.258198,1010027,4277,16.03875,4417,16.56375,8805,19.81125,0
2026-04-08,15:32:14.258198,1010058,4277,16.03875,4417,16.56375,8805,19.81125,0
2026-04-08,15:32:14.258198,1010090,4284,16.065,4423,16.58625,8805,19.81125,0
2026-04-08,15:32:14.258198,1010121,4283,16.06125,4417,16.56375,8805,19.81125,0
2026-04-08,15:32:14.258198,1010153,4278,16.0425,4420,16.575,8805,19.81125,0
2026-04-08,15:32:14.258198,1010184,4289,16.08375,4421,16.57875,8805,19.81125,0
2026-04-08,15:32:14.258198,1010216,4287,16.07625,4420,16.575,8804,19.809,0
2026-04-08,15:32:14.258198,1010247,4283,16.06125,4419,16.57125,8805,19.81125,0
2026-04-08,15:32:14.258198,1010278,4281,16.05375,4419,16.57125,8804,19.809,0
2026-04-08,15:32:14.258198,1010309,4275,16.03125,4420,16.575,8805,19.81125,0
2026-04-08,15:32:14.258198,1010341,4284,16.065,4416,16.56,8805,19.81125,0
2026-04-08,15:32:14.258198,1010373,4281,16.05375,4417,16.56375,8803,19.80675,0
2026-04-08,15:32:14.258198,1010404,4272,16.02,4425,16.59375,8803,19.80675,0
2026-04-08,15:32:14.258198,1010435,4282,16.0575,4420,16.575,8804,19.809,0
2026-04-08,15:32:14.258198,1010467,4284,16.065,4419,16.57125,8806,19.8135,0
2026-04-08,15:32:15.172370,1010653,4278,16.0425,4425,16.59375,8803,19.80675,0
2026-04-08,15:32:15.172370,1010786,4284,16.065,4428,16.605,8804,19.809,0
2026-04-08,15:32:15.172370,1010817,4284,16.065,4422,16.5825,8804,19.809,0
2026-04-08,15:32:15.172370,1010849,4281,16.05375,4414,16.5525,8804,19.809,0
2026-04-08,15:32:15.172370,1010880,4278,16.0425,4415,16.55625,8803,19.80675,0
2026-04-08,15:32:15.172370,1010911,4281,16.05375,4420,16.575,8802,19.8045,0
2026-04-08,15:32:15.172370,1010943,4284,16.065,4424,16.59,8802,19.8045,0
2026-04-08,15:32:15.172370,1010974,4283,16.06125,4420,16.575,8802,19.8045,0
2026-04-08,15:32:15.172370,1011006,4284,16.065,4418,16.5675,8801,19.80225,0
2026-04-08,15:32:15.172370,1011037,4282,16.0575,4426,16.5975,8801,19.80225,0
2026-04-08,15:32:15.172370,1011069,4279,16.04625,4426,16.5975,8802,19.8045,0
2026-04-08,15:32:15.172370,1011100,4282,16.0575,4422,16.5825,8801,19.80225,0
2026-04-08,15:32:15.172370,1011132,4267,16.00125,4416,16.56,8801,19.80225,0
2026-04-08,15:32:15.172370,1011163,4286,16.0725,4420,16.575,8801,19.80225,0
2026-04-08,15:32:15.172370,1011194,4284,16.065,4418,16.5675,8800,19.8,0
2026-04-08,15:32:15.172370,1011226,4284,16.065,4418,16.5675,8801,19.80225,0
2026-04-08,15:32:15.172370,1011257,4278,16.0425,4420,16.575,8801,19.80225,0
2026-04-08,15:32:15.172370,1011289,4277,16.03875,4414,16.5525,8801,19.80225,0
2026-04-08,15:32:15.172370,1011320,4276,16.035,4415,16.55625,8800,19.8,0
2026-04-08,15:32:15.172370,1011352,4282,16.0575,4418,16.5675,8801,19.80225,0
2026-04-08,15:32:16.018177,1011570,4282,16.0575,4421,16.57875,8800,19.8,0
2026-04-08,15:32:16.018177,1011702,4282,16.0575,4424,16.59,8800,19.8,0
2026-04-08,15:32:16.018177,1011733,4277,16.03875,4418,16.5675,8799,19.79775,0
2026-04-08,15:32:16.018177,1011765,4279,16.04625,4422,16.5825,8799,19.79775,0
2026-04-08,15:32:16.018177,1011796,4278,16.0425,4422,16.5825,8800,19.8,0
2026-04-08,15:32:16.018177,1011828,4275,16.03125,4422,16.5825,8799,19.79775,0
2026-04-08,15:32:16.018177,1011859,4280,16.05,4413,16.54875,8798,19.7955,0
2026-04-08,15:32:16.018177,1011891,4278,16.0425,4420,16.575,8799,19.79775,0
2026-04-08,15:32:16.018177,1011922,4287,16.07625,4414,16.5525,8798,19.7955,0
2026-04-08,15:32:16.018177,1011954,4279,16.04625,4415,16.55625,8799,19.79775,0
2026-04-08,15:32:16.018177,1011985,4283,16.06125,4420,16.575,8798,19.7955,0
2026-04-08,15:32:16.018177,1012016,4285,16.06875,4417,16.56375,8798,19.7955,0
2026-04-08,15:32:16.018177,1012047,4280,16.05,4423,16.58625,8799,19.79775,0
2026-04-08,15:32:16.018177,1012079,4267,16.00125,4418,16.5675,8799,19.79775,0
2026-04-08,15:32:16.018177,1012111,4280,16.05,4418,16.5675,8798,19.7955,0
2026-04-08,15:32:16.018177,1012142,4275,16.03125,4418,16.5675,8799,19.79775,0
2026-04-08,15:32:16.018177,1012174,4274,16.0275,4410,16.5375,8797,19.79325,0
2026-04-08,15:32:16.018177,1012205,4280,16.05,4423,16.58625,8797,19.79325,0
2026-04-08,15:32:16.018177,1012236,4277,16.03875,4417,16.56375,8799,19.79775,0
2026-04-08,15:32:16.018177,1012268,4282,16.0575,4419,16.57125,8798,19.7955,0
2026-04-08,15:32:19.593741,1012415,4279,16.04625,4413,16.54875,8796,19.791,0
2026-04-08,15:32:19.593741,1012546,4274,16.0275,4419,16.57125,8796,19.791,0
2026-04-08,15:32:19.593741,1012578,4273,16.02375,4422,16.5825,8795,19.78875,0
2026-04-08,15:32:19.593741,1012609,4278,16.0425,4427,16.60125,8796,19.791,0
2026-04-08,15:32:19.593741,1012641,4283,16.06125,4412,16.545,8796,19.791,0
2026-04-08,15:32:19.593741,1012672,4278,16.0425,4419,16.57125,8795,19.78875,0
2026-04-08,15:32:19.593741,1012704,4285,16.06875,4422,16.5825,8797,19.79325,0
2026-04-08,15:32:19.593741,1012735,4280,16.05,4417,16.56375,8794,19.7865,0
2026-04-08,15:32:19.593741,1012766,4276,16.035,4414,16.5525,8795,19.78875,0
2026-04-08,15:32:19.593741,1012798,4279,16.04625,4411,16.54125,8795,19.78875,0
2026-04-08,15:32:19.593741,1012829,4277,16.03875,4420,16.575,8795,19.78875,0
2026-04-08,15:32:19.593741,1012860,4277,16.03875,4416,16.56,8795,19.78875,0
2026-04-08,15:32:19.593741,1012892,4272,16.02,4419,16.57125,8794,19.7865,0
2026-04-08,15:32:19.593741,1012923,4273,16.02375,4414,16.5525,8793,19.78425,0
2026-04-08,15:32:19.593741,1012955,4280,16.05,4417,16.56375,8795,19.78875,0
2026-04-08,15:32:19.593741,1012986,4278,16.0425,4422,16.5825,8793,19.78425,0
2026-04-08,15:32:19.593741,1013018,4277,16.03875,4415,16.55625,8795,19.78875,0
2026-04-08,15:32:19.593741,1013049,4277,16.03875,4417,16.56375,8795,19.78875,0
2026-04-08,15:32:19.593741,1013081,4271,16.01625,4413,16.54875,8794,19.7865,0
2026-04-08,15:32:19.593741,1013112,4273,16.02375,4419,16.57125,8795,19.78875,0
