Date,Time,time_passed_since_start,ADS Reading 1,Current 1,ADS Reading 2,Current 2,ADS Reading 3,Volts 1,Lost Data
2026-04-08,15:17:58.624837,154283,-33,-0.12375,13,0.04875,21170,47.6325,261
2026-04-08,15:17:58.624837,154314,-29,-0.10875,23,0.08625,21172,47.637,0
2026-04-08,15:17:58.624837,154346,-35,-0.13125,21,0.07875,21172,47.637,0
2026-04-08,15:17:58.624837,154378,-29,-0.10875,6,0.0225,21172,47.637,0
2026-04-08,15:17:58.624837,154409,-31,-0.11625,11,0.04125,21171,47.63475,0
2026-04-08,15:17:58.624837,154440,-28,-0.105,10,0.0375,21173,47.63925,0
2026-04-08,15:17:58.624837,154472,-38,-0.1425,12,0.045,21173,47.63925,0
2026-04-08,15:17:58.624837,154503,-33,-0.12375,6,0.0225,21172,47.637,0
2026-04-08,15:17:58.624837,154535,-31,-0.11625,21,0.07875,21172,47.637,0
2026-04-08,15:17:58.624837,154566,-33,-0.12375,20,0.075,21171,47.63475,0
2026-04-08,15:17:58.624837,154598,-36,-0.135,20,0.075,21172,47.637,0
2026-04-08,15:17:58.624837,154629,-30,-0.1125,12,0.045,21173,47.63925,0
2026-04-08,15:17:58.624837,154661,-32,-0.12,16,0.06,21172,47.637,0
2026-04-08,15:17:58.624837,154692,-35,-0.13125,11,0.04125,21173,47.63925,0
2026-04-08,15:17:58.624837,154723,-29,-0.10875,13,0.04875,21170,47.6325,0
2026-04-08,15:17:58.624837,154755,-28,-0.105,15,0.05625,21171,47.63475,0
2026-04-08,15:17:58.624837,154786,-28,-0.105,11,0.04125,21173,47.63925,0
2026-04-08,15:17:58.624837,154817,-25,-0.09375,16,0.06,21172,47.637,0
2026-04-08,15:17:58.624837,154849,-34,-0.1275,13,0.04875,21171,47.63475,0
2026-04-08,15:17:58.624837,154881,-27,-0.10125,12,0.045,21172,47.637,0
2026-04-08,15:17:59.441220,154983,-17,-0.06375,15,0.05625,21172,47.637,0
2026-04-08,15:17:59.441220,155112,-31,-0.11625,16,0.06,21171,47.63475,0
2026-04-08,15:17:59.441220,155145,-33,-0.12375,19,0.07125,21170,47.6325,0
2026-04-08,15:17:59.441220,155177,-30,-0.1125,15,0.05625,21172,47.637,0
2026-04-08,15:17:59.441220,155208,-33,-0.12375,19,0.07125,21171,47.63475,0
2026-04-08,15:17:59.441220,155240,-32,-0.12,24,0.09,21172,47.637,0
2026-04-08,15:17:59.441220,155272,-31,-0.11625,14,0.0525,21172,47.637,0
2026-04-08,15:17:59.441220,155304,-28,-0.105,15,0.05625,21172,47.637,0
2026-04-08,15:17:59.441220,155335,-37,-0.13875,8,0.03,21173,47.63925,0
2026-04-08,15:17:59.441220,155367,-30,-0.1125,10,0.0375,21171,47.63475,0
2026-04-08,15:17:59.441220,155398,-35,-0.13125,22,0.0825,21173,47.63925,0
2026-04-08,15:17:59.441220,155430,-31,-0.11625,13,0.04875,21173,47.63925,0
2026-04-08,15:17:59.441220,155462,-29,-0.10875,10,0.0375,21172,47.637,0
2026-04-08,15:17:59.441220,155494,-31,-0.11625,11,0.04125,21172,47.637,0
2026-04-08,15:17:59.441220,155525,-29,-0.10875,14,0.0525,21172,47.637,0
2026-04-08,15:17:59.441220,155557,-21,-0.07875,10,0.0375,21173,47.63925,0
2026-04-08,15:17:59.441220,155588,-32,-0.12,19,0.07125,21174,47.6415,0
2026-04-08,15:17:59.441220,155619,-32,-0.12,7,0.02625,21173,47.63925,0
2026-04-08,15:17:59.441220,155651,-30,-0.1125,16,0.06,21172,47.637,0
2026-04-08,15:17:59.441220,155682,-32,-0.12,18,0.0675,21171,47.63475,0
2026-04-08,15:18:00.265655,155803,-37,-0.13875,19,0.07125,21172,47.637,0
2026-04-08,15:18:00.265655,155932,-38,-0.1425,15,0.05625,21171,47.63475,0
2026-04-08,15:18:00.265655,155964,-37,-0.13875,16,0.06,21171,47.63475,0
2026-04-08,15:18:00.265655,155996,-34,-0.1275,17,0.06375,21172,47.637,0
2026-04-08,15:18:00.265655,156027,-36,-0.135,15,0.05625,21172,47.637,0
2026-04-08,15:18:00.265655,156059,-33,-0.12375,13,0.04875,21172,47.637,0
2026-04-08,15:18:00.265655,156091,-31,-0.11625,9,0.03375,21172,47.637,0
2026-04-08,15:18:00.265655,156122,-31,-0.11625,14,0.0525,21171,47.63475,0
2026-04-08,15:18:00.265655,156153,-38,-0.1425,14,0.0525,21173,47.63925,0
2026-04-08,15:18:00.265655,156185,-38,-0.1425,17,0.06375,21172,47.637,0
2026-04-08,15:18:00.265655,156216,-35,-0.13125,10,0.0375,21172,47.637,0
2026-04-08,15:18:00.265655,156247,-28,-0.105,9,0.03375,21172,47.637,0
2026-04-08,15:18:00.265655,156279,-34,-0.1275,12,0.045,21171,47.63475,0
2026-04-08,15:18:00.265655,156310,-34,-0.1275,17,0.06375,21173,47.63925,0
2026-04-08,15:18:00.265655,156342,-39,-0.14625,14,0.0525,21171,47.63475,0
2026-04-08,15:18:00.265655,156373,-30,-0.1125,16,0.06,21173,47.63925,0
2026-04-08,15:18:00.265655,156405,-36,-0.135,12,0.045,21171,47.63475,0
2026-04-08,15:18:00.265655,156436,-38,-0.1425,13,0.04875,21172,47.637,0
2026-04-08,15:18:00.265655,156468,-25,-0.09375,6,0.0225,21173,47.63925,0
2026-04-08,15:18:00.265655,156499,-25,-0.09375,11,0.04125,21172,47.637,0
2026-04-08,15:18:01.090159,156622,-33,-0.12375,12,0.045,21171,47.63475,0
2026-04-08,15:18:01.090159,156751,-30,-0.1125,12,0.045,21173,47.63925,0
2026-04-08,15:18:01.090159,156784,-29,-0.10875,17,0.06375,21172,47.637,0
2026-04-08,15:18:01.090159,156815,-27,-0.10125,17,0.06375,21170,47.6325,0
2026-04-08,15:18:01.090159,156846,-26,-0.0975,16,0.06,21172,47.637,0
2026-04-08,15:18:01.090159,156878,-29,-0.10875,9,0.03375,21173,47.63925,0
2026-04-08,15:18:01.090159,156910,-26,-0.0975,9,0.03375,21172,47.637,0
2026-04-08,15:18:01.090159,156941,-27,-0.10125,14,0.0525,21172,47.637,0
2026-04-08,15:18:01.090159,156972,-28,-0.105,16,0.06,21172,47.637,0
2026-04-08,15:18:01.090159,157004,-30,-0.1125,8,0.03,21172,47.637,0
2026-04-08,15:18:01.090159,157035,-24,-0.09,9,0.03375,21171,47.63475,0
2026-04-08,15:18:01.090159,157066,-31,-0.11625,19,0.07125,21173,47.63925,0
2026-04-08,15:18:01.090159,157098,-24,-0.09,14,0.0525,21173,47.63925,0
2026-04-08,15:18:01.090159,157129,-24,-0.09,14,0.0525,21172,47.637,0
2026-04-08,15:18:01.090159,157161,-28,-0.105,18,0.0675,21172,47.637,0
2026-04-08,15:18:01.090159,157192,-25,-0.09375,7,0.02625,21173,47.63925,0
2026-04-08,15:18:01.090159,157224,-27,-0.10125,8,0.03,21172,47.637,0
2026-04-08,15:18:01.090159,157255,-28,-0.105,10,0.0375,21172,47.637,0
2026-04-08,15:18:01.090159,157287,-22,-0.0825,9,0.03375,21173,47.63925,0
2026-04-08,15:18:01.090159,157318,-27,-0.10125,6,0.0225,21172,47.637,0
2026-04-08,15:18:01.998560,157523,-29,-0.10875,7,0.02625,21171,47.63475,0
2026-04-08,15:18:01.998560,157651,-29,-0.10875,7,0.02625,21172,47.637,0
2026-04-08,15:18:01.998560,157682,-36,-0.135,14,0.0525,21172,47.637,0
2026-04-08,15:18:01.998560,157714,-33,-0.12375,13,0.04875,21172,47.637,0
2026-04-08,15:18:01.998560,157745,-35,-0.13125,8,0.03,21171,47.63475,0
2026-04-08,15:18:01.998560,157777,-26,-0.0975,7,0.02625,21172,47.637,0
2026-04-08,15:18:01.998560,157808,-24,-0.09,7,0.02625,21173,47.63925,0
2026-04-08,15:18:01.998560,157840,-29,-0.10875,13,0.04875,21172,47.637,0
2026-04-08,15:18:01.998560,157871,-27,-0.10125,10,0.0375,21173,47.63925,0
2026-04-08,15:18:01.998560,157903,-32,-0.12,11,0.04125,21173,47.63925,0
2026-04-08,15:18:01.998560,157934,-31,-0.11625,16,0.06,21174,47.6415,0
2026-04-08,15:18:01.998560,157965,-26,-0.0975,20,0.075,21173,47.63925,0
2026-04-08,15:18:01.998560,157997,-31,-0.11625,8,0.03,21173,47.63925,0
2026-04-08,15:18:01.998560,158028,-29,-0.10875,7,0.02625,21172,47.637,0
2026-04-08,15:18:01.998560,158060,-34,-0.1275,15,0.05625,21173,47.63925,0
2026-04-08,15:18:01.998560,158091,-31,-0.11625,21,0.07875,21173,47.63925,0
2026-04-08,15:18:01.998560,158123,-35,-0.13125,14,0.0525,21172,47.637,0
2026-04-08,15:18:01.998560,158154,-28,-0.105,15,0.05625,21171,47.63475,0
2026-04-08,15:18:01.998560,158185,-27,-0.10125,13,0.04875,21172,47.637,0
2026-04-08,15:18:01.998560,158217,-30,-0.1125,9,0.03375,21173,47.63925,0
2026-04-08,15:18:02.814938,158359,-30,-0.1125,14,0.0525,21171,47.63475,0
2026-04-08,15:18:02.814938,158488,-31,-0.11625,13,0.04875,21170,47.6325,0
2026-04-08,15:18:02.814938,158520,-29,-0.10875,10,0.0375,21172,47.637,0
2026-04-08,15:18:02.814938,158552,-31,-0.11625,16,0.06,21172,47.637,0
2026-04-08,15:18:02.814938,158583,-26,-0.0975,18,0.0675,21174,47.6415,0
2026-04-08,15:18:02.814938,158614,-20,-0.075,15,0.05625,21172,47.637,0
2026-04-08,15:18:02.814938,158646,-23,-0.08625,15,0.05625,21171,47.63475,0
2026-04-08,15:18:02.814938,158678,-21,-0.07875,23,0.08625,21173,47.63925,0
2026-04-08,15:18:02.814938,158709,-29,-0.10875,21,0.07875,21171,47.63475,0
2026-04-08,15:18:02.814938,158740,-25,-0.09375,16,0.06,21173,47.63925,0
2026-04-08,15:18:02.814938,158772,-23,-0.08625,11,0.04125,21171,47.63475,0
2026-04-08,15:18:02.814938,158803,-30,-0.1125,20,0.075,21173,47.63925,0
2026-04-08,15:18:02.814938,158835,-40,-0.15,15,0.05625,21172,47.637,0
2026-04-08,15:18:02.814938,158866,-29,-0.10875,9,0.03375,21173,47.63925,0
2026-04-08,15:18:02.814938,158897,-34,-0.1275,14,0.0525,21171,47.63475,0
2026-04-08,15:18:02.814938,158929,-23,-0.08625,14,0.0525,21173,47.63925,0
2026-04-08,15:18:02.814938,158960,-29,-0.10875,14,0.0525,21171,47.63475,0
2026-04-08,15:18:02.814938,158992,-23,-0.08625,18,0.0675,21173,47.63925,0
2026-04-08,15:18:02.814938,159023,-25,-0.09375,20,0.075,21171,47.63475,0
2026-04-08,15:18:02.814938,159055,-21,-0.07875,16,0.06,21172,47.637,0
2026-04-08,15:18:03.736758,159175,-25,-0.09375,8,0.03,21172,47.637,0
2026-04-08,15:18:03.736758,159303,-35,-0.13125,10,0.0375,21172,47.637,0
2026-04-08,15:18:03.736758,159335,-28,-0.105,9,0.03375,21172,47.637,0
2026-04-08,15:18:03.736758,159367,-34,-0.1275,15,0.05625,21171,47.63475,0
2026-04-08,15:18:03.736758,159399,-25,-0.09375,13,0.04875,21172,47.637,0
2026-04-08,15:18:03.736758,159430,-27,-0.10125,8,0.03,21171,47.63475,0
2026-04-08,15:18:03.736758,159462,-25,-0.09375,14,0.0525,21173,47.63925,0
2026-04-08,15:18:03.736758,159493,-32,-0.12,11,0.04125,21173,47.63925,0
2026-04-08,15:18:03.736758,159524,-37,-0.13875,16,0.06,21172,47.637,0
2026-04-08,15:18:03.736758,159556,-33,-0.12375,18,0.0675,21171,47.63475,0
2026-04-08,15:18:03.736758,159588,-32,-0.12,15,0.05625,21173,47.63925,0
2026-04-08,15:18:03.736758,159619,-32,-0.12,24,0.09,21173,47.63925,0
2026-04-08,15:18:03.736758,159650,-29,-0.10875,16,0.06,21172,47.637,0
2026-04-08,15:18:03.736758,159682,-26,-0.0975,18,0.0675,21173,47.63925,0
2026-04-08,15:18:03.736758,159713,-24,-0.09,14,0.0525,21173,47.63925,0
2026-04-08,15:18:03.736758,159745,-24,-0.09,16,0.06,21172,47.637,0
2026-04-08,15:18:03.736758,159776,-23,-0.08625,15,0.05625,21172,47.637,0
2026-04-08,15:18:03.736758,159807,-23,-0.08625,12,0.045,21173,47.63925,0
2026-04-08,15:18:03.736758,159839,-23,-0.08625,13,0.04875,21173,47.63925,0
2026-04-08,15:18:03.736758,159870,-27,-0.10125,16,0.06,21172,47.637,0
2026-04-08,15:18:04.654005,160097,-29,-0.10875,20,0.075,21172,47.637,0
2026-04-08,15:18:04.654005,160226,-23,-0.08625,7,0.02625,21171,47.63475,0
2026-04-08,15:18:04.654005,160258,-25,-0.09375,16,0.06,21172,47.637,0
2026-04-08,15:18:04.654005,160290,-31,-0.11625,8,0.03,21171,47.63475,0
2026-04-08,15:18:04.654005,160321,-32,-0.12,9,0.03375,21171,47.63475,0
2026-04-08,15:18:04.654005,160352,-32,-0.12,12,0.045,21173,47.63925,0
2026-04-08,15:18:04.654005,160384,-25,-0.09375,10,0.0375,21172,47.637,0
2026-04-08,15:18:04.654005,160416,-25,-0.09375,19,0.07125,21172,47.637,0
2026-04-08,15:18:04.654005,160447,-24,-0.09,16,0.06,21173,47.63925,0
2026-04-08,15:18:04.654005,160479,-26,-0.0975,8,0.03,21173,47.63925,0
2026-04-08,15:18:04.654005,160510,-29,-0.10875,9,0.03375,21171,47.63475,0
2026-04-08,15:18:04.654005,160541,-29,-0.10875,13,0.04875,21171,47.63475,0
2026-04-08,15:18:04.654005,160573,-31,-0.11625,7,0.02625,21173,47.63925,0
2026-04-08,15:18:04.654005,160604,-26,-0.0975,19,0.07125,21172,47.637,0
2026-04-08,15:18:04.654005,160635,-29,-0.10875,19,0.07125,21172,47.637,0
2026-04-08,15:18:04.654005,160667,-32,-0.12,14,0.0525,21171,47.63475,0
2026-04-08,15:18:04.654005,160699,-24,-0.09,14,0.0525,21172,47.637,0
2026-04-08,15:18:04.654005,160730,-30,-0.1125,15,0.05625,21172,47.637,0
2026-04-08,15:18:04.654005,160761,-29,-0.10875,13,0.04875,21173,47.63925,0
2026-04-08,15:18:04.654005,160793,-31,-0.11625,14,0.0525,21174,47.6415,0
2026-04-08,15:18:05.581146,161012,-39,-0.14625,21,0.07875,21171,47.63475,0
2026-04-08,15:18:05.581146,161141,-23,-0.08625,19,0.07125,21173,47.63925,0
2026-04-08,15:18:05.581146,161173,-22,-0.0825,10,0.0375,21174,47.6415,0
2026-04-08,15:18:05.581146,161205,-31,-0.11625,19,0.07125,21172,47.637,0
2026-04-08,15:18:05.581146,161236,-33,-0.12375,19,0.07125,21173,47.63925,0
2026-04-08,15:18:05.581146,161268,-27,-0.10125,24,0.09,21172,47.637,0
2026-04-08,15:18:05.581146,161299,-27,-0.10125,22,0.0825,21173,47.63925,0
2026-04-08,15:18:05.581146,161331,-27,-0.10125,18,0.0675,21172,47.637,0
2026-04-08,15:18:05.581146,161362,-25,-0.09375,23,0.08625,21173,47.63925,0
2026-04-08,15:18:05.581146,161393,-31,-0.11625,21,0.07875,21172,47.637,0
2026-04-08,15:18:05.581146,161425,-36,-0.135,18,0.0675,21173,47.63925,0
2026-04-08,15:18:05.581146,161456,-34,-0.1275,10,0.0375,21172,47.637,0
2026-04-08,15:18:05.581146,161488,-36,-0.135,15,0.05625,21173,47.63925,0
2026-04-08,15:18:05.581146,161519,-36,-0.135,10,0.0375,21173,47.63925,0
2026-04-08,15:18:05.581146,161550,-26,-0.0975,9,0.03375,21172,47.637,0
2026-04-08,15:18:05.581146,161582,-34,-0.1275,1,0.00375,21172,47.637,0
2026-04-08,15:18:05.581146,161613,-26,-0.0975,11,0.04125,21173,47.63925,0
2026-04-08,15:18:05.581146,161645,-38,-0.1425,5,0.01875,21173,47.63925,0
2026-04-08,15:18:05.581146,161676,-32,-0.12,14,0.0525,21172,47.637,0
2026-04-08,15:18:05.581146,161708,-36,-0.135,17,0.06375,21172,47.637,0
2026-04-08,15:18:08.765913,161943,-30,-0.1125,19,0.07125,21173,47.63925,0
2026-04-08,15:18:08.765913,162072,-39,-0.14625,22,0.0825,21172,47.637,0
2026-04-08,15:18:08.765913,162105,-35,-0.13125,8,0.03,21172,47.637,0
2026-04-08,15:18:08.765913,162136,-34,-0.1275,14,0.0525,21172,47.637,0
2026-04-08,15:18:08.765913,162168,-35,-0.13125,17,0.06375,21173,47.63925,0
2026-04-08,15:18:08.765913,162199,-33,-0.12375,13,0.04875,21172,47.637,0
2026-04-08,15:18:08.765913,162230,-22,-0.0825,14,0.0525,21172,47.637,0
2026-04-08,15:18:08.765913,162262,-28,-0.105,17,0.06375,21171,47.63475,0
2026-04-08,15:18:08.765913,162293,-22,-0.0825,10,0.0375,21173,47.63925,0
2026-04-08,15:18:08.765913,162325,-23,-0.08625,14,0.0525,21173,47.63925,0
2026-04-08,15:18:08.765913,162356,-31,-0.11625,22,0.0825,21171,47.63475,0
2026-04-08,15:18:08.765913,162387,-30,-0.1125,15,0.05625,21171,47.63475,0
2026-04-08,15:18:08.765913,162419,-29,-0.10875,14,0.0525,21172,47.637,0
2026-04-08,15:18:08.765913,162450,-31,-0.11625,17,0.06375,21171,47.63475,0
2026-04-08,15:18:08.765913,162482,-22,-0.0825,16,0.06,21172,47.637,0
2026-04-08,15:18:08.765913,162513,-22,-0.0825,17,0.06375,21172,47.637,0
2026-04-08,15:18:08.765913,162545,-28,-0.105,19,0.07125,21172,47.637,0
2026-04-08,15:18:08.765913,162576,-32,-0.12,18,0.0675,21172,47.637,0
2026-04-08,15:18:08.765913,162607,-32,-0.12,23,0.08625,21173,47.63925,0
2026-04-08,15:18:08.765913,162639,-26,-0.0975,18,0.0675,21172,47.637,0
2026-04-08,15:18:08.765913,164082,-33,-0.12375,11,0.04125,21172,47.637,0
2026-04-08,15:18:08.765913,164211,-35,-0.13125,14,0.0525,21171,47.63475,0
2026-04-08,15:18:08.765913,164242,-27,-0.10125,6,0.0225,21172,47.637,0
2026-04-08,15:18:08.765913,164274,-35,-0.13125,15,0.05625,21172,47.637,0
2026-04-08,15:18:08.765913,164306,-41,-0.15375,6,0.0225,21172,47.637,0
2026-04-08,15:18:08.765913,164337,-29,-0.10875,17,0.06375,21173,47.63925,0
2026-04-08,15:18:08.765913,164369,-29,-0.10875,15,0.05625,21173,47.63925,0
2026-04-08,15:18:08.765913,164400,-32,-0.12,16,0.06,21173,47.63925,0
2026-04-08,15:18:08.765913,164431,-25,-0.09375,7,0.02625,21172,47.637,0
2026-04-08,15:18:08.765913,164463,-29,-0.10875,12,0.045,21173,47.63925,0
2026-04-08,15:18:08.765913,164494,-32,-0.12,4,0.015,21172,47.637,0
2026-04-08,15:18:08.765913,164526,-29,-0.10875,17,0.06375,21172,47.637,0
2026-04-08,15:18:08.765913,164557,-30,-0.1125,15,0.05625,21172,47.637,0
2026-04-08,15:18:08.765913,164589,-34,-0.1275,22,0.0825,21173,47.63925,0
2026-04-08,15:18:08.765913,164620,-28,-0.105,19,0.07125,21172,47.637,0
2026-04-08,15:18:08.765913,164651,-32,-0.12,14,0.0525,21173,47.63925,0
2026-04-08,15:18:08.765913,164683,-28,-0.105,17,0.06375,21172,47.637,0
2026-04-08,15:18:08.765913,164714,-29,-0.10875,11,0.04125,21171,47.63475,0
2026-04-08,15:18:08.765913,164746,-27,-0.10125,13,0.04875,21172,47.637,0
2026-04-08,15:18:08.765913,164777,-31,-0.11625,14,0.0525,21172,47.637,0
2026-04-08,15:18:09.575132,165131,-24,-0.09,14,0.0525,21173,47.63925,0
2026-04-08,15:18:09.575132,165260,-28,-0.105,18,0.0675,21172,47.637,0
2026-04-08,15:18:09.575132,165293,-24,-0.09,16,0.06,21172,47.637,0
2026-04-08,15:18:09.575132,165324,-27,-0.10125,18,0.0675,21172,47.637,0
2026-04-08,15:18:09.575132,165355,-28,-0.105,18,0.0675,21174,47.6415,0
2026-04-08,15:18:09.575132,165387,-24,-0.09,11,0.04125,21173,47.63925,0
2026-04-08,15:18:09.575132,165419,-30,-0.1125,21,0.07875,21171,47.63475,0
2026-04-08,15:18:09.575132,165450,-31,-0.11625,19,0.07125,21173,47.63925,0
2026-04-08,15:18:09.575132,165482,-37,-0.13875,16,0.06,21172,47.637,0
2026-04-08,15:18:09.575132,165513,-36,-0.135,11,0.04125,21172,47.637,0
2026-04-08,15:18:09.575132,165544,-34,-0.1275,11,0.04125,21172,47.637,0
2026-04-08,15:18:09.575132,165576,-27,-0.10125,14,0.0525,21172,47.637,0
2026-04-08,15:18:09.575132,165607,-26,-0.0975,12,0.045,21173,47.63925,0
2026-04-08,15:18:09.575132,165639,-32,-0.12,16,0.06,21172,47.637,0
2026-04-08,15:18:09.575132,165670,-31,-0.11625,11,0.04125,21172,47.637,0
2026-04-08,15:18:09.575132,165702,-36,-0.135,20,0.075,21173,47.63925,0
2026-04-08,15:18:09.575132,165733,-26,-0.0975,21,0.07875,21170,47.6325,0
2026-04-08,15:18:09.575132,165764,-25,-0.09375,13,0.04875,21173,47.63925,0
2026-04-08,15:18:09.575132,165796,-25,-0.09375,13,0.04875,21171,47.63475,0
2026-04-08,15:18:09.575132,165827,-35,-0.13125,18,0.0675,21173,47.63925,0
2026-04-08,15:18:10.396861,165937,-26,-0.0975,13,0.04875,21173,47.63925,0
2026-04-08,15:18:10.396861,166065,-29,-0.10875,18,0.0675,21171,47.63475,0
2026-04-08,15:18:10.396861,166097,-34,-0.1275,14,0.0525,21170,47.6325,0
2026-04-08,15:18:10.396861,166129,-35,-0.13125,20,0.075,21171,47.63475,0
2026-04-08,15:18:10.396861,166160,-34,-0.1275,15,0.05625,21171,47.63475,0
2026-04-08,15:18:10.396861,166191,-31,-0.11625,13,0.04875,21172,47.637,0
2026-04-08,15:18:10.396861,166223,-31,-0.11625,14,0.0525,21172,47.637,0
2026-04-08,15:18:10.396861,166254,-29,-0.10875,13,0.04875,21173,47.63925,0
2026-04-08,15:18:10.396861,166286,-29,-0.10875,2,0.0075,21172,47.637,0
2026-04-08,15:18:10.396861,166318,-25,-0.09375,10,0.0375,21174,47.6415,0
2026-04-08,15:18:10.396861,166349,-30,-0.1125,11,0.04125,21173,47.63925,0
2026-04-08,15:18:10.396861,166380,-35,-0.13125,11,0.04125,21171,47.63475,0
2026-04-08,15:18:10.396861,166412,-26,-0.0975,10,0.0375,21173,47.63925,0
2026-04-08,15:18:10.396861,166443,-32,-0.12,17,0.06375,21173,47.63925,0
2026-04-08,15:18:10.396861,166475,-31,-0.11625,17,0.06375,21173,47.63925,0
2026-04-08,15:18:10.396861,166506,-36,-0.135,17,0.06375,21172,47.637,0
2026-04-08,15:18:10.396861,166539,-36,-0.135,13,0.04875,21172,47.637,0
2026-04-08,15:18:10.396861,166570,-35,-0.13125,18,0.0675,21173,47.63925,0
2026-04-08,15:18:10.396861,166601,-28,-0.105,14,0.0525,21171,47.63475,0
2026-04-08,15:18:10.396861,166634,-23,-0.08625,15,0.05625,21174,47.6415,0
2026-04-08,15:18:11.214748,166753,-24,-0.09,18,0.0675,21171,47.63475,0
2026-04-08,15:18:11.214748,166883,-25,-0.09375,9,0.03375,21172,47.637,0
2026-04-08,15:18:11.214748,166916,-29,-0.10875,15,0.05625,21171,47.63475,0
2026-04-08,15:18:11.214748,166948,-25,-0.09375,5,0.01875,21171,47.63475,0
2026-04-08,15:18:11.214748,166979,-24,-0.09,8,0.03,21171,47.63475,0
2026-04-08,15:18:11.214748,167010,-27,-0.10125,15,0.05625,21172,47.637,0
2026-04-08,15:18:11.214748,167042,-24,-0.09,17,0.06375,21171,47.63475,0
2026-04-08,15:18:11.214748,167074,-26,-0.0975,15,0.05625,21171,47.63475,0
2026-04-08,15:18:11.214748,167105,-33,-0.12375,14,0.0525,21172,47.637,0
2026-04-08,15:18:11.214748,167137,-28,-0.105,12,0.045,21174,47.6415,0
2026-04-08,15:18:11.214748,167169,-29,-0.10875,12,0.045,21174,47.6415,0
2026-04-08,15:18:11.214748,167200,-26,-0.0975,6,0.0225,21173,47.63925,0
2026-04-08,15:18:11.214748,167232,-22,-0.0825,13,0.04875,21171,47.63475,0
2026-04-08,15:18:11.214748,167263,-23,-0.08625,22,0.0825,21173,47.63925,0
2026-04-08,15:18:11.214748,167294,-36,-0.135,12,0.045,21173,47.63925,0
2026-04-08,15:18:11.214748,167326,-32,-0.12,14,0.0525,21172,47.637,0
2026-04-08,15:18:11.214748,167357,-34,-0.1275,14,0.0525,21172,47.637,0
2026-04-08,15:18:11.214748,167388,-36,-0.135,15,0.05625,21173,47.63925,0
2026-04-08,15:18:11.214748,167420,-32,-0.12,18,0.0675,21172,47.637,0
2026-04-08,15:18:11.214748,167451,-37,-0.13875,16,0.06,21172,47.637,0
2026-04-08,15:18:12.031232,167574,-36,-0.135,13,0.04875,21173,47.63925,0
2026-04-08,15:18:12.031232,167702,-32,-0.12,20,0.075,21172,47.637,0
2026-04-08,15:18:12.031232,167734,-34,-0.1275,13,0.04875,21172,47.637,0
2026-04-08,15:18:12.031232,167766,-31,-0.11625,24,0.09,21172,47.637,0
2026-04-08,15:18:12.031232,167797,-31,-0.11625,16,0.06,21172,47.637,0
2026-04-08,15:18:12.031232,167828,-30,-0.1125,14,0.0525,21172,47.637,0
2026-04-08,15:18:12.031232,167860,-32,-0.12,13,0.04875,21173,47.63925,0
2026-04-08,15:18:12.031232,167891,-37,-0.13875,19,0.07125,21173,47.63925,0
2026-04-08,15:18:12.031232,167922,-34,-0.1275,20,0.075,21173,47.63925,0
2026-04-08,15:18:12.031232,167954,-35,-0.13125,23,0.08625,21173,47.63925,0
2026-04-08,15:18:12.031232,167986,-33,-0.12375,19,0.07125,21173,47.63925,0
2026-04-08,15:18:12.031232,168017,-36,-0.135,19,0.07125,21173,47.63925,0
2026-04-08,15:18:12.031232,168048,-34,-0.1275,12,0.045,21173,47.63925,0
2026-04-08,15:18:12.031232,168080,-31,-0.11625,8,0.03,21172,47.637,0
2026-04-08,15:18:12.031232,168111,-30,-0.1125,10,0.0375,21173,47.63925,0
2026-04-08,15:18:12.031232,168143,-26,-0.0975,16,0.06,21173,47.63925,0
2026-04-08,15:18:12.031232,168174,-24,-0.09,9,0.03375,21171,47.63475,0
2026-04-08,15:18:12.031232,168205,-35,-0.13125,20,0.075,21172,47.637,0
2026-04-08,15:18:12.031232,168237,-33,-0.12375,21,0.07875,21173,47.63925,0
2026-04-08,15:18:12.031232,168268,-31,-0.11625,10,0.0375,21172,47.637,0
2026-04-08,15:18:12.854798,168389,-36,-0.135,21,0.07875,21172,47.637,0
2026-04-08,15:18:12.854798,168518,-26,-0.0975,15,0.05625,21173,47.63925,0
2026-04-08,15:18:12.854798,168550,-27,-0.10125,15,0.05625,21173,47.63925,0
2026-04-08,15:18:12.854798,168582,-31,-0.11625,17,0.06375,21172,47.637,0
2026-04-08,15:18:12.854798,168613,-33,-0.12375,6,0.0225,21172,47.637,0
2026-04-08,15:18:12.854798,168644,-34,-0.1275,11,0.04125,21172,47.637,0
2026-04-08,15:18:12.854798,168676,-35,-0.13125,13,0.04875,21172,47.637,0
2026-04-08,15:18:12.854798,168707,-34,-0.1275,7,0.02625,21172,47.637,0
2026-04-08,15:18:12.854798,168739,-31,-0.11625,18,0.0675,21171,47.63475,0
2026-04-08,15:18:12.854798,168770,-27,-0.10125,19,0.07125,21172,47.637,0
2026-04-08,15:18:12.854798,168802,-30,-0.1125,10,0.0375,21172,47.637,0
2026-04-08,15:18:12.854798,168833,-30,-0.1125,22,0.0825,21172,47.637,0
2026-04-08,15:18:12.854798,168865,-31,-0.11625,16,0.06,21173,47.63925,0
2026-04-08,15:18:12.854798,168896,-30,-0.1125,14,0.0525,21172,47.637,0
2026-04-08,15:18:12.854798,168927,-37,-0.13875,23,0.08625,21172,47.637,0
2026-04-08,15:18:12.854798,168959,-37,-0.13875,18,0.0675,21171,47.63475,0
2026-04-08,15:18:12.854798,168990,-35,-0.13125,14,0.0525,21172,47.637,0
2026-04-08,15:18:12.854798,169022,-31,-0.11625,19,0.07125,21172,47.637,0
2026-04-08,15:18:12.854798,169053,-27,-0.10125,16,0.06,21173,47.63925,0
2026-04-08,15:18:12.854798,169085,-31,-0.11625,20,0.075,21172,47.637,0
2026-04-08,15:18:16.439213,169214,-37,-0.13875,14,0.0525,21173,47.63925,0
2026-04-08,15:18:16.439213,169342,-32,-0.12,25,0.09375,21172,47.637,0
2026-04-08,15:18:16.439213,169374,-35,-0.13125,17,0.06375,21172,47.637,0
2026-04-08,15:18:16.439213,169406,-36,-0.135,17,0.06375,21171,47.63475,0
2026-04-08,15:18:16.439213,169437,-36,-0.135,18,0.0675,21172,47.637,0
2026-04-08,15:18:16.439213,169468,-24,-0.09,12,0.045,21171,47.63475,0
2026-04-08,15:18:16.439213,169500,-41,-0.15375,20,0.075,21171,47.63475,0
2026-04-08,15:18:16.439213,169533,-38,-0.1425,13,0.04875,21172,47.637,0
2026-04-08,15:18:16.439213,169564,-35,-0.13125,9,0.03375,21172,47.637,0
2026-04-08,15:18:16.439213,169596,-38,-0.1425,8,0.03,21171,47.63475,0
2026-04-08,15:18:16.439213,169628,-37,-0.13875,10,0.0375,21172,47.637,0
2026-04-08,15:18:16.439213,169659,-44,-0.165,18,0.0675,21172,47.637,0
2026-04-08,15:18:16.439213,169692,-40,-0.15,9,0.03375,21171,47.63475,0
2026-04-08,15:18:16.439213,169723,-31,-0.11625,16,0.06,21171,47.63475,0
2026-04-08,15:18:16.439213,169754,-29,-0.10875,14,0.0525,21173,47.63925,0
2026-04-08,15:18:16.439213,169786,-33,-0.12375,10,0.0375,21172,47.637,0
2026-04-08,15:18:16.439213,169819,-32,-0.12,7,0.02625,21173,47.63925,0
2026-04-08,15:18:16.439213,169850,-25,-0.09375,15,0.05625,21172,47.637,0
2026-04-08,15:18:16.439213,169882,-26,-0.0975,16,0.06,21173,47.63925,0
2026-04-08,15:18:16.439213,169914,-28,-0.105,14,0.0525,21172,47.637,0
2026-04-08,15:18:17.256639,172796,-31,-0.11625,11,0.04125,21172,47.637,0
2026-04-08,15:18:17.256639,172925,-39,-0.14625,12,0.045,21173,47.63925,0
2026-04-08,15:18:17.256639,172957,-28,-0.105,11,0.04125,21173,47.63925,0
2026-04-08,15:18:17.256639,172989,-35,-0.13125,13,0.04875,21172,47.637,0
2026-04-08,15:18:17.256639,173020,-37,-0.13875,17,0.06375,21171,47.63475,0
2026-04-08,15:18:17.256639,173051,-36,-0.135,10,0.0375,21171,47.63475,0
2026-04-08,15:18:17.256639,173083,-27,-0.10125,9,0.03375,21172,47.637,0
2026-04-08,15:18:17.256639,173114,-31,-0.11625,19,0.07125,21171,47.63475,0
2026-04-08,15:18:17.256639,173145,-30,-0.1125,12,0.045,21173,47.63925,0
2026-04-08,15:18:17.256639,173177,-31,-0.11625,20,0.075,21172,47.637,0
2026-04-08,15:18:17.256639,173209,-35,-0.13125,17,0.06375,21172,47.637,0
2026-04-08,15:18:17.256639,173240,-34,-0.1275,19,0.07125,21172,47.637,0
2026-04-08,15:18:17.256639,173271,-31,-0.11625,22,0.0825,21172,47.637,0
2026-04-08,15:18:17.256639,173303,-32,-0.12,19,0.07125,21171,47.63475,0
2026-04-08,15:18:17.256639,173334,-39,-0.14625,21,0.07875,21171,47.63475,0
2026-04-08,15:18:17.256639,173366,-31,-0.11625,11,0.04125,21173,47.63925,0
2026-04-08,15:18:17.256639,173397,-30,-0.1125,13,0.04875,21172,47.637,0
2026-04-08,15:18:17.256639,173428,-29,-0.10875,19,0.07125,21172,47.637,0
2026-04-08,15:18:17.256639,173460,-34,-0.1275,14,0.0525,21172,47.637,0
2026-04-08,15:18:17.256639,173491,-33,-0.12375,22,0.0825,21172,47.637,0
2026-04-08,15:18:18.161851,173614,-29,-0.10875,9,0.03375,21172,47.637,0
2026-04-08,15:18:18.161851,173742,-32,-0.12,21,0.07875,21172,47.637,0
2026-04-08,15:18:18.161851,173774,-33,-0.12375,6,0.0225,21171,47.63475,0
2026-04-08,15:18:18.161851,173806,-23,-0.08625,16,0.06,21172,47.637,0
2026-04-08,15:18:18.161851,173837,-26,-0.0975,21,0.07875,21171,47.63475,0
2026-04-08,15:18:18.161851,173868,-34,-0.1275,18,0.0675,21172,47.637,0
2026-04-08,15:18:18.161851,173900,-31,-0.11625,24,0.09,21172,47.637,0
2026-04-08,15:18:18.161851,173931,-29,-0.10875,14,0.0525,21171,47.63475,0
2026-04-08,15:18:18.161851,173962,-37,-0.13875,7,0.02625,21171,47.63475,0
2026-04-08,15:18:18.161851,173994,-34,-0.1275,11,0.04125,21172,47.637,0
2026-04-08,15:18:18.161851,174026,-32,-0.12,6,0.0225,21173,47.63925,0
2026-04-08,15:18:18.161851,174057,-39,-0.14625,13,0.04875,21172,47.637,0
2026-04-08,15:18:18.161851,174089,-39,-0.14625,18,0.0675,21173,47.63925,0
2026-04-08,15:18:18.161851,174120,-26,-0.0975,14,0.0525,21171,47.63475,0
2026-04-08,15:18:18.161851,174151,-28,-0.105,18,0.0675,21171,47.63475,0
2026-04-08,15:18:18.161851,174183,-27,-0.10125,16,0.06,21173,47.63925,0
2026-04-08,15:18:18.161851,174214,-43,-0.16125,7,0.02625,21171,47.63475,0
2026-04-08,15:18:18.161851,174245,-29,-0.10875,12,0.045,21173,47.63925,0
2026-04-08,15:18:18.161851,174277,-31,-0.11625,10,0.0375,21173,47.63925,0
2026-04-08,15:18:18.161851,174308,-34,-0.1275,15,0.05625,21172,47.637,0
2026-04-08,15:18:21.769704,174520,-31,-0.11625,10,0.0375,21172,47.637,0
2026-04-08,15:18:21.769704,174649,-26,-0.0975,13,0.04875,21173,47.63925,0
2026-04-08,15:18:21.769704,174680,-31,-0.11625,21,0.07875,21173,47.63925,0
2026-04-08,15:18:21.769704,174712,-33,-0.12375,15,0.05625,21172,47.637,0
2026-04-08,15:18:21.769704,174744,-27,-0.10125,15,0.05625,21171,47.63475,0
2026-04-08,15:18:21.769704,174775,-29,-0.10875,18,0.0675,21171,47.63475,0
2026-04-08,15:18:21.769704,174807,-25,-0.09375,15,0.05625,21171,47.63475,0
2026-04-08,15:18:21.769704,174838,-27,-0.10125,18,0.0675,21172,47.637,0
2026-04-08,15:18:21.769704,174869,-28,-0.105,20,0.075,21172,47.637,0
2026-04-08,15:18:21.769704,174901,-32,-0.12,17,0.06375,21171,47.63475,0
2026-04-08,15:18:21.769704,174932,-33,-0.12375,22,0.0825,21172,47.637,0
2026-04-08,15:18:21.769704,174964,-35,-0.13125,19,0.07125,21171,47.63475,0
2026-04-08,15:18:21.769704,174995,-28,-0.105,10,0.0375,21171,47.63475,0
2026-04-08,15:18:21.769704,175027,-34,-0.1275,14,0.0525,21172,47.637,0
2026-04-08,15:18:21.769704,175058,-33,-0.12375,14,0.0525,21173,47.63925,0
2026-04-08,15:18:21.769704,175089,-34,-0.1275,17,0.06375,21173,47.63925,0
2026-04-08,15:18:21.769704,175121,-34,-0.1275,20,0.075,21171,47.63475,0
2026-04-08,15:18:21.769704,175152,-39,-0.14625,18,0.0675,21172,47.637,0
2026-04-08,15:18:21.769704,175184,-39,-0.14625,11,0.04125,21173,47.63925,0
2026-04-08,15:18:21.769704,175215,-33,-0.12375,10,0.0375,21171,47.63475,0
2026-04-08,15:18:22.783330,178201,-28,-0.105,7,0.02625,21172,47.637,0
2026-04-08,15:18:22.783330,178330,-30,-0.1125,12,0.045,21173,47.63925,0
2026-04-08,15:18:22.783330,178361,-35,-0.13125,11,0.04125,21170,47.6325,0
2026-04-08,15:18:22.783330,178393,-39,-0.14625,17,0.06375,21171,47.63475,0
2026-04-08,15:18:22.783330,178424,-43,-0.16125,17,0.06375,21173,47.63925,0
2026-04-08,15:18:22.783330,178455,-37,-0.13875,17,0.06375,21171,47.63475,0
2026-04-08,15:18:22.783330,178487,-35,-0.13125,16,0.06,21172,47.637,0
2026-04-08,15:18:22.783330,178519,-30,-0.1125,17,0.06375,21172,47.637,0
2026-04-08,15:18:22.783330,178550,-32,-0.12,24,0.09,21171,47.63475,0
2026-04-08,15:18:22.783330,178581,-32,-0.12,11,0.04125,21172,47.637,0
2026-04-08,15:18:22.783330,178613,-37,-0.13875,14,0.0525,21171,47.63475,0
2026-04-08,15:18:22.783330,178644,-27,-0.10125,25,0.09375,21171,47.63475,0
2026-04-08,15:18:22.783330,178675,-39,-0.14625,19,0.07125,21170,47.6325,0
2026-04-08,15:18:22.783330,178707,-31,-0.11625,16,0.06,21171,47.63475,0
2026-04-08,15:18:22.783330,178738,-34,-0.1275,6,0.0225,21172,47.637,0
2026-04-08,15:18:22.783330,178770,-30,-0.1125,13,0.04875,21171,47.63475,0
2026-04-08,15:18:22.783330,178801,-24,-0.09,15,0.05625,21171,47.63475,0
2026-04-08,15:18:22.783330,178833,-20,-0.075,21,0.07875,21171,47.63475,0
2026-04-08,15:18:22.783330,178864,-31,-0.11625,14,0.0525,21170,47.6325,0
2026-04-08,15:18:22.783330,178896,-32,-0.12,15,0.05625,21170,47.6325,0
2026-04-08,15:18:25.766559,179150,-36,-0.135,21,0.07875,21171,47.63475,0
2026-04-08,15:18:25.766559,179280,-35,-0.13125,15,0.05625,21173,47.63925,0
2026-04-08,15:18:25.766559,179312,-29,-0.10875,14,0.0525,21172,47.637,0
2026-04-08,15:18:25.766559,179344,-34,-0.1275,14,0.0525,21172,47.637,0
2026-04-08,15:18:25.766559,179375,-34,-0.1275,15,0.05625,21172,47.637,0
2026-04-08,15:18:25.766559,179407,-35,-0.13125,14,0.0525,21170,47.6325,0
2026-04-08,15:18:25.766559,179438,-31,-0.11625,18,0.0675,21172,47.637,0
2026-04-08,15:18:25.766559,179469,-27,-0.10125,21,0.07875,21171,47.63475,0
2026-04-08,15:18:25.766559,179501,-32,-0.12,25,0.09375,21171,47.63475,0
2026-04-08,15:18:25.766559,179532,-34,-0.1275,14,0.0525,21172,47.637,0
2026-04-08,15:18:25.766559,179564,-37,-0.13875,23,0.08625,21173,47.63925,0
2026-04-08,15:18:25.766559,179595,-37,-0.13875,21,0.07875,21173,47.63925,0
2026-04-08,15:18:25.766559,179627,-31,-0.11625,15,0.05625,21171,47.63475,0
2026-04-08,15:18:25.766559,179658,-38,-0.1425,11,0.04125,21170,47.6325,0
2026-04-08,15:18:25.766559,179689,-25,-0.09375,14,0.0525,21172,47.637,0
2026-04-08,15:18:25.766559,179721,-34,-0.1275,19,0.07125,21170,47.6325,0
2026-04-08,15:18:25.766559,179752,-34,-0.1275,19,0.07125,21172,47.637,0
2026-04-08,15:18:25.766559,179784,-34,-0.1275,23,0.08625,21172,47.637,0
2026-04-08,15:18:25.766559,179815,-35,-0.13125,17,0.06375,21173,47.63925,0
2026-04-08,15:18:25.766559,179847,-41,-0.15375,18,0.0675,21172,47.637,0
2026-04-08,15:18:25.766559,181261,-33,-0.12375,24,0.09,21173,47.63925,0
2026-04-08,15:18:25.766559,181390,-31,-0.11625,16,0.06,21171,47.63475,0
2026-04-08,15:18:25.766559,181421,-31,-0.11625,15,0.05625,21172,47.637,0
2026-04-08,15:18:25.766559,181453,-37,-0.13875,18,0.0675,21171,47.63475,0
2026-04-08,15:18:25.766559,181484,-27,-0.10125,23,0.08625,21172,47.637,0
2026-04-08,15:18:25.766559,181516,-31,-0.11625,16,0.06,21172,47.637,0
2026-04-08,15:18:25.766559,181547,-33,-0.12375,26,0.0975,21172,47.637,0
2026-04-08,15:18:25.766559,181579,-28,-0.105,15,0.05625,21172,47.637,0
2026-04-08,15:18:25.766559,181610,-28,-0.105,16,0.06,21173,47.63925,0
2026-04-08,15:18:25.766559,181641,-37,-0.13875,21,0.07875,21172,47.637,0
2026-04-08,15:18:25.766559,181673,-28,-0.105,18,0.0675,21170,47.6325,0
2026-04-08,15:18:25.766559,181704,-28,-0.105,18,0.0675,21171,47.63475,0
2026-04-08,15:18:25.766559,181736,-28,-0.105,26,0.0975,21173,47.63925,0
2026-04-08,15:18:25.766559,181767,-25,-0.09375,15,0.05625,21172,47.637,0
2026-04-08,15:18:25.766559,181799,-23,-0.08625,14,0.0525,21170,47.6325,0
2026-04-08,15:18:25.766559,181830,-26,-0.0975,21,0.07875,21171,47.63475,0
2026-04-08,15:18:25.766559,181861,-32,-0.12,15,0.05625,21171,47.63475,0
2026-04-08,15:18:25.766559,181893,-34,-0.1275,22,0.0825,21173,47.63925,0
2026-04-08,15:18:25.766559,181924,-31,-0.11625,11,0.04125,21172,47.637,0
2026-04-08,15:18:25.766559,181955,-30,-0.1125,22,0.0825,21172,47.637,0
2026-04-08,15:18:26.583176,182123,-39,-0.14625,20,0.075,21172,47.637,0
2026-04-08,15:18:26.583176,182253,-35,-0.13125,8,0.03,21170,47.6325,0
2026-04-08,15:18:26.583176,182285,-27,-0.10125,13,0.04875,21173,47.63925,0
2026-04-08,15:18:26.583176,182317,-32,-0.12,17,0.06375,21171,47.63475,0
2026-04-08,15:18:26.583176,182349,-37,-0.13875,12,0.045,21172,47.637,0
2026-04-08,15:18:26.583176,182381,-26,-0.0975,15,0.05625,21171,47.63475,0
2026-04-08,15:18:26.583176,182413,-32,-0.12,20,0.075,21172,47.637,0
2026-04-08,15:18:26.583176,182444,-31,-0.11625,17,0.06375,21173,47.63925,0
2026-04-08,15:18:26.583176,182475,-31,-0.11625,19,0.07125,21172,47.637,0
2026-04-08,15:18:26.583176,182507,-33,-0.12375,13,0.04875,21172,47.637,0
2026-04-08,15:18:26.583176,182538,-27,-0.10125,22,0.0825,21172,47.637,0
2026-04-08,15:18:26.583176,182570,-27,-0.10125,21,0.07875,21171,47.63475,0
2026-04-08,15:18:26.583176,182601,-26,-0.0975,25,0.09375,21171,47.63475,0
2026-04-08,15:18:26.583176,182633,-35,-0.13125,19,0.07125,21171,47.63475,0
2026-04-08,15:18:26.583176,182664,-34,-0.1275,21,0.07875,21173,47.63925,0
2026-04-08,15:18:26.583176,182695,-30,-0.1125,14,0.0525,21172,47.637,0
2026-04-08,15:18:26.583176,182727,-28,-0.105,22,0.0825,21170,47.6325,0
2026-04-08,15:18:26.583176,182758,-36,-0.135,16,0.06,21173,47.63925,0
2026-04-08,15:18:26.583176,182790,-32,-0.12,19,0.07125,21172,47.637,0
2026-04-08,15:18:26.583176,182821,-30,-0.1125,19,0.07125,21173,47.63925,0
2026-04-08,15:18:27.506561,183014,-32,-0.12,11,0.04125,21172,47.637,0
2026-04-08,15:18:27.506561,183143,-35,-0.13125,19,0.07125,21173,47.63925,0
2026-04-08,15:18:27.506561,183174,-32,-0.12,22,0.0825,21172,47.637,0
2026-04-08,15:18:27.506561,183207,-35,-0.13125,14,0.0525,21173,47.63925,0
2026-04-08,15:18:27.506561,183238,-36,-0.135,18,0.0675,21172,47.637,0
2026-04-08,15:18:27.506561,183270,-34,-0.1275,21,0.07875,21172,47.637,0
2026-04-08,15:18:27.506561,183301,-32,-0.12,11,0.04125,21173,47.63925,0
2026-04-08,15:18:27.506561,183333,-38,-0.1425,18,0.0675,21171,47.63475,0
2026-04-08,15:18:27.506561,183364,-40,-0.15,22,0.0825,21173,47.63925,0
2026-04-08,15:18:27.506561,183395,-40,-0.15,23,0.08625,21172,47.637,0
2026-04-08,15:18:27.506561,183427,-34,-0.1275,15,0.05625,21173,47.63925,0
2026-04-08,15:18:27.506561,183458,-36,-0.135,22,0.0825,21173,47.63925,0
2026-04-08,15:18:27.506561,183490,-25,-0.09375,19,0.07125,21173,47.63925,0
2026-04-08,15:18:27.506561,183521,-37,-0.13875,16,0.06,21173,47.63925,0
2026-04-08,15:18:27.506561,183553,-37,-0.13875,18,0.0675,21171,47.63475,0
2026-04-08,15:18:27.506561,183584,-34,-0.1275,23,0.08625,21173,47.63925,0
2026-04-08,15:18:27.506561,183616,-33,-0.12375,17,0.06375,21172,47.637,0
2026-04-08,15:18:27.506561,183647,-30,-0.1125,24,0.09,21171,47.63475,0
2026-04-08,15:18:27.506561,183678,-31,-0.11625,14,0.0525,21172,47.637,0
2026-04-08,15:18:27.506561,183710,-27,-0.10125,19,0.07125,21172,47.637,0
2026-04-08,15:18:32.100082,183866,-20,-0.075,14,0.0525,21172,47.637,0
2026-04-08,15:18:32.100082,183996,-25,-0.09375,20,0.075,21172,47.637,0
2026-04-08,15:18:32.100082,184028,-26,-0.0975,14,0.0525,21172,47.637,0
2026-04-08,15:18:32.100082,184060,-28,-0.105,20,0.075,21173,47.63925,0
2026-04-08,15:18:32.100082,184092,-23,-0.08625,20,0.075,21172,47.637,0
2026-04-08,15:18:32.100082,184124,-21,-0.07875,13,0.04875,21172,47.637,0
2026-04-08,15:18:32.100082,184156,-24,-0.09,10,0.0375,21173,47.63925,0
2026-04-08,15:18:32.100082,184187,-30,-0.1125,11,0.04125,21172,47.637,0
2026-04-08,15:18:32.100082,184219,-34,-0.1275,12,0.045,21172,47.637,0
2026-04-08,15:18:32.100082,184251,-38,-0.1425,12,0.045,21171,47.63475,0
2026-04-08,15:18:32.100082,184282,-38,-0.1425,11,0.04125,21172,47.637,0
2026-04-08,15:18:32.100082,184314,-28,-0.105,14,0.0525,21172,47.637,0
2026-04-08,15:18:32.100082,184346,-30,-0.1125,14,0.0525,21172,47.637,0
2026-04-08,15:18:32.100082,184378,-36,-0.135,11,0.04125,21173,47.63925,0
2026-04-08,15:18:32.100082,184409,-34,-0.1275,11,0.04125,21173,47.63925,0
2026-04-08,15:18:32.100082,184441,-33,-0.12375,20,0.075,21171,47.63475,0
2026-04-08,15:18:32.100082,184474,-36,-0.135,19,0.07125,21173,47.63925,0
2026-04-08,15:18:32.100082,184505,-33,-0.12375,17,0.06375,21173,47.63925,0
2026-04-08,15:18:32.100082,184537,-36,-0.135,17,0.06375,21173,47.63925,0
2026-04-08,15:18:32.100082,184569,-34,-0.1275,7,0.02625,21171,47.63475,0
2026-04-08,15:18:32.100082,187343,-31,-0.11625,15,0.05625,21173,47.63925,0
2026-04-08,15:18:32.100082,187472,-34,-0.1275,18,0.0675,21171,47.63475,0
2026-04-08,15:18:32.100082,187504,-33,-0.12375,13,0.04875,21172,47.637,0
2026-04-08,15:18:32.100082,187535,-35,-0.13125,15,0.05625,21172,47.637,0
2026-04-08,15:18:32.100082,187567,-36,-0.135,13,0.04875,21171,47.63475,0
2026-04-08,15:18:32.100082,187598,-34,-0.1275,6,0.0225,21171,47.63475,0
2026-04-08,15:18:32.100082,187630,-29,-0.10875,20,0.075,21173,47.63925,0
2026-04-08,15:18:32.100082,187661,-31,-0.11625,20,0.075,21172,47.637,0
2026-04-08,15:18:32.100082,187692,-33,-0.12375,12,0.045,21171,47.63475,0
2026-04-08,15:18:32.100082,187724,-49,-0.18375,21,0.07875,21171,47.63475,0
2026-04-08,15:18:32.100082,187755,-43,-0.16125,21,0.07875,21172,47.637,0
2026-04-08,15:18:32.100082,187786,-34,-0.1275,24,0.09,21171,47.63475,0
2026-04-08,15:18:32.100082,187818,-25,-0.09375,24,0.09,21172,47.637,0
2026-04-08,15:18:32.100082,187849,-31,-0.11625,20,0.075,21173,47.63925,0
2026-04-08,15:18:32.100082,187881,-28,-0.105,26,0.0975,21171,47.63475,0
2026-04-08,15:18:32.100082,187912,-32,-0.12,10,0.0375,21173,47.63925,0
2026-04-08,15:18:32.100082,187944,-35,-0.13125,12,0.045,21171,47.63475,0
2026-04-08,15:18:32.100082,187975,-31,-0.11625,21,0.07875,21172,47.637,0
2026-04-08,15:18:32.100082,188007,-35,-0.13125,16,0.06,21171,47.63475,0
2026-04-08,15:18:32.100082,188038,-32,-0.12,18,0.0675,21171,47.63475,0
2026-04-08,15:18:32.925360,188463,-41,-0.15375,16,0.06,21172,47.637,0
2026-04-08,15:18:32.925360,188592,-35,-0.13125,10,0.0375,21172,47.637,0
2026-04-08,15:18:32.925360,188625,-38,-0.1425,14,0.0525,21172,47.637,0
2026-04-08,15:18:32.925360,188656,-44,-0.165,17,0.06375,21171,47.63475,0
2026-04-08,15:18:32.925360,188687,-33,-0.12375,14,0.0525,21172,47.637,0
2026-04-08,15:18:32.925360,188718,-36,-0.135,21,0.07875,21171,47.63475,0
2026-04-08,15:18:32.925360,188750,-36,-0.135,12,0.045,21171,47.63475,0
2026-04-08,15:18:32.925360,188782,-35,-0.13125,18,0.0675,21171,47.63475,0
2026-04-08,15:18:32.925360,188813,-41,-0.15375,14,0.0525,21172,47.637,0
2026-04-08,15:18:32.925360,188845,-34,-0.1275,16,0.06,21173,47.63925,0
2026-04-08,15:18:32.925360,188876,-41,-0.15375,21,0.07875,21172,47.637,0
2026-04-08,15:18:32.925360,188907,-38,-0.1425,19,0.07125,21171,47.63475,0
2026-04-08,15:18:32.925360,188939,-42,-0.1575,16,0.06,21172,47.637,0
2026-04-08,15:18:32.925360,188970,-38,-0.1425,26,0.0975,21171,47.63475,0
2026-04-08,15:18:32.925360,189001,-37,-0.13875,18,0.0675,21173,47.63925,0
2026-04-08,15:18:32.925360,189033,-38,-0.1425,18,0.0675,21173,47.63925,0
2026-04-08,15:18:32.925360,189065,-33,-0.12375,13,0.04875,21171,47.63475,0
2026-04-08,15:18:32.925360,189096,-38,-0.1425,16,0.06,21171,47.63475,0
2026-04-08,15:18:32.925360,189127,-33,-0.12375,16,0.06,21172,47.637,0
2026-04-08,15:18:32.925360,189159,-30,-0.1125,18,0.0675,21172,47.637,0
2026-04-08,15:18:33.941319,189286,-27,-0.10125,16,0.06,21172,47.637,0
2026-04-08,15:18:33.941319,189415,-31,-0.11625,14,0.0525,21172,47.637,0
2026-04-08,15:18:33.941319,189447,-27,-0.10125,17,0.06375,21172,47.637,0
2026-04-08,15:18:33.941319,189479,-26,-0.0975,14,0.0525,21172,47.637,0
2026-04-08,15:18:33.941319,189510,-29,-0.10875,6,0.0225,21171,47.63475,0
2026-04-08,15:18:33.941319,189541,-27,-0.10125,10,0.0375,21172,47.637,0
2026-04-08,15:18:33.941319,189573,-26,-0.0975,6,0.0225,21173,47.63925,0
2026-04-08,15:18:33.941319,189604,-36,-0.135,5,0.01875,21171,47.63475,0
2026-04-08,15:18:33.941319,189635,-19,-0.07125,10,0.0375,21172,47.637,0
2026-04-08,15:18:33.941319,189667,-27,-0.10125,10,0.0375,21172,47.637,0
2026-04-08,15:18:33.941319,189698,-30,-0.1125,14,0.0525,21172,47.637,0
2026-04-08,15:18:33.941319,189730,-35,-0.13125,16,0.06,21171,47.63475,0
2026-04-08,15:18:33.941319,189761,-27,-0.10125,16,0.06,21173,47.63925,0
2026-04-08,15:18:33.941319,189793,-27,-0.10125,15,0.05625,21171,47.63475,0
2026-04-08,15:18:33.941319,189824,-34,-0.1275,16,0.06,21173,47.63925,0
2026-04-08,15:18:33.941319,189856,-34,-0.1275,11,0.04125,21171,47.63475,0
2026-04-08,15:18:33.941319,189887,-31,-0.11625,10,0.0375,21171,47.63475,0
2026-04-08,15:18:33.941319,189918,-27,-0.10125,13,0.04875,21173,47.63925,0
2026-04-08,15:18:33.941319,189949,-25,-0.09375,17,0.06375,21172,47.637,0
2026-04-08,15:18:33.941319,189981,-36,-0.135,20,0.075,21172,47.637,0
2026-04-08,15:18:34.859688,190306,-36,-0.135,17,0.06375,21174,47.6415,0
2026-04-08,15:18:34.859688,190434,-35,-0.13125,22,0.0825,21171,47.63475,0
2026-04-08,15:18:34.859688,190466,-30,-0.1125,18,0.0675,21171,47.63475,0
2026-04-08,15:18:34.859688,190497,-38,-0.1425,19,0.07125,21172,47.637,0
2026-04-08,15:18:34.859688,190529,-32,-0.12,24,0.09,21171,47.63475,0
2026-04-08,15:18:34.859688,190560,-35,-0.13125,23,0.08625,21172,47.637,0
2026-04-08,15:18:34.859688,190592,-34,-0.1275,20,0.075,21173,47.63925,0
2026-04-08,15:18:34.859688,190623,-27,-0.10125,19,0.07125,21173,47.63925,0
2026-04-08,15:18:34.859688,190654,-35,-0.13125,20,0.075,21171,47.63475,0
2026-04-08,15:18:34.859688,190686,-34,-0.1275,17,0.06375,21172,47.637,0
2026-04-08,15:18:34.859688,190717,-30,-0.1125,17,0.06375,21171,47.63475,0
2026-04-08,15:18:34.859688,190749,-35,-0.13125,17,0.06375,21172,47.637,0
2026-04-08,15:18:34.859688,190780,-38,-0.1425,14,0.0525,21173,47.63925,0
2026-04-08,15:18:34.859688,190812,-38,-0.1425,10,0.0375,21173,47.63925,0
2026-04-08,15:18:34.859688,190843,-33,-0.12375,19,0.07125,21172,47.637,0
2026-04-08,15:18:34.859688,190875,-36,-0.135,21,0.07875,21171,47.63475,0
2026-04-08,15:18:34.859688,190906,-36,-0.135,17,0.06375,21173,47.63925,0
2026-04-08,15:18:34.859688,190937,-34,-0.1275,19,0.07125,21172,47.637,0
2026-04-08,15:18:34.859688,190968,-33,-0.12375,14,0.0525,21173,47.63925,0
2026-04-08,15:18:34.859688,191000,-43,-0.16125,19,0.07125,21172,47.637,0
2026-04-08,15:18:38.455537,191222,-40,-0.15,12,0.045,21172,47.637,0
2026-04-08,15:18:38.455537,191350,-29,-0.10875,10,0.0375,21172,47.637,0
2026-04-08,15:18:38.455537,191382,-34,-0.1275,11,0.04125,21172,47.637,0
2026-04-08,15:18:38.455537,191414,-37,-0.13875,13,0.04875,21172,47.637,0
2026-04-08,15:18:38.455537,191445,-33,-0.12375,15,0.05625,21172,47.637,0
2026-04-08,15:18:38.455537,191476,-42,-0.1575,10,0.0375,21171,47.63475,0
2026-04-08,15:18:38.455537,191508,-32,-0.12,19,0.07125,21173,47.63925,0
2026-04-08,15:18:38.455537,191539,-43,-0.16125,11,0.04125,21172,47.637,0
2026-04-08,15:18:38.455537,191571,-32,-0.12,10,0.0375,21172,47.637,0
2026-04-08,15:18:38.455537,191602,-31,-0.11625,14,0.0525,21172,47.637,0
2026-04-08,15:18:38.455537,191634,-32,-0.12,25,0.09375,21172,47.637,0
2026-04-08,15:18:38.455537,191665,-36,-0.135,15,0.05625,21172,47.637,0
2026-04-08,15:18:38.455537,191697,-23,-0.08625,13,0.04875,21170,47.6325,0
2026-04-08,15:18:38.455537,191728,-36,-0.135,15,0.05625,21171,47.63475,0
2026-04-08,15:18:38.455537,191759,-33,-0.12375,19,0.07125,21172,47.637,0
2026-04-08,15:18:38.455537,191790,-35,-0.13125,16,0.06,21171,47.63475,0
2026-04-08,15:18:38.455537,191822,-40,-0.15,18,0.0675,21173,47.63925,0
2026-04-08,15:18:38.455537,191853,-36,-0.135,15,0.05625,21171,47.63475,0
2026-04-08,15:18:38.455537,191885,-31,-0.11625,23,0.08625,21173,47.63925,0
2026-04-08,15:18:38.455537,191916,-31,-0.11625,18,0.0675,21172,47.637,0
2026-04-08,15:18:39.289312,194815,-34,-0.1275,12,0.045,21170,47.6325,0
2026-04-08,15:18:39.289312,194943,-31,-0.11625,16,0.06,21172,47.637,0
2026-04-08,15:18:39.289312,194975,-24,-0.09,18,0.0675,21173,47.63925,0
2026-04-08,15:18:39.289312,195007,-38,-0.1425,19,0.07125,21172,47.637,0
2026-04-08,15:18:39.289312,195038,-34,-0.1275,11,0.04125,21172,47.637,0
2026-04-08,15:18:39.289312,195069,-34,-0.1275,25,0.09375,21171,47.63475,0
2026-04-08,15:18:39.289312,195101,-23,-0.08625,18,0.0675,21171,47.63475,0
2026-04-08,15:18:39.289312,195133,-23,-0.08625,18,0.0675,21171,47.63475,0
2026-04-08,15:18:39.289312,195164,-29,-0.10875,25,0.09375,21171,47.63475,0
2026-04-08,15:18:39.289312,195196,-29,-0.10875,13,0.04875,21172,47.637,0
2026-04-08,15:18:39.289312,195227,-34,-0.1275,13,0.04875,21172,47.637,0
2026-04-08,15:18:39.289312,195258,-32,-0.12,15,0.05625,21172,47.637,0
2026-04-08,15:18:39.289312,195290,-33,-0.12375,20,0.075,21172,47.637,0
2026-04-08,15:18:39.289312,195321,-31,-0.11625,18,0.0675,21172,47.637,0
2026-04-08,15:18:39.289312,195352,-37,-0.13875,17,0.06375,21172,47.637,0
2026-04-08,15:18:39.289312,195384,-41,-0.15375,20,0.075,21173,47.63925,0
2026-04-08,15:18:39.289312,195416,-41,-0.15375,22,0.0825,21172,47.637,0
2026-04-08,15:18:39.289312,195447,-40,-0.15,18,0.0675,21172,47.637,0
2026-04-08,15:18:39.289312,195478,-38,-0.1425,20,0.075,21172,47.637,0
2026-04-08,15:18:39.289312,195510,-41,-0.15375,17,0.06375,21171,47.63475,0
2026-04-08,15:18:40.093226,195658,-35,-0.13125,19,0.07125,21172,47.637,0
2026-04-08,15:18:40.093226,195787,-36,-0.135,10,0.0375,21173,47.63925,0
2026-04-08,15:18:40.093226,195820,-39,-0.14625,22,0.0825,21171,47.63475,0
2026-04-08,15:18:40.093226,195852,-34,-0.1275,20,0.075,21170,47.6325,0
2026-04-08,15:18:40.093226,195883,-35,-0.13125,8,0.03,21170,47.6325,0
2026-04-08,15:18:40.093226,195915,-37,-0.13875,16,0.06,21171,47.63475,0
2026-04-08,15:18:40.093226,195946,-35,-0.13125,22,0.0825,21171,47.63475,0
2026-04-08,15:18:40.093226,195977,-29,-0.10875,19,0.07125,21171,47.63475,0
2026-04-08,15:18:40.093226,196009,-37,-0.13875,25,0.09375,21171,47.63475,0
2026-04-08,15:18:40.093226,196040,-35,-0.13125,19,0.07125,21171,47.63475,0
2026-04-08,15:18:40.093226,196072,-33,-0.12375,15,0.05625,21172,47.637,0
2026-04-08,15:18:40.093226,196103,-32,-0.12,12,0.045,21172,47.637,0
2026-04-08,15:18:40.093226,196135,-38,-0.1425,18,0.0675,21172,47.637,0
2026-04-08,15:18:40.093226,196166,-31,-0.11625,22,0.0825,21173,47.63925,0
2026-04-08,15:18:40.093226,196197,-37,-0.13875,19,0.07125,21171,47.63475,0
2026-04-08,15:18:40.093226,196229,-35,-0.13125,17,0.06375,21171,47.63475,0
2026-04-08,15:18:40.093226,196260,-33,-0.12375,18,0.0675,21172,47.637,0
2026-04-08,15:18:40.093226,196292,-31,-0.11625,10,0.0375,21174,47.6415,0
2026-04-08,15:18:40.093226,196323,-33,-0.12375,15,0.05625,21171,47.63475,0
2026-04-08,15:18:40.093226,196355,-31,-0.11625,16,0.06,21171,47.63475,0
2026-04-08,15:18:40.926253,196454,-35,-0.13125,12,0.045,21172,47.637,0
2026-04-08,15:18:40.926253,196584,-40,-0.15,23,0.08625,21171,47.63475,0
2026-04-08,15:18:40.926253,196616,-40,-0.15,15,0.05625,21171,47.63475,0
2026-04-08,15:18:40.926253,196647,-39,-0.14625,20,0.075,21173,47.63925,0
2026-04-08,15:18:40.926253,196679,-42,-0.1575,13,0.04875,21172,47.637,0
2026-04-08,15:18:40.926253,196710,-44,-0.165,15,0.05625,21173,47.63925,0
2026-04-08,15:18:40.926253,196742,-41,-0.15375,19,0.07125,21172,47.637,0
2026-04-08,15:18:40.926253,196774,-47,-0.17625,14,0.0525,21172,47.637,0
2026-04-08,15:18:40.926253,196805,-45,-0.16875,9,0.03375,21172,47.637,0
2026-04-08,15:18:40.926253,196839,-43,-0.16125,7,0.02625,21172,47.637,0
2026-04-08,15:18:40.926253,196870,-34,-0.1275,14,0.0525,21172,47.637,0
2026-04-08,15:18:40.926253,196901,-38,-0.1425,14,0.0525,21172,47.637,0
2026-04-08,15:18:40.926253,196933,-40,-0.15,17,0.06375,21173,47.63925,0
2026-04-08,15:18:40.926253,196965,-44,-0.165,15,0.05625,21173,47.63925,0
2026-04-08,15:18:40.926253,196997,-43,-0.16125,17,0.06375,21173,47.63925,0
2026-04-08,15:18:40.926253,197029,-39,-0.14625,20,0.075,21172,47.637,0
2026-04-08,15:18:40.926253,197060,-40,-0.15,11,0.04125,21172,47.637,0
2026-04-08,15:18:40.926253,197092,-34,-0.1275,17,0.06375,21172,47.637,0
2026-04-08,15:18:40.926253,197123,-42,-0.1575,16,0.06,21173,47.63925,0
2026-04-08,15:18:40.926253,197155,-40,-0.15,11,0.04125,21172,47.637,0
2026-04-08,15:18:41.731849,197287,-36,-0.135,12,0.045,21173,47.63925,0
2026-04-08,15:18:41.731849,197417,-37,-0.13875,15,0.05625,21173,47.63925,0
2026-04-08,15:18:41.731849,197449,-30,-0.1125,22,0.0825,21172,47.637,0
2026-04-08,15:18:41.731849,197481,-37,-0.13875,13,0.04875,21172,47.637,0
2026-04-08,15:18:41.731849,197512,-39,-0.14625,11,0.04125,21172,47.637,0
2026-04-08,15:18:41.731849,197544,-35,-0.13125,21,0.07875,21171,47.63475,0
2026-04-08,15:18:41.731849,197575,-39,-0.14625,23,0.08625,21172,47.637,0
2026-04-08,15:18:41.731849,197606,-33,-0.12375,11,0.04125,21172,47.637,0
2026-04-08,15:18:41.731849,197638,-34,-0.1275,14,0.0525,21172,47.637,0
2026-04-08,15:18:41.731849,197669,-38,-0.1425,24,0.09,21170,47.6325,0
2026-04-08,15:18:41.731849,197701,-41,-0.15375,22,0.0825,21171,47.63475,0
2026-04-08,15:18:41.731849,197732,-40,-0.15,22,0.0825,21173,47.63925,0
2026-04-08,15:18:41.731849,197764,-41,-0.15375,23,0.08625,21171,47.63475,0
2026-04-08,15:18:41.731849,197795,-37,-0.13875,19,0.07125,21172,47.637,0
2026-04-08,15:18:41.731849,197826,-38,-0.1425,23,0.08625,21173,47.63925,0
2026-04-08,15:18:41.731849,197858,-39,-0.14625,16,0.06,21173,47.63925,0
2026-04-08,15:18:41.731849,197889,-36,-0.135,17,0.06375,21172,47.637,0
2026-04-08,15:18:41.731849,197920,-39,-0.14625,24,0.09,21172,47.637,0
2026-04-08,15:18:41.731849,197952,-37,-0.13875,13,0.04875,21172,47.637,0
2026-04-08,15:18:41.731849,197984,-40,-0.15,19,0.07125,21172,47.637,0
2026-04-08,15:18:43.051918,198281,-33,-0.12375,20,0.075,21171,47.63475,0
2026-04-08,15:18:43.051918,198410,-40,-0.15,17,0.06375,21171,47.63475,0
2026-04-08,15:18:43.051918,198441,-38,-0.1425,18,0.0675,21170,47.6325,0
2026-04-08,15:18:43.051918,198473,-36,-0.135,20,0.075,21172,47.637,0
2026-04-08,15:18:43.051918,198505,-36,-0.135,18,0.0675,21173,47.63925,0
2026-04-08,15:18:43.051918,198536,-42,-0.1575,20,0.075,21173,47.63925,0
2026-04-08,15:18:43.051918,198568,-35,-0.13125,26,0.0975,21173,47.63925,0
2026-04-08,15:18:43.051918,198599,-35,-0.13125,18,0.0675,21172,47.637,0
2026-04-08,15:18:43.051918,198630,-36,-0.135,16,0.06,21172,47.637,0
2026-04-08,15:18:43.051918,198662,-38,-0.1425,14,0.0525,21172,47.637,0
2026-04-08,15:18:43.051918,198693,-35,-0.13125,13,0.04875,21172,47.637,0
2026-04-08,15:18:43.051918,198724,-38,-0.1425,21,0.07875,21173,47.63925,0
2026-04-08,15:18:43.051918,198755,-29,-0.10875,17,0.06375,21171,47.63475,0
2026-04-08,15:18:43.051918,198787,-36,-0.135,20,0.075,21172,47.637,0
2026-04-08,15:18:43.051918,198819,-41,-0.15375,19,0.07125,21172,47.637,0
2026-04-08,15:18:43.051918,198850,-30,-0.1125,18,0.0675,21171,47.63475,0
2026-04-08,15:18:43.051918,198882,-23,-0.08625,15,0.05625,21173,47.63925,0
2026-04-08,15:18:43.051918,198913,-30,-0.1125,23,0.08625,21172,47.637,0
2026-04-08,15:18:43.051918,198944,-37,-0.13875,14,0.0525,21171,47.63475,0
2026-04-08,15:18:43.051918,198976,-29,-0.10875,24,0.09,21173,47.63925,0
2026-04-08,15:18:43.976898,199414,-25,-0.09375,32,0.12,21171,47.63475,0
2026-04-08,15:18:43.976898,199543,-31,-0.11625,24,0.09,21172,47.637,0
2026-04-08,15:18:43.976898,199575,-32,-0.12,20,0.075,21171,47.63475,0
2026-04-08,15:18:43.976898,199607,-34,-0.1275,16,0.06,21170,47.6325,0
2026-04-08,15:18:43.976898,199639,-29,-0.10875,18,0.0675,21172,47.637,0
2026-04-08,15:18:43.976898,199670,-37,-0.13875,21,0.07875,21171,47.63475,0
2026-04-08,15:18:43.976898,199702,-32,-0.12,14,0.0525,21171,47.63475,0
2026-04-08,15:18:43.976898,199733,-36,-0.135,4,0.015,21173,47.63925,0
2026-04-08,15:18:43.976898,199764,-44,-0.165,8,0.03,21171,47.63475,0
2026-04-08,15:18:43.976898,199796,-35,-0.13125,15,0.05625,21173,47.63925,0
2026-04-08,15:18:43.976898,199827,-34,-0.1275,25,0.09375,21171,47.63475,0
2026-04-08,15:18:43.976898,199859,-44,-0.165,19,0.07125,21173,47.63925,0
2026-04-08,15:18:43.976898,199890,-39,-0.14625,21,0.07875,21173,47.63925,0
2026-04-08,15:18:43.976898,199922,-39,-0.14625,20,0.075,21172,47.637,0
2026-04-08,15:18:43.976898,199953,-43,-0.16125,21,0.07875,21172,47.637,0
2026-04-08,15:18:43.976898,199984,-37,-0.13875,15,0.05625,21172,47.637,0
2026-04-08,15:18:43.976898,200016,-37,-0.13875,17,0.06375,21173,47.63925,0
2026-04-08,15:18:43.976898,200047,-36,-0.135,20,0.075,21173,47.63925,0
2026-04-08,15:18:43.976898,200079,-34,-0.1275,21,0.07875,21173,47.63925,0
2026-04-08,15:18:43.976898,200110,-30,-0.1125,21,0.07875,21170,47.6325,0
2026-04-08,15:18:44.801238,200338,-43,-0.16125,11,0.04125,21171,47.63475,0
2026-04-08,15:18:44.801238,200467,-35,-0.13125,22,0.0825,21172,47.637,0
2026-04-08,15:18:44.801238,200500,-35,-0.13125,20,0.075,21173,47.63925,0
2026-04-08,15:18:44.801238,200531,-38,-0.1425,24,0.09,21173,47.63925,0
2026-04-08,15:18:44.801238,200563,-37,-0.13875,26,0.0975,21173,47.63925,0
2026-04-08,15:18:44.801238,200594,-30,-0.1125,16,0.06,21172,47.637,0
2026-04-08,15:18:44.801238,200626,-41,-0.15375,15,0.05625,21173,47.63925,0
2026-04-08,15:18:44.801238,200657,-38,-0.1425,15,0.05625,21172,47.637,0
2026-04-08,15:18:44.801238,200688,-40,-0.15,13,0.04875,21172,47.637,0
2026-04-08,15:18:44.801238,200720,-39,-0.14625,21,0.07875,21174,47.6415,0
2026-04-08,15:18:44.801238,200751,-34,-0.1275,14,0.0525,21171,47.63475,0
2026-04-08,15:18:44.801238,200782,-34,-0.1275,16,0.06,21172,47.637,0
2026-04-08,15:18:44.801238,200814,-34,-0.1275,9,0.03375,21171,47.63475,0
2026-04-08,15:18:44.801238,200845,-32,-0.12,16,0.06,21172,47.637,0
2026-04-08,15:18:44.801238,200877,-36,-0.135,10,0.0375,21172,47.637,0
2026-04-08,15:18:44.801238,200908,-30,-0.1125,19,0.07125,21172,47.637,0
2026-04-08,15:18:44.801238,200940,-33,-0.12375,19,0.07125,21171,47.63475,0
2026-04-08,15:18:44.801238,200971,-42,-0.1575,18,0.0675,21171,47.63475,0
2026-04-08,15:18:44.801238,201002,-35,-0.13125,15,0.05625,21173,47.63925,0
2026-04-08,15:18:44.801238,201034,-36,-0.135,12,0.045,21172,47.637,0
2026-04-08,15:18:45.707310,201163,-38,-0.1425,13,0.04875,21172,47.637,0
2026-04-08,15:18:45.707310,201291,-26,-0.0975,15,0.05625,21173,47.63925,0
2026-04-08,15:18:45.707310,201323,-29,-0.10875,15,0.05625,21172,47.637,0
2026-04-08,15:18:45.707310,201354,-36,-0.135,16,0.06,21171,47.63475,0
2026-04-08,15:18:45.707310,201386,-46,-0.1725,17,0.06375,21173,47.63925,0
2026-04-08,15:18:45.707310,201417,-40,-0.15,11,0.04125,21172,47.637,0
2026-04-08,15:18:45.707310,201449,-34,-0.1275,13,0.04875,21172,47.637,0
2026-04-08,15:18:45.707310,201481,-40,-0.15,15,0.05625,21172,47.637,0
2026-04-08,15:18:45.707310,201513,-35,-0.13125,17,0.06375,21173,47.63925,0
2026-04-08,15:18:45.707310,201545,-34,-0.1275,21,0.07875,21173,47.63925,0
2026-04-08,15:18:45.707310,201577,-34,-0.1275,14,0.0525,21173,47.63925,0
2026-04-08,15:18:45.707310,201608,-46,-0.1725,15,0.05625,21173,47.63925,0
2026-04-08,15:18:45.707310,201640,-27,-0.10125,24,0.09,21171,47.63475,0
2026-04-08,15:18:45.707310,201672,-37,-0.13875,19,0.07125,21173,47.63925,0
2026-04-08,15:18:45.707310,201703,-35,-0.13125,12,0.045,21173,47.63925,0
2026-04-08,15:18:45.707310,201735,-35,-0.13125,8,0.03,21172,47.637,0
2026-04-08,15:18:45.707310,201767,-39,-0.14625,20,0.075,21171,47.63475,0
2026-04-08,15:18:45.707310,201799,-36,-0.135,24,0.09,21172,47.637,0
2026-04-08,15:18:45.707310,201830,-39,-0.14625,18,0.0675,21171,47.63475,0
2026-04-08,15:18:45.707310,201862,-33,-0.12375,17,0.06375,21173,47.63925,0
2026-04-08,15:18:46.546680,202086,-34,-0.1275,24,0.09,21172,47.637,0
2026-04-08,15:18:46.546680,202215,-36,-0.135,17,0.06375,21172,47.637,0
2026-04-08,15:18:46.546680,202247,-36,-0.135,24,0.09,21171,47.63475,0
2026-04-08,15:18:46.546680,202278,-41,-0.15375,17,0.06375,21173,47.63925,0
2026-04-08,15:18:46.546680,202309,-36,-0.135,23,0.08625,21171,47.63475,0
2026-04-08,15:18:46.546680,202342,-40,-0.15,23,0.08625,21172,47.637,0
2026-04-08,15:18:46.546680,202374,-29,-0.10875,21,0.07875,21172,47.637,0
2026-04-08,15:18:46.546680,202405,-34,-0.1275,16,0.06,21171,47.63475,0
2026-04-08,15:18:46.546680,202436,-41,-0.15375,12,0.045,21173,47.63925,0
2026-04-08,15:18:46.546680,202468,-43,-0.16125,23,0.08625,21172,47.637,0
2026-04-08,15:18:46.546680,202500,-41,-0.15375,20,0.075,21173,47.63925,0
2026-04-08,15:18:46.546680,202531,-28,-0.105,25,0.09375,21170,47.6325,0
2026-04-08,15:18:46.546680,202562,-35,-0.13125,23,0.08625,21171,47.63475,0
2026-04-08,15:18:46.546680,202594,-28,-0.105,22,0.0825,21173,47.63925,0
2026-04-08,15:18:46.546680,202625,-22,-0.0825,15,0.05625,21172,47.637,0
2026-04-08,15:18:46.546680,202657,-32,-0.12,24,0.09,21173,47.63925,0
2026-04-08,15:18:46.546680,202688,-28,-0.105,26,0.0975,21171,47.63475,0
2026-04-08,15:18:46.546680,202719,-34,-0.1275,21,0.07875,21173,47.63925,0
2026-04-08,15:18:46.546680,202751,-36,-0.135,18,0.0675,21173,47.63925,0
2026-04-08,15:18:46.546680,202782,-32,-0.12,18,0.0675,21173,47.63925,0
2026-04-08,15:18:47.456391,202907,-33,-0.12375,12,0.045,21172,47.637,0
2026-04-08,15:18:47.456391,203035,-34,-0.1275,18,0.0675,21172,47.637,0
2026-04-08,15:18:47.456391,203067,-36,-0.135,23,0.08625,21173,47.63925,0
2026-04-08,15:18:47.456391,203099,-38,-0.1425,20,0.075,21172,47.637,0
2026-04-08,15:18:47.456391,203130,-41,-0.15375,25,0.09375,21172,47.637,0
2026-04-08,15:18:47.456391,203161,-44,-0.165,14,0.0525,21172,47.637,0
2026-04-08,15:18:47.456391,203193,-39,-0.14625,16,0.06,21172,47.637,0
2026-04-08,15:18:47.456391,203224,-39,-0.14625,22,0.0825,21173,47.63925,0
2026-04-08,15:18:47.456391,203255,-38,-0.1425,21,0.07875,21172,47.637,0
2026-04-08,15:18:47.456391,203287,-38,-0.1425,18,0.0675,21172,47.637,0
2026-04-08,15:18:47.456391,203319,-37,-0.13875,19,0.07125,21172,47.637,0
2026-04-08,15:18:47.456391,203350,-34,-0.1275,20,0.075,21173,47.63925,0
2026-04-08,15:18:47.456391,203382,-37,-0.13875,23,0.08625,21172,47.637,0
2026-04-08,15:18:47.456391,203413,-41,-0.15375,20,0.075,21172,47.637,0
2026-04-08,15:18:47.456391,203444,-50,-0.1875,15,0.05625,21173,47.63925,0
2026-04-08,15:18:47.456391,203476,-25,-0.09375,14,0.0525,21171,47.63475,0
2026-04-08,15:18:47.456391,203507,-36,-0.135,13,0.04875,21171,47.63475,0
2026-04-08,15:18:47.456391,203538,-31,-0.11625,17,0.06375,21173,47.63925,0
2026-04-08,15:18:47.456391,203570,-31,-0.11625,15,0.05625,21173,47.63925,0
2026-04-08,15:18:47.456391,203601,-32,-0.12,20,0.075,21173,47.63925,0
2026-04-08,15:18:48.287905,203815,-42,-0.1575,14,0.0525,21173,47.63925,0
2026-04-08,15:18:48.287905,203944,-35,-0.13125,16,0.06,21172,47.637,0
2026-04-08,15:18:48.287905,203976,-29,-0.10875,17,0.06375,21172,47.637,0
2026-04-08,15:18:48.287905,204007,-30,-0.1125,15,0.05625,21172,47.637,0
2026-04-08,15:18:48.287905,204039,-33,-0.12375,11,0.04125,21173,47.63925,0
2026-04-08,15:18:48.287905,204070,-27,-0.10125,12,0.045,21172,47.637,0
2026-04-08,15:18:48.287905,204102,-35,-0.13125,20,0.075,21172,47.637,0
2026-04-08,15:18:48.287905,204133,-36,-0.135,19,0.07125,21172,47.637,0
2026-04-08,15:18:48.287905,204164,-32,-0.12,18,0.0675,21171,47.63475,0
2026-04-08,15:18:48.287905,204196,-31,-0.11625,11,0.04125,21174,47.6415,0
2026-04-08,15:18:48.287905,204228,-33,-0.12375,13,0.04875,21173,47.63925,0
2026-04-08,15:18:48.287905,204259,-39,-0.14625,19,0.07125,21173,47.63925,0
2026-04-08,15:18:48.287905,204291,-36,-0.135,17,0.06375,21173,47.63925,0
2026-04-08,15:18:48.287905,204322,-31,-0.11625,15,0.05625,21173,47.63925,0
2026-04-08,15:18:48.287905,204353,-36,-0.135,9,0.03375,21172,47.637,0
2026-04-08,15:18:48.287905,204384,-35,-0.13125,15,0.05625,21171,47.63475,0
2026-04-08,15:18:48.287905,204416,-38,-0.1425,19,0.07125,21172,47.637,0
2026-04-08,15:18:48.287905,204447,-39,-0.14625,13,0.04875,21173,47.63925,0
2026-04-08,15:18:48.287905,204479,-36,-0.135,21,0.07875,21173,47.63925,0
2026-04-08,15:18:48.287905,204510,-32,-0.12,23,0.08625,21173,47.63925,0
2026-04-08,15:18:49.188265,204649,-41,-0.15375,20,0.075,21173,47.63925,0
2026-04-08,15:18:49.188265,204778,-35,-0.13125,14,0.0525,21173,47.63925,0
2026-04-08,15:18:49.188265,204810,-35,-0.13125,15,0.05625,21172,47.637,0
2026-04-08,15:18:49.188265,204841,-36,-0.135,23,0.08625,21172,47.637,0
2026-04-08,15:18:49.188265,204873,-39,-0.14625,17,0.06375,21172,47.637,0
2026-04-08,15:18:49.188265,204904,-33,-0.12375,17,0.06375,21172,47.637,0
2026-04-08,15:18:49.188265,204936,-31,-0.11625,26,0.0975,21173,47.63925,0
2026-04-08,15:18:49.188265,204967,-31,-0.11625,20,0.075,21173,47.63925,0
2026-04-08,15:18:49.188265,204998,-34,-0.1275,14,0.0525,21172,47.637,0
2026-04-08,15:18:49.188265,205030,-32,-0.12,17,0.06375,21171,47.63475,0
2026-04-08,15:18:49.188265,205061,-35,-0.13125,20,0.075,21172,47.637,0
2026-04-08,15:18:49.188265,205093,-38,-0.1425,19,0.07125,21172,47.637,0
2026-04-08,15:18:49.188265,205124,-30,-0.1125,16,0.06,21173,47.63925,0
2026-04-08,15:18:49.188265,205156,-31,-0.11625,16,0.06,21170,47.6325,0
2026-04-08,15:18:49.188265,205187,-32,-0.12,16,0.06,21172,47.637,0
2026-04-08,15:18:49.188265,205219,-41,-0.15375,13,0.04875,21171,47.63475,0
2026-04-08,15:18:49.188265,205250,-34,-0.1275,21,0.07875,21172,47.637,0
2026-04-08,15:18:49.188265,205281,-35,-0.13125,22,0.0825,21173,47.63925,0
2026-04-08,15:18:49.188265,205313,-34,-0.1275,16,0.06,21172,47.637,0
2026-04-08,15:18:49.188265,205344,-31,-0.11625,14,0.0525,21172,47.637,0
2026-04-08,15:18:52.997237,205548,-41,-0.15375,16,0.06,21172,47.637,0
2026-04-08,15:18:52.997237,205677,-36,-0.135,12,0.045,21172,47.637,0
2026-04-08,15:18:52.997237,205709,-34,-0.1275,15,0.05625,21172,47.637,0
2026-04-08,15:18:52.997237,205740,-31,-0.11625,16,0.06,21173,47.63925,0
2026-04-08,15:18:52.997237,205772,-26,-0.0975,12,0.045,21171,47.63475,0
2026-04-08,15:18:52.997237,205803,-36,-0.135,17,0.06375,21172,47.637,0
2026-04-08,15:18:52.997237,205835,-30,-0.1125,14,0.0525,21171,47.63475,0
2026-04-08,15:18:52.997237,205866,-36,-0.135,15,0.05625,21171,47.63475,0
2026-04-08,15:18:52.997237,205897,-33,-0.12375,15,0.05625,21173,47.63925,0
2026-04-08,15:18:52.997237,205929,-41,-0.15375,16,0.06,21173,47.63925,0
2026-04-08,15:18:52.997237,205960,-36,-0.135,15,0.05625,21172,47.637,0
2026-04-08,15:18:52.997237,205992,-39,-0.14625,16,0.06,21172,47.637,0
2026-04-08,15:18:52.997237,206023,-36,-0.135,16,0.06,21173,47.63925,0
2026-04-08,15:18:52.997237,206055,-37,-0.13875,18,0.0675,21172,47.637,0
2026-04-08,15:18:52.997237,206086,-38,-0.1425,21,0.07875,21172,47.637,0
2026-04-08,15:18:52.997237,206117,-32,-0.12,13,0.04875,21173,47.63925,0
2026-04-08,15:18:52.997237,206149,-37,-0.13875,12,0.045,21173,47.63925,0
2026-04-08,15:18:52.997237,206180,-39,-0.14625,12,0.045,21171,47.63475,0
2026-04-08,15:18:52.997237,206212,-36,-0.135,15,0.05625,21172,47.637,0
2026-04-08,15:18:52.997237,206243,-38,-0.1425,21,0.07875,21173,47.63925,0
2026-04-08,15:18:53.820029,209384,-37,-0.13875,17,0.06375,21172,47.637,0
2026-04-08,15:18:53.820029,209514,-39,-0.14625,12,0.045,21170,47.6325,0
2026-04-08,15:18:53.820029,209546,-39,-0.14625,17,0.06375,21171,47.63475,0
2026-04-08,15:18:53.820029,209577,-37,-0.13875,16,0.06,21172,47.637,0
2026-04-08,15:18:53.820029,209609,-39,-0.14625,16,0.06,21170,47.6325,0
2026-04-08,15:18:53.820029,209640,-37,-0.13875,16,0.06,21172,47.637,0
2026-04-08,15:18:53.820029,209672,-38,-0.1425,13,0.04875,21171,47.63475,0
2026-04-08,15:18:53.820029,209703,-34,-0.1275,18,0.0675,21171,47.63475,0
2026-04-08,15:18:53.820029,209735,-39,-0.14625,20,0.075,21172,47.637,0
2026-04-08,15:18:53.820029,209766,-35,-0.13125,20,0.075,21172,47.637,0
2026-04-08,15:18:53.820029,209797,-36,-0.135,21,0.07875,21172,47.637,0
2026-04-08,15:18:53.820029,209829,-38,-0.1425,19,0.07125,21173,47.63925,0
2026-04-08,15:18:53.820029,209860,-39,-0.14625,14,0.0525,21171,47.63475,0
2026-04-08,15:18:53.820029,209892,-40,-0.15,21,0.07875,21172,47.637,0
2026-04-08,15:18:53.820029,209923,-43,-0.16125,22,0.0825,21171,47.63475,0
2026-04-08,15:18:53.820029,209955,-34,-0.1275,20,0.075,21172,47.637,0
2026-04-08,15:18:53.820029,209986,-35,-0.13125,18,0.0675,21170,47.6325,0
2026-04-08,15:18:53.820029,210017,-29,-0.10875,12,0.045,21173,47.63925,0
2026-04-08,15:18:53.820029,210049,-25,-0.09375,16,0.06,21172,47.637,0
2026-04-08,15:18:53.820029,210080,-32,-0.12,20,0.075,21171,47.63475,0
2026-04-08,15:18:54.856726,210181,-33,-0.12375,14,0.0525,21172,47.637,0
2026-04-08,15:18:54.856726,210309,-36,-0.135,11,0.04125,21172,47.637,0
2026-04-08,15:18:54.856726,210341,-33,-0.12375,15,0.05625,21172,47.637,0
2026-04-08,15:18:54.856726,210373,-36,-0.135,6,0.0225,21171,47.63475,0
2026-04-08,15:18:54.856726,210404,-35,-0.13125,15,0.05625,21171,47.63475,0
2026-04-08,15:18:54.856726,210436,-28,-0.105,17,0.06375,21172,47.637,0
2026-04-08,15:18:54.856726,210467,-36,-0.135,17,0.06375,21172,47.637,0
2026-04-08,15:18:54.856726,210499,-28,-0.105,20,0.075,21172,47.637,0
2026-04-08,15:18:54.856726,210530,-33,-0.12375,11,0.04125,21172,47.637,0
2026-04-08,15:18:54.856726,210561,-27,-0.10125,12,0.045,21172,47.637,0
2026-04-08,15:18:54.856726,210593,-31,-0.11625,11,0.04125,21171,47.63475,0
2026-04-08,15:18:54.856726,210624,-34,-0.1275,31,0.11625,21172,47.637,0
2026-04-08,15:18:54.856726,210656,-34,-0.1275,15,0.05625,21172,47.637,0
2026-04-08,15:18:54.856726,210687,-33,-0.12375,15,0.05625,21172,47.637,0
2026-04-08,15:18:54.856726,210718,-29,-0.10875,19,0.07125,21173,47.63925,0
2026-04-08,15:18:54.856726,210750,-29,-0.10875,18,0.0675,21172,47.637,0
2026-04-08,15:18:54.856726,210781,-30,-0.1125,15,0.05625,21171,47.63475,0
2026-04-08,15:18:54.856726,210813,-36,-0.135,22,0.0825,21172,47.637,0
2026-04-08,15:18:54.856726,210844,-36,-0.135,19,0.07125,21171,47.63475,0
2026-04-08,15:18:54.856726,210876,-38,-0.1425,25,0.09375,21172,47.637,0
2026-04-08,15:18:55.761488,211277,-45,-0.16875,12,0.045,21171,47.63475,0
2026-04-08,15:18:55.761488,211406,-40,-0.15,13,0.04875,21172,47.637,0
2026-04-08,15:18:55.761488,211438,-33,-0.12375,21,0.07875,21171,47.63475,0
2026-04-08,15:18:55.761488,211470,-34,-0.1275,17,0.06375,21171,47.63475,0
2026-04-08,15:18:55.761488,211501,-41,-0.15375,12,0.045,21171,47.63475,0
2026-04-08,15:18:55.761488,211532,-32,-0.12,22,0.0825,21170,47.6325,0
2026-04-08,15:18:55.761488,211564,-29,-0.10875,17,0.06375,21173,47.63925,0
2026-04-08,15:18:55.761488,211595,-33,-0.12375,19,0.07125,21171,47.63475,0
2026-04-08,15:18:55.761488,211626,-35,-0.13125,12,0.045,21172,47.637,0
2026-04-08,15:18:55.761488,211658,-35,-0.13125,16,0.06,21172,47.637,0
2026-04-08,15:18:55.761488,211689,-38,-0.1425,13,0.04875,21172,47.637,0
2026-04-08,15:18:55.761488,211721,-40,-0.15,16,0.06,21171,47.63475,0
2026-04-08,15:18:55.761488,211752,-39,-0.14625,16,0.06,21171,47.63475,0
2026-04-08,15:18:55.761488,211784,-32,-0.12,11,0.04125,21172,47.637,0
2026-04-08,15:18:55.761488,211815,-36,-0.135,15,0.05625,21171,47.63475,0
2026-04-08,15:18:55.761488,211846,-32,-0.12,19,0.07125,21171,47.63475,0
2026-04-08,15:18:55.761488,211878,-39,-0.14625,16,0.06,21173,47.63925,0
2026-04-08,15:18:55.761488,211909,-36,-0.135,21,0.07875,21170,47.6325,0
2026-04-08,15:18:55.761488,211940,-36,-0.135,18,0.0675,21171,47.63475,0
2026-04-08,15:18:55.761488,211972,-40,-0.15,14,0.0525,21172,47.637,0
2026-04-08,15:18:56.574546,212123,-30,-0.1125,17,0.06375,21172,47.637,0
2026-04-08,15:18:56.574546,212252,-35,-0.13125,12,0.045,21172,47.637,0
2026-04-08,15:18:56.574546,212284,-40,-0.15,14,0.0525,21171,47.63475,0
2026-04-08,15:18:56.574546,212316,-41,-0.15375,13,0.04875,21171,47.63475,0
2026-04-08,15:18:56.574546,212347,-30,-0.1125,10,0.0375,21172,47.637,0
2026-04-08,15:18:56.574546,212379,-38,-0.1425,14,0.0525,21173,47.63925,0
2026-04-08,15:18:56.574546,212410,-40,-0.15,15,0.05625,21171,47.63475,0
2026-04-08,15:18:56.574546,212442,-39,-0.14625,16,0.06,21172,47.637,0
2026-04-08,15:18:56.574546,212473,-31,-0.11625,17,0.06375,21172,47.637,0
2026-04-08,15:18:56.574546,212505,-37,-0.13875,7,0.02625,21172,47.637,0
2026-04-08,15:18:56.574546,212536,-46,-0.1725,7,0.02625,21172,47.637,0
2026-04-08,15:18:56.574546,212567,-34,-0.1275,8,0.03,21173,47.63925,0
2026-04-08,15:18:56.574546,212599,-37,-0.13875,17,0.06375,21172,47.637,0
2026-04-08,15:18:56.574546,212630,-35,-0.13125,15,0.05625,21172,47.637,0
2026-04-08,15:18:56.574546,212661,-40,-0.15,18,0.0675,21173,47.63925,0
2026-04-08,15:18:56.574546,212693,-37,-0.13875,17,0.06375,21172,47.637,0
2026-04-08,15:18:56.574546,212724,-41,-0.15375,17,0.06375,21171,47.63475,0
2026-04-08,15:18:56.574546,212756,-31,-0.11625,18,0.0675,21171,47.63475,0
2026-04-08,15:18:56.574546,212787,-36,-0.135,22,0.0825,21172,47.637,0
2026-04-08,15:18:56.574546,212818,-41,-0.15375,17,0.06375,21172,47.637,0
2026-04-08,15:18:57.498077,212940,-34,-0.1275,11,0.04125,21172,47.637,0
2026-04-08,15:18:57.498077,213069,-31,-0.11625,19,0.07125,21171,47.63475,0
2026-04-08,15:18:57.498077,213102,-38,-0.1425,22,0.0825,21171,47.63475,0
2026-04-08,15:18:57.498077,213134,-27,-0.10125,18,0.0675,21170,47.6325,0
2026-04-08,15:18:57.498077,213165,-39,-0.14625,17,0.06375,21171,47.63475,0
2026-04-08,15:18:57.498077,213196,-44,-0.165,22,0.0825,21172,47.637,0
2026-04-08,15:18:57.498077,213228,-42,-0.1575,16,0.06,21172,47.637,0
2026-04-08,15:18:57.498077,213259,-33,-0.12375,14,0.0525,21173,47.63925,0
2026-04-08,15:18:57.498077,213290,-36,-0.135,24,0.09,21172,47.637,0
2026-04-08,15:18:57.498077,213322,-38,-0.1425,14,0.0525,21172,47.637,0
2026-04-08,15:18:57.498077,213353,-31,-0.11625,14,0.0525,21173,47.63925,0
2026-04-08,15:18:57.498077,213385,-33,-0.12375,3772,14.145,20581,46.30725,0
2026-04-08,15:18:57.498077,213416,11703,43.88625,11789,44.20875,20543,46.22175,0
2026-04-08,15:18:57.498077,213448,11682,43.8075,11775,44.15625,20529,46.19025,0
2026-04-08,15:18:57.498077,213479,11668,43.755,11768,44.13,20521,46.17225,0
2026-04-08,15:18:57.498077,213511,11658,43.7175,11755,44.08125,20516,46.161,0
2026-04-08,15:18:57.498077,213542,11650,43.6875,11750,44.0625,20513,46.15425,0
2026-04-08,15:18:57.498077,213573,11646,43.6725,11751,44.06625,20511,46.14975,0
2026-04-08,15:18:57.498077,213605,11641,43.65375,11740,44.025,20510,46.1475,0
2026-04-08,15:18:57.498077,213636,11631,43.61625,11735,44.00625,20507,46.14075,0
2026-04-08,15:18:58.531484,214049,11576,43.41,11689,43.83375,20498,46.1205,0
2026-04-08,15:18:58.531484,214184,11555,43.33125,11662,43.7325,20496,46.116,0
2026-04-08,15:18:58.531484,214216,11555,43.33125,11657,43.71375,20496,46.116,0
2026-04-08,15:18:58.531484,214247,11549,43.30875,11654,43.7025,20496,46.116,0
2026-04-08,15:18:58.531484,214279,11549,43.30875,11645,43.66875,20496,46.116,0
2026-04-08,15:18:58.531484,214310,11541,43.27875,11647,43.67625,20495,46.11375,0
2026-04-08,15:18:58.531484,214342,11542,43.2825,11647,43.67625,20494,46.1115,0
2026-04-08,15:18:58.531484,214373,11546,43.2975,11640,43.65,20494,46.1115,0
2026-04-08,15:18:58.531484,214404,11539,43.27125,11639,43.64625,20495,46.11375,0
2026-04-08,15:18:58.531484,214436,11543,43.28625,11631,43.61625,20493,46.10925,0
2026-04-08,15:18:58.531484,214467,11540,43.275,11637,43.63875,20492,46.107,0
2026-04-08,15:18:58.531484,214498,11526,43.2225,11628,43.605,20493,46.10925,0
2026-04-08,15:18:58.531484,214530,11528,43.23,11621,43.57875,20492,46.107,0
2026-04-08,15:18:58.531484,214561,11528,43.23,11626,43.5975,20491,46.10475,0
2026-04-08,15:18:58.531484,214593,11526,43.2225,11618,43.5675,20491,46.10475,0
2026-04-08,15:18:58.531484,214624,11523,43.21125,11612,43.545,20491,46.10475,0
2026-04-08,15:18:58.531484,214656,11518,43.1925,11615,43.55625,20491,46.10475,0
2026-04-08,15:18:58.531484,214687,11513,43.17375,11603,43.51125,20490,46.1025,0
2026-04-08,15:18:58.531484,214718,11510,43.1625,11608,43.53,20490,46.1025,0
2026-04-08,15:18:58.531484,214750,11505,43.14375,11608,43.53,20490,46.1025,0
2026-04-08,15:18:59.376601,214893,11498,43.1175,11590,43.4625,20488,46.098,0
2026-04-08,15:18:59.376601,215028,11486,43.0725,11571,43.39125,20487,46.09575,0
2026-04-08,15:18:59.376601,215061,11483,43.06125,11582,43.4325,20487,46.09575,0
2026-04-08,15:18:59.376601,215092,11479,43.04625,11578,43.4175,20487,46.09575,0
2026-04-08,15:18:59.376601,215123,11474,43.0275,11574,43.4025,20486,46.0935,0
2026-04-08,15:18:59.376601,215155,11475,43.03125,11576,43.41,20486,46.0935,0
2026-04-08,15:18:59.376601,215187,11472,43.02,11570,43.3875,20485,46.09125,0
2026-04-08,15:18:59.376601,215218,11468,43.005,11570,43.3875,20486,46.0935,0
2026-04-08,15:18:59.376601,215249,11463,42.98625,11560,43.35,20484,46.089,0
2026-04-08,15:18:59.376601,215281,11469,43.00875,11563,43.36125,20485,46.09125,0
2026-04-08,15:18:59.376601,215312,11466,42.9975,11558,43.3425,20485,46.09125,0
2026-04-08,15:18:59.376601,215343,11459,42.97125,11558,43.3425,20484,46.089,0
2026-04-08,15:18:59.376601,215375,11457,42.96375,11550,43.3125,20484,46.089,0
2026-04-08,15:18:59.376601,215406,11455,42.95625,11555,43.33125,20483,46.08675,0
2026-04-08,15:18:59.376601,215438,11446,42.9225,11550,43.3125,20483,46.08675,0
2026-04-08,15:18:59.376601,215469,11452,42.945,11553,43.32375,20482,46.0845,0
2026-04-08,15:18:59.376601,215501,11447,42.92625,11546,43.2975,20483,46.08675,0
2026-04-08,15:18:59.376601,215532,11442,42.9075,11540,43.275,20484,46.089,0
2026-04-08,15:18:59.376601,215564,11445,42.91875,11540,43.275,20482,46.0845,0
2026-04-08,15:18:59.376601,215595,11437,42.88875,11533,43.24875,20482,46.0845,0
2026-04-08,15:19:00.264959,215783,11429,42.85875,11525,43.21875,20479,46.07775,0
2026-04-08,15:19:00.264959,215918,11418,42.8175,11516,43.185,20479,46.07775,0
2026-04-08,15:19:00.264959,215950,11419,42.82125,11517,43.18875,20479,46.07775,0
2026-04-08,15:19:00.264959,215982,11414,42.8025,11513,43.17375,20478,46.0755,0
2026-04-08,15:19:00.264959,216013,11420,42.825,11512,43.17,20478,46.0755,0
2026-04-08,15:19:00.264959,216044,11412,42.795,11510,43.1625,20479,46.07775,0
2026-04-08,15:19:00.264959,216076,11407,42.77625,11509,43.15875,20477,46.07325,0
2026-04-08,15:19:00.264959,216107,11406,42.7725,11510,43.1625,20478,46.0755,0
2026-04-08,15:19:00.264959,216138,11404,42.765,11509,43.15875,20477,46.07325,0
2026-04-08,15:19:00.264959,216170,11403,42.76125,11503,43.13625,20478,46.0755,0
2026-04-08,15:19:00.264959,216202,11399,42.74625,11492,43.095,20476,46.071,0
2026-04-08,15:19:00.264959,216233,11396,42.735,11494,43.1025,20477,46.07325,0
2026-04-08,15:19:00.264959,216264,11399,42.74625,11498,43.1175,20476,46.071,0
2026-04-08,15:19:00.264959,216296,11382,42.6825,11499,43.12125,20475,46.06875,0
2026-04-08,15:19:00.264959,216327,11387,42.70125,11487,43.07625,20476,46.071,0
2026-04-08,15:19:00.264959,216358,11385,42.69375,11495,43.10625,20475,46.06875,0
2026-04-08,15:19:00.264959,216390,11382,42.6825,11491,43.09125,20474,46.0665,0
2026-04-08,15:19:00.264959,216421,11381,42.67875,11488,43.08,20474,46.0665,0
2026-04-08,15:19:00.264959,216452,11386,42.6975,11483,43.06125,20476,46.071,0
2026-04-08,15:19:00.264959,216484,11388,42.705,11484,43.065,20474,46.0665,0
2026-04-08,15:19:01.380723,216625,11378,42.6675,11468,43.005,20473,46.06425,0
2026-04-08,15:19:01.380723,216761,11360,42.6,11467,43.00125,20471,46.05975,0
2026-04-08,15:19:01.380723,216793,11365,42.61875,11472,43.02,20472,46.062,0
2026-04-08,15:19:01.380723,216825,11361,42.60375,11460,42.975,20472,46.062,0
2026-04-08,15:19:01.380723,216856,11356,42.585,11455,42.95625,20471,46.05975,0
2026-04-08,15:19:01.380723,216888,11364,42.615,11454,42.9525,20472,46.062,0
2026-04-08,15:19:01.380723,216919,11363,42.61125,11453,42.94875,20472,46.062,0
2026-04-08,15:19:01.380723,216950,11355,42.58125,11454,42.9525,20471,46.05975,0
2026-04-08,15:19:01.380723,216981,11356,42.585,11454,42.9525,20470,46.0575,0
2026-04-08,15:19:01.380723,217013,11351,42.56625,11451,42.94125,20470,46.0575,0
2026-04-08,15:19:01.380723,217044,11351,42.56625,11447,42.92625,20469,46.05525,0
2026-04-08,15:19:01.380723,217076,11347,42.55125,11445,42.91875,20470,46.0575,0
2026-04-08,15:19:01.380723,217107,11343,42.53625,11450,42.9375,20468,46.053,0
2026-04-08,15:19:01.380723,217139,11349,42.55875,11445,42.91875,20469,46.05525,0
2026-04-08,15:19:01.380723,217170,11348,42.555,11439,42.89625,20470,46.0575,0
2026-04-08,15:19:01.380723,217202,11348,42.555,11439,42.89625,20469,46.05525,0
2026-04-08,15:19:01.380723,217233,11344,42.54,11434,42.8775,20469,46.05525,0
2026-04-08,15:19:01.380723,217264,11338,42.5175,11442,42.9075,20468,46.053,0
2026-04-08,15:19:01.380723,217296,11341,42.52875,11437,42.88875,20467,46.05075,0
2026-04-08,15:19:01.380723,217327,11337,42.51375,11431,42.86625,20468,46.053,0
2026-04-08,15:19:02.247348,217741,11312,42.42,11406,42.7725,20463,46.04175,0
2026-04-08,15:19:02.247348,217876,11306,42.3975,11396,42.735,20464,46.044,0
2026-04-08,15:19:02.247348,217909,11309,42.40875,11399,42.74625,20463,46.04175,0
2026-04-08,15:19:02.247348,217940,11302,42.3825,11393,42.72375,20464,46.044,0
2026-04-08,15:19:02.247348,217971,11300,42.375,11395,42.73125,20463,46.04175,0
2026-04-08,15:19:02.247348,218003,11302,42.3825,11388,42.705,20462,46.0395,0
2026-04-08,15:19:02.247348,218034,11304,42.39,11393,42.72375,20462,46.0395,0
2026-04-08,15:19:02.247348,218066,11303,42.38625,11383,42.68625,20462,46.0395,0
2026-04-08,15:19:02.247348,218097,11287,42.32625,11386,42.6975,20463,46.04175,0
2026-04-08,15:19:02.247348,218129,11292,42.345,11389,42.70875,20463,46.04175,0
2026-04-08,15:19:02.247348,218160,11288,42.33,11382,42.6825,20461,46.03725,0
2026-04-08,15:19:02.247348,218191,11287,42.32625,11386,42.6975,20462,46.0395,0
2026-04-08,15:19:02.247348,218223,11287,42.32625,11384,42.69,20461,46.03725,0
2026-04-08,15:19:02.247348,218254,11280,42.3,11382,42.6825,20460,46.035,0
2026-04-08,15:19:02.247348,218286,11284,42.315,11377,42.66375,20460,46.035,0
2026-04-08,15:19:02.247348,218317,11289,42.33375,11383,42.68625,20459,46.03275,0
2026-04-08,15:19:02.247348,218348,11284,42.315,11382,42.6825,20459,46.03275,0
2026-04-08,15:19:02.247348,218380,11277,42.28875,11374,42.6525,20460,46.035,0
2026-04-08,15:19:02.247348,218411,11281,42.30375,11370,42.6375,20459,46.03275,0
2026-04-08,15:19:02.247348,218443,11278,42.2925,11370,42.6375,20460,46.035,0
2026-04-08,15:19:05.393348,218650,11261,42.22875,11365,42.61875,20458,46.0305,0
2026-04-08,15:19:05.393348,218786,11257,42.21375,11367,42.62625,20457,46.02825,0
2026-04-08,15:19:05.393348,218817,11260,42.225,11360,42.6,20457,46.02825,0
2026-04-08,15:19:05.393348,218849,11258,42.2175,11364,42.615,20458,46.0305,0
2026-04-08,15:19:05.393348,218880,11263,42.23625,11349,42.55875,20457,46.02825,0
2026-04-08,15:19:05.393348,218911,11254,42.2025,11348,42.555,20455,46.02375,0
2026-04-08,15:19:05.393348,218943,11260,42.225,11347,42.55125,20456,46.026,0
2026-04-08,15:19:05.393348,218975,11248,42.18,11354,42.5775,20456,46.026,0
2026-04-08,15:19:05.393348,219006,11246,42.1725,11358,42.5925,20454,46.0215,0
2026-04-08,15:19:05.393348,219037,11248,42.18,11351,42.56625,20456,46.026,0
2026-04-08,15:19:05.393348,219069,11254,42.2025,11350,42.5625,20456,46.026,0
2026-04-08,15:19:05.393348,219100,11249,42.18375,11343,42.53625,20454,46.0215,0
2026-04-08,15:19:05.393348,219131,11249,42.18375,11345,42.54375,20455,46.02375,0
2026-04-08,15:19:05.393348,219163,11241,42.15375,11341,42.52875,20454,46.0215,0
2026-04-08,15:19:05.393348,219194,11243,42.16125,11344,42.54,20454,46.0215,0
2026-04-08,15:19:05.393348,219226,11236,42.135,11341,42.52875,20455,46.02375,0
2026-04-08,15:19:05.393348,219257,11239,42.14625,11337,42.51375,20454,46.0215,0
2026-04-08,15:19:05.393348,219289,11234,42.1275,11330,42.4875,20453,46.01925,0
2026-04-08,15:19:05.393348,219320,11232,42.12,11333,42.49875,20453,46.01925,0
2026-04-08,15:19:05.393348,219352,11235,42.13125,11331,42.49125,20453,46.01925,0
2026-04-08,15:19:05.393348,220835,11166,41.8725,11272,42.27,20442,45.9945,0
2026-04-08,15:19:05.393348,220970,11168,41.88,11255,42.20625,20442,45.9945,0
2026-04-08,15:19:05.393348,221003,11166,41.8725,11262,42.2325,20440,45.99,0
2026-04-08,15:19:05.393348,221034,11158,41.8425,11259,42.22125,20442,45.9945,0
2026-04-08,15:19:05.393348,221065,11155,41.83125,11256,42.21,20440,45.99,0
2026-04-08,15:19:05.393348,221097,11155,41.83125,11256,42.21,20442,45.9945,0
2026-04-08,15:19:05.393348,221129,11153,41.82375,11258,42.2175,20440,45.99,0
2026-04-08,15:19:05.393348,221160,11153,41.82375,11261,42.22875,20442,45.9945,0
2026-04-08,15:19:05.393348,221191,11146,41.7975,11254,42.2025,20439,45.98775,0
2026-04-08,15:19:05.393348,221223,11154,41.8275,11255,42.20625,20440,45.99,0
2026-04-08,15:19:05.393348,221254,11153,41.82375,11255,42.20625,20439,45.98775,0
2026-04-08,15:19:05.393348,221285,11158,41.8425,11254,42.2025,20439,45.98775,0
2026-04-08,15:19:05.393348,221317,11151,41.81625,11252,42.195,20439,45.98775,0
2026-04-08,15:19:05.393348,221348,11147,41.80125,11244,42.165,20440,45.99,0
2026-04-08,15:19:05.393348,221380,11149,41.80875,11245,42.16875,20440,45.99,0
2026-04-08,15:19:05.393348,221411,11146,41.7975,11261,42.22875,20438,45.9855,0
2026-04-08,15:19:05.393348,221443,11146,41.7975,11249,42.18375,20438,45.9855,0
2026-04-08,15:19:05.393348,221474,11139,41.77125,11247,42.17625,20438,45.9855,0
2026-04-08,15:19:05.393348,221506,11148,41.805,11239,42.14625,20437,45.98325,0
2026-04-08,15:19:05.393348,221537,11147,41.80125,11240,42.15,20437,45.98325,0
2026-04-08,15:19:06.293434,221772,11133,41.74875,11233,42.12375,20436,45.981,0
2026-04-08,15:19:06.293434,221908,11125,41.71875,11222,42.0825,20436,45.981,0
2026-04-08,15:19:06.293434,221940,11130,41.7375,11219,42.07125,20436,45.981,0
2026-04-08,15:19:06.293434,221971,11125,41.71875,11221,42.07875,20436,45.981,0
2026-04-08,15:19:06.293434,222003,11122,41.7075,11221,42.07875,20434,45.9765,0
2026-04-08,15:19:06.293434,222035,11120,41.7,11212,42.045,20434,45.9765,0
2026-04-08,15:19:06.293434,222067,11118,41.6925,11211,42.04125,20434,45.9765,0
2026-04-08,15:19:06.293434,222098,11116,41.685,11219,42.07125,20434,45.9765,0
2026-04-08,15:19:06.293434,222130,11123,41.71125,11214,42.0525,20434,45.9765,0
2026-04-08,15:19:06.293434,222162,11131,41.74125,11209,42.03375,20434,45.9765,0
2026-04-08,15:19:06.293434,222193,11116,41.685,11213,42.04875,20434,45.9765,0
2026-04-08,15:19:06.293434,222226,11125,41.71875,11218,42.0675,20434,45.9765,0
2026-04-08,15:19:06.293434,222257,11117,41.68875,11211,42.04125,20433,45.97425,0
2026-04-08,15:19:06.293434,222288,11116,41.685,11215,42.05625,20432,45.972,0
2026-04-08,15:19:06.293434,222320,11112,41.67,11206,42.0225,20433,45.97425,0
2026-04-08,15:19:06.293434,222351,11112,41.67,11204,42.015,20433,45.97425,0
2026-04-08,15:19:06.293434,222382,11109,41.65875,11203,42.01125,20432,45.972,0
2026-04-08,15:19:06.293434,222414,11116,41.685,11205,42.01875,20432,45.972,0
2026-04-08,15:19:06.293434,222445,11106,41.6475,11199,41.99625,20432,45.972,0
2026-04-08,15:19:06.293434,222477,11110,41.6625,11207,42.02625,20432,45.972,0
2026-04-08,15:19:07.132509,222654,11099,41.62125,11201,42.00375,20430,45.9675,0
2026-04-08,15:19:07.132509,222789,11096,41.61,11187,41.95125,20429,45.96525,0
2026-04-08,15:19:07.132509,222820,11092,41.595,11194,41.9775,20429,45.96525,0
2026-04-08,15:19:07.132509,222852,11094,41.6025,11189,41.95875,20430,45.9675,0
2026-04-08,15:19:07.132509,222883,11094,41.6025,11199,41.99625,20429,45.96525,0
2026-04-08,15:19:07.132509,222915,11091,41.59125,11187,41.95125,20429,45.96525,0
2026-04-08,15:19:07.132509,222946,11090,41.5875,11188,41.955,20429,45.96525,0
2026-04-08,15:19:07.132509,222978,11087,41.57625,11188,41.955,20429,45.96525,0
2026-04-08,15:19:07.132509,223009,11084,41.565,11187,41.95125,20430,45.9675,0
2026-04-08,15:19:07.132509,223041,11081,41.55375,11187,41.95125,20428,45.963,0
2026-04-08,15:19:07.132509,223072,11078,41.5425,11186,41.9475,20427,45.96075,0
2026-04-08,15:19:07.132509,223104,11082,41.5575,11183,41.93625,20427,45.96075,0
2026-04-08,15:19:07.132509,223135,11083,41.56125,11183,41.93625,20428,45.963,0
2026-04-08,15:19:07.132509,223167,11085,41.56875,11182,41.9325,20428,45.963,0
2026-04-08,15:19:07.132509,223198,11081,41.55375,11177,41.91375,20428,45.963,0
2026-04-08,15:19:07.132509,223229,11080,41.55,11179,41.92125,20427,45.96075,0
2026-04-08,15:19:07.132509,223261,11084,41.565,11180,41.925,20427,45.96075,0
2026-04-08,15:19:07.132509,223292,11075,41.53125,11182,41.9325,20427,45.96075,0
2026-04-08,15:19:07.132509,223324,11072,41.52,11177,41.91375,20426,45.9585,0
2026-04-08,15:19:07.132509,223355,11071,41.51625,11173,41.89875,20426,45.9585,0
2026-04-08,15:19:07.941315,223493,11077,41.53875,11171,41.89125,20425,45.95625,0
2026-04-08,15:19:07.941315,223628,11068,41.505,11173,41.89875,20424,45.954,0
2026-04-08,15:19:07.941315,223661,11068,41.505,11170,41.8875,20424,45.954,0
2026-04-08,15:19:07.941315,223692,11067,41.50125,11160,41.85,20423,45.95175,0
2026-04-08,15:19:07.941315,223724,11064,41.49,11156,41.835,20424,45.954,0
2026-04-08,15:19:07.941315,223755,11072,41.52,11159,41.84625,20422,45.9495,0
2026-04-08,15:19:07.941315,223787,11068,41.505,11162,41.8575,20423,45.95175,0
2026-04-08,15:19:07.941315,223818,11066,41.4975,11159,41.84625,20423,45.95175,0
2026-04-08,15:19:07.941315,223850,11063,41.48625,11159,41.84625,20423,45.95175,0
2026-04-08,15:19:07.941315,223881,11063,41.48625,11157,41.83875,20422,45.9495,0
2026-04-08,15:19:07.941315,223912,11063,41.48625,11159,41.84625,20422,45.9495,0
2026-04-08,15:19:07.941315,223944,11065,41.49375,11153,41.82375,20422,45.9495,0
2026-04-08,15:19:07.941315,223975,11058,41.4675,11148,41.805,20422,45.9495,0
2026-04-08,15:19:07.941315,224007,11057,41.46375,11157,41.83875,20421,45.94725,0
2026-04-08,15:19:07.941315,224038,11063,41.48625,11156,41.835,20422,45.9495,0
2026-04-08,15:19:07.941315,224070,11061,41.47875,11153,41.82375,20422,45.9495,0
2026-04-08,15:19:07.941315,224101,11059,41.47125,11152,41.82,20421,45.94725,0
2026-04-08,15:19:07.941315,224132,11060,41.475,11140,41.775,20421,45.94725,0
2026-04-08,15:19:07.941315,224164,11043,41.41125,11149,41.80875,20422,45.9495,0
2026-04-08,15:19:07.941315,224196,11052,41.445,11151,41.81625,20419,45.94275,0
2026-04-08,15:19:08.960029,224392,11038,41.3925,11143,41.78625,20419,45.94275,0
2026-04-08,15:19:08.960029,224527,11036,41.385,11142,41.7825,20419,45.94275,0
2026-04-08,15:19:08.960029,224558,11032,41.37,11131,41.74125,20418,45.9405,0
2026-04-08,15:19:08.960029,224590,11034,41.3775,11139,41.77125,20419,45.94275,0
2026-04-08,15:19:08.960029,224622,11028,41.355,11122,41.7075,20418,45.9405,0
2026-04-08,15:19:08.960029,224653,11035,41.38125,11135,41.75625,20418,45.9405,0
2026-04-08,15:19:08.960029,224685,11033,41.37375,11128,41.73,20419,45.94275,0
2026-04-08,15:19:08.960029,224716,11029,41.35875,11127,41.72625,20419,45.94275,0
2026-04-08,15:19:08.960029,224747,11024,41.34,11124,41.715,20418,45.9405,0
2026-04-08,15:19:08.960029,224779,11025,41.34375,11124,41.715,20417,45.93825,0
2026-04-08,15:19:08.960029,224810,11027,41.35125,11122,41.7075,20416,45.936,0
2026-04-08,15:19:08.960029,224842,11024,41.34,11118,41.6925,20416,45.936,0
2026-04-08,15:19:08.960029,224873,11022,41.3325,11116,41.685,20417,45.93825,0
2026-04-08,15:19:08.960029,224905,11028,41.355,11118,41.6925,20417,45.93825,0
2026-04-08,15:19:08.960029,224936,11021,41.32875,11113,41.67375,20416,45.936,0
2026-04-08,15:19:08.960029,224967,11015,41.30625,11120,41.7,20417,45.93825,0
2026-04-08,15:19:08.960029,224999,11019,41.32125,11121,41.70375,20417,45.93825,0
2026-04-08,15:19:08.960029,225030,11016,41.31,11116,41.685,20415,45.93375,0
2026-04-08,15:19:08.960029,225061,11019,41.32125,11117,41.68875,20416,45.936,0
2026-04-08,15:19:08.960029,225093,11019,41.32125,11123,41.71125,20417,45.93825,0
2026-04-08,15:19:09.782279,225320,11014,41.3025,11119,41.69625,20413,45.92925,0
2026-04-08,15:19:09.782279,225455,11005,41.26875,11104,41.64,20413,45.92925,0
2026-04-08,15:19:09.782279,225487,11007,41.27625,11112,41.67,20413,45.92925,0
2026-04-08,15:19:09.782279,225519,10997,41.23875,11109,41.65875,20412,45.927,0
2026-04-08,15:19:09.782279,225550,11009,41.28375,11110,41.6625,20413,45.92925,0
2026-04-08,15:19:09.782279,225581,11006,41.2725,11105,41.64375,20412,45.927,0
2026-04-08,15:19:09.782279,225613,11001,41.25375,11104,41.64,20413,45.92925,0
2026-04-08,15:19:09.782279,225645,11002,41.2575,11106,41.6475,20412,45.927,0
2026-04-08,15:19:09.782279,225676,11001,41.25375,11106,41.6475,20413,45.92925,0
2026-04-08,15:19:09.782279,225708,11003,41.26125,11108,41.655,20412,45.927,0
2026-04-08,15:19:09.782279,225739,10998,41.2425,11093,41.59875,20412,45.927,0
2026-04-08,15:19:09.782279,225770,10999,41.24625,11101,41.62875,20411,45.92475,0
2026-04-08,15:19:09.782279,225802,10998,41.2425,11098,41.6175,20411,45.92475,0
2026-04-08,15:19:09.782279,225833,10996,41.235,11095,41.60625,20410,45.9225,0
2026-04-08,15:19:09.782279,225864,11000,41.25,11091,41.59125,20409,45.92025,0
2026-04-08,15:19:09.782279,225896,10991,41.21625,11092,41.595,20409,45.92025,0
2026-04-08,15:19:09.782279,225928,10986,41.1975,11090,41.5875,20410,45.9225,0
2026-04-08,15:19:09.782279,225959,10987,41.20125,11082,41.5575,20410,45.9225,0
2026-04-08,15:19:09.782279,225990,10994,41.2275,11083,41.56125,20410,45.9225,0
2026-04-08,15:19:09.782279,226022,10983,41.18625,11085,41.56875,20411,45.92475,0
2026-04-08,15:19:10.810395,226142,10985,41.19375,11086,41.5725,20409,45.92025,0
2026-04-08,15:19:10.810395,226277,10978,41.1675,11080,41.55,20409,45.92025,0
2026-04-08,15:19:10.810395,226310,10987,41.20125,11086,41.5725,20408,45.918,0
2026-04-08,15:19:10.810395,226341,10983,41.18625,11081,41.55375,20408,45.918,0
2026-04-08,15:19:10.810395,226373,10977,41.16375,11078,41.5425,20408,45.918,0
2026-04-08,15:19:10.810395,226404,10971,41.14125,11075,41.53125,20406,45.9135,0
2026-04-08,15:19:10.810395,226436,10972,41.145,11072,41.52,20407,45.91575,0
2026-04-08,15:19:10.810395,226467,10970,41.1375,11073,41.52375,20407,45.91575,0
2026-04-08,15:19:10.810395,226498,10980,41.175,11084,41.565,20407,45.91575,0
2026-04-08,15:19:10.810395,226530,10976,41.16,11076,41.535,20406,45.9135,0
2026-04-08,15:19:10.810395,226561,10973,41.14875,11066,41.4975,20406,45.9135,0
2026-04-08,15:19:10.810395,226593,10965,41.11875,11067,41.50125,20405,45.91125,0
2026-04-08,15:19:10.810395,226624,10974,41.1525,11072,41.52,20406,45.9135,0
2026-04-08,15:19:10.810395,226656,10971,41.14125,11071,41.51625,20405,45.91125,0
2026-04-08,15:19:10.810395,226687,10969,41.13375,11070,41.5125,20406,45.9135,0
2026-04-08,15:19:10.810395,226719,10968,41.13,11073,41.52375,20406,45.9135,0
2026-04-08,15:19:10.810395,226750,10973,41.14875,11068,41.505,20406,45.9135,0
2026-04-08,15:19:10.810395,226781,10962,41.1075,11069,41.50875,20404,45.909,0
2026-04-08,15:19:10.810395,226813,10965,41.11875,11071,41.51625,20405,45.91125,0
2026-04-08,15:19:10.810395,226844,10965,41.11875,11070,41.5125,20404,45.909,0
2026-04-08,15:19:11.730057,227250,10956,41.085,11048,41.43,20402,45.9045,0
2026-04-08,15:19:11.730057,227385,10947,41.05125,11048,41.43,20402,45.9045,0
2026-04-08,15:19:11.730057,227416,10942,41.0325,11047,41.42625,20401,45.90225,0
2026-04-08,15:19:11.730057,227448,10948,41.055,11050,41.4375,20401,45.90225,0
2026-04-08,15:19:11.730057,227479,10943,41.03625,11045,41.41875,20399,45.89775,0
2026-04-08,15:19:11.730057,227510,10944,41.04,11046,41.4225,20401,45.90225,0
2026-04-08,15:19:11.730057,227542,10955,41.08125,11043,41.41125,20401,45.90225,0
2026-04-08,15:19:11.730057,227574,10945,41.04375,11044,41.415,20400,45.9,0
2026-04-08,15:19:11.730057,227605,10948,41.055,11042,41.4075,20400,45.9,0
2026-04-08,15:19:11.730057,227636,10946,41.0475,11040,41.4,20400,45.9,0
2026-04-08,15:19:11.730057,227668,10948,41.055,11044,41.415,20399,45.89775,0
2026-04-08,15:19:11.730057,227699,10939,41.02125,11040,41.4,20399,45.89775,0
2026-04-08,15:19:11.730057,227730,10932,40.995,11039,41.39625,20400,45.9,0
2026-04-08,15:19:11.730057,227762,10939,41.02125,11040,41.4,20400,45.9,0
2026-04-08,15:19:11.730057,227793,10944,41.04,11045,41.41875,20399,45.89775,0
2026-04-08,15:19:11.730057,227824,10943,41.03625,11040,41.4,20399,45.89775,0
2026-04-08,15:19:11.730057,227856,10943,41.03625,11034,41.3775,20399,45.89775,0
2026-04-08,15:19:11.730057,227888,10933,40.99875,11041,41.40375,20399,45.89775,0
2026-04-08,15:19:11.730057,227919,10931,40.99125,11034,41.3775,20399,45.89775,0
2026-04-08,15:19:11.730057,227951,10932,40.995,11035,41.38125,20398,45.8955,0
2026-04-08,15:19:12.571203,228094,10930,40.9875,11025,41.34375,20398,45.8955,0
2026-04-08,15:19:12.571203,228229,10926,40.9725,11026,41.3475,20396,45.891,0
2026-04-08,15:19:12.571203,228262,10930,40.9875,11024,41.34,20396,45.891,0
2026-04-08,15:19:12.571203,228293,10926,40.9725,11019,41.32125,20395,45.88875,0
2026-04-08,15:19:12.571203,228324,10920,40.95,11028,41.355,20396,45.891,0
2026-04-08,15:19:12.571203,228356,10921,40.95375,11021,41.32875,20396,45.891,0
2026-04-08,15:19:12.571203,228387,10924,40.965,11020,41.325,20395,45.88875,0
2026-04-08,15:19:12.571203,228419,10919,40.94625,11010,41.2875,20395,45.88875,0
2026-04-08,15:19:12.571203,228450,10926,40.9725,11021,41.32875,20394,45.8865,0
2026-04-08,15:19:12.571203,228482,10925,40.96875,11014,41.3025,20394,45.8865,0
2026-04-08,15:19:12.571203,228513,10923,40.96125,11020,41.325,20394,45.8865,0
2026-04-08,15:19:12.571203,228544,10921,40.95375,11016,41.31,20394,45.8865,0
2026-04-08,15:19:12.571203,228576,10918,40.9425,11025,41.34375,20395,45.88875,0
2026-04-08,15:19:12.571203,228607,10917,40.93875,11012,41.295,20395,45.88875,0
2026-04-08,15:19:12.571203,228638,10911,40.91625,11012,41.295,20393,45.88425,0
2026-04-08,15:19:12.571203,228670,10910,40.9125,11005,41.26875,20394,45.8865,0
2026-04-08,15:19:12.571203,228701,10910,40.9125,11017,41.31375,20395,45.88875,0
2026-04-08,15:19:12.571203,228733,10916,40.935,11012,41.295,20393,45.88425,0
2026-04-08,15:19:12.571203,228764,10918,40.9425,11016,41.31,20394,45.8865,0
2026-04-08,15:19:12.571203,228796,10914,40.9275,11007,41.27625,20392,45.882,0
2026-04-08,15:19:13.474371,229000,10911,40.91625,11004,41.265,20392,45.882,0
2026-04-08,15:19:13.474371,229135,10900,40.875,11005,41.26875,20391,45.87975,0
2026-04-08,15:19:13.474371,229166,10897,40.86375,10998,41.2425,20390,45.8775,0
2026-04-08,15:19:13.474371,229198,10895,40.85625,10998,41.2425,20391,45.87975,0
2026-04-08,15:19:13.474371,229230,10897,40.86375,11003,41.26125,20390,45.8775,0
2026-04-08,15:19:13.474371,229261,10896,40.86,11002,41.2575,20391,45.87975,0
2026-04-08,15:19:13.474371,229293,10897,40.86375,10994,41.2275,20391,45.87975,0
2026-04-08,15:19:13.474371,229324,10899,40.87125,10998,41.2425,20389,45.87525,0
2026-04-08,15:19:13.474371,229355,10891,40.84125,10989,41.20875,20390,45.8775,0
2026-04-08,15:19:13.474371,229387,10898,40.8675,10993,41.22375,20390,45.8775,0
2026-04-08,15:19:13.474371,229418,10890,40.8375,10996,41.235,20389,45.87525,0
2026-04-08,15:19:13.474371,229449,10898,40.8675,10992,41.22,20389,45.87525,0
2026-04-08,15:19:13.474371,229481,10892,40.845,10998,41.2425,20390,45.8775,0
2026-04-08,15:19:13.474371,229512,10884,40.815,10991,41.21625,20389,45.87525,0
2026-04-08,15:19:13.474371,229544,10887,40.82625,10994,41.2275,20389,45.87525,0
2026-04-08,15:19:13.474371,229575,10900,40.875,10992,41.22,20388,45.873,0
2026-04-08,15:19:13.474371,229607,10889,40.83375,10989,41.20875,20388,45.873,0
2026-04-08,15:19:13.474371,229638,10881,40.80375,10983,41.18625,20387,45.87075,0
2026-04-08,15:19:13.474371,229669,10883,40.81125,10991,41.21625,20389,45.87525,0
2026-04-08,15:19:13.474371,229701,10880,40.8,10982,41.1825,20387,45.87075,0
2026-04-08,15:19:14.288305,229834,10886,40.8225,10979,41.17125,20387,45.87075,0
2026-04-08,15:19:14.288305,229970,10883,40.81125,10978,41.1675,20387,45.87075,0
2026-04-08,15:19:14.288305,230002,10883,40.81125,10978,41.1675,20385,45.86625,0
2026-04-08,15:19:14.288305,230034,10883,40.81125,10979,41.17125,20385,45.86625,0
2026-04-08,15:19:14.288305,230065,10875,40.78125,10977,41.16375,20385,45.86625,0
2026-04-08,15:19:14.288305,230097,10868,40.755,10979,41.17125,20385,45.86625,0
2026-04-08,15:19:14.288305,230128,10876,40.785,10981,41.17875,20385,45.86625,0
2026-04-08,15:19:14.288305,230159,10872,40.77,10980,41.175,20385,45.86625,0
2026-04-08,15:19:14.288305,230191,10876,40.785,10981,41.17875,20384,45.864,0
2026-04-08,15:19:14.288305,230222,10881,40.80375,10968,41.13,20385,45.86625,0
2026-04-08,15:19:14.288305,230254,10880,40.8,10965,41.11875,20384,45.864,0
2026-04-08,15:19:14.288305,230285,10876,40.785,10967,41.12625,20384,45.864,0
2026-04-08,15:19:14.288305,230317,10869,40.75875,10968,41.13,20384,45.864,0
2026-04-08,15:19:14.288305,230348,10873,40.77375,10965,41.11875,20383,45.86175,0
2026-04-08,15:19:14.288305,230379,10867,40.75125,10966,41.1225,20383,45.86175,0
2026-04-08,15:19:14.288305,230411,10866,40.7475,10971,41.14125,20384,45.864,0
2026-04-08,15:19:14.288305,230442,10864,40.74,10963,41.11125,20384,45.864,0
2026-04-08,15:19:14.288305,230474,10866,40.7475,10956,41.085,20382,45.8595,0
2026-04-08,15:19:14.288305,230505,10868,40.755,10961,41.10375,20384,45.864,0
2026-04-08,15:19:14.288305,230537,10861,40.72875,10962,41.1075,20383,45.86175,0
2026-04-08,15:19:15.211484,230649,10863,40.73625,10962,41.1075,20381,45.85725,0
2026-04-08,15:19:15.211484,230784,10858,40.7175,10952,41.07,20381,45.85725,0
2026-04-08,15:19:15.211484,230816,10854,40.7025,10948,41.055,20381,45.85725,0
2026-04-08,15:19:15.211484,230848,10856,40.71,10950,41.0625,20381,45.85725,0
2026-04-08,15:19:15.211484,230879,10857,40.71375,10952,41.07,20380,45.855,0
2026-04-08,15:19:15.211484,230910,10860,40.725,10951,41.06625,20380,45.855,0
2026-04-08,15:19:15.211484,230942,10851,40.69125,10944,41.04,20381,45.85725,0
2026-04-08,15:19:15.211484,230974,10852,40.695,10950,41.0625,20381,45.85725,0
2026-04-08,15:19:15.211484,231005,10853,40.69875,10946,41.0475,20380,45.855,0
2026-04-08,15:19:15.211484,231036,10858,40.7175,10950,41.0625,20379,45.85275,0
2026-04-08,15:19:15.211484,231068,10858,40.7175,10956,41.085,20379,45.85275,0
2026-04-08,15:19:15.211484,231099,10851,40.69125,10943,41.03625,20379,45.85275,0
2026-04-08,15:19:15.211484,231131,10847,40.67625,10938,41.0175,20379,45.85275,0
2026-04-08,15:19:15.211484,231162,10852,40.695,10941,41.02875,20380,45.855,0
2026-04-08,15:19:15.211484,231193,10851,40.69125,10947,41.05125,20380,45.855,0
2026-04-08,15:19:15.211484,231225,10846,40.6725,10944,41.04,20378,45.8505,0
2026-04-08,15:19:15.211484,231256,10846,40.6725,10940,41.025,20377,45.84825,0
2026-04-08,15:19:15.211484,231288,10846,40.6725,10947,41.05125,20379,45.85275,0
2026-04-08,15:19:15.211484,231319,10839,40.64625,10951,41.06625,20379,45.85275,0
2026-04-08,15:19:15.211484,231351,10835,40.63125,10937,41.01375,20377,45.84825,0
2026-04-08,15:19:16.125442,231602,10837,40.63875,10937,41.01375,20377,45.84825,0
2026-04-08,15:19:16.125442,231739,10832,40.62,10928,40.98,20375,45.84375,0
2026-04-08,15:19:16.125442,231770,10837,40.63875,10932,40.995,20376,45.846,0
2026-04-08,15:19:16.125442,231802,10835,40.63125,10927,40.97625,20375,45.84375,0
2026-04-08,15:19:16.125442,231833,10835,40.63125,10923,40.96125,20375,45.84375,0
2026-04-08,15:19:16.125442,231865,10838,40.6425,10928,40.98,20374,45.8415,0
2026-04-08,15:19:16.125442,231896,10828,40.605,10928,40.98,20375,45.84375,0
2026-04-08,15:19:16.125442,231927,10826,40.5975,10927,40.97625,20374,45.8415,0
2026-04-08,15:19:16.125442,231959,10821,40.57875,10923,40.96125,20375,45.84375,0
2026-04-08,15:19:16.125442,231991,10829,40.60875,10933,40.99875,20374,45.8415,0
2026-04-08,15:19:16.125442,232022,10831,40.61625,10925,40.96875,20375,45.84375,0
2026-04-08,15:19:16.125442,232053,10832,40.62,10931,40.99125,20375,45.84375,0
2026-04-08,15:19:16.125442,232085,10831,40.61625,10924,40.965,20373,45.83925,0
2026-04-08,15:19:16.125442,232116,10828,40.605,10923,40.96125,20374,45.8415,0
2026-04-08,15:19:16.125442,232148,10824,40.59,10922,40.9575,20373,45.83925,0
2026-04-08,15:19:16.125442,232179,10830,40.6125,10919,40.94625,20373,45.83925,0
2026-04-08,15:19:16.125442,232210,10819,40.57125,10915,40.93125,20373,45.83925,0
2026-04-08,15:19:16.125442,232242,10825,40.59375,10918,40.9425,20373,45.83925,0
2026-04-08,15:19:16.125442,232273,10814,40.5525,10920,40.95,20372,45.837,0
2026-04-08,15:19:16.125442,232305,10817,40.56375,10920,40.95,20372,45.837,0
2026-04-08,15:19:17.042635,232486,10811,40.54125,10909,40.90875,20371,45.83475,0
2026-04-08,15:19:17.042635,232622,10811,40.54125,10904,40.89,20372,45.837,0
2026-04-08,15:19:17.042635,232653,10815,40.55625,10911,40.91625,20370,45.8325,0
2026-04-08,15:19:17.042635,232685,10807,40.52625,10901,40.87875,20370,45.8325,0
2026-04-08,15:19:17.042635,232717,10806,40.5225,10906,40.8975,20370,45.8325,0
2026-04-08,15:19:17.042635,232748,10807,40.52625,10912,40.92,20370,45.8325,0
2026-04-08,15:19:17.042635,232779,10802,40.5075,10900,40.875,20369,45.83025,0
2026-04-08,15:19:17.042635,232811,10809,40.53375,10906,40.8975,20368,45.828,0
2026-04-08,15:19:17.042635,232842,10814,40.5525,10910,40.9125,20370,45.8325,0
2026-04-08,15:19:17.042635,232874,10810,40.5375,10902,40.8825,20369,45.83025,0
2026-04-08,15:19:17.042635,232905,10803,40.51125,10902,40.8825,20369,45.83025,0
2026-04-08,15:19:17.042635,232936,10801,40.50375,10895,40.85625,20371,45.83475,0
2026-04-08,15:19:17.042635,232968,10804,40.515,10895,40.85625,20369,45.83025,0
2026-04-08,15:19:17.042635,232999,10799,40.49625,10905,40.89375,20368,45.828,0
2026-04-08,15:19:17.042635,233030,10794,40.4775,10894,40.8525,20368,45.828,0
2026-04-08,15:19:17.042635,233062,10811,40.54125,10897,40.86375,20368,45.828,0
2026-04-08,15:19:17.042635,233094,10804,40.515,10896,40.86,20367,45.82575,0
2026-04-08,15:19:17.042635,233125,10797,40.48875,10895,40.85625,20367,45.82575,0
2026-04-08,15:19:17.042635,233156,10797,40.48875,10893,40.84875,20367,45.82575,0
2026-04-08,15:19:17.042635,233188,10801,40.50375,10903,40.88625,20368,45.828,0
2026-04-08,15:19:17.963732,233404,10796,40.485,10889,40.83375,20367,45.82575,0
2026-04-08,15:19:17.963732,233539,10785,40.44375,10889,40.83375,20364,45.819,0
2026-04-08,15:19:17.963732,233571,10790,40.4625,10888,40.83,20365,45.82125,0
2026-04-08,15:19:17.963732,233603,10782,40.4325,10882,40.8075,20365,45.82125,0
2026-04-08,15:19:17.963732,233634,10779,40.42125,10879,40.79625,20364,45.819,0
2026-04-08,15:19:17.963732,233666,10787,40.45125,10879,40.79625,20365,45.82125,0
2026-04-08,15:19:17.963732,233697,10778,40.4175,10884,40.815,20365,45.82125,0
2026-04-08,15:19:17.963732,233729,10784,40.44,10880,40.8,20364,45.819,0
2026-04-08,15:19:17.963732,233760,10778,40.4175,10880,40.8,20364,45.819,0
2026-04-08,15:19:17.963732,233792,10778,40.4175,10878,40.7925,20363,45.81675,0
2026-04-08,15:19:17.963732,233823,10780,40.425,10874,40.7775,20363,45.81675,0
2026-04-08,15:19:17.963732,233854,10777,40.41375,10885,40.81875,20363,45.81675,0
2026-04-08,15:19:17.963732,233886,10788,40.455,10871,40.76625,20365,45.82125,0
2026-04-08,15:19:17.963732,233917,10777,40.41375,10883,40.81125,20363,45.81675,0
2026-04-08,15:19:17.963732,233948,10775,40.40625,10880,40.8,20363,45.81675,0
2026-04-08,15:19:17.963732,233980,10777,40.41375,10875,40.78125,20363,45.81675,0
2026-04-08,15:19:17.963732,234011,10772,40.395,10884,40.815,20362,45.8145,0
2026-04-08,15:19:17.963732,234043,10771,40.39125,10882,40.8075,20363,45.81675,0
2026-04-08,15:19:17.963732,234074,10771,40.39125,10877,40.78875,20362,45.8145,0
2026-04-08,15:19:17.963732,234106,10776,40.41,10877,40.78875,20362,45.8145,0
2026-04-08,15:19:18.797560,234328,10768,40.38,10857,40.71375,20360,45.81,0
2026-04-08,15:19:18.797560,234463,10769,40.38375,10856,40.71,20361,45.81225,0
2026-04-08,15:19:18.797560,234495,10773,40.39875,10873,40.77375,20360,45.81,0
2026-04-08,15:19:18.797560,234527,10761,40.35375,10875,40.78125,20360,45.81,0
2026-04-08,15:19:18.797560,234558,10763,40.36125,10863,40.73625,20360,45.81,0
2026-04-08,15:19:18.797560,234590,10760,40.35,10868,40.755,20360,45.81,0
2026-04-08,15:19:18.797560,234621,10762,40.3575,10857,40.71375,20359,45.80775,0
2026-04-08,15:19:18.797560,234653,10760,40.35,10862,40.7325,20359,45.80775,0
2026-04-08,15:19:18.797560,234684,10755,40.33125,10862,40.7325,20359,45.80775,0
2026-04-08,15:19:18.797560,234716,10762,40.3575,10859,40.72125,20359,45.80775,0
2026-04-08,15:19:18.797560,234747,10757,40.33875,10857,40.71375,20360,45.81,0
2026-04-08,15:19:18.797560,234778,10759,40.34625,10854,40.7025,20359,45.80775,0
2026-04-08,15:19:18.797560,234810,10754,40.3275,10859,40.72125,20358,45.8055,0
2026-04-08,15:19:18.797560,234841,10759,40.34625,10849,40.68375,20358,45.8055,0
2026-04-08,15:19:18.797560,234872,10753,40.32375,10859,40.72125,20357,45.80325,0
2026-04-08,15:19:18.797560,234904,10751,40.31625,10855,40.70625,20357,45.80325,0
2026-04-08,15:19:18.797560,234935,10752,40.32,10852,40.695,20357,45.80325,0
2026-04-08,15:19:18.797560,234967,10752,40.32,10858,40.7175,20357,45.80325,0
2026-04-08,15:19:18.797560,234998,10744,40.29,10853,40.69875,20357,45.80325,0
2026-04-08,15:19:18.797560,235030,10750,40.3125,10859,40.72125,20357,45.80325,0
2026-04-08,15:19:19.622337,235158,10754,40.3275,10854,40.7025,20354,45.7965,0
2026-04-08,15:19:19.622337,235294,10744,40.29,10838,40.6425,20355,45.79875,0
2026-04-08,15:19:19.622337,235326,10740,40.275,10849,40.68375,20355,45.79875,0
2026-04-08,15:19:19.622337,235358,10745,40.29375,10842,40.6575,20354,45.7965,0
2026-04-08,15:19:19.622337,235389,10751,40.31625,10841,40.65375,20354,45.7965,0
2026-04-08,15:19:19.622337,235421,10748,40.305,10841,40.65375,20355,45.79875,0
2026-04-08,15:19:19.622337,235452,10744,40.29,10836,40.635,20354,45.7965,0
2026-04-08,15:19:19.622337,235483,10746,40.2975,10839,40.64625,20355,45.79875,0
2026-04-08,15:19:19.622337,235515,10741,40.27875,10840,40.65,20355,45.79875,0
2026-04-08,15:19:19.622337,235546,10738,40.2675,10837,40.63875,20354,45.7965,0
2026-04-08,15:19:19.622337,235578,10736,40.26,10845,40.66875,20353,45.79425,0
2026-04-08,15:19:19.622337,235609,10732,40.245,10834,40.6275,20354,45.7965,0
2026-04-08,15:19:19.622337,235641,10733,40.24875,10845,40.66875,20354,45.7965,0
2026-04-08,15:19:19.622337,235672,10737,40.26375,10840,40.65,20354,45.7965,0
2026-04-08,15:19:19.622337,235703,10735,40.25625,10839,40.64625,20353,45.79425,0
2026-04-08,15:19:19.622337,235735,10733,40.24875,10837,40.63875,20353,45.79425,0
2026-04-08,15:19:19.622337,235766,10744,40.29,10837,40.63875,20351,45.78975,0
2026-04-08,15:19:19.622337,235798,10735,40.25625,10834,40.6275,20353,45.79425,0
2026-04-08,15:19:19.622337,235829,10732,40.245,10830,40.6125,20352,45.792,0
2026-04-08,15:19:19.622337,235861,10735,40.25625,10840,40.65,20352,45.792,0
2026-04-08,15:19:20.439739,236005,10722,40.2075,10827,40.60125,20351,45.78975,0
2026-04-08,15:19:20.439739,236141,10734,40.2525,10829,40.60875,20350,45.7875,0
2026-04-08,15:19:20.439739,236172,10727,40.22625,10827,40.60125,20352,45.792,0
2026-04-08,15:19:20.439739,236204,10718,40.1925,10823,40.58625,20350,45.7875,0
2026-04-08,15:19:20.439739,236235,10726,40.2225,10823,40.58625,20350,45.7875,0
2026-04-08,15:19:20.439739,236266,10727,40.22625,10829,40.60875,20351,45.78975,0
2026-04-08,15:19:20.439739,236298,10726,40.2225,10827,40.60125,20350,45.7875,0
2026-04-08,15:19:20.439739,236329,10729,40.23375,10815,40.55625,20349,45.78525,0
2026-04-08,15:19:20.439739,236361,10726,40.2225,10821,40.57875,20349,45.78525,0
2026-04-08,15:19:20.439739,236392,10721,40.20375,10820,40.575,20350,45.7875,0
2026-04-08,15:19:20.439739,236423,10714,40.1775,10826,40.5975,20348,45.783,0
2026-04-08,15:19:20.439739,236455,10714,40.1775,10819,40.57125,20349,45.78525,0
2026-04-08,15:19:20.439739,236486,10713,40.17375,10820,40.575,20349,45.78525,0
2026-04-08,15:19:20.439739,236518,10723,40.21125,10811,40.54125,20348,45.783,0
2026-04-08,15:19:20.439739,236549,10717,40.18875,10817,40.56375,20348,45.783,0
2026-04-08,15:19:20.439739,236581,10715,40.18125,10820,40.575,20347,45.78075,0
2026-04-08,15:19:20.439739,236612,10714,40.1775,10812,40.545,20349,45.78525,0
2026-04-08,15:19:20.439739,236643,10718,40.1925,10813,40.54875,20348,45.783,0
2026-04-08,15:19:20.439739,236675,10716,40.185,10805,40.51875,20347,45.78075,0
2026-04-08,15:19:20.439739,236706,10718,40.1925,10813,40.54875,20348,45.783,0
2026-04-08,15:19:21.251924,236802,10708,40.155,10813,40.54875,20346,45.7785,0
2026-04-08,15:19:21.251924,236938,10709,40.15875,10804,40.515,20347,45.78075,0
2026-04-08,15:19:21.251924,236970,10710,40.1625,10806,40.5225,20345,45.77625,0
2026-04-08,15:19:21.251924,237002,10710,40.1625,10804,40.515,20344,45.774,0
2026-04-08,15:19:21.251924,237033,10706,40.1475,10801,40.50375,20346,45.7785,0
2026-04-08,15:19:21.251924,237065,10704,40.14,10800,40.5,20346,45.7785,0
2026-04-08,15:19:21.251924,237096,10707,40.15125,10806,40.5225,20345,45.77625,0
2026-04-08,15:19:21.251924,237127,10708,40.155,10804,40.515,20344,45.774,0
2026-04-08,15:19:21.251924,237159,10696,40.11,10805,40.51875,20346,45.7785,0
2026-04-08,15:19:21.251924,237190,10704,40.14,10798,40.4925,20344,45.774,0
2026-04-08,15:19:21.251924,237222,10696,40.11,10804,40.515,20345,45.77625,0
2026-04-08,15:19:21.251924,237253,10702,40.1325,10803,40.51125,20345,45.77625,0
2026-04-08,15:19:21.251924,237285,10700,40.125,10797,40.48875,20345,45.77625,0
2026-04-08,15:19:21.251924,237316,10705,40.14375,10799,40.49625,20343,45.77175,0
2026-04-08,15:19:21.251924,237347,10706,40.1475,10794,40.4775,20344,45.774,0
2026-04-08,15:19:21.251924,237379,10708,40.155,10804,40.515,20343,45.77175,0
2026-04-08,15:19:21.251924,237410,10704,40.14,10797,40.48875,20344,45.774,0
2026-04-08,15:19:21.251924,237441,10705,40.14375,10796,40.485,20344,45.774,0
2026-04-08,15:19:21.251924,237473,10704,40.14,10797,40.48875,20343,45.77175,0
2026-04-08,15:19:21.251924,237504,10698,40.1175,10796,40.485,20344,45.774,0
2026-04-08,15:19:22.287244,237612,10687,40.07625,10795,40.48125,20341,45.76725,0
2026-04-08,15:19:22.287244,237748,10686,40.0725,10788,40.455,20341,45.76725,0
2026-04-08,15:19:22.287244,237780,10685,40.06875,10795,40.48125,20341,45.76725,0
2026-04-08,15:19:22.287244,237812,10689,40.08375,10784,40.44,20342,45.7695,0
2026-04-08,15:19:22.287244,237843,10687,40.07625,10791,40.46625,20341,45.76725,0
2026-04-08,15:19:22.287244,237874,10687,40.07625,10791,40.46625,20342,45.7695,0
2026-04-08,15:19:22.287244,237906,10688,40.08,10782,40.4325,20340,45.765,0
2026-04-08,15:19:22.287244,237937,10695,40.10625,10785,40.44375,20342,45.7695,0
2026-04-08,15:19:22.287244,237969,10692,40.095,10789,40.45875,20341,45.76725,0
2026-04-08,15:19:22.287244,238000,10694,40.1025,10789,40.45875,20339,45.76275,0
2026-04-08,15:19:22.287244,238032,10687,40.07625,10787,40.45125,20341,45.76725,0
2026-04-08,15:19:22.287244,238063,10691,40.09125,10783,40.43625,20340,45.765,0
2026-04-08,15:19:22.287244,238095,10686,40.0725,10784,40.44,20339,45.76275,0
2026-04-08,15:19:22.287244,238126,10690,40.0875,10778,40.4175,20338,45.7605,0
2026-04-08,15:19:22.287244,238157,10696,40.11,10781,40.42875,20340,45.765,0
2026-04-08,15:19:22.287244,238189,10684,40.065,10779,40.42125,20339,45.76275,0
2026-04-08,15:19:22.287244,238220,10688,40.08,10788,40.455,20339,45.76275,0
2026-04-08,15:19:22.287244,238251,10685,40.06875,10776,40.41,20338,45.7605,0
2026-04-08,15:19:22.287244,238283,10682,40.0575,10782,40.4325,20339,45.76275,0
2026-04-08,15:19:22.287244,238314,10684,40.065,10781,40.42875,20338,45.7605,0
2026-04-08,15:19:23.100802,238649,10666,39.9975,10769,40.38375,20336,45.756,0
2026-04-08,15:19:23.100802,238784,10656,39.96,10770,40.3875,20337,45.75825,0
2026-04-08,15:19:23.100802,238817,10669,40.00875,10769,40.38375,20336,45.756,0
2026-04-08,15:19:23.100802,238848,10680,40.05,10767,40.37625,20337,45.75825,0
2026-04-08,15:19:23.100802,238880,10671,40.01625,10762,40.3575,20335,45.75375,0
2026-04-08,15:19:23.100802,238911,10664,39.99,10765,40.36875,20335,45.75375,0
2026-04-08,15:19:23.100802,238943,10670,40.0125,10760,40.35,20335,45.75375,0
2026-04-08,15:19:23.100802,238974,10671,40.01625,10768,40.38,20335,45.75375,0
2026-04-08,15:19:23.100802,239006,10661,39.97875,10762,40.3575,20335,45.75375,0
2026-04-08,15:19:23.100802,239037,10668,40.005,10768,40.38,20334,45.7515,0
2026-04-08,15:19:23.100802,239068,10660,39.975,10765,40.36875,20335,45.75375,0
2026-04-08,15:19:23.100802,239100,10651,39.94125,10755,40.33125,20333,45.74925,0
2026-04-08,15:19:23.100802,239131,10662,39.9825,10762,40.3575,20334,45.7515,0
2026-04-08,15:19:23.100802,239162,10653,39.94875,10758,40.3425,20334,45.7515,0
2026-04-08,15:19:23.100802,239194,10657,39.96375,10758,40.3425,20334,45.7515,0
2026-04-08,15:19:23.100802,239225,10662,39.9825,10760,40.35,20333,45.74925,0
2026-04-08,15:19:23.100802,239257,10658,39.9675,10761,40.35375,20333,45.74925,0
2026-04-08,15:19:23.100802,239288,10655,39.95625,10756,40.335,20333,45.74925,0
2026-04-08,15:19:23.100802,239320,10658,39.9675,10753,40.32375,20334,45.7515,0
2026-04-08,15:19:23.100802,239351,10657,39.96375,10757,40.33875,20334,45.7515,0
2026-04-08,15:19:23.929680,239463,10662,39.9825,10756,40.335,20332,45.747,0
2026-04-08,15:19:23.929680,239597,10652,39.945,10745,40.29375,20331,45.74475,0
2026-04-08,15:19:23.929680,239628,10651,39.94125,10750,40.3125,20331,45.74475,0
2026-04-08,15:19:23.929680,239660,10646,39.9225,10750,40.3125,20330,45.7425,0
2026-04-08,15:19:23.929680,239691,10649,39.93375,10747,40.30125,20331,45.74475,0
2026-04-08,15:19:23.929680,239723,10638,39.8925,10751,40.31625,20331,45.74475,0
2026-04-08,15:19:23.929680,239754,10650,39.9375,10753,40.32375,20330,45.7425,0
2026-04-08,15:19:23.929680,239785,10647,39.92625,10752,40.32,20332,45.747,0
2026-04-08,15:19:23.929680,239817,10642,39.9075,10755,40.33125,20330,45.7425,0
2026-04-08,15:19:23.929680,239848,10638,39.8925,10751,40.31625,20332,45.747,0
2026-04-08,15:19:23.929680,239880,10647,39.92625,10750,40.3125,20330,45.7425,0
2026-04-08,15:19:23.929680,239911,10650,39.9375,10746,40.2975,20331,45.74475,0
2026-04-08,15:19:23.929680,239943,10644,39.915,10740,40.275,20329,45.74025,0
2026-04-08,15:19:23.929680,239974,10644,39.915,10737,40.26375,20329,45.74025,0
2026-04-08,15:19:23.929680,240005,10639,39.89625,10744,40.29,20330,45.7425,0
2026-04-08,15:19:23.929680,240037,10642,39.9075,10746,40.2975,20329,45.74025,0
2026-04-08,15:19:23.929680,240068,10646,39.9225,10739,40.27125,20329,45.74025,0
2026-04-08,15:19:23.929680,240100,10643,39.91125,10737,40.26375,20329,45.74025,0
2026-04-08,15:19:23.929680,240131,10641,39.90375,10741,40.27875,20328,45.738,0
2026-04-08,15:19:23.929680,240163,10643,39.91125,10737,40.26375,20329,45.74025,0
2026-04-08,15:19:24.844453,240303,10646,39.9225,10739,40.27125,20327,45.73575,0
2026-04-08,15:19:24.844453,240439,10642,39.9075,10732,40.245,20326,45.7335,0
2026-04-08,15:19:24.844453,240470,10638,39.8925,10728,40.23,20327,45.73575,0
2026-04-08,15:19:24.844453,240501,10628,39.855,10728,40.23,20327,45.73575,0
2026-04-08,15:19:24.844453,240533,10631,39.86625,10730,40.2375,20327,45.73575,0
2026-04-08,15:19:24.844453,240564,10632,39.87,10730,40.2375,20327,45.73575,0
2026-04-08,15:19:24.844453,240596,10631,39.86625,10731,40.24125,20327,45.73575,0
2026-04-08,15:19:24.844453,240627,10636,39.885,10729,40.23375,20325,45.73125,0
2026-04-08,15:19:24.844453,240659,10627,39.85125,10731,40.24125,20326,45.7335,0
2026-04-08,15:19:24.844453,240690,10627,39.85125,10720,40.2,20327,45.73575,0
2026-04-08,15:19:24.844453,240721,10625,39.84375,10731,40.24125,20325,45.73125,0
2026-04-08,15:19:24.844453,240753,10630,39.8625,10734,40.2525,20325,45.73125,0
2026-04-08,15:19:24.844453,240784,10624,39.84,10729,40.23375,20326,45.7335,0
2026-04-08,15:19:24.844453,240815,10628,39.855,10734,40.2525,20324,45.729,0
2026-04-08,15:19:24.844453,240847,10628,39.855,10729,40.23375,20326,45.7335,0
2026-04-08,15:19:24.844453,240878,10625,39.84375,10733,40.24875,20324,45.729,0
2026-04-08,15:19:24.844453,240910,10621,39.82875,10724,40.215,20324,45.729,0
2026-04-08,15:19:24.844453,240941,10627,39.85125,10731,40.24125,20324,45.729,0
2026-04-08,15:19:24.844453,240973,10622,39.8325,10732,40.245,20325,45.73125,0
2026-04-08,15:19:24.844453,241004,10616,39.81,10727,40.22625,20325,45.73125,0
2026-04-08,15:19:25.659280,241208,10613,39.79875,10717,40.18875,20322,45.7245,0
2026-04-08,15:19:25.659280,241343,10604,39.765,10718,40.1925,20322,45.7245,0
2026-04-08,15:19:25.659280,241375,10608,39.78,10716,40.185,20323,45.72675,0
2026-04-08,15:19:25.659280,241406,10613,39.79875,10721,40.20375,20323,45.72675,0
2026-04-08,15:19:25.659280,241437,10612,39.795,10716,40.185,20323,45.72675,0
2026-04-08,15:19:25.659280,241469,10612,39.795,10713,40.17375,20321,45.72225,0
2026-04-08,15:19:25.659280,241500,10603,39.76125,10710,40.1625,20321,45.72225,0
2026-04-08,15:19:25.659280,241532,10610,39.7875,10719,40.19625,20321,45.72225,0
2026-04-08,15:19:25.659280,241563,10608,39.78,10714,40.1775,20320,45.72,0
2026-04-08,15:19:25.659280,241594,10615,39.80625,10708,40.155,20319,45.71775,0
2026-04-08,15:19:25.659280,241626,10610,39.7875,10708,40.155,20321,45.72225,0
2026-04-08,15:19:25.659280,241657,10609,39.78375,10708,40.155,20320,45.72,0
2026-04-08,15:19:25.659280,241689,10611,39.79125,10709,40.15875,20321,45.72225,0
2026-04-08,15:19:25.659280,241720,10603,39.76125,10702,40.1325,20320,45.72,0
2026-04-08,15:19:25.659280,241751,10613,39.79875,10705,40.14375,20320,45.72,0
2026-04-08,15:19:25.659280,241783,10601,39.75375,10713,40.17375,20319,45.71775,0
2026-04-08,15:19:25.659280,241814,10605,39.76875,10708,40.155,20319,45.71775,0
2026-04-08,15:19:25.659280,241846,10609,39.78375,10709,40.15875,20320,45.72,0
2026-04-08,15:19:25.659280,241877,10597,39.73875,10703,40.13625,20318,45.7155,0
2026-04-08,15:19:25.659280,241909,10599,39.74625,10701,40.12875,20321,45.72225,0
2026-04-08,15:19:26.589097,242025,10596,39.735,10704,40.14,20317,45.71325,0
2026-04-08,15:19:26.589097,242160,10596,39.735,10697,40.11375,20319,45.71775,0
2026-04-08,15:19:26.589097,242192,10592,39.72,10694,40.1025,20318,45.7155,0
2026-04-08,15:19:26.589097,242223,10589,39.70875,10705,40.14375,20317,45.71325,0
2026-04-08,15:19:26.589097,242254,10592,39.72,10697,40.11375,20318,45.7155,0
2026-04-08,15:19:26.589097,242286,10598,39.7425,10699,40.12125,20317,45.71325,0
2026-04-08,15:19:26.589097,242317,10587,39.70125,10693,40.09875,20318,45.7155,0
2026-04-08,15:19:26.589097,242349,10591,39.71625,10701,40.12875,20317,45.71325,0
2026-04-08,15:19:26.589097,242380,10591,39.71625,10703,40.13625,20317,45.71325,0
2026-04-08,15:19:26.589097,242412,10590,39.7125,10690,40.0875,20316,45.711,0
2026-04-08,15:19:26.589097,242443,10599,39.74625,10693,40.09875,20317,45.71325,0
2026-04-08,15:19:26.589097,242474,10597,39.73875,10694,40.1025,20316,45.711,0
2026-04-08,15:19:26.589097,242506,10589,39.70875,10693,40.09875,20316,45.711,0
2026-04-08,15:19:26.589097,242537,10589,39.70875,10694,40.1025,20316,45.711,0
2026-04-08,15:19:26.589097,242569,10590,39.7125,10693,40.09875,20316,45.711,0
2026-04-08,15:19:26.589097,242600,10580,39.675,10697,40.11375,20316,45.711,0
2026-04-08,15:19:26.589097,242632,10587,39.70125,10685,40.06875,20315,45.70875,0
2026-04-08,15:19:26.589097,242663,10585,39.69375,10691,40.09125,20315,45.70875,0
2026-04-08,15:19:26.589097,242694,10587,39.70125,10686,40.0725,20315,45.70875,0
2026-04-08,15:19:26.589097,242726,10587,39.70125,10690,40.0875,20315,45.70875,0
2026-04-08,15:19:30.657107,243018,10586,39.6975,10684,40.065,20313,45.70425,0
2026-04-08,15:19:30.657107,243153,10574,39.6525,10681,40.05375,20312,45.702,0
2026-04-08,15:19:30.657107,243185,10580,39.675,10684,40.065,20312,45.702,0
2026-04-08,15:19:30.657107,243216,10573,39.64875,10680,40.05,20311,45.69975,0
2026-04-08,15:19:30.657107,243248,10575,39.65625,10676,40.035,20312,45.702,0
2026-04-08,15:19:30.657107,243279,10573,39.64875,10679,40.04625,20313,45.70425,0
2026-04-08,15:19:30.657107,243311,10566,39.6225,10674,40.0275,20312,45.702,0
2026-04-08,15:19:30.657107,243342,10575,39.65625,10681,40.05375,20312,45.702,0
2026-04-08,15:19:30.657107,243373,10571,39.64125,10669,40.00875,20311,45.69975,0
2026-04-08,15:19:30.657107,243405,10570,39.6375,10678,40.0425,20311,45.69975,0
2026-04-08,15:19:30.657107,243436,10575,39.65625,10682,40.0575,20311,45.69975,0
2026-04-08,15:19:30.657107,243468,10569,39.63375,10677,40.03875,20312,45.702,0
2026-04-08,15:19:30.657107,243499,10571,39.64125,10674,40.0275,20311,45.69975,0
2026-04-08,15:19:30.657107,243531,10572,39.645,10676,40.035,20312,45.702,0
2026-04-08,15:19:30.657107,243562,10569,39.63375,10674,40.0275,20310,45.6975,0
2026-04-08,15:19:30.657107,243593,10571,39.64125,10668,40.005,20311,45.69975,0
2026-04-08,15:19:30.657107,243625,10571,39.64125,10668,40.005,20311,45.69975,0
2026-04-08,15:19:30.657107,243656,10570,39.6375,10669,40.00875,20310,45.6975,0
2026-04-08,15:19:30.657107,243688,10567,39.62625,10658,39.9675,20310,45.6975,0
2026-04-08,15:19:30.657107,243719,10572,39.645,10670,40.0125,20309,45.69525,0
2026-04-08,15:19:31.581550,247017,10510,39.4125,10611,39.79125,20291,45.65475,0
2026-04-08,15:19:31.581550,247153,10505,39.39375,10605,39.76875,20291,45.65475,0
2026-04-08,15:19:31.581550,247184,10507,39.40125,10600,39.75,20291,45.65475,0
2026-04-08,15:19:31.581550,247217,10502,39.3825,10607,39.77625,20291,45.65475,0
2026-04-08,15:19:31.581550,247248,10507,39.40125,10601,39.75375,20291,45.65475,0
2026-04-08,15:19:31.581550,247279,10501,39.37875,10601,39.75375,20291,45.65475,0
2026-04-08,15:19:31.581550,247311,10492,39.345,10605,39.76875,20290,45.6525,0
2026-04-08,15:19:31.581550,247342,10498,39.3675,10608,39.78,20290,45.6525,0
2026-04-08,15:19:31.581550,247374,10498,39.3675,10598,39.7425,20291,45.65475,0
2026-04-08,15:19:31.581550,247405,10498,39.3675,10595,39.73125,20290,45.6525,0
2026-04-08,15:19:31.581550,247437,10497,39.36375,10601,39.75375,20290,45.6525,0
2026-04-08,15:19:31.581550,247468,10498,39.3675,10604,39.765,20290,45.6525,0
2026-04-08,15:19:31.581550,247499,10503,39.38625,10607,39.77625,20289,45.65025,0
2026-04-08,15:19:31.581550,247531,10500,39.375,10600,39.75,20289,45.65025,0
2026-04-08,15:19:31.581550,247562,10503,39.38625,10598,39.7425,20289,45.65025,0
2026-04-08,15:19:31.581550,247593,10495,39.35625,10601,39.75375,20290,45.6525,0
2026-04-08,15:19:31.581550,247625,10497,39.36375,10600,39.75,20289,45.65025,0
2026-04-08,15:19:31.581550,247657,10500,39.375,10599,39.74625,20288,45.648,0
2026-04-08,15:19:31.581550,247688,10496,39.36,10586,39.6975,20289,45.65025,0
2026-04-08,15:19:31.581550,247719,10496,39.36,10590,39.7125,20288,45.648,0
2026-04-08,15:19:32.515110,247946,10489,39.33375,10586,39.6975,20287,45.64575,0
2026-04-08,15:19:32.515110,248081,10480,39.3,10586,39.6975,20286,45.6435,0
2026-04-08,15:19:32.515110,248113,10488,39.33,10589,39.70875,20285,45.64125,0
2026-04-08,15:19:32.515110,248145,10484,39.315,10585,39.69375,20284,45.639,0
2026-04-08,15:19:32.515110,248176,10487,39.32625,10585,39.69375,20285,45.64125,0
2026-04-08,15:19:32.515110,248208,10484,39.315,10585,39.69375,20285,45.64125,0
2026-04-08,15:19:32.515110,248239,10488,39.33,10585,39.69375,20286,45.6435,0
2026-04-08,15:19:32.515110,248271,10488,39.33,10586,39.6975,20285,45.64125,0
2026-04-08,15:19:32.515110,248302,10485,39.31875,10582,39.6825,20286,45.6435,0
2026-04-08,15:19:32.515110,248333,10486,39.3225,10585,39.69375,20284,45.639,0
2026-04-08,15:19:32.515110,248365,10485,39.31875,10589,39.70875,20286,45.6435,0
2026-04-08,15:19:32.515110,248396,10482,39.3075,10589,39.70875,20286,45.6435,0
2026-04-08,15:19:32.515110,248428,10484,39.315,10579,39.67125,20286,45.6435,0
2026-04-08,15:19:32.515110,248459,10485,39.31875,10579,39.67125,20285,45.64125,0
2026-04-08,15:19:32.515110,248490,10486,39.3225,10582,39.6825,20284,45.639,0
2026-04-08,15:19:32.515110,248522,10479,39.29625,10581,39.67875,20285,45.64125,0
2026-04-08,15:19:32.515110,248553,10475,39.28125,10580,39.675,20283,45.63675,0
2026-04-08,15:19:32.515110,248585,10481,39.30375,10579,39.67125,20284,45.639,0
2026-04-08,15:19:32.515110,248616,10472,39.27,10579,39.67125,20284,45.639,0
2026-04-08,15:19:32.515110,248648,10482,39.3075,10579,39.67125,20283,45.63675,0
2026-04-08,15:19:33.425650,248876,10478,39.2925,10578,39.6675,20281,45.63225,0
2026-04-08,15:19:33.425650,249011,10473,39.27375,10574,39.6525,20281,45.63225,0
2026-04-08,15:19:33.425650,249043,10478,39.2925,10573,39.64875,20281,45.63225,0
2026-04-08,15:19:33.425650,249075,10483,39.31125,10571,39.64125,20282,45.6345,0
2026-04-08,15:19:33.425650,249106,10478,39.2925,10573,39.64875,20280,45.63,0
2026-04-08,15:19:33.425650,249137,10469,39.25875,10568,39.63,20281,45.63225,0
2026-04-08,15:19:33.425650,249169,10468,39.255,10570,39.6375,20282,45.6345,0
2026-04-08,15:19:33.425650,249201,10469,39.25875,10569,39.63375,20282,45.6345,0
2026-04-08,15:19:33.425650,249232,10477,39.28875,10566,39.6225,20281,45.63225,0
2026-04-08,15:19:33.425650,249263,10465,39.24375,10571,39.64125,20280,45.63,0
2026-04-08,15:19:33.425650,249295,10470,39.2625,10572,39.645,20280,45.63,0
2026-04-08,15:19:33.425650,249326,10464,39.24,10567,39.62625,20280,45.63,0
2026-04-08,15:19:33.425650,249358,10477,39.28875,10566,39.6225,20280,45.63,0
2026-04-08,15:19:33.425650,249389,10471,39.26625,10569,39.63375,20279,45.62775,0
2026-04-08,15:19:33.425650,249420,10479,39.29625,10575,39.65625,20280,45.63,0
2026-04-08,15:19:33.425650,249452,10470,39.2625,10570,39.6375,20280,45.63,0
2026-04-08,15:19:33.425650,249483,10467,39.25125,10563,39.61125,20278,45.6255,0
2026-04-08,15:19:33.425650,249515,10463,39.23625,10564,39.615,20279,45.62775,0
2026-04-08,15:19:33.425650,249546,10464,39.24,10566,39.6225,20279,45.62775,0
2026-04-08,15:19:33.425650,249578,10461,39.22875,10559,39.59625,20277,45.62325,0
2026-04-08,15:19:34.342123,249788,10455,39.20625,10564,39.615,20278,45.6255,0
2026-04-08,15:19:34.342123,249923,10451,39.19125,10551,39.56625,20278,45.6255,0
2026-04-08,15:19:34.342123,249955,10458,39.2175,10559,39.59625,20276,45.621,0
2026-04-08,15:19:34.342123,249987,10454,39.2025,10556,39.585,20277,45.62325,0
2026-04-08,15:19:34.342123,250018,10456,39.21,10560,39.6,20276,45.621,0
2026-04-08,15:19:34.342123,250049,10461,39.22875,10554,39.5775,20276,45.621,0
2026-04-08,15:19:34.342123,250081,10456,39.21,10560,39.6,20276,45.621,0
2026-04-08,15:19:34.342123,250113,10457,39.21375,10552,39.57,20277,45.62325,0
2026-04-08,15:19:34.342123,250144,10454,39.2025,10551,39.56625,20275,45.61875,0
2026-04-08,15:19:34.342123,250176,10452,39.195,10544,39.54,20275,45.61875,0
2026-04-08,15:19:34.342123,250207,10450,39.1875,10545,39.54375,20275,45.61875,0
2026-04-08,15:19:34.342123,250238,10456,39.21,10551,39.56625,20275,45.61875,0
2026-04-08,15:19:34.342123,250270,10445,39.16875,10545,39.54375,20277,45.62325,0
2026-04-08,15:19:34.342123,250301,10450,39.1875,10552,39.57,20275,45.61875,0
2026-04-08,15:19:34.342123,250332,10442,39.1575,10546,39.5475,20275,45.61875,0
2026-04-08,15:19:34.342123,250364,10444,39.165,10552,39.57,20274,45.6165,0
2026-04-08,15:19:34.342123,250395,10445,39.16875,10554,39.5775,20276,45.621,0
2026-04-08,15:19:34.342123,250427,10445,39.16875,10554,39.5775,20275,45.61875,0
2026-04-08,15:19:34.342123,250458,10451,39.19125,10543,39.53625,20275,45.61875,0
2026-04-08,15:19:34.342123,250490,10442,39.1575,10549,39.55875,20272,45.612,0
2026-04-08,15:19:35.192759,250704,10442,39.1575,10550,39.5625,20271,45.60975,0
2026-04-08,15:19:35.192759,250839,10436,39.135,10541,39.52875,20272,45.612,0
2026-04-08,15:19:35.192759,250871,10440,39.15,10542,39.5325,20271,45.60975,0
2026-04-08,15:19:35.192759,250903,10435,39.13125,10549,39.55875,20272,45.612,0
2026-04-08,15:19:35.192759,250934,10433,39.12375,10543,39.53625,20272,45.612,0
2026-04-08,15:19:35.192759,250965,10439,39.14625,10545,39.54375,20273,45.61425,0
2026-04-08,15:19:35.192759,250997,10442,39.1575,10548,39.555,20271,45.60975,0
2026-04-08,15:19:35.192759,251028,10444,39.165,10539,39.52125,20272,45.612,0
2026-04-08,15:19:35.192759,251059,10440,39.15,10541,39.52875,20270,45.6075,0
2026-04-08,15:19:35.192759,251091,10444,39.165,10543,39.53625,20272,45.612,0
2026-04-08,15:19:35.192759,251123,10445,39.16875,10533,39.49875,20271,45.60975,0
2026-04-08,15:19:35.192759,251154,10442,39.1575,10535,39.50625,20271,45.60975,0
2026-04-08,15:19:35.192759,251185,10440,39.15,10540,39.525,20270,45.6075,0
2026-04-08,15:19:35.192759,251217,10441,39.15375,10532,39.495,20270,45.6075,0
2026-04-08,15:19:35.192759,251248,10435,39.13125,10536,39.51,20270,45.6075,0
2026-04-08,15:19:35.192759,251279,10436,39.135,10538,39.5175,20270,45.6075,0
2026-04-08,15:19:35.192759,251311,10434,39.1275,10530,39.4875,20270,45.6075,0
2026-04-08,15:19:35.192759,251342,10436,39.135,10536,39.51,20271,45.60975,0
2026-04-08,15:19:35.192759,251374,10435,39.13125,10533,39.49875,20269,45.60525,0
2026-04-08,15:19:35.192759,251405,10432,39.12,10536,39.51,20271,45.60975,0
2026-04-08,15:19:35.999677,251554,10432,39.12,10530,39.4875,20268,45.603,0
2026-04-08,15:19:35.999677,251689,10422,39.0825,10528,39.48,20268,45.603,0
2026-04-08,15:19:35.999677,251722,10425,39.09375,10528,39.48,20268,45.603,0
2026-04-08,15:19:35.999677,251753,10428,39.105,10527,39.47625,20268,45.603,0
2026-04-08,15:19:35.999677,251784,10434,39.1275,10533,39.49875,20267,45.60075,0
2026-04-08,15:19:35.999677,251816,10422,39.0825,10525,39.46875,20267,45.60075,0
2026-04-08,15:19:35.999677,251847,10430,39.1125,10524,39.465,20267,45.60075,0
2026-04-08,15:19:35.999677,251879,10423,39.08625,10520,39.45,20267,45.60075,0
2026-04-08,15:19:35.999677,251910,10428,39.105,10525,39.46875,20267,45.60075,0
2026-04-08,15:19:35.999677,251942,10424,39.09,10521,39.45375,20266,45.5985,0
2026-04-08,15:19:35.999677,251973,10420,39.075,10526,39.4725,20267,45.60075,0
2026-04-08,15:19:35.999677,252004,10422,39.0825,10519,39.44625,20266,45.5985,0
2026-04-08,15:19:35.999677,252036,10416,39.06,10527,39.47625,20267,45.60075,0
2026-04-08,15:19:35.999677,252067,10424,39.09,10526,39.4725,20266,45.5985,0
2026-04-08,15:19:35.999677,252099,10421,39.07875,10524,39.465,20265,45.59625,0
2026-04-08,15:19:35.999677,252130,10415,39.05625,10514,39.4275,20265,45.59625,0
2026-04-08,15:19:35.999677,252162,10418,39.0675,10516,39.435,20266,45.5985,0
2026-04-08,15:19:35.999677,252193,10420,39.075,10514,39.4275,20265,45.59625,0
2026-04-08,15:19:35.999677,252225,10419,39.07125,10519,39.44625,20266,45.5985,0
2026-04-08,15:19:35.999677,252256,10421,39.07875,10519,39.44625,20265,45.59625,0
2026-04-08,15:19:36.820448,252368,10416,39.06,10513,39.42375,20265,45.59625,0
2026-04-08,15:19:36.820448,252504,10405,39.01875,10515,39.43125,20264,45.594,0
2026-04-08,15:19:36.820448,252537,10414,39.0525,10515,39.43125,20263,45.59175,0
2026-04-08,15:19:36.820448,252568,10417,39.06375,10515,39.43125,20264,45.594,0
2026-04-08,15:19:36.820448,252599,10403,39.01125,10516,39.435,20263,45.59175,0
2026-04-08,15:19:36.820448,252631,10404,39.015,10508,39.405,20263,45.59175,0
2026-04-08,15:19:36.820448,252662,10401,39.00375,10511,39.41625,20263,45.59175,0
2026-04-08,15:19:36.820448,252694,10407,39.02625,10508,39.405,20264,45.594,0
2026-04-08,15:19:36.820448,252725,10414,39.0525,10507,39.40125,20262,45.5895,0
2026-04-08,15:19:36.820448,252757,10404,39.015,10513,39.42375,20263,45.59175,0
2026-04-08,15:19:36.820448,252788,10415,39.05625,10504,39.39,20262,45.5895,0
2026-04-08,15:19:36.820448,252819,10413,39.04875,10511,39.41625,20263,45.59175,0
2026-04-08,15:19:36.820448,252851,10404,39.015,10513,39.42375,20262,45.5895,0
2026-04-08,15:19:36.820448,252882,10406,39.0225,10509,39.40875,20262,45.5895,0
2026-04-08,15:19:36.820448,252913,10408,39.03,10510,39.4125,20261,45.58725,0
2026-04-08,15:19:36.820448,252945,10407,39.02625,10507,39.40125,20263,45.59175,0
2026-04-08,15:19:36.820448,252977,10406,39.0225,10515,39.43125,20261,45.58725,0
2026-04-08,15:19:36.820448,253008,10403,39.01125,10513,39.42375,20262,45.5895,0
2026-04-08,15:19:36.820448,253039,10403,39.01125,10502,39.3825,20262,45.5895,0
2026-04-08,15:19:36.820448,253071,10402,39.0075,10506,39.3975,20260,45.585,0
2026-04-08,15:19:37.640305,253189,10403,39.01125,10505,39.39375,20261,45.58725,0
2026-04-08,15:19:37.640305,253325,10396,38.985,10499,39.37125,20260,45.585,0
2026-04-08,15:19:37.640305,253357,10401,39.00375,10502,39.3825,20260,45.585,0
2026-04-08,15:19:37.640305,253389,10389,38.95875,10501,39.37875,20260,45.585,0
2026-04-08,15:19:37.640305,253420,10396,38.985,10498,39.3675,20259,45.58275,0
2026-04-08,15:19:37.640305,253452,10394,38.9775,10503,39.38625,20260,45.585,0
2026-04-08,15:19:37.640305,253483,10404,39.015,10507,39.40125,20258,45.5805,0
2026-04-08,15:19:37.640305,253514,10398,38.9925,10497,39.36375,20259,45.58275,0
2026-04-08,15:19:37.640305,253546,10397,38.98875,10506,39.3975,20258,45.5805,0
2026-04-08,15:19:37.640305,253577,10402,39.0075,10498,39.3675,20259,45.58275,0
2026-04-08,15:19:37.640305,253609,10401,39.00375,10498,39.3675,20259,45.58275,0
2026-04-08,15:19:37.640305,253640,10400,39,10492,39.345,20259,45.58275,0
2026-04-08,15:19:37.640305,253672,10390,38.9625,10489,39.33375,20257,45.57825,0
2026-04-08,15:19:37.640305,253703,10398,38.9925,10498,39.3675,20258,45.5805,0
2026-04-08,15:19:37.640305,253734,10392,38.97,10495,39.35625,20258,45.5805,0
2026-04-08,15:19:37.640305,253766,10390,38.9625,10485,39.31875,20258,45.5805,0
2026-04-08,15:19:37.640305,253797,10394,38.9775,10481,39.30375,20257,45.57825,0
2026-04-08,15:19:37.640305,253828,10392,38.97,10487,39.32625,20257,45.57825,0
2026-04-08,15:19:37.640305,253860,10389,38.95875,10490,39.3375,20257,45.57825,0
2026-04-08,15:19:37.640305,253892,10392,38.97,10493,39.34875,20258,45.5805,0
2026-04-08,15:19:38.559898,254004,10392,38.97,10488,39.33,20257,45.57825,0
2026-04-08,15:19:38.559898,254138,10381,38.92875,10490,39.3375,20254,45.5715,0
2026-04-08,15:19:38.559898,254171,10386,38.9475,10489,39.33375,20255,45.57375,0
2026-04-08,15:19:38.559898,254202,10388,38.955,10486,39.3225,20254,45.5715,0
2026-04-08,15:19:38.559898,254233,10389,38.95875,10485,39.31875,20255,45.57375,0
2026-04-08,15:19:38.559898,254265,10392,38.97,10480,39.3,20255,45.57375,0
2026-04-08,15:19:38.559898,254298,10386,38.9475,10485,39.31875,20255,45.57375,0
2026-04-08,15:19:38.559898,254330,10385,38.94375,10488,39.33,20253,45.56925,0
2026-04-08,15:19:38.559898,254361,10378,38.9175,10489,39.33375,20254,45.5715,0
2026-04-08,15:19:38.559898,254393,10375,38.90625,10488,39.33,20253,45.56925,0
2026-04-08,15:19:38.559898,254425,10377,38.91375,10484,39.315,20254,45.5715,0
2026-04-08,15:19:38.559898,254456,10381,38.92875,10483,39.31125,20254,45.5715,0
2026-04-08,15:19:38.559898,254488,10377,38.91375,10489,39.33375,20254,45.5715,0
2026-04-08,15:19:38.559898,254520,10387,38.95125,10486,39.3225,20254,45.5715,0
2026-04-08,15:19:38.559898,254551,10381,38.92875,10488,39.33,20254,45.5715,0
2026-04-08,15:19:38.559898,254583,10381,38.92875,10486,39.3225,20253,45.56925,0
2026-04-08,15:19:38.559898,254615,10381,38.92875,10484,39.315,20254,45.5715,0
2026-04-08,15:19:38.559898,254647,10385,38.94375,10483,39.31125,20253,45.56925,0
2026-04-08,15:19:38.559898,254679,10383,38.93625,10475,39.28125,20252,45.567,0
2026-04-08,15:19:38.559898,254710,10379,38.92125,10476,39.285,20253,45.56925,0
2026-04-08,15:19:39.379894,254923,10374,38.9025,10477,39.28875,20253,45.56925,0
2026-04-08,15:19:39.379894,255059,10363,38.86125,10478,39.2925,20250,45.5625,0
2026-04-08,15:19:39.379894,255092,10379,38.92125,10478,39.2925,20250,45.5625,0
2026-04-08,15:19:39.379894,255123,10370,38.8875,10472,39.27,20249,45.56025,0
2026-04-08,15:19:39.379894,255154,10362,38.8575,10472,39.27,20251,45.56475,0
2026-04-08,15:19:39.379894,255186,10370,38.8875,10477,39.28875,20250,45.5625,0
2026-04-08,15:19:39.379894,255217,10367,38.87625,10473,39.27375,20250,45.5625,0
2026-04-08,15:19:39.379894,255249,10369,38.88375,10475,39.28125,20250,45.5625,0
2026-04-08,15:19:39.379894,255280,10374,38.9025,10467,39.25125,20249,45.56025,0
2026-04-08,15:19:39.379894,255312,10379,38.92125,10468,39.255,20250,45.5625,0
2026-04-08,15:19:39.379894,255343,10374,38.9025,10476,39.285,20249,45.56025,0
2026-04-08,15:19:39.379894,255374,10375,38.90625,10470,39.2625,20248,45.558,0
2026-04-08,15:19:39.379894,255406,10366,38.8725,10472,39.27,20249,45.56025,0
2026-04-08,15:19:39.379894,255437,10360,38.85,10461,39.22875,20250,45.5625,0
2026-04-08,15:19:39.379894,255468,10367,38.87625,10466,39.2475,20248,45.558,0
2026-04-08,15:19:39.379894,255500,10371,38.89125,10462,39.2325,20249,45.56025,0
2026-04-08,15:19:39.379894,255531,10368,38.88,10472,39.27,20248,45.558,0
2026-04-08,15:19:39.379894,255563,10368,38.88,10460,39.225,20248,45.558,0
2026-04-08,15:19:39.379894,255594,10370,38.8875,10465,39.24375,20249,45.56025,0
2026-04-08,15:19:39.379894,255626,10373,38.89875,10463,39.23625,20249,45.56025,0
2026-04-08,15:19:40.203436,255741,10360,38.85,10474,39.2775,20247,45.55575,0
2026-04-08,15:19:40.203436,255877,10355,38.83125,10464,39.24,20247,45.55575,0
2026-04-08,15:19:40.203436,255910,10363,38.86125,10467,39.25125,20246,45.5535,0
2026-04-08,15:19:40.203436,255941,10361,38.85375,10463,39.23625,20245,45.55125,0
2026-04-08,15:19:40.203436,255972,10362,38.8575,10463,39.23625,20246,45.5535,0
2026-04-08,15:19:40.203436,256004,10359,38.84625,10458,39.2175,20246,45.5535,0
2026-04-08,15:19:40.203436,256035,10362,38.8575,10464,39.24,20245,45.55125,0
2026-04-08,15:19:40.203436,256067,10358,38.8425,10465,39.24375,20247,45.55575,0
2026-04-08,15:19:40.203436,256098,10358,38.8425,10467,39.25125,20245,45.55125,0
2026-04-08,15:19:40.203436,256130,10360,38.85,10459,39.22125,20246,45.5535,0
2026-04-08,15:19:40.203436,256161,10358,38.8425,10457,39.21375,20245,45.55125,0
2026-04-08,15:19:40.203436,256192,10355,38.83125,10460,39.225,20245,45.55125,0
2026-04-08,15:19:40.203436,256224,10361,38.85375,10458,39.2175,20245,45.55125,0
2026-04-08,15:19:40.203436,256255,10349,38.80875,10456,39.21,20244,45.549,0
2026-04-08,15:19:40.203436,256287,10351,38.81625,10458,39.2175,20245,45.55125,0
2026-04-08,15:19:40.203436,256318,10357,38.83875,10461,39.22875,20245,45.55125,0
2026-04-08,15:19:40.203436,256350,10357,38.83875,10459,39.22125,20244,45.549,0
2026-04-08,15:19:40.203436,256381,10357,38.83875,10452,39.195,20244,45.549,0
2026-04-08,15:19:40.203436,256413,10354,38.8275,10450,39.1875,20245,45.55125,0
2026-04-08,15:19:40.203436,256444,10358,38.8425,10453,39.19875,20244,45.549,0
2026-04-08,15:19:42.588990,256638,10351,38.81625,10450,39.1875,20243,45.54675,0
2026-04-08,15:19:42.588990,256773,10346,38.7975,10446,39.1725,20243,45.54675,0
2026-04-08,15:19:42.588990,256805,10349,38.80875,10446,39.1725,20242,45.5445,0
2026-04-08,15:19:42.588990,256836,10337,38.76375,10445,39.16875,20242,45.5445,0
2026-04-08,15:19:42.588990,256868,10352,38.82,10445,39.16875,20242,45.5445,0
2026-04-08,15:19:42.588990,256899,10344,38.79,10452,39.195,20243,45.54675,0
2026-04-08,15:19:42.588990,256931,10347,38.80125,10449,39.18375,20243,45.54675,0
2026-04-08,15:19:42.588990,256962,10342,38.7825,10438,39.1425,20241,45.54225,0
2026-04-08,15:19:42.588990,256993,10343,38.78625,10444,39.165,20241,45.54225,0
2026-04-08,15:19:42.588990,257025,10349,38.80875,10444,39.165,20242,45.5445,0
2026-04-08,15:19:42.588990,257056,10335,38.75625,10444,39.165,20241,45.54225,0
2026-04-08,15:19:42.588990,257088,10343,38.78625,10437,39.13875,20240,45.54,0
2026-04-08,15:19:42.588990,257119,10345,38.79375,10432,39.12,20240,45.54,0
2026-04-08,15:19:42.588990,257151,10345,38.79375,10434,39.1275,20241,45.54225,0
2026-04-08,15:19:42.588990,257182,10346,38.7975,10430,39.1125,20240,45.54,0
2026-04-08,15:19:42.588990,257213,10345,38.79375,10431,39.11625,20240,45.54,0
2026-04-08,15:19:42.588990,257245,10336,38.76,10428,39.105,20241,45.54225,0
2026-04-08,15:19:42.588990,257276,10341,38.77875,10432,39.12,20240,45.54,0
2026-04-08,15:19:42.588990,257308,10340,38.775,10440,39.15,20240,45.54,0
2026-04-08,15:19:42.588990,257339,10339,38.77125,10440,39.15,20240,45.54,0
2026-04-08,15:19:43.471980,258993,10314,38.6775,10421,39.07875,20232,45.522,0
2026-04-08,15:19:43.471980,259129,10319,38.69625,10416,39.06,20230,45.5175,0
2026-04-08,15:19:43.471980,259160,10314,38.6775,10412,39.045,20230,45.5175,0
2026-04-08,15:19:43.471980,259192,10302,38.6325,10402,39.0075,20230,45.5175,0
2026-04-08,15:19:43.471980,259223,10309,38.65875,10418,39.0675,20229,45.51525,0
2026-04-08,15:19:43.471980,259255,10313,38.67375,10411,39.04125,20230,45.5175,0
2026-04-08,15:19:43.471980,259286,10308,38.655,10409,39.03375,20230,45.5175,0
2026-04-08,15:19:43.471980,259318,10315,38.68125,10410,39.0375,20230,45.5175,0
2026-04-08,15:19:43.471980,259349,10305,38.64375,10410,39.0375,20229,45.51525,0
2026-04-08,15:19:43.471980,259380,10306,38.6475,10407,39.02625,20230,45.5175,0
2026-04-08,15:19:43.471980,259412,10308,38.655,10408,39.03,20229,45.51525,0
2026-04-08,15:19:43.471980,259443,10307,38.65125,10410,39.0375,20230,45.5175,0
2026-04-08,15:19:43.471980,259474,10307,38.65125,10411,39.04125,20229,45.51525,0
2026-04-08,15:19:43.471980,259506,10309,38.65875,10411,39.04125,20229,45.51525,0
2026-04-08,15:19:43.471980,259538,10312,38.67,10404,39.015,20229,45.51525,0
2026-04-08,15:19:43.471980,259569,10308,38.655,10405,39.01875,20229,45.51525,0
2026-04-08,15:19:43.471980,259601,10300,38.625,10399,38.99625,20228,45.513,0
2026-04-08,15:19:43.471980,259632,10301,38.62875,10398,38.9925,20228,45.513,0
2026-04-08,15:19:43.471980,259663,10306,38.6475,10404,39.015,20228,45.513,0
2026-04-08,15:19:43.471980,259695,10305,38.64375,10402,39.0075,20227,45.51075,0
2026-04-08,15:19:44.481471,259835,10309,38.65875,10398,38.9925,20227,45.51075,0
2026-04-08,15:19:44.481471,259970,10298,38.6175,10415,39.05625,20227,45.51075,0
2026-04-08,15:19:44.481471,260003,10306,38.6475,10406,39.0225,20227,45.51075,0
2026-04-08,15:19:44.481471,260034,10295,38.60625,10402,39.0075,20225,45.50625,0
2026-04-08,15:19:44.481471,260065,10295,38.60625,10409,39.03375,20226,45.5085,0
2026-04-08,15:19:44.481471,260097,10295,38.60625,10402,39.0075,20226,45.5085,0
2026-04-08,15:19:44.481471,260128,10295,38.60625,10405,39.01875,20226,45.5085,0
2026-04-08,15:19:44.481471,260160,10289,38.58375,10398,38.9925,20224,45.504,0
2026-04-08,15:19:44.481471,260191,10296,38.61,10400,39,20225,45.50625,0
2026-04-08,15:19:44.481471,260223,10296,38.61,10397,38.98875,20224,45.504,0
2026-04-08,15:19:44.481471,260254,10300,38.625,10397,38.98875,20225,45.50625,0
2026-04-08,15:19:44.481471,260285,10300,38.625,10398,38.9925,20226,45.5085,0
2026-04-08,15:19:44.481471,260317,10297,38.61375,10392,38.97,20225,45.50625,0
2026-04-08,15:19:44.481471,260348,10291,38.59125,10396,38.985,20225,45.50625,0
2026-04-08,15:19:44.481471,260380,10298,38.6175,10392,38.97,20224,45.504,0
2026-04-08,15:19:44.481471,260411,10296,38.61,10389,38.95875,20223,45.50175,0
2026-04-08,15:19:44.481471,260443,10296,38.61,10399,38.99625,20224,45.504,0
2026-04-08,15:19:44.481471,260474,10292,38.595,10390,38.9625,20224,45.504,0
2026-04-08,15:19:44.481471,260505,10297,38.61375,10385,38.94375,20224,45.504,0
2026-04-08,15:19:44.481471,260537,10300,38.625,10394,38.9775,20224,45.504,0
2026-04-08,15:19:45.329617,260892,10290,38.5875,10383,38.93625,20221,45.49725,0
2026-04-08,15:19:45.329617,261028,10282,38.5575,10393,38.97375,20220,45.495,0
2026-04-08,15:19:45.329617,261060,10285,38.56875,10387,38.95125,20221,45.49725,0
2026-04-08,15:19:45.329617,261091,10291,38.59125,10383,38.93625,20221,45.49725,0
2026-04-08,15:19:45.329617,261123,10284,38.565,10384,38.94,20220,45.495,0
2026-04-08,15:19:45.329617,261154,10288,38.58,10389,38.95875,20222,45.4995,0
2026-04-08,15:19:45.329617,261186,10291,38.59125,10372,38.895,20220,45.495,0
2026-04-08,15:19:45.329617,261217,10284,38.565,10372,38.895,20220,45.495,0
2026-04-08,15:19:45.329617,261249,10279,38.54625,10381,38.92875,20220,45.495,0
2026-04-08,15:19:45.329617,261280,10284,38.565,10378,38.9175,20219,45.49275,0
2026-04-08,15:19:45.329617,261311,10276,38.535,10387,38.95125,20220,45.495,0
2026-04-08,15:19:45.329617,261343,10279,38.54625,10376,38.91,20220,45.495,0
2026-04-08,15:19:45.329617,261374,10278,38.5425,10384,38.94,20218,45.4905,0
2026-04-08,15:19:45.329617,261406,10270,38.5125,10381,38.92875,20219,45.49275,0
2026-04-08,15:19:45.329617,261437,10277,38.53875,10384,38.94,20219,45.49275,0
2026-04-08,15:19:45.329617,261469,10281,38.55375,10379,38.92125,20219,45.49275,0
2026-04-08,15:19:45.329617,261500,10278,38.5425,10368,38.88,20218,45.4905,0
2026-04-08,15:19:45.329617,261531,10283,38.56125,10370,38.8875,20220,45.495,0
2026-04-08,15:19:45.329617,261563,10283,38.56125,10378,38.9175,20219,45.49275,0
2026-04-08,15:19:45.329617,261594,10278,38.5425,10375,38.90625,20220,45.495,0
2026-04-08,15:19:46.229417,261697,10276,38.535,10376,38.91,20217,45.48825,0
2026-04-08,15:19:46.229417,261832,10276,38.535,10370,38.8875,20218,45.4905,0
2026-04-08,15:19:46.229417,261865,10276,38.535,10371,38.89125,20218,45.4905,0
2026-04-08,15:19:46.229417,261896,10274,38.5275,10365,38.86875,20216,45.486,0
2026-04-08,15:19:46.229417,261927,10277,38.53875,10373,38.89875,20215,45.48375,0
2026-04-08,15:19:46.229417,261959,10274,38.5275,10366,38.8725,20217,45.48825,0
2026-04-08,15:19:46.229417,261990,10274,38.5275,10372,38.895,20216,45.486,0
2026-04-08,15:19:46.229417,262021,10272,38.52,10371,38.89125,20217,45.48825,0
2026-04-08,15:19:46.229417,262053,10275,38.53125,10372,38.895,20216,45.486,0
2026-04-08,15:19:46.229417,262085,10273,38.52375,10374,38.9025,20215,45.48375,0
2026-04-08,15:19:46.229417,262116,10278,38.5425,10367,38.87625,20216,45.486,0
2026-04-08,15:19:46.229417,262148,10273,38.52375,10376,38.91,20217,45.48825,0
2026-04-08,15:19:46.229417,262179,10268,38.505,10371,38.89125,20216,45.486,0
2026-04-08,15:19:46.229417,262210,10269,38.50875,10372,38.895,20215,45.48375,0
2026-04-08,15:19:46.229417,262241,10276,38.535,10366,38.8725,20215,45.48375,0
2026-04-08,15:19:46.229417,262273,10270,38.5125,10365,38.86875,20215,45.48375,0
2026-04-08,15:19:46.229417,262305,10272,38.52,10367,38.87625,20216,45.486,0
2026-04-08,15:19:46.229417,262336,10275,38.53125,10363,38.86125,20214,45.4815,0
2026-04-08,15:19:46.229417,262367,10265,38.49375,10366,38.8725,20214,45.4815,0
2026-04-08,15:19:46.229417,262399,10259,38.47125,10361,38.85375,20214,45.4815,0
2026-04-08,15:19:47.142842,262592,10261,38.47875,10361,38.85375,20213,45.47925,0
2026-04-08,15:19:47.142842,262727,10266,38.4975,10357,38.83875,20213,45.47925,0
2026-04-08,15:19:47.142842,262759,10267,38.50125,10360,38.85,20213,45.47925,0
2026-04-08,15:19:47.142842,262791,10260,38.475,10362,38.8575,20213,45.47925,0
2026-04-08,15:19:47.142842,262822,10258,38.4675,10365,38.86875,20211,45.47475,0
2026-04-08,15:19:47.142842,262853,10262,38.4825,10364,38.865,20212,45.477,0
2026-04-08,15:19:47.142842,262885,10260,38.475,10360,38.85,20211,45.47475,0
2026-04-08,15:19:47.142842,262916,10258,38.4675,10365,38.86875,20213,45.47925,0
2026-04-08,15:19:47.142842,262948,10253,38.44875,10363,38.86125,20212,45.477,0
2026-04-08,15:19:47.142842,262979,10261,38.47875,10351,38.81625,20211,45.47475,0
2026-04-08,15:19:47.142842,263011,10253,38.44875,10356,38.835,20212,45.477,0
2026-04-08,15:19:47.142842,263042,10258,38.4675,10357,38.83875,20211,45.47475,0
2026-04-08,15:19:47.142842,263074,10255,38.45625,10354,38.8275,20210,45.4725,0
2026-04-08,15:19:47.142842,263105,10260,38.475,10355,38.83125,20210,45.4725,0
2026-04-08,15:19:47.142842,263136,10253,38.44875,10361,38.85375,20213,45.47925,0
2026-04-08,15:19:47.142842,263168,10260,38.475,10353,38.82375,20212,45.477,0
2026-04-08,15:19:47.142842,263199,10253,38.44875,10358,38.8425,20210,45.4725,0
2026-04-08,15:19:47.142842,263231,10255,38.45625,10356,38.835,20210,45.4725,0
2026-04-08,15:19:47.142842,263262,10251,38.44125,10362,38.8575,20210,45.4725,0
2026-04-08,15:19:47.142842,263294,10258,38.4675,10366,38.8725,20210,45.4725,0
2026-04-08,15:19:47.978953,263509,10247,38.42625,10354,38.8275,20208,45.468,0
2026-04-08,15:19:47.978953,263644,10248,38.43,10341,38.77875,20208,45.468,0
2026-04-08,15:19:47.978953,263675,10247,38.42625,10351,38.81625,20209,45.47025,0
2026-04-08,15:19:47.978953,263707,10243,38.41125,10354,38.8275,20207,45.46575,0
2026-04-08,15:19:47.978953,263739,10241,38.40375,10354,38.8275,20208,45.468,0
2026-04-08,15:19:47.978953,263770,10247,38.42625,10348,38.805,20208,45.468,0
2026-04-08,15:19:47.978953,263802,10250,38.4375,10350,38.8125,20208,45.468,0
2026-04-08,15:19:47.978953,263833,10248,38.43,10345,38.79375,20208,45.468,0
2026-04-08,15:19:47.978953,263864,10256,38.46,10353,38.82375,20208,45.468,0
2026-04-08,15:19:47.978953,263896,10245,38.41875,10344,38.79,20207,45.46575,0
2026-04-08,15:19:47.978953,263927,10256,38.46,10342,38.7825,20208,45.468,0
2026-04-08,15:19:47.978953,263958,10251,38.44125,10344,38.79,20207,45.46575,0
2026-04-08,15:19:47.978953,263990,10245,38.41875,10347,38.80125,20206,45.4635,0
2026-04-08,15:19:47.978953,264021,10251,38.44125,10346,38.7975,20206,45.4635,0
2026-04-08,15:19:47.978953,264053,10245,38.41875,10331,38.74125,20206,45.4635,0
2026-04-08,15:19:47.978953,264084,10246,38.4225,10349,38.80875,20206,45.4635,0
2026-04-08,15:19:47.978953,264116,10251,38.44125,10346,38.7975,20205,45.46125,0
2026-04-08,15:19:47.978953,264147,10243,38.41125,10344,38.79,20206,45.4635,0
2026-04-08,15:19:47.978953,264178,10238,38.3925,10344,38.79,20207,45.46575,0
2026-04-08,15:19:47.978953,264210,10247,38.42625,10344,38.79,20205,45.46125,0
2026-04-08,15:19:48.883377,264340,10237,38.38875,10335,38.75625,20204,45.459,0
2026-04-08,15:19:48.883377,264476,10240,38.4,10334,38.7525,20204,45.459,0
2026-04-08,15:19:48.883377,264508,10239,38.39625,10340,38.775,20203,45.45675,0
2026-04-08,15:19:48.883377,264540,10231,38.36625,10335,38.75625,20204,45.459,0
2026-04-08,15:19:48.883377,264571,10231,38.36625,10338,38.7675,20204,45.459,0
2026-04-08,15:19:48.883377,264602,10230,38.3625,10337,38.76375,20204,45.459,0
2026-04-08,15:19:48.883377,264634,10237,38.38875,10336,38.76,20203,45.45675,0
2026-04-08,15:19:48.883377,264666,10232,38.37,10331,38.74125,20205,45.46125,0
2026-04-08,15:19:48.883377,264697,10240,38.4,10336,38.76,20203,45.45675,0
2026-04-08,15:19:48.883377,264729,10238,38.3925,10331,38.74125,20203,45.45675,0
2026-04-08,15:19:48.883377,264760,10228,38.355,10333,38.74875,20203,45.45675,0
2026-04-08,15:19:48.883377,264791,10236,38.385,10339,38.77125,20203,45.45675,0
2026-04-08,15:19:48.883377,264823,10234,38.3775,10343,38.78625,20202,45.4545,0
2026-04-08,15:19:48.883377,264854,10243,38.41125,10327,38.72625,20203,45.45675,0
2026-04-08,15:19:48.883377,264885,10233,38.37375,10335,38.75625,20202,45.4545,0
2026-04-08,15:19:48.883377,264917,10232,38.37,10336,38.76,20202,45.4545,0
2026-04-08,15:19:48.883377,264948,10235,38.38125,10327,38.72625,20202,45.4545,0
2026-04-08,15:19:48.883377,264980,10235,38.38125,10331,38.74125,20201,45.45225,0
2026-04-08,15:19:48.883377,265011,10237,38.38875,10333,38.74875,20201,45.45225,0
2026-04-08,15:19:48.883377,265043,10226,38.3475,10328,38.73,20202,45.4545,0
2026-04-08,15:19:49.724723,265249,10221,38.32875,10330,38.7375,20200,45.45,0
2026-04-08,15:19:49.724723,265385,10224,38.34,10328,38.73,20200,45.45,0
2026-04-08,15:19:49.724723,265416,10230,38.3625,10331,38.74125,20199,45.44775,0
2026-04-08,15:19:49.724723,265448,10224,38.34,10329,38.73375,20200,45.45,0
2026-04-08,15:19:49.724723,265479,10229,38.35875,10327,38.72625,20199,45.44775,0
2026-04-08,15:19:49.724723,265510,10224,38.34,10322,38.7075,20198,45.4455,0
2026-04-08,15:19:49.724723,265542,10224,38.34,10318,38.6925,20200,45.45,0
2026-04-08,15:19:49.724723,265574,10221,38.32875,10320,38.7,20198,45.4455,0
2026-04-08,15:19:49.724723,265605,10226,38.3475,10318,38.6925,20199,45.44775,0
2026-04-08,15:19:49.724723,265636,10231,38.36625,10320,38.7,20200,45.45,0
2026-04-08,15:19:49.724723,265668,10223,38.33625,10322,38.7075,20197,45.44325,0
2026-04-08,15:19:49.724723,265699,10227,38.35125,10319,38.69625,20198,45.4455,0
2026-04-08,15:19:49.724723,265730,10219,38.32125,10329,38.73375,20197,45.44325,0
2026-04-08,15:19:49.724723,265762,10225,38.34375,10322,38.7075,20197,45.44325,0
2026-04-08,15:19:49.724723,265793,10222,38.3325,10321,38.70375,20199,45.44775,0
2026-04-08,15:19:49.724723,265825,10217,38.31375,10318,38.6925,20198,45.4455,0
2026-04-08,15:19:49.724723,265856,10226,38.3475,10314,38.6775,20198,45.4455,0
2026-04-08,15:19:49.724723,265888,10216,38.31,10315,38.68125,20197,45.44325,0
2026-04-08,15:19:49.724723,265919,10215,38.30625,10319,38.69625,20197,45.44325,0
2026-04-08,15:19:49.724723,265951,10218,38.3175,10321,38.70375,20197,45.44325,0
2026-04-08,15:19:50.593361,266115,10211,38.29125,10313,38.67375,20195,45.43875,0
2026-04-08,15:19:50.593361,266251,10213,38.29875,10313,38.67375,20195,45.43875,0
2026-04-08,15:19:50.593361,266283,10208,38.28,10325,38.71875,20196,45.441,0
2026-04-08,15:19:50.593361,266314,10213,38.29875,10313,38.67375,20197,45.44325,0
2026-04-08,15:19:50.593361,266345,10208,38.28,10312,38.67,20196,45.441,0
2026-04-08,15:19:50.593361,266377,10209,38.28375,10317,38.68875,20194,45.4365,0
2026-04-08,15:19:50.593361,266408,10210,38.2875,10309,38.65875,20195,45.43875,0
2026-04-08,15:19:50.593361,266439,10211,38.29125,10308,38.655,20196,45.441,0
2026-04-08,15:19:50.593361,266471,10208,38.28,10307,38.65125,20195,45.43875,0
2026-04-08,15:19:50.593361,266502,10210,38.2875,10310,38.6625,20194,45.4365,0
2026-04-08,15:19:50.593361,266534,10211,38.29125,10306,38.6475,20194,45.4365,0
2026-04-08,15:19:50.593361,266565,10197,38.23875,10307,38.65125,20193,45.43425,0
2026-04-08,15:19:50.593361,266597,10209,38.28375,10308,38.655,20194,45.4365,0
2026-04-08,15:19:50.593361,266628,10208,38.28,10301,38.62875,20194,45.4365,0
2026-04-08,15:19:50.593361,266660,10205,38.26875,10308,38.655,20193,45.43425,0
2026-04-08,15:19:50.593361,266691,10204,38.265,10310,38.6625,20193,45.43425,0
2026-04-08,15:19:50.593361,266722,10206,38.2725,10316,38.685,20192,45.432,0
2026-04-08,15:19:50.593361,266753,10202,38.2575,10314,38.6775,20194,45.4365,0
2026-04-08,15:19:50.593361,266785,10198,38.2425,10306,38.6475,20192,45.432,0
2026-04-08,15:19:50.593361,266816,10202,38.2575,10310,38.6625,20192,45.432,0
2026-04-08,15:19:52.694915,266981,10193,38.22375,10305,38.64375,20192,45.432,0
2026-04-08,15:19:52.694915,267116,10205,38.26875,10301,38.62875,20191,45.42975,0
2026-04-08,15:19:52.694915,267147,10196,38.235,10299,38.62125,20190,45.4275,0
2026-04-08,15:19:52.694915,267179,10199,38.24625,10288,38.58,20192,45.432,0
2026-04-08,15:19:52.694915,267211,10195,38.23125,10295,38.60625,20192,45.432,0
2026-04-08,15:19:52.694915,267242,10199,38.24625,10298,38.6175,20190,45.4275,0
2026-04-08,15:19:52.694915,267274,10201,38.25375,10298,38.6175,20190,45.4275,0
2026-04-08,15:19:52.694915,267305,10199,38.24625,10295,38.60625,20189,45.42525,0
2026-04-08,15:19:52.694915,267336,10197,38.23875,10299,38.62125,20191,45.42975,0
2026-04-08,15:19:52.694915,267367,10202,38.2575,10294,38.6025,20190,45.4275,0
2026-04-08,15:19:52.694915,267399,10196,38.235,10290,38.5875,20191,45.42975,0
2026-04-08,15:19:52.694915,267430,10192,38.22,10296,38.61,20189,45.42525,0
2026-04-08,15:19:52.694915,267462,10195,38.23125,10290,38.5875,20190,45.4275,0
2026-04-08,15:19:52.694915,267493,10193,38.22375,10297,38.61375,20190,45.4275,0
2026-04-08,15:19:52.694915,267525,10199,38.24625,10295,38.60625,20190,45.4275,0
2026-04-08,15:19:52.694915,267556,10194,38.2275,10298,38.6175,20190,45.4275,0
2026-04-08,15:19:52.694915,267588,10189,38.20875,10300,38.625,20189,45.42525,0
2026-04-08,15:19:52.694915,267619,10191,38.21625,10299,38.62125,20189,45.42525,0
2026-04-08,15:19:52.694915,267650,10191,38.21625,10292,38.595,20189,45.42525,0
2026-04-08,15:19:52.694915,267682,10191,38.21625,10289,38.58375,20188,45.423,0
2026-04-08,15:19:53.542077,269061,10173,38.14875,10272,38.52,20182,45.4095,0
2026-04-08,15:19:53.542077,269196,10168,38.13,10274,38.5275,20181,45.40725,0
2026-04-08,15:19:53.542077,269228,10167,38.12625,10261,38.47875,20181,45.40725,0
2026-04-08,15:19:53.542077,269259,10173,38.14875,10263,38.48625,20181,45.40725,0
2026-04-08,15:19:53.542077,269291,10172,38.145,10267,38.50125,20181,45.40725,0
2026-04-08,15:19:53.542077,269322,10173,38.14875,10266,38.4975,20180,45.405,0
2026-04-08,15:19:53.542077,269354,10178,38.1675,10268,38.505,20181,45.40725,0
2026-04-08,15:19:53.542077,269385,10172,38.145,10270,38.5125,20180,45.405,0
2026-04-08,15:19:53.542077,269416,10179,38.17125,10273,38.52375,20179,45.40275,0
2026-04-08,15:19:53.542077,269448,10170,38.1375,10267,38.50125,20179,45.40275,0
2026-04-08,15:19:53.542077,269479,10161,38.10375,10269,38.50875,20180,45.405,0
2026-04-08,15:19:53.542077,269511,10175,38.15625,10263,38.48625,20180,45.405,0
2026-04-08,15:19:53.542077,269542,10173,38.14875,10268,38.505,20179,45.40275,0
2026-04-08,15:19:53.542077,269574,10173,38.14875,10266,38.4975,20179,45.40275,0
2026-04-08,15:19:53.542077,269605,10177,38.16375,10271,38.51625,20179,45.40275,0
2026-04-08,15:19:53.542077,269636,10168,38.13,10274,38.5275,20180,45.405,0
2026-04-08,15:19:53.542077,269668,10166,38.1225,10271,38.51625,20180,45.405,0
2026-04-08,15:19:53.542077,269699,10167,38.12625,10264,38.49,20178,45.4005,0
2026-04-08,15:19:53.542077,269731,10164,38.115,10260,38.475,20179,45.40275,0
2026-04-08,15:19:53.542077,269762,10168,38.13,10260,38.475,20179,45.40275,0
2026-04-08,15:19:54.436195,269962,10162,38.1075,10261,38.47875,20177,45.39825,0
2026-04-08,15:19:54.436195,270097,10161,38.10375,10264,38.49,20177,45.39825,0
2026-04-08,15:19:54.436195,270128,10161,38.10375,10259,38.47125,20177,45.39825,0
2026-04-08,15:19:54.436195,270160,10162,38.1075,10255,38.45625,20177,45.39825,0
2026-04-08,15:19:54.436195,270192,10161,38.10375,10253,38.44875,20177,45.39825,0
2026-04-08,15:19:54.436195,270223,10168,38.13,10261,38.47875,20176,45.396,0
2026-04-08,15:19:54.436195,270255,10160,38.1,10265,38.49375,20176,45.396,0
2026-04-08,15:19:54.436195,270286,10155,38.08125,10267,38.50125,20176,45.396,0
2026-04-08,15:19:54.436195,270317,10156,38.085,10262,38.4825,20175,45.39375,0
2026-04-08,15:19:54.436195,270349,10149,38.05875,10257,38.46375,20175,45.39375,0
2026-04-08,15:19:54.436195,270380,10159,38.09625,10259,38.47125,20177,45.39825,0
2026-04-08,15:19:54.436195,270412,10156,38.085,10256,38.46,20177,45.39825,0
2026-04-08,15:19:54.436195,270443,10161,38.10375,10261,38.47875,20175,45.39375,0
2026-04-08,15:19:54.436195,270475,10159,38.09625,10258,38.4675,20175,45.39375,0
2026-04-08,15:19:54.436195,270506,10158,38.0925,10253,38.44875,20176,45.396,0
2026-04-08,15:19:54.436195,270537,10159,38.09625,10256,38.46,20175,45.39375,0
2026-04-08,15:19:54.436195,270569,10161,38.10375,10253,38.44875,20175,45.39375,0
2026-04-08,15:19:54.436195,270600,10155,38.08125,10256,38.46,20174,45.3915,0
2026-04-08,15:19:54.436195,270631,10157,38.08875,10250,38.4375,20173,45.38925,0
2026-04-08,15:19:54.436195,270663,10160,38.1,10261,38.47875,20173,45.38925,0
2026-04-08,15:19:57.497312,270825,10158,38.0925,10255,38.45625,20174,45.3915,0
2026-04-08,15:19:57.497312,270961,10151,38.06625,10254,38.4525,20173,45.38925,0
2026-04-08,15:19:57.497312,270993,10153,38.07375,10247,38.42625,20172,45.387,0
2026-04-08,15:19:57.497312,271024,10152,38.07,10253,38.44875,20172,45.387,0
2026-04-08,15:19:57.497312,271055,10146,38.0475,10251,38.44125,20173,45.38925,0
2026-04-08,15:19:57.497312,271087,10144,38.04,10244,38.415,20171,45.38475,0
2026-04-08,15:19:57.497312,271119,10147,38.05125,10255,38.45625,20173,45.38925,0
2026-04-08,15:19:57.497312,271150,10154,38.0775,10251,38.44125,20172,45.387,0
2026-04-08,15:19:57.497312,271182,10146,38.0475,10252,38.445,20172,45.387,0
2026-04-08,15:19:57.497312,271213,10150,38.0625,10249,38.43375,20171,45.38475,0
2026-04-08,15:19:57.497312,271244,10145,38.04375,10249,38.43375,20172,45.387,0
2026-04-08,15:19:57.497312,271276,10154,38.0775,10245,38.41875,20172,45.387,0
2026-04-08,15:19:57.497312,271307,10145,38.04375,10246,38.4225,20171,45.38475,0
2026-04-08,15:19:57.497312,271338,10144,38.04,10244,38.415,20171,45.38475,0
2026-04-08,15:19:57.497312,271370,10145,38.04375,10239,38.39625,20170,45.3825,0
2026-04-08,15:19:57.497312,271402,10151,38.06625,10236,38.385,20170,45.3825,0
2026-04-08,15:19:57.497312,271433,10141,38.02875,10240,38.4,20171,45.38475,0
2026-04-08,15:19:57.497312,271464,10144,38.04,10243,38.41125,20170,45.3825,0
2026-04-08,15:19:57.497312,271496,10147,38.05125,10244,38.415,20171,45.38475,0
2026-04-08,15:19:57.497312,271527,10148,38.055,10244,38.415,20170,45.3825,0
2026-04-08,15:19:57.497312,272924,10126,37.9725,10226,38.3475,20162,45.3645,0
2026-04-08,15:19:57.497312,273059,10127,37.97625,10223,38.33625,20162,45.3645,0
2026-04-08,15:19:57.497312,273091,10125,37.96875,10232,38.37,20160,45.36,0
2026-04-08,15:19:57.497312,273123,10123,37.96125,10221,38.32875,20162,45.3645,0
2026-04-08,15:19:57.497312,273154,10125,37.96875,10221,38.32875,20163,45.36675,0
2026-04-08,15:19:57.497312,273185,10127,37.97625,10219,38.32125,20162,45.3645,0
2026-04-08,15:19:57.497312,273217,10125,37.96875,10216,38.31,20162,45.3645,0
2026-04-08,15:19:57.497312,273248,10118,37.9425,10222,38.3325,20163,45.36675,0
2026-04-08,15:19:57.497312,273280,10123,37.96125,10221,38.32875,20160,45.36,0
2026-04-08,15:19:57.497312,273311,10118,37.9425,10219,38.32125,20161,45.36225,0
2026-04-08,15:19:57.497312,273343,10116,37.935,10215,38.30625,20160,45.36,0
2026-04-08,15:19:57.497312,273374,10116,37.935,10208,38.28,20162,45.3645,0
2026-04-08,15:19:57.497312,273405,10124,37.965,10216,38.31,20162,45.3645,0
2026-04-08,15:19:57.497312,273437,10127,37.97625,10218,38.3175,20162,45.3645,0
2026-04-08,15:19:57.497312,273468,10120,37.95,10219,38.32125,20161,45.36225,0
2026-04-08,15:19:57.497312,273500,10121,37.95375,10216,38.31,20159,45.35775,0
2026-04-08,15:19:57.497312,273531,10123,37.96125,10224,38.34,20160,45.36,0
2026-04-08,15:19:57.497312,273563,10113,37.92375,10218,38.3175,20162,45.3645,0
2026-04-08,15:19:57.497312,273594,10122,37.9575,10220,38.325,20160,45.36,0
2026-04-08,15:19:57.497312,273626,10118,37.9425,10219,38.32125,20158,45.3555,0
2026-04-08,15:19:58.421643,273860,10116,37.935,10212,38.295,20160,45.36,0
2026-04-08,15:19:58.421643,273995,10111,37.91625,10214,38.3025,20158,45.3555,0
2026-04-08,15:19:58.421643,274027,10111,37.91625,10212,38.295,20158,45.3555,0
2026-04-08,15:19:58.421643,274059,10109,37.90875,10203,38.26125,20157,45.35325,0
2026-04-08,15:19:58.421643,274090,10110,37.9125,10214,38.3025,20158,45.3555,0
2026-04-08,15:19:58.421643,274121,10114,37.9275,10206,38.2725,20158,45.3555,0
2026-04-08,15:19:58.421643,274153,10107,37.90125,10201,38.25375,20156,45.351,0
2026-04-08,15:19:58.421643,274185,10107,37.90125,10204,38.265,20157,45.35325,0
2026-04-08,15:19:58.421643,274216,10106,37.8975,10216,38.31,20158,45.3555,0
2026-04-08,15:19:58.421643,274248,10109,37.90875,10208,38.28,20156,45.351,0
2026-04-08,15:19:58.421643,274279,10111,37.91625,10208,38.28,20157,45.35325,0
2026-04-08,15:19:58.421643,274310,10104,37.89,10216,38.31,20157,45.35325,0
2026-04-08,15:19:58.421643,274342,10102,37.8825,10200,38.25,20157,45.35325,0
2026-04-08,15:19:58.421643,274373,10108,37.905,10212,38.295,20156,45.351,0
2026-04-08,15:19:58.421643,274405,10107,37.90125,10213,38.29875,20157,45.35325,0
2026-04-08,15:19:58.421643,274436,10104,37.89,10210,38.2875,20157,45.35325,0
2026-04-08,15:19:58.421643,274468,10097,37.86375,10210,38.2875,20156,45.351,0
2026-04-08,15:19:58.421643,274499,10101,37.87875,10212,38.295,20155,45.34875,0
2026-04-08,15:19:58.421643,274530,10107,37.90125,10207,38.27625,20157,45.35325,0
2026-04-08,15:19:58.421643,274562,10102,37.8825,10203,38.26125,20157,45.35325,0
2026-04-08,15:19:59.275364,274784,10106,37.8975,10196,38.235,20154,45.3465,0
2026-04-08,15:19:59.275364,274919,10090,37.8375,10202,38.2575,20154,45.3465,0
2026-04-08,15:19:59.275364,274952,10093,37.84875,10203,38.26125,20153,45.34425,0
2026-04-08,15:19:59.275364,274983,10102,37.8825,10196,38.235,20155,45.34875,0
2026-04-08,15:19:59.275364,275014,10099,37.87125,10197,38.23875,20155,45.34875,0
2026-04-08,15:19:59.275364,275046,10102,37.8825,10206,38.2725,20154,45.3465,0
2026-04-08,15:19:59.275364,275078,10096,37.86,10201,38.25375,20153,45.34425,0
2026-04-08,15:19:59.275364,275109,10097,37.86375,10199,38.24625,20153,45.34425,0
2026-04-08,15:19:59.275364,275140,10098,37.8675,10190,38.2125,20153,45.34425,0
2026-04-08,15:19:59.275364,275172,10107,37.90125,10198,38.2425,20152,45.342,0
2026-04-08,15:19:59.275364,275203,10096,37.86,10196,38.235,20153,45.34425,0
2026-04-08,15:19:59.275364,275235,10101,37.87875,10200,38.25,20152,45.342,0
2026-04-08,15:19:59.275364,275266,10104,37.89,10201,38.25375,20153,45.34425,0
2026-04-08,15:19:59.275364,275298,10103,37.88625,10203,38.26125,20152,45.342,0
2026-04-08,15:19:59.275364,275329,10097,37.86375,10201,38.25375,20153,45.34425,0
2026-04-08,15:19:59.275364,275361,10093,37.84875,10199,38.24625,20152,45.342,0
2026-04-08,15:19:59.275364,275392,10095,37.85625,10195,38.23125,20151,45.33975,0
2026-04-08,15:19:59.275364,275423,10091,37.84125,10195,38.23125,20152,45.342,0
2026-04-08,15:19:59.275364,275455,10100,37.875,10196,38.235,20151,45.33975,0
2026-04-08,15:19:59.275364,275488,10099,37.87125,10194,38.2275,20151,45.33975,0
2026-04-08,15:20:00.468796,275799,10092,37.845,10193,38.22375,20149,45.33525,0
2026-04-08,15:20:00.468796,275935,10093,37.84875,10185,38.19375,20149,45.33525,0
2026-04-08,15:20:00.468796,275966,10090,37.8375,10184,38.19,20149,45.33525,0
2026-04-08,15:20:00.468796,275998,10096,37.86,10187,38.20125,20150,45.3375,0
2026-04-08,15:20:00.468796,276029,10096,37.86,10185,38.19375,20148,45.333,0
2026-04-08,15:20:00.468796,276060,10093,37.84875,10179,38.17125,20148,45.333,0
2026-04-08,15:20:00.468796,276092,10097,37.86375,10192,38.22,20147,45.33075,0
2026-04-08,15:20:00.468796,276124,10085,37.81875,10185,38.19375,20148,45.333,0
2026-04-08,15:20:00.468796,276155,10084,37.815,10193,38.22375,20149,45.33525,0
2026-04-08,15:20:00.468796,276187,10085,37.81875,10187,38.20125,20148,45.333,0
2026-04-08,15:20:00.468796,276218,10084,37.815,10184,38.19,20148,45.333,0
2026-04-08,15:20:00.468796,276249,10087,37.82625,10181,38.17875,20147,45.33075,0
2026-04-08,15:20:00.468796,276281,10095,37.85625,10192,38.22,20147,45.33075,0
2026-04-08,15:20:00.468796,276312,10088,37.83,10177,38.16375,20147,45.33075,0
2026-04-08,15:20:00.468796,276343,10079,37.79625,10188,38.205,20147,45.33075,0
2026-04-08,15:20:00.468796,276375,10081,37.80375,10192,38.22,20147,45.33075,0
2026-04-08,15:20:00.468796,276406,10079,37.79625,10190,38.2125,20147,45.33075,0
2026-04-08,15:20:00.468796,276438,10077,37.78875,10190,38.2125,20148,45.333,0
2026-04-08,15:20:00.468796,276469,10070,37.7625,10183,38.18625,20146,45.3285,0
2026-04-08,15:20:00.468796,276501,10077,37.78875,10184,38.19,20147,45.33075,0
2026-04-08,15:20:01.303824,276864,10077,37.78875,10176,38.16,20143,45.32175,0
2026-04-08,15:20:01.303824,277000,10084,37.815,10173,38.14875,20144,45.324,0
2026-04-08,15:20:01.303824,277032,10080,37.8,10169,38.13375,20144,45.324,0
2026-04-08,15:20:01.303824,277063,10079,37.79625,10173,38.14875,20145,45.32625,0
2026-04-08,15:20:01.303824,277095,10077,37.78875,10174,38.1525,20142,45.3195,0
2026-04-08,15:20:01.303824,277127,10076,37.785,10180,38.175,20144,45.324,0
2026-04-08,15:20:01.303824,277158,10071,37.76625,10170,38.1375,20144,45.324,0
2026-04-08,15:20:01.303824,277189,10073,37.77375,10177,38.16375,20143,45.32175,0
2026-04-08,15:20:01.303824,277221,10075,37.78125,10168,38.13,20144,45.324,0
2026-04-08,15:20:01.303824,277252,10069,37.75875,10174,38.1525,20143,45.32175,0
2026-04-08,15:20:01.303824,277283,10071,37.76625,10169,38.13375,20144,45.324,0
2026-04-08,15:20:01.303824,277315,10074,37.7775,10176,38.16,20142,45.3195,0
2026-04-08,15:20:01.303824,277346,10069,37.75875,10165,38.11875,20141,45.31725,0
2026-04-08,15:20:01.303824,277378,10070,37.7625,10170,38.1375,20143,45.32175,0
2026-04-08,15:20:01.303824,277409,10076,37.785,10166,38.1225,20143,45.32175,0
2026-04-08,15:20:01.303824,277441,10071,37.76625,10167,38.12625,20140,45.315,0
2026-04-08,15:20:01.303824,277472,10072,37.77,10168,38.13,20141,45.31725,0
2026-04-08,15:20:01.303824,277503,10073,37.77375,10170,38.1375,20142,45.3195,0
2026-04-08,15:20:01.303824,277535,10073,37.77375,10165,38.11875,20143,45.32175,0
2026-04-08,15:20:01.303824,277566,10074,37.7775,10160,38.1,20141,45.31725,0
2026-04-08,15:20:02.197906,277686,10068,37.755,10162,38.1075,20140,45.315,0
2026-04-08,15:20:02.197906,277822,10061,37.72875,10170,38.1375,20140,45.315,0
2026-04-08,15:20:02.197906,277854,10069,37.75875,10170,38.1375,20139,45.31275,0
2026-04-08,15:20:02.197906,277885,10067,37.75125,10172,38.145,20140,45.315,0
2026-04-08,15:20:02.197906,277916,10073,37.77375,10166,38.1225,20140,45.315,0
2026-04-08,15:20:02.197906,277948,10074,37.7775,10170,38.1375,20139,45.31275,0
2026-04-08,15:20:02.197906,277980,10073,37.77375,10168,38.13,20140,45.315,0
2026-04-08,15:20:02.197906,278011,10070,37.7625,10158,38.0925,20139,45.31275,0
2026-04-08,15:20:02.197906,278043,10071,37.76625,10159,38.09625,20139,45.31275,0
2026-04-08,15:20:02.197906,278074,10063,37.73625,10165,38.11875,20138,45.3105,0
2026-04-08,15:20:02.197906,278105,10064,37.74,10157,38.08875,20140,45.315,0
2026-04-08,15:20:02.197906,278137,10058,37.7175,10156,38.085,20138,45.3105,0
2026-04-08,15:20:02.197906,278168,10061,37.72875,10161,38.10375,20138,45.3105,0
2026-04-08,15:20:02.197906,278200,10058,37.7175,10155,38.08125,20139,45.31275,0
2026-04-08,15:20:02.197906,278231,10057,37.71375,10155,38.08125,20140,45.315,0
2026-04-08,15:20:02.197906,278263,10060,37.725,10160,38.1,20138,45.3105,0
2026-04-08,15:20:02.197906,278294,10060,37.725,10165,38.11875,20138,45.3105,0
2026-04-08,15:20:02.197906,278325,10060,37.725,10161,38.10375,20138,45.3105,0
2026-04-08,15:20:02.197906,278357,10057,37.71375,10164,38.115,20138,45.3105,0
2026-04-08,15:20:02.197906,278388,10057,37.71375,10165,38.11875,20139,45.31275,0
2026-04-08,15:20:03.167813,278562,10053,37.69875,10156,38.085,20136,45.306,0
2026-04-08,15:20:03.167813,278697,10057,37.71375,10155,38.08125,20135,45.30375,0
2026-04-08,15:20:03.167813,278729,10064,37.74,10157,38.08875,20136,45.306,0
2026-04-08,15:20:03.167813,278761,10060,37.725,10155,38.08125,20137,45.30825,0
2026-04-08,15:20:03.167813,278792,10056,37.71,10160,38.1,20135,45.30375,0
2026-04-08,15:20:03.167813,278823,10052,37.695,10161,38.10375,20135,45.30375,0
2026-04-08,15:20:03.167813,278855,10054,37.7025,10148,38.055,20135,45.30375,0
2026-04-08,15:20:03.167813,278886,10050,37.6875,10145,38.04375,20134,45.3015,0
2026-04-08,15:20:03.167813,278918,10052,37.695,10154,38.0775,20134,45.3015,0
2026-04-08,15:20:03.167813,278949,10059,37.72125,10147,38.05125,20135,45.30375,0
2026-04-08,15:20:03.167813,278981,10053,37.69875,10153,38.07375,20136,45.306,0
2026-04-08,15:20:03.167813,279012,10056,37.71,10151,38.06625,20134,45.3015,0
2026-04-08,15:20:03.167813,279044,10049,37.68375,10159,38.09625,20134,45.3015,0
2026-04-08,15:20:03.167813,279075,10050,37.6875,10147,38.05125,20134,45.3015,0
2026-04-08,15:20:03.167813,279106,10057,37.71375,10150,38.0625,20135,45.30375,0
2026-04-08,15:20:03.167813,279137,10055,37.70625,10147,38.05125,20134,45.3015,0
2026-04-08,15:20:03.167813,279169,10056,37.71,10145,38.04375,20133,45.29925,0
2026-04-08,15:20:03.167813,279201,10049,37.68375,10147,38.05125,20134,45.3015,0
2026-04-08,15:20:03.167813,279232,10055,37.70625,10147,38.05125,20134,45.3015,0
2026-04-08,15:20:03.167813,279263,10050,37.6875,10148,38.055,20133,45.29925,0
2026-04-08,15:20:04.055312,279577,10046,37.6725,10146,38.0475,20131,45.29475,0
2026-04-08,15:20:04.055312,279713,10042,37.6575,10146,38.0475,20130,45.2925,0
2026-04-08,15:20:04.055312,279744,10039,37.64625,10147,38.05125,20132,45.297,0
2026-04-08,15:20:04.055312,279776,10036,37.635,10142,38.0325,20130,45.2925,0
2026-04-08,15:20:04.055312,279807,10039,37.64625,10138,38.0175,20131,45.29475,0
2026-04-08,15:20:04.055312,279838,10033,37.62375,10142,38.0325,20131,45.29475,0
2026-04-08,15:20:04.055312,279870,10038,37.6425,10149,38.05875,20131,45.29475,0
2026-04-08,15:20:04.055312,279901,10045,37.66875,10145,38.04375,20130,45.2925,0
2026-04-08,15:20:04.055312,279933,10038,37.6425,10143,38.03625,20131,45.29475,0
2026-04-08,15:20:04.055312,279964,10036,37.635,10146,38.0475,20131,45.29475,0
2026-04-08,15:20:04.055312,279996,10037,37.63875,10150,38.0625,20131,45.29475,0
2026-04-08,15:20:04.055312,280027,10034,37.6275,10139,38.02125,20129,45.29025,0
2026-04-08,15:20:04.055312,280058,10036,37.635,10140,38.025,20129,45.29025,0
2026-04-08,15:20:04.055312,280090,10041,37.65375,10137,38.01375,20130,45.2925,0
2026-04-08,15:20:04.055312,280121,10040,37.65,10137,38.01375,20130,45.2925,0
2026-04-08,15:20:04.055312,280153,10036,37.635,10143,38.03625,20128,45.288,0
2026-04-08,15:20:04.055312,280184,10036,37.635,10145,38.04375,20129,45.29025,0
2026-04-08,15:20:04.055312,280216,10036,37.635,10142,38.0325,20130,45.2925,0
2026-04-08,15:20:04.055312,280247,10034,37.6275,10139,38.02125,20129,45.29025,0
2026-04-08,15:20:04.055312,280279,10035,37.63125,10142,38.0325,20129,45.29025,0
2026-04-08,15:20:04.886814,280425,10033,37.62375,10136,38.01,20126,45.2835,0
2026-04-08,15:20:04.886814,280558,10025,37.59375,10138,38.0175,20127,45.28575,0
2026-04-08,15:20:04.886814,280591,10033,37.62375,10140,38.025,20126,45.2835,0
2026-04-08,15:20:04.886814,280622,10034,37.6275,10138,38.0175,20127,45.28575,0
2026-04-08,15:20:04.886814,280653,10029,37.60875,10140,38.025,20126,45.2835,0
2026-04-08,15:20:04.886814,280685,10032,37.62,10140,38.025,20126,45.2835,0
2026-04-08,15:20:04.886814,280716,10031,37.61625,10139,38.02125,20126,45.2835,0
2026-04-08,15:20:04.886814,280748,10030,37.6125,10131,37.99125,20126,45.2835,0
2026-04-08,15:20:04.886814,280779,10027,37.60125,10133,37.99875,20128,45.288,0
2026-04-08,15:20:04.886814,280811,10031,37.61625,10140,38.025,20126,45.2835,0
2026-04-08,15:20:04.886814,280842,10028,37.605,10137,38.01375,20126,45.2835,0
2026-04-08,15:20:04.886814,280873,10026,37.5975,10136,38.01,20127,45.28575,0
2026-04-08,15:20:04.886814,280905,10025,37.59375,10130,37.9875,20126,45.2835,0
2026-04-08,15:20:04.886814,280936,10027,37.60125,10130,37.9875,20127,45.28575,0
2026-04-08,15:20:04.886814,280967,10022,37.5825,10136,38.01,20126,45.2835,0
2026-04-08,15:20:04.886814,280999,10035,37.63125,10130,37.9875,20125,45.28125,0
2026-04-08,15:20:04.886814,281031,10025,37.59375,10133,37.99875,20125,45.28125,0
2026-04-08,15:20:04.886814,281062,10024,37.59,10131,37.99125,20125,45.28125,0
2026-04-08,15:20:04.886814,281094,10024,37.59,10130,37.9875,20124,45.279,0
2026-04-08,15:20:04.886814,281125,10026,37.5975,10139,38.02125,20123,45.27675,0
2026-04-08,15:20:05.693602,281253,10019,37.57125,10132,37.995,20124,45.279,0
2026-04-08,15:20:05.693602,281389,10017,37.56375,10127,37.97625,20123,45.27675,0
2026-04-08,15:20:05.693602,281421,10022,37.5825,10125,37.96875,20123,45.27675,0
2026-04-08,15:20:05.693602,281453,10023,37.58625,10128,37.98,20123,45.27675,0
2026-04-08,15:20:05.693602,281484,10026,37.5975,10131,37.99125,20123,45.27675,0
2026-04-08,15:20:05.693602,281516,10021,37.57875,10129,37.98375,20122,45.2745,0
2026-04-08,15:20:05.693602,281547,10022,37.5825,10126,37.9725,20124,45.279,0
2026-04-08,15:20:05.693602,281578,10021,37.57875,10119,37.94625,20124,45.279,0
2026-04-08,15:20:05.693602,281610,10023,37.58625,10128,37.98,20122,45.2745,0
2026-04-08,15:20:05.693602,281641,10018,37.5675,10126,37.9725,20122,45.2745,0
2026-04-08,15:20:05.693602,281673,10022,37.5825,10128,37.98,20123,45.27675,0
2026-04-08,15:20:05.693602,281704,10018,37.5675,10124,37.965,20121,45.27225,0
2026-04-08,15:20:05.693602,281735,10018,37.5675,10125,37.96875,20122,45.2745,0
2026-04-08,15:20:05.693602,281767,10023,37.58625,10125,37.96875,20121,45.27225,0
2026-04-08,15:20:05.693602,281798,10020,37.575,10123,37.96125,20123,45.27675,0
2026-04-08,15:20:05.693602,281830,10019,37.57125,10129,37.98375,20122,45.2745,0
2026-04-08,15:20:05.693602,281861,10015,37.55625,10128,37.98,20120,45.27,0
2026-04-08,15:20:05.693602,281892,10014,37.5525,10122,37.9575,20121,45.27225,0
2026-04-08,15:20:05.693602,281924,10024,37.59,10130,37.9875,20120,45.27,0
2026-04-08,15:20:05.693602,281955,10014,37.5525,10124,37.965,20120,45.27,0
2026-04-08,15:20:06.565153,282059,10013,37.54875,10117,37.93875,20121,45.27225,0
2026-04-08,15:20:06.565153,282195,10009,37.53375,10106,37.8975,20119,45.26775,0
2026-04-08,15:20:06.565153,282227,10002,37.5075,10110,37.9125,20120,45.27,0
2026-04-08,15:20:06.565153,282259,10007,37.52625,10121,37.95375,20119,45.26775,0
2026-04-08,15:20:06.565153,282290,10011,37.54125,10120,37.95,20120,45.27,0
2026-04-08,15:20:06.565153,282322,10006,37.5225,10117,37.93875,20119,45.26775,0
2026-04-08,15:20:06.565153,282353,10004,37.515,10108,37.905,20119,45.26775,0
2026-04-08,15:20:06.565153,282384,10013,37.54875,10118,37.9425,20119,45.26775,0
2026-04-08,15:20:06.565153,282416,10004,37.515,10111,37.91625,20117,45.26325,0
2026-04-08,15:20:06.565153,282447,10003,37.51125,10112,37.92,20118,45.2655,0
2026-04-08,15:20:06.565153,282479,10004,37.515,10112,37.92,20118,45.2655,0
2026-04-08,15:20:06.565153,282510,10007,37.52625,10111,37.91625,20119,45.26775,0
2026-04-08,15:20:06.565153,282542,10004,37.515,10121,37.95375,20119,45.26775,0
2026-04-08,15:20:06.565153,282573,10009,37.53375,10114,37.9275,20119,45.26775,0
2026-04-08,15:20:06.565153,282604,10009,37.53375,10108,37.905,20117,45.26325,0
2026-04-08,15:20:06.565153,282636,10008,37.53,10108,37.905,20118,45.2655,0
2026-04-08,15:20:06.565153,282667,10003,37.51125,10118,37.9425,20117,45.26325,0
2026-04-08,15:20:06.565153,282699,10001,37.50375,10115,37.93125,20117,45.26325,0
2026-04-08,15:20:06.565153,282730,10007,37.52625,10111,37.91625,20117,45.26325,0
2026-04-08,15:20:06.565153,282762,10010,37.5375,10109,37.90875,20117,45.26325,0
2026-04-08,15:20:07.533069,282967,10007,37.52625,10107,37.90125,20115,45.25875,0
2026-04-08,15:20:07.533069,283103,10000,37.5,10107,37.90125,20115,45.25875,0
2026-04-08,15:20:07.533069,283134,10013,37.54875,10102,37.8825,20116,45.261,0
2026-04-08,15:20:07.533069,283166,10000,37.5,10095,37.85625,20115,45.25875,0
2026-04-08,15:20:07.533069,283197,10002,37.5075,10101,37.87875,20114,45.2565,0
2026-04-08,15:20:07.533069,283229,9997,37.48875,10100,37.875,20115,45.25875,0
2026-04-08,15:20:07.533069,283260,9994,37.4775,10101,37.87875,20115,45.25875,0
2026-04-08,15:20:07.533069,283292,10001,37.50375,10099,37.87125,20113,45.25425,0
2026-04-08,15:20:07.533069,283323,10003,37.51125,10103,37.88625,20115,45.25875,0
2026-04-08,15:20:07.533069,283355,10004,37.515,10096,37.86,20115,45.25875,0
2026-04-08,15:20:07.533069,283386,10000,37.5,10105,37.89375,20113,45.25425,0
2026-04-08,15:20:07.533069,283417,10004,37.515,10104,37.89,20115,45.25875,0
2026-04-08,15:20:07.533069,283449,10001,37.50375,10102,37.8825,20113,45.25425,0
2026-04-08,15:20:07.533069,283480,10009,37.53375,10106,37.8975,20113,45.25425,0
2026-04-08,15:20:07.533069,283512,10000,37.5,10104,37.89,20113,45.25425,0
2026-04-08,15:20:07.533069,283543,10000,37.5,10101,37.87875,20114,45.2565,0
2026-04-08,15:20:07.533069,283575,9996,37.485,10100,37.875,20114,45.2565,0
2026-04-08,15:20:07.533069,283606,9998,37.4925,10093,37.84875,20114,45.2565,0
2026-04-08,15:20:07.533069,283637,9993,37.47375,10094,37.8525,20113,45.25425,0
2026-04-08,15:20:07.533069,283669,9996,37.485,10105,37.89375,20113,45.25425,0
2026-04-08,15:20:12.975381,283896,9996,37.485,10097,37.86375,20111,45.24975,0
2026-04-08,15:20:12.975381,284031,9989,37.45875,10096,37.86,20111,45.24975,0
2026-04-08,15:20:12.975381,284063,9994,37.4775,10095,37.85625,20111,45.24975,0
2026-04-08,15:20:12.975381,284094,9997,37.48875,10095,37.85625,20110,45.2475,0
2026-04-08,15:20:12.975381,284126,9988,37.455,10090,37.8375,20109,45.24525,0
2026-04-08,15:20:12.975381,284157,9998,37.4925,10095,37.85625,20111,45.24975,0
2026-04-08,15:20:12.975381,284189,9994,37.4775,10095,37.85625,20111,45.24975,0
2026-04-08,15:20:12.975381,284220,9990,37.4625,10099,37.87125,20110,45.2475,0
2026-04-08,15:20:12.975381,284251,9988,37.455,10090,37.8375,20110,45.2475,0
2026-04-08,15:20:12.975381,284283,9987,37.45125,10096,37.86,20111,45.24975,0
2026-04-08,15:20:12.975381,284314,9984,37.44,10095,37.85625,20111,45.24975,0
2026-04-08,15:20:12.975381,284346,9990,37.4625,10097,37.86375,20110,45.2475,0
2026-04-08,15:20:12.975381,284377,9988,37.455,10090,37.8375,20110,45.2475,0
2026-04-08,15:20:12.975381,284409,9988,37.455,10087,37.82625,20109,45.24525,0
2026-04-08,15:20:12.975381,284440,9985,37.44375,10090,37.8375,20110,45.2475,0
2026-04-08,15:20:12.975381,284472,9985,37.44375,10092,37.845,20109,45.24525,0
2026-04-08,15:20:12.975381,284503,9983,37.43625,10082,37.8075,20108,45.243,0
2026-04-08,15:20:12.975381,284534,9987,37.45125,10089,37.83375,20109,45.24525,0
2026-04-08,15:20:12.975381,284565,9987,37.45125,10086,37.8225,20109,45.24525,0
2026-04-08,15:20:12.975381,284597,9984,37.44,10085,37.81875,20109,45.24525,0
2026-04-08,15:20:12.975381,286111,9971,37.39125,10075,37.78125,20100,45.225,0
2026-04-08,15:20:12.975381,286244,9970,37.3875,10067,37.75125,20101,45.22725,0
2026-04-08,15:20:12.975381,286276,9965,37.36875,10062,37.7325,20101,45.22725,0
2026-04-08,15:20:12.975381,286307,9964,37.365,10065,37.74375,20100,45.225,0
2026-04-08,15:20:12.975381,286339,9971,37.39125,10056,37.71,20100,45.225,0
2026-04-08,15:20:12.975381,286370,9969,37.38375,10068,37.755,20100,45.225,0
2026-04-08,15:20:12.975381,286401,9965,37.36875,10066,37.7475,20100,45.225,0
2026-04-08,15:20:12.975381,286433,9963,37.36125,10066,37.7475,20100,45.225,0
2026-04-08,15:20:12.975381,286464,9968,37.38,10060,37.725,20099,45.22275,0
2026-04-08,15:20:12.975381,286496,9967,37.37625,10067,37.75125,20099,45.22275,0
2026-04-08,15:20:12.975381,286527,9960,37.35,10064,37.74,20100,45.225,0
2026-04-08,15:20:12.975381,286559,9958,37.3425,10070,37.7625,20099,45.22275,0
2026-04-08,15:20:12.975381,286590,9962,37.3575,10064,37.74,20099,45.22275,0
2026-04-08,15:20:12.975381,286622,9960,37.35,10062,37.7325,20098,45.2205,0
2026-04-08,15:20:12.975381,286653,9956,37.335,10068,37.755,20099,45.22275,0
2026-04-08,15:20:12.975381,286684,9959,37.34625,10065,37.74375,20099,45.22275,0
2026-04-08,15:20:12.975381,286715,9958,37.3425,10065,37.74375,20096,45.216,0
2026-04-08,15:20:12.975381,286747,9959,37.34625,10061,37.72875,20099,45.22275,0
2026-04-08,15:20:12.975381,286779,9958,37.3425,10061,37.72875,20097,45.21825,0
2026-04-08,15:20:12.975381,286810,9966,37.3725,10066,37.7475,20097,45.21825,0
2026-04-08,15:20:12.975381,288218,9947,37.30125,10051,37.69125,20092,45.207,0
2026-04-08,15:20:12.975381,288352,9949,37.30875,10060,37.725,20090,45.2025,0
2026-04-08,15:20:12.975381,288384,9949,37.30875,10055,37.70625,20091,45.20475,0
2026-04-08,15:20:12.975381,288416,9955,37.33125,10048,37.68,20090,45.2025,0
2026-04-08,15:20:12.975381,288447,9947,37.30125,10053,37.69875,20090,45.2025,0
2026-04-08,15:20:12.975381,288479,9944,37.29,10051,37.69125,20089,45.20025,0
2026-04-08,15:20:12.975381,288510,9942,37.2825,10052,37.695,20090,45.2025,0
2026-04-08,15:20:12.975381,288541,9942,37.2825,10048,37.68,20089,45.20025,0
2026-04-08,15:20:12.975381,288573,9944,37.29,10040,37.65,20088,45.198,0
2026-04-08,15:20:12.975381,288604,9941,37.27875,10045,37.66875,20089,45.20025,0
2026-04-08,15:20:12.975381,288636,9942,37.2825,10048,37.68,20090,45.2025,0
2026-04-08,15:20:12.975381,288667,9941,37.27875,10041,37.65375,20089,45.20025,0
2026-04-08,15:20:12.975381,288699,9940,37.275,10039,37.64625,20088,45.198,0
2026-04-08,15:20:12.975381,288730,9944,37.29,10042,37.6575,20089,45.20025,0
2026-04-08,15:20:12.975381,288761,9941,37.27875,10040,37.65,20090,45.2025,0
2026-04-08,15:20:12.975381,288793,9944,37.29,10039,37.64625,20088,45.198,0
2026-04-08,15:20:12.975381,288824,9948,37.305,10042,37.6575,20089,45.20025,0
2026-04-08,15:20:12.975381,288856,9948,37.305,10045,37.66875,20088,45.198,0
2026-04-08,15:20:12.975381,288887,9955,37.33125,10042,37.6575,20089,45.20025,0
2026-04-08,15:20:12.975381,288919,9940,37.275,10045,37.66875,20089,45.20025,0
2026-04-08,15:20:13.794673,289360,9935,37.25625,10036,37.635,20086,45.1935,0
2026-04-08,15:20:13.794673,289495,9944,37.29,10035,37.63125,20086,45.1935,0
2026-04-08,15:20:13.794673,289527,9933,37.24875,10038,37.6425,20085,45.19125,0
2026-04-08,15:20:13.794673,289558,9941,37.27875,10036,37.635,20086,45.1935,0
2026-04-08,15:20:13.794673,289589,9935,37.25625,10034,37.6275,20085,45.19125,0
2026-04-08,15:20:13.794673,289621,9936,37.26,10030,37.6125,20085,45.19125,0
2026-04-08,15:20:13.794673,289653,9930,37.2375,10034,37.6275,20085,45.19125,0
2026-04-08,15:20:13.794673,289684,9934,37.2525,10027,37.60125,20085,45.19125,0
2026-04-08,15:20:13.794673,289716,9934,37.2525,10038,37.6425,20084,45.189,0
2026-04-08,15:20:13.794673,289747,9944,37.29,10034,37.6275,20084,45.189,0
2026-04-08,15:20:13.794673,289778,9940,37.275,10032,37.62,20084,45.189,0
2026-04-08,15:20:13.794673,289810,9932,37.245,10027,37.60125,20085,45.19125,0
2026-04-08,15:20:13.794673,289841,9937,37.26375,10035,37.63125,20085,45.19125,0
2026-04-08,15:20:13.794673,289873,9927,37.22625,10027,37.60125,20083,45.18675,0
2026-04-08,15:20:13.794673,289904,9939,37.27125,10033,37.62375,20084,45.189,0
2026-04-08,15:20:13.794673,289936,9935,37.25625,10032,37.62,20083,45.18675,0
2026-04-08,15:20:13.794673,289967,9930,37.2375,10033,37.62375,20083,45.18675,0
2026-04-08,15:20:13.794673,289998,9930,37.2375,10036,37.635,20082,45.1845,0
2026-04-08,15:20:13.794673,290030,9931,37.24125,10028,37.605,20082,45.1845,0
2026-04-08,15:20:13.794673,290061,9933,37.24875,10034,37.6275,20082,45.1845,0
2026-04-08,15:20:14.605261,290157,9926,37.2225,10031,37.61625,20083,45.18675,0
2026-04-08,15:20:14.605261,290292,9919,37.19625,10031,37.61625,20082,45.1845,0
2026-04-08,15:20:14.605261,290325,9925,37.21875,10025,37.59375,20082,45.1845,0
2026-04-08,15:20:14.605261,290356,9924,37.215,10022,37.5825,20081,45.18225,0
2026-04-08,15:20:14.605261,290388,9923,37.21125,10026,37.5975,20082,45.1845,0
2026-04-08,15:20:14.605261,290419,9919,37.19625,10024,37.59,20082,45.1845,0
2026-04-08,15:20:14.605261,290451,9916,37.185,10024,37.59,20081,45.18225,0
2026-04-08,15:20:14.605261,290482,9916,37.185,10016,37.56,20081,45.18225,0
2026-04-08,15:20:14.605261,290514,9918,37.1925,10025,37.59375,20081,45.18225,0
2026-04-08,15:20:14.605261,290545,9915,37.18125,10027,37.60125,20080,45.18,0
2026-04-08,15:20:14.605261,290576,9918,37.1925,10020,37.575,20082,45.1845,0
2026-04-08,15:20:14.605261,290607,9924,37.215,10014,37.5525,20080,45.18,0
2026-04-08,15:20:14.605261,290639,9924,37.215,10011,37.54125,20080,45.18,0
2026-04-08,15:20:14.605261,290670,9926,37.2225,10016,37.56,20080,45.18,0
2026-04-08,15:20:14.605261,290702,9924,37.215,10019,37.57125,20081,45.18225,0
2026-04-08,15:20:14.605261,290733,9920,37.2,10022,37.5825,20080,45.18,0
2026-04-08,15:20:14.605261,290765,9917,37.18875,10027,37.60125,20080,45.18,0
2026-04-08,15:20:14.605261,290796,9916,37.185,10022,37.5825,20079,45.17775,0
2026-04-08,15:20:14.605261,290828,9916,37.185,10023,37.58625,20079,45.17775,0
2026-04-08,15:20:14.605261,290859,9922,37.2075,10016,37.56,20078,45.1755,0
2026-04-08,15:20:15.654072,291047,9923,37.21125,10020,37.575,20078,45.1755,0
2026-04-08,15:20:15.654072,291181,9913,37.17375,10020,37.575,20078,45.1755,0
2026-04-08,15:20:15.654072,291213,9921,37.20375,10017,37.56375,20076,45.171,0
2026-04-08,15:20:15.654072,291244,9919,37.19625,10018,37.5675,20078,45.1755,0
2026-04-08,15:20:15.654072,291276,9916,37.185,10020,37.575,20078,45.1755,0
2026-04-08,15:20:15.654072,291307,9914,37.1775,10011,37.54125,20075,45.16875,0
2026-04-08,15:20:15.654072,291339,9914,37.1775,10014,37.5525,20078,45.1755,0
2026-04-08,15:20:15.654072,291370,9914,37.1775,10011,37.54125,20074,45.1665,0
2026-04-08,15:20:15.654072,291401,9912,37.17,10009,37.53375,20076,45.171,0
2026-04-08,15:20:15.654072,291432,9906,37.1475,10019,37.57125,20076,45.171,0
2026-04-08,15:20:15.654072,291464,9910,37.1625,10017,37.56375,20076,45.171,0
2026-04-08,15:20:15.654072,291496,9913,37.17375,10013,37.54875,20075,45.16875,0
2026-04-08,15:20:15.654072,291527,9910,37.1625,10016,37.56,20077,45.17325,0
2026-04-08,15:20:15.654072,291558,9913,37.17375,10013,37.54875,20076,45.171,0
2026-04-08,15:20:15.654072,291590,9908,37.155,10015,37.55625,20075,45.16875,0
2026-04-08,15:20:15.654072,291621,9912,37.17,10016,37.56,20075,45.16875,0
2026-04-08,15:20:15.654072,291653,9912,37.17,10013,37.54875,20075,45.16875,0
2026-04-08,15:20:15.654072,291684,9916,37.185,10014,37.5525,20075,45.16875,0
2026-04-08,15:20:15.654072,291715,9915,37.18125,10003,37.51125,20076,45.171,0
2026-04-08,15:20:15.654072,291747,9913,37.17375,10016,37.56,20075,45.16875,0
2026-04-08,15:20:16.555603,292072,9905,37.14375,10010,37.5375,20073,45.16425,0
2026-04-08,15:20:16.555603,292206,9902,37.1325,10002,37.5075,20072,45.162,0
2026-04-08,15:20:16.555603,292238,9903,37.13625,10004,37.515,20072,45.162,0
2026-04-08,15:20:16.555603,292269,9907,37.15125,10007,37.52625,20072,45.162,0
2026-04-08,15:20:16.555603,292301,9904,37.14,10002,37.5075,20073,45.16425,0
2026-04-08,15:20:16.555603,292332,9909,37.15875,10009,37.53375,20073,45.16425,0
2026-04-08,15:20:16.555603,292364,9905,37.14375,9999,37.49625,20072,45.162,0
2026-04-08,15:20:16.555603,292395,9904,37.14,9999,37.49625,20073,45.16425,0
2026-04-08,15:20:16.555603,292426,9913,37.17375,9998,37.4925,20071,45.15975,0
2026-04-08,15:20:16.555603,292458,9905,37.14375,10002,37.5075,20071,45.15975,0
2026-04-08,15:20:16.555603,292489,9910,37.1625,10003,37.51125,20073,45.16425,0
2026-04-08,15:20:16.555603,292521,9899,37.12125,10003,37.51125,20072,45.162,0
2026-04-08,15:20:16.555603,292552,9893,37.09875,10005,37.51875,20072,45.162,0
2026-04-08,15:20:16.555603,292584,9896,37.11,10003,37.51125,20072,45.162,0
2026-04-08,15:20:16.555603,292615,9896,37.11,9998,37.4925,20070,45.1575,0
2026-04-08,15:20:16.555603,292646,9901,37.12875,9998,37.4925,20069,45.15525,0
2026-04-08,15:20:16.555603,292678,9897,37.11375,9996,37.485,20070,45.1575,0
2026-04-08,15:20:16.555603,292709,9892,37.095,9993,37.47375,20069,45.15525,0
2026-04-08,15:20:16.555603,292740,9893,37.09875,10000,37.5,20071,45.15975,0
2026-04-08,15:20:16.555603,292772,9902,37.1325,9996,37.485,20070,45.1575,0
2026-04-08,15:20:17.374385,292920,9901,37.12875,9996,37.485,20070,45.1575,0
2026-04-08,15:20:17.374385,293052,9889,37.08375,9992,37.47,20069,45.15525,0
2026-04-08,15:20:17.374385,293085,9895,37.10625,9995,37.48125,20069,45.15525,0
2026-04-08,15:20:17.374385,293116,9896,37.11,9995,37.48125,20068,45.153,0
2026-04-08,15:20:17.374385,293147,9897,37.11375,9989,37.45875,20068,45.153,0
2026-04-08,15:20:17.374385,293179,9894,37.1025,10002,37.5075,20068,45.153,0
2026-04-08,15:20:17.374385,293211,9890,37.0875,10002,37.5075,20068,45.153,0
2026-04-08,15:20:17.374385,293242,9888,37.08,9993,37.47375,20069,45.15525,0
2026-04-08,15:20:17.374385,293273,9892,37.095,10000,37.5,20067,45.15075,0
2026-04-08,15:20:17.374385,293305,9897,37.11375,9996,37.485,20068,45.153,0
2026-04-08,15:20:17.374385,293336,9890,37.0875,9992,37.47,20067,45.15075,0
2026-04-08,15:20:17.374385,293368,9893,37.09875,9993,37.47375,20068,45.153,0
2026-04-08,15:20:17.374385,293399,9895,37.10625,9990,37.4625,20068,45.153,0
2026-04-08,15:20:17.374385,293431,9889,37.08375,9988,37.455,20068,45.153,0
2026-04-08,15:20:17.374385,293462,9892,37.095,9996,37.485,20066,45.1485,0
2026-04-08,15:20:17.374385,293494,9892,37.095,9996,37.485,20068,45.153,0
2026-04-08,15:20:17.374385,293525,9897,37.11375,9995,37.48125,20067,45.15075,0
2026-04-08,15:20:17.374385,293556,9888,37.08,9993,37.47375,20067,45.15075,0
2026-04-08,15:20:17.374385,293588,9888,37.08,9995,37.48125,20068,45.153,0
2026-04-08,15:20:17.374385,293619,9888,37.08,10001,37.50375,20065,45.14625,0
2026-04-08,15:20:18.289600,293765,9893,37.09875,9990,37.4625,20066,45.1485,0
2026-04-08,15:20:18.289600,293899,9883,37.06125,9982,37.4325,20065,45.14625,0
2026-04-08,15:20:18.289600,293931,9877,37.03875,9983,37.43625,20064,45.144,0
2026-04-08,15:20:18.289600,293962,9882,37.0575,9983,37.43625,20063,45.14175,0
2026-04-08,15:20:18.289600,293993,9888,37.08,9985,37.44375,20064,45.144,0
2026-04-08,15:20:18.289600,294025,9885,37.06875,9988,37.455,20064,45.144,0
2026-04-08,15:20:18.289600,294056,9891,37.09125,9980,37.425,20064,45.144,0
2026-04-08,15:20:18.289600,294088,9889,37.08375,9985,37.44375,20064,45.144,0
2026-04-08,15:20:18.289600,294119,9882,37.0575,9986,37.4475,20064,45.144,0
2026-04-08,15:20:18.289600,294151,9885,37.06875,9985,37.44375,20065,45.14625,0
2026-04-08,15:20:18.289600,294182,9880,37.05,9992,37.47,20065,45.14625,0
2026-04-08,15:20:18.289600,294214,9879,37.04625,9985,37.44375,20063,45.14175,0
2026-04-08,15:20:18.289600,294245,9876,37.035,9990,37.4625,20063,45.14175,0
2026-04-08,15:20:18.289600,294276,9883,37.06125,9988,37.455,20064,45.144,0
2026-04-08,15:20:18.289600,294308,9881,37.05375,9981,37.42875,20064,45.144,0
2026-04-08,15:20:18.289600,294339,9881,37.05375,9985,37.44375,20064,45.144,0
2026-04-08,15:20:18.289600,294371,9879,37.04625,9984,37.44,20063,45.14175,0
2026-04-08,15:20:18.289600,294402,9875,37.03125,9986,37.4475,20063,45.14175,0
2026-04-08,15:20:18.289600,294434,9882,37.0575,9982,37.4325,20063,45.14175,0
2026-04-08,15:20:18.289600,294465,9883,37.06125,9987,37.45125,20062,45.1395,0
2026-04-08,15:20:19.116991,294659,9878,37.0425,9984,37.44,20062,45.1395,0
2026-04-08,15:20:19.116991,294791,9870,37.0125,9970,37.3875,20060,45.135,0
2026-04-08,15:20:19.116991,294823,9878,37.0425,9970,37.3875,20062,45.1395,0
2026-04-08,15:20:19.116991,294854,9878,37.0425,9973,37.39875,20060,45.135,0
2026-04-08,15:20:19.116991,294886,9877,37.03875,9979,37.42125,20062,45.1395,0
2026-04-08,15:20:19.116991,294917,9873,37.02375,9975,37.40625,20061,45.13725,0
2026-04-08,15:20:19.116991,294949,9878,37.0425,9975,37.40625,20061,45.13725,0
2026-04-08,15:20:19.116991,294980,9878,37.0425,9971,37.39125,20059,45.13275,0
2026-04-08,15:20:19.116991,295011,9878,37.0425,9978,37.4175,20060,45.135,0
2026-04-08,15:20:19.116991,295043,9879,37.04625,9975,37.40625,20060,45.135,0
2026-04-08,15:20:19.116991,295075,9873,37.02375,9976,37.41,20060,45.135,0
2026-04-08,15:20:19.116991,295106,9879,37.04625,9973,37.39875,20059,45.13275,0
2026-04-08,15:20:19.116991,295137,9877,37.03875,9975,37.40625,20059,45.13275,0
2026-04-08,15:20:19.116991,295169,9880,37.05,9978,37.4175,20060,45.135,0
2026-04-08,15:20:19.116991,295200,9871,37.01625,9973,37.39875,20059,45.13275,0
2026-04-08,15:20:19.116991,295232,9872,37.02,9970,37.3875,20059,45.13275,0
2026-04-08,15:20:19.116991,295263,9878,37.0425,9965,37.36875,20058,45.1305,0
2026-04-08,15:20:19.116991,295294,9871,37.01625,9973,37.39875,20059,45.13275,0
2026-04-08,15:20:19.116991,295326,9876,37.035,9976,37.41,20059,45.13275,0
2026-04-08,15:20:19.116991,295357,9872,37.02,9971,37.39125,20059,45.13275,0
2026-04-08,15:20:20.013254,295504,9873,37.02375,9972,37.395,20058,45.1305,0
2026-04-08,15:20:20.013254,295638,9861,36.97875,9968,37.38,20056,45.126,0
2026-04-08,15:20:20.013254,295670,9870,37.0125,9961,37.35375,20057,45.12825,0
2026-04-08,15:20:20.013254,295702,9861,36.97875,9967,37.37625,20056,45.126,0
2026-04-08,15:20:20.013254,295733,9853,36.94875,9968,37.38,20056,45.126,0
2026-04-08,15:20:20.013254,295765,9868,37.005,9969,37.38375,20056,45.126,0
2026-04-08,15:20:20.013254,295796,9864,36.99,9966,37.3725,20057,45.12825,0
2026-04-08,15:20:20.013254,295828,9870,37.0125,9966,37.3725,20056,45.126,0
2026-04-08,15:20:20.013254,295859,9864,36.99,9970,37.3875,20056,45.126,0
2026-04-08,15:20:20.013254,295891,9866,36.9975,9965,37.36875,20057,45.12825,0
2026-04-08,15:20:20.013254,295922,9866,36.9975,9964,37.365,20055,45.12375,0
2026-04-08,15:20:20.013254,295954,9866,36.9975,9962,37.3575,20055,45.12375,0
2026-04-08,15:20:20.013254,295985,9861,36.97875,9964,37.365,20056,45.126,0
2026-04-08,15:20:20.013254,296016,9867,37.00125,9958,37.3425,20056,45.126,0
2026-04-08,15:20:20.013254,296048,9865,36.99375,9967,37.37625,20056,45.126,0
2026-04-08,15:20:20.013254,296079,9864,36.99,9967,37.37625,20054,45.1215,0
2026-04-08,15:20:20.013254,296111,9873,37.02375,9958,37.3425,20056,45.126,0
2026-04-08,15:20:20.013254,296142,9869,37.00875,9966,37.3725,20054,45.1215,0
2026-04-08,15:20:20.013254,296174,9867,37.00125,9962,37.3575,20054,45.1215,0
2026-04-08,15:20:20.013254,296205,9866,36.9975,9957,37.33875,20055,45.12375,0
2026-04-08,15:20:22.891586,296381,9857,36.96375,9959,37.34625,20053,45.11925,0
2026-04-08,15:20:22.891586,296514,9856,36.96,9960,37.35,20054,45.1215,0
2026-04-08,15:20:22.891586,296545,9856,36.96,9957,37.33875,20054,45.1215,0
2026-04-08,15:20:22.891586,296577,9865,36.99375,9966,37.3725,20053,45.11925,0
2026-04-08,15:20:22.891586,296609,9860,36.975,9952,37.32,20053,45.11925,0
2026-04-08,15:20:22.891586,296640,9857,36.96375,9961,37.35375,20052,45.117,0
2026-04-08,15:20:22.891586,296671,9858,36.9675,9960,37.35,20052,45.117,0
2026-04-08,15:20:22.891586,296703,9855,36.95625,9967,37.37625,20052,45.117,0
2026-04-08,15:20:22.891586,296734,9854,36.9525,9956,37.335,20051,45.11475,0
2026-04-08,15:20:22.891586,296766,9854,36.9525,9961,37.35375,20052,45.117,0
2026-04-08,15:20:22.891586,296797,9851,36.94125,9958,37.3425,20052,45.117,0
2026-04-08,15:20:22.891586,296828,9859,36.97125,9958,37.3425,20051,45.11475,0
2026-04-08,15:20:22.891586,296859,9863,36.98625,9956,37.335,20051,45.11475,0
2026-04-08,15:20:22.891586,296891,9857,36.96375,9955,37.33125,20053,45.11925,0
2026-04-08,15:20:22.891586,296923,9855,36.95625,9963,37.36125,20050,45.1125,0
2026-04-08,15:20:22.891586,296954,9852,36.945,9960,37.35,20052,45.117,0
2026-04-08,15:20:22.891586,296986,9858,36.9675,9953,37.32375,20051,45.11475,0
2026-04-08,15:20:22.891586,297017,9858,36.9675,9960,37.35,20051,45.11475,0
2026-04-08,15:20:22.891586,297048,9859,36.97125,9962,37.3575,20051,45.11475,0
2026-04-08,15:20:22.891586,297080,9856,36.96,9950,37.3125,20051,45.11475,0
2026-04-08,15:20:23.814278,299262,9830,36.8625,9939,37.27125,20039,45.08775,0
2026-04-08,15:20:23.814278,299395,9817,36.81375,9926,37.2225,20039,45.08775,0
2026-04-08,15:20:23.814278,299428,9839,36.89625,9922,37.2075,20040,45.09,0
2026-04-08,15:20:23.814278,299459,9833,36.87375,9939,37.27125,20038,45.0855,0
2026-04-08,15:20:23.814278,299490,9840,36.9,9935,37.25625,20039,45.08775,0
2026-04-08,15:20:23.814278,299522,9833,36.87375,9934,37.2525,20038,45.0855,0
2026-04-08,15:20:23.814278,299553,9830,36.8625,9931,37.24125,20040,45.09,0
2026-04-08,15:20:23.814278,299585,9831,36.86625,9929,37.23375,20039,45.08775,0
2026-04-08,15:20:23.814278,299616,9831,36.86625,9937,37.26375,20038,45.0855,0
2026-04-08,15:20:23.814278,299648,9832,36.87,9931,37.24125,20037,45.08325,0
2026-04-08,15:20:23.814278,299679,9828,36.855,9930,37.2375,20038,45.0855,0
2026-04-08,15:20:23.814278,299710,9830,36.8625,9928,37.23,20039,45.08775,0
2026-04-08,15:20:23.814278,299742,9828,36.855,9929,37.23375,20039,45.08775,0
2026-04-08,15:20:23.814278,299773,9825,36.84375,9926,37.2225,20039,45.08775,0
2026-04-08,15:20:23.814278,299804,9833,36.87375,9929,37.23375,20038,45.0855,0
2026-04-08,15:20:23.814278,299836,9834,36.8775,9935,37.25625,20038,45.0855,0
2026-04-08,15:20:23.814278,299868,9820,36.825,9929,37.23375,20037,45.08325,0
2026-04-08,15:20:23.814278,299899,9822,36.8325,9929,37.23375,20038,45.0855,0
2026-04-08,15:20:23.814278,299930,9827,36.85125,9932,37.245,20037,45.08325,0
2026-04-08,15:20:23.814278,299962,9824,36.84,9935,37.25625,20036,45.081,0
2026-04-08,15:20:24.723699,300180,9819,36.82125,9924,37.215,20035,45.07875,0
2026-04-08,15:20:24.723699,300313,9824,36.84,9927,37.22625,20034,45.0765,0
2026-04-08,15:20:24.723699,300345,9825,36.84375,9923,37.21125,20036,45.081,0
2026-04-08,15:20:24.723699,300376,9817,36.81375,9919,37.19625,20034,45.0765,0
2026-04-08,15:20:24.723699,300408,9823,36.83625,9919,37.19625,20035,45.07875,0
2026-04-08,15:20:24.723699,300439,9818,36.8175,9920,37.2,20034,45.0765,0
2026-04-08,15:20:24.723699,300471,9825,36.84375,9917,37.18875,20035,45.07875,0
2026-04-08,15:20:24.723699,300502,9823,36.83625,9921,37.20375,20034,45.0765,0
2026-04-08,15:20:24.723699,300533,9829,36.85875,9919,37.19625,20034,45.0765,0
2026-04-08,15:20:24.723699,300565,9827,36.85125,9917,37.18875,20035,45.07875,0
2026-04-08,15:20:24.723699,300596,9818,36.8175,9917,37.18875,20033,45.07425,0
2026-04-08,15:20:24.723699,300628,9817,36.81375,9922,37.2075,20034,45.0765,0
2026-04-08,15:20:24.723699,300659,9820,36.825,9919,37.19625,20033,45.07425,0
2026-04-08,15:20:24.723699,300691,9811,36.79125,9911,37.16625,20034,45.0765,0
2026-04-08,15:20:24.723699,300722,9812,36.795,9922,37.2075,20033,45.07425,0
2026-04-08,15:20:24.723699,300753,9814,36.8025,9916,37.185,20033,45.07425,0
2026-04-08,15:20:24.723699,300785,9817,36.81375,9924,37.215,20032,45.072,0
2026-04-08,15:20:24.723699,300816,9817,36.81375,9921,37.20375,20033,45.07425,0
2026-04-08,15:20:24.723699,300847,9817,36.81375,9921,37.20375,20032,45.072,0
2026-04-08,15:20:24.723699,300879,9822,36.8325,9916,37.185,20033,45.07425,0
2026-04-08,15:20:25.596736,301086,9815,36.80625,9911,37.16625,20031,45.06975,0
2026-04-08,15:20:25.596736,301220,9811,36.79125,9905,37.14375,20030,45.0675,0
2026-04-08,15:20:25.596736,301251,9819,36.82125,9907,37.15125,20032,45.072,0
2026-04-08,15:20:25.596736,301283,9816,36.81,9906,37.1475,20031,45.06975,0
2026-04-08,15:20:25.596736,301314,9817,36.81375,9920,37.2,20030,45.0675,0
2026-04-08,15:20:25.596736,301346,9813,36.79875,9916,37.185,20029,45.06525,0
2026-04-08,15:20:25.596736,301377,9818,36.8175,9916,37.185,20031,45.06975,0
2026-04-08,15:20:25.596736,301409,9814,36.8025,9913,37.17375,20031,45.06975,0
2026-04-08,15:20:25.596736,301440,9809,36.78375,9913,37.17375,20030,45.0675,0
2026-04-08,15:20:25.596736,301472,9819,36.82125,9911,37.16625,20030,45.0675,0
2026-04-08,15:20:25.596736,301503,9815,36.80625,9910,37.1625,20031,45.06975,0
2026-04-08,15:20:25.596736,301534,9814,36.8025,9904,37.14,20029,45.06525,0
2026-04-08,15:20:25.596736,301565,9808,36.78,9907,37.15125,20029,45.06525,0
2026-04-08,15:20:25.596736,301597,9810,36.7875,9905,37.14375,20029,45.06525,0
2026-04-08,15:20:25.596736,301629,9813,36.79875,9904,37.14,20029,45.06525,0
2026-04-08,15:20:25.596736,301660,9815,36.80625,9904,37.14,20030,45.0675,0
2026-04-08,15:20:25.596736,301691,9812,36.795,9906,37.1475,20029,45.06525,0
2026-04-08,15:20:25.596736,301723,9808,36.78,9905,37.14375,20029,45.06525,0
2026-04-08,15:20:25.596736,301754,9813,36.79875,9907,37.15125,20029,45.06525,0
2026-04-08,15:20:25.596736,301786,9809,36.78375,9908,37.155,20029,45.06525,0
2026-04-08,15:20:29.537161,302003,9810,36.7875,9908,37.155,20028,45.063,0
2026-04-08,15:20:29.537161,302137,9803,36.76125,9910,37.1625,20027,45.06075,0
2026-04-08,15:20:29.537161,302168,9806,36.7725,9914,37.1775,20027,45.06075,0
2026-04-08,15:20:29.537161,302200,9815,36.80625,9906,37.1475,20026,45.0585,0
2026-04-08,15:20:29.537161,302231,9803,36.76125,9911,37.16625,20026,45.0585,0
2026-04-08,15:20:29.537161,302263,9808,36.78,9899,37.12125,20025,45.05625,0
2026-04-08,15:20:29.537161,302294,9810,36.7875,9900,37.125,20025,45.05625,0
2026-04-08,15:20:29.537161,302326,9801,36.75375,9903,37.13625,20026,45.0585,0
2026-04-08,15:20:29.537161,302357,9804,36.765,9903,37.13625,20024,45.054,0
2026-04-08,15:20:29.537161,302388,9803,36.76125,9909,37.15875,20027,45.06075,0
2026-04-08,15:20:29.537161,302420,9805,36.76875,9900,37.125,20025,45.05625,0
2026-04-08,15:20:29.537161,302451,9799,36.74625,9907,37.15125,20026,45.0585,0
2026-04-08,15:20:29.537161,302483,9804,36.765,9907,37.15125,20025,45.05625,0
2026-04-08,15:20:29.537161,302514,9802,36.7575,9897,37.11375,20025,45.05625,0
2026-04-08,15:20:29.537161,302546,9807,36.77625,9901,37.12875,20026,45.0585,0
2026-04-08,15:20:29.537161,302577,9802,36.7575,9889,37.08375,20024,45.054,0
2026-04-08,15:20:29.537161,302609,9802,36.7575,9894,37.1025,20025,45.05625,0
2026-04-08,15:20:29.537161,302640,9802,36.7575,9895,37.10625,20025,45.05625,0
2026-04-08,15:20:29.537161,302671,9804,36.765,9893,37.09875,20025,45.05625,0
2026-04-08,15:20:29.537161,302703,9800,36.75,9897,37.11375,20024,45.054,0
2026-04-08,15:20:30.525087,305905,9769,36.63375,9859,36.97125,20010,45.0225,0
2026-04-08,15:20:30.525087,306039,9771,36.64125,9866,36.9975,20008,45.018,0
2026-04-08,15:20:30.525087,306070,9772,36.645,9861,36.97875,20008,45.018,0
2026-04-08,15:20:30.525087,306102,9763,36.61125,9859,36.97125,20008,45.018,0
2026-04-08,15:20:30.525087,306134,9756,36.585,9861,36.97875,20006,45.0135,0
2026-04-08,15:20:30.525087,306165,9755,36.58125,9861,36.97875,20008,45.018,0
2026-04-08,15:20:30.525087,306197,9766,36.6225,9862,36.9825,20006,45.0135,0
2026-04-08,15:20:30.525087,306228,9761,36.60375,9854,36.9525,20007,45.01575,0
2026-04-08,15:20:30.525087,306259,9754,36.5775,9866,36.9975,20007,45.01575,0
2026-04-08,15:20:30.525087,306291,9755,36.58125,9857,36.96375,20007,45.01575,0
2026-04-08,15:20:30.525087,306322,9759,36.59625,9858,36.9675,20005,45.01125,0
2026-04-08,15:20:30.525087,306354,9765,36.61875,9858,36.9675,20007,45.01575,0
2026-04-08,15:20:30.525087,306385,9776,36.66,9857,36.96375,20007,45.01575,0
2026-04-08,15:20:30.525087,306417,9766,36.6225,9866,36.9975,20007,45.01575,0
2026-04-08,15:20:30.525087,306448,9758,36.5925,9861,36.97875,20006,45.0135,0
2026-04-08,15:20:30.525087,306479,9757,36.58875,9870,37.0125,20006,45.0135,0
2026-04-08,15:20:30.525087,306511,9755,36.58125,9860,36.975,20007,45.01575,0
2026-04-08,15:20:30.525087,306542,9764,36.615,9859,36.97125,20006,45.0135,0
2026-04-08,15:20:30.525087,306573,9762,36.6075,9849,36.93375,20005,45.01125,0
2026-04-08,15:20:30.525087,306605,9764,36.615,9856,36.96,20004,45.009,0
2026-04-08,15:20:31.395510,306920,9757,36.58875,9845,36.91875,20004,45.009,0
2026-04-08,15:20:31.395510,307053,9755,36.58125,9858,36.9675,20003,45.00675,0
2026-04-08,15:20:31.395510,307084,9755,36.58125,9855,36.95625,20004,45.009,0
2026-04-08,15:20:31.395510,307116,9760,36.6,9851,36.94125,20004,45.009,0
2026-04-08,15:20:31.395510,307147,9753,36.57375,9851,36.94125,20003,45.00675,0
2026-04-08,15:20:31.395510,307179,9753,36.57375,9849,36.93375,20003,45.00675,0
2026-04-08,15:20:31.395510,307210,9751,36.56625,9852,36.945,20002,45.0045,0
2026-04-08,15:20:31.395510,307242,9750,36.5625,9857,36.96375,20002,45.0045,0
2026-04-08,15:20:31.395510,307273,9750,36.5625,9848,36.93,20002,45.0045,0
2026-04-08,15:20:31.395510,307304,9760,36.6,9856,36.96,20004,45.009,0
2026-04-08,15:20:31.395510,307336,9752,36.57,9847,36.92625,20004,45.009,0
2026-04-08,15:20:31.395510,307367,9748,36.555,9848,36.93,20003,45.00675,0
2026-04-08,15:20:31.395510,307398,9749,36.55875,9852,36.945,20003,45.00675,0
2026-04-08,15:20:31.395510,307430,9745,36.54375,9851,36.94125,20002,45.0045,0
2026-04-08,15:20:31.395510,307461,9754,36.5775,9848,36.93,20001,45.00225,0
2026-04-08,15:20:31.395510,307493,9756,36.585,9856,36.96,20003,45.00675,0
2026-04-08,15:20:31.395510,307524,9743,36.53625,9851,36.94125,20003,45.00675,0
2026-04-08,15:20:31.395510,307556,9748,36.555,9842,36.9075,20002,45.0045,0
2026-04-08,15:20:31.395510,307587,9744,36.54,9852,36.945,20000,45,0
2026-04-08,15:20:31.395510,307619,9747,36.55125,9859,36.97125,20001,45.00225,0
2026-04-08,15:20:32.217521,307768,9745,36.54375,9852,36.945,20001,45.00225,0
2026-04-08,15:20:32.217521,307902,9736,36.51,9841,36.90375,20000,45,0
2026-04-08,15:20:32.217521,307935,9740,36.525,9847,36.92625,19998,44.9955,0
2026-04-08,15:20:32.217521,307966,9744,36.54,9843,36.91125,19999,44.99775,0
2026-04-08,15:20:32.217521,307997,9737,36.51375,9848,36.93,20000,45,0
2026-04-08,15:20:32.217521,308029,9738,36.5175,9840,36.9,20000,45,0
2026-04-08,15:20:32.217521,308060,9743,36.53625,9844,36.915,19999,44.99775,0
2026-04-08,15:20:32.217521,308092,9747,36.55125,9849,36.93375,19999,44.99775,0
2026-04-08,15:20:32.217521,308123,9740,36.525,9837,36.88875,20000,45,0
2026-04-08,15:20:32.217521,308155,9741,36.52875,9845,36.91875,20001,45.00225,0
2026-04-08,15:20:32.217521,308186,9738,36.5175,9845,36.91875,19998,44.9955,0
2026-04-08,15:20:32.217521,308217,9736,36.51,9839,36.89625,19998,44.9955,0
2026-04-08,15:20:32.217521,308249,9739,36.52125,9845,36.91875,19998,44.9955,0
2026-04-08,15:20:32.217521,308280,9737,36.51375,9836,36.885,19997,44.99325,0
2026-04-08,15:20:32.217521,308311,9740,36.525,9840,36.9,19999,44.99775,0
2026-04-08,15:20:32.217521,308343,9746,36.5475,9840,36.9,19998,44.9955,0
2026-04-08,15:20:32.217521,308375,9737,36.51375,9839,36.89625,19997,44.99325,0
2026-04-08,15:20:32.217521,308406,9737,36.51375,9842,36.9075,19997,44.99325,0
2026-04-08,15:20:32.217521,308437,9740,36.525,9839,36.89625,19997,44.99325,0
2026-04-08,15:20:32.217521,308469,9740,36.525,9834,36.8775,19997,44.99325,0
2026-04-08,15:20:33.148881,308660,9732,36.495,9839,36.89625,19997,44.99325,0
2026-04-08,15:20:33.148881,308793,9739,36.52125,9829,36.85875,19997,44.99325,0
2026-04-08,15:20:33.148881,308824,9732,36.495,9836,36.885,19995,44.98875,0
2026-04-08,15:20:33.148881,308856,9733,36.49875,9840,36.9,19995,44.98875,0
2026-04-08,15:20:33.148881,308888,9737,36.51375,9839,36.89625,19996,44.991,0
2026-04-08,15:20:33.148881,308919,9734,36.5025,9837,36.88875,19995,44.98875,0
2026-04-08,15:20:33.148881,308951,9730,36.4875,9832,36.87,19996,44.991,0
2026-04-08,15:20:33.148881,308982,9732,36.495,9843,36.91125,19996,44.991,0
2026-04-08,15:20:33.148881,309013,9730,36.4875,9833,36.87375,19995,44.98875,0
2026-04-08,15:20:33.148881,309045,9727,36.47625,9837,36.88875,19994,44.9865,0
2026-04-08,15:20:33.148881,309077,9731,36.49125,9843,36.91125,19995,44.98875,0
2026-04-08,15:20:33.148881,309108,9730,36.4875,9835,36.88125,19994,44.9865,0
2026-04-08,15:20:33.148881,309139,9735,36.50625,9835,36.88125,19994,44.9865,0
2026-04-08,15:20:33.148881,309171,9732,36.495,9834,36.8775,19994,44.9865,0
2026-04-08,15:20:33.148881,309202,9733,36.49875,9836,36.885,19995,44.98875,0
2026-04-08,15:20:33.148881,309233,9728,36.48,9838,36.8925,19993,44.98425,0
2026-04-08,15:20:33.148881,309265,9731,36.49125,9833,36.87375,19995,44.98875,0
2026-04-08,15:20:33.148881,309296,9733,36.49875,9833,36.87375,19994,44.9865,0
2026-04-08,15:20:33.148881,309328,9734,36.5025,9835,36.88125,19993,44.98425,0
2026-04-08,15:20:33.148881,309359,9743,36.53625,9827,36.85125,19994,44.9865,0
2026-04-08,15:20:33.955977,309512,9734,36.5025,9832,36.87,19993,44.98425,0
2026-04-08,15:20:33.955977,309646,9725,36.46875,9829,36.85875,19993,44.98425,0
2026-04-08,15:20:33.955977,309678,9723,36.46125,9832,36.87,19992,44.982,0
2026-04-08,15:20:33.955977,309709,9729,36.48375,9836,36.885,19992,44.982,0
2026-04-08,15:20:33.955977,309740,9719,36.44625,9826,36.8475,19992,44.982,0
2026-04-08,15:20:33.955977,309772,9729,36.48375,9828,36.855,19992,44.982,0
2026-04-08,15:20:33.955977,309805,9720,36.45,9830,36.8625,19991,44.97975,0
2026-04-08,15:20:33.955977,309836,9723,36.46125,9823,36.83625,19992,44.982,0
2026-04-08,15:20:33.955977,309868,9730,36.4875,9823,36.83625,19992,44.982,0
2026-04-08,15:20:33.955977,309900,9728,36.48,9831,36.86625,19990,44.9775,0
2026-04-08,15:20:33.955977,309931,9727,36.47625,9835,36.88125,19992,44.982,0
2026-04-08,15:20:33.955977,309963,9720,36.45,9826,36.8475,19991,44.97975,0
2026-04-08,15:20:33.955977,309995,9721,36.45375,9822,36.8325,19991,44.97975,0
2026-04-08,15:20:33.955977,310026,9727,36.47625,9813,36.79875,19991,44.97975,0
2026-04-08,15:20:33.955977,310057,9730,36.4875,9822,36.8325,19991,44.97975,0
2026-04-08,15:20:33.955977,310089,9727,36.47625,9822,36.8325,19991,44.97975,0
2026-04-08,15:20:33.955977,310120,9723,36.46125,9816,36.81,19990,44.9775,0
2026-04-08,15:20:33.955977,310152,9719,36.44625,9827,36.85125,19991,44.97975,0
2026-04-08,15:20:33.955977,310183,9718,36.4425,9824,36.84,19991,44.97975,0
2026-04-08,15:20:33.955977,310215,9731,36.49125,9819,36.82125,19990,44.9775,0
2026-04-08,15:20:36.003688,310320,9721,36.45375,9828,36.855,19990,44.9775,0
2026-04-08,15:20:36.003688,310454,9726,36.4725,9822,36.8325,19988,44.973,0
2026-04-08,15:20:36.003688,310486,9722,36.4575,9822,36.8325,19988,44.973,0
2026-04-08,15:20:36.003688,310517,9724,36.465,9812,36.795,19987,44.97075,0
2026-04-08,15:20:36.003688,310549,9724,36.465,9820,36.825,19988,44.973,0
2026-04-08,15:20:36.003688,310580,9715,36.43125,9819,36.82125,19987,44.97075,0
2026-04-08,15:20:36.003688,310612,9724,36.465,9819,36.82125,19988,44.973,0
2026-04-08,15:20:36.003688,310643,9722,36.4575,9819,36.82125,19988,44.973,0
2026-04-08,15:20:36.003688,310674,9716,36.435,9816,36.81,19987,44.97075,0
2026-04-08,15:20:36.003688,310706,9717,36.43875,9816,36.81,19988,44.973,0
2026-04-08,15:20:36.003688,310737,9718,36.4425,9814,36.8025,19987,44.97075,0
2026-04-08,15:20:36.003688,310769,9720,36.45,9820,36.825,19986,44.9685,0
2026-04-08,15:20:36.003688,310800,9718,36.4425,9825,36.84375,19987,44.97075,0
2026-04-08,15:20:36.003688,310832,9719,36.44625,9818,36.8175,19986,44.9685,0
2026-04-08,15:20:36.003688,310863,9724,36.465,9823,36.83625,19987,44.97075,0
2026-04-08,15:20:36.003688,310894,9717,36.43875,9817,36.81375,19986,44.9685,0
2026-04-08,15:20:36.003688,310926,9718,36.4425,9819,36.82125,19988,44.973,0
2026-04-08,15:20:36.003688,310957,9717,36.43875,9825,36.84375,19987,44.97075,0
2026-04-08,15:20:36.003688,310988,9725,36.46875,9809,36.78375,19986,44.9685,0
2026-04-08,15:20:36.003688,311020,9716,36.435,9811,36.79125,19986,44.9685,0
2026-04-08,15:20:36.911833,312375,9703,36.38625,9803,36.76125,19979,44.95275,0
2026-04-08,15:20:36.911833,312508,9693,36.34875,9805,36.76875,19979,44.95275,0
2026-04-08,15:20:36.911833,312540,9700,36.375,9799,36.74625,19979,44.95275,0
2026-04-08,15:20:36.911833,312572,9698,36.3675,9809,36.78375,19978,44.9505,0
2026-04-08,15:20:36.911833,312603,9703,36.38625,9807,36.77625,19979,44.95275,0
2026-04-08,15:20:36.911833,312635,9696,36.36,9805,36.76875,19979,44.95275,0
2026-04-08,15:20:36.911833,312666,9701,36.37875,9809,36.78375,19979,44.95275,0
2026-04-08,15:20:36.911833,312697,9696,36.36,9801,36.75375,19977,44.94825,0
2026-04-08,15:20:36.911833,312728,9698,36.3675,9800,36.75,19978,44.9505,0
2026-04-08,15:20:36.911833,312760,9700,36.375,9801,36.75375,19979,44.95275,0
2026-04-08,15:20:36.911833,312791,9706,36.3975,9816,36.81,19978,44.9505,0
2026-04-08,15:20:36.911833,312823,9703,36.38625,9803,36.76125,19979,44.95275,0
2026-04-08,15:20:36.911833,312854,9698,36.3675,9803,36.76125,19977,44.94825,0
2026-04-08,15:20:36.911833,312886,9698,36.3675,9800,36.75,19977,44.94825,0
2026-04-08,15:20:36.911833,312917,9697,36.36375,9803,36.76125,19977,44.94825,0
2026-04-08,15:20:36.911833,312949,9697,36.36375,9800,36.75,19977,44.94825,0
2026-04-08,15:20:36.911833,312980,9701,36.37875,9802,36.7575,19977,44.94825,0
2026-04-08,15:20:36.911833,313011,9699,36.37125,9803,36.76125,19977,44.94825,0
2026-04-08,15:20:36.911833,313043,9697,36.36375,9803,36.76125,19977,44.94825,0
2026-04-08,15:20:36.911833,313074,9702,36.3825,9803,36.76125,19977,44.94825,0
2026-04-08,15:20:37.780886,313281,9700,36.375,9800,36.75,19975,44.94375,0
2026-04-08,15:20:37.780886,313415,9690,36.3375,9799,36.74625,19975,44.94375,0
2026-04-08,15:20:37.780886,313446,9685,36.31875,9797,36.73875,19975,44.94375,0
2026-04-08,15:20:37.780886,313479,9691,36.34125,9793,36.72375,19975,44.94375,0
2026-04-08,15:20:37.780886,313510,9689,36.33375,9793,36.72375,19975,44.94375,0
2026-04-08,15:20:37.780886,313541,9698,36.3675,9797,36.73875,19974,44.9415,0
2026-04-08,15:20:37.780886,313573,9703,36.38625,9795,36.73125,19974,44.9415,0
2026-04-08,15:20:37.780886,313604,9695,36.35625,9803,36.76125,19975,44.94375,0
2026-04-08,15:20:37.780886,313635,9698,36.3675,9793,36.72375,19973,44.93925,0
2026-04-08,15:20:37.780886,313667,9694,36.3525,9795,36.73125,19974,44.9415,0
2026-04-08,15:20:37.780886,313698,9690,36.3375,9795,36.73125,19974,44.9415,0
2026-04-08,15:20:37.780886,313730,9690,36.3375,9797,36.73875,19975,44.94375,0
2026-04-08,15:20:37.780886,313761,9694,36.3525,9796,36.735,19974,44.9415,0
2026-04-08,15:20:37.780886,313793,9690,36.3375,9793,36.72375,19973,44.93925,0
2026-04-08,15:20:37.780886,313824,9688,36.33,9796,36.735,19973,44.93925,0
2026-04-08,15:20:37.780886,313855,9695,36.35625,9787,36.70125,19974,44.9415,0
2026-04-08,15:20:37.780886,313887,9697,36.36375,9792,36.72,19973,44.93925,0
2026-04-08,15:20:37.780886,313918,9688,36.33,9800,36.75,19973,44.93925,0
2026-04-08,15:20:37.780886,313949,9694,36.3525,9795,36.73125,19973,44.93925,0
2026-04-08,15:20:37.780886,313981,9686,36.3225,9796,36.735,19973,44.93925,0
2026-04-08,15:20:38.674258,314199,9686,36.3225,9786,36.6975,19972,44.937,0
2026-04-08,15:20:38.674258,314332,9693,36.34875,9789,36.70875,19970,44.9325,0
2026-04-08,15:20:38.674258,314364,9694,36.3525,9784,36.69,19970,44.9325,0
2026-04-08,15:20:38.674258,314396,9685,36.31875,9786,36.6975,19971,44.93475,0
2026-04-08,15:20:38.674258,314427,9680,36.3,9780,36.675,19970,44.9325,0
2026-04-08,15:20:38.674258,314458,9684,36.315,9787,36.70125,19970,44.9325,0
2026-04-08,15:20:38.674258,314490,9685,36.31875,9786,36.6975,19971,44.93475,0
2026-04-08,15:20:38.674258,314521,9683,36.31125,9775,36.65625,19970,44.9325,0
2026-04-08,15:20:38.674258,314552,9683,36.31125,9784,36.69,19970,44.9325,0
2026-04-08,15:20:38.674258,314584,9684,36.315,9775,36.65625,19971,44.93475,0
2026-04-08,15:20:38.674258,314615,9683,36.31125,9781,36.67875,19970,44.9325,0
2026-04-08,15:20:38.674258,314647,9686,36.3225,9772,36.645,19967,44.92575,0
2026-04-08,15:20:38.674258,314678,9684,36.315,9782,36.6825,19970,44.9325,0
2026-04-08,15:20:38.674258,314710,9687,36.32625,9783,36.68625,19970,44.9325,0
2026-04-08,15:20:38.674258,314741,9680,36.3,9780,36.675,19970,44.9325,0
2026-04-08,15:20:38.674258,314772,9677,36.28875,9787,36.70125,19967,44.92575,0
2026-04-08,15:20:38.674258,314804,9681,36.30375,9779,36.67125,19969,44.93025,0
2026-04-08,15:20:38.674258,314835,9682,36.3075,9777,36.66375,19968,44.928,0
2026-04-08,15:20:38.674258,314866,9679,36.29625,9776,36.66,19969,44.93025,0
2026-04-08,15:20:38.674258,314898,9678,36.2925,9775,36.65625,19968,44.928,0
2026-04-08,15:20:39.486421,315038,9677,36.28875,9780,36.675,19966,44.9235,0
2026-04-08,15:20:39.486421,315171,9671,36.26625,9774,36.6525,19967,44.92575,0
2026-04-08,15:20:39.486421,315203,9679,36.29625,9778,36.6675,19966,44.9235,0
2026-04-08,15:20:39.486421,315235,9687,36.32625,9778,36.6675,19968,44.928,0
2026-04-08,15:20:39.486421,315266,9678,36.2925,9781,36.67875,19966,44.9235,0
2026-04-08,15:20:39.486421,315298,9679,36.29625,9771,36.64125,19968,44.928,0
2026-04-08,15:20:39.486421,315329,9683,36.31125,9786,36.6975,19966,44.9235,0
2026-04-08,15:20:39.486421,315360,9681,36.30375,9776,36.66,19966,44.9235,0
2026-04-08,15:20:39.486421,315392,9682,36.3075,9778,36.6675,19966,44.9235,0
2026-04-08,15:20:39.486421,315423,9672,36.27,9778,36.6675,19965,44.92125,0
2026-04-08,15:20:39.486421,315455,9682,36.3075,9769,36.63375,19965,44.92125,0
2026-04-08,15:20:39.486421,315486,9674,36.2775,9775,36.65625,19965,44.92125,0
2026-04-08,15:20:39.486421,315518,9673,36.27375,9772,36.645,19966,44.9235,0
2026-04-08,15:20:39.486421,315549,9679,36.29625,9773,36.64875,19964,44.919,0
2026-04-08,15:20:39.486421,315580,9675,36.28125,9774,36.6525,19964,44.919,0
2026-04-08,15:20:39.486421,315612,9681,36.30375,9771,36.64125,19966,44.9235,0
2026-04-08,15:20:39.486421,315643,9674,36.2775,9772,36.645,19964,44.919,0
2026-04-08,15:20:39.486421,315674,9680,36.3,9777,36.66375,19965,44.92125,0
2026-04-08,15:20:39.486421,315706,9671,36.26625,9768,36.63,19965,44.92125,0
2026-04-08,15:20:39.486421,315737,9669,36.25875,9775,36.65625,19964,44.919,0
2026-04-08,15:20:40.407319,315931,9672,36.27,9772,36.645,19964,44.919,0
2026-04-08,15:20:40.407319,316064,9668,36.255,9765,36.61875,19963,44.91675,0
2026-04-08,15:20:40.407319,316096,9671,36.26625,9771,36.64125,19962,44.9145,0
2026-04-08,15:20:40.407319,316128,9670,36.2625,9769,36.63375,19964,44.919,0
2026-04-08,15:20:40.407319,316159,9670,36.2625,9774,36.6525,19962,44.9145,0
2026-04-08,15:20:40.407319,316190,9668,36.255,9771,36.64125,19963,44.91675,0
2026-04-08,15:20:40.407319,316222,9667,36.25125,9768,36.63,19961,44.91225,0
2026-04-08,15:20:40.407319,316253,9666,36.2475,9770,36.6375,19961,44.91225,0
2026-04-08,15:20:40.407319,316284,9665,36.24375,9768,36.63,19961,44.91225,0
2026-04-08,15:20:40.407319,316316,9663,36.23625,9770,36.6375,19962,44.9145,0
2026-04-08,15:20:40.407319,316347,9668,36.255,9761,36.60375,19961,44.91225,0
2026-04-08,15:20:40.407319,316379,9665,36.24375,9766,36.6225,19962,44.9145,0
2026-04-08,15:20:40.407319,316410,9668,36.255,9763,36.61125,19961,44.91225,0
2026-04-08,15:20:40.407319,316442,9670,36.2625,9763,36.61125,19962,44.9145,0
2026-04-08,15:20:40.407319,316473,9671,36.26625,9765,36.61875,19960,44.91,0
2026-04-08,15:20:40.407319,316504,9668,36.255,9773,36.64875,19961,44.91225,0
2026-04-08,15:20:40.407319,316536,9667,36.25125,9772,36.645,19962,44.9145,0
2026-04-08,15:20:40.407319,316567,9665,36.24375,9763,36.61125,19961,44.91225,0
2026-04-08,15:20:40.407319,316599,9670,36.2625,9765,36.61875,19960,44.91,0
2026-04-08,15:20:40.407319,316630,9668,36.255,9764,36.615,19961,44.91225,0
2026-04-08,15:20:41.236776,316799,9658,36.2175,9766,36.6225,19960,44.91,0
2026-04-08,15:20:41.236776,316932,9663,36.23625,9761,36.60375,19958,44.9055,0
2026-04-08,15:20:41.236776,316965,9664,36.24,9758,36.5925,19960,44.91,0
2026-04-08,15:20:41.236776,316996,9661,36.22875,9756,36.585,19959,44.90775,0
2026-04-08,15:20:41.236776,317027,9661,36.22875,9761,36.60375,19958,44.9055,0
2026-04-08,15:20:41.236776,317059,9664,36.24,9755,36.58125,19959,44.90775,0
2026-04-08,15:20:41.236776,317091,9666,36.2475,9761,36.60375,19958,44.9055,0
2026-04-08,15:20:41.236776,317122,9663,36.23625,9759,36.59625,19958,44.9055,0
2026-04-08,15:20:41.236776,317154,9662,36.2325,9758,36.5925,19957,44.90325,0
2026-04-08,15:20:41.236776,317185,9656,36.21,9756,36.585,19959,44.90775,0
2026-04-08,15:20:41.236776,317216,9655,36.20625,9760,36.6,19957,44.90325,0
2026-04-08,15:20:41.236776,317248,9662,36.2325,9759,36.59625,19958,44.9055,0
2026-04-08,15:20:41.236776,317279,9655,36.20625,9753,36.57375,19957,44.90325,0
2026-04-08,15:20:41.236776,317311,9655,36.20625,9752,36.57,19957,44.90325,0
2026-04-08,15:20:41.236776,317342,9661,36.22875,9754,36.5775,19958,44.9055,0
2026-04-08,15:20:41.236776,317374,9654,36.2025,9756,36.585,19957,44.90325,0
2026-04-08,15:20:41.236776,317405,9655,36.20625,9758,36.5925,19956,44.901,0
2026-04-08,15:20:41.236776,317436,9653,36.19875,9766,36.6225,19957,44.90325,0
2026-04-08,15:20:41.236776,317468,9658,36.2175,9759,36.59625,19957,44.90325,0
2026-04-08,15:20:41.236776,317499,9656,36.21,9767,36.62625,19956,44.901,0
2026-04-08,15:20:42.258360,317784,9652,36.195,9757,36.58875,19956,44.901,0
2026-04-08,15:20:42.258360,317917,9663,36.23625,9754,36.5775,19955,44.89875,0
2026-04-08,15:20:42.258360,317948,9657,36.21375,9761,36.60375,19955,44.89875,0
2026-04-08,15:20:42.258360,317980,9648,36.18,9754,36.5775,19953,44.89425,0
2026-04-08,15:20:42.258360,318011,9652,36.195,9748,36.555,19953,44.89425,0
2026-04-08,15:20:42.258360,318043,9647,36.17625,9755,36.58125,19955,44.89875,0
2026-04-08,15:20:42.258360,318075,9653,36.19875,9749,36.55875,19954,44.8965,0
2026-04-08,15:20:42.258360,318106,9659,36.22125,9746,36.5475,19953,44.89425,0
2026-04-08,15:20:42.258360,318137,9644,36.165,9746,36.5475,19953,44.89425,0
2026-04-08,15:20:42.258360,318169,9649,36.18375,9752,36.57,19954,44.8965,0
2026-04-08,15:20:42.258360,318200,9647,36.17625,9752,36.57,19953,44.89425,0
2026-04-08,15:20:42.258360,318231,9655,36.20625,9752,36.57,19952,44.892,0
2026-04-08,15:20:42.258360,318263,9652,36.195,9743,36.53625,19952,44.892,0
2026-04-08,15:20:42.258360,318294,9649,36.18375,9750,36.5625,19954,44.8965,0
2026-04-08,15:20:42.258360,318326,9651,36.19125,9749,36.55875,19953,44.89425,0
2026-04-08,15:20:42.258360,318357,9651,36.19125,9745,36.54375,19953,44.89425,0
2026-04-08,15:20:42.258360,318389,9639,36.14625,9748,36.555,19952,44.892,0
2026-04-08,15:20:42.258360,318420,9648,36.18,9742,36.5325,19952,44.892,0
2026-04-08,15:20:42.258360,318451,9648,36.18,9746,36.5475,19953,44.89425,0
2026-04-08,15:20:42.258360,318483,9644,36.165,9743,36.53625,19951,44.88975,0
2026-04-08,15:20:43.096748,318623,9642,36.1575,9747,36.55125,19951,44.88975,0
2026-04-08,15:20:43.096748,318757,9647,36.17625,9742,36.5325,19951,44.88975,0
2026-04-08,15:20:43.096748,318789,9648,36.18,9745,36.54375,19949,44.88525,0
2026-04-08,15:20:43.096748,318821,9643,36.16125,9746,36.5475,19950,44.8875,0
2026-04-08,15:20:43.096748,318852,9647,36.17625,9745,36.54375,19950,44.8875,0
2026-04-08,15:20:43.096748,318884,9649,36.18375,9745,36.54375,19950,44.8875,0
2026-04-08,15:20:43.096748,318916,9651,36.19125,9745,36.54375,19950,44.8875,0
2026-04-08,15:20:43.096748,318947,9647,36.17625,9747,36.55125,19950,44.8875,0
2026-04-08,15:20:43.096748,318978,9639,36.14625,9740,36.525,19950,44.8875,0
2026-04-08,15:20:43.096748,319010,9650,36.1875,9741,36.52875,19950,44.8875,0
2026-04-08,15:20:43.096748,319041,9643,36.16125,9736,36.51,19949,44.88525,0
2026-04-08,15:20:43.096748,319072,9640,36.15,9741,36.52875,19949,44.88525,0
2026-04-08,15:20:43.096748,319104,9651,36.19125,9743,36.53625,19949,44.88525,0
2026-04-08,15:20:43.096748,319135,9643,36.16125,9741,36.52875,19949,44.88525,0
2026-04-08,15:20:43.096748,319167,9649,36.18375,9743,36.53625,19950,44.8875,0
2026-04-08,15:20:43.096748,319198,9648,36.18,9740,36.525,19949,44.88525,0
2026-04-08,15:20:43.096748,319230,9643,36.16125,9745,36.54375,19948,44.883,0
2026-04-08,15:20:43.096748,319261,9642,36.1575,9741,36.52875,19949,44.88525,0
2026-04-08,15:20:43.096748,319293,9646,36.1725,9739,36.52125,19948,44.883,0
2026-04-08,15:20:43.096748,319324,9649,36.18375,9746,36.5475,19947,44.88075,0
2026-04-08,15:20:43.992165,319515,9640,36.15,9737,36.51375,19948,44.883,0
2026-04-08,15:20:43.992165,319648,9644,36.165,9738,36.5175,19947,44.88075,0
2026-04-08,15:20:43.992165,319680,9645,36.16875,9741,36.52875,19946,44.8785,0
2026-04-08,15:20:43.992165,319712,9641,36.15375,9737,36.51375,19946,44.8785,0
2026-04-08,15:20:43.992165,319743,9644,36.165,9733,36.49875,19945,44.87625,0
2026-04-08,15:20:43.992165,319774,9642,36.1575,9733,36.49875,19945,44.87625,0
2026-04-08,15:20:43.992165,319806,9639,36.14625,9743,36.53625,19946,44.8785,0
2026-04-08,15:20:43.992165,319837,9637,36.13875,9740,36.525,19946,44.8785,0
2026-04-08,15:20:43.992165,319869,9640,36.15,9743,36.53625,19946,44.8785,0
2026-04-08,15:20:43.992165,319900,9638,36.1425,9734,36.5025,19945,44.87625,0
2026-04-08,15:20:43.992165,319932,9640,36.15,9737,36.51375,19945,44.87625,0
2026-04-08,15:20:43.992165,319963,9638,36.1425,9737,36.51375,19946,44.8785,0
2026-04-08,15:20:43.992165,319994,9633,36.12375,9732,36.495,19944,44.874,0
2026-04-08,15:20:43.992165,320026,9636,36.135,9733,36.49875,19944,44.874,0
2026-04-08,15:20:43.992165,320057,9641,36.15375,9734,36.5025,19944,44.874,0
2026-04-08,15:20:43.992165,320089,9638,36.1425,9729,36.48375,19944,44.874,0
2026-04-08,15:20:43.992165,320120,9626,36.0975,9737,36.51375,19944,44.874,0
2026-04-08,15:20:43.992165,320152,9629,36.10875,9728,36.48,19944,44.874,0
2026-04-08,15:20:43.992165,320183,9633,36.12375,9730,36.4875,19944,44.874,0
2026-04-08,15:20:43.992165,320215,9631,36.11625,9739,36.52125,19944,44.874,0
2026-04-08,15:20:44.844601,320358,9630,36.1125,9730,36.4875,19944,44.874,0
2026-04-08,15:20:44.844601,320491,9628,36.105,9734,36.5025,19943,44.87175,0
2026-04-08,15:20:44.844601,320524,9628,36.105,9733,36.49875,19940,44.865,0
2026-04-08,15:20:44.844601,320555,9628,36.105,9731,36.49125,19941,44.86725,0
2026-04-08,15:20:44.844601,320586,9626,36.0975,9733,36.49875,19942,44.8695,0
2026-04-08,15:20:44.844601,320618,9625,36.09375,9733,36.49875,19943,44.87175,0
2026-04-08,15:20:44.844601,320650,9627,36.10125,9739,36.52125,19942,44.8695,0
2026-04-08,15:20:44.844601,320681,9626,36.0975,9730,36.4875,19942,44.8695,0
2026-04-08,15:20:44.844601,320712,9626,36.0975,9733,36.49875,19941,44.86725,0
2026-04-08,15:20:44.844601,320744,9626,36.0975,9734,36.5025,19941,44.86725,0
2026-04-08,15:20:44.844601,320775,9629,36.10875,9731,36.49125,19941,44.86725,0
2026-04-08,15:20:44.844601,320806,9631,36.11625,9733,36.49875,19940,44.865,0
2026-04-08,15:20:44.844601,320838,9625,36.09375,9726,36.4725,19941,44.86725,0
2026-04-08,15:20:44.844601,320869,9623,36.08625,9724,36.465,19941,44.86725,0
2026-04-08,15:20:44.844601,320901,9625,36.09375,9724,36.465,19941,44.86725,0
2026-04-08,15:20:44.844601,320932,9624,36.09,9729,36.48375,19941,44.86725,0
2026-04-08,15:20:44.844601,320964,9634,36.1275,9732,36.495,19940,44.865,0
2026-04-08,15:20:44.844601,320995,9623,36.08625,9723,36.46125,19940,44.865,0
2026-04-08,15:20:44.844601,321026,9637,36.13875,9726,36.4725,19940,44.865,0
2026-04-08,15:20:44.844601,321058,9625,36.09375,9728,36.48,19939,44.86275,0
2026-04-08,15:20:45.756394,321265,9623,36.08625,9723,36.46125,19939,44.86275,0
2026-04-08,15:20:45.756394,321399,9624,36.09,9724,36.465,19938,44.8605,0
2026-04-08,15:20:45.756394,321430,9618,36.0675,9719,36.44625,19938,44.8605,0
2026-04-08,15:20:45.756394,321462,9621,36.07875,9720,36.45,19939,44.86275,0
2026-04-08,15:20:45.756394,321493,9623,36.08625,9717,36.43875,19938,44.8605,0
2026-04-08,15:20:45.756394,321525,9619,36.07125,9717,36.43875,19938,44.8605,0
2026-04-08,15:20:45.756394,321556,9626,36.0975,9719,36.44625,19938,44.8605,0
2026-04-08,15:20:45.756394,321588,9615,36.05625,9716,36.435,19936,44.856,0
2026-04-08,15:20:45.756394,321619,9618,36.0675,9721,36.45375,19938,44.8605,0
2026-04-08,15:20:45.756394,321651,9613,36.04875,9727,36.47625,19937,44.85825,0
2026-04-08,15:20:45.756394,321682,9615,36.05625,9718,36.4425,19938,44.8605,0
2026-04-08,15:20:45.756394,321713,9623,36.08625,9726,36.4725,19936,44.856,0
2026-04-08,15:20:45.756394,321744,9625,36.09375,9721,36.45375,19937,44.85825,0
2026-04-08,15:20:45.756394,321776,9618,36.0675,9723,36.46125,19936,44.856,0
2026-04-08,15:20:45.756394,321808,9618,36.0675,9726,36.4725,19936,44.856,0
2026-04-08,15:20:45.756394,321839,9622,36.0825,9723,36.46125,19936,44.856,0
2026-04-08,15:20:45.756394,321870,9619,36.07125,9718,36.4425,19937,44.85825,0
2026-04-08,15:20:45.756394,321902,9616,36.06,9721,36.45375,19935,44.85375,0
2026-04-08,15:20:45.756394,321933,9614,36.0525,9720,36.45,19936,44.856,0
2026-04-08,15:20:45.756394,321965,9622,36.0825,9714,36.4275,19936,44.856,0
2026-04-08,15:20:46.561230,322128,9613,36.04875,9706,36.3975,19936,44.856,0
2026-04-08,15:20:46.561230,322262,9615,36.05625,9709,36.40875,19935,44.85375,0
2026-04-08,15:20:46.561230,322294,9606,36.0225,9709,36.40875,19934,44.8515,0
2026-04-08,15:20:46.561230,322326,9618,36.0675,9716,36.435,19935,44.85375,0
2026-04-08,15:20:46.561230,322357,9613,36.04875,9717,36.43875,19935,44.85375,0
2026-04-08,15:20:46.561230,322389,9615,36.05625,9710,36.4125,19933,44.84925,0
2026-04-08,15:20:46.561230,322420,9622,36.0825,9712,36.42,19933,44.84925,0
2026-04-08,15:20:46.561230,322451,9618,36.0675,9713,36.42375,19934,44.8515,0
2026-04-08,15:20:46.561230,322483,9613,36.04875,9714,36.4275,19935,44.85375,0
2026-04-08,15:20:46.561230,322514,9607,36.02625,9718,36.4425,19933,44.84925,0
2026-04-08,15:20:46.561230,322546,9613,36.04875,9720,36.45,19932,44.847,0
2026-04-08,15:20:46.561230,322577,9607,36.02625,9710,36.4125,19933,44.84925,0
2026-04-08,15:20:46.561230,322609,9605,36.01875,9710,36.4125,19933,44.84925,0
2026-04-08,15:20:46.561230,322640,9605,36.01875,9712,36.42,19932,44.847,0
2026-04-08,15:20:46.561230,322672,9609,36.03375,9709,36.40875,19933,44.84925,0
2026-04-08,15:20:46.561230,322703,9614,36.0525,9714,36.4275,19932,44.847,0
2026-04-08,15:20:46.561230,322734,9606,36.0225,9711,36.41625,19932,44.847,0
2026-04-08,15:20:46.561230,322765,9613,36.04875,9713,36.42375,19932,44.847,0
2026-04-08,15:20:46.561230,322797,9602,36.0075,9716,36.435,19932,44.847,0
2026-04-08,15:20:46.561230,322829,9605,36.01875,9711,36.41625,19932,44.847,0
2026-04-08,15:20:47.576017,323005,9594,35.9775,9697,36.36375,19930,44.8425,0
2026-04-08,15:20:47.576017,323139,9606,36.0225,9712,36.42,19930,44.8425,0
2026-04-08,15:20:47.576017,323170,9599,35.99625,9705,36.39375,19930,44.8425,0
2026-04-08,15:20:47.576017,323202,9607,36.02625,9707,36.40125,19931,44.84475,0
2026-04-08,15:20:47.576017,323234,9603,36.01125,9698,36.3675,19929,44.84025,0
2026-04-08,15:20:47.576017,323265,9599,35.99625,9705,36.39375,19929,44.84025,0
2026-04-08,15:20:47.576017,323297,9605,36.01875,9707,36.40125,19928,44.838,0
2026-04-08,15:20:47.576017,323328,9607,36.02625,9705,36.39375,19929,44.84025,0
2026-04-08,15:20:47.576017,323359,9598,35.9925,9698,36.3675,19930,44.8425,0
2026-04-08,15:20:47.576017,323391,9603,36.01125,9697,36.36375,19929,44.84025,0
2026-04-08,15:20:47.576017,323422,9601,36.00375,9705,36.39375,19930,44.8425,0
2026-04-08,15:20:47.576017,323453,9600,36,9703,36.38625,19929,44.84025,0
2026-04-08,15:20:47.576017,323485,9595,35.98125,9697,36.36375,19929,44.84025,0
2026-04-08,15:20:47.576017,323516,9599,35.99625,9700,36.375,19927,44.83575,0
2026-04-08,15:20:47.576017,323548,9602,36.0075,9699,36.37125,19929,44.84025,0
2026-04-08,15:20:47.576017,323579,9605,36.01875,9699,36.37125,19928,44.838,0
2026-04-08,15:20:47.576017,323611,9597,35.98875,9703,36.38625,19927,44.83575,0
2026-04-08,15:20:47.576017,323642,9596,35.985,9708,36.405,19928,44.838,0
2026-04-08,15:20:47.576017,323673,9601,36.00375,9699,36.37125,19928,44.838,0
2026-04-08,15:20:47.576017,323705,9603,36.01125,9699,36.37125,19928,44.838,0
2026-04-08,15:20:48.584399,323941,9600,36,9697,36.36375,19924,44.829,0
2026-04-08,15:20:48.584399,324075,9591,35.96625,9696,36.36,19926,44.8335,0
2026-04-08,15:20:48.584399,324107,9601,36.00375,9708,36.405,19926,44.8335,0
2026-04-08,15:20:48.584399,324139,9595,35.98125,9700,36.375,19925,44.83125,0
2026-04-08,15:20:48.584399,324170,9589,35.95875,9693,36.34875,19925,44.83125,0
2026-04-08,15:20:48.584399,324201,9600,36,9694,36.3525,19926,44.8335,0
2026-04-08,15:20:48.584399,324233,9603,36.01125,9697,36.36375,19925,44.83125,0
2026-04-08,15:20:48.584399,324264,9595,35.98125,9698,36.3675,19925,44.83125,0
2026-04-08,15:20:48.584399,324296,9592,35.97,9689,36.33375,19924,44.829,0
2026-04-08,15:20:48.584399,324327,9595,35.98125,9696,36.36,19925,44.83125,0
2026-04-08,15:20:48.584399,324359,9593,35.97375,9702,36.3825,19924,44.829,0
2026-04-08,15:20:48.584399,324390,9590,35.9625,9691,36.34125,19924,44.829,0
2026-04-08,15:20:48.584399,324422,9592,35.97,9697,36.36375,19924,44.829,0
2026-04-08,15:20:48.584399,324453,9591,35.96625,9695,36.35625,19924,44.829,0
2026-04-08,15:20:48.584399,324484,9588,35.955,9692,36.345,19926,44.8335,0
2026-04-08,15:20:48.584399,324516,9597,35.98875,9690,36.3375,19924,44.829,0
2026-04-08,15:20:48.584399,324547,9596,35.985,9690,36.3375,19923,44.82675,0
2026-04-08,15:20:48.584399,324579,9603,36.01125,9687,36.32625,19925,44.83125,0
2026-04-08,15:20:48.584399,324610,9600,36,9695,36.35625,19924,44.829,0
2026-04-08,15:20:48.584399,324641,9585,35.94375,9692,36.345,19923,44.82675,0
2026-04-08,15:20:49.421279,324951,9593,35.97375,9686,36.3225,19922,44.8245,0
2026-04-08,15:20:49.421279,325084,9580,35.925,9695,36.35625,19922,44.8245,0
2026-04-08,15:20:49.421279,325116,9579,35.92125,9686,36.3225,19921,44.82225,0
2026-04-08,15:20:49.421279,325148,9584,35.94,9684,36.315,19921,44.82225,0
2026-04-08,15:20:49.421279,325179,9595,35.98125,9687,36.32625,19922,44.8245,0
2026-04-08,15:20:49.421279,325211,9584,35.94,9684,36.315,19921,44.82225,0
2026-04-08,15:20:49.421279,325242,9579,35.92125,9690,36.3375,19921,44.82225,0
2026-04-08,15:20:49.421279,325274,9588,35.955,9683,36.31125,19919,44.81775,0
2026-04-08,15:20:49.421279,325305,9585,35.94375,9685,36.31875,19921,44.82225,0
2026-04-08,15:20:49.421279,325337,9586,35.9475,9690,36.3375,19921,44.82225,0
2026-04-08,15:20:49.421279,325368,9583,35.93625,9689,36.33375,19919,44.81775,0
2026-04-08,15:20:49.421279,325399,9584,35.94,9692,36.345,19920,44.82,0
2026-04-08,15:20:49.421279,325430,9590,35.9625,9690,36.3375,19919,44.81775,0
2026-04-08,15:20:49.421279,325462,9586,35.9475,9690,36.3375,19919,44.81775,0
2026-04-08,15:20:49.421279,325493,9587,35.95125,9692,36.345,19920,44.82,0
2026-04-08,15:20:49.421279,325525,9579,35.92125,9690,36.3375,19919,44.81775,0
2026-04-08,15:20:49.421279,325556,9585,35.94375,9687,36.32625,19919,44.81775,0
2026-04-08,15:20:49.421279,325588,9578,35.9175,9690,36.3375,19919,44.81775,0
2026-04-08,15:20:49.421279,325619,9582,35.9325,9688,36.33,19919,44.81775,0
2026-04-08,15:20:49.421279,325651,9585,35.94375,9679,36.29625,19919,44.81775,0
2026-04-08,15:20:50.241511,325790,9581,35.92875,9678,36.2925,19916,44.811,0
2026-04-08,15:20:50.241511,325923,9576,35.91,9683,36.31125,19918,44.8155,0
2026-04-08,15:20:50.241511,325956,9574,35.9025,9683,36.31125,19917,44.81325,0
2026-04-08,15:20:50.241511,325987,9580,35.925,9680,36.3,19917,44.81325,0
2026-04-08,15:20:50.241511,326018,9579,35.92125,9678,36.2925,19917,44.81325,0
2026-04-08,15:20:50.241511,326050,9579,35.92125,9682,36.3075,19916,44.811,0
2026-04-08,15:20:50.241511,326082,9575,35.90625,9685,36.31875,19916,44.811,0
2026-04-08,15:20:50.241511,326113,9577,35.91375,9678,36.2925,19916,44.811,0
2026-04-08,15:20:50.241511,326144,9583,35.93625,9683,36.31125,19916,44.811,0
2026-04-08,15:20:50.241511,326176,9580,35.925,9677,36.28875,19915,44.80875,0
2026-04-08,15:20:50.241511,326207,9575,35.90625,9680,36.3,19916,44.811,0
2026-04-08,15:20:50.241511,326238,9576,35.91,9683,36.31125,19916,44.811,0
2026-04-08,15:20:50.241511,326270,9577,35.91375,9682,36.3075,19915,44.80875,0
2026-04-08,15:20:50.241511,326301,9581,35.92875,9680,36.3,19915,44.80875,0
2026-04-08,15:20:50.241511,326333,9575,35.90625,9677,36.28875,19916,44.811,0
2026-04-08,15:20:50.241511,326364,9579,35.92125,9684,36.315,19914,44.8065,0
2026-04-08,15:20:50.241511,326396,9582,35.9325,9682,36.3075,19914,44.8065,0
2026-04-08,15:20:50.241511,326427,9583,35.93625,9673,36.27375,19915,44.80875,0
2026-04-08,15:20:50.241511,326459,9575,35.90625,9681,36.30375,19915,44.80875,0
2026-04-08,15:20:50.241511,326490,9575,35.90625,9675,36.28125,19915,44.80875,0
2026-04-08,15:20:51.065485,326635,9575,35.90625,9671,36.26625,19914,44.8065,0
2026-04-08,15:20:51.065485,326769,9567,35.87625,9673,36.27375,19913,44.80425,0
2026-04-08,15:20:51.065485,326801,9571,35.89125,9673,36.27375,19914,44.8065,0
2026-04-08,15:20:51.065485,326832,9572,35.895,9677,36.28875,19912,44.802,0
2026-04-08,15:20:51.065485,326864,9581,35.92875,9667,36.25125,19912,44.802,0
2026-04-08,15:20:51.065485,326896,9577,35.91375,9670,36.2625,19912,44.802,0
2026-04-08,15:20:51.065485,326927,9570,35.8875,9673,36.27375,19913,44.80425,0
2026-04-08,15:20:51.065485,326958,9569,35.88375,9675,36.28125,19912,44.802,0
2026-04-08,15:20:51.065485,326990,9566,35.8725,9670,36.2625,19913,44.80425,0
2026-04-08,15:20:51.065485,327021,9572,35.895,9671,36.26625,19912,44.802,0
2026-04-08,15:20:51.065485,327052,9579,35.92125,9663,36.23625,19912,44.802,0
2026-04-08,15:20:51.065485,327084,9574,35.9025,9671,36.26625,19911,44.79975,0
2026-04-08,15:20:51.065485,327116,9575,35.90625,9671,36.26625,19912,44.802,0
2026-04-08,15:20:51.065485,327147,9579,35.92125,9666,36.2475,19912,44.802,0
2026-04-08,15:20:51.065485,327179,9571,35.89125,9664,36.24,19912,44.802,0
2026-04-08,15:20:51.065485,327210,9570,35.8875,9666,36.2475,19910,44.7975,0
2026-04-08,15:20:51.065485,327241,9567,35.87625,9671,36.26625,19911,44.79975,0
2026-04-08,15:20:51.065485,327272,9576,35.91,9667,36.25125,19912,44.802,0
2026-04-08,15:20:51.065485,327304,9568,35.88,9668,36.255,19911,44.79975,0
2026-04-08,15:20:51.065485,327335,9566,35.8725,9667,36.25125,19911,44.79975,0
2026-04-08,15:20:51.977264,327429,9568,35.88,9668,36.255,19909,44.79525,0
2026-04-08,15:20:51.977264,327563,9568,35.88,9667,36.25125,19908,44.793,0
2026-04-08,15:20:51.977264,327595,9569,35.88375,9665,36.24375,19908,44.793,0
2026-04-08,15:20:51.977264,327627,9570,35.8875,9666,36.2475,19910,44.7975,0
2026-04-08,15:20:51.977264,327658,9571,35.89125,9674,36.2775,19909,44.79525,0
2026-04-08,15:20:51.977264,327690,9566,35.8725,9670,36.2625,19910,44.7975,0
2026-04-08,15:20:51.977264,327721,9567,35.87625,9669,36.25875,19908,44.793,0
2026-04-08,15:20:51.977264,327752,9564,35.865,9673,36.27375,19909,44.79525,0
2026-04-08,15:20:51.977264,327784,9567,35.87625,9677,36.28875,19908,44.793,0
2026-04-08,15:20:51.977264,327815,9568,35.88,9666,36.2475,19908,44.793,0
2026-04-08,15:20:51.977264,327847,9566,35.8725,9663,36.23625,19909,44.79525,0
2026-04-08,15:20:51.977264,327878,9573,35.89875,9668,36.255,19908,44.793,0
2026-04-08,15:20:51.977264,327910,9570,35.8875,9666,36.2475,19908,44.793,0
2026-04-08,15:20:51.977264,327941,9577,35.91375,9663,36.23625,19908,44.793,0
2026-04-08,15:20:51.977264,327972,9569,35.88375,9660,36.225,19908,44.793,0
2026-04-08,15:20:51.977264,328004,9558,35.8425,9665,36.24375,19908,44.793,0
2026-04-08,15:20:51.977264,328035,9560,35.85,9665,36.24375,19907,44.79075,0
2026-04-08,15:20:51.977264,328066,9569,35.88375,9669,36.25875,19908,44.793,0
2026-04-08,15:20:51.977264,328098,9565,35.86875,9674,36.2775,19907,44.79075,0
2026-04-08,15:20:51.977264,328129,9564,35.865,9667,36.25125,19907,44.79075,0
2026-04-08,15:20:52.799493,328344,9560,35.85,9664,36.24,19906,44.7885,0
2026-04-08,15:20:52.799493,328478,9564,35.865,9659,36.22125,19907,44.79075,0
2026-04-08,15:20:52.799493,328510,9562,35.8575,9657,36.21375,19905,44.78625,0
2026-04-08,15:20:52.799493,328542,9561,35.85375,9657,36.21375,19905,44.78625,0
2026-04-08,15:20:52.799493,328573,9555,35.83125,9658,36.2175,19905,44.78625,0
2026-04-08,15:20:52.799493,328604,9556,35.835,9658,36.2175,19905,44.78625,0
2026-04-08,15:20:52.799493,328636,9561,35.85375,9662,36.2325,19905,44.78625,0
2026-04-08,15:20:52.799493,328667,9557,35.83875,9665,36.24375,19903,44.78175,0
2026-04-08,15:20:52.799493,328698,9559,35.84625,9657,36.21375,19905,44.78625,0
2026-04-08,15:20:52.799493,328730,9556,35.835,9658,36.2175,19904,44.784,0
2026-04-08,15:20:52.799493,328762,9553,35.82375,9656,36.21,19904,44.784,0
2026-04-08,15:20:52.799493,328793,9558,35.8425,9657,36.21375,19904,44.784,0
2026-04-08,15:20:52.799493,328825,9559,35.84625,9661,36.22875,19904,44.784,0
2026-04-08,15:20:52.799493,328856,9556,35.835,9656,36.21,19904,44.784,0
2026-04-08,15:20:52.799493,328887,9560,35.85,9655,36.20625,19903,44.78175,0
2026-04-08,15:20:52.799493,328919,9552,35.82,9660,36.225,19903,44.78175,0
2026-04-08,15:20:52.799493,328950,9550,35.8125,9655,36.20625,19903,44.78175,0
2026-04-08,15:20:52.799493,328981,9545,35.79375,9662,36.2325,19903,44.78175,0
2026-04-08,15:20:52.799493,329013,9548,35.805,9664,36.24,19903,44.78175,0
2026-04-08,15:20:52.799493,329044,9559,35.84625,9660,36.225,19904,44.784,0
2026-04-08,15:20:53.724397,329244,9549,35.80875,9659,36.22125,19901,44.77725,0
2026-04-08,15:20:53.724397,329377,9546,35.7975,9653,36.19875,19900,44.775,0
2026-04-08,15:20:53.724397,329408,9548,35.805,9657,36.21375,19902,44.7795,0
2026-04-08,15:20:53.724397,329440,9551,35.81625,9660,36.225,19901,44.77725,0
2026-04-08,15:20:53.724397,329471,9552,35.82,9655,36.20625,19902,44.7795,0
2026-04-08,15:20:53.724397,329502,9553,35.82375,9647,36.17625,19901,44.77725,0
2026-04-08,15:20:53.724397,329534,9553,35.82375,9651,36.19125,19901,44.77725,0
2026-04-08,15:20:53.724397,329565,9554,35.8275,9649,36.18375,19901,44.77725,0
2026-04-08,15:20:53.724397,329597,9560,35.85,9646,36.1725,19899,44.77275,0
2026-04-08,15:20:53.724397,329628,9555,35.83125,9653,36.19875,19901,44.77725,0
2026-04-08,15:20:53.724397,329660,9558,35.8425,9648,36.18,19901,44.77725,0
2026-04-08,15:20:53.724397,329691,9551,35.81625,9642,36.1575,19899,44.77275,0
2026-04-08,15:20:53.724397,329722,9552,35.82,9650,36.1875,19901,44.77725,0
2026-04-08,15:20:53.724397,329754,9557,35.83875,9649,36.18375,19899,44.77275,0
2026-04-08,15:20:53.724397,329785,9548,35.805,9651,36.19125,19900,44.775,0
2026-04-08,15:20:53.724397,329816,9545,35.79375,9659,36.22125,19900,44.775,0
2026-04-08,15:20:53.724397,329848,9548,35.805,9643,36.16125,19899,44.77275,0
2026-04-08,15:20:53.724397,329880,9545,35.79375,9651,36.19125,19899,44.77275,0
2026-04-08,15:20:53.724397,329911,9549,35.80875,9653,36.19875,19899,44.77275,0
2026-04-08,15:20:53.724397,329942,9547,35.80125,9655,36.20625,19898,44.7705,0
2026-04-08,15:20:59.952433,330091,9550,35.8125,9649,36.18375,19899,44.77275,0
2026-04-08,15:20:59.952433,330223,9544,35.79,9652,36.195,19898,44.7705,0
2026-04-08,15:20:59.952433,330256,9541,35.77875,9633,36.12375,19896,44.766,0
2026-04-08,15:20:59.952433,330287,9546,35.7975,9643,36.16125,19897,44.76825,0
2026-04-08,15:20:59.952433,330318,9556,35.835,9643,36.16125,19896,44.766,0
2026-04-08,15:20:59.952433,330350,9550,35.8125,9644,36.165,19897,44.76825,0
2026-04-08,15:20:59.952433,330383,9549,35.80875,9644,36.165,19896,44.766,0
2026-04-08,15:20:59.952433,330415,9545,35.79375,9646,36.1725,19897,44.76825,0
2026-04-08,15:20:59.952433,330446,9547,35.80125,9652,36.195,19897,44.76825,0
2026-04-08,15:20:59.952433,330478,9541,35.77875,9647,36.17625,19897,44.76825,0
2026-04-08,15:20:59.952433,330510,9534,35.7525,9643,36.16125,19896,44.766,0
2026-04-08,15:20:59.952433,330541,9539,35.77125,9642,36.1575,19896,44.766,0
2026-04-08,15:20:59.952433,330573,9545,35.79375,9645,36.16875,19896,44.766,0
2026-04-08,15:20:59.952433,330605,9544,35.79,9641,36.15375,19896,44.766,0
2026-04-08,15:20:59.952433,330636,9542,35.7825,9645,36.16875,19896,44.766,0
2026-04-08,15:20:59.952433,330668,9539,35.77125,9644,36.165,19895,44.76375,0
2026-04-08,15:20:59.952433,330699,9538,35.7675,9643,36.16125,19895,44.76375,0
2026-04-08,15:20:59.952433,330731,9535,35.75625,9643,36.16125,19895,44.76375,0
2026-04-08,15:20:59.952433,330764,9545,35.79375,9641,36.15375,19893,44.75925,0
2026-04-08,15:20:59.952433,330795,9541,35.77875,9636,36.135,19895,44.76375,0
2026-04-08,15:20:59.952433,335370,9496,35.61,9601,36.00375,19873,44.71425,0
2026-04-08,15:20:59.952433,335501,9497,35.61375,9599,35.99625,19873,44.71425,0
2026-04-08,15:20:59.952433,335533,9495,35.60625,9599,35.99625,19872,44.712,0
2026-04-08,15:20:59.952433,335564,9495,35.60625,9597,35.98875,19870,44.7075,0
2026-04-08,15:20:59.952433,335596,9493,35.59875,9591,35.96625,19873,44.71425,0
2026-04-08,15:20:59.952433,335627,9497,35.61375,9599,35.99625,19873,44.71425,0
2026-04-08,15:20:59.952433,335658,9493,35.59875,9604,36.015,19871,44.70975,0
2026-04-08,15:20:59.952433,335690,9495,35.60625,9595,35.98125,19872,44.712,0
2026-04-08,15:20:59.952433,335721,9495,35.60625,9595,35.98125,19871,44.70975,0
2026-04-08,15:20:59.952433,335753,9500,35.625,9599,35.99625,19872,44.712,0
2026-04-08,15:20:59.952433,335784,9496,35.61,9601,36.00375,19871,44.70975,0
2026-04-08,15:20:59.952433,335816,9502,35.6325,9596,35.985,19870,44.7075,0
2026-04-08,15:20:59.952433,335847,9499,35.62125,9601,36.00375,19873,44.71425,0
2026-04-08,15:20:59.952433,335879,9497,35.61375,9601,36.00375,19871,44.70975,0
2026-04-08,15:20:59.952433,335910,9501,35.62875,9595,35.98125,19871,44.70975,0
2026-04-08,15:20:59.952433,335941,9503,35.63625,9592,35.97,19870,44.7075,0
2026-04-08,15:20:59.952433,335972,9496,35.61,9590,35.9625,19871,44.70975,0
2026-04-08,15:20:59.952433,336004,9497,35.61375,9604,36.015,19870,44.7075,0
2026-04-08,15:20:59.952433,336035,9498,35.6175,9599,35.99625,19871,44.70975,0
2026-04-08,15:20:59.952433,336067,9496,35.61,9601,36.00375,19870,44.7075,0
2026-04-08,15:21:00.821440,336318,9500,35.625,9593,35.97375,19869,44.70525,0
2026-04-08,15:21:00.821440,336451,9495,35.60625,9592,35.97,19867,44.70075,0
2026-04-08,15:21:00.821440,336483,9492,35.595,9590,35.9625,19868,44.703,0
2026-04-08,15:21:00.821440,336514,9492,35.595,9593,35.97375,19865,44.69625,0
2026-04-08,15:21:00.821440,336546,9493,35.59875,9593,35.97375,19867,44.70075,0
2026-04-08,15:21:00.821440,336577,9495,35.60625,9591,35.96625,19867,44.70075,0
2026-04-08,15:21:00.821440,336609,9497,35.61375,9588,35.955,19868,44.703,0
2026-04-08,15:21:00.821440,336640,9498,35.6175,9588,35.955,19868,44.703,0
2026-04-08,15:21:00.821440,336671,9488,35.58,9590,35.9625,19868,44.703,0
2026-04-08,15:21:00.821440,336703,9491,35.59125,9584,35.94,19867,44.70075,0
2026-04-08,15:21:00.821440,336734,9488,35.58,9587,35.95125,19868,44.703,0
2026-04-08,15:21:00.821440,336766,9491,35.59125,9596,35.985,19866,44.6985,0
2026-04-08,15:21:00.821440,336797,9490,35.5875,9587,35.95125,19866,44.6985,0
2026-04-08,15:21:00.821440,336829,9487,35.57625,9592,35.97,19865,44.69625,0
2026-04-08,15:21:00.821440,336860,9492,35.595,9593,35.97375,19866,44.6985,0
2026-04-08,15:21:00.821440,336891,9497,35.61375,9596,35.985,19864,44.694,0
2026-04-08,15:21:00.821440,336923,9490,35.5875,9598,35.9925,19866,44.6985,0
2026-04-08,15:21:00.821440,336955,9484,35.565,9594,35.9775,19866,44.6985,0
2026-04-08,15:21:00.821440,336986,9486,35.5725,9593,35.97375,19865,44.69625,0
2026-04-08,15:21:00.821440,337018,9489,35.58375,9588,35.955,19866,44.6985,0
2026-04-08,15:21:04.680281,337232,9489,35.58375,9582,35.9325,19864,44.694,0
2026-04-08,15:21:04.680281,337365,9483,35.56125,9588,35.955,19864,44.694,0
2026-04-08,15:21:04.680281,337397,9482,35.5575,9583,35.93625,19863,44.69175,0
2026-04-08,15:21:04.680281,337428,9486,35.5725,9575,35.90625,19864,44.694,0
2026-04-08,15:21:04.680281,337460,9480,35.55,9583,35.93625,19861,44.68725,0
2026-04-08,15:21:04.680281,337491,9484,35.565,9587,35.95125,19865,44.69625,0
2026-04-08,15:21:04.680281,337523,9484,35.565,9582,35.9325,19863,44.69175,0
2026-04-08,15:21:04.680281,337554,9480,35.55,9587,35.95125,19861,44.68725,0
2026-04-08,15:21:04.680281,337585,9487,35.57625,9583,35.93625,19863,44.69175,0
2026-04-08,15:21:04.680281,337616,9488,35.58,9585,35.94375,19863,44.69175,0
2026-04-08,15:21:04.680281,337648,9483,35.56125,9578,35.9175,19862,44.6895,0
2026-04-08,15:21:04.680281,337680,9488,35.58,9579,35.92125,19862,44.6895,0
2026-04-08,15:21:04.680281,337711,9483,35.56125,9584,35.94,19862,44.6895,0
2026-04-08,15:21:04.680281,337742,9480,35.55,9579,35.92125,19862,44.6895,0
2026-04-08,15:21:04.680281,337774,9482,35.5575,9588,35.955,19861,44.68725,0
2026-04-08,15:21:04.680281,337805,9478,35.5425,9579,35.92125,19861,44.68725,0
2026-04-08,15:21:04.680281,337837,9481,35.55375,9577,35.91375,19862,44.6895,0
2026-04-08,15:21:04.680281,337868,9484,35.565,9572,35.895,19861,44.68725,0
2026-04-08,15:21:04.680281,337899,9490,35.5875,9576,35.91,19861,44.68725,0
2026-04-08,15:21:04.680281,337931,9483,35.56125,9581,35.92875,19862,44.6895,0
2026-04-08,15:21:05.534095,341049,9456,35.46,9552,35.82,19847,44.65575,0
2026-04-08,15:21:05.534095,341181,9449,35.43375,9554,35.8275,19846,44.6535,0
2026-04-08,15:21:05.534095,341214,9448,35.43,9547,35.80125,19845,44.65125,0
2026-04-08,15:21:05.534095,341245,9456,35.46,9554,35.8275,19844,44.649,0
2026-04-08,15:21:05.534095,341276,9447,35.42625,9554,35.8275,19846,44.6535,0
2026-04-08,15:21:05.534095,341308,9445,35.41875,9544,35.79,19845,44.65125,0
2026-04-08,15:21:05.534095,341339,9445,35.41875,9551,35.81625,19845,44.65125,0
2026-04-08,15:21:05.534095,341371,9452,35.445,9552,35.82,19847,44.65575,0
2026-04-08,15:21:05.534095,341402,9453,35.44875,9552,35.82,19844,44.649,0
2026-04-08,15:21:05.534095,341434,9442,35.4075,9557,35.83875,19844,44.649,0
2026-04-08,15:21:05.534095,341465,9448,35.43,9550,35.8125,19844,44.649,0
2026-04-08,15:21:05.534095,341496,9447,35.42625,9554,35.8275,19846,44.6535,0
2026-04-08,15:21:05.534095,341528,9450,35.4375,9548,35.805,19844,44.649,0
2026-04-08,15:21:05.534095,341559,9452,35.445,9556,35.835,19843,44.64675,0
2026-04-08,15:21:05.534095,341591,9455,35.45625,9553,35.82375,19844,44.649,0
2026-04-08,15:21:05.534095,341622,9452,35.445,9545,35.79375,19845,44.65125,0
2026-04-08,15:21:05.534095,341654,9459,35.47125,9551,35.81625,19842,44.6445,0
2026-04-08,15:21:05.534095,341685,9448,35.43,9550,35.8125,19844,44.649,0
2026-04-08,15:21:05.534095,341716,9450,35.4375,9550,35.8125,19844,44.649,0
2026-04-08,15:21:05.534095,341748,9451,35.44125,9539,35.77125,19844,44.649,0
2026-04-08,15:21:06.626973,341941,9450,35.4375,9546,35.7975,19843,44.64675,0
2026-04-08,15:21:06.626973,342075,9438,35.3925,9546,35.7975,19842,44.6445,0
2026-04-08,15:21:06.626973,342106,9444,35.415,9548,35.805,19843,44.64675,0
2026-04-08,15:21:06.626973,342138,9440,35.4,9544,35.79,19842,44.6445,0
2026-04-08,15:21:06.626973,342169,9444,35.415,9544,35.79,19841,44.64225,0
2026-04-08,15:21:06.626973,342201,9446,35.4225,9552,35.82,19840,44.64,0
2026-04-08,15:21:06.626973,342232,9444,35.415,9544,35.79,19841,44.64225,0
2026-04-08,15:21:06.626973,342264,9452,35.445,9548,35.805,19841,44.64225,0
2026-04-08,15:21:06.626973,342295,9443,35.41125,9551,35.81625,19841,44.64225,0
2026-04-08,15:21:06.626973,342326,9441,35.40375,9541,35.77875,19839,44.63775,0
2026-04-08,15:21:06.626973,342358,9441,35.40375,9546,35.7975,19841,44.64225,0
2026-04-08,15:21:06.626973,342389,9447,35.42625,9544,35.79,19840,44.64,0
2026-04-08,15:21:06.626973,342420,9447,35.42625,9542,35.7825,19840,44.64,0
2026-04-08,15:21:06.626973,342452,9442,35.4075,9539,35.77125,19840,44.64,0
2026-04-08,15:21:06.626973,342483,9442,35.4075,9541,35.77875,19839,44.63775,0
2026-04-08,15:21:06.626973,342515,9433,35.37375,9534,35.7525,19841,44.64225,0
2026-04-08,15:21:06.626973,342546,9438,35.3925,9538,35.7675,19839,44.63775,0
2026-04-08,15:21:06.626973,342578,9434,35.3775,9542,35.7825,19839,44.63775,0
2026-04-08,15:21:06.626973,342609,9439,35.39625,9538,35.7675,19840,44.64,0
2026-04-08,15:21:06.626973,342641,9436,35.385,9533,35.74875,19840,44.64,0
2026-04-08,15:21:07.443415,342995,9442,35.4075,9539,35.77125,19837,44.63325,0
2026-04-08,15:21:07.443415,343129,9439,35.39625,9536,35.76,19838,44.6355,0
2026-04-08,15:21:07.443415,343161,9442,35.4075,9535,35.75625,19837,44.63325,0
2026-04-08,15:21:07.443415,343193,9439,35.39625,9530,35.7375,19837,44.63325,0
2026-04-08,15:21:07.443415,343224,9436,35.385,9531,35.74125,19836,44.631,0
2026-04-08,15:21:07.443415,343256,9435,35.38125,9537,35.76375,19838,44.6355,0
2026-04-08,15:21:07.443415,343287,9434,35.3775,9540,35.775,19835,44.62875,0
2026-04-08,15:21:07.443415,343319,9425,35.34375,9534,35.7525,19836,44.631,0
2026-04-08,15:21:07.443415,343350,9435,35.38125,9536,35.76,19836,44.631,0
2026-04-08,15:21:07.443415,343381,9433,35.37375,9529,35.73375,19836,44.631,0
2026-04-08,15:21:07.443415,343413,9429,35.35875,9536,35.76,19836,44.631,0
2026-04-08,15:21:07.443415,343444,9437,35.38875,9535,35.75625,19835,44.62875,0
2026-04-08,15:21:07.443415,343476,9434,35.3775,9541,35.77875,19835,44.62875,0
2026-04-08,15:21:07.443415,343507,9438,35.3925,9525,35.71875,19835,44.62875,0
2026-04-08,15:21:07.443415,343538,9434,35.3775,9534,35.7525,19835,44.62875,0
2026-04-08,15:21:07.443415,343570,9434,35.3775,9535,35.75625,19835,44.62875,0
2026-04-08,15:21:07.443415,343601,9425,35.34375,9525,35.71875,19834,44.6265,0
2026-04-08,15:21:07.443415,343633,9424,35.34,9536,35.76,19835,44.62875,0
2026-04-08,15:21:07.443415,343664,9426,35.3475,9524,35.715,19834,44.6265,0
2026-04-08,15:21:07.443415,343696,9427,35.35125,9536,35.76,19835,44.62875,0
2026-04-08,15:21:08.289726,343816,9424,35.34,9528,35.73,19833,44.62425,0
2026-04-08,15:21:08.289726,343950,9425,35.34375,9532,35.745,19832,44.622,0
2026-04-08,15:21:08.289726,343983,9429,35.35875,9538,35.7675,19833,44.62425,0
2026-04-08,15:21:08.289726,344014,9437,35.38875,9536,35.76,19833,44.62425,0
2026-04-08,15:21:08.289726,344045,9439,35.39625,9529,35.73375,19832,44.622,0
2026-04-08,15:21:08.289726,344077,9437,35.38875,9519,35.69625,19833,44.62425,0
2026-04-08,15:21:08.289726,344109,9432,35.37,9527,35.72625,19832,44.622,0
2026-04-08,15:21:08.289726,344140,9434,35.3775,9533,35.74875,19832,44.622,0
2026-04-08,15:21:08.289726,344171,9434,35.3775,9529,35.73375,19834,44.6265,0
2026-04-08,15:21:08.289726,344203,9432,35.37,9527,35.72625,19833,44.62425,0
2026-04-08,15:21:08.289726,344234,9426,35.3475,9522,35.7075,19832,44.622,0
2026-04-08,15:21:08.289726,344265,9432,35.37,9528,35.73,19832,44.622,0
2026-04-08,15:21:08.289726,344297,9425,35.34375,9531,35.74125,19832,44.622,0
2026-04-08,15:21:08.289726,344328,9426,35.3475,9533,35.74875,19830,44.6175,0
2026-04-08,15:21:08.289726,344360,9423,35.33625,9526,35.7225,19831,44.61975,0
2026-04-08,15:21:08.289726,344391,9428,35.355,9527,35.72625,19832,44.622,0
2026-04-08,15:21:08.289726,344423,9422,35.3325,9526,35.7225,19831,44.61975,0
2026-04-08,15:21:08.289726,344454,9424,35.34,9525,35.71875,19831,44.61975,0
2026-04-08,15:21:08.289726,344486,9420,35.325,9528,35.73,19830,44.6175,0
2026-04-08,15:21:08.289726,344517,9424,35.34,9537,35.76375,19830,44.6175,0
2026-04-08,15:21:09.276838,344707,9419,35.32125,9515,35.68125,19830,44.6175,0
2026-04-08,15:21:09.276838,344840,9427,35.35125,9523,35.71125,19828,44.613,0
2026-04-08,15:21:09.276838,344872,9418,35.3175,9522,35.7075,19829,44.61525,0
2026-04-08,15:21:09.276838,344903,9420,35.325,9515,35.68125,19829,44.61525,0
2026-04-08,15:21:09.276838,344935,9414,35.3025,9523,35.71125,19828,44.613,0
2026-04-08,15:21:09.276838,344966,9419,35.32125,9525,35.71875,19828,44.613,0
2026-04-08,15:21:09.276838,344998,9430,35.3625,9522,35.7075,19829,44.61525,0
2026-04-08,15:21:09.276838,345029,9416,35.31,9520,35.7,19828,44.613,0
2026-04-08,15:21:09.276838,345060,9423,35.33625,9529,35.73375,19829,44.61525,0
2026-04-08,15:21:09.276838,345092,9419,35.32125,9510,35.6625,19826,44.6085,0
2026-04-08,15:21:09.276838,345123,9413,35.29875,9519,35.69625,19825,44.60625,0
2026-04-08,15:21:09.276838,345155,9420,35.325,9518,35.6925,19827,44.61075,0
2026-04-08,15:21:09.276838,345186,9423,35.33625,9522,35.7075,19827,44.61075,0
2026-04-08,15:21:09.276838,345218,9417,35.31375,9514,35.6775,19828,44.613,0
2026-04-08,15:21:09.276838,345249,9408,35.28,9516,35.685,19827,44.61075,0
2026-04-08,15:21:09.276838,345280,9417,35.31375,9520,35.7,19826,44.6085,0
2026-04-08,15:21:09.276838,345312,9425,35.34375,9510,35.6625,19827,44.61075,0
2026-04-08,15:21:09.276838,345343,9427,35.35125,9512,35.67,19827,44.61075,0
2026-04-08,15:21:09.276838,345375,9412,35.295,9511,35.66625,19826,44.6085,0
2026-04-08,15:21:09.276838,345406,9421,35.32875,9511,35.66625,19826,44.6085,0
2026-04-08,15:21:15.125609,345651,9415,35.30625,9511,35.66625,19825,44.60625,0
2026-04-08,15:21:15.125609,345785,9406,35.2725,9513,35.67375,19823,44.60175,0
2026-04-08,15:21:15.125609,345817,9412,35.295,9510,35.6625,19825,44.60625,0
2026-04-08,15:21:15.125609,345849,9421,35.32875,9512,35.67,19824,44.604,0
2026-04-08,15:21:15.125609,345880,9416,35.31,9511,35.66625,19824,44.604,0
2026-04-08,15:21:15.125609,345911,9415,35.30625,9509,35.65875,19824,44.604,0
2026-04-08,15:21:15.125609,345943,9408,35.28,9516,35.685,19824,44.604,0
2026-04-08,15:21:15.125609,345976,9405,35.26875,9514,35.6775,19824,44.604,0
2026-04-08,15:21:15.125609,346007,9412,35.295,9516,35.685,19824,44.604,0
2026-04-08,15:21:15.125609,346039,9415,35.30625,9509,35.65875,19824,44.604,0
2026-04-08,15:21:15.125609,346071,9412,35.295,9510,35.6625,19824,44.604,0
2026-04-08,15:21:15.125609,346102,9405,35.26875,9517,35.68875,19823,44.60175,0
2026-04-08,15:21:15.125609,346135,9414,35.3025,9520,35.7,19822,44.5995,0
2026-04-08,15:21:15.125609,346166,9406,35.2725,9522,35.7075,19824,44.604,0
2026-04-08,15:21:15.125609,346197,9410,35.2875,9518,35.6925,19822,44.5995,0
2026-04-08,15:21:15.125609,346229,9410,35.2875,9511,35.66625,19824,44.604,0
2026-04-08,15:21:15.125609,346262,9410,35.2875,9509,35.65875,19822,44.5995,0
2026-04-08,15:21:15.125609,346294,9410,35.2875,9506,35.6475,19822,44.5995,0
2026-04-08,15:21:15.125609,346326,9406,35.2725,9513,35.67375,19821,44.59725,0
2026-04-08,15:21:15.125609,346357,9403,35.26125,9517,35.68875,19821,44.59725,0
2026-04-08,15:21:15.125609,350581,9382,35.1825,9473,35.52375,19802,44.5545,0
2026-04-08,15:21:15.125609,350714,9373,35.14875,9477,35.53875,19799,44.54775,0
2026-04-08,15:21:15.125609,350746,9377,35.16375,9471,35.51625,19802,44.5545,0
2026-04-08,15:21:15.125609,350778,9379,35.17125,9476,35.535,19799,44.54775,0
2026-04-08,15:21:15.125609,350809,9378,35.1675,9465,35.49375,19801,44.55225,0
2026-04-08,15:21:15.125609,350841,9380,35.175,9473,35.52375,19801,44.55225,0
2026-04-08,15:21:15.125609,350872,9380,35.175,9466,35.4975,19799,44.54775,0
2026-04-08,15:21:15.125609,350903,9372,35.145,9478,35.5425,19801,44.55225,0
2026-04-08,15:21:15.125609,350935,9370,35.1375,9475,35.53125,19800,44.55,0
2026-04-08,15:21:15.125609,350966,9371,35.14125,9475,35.53125,19799,44.54775,0
2026-04-08,15:21:15.125609,350998,9379,35.17125,9482,35.5575,19800,44.55,0
2026-04-08,15:21:15.125609,351029,9376,35.16,9469,35.50875,19799,44.54775,0
2026-04-08,15:21:15.125609,351061,9375,35.15625,9476,35.535,19799,44.54775,0
2026-04-08,15:21:15.125609,351092,9374,35.1525,9473,35.52375,19799,44.54775,0
2026-04-08,15:21:15.125609,351123,9365,35.11875,9471,35.51625,19799,44.54775,0
2026-04-08,15:21:15.125609,351155,9368,35.13,9466,35.4975,19798,44.5455,0
2026-04-08,15:21:15.125609,351186,9374,35.1525,9466,35.4975,19799,44.54775,0
2026-04-08,15:21:15.125609,351218,9374,35.1525,9475,35.53125,19799,44.54775,0
2026-04-08,15:21:15.125609,351249,9373,35.14875,9468,35.505,19799,44.54775,0
2026-04-08,15:21:15.125609,351281,9371,35.14125,9474,35.5275,19797,44.54325,0
2026-04-08,15:21:15.982888,351495,9372,35.145,9463,35.48625,19797,44.54325,0
2026-04-08,15:21:15.982888,351627,9366,35.1225,9470,35.5125,19797,44.54325,0
2026-04-08,15:21:15.982888,351658,9371,35.14125,9468,35.505,19795,44.53875,0
2026-04-08,15:21:15.982888,351690,9368,35.13,9465,35.49375,19796,44.541,0
2026-04-08,15:21:15.982888,351721,9364,35.115,9459,35.47125,19796,44.541,0
2026-04-08,15:21:15.982888,351753,9370,35.1375,9469,35.50875,19797,44.54325,0
2026-04-08,15:21:15.982888,351785,9360,35.1,9465,35.49375,19797,44.54325,0
2026-04-08,15:21:15.982888,351817,9363,35.11125,9462,35.4825,19797,44.54325,0
2026-04-08,15:21:15.982888,351849,9368,35.13,9461,35.47875,19795,44.53875,0
2026-04-08,15:21:15.982888,351882,9365,35.11875,9463,35.48625,19796,44.541,0
2026-04-08,15:21:15.982888,351913,9365,35.11875,9464,35.49,19796,44.541,0
2026-04-08,15:21:15.982888,351945,9367,35.12625,9464,35.49,19796,44.541,0
2026-04-08,15:21:15.982888,351977,9358,35.0925,9459,35.47125,19794,44.5365,0
2026-04-08,15:21:15.982888,352008,9361,35.10375,9461,35.47875,19796,44.541,0
2026-04-08,15:21:15.982888,352039,9359,35.09625,9459,35.47125,19796,44.541,0
2026-04-08,15:21:15.982888,352071,9360,35.1,9457,35.46375,19795,44.53875,0
2026-04-08,15:21:15.982888,352102,9370,35.1375,9466,35.4975,19795,44.53875,0
2026-04-08,15:21:15.982888,352134,9362,35.1075,9459,35.47125,19795,44.53875,0
2026-04-08,15:21:15.982888,352165,9363,35.11125,9462,35.4825,19794,44.5365,0
2026-04-08,15:21:15.982888,352197,9360,35.1,9458,35.4675,19793,44.53425,0
2026-04-08,15:21:19.831310,352387,9359,35.09625,9459,35.47125,19793,44.53425,0
2026-04-08,15:21:19.831310,352521,9360,35.1,9460,35.475,19793,44.53425,0
2026-04-08,15:21:19.831310,352552,9361,35.10375,9452,35.445,19793,44.53425,0
2026-04-08,15:21:19.831310,352584,9359,35.09625,9461,35.47875,19792,44.532,0
2026-04-08,15:21:19.831310,352615,9361,35.10375,9454,35.4525,19791,44.52975,0
2026-04-08,15:21:19.831310,352646,9361,35.10375,9460,35.475,19792,44.532,0
2026-04-08,15:21:19.831310,352678,9357,35.08875,9453,35.44875,19791,44.52975,0
2026-04-08,15:21:19.831310,352710,9358,35.0925,9458,35.4675,19792,44.532,0
2026-04-08,15:21:19.831310,352741,9360,35.1,9457,35.46375,19792,44.532,0
2026-04-08,15:21:19.831310,352772,9362,35.1075,9460,35.475,19791,44.52975,0
2026-04-08,15:21:19.831310,352804,9357,35.08875,9458,35.4675,19791,44.52975,0
2026-04-08,15:21:19.831310,352835,9355,35.08125,9452,35.445,19791,44.52975,0
2026-04-08,15:21:19.831310,352866,9354,35.0775,9455,35.45625,19791,44.52975,0
2026-04-08,15:21:19.831310,352898,9350,35.0625,9446,35.4225,19792,44.532,0
2026-04-08,15:21:19.831310,352929,9362,35.1075,9452,35.445,19791,44.52975,0
2026-04-08,15:21:19.831310,352960,9361,35.10375,9459,35.47125,19792,44.532,0
2026-04-08,15:21:19.831310,352992,9356,35.085,9465,35.49375,19791,44.52975,0
2026-04-08,15:21:19.831310,353024,9357,35.08875,9459,35.47125,19790,44.5275,0
2026-04-08,15:21:19.831310,353055,9352,35.07,9453,35.44875,19791,44.52975,0
2026-04-08,15:21:19.831310,353087,9354,35.0775,9454,35.4525,19789,44.52525,0
2026-04-08,15:21:20.750309,356218,9337,35.01375,9429,35.35875,19774,44.4915,0
2026-04-08,15:21:20.750309,356352,9327,34.97625,9431,35.36625,19775,44.49375,0
2026-04-08,15:21:20.750309,356384,9326,34.9725,9425,35.34375,19772,44.487,0
2026-04-08,15:21:20.750309,356415,9328,34.98,9432,35.37,19774,44.4915,0
2026-04-08,15:21:20.750309,356446,9333,34.99875,9428,35.355,19774,44.4915,0
2026-04-08,15:21:20.750309,356478,9329,34.98375,9423,35.33625,19774,44.4915,0
2026-04-08,15:21:20.750309,356510,9333,34.99875,9426,35.3475,19772,44.487,0
2026-04-08,15:21:20.750309,356541,9326,34.9725,9416,35.31,19773,44.48925,0
2026-04-08,15:21:20.750309,356573,9327,34.97625,9423,35.33625,19775,44.49375,0
2026-04-08,15:21:20.750309,356604,9325,34.96875,9420,35.325,19773,44.48925,0
2026-04-08,15:21:20.750309,356635,9324,34.965,9425,35.34375,19771,44.48475,0
2026-04-08,15:21:20.750309,356667,9320,34.95,9427,35.35125,19774,44.4915,0
2026-04-08,15:21:20.750309,356698,9331,34.99125,9425,35.34375,19773,44.48925,0
2026-04-08,15:21:20.750309,356729,9317,34.93875,9429,35.35875,19773,44.48925,0
2026-04-08,15:21:20.750309,356761,9318,34.9425,9423,35.33625,19772,44.487,0
2026-04-08,15:21:20.750309,356792,9325,34.96875,9422,35.3325,19774,44.4915,0
2026-04-08,15:21:20.750309,356824,9329,34.98375,9421,35.32875,19773,44.48925,0
2026-04-08,15:21:20.750309,356855,9327,34.97625,9422,35.3325,19772,44.487,0
2026-04-08,15:21:20.750309,356887,9333,34.99875,9425,35.34375,19772,44.487,0
2026-04-08,15:21:20.750309,356918,9333,34.99875,9427,35.35125,19772,44.487,0
2026-04-08,15:21:21.873824,357210,9321,34.95375,9427,35.35125,19769,44.48025,0
2026-04-08,15:21:21.873824,357343,9327,34.97625,9422,35.3325,19770,44.4825,0
2026-04-08,15:21:21.873824,357375,9329,34.98375,9411,35.29125,19770,44.4825,0
2026-04-08,15:21:21.873824,357407,9324,34.965,9419,35.32125,19768,44.478,0
2026-04-08,15:21:21.873824,357438,9327,34.97625,9421,35.32875,19768,44.478,0
2026-04-08,15:21:21.873824,357469,9324,34.965,9419,35.32125,19769,44.48025,0
2026-04-08,15:21:21.873824,357501,9324,34.965,9423,35.33625,19767,44.47575,0
2026-04-08,15:21:21.873824,357533,9319,34.94625,9429,35.35875,19768,44.478,0
2026-04-08,15:21:21.873824,357564,9318,34.9425,9423,35.33625,19768,44.478,0
2026-04-08,15:21:21.873824,357595,9324,34.965,9418,35.3175,19768,44.478,0
2026-04-08,15:21:21.873824,357627,9322,34.9575,9421,35.32875,19768,44.478,0
2026-04-08,15:21:21.873824,357658,9320,34.95,9421,35.32875,19768,44.478,0
2026-04-08,15:21:21.873824,357690,9331,34.99125,9408,35.28,19768,44.478,0
2026-04-08,15:21:21.873824,357721,9322,34.9575,9421,35.32875,19766,44.4735,0
2026-04-08,15:21:21.873824,357752,9316,34.935,9416,35.31,19767,44.47575,0
2026-04-08,15:21:21.873824,357784,9316,34.935,9417,35.31375,19766,44.4735,0
2026-04-08,15:21:21.873824,357815,9313,34.92375,9410,35.2875,19767,44.47575,0
2026-04-08,15:21:21.873824,357847,9314,34.9275,9411,35.29125,19767,44.47575,0
2026-04-08,15:21:21.873824,357878,9319,34.94625,9412,35.295,19767,44.47575,0
2026-04-08,15:21:21.873824,357910,9313,34.92375,9414,35.3025,19768,44.478,0
2026-04-08,15:21:22.787266,358239,9309,34.90875,9415,35.30625,19766,44.4735,0
2026-04-08,15:21:22.787266,358373,9319,34.94625,9415,35.30625,19764,44.469,0
2026-04-08,15:21:22.787266,358404,9320,34.95,9417,35.31375,19766,44.4735,0
2026-04-08,15:21:22.787266,358436,9311,34.91625,9417,35.31375,19763,44.46675,0
2026-04-08,15:21:22.787266,358468,9305,34.89375,9414,35.3025,19764,44.469,0
2026-04-08,15:21:22.787266,358499,9310,34.9125,9419,35.32125,19764,44.469,0
2026-04-08,15:21:22.787266,358531,9319,34.94625,9414,35.3025,19763,44.46675,0
2026-04-08,15:21:22.787266,358562,9310,34.9125,9409,35.28375,19763,44.46675,0
2026-04-08,15:21:22.787266,358593,9307,34.90125,9417,35.31375,19763,44.46675,0
2026-04-08,15:21:22.787266,358625,9318,34.9425,9408,35.28,19764,44.469,0
2026-04-08,15:21:22.787266,358656,9311,34.91625,9414,35.3025,19762,44.4645,0
2026-04-08,15:21:22.787266,358688,9306,34.8975,9406,35.2725,19764,44.469,0
2026-04-08,15:21:22.787266,358719,9313,34.92375,9409,35.28375,19763,44.46675,0
2026-04-08,15:21:22.787266,358751,9310,34.9125,9406,35.2725,19763,44.46675,0
2026-04-08,15:21:22.787266,358782,9305,34.89375,9406,35.2725,19763,44.46675,0
2026-04-08,15:21:22.787266,358813,9317,34.93875,9418,35.3175,19762,44.4645,0
2026-04-08,15:21:22.787266,358845,9310,34.9125,9412,35.295,19762,44.4645,0
2026-04-08,15:21:22.787266,358876,9307,34.90125,9402,35.2575,19763,44.46675,0
2026-04-08,15:21:22.787266,358907,9307,34.90125,9405,35.26875,19762,44.4645,0
2026-04-08,15:21:22.787266,358939,9308,34.905,9410,35.2875,19762,44.4645,0
2026-04-08,15:21:23.714870,359156,9303,34.88625,9413,35.29875,19761,44.46225,0
2026-04-08,15:21:23.714870,359289,9315,34.93125,9410,35.2875,19760,44.46,0
2026-04-08,15:21:23.714870,359321,9312,34.92,9409,35.28375,19760,44.46,0
2026-04-08,15:21:23.714870,359353,9307,34.90125,9412,35.295,19759,44.45775,0
2026-04-08,15:21:23.714870,359384,9309,34.90875,9410,35.2875,19760,44.46,0
2026-04-08,15:21:23.714870,359415,9308,34.905,9401,35.25375,19760,44.46,0
2026-04-08,15:21:23.714870,359447,9310,34.9125,9411,35.29125,19760,44.46,0
2026-04-08,15:21:23.714870,359478,9306,34.8975,9402,35.2575,19758,44.4555,0
2026-04-08,15:21:23.714870,359510,9299,34.87125,9409,35.28375,19759,44.45775,0
2026-04-08,15:21:23.714870,359541,9300,34.875,9403,35.26125,19760,44.46,0
2026-04-08,15:21:23.714870,359573,9299,34.87125,9407,35.27625,19759,44.45775,0
2026-04-08,15:21:23.714870,359604,9303,34.88625,9403,35.26125,19759,44.45775,0
2026-04-08,15:21:23.714870,359635,9292,34.845,9406,35.2725,19758,44.4555,0
2026-04-08,15:21:23.714870,359667,9303,34.88625,9404,35.265,19759,44.45775,0
2026-04-08,15:21:23.714870,359698,9308,34.905,9398,35.2425,19759,44.45775,0
2026-04-08,15:21:23.714870,359729,9307,34.90125,9402,35.2575,19758,44.4555,0
2026-04-08,15:21:23.714870,359761,9301,34.87875,9404,35.265,19758,44.4555,0
2026-04-08,15:21:23.714870,359792,9304,34.89,9412,35.295,19759,44.45775,0
2026-04-08,15:21:23.714870,359824,9300,34.875,9399,35.24625,19757,44.45325,0
2026-04-08,15:21:23.714870,359855,9298,34.8675,9408,35.28,19757,44.45325,0
2026-04-08,15:21:24.542221,360095,9300,34.875,9403,35.26125,19757,44.45325,0
2026-04-08,15:21:24.542221,360227,9293,34.84875,9399,35.24625,19757,44.45325,0
2026-04-08,15:21:24.542221,360259,9292,34.845,9397,35.23875,19756,44.451,0
2026-04-08,15:21:24.542221,360291,9295,34.85625,9392,35.22,19754,44.4465,0
2026-04-08,15:21:24.542221,360322,9295,34.85625,9402,35.2575,19755,44.44875,0
2026-04-08,15:21:24.542221,360354,9301,34.87875,9399,35.24625,19756,44.451,0
2026-04-08,15:21:24.542221,360385,9301,34.87875,9402,35.2575,19756,44.451,0
2026-04-08,15:21:24.542221,360416,9303,34.88625,9403,35.26125,19754,44.4465,0
2026-04-08,15:21:24.542221,360448,9303,34.88625,9397,35.23875,19754,44.4465,0
2026-04-08,15:21:24.542221,360479,9288,34.83,9406,35.2725,19755,44.44875,0
2026-04-08,15:21:24.542221,360511,9294,34.8525,9392,35.22,19755,44.44875,0
2026-04-08,15:21:24.542221,360542,9299,34.87125,9394,35.2275,19754,44.4465,0
2026-04-08,15:21:24.542221,360574,9296,34.86,9397,35.23875,19754,44.4465,0
2026-04-08,15:21:24.542221,360605,9296,34.86,9394,35.2275,19754,44.4465,0
2026-04-08,15:21:24.542221,360636,9293,34.84875,9394,35.2275,19754,44.4465,0
2026-04-08,15:21:24.542221,360668,9296,34.86,9394,35.2275,19754,44.4465,0
2026-04-08,15:21:24.542221,360699,9290,34.8375,9395,35.23125,19752,44.442,0
2026-04-08,15:21:24.542221,360730,9300,34.875,9396,35.235,19754,44.4465,0
2026-04-08,15:21:24.542221,360762,9294,34.8525,9392,35.22,19753,44.44425,0
2026-04-08,15:21:24.542221,360793,9300,34.875,9396,35.235,19753,44.44425,0
2026-04-08,15:21:25.374040,360943,9292,34.845,9396,35.235,19752,44.442,0
2026-04-08,15:21:25.374040,361076,9293,34.84875,9399,35.24625,19752,44.442,0
2026-04-08,15:21:25.374040,361108,9291,34.84125,9396,35.235,19751,44.43975,0
2026-04-08,15:21:25.374040,361140,9287,34.82625,9388,35.205,19752,44.442,0
2026-04-08,15:21:25.374040,361171,9293,34.84875,9389,35.20875,19751,44.43975,0
2026-04-08,15:21:25.374040,361202,9289,34.83375,9388,35.205,19751,44.43975,0
2026-04-08,15:21:25.374040,361233,9287,34.82625,9400,35.25,19751,44.43975,0
2026-04-08,15:21:25.374040,361264,9294,34.8525,9394,35.2275,19751,44.43975,0
2026-04-08,15:21:25.374040,361296,9292,34.845,9394,35.2275,19750,44.4375,0
2026-04-08,15:21:25.374040,361328,9296,34.86,9398,35.2425,19751,44.43975,0
2026-04-08,15:21:25.374040,361359,9297,34.86375,9397,35.23875,19751,44.43975,0
2026-04-08,15:21:25.374040,361391,9293,34.84875,9394,35.2275,19749,44.43525,0
2026-04-08,15:21:25.374040,361422,9292,34.845,9403,35.26125,19749,44.43525,0
2026-04-08,15:21:25.374040,361453,9292,34.845,9388,35.205,19750,44.4375,0
2026-04-08,15:21:25.374040,361485,9285,34.81875,9392,35.22,19749,44.43525,0
2026-04-08,15:21:25.374040,361516,9281,34.80375,9390,35.2125,19751,44.43975,0
2026-04-08,15:21:25.374040,361548,9290,34.8375,9395,35.23125,19749,44.43525,0
2026-04-08,15:21:25.374040,361579,9292,34.845,9392,35.22,19749,44.43525,0
2026-04-08,15:21:25.374040,361611,9284,34.815,9392,35.22,19750,44.4375,0
2026-04-08,15:21:25.374040,361642,9286,34.8225,9393,35.22375,19749,44.43525,0
2026-04-08,15:21:26.473003,361808,9286,34.8225,9383,35.18625,19748,44.433,0
2026-04-08,15:21:26.473003,361942,9282,34.8075,9391,35.21625,19747,44.43075,0
2026-04-08,15:21:26.473003,361973,9289,34.83375,9389,35.20875,19748,44.433,0
2026-04-08,15:21:26.473003,362005,9287,34.82625,9387,35.20125,19748,44.433,0
2026-04-08,15:21:26.473003,362036,9282,34.8075,9381,35.17875,19747,44.43075,0
2026-04-08,15:21:26.473003,362068,9284,34.815,9395,35.23125,19748,44.433,0
2026-04-08,15:21:26.473003,362100,9293,34.84875,9390,35.2125,19747,44.43075,0
2026-04-08,15:21:26.473003,362131,9279,34.79625,9382,35.1825,19747,44.43075,0
2026-04-08,15:21:26.473003,362162,9285,34.81875,9389,35.20875,19746,44.4285,0
2026-04-08,15:21:26.473003,362194,9278,34.7925,9388,35.205,19746,44.4285,0
2026-04-08,15:21:26.473003,362225,9272,34.77,9392,35.22,19746,44.4285,0
2026-04-08,15:21:26.473003,362257,9287,34.82625,9392,35.22,19746,44.4285,0
2026-04-08,15:21:26.473003,362288,9286,34.8225,9392,35.22,19746,44.4285,0
2026-04-08,15:21:26.473003,362320,9286,34.8225,9394,35.2275,19746,44.4285,0
2026-04-08,15:21:26.473003,362351,9280,34.8,9379,35.17125,19745,44.42625,0
2026-04-08,15:21:26.473003,362382,9284,34.815,9384,35.19,19746,44.4285,0
2026-04-08,15:21:26.473003,362414,9286,34.8225,9387,35.20125,19745,44.42625,0
2026-04-08,15:21:26.473003,362445,9283,34.81125,9384,35.19,19746,44.4285,0
2026-04-08,15:21:26.473003,362477,9290,34.8375,9388,35.205,19746,44.4285,0
2026-04-08,15:21:26.473003,362508,9281,34.80375,9387,35.20125,19745,44.42625,0
2026-04-08,15:21:27.400253,362840,9279,34.79625,9377,35.16375,19743,44.42175,0
2026-04-08,15:21:27.400253,362974,9279,34.79625,9377,35.16375,19742,44.4195,0
2026-04-08,15:21:27.400253,363005,9275,34.78125,9374,35.1525,19742,44.4195,0
2026-04-08,15:21:27.400253,363037,9273,34.77375,9386,35.1975,19743,44.42175,0
2026-04-08,15:21:27.400253,363069,9275,34.78125,9374,35.1525,19743,44.42175,0
2026-04-08,15:21:27.400253,363100,9272,34.77,9382,35.1825,19742,44.4195,0
2026-04-08,15:21:27.400253,363132,9281,34.80375,9388,35.205,19742,44.4195,0
2026-04-08,15:21:27.400253,363163,9277,34.78875,9377,35.16375,19742,44.4195,0
2026-04-08,15:21:27.400253,363194,9282,34.8075,9383,35.18625,19740,44.415,0
2026-04-08,15:21:27.400253,363226,9279,34.79625,9376,35.16,19742,44.4195,0
2026-04-08,15:21:27.400253,363257,9276,34.785,9385,35.19375,19742,44.4195,0
2026-04-08,15:21:27.400253,363289,9282,34.8075,9388,35.205,19741,44.41725,0
2026-04-08,15:21:27.400253,363320,9287,34.82625,9369,35.13375,19742,44.4195,0
2026-04-08,15:21:27.400253,363352,9278,34.7925,9381,35.17875,19741,44.41725,0
2026-04-08,15:21:27.400253,363383,9284,34.815,9380,35.175,19741,44.41725,0
2026-04-08,15:21:27.400253,363414,9281,34.80375,9372,35.145,19739,44.41275,0
2026-04-08,15:21:27.400253,363446,9271,34.76625,9379,35.17125,19740,44.415,0
2026-04-08,15:21:27.400253,363477,9269,34.75875,9373,35.14875,19740,44.415,0
2026-04-08,15:21:27.400253,363509,9277,34.78875,9376,35.16,19740,44.415,0
2026-04-08,15:21:27.400253,363540,9278,34.7925,9381,35.17875,19740,44.415,0
2026-04-08,15:21:28.323727,363769,9275,34.78125,9379,35.17125,19738,44.4105,0
2026-04-08,15:21:28.323727,363902,9268,34.755,9376,35.16,19737,44.40825,0
2026-04-08,15:21:28.323727,363934,9269,34.75875,9375,35.15625,19739,44.41275,0
2026-04-08,15:21:28.323727,363966,9271,34.76625,9373,35.14875,19737,44.40825,0
2026-04-08,15:21:28.323727,363998,9273,34.77375,9378,35.1675,19737,44.40825,0
2026-04-08,15:21:28.323727,364029,9272,34.77,9374,35.1525,19738,44.4105,0
2026-04-08,15:21:28.323727,364061,9271,34.76625,9373,35.14875,19737,44.40825,0
2026-04-08,15:21:28.323727,364092,9264,34.74,9376,35.16,19737,44.40825,0
2026-04-08,15:21:28.323727,364123,9263,34.73625,9366,35.1225,19738,44.4105,0
2026-04-08,15:21:28.323727,364155,9271,34.76625,9369,35.13375,19737,44.40825,0
2026-04-08,15:21:28.323727,364186,9270,34.7625,9378,35.1675,19736,44.406,0
2026-04-08,15:21:28.323727,364218,9267,34.75125,9364,35.115,19736,44.406,0
2026-04-08,15:21:28.323727,364249,9271,34.76625,9369,35.13375,19736,44.406,0
2026-04-08,15:21:28.323727,364281,9264,34.74,9369,35.13375,19736,44.406,0
2026-04-08,15:21:28.323727,364312,9274,34.7775,9379,35.17125,19735,44.40375,0
2026-04-08,15:21:28.323727,364343,9270,34.7625,9371,35.14125,19737,44.40825,0
2026-04-08,15:21:28.323727,364375,9273,34.77375,9377,35.16375,19737,44.40825,0
2026-04-08,15:21:28.323727,364406,9271,34.76625,9373,35.14875,19736,44.406,0
2026-04-08,15:21:28.323727,364437,9270,34.7625,9374,35.1525,19736,44.406,0
2026-04-08,15:21:28.323727,364469,9265,34.74375,9366,35.1225,19734,44.4015,0
2026-04-08,15:21:29.249821,364690,9264,34.74,9363,35.11125,19733,44.39925,0
2026-04-08,15:21:29.249821,364823,9264,34.74,9366,35.1225,19734,44.4015,0
2026-04-08,15:21:29.249821,364855,9254,34.7025,9359,35.09625,19733,44.39925,0
2026-04-08,15:21:29.249821,364887,9259,34.72125,9358,35.0925,19733,44.39925,0
2026-04-08,15:21:29.249821,364918,9268,34.755,9368,35.13,19732,44.397,0
2026-04-08,15:21:29.249821,364949,9263,34.73625,9371,35.14125,19732,44.397,0
2026-04-08,15:21:29.249821,364981,9255,34.70625,9365,35.11875,19732,44.397,0
2026-04-08,15:21:29.249821,365012,9262,34.7325,9360,35.1,19732,44.397,0
2026-04-08,15:21:29.249821,365044,9260,34.725,9360,35.1,19732,44.397,0
2026-04-08,15:21:29.249821,365075,9259,34.72125,9368,35.13,19733,44.39925,0
2026-04-08,15:21:29.249821,365107,9255,34.70625,9367,35.12625,19733,44.39925,0
2026-04-08,15:21:29.249821,365138,9260,34.725,9366,35.1225,19731,44.39475,0
2026-04-08,15:21:29.249821,365170,9261,34.72875,9358,35.0925,19732,44.397,0
2026-04-08,15:21:29.249821,365201,9264,34.74,9357,35.08875,19731,44.39475,0
2026-04-08,15:21:29.249821,365232,9257,34.71375,9360,35.1,19732,44.397,0
2026-04-08,15:21:29.249821,365264,9260,34.725,9363,35.11125,19731,44.39475,0
2026-04-08,15:21:29.249821,365295,9259,34.72125,9358,35.0925,19730,44.3925,0
2026-04-08,15:21:29.249821,365327,9265,34.74375,9351,35.06625,19731,44.39475,0
2026-04-08,15:21:29.249821,365358,9263,34.73625,9355,35.08125,19731,44.39475,0
2026-04-08,15:21:29.249821,365390,9264,34.74,9356,35.085,19731,44.39475,0
2026-04-08,15:21:30.159929,365616,9252,34.695,9363,35.11125,19729,44.39025,0
2026-04-08,15:21:30.159929,365749,9253,34.69875,9356,35.085,19729,44.39025,0
2026-04-08,15:21:30.159929,365781,9251,34.69125,9349,35.05875,19728,44.388,0
2026-04-08,15:21:30.159929,365813,9251,34.69125,9360,35.1,19727,44.38575,0
2026-04-08,15:21:30.159929,365845,9245,34.66875,9359,35.09625,19730,44.3925,0
2026-04-08,15:21:30.159929,365876,9248,34.68,9366,35.1225,19728,44.388,0
2026-04-08,15:21:30.159929,365908,9250,34.6875,9357,35.08875,19729,44.39025,0
2026-04-08,15:21:30.159929,365939,9251,34.69125,9361,35.10375,19728,44.388,0
2026-04-08,15:21:30.159929,365970,9253,34.69875,9355,35.08125,19728,44.388,0
2026-04-08,15:21:30.159929,366002,9255,34.70625,9360,35.1,19728,44.388,0
2026-04-08,15:21:30.159929,366033,9247,34.67625,9359,35.09625,19729,44.39025,0
2026-04-08,15:21:30.159929,366065,9255,34.70625,9355,35.08125,19726,44.3835,0
2026-04-08,15:21:30.159929,366096,9255,34.70625,9361,35.10375,19728,44.388,0
2026-04-08,15:21:30.159929,366128,9253,34.69875,9357,35.08875,19726,44.3835,0
2026-04-08,15:21:30.159929,366159,9259,34.72125,9355,35.08125,19726,44.3835,0
2026-04-08,15:21:30.159929,366191,9265,34.74375,9360,35.1,19726,44.3835,0
2026-04-08,15:21:30.159929,366222,9249,34.68375,9354,35.0775,19727,44.38575,0
2026-04-08,15:21:30.159929,366253,9249,34.68375,9354,35.0775,19726,44.3835,0
2026-04-08,15:21:30.159929,366284,9253,34.69875,9358,35.0925,19726,44.3835,0
2026-04-08,15:21:30.159929,366316,9250,34.6875,9354,35.0775,19727,44.38575,0
2026-04-08,15:21:31.080871,366527,9240,34.65,9354,35.0775,19725,44.38125,0
2026-04-08,15:21:31.080871,366660,9246,34.6725,9353,35.07375,19724,44.379,0
2026-04-08,15:21:31.080871,366692,9250,34.6875,9361,35.10375,19723,44.37675,0
2026-04-08,15:21:31.080871,366724,9254,34.7025,9357,35.08875,19725,44.38125,0
2026-04-08,15:21:31.080871,366755,9249,34.68375,9357,35.08875,19724,44.379,0
2026-04-08,15:21:31.080871,366787,9252,34.695,9352,35.07,19724,44.379,0
2026-04-08,15:21:31.080871,366818,9248,34.68,9352,35.07,19722,44.3745,0
2026-04-08,15:21:31.080871,366850,9247,34.67625,9347,35.05125,19724,44.379,0
2026-04-08,15:21:31.080871,366881,9247,34.67625,9353,35.07375,19724,44.379,0
2026-04-08,15:21:31.080871,366913,9246,34.6725,9351,35.06625,19724,44.379,0
2026-04-08,15:21:31.080871,366944,9247,34.67625,9352,35.07,19722,44.3745,0
2026-04-08,15:21:31.080871,366975,9242,34.6575,9349,35.05875,19723,44.37675,0
2026-04-08,15:21:31.080871,367006,9248,34.68,9355,35.08125,19722,44.3745,0
2026-04-08,15:21:31.080871,367038,9248,34.68,9356,35.085,19722,44.3745,0
2026-04-08,15:21:31.080871,367070,9250,34.6875,9350,35.0625,19723,44.37675,0
2026-04-08,15:21:31.080871,367101,9255,34.70625,9363,35.11125,19722,44.3745,0
2026-04-08,15:21:31.080871,367133,9250,34.6875,9352,35.07,19723,44.37675,0
2026-04-08,15:21:31.080871,367164,9249,34.68375,9355,35.08125,19722,44.3745,0
2026-04-08,15:21:31.080871,367195,9251,34.69125,9349,35.05875,19722,44.3745,0
2026-04-08,15:21:31.080871,367227,9250,34.6875,9352,35.07,19722,44.3745,0
2026-04-08,15:21:32.106000,367449,9243,34.66125,9350,35.0625,19721,44.37225,0
2026-04-08,15:21:32.106000,367582,9244,34.665,9348,35.055,19720,44.37,0
2026-04-08,15:21:32.106000,367614,9245,34.66875,9339,35.02125,19720,44.37,0
2026-04-08,15:21:32.106000,367646,9239,34.64625,9346,35.0475,19719,44.36775,0
2026-04-08,15:21:32.106000,367677,9234,34.6275,9342,35.0325,19721,44.37225,0
2026-04-08,15:21:32.106000,367708,9248,34.68,9338,35.0175,19720,44.37,0
2026-04-08,15:21:32.106000,367740,9246,34.6725,9346,35.0475,19720,44.37,0
2026-04-08,15:21:32.106000,367771,9238,34.6425,9343,35.03625,19718,44.3655,0
2026-04-08,15:21:32.106000,367803,9239,34.64625,9346,35.0475,19719,44.36775,0
2026-04-08,15:21:32.106000,367834,9241,34.65375,9339,35.02125,19720,44.37,0
2026-04-08,15:21:32.106000,367866,9248,34.68,9342,35.0325,19719,44.36775,0
2026-04-08,15:21:32.106000,367897,9241,34.65375,9343,35.03625,19718,44.3655,0
2026-04-08,15:21:32.106000,367928,9242,34.6575,9336,35.01,19719,44.36775,0
2026-04-08,15:21:32.106000,367960,9241,34.65375,9337,35.01375,19719,44.36775,0
2026-04-08,15:21:32.106000,367991,9237,34.63875,9345,35.04375,19717,44.36325,0
2026-04-08,15:21:32.106000,368022,9236,34.635,9343,35.03625,19718,44.3655,0
2026-04-08,15:21:32.106000,368054,9240,34.65,9347,35.05125,19718,44.3655,0
2026-04-08,15:21:32.106000,368086,9244,34.665,9340,35.025,19718,44.3655,0
2026-04-08,15:21:32.106000,368117,9242,34.6575,9345,35.04375,19717,44.36325,0
2026-04-08,15:21:32.106000,368148,9235,34.63125,9339,35.02125,19717,44.36325,0
2026-04-08,15:21:33.026524,368473,9233,34.62375,9336,35.01,19715,44.35875,0
2026-04-08,15:21:33.026524,368606,9243,34.66125,9337,35.01375,19715,44.35875,0
2026-04-08,15:21:33.026524,368638,9241,34.65375,9338,35.0175,19715,44.35875,0
2026-04-08,15:21:33.026524,368670,9239,34.64625,9343,35.03625,19714,44.3565,0
2026-04-08,15:21:33.026524,368701,9239,34.64625,9341,35.02875,19714,44.3565,0
2026-04-08,15:21:33.026524,368732,9238,34.6425,9330,34.9875,19714,44.3565,0
2026-04-08,15:21:33.026524,368764,9233,34.62375,9338,35.0175,19715,44.35875,0
2026-04-08,15:21:33.026524,368796,9236,34.635,9345,35.04375,19714,44.3565,0
2026-04-08,15:21:33.026524,368827,9235,34.63125,9343,35.03625,19714,44.3565,0
2026-04-08,15:21:33.026524,368858,9241,34.65375,9341,35.02875,19714,44.3565,0
2026-04-08,15:21:33.026524,368890,9240,34.65,9336,35.01,19714,44.3565,0
2026-04-08,15:21:33.026524,368921,9238,34.6425,9344,35.04,19714,44.3565,0
2026-04-08,15:21:33.026524,368952,9233,34.62375,9334,35.0025,19714,44.3565,0
2026-04-08,15:21:33.026524,368985,9238,34.6425,9335,35.00625,19713,44.35425,0
2026-04-08,15:21:33.026524,369016,9229,34.60875,9328,34.98,19713,44.35425,0
2026-04-08,15:21:33.026524,369047,9228,34.605,9329,34.98375,19713,44.35425,0
2026-04-08,15:21:33.026524,369080,9230,34.6125,9333,34.99875,19714,44.3565,0
2026-04-08,15:21:33.026524,369111,9235,34.63125,9337,35.01375,19713,44.35425,0
2026-04-08,15:21:33.026524,369142,9235,34.63125,9339,35.02125,19712,44.352,0
2026-04-08,15:21:33.026524,369174,9237,34.63875,9330,34.9875,19712,44.352,0
2026-04-08,15:21:33.961353,369394,9228,34.605,9335,35.00625,19710,44.3475,0
2026-04-08,15:21:33.961353,369527,9232,34.62,9331,34.99125,19711,44.34975,0
2026-04-08,15:21:33.961353,369559,9227,34.60125,9333,34.99875,19711,44.34975,0
2026-04-08,15:21:33.961353,369591,9226,34.5975,9329,34.98375,19710,44.3475,0
2026-04-08,15:21:33.961353,369623,9222,34.5825,9329,34.98375,19712,44.352,0
2026-04-08,15:21:33.961353,369654,9232,34.62,9330,34.9875,19711,44.34975,0
2026-04-08,15:21:33.961353,369686,9231,34.61625,9332,34.995,19710,44.3475,0
2026-04-08,15:21:33.961353,369717,9229,34.60875,9328,34.98,19709,44.34525,0
2026-04-08,15:21:33.961353,369748,9232,34.62,9326,34.9725,19710,44.3475,0
2026-04-08,15:21:33.961353,369780,9220,34.575,9332,34.995,19710,44.3475,0
2026-04-08,15:21:33.961353,369811,9227,34.60125,9325,34.96875,19710,44.3475,0
2026-04-08,15:21:33.961353,369842,9227,34.60125,9329,34.98375,19708,44.343,0
2026-04-08,15:21:33.961353,369874,9222,34.5825,9332,34.995,19710,44.3475,0
2026-04-08,15:21:33.961353,369905,9221,34.57875,9325,34.96875,19708,44.343,0
2026-04-08,15:21:33.961353,369937,9224,34.59,9330,34.9875,19708,44.343,0
2026-04-08,15:21:33.961353,369968,9226,34.5975,9327,34.97625,19708,44.343,0
2026-04-08,15:21:33.961353,370000,9227,34.60125,9334,35.0025,19708,44.343,0
2026-04-08,15:21:33.961353,370031,9218,34.5675,9325,34.96875,19708,44.343,0
2026-04-08,15:21:33.961353,370062,9230,34.6125,9330,34.9875,19708,44.343,0
2026-04-08,15:21:33.961353,370094,9215,34.55625,9322,34.9575,19707,44.34075,0
2026-04-08,15:21:34.989668,370328,9228,34.605,9318,34.9425,19705,44.33625,0
2026-04-08,15:21:34.989668,370462,9213,34.54875,9323,34.96125,19706,44.3385,0
2026-04-08,15:21:34.989668,370494,9220,34.575,9321,34.95375,19707,44.34075,0
2026-04-08,15:21:34.989668,370526,9221,34.57875,9323,34.96125,19706,44.3385,0
2026-04-08,15:21:34.989668,370557,9216,34.56,9323,34.96125,19705,44.33625,0
2026-04-08,15:21:34.989668,370588,9215,34.55625,9313,34.92375,19706,44.3385,0
2026-04-08,15:21:34.989668,370620,9215,34.55625,9324,34.965,19705,44.33625,0
2026-04-08,15:21:34.989668,370651,9221,34.57875,9318,34.9425,19706,44.3385,0
2026-04-08,15:21:34.989668,370682,9218,34.5675,9325,34.96875,19705,44.33625,0
2026-04-08,15:21:34.989668,370714,9218,34.5675,9317,34.93875,19705,44.33625,0
2026-04-08,15:21:34.989668,370745,9222,34.5825,9318,34.9425,19706,44.3385,0
2026-04-08,15:21:34.989668,370777,9219,34.57125,9320,34.95,19706,44.3385,0
2026-04-08,15:21:34.989668,370808,9217,34.56375,9326,34.9725,19704,44.334,0
2026-04-08,15:21:34.989668,370840,9212,34.545,9319,34.94625,19703,44.33175,0
2026-04-08,15:21:34.989668,370871,9217,34.56375,9320,34.95,19705,44.33625,0
2026-04-08,15:21:34.989668,370902,9220,34.575,9323,34.96125,19704,44.334,0
2026-04-08,15:21:34.989668,370934,9209,34.53375,9327,34.97625,19704,44.334,0
2026-04-08,15:21:34.989668,370965,9217,34.56375,9321,34.95375,19703,44.33175,0
2026-04-08,15:21:34.989668,370996,9214,34.5525,9315,34.93125,19703,44.33175,0
2026-04-08,15:21:34.989668,371028,9216,34.56,9319,34.94625,19703,44.33175,0
2026-04-08,15:21:37.325113,371384,9207,34.52625,9313,34.92375,19701,44.32725,0
2026-04-08,15:21:37.325113,371518,9212,34.545,9320,34.95,19702,44.3295,0
2026-04-08,15:21:37.325113,371549,9211,34.54125,9319,34.94625,19699,44.32275,0
2026-04-08,15:21:37.325113,371581,9216,34.56,9319,34.94625,19700,44.325,0
2026-04-08,15:21:37.325113,371612,9212,34.545,9318,34.9425,19702,44.3295,0
2026-04-08,15:21:37.325113,371644,9215,34.55625,9317,34.93875,19700,44.325,0
2026-04-08,15:21:37.325113,371675,9211,34.54125,9311,34.91625,19700,44.325,0
2026-04-08,15:21:37.325113,371706,9209,34.53375,9313,34.92375,19700,44.325,0
2026-04-08,15:21:37.325113,371738,9210,34.5375,9314,34.9275,19700,44.325,0
2026-04-08,15:21:37.325113,371769,9212,34.545,9307,34.90125,19698,44.3205,0
2026-04-08,15:21:37.325113,371801,9213,34.54875,9321,34.95375,19700,44.325,0
2026-04-08,15:21:37.325113,371832,9208,34.53,9312,34.92,19699,44.32275,0
2026-04-08,15:21:37.325113,371864,9213,34.54875,9319,34.94625,19699,44.32275,0
2026-04-08,15:21:37.325113,371895,9208,34.53,9314,34.9275,19698,44.3205,0
2026-04-08,15:21:37.325113,371927,9206,34.5225,9310,34.9125,19700,44.325,0
2026-04-08,15:21:37.325113,371958,9201,34.50375,9314,34.9275,19699,44.32275,0
2026-04-08,15:21:37.325113,371989,9208,34.53,9316,34.935,19698,44.3205,0
2026-04-08,15:21:37.325113,372020,9216,34.56,9313,34.92375,19698,44.3205,0
2026-04-08,15:21:37.325113,372052,9223,34.58625,9310,34.9125,19698,44.3205,0
2026-04-08,15:21:37.325113,372084,9218,34.5675,9317,34.93875,19697,44.31825,0
2026-04-08,15:21:38.262465,373700,9199,34.49625,9298,34.8675,19690,44.3025,0
2026-04-08,15:21:38.262465,373833,9192,34.47,9298,34.8675,19688,44.298,0
2026-04-08,15:21:38.262465,373864,9196,34.485,9296,34.86,19688,44.298,0
2026-04-08,15:21:38.262465,373896,9190,34.4625,9293,34.84875,19689,44.30025,0
2026-04-08,15:21:38.262465,373928,9196,34.485,9304,34.89,19689,44.30025,0
2026-04-08,15:21:38.262465,373959,9202,34.5075,9294,34.8525,19688,44.298,0
2026-04-08,15:21:38.262465,373991,9194,34.4775,9300,34.875,19687,44.29575,0
2026-04-08,15:21:38.262465,374022,9190,34.4625,9303,34.88625,19689,44.30025,0
2026-04-08,15:21:38.262465,374053,9190,34.4625,9293,34.84875,19689,44.30025,0
2026-04-08,15:21:38.262465,374085,9186,34.4475,9297,34.86375,19688,44.298,0
2026-04-08,15:21:38.262465,374116,9194,34.4775,9294,34.8525,19688,44.298,0
2026-04-08,15:21:38.262465,374148,9191,34.46625,9302,34.8825,19687,44.29575,0
2026-04-08,15:21:38.262465,374179,9192,34.47,9298,34.8675,19687,44.29575,0
2026-04-08,15:21:38.262465,374211,9188,34.455,9303,34.88625,19687,44.29575,0
2026-04-08,15:21:38.262465,374242,9184,34.44,9291,34.84125,19688,44.298,0
2026-04-08,15:21:38.262465,374273,9183,34.43625,9294,34.8525,19688,44.298,0
2026-04-08,15:21:38.262465,374305,9188,34.455,9295,34.85625,19687,44.29575,0
2026-04-08,15:21:38.262465,374336,9182,34.4325,9292,34.845,19688,44.298,0
2026-04-08,15:21:38.262465,374367,9189,34.45875,9293,34.84875,19686,44.2935,0
2026-04-08,15:21:38.262465,374399,9187,34.45125,9292,34.845,19686,44.2935,0
2026-04-08,15:21:39.172648,374630,9189,34.45875,9294,34.8525,19685,44.29125,0
2026-04-08,15:21:39.172648,374763,9187,34.45125,9293,34.84875,19686,44.2935,0
2026-04-08,15:21:39.172648,374796,9185,34.44375,9301,34.87875,19684,44.289,0
2026-04-08,15:21:39.172648,374827,9189,34.45875,9290,34.8375,19684,44.289,0
2026-04-08,15:21:39.172648,374859,9182,34.4325,9286,34.8225,19684,44.289,0
2026-04-08,15:21:39.172648,374890,9187,34.45125,9291,34.84125,19683,44.28675,0
2026-04-08,15:21:39.172648,374922,9189,34.45875,9283,34.81125,19683,44.28675,0
2026-04-08,15:21:39.172648,374953,9191,34.46625,9287,34.82625,19682,44.2845,0
2026-04-08,15:21:39.172648,374984,9189,34.45875,9284,34.815,19684,44.289,0
2026-04-08,15:21:39.172648,375016,9187,34.45125,9287,34.82625,19683,44.28675,0
2026-04-08,15:21:39.172648,375047,9187,34.45125,9289,34.83375,19684,44.289,0
2026-04-08,15:21:39.172648,375079,9187,34.45125,9290,34.8375,19684,44.289,0
2026-04-08,15:21:39.172648,375110,9185,34.44375,9285,34.81875,19684,44.289,0
2026-04-08,15:21:39.172648,375142,9187,34.45125,9291,34.84125,19682,44.2845,0
2026-04-08,15:21:39.172648,375173,9195,34.48125,9289,34.83375,19684,44.289,0
2026-04-08,15:21:39.172648,375205,9187,34.45125,9283,34.81125,19682,44.2845,0
2026-04-08,15:21:39.172648,375236,9189,34.45875,9293,34.84875,19683,44.28675,0
2026-04-08,15:21:39.172648,375267,9185,34.44375,9289,34.83375,19682,44.2845,0
2026-04-08,15:21:39.172648,375299,9180,34.425,9284,34.815,19681,44.28225,0
2026-04-08,15:21:39.172648,375330,9189,34.45875,9295,34.85625,19683,44.28675,0
2026-04-08,15:21:40.092383,375541,9192,34.47,9288,34.83,19681,44.28225,0
2026-04-08,15:21:40.092383,375674,9183,34.43625,9286,34.8225,19680,44.28,0
2026-04-08,15:21:40.092383,375706,9181,34.42875,9288,34.83,19680,44.28,0
2026-04-08,15:21:40.092383,375738,9188,34.455,9290,34.8375,19680,44.28,0
2026-04-08,15:21:40.092383,375770,9181,34.42875,9285,34.81875,19680,44.28,0
2026-04-08,15:21:40.092383,375801,9181,34.42875,9281,34.80375,19679,44.27775,0
2026-04-08,15:21:40.092383,375833,9186,34.4475,9289,34.83375,19679,44.27775,0
2026-04-08,15:21:40.092383,375864,9183,34.43625,9288,34.83,19680,44.28,0
2026-04-08,15:21:40.092383,375895,9187,34.45125,9286,34.8225,19679,44.27775,0
2026-04-08,15:21:40.092383,375927,9191,34.46625,9287,34.82625,19678,44.2755,0
2026-04-08,15:21:40.092383,375958,9184,34.44,9283,34.81125,19679,44.27775,0
2026-04-08,15:21:40.092383,375989,9189,34.45875,9284,34.815,19679,44.27775,0
2026-04-08,15:21:40.092383,376021,9189,34.45875,9288,34.83,19679,44.27775,0
2026-04-08,15:21:40.092383,376052,9182,34.4325,9286,34.8225,19679,44.27775,0
2026-04-08,15:21:40.092383,376084,9185,34.44375,9282,34.8075,19678,44.2755,0
2026-04-08,15:21:40.092383,376115,9183,34.43625,9283,34.81125,19677,44.27325,0
2026-04-08,15:21:40.092383,376147,9180,34.425,9279,34.79625,19678,44.2755,0
2026-04-08,15:21:40.092383,376178,9184,34.44,9285,34.81875,19678,44.2755,0
2026-04-08,15:21:40.092383,376209,9186,34.4475,9290,34.8375,19677,44.27325,0
2026-04-08,15:21:40.092383,376241,9187,34.45125,9291,34.84125,19678,44.2755,0
2026-04-08,15:21:41.043144,376469,9174,34.4025,9279,34.79625,19676,44.271,0
2026-04-08,15:21:41.043144,376602,9168,34.38,9274,34.7775,19675,44.26875,0
2026-04-08,15:21:41.043144,376634,9170,34.3875,9275,34.78125,19676,44.271,0
2026-04-08,15:21:41.043144,376666,9180,34.425,9271,34.76625,19675,44.26875,0
2026-04-08,15:21:41.043144,376697,9175,34.40625,9282,34.8075,19676,44.271,0
2026-04-08,15:21:41.043144,376728,9172,34.395,9274,34.7775,19674,44.2665,0
2026-04-08,15:21:41.043144,376760,9168,34.38,9277,34.78875,19676,44.271,0
2026-04-08,15:21:41.043144,376792,9164,34.365,9273,34.77375,19674,44.2665,0
2026-04-08,15:21:41.043144,376823,9174,34.4025,9273,34.77375,19674,44.2665,0
2026-04-08,15:21:41.043144,376854,9170,34.3875,9268,34.755,19674,44.2665,0
2026-04-08,15:21:41.043144,376886,9176,34.41,9276,34.785,19674,44.2665,0
2026-04-08,15:21:41.043144,376917,9165,34.36875,9278,34.7925,19674,44.2665,0
2026-04-08,15:21:41.043144,376949,9168,34.38,9274,34.7775,19674,44.2665,0
2026-04-08,15:21:41.043144,376980,9168,34.38,9287,34.82625,19673,44.26425,0
2026-04-08,15:21:41.043144,377011,9181,34.42875,9273,34.77375,19674,44.2665,0
2026-04-08,15:21:41.043144,377043,9174,34.4025,9272,34.77,19673,44.26425,0
2026-04-08,15:21:41.043144,377074,9169,34.38375,9275,34.78125,19673,44.26425,0
2026-04-08,15:21:41.043144,377106,9169,34.38375,9273,34.77375,19674,44.2665,0
2026-04-08,15:21:41.043144,377137,9173,34.39875,9276,34.785,19673,44.26425,0
2026-04-08,15:21:41.043144,377169,9170,34.3875,9276,34.785,19673,44.26425,0
2026-04-08,15:21:41.888621,377412,9161,34.35375,9277,34.78875,19670,44.2575,0
2026-04-08,15:21:41.888621,377546,9164,34.365,9268,34.755,19672,44.262,0
2026-04-08,15:21:41.888621,377578,9163,34.36125,9270,34.7625,19672,44.262,0
2026-04-08,15:21:41.888621,377609,9168,34.38,9272,34.77,19671,44.25975,0
2026-04-08,15:21:41.888621,377641,9167,34.37625,9274,34.7775,19671,44.25975,0
2026-04-08,15:21:41.888621,377673,9165,34.36875,9274,34.7775,19671,44.25975,0
2026-04-08,15:21:41.888621,377704,9168,34.38,9268,34.755,19669,44.25525,0
2026-04-08,15:21:41.888621,377735,9173,34.39875,9268,34.755,19669,44.25525,0
2026-04-08,15:21:41.888621,377767,9169,34.38375,9266,34.7475,19670,44.2575,0
2026-04-08,15:21:41.888621,377798,9172,34.395,9267,34.75125,19669,44.25525,0
2026-04-08,15:21:41.888621,377829,9174,34.4025,9270,34.7625,19670,44.2575,0
2026-04-08,15:21:41.888621,377861,9168,34.38,9268,34.755,19669,44.25525,0
2026-04-08,15:21:41.888621,377892,9168,34.38,9267,34.75125,19670,44.2575,0
2026-04-08,15:21:41.888621,377924,9172,34.395,9269,34.75875,19668,44.253,0
2026-04-08,15:21:41.888621,377955,9164,34.365,9261,34.72875,19669,44.25525,0
2026-04-08,15:21:41.888621,377987,9160,34.35,9263,34.73625,19669,44.25525,0
2026-04-08,15:21:41.888621,378018,9156,34.335,9271,34.76625,19668,44.253,0
2026-04-08,15:21:41.888621,378049,9161,34.35375,9269,34.75875,19668,44.253,0
2026-04-08,15:21:41.888621,378081,9159,34.34625,9267,34.75125,19668,44.253,0
2026-04-08,15:21:41.888621,378112,9163,34.36125,9268,34.755,19668,44.253,0
2026-04-08,15:21:42.959427,378298,9163,34.36125,9267,34.75125,19666,44.2485,0
2026-04-08,15:21:42.959427,378431,9161,34.35375,9263,34.73625,19666,44.2485,0
2026-04-08,15:21:42.959427,378462,9157,34.33875,9268,34.755,19666,44.2485,0
2026-04-08,15:21:42.959427,378494,9159,34.34625,9268,34.755,19665,44.24625,0
2026-04-08,15:21:42.959427,378526,9156,34.335,9266,34.7475,19666,44.2485,0
2026-04-08,15:21:42.959427,378557,9160,34.35,9266,34.7475,19666,44.2485,0
2026-04-08,15:21:42.959427,378589,9170,34.3875,9270,34.7625,19666,44.2485,0
2026-04-08,15:21:42.959427,378620,9165,34.36875,9263,34.73625,19665,44.24625,0
2026-04-08,15:21:42.959427,378651,9162,34.3575,9260,34.725,19667,44.25075,0
2026-04-08,15:21:42.959427,378683,9159,34.34625,9261,34.72875,19665,44.24625,0
2026-04-08,15:21:42.959427,378714,9162,34.3575,9259,34.72125,19664,44.244,0
2026-04-08,15:21:42.959427,378745,9169,34.38375,9263,34.73625,19666,44.2485,0
2026-04-08,15:21:42.959427,378777,9159,34.34625,9265,34.74375,19666,44.2485,0
2026-04-08,15:21:42.959427,378808,9156,34.335,9264,34.74,19665,44.24625,0
2026-04-08,15:21:42.959427,378840,9161,34.35375,9270,34.7625,19665,44.24625,0
2026-04-08,15:21:42.959427,378871,9151,34.31625,9255,34.70625,19664,44.244,0
2026-04-08,15:21:42.959427,378903,9154,34.3275,9267,34.75125,19664,44.244,0
2026-04-08,15:21:42.959427,378934,9154,34.3275,9253,34.69875,19663,44.24175,0
2026-04-08,15:21:42.959427,378965,9155,34.33125,9261,34.72875,19663,44.24175,0
2026-04-08,15:21:42.959427,378997,9156,34.335,9255,34.70625,19664,44.244,0
2026-04-08,15:21:43.878932,379327,9155,34.33125,9260,34.725,19661,44.23725,0
2026-04-08,15:21:43.878932,379461,9149,34.30875,9267,34.75125,19661,44.23725,0
2026-04-08,15:21:43.878932,379492,9145,34.29375,9264,34.74,19660,44.235,0
2026-04-08,15:21:43.878932,379524,9148,34.305,9255,34.70625,19662,44.2395,0
2026-04-08,15:21:43.878932,379555,9159,34.34625,9257,34.71375,19660,44.235,0
2026-04-08,15:21:43.878932,379587,9150,34.3125,9253,34.69875,19662,44.2395,0
2026-04-08,15:21:43.878932,379618,9156,34.335,9254,34.7025,19660,44.235,0
2026-04-08,15:21:43.878932,379650,9151,34.31625,9249,34.68375,19659,44.23275,0
2026-04-08,15:21:43.878932,379681,9150,34.3125,9249,34.68375,19661,44.23725,0
2026-04-08,15:21:43.878932,379713,9154,34.3275,9255,34.70625,19661,44.23725,0
2026-04-08,15:21:43.878932,379744,9149,34.30875,9251,34.69125,19659,44.23275,0
2026-04-08,15:21:43.878932,379775,9151,34.31625,9256,34.71,19659,44.23275,0
2026-04-08,15:21:43.878932,379807,9154,34.3275,9245,34.66875,19659,44.23275,0
2026-04-08,15:21:43.878932,379838,9149,34.30875,9247,34.67625,19659,44.23275,0
2026-04-08,15:21:43.878932,379870,9151,34.31625,9248,34.68,19658,44.2305,0
2026-04-08,15:21:43.878932,379901,9148,34.305,9248,34.68,19660,44.235,0
2026-04-08,15:21:43.878932,379933,9153,34.32375,9253,34.69875,19660,44.235,0
2026-04-08,15:21:43.878932,379964,9154,34.3275,9242,34.6575,19658,44.2305,0
2026-04-08,15:21:43.878932,379995,9152,34.32,9251,34.69125,19659,44.23275,0
2026-04-08,15:21:43.878932,380027,9156,34.335,9253,34.69875,19660,44.235,0
2026-04-08,15:21:45.126101,380257,9151,34.31625,9246,34.6725,19657,44.22825,0
2026-04-08,15:21:45.126101,380391,9148,34.305,9249,34.68375,19656,44.226,0
2026-04-08,15:21:45.126101,380422,9138,34.2675,9249,34.68375,19656,44.226,0
2026-04-08,15:21:45.126101,380454,9143,34.28625,9245,34.66875,19657,44.22825,0
2026-04-08,15:21:45.126101,380486,9144,34.29,9250,34.6875,19657,44.22825,0
2026-04-08,15:21:45.126101,380517,9145,34.29375,9252,34.695,19656,44.226,0
2026-04-08,15:21:45.126101,380549,9147,34.30125,9252,34.695,19656,44.226,0
2026-04-08,15:21:45.126101,380580,9152,34.32,9254,34.7025,19656,44.226,0
2026-04-08,15:21:45.126101,380611,9146,34.2975,9254,34.7025,19655,44.22375,0
2026-04-08,15:21:45.126101,380643,9147,34.30125,9242,34.6575,19656,44.226,0
2026-04-08,15:21:45.126101,380674,9150,34.3125,9246,34.6725,19655,44.22375,0
2026-04-08,15:21:45.126101,380706,9150,34.3125,9245,34.66875,19656,44.226,0
2026-04-08,15:21:45.126101,380737,9148,34.305,9248,34.68,19654,44.2215,0
2026-04-08,15:21:45.126101,380769,9145,34.29375,9245,34.66875,19653,44.21925,0
2026-04-08,15:21:45.126101,380800,9147,34.30125,9246,34.6725,19655,44.22375,0
2026-04-08,15:21:45.126101,380831,9144,34.29,9249,34.68375,19654,44.2215,0
2026-04-08,15:21:45.126101,380863,9150,34.3125,9245,34.66875,19654,44.2215,0
2026-04-08,15:21:45.126101,380894,9144,34.29,9242,34.6575,19653,44.21925,0
2026-04-08,15:21:45.126101,380925,9141,34.27875,9243,34.66125,19654,44.2215,0
2026-04-08,15:21:45.126101,380957,9144,34.29,9251,34.69125,19655,44.22375,0
2026-04-08,15:21:45.942062,381495,9143,34.28625,9239,34.64625,19651,44.21475,0
2026-04-08,15:21:45.942062,381629,9139,34.27125,9245,34.66875,19650,44.2125,0
2026-04-08,15:21:45.942062,381661,9142,34.2825,9238,34.6425,19650,44.2125,0
2026-04-08,15:21:45.942062,381693,9144,34.29,9242,34.6575,19650,44.2125,0
2026-04-08,15:21:45.942062,381724,9136,34.26,9243,34.66125,19649,44.21025,0
2026-04-08,15:21:45.942062,381756,9138,34.2675,9239,34.64625,19649,44.21025,0
2026-04-08,15:21:45.942062,381787,9138,34.2675,9237,34.63875,19649,44.21025,0
2026-04-08,15:21:45.942062,381818,9137,34.26375,9240,34.65,19651,44.21475,0
2026-04-08,15:21:45.942062,381849,9139,34.27125,9237,34.63875,19648,44.208,0
2026-04-08,15:21:45.942062,381881,9135,34.25625,9252,34.695,19648,44.208,0
2026-04-08,15:21:45.942062,381913,9132,34.245,9243,34.66125,19649,44.21025,0
2026-04-08,15:21:45.942062,381944,9133,34.24875,9242,34.6575,19648,44.208,0
2026-04-08,15:21:45.942062,381976,9141,34.27875,9235,34.63125,19649,44.21025,0
2026-04-08,15:21:45.942062,382007,9135,34.25625,9243,34.66125,19650,44.2125,0
2026-04-08,15:21:45.942062,382038,9129,34.23375,9237,34.63875,19649,44.21025,0
2026-04-08,15:21:45.942062,382070,9132,34.245,9238,34.6425,19649,44.21025,0
2026-04-08,15:21:45.942062,382101,9141,34.27875,9238,34.6425,19647,44.20575,0
2026-04-08,15:21:45.942062,382132,9145,34.29375,9239,34.64625,19648,44.208,0
2026-04-08,15:21:45.942062,382164,9141,34.27875,9244,34.665,19648,44.208,0
2026-04-08,15:21:45.942062,382195,9134,34.2525,9236,34.635,19647,44.20575,0
2026-04-08,15:21:46.763786,382332,9130,34.2375,9236,34.635,19646,44.2035,0
2026-04-08,15:21:46.763786,382465,9129,34.23375,9241,34.65375,19645,44.20125,0
2026-04-08,15:21:46.763786,382498,9134,34.2525,9246,34.6725,19645,44.20125,0
2026-04-08,15:21:46.763786,382529,9131,34.24125,9236,34.635,19647,44.20575,0
2026-04-08,15:21:46.763786,382560,9125,34.21875,9236,34.635,19645,44.20125,0
2026-04-08,15:21:46.763786,382592,9128,34.23,9242,34.6575,19647,44.20575,0
2026-04-08,15:21:46.763786,382624,9138,34.2675,9231,34.61625,19645,44.20125,0
2026-04-08,15:21:46.763786,382655,9135,34.25625,9227,34.60125,19647,44.20575,0
2026-04-08,15:21:46.763786,382686,9132,34.245,9236,34.635,19645,44.20125,0
2026-04-08,15:21:46.763786,382718,9133,34.24875,9237,34.63875,19645,44.20125,0
2026-04-08,15:21:46.763786,382749,9126,34.2225,9233,34.62375,19645,44.20125,0
2026-04-08,15:21:46.763786,382781,9123,34.21125,9238,34.6425,19644,44.199,0
2026-04-08,15:21:46.763786,382812,9129,34.23375,9227,34.60125,19643,44.19675,0
2026-04-08,15:21:46.763786,382843,9121,34.20375,9231,34.61625,19644,44.199,0
2026-04-08,15:21:46.763786,382875,9126,34.2225,9233,34.62375,19643,44.19675,0
2026-04-08,15:21:46.763786,382906,9129,34.23375,9235,34.63125,19645,44.20125,0
2026-04-08,15:21:46.763786,382938,9126,34.2225,9229,34.60875,19644,44.199,0
2026-04-08,15:21:46.763786,382969,9133,34.24875,9227,34.60125,19644,44.199,0
2026-04-08,15:21:46.763786,383001,9131,34.24125,9233,34.62375,19643,44.19675,0
2026-04-08,15:21:46.763786,383032,9124,34.215,9234,34.6275,19643,44.19675,0
2026-04-08,15:21:47.588144,383162,9124,34.215,9234,34.6275,19643,44.19675,0
2026-04-08,15:21:47.588144,383296,9123,34.21125,9227,34.60125,19642,44.1945,0
2026-04-08,15:21:47.588144,383328,9130,34.2375,9225,34.59375,19641,44.19225,0
2026-04-08,15:21:47.588144,383359,9133,34.24875,9222,34.5825,19642,44.1945,0
2026-04-08,15:21:47.588144,383390,9134,34.2525,9225,34.59375,19640,44.19,0
2026-04-08,15:21:47.588144,383422,9119,34.19625,9227,34.60125,19642,44.1945,0
2026-04-08,15:21:47.588144,383453,9122,34.2075,9218,34.5675,19643,44.19675,0
2026-04-08,15:21:47.588144,383485,9126,34.2225,9233,34.62375,19642,44.1945,0
2026-04-08,15:21:47.588144,383516,9117,34.18875,9223,34.58625,19639,44.18775,0
2026-04-08,15:21:47.588144,383548,9124,34.215,9223,34.58625,19640,44.19,0
2026-04-08,15:21:47.588144,383579,9128,34.23,9227,34.60125,19640,44.19,0
2026-04-08,15:21:47.588144,383611,9124,34.215,9226,34.5975,19641,44.19225,0
2026-04-08,15:21:47.588144,383642,9125,34.21875,9228,34.605,19640,44.19,0
2026-04-08,15:21:47.588144,383673,9126,34.2225,9227,34.60125,19639,44.18775,0
2026-04-08,15:21:47.588144,383705,9124,34.215,9222,34.5825,19640,44.19,0
2026-04-08,15:21:47.588144,383736,9123,34.21125,9224,34.59,19639,44.18775,0
2026-04-08,15:21:47.588144,383768,9122,34.2075,9227,34.60125,19638,44.1855,0
2026-04-08,15:21:47.588144,383799,9130,34.2375,9224,34.59,19639,44.18775,0
2026-04-08,15:21:47.588144,383830,9124,34.215,9232,34.62,19639,44.18775,0
2026-04-08,15:21:47.588144,383862,9122,34.2075,9223,34.58625,19639,44.18775,0
2026-04-08,15:21:48.448360,383957,9107,34.15125,9229,34.60875,19639,44.18775,0
2026-04-08,15:21:48.448360,384091,9117,34.18875,9222,34.5825,19637,44.18325,0
2026-04-08,15:21:48.448360,384123,9108,34.155,9232,34.62,19637,44.18325,0
2026-04-08,15:21:48.448360,384154,9120,34.2,9225,34.59375,19637,44.18325,0
2026-04-08,15:21:48.448360,384186,9120,34.2,9220,34.575,19637,44.18325,0
2026-04-08,15:21:48.448360,384217,9117,34.18875,9229,34.60875,19636,44.181,0
2026-04-08,15:21:48.448360,384249,9117,34.18875,9224,34.59,19637,44.18325,0
2026-04-08,15:21:48.448360,384280,9118,34.1925,9224,34.59,19638,44.1855,0
2026-04-08,15:21:48.448360,384311,9118,34.1925,9231,34.61625,19636,44.181,0
2026-04-08,15:21:48.448360,384343,9121,34.20375,9223,34.58625,19636,44.181,0
2026-04-08,15:21:48.448360,384374,9127,34.22625,9224,34.59,19636,44.181,0
2026-04-08,15:21:48.448360,384405,9125,34.21875,9222,34.5825,19637,44.18325,0
2026-04-08,15:21:48.448360,384437,9117,34.18875,9221,34.57875,19635,44.17875,0
2026-04-08,15:21:48.448360,384469,9117,34.18875,9228,34.605,19634,44.1765,0
2026-04-08,15:21:48.448360,384500,9114,34.1775,9214,34.5525,19636,44.181,0
2026-04-08,15:21:48.448360,384531,9117,34.18875,9218,34.5675,19636,44.181,0
2026-04-08,15:21:48.448360,384563,9114,34.1775,9221,34.57875,19635,44.17875,0
2026-04-08,15:21:48.448360,384594,9113,34.17375,9210,34.5375,19636,44.181,0
2026-04-08,15:21:48.448360,384625,9115,34.18125,9217,34.56375,19636,44.181,0
2026-04-08,15:21:48.448360,384657,9116,34.185,9221,34.57875,19633,44.17425,0
2026-04-08,15:21:49.541107,384843,9119,34.19625,9217,34.56375,19634,44.1765,0
2026-04-08,15:21:49.541107,384976,9109,34.15875,9215,34.55625,19633,44.17425,0
2026-04-08,15:21:49.541107,385008,9108,34.155,9219,34.57125,19633,44.17425,0
2026-04-08,15:21:49.541107,385039,9113,34.17375,9215,34.55625,19634,44.1765,0
2026-04-08,15:21:49.541107,385071,9117,34.18875,9219,34.57125,19631,44.16975,0
2026-04-08,15:21:49.541107,385102,9116,34.185,9220,34.575,19633,44.17425,0
2026-04-08,15:21:49.541107,385133,9105,34.14375,9224,34.59,19632,44.172,0
2026-04-08,15:21:49.541107,385165,9106,34.1475,9226,34.5975,19634,44.1765,0
2026-04-08,15:21:49.541107,385196,9112,34.17,9224,34.59,19631,44.16975,0
2026-04-08,15:21:49.541107,385228,9111,34.16625,9222,34.5825,19632,44.172,0
2026-04-08,15:21:49.541107,385259,9118,34.1925,9221,34.57875,19632,44.172,0
2026-04-08,15:21:49.541107,385291,9109,34.15875,9217,34.56375,19631,44.16975,0
2026-04-08,15:21:49.541107,385322,9106,34.1475,9216,34.56,19633,44.17425,0
2026-04-08,15:21:49.541107,385354,9115,34.18125,9222,34.5825,19631,44.16975,0
2026-04-08,15:21:49.541107,385385,9108,34.155,9208,34.53,19630,44.1675,0
2026-04-08,15:21:49.541107,385416,9109,34.15875,9209,34.53375,19631,44.16975,0
2026-04-08,15:21:49.541107,385448,9110,34.1625,9216,34.56,19630,44.1675,0
2026-04-08,15:21:49.541107,385479,9112,34.17,9210,34.5375,19628,44.163,0
2026-04-08,15:21:49.541107,385511,9104,34.14,9215,34.55625,19631,44.16975,0
2026-04-08,15:21:49.541107,385542,9110,34.1625,9216,34.56,19631,44.16975,0
2026-04-08,15:21:50.448241,385985,9100,34.125,9207,34.52625,19628,44.163,0
2026-04-08,15:21:50.448241,386118,9103,34.13625,9214,34.5525,19628,44.163,0
2026-04-08,15:21:50.448241,386149,9102,34.1325,9210,34.5375,19627,44.16075,0
2026-04-08,15:21:50.448241,386181,9104,34.14,9204,34.515,19628,44.163,0
2026-04-08,15:21:50.448241,386213,9105,34.14375,9203,34.51125,19626,44.1585,0
2026-04-08,15:21:50.448241,386244,9104,34.14,9208,34.53,19626,44.1585,0
2026-04-08,15:21:50.448241,386276,9100,34.125,9203,34.51125,19627,44.16075,0
2026-04-08,15:21:50.448241,386307,9102,34.1325,9203,34.51125,19625,44.15625,0
2026-04-08,15:21:50.448241,386338,9103,34.13625,9211,34.54125,19626,44.1585,0
2026-04-08,15:21:50.448241,386370,9106,34.1475,9210,34.5375,19625,44.15625,0
2026-04-08,15:21:50.448241,386401,9104,34.14,9213,34.54875,19626,44.1585,0
2026-04-08,15:21:50.448241,386432,9098,34.1175,9208,34.53,19625,44.15625,0
2026-04-08,15:21:50.448241,386463,9098,34.1175,9212,34.545,19627,44.16075,0
2026-04-08,15:21:50.448241,386495,9092,34.095,9209,34.53375,19626,44.1585,0
2026-04-08,15:21:50.448241,386527,9094,34.1025,9204,34.515,19626,44.1585,0
2026-04-08,15:21:50.448241,386558,9090,34.0875,9200,34.5,19626,44.1585,0
2026-04-08,15:21:50.448241,386590,9099,34.12125,9207,34.52625,19625,44.15625,0
2026-04-08,15:21:50.448241,386621,9098,34.1175,9202,34.5075,19626,44.1585,0
2026-04-08,15:21:50.448241,386652,9097,34.11375,9205,34.51875,19624,44.154,0
2026-04-08,15:21:50.448241,386684,9099,34.12125,9204,34.515,19625,44.15625,0
2026-04-08,15:21:51.264540,386818,9093,34.09875,9211,34.54125,19624,44.154,0
2026-04-08,15:21:51.264540,386951,9102,34.1325,9202,34.5075,19623,44.15175,0
2026-04-08,15:21:51.264540,386983,9102,34.1325,9197,34.48875,19623,44.15175,0
2026-04-08,15:21:51.264540,387015,9090,34.0875,9208,34.53,19623,44.15175,0
2026-04-08,15:21:51.264540,387046,9092,34.095,9192,34.47,19624,44.154,0
2026-04-08,15:21:51.264540,387077,9099,34.12125,9191,34.46625,19624,44.154,0
2026-04-08,15:21:51.264540,387109,9101,34.12875,9202,34.5075,19623,44.15175,0
2026-04-08,15:21:51.264540,387141,9100,34.125,9198,34.4925,19622,44.1495,0
2026-04-08,15:21:51.264540,387172,9100,34.125,9197,34.48875,19622,44.1495,0
2026-04-08,15:21:51.264540,387204,9101,34.12875,9201,34.50375,19622,44.1495,0
2026-04-08,15:21:51.264540,387235,9099,34.12125,9201,34.50375,19622,44.1495,0
2026-04-08,15:21:51.264540,387266,9088,34.08,9200,34.5,19620,44.145,0
2026-04-08,15:21:51.264540,387298,9095,34.10625,9204,34.515,19622,44.1495,0
2026-04-08,15:21:51.264540,387329,9094,34.1025,9198,34.4925,19621,44.14725,0
2026-04-08,15:21:51.264540,387360,9091,34.09125,9203,34.51125,19622,44.1495,0
2026-04-08,15:21:51.264540,387392,9093,34.09875,9205,34.51875,19620,44.145,0
2026-04-08,15:21:51.264540,387423,9096,34.11,9192,34.47,19621,44.14725,0
2026-04-08,15:21:51.264540,387455,9090,34.0875,9197,34.48875,19621,44.14725,0
2026-04-08,15:21:51.264540,387486,9092,34.095,9196,34.485,19620,44.145,0
2026-04-08,15:21:51.264540,387518,9103,34.13625,9207,34.52625,19620,44.145,0
2026-04-08,15:21:52.184376,387631,9092,34.095,9196,34.485,19620,44.145,0
2026-04-08,15:21:52.184376,387765,9095,34.10625,9199,34.49625,19618,44.1405,0
2026-04-08,15:21:52.184376,387797,9094,34.1025,9199,34.49625,19618,44.1405,0
2026-04-08,15:21:52.184376,387829,9088,34.08,9196,34.485,19620,44.145,0
2026-04-08,15:21:52.184376,387860,9097,34.11375,9194,34.4775,19618,44.1405,0
2026-04-08,15:21:52.184376,387891,9087,34.07625,9192,34.47,19619,44.14275,0
2026-04-08,15:21:52.184376,387923,9093,34.09875,9194,34.4775,19619,44.14275,0
2026-04-08,15:21:52.184376,387954,9093,34.09875,9199,34.49625,19618,44.1405,0
2026-04-08,15:21:52.184376,387986,9090,34.0875,9202,34.5075,19617,44.13825,0
2026-04-08,15:21:52.184376,388017,9094,34.1025,9189,34.45875,19618,44.1405,0
2026-04-08,15:21:52.184376,388049,9099,34.12125,9199,34.49625,19617,44.13825,0
2026-04-08,15:21:52.184376,388080,9097,34.11375,9189,34.45875,19618,44.1405,0
2026-04-08,15:21:52.184376,388112,9092,34.095,9187,34.45125,19618,44.1405,0
2026-04-08,15:21:52.184376,388143,9087,34.07625,9200,34.5,19617,44.13825,0
2026-04-08,15:21:52.184376,388174,9090,34.0875,9195,34.48125,19617,44.13825,0
2026-04-08,15:21:52.184376,388206,9092,34.095,9193,34.47375,19617,44.13825,0
2026-04-08,15:21:52.184376,388237,9086,34.0725,9197,34.48875,19616,44.136,0
2026-04-08,15:21:52.184376,388269,9097,34.11375,9195,34.48125,19616,44.136,0
2026-04-08,15:21:52.184376,388300,9096,34.11,9201,34.50375,19617,44.13825,0
2026-04-08,15:21:52.184376,388332,9095,34.10625,9199,34.49625,19616,44.136,0
2026-04-08,15:21:53.104315,388558,9084,34.065,9183,34.43625,19614,44.1315,0
2026-04-08,15:21:53.104315,388692,9086,34.0725,9183,34.43625,19614,44.1315,0
2026-04-08,15:21:53.104315,388724,9093,34.09875,9188,34.455,19615,44.13375,0
2026-04-08,15:21:53.104315,388755,9082,34.0575,9189,34.45875,19612,44.127,0
2026-04-08,15:21:53.104315,388787,9088,34.08,9189,34.45875,19615,44.13375,0
2026-04-08,15:21:53.104315,388818,9086,34.0725,9192,34.47,19612,44.127,0
2026-04-08,15:21:53.104315,388850,9089,34.08375,9189,34.45875,19611,44.12475,0
2026-04-08,15:21:53.104315,388881,9087,34.07625,9182,34.4325,19613,44.12925,0
2026-04-08,15:21:53.104315,388912,9084,34.065,9185,34.44375,19612,44.127,0
2026-04-08,15:21:53.104315,388944,9088,34.08,9190,34.4625,19612,44.127,0
2026-04-08,15:21:53.104315,388975,9091,34.09125,9183,34.43625,19612,44.127,0
2026-04-08,15:21:53.104315,389007,9079,34.04625,9192,34.47,19612,44.127,0
2026-04-08,15:21:53.104315,389038,9081,34.05375,9192,34.47,19613,44.12925,0
2026-04-08,15:21:53.104315,389070,9085,34.06875,9179,34.42125,19612,44.127,0
2026-04-08,15:21:53.104315,389101,9079,34.04625,9186,34.4475,19614,44.1315,0
2026-04-08,15:21:53.104315,389133,9080,34.05,9180,34.425,19613,44.12925,0
2026-04-08,15:21:53.104315,389164,9085,34.06875,9189,34.45875,19611,44.12475,0
2026-04-08,15:21:53.104315,389195,9083,34.06125,9182,34.4325,19612,44.127,0
2026-04-08,15:21:53.104315,389227,9075,34.03125,9186,34.4475,19612,44.127,0
2026-04-08,15:21:53.104315,389258,9087,34.07625,9181,34.42875,19611,44.12475,0
2026-04-08,15:21:55.165937,389477,9080,34.05,9179,34.42125,19610,44.1225,0
2026-04-08,15:21:55.165937,389610,9085,34.06875,9184,34.44,19610,44.1225,0
2026-04-08,15:21:55.165937,389643,9077,34.03875,9189,34.45875,19610,44.1225,0
2026-04-08,15:21:55.165937,389674,9078,34.0425,9195,34.48125,19609,44.12025,0
2026-04-08,15:21:55.165937,389705,9086,34.0725,9191,34.46625,19609,44.12025,0
2026-04-08,15:21:55.165937,389737,9082,34.0575,9180,34.425,19610,44.1225,0
2026-04-08,15:21:55.165937,389768,9078,34.0425,9179,34.42125,19608,44.118,0
2026-04-08,15:21:55.165937,389800,9078,34.0425,9183,34.43625,19609,44.12025,0
2026-04-08,15:21:55.165937,389831,9081,34.05375,9185,34.44375,19609,44.12025,0
2026-04-08,15:21:55.165937,389863,9075,34.03125,9182,34.4325,19609,44.12025,0
2026-04-08,15:21:55.165937,389894,9073,34.02375,9179,34.42125,19608,44.118,0
2026-04-08,15:21:55.165937,389925,9081,34.05375,9176,34.41,19607,44.11575,0
2026-04-08,15:21:55.165937,389957,9082,34.0575,9182,34.4325,19608,44.118,0
2026-04-08,15:21:55.165937,389988,9067,34.00125,9177,34.41375,19607,44.11575,0
2026-04-08,15:21:55.165937,390020,9074,34.0275,9182,34.4325,19608,44.118,0
2026-04-08,15:21:55.165937,390051,9075,34.03125,9180,34.425,19608,44.118,0
2026-04-08,15:21:55.165937,390083,9073,34.02375,9178,34.4175,19608,44.118,0
2026-04-08,15:21:55.165937,390114,9081,34.05375,9176,34.41,19607,44.11575,0
2026-04-08,15:21:55.165937,390145,9070,34.0125,9179,34.42125,19607,44.11575,0
2026-04-08,15:21:55.165937,390177,9079,34.04625,9179,34.42125,19607,44.11575,0
2026-04-08,15:21:55.993389,391543,9066,33.9975,9169,34.38375,19599,44.09775,0
2026-04-08,15:21:55.993389,391677,9067,34.00125,9165,34.36875,19599,44.09775,0
2026-04-08,15:21:55.993389,391709,9069,34.00875,9161,34.35375,19599,44.09775,0
2026-04-08,15:21:55.993389,391741,9063,33.98625,9168,34.38,19600,44.1,0
2026-04-08,15:21:55.993389,391772,9067,34.00125,9164,34.365,19599,44.09775,0
2026-04-08,15:21:55.993389,391804,9060,33.975,9160,34.35,19599,44.09775,0
2026-04-08,15:21:55.993389,391835,9065,33.99375,9171,34.39125,19597,44.09325,0
2026-04-08,15:21:55.993389,391866,9060,33.975,9162,34.3575,19598,44.0955,0
2026-04-08,15:21:55.993389,391898,9060,33.975,9174,34.4025,19598,44.0955,0
2026-04-08,15:21:55.993389,391929,9058,33.9675,9166,34.3725,19598,44.0955,0
2026-04-08,15:21:55.993389,391960,9059,33.97125,9166,34.3725,19598,44.0955,0
2026-04-08,15:21:55.993389,391992,9066,33.9975,9169,34.38375,19598,44.0955,0
2026-04-08,15:21:55.993389,392023,9057,33.96375,9168,34.38,19598,44.0955,0
2026-04-08,15:21:55.993389,392055,9064,33.99,9170,34.3875,19596,44.091,0
2026-04-08,15:21:55.993389,392086,9063,33.98625,9167,34.37625,19597,44.09325,0
2026-04-08,15:21:55.993389,392118,9059,33.97125,9167,34.37625,19597,44.09325,0
2026-04-08,15:21:55.993389,392149,9060,33.975,9175,34.40625,19596,44.091,0
2026-04-08,15:21:55.993389,392180,9061,33.97875,9163,34.36125,19596,44.091,0
2026-04-08,15:21:55.993389,392212,9062,33.9825,9162,34.3575,19596,44.091,0
2026-04-08,15:21:55.993389,392244,9060,33.975,9161,34.35375,19596,44.091,0
2026-04-08,15:21:56.914313,392421,9062,33.9825,9161,34.35375,19595,44.08875,0
2026-04-08,15:21:56.914313,392554,9063,33.98625,9159,34.34625,19594,44.0865,0
2026-04-08,15:21:56.914313,392585,9062,33.9825,9164,34.365,19595,44.08875,0
2026-04-08,15:21:56.914313,392617,9056,33.96,9165,34.36875,19593,44.08425,0
2026-04-08,15:21:56.914313,392648,9061,33.97875,9162,34.3575,19593,44.08425,0
2026-04-08,15:21:56.914313,392680,9058,33.9675,9161,34.35375,19593,44.08425,0
2026-04-08,15:21:56.914313,392711,9058,33.9675,9165,34.36875,19593,44.08425,0
2026-04-08,15:21:56.914313,392743,9066,33.9975,9157,34.33875,19593,44.08425,0
2026-04-08,15:21:56.914313,392774,9061,33.97875,9158,34.3425,19594,44.0865,0
2026-04-08,15:21:56.914313,392805,9065,33.99375,9163,34.36125,19593,44.08425,0
2026-04-08,15:21:56.914313,392837,9061,33.97875,9164,34.365,19593,44.08425,0
2026-04-08,15:21:56.914313,392868,9060,33.975,9160,34.35,19592,44.082,0
2026-04-08,15:21:56.914313,392900,9060,33.975,9158,34.3425,19593,44.08425,0
2026-04-08,15:21:56.914313,392931,9060,33.975,9164,34.365,19593,44.08425,0
2026-04-08,15:21:56.914313,392963,9064,33.99,9160,34.35,19592,44.082,0
2026-04-08,15:21:56.914313,392994,9061,33.97875,9154,34.3275,19592,44.082,0
2026-04-08,15:21:56.914313,393025,9051,33.94125,9156,34.335,19592,44.082,0
2026-04-08,15:21:56.914313,393057,9057,33.96375,9155,34.33125,19592,44.082,0
2026-04-08,15:21:56.914313,393088,9053,33.94875,9161,34.35375,19592,44.082,0
2026-04-08,15:21:56.914313,393119,9060,33.975,9161,34.35375,19591,44.07975,0
2026-04-08,15:21:57.829065,393343,9055,33.95625,9159,34.34625,19590,44.0775,0
2026-04-08,15:21:57.829065,393477,9052,33.945,9155,34.33125,19589,44.07525,0
2026-04-08,15:21:57.829065,393508,9047,33.92625,9160,34.35,19591,44.07975,0
2026-04-08,15:21:57.829065,393540,9053,33.94875,9159,34.34625,19588,44.073,0
2026-04-08,15:21:57.829065,393571,9062,33.9825,9150,34.3125,19588,44.073,0
2026-04-08,15:21:57.829065,393602,9058,33.9675,9161,34.35375,19590,44.0775,0
2026-04-08,15:21:57.829065,393634,9054,33.9525,9159,34.34625,19589,44.07525,0
2026-04-08,15:21:57.829065,393665,9056,33.96,9159,34.34625,19587,44.07075,0
2026-04-08,15:21:57.829065,393697,9058,33.9675,9151,34.31625,19589,44.07525,0
2026-04-08,15:21:57.829065,393728,9050,33.9375,9160,34.35,19589,44.07525,0
2026-04-08,15:21:57.829065,393760,9055,33.95625,9150,34.3125,19588,44.073,0
2026-04-08,15:21:57.829065,393791,9056,33.96,9155,34.33125,19588,44.073,0
2026-04-08,15:21:57.829065,393822,9046,33.9225,9156,34.335,19588,44.073,0
2026-04-08,15:21:57.829065,393854,9055,33.95625,9157,34.33875,19588,44.073,0
2026-04-08,15:21:57.829065,393885,9043,33.91125,9158,34.3425,19587,44.07075,0
2026-04-08,15:21:57.829065,393917,9048,33.93,9151,34.31625,19588,44.073,0
2026-04-08,15:21:57.829065,393948,9052,33.945,9157,34.33875,19588,44.073,0
2026-04-08,15:21:57.829065,393980,9049,33.93375,9152,34.32,19588,44.073,0
2026-04-08,15:21:57.829065,394011,9052,33.945,9154,34.3275,19587,44.07075,0
2026-04-08,15:21:57.829065,394042,9054,33.9525,9153,34.32375,19586,44.0685,0
2026-04-08,15:21:58.638663,394201,9047,33.92625,9145,34.29375,19586,44.0685,0
2026-04-08,15:21:58.638663,394334,9044,33.915,9152,34.32,19585,44.06625,0
2026-04-08,15:21:58.638663,394366,9056,33.96,9151,34.31625,19585,44.06625,0
2026-04-08,15:21:58.638663,394398,9045,33.91875,9148,34.305,19585,44.06625,0
2026-04-08,15:21:58.638663,394429,9051,33.94125,9151,34.31625,19583,44.06175,0
2026-04-08,15:21:58.638663,394461,9039,33.89625,9147,34.30125,19584,44.064,0
2026-04-08,15:21:58.638663,394492,9040,33.9,9145,34.29375,19583,44.06175,0
2026-04-08,15:21:58.638663,394523,9050,33.9375,9156,34.335,19583,44.06175,0
2026-04-08,15:21:58.638663,394555,9052,33.945,9148,34.305,19584,44.064,0
2026-04-08,15:21:58.638663,394586,9042,33.9075,9146,34.2975,19583,44.06175,0
2026-04-08,15:21:58.638663,394618,9047,33.92625,9146,34.2975,19584,44.064,0
2026-04-08,15:21:58.638663,394649,9045,33.91875,9149,34.30875,19583,44.06175,0
2026-04-08,15:21:58.638663,394681,9049,33.93375,9144,34.29,19584,44.064,0
2026-04-08,15:21:58.638663,394712,9041,33.90375,9150,34.3125,19584,44.064,0
2026-04-08,15:21:58.638663,394743,9047,33.92625,9150,34.3125,19584,44.064,0
2026-04-08,15:21:58.638663,394775,9042,33.9075,9145,34.29375,19582,44.0595,0
2026-04-08,15:21:58.638663,394806,9036,33.885,9148,34.305,19583,44.06175,0
2026-04-08,15:21:58.638663,394837,9043,33.91125,9145,34.29375,19583,44.06175,0
2026-04-08,15:21:58.638663,394869,9042,33.9075,9140,34.275,19583,44.06175,0
2026-04-08,15:21:58.638663,394900,9048,33.93,9147,34.30125,19582,44.0595,0
2026-04-08,15:21:59.557430,395099,9040,33.9,9137,34.26375,19580,44.055,0
2026-04-08,15:21:59.557430,395232,9037,33.88875,9143,34.28625,19580,44.055,0
2026-04-08,15:21:59.557430,395264,9042,33.9075,9144,34.29,19580,44.055,0
2026-04-08,15:21:59.557430,395295,9040,33.9,9146,34.2975,19579,44.05275,0
2026-04-08,15:21:59.557430,395327,9041,33.90375,9144,34.29,19580,44.055,0
2026-04-08,15:21:59.557430,395358,9040,33.9,9148,34.305,19579,44.05275,0
2026-04-08,15:21:59.557430,395390,9036,33.885,9144,34.29,19579,44.05275,0
2026-04-08,15:21:59.557430,395421,9031,33.86625,9146,34.2975,19581,44.05725,0
2026-04-08,15:21:59.557430,395452,9036,33.885,9146,34.2975,19578,44.0505,0
2026-04-08,15:21:59.557430,395484,9040,33.9,9140,34.275,19580,44.055,0
2026-04-08,15:21:59.557430,395515,9036,33.885,9137,34.26375,19578,44.0505,0
2026-04-08,15:21:59.557430,395546,9037,33.88875,9136,34.26,19579,44.05275,0
2026-04-08,15:21:59.557430,395578,9041,33.90375,9139,34.27125,19578,44.0505,0
2026-04-08,15:21:59.557430,395609,9039,33.89625,9140,34.275,19579,44.05275,0
2026-04-08,15:21:59.557430,395641,9034,33.8775,9143,34.28625,19578,44.0505,0
2026-04-08,15:21:59.557430,395672,9036,33.885,9148,34.305,19579,44.05275,0
2026-04-08,15:21:59.557430,395704,9039,33.89625,9135,34.25625,19577,44.04825,0
2026-04-08,15:21:59.557430,395735,9035,33.88125,9134,34.2525,19578,44.0505,0
2026-04-08,15:21:59.557430,395766,9035,33.88125,9134,34.2525,19577,44.04825,0
2026-04-08,15:21:59.557430,395798,9034,33.8775,9137,34.26375,19578,44.0505,0
2026-04-08,15:22:00.375381,395937,9034,33.8775,9131,34.24125,19577,44.04825,0
2026-04-08,15:22:00.375381,396070,9029,33.85875,9138,34.2675,19576,44.046,0
2026-04-08,15:22:00.375381,396103,9027,33.85125,9138,34.2675,19576,44.046,0
2026-04-08,15:22:00.375381,396134,9037,33.88875,9141,34.27875,19576,44.046,0
2026-04-08,15:22:00.375381,396165,9032,33.87,9137,34.26375,19576,44.046,0
2026-04-08,15:22:00.375381,396197,9029,33.85875,9135,34.25625,19576,44.046,0
2026-04-08,15:22:00.375381,396229,9032,33.87,9136,34.26,19576,44.046,0
2026-04-08,15:22:00.375381,396260,9027,33.85125,9143,34.28625,19575,44.04375,0
2026-04-08,15:22:00.375381,396291,9029,33.85875,9140,34.275,19575,44.04375,0
2026-04-08,15:22:00.375381,396323,9026,33.8475,9141,34.27875,19575,44.04375,0
2026-04-08,15:22:00.375381,396354,9031,33.86625,9136,34.26,19576,44.046,0
2026-04-08,15:22:00.375381,396385,9031,33.86625,9134,34.2525,19575,44.04375,0
2026-04-08,15:22:00.375381,396417,9030,33.8625,9137,34.26375,19574,44.0415,0
2026-04-08,15:22:00.375381,396448,9037,33.88875,9136,34.26,19574,44.0415,0
2026-04-08,15:22:00.375381,396480,9034,33.8775,9142,34.2825,19574,44.0415,0
2026-04-08,15:22:00.375381,396511,9028,33.855,9140,34.275,19575,44.04375,0
2026-04-08,15:22:00.375381,396543,9037,33.88875,9135,34.25625,19574,44.0415,0
2026-04-08,15:22:00.375381,396574,9035,33.88125,9134,34.2525,19574,44.0415,0
2026-04-08,15:22:00.375381,396606,9032,33.87,9131,34.24125,19573,44.03925,0
2026-04-08,15:22:00.375381,396637,9030,33.8625,9132,34.245,19573,44.03925,0
2026-04-08,15:22:01.513154,396840,9030,33.8625,9136,34.26,19572,44.037,0
2026-04-08,15:22:01.513154,396973,9027,33.85125,9136,34.26,19572,44.037,0
2026-04-08,15:22:01.513154,397004,9027,33.85125,9138,34.2675,19571,44.03475,0
2026-04-08,15:22:01.513154,397036,9024,33.84,9130,34.2375,19571,44.03475,0
2026-04-08,15:22:01.513154,397068,9022,33.8325,9130,34.2375,19570,44.0325,0
2026-04-08,15:22:01.513154,397099,9022,33.8325,9127,34.22625,19571,44.03475,0
2026-04-08,15:22:01.513154,397131,9028,33.855,9130,34.2375,19570,44.0325,0
2026-04-08,15:22:01.513154,397162,9027,33.85125,9122,34.2075,19571,44.03475,0
2026-04-08,15:22:01.513154,397193,9025,33.84375,9129,34.23375,19571,44.03475,0
2026-04-08,15:22:01.513154,397225,9022,33.8325,9135,34.25625,19571,44.03475,0
2026-04-08,15:22:01.513154,397256,9032,33.87,9135,34.25625,19570,44.0325,0
2026-04-08,15:22:01.513154,397288,9025,33.84375,9131,34.24125,19570,44.0325,0
2026-04-08,15:22:01.513154,397319,9018,33.8175,9144,34.29,19569,44.03025,0
2026-04-08,15:22:01.513154,397350,9020,33.825,9137,34.26375,19571,44.03475,0
2026-04-08,15:22:01.513154,397382,9021,33.82875,9127,34.22625,19569,44.03025,0
2026-04-08,15:22:01.513154,397413,9026,33.8475,9125,34.21875,19570,44.0325,0
2026-04-08,15:22:01.513154,397445,9025,33.84375,9136,34.26,19569,44.03025,0
2026-04-08,15:22:01.513154,397476,9022,33.8325,9122,34.2075,19570,44.0325,0
2026-04-08,15:22:01.513154,397507,9019,33.82125,9127,34.22625,19569,44.03025,0
2026-04-08,15:22:01.513154,397539,9018,33.8175,9129,34.23375,19568,44.028,0
2026-04-08,15:22:02.524510,397951,9018,33.8175,9131,34.24125,19567,44.02575,0
2026-04-08,15:22:02.524510,398084,9020,33.825,9124,34.215,19566,44.0235,0
2026-04-08,15:22:02.524510,398116,9023,33.83625,9131,34.24125,19565,44.02125,0
2026-04-08,15:22:02.524510,398147,9023,33.83625,9130,34.2375,19566,44.0235,0
2026-04-08,15:22:02.524510,398179,9017,33.81375,9127,34.22625,19566,44.0235,0
2026-04-08,15:22:02.524510,398210,9015,33.80625,9127,34.22625,19565,44.02125,0
2026-04-08,15:22:02.524510,398242,9022,33.8325,9128,34.23,19564,44.019,0
2026-04-08,15:22:02.524510,398273,9016,33.81,9125,34.21875,19565,44.02125,0
2026-04-08,15:22:02.524510,398304,9010,33.7875,9125,34.21875,19565,44.02125,0
2026-04-08,15:22:02.524510,398336,9020,33.825,9122,34.2075,19565,44.02125,0
2026-04-08,15:22:02.524510,398367,9021,33.82875,9122,34.2075,19563,44.01675,0
2026-04-08,15:22:02.524510,398399,9021,33.82875,9123,34.21125,19565,44.02125,0
2026-04-08,15:22:02.524510,398430,9021,33.82875,9120,34.2,19563,44.01675,0
2026-04-08,15:22:02.524510,398461,9009,33.78375,9116,34.185,19564,44.019,0
2026-04-08,15:22:02.524510,398493,9012,33.795,9122,34.2075,19561,44.01225,0
2026-04-08,15:22:02.524510,398524,9014,33.8025,9127,34.22625,19563,44.01675,0
2026-04-08,15:22:02.524510,398556,9015,33.80625,9122,34.2075,19564,44.019,0
2026-04-08,15:22:02.524510,398587,9012,33.795,9122,34.2075,19564,44.019,0
2026-04-08,15:22:02.524510,398618,9017,33.81375,9118,34.1925,19561,44.01225,0
2026-04-08,15:22:02.524510,398650,9011,33.79125,9123,34.21125,19563,44.01675,0
2026-04-08,15:22:03.351291,398897,9013,33.79875,9115,34.18125,19561,44.01225,0
2026-04-08,15:22:03.351291,399031,9014,33.8025,9114,34.1775,19560,44.01,0
2026-04-08,15:22:03.351291,399063,9014,33.8025,9113,34.17375,19561,44.01225,0
2026-04-08,15:22:03.351291,399094,9013,33.79875,9117,34.18875,19561,44.01225,0
2026-04-08,15:22:03.351291,399125,9011,33.79125,9121,34.20375,19560,44.01,0
2026-04-08,15:22:03.351291,399157,9013,33.79875,9118,34.1925,19560,44.01,0
2026-04-08,15:22:03.351291,399188,9007,33.77625,9117,34.18875,19560,44.01,0
2026-04-08,15:22:03.351291,399220,9013,33.79875,9112,34.17,19560,44.01,0
2026-04-08,15:22:03.351291,399251,9011,33.79125,9123,34.21125,19560,44.01,0
2026-04-08,15:22:03.351291,399283,9001,33.75375,9118,34.1925,19559,44.00775,0
2026-04-08,15:22:03.351291,399314,9006,33.7725,9113,34.17375,19558,44.0055,0
2026-04-08,15:22:03.351291,399345,9011,33.79125,9120,34.2,19558,44.0055,0
2026-04-08,15:22:03.351291,399377,9012,33.795,9113,34.17375,19559,44.00775,0
2026-04-08,15:22:03.351291,399408,9007,33.77625,9112,34.17,19559,44.00775,0
2026-04-08,15:22:03.351291,399439,9008,33.78,9114,34.1775,19559,44.00775,0
2026-04-08,15:22:03.351291,399471,9013,33.79875,9107,34.15125,19558,44.0055,0
2026-04-08,15:22:03.351291,399502,9008,33.78,9116,34.185,19558,44.0055,0
2026-04-08,15:22:03.351291,399534,9013,33.79875,9114,34.1775,19558,44.0055,0
2026-04-08,15:22:03.351291,399565,9008,33.78,9111,34.16625,19559,44.00775,0
2026-04-08,15:22:03.351291,399597,9001,33.75375,9108,34.155,19557,44.00325,0
2026-04-08,15:22:07.036977,399795,9008,33.78,9111,34.16625,19557,44.00325,0
2026-04-08,15:22:07.036977,399928,9001,33.75375,9111,34.16625,19556,44.001,0
2026-04-08,15:22:07.036977,399960,9003,33.76125,9107,34.15125,19556,44.001,0
2026-04-08,15:22:07.036977,399991,9007,33.77625,9110,34.1625,19555,43.99875,0
2026-04-08,15:22:07.036977,400023,9007,33.77625,9111,34.16625,19556,44.001,0
2026-04-08,15:22:07.036977,400054,9005,33.76875,9111,34.16625,19556,44.001,0
2026-04-08,15:22:07.036977,400086,9001,33.75375,9099,34.12125,19553,43.99425,0
2026-04-08,15:22:07.036977,400117,9003,33.76125,9117,34.18875,19555,43.99875,0
2026-04-08,15:22:07.036977,400148,8998,33.7425,9107,34.15125,19554,43.9965,0
2026-04-08,15:22:07.036977,400180,9000,33.75,9113,34.17375,19555,43.99875,0
2026-04-08,15:22:07.036977,400211,9004,33.765,9116,34.185,19555,43.99875,0
2026-04-08,15:22:07.036977,400243,9005,33.76875,9101,34.12875,19553,43.99425,0
2026-04-08,15:22:07.036977,400274,9006,33.7725,9106,34.1475,19554,43.9965,0
2026-04-08,15:22:07.036977,400306,9007,33.77625,9108,34.155,19555,43.99875,0
2026-04-08,15:22:07.036977,400337,9005,33.76875,9108,34.155,19553,43.99425,0
2026-04-08,15:22:07.036977,400368,9007,33.77625,9103,34.13625,19554,43.9965,0
2026-04-08,15:22:07.036977,400400,9006,33.7725,9103,34.13625,19554,43.9965,0
2026-04-08,15:22:07.036977,400431,9011,33.79125,9106,34.1475,19553,43.99425,0
2026-04-08,15:22:07.036977,400462,9006,33.7725,9104,34.14,19554,43.9965,0
2026-04-08,15:22:07.036977,400494,9005,33.76875,9107,34.15125,19553,43.99425,0
2026-04-08,15:22:07.854171,403414,8990,33.7125,9080,34.05,19536,43.956,0
2026-04-08,15:22:07.854171,403546,8978,33.6675,9083,34.06125,19536,43.956,0
2026-04-08,15:22:07.854171,403579,8982,33.6825,9084,34.065,19537,43.95825,0
2026-04-08,15:22:07.854171,403610,8984,33.69,9084,34.065,19536,43.956,0
2026-04-08,15:22:07.854171,403641,8976,33.66,9086,34.0725,19536,43.956,0
2026-04-08,15:22:07.854171,403673,8981,33.67875,9081,34.05375,19536,43.956,0
2026-04-08,15:22:07.854171,403704,8975,33.65625,9075,34.03125,19535,43.95375,0
2026-04-08,15:22:07.854171,403736,8978,33.6675,9086,34.0725,19536,43.956,0
2026-04-08,15:22:07.854171,403767,8982,33.6825,9089,34.08375,19536,43.956,0
2026-04-08,15:22:07.854171,403799,8985,33.69375,9086,34.0725,19534,43.9515,0
2026-04-08,15:22:07.854171,403830,8975,33.65625,9096,34.11,19535,43.95375,0
2026-04-08,15:22:07.854171,403861,8971,33.64125,9091,34.09125,19535,43.95375,0
2026-04-08,15:22:07.854171,403893,8984,33.69,9087,34.07625,19534,43.9515,0
2026-04-08,15:22:07.854171,403924,8980,33.675,9081,34.05375,19535,43.95375,0
2026-04-08,15:22:07.854171,403955,8981,33.67875,9088,34.08,19534,43.9515,0
2026-04-08,15:22:07.854171,403987,8977,33.66375,9079,34.04625,19534,43.9515,0
2026-04-08,15:22:07.854171,404019,8974,33.6525,9075,34.03125,19535,43.95375,0
2026-04-08,15:22:07.854171,404050,8973,33.64875,9087,34.07625,19533,43.94925,0
2026-04-08,15:22:07.854171,404082,8974,33.6525,9084,34.065,19534,43.9515,0
2026-04-08,15:22:07.854171,404113,8975,33.65625,9082,34.0575,19535,43.95375,0
2026-04-08,15:22:08.779139,404236,8972,33.645,9077,34.03875,19532,43.947,0
2026-04-08,15:22:08.779139,404369,8974,33.6525,9074,34.0275,19532,43.947,0
2026-04-08,15:22:08.779139,404402,8982,33.6825,9078,34.0425,19532,43.947,0
2026-04-08,15:22:08.779139,404433,8980,33.675,9077,34.03875,19532,43.947,0
2026-04-08,15:22:08.779139,404465,8977,33.66375,9075,34.03125,19531,43.94475,0
2026-04-08,15:22:08.779139,404496,8979,33.67125,9082,34.0575,19532,43.947,0
2026-04-08,15:22:08.779139,404528,8977,33.66375,9077,34.03875,19531,43.94475,0
2026-04-08,15:22:08.779139,404559,8975,33.65625,9077,34.03875,19530,43.9425,0
2026-04-08,15:22:08.779139,404590,8979,33.67125,9080,34.05,19531,43.94475,0
2026-04-08,15:22:08.779139,404622,8970,33.6375,9078,34.0425,19531,43.94475,0
2026-04-08,15:22:08.779139,404653,8965,33.61875,9080,34.05,19531,43.94475,0
2026-04-08,15:22:08.779139,404685,8974,33.6525,9071,34.01625,19531,43.94475,0
2026-04-08,15:22:08.779139,404716,8970,33.6375,9076,34.035,19531,43.94475,0
2026-04-08,15:22:08.779139,404748,8972,33.645,9068,34.005,19531,43.94475,0
2026-04-08,15:22:08.779139,404779,8975,33.65625,9074,34.0275,19531,43.94475,0
2026-04-08,15:22:08.779139,404811,8974,33.6525,9077,34.03875,19530,43.9425,0
2026-04-08,15:22:08.779139,404842,8976,33.66,9082,34.0575,19531,43.94475,0
2026-04-08,15:22:08.779139,404873,8978,33.6675,9074,34.0275,19530,43.9425,0
2026-04-08,15:22:08.779139,404905,8975,33.65625,9069,34.00875,19530,43.9425,0
2026-04-08,15:22:08.779139,404936,8977,33.66375,9077,34.03875,19530,43.9425,0
2026-04-08,15:22:09.609755,405180,8972,33.645,9063,33.98625,19527,43.93575,0
2026-04-08,15:22:09.609755,405315,8969,33.63375,9071,34.01625,19528,43.938,0
2026-04-08,15:22:09.609755,405346,8963,33.61125,9075,34.03125,19526,43.9335,0
2026-04-08,15:22:09.609755,405377,8962,33.6075,9075,34.03125,19527,43.93575,0
2026-04-08,15:22:09.609755,405408,8963,33.61125,9074,34.0275,19526,43.9335,0
2026-04-08,15:22:09.609755,405440,8966,33.6225,9073,34.02375,19525,43.93125,0
2026-04-08,15:22:09.609755,405472,8972,33.645,9074,34.0275,19526,43.9335,0
2026-04-08,15:22:09.609755,405503,8970,33.6375,9072,34.02,19526,43.9335,0
2026-04-08,15:22:09.609755,405535,8971,33.64125,9070,34.0125,19526,43.9335,0
2026-04-08,15:22:09.609755,405566,8969,33.63375,9067,34.00125,19527,43.93575,0
2026-04-08,15:22:09.609755,405597,8970,33.6375,9067,34.00125,19526,43.9335,0
2026-04-08,15:22:09.609755,405629,8966,33.6225,9071,34.01625,19526,43.9335,0
2026-04-08,15:22:09.609755,405660,8972,33.645,9070,34.0125,19525,43.93125,0
2026-04-08,15:22:09.609755,405691,8962,33.6075,9070,34.0125,19524,43.929,0
2026-04-08,15:22:09.609755,405723,8968,33.63,9067,34.00125,19525,43.93125,0
2026-04-08,15:22:09.609755,405754,8968,33.63,9074,34.0275,19525,43.93125,0
2026-04-08,15:22:09.609755,405786,8966,33.6225,9074,34.0275,19525,43.93125,0
2026-04-08,15:22:09.609755,405817,8967,33.62625,9078,34.0425,19524,43.929,0
2026-04-08,15:22:09.609755,405849,8967,33.62625,9064,33.99,19524,43.929,0
2026-04-08,15:22:09.609755,405880,8966,33.6225,9075,34.03125,19525,43.93125,0
2026-04-08,15:22:12.661601,406041,8968,33.63,9061,33.97875,19525,43.93125,0
2026-04-08,15:22:12.661601,406175,8959,33.59625,9066,33.9975,19523,43.92675,0
2026-04-08,15:22:12.661601,406206,8968,33.63,9068,34.005,19523,43.92675,0
2026-04-08,15:22:12.661601,406238,8966,33.6225,9062,33.9825,19523,43.92675,0
2026-04-08,15:22:12.661601,406270,8962,33.6075,9071,34.01625,19522,43.9245,0
2026-04-08,15:22:12.661601,406301,8954,33.5775,9070,34.0125,19523,43.92675,0
2026-04-08,15:22:12.661601,406332,8968,33.63,9063,33.98625,19522,43.9245,0
2026-04-08,15:22:12.661601,406364,8960,33.6,9061,33.97875,19522,43.9245,0
2026-04-08,15:22:12.661601,406395,8952,33.57,9057,33.96375,19521,43.92225,0
2026-04-08,15:22:12.661601,406426,8954,33.5775,9061,33.97875,19521,43.92225,0
2026-04-08,15:22:12.661601,406458,8960,33.6,9066,33.9975,19522,43.9245,0
2026-04-08,15:22:12.661601,406490,8954,33.5775,9068,34.005,19520,43.92,0
2026-04-08,15:22:12.661601,406521,8955,33.58125,9061,33.97875,19521,43.92225,0
2026-04-08,15:22:12.661601,406553,8957,33.58875,9066,33.9975,19521,43.92225,0
2026-04-08,15:22:12.661601,406584,8954,33.5775,9060,33.975,19519,43.91775,0
2026-04-08,15:22:12.661601,406615,8958,33.5925,9060,33.975,19521,43.92225,0
2026-04-08,15:22:12.661601,406647,8960,33.6,9064,33.99,19521,43.92225,0
2026-04-08,15:22:12.661601,406678,8956,33.585,9062,33.9825,19518,43.9155,0
2026-04-08,15:22:12.661601,406709,8956,33.585,9057,33.96375,19521,43.92225,0
2026-04-08,15:22:12.661601,406741,8955,33.58125,9064,33.99,19520,43.92,0
2026-04-08,15:22:12.661601,408132,8956,33.585,9054,33.9525,19512,43.902,0
2026-04-08,15:22:12.661601,408265,8948,33.555,9050,33.9375,19511,43.89975,0
2026-04-08,15:22:12.661601,408297,8947,33.55125,9058,33.9675,19511,43.89975,0
2026-04-08,15:22:12.661601,408329,8946,33.5475,9050,33.9375,19511,43.89975,0
2026-04-08,15:22:12.661601,408360,8952,33.57,9056,33.96,19511,43.89975,0
2026-04-08,15:22:12.661601,408392,8951,33.56625,9045,33.91875,19510,43.8975,0
2026-04-08,15:22:12.661601,408423,8938,33.5175,9055,33.95625,19510,43.8975,0
2026-04-08,15:22:12.661601,408454,8951,33.56625,9053,33.94875,19510,43.8975,0
2026-04-08,15:22:12.661601,408486,8947,33.55125,9053,33.94875,19509,43.89525,0
2026-04-08,15:22:12.661601,408517,8945,33.54375,9059,33.97125,19508,43.893,0
2026-04-08,15:22:12.661601,408548,8942,33.5325,9060,33.975,19509,43.89525,0
2026-04-08,15:22:12.661601,408580,8953,33.57375,9055,33.95625,19509,43.89525,0
2026-04-08,15:22:12.661601,408611,8950,33.5625,9046,33.9225,19510,43.8975,0
2026-04-08,15:22:12.661601,408643,8944,33.54,9056,33.96,19509,43.89525,0
2026-04-08,15:22:12.661601,408674,8949,33.55875,9045,33.91875,19508,43.893,0
2026-04-08,15:22:12.661601,408706,8949,33.55875,9057,33.96375,19509,43.89525,0
2026-04-08,15:22:12.661601,408737,8941,33.52875,9045,33.91875,19508,43.893,0
2026-04-08,15:22:12.661601,408768,8940,33.525,9050,33.9375,19509,43.89525,0
2026-04-08,15:22:12.661601,408800,8940,33.525,9049,33.93375,19507,43.89075,0
2026-04-08,15:22:12.661601,408832,8948,33.555,9052,33.945,19507,43.89075,0
2026-04-08,15:22:13.584150,409034,8933,33.49875,9049,33.93375,19505,43.88625,0
2026-04-08,15:22:13.584150,409168,8948,33.555,9053,33.94875,19506,43.8885,0
2026-04-08,15:22:13.584150,409200,8946,33.5475,9054,33.9525,19507,43.89075,0
2026-04-08,15:22:13.584150,409232,8936,33.51,9049,33.93375,19504,43.884,0
2026-04-08,15:22:13.584150,409263,8939,33.52125,9042,33.9075,19506,43.8885,0
2026-04-08,15:22:13.584150,409294,8941,33.52875,9037,33.88875,19506,43.8885,0
2026-04-08,15:22:13.584150,409326,8938,33.5175,9037,33.88875,19505,43.88625,0
2026-04-08,15:22:13.584150,409357,8937,33.51375,9042,33.9075,19506,43.8885,0
2026-04-08,15:22:13.584150,409389,8929,33.48375,9041,33.90375,19506,43.8885,0
2026-04-08,15:22:13.584150,409420,8940,33.525,9046,33.9225,19505,43.88625,0
2026-04-08,15:22:13.584150,409452,8942,33.5325,9048,33.93,19506,43.8885,0
2026-04-08,15:22:13.584150,409483,8941,33.52875,9048,33.93,19504,43.884,0
2026-04-08,15:22:13.584150,409515,8938,33.5175,9040,33.9,19504,43.884,0
2026-04-08,15:22:13.584150,409546,8950,33.5625,9042,33.9075,19504,43.884,0
2026-04-08,15:22:13.584150,409577,8940,33.525,9041,33.90375,19504,43.884,0
2026-04-08,15:22:13.584150,409609,8938,33.5175,9042,33.9075,19505,43.88625,0
2026-04-08,15:22:13.584150,409640,8941,33.52875,9041,33.90375,19504,43.884,0
2026-04-08,15:22:13.584150,409672,8938,33.5175,9036,33.885,19503,43.88175,0
2026-04-08,15:22:13.584150,409703,8935,33.50625,9038,33.8925,19503,43.88175,0
2026-04-08,15:22:13.584150,409734,8945,33.54375,9046,33.9225,19502,43.8795,0
2026-04-08,15:22:14.608243,409954,8934,33.5025,9036,33.885,19503,43.88175,0
2026-04-08,15:22:14.608243,410087,8941,33.52875,9043,33.91125,19501,43.87725,0
2026-04-08,15:22:14.608243,410119,8937,33.51375,9038,33.8925,19501,43.87725,0
2026-04-08,15:22:14.608243,410151,8935,33.50625,9032,33.87,19502,43.8795,0
2026-04-08,15:22:14.608243,410183,8928,33.48,9038,33.8925,19500,43.875,0
2026-04-08,15:22:14.608243,410214,8936,33.51,9044,33.915,19500,43.875,0
2026-04-08,15:22:14.608243,410246,8936,33.51,9037,33.88875,19501,43.87725,0
2026-04-08,15:22:14.608243,410277,8935,33.50625,9040,33.9,19501,43.87725,0
2026-04-08,15:22:14.608243,410308,8934,33.5025,9042,33.9075,19501,43.87725,0
2026-04-08,15:22:14.608243,410340,8937,33.51375,9044,33.915,19500,43.875,0
2026-04-08,15:22:14.608243,410372,8930,33.4875,9041,33.90375,19500,43.875,0
2026-04-08,15:22:14.608243,410404,8935,33.50625,9033,33.87375,19500,43.875,0
2026-04-08,15:22:14.608243,410436,8935,33.50625,9046,33.9225,19500,43.875,0
2026-04-08,15:22:14.608243,410467,8933,33.49875,9039,33.89625,19500,43.875,0
2026-04-08,15:22:14.608243,410500,8933,33.49875,9039,33.89625,19500,43.875,0
2026-04-08,15:22:14.608243,410532,8933,33.49875,9032,33.87,19499,43.87275,0
2026-04-08,15:22:14.608243,410564,8933,33.49875,9033,33.87375,19499,43.87275,0
2026-04-08,15:22:14.608243,410595,8926,33.4725,9040,33.9,19498,43.8705,0
2026-04-08,15:22:14.608243,410627,8938,33.5175,9034,33.8775,19498,43.8705,0
2026-04-08,15:22:14.608243,410661,8938,33.5175,9042,33.9075,19497,43.86825,0
2026-04-08,15:22:15.442006,411017,8932,33.495,9031,33.86625,19496,43.866,0
2026-04-08,15:22:15.442006,411151,8929,33.48375,9038,33.8925,19496,43.866,0
2026-04-08,15:22:15.442006,411182,8928,33.48,9041,33.90375,19495,43.86375,0
2026-04-08,15:22:15.442006,411214,8928,33.48,9033,33.87375,19495,43.86375,0
2026-04-08,15:22:15.442006,411245,8920,33.45,9030,33.8625,19496,43.866,0
2026-04-08,15:22:15.442006,411277,8927,33.47625,9032,33.87,19496,43.866,0
2026-04-08,15:22:15.442006,411308,8927,33.47625,9030,33.8625,19496,43.866,0
2026-04-08,15:22:15.442006,411339,8923,33.46125,9028,33.855,19495,43.86375,0
2026-04-08,15:22:15.442006,411371,8922,33.4575,9026,33.8475,19494,43.8615,0
2026-04-08,15:22:15.442006,411402,8923,33.46125,9028,33.855,19493,43.85925,0
2026-04-08,15:22:15.442006,411434,8926,33.4725,9033,33.87375,19495,43.86375,0
2026-04-08,15:22:15.442006,411465,8918,33.4425,9025,33.84375,19496,43.866,0
2026-04-08,15:22:15.442006,411497,8929,33.48375,9037,33.88875,19494,43.8615,0
2026-04-08,15:22:15.442006,411528,8921,33.45375,9032,33.87,19494,43.8615,0
2026-04-08,15:22:15.442006,411560,8923,33.46125,9038,33.8925,19494,43.8615,0
2026-04-08,15:22:15.442006,411591,8925,33.46875,9024,33.84,19492,43.857,0
2026-04-08,15:22:15.442006,411622,8924,33.465,9037,33.88875,19495,43.86375,0
2026-04-08,15:22:15.442006,411654,8929,33.48375,9029,33.85875,19493,43.85925,0
2026-04-08,15:22:15.442006,411685,8925,33.46875,9022,33.8325,19492,43.857,0
2026-04-08,15:22:15.442006,411717,8932,33.495,9018,33.8175,19492,43.857,0
2026-04-08,15:22:16.439290,411887,8929,33.48375,9026,33.8475,19493,43.85925,0
2026-04-08,15:22:16.439290,412020,8919,33.44625,9020,33.825,19492,43.857,0
2026-04-08,15:22:16.439290,412051,8920,33.45,9023,33.83625,19491,43.85475,0
2026-04-08,15:22:16.439290,412083,8924,33.465,9027,33.85125,19490,43.8525,0
2026-04-08,15:22:16.439290,412115,8916,33.435,9026,33.8475,19490,43.8525,0
2026-04-08,15:22:16.439290,412146,8917,33.43875,9029,33.85875,19491,43.85475,0
2026-04-08,15:22:16.439290,412178,8915,33.43125,9026,33.8475,19489,43.85025,0
2026-04-08,15:22:16.439290,412209,8923,33.46125,9029,33.85875,19491,43.85475,0
2026-04-08,15:22:16.439290,412240,8920,33.45,9032,33.87,19491,43.85475,0
2026-04-08,15:22:16.439290,412272,8920,33.45,9025,33.84375,19490,43.8525,0
2026-04-08,15:22:16.439290,412303,8925,33.46875,9025,33.84375,19489,43.85025,0
2026-04-08,15:22:16.439290,412334,8918,33.4425,9027,33.85125,19490,43.8525,0
2026-04-08,15:22:16.439290,412366,8925,33.46875,9027,33.85125,19489,43.85025,0
2026-04-08,15:22:16.439290,412397,8922,33.4575,9030,33.8625,19489,43.85025,0
2026-04-08,15:22:16.439290,412429,8919,33.44625,9031,33.86625,19490,43.8525,0
2026-04-08,15:22:16.439290,412460,8916,33.435,9025,33.84375,19489,43.85025,0
2026-04-08,15:22:16.439290,412492,8923,33.46125,9021,33.82875,19489,43.85025,0
2026-04-08,15:22:16.439290,412523,8923,33.46125,9026,33.8475,19488,43.848,0
2026-04-08,15:22:16.439290,412554,8918,33.4425,9027,33.85125,19489,43.85025,0
2026-04-08,15:22:16.439290,412586,8921,33.45375,9027,33.85125,19488,43.848,0
2026-04-08,15:22:17.304822,412809,8918,33.4425,9024,33.84,19486,43.8435,0
2026-04-08,15:22:17.304822,412942,8922,33.4575,9024,33.84,19486,43.8435,0
2026-04-08,15:22:17.304822,412974,8916,33.435,9019,33.82125,19486,43.8435,0
2026-04-08,15:22:17.304822,413006,8920,33.45,9023,33.83625,19486,43.8435,0
2026-04-08,15:22:17.304822,413037,8915,33.43125,9021,33.82875,19485,43.84125,0
2026-04-08,15:22:17.304822,413068,8916,33.435,9018,33.8175,19486,43.8435,0
2026-04-08,15:22:17.304822,413100,8917,33.43875,9017,33.81375,19485,43.84125,0
2026-04-08,15:22:17.304822,413131,8917,33.43875,9012,33.795,19485,43.84125,0
2026-04-08,15:22:17.304822,413163,8921,33.45375,9014,33.8025,19485,43.84125,0
2026-04-08,15:22:17.304822,413194,8916,33.435,9023,33.83625,19485,43.84125,0
2026-04-08,15:22:17.304822,413226,8919,33.44625,9016,33.81,19485,43.84125,0
2026-04-08,15:22:17.304822,413257,8914,33.4275,9022,33.8325,19486,43.8435,0
2026-04-08,15:22:17.304822,413288,8921,33.45375,9019,33.82125,19484,43.839,0
2026-04-08,15:22:17.304822,413320,8923,33.46125,9020,33.825,19485,43.84125,0
2026-04-08,15:22:17.304822,413351,8916,33.435,9014,33.8025,19484,43.839,0
2026-04-08,15:22:17.304822,413382,8908,33.405,9019,33.82125,19483,43.83675,0
2026-04-08,15:22:17.304822,413414,8910,33.4125,9014,33.8025,19483,43.83675,0
2026-04-08,15:22:17.304822,413445,8914,33.4275,9020,33.825,19484,43.839,0
2026-04-08,15:22:17.304822,413477,8909,33.40875,9019,33.82125,19483,43.83675,0
2026-04-08,15:22:17.304822,413508,8907,33.40125,9017,33.81375,19483,43.83675,0
2026-04-08,15:22:18.196775,413736,8905,33.39375,9012,33.795,19482,43.8345,0
2026-04-08,15:22:18.196775,413870,8915,33.43125,9014,33.8025,19481,43.83225,0
2026-04-08,15:22:18.196775,413901,8915,33.43125,9009,33.78375,19481,43.83225,0
2026-04-08,15:22:18.196775,413933,8910,33.4125,9023,33.83625,19482,43.8345,0
2026-04-08,15:22:18.196775,413964,8910,33.4125,9013,33.79875,19481,43.83225,0
2026-04-08,15:22:18.196775,413995,8919,33.44625,9022,33.8325,19482,43.8345,0
2026-04-08,15:22:18.196775,414027,8912,33.42,9021,33.82875,19481,43.83225,0
2026-04-08,15:22:18.196775,414058,8914,33.4275,9018,33.8175,19480,43.83,0
2026-04-08,15:22:18.196775,414090,8912,33.42,9011,33.79125,19480,43.83,0
2026-04-08,15:22:18.196775,414122,8910,33.4125,9010,33.7875,19479,43.82775,0
2026-04-08,15:22:18.196775,414153,8912,33.42,9003,33.76125,19479,43.82775,0
2026-04-08,15:22:18.196775,414184,8913,33.42375,9017,33.81375,19480,43.83,0
2026-04-08,15:22:18.196775,414215,8915,33.43125,9017,33.81375,19480,43.83,0
2026-04-08,15:22:18.196775,414247,8910,33.4125,9009,33.78375,19479,43.82775,0
2026-04-08,15:22:18.196775,414278,8904,33.39,9015,33.80625,19480,43.83,0
2026-04-08,15:22:18.196775,414310,8910,33.4125,9008,33.78,19478,43.8255,0
2026-04-08,15:22:18.196775,414341,8910,33.4125,9007,33.77625,19478,43.8255,0
2026-04-08,15:22:18.196775,414373,8915,33.43125,9012,33.795,19478,43.8255,0
2026-04-08,15:22:18.196775,414404,8915,33.43125,9008,33.78,19478,43.8255,0
2026-04-08,15:22:18.196775,414436,8912,33.42,9008,33.78,19478,43.8255,0
2026-04-08,15:22:19.042912,414569,8910,33.4125,9006,33.7725,19479,43.82775,0
2026-04-08,15:22:19.042912,414701,8906,33.3975,9014,33.8025,19477,43.82325,0
2026-04-08,15:22:19.042912,414734,8903,33.38625,9001,33.75375,19476,43.821,0
2026-04-08,15:22:19.042912,414765,8902,33.3825,9008,33.78,19476,43.821,0
2026-04-08,15:22:19.042912,414796,8900,33.375,9000,33.75,19477,43.82325,0
2026-04-08,15:22:19.042912,414827,8899,33.37125,9004,33.765,19475,43.81875,0
2026-04-08,15:22:19.042912,414859,8904,33.39,9009,33.78375,19475,43.81875,0
2026-04-08,15:22:19.042912,414891,8903,33.38625,9009,33.78375,19475,43.81875,0
2026-04-08,15:22:19.042912,414922,8899,33.37125,9010,33.7875,19474,43.8165,0
2026-04-08,15:22:19.042912,414954,8899,33.37125,9006,33.7725,19476,43.821,0
2026-04-08,15:22:19.042912,414985,8900,33.375,9012,33.795,19475,43.81875,0
2026-04-08,15:22:19.042912,415016,8898,33.3675,9009,33.78375,19474,43.8165,0
2026-04-08,15:22:19.042912,415048,8904,33.39,9012,33.795,19474,43.8165,0
2026-04-08,15:22:19.042912,415079,8908,33.405,9005,33.76875,19475,43.81875,0
2026-04-08,15:22:19.042912,415111,8905,33.39375,8999,33.74625,19475,43.81875,0
2026-04-08,15:22:19.042912,415142,8905,33.39375,9004,33.765,19473,43.81425,0
2026-04-08,15:22:19.042912,415174,8901,33.37875,9000,33.75,19474,43.8165,0
2026-04-08,15:22:19.042912,415205,8894,33.3525,9009,33.78375,19472,43.812,0
2026-04-08,15:22:19.042912,415236,8901,33.37875,9008,33.78,19474,43.8165,0
2026-04-08,15:22:19.042912,415268,8897,33.36375,9004,33.765,19473,43.81425,0
2026-04-08,15:22:19.904443,415421,8905,33.39375,9007,33.77625,19473,43.81425,0
2026-04-08,15:22:19.904443,415554,8899,33.37125,9006,33.7725,19472,43.812,0
2026-04-08,15:22:19.904443,415586,8901,33.37875,9005,33.76875,19473,43.81425,0
2026-04-08,15:22:19.904443,415617,8900,33.375,9004,33.765,19471,43.80975,0
2026-04-08,15:22:19.904443,415649,8901,33.37875,9004,33.765,19471,43.80975,0
2026-04-08,15:22:19.904443,415681,8901,33.37875,9009,33.78375,19472,43.812,0
2026-04-08,15:22:19.904443,415712,8902,33.3825,9006,33.7725,19471,43.80975,0
2026-04-08,15:22:19.904443,415743,8897,33.36375,9000,33.75,19470,43.8075,0
2026-04-08,15:22:19.904443,415775,8893,33.34875,8999,33.74625,19470,43.8075,0
2026-04-08,15:22:19.904443,415806,8901,33.37875,8993,33.72375,19470,43.8075,0
2026-04-08,15:22:19.904443,415837,8901,33.37875,9001,33.75375,19471,43.80975,0
2026-04-08,15:22:19.904443,415869,8898,33.3675,9005,33.76875,19470,43.8075,0
2026-04-08,15:22:19.904443,415901,8893,33.34875,8996,33.735,19469,43.80525,0
2026-04-08,15:22:19.904443,415932,8892,33.345,9000,33.75,19469,43.80525,0
2026-04-08,15:22:19.904443,415963,8895,33.35625,8999,33.74625,19470,43.8075,0
2026-04-08,15:22:19.904443,415995,8898,33.3675,9002,33.7575,19470,43.8075,0
2026-04-08,15:22:19.904443,416026,8895,33.35625,8993,33.72375,19469,43.80525,0
2026-04-08,15:22:19.904443,416057,8894,33.3525,9000,33.75,19470,43.8075,0
2026-04-08,15:22:19.904443,416089,8892,33.345,9000,33.75,19469,43.80525,0
2026-04-08,15:22:19.904443,416120,8890,33.3375,9000,33.75,19469,43.80525,0
2026-04-08,15:22:20.855781,416300,8889,33.33375,8995,33.73125,19468,43.803,0
2026-04-08,15:22:20.855781,416434,8896,33.36,8996,33.735,19466,43.7985,0
2026-04-08,15:22:20.855781,416465,8898,33.3675,8995,33.73125,19467,43.80075,0
2026-04-08,15:22:20.855781,416497,8896,33.36,8994,33.7275,19466,43.7985,0
2026-04-08,15:22:20.855781,416529,8895,33.35625,8990,33.7125,19467,43.80075,0
2026-04-08,15:22:20.855781,416560,8895,33.35625,8996,33.735,19466,43.7985,0
2026-04-08,15:22:20.855781,416592,8895,33.35625,8995,33.73125,19465,43.79625,0
2026-04-08,15:22:20.855781,416623,8897,33.36375,8998,33.7425,19465,43.79625,0
2026-04-08,15:22:20.855781,416654,8899,33.37125,8999,33.74625,19466,43.7985,0
2026-04-08,15:22:20.855781,416686,8898,33.3675,8991,33.71625,19465,43.79625,0
2026-04-08,15:22:20.855781,416717,8892,33.345,9002,33.7575,19465,43.79625,0
2026-04-08,15:22:20.855781,416748,8893,33.34875,9000,33.75,19466,43.7985,0
2026-04-08,15:22:20.855781,416780,8889,33.33375,9002,33.7575,19465,43.79625,0
2026-04-08,15:22:20.855781,416812,8893,33.34875,8992,33.72,19465,43.79625,0
2026-04-08,15:22:20.855781,416843,8891,33.34125,9000,33.75,19465,43.79625,0
2026-04-08,15:22:20.855781,416874,8895,33.35625,8988,33.705,19464,43.794,0
2026-04-08,15:22:20.855781,416906,8890,33.3375,9004,33.765,19465,43.79625,0
2026-04-08,15:22:20.855781,416937,8889,33.33375,9000,33.75,19463,43.79175,0
2026-04-08,15:22:20.855781,416968,8893,33.34875,8989,33.70875,19465,43.79625,0
2026-04-08,15:22:20.855781,417000,8890,33.3375,8995,33.73125,19464,43.794,0
2026-04-08,15:22:23.726304,417229,8877,33.28875,8989,33.70875,19464,43.794,0
2026-04-08,15:22:23.726304,417362,8893,33.34875,8993,33.72375,19461,43.78725,0
2026-04-08,15:22:23.726304,417395,8879,33.29625,8982,33.6825,19462,43.7895,0
2026-04-08,15:22:23.726304,417426,8885,33.31875,8989,33.70875,19462,43.7895,0
2026-04-08,15:22:23.726304,417457,8889,33.33375,8986,33.6975,19462,43.7895,0
2026-04-08,15:22:23.726304,417488,8889,33.33375,8988,33.705,19461,43.78725,0
2026-04-08,15:22:23.726304,417520,8881,33.30375,8987,33.70125,19461,43.78725,0
2026-04-08,15:22:23.726304,417552,8889,33.33375,8990,33.7125,19460,43.785,0
2026-04-08,15:22:23.726304,417583,8886,33.3225,8996,33.735,19462,43.7895,0
2026-04-08,15:22:23.726304,417615,8895,33.35625,8991,33.71625,19462,43.7895,0
2026-04-08,15:22:23.726304,417646,8885,33.31875,8994,33.7275,19461,43.78725,0
2026-04-08,15:22:23.726304,417677,8890,33.3375,8993,33.72375,19460,43.785,0
2026-04-08,15:22:23.726304,417709,8889,33.33375,8992,33.72,19461,43.78725,0
2026-04-08,15:22:23.726304,417740,8882,33.3075,8984,33.69,19460,43.785,0
2026-04-08,15:22:23.726304,417772,8894,33.3525,8989,33.70875,19459,43.78275,0
2026-04-08,15:22:23.726304,417803,8885,33.31875,8982,33.6825,19460,43.785,0
2026-04-08,15:22:23.726304,417835,8884,33.315,8983,33.68625,19458,43.7805,0
2026-04-08,15:22:23.726304,417866,8878,33.2925,8989,33.70875,19459,43.78275,0
2026-04-08,15:22:23.726304,417897,8876,33.285,8989,33.70875,19460,43.785,0
2026-04-08,15:22:23.726304,417929,8890,33.3375,8993,33.72375,19458,43.7805,0
2026-04-08,15:22:24.638367,420095,8873,33.27375,8969,33.63375,19447,43.75575,0
2026-04-08,15:22:24.638367,420228,8870,33.2625,8974,33.6525,19446,43.7535,0
2026-04-08,15:22:24.638367,420261,8868,33.255,8972,33.645,19445,43.75125,0
2026-04-08,15:22:24.638367,420292,8866,33.2475,8978,33.6675,19446,43.7535,0
2026-04-08,15:22:24.638367,420323,8867,33.25125,8976,33.66,19446,43.7535,0
2026-04-08,15:22:24.638367,420354,8875,33.28125,8979,33.67125,19444,43.749,0
2026-04-08,15:22:24.638367,420386,8873,33.27375,8976,33.66,19445,43.75125,0
2026-04-08,15:22:24.638367,420418,8872,33.27,8974,33.6525,19445,43.75125,0
2026-04-08,15:22:24.638367,420449,8876,33.285,8968,33.63,19446,43.7535,0
2026-04-08,15:22:24.638367,420481,8881,33.30375,8982,33.6825,19444,43.749,0
2026-04-08,15:22:24.638367,420512,8872,33.27,8975,33.65625,19444,43.749,0
2026-04-08,15:22:24.638367,420543,8869,33.25875,8970,33.6375,19444,43.749,0
2026-04-08,15:22:24.638367,420575,8874,33.2775,8979,33.67125,19445,43.75125,0
2026-04-08,15:22:24.638367,420606,8864,33.24,8975,33.65625,19444,43.749,0
2026-04-08,15:22:24.638367,420637,8865,33.24375,8967,33.62625,19443,43.74675,0
2026-04-08,15:22:24.638367,420669,8869,33.25875,8972,33.645,19444,43.749,0
2026-04-08,15:22:24.638367,420701,8869,33.25875,8969,33.63375,19443,43.74675,0
2026-04-08,15:22:24.638367,420732,8861,33.22875,8963,33.61125,19442,43.7445,0
2026-04-08,15:22:24.638367,420763,8862,33.2325,8970,33.6375,19443,43.74675,0
2026-04-08,15:22:24.638367,420795,8862,33.2325,8965,33.61875,19443,43.74675,0
2026-04-08,15:22:25.470454,421038,8869,33.25875,8963,33.61125,19440,43.74,0
2026-04-08,15:22:25.470454,421171,8869,33.25875,8971,33.64125,19442,43.7445,0
2026-04-08,15:22:25.470454,421204,8859,33.22125,8968,33.63,19440,43.74,0
2026-04-08,15:22:25.470454,421235,8858,33.2175,8963,33.61125,19440,43.74,0
2026-04-08,15:22:25.470454,421266,8858,33.2175,8958,33.5925,19439,43.73775,0
2026-04-08,15:22:25.470454,421298,8866,33.2475,8959,33.59625,19440,43.74,0
2026-04-08,15:22:25.470454,421329,8868,33.255,8970,33.6375,19439,43.73775,0
2026-04-08,15:22:25.470454,421360,8859,33.22125,8972,33.645,19439,43.73775,0
2026-04-08,15:22:25.470454,421392,8862,33.2325,8964,33.615,19439,43.73775,0
2026-04-08,15:22:25.470454,421424,8857,33.21375,8964,33.615,19438,43.7355,0
2026-04-08,15:22:25.470454,421455,8856,33.21,8959,33.59625,19438,43.7355,0
2026-04-08,15:22:25.470454,421486,8857,33.21375,8962,33.6075,19439,43.73775,0
2026-04-08,15:22:25.470454,421518,8855,33.20625,8961,33.60375,19438,43.7355,0
2026-04-08,15:22:25.470454,421549,8854,33.2025,8963,33.61125,19439,43.73775,0
2026-04-08,15:22:25.470454,421580,8859,33.22125,8962,33.6075,19438,43.7355,0
2026-04-08,15:22:25.470454,421612,8862,33.2325,8958,33.5925,19439,43.73775,0
2026-04-08,15:22:25.470454,421643,8856,33.21,8963,33.61125,19438,43.7355,0
2026-04-08,15:22:25.470454,421675,8852,33.195,8963,33.61125,19438,43.7355,0
2026-04-08,15:22:25.470454,421706,8855,33.20625,8965,33.61875,19439,43.73775,0
2026-04-08,15:22:25.470454,421738,8861,33.22875,8959,33.59625,19436,43.731,0
2026-04-08,15:22:26.385534,421847,8858,33.2175,8962,33.6075,19437,43.73325,0
2026-04-08,15:22:26.385534,421980,8859,33.22125,8958,33.5925,19436,43.731,0
2026-04-08,15:22:26.385534,422013,8862,33.2325,8971,33.64125,19437,43.73325,0
2026-04-08,15:22:26.385534,422044,8855,33.20625,8968,33.63,19436,43.731,0
2026-04-08,15:22:26.385534,422076,8856,33.21,8954,33.5775,19436,43.731,0
2026-04-08,15:22:26.385534,422107,8856,33.21,8958,33.5925,19435,43.72875,0
2026-04-08,15:22:26.385534,422139,8859,33.22125,8957,33.58875,19435,43.72875,0
2026-04-08,15:22:26.385534,422170,8853,33.19875,8963,33.61125,19435,43.72875,0
2026-04-08,15:22:26.385534,422201,8854,33.2025,8954,33.5775,19434,43.7265,0
2026-04-08,15:22:26.385534,422233,8853,33.19875,8959,33.59625,19434,43.7265,0
2026-04-08,15:22:26.385534,422264,8850,33.1875,8955,33.58125,19435,43.72875,0
2026-04-08,15:22:26.385534,422295,8851,33.19125,8959,33.59625,19435,43.72875,0
2026-04-08,15:22:26.385534,422327,8853,33.19875,8957,33.58875,19434,43.7265,0
2026-04-08,15:22:26.385534,422358,8849,33.18375,8957,33.58875,19434,43.7265,0
2026-04-08,15:22:26.385534,422390,8859,33.22125,8960,33.6,19434,43.7265,0
2026-04-08,15:22:26.385534,422422,8852,33.195,8959,33.59625,19433,43.72425,0
2026-04-08,15:22:26.385534,422453,8857,33.21375,8961,33.60375,19433,43.72425,0
2026-04-08,15:22:26.385534,422484,8854,33.2025,8962,33.6075,19434,43.7265,0
2026-04-08,15:22:26.385534,422516,8852,33.195,8960,33.6,19433,43.72425,0
2026-04-08,15:22:26.385534,422547,8846,33.1725,8959,33.59625,19433,43.72425,0
2026-04-08,15:22:27.216142,422755,8852,33.195,8950,33.5625,19432,43.722,0
2026-04-08,15:22:27.216142,422889,8855,33.20625,8960,33.6,19430,43.7175,0
2026-04-08,15:22:27.216142,422920,8854,33.2025,8959,33.59625,19430,43.7175,0
2026-04-08,15:22:27.216142,422952,8854,33.2025,8958,33.5925,19430,43.7175,0
2026-04-08,15:22:27.216142,422984,8852,33.195,8953,33.57375,19430,43.7175,0
2026-04-08,15:22:27.216142,423015,8847,33.17625,8946,33.5475,19431,43.71975,0
2026-04-08,15:22:27.216142,423047,8855,33.20625,8950,33.5625,19429,43.71525,0
2026-04-08,15:22:27.216142,423078,8847,33.17625,8953,33.57375,19431,43.71975,0
2026-04-08,15:22:27.216142,423110,8847,33.17625,8959,33.59625,19430,43.7175,0
2026-04-08,15:22:27.216142,423141,8854,33.2025,8954,33.5775,19431,43.71975,0
2026-04-08,15:22:27.216142,423173,8852,33.195,8956,33.585,19430,43.7175,0
2026-04-08,15:22:27.216142,423204,8850,33.1875,8952,33.57,19429,43.71525,0
2026-04-08,15:22:27.216142,423235,8856,33.21,8947,33.55125,19429,43.71525,0
2026-04-08,15:22:27.216142,423267,8854,33.2025,8947,33.55125,19429,43.71525,0
2026-04-08,15:22:27.216142,423298,8849,33.18375,8951,33.56625,19429,43.71525,0
2026-04-08,15:22:27.216142,423329,8848,33.18,8953,33.57375,19428,43.713,0
2026-04-08,15:22:27.216142,423361,8848,33.18,8960,33.6,19428,43.713,0
2026-04-08,15:22:27.216142,423392,8850,33.1875,8954,33.5775,19427,43.71075,0
2026-04-08,15:22:27.216142,423424,8848,33.18,8953,33.57375,19428,43.713,0
2026-04-08,15:22:27.216142,423455,8854,33.2025,8953,33.57375,19428,43.713,0
2026-04-08,15:22:28.027301,423588,8842,33.1575,8947,33.55125,19427,43.71075,0
2026-04-08,15:22:28.027301,423720,8837,33.13875,8953,33.57375,19427,43.71075,0
2026-04-08,15:22:28.027301,423753,8843,33.16125,8948,33.555,19426,43.7085,0
2026-04-08,15:22:28.027301,423785,8845,33.16875,8950,33.5625,19425,43.70625,0
2026-04-08,15:22:28.027301,423816,8841,33.15375,8955,33.58125,19426,43.7085,0
2026-04-08,15:22:28.027301,423847,8848,33.18,8950,33.5625,19425,43.70625,0
2026-04-08,15:22:28.027301,423879,8855,33.20625,8946,33.5475,19425,43.70625,0
2026-04-08,15:22:28.027301,423910,8847,33.17625,8948,33.555,19425,43.70625,0
2026-04-08,15:22:28.027301,423941,8852,33.195,8953,33.57375,19424,43.704,0
2026-04-08,15:22:28.027301,423973,8843,33.16125,8953,33.57375,19424,43.704,0
2026-04-08,15:22:28.027301,424004,8848,33.18,8946,33.5475,19425,43.70625,0
2026-04-08,15:22:28.027301,424036,8845,33.16875,8944,33.54,19424,43.704,0
2026-04-08,15:22:28.027301,424067,8843,33.16125,8953,33.57375,19424,43.704,0
2026-04-08,15:22:28.027301,424099,8847,33.17625,8946,33.5475,19424,43.704,0
2026-04-08,15:22:28.027301,424130,8847,33.17625,8950,33.5625,19425,43.70625,0
2026-04-08,15:22:28.027301,424162,8842,33.1575,8944,33.54,19423,43.70175,0
2026-04-08,15:22:28.027301,424193,8849,33.18375,8943,33.53625,19424,43.704,0
2026-04-08,15:22:28.027301,424224,8848,33.18,8949,33.55875,19423,43.70175,0
2026-04-08,15:22:28.027301,424256,8842,33.1575,8949,33.55875,19424,43.704,0
2026-04-08,15:22:28.027301,424287,8840,33.15,8944,33.54,19424,43.704,0
2026-04-08,15:22:28.935536,424400,8837,33.13875,8950,33.5625,19421,43.69725,0
2026-04-08,15:22:28.935536,424534,8842,33.1575,8942,33.5325,19423,43.70175,0
2026-04-08,15:22:28.935536,424566,8837,33.13875,8944,33.54,19420,43.695,0
2026-04-08,15:22:28.935536,424598,8836,33.135,8944,33.54,19422,43.6995,0
2026-04-08,15:22:28.935536,424629,8829,33.10875,8940,33.525,19421,43.69725,0
2026-04-08,15:22:28.935536,424660,8838,33.1425,8943,33.53625,19421,43.69725,0
2026-04-08,15:22:28.935536,424692,8845,33.16875,8940,33.525,19421,43.69725,0
2026-04-08,15:22:28.935536,424723,8839,33.14625,8940,33.525,19420,43.695,0
2026-04-08,15:22:28.935536,424755,8839,33.14625,8945,33.54375,19421,43.69725,0
2026-04-08,15:22:28.935536,424786,8838,33.1425,8944,33.54,19420,43.695,0
2026-04-08,15:22:28.935536,424818,8833,33.12375,8937,33.51375,19420,43.695,0
2026-04-08,15:22:28.935536,424849,8829,33.10875,8942,33.5325,19421,43.69725,0
2026-04-08,15:22:28.935536,424881,8837,33.13875,8948,33.555,19420,43.695,0
2026-04-08,15:22:28.935536,424912,8837,33.13875,8937,33.51375,19419,43.69275,0
2026-04-08,15:22:28.935536,424943,8832,33.12,8935,33.50625,19420,43.695,0
2026-04-08,15:22:28.935536,424975,8838,33.1425,8941,33.52875,19420,43.695,0
2026-04-08,15:22:28.935536,425006,8835,33.13125,8936,33.51,19419,43.69275,0
2026-04-08,15:22:28.935536,425037,8833,33.12375,8940,33.525,19418,43.6905,0
2026-04-08,15:22:28.935536,425069,8837,33.13875,8947,33.55125,19419,43.69275,0
2026-04-08,15:22:28.935536,425101,8838,33.1425,8937,33.51375,19417,43.68825,0
2026-04-08,15:22:29.850687,425307,8836,33.135,8939,33.52125,19417,43.68825,0
2026-04-08,15:22:29.850687,425440,8832,33.12,8935,33.50625,19418,43.6905,0
2026-04-08,15:22:29.850687,425472,8824,33.09,8936,33.51,19416,43.686,0
2026-04-08,15:22:29.850687,425503,8834,33.1275,8937,33.51375,19416,43.686,0
2026-04-08,15:22:29.850687,425535,8833,33.12375,8938,33.5175,19415,43.68375,0
2026-04-08,15:22:29.850687,425566,8825,33.09375,8941,33.52875,19416,43.686,0
2026-04-08,15:22:29.850687,425598,8832,33.12,8930,33.4875,19415,43.68375,0
2026-04-08,15:22:29.850687,425629,8836,33.135,8942,33.5325,19415,43.68375,0
2026-04-08,15:22:29.850687,425660,8838,33.1425,8929,33.48375,19416,43.686,0
2026-04-08,15:22:29.850687,425692,8834,33.1275,8930,33.4875,19415,43.68375,0
2026-04-08,15:22:29.850687,425723,8835,33.13125,8926,33.4725,19415,43.68375,0
2026-04-08,15:22:29.850687,425754,8834,33.1275,8933,33.49875,19414,43.6815,0
2026-04-08,15:22:29.850687,425786,8831,33.11625,8939,33.52125,19414,43.6815,0
2026-04-08,15:22:29.850687,425817,8832,33.12,8940,33.525,19413,43.67925,0
2026-04-08,15:22:29.850687,425849,8832,33.12,8941,33.52875,19414,43.6815,0
2026-04-08,15:22:29.850687,425880,8837,33.13875,8938,33.5175,19415,43.68375,0
2026-04-08,15:22:29.850687,425912,8828,33.105,8936,33.51,19413,43.67925,0
2026-04-08,15:22:29.850687,425943,8832,33.12,8931,33.49125,19415,43.68375,0
2026-04-08,15:22:29.850687,425974,8833,33.12375,8927,33.47625,19413,43.67925,0
2026-04-08,15:22:29.850687,426006,8828,33.105,8930,33.4875,19414,43.6815,0
2026-04-08,15:22:30.893969,426219,8824,33.09,8928,33.48,19412,43.677,0
2026-04-08,15:22:30.893969,426353,8824,33.09,8933,33.49875,19411,43.67475,0
2026-04-08,15:22:30.893969,426385,8820,33.075,8938,33.5175,19410,43.6725,0
2026-04-08,15:22:30.893969,426417,8831,33.11625,8930,33.4875,19409,43.67025,0
2026-04-08,15:22:30.893969,426448,8825,33.09375,8938,33.5175,19410,43.6725,0
2026-04-08,15:22:30.893969,426480,8823,33.08625,8938,33.5175,19412,43.677,0
2026-04-08,15:22:30.893969,426511,8818,33.0675,8931,33.49125,19411,43.67475,0
2026-04-08,15:22:30.893969,426543,8828,33.105,8934,33.5025,19411,43.67475,0
2026-04-08,15:22:30.893969,426574,8819,33.07125,8932,33.495,19410,43.6725,0
2026-04-08,15:22:30.893969,426605,8822,33.0825,8936,33.51,19410,43.6725,0
2026-04-08,15:22:30.893969,426637,8818,33.0675,8933,33.49875,19409,43.67025,0
2026-04-08,15:22:30.893969,426668,8822,33.0825,8926,33.4725,19409,43.67025,0
2026-04-08,15:22:30.893969,426699,8822,33.0825,8924,33.465,19409,43.67025,0
2026-04-08,15:22:30.893969,426731,8820,33.075,8930,33.4875,19409,43.67025,0
2026-04-08,15:22:30.893969,426762,8823,33.08625,8929,33.48375,19411,43.67475,0
2026-04-08,15:22:30.893969,426794,8824,33.09,8928,33.48,19409,43.67025,0
2026-04-08,15:22:30.893969,426825,8824,33.09,8921,33.45375,19409,43.67025,0
2026-04-08,15:22:30.893969,426857,8831,33.11625,8927,33.47625,19407,43.66575,0
2026-04-08,15:22:30.893969,426888,8820,33.075,8923,33.46125,19408,43.668,0
2026-04-08,15:22:30.893969,426920,8826,33.0975,8922,33.4575,19408,43.668,0
2026-04-08,15:22:33.906709,427266,8820,33.075,8922,33.4575,19406,43.6635,0
2026-04-08,15:22:33.906709,427399,8833,33.12375,8931,33.49125,19404,43.659,0
2026-04-08,15:22:33.906709,427431,8815,33.05625,8928,33.48,19405,43.66125,0
2026-04-08,15:22:33.906709,427463,8814,33.0525,8917,33.43875,19405,43.66125,0
2026-04-08,15:22:33.906709,427494,8818,33.0675,8912,33.42,19405,43.66125,0
2026-04-08,15:22:33.906709,427525,8814,33.0525,8923,33.46125,19403,43.65675,0
2026-04-08,15:22:33.906709,427557,8821,33.07875,8918,33.4425,19404,43.659,0
2026-04-08,15:22:33.906709,427589,8815,33.05625,8930,33.4875,19404,43.659,0
2026-04-08,15:22:33.906709,427620,8820,33.075,8915,33.43125,19405,43.66125,0
2026-04-08,15:22:33.906709,427651,8815,33.05625,8925,33.46875,19405,43.66125,0
2026-04-08,15:22:33.906709,427683,8810,33.0375,8921,33.45375,19404,43.659,0
2026-04-08,15:22:33.906709,427714,8819,33.07125,8919,33.44625,19404,43.659,0
2026-04-08,15:22:33.906709,427746,8818,33.0675,8921,33.45375,19403,43.65675,0
2026-04-08,15:22:33.906709,427777,8819,33.07125,8920,33.45,19402,43.6545,0
2026-04-08,15:22:33.906709,427808,8816,33.06,8922,33.4575,19402,43.6545,0
2026-04-08,15:22:33.906709,427840,8819,33.07125,8913,33.42375,19404,43.659,0
2026-04-08,15:22:33.906709,427871,8820,33.075,8913,33.42375,19405,43.66125,0
2026-04-08,15:22:33.906709,427903,8814,33.0525,8921,33.45375,19403,43.65675,0
2026-04-08,15:22:33.906709,427934,8822,33.0825,8919,33.44625,19402,43.6545,0
2026-04-08,15:22:33.906709,427966,8821,33.07875,8916,33.435,19402,43.6545,0
2026-04-08,15:22:33.906709,429429,8807,33.02625,8914,33.4275,19393,43.63425,0
2026-04-08,15:22:33.906709,429563,8808,33.03,8913,33.42375,19393,43.63425,0
2026-04-08,15:22:33.906709,429595,8800,33,8903,33.38625,19392,43.632,0
2026-04-08,15:22:33.906709,429626,8805,33.01875,8911,33.41625,19392,43.632,0
2026-04-08,15:22:33.906709,429658,8808,33.03,8909,33.40875,19391,43.62975,0
2026-04-08,15:22:33.906709,429689,8807,33.02625,8911,33.41625,19391,43.62975,0
2026-04-08,15:22:33.906709,429721,8806,33.0225,8908,33.405,19392,43.632,0
2026-04-08,15:22:33.906709,429752,8805,33.01875,8915,33.43125,19391,43.62975,0
2026-04-08,15:22:33.906709,429784,8798,32.9925,8918,33.4425,19390,43.6275,0
2026-04-08,15:22:33.906709,429815,8800,33,8905,33.39375,19391,43.62975,0
2026-04-08,15:22:33.906709,429846,8797,32.98875,8913,33.42375,19391,43.62975,0
2026-04-08,15:22:33.906709,429877,8797,32.98875,8913,33.42375,19391,43.62975,0
2026-04-08,15:22:33.906709,429909,8804,33.015,8907,33.40125,19391,43.62975,0
2026-04-08,15:22:33.906709,429940,8806,33.0225,8908,33.405,19389,43.62525,0
2026-04-08,15:22:33.906709,429972,8810,33.0375,8909,33.40875,19389,43.62525,0
2026-04-08,15:22:33.906709,430003,8805,33.01875,8908,33.405,19389,43.62525,0
2026-04-08,15:22:33.906709,430035,8811,33.04125,8902,33.3825,19390,43.6275,0
2026-04-08,15:22:33.906709,430066,8813,33.04875,8905,33.39375,19389,43.62525,0
2026-04-08,15:22:33.906709,430098,8812,33.045,8904,33.39,19390,43.6275,0
2026-04-08,15:22:33.906709,430129,8798,32.9925,8906,33.3975,19389,43.62525,0
2026-04-08,15:22:35.012851,430311,8800,33,8902,33.3825,19389,43.62525,0
2026-04-08,15:22:35.012851,430444,8802,33.0075,8910,33.4125,19388,43.623,0
2026-04-08,15:22:35.012851,430475,8800,33,8912,33.42,19388,43.623,0
2026-04-08,15:22:35.012851,430507,8798,32.9925,8915,33.43125,19387,43.62075,0
2026-04-08,15:22:35.012851,430538,8793,32.97375,8902,33.3825,19389,43.62525,0
2026-04-08,15:22:35.012851,430570,8796,32.985,8911,33.41625,19387,43.62075,0
2026-04-08,15:22:35.012851,430603,8796,32.985,8896,33.36,19387,43.62075,0
2026-04-08,15:22:35.012851,430634,8802,33.0075,8907,33.40125,19388,43.623,0
2026-04-08,15:22:35.012851,430665,8801,33.00375,8900,33.375,19387,43.62075,0
2026-04-08,15:22:35.012851,430697,8798,32.9925,8901,33.37875,19386,43.6185,0
2026-04-08,15:22:35.012851,430731,8797,32.98875,8903,33.38625,19387,43.62075,0
2026-04-08,15:22:35.012851,430763,8801,33.00375,8901,33.37875,19386,43.6185,0
2026-04-08,15:22:35.012851,430794,8801,33.00375,8908,33.405,19386,43.6185,0
2026-04-08,15:22:35.012851,430826,8797,32.98875,8906,33.3975,19386,43.6185,0
2026-04-08,15:22:35.012851,430858,8799,32.99625,8900,33.375,19386,43.6185,0
2026-04-08,15:22:35.012851,430889,8793,32.97375,8898,33.3675,19385,43.61625,0
2026-04-08,15:22:35.012851,430922,8798,32.9925,8894,33.3525,19384,43.614,0
2026-04-08,15:22:35.012851,430953,8807,33.02625,8895,33.35625,19384,43.614,0
2026-04-08,15:22:35.012851,430984,8789,32.95875,8911,33.41625,19386,43.6185,0
2026-04-08,15:22:35.012851,431016,8794,32.9775,8901,33.37875,19383,43.61175,0
2026-04-08,15:22:37.999685,431438,8791,32.96625,8895,33.35625,19382,43.6095,0
2026-04-08,15:22:37.999685,431571,8795,32.98125,8894,33.3525,19381,43.60725,0
2026-04-08,15:22:37.999685,431603,8786,32.9475,8905,33.39375,19382,43.6095,0
2026-04-08,15:22:37.999685,431635,8787,32.95125,8903,33.38625,19381,43.60725,0
2026-04-08,15:22:37.999685,431666,8791,32.96625,8900,33.375,19381,43.60725,0
2026-04-08,15:22:37.999685,431698,8785,32.94375,8899,33.37125,19381,43.60725,0
2026-04-08,15:22:37.999685,431729,8788,32.955,8897,33.36375,19380,43.605,0
2026-04-08,15:22:37.999685,431761,8796,32.985,8899,33.37125,19379,43.60275,0
2026-04-08,15:22:37.999685,431792,8793,32.97375,8904,33.39,19380,43.605,0
2026-04-08,15:22:37.999685,431823,8787,32.95125,8897,33.36375,19380,43.605,0
2026-04-08,15:22:37.999685,431855,8792,32.97,8894,33.3525,19381,43.60725,0
2026-04-08,15:22:37.999685,431886,8793,32.97375,8894,33.3525,19380,43.605,0
2026-04-08,15:22:37.999685,431918,8788,32.955,8896,33.36,19380,43.605,0
2026-04-08,15:22:37.999685,431949,8790,32.9625,8898,33.3675,19380,43.605,0
2026-04-08,15:22:37.999685,431981,8784,32.94,8897,33.36375,19378,43.6005,0
2026-04-08,15:22:37.999685,432012,8783,32.93625,8895,33.35625,19378,43.6005,0
2026-04-08,15:22:37.999685,432044,8785,32.94375,8893,33.34875,19379,43.60275,0
2026-04-08,15:22:37.999685,432075,8785,32.94375,8897,33.36375,19379,43.60275,0
2026-04-08,15:22:37.999685,432106,8789,32.95875,8892,33.345,19378,43.6005,0
2026-04-08,15:22:37.999685,432138,8790,32.9625,8897,33.36375,19377,43.59825,0
2026-04-08,15:22:37.999685,433528,8775,32.90625,8879,33.29625,19369,43.58025,0
2026-04-08,15:22:37.999685,433661,8777,32.91375,8890,33.3375,19369,43.58025,0
2026-04-08,15:22:37.999685,433693,8776,32.91,8891,33.34125,19369,43.58025,0
2026-04-08,15:22:37.999685,433725,8772,32.895,8886,33.3225,19369,43.58025,0
2026-04-08,15:22:37.999685,433756,8768,32.88,8887,33.32625,19368,43.578,0
2026-04-08,15:22:37.999685,433788,8771,32.89125,8883,33.31125,19368,43.578,0
2026-04-08,15:22:37.999685,433819,8774,32.9025,8880,33.3,19367,43.57575,0
2026-04-08,15:22:37.999685,433850,8777,32.91375,8886,33.3225,19368,43.578,0
2026-04-08,15:22:37.999685,433882,8770,32.8875,8875,33.28125,19368,43.578,0
2026-04-08,15:22:37.999685,433913,8777,32.91375,8887,33.32625,19368,43.578,0
2026-04-08,15:22:37.999685,433944,8776,32.91,8888,33.33,19366,43.5735,0
2026-04-08,15:22:37.999685,433976,8780,32.925,8882,33.3075,19368,43.578,0
2026-04-08,15:22:37.999685,434007,8780,32.925,8882,33.3075,19365,43.57125,0
2026-04-08,15:22:37.999685,434039,8781,32.92875,8879,33.29625,19367,43.57575,0
2026-04-08,15:22:37.999685,434070,8776,32.91,8879,33.29625,19366,43.5735,0
2026-04-08,15:22:37.999685,434102,8771,32.89125,8887,33.32625,19366,43.5735,0
2026-04-08,15:22:37.999685,434133,8777,32.91375,8877,33.28875,19366,43.5735,0
2026-04-08,15:22:37.999685,434165,8779,32.92125,8886,33.3225,19365,43.57125,0
2026-04-08,15:22:37.999685,434196,8778,32.9175,8877,33.28875,19367,43.57575,0
2026-04-08,15:22:37.999685,434228,8776,32.91,8879,33.29625,19366,43.5735,0
2026-04-08,15:22:38.987929,434407,8778,32.9175,8879,33.29625,19365,43.57125,0
2026-04-08,15:22:38.987929,434541,8777,32.91375,8883,33.31125,19363,43.56675,0
2026-04-08,15:22:38.987929,434573,8776,32.91,8879,33.29625,19364,43.569,0
2026-04-08,15:22:38.987929,434607,8771,32.89125,8883,33.31125,19364,43.569,0
2026-04-08,15:22:38.987929,434639,8772,32.895,8887,33.32625,19363,43.56675,0
2026-04-08,15:22:38.987929,434670,8769,32.88375,8886,33.3225,19364,43.569,0
2026-04-08,15:22:38.987929,434702,8769,32.88375,8881,33.30375,19363,43.56675,0
2026-04-08,15:22:38.987929,434734,8772,32.895,8875,33.28125,19363,43.56675,0
2026-04-08,15:22:38.987929,434765,8770,32.8875,8865,33.24375,19362,43.5645,0
2026-04-08,15:22:38.987929,434797,8767,32.87625,8879,33.29625,19363,43.56675,0
2026-04-08,15:22:38.987929,434829,8772,32.895,8874,33.2775,19362,43.5645,0
2026-04-08,15:22:38.987929,434860,8761,32.85375,8879,33.29625,19363,43.56675,0
2026-04-08,15:22:38.987929,434891,8766,32.8725,8871,33.26625,19362,43.5645,0
2026-04-08,15:22:38.987929,434923,8761,32.85375,8874,33.2775,19361,43.56225,0
2026-04-08,15:22:38.987929,434954,8768,32.88,8865,33.24375,19362,43.5645,0
2026-04-08,15:22:38.987929,434986,8773,32.89875,8876,33.285,19361,43.56225,0
2026-04-08,15:22:38.987929,435017,8760,32.85,8876,33.285,19362,43.5645,0
2026-04-08,15:22:38.987929,435049,8758,32.8425,8875,33.28125,19362,43.5645,0
2026-04-08,15:22:38.987929,435080,8768,32.88,8870,33.2625,19362,43.5645,0
2026-04-08,15:22:38.987929,435112,8766,32.8725,8871,33.26625,19361,43.56225,0
2026-04-08,15:22:39.890345,435361,8766,32.8725,8868,33.255,19359,43.55775,0
2026-04-08,15:22:39.890345,435492,8757,32.83875,8872,33.27,19359,43.55775,0
2026-04-08,15:22:39.890345,435525,8769,32.88375,8872,33.27,19359,43.55775,0
2026-04-08,15:22:39.890345,435556,8761,32.85375,8872,33.27,19357,43.55325,0
2026-04-08,15:22:39.890345,435587,8765,32.86875,8874,33.2775,19358,43.5555,0
2026-04-08,15:22:39.890345,435618,8771,32.89125,8872,33.27,19358,43.5555,0
2026-04-08,15:22:39.890345,435650,8770,32.8875,8868,33.255,19358,43.5555,0
2026-04-08,15:22:39.890345,435683,8761,32.85375,8865,33.24375,19357,43.55325,0
2026-04-08,15:22:39.890345,435715,8772,32.895,8873,33.27375,19355,43.54875,0
2026-04-08,15:22:39.890345,435747,8771,32.89125,8863,33.23625,19357,43.55325,0
2026-04-08,15:22:39.890345,435778,8774,32.9025,8874,33.2775,19357,43.55325,0
2026-04-08,15:22:39.890345,435810,8764,32.865,8865,33.24375,19357,43.55325,0
2026-04-08,15:22:39.890345,435841,8771,32.89125,8867,33.25125,19357,43.55325,0
2026-04-08,15:22:39.890345,435873,8769,32.88375,8861,33.22875,19357,43.55325,0
2026-04-08,15:22:39.890345,435904,8765,32.86875,8866,33.2475,19357,43.55325,0
2026-04-08,15:22:39.890345,435936,8764,32.865,8871,33.26625,19358,43.5555,0
2026-04-08,15:22:39.890345,435969,8763,32.86125,8864,33.24,19356,43.551,0
2026-04-08,15:22:39.890345,436000,8764,32.865,8868,33.255,19355,43.54875,0
2026-04-08,15:22:39.890345,436032,8761,32.85375,8865,33.24375,19355,43.54875,0
2026-04-08,15:22:39.890345,436063,8766,32.8725,8862,33.2325,19355,43.54875,0
2026-04-08,15:22:43.597590,436264,8771,32.89125,8870,33.2625,19355,43.54875,0
2026-04-08,15:22:43.597590,436397,8765,32.86875,8859,33.22125,19353,43.54425,0
2026-04-08,15:22:43.597590,436429,8759,32.84625,8868,33.255,19353,43.54425,0
2026-04-08,15:22:43.597590,436460,8764,32.865,8866,33.2475,19352,43.542,0
2026-04-08,15:22:43.597590,436492,8771,32.89125,8865,33.24375,19353,43.54425,0
2026-04-08,15:22:43.597590,436523,8758,32.8425,8859,33.22125,19353,43.54425,0
2026-04-08,15:22:43.597590,436555,8760,32.85,8859,33.22125,19352,43.542,0
2026-04-08,15:22:43.597590,436586,8762,32.8575,8863,33.23625,19352,43.542,0
2026-04-08,15:22:43.597590,436617,8754,32.8275,8868,33.255,19352,43.542,0
2026-04-08,15:22:43.597590,436649,8759,32.84625,8865,33.24375,19351,43.53975,0
2026-04-08,15:22:43.597590,436680,8764,32.865,8856,33.21,19351,43.53975,0
2026-04-08,15:22:43.597590,436712,8760,32.85,8859,33.22125,19352,43.542,0
2026-04-08,15:22:43.597590,436743,8765,32.86875,8862,33.2325,19350,43.5375,0
2026-04-08,15:22:43.597590,436775,8760,32.85,8860,33.225,19350,43.5375,0
2026-04-08,15:22:43.597590,436806,8756,32.835,8864,33.24,19351,43.53975,0
2026-04-08,15:22:43.597590,436837,8756,32.835,8863,33.23625,19350,43.5375,0
2026-04-08,15:22:43.597590,436869,8758,32.8425,8858,33.2175,19351,43.53975,0
2026-04-08,15:22:43.597590,436900,8757,32.83875,8866,33.2475,19351,43.53975,0
2026-04-08,15:22:43.597590,436931,8760,32.85,8861,33.22875,19350,43.5375,0
2026-04-08,15:22:43.597590,436963,8758,32.8425,8866,33.2475,19349,43.53525,0
2026-04-08,15:22:44.446946,439968,8729,32.73375,8839,33.14625,19333,43.49925,0
2026-04-08,15:22:44.446946,440101,8737,32.76375,8839,33.14625,19331,43.49475,0
2026-04-08,15:22:44.446946,440134,8736,32.76,8840,33.15,19330,43.4925,0
2026-04-08,15:22:44.446946,440165,8737,32.76375,8847,33.17625,19330,43.4925,0
2026-04-08,15:22:44.446946,440196,8736,32.76,8843,33.16125,19330,43.4925,0
2026-04-08,15:22:44.446946,440228,8742,32.7825,8840,33.15,19331,43.49475,0
2026-04-08,15:22:44.446946,440259,8743,32.78625,8849,33.18375,19331,43.49475,0
2026-04-08,15:22:44.446946,440291,8736,32.76,8850,33.1875,19330,43.4925,0
2026-04-08,15:22:44.446946,440322,8739,32.77125,8842,33.1575,19330,43.4925,0
2026-04-08,15:22:44.446946,440354,8739,32.77125,8846,33.1725,19330,43.4925,0
2026-04-08,15:22:44.446946,440385,8739,32.77125,8844,33.165,19330,43.4925,0
2026-04-08,15:22:44.446946,440416,8732,32.745,8845,33.16875,19330,43.4925,0
2026-04-08,15:22:44.446946,440448,8734,32.7525,8843,33.16125,19329,43.49025,0
2026-04-08,15:22:44.446946,440480,8739,32.77125,8840,33.15,19330,43.4925,0
2026-04-08,15:22:44.446946,440511,8735,32.75625,8842,33.1575,19329,43.49025,0
2026-04-08,15:22:44.446946,440543,8734,32.7525,8833,33.12375,19328,43.488,0
2026-04-08,15:22:44.446946,440574,8741,32.77875,8834,33.1275,19329,43.49025,0
2026-04-08,15:22:44.446946,440605,8734,32.7525,8837,33.13875,19328,43.488,0
2026-04-08,15:22:44.446946,440636,8739,32.77125,8838,33.1425,19327,43.48575,0
2026-04-08,15:22:44.446946,440668,8739,32.77125,8837,33.13875,19328,43.488,0
2026-04-08,15:22:45.437350,440859,8723,32.71125,8841,33.15375,19327,43.48575,0
2026-04-08,15:22:45.437350,440992,8729,32.73375,8844,33.165,19327,43.48575,0
2026-04-08,15:22:45.437350,441024,8730,32.7375,8841,33.15375,19327,43.48575,0
2026-04-08,15:22:45.437350,441055,8731,32.74125,8846,33.1725,19325,43.48125,0
2026-04-08,15:22:45.437350,441087,8733,32.74875,8842,33.1575,19325,43.48125,0
2026-04-08,15:22:45.437350,441118,8727,32.72625,8837,33.13875,19325,43.48125,0
2026-04-08,15:22:45.437350,441150,8721,32.70375,8831,33.11625,19325,43.48125,0
2026-04-08,15:22:45.437350,441181,8727,32.72625,8836,33.135,19323,43.47675,0
2026-04-08,15:22:45.437350,441212,8733,32.74875,8839,33.14625,19325,43.48125,0
2026-04-08,15:22:45.437350,441244,8733,32.74875,8835,33.13125,19325,43.48125,0
2026-04-08,15:22:45.437350,441275,8728,32.73,8834,33.1275,19323,43.47675,0
2026-04-08,15:22:45.437350,441307,8734,32.7525,8838,33.1425,19325,43.48125,0
2026-04-08,15:22:45.437350,441338,8728,32.73,8828,33.105,19324,43.479,0
2026-04-08,15:22:45.437350,441370,8728,32.73,8833,33.12375,19323,43.47675,0
2026-04-08,15:22:45.437350,441401,8727,32.72625,8831,33.11625,19325,43.48125,0
2026-04-08,15:22:45.437350,441432,8731,32.74125,8836,33.135,19322,43.4745,0
2026-04-08,15:22:45.437350,441464,8729,32.73375,8842,33.1575,19324,43.479,0
2026-04-08,15:22:45.437350,441495,8730,32.7375,8837,33.13875,19323,43.47675,0
2026-04-08,15:22:45.437350,441527,8730,32.7375,8836,33.135,19322,43.4745,0
2026-04-08,15:22:45.437350,441558,8725,32.71875,8832,33.12,19323,43.47675,0
2026-04-08,15:22:46.251303,441808,8725,32.71875,8835,33.13125,19320,43.47,0
2026-04-08,15:22:46.251303,441941,8725,32.71875,8824,33.09,19319,43.46775,0
2026-04-08,15:22:46.251303,441974,8728,32.73,8826,33.0975,19319,43.46775,0
2026-04-08,15:22:46.251303,442005,8726,32.7225,8826,33.0975,19318,43.4655,0
2026-04-08,15:22:46.251303,442036,8717,32.68875,8830,33.1125,19320,43.47,0
2026-04-08,15:22:46.251303,442067,8726,32.7225,8829,33.10875,19319,43.46775,0
2026-04-08,15:22:46.251303,442099,8720,32.7,8823,33.08625,19321,43.47225,0
2026-04-08,15:22:46.251303,442131,8728,32.73,8821,33.07875,19320,43.47,0
2026-04-08,15:22:46.251303,442162,8721,32.70375,8833,33.12375,19318,43.4655,0
2026-04-08,15:22:46.251303,442194,8732,32.745,8827,33.10125,19319,43.46775,0
2026-04-08,15:22:46.251303,442225,8717,32.68875,8831,33.11625,19319,43.46775,0
2026-04-08,15:22:46.251303,442256,8719,32.69625,8830,33.1125,19318,43.4655,0
2026-04-08,15:22:46.251303,442288,8715,32.68125,8830,33.1125,19319,43.46775,0
2026-04-08,15:22:46.251303,442319,8716,32.685,8833,33.12375,19319,43.46775,0
2026-04-08,15:22:46.251303,442350,8724,32.715,8829,33.10875,19317,43.46325,0
2026-04-08,15:22:46.251303,442382,8719,32.69625,8832,33.12,19318,43.4655,0
2026-04-08,15:22:46.251303,442414,8722,32.7075,8825,33.09375,19317,43.46325,0
2026-04-08,15:22:46.251303,442445,8717,32.68875,8833,33.12375,19318,43.4655,0
2026-04-08,15:22:46.251303,442476,8715,32.68125,8822,33.0825,19318,43.4655,0
2026-04-08,15:22:46.251303,442508,8716,32.685,8822,33.0825,19317,43.46325,0
2026-04-08,15:22:47.165227,442659,8725,32.71875,8829,33.10875,19316,43.461,0
2026-04-08,15:22:47.165227,442793,8716,32.685,8821,33.07875,19316,43.461,0
2026-04-08,15:22:47.165227,442825,8716,32.685,8824,33.09,19315,43.45875,0
2026-04-08,15:22:47.165227,442856,8710,32.6625,8819,33.07125,19315,43.45875,0
2026-04-08,15:22:47.165227,442887,8722,32.7075,8825,33.09375,19316,43.461,0
2026-04-08,15:22:47.165227,442919,8716,32.685,8824,33.09,19316,43.461,0
2026-04-08,15:22:47.165227,442950,8721,32.70375,8826,33.0975,19314,43.4565,0
2026-04-08,15:22:47.165227,442982,8711,32.66625,8820,33.075,19315,43.45875,0
2026-04-08,15:22:47.165227,443013,8717,32.68875,8825,33.09375,19315,43.45875,0
2026-04-08,15:22:47.165227,443045,8717,32.68875,8821,33.07875,19314,43.4565,0
2026-04-08,15:22:47.165227,443076,8717,32.68875,8831,33.11625,19314,43.4565,0
2026-04-08,15:22:47.165227,443108,8717,32.68875,8821,33.07875,19314,43.4565,0
2026-04-08,15:22:47.165227,443139,8721,32.70375,8826,33.0975,19312,43.452,0
2026-04-08,15:22:47.165227,443170,8713,32.67375,8825,33.09375,19313,43.45425,0
2026-04-08,15:22:47.165227,443202,8716,32.685,8835,33.13125,19314,43.4565,0
2026-04-08,15:22:47.165227,443234,8716,32.685,8822,33.0825,19312,43.452,0
2026-04-08,15:22:47.165227,443265,8714,32.6775,8825,33.09375,19313,43.45425,0
2026-04-08,15:22:47.165227,443296,8715,32.68125,8825,33.09375,19312,43.452,0
2026-04-08,15:22:47.165227,443328,8713,32.67375,8825,33.09375,19311,43.44975,0
2026-04-08,15:22:47.165227,443359,8714,32.6775,8823,33.08625,19311,43.44975,0
2026-04-08,15:22:48.097644,443539,8716,32.685,8822,33.0825,19311,43.44975,0
2026-04-08,15:22:48.097644,443673,8716,32.685,8817,33.06375,19309,43.44525,0
2026-04-08,15:22:48.097644,443704,8722,32.7075,8821,33.07875,19310,43.4475,0
2026-04-08,15:22:48.097644,443736,8720,32.7,8815,33.05625,19310,43.4475,0
2026-04-08,15:22:48.097644,443768,8722,32.7075,8814,33.0525,19309,43.44525,0
2026-04-08,15:22:48.097644,443799,8717,32.68875,8819,33.07125,19311,43.44975,0
2026-04-08,15:22:48.097644,443831,8716,32.685,8820,33.075,19308,43.443,0
2026-04-08,15:22:48.097644,443862,8713,32.67375,8818,33.0675,19308,43.443,0
2026-04-08,15:22:48.097644,443893,8710,32.6625,8815,33.05625,19308,43.443,0
2026-04-08,15:22:48.097644,443925,8711,32.66625,8814,33.0525,19309,43.44525,0
2026-04-08,15:22:48.097644,443956,8716,32.685,8815,33.05625,19309,43.44525,0
2026-04-08,15:22:48.097644,443988,8712,32.67,8816,33.06,19309,43.44525,0
2026-04-08,15:22:48.097644,444019,8713,32.67375,8817,33.06375,19309,43.44525,0
2026-04-08,15:22:48.097644,444051,8713,32.67375,8821,33.07875,19307,43.44075,0
2026-04-08,15:22:48.097644,444082,8714,32.6775,8815,33.05625,19308,43.443,0
2026-04-08,15:22:48.097644,444113,8711,32.66625,8817,33.06375,19308,43.443,0
2026-04-08,15:22:48.097644,444145,8716,32.685,8818,33.0675,19308,43.443,0
2026-04-08,15:22:48.097644,444176,8715,32.68125,8821,33.07875,19307,43.44075,0
2026-04-08,15:22:48.097644,444208,8717,32.68875,8823,33.08625,19306,43.4385,0
2026-04-08,15:22:48.097644,444239,8718,32.6925,8818,33.0675,19306,43.4385,0
2026-04-08,15:22:49.001669,444467,8704,32.64,8815,33.05625,19305,43.43625,0
2026-04-08,15:22:49.001669,444601,8702,32.6325,8803,33.01125,19305,43.43625,0
2026-04-08,15:22:49.001669,444633,8708,32.655,8807,33.02625,19305,43.43625,0
2026-04-08,15:22:49.001669,444664,8702,32.6325,8806,33.0225,19304,43.434,0
2026-04-08,15:22:49.001669,444696,8706,32.6475,8809,33.03375,19304,43.434,0
2026-04-08,15:22:49.001669,444727,8712,32.67,8814,33.0525,19303,43.43175,0
2026-04-08,15:22:49.001669,444759,8708,32.655,8808,33.03,19305,43.43625,0
2026-04-08,15:22:49.001669,444790,8710,32.6625,8809,33.03375,19301,43.42725,0
2026-04-08,15:22:49.001669,444821,8706,32.6475,8812,33.045,19303,43.43175,0
2026-04-08,15:22:49.001669,444853,8699,32.62125,8810,33.0375,19303,43.43175,0
2026-04-08,15:22:49.001669,444884,8709,32.65875,8802,33.0075,19303,43.43175,0
2026-04-08,15:22:49.001669,444915,8703,32.63625,8810,33.0375,19302,43.4295,0
2026-04-08,15:22:49.001669,444947,8701,32.62875,8803,33.01125,19302,43.4295,0
2026-04-08,15:22:49.001669,444979,8707,32.65125,8807,33.02625,19303,43.43175,0
2026-04-08,15:22:49.001669,445010,8708,32.655,8815,33.05625,19302,43.4295,0
2026-04-08,15:22:49.001669,445042,8697,32.61375,8808,33.03,19302,43.4295,0
2026-04-08,15:22:49.001669,445073,8703,32.63625,8816,33.06,19302,43.4295,0
2026-04-08,15:22:49.001669,445104,8705,32.64375,8809,33.03375,19302,43.4295,0
2026-04-08,15:22:49.001669,445135,8703,32.63625,8809,33.03375,19301,43.42725,0
2026-04-08,15:22:49.001669,445167,8700,32.625,8809,33.03375,19302,43.4295,0
2026-04-08,15:22:49.940711,445379,8699,32.62125,8814,33.0525,19298,43.4205,0
2026-04-08,15:22:49.940711,445513,8702,32.6325,8810,33.0375,19298,43.4205,0
2026-04-08,15:22:49.940711,445544,8702,32.6325,8810,33.0375,19299,43.42275,0
2026-04-08,15:22:49.940711,445576,8707,32.65125,8808,33.03,19299,43.42275,0
2026-04-08,15:22:49.940711,445608,8697,32.61375,8809,33.03375,19298,43.4205,0
2026-04-08,15:22:49.940711,445639,8698,32.6175,8803,33.01125,19299,43.42275,0
2026-04-08,15:22:49.940711,445671,8696,32.61,8805,33.01875,19298,43.4205,0
2026-04-08,15:22:49.940711,445702,8706,32.6475,8801,33.00375,19297,43.41825,0
2026-04-08,15:22:49.940711,445733,8701,32.62875,8802,33.0075,19297,43.41825,0
2026-04-08,15:22:49.940711,445765,8700,32.625,8803,33.01125,19298,43.4205,0
2026-04-08,15:22:49.940711,445796,8699,32.62125,8808,33.03,19298,43.4205,0
2026-04-08,15:22:49.940711,445827,8692,32.595,8808,33.03,19296,43.416,0
2026-04-08,15:22:49.940711,445859,8696,32.61,8797,32.98875,19295,43.41375,0
2026-04-08,15:22:49.940711,445890,8697,32.61375,8811,33.04125,19296,43.416,0
2026-04-08,15:22:49.940711,445922,8701,32.62875,8806,33.0225,19297,43.41825,0
2026-04-08,15:22:49.940711,445953,8699,32.62125,8803,33.01125,19297,43.41825,0
2026-04-08,15:22:49.940711,445985,8693,32.59875,8808,33.03,19296,43.416,0
2026-04-08,15:22:49.940711,446016,8696,32.61,8800,33,19297,43.41825,0
2026-04-08,15:22:49.940711,446047,8699,32.62125,8798,32.9925,19296,43.416,0
2026-04-08,15:22:49.940711,446079,8699,32.62125,8805,33.01875,19294,43.4115,0
2026-04-08,15:22:50.775362,446312,8699,32.62125,8798,32.9925,19294,43.4115,0
2026-04-08,15:22:50.775362,446445,8696,32.61,8793,32.97375,19293,43.40925,0
2026-04-08,15:22:50.775362,446477,8692,32.595,8803,33.01125,19293,43.40925,0
2026-04-08,15:22:50.775362,446509,8694,32.6025,8802,33.0075,19292,43.407,0
2026-04-08,15:22:50.775362,446540,8690,32.5875,8792,32.97,19292,43.407,0
2026-04-08,15:22:50.775362,446571,8693,32.59875,8800,33,19291,43.40475,0
2026-04-08,15:22:50.775362,446603,8690,32.5875,8800,33,19294,43.4115,0
2026-04-08,15:22:50.775362,446634,8686,32.5725,8802,33.0075,19293,43.40925,0
2026-04-08,15:22:50.775362,446666,8693,32.59875,8797,32.98875,19292,43.407,0
2026-04-08,15:22:50.775362,446697,8691,32.59125,8798,32.9925,19292,43.407,0
2026-04-08,15:22:50.775362,446729,8688,32.58,8792,32.97,19292,43.407,0
2026-04-08,15:22:50.775362,446760,8687,32.57625,8798,32.9925,19291,43.40475,0
2026-04-08,15:22:50.775362,446792,8694,32.6025,8799,32.99625,19292,43.407,0
2026-04-08,15:22:50.775362,446823,8697,32.61375,8805,33.01875,19291,43.40475,0
2026-04-08,15:22:50.775362,446854,8683,32.56125,8799,32.99625,19291,43.40475,0
2026-04-08,15:22:50.775362,446886,8694,32.6025,8799,32.99625,19290,43.4025,0
2026-04-08,15:22:50.775362,446917,8690,32.5875,8797,32.98875,19289,43.40025,0
2026-04-08,15:22:50.775362,446949,8684,32.565,8795,32.98125,19291,43.40475,0
2026-04-08,15:22:50.775362,446980,8691,32.59125,8794,32.9775,19290,43.4025,0
2026-04-08,15:22:50.775362,447012,8687,32.57625,8795,32.98125,19290,43.4025,0
2026-04-08,15:22:51.780174,447223,8692,32.595,8800,33,19289,43.40025,0
2026-04-08,15:22:51.780174,447356,8692,32.595,8787,32.95125,19288,43.398,0
2026-04-08,15:22:51.780174,447387,8694,32.6025,8793,32.97375,19287,43.39575,0
2026-04-08,15:22:51.780174,447419,8687,32.57625,8802,33.0075,19287,43.39575,0
2026-04-08,15:22:51.780174,447450,8691,32.59125,8787,32.95125,19287,43.39575,0
2026-04-08,15:22:51.780174,447482,8684,32.565,8797,32.98875,19287,43.39575,0
2026-04-08,15:22:51.780174,447514,8681,32.55375,8789,32.95875,19286,43.3935,0
2026-04-08,15:22:51.780174,447545,8685,32.56875,8793,32.97375,19287,43.39575,0
2026-04-08,15:22:51.780174,447576,8684,32.565,8796,32.985,19287,43.39575,0
2026-04-08,15:22:51.780174,447608,8683,32.56125,8801,33.00375,19287,43.39575,0
2026-04-08,15:22:51.780174,447639,8692,32.595,8795,32.98125,19286,43.3935,0
2026-04-08,15:22:51.780174,447670,8693,32.59875,8795,32.98125,19286,43.3935,0
2026-04-08,15:22:51.780174,447702,8685,32.56875,8792,32.97,19286,43.3935,0
2026-04-08,15:22:51.780174,447733,8694,32.6025,8795,32.98125,19284,43.389,0
2026-04-08,15:22:51.780174,447765,8686,32.5725,8799,32.99625,19285,43.39125,0
2026-04-08,15:22:51.780174,447796,8683,32.56125,8793,32.97375,19284,43.389,0
2026-04-08,15:22:51.780174,447828,8686,32.5725,8792,32.97,19285,43.39125,0
2026-04-08,15:22:51.780174,447859,8685,32.56875,8797,32.98875,19286,43.3935,0
2026-04-08,15:22:51.780174,447890,8681,32.55375,8796,32.985,19284,43.389,0
2026-04-08,15:22:51.780174,447922,8687,32.57625,8793,32.97375,19285,43.39125,0
2026-04-08,15:22:52.686947,448151,8676,32.535,8783,32.93625,19282,43.3845,0
2026-04-08,15:22:52.686947,448285,8686,32.5725,8787,32.95125,19282,43.3845,0
2026-04-08,15:22:52.686947,448316,8685,32.56875,8790,32.9625,19282,43.3845,0
2026-04-08,15:22:52.686947,448348,8682,32.5575,8790,32.9625,19282,43.3845,0
2026-04-08,15:22:52.686947,448380,8689,32.58375,8788,32.955,19282,43.3845,0
2026-04-08,15:22:52.686947,448411,8680,32.55,8790,32.9625,19280,43.38,0
2026-04-08,15:22:52.686947,448443,8681,32.55375,8785,32.94375,19282,43.3845,0
2026-04-08,15:22:52.686947,448474,8677,32.53875,8786,32.9475,19281,43.38225,0
2026-04-08,15:22:52.686947,448505,8678,32.5425,8785,32.94375,19282,43.3845,0
2026-04-08,15:22:52.686947,448537,8676,32.535,8788,32.955,19281,43.38225,0
2026-04-08,15:22:52.686947,448568,8685,32.56875,8789,32.95875,19280,43.38,0
2026-04-08,15:22:52.686947,448600,8686,32.5725,8787,32.95125,19280,43.38,0
2026-04-08,15:22:52.686947,448631,8682,32.5575,8787,32.95125,19280,43.38,0
2026-04-08,15:22:52.686947,448663,8684,32.565,8782,32.9325,19279,43.37775,0
2026-04-08,15:22:52.686947,448694,8684,32.565,8779,32.92125,19280,43.38,0
2026-04-08,15:22:52.686947,448725,8684,32.565,8782,32.9325,19279,43.37775,0
2026-04-08,15:22:52.686947,448757,8681,32.55375,8787,32.95125,19279,43.37775,0
2026-04-08,15:22:52.686947,448788,8680,32.55,8780,32.925,19280,43.38,0
2026-04-08,15:22:52.686947,448819,8675,32.53125,8788,32.955,19280,43.38,0
2026-04-08,15:22:52.686947,448851,8675,32.53125,8790,32.9625,19279,43.37775,0
2026-04-08,15:22:53.543258,449057,8681,32.55375,8788,32.955,19278,43.3755,0
2026-04-08,15:22:53.543258,449191,8681,32.55375,8778,32.9175,19276,43.371,0
2026-04-08,15:22:53.543258,449222,8677,32.53875,8782,32.9325,19276,43.371,0
2026-04-08,15:22:53.543258,449254,8683,32.56125,8784,32.94,19276,43.371,0
2026-04-08,15:22:53.543258,449285,8682,32.5575,8779,32.92125,19277,43.37325,0
2026-04-08,15:22:53.543258,449317,8684,32.565,8785,32.94375,19276,43.371,0
2026-04-08,15:22:53.543258,449348,8683,32.56125,8783,32.93625,19276,43.371,0
2026-04-08,15:22:53.543258,449380,8679,32.54625,8770,32.8875,19275,43.36875,0
2026-04-08,15:22:53.543258,449411,8673,32.52375,8781,32.92875,19274,43.3665,0
2026-04-08,15:22:53.543258,449442,8675,32.53125,8787,32.95125,19276,43.371,0
2026-04-08,15:22:53.543258,449474,8669,32.50875,8780,32.925,19275,43.36875,0
2026-04-08,15:22:53.543258,449505,8677,32.53875,8781,32.92875,19275,43.36875,0
2026-04-08,15:22:53.543258,449536,8674,32.5275,8778,32.9175,19274,43.3665,0
2026-04-08,15:22:53.543258,449568,8673,32.52375,8788,32.955,19273,43.36425,0
2026-04-08,15:22:53.543258,449600,8670,32.5125,8777,32.91375,19274,43.3665,0
2026-04-08,15:22:53.543258,449631,8674,32.5275,8774,32.9025,19274,43.3665,0
2026-04-08,15:22:53.543258,449662,8670,32.5125,8774,32.9025,19273,43.36425,0
2026-04-08,15:22:53.543258,449694,8671,32.51625,8779,32.92125,19273,43.36425,0
2026-04-08,15:22:53.543258,449725,8673,32.52375,8776,32.91,19273,43.36425,0
2026-04-08,15:22:53.543258,449757,8676,32.535,8770,32.8875,19273,43.36425,0
2026-04-08,15:22:54.362708,449930,8673,32.52375,8767,32.87625,19273,43.36425,0
2026-04-08,15:22:54.362708,450064,8672,32.52,8777,32.91375,19272,43.362,0
2026-04-08,15:22:54.362708,450096,8671,32.51625,8778,32.9175,19271,43.35975,0
2026-04-08,15:22:54.362708,450127,8669,32.50875,8783,32.93625,19271,43.35975,0
2026-04-08,15:22:54.362708,450158,8673,32.52375,8776,32.91,19269,43.35525,0
2026-04-08,15:22:54.362708,450190,8675,32.53125,8776,32.91,19270,43.3575,0
2026-04-08,15:22:54.362708,450222,8669,32.50875,8776,32.91,19270,43.3575,0
2026-04-08,15:22:54.362708,450253,8667,32.50125,8772,32.895,19270,43.3575,0
2026-04-08,15:22:54.362708,450285,8672,32.52,8781,32.92875,19271,43.35975,0
2026-04-08,15:22:54.362708,450316,8671,32.51625,8782,32.9325,19271,43.35975,0
2026-04-08,15:22:54.362708,450347,8665,32.49375,8780,32.925,19269,43.35525,0
2026-04-08,15:22:54.362708,450379,8663,32.48625,8786,32.9475,19270,43.3575,0
2026-04-08,15:22:54.362708,450410,8669,32.50875,8778,32.9175,19269,43.35525,0
2026-04-08,15:22:54.362708,450441,8665,32.49375,8774,32.9025,19269,43.35525,0
2026-04-08,15:22:54.362708,450473,8668,32.505,8773,32.89875,19268,43.353,0
2026-04-08,15:22:54.362708,450504,8669,32.50875,8770,32.8875,19267,43.35075,0
2026-04-08,15:22:54.362708,450536,8678,32.5425,8770,32.8875,19269,43.35525,0
2026-04-08,15:22:54.362708,450567,8663,32.48625,8774,32.9025,19268,43.353,0
2026-04-08,15:22:54.362708,450599,8669,32.50875,8780,32.925,19268,43.353,0
2026-04-08,15:22:54.362708,450630,8666,32.4975,8771,32.89125,19268,43.353,0
2026-04-08,15:22:57.409897,450791,8663,32.48625,8771,32.89125,19266,43.3485,0
2026-04-08,15:22:57.409897,450924,8669,32.50875,8778,32.9175,19265,43.34625,0
2026-04-08,15:22:57.409897,450956,8663,32.48625,8764,32.865,19266,43.3485,0
2026-04-08,15:22:57.409897,450987,8668,32.505,8776,32.91,19264,43.344,0
2026-04-08,15:22:57.409897,451019,8676,32.535,8767,32.87625,19265,43.34625,0
2026-04-08,15:22:57.409897,451050,8669,32.50875,8773,32.89875,19265,43.34625,0
2026-04-08,15:22:57.409897,451081,8670,32.5125,8774,32.9025,19265,43.34625,0
2026-04-08,15:22:57.409897,451113,8674,32.5275,8771,32.89125,19265,43.34625,0
2026-04-08,15:22:57.409897,451144,8668,32.505,8772,32.895,19264,43.344,0
2026-04-08,15:22:57.409897,451176,8667,32.50125,8764,32.865,19265,43.34625,0
2026-04-08,15:22:57.409897,451207,8661,32.47875,8771,32.89125,19265,43.34625,0
2026-04-08,15:22:57.409897,451239,8664,32.49,8773,32.89875,19266,43.3485,0
2026-04-08,15:22:57.409897,451270,8658,32.4675,8766,32.8725,19264,43.344,0
2026-04-08,15:22:57.409897,451302,8663,32.48625,8770,32.8875,19263,43.34175,0
2026-04-08,15:22:57.409897,451333,8666,32.4975,8771,32.89125,19264,43.344,0
2026-04-08,15:22:57.409897,451364,8664,32.49,8772,32.895,19263,43.34175,0
2026-04-08,15:22:57.409897,451396,8663,32.48625,8776,32.91,19262,43.3395,0
2026-04-08,15:22:57.409897,451427,8660,32.475,8770,32.8875,19263,43.34175,0
2026-04-08,15:22:57.409897,451458,8661,32.47875,8764,32.865,19262,43.3395,0
2026-04-08,15:22:57.409897,451490,8662,32.4825,8771,32.89125,19261,43.33725,0
2026-04-08,15:22:57.409897,452883,8653,32.44875,8762,32.8575,19254,43.3215,0
2026-04-08,15:22:57.409897,453016,8657,32.46375,8758,32.8425,19252,43.317,0
2026-04-08,15:22:57.409897,453049,8663,32.48625,8758,32.8425,19251,43.31475,0
2026-04-08,15:22:57.409897,453080,8660,32.475,8758,32.8425,19253,43.31925,0
2026-04-08,15:22:57.409897,453111,8662,32.4825,8757,32.83875,19252,43.317,0
2026-04-08,15:22:57.409897,453143,8660,32.475,8754,32.8275,19252,43.317,0
2026-04-08,15:22:57.409897,453174,8655,32.45625,8759,32.84625,19251,43.31475,0
2026-04-08,15:22:57.409897,453206,8659,32.47125,8756,32.835,19251,43.31475,0
2026-04-08,15:22:57.409897,453237,8663,32.48625,8749,32.80875,19250,43.3125,0
2026-04-08,15:22:57.409897,453269,8655,32.45625,8749,32.80875,19251,43.31475,0
2026-04-08,15:22:57.409897,453300,8652,32.445,8762,32.8575,19252,43.317,0
2026-04-08,15:22:57.409897,453331,8656,32.46,8754,32.8275,19251,43.31475,0
2026-04-08,15:22:57.409897,453363,8658,32.4675,8759,32.84625,19250,43.3125,0
2026-04-08,15:22:57.409897,453394,8658,32.4675,8757,32.83875,19252,43.317,0
2026-04-08,15:22:57.409897,453426,8656,32.46,8750,32.8125,19249,43.31025,0
2026-04-08,15:22:57.409897,453457,8657,32.46375,8747,32.80125,19249,43.31025,0
2026-04-08,15:22:57.409897,453489,8658,32.4675,8755,32.83125,19251,43.31475,0
2026-04-08,15:22:57.409897,453520,8654,32.4525,8750,32.8125,19250,43.3125,0
2026-04-08,15:22:57.409897,453552,8647,32.42625,8756,32.835,19250,43.3125,0
2026-04-08,15:22:57.409897,453583,8646,32.4225,8758,32.8425,19249,43.31025,0
2026-04-08,15:22:58.244152,453784,8646,32.4225,8757,32.83875,19248,43.308,0
2026-04-08,15:22:58.244152,453917,8650,32.4375,8753,32.82375,19248,43.308,0
2026-04-08,15:22:58.244152,453949,8649,32.43375,8752,32.82,19247,43.30575,0
2026-04-08,15:22:58.244152,453981,8644,32.415,8755,32.83125,19247,43.30575,0
2026-04-08,15:22:58.244152,454012,8643,32.41125,8745,32.79375,19248,43.308,0
2026-04-08,15:22:58.244152,454043,8640,32.4,8756,32.835,19247,43.30575,0
2026-04-08,15:22:58.244152,454075,8643,32.41125,8752,32.82,19247,43.30575,0
2026-04-08,15:22:58.244152,454106,8643,32.41125,8751,32.81625,19246,43.3035,0
2026-04-08,15:22:58.244152,454138,8646,32.4225,8754,32.8275,19246,43.3035,0
2026-04-08,15:22:58.244152,454169,8647,32.42625,8754,32.8275,19245,43.30125,0
2026-04-08,15:22:58.244152,454201,8646,32.4225,8751,32.81625,19245,43.30125,0
2026-04-08,15:22:58.244152,454232,8641,32.40375,8747,32.80125,19246,43.3035,0
2026-04-08,15:22:58.244152,454264,8641,32.40375,8750,32.8125,19245,43.30125,0
2026-04-08,15:22:58.244152,454295,8639,32.39625,8751,32.81625,19245,43.30125,0
2026-04-08,15:22:58.244152,454326,8646,32.4225,8750,32.8125,19245,43.30125,0
2026-04-08,15:22:58.244152,454358,8645,32.41875,8754,32.8275,19245,43.30125,0
2026-04-08,15:22:58.244152,454389,8643,32.41125,8747,32.80125,19245,43.30125,0
2026-04-08,15:22:58.244152,454421,8644,32.415,8747,32.80125,19243,43.29675,0
2026-04-08,15:22:58.244152,454452,8650,32.4375,8745,32.79375,19243,43.29675,0
2026-04-08,15:22:58.244152,454484,8647,32.42625,8752,32.82,19245,43.30125,0
2026-04-08,15:22:59.137213,454642,8654,32.4525,8750,32.8125,19243,43.29675,0
2026-04-08,15:22:59.137213,454776,8644,32.415,8747,32.80125,19243,43.29675,0
2026-04-08,15:22:59.137213,454808,8641,32.40375,8752,32.82,19241,43.29225,0
2026-04-08,15:22:59.137213,454839,8642,32.4075,8748,32.805,19240,43.29,0
2026-04-08,15:22:59.137213,454870,8643,32.41125,8752,32.82,19241,43.29225,0
2026-04-08,15:22:59.137213,454902,8646,32.4225,8751,32.81625,19241,43.29225,0
2026-04-08,15:22:59.137213,454934,8646,32.4225,8745,32.79375,19242,43.2945,0
2026-04-08,15:22:59.137213,454965,8638,32.3925,8746,32.7975,19239,43.28775,0
2026-04-08,15:22:59.137213,454997,8640,32.4,8748,32.805,19241,43.29225,0
2026-04-08,15:22:59.137213,455028,8642,32.4075,8744,32.79,19241,43.29225,0
2026-04-08,15:22:59.137213,455059,8648,32.43,8746,32.7975,19240,43.29,0
2026-04-08,15:22:59.137213,455091,8637,32.38875,8744,32.79,19240,43.29,0
2026-04-08,15:22:59.137213,455122,8635,32.38125,8749,32.80875,19239,43.28775,0
2026-04-08,15:22:59.137213,455154,8636,32.385,8756,32.835,19241,43.29225,0
2026-04-08,15:22:59.137213,455186,8638,32.3925,8748,32.805,19239,43.28775,0
2026-04-08,15:22:59.137213,455217,8641,32.40375,8752,32.82,19239,43.28775,0
2026-04-08,15:22:59.137213,455248,8640,32.4,8755,32.83125,19239,43.28775,0
2026-04-08,15:22:59.137213,455279,8637,32.38875,8749,32.80875,19238,43.2855,0
2026-04-08,15:22:59.137213,455311,8636,32.385,8741,32.77875,19239,43.28775,0
2026-04-08,15:22:59.137213,455343,8634,32.3775,8744,32.79,19239,43.28775,0
2026-04-08,15:22:59.989985,455508,8632,32.37,8749,32.80875,19236,43.281,0
2026-04-08,15:22:59.989985,455641,8646,32.4225,8737,32.76375,19236,43.281,0
2026-04-08,15:22:59.989985,455673,8641,32.40375,8751,32.81625,19236,43.281,0
2026-04-08,15:22:59.989985,455705,8643,32.41125,8744,32.79,19235,43.27875,0
2026-04-08,15:22:59.989985,455737,8642,32.4075,8745,32.79375,19235,43.27875,0
2026-04-08,15:22:59.989985,455768,8641,32.40375,8745,32.79375,19235,43.27875,0
2026-04-08,15:22:59.989985,455800,8635,32.38125,8739,32.77125,19237,43.28325,0
2026-04-08,15:22:59.989985,455831,8633,32.37375,8735,32.75625,19236,43.281,0
2026-04-08,15:22:59.989985,455862,8638,32.3925,8743,32.78625,19236,43.281,0
2026-04-08,15:22:59.989985,455894,8636,32.385,8738,32.7675,19234,43.2765,0
2026-04-08,15:22:59.989985,455925,8631,32.36625,8741,32.77875,19233,43.27425,0
2026-04-08,15:22:59.989985,455957,8633,32.37375,8741,32.77875,19235,43.27875,0
2026-04-08,15:22:59.989985,455988,8628,32.355,8738,32.7675,19236,43.281,0
2026-04-08,15:22:59.989985,456020,8636,32.385,8744,32.79,19235,43.27875,0
2026-04-08,15:22:59.989985,456051,8629,32.35875,8742,32.7825,19235,43.27875,0
2026-04-08,15:22:59.989985,456082,8636,32.385,8739,32.77125,19235,43.27875,0
2026-04-08,15:22:59.989985,456114,8637,32.38875,8741,32.77875,19233,43.27425,0
2026-04-08,15:22:59.989985,456145,8630,32.3625,8739,32.77125,19235,43.27875,0
2026-04-08,15:22:59.989985,456177,8633,32.37375,8741,32.77875,19233,43.27425,0
2026-04-08,15:22:59.989985,456208,8630,32.3625,8740,32.775,19233,43.27425,0
2026-04-08,15:23:00.909661,456379,8638,32.3925,8733,32.74875,19231,43.26975,0
2026-04-08,15:23:00.909661,456513,8634,32.3775,8739,32.77125,19231,43.26975,0
2026-04-08,15:23:00.909661,456545,8625,32.34375,8738,32.7675,19231,43.26975,0
2026-04-08,15:23:00.909661,456576,8622,32.3325,8741,32.77875,19230,43.2675,0
2026-04-08,15:23:00.909661,456607,8626,32.3475,8733,32.74875,19230,43.2675,0
2026-04-08,15:23:00.909661,456639,8626,32.3475,8731,32.74125,19231,43.26975,0
2026-04-08,15:23:00.909661,456671,8621,32.32875,8742,32.7825,19231,43.26975,0
2026-04-08,15:23:00.909661,456702,8626,32.3475,8730,32.7375,19231,43.26975,0
2026-04-08,15:23:00.909661,456734,8627,32.35125,8745,32.79375,19231,43.26975,0
2026-04-08,15:23:00.909661,456765,8628,32.355,8735,32.75625,19230,43.2675,0
2026-04-08,15:23:00.909661,456796,8626,32.3475,8737,32.76375,19229,43.26525,0
2026-04-08,15:23:00.909661,456828,8624,32.34,8732,32.745,19230,43.2675,0
2026-04-08,15:23:00.909661,456859,8631,32.36625,8744,32.79,19228,43.263,0
2026-04-08,15:23:00.909661,456891,8623,32.33625,8734,32.7525,19229,43.26525,0
2026-04-08,15:23:00.909661,456922,8625,32.34375,8730,32.7375,19229,43.26525,0
2026-04-08,15:23:00.909661,456954,8624,32.34,8742,32.7825,19228,43.263,0
2026-04-08,15:23:00.909661,456985,8617,32.31375,8737,32.76375,19228,43.263,0
2026-04-08,15:23:00.909661,457016,8621,32.32875,8731,32.74125,19228,43.263,0
2026-04-08,15:23:00.909661,457048,8616,32.31,8734,32.7525,19227,43.26075,0
2026-04-08,15:23:00.909661,457080,8617,32.31375,8733,32.74875,19227,43.26075,0
2026-04-08,15:23:01.719221,457280,8630,32.3625,8728,32.73,19226,43.2585,0
2026-04-08,15:23:01.719221,457413,8633,32.37375,8730,32.7375,19226,43.2585,0
2026-04-08,15:23:01.719221,457446,8625,32.34375,8729,32.73375,19225,43.25625,0
2026-04-08,15:23:01.719221,457477,8629,32.35875,8730,32.7375,19224,43.254,0
2026-04-08,15:23:01.719221,457508,8620,32.325,8731,32.74125,19225,43.25625,0
2026-04-08,15:23:01.719221,457540,8617,32.31375,8730,32.7375,19224,43.254,0
2026-04-08,15:23:01.719221,457572,8624,32.34,8732,32.745,19224,43.254,0
2026-04-08,15:23:01.719221,457603,8626,32.3475,8728,32.73,19224,43.254,0
2026-04-08,15:23:01.719221,457634,8626,32.3475,8733,32.74875,19225,43.25625,0
2026-04-08,15:23:01.719221,457666,8629,32.35875,8733,32.74875,19224,43.254,0
2026-04-08,15:23:01.719221,457697,8624,32.34,8729,32.73375,19222,43.2495,0
2026-04-08,15:23:01.719221,457728,8615,32.30625,8725,32.71875,19223,43.25175,0
2026-04-08,15:23:01.719221,457760,8625,32.34375,8730,32.7375,19224,43.254,0
2026-04-08,15:23:01.719221,457791,8621,32.32875,8734,32.7525,19223,43.25175,0
2026-04-08,15:23:01.719221,457823,8621,32.32875,8736,32.76,19222,43.2495,0
2026-04-08,15:23:01.719221,457854,8622,32.3325,8725,32.71875,19223,43.25175,0
2026-04-08,15:23:01.719221,457886,8622,32.3325,8727,32.72625,19222,43.2495,0
2026-04-08,15:23:01.719221,457917,8624,32.34,8732,32.745,19223,43.25175,0
2026-04-08,15:23:01.719221,457950,8623,32.33625,8732,32.745,19222,43.2495,0
2026-04-08,15:23:01.719221,457981,8625,32.34375,8736,32.76,19221,43.24725,0
2026-04-08,15:23:02.534300,458090,8625,32.34375,8725,32.71875,19220,43.245,0
2026-04-08,15:23:02.534300,458223,8618,32.3175,8724,32.715,19220,43.245,0
2026-04-08,15:23:02.534300,458255,8623,32.33625,8728,32.73,19221,43.24725,0
2026-04-08,15:23:02.534300,458287,8621,32.32875,8728,32.73,19219,43.24275,0
2026-04-08,15:23:02.534300,458318,8615,32.30625,8725,32.71875,19220,43.245,0
2026-04-08,15:23:02.534300,458349,8622,32.3325,8719,32.69625,19220,43.245,0
2026-04-08,15:23:02.534300,458381,8625,32.34375,8735,32.75625,19219,43.24275,0
2026-04-08,15:23:02.534300,458412,8622,32.3325,8722,32.7075,19219,43.24275,0
2026-04-08,15:23:02.534300,458444,8623,32.33625,8725,32.71875,19218,43.2405,0
2026-04-08,15:23:02.534300,458475,8623,32.33625,8724,32.715,19218,43.2405,0
2026-04-08,15:23:02.534300,458507,8616,32.31,8737,32.76375,19219,43.24275,0
2026-04-08,15:23:02.534300,458538,8620,32.325,8731,32.74125,19218,43.2405,0
2026-04-08,15:23:02.534300,458570,8612,32.295,8725,32.71875,19217,43.23825,0
2026-04-08,15:23:02.534300,458601,8617,32.31375,8722,32.7075,19218,43.2405,0
2026-04-08,15:23:02.534300,458632,8620,32.325,8728,32.73,19219,43.24275,0
2026-04-08,15:23:02.534300,458664,8622,32.3325,8730,32.7375,19217,43.23825,0
2026-04-08,15:23:02.534300,458695,8616,32.31,8723,32.71125,19217,43.23825,0
2026-04-08,15:23:02.534300,458727,8614,32.3025,8733,32.74875,19216,43.236,0
2026-04-08,15:23:02.534300,458758,8623,32.33625,8727,32.72625,19216,43.236,0
2026-04-08,15:23:02.534300,458790,8609,32.28375,8728,32.73,19217,43.23825,0
2026-04-08,15:23:03.540176,458999,8608,32.28,8721,32.70375,19214,43.2315,0
2026-04-08,15:23:03.540176,459132,8614,32.3025,8722,32.7075,19214,43.2315,0
2026-04-08,15:23:03.540176,459164,8617,32.31375,8716,32.685,19214,43.2315,0
2026-04-08,15:23:03.540176,459196,8619,32.32125,8714,32.6775,19215,43.23375,0
2026-04-08,15:23:03.540176,459227,8618,32.3175,8727,32.72625,19215,43.23375,0
2026-04-08,15:23:03.540176,459258,8614,32.3025,8715,32.68125,19214,43.2315,0
2026-04-08,15:23:03.540176,459290,8612,32.295,8720,32.7,19214,43.2315,0
2026-04-08,15:23:03.540176,459321,8623,32.33625,8719,32.69625,19212,43.227,0
2026-04-08,15:23:03.540176,459352,8621,32.32875,8721,32.70375,19214,43.2315,0
2026-04-08,15:23:03.540176,459384,8612,32.295,8722,32.7075,19213,43.22925,0
2026-04-08,15:23:03.540176,459415,8612,32.295,8722,32.7075,19212,43.227,0
2026-04-08,15:23:03.540176,459447,8611,32.29125,8711,32.66625,19213,43.22925,0
2026-04-08,15:23:03.540176,459478,8618,32.3175,8716,32.685,19212,43.227,0
2026-04-08,15:23:03.540176,459510,8622,32.3325,8713,32.67375,19211,43.22475,0
2026-04-08,15:23:03.540176,459541,8613,32.29875,8715,32.68125,19212,43.227,0
2026-04-08,15:23:03.540176,459572,8617,32.31375,8716,32.685,19211,43.22475,0
2026-04-08,15:23:03.540176,459604,8618,32.3175,8710,32.6625,19213,43.22925,0
2026-04-08,15:23:03.540176,459635,8617,32.31375,8722,32.7075,19212,43.227,0
2026-04-08,15:23:03.540176,459666,8614,32.3025,8716,32.685,19212,43.227,0
2026-04-08,15:23:03.540176,459698,8615,32.30625,8721,32.70375,19210,43.2225,0
2026-04-08,15:23:04.461839,459922,8607,32.27625,8713,32.67375,19209,43.22025,0
2026-04-08,15:23:04.461839,460055,8616,32.31,8715,32.68125,19208,43.218,0
2026-04-08,15:23:04.461839,460087,8612,32.295,8719,32.69625,19207,43.21575,0
2026-04-08,15:23:04.461839,460119,8612,32.295,8706,32.6475,19209,43.22025,0
2026-04-08,15:23:04.461839,460150,8617,32.31375,8715,32.68125,19207,43.21575,0
2026-04-08,15:23:04.461839,460182,8610,32.2875,8714,32.6775,19208,43.218,0
2026-04-08,15:23:04.461839,460213,8606,32.2725,8714,32.6775,19208,43.218,0
2026-04-08,15:23:04.461839,460245,8602,32.2575,8714,32.6775,19207,43.21575,0
2026-04-08,15:23:04.461839,460276,8610,32.2875,8717,32.68875,19208,43.218,0
2026-04-08,15:23:04.461839,460308,8607,32.27625,8714,32.6775,19208,43.218,0
2026-04-08,15:23:04.461839,460339,8608,32.28,8711,32.66625,19207,43.21575,0
2026-04-08,15:23:04.461839,460370,8601,32.25375,8719,32.69625,19207,43.21575,0
2026-04-08,15:23:04.461839,460402,8605,32.26875,8717,32.68875,19207,43.21575,0
2026-04-08,15:23:04.461839,460433,8603,32.26125,8716,32.685,19205,43.21125,0
2026-04-08,15:23:04.461839,460464,8605,32.26875,8718,32.6925,19206,43.2135,0
2026-04-08,15:23:04.461839,460496,8606,32.2725,8714,32.6775,19206,43.2135,0
2026-04-08,15:23:04.461839,460527,8607,32.27625,8708,32.655,19206,43.2135,0
2026-04-08,15:23:04.461839,460559,8606,32.2725,8710,32.6625,19204,43.209,0
2026-04-08,15:23:04.461839,460590,8596,32.235,8705,32.64375,19205,43.21125,0
2026-04-08,15:23:04.461839,460622,8605,32.26875,8708,32.655,19205,43.21125,0
2026-04-08,15:23:05.382411,460841,8601,32.25375,8705,32.64375,19205,43.21125,0
2026-04-08,15:23:05.382411,460974,8603,32.26125,8712,32.67,19202,43.2045,0
2026-04-08,15:23:05.382411,461006,8603,32.26125,8703,32.63625,19203,43.20675,0
2026-04-08,15:23:05.382411,461038,8614,32.3025,8707,32.65125,19202,43.2045,0
2026-04-08,15:23:05.382411,461069,8598,32.2425,8712,32.67,19202,43.2045,0
2026-04-08,15:23:05.382411,461101,8600,32.25,8716,32.685,19201,43.20225,0
2026-04-08,15:23:05.382411,461132,8603,32.26125,8712,32.67,19204,43.209,0
2026-04-08,15:23:05.382411,461164,8611,32.29125,8708,32.655,19203,43.20675,0
2026-04-08,15:23:05.382411,461195,8606,32.2725,8711,32.66625,19203,43.20675,0
2026-04-08,15:23:05.382411,461227,8611,32.29125,8703,32.63625,19200,43.2,0
2026-04-08,15:23:05.382411,461258,8605,32.26875,8709,32.65875,19201,43.20225,0
2026-04-08,15:23:05.382411,461289,8608,32.28,8708,32.655,19200,43.2,0
2026-04-08,15:23:05.382411,461320,8602,32.2575,8698,32.6175,19200,43.2,0
2026-04-08,15:23:05.382411,461352,8594,32.2275,8711,32.66625,19201,43.20225,0
2026-04-08,15:23:05.382411,461384,8601,32.25375,8695,32.60625,19201,43.20225,0
2026-04-08,15:23:05.382411,461415,8604,32.265,8709,32.65875,19200,43.2,0
2026-04-08,15:23:05.382411,461446,8595,32.23125,8702,32.6325,19201,43.20225,0
2026-04-08,15:23:05.382411,461478,8599,32.24625,8703,32.63625,19199,43.19775,0
2026-04-08,15:23:05.382411,461509,8604,32.265,8711,32.66625,19200,43.2,0
2026-04-08,15:23:05.382411,461541,8593,32.22375,8708,32.655,19200,43.2,0
2026-04-08,15:23:06.229900,461753,8598,32.2425,8694,32.6025,19197,43.19325,0
2026-04-08,15:23:06.229900,461887,8596,32.235,8710,32.6625,19196,43.191,0
2026-04-08,15:23:06.229900,461918,8600,32.25,8702,32.6325,19197,43.19325,0
2026-04-08,15:23:06.229900,461950,8593,32.22375,8707,32.65125,19196,43.191,0
2026-04-08,15:23:06.229900,461981,8595,32.23125,8705,32.64375,19196,43.191,0
2026-04-08,15:23:06.229900,462013,8598,32.2425,8702,32.6325,19196,43.191,0
2026-04-08,15:23:06.229900,462044,8592,32.22,8697,32.61375,19195,43.18875,0
2026-04-08,15:23:06.229900,462076,8593,32.22375,8700,32.625,19196,43.191,0
2026-04-08,15:23:06.229900,462107,8595,32.23125,8699,32.62125,19195,43.18875,0
2026-04-08,15:23:06.229900,462138,8596,32.235,8702,32.6325,19194,43.1865,0
2026-04-08,15:23:06.229900,462170,8592,32.22,8704,32.64,19195,43.18875,0
2026-04-08,15:23:06.229900,462201,8590,32.2125,8704,32.64,19196,43.191,0
2026-04-08,15:23:06.229900,462233,8597,32.23875,8702,32.6325,19194,43.1865,0
2026-04-08,15:23:06.229900,462264,8596,32.235,8708,32.655,19195,43.18875,0
2026-04-08,15:23:06.229900,462296,8600,32.25,8697,32.61375,19193,43.18425,0
2026-04-08,15:23:06.229900,462327,8590,32.2125,8704,32.64,19195,43.18875,0
2026-04-08,15:23:06.229900,462359,8599,32.24625,8696,32.61,19194,43.1865,0
2026-04-08,15:23:06.229900,462390,8597,32.23875,8698,32.6175,19193,43.18425,0
2026-04-08,15:23:06.229900,462421,8592,32.22,8690,32.5875,19194,43.1865,0
2026-04-08,15:23:06.229900,462453,8596,32.235,8698,32.6175,19195,43.18875,0
2026-04-08,15:23:07.044573,462608,8598,32.2425,8704,32.64,19193,43.18425,0
2026-04-08,15:23:07.044573,462742,8594,32.2275,8697,32.61375,19191,43.17975,0
2026-04-08,15:23:07.044573,462774,8591,32.21625,8698,32.6175,19191,43.17975,0
2026-04-08,15:23:07.044573,462806,8599,32.24625,8694,32.6025,19192,43.182,0
2026-04-08,15:23:07.044573,462837,8595,32.23125,8700,32.625,19191,43.17975,0
2026-04-08,15:23:07.044573,462869,8594,32.2275,8703,32.63625,19192,43.182,0
2026-04-08,15:23:07.044573,462900,8598,32.2425,8693,32.59875,19189,43.17525,0
2026-04-08,15:23:07.044573,462931,8590,32.2125,8700,32.625,19190,43.1775,0
2026-04-08,15:23:07.044573,462963,8589,32.20875,8703,32.63625,19190,43.1775,0
2026-04-08,15:23:07.044573,462994,8592,32.22,8697,32.61375,19190,43.1775,0
2026-04-08,15:23:07.044573,463026,8587,32.20125,8691,32.59125,19190,43.1775,0
2026-04-08,15:23:07.044573,463057,8592,32.22,8696,32.61,19189,43.17525,0
2026-04-08,15:23:07.044573,463089,8592,32.22,8701,32.62875,19190,43.1775,0
2026-04-08,15:23:07.044573,463120,8592,32.22,8694,32.6025,19188,43.173,0
2026-04-08,15:23:07.044573,463151,8589,32.20875,8690,32.5875,19189,43.17525,0
2026-04-08,15:23:07.044573,463183,8578,32.1675,8694,32.6025,19189,43.17525,0
2026-04-08,15:23:07.044573,463214,8592,32.22,8696,32.61,19188,43.173,0
2026-04-08,15:23:07.044573,463245,8594,32.2275,8694,32.6025,19188,43.173,0
2026-04-08,15:23:07.044573,463277,8596,32.235,8695,32.60625,19188,43.173,0
2026-04-08,15:23:07.044573,463309,8587,32.20125,8697,32.61375,19189,43.17525,0
2026-04-08,15:23:07.967097,463504,8576,32.16,8703,32.63625,19186,43.1685,0
2026-04-08,15:23:07.967097,463637,8590,32.2125,8685,32.56875,19185,43.16625,0
2026-04-08,15:23:07.967097,463669,8595,32.23125,8682,32.5575,19185,43.16625,0
2026-04-08,15:23:07.967097,463701,8597,32.23875,8686,32.5725,19186,43.1685,0
2026-04-08,15:23:07.967097,463732,8597,32.23875,8685,32.56875,19185,43.16625,0
2026-04-08,15:23:07.967097,463763,8595,32.23125,8692,32.595,19184,43.164,0
2026-04-08,15:23:07.967097,463795,8594,32.2275,8691,32.59125,19186,43.1685,0
2026-04-08,15:23:07.967097,463826,8584,32.19,8687,32.57625,19183,43.16175,0
2026-04-08,15:23:07.967097,463857,8586,32.1975,8696,32.61,19185,43.16625,0
2026-04-08,15:23:07.967097,463889,8584,32.19,8696,32.61,19184,43.164,0
2026-04-08,15:23:07.967097,463920,8586,32.1975,8688,32.58,19183,43.16175,0
2026-04-08,15:23:07.967097,463952,8582,32.1825,8690,32.5875,19184,43.164,0
2026-04-08,15:23:07.967097,463983,8584,32.19,8690,32.5875,19184,43.164,0
2026-04-08,15:23:07.967097,464014,8587,32.20125,8692,32.595,19184,43.164,0
2026-04-08,15:23:07.967097,464046,8585,32.19375,8696,32.61,19183,43.16175,0
2026-04-08,15:23:07.967097,464077,8583,32.18625,8696,32.61,19183,43.16175,0
2026-04-08,15:23:07.967097,464109,8588,32.205,8691,32.59125,19183,43.16175,0
2026-04-08,15:23:07.967097,464140,8584,32.19,8693,32.59875,19182,43.1595,0
2026-04-08,15:23:07.967097,464172,8581,32.17875,8686,32.5725,19182,43.1595,0
2026-04-08,15:23:07.967097,464203,8586,32.1975,8689,32.58375,19183,43.16175,0
2026-04-08,15:23:08.779273,464339,8584,32.19,8691,32.59125,19180,43.155,0
2026-04-08,15:23:08.779273,464472,8579,32.17125,8692,32.595,19180,43.155,0
2026-04-08,15:23:08.779273,464505,8580,32.175,8689,32.58375,19181,43.15725,0
2026-04-08,15:23:08.779273,464536,8580,32.175,8685,32.56875,19180,43.155,0
2026-04-08,15:23:08.779273,464567,8579,32.17125,8689,32.58375,19179,43.15275,0
2026-04-08,15:23:08.779273,464599,8580,32.175,8689,32.58375,19179,43.15275,0
2026-04-08,15:23:08.779273,464630,8578,32.1675,8680,32.55,19180,43.155,0
2026-04-08,15:23:08.779273,464662,8578,32.1675,8687,32.57625,19180,43.155,0
2026-04-08,15:23:08.779273,464693,8579,32.17125,8688,32.58,19178,43.1505,0
2026-04-08,15:23:08.779273,464725,8583,32.18625,8690,32.5875,19179,43.15275,0
2026-04-08,15:23:08.779273,464756,8580,32.175,8687,32.57625,19179,43.15275,0
2026-04-08,15:23:08.779273,464787,8587,32.20125,8686,32.5725,19178,43.1505,0
2026-04-08,15:23:08.779273,464819,8578,32.1675,8686,32.5725,19179,43.15275,0
2026-04-08,15:23:08.779273,464850,8584,32.19,8683,32.56125,19178,43.1505,0
2026-04-08,15:23:08.779273,464882,8581,32.17875,8687,32.57625,19177,43.14825,0
2026-04-08,15:23:08.779273,464913,8579,32.17125,8687,32.57625,19177,43.14825,0
2026-04-08,15:23:08.779273,464945,8581,32.17875,8689,32.58375,19177,43.14825,0
2026-04-08,15:23:08.779273,464976,8581,32.17875,8682,32.5575,19177,43.14825,0
2026-04-08,15:23:08.779273,465007,8579,32.17125,8688,32.58,19178,43.1505,0
2026-04-08,15:23:08.779273,465039,8586,32.1975,8689,32.58375,19177,43.14825,0
2026-04-08,15:23:09.683628,465159,8579,32.17125,8686,32.5725,19175,43.14375,0
2026-04-08,15:23:09.683628,465291,8566,32.1225,8686,32.5725,19175,43.14375,0
2026-04-08,15:23:09.683628,465323,8576,32.16,8687,32.57625,19174,43.1415,0
2026-04-08,15:23:09.683628,465355,8583,32.18625,8685,32.56875,19175,43.14375,0
2026-04-08,15:23:09.683628,465386,8582,32.1825,8684,32.565,19174,43.1415,0
2026-04-08,15:23:09.683628,465417,8579,32.17125,8688,32.58,19174,43.1415,0
2026-04-08,15:23:09.683628,465449,8579,32.17125,8687,32.57625,19175,43.14375,0
2026-04-08,15:23:09.683628,465480,8569,32.13375,8679,32.54625,19175,43.14375,0
2026-04-08,15:23:09.683628,465512,8582,32.1825,8683,32.56125,19173,43.13925,0
2026-04-08,15:23:09.683628,465543,8577,32.16375,8685,32.56875,19173,43.13925,0
2026-04-08,15:23:09.683628,465575,8580,32.175,8683,32.56125,19174,43.1415,0
2026-04-08,15:23:09.683628,465606,8577,32.16375,8676,32.535,19172,43.137,0
2026-04-08,15:23:09.683628,465638,8582,32.1825,8682,32.5575,19172,43.137,0
2026-04-08,15:23:09.683628,465669,8573,32.14875,8681,32.55375,19173,43.13925,0
2026-04-08,15:23:09.683628,465700,8576,32.16,8686,32.5725,19173,43.13925,0
2026-04-08,15:23:09.683628,465732,8581,32.17875,8679,32.54625,19171,43.13475,0
2026-04-08,15:23:09.683628,465763,8573,32.14875,8679,32.54625,19170,43.1325,0
2026-04-08,15:23:09.683628,465794,8570,32.1375,8677,32.53875,19171,43.13475,0
2026-04-08,15:23:09.683628,465826,8568,32.13,8679,32.54625,19172,43.137,0
2026-04-08,15:23:09.683628,465857,8571,32.14125,8680,32.55,19172,43.137,0
2026-04-08,15:23:10.708834,466067,8568,32.13,8680,32.55,19170,43.1325,0
2026-04-08,15:23:10.708834,466201,8571,32.14125,8683,32.56125,19170,43.1325,0
2026-04-08,15:23:10.708834,466232,8574,32.1525,8675,32.53125,19169,43.13025,0
2026-04-08,15:23:10.708834,466264,8572,32.145,8675,32.53125,19169,43.13025,0
2026-04-08,15:23:10.708834,466296,8574,32.1525,8687,32.57625,19168,43.128,0
2026-04-08,15:23:10.708834,466327,8571,32.14125,8680,32.55,19169,43.13025,0
2026-04-08,15:23:10.708834,466359,8567,32.12625,8676,32.535,19170,43.1325,0
2026-04-08,15:23:10.708834,466390,8571,32.14125,8684,32.565,19169,43.13025,0
2026-04-08,15:23:10.708834,466421,8572,32.145,8688,32.58,19168,43.128,0
2026-04-08,15:23:10.708834,466453,8571,32.14125,8683,32.56125,19168,43.128,0
2026-04-08,15:23:10.708834,466484,8564,32.115,8684,32.565,19169,43.13025,0
2026-04-08,15:23:10.708834,466516,8574,32.1525,8673,32.52375,19168,43.128,0
2026-04-08,15:23:10.708834,466547,8570,32.1375,8673,32.52375,19166,43.1235,0
2026-04-08,15:23:10.708834,466579,8563,32.11125,8681,32.55375,19166,43.1235,0
2026-04-08,15:23:10.708834,466610,8565,32.11875,8680,32.55,19167,43.12575,0
2026-04-08,15:23:10.708834,466641,8569,32.13375,8673,32.52375,19166,43.1235,0
2026-04-08,15:23:10.708834,466673,8572,32.145,8667,32.50125,19167,43.12575,0
2026-04-08,15:23:10.708834,466704,8567,32.12625,8677,32.53875,19167,43.12575,0
2026-04-08,15:23:10.708834,466735,8575,32.15625,8677,32.53875,19164,43.119,0
2026-04-08,15:23:10.708834,466767,8569,32.13375,8678,32.5425,19165,43.12125,0
2026-04-08,15:23:11.545090,467081,8558,32.0925,8666,32.4975,19164,43.119,0
2026-04-08,15:23:11.545090,467214,8561,32.10375,8675,32.53125,19162,43.1145,0
2026-04-08,15:23:11.545090,467245,8561,32.10375,8681,32.55375,19162,43.1145,0
2026-04-08,15:23:11.545090,467277,8561,32.10375,8671,32.51625,19162,43.1145,0
2026-04-08,15:23:11.545090,467308,8563,32.11125,8677,32.53875,19161,43.11225,0
2026-04-08,15:23:11.545090,467340,8556,32.085,8670,32.5125,19161,43.11225,0
2026-04-08,15:23:11.545090,467372,8555,32.08125,8667,32.50125,19161,43.11225,0
2026-04-08,15:23:11.545090,467403,8564,32.115,8663,32.48625,19161,43.11225,0
2026-04-08,15:23:11.545090,467434,8564,32.115,8659,32.47125,19161,43.11225,0
2026-04-08,15:23:11.545090,467465,8561,32.10375,8665,32.49375,19161,43.11225,0
2026-04-08,15:23:11.545090,467497,8561,32.10375,8669,32.50875,19160,43.11,0
2026-04-08,15:23:11.545090,467528,8558,32.0925,8670,32.5125,19161,43.11225,0
2026-04-08,15:23:11.545090,467560,8559,32.09625,8672,32.52,19159,43.10775,0
2026-04-08,15:23:11.545090,467591,8562,32.1075,8673,32.52375,19160,43.11,0
2026-04-08,15:23:11.545090,467623,8554,32.0775,8662,32.4825,19161,43.11225,0
2026-04-08,15:23:11.545090,467654,8561,32.10375,8668,32.505,19159,43.10775,0
2026-04-08,15:23:11.545090,467686,8561,32.10375,8673,32.52375,19158,43.1055,0
2026-04-08,15:23:11.545090,467717,8552,32.07,8672,32.52,19158,43.1055,0
2026-04-08,15:23:11.545090,467748,8557,32.08875,8668,32.505,19160,43.11,0
2026-04-08,15:23:11.545090,467780,8563,32.11125,8671,32.51625,19160,43.11,0
2026-04-08,15:23:12.465813,467917,8558,32.0925,8666,32.4975,19157,43.10325,0
2026-04-08,15:23:12.465813,468050,8558,32.0925,8668,32.505,19158,43.1055,0
2026-04-08,15:23:12.465813,468082,8559,32.09625,8668,32.505,19157,43.10325,0
2026-04-08,15:23:12.465813,468114,8555,32.08125,8674,32.5275,19156,43.101,0
2026-04-08,15:23:12.465813,468145,8561,32.10375,8666,32.4975,19156,43.101,0
2026-04-08,15:23:12.465813,468176,8554,32.0775,8663,32.48625,19156,43.101,0
2026-04-08,15:23:12.465813,468208,8558,32.0925,8673,32.52375,19156,43.101,0
2026-04-08,15:23:12.465813,468239,8555,32.08125,8660,32.475,19156,43.101,0
2026-04-08,15:23:12.465813,468271,8556,32.085,8661,32.47875,19155,43.09875,0
2026-04-08,15:23:12.465813,468302,8555,32.08125,8665,32.49375,19155,43.09875,0
2026-04-08,15:23:12.465813,468334,8555,32.08125,8664,32.49,19155,43.09875,0
2026-04-08,15:23:12.465813,468365,8560,32.1,8660,32.475,19154,43.0965,0
2026-04-08,15:23:12.465813,468397,8555,32.08125,8663,32.48625,19155,43.09875,0
2026-04-08,15:23:12.465813,468428,8562,32.1075,8660,32.475,19153,43.09425,0
2026-04-08,15:23:12.465813,468459,8555,32.08125,8660,32.475,19155,43.09875,0
2026-04-08,15:23:12.465813,468491,8556,32.085,8655,32.45625,19155,43.09875,0
2026-04-08,15:23:12.465813,468522,8560,32.1,8660,32.475,19154,43.0965,0
2026-04-08,15:23:12.465813,468553,8564,32.115,8653,32.44875,19154,43.0965,0
2026-04-08,15:23:12.465813,468585,8554,32.0775,8658,32.4675,19154,43.0965,0
2026-04-08,15:23:12.465813,468616,8557,32.08875,8665,32.49375,19153,43.09425,0
2026-04-08,15:23:13.384829,468845,8548,32.055,8659,32.47125,19153,43.09425,0
2026-04-08,15:23:13.384829,468979,8555,32.08125,8658,32.4675,19150,43.0875,0
2026-04-08,15:23:13.384829,469011,8546,32.0475,8654,32.4525,19150,43.0875,0
2026-04-08,15:23:13.384829,469042,8549,32.05875,8657,32.46375,19150,43.0875,0
2026-04-08,15:23:13.384829,469074,8554,32.0775,8657,32.46375,19150,43.0875,0
2026-04-08,15:23:13.384829,469106,8555,32.08125,8663,32.48625,19151,43.08975,0
2026-04-08,15:23:13.384829,469137,8548,32.055,8665,32.49375,19148,43.083,0
2026-04-08,15:23:13.384829,469168,8549,32.05875,8659,32.47125,19149,43.08525,0
2026-04-08,15:23:13.384829,469200,8549,32.05875,8655,32.45625,19149,43.08525,0
2026-04-08,15:23:13.384829,469231,8559,32.09625,8658,32.4675,19149,43.08525,0
2026-04-08,15:23:13.384829,469263,8558,32.0925,8661,32.47875,19150,43.0875,0
2026-04-08,15:23:13.384829,469294,8544,32.04,8648,32.43,19149,43.08525,0
2026-04-08,15:23:13.384829,469326,8547,32.05125,8653,32.44875,19149,43.08525,0
2026-04-08,15:23:13.384829,469357,8547,32.05125,8653,32.44875,19149,43.08525,0
2026-04-08,15:23:13.384829,469388,8547,32.05125,8660,32.475,19148,43.083,0
2026-04-08,15:23:13.384829,469420,8550,32.0625,8659,32.47125,19148,43.083,0
2026-04-08,15:23:13.384829,469451,8553,32.07375,8654,32.4525,19147,43.08075,0
2026-04-08,15:23:13.384829,469482,8554,32.0775,8657,32.46375,19148,43.083,0
2026-04-08,15:23:13.384829,469514,8555,32.08125,8656,32.46,19147,43.08075,0
2026-04-08,15:23:13.384829,469545,8548,32.055,8651,32.44125,19147,43.08075,0
2026-04-08,15:23:14.210393,469757,8544,32.04,8644,32.415,19144,43.074,0
2026-04-08,15:23:14.210393,469891,8543,32.03625,8649,32.43375,19145,43.07625,0
2026-04-08,15:23:14.210393,469922,8542,32.0325,8656,32.46,19144,43.074,0
2026-04-08,15:23:14.210393,469954,8543,32.03625,8646,32.4225,19144,43.074,0
2026-04-08,15:23:14.210393,469986,8543,32.03625,8652,32.445,19144,43.074,0
2026-04-08,15:23:14.210393,470017,8542,32.0325,8644,32.415,19144,43.074,0
2026-04-08,15:23:14.210393,470049,8550,32.0625,8653,32.44875,19144,43.074,0
2026-04-08,15:23:14.210393,470080,8547,32.05125,8652,32.445,19143,43.07175,0
2026-04-08,15:23:14.210393,470111,8548,32.055,8651,32.44125,19143,43.07175,0
2026-04-08,15:23:14.210393,470143,8539,32.02125,8652,32.445,19144,43.074,0
2026-04-08,15:23:14.210393,470175,8547,32.05125,8642,32.4075,19143,43.07175,0
2026-04-08,15:23:14.210393,470206,8542,32.0325,8647,32.42625,19143,43.07175,0
2026-04-08,15:23:14.210393,470237,8543,32.03625,8649,32.43375,19142,43.0695,0
2026-04-08,15:23:14.210393,470269,8543,32.03625,8645,32.41875,19142,43.0695,0
2026-04-08,15:23:14.210393,470300,8547,32.05125,8658,32.4675,19142,43.0695,0
2026-04-08,15:23:14.210393,470331,8547,32.05125,8652,32.445,19142,43.0695,0
2026-04-08,15:23:14.210393,470363,8541,32.02875,8647,32.42625,19141,43.06725,0
2026-04-08,15:23:14.210393,470394,8554,32.0775,8645,32.41875,19141,43.06725,0
2026-04-08,15:23:14.210393,470425,8540,32.025,8650,32.4375,19140,43.065,0
2026-04-08,15:23:14.210393,470457,8543,32.03625,8649,32.43375,19140,43.065,0
2026-04-08,15:23:15.033950,470608,8544,32.04,8650,32.4375,19140,43.065,0
2026-04-08,15:23:15.033950,470741,8533,31.99875,8643,32.41125,19138,43.0605,0
2026-04-08,15:23:15.033950,470774,8538,32.0175,8654,32.4525,19139,43.06275,0
2026-04-08,15:23:15.033950,470805,8535,32.00625,8641,32.40375,19140,43.065,0
2026-04-08,15:23:15.033950,470836,8539,32.02125,8644,32.415,19138,43.0605,0
2026-04-08,15:23:15.033950,470868,8539,32.02125,8649,32.43375,19139,43.06275,0
2026-04-08,15:23:15.033950,470899,8542,32.0325,8643,32.41125,19138,43.0605,0
2026-04-08,15:23:15.033950,470931,8538,32.0175,8648,32.43,19139,43.06275,0
2026-04-08,15:23:15.033950,470962,8545,32.04375,8651,32.44125,19138,43.0605,0
2026-04-08,15:23:15.033950,470994,8544,32.04,8644,32.415,19137,43.05825,0
2026-04-08,15:23:15.033950,471025,8545,32.04375,8645,32.41875,19137,43.05825,0
2026-04-08,15:23:15.033950,471057,8538,32.0175,8644,32.415,19136,43.056,0
2026-04-08,15:23:15.033950,471088,8536,32.01,8650,32.4375,19137,43.05825,0
2026-04-08,15:23:15.033950,471119,8542,32.0325,8647,32.42625,19137,43.05825,0
2026-04-08,15:23:15.033950,471151,8537,32.01375,8647,32.42625,19136,43.056,0
2026-04-08,15:23:15.033950,471182,8532,31.995,8641,32.40375,19137,43.05825,0
2026-04-08,15:23:15.033950,471214,8531,31.99125,8641,32.40375,19137,43.05825,0
2026-04-08,15:23:15.033950,471245,8539,32.02125,8648,32.43,19135,43.05375,0
2026-04-08,15:23:15.033950,471277,8532,31.995,8642,32.4075,19136,43.056,0
2026-04-08,15:23:15.033950,471308,8534,32.0025,8651,32.44125,19136,43.056,0
2026-04-08,15:23:15.849434,471405,8537,32.01375,8645,32.41875,19134,43.0515,0
2026-04-08,15:23:15.849434,471539,8543,32.03625,8647,32.42625,19134,43.0515,0
2026-04-08,15:23:15.849434,471571,8533,31.99875,8636,32.385,19134,43.0515,0
2026-04-08,15:23:15.849434,471603,8527,31.97625,8638,32.3925,19134,43.0515,0
2026-04-08,15:23:15.849434,471634,8526,31.9725,8643,32.41125,19133,43.04925,0
2026-04-08,15:23:15.849434,471665,8535,32.00625,8644,32.415,19133,43.04925,0
2026-04-08,15:23:15.849434,471697,8528,31.98,8635,32.38125,19133,43.04925,0
2026-04-08,15:23:15.849434,471728,8534,32.0025,8640,32.4,19133,43.04925,0
2026-04-08,15:23:15.849434,471759,8541,32.02875,8641,32.40375,19131,43.04475,0
2026-04-08,15:23:15.849434,471791,8533,31.99875,8650,32.4375,19132,43.047,0
2026-04-08,15:23:15.849434,471822,8530,31.9875,8640,32.4,19131,43.04475,0
2026-04-08,15:23:15.849434,471854,8531,31.99125,8637,32.38875,19132,43.047,0
2026-04-08,15:23:15.849434,471885,8531,31.99125,8636,32.385,19131,43.04475,0
2026-04-08,15:23:15.849434,471917,8529,31.98375,8636,32.385,19132,43.047,0
2026-04-08,15:23:15.849434,471948,8533,31.99875,8641,32.40375,19132,43.047,0
2026-04-08,15:23:15.849434,471980,8536,32.01,8644,32.415,19131,43.04475,0
2026-04-08,15:23:15.849434,472011,8531,31.99125,8640,32.4,19130,43.0425,0
2026-04-08,15:23:15.849434,472042,8528,31.98,8639,32.39625,19130,43.0425,0
2026-04-08,15:23:15.849434,472073,8533,31.99875,8640,32.4,19131,43.04475,0
2026-04-08,15:23:15.849434,472105,8532,31.995,8638,32.3925,19130,43.0425,0
2026-04-08,15:23:16.669940,472240,8528,31.98,8635,32.38125,19130,43.0425,0
2026-04-08,15:23:16.669940,472373,8532,31.995,8637,32.38875,19129,43.04025,0
2026-04-08,15:23:16.669940,472406,8533,31.99875,8640,32.4,19128,43.038,0
2026-04-08,15:23:16.669940,472437,8531,31.99125,8641,32.40375,19129,43.04025,0
2026-04-08,15:23:16.669940,472468,8532,31.995,8634,32.3775,19128,43.038,0
2026-04-08,15:23:16.669940,472500,8528,31.98,8636,32.385,19127,43.03575,0
2026-04-08,15:23:16.669940,472531,8533,31.99875,8642,32.4075,19127,43.03575,0
2026-04-08,15:23:16.669940,472563,8527,31.97625,8632,32.37,19127,43.03575,0
2026-04-08,15:23:16.669940,472594,8530,31.9875,8640,32.4,19128,43.038,0
2026-04-08,15:23:16.669940,472626,8536,32.01,8634,32.3775,19126,43.0335,0
2026-04-08,15:23:16.669940,472657,8534,32.0025,8636,32.385,19126,43.0335,0
2026-04-08,15:23:16.669940,472688,8533,31.99875,8629,32.35875,19124,43.029,0
2026-04-08,15:23:16.669940,472720,8528,31.98,8636,32.385,19126,43.0335,0
2026-04-08,15:23:16.669940,472751,8526,31.9725,8638,32.3925,19126,43.0335,0
2026-04-08,15:23:16.669940,472782,8528,31.98,8639,32.39625,19126,43.0335,0
2026-04-08,15:23:16.669940,472814,8526,31.9725,8640,32.4,19126,43.0335,0
2026-04-08,15:23:16.669940,472845,8523,31.96125,8635,32.38125,19125,43.03125,0
2026-04-08,15:23:16.669940,472877,8518,31.9425,8629,32.35875,19125,43.03125,0
2026-04-08,15:23:16.669940,472908,8523,31.96125,8624,32.34,19125,43.03125,0
2026-04-08,15:23:16.669940,472940,8522,31.9575,8630,32.3625,19125,43.03125,0
2026-04-08,15:23:17.481006,473041,8528,31.98,8633,32.37375,19123,43.02675,0
2026-04-08,15:23:17.481006,473174,8529,31.98375,8623,32.33625,19123,43.02675,0
2026-04-08,15:23:17.481006,473207,8521,31.95375,8633,32.37375,19122,43.0245,0
2026-04-08,15:23:17.481006,473238,8529,31.98375,8626,32.3475,19122,43.0245,0
2026-04-08,15:23:17.481006,473269,8515,31.93125,8633,32.37375,19122,43.0245,0
2026-04-08,15:23:17.481006,473301,8526,31.9725,8633,32.37375,19122,43.0245,0
2026-04-08,15:23:17.481006,473332,8526,31.9725,8633,32.37375,19121,43.02225,0
2026-04-08,15:23:17.481006,473364,8523,31.96125,8624,32.34,19122,43.0245,0
2026-04-08,15:23:17.481006,473395,8522,31.9575,8625,32.34375,19122,43.0245,0
2026-04-08,15:23:17.481006,473427,8526,31.9725,8622,32.3325,19121,43.02225,0
2026-04-08,15:23:17.481006,473458,8525,31.96875,8635,32.38125,19121,43.02225,0
2026-04-08,15:23:17.481006,473489,8529,31.98375,8627,32.35125,19121,43.02225,0
2026-04-08,15:23:17.481006,473521,8526,31.9725,8630,32.3625,19121,43.02225,0
2026-04-08,15:23:17.481006,473552,8523,31.96125,8634,32.3775,19121,43.02225,0
2026-04-08,15:23:17.481006,473584,8518,31.9425,8628,32.355,19120,43.02,0
2026-04-08,15:23:17.481006,473615,8516,31.935,8623,32.33625,19121,43.02225,0
2026-04-08,15:23:17.481006,473647,8519,31.94625,8631,32.36625,19120,43.02,0
2026-04-08,15:23:17.481006,473678,8516,31.935,8620,32.325,19119,43.01775,0
2026-04-08,15:23:17.481006,473709,8520,31.95,8630,32.3625,19121,43.02225,0
2026-04-08,15:23:17.481006,473741,8515,31.93125,8625,32.34375,19119,43.01775,0
2026-04-08,15:23:18.406605,473853,8524,31.965,8626,32.3475,19119,43.01775,0
2026-04-08,15:23:18.406605,473986,8527,31.97625,8635,32.38125,19118,43.0155,0
2026-04-08,15:23:18.406605,474018,8516,31.935,8621,32.32875,19117,43.01325,0
2026-04-08,15:23:18.406605,474050,8514,31.9275,8624,32.34,19118,43.0155,0
2026-04-08,15:23:18.406605,474081,8517,31.93875,8623,32.33625,19116,43.011,0
2026-04-08,15:23:18.406605,474113,8524,31.965,8622,32.3325,19117,43.01325,0
2026-04-08,15:23:18.406605,474144,8522,31.9575,8621,32.32875,19116,43.011,0
2026-04-08,15:23:18.406605,474176,8525,31.96875,8621,32.32875,19118,43.0155,0
2026-04-08,15:23:18.406605,474207,8518,31.9425,8622,32.3325,19116,43.011,0
2026-04-08,15:23:18.406605,474239,8520,31.95,8619,32.32125,19116,43.011,0
2026-04-08,15:23:18.406605,474270,8511,31.91625,8625,32.34375,19116,43.011,0
2026-04-08,15:23:18.406605,474301,8514,31.9275,8621,32.32875,19115,43.00875,0
2026-04-08,15:23:18.406605,474333,8514,31.9275,8615,32.30625,19115,43.00875,0
2026-04-08,15:23:18.406605,474364,8514,31.9275,8616,32.31,19116,43.011,0
2026-04-08,15:23:18.406605,474396,8521,31.95375,8614,32.3025,19115,43.00875,0
2026-04-08,15:23:18.406605,474427,8518,31.9425,8623,32.33625,19114,43.0065,0
2026-04-08,15:23:18.406605,474458,8517,31.93875,8617,32.31375,19115,43.00875,0
2026-04-08,15:23:18.406605,474490,8519,31.94625,8622,32.3325,19114,43.0065,0
2026-04-08,15:23:18.406605,474521,8519,31.94625,8613,32.29875,19115,43.00875,0
2026-04-08,15:23:18.406605,474553,8516,31.935,8620,32.325,19114,43.0065,0
2026-04-08,15:23:19.317424,474783,8519,31.94625,8627,32.35125,19113,43.00425,0
2026-04-08,15:23:19.317424,474916,8523,31.96125,8618,32.3175,19111,42.99975,0
2026-04-08,15:23:19.317424,474948,8512,31.92,8620,32.325,19111,42.99975,0
2026-04-08,15:23:19.317424,474980,8515,31.93125,8632,32.37,19111,42.99975,0
2026-04-08,15:23:19.317424,475011,8508,31.905,8622,32.3325,19110,42.9975,0
2026-04-08,15:23:19.317424,475042,8515,31.93125,8620,32.325,19110,42.9975,0
2026-04-08,15:23:19.317424,475074,8511,31.91625,8617,32.31375,19110,42.9975,0
2026-04-08,15:23:19.317424,475106,8508,31.905,8611,32.29125,19109,42.99525,0
2026-04-08,15:23:19.317424,475137,8509,31.90875,8618,32.3175,19109,42.99525,0
2026-04-08,15:23:19.317424,475169,8510,31.9125,8618,32.3175,19109,42.99525,0
2026-04-08,15:23:19.317424,475200,8521,31.95375,8619,32.32125,19109,42.99525,0
2026-04-08,15:23:19.317424,475231,8513,31.92375,8623,32.33625,19109,42.99525,0
2026-04-08,15:23:19.317424,475263,8512,31.92,8618,32.3175,19109,42.99525,0
2026-04-08,15:23:19.317424,475294,8512,31.92,8625,32.34375,19109,42.99525,0
2026-04-08,15:23:19.317424,475325,8507,31.90125,8617,32.31375,19108,42.993,0
2026-04-08,15:23:19.317424,475357,8509,31.90875,8628,32.355,19109,42.99525,0
2026-04-08,15:23:19.317424,475389,8508,31.905,8624,32.34,19108,42.993,0
2026-04-08,15:23:19.317424,475420,8510,31.9125,8622,32.3325,19108,42.993,0
2026-04-08,15:23:19.317424,475451,8510,31.9125,8617,32.31375,19109,42.99525,0
2026-04-08,15:23:19.317424,475483,8507,31.90125,8617,32.31375,19108,42.993,0
2026-04-08,15:23:20.148132,475706,8514,31.9275,8610,32.2875,19106,42.9885,0
2026-04-08,15:23:20.148132,475840,8505,31.89375,8619,32.32125,19105,42.98625,0
2026-04-08,15:23:20.148132,475872,8507,31.90125,8608,32.28,19105,42.98625,0
2026-04-08,15:23:20.148132,475903,8505,31.89375,8614,32.3025,19105,42.98625,0
2026-04-08,15:23:20.148132,475935,8507,31.90125,8618,32.3175,19104,42.984,0
2026-04-08,15:23:20.148132,475966,8516,31.935,8617,32.31375,19104,42.984,0
2026-04-08,15:23:20.148132,475998,8518,31.9425,8611,32.29125,19104,42.984,0
2026-04-08,15:23:20.148132,476029,8508,31.905,8611,32.29125,19103,42.98175,0
2026-04-08,15:23:20.148132,476060,8509,31.90875,8610,32.2875,19103,42.98175,0
2026-04-08,15:23:20.148132,476092,8503,31.88625,8609,32.28375,19103,42.98175,0
2026-04-08,15:23:20.148132,476123,8506,31.8975,8616,32.31,19104,42.984,0
2026-04-08,15:23:20.148132,476155,8508,31.905,8617,32.31375,19103,42.98175,0
2026-04-08,15:23:20.148132,476186,8512,31.92,8616,32.31,19102,42.9795,0
2026-04-08,15:23:20.148132,476218,8505,31.89375,8613,32.29875,19101,42.97725,0
2026-04-08,15:23:20.148132,476249,8504,31.89,8613,32.29875,19102,42.9795,0
2026-04-08,15:23:20.148132,476281,8509,31.90875,8616,32.31,19103,42.98175,0
2026-04-08,15:23:20.148132,476312,8506,31.8975,8615,32.30625,19101,42.97725,0
2026-04-08,15:23:20.148132,476343,8506,31.8975,8614,32.3025,19100,42.975,0
2026-04-08,15:23:20.148132,476374,8510,31.9125,8613,32.29875,19103,42.98175,0
2026-04-08,15:23:20.148132,476406,8506,31.8975,8611,32.29125,19101,42.97725,0
2026-04-08,15:23:21.071242,476526,8509,31.90875,8614,32.3025,19101,42.97725,0
2026-04-08,15:23:21.071242,476659,8502,31.8825,8605,32.26875,19100,42.975,0
2026-04-08,15:23:21.071242,476691,8505,31.89375,8613,32.29875,19099,42.97275,0
2026-04-08,15:23:21.071242,476722,8499,31.87125,8613,32.29875,19099,42.97275,0
2026-04-08,15:23:21.071242,476754,8498,31.8675,8610,32.2875,19098,42.9705,0
2026-04-08,15:23:21.071242,476785,8506,31.8975,8609,32.28375,19098,42.9705,0
2026-04-08,15:23:21.071242,476817,8506,31.8975,8604,32.265,19099,42.97275,0
2026-04-08,15:23:21.071242,476848,8507,31.90125,8610,32.2875,19099,42.97275,0
2026-04-08,15:23:21.071242,476879,8514,31.9275,8606,32.2725,19099,42.97275,0
2026-04-08,15:23:21.071242,476911,8506,31.8975,8611,32.29125,19098,42.9705,0
2026-04-08,15:23:21.071242,476942,8505,31.89375,8611,32.29125,19097,42.96825,0
2026-04-08,15:23:21.071242,476974,8500,31.875,8605,32.26875,19097,42.96825,0
2026-04-08,15:23:21.071242,477005,8498,31.8675,8602,32.2575,19097,42.96825,0
2026-04-08,15:23:21.071242,477037,8501,31.87875,8605,32.26875,19096,42.966,0
2026-04-08,15:23:21.071242,477068,8505,31.89375,8608,32.28,19097,42.96825,0
2026-04-08,15:23:21.071242,477100,8506,31.8975,8608,32.28,19097,42.96825,0
2026-04-08,15:23:21.071242,477131,8501,31.87875,8604,32.265,19096,42.966,0
2026-04-08,15:23:21.071242,477162,8501,31.87875,8609,32.28375,19095,42.96375,0
2026-04-08,15:23:21.071242,477193,8508,31.905,8609,32.28375,19096,42.966,0
2026-04-08,15:23:21.071242,477225,8508,31.905,8607,32.27625,19095,42.96375,0
2026-04-08,15:23:21.975034,477451,8498,31.8675,8600,32.25,19094,42.9615,0
2026-04-08,15:23:21.975034,477583,8503,31.88625,8603,32.26125,19093,42.95925,0
2026-04-08,15:23:21.975034,477615,8499,31.87125,8599,32.24625,19093,42.95925,0
2026-04-08,15:23:21.975034,477647,8499,31.87125,8600,32.25,19092,42.957,0
2026-04-08,15:23:21.975034,477678,8503,31.88625,8605,32.26875,19092,42.957,0
2026-04-08,15:23:21.975034,477710,8502,31.8825,8606,32.2725,19092,42.957,0
2026-04-08,15:23:21.975034,477741,8502,31.8825,8602,32.2575,19092,42.957,0
2026-04-08,15:23:21.975034,477772,8496,31.86,8611,32.29125,19091,42.95475,0
2026-04-08,15:23:21.975034,477803,8497,31.86375,8597,32.23875,19092,42.957,0
2026-04-08,15:23:21.975034,477835,8504,31.89,8605,32.26875,19091,42.95475,0
2026-04-08,15:23:21.975034,477866,8493,31.84875,8606,32.2725,19090,42.9525,0
2026-04-08,15:23:21.975034,477898,8502,31.8825,8610,32.2875,19092,42.957,0
2026-04-08,15:23:21.975034,477929,8505,31.89375,8596,32.235,19091,42.95475,0
2026-04-08,15:23:21.975034,477961,8489,31.83375,8601,32.25375,19090,42.9525,0
2026-04-08,15:23:21.975034,477992,8501,31.87875,8600,32.25,19091,42.95475,0
2026-04-08,15:23:21.975034,478024,8500,31.875,8596,32.235,19090,42.9525,0
2026-04-08,15:23:21.975034,478055,8493,31.84875,8598,32.2425,19090,42.9525,0
2026-04-08,15:23:21.975034,478086,8496,31.86,8598,32.2425,19089,42.95025,0
2026-04-08,15:23:21.975034,478118,8497,31.86375,8604,32.265,19090,42.9525,0
2026-04-08,15:23:21.975034,478149,8500,31.875,8604,32.265,19089,42.95025,0
2026-04-08,15:23:22.823399,478348,8495,31.85625,8601,32.25375,19088,42.948,0
2026-04-08,15:23:22.823399,478481,8502,31.8825,8599,32.24625,19087,42.94575,0
2026-04-08,15:23:22.823399,478513,8506,31.8975,8605,32.26875,19087,42.94575,0
2026-04-08,15:23:22.823399,478545,8501,31.87875,8594,32.2275,19086,42.9435,0
2026-04-08,15:23:22.823399,478576,8492,31.845,8599,32.24625,19087,42.94575,0
2026-04-08,15:23:22.823399,478607,8496,31.86,8595,32.23125,19085,42.94125,0
2026-04-08,15:23:22.823399,478639,8495,31.85625,8591,32.21625,19086,42.9435,0
2026-04-08,15:23:22.823399,478670,8492,31.845,8601,32.25375,19086,42.9435,0
2026-04-08,15:23:22.823399,478702,8500,31.875,8589,32.20875,19086,42.9435,0
2026-04-08,15:23:22.823399,478733,8496,31.86,8600,32.25,19086,42.9435,0
2026-04-08,15:23:22.823399,478765,8485,31.81875,8600,32.25,19085,42.94125,0
2026-04-08,15:23:22.823399,478796,8484,31.815,8592,32.22,19084,42.939,0
2026-04-08,15:23:22.823399,478827,8504,31.89,8599,32.24625,19086,42.9435,0
2026-04-08,15:23:22.823399,478859,8502,31.8825,8593,32.22375,19085,42.94125,0
2026-04-08,15:23:22.823399,478890,8488,31.83,8598,32.2425,19083,42.93675,0
2026-04-08,15:23:22.823399,478922,8497,31.86375,8601,32.25375,19085,42.94125,0
2026-04-08,15:23:22.823399,478953,8493,31.84875,8603,32.26125,19085,42.94125,0
2026-04-08,15:23:22.823399,478985,8494,31.8525,8597,32.23875,19085,42.94125,0
2026-04-08,15:23:22.823399,479016,8487,31.82625,8591,32.21625,19083,42.93675,0
2026-04-08,15:23:22.823399,479047,8488,31.83,8590,32.2125,19082,42.9345,0
2026-04-08,15:23:23.625251,479197,8490,31.8375,8603,32.26125,19083,42.93675,0
2026-04-08,15:23:23.625251,479330,8489,31.83375,8593,32.22375,19081,42.93225,0
2026-04-08,15:23:23.625251,479363,8490,31.8375,8590,32.2125,19081,42.93225,0
2026-04-08,15:23:23.625251,479394,8489,31.83375,8594,32.2275,19081,42.93225,0
2026-04-08,15:23:23.625251,479425,8484,31.815,8592,32.22,19080,42.93,0
2026-04-08,15:23:23.625251,479457,8488,31.83,8589,32.20875,19079,42.92775,0
2026-04-08,15:23:23.625251,479488,8485,31.81875,8598,32.2425,19079,42.92775,0
2026-04-08,15:23:23.625251,479519,8486,31.8225,8590,32.2125,19079,42.92775,0
2026-04-08,15:23:23.625251,479551,8499,31.87125,8594,32.2275,19080,42.93,0
2026-04-08,15:23:23.625251,479583,8488,31.83,8593,32.22375,19080,42.93,0
2026-04-08,15:23:23.625251,479614,8494,31.8525,8589,32.20875,19078,42.9255,0
2026-04-08,15:23:23.625251,479645,8494,31.8525,8600,32.25,19079,42.92775,0
2026-04-08,15:23:23.625251,479677,8490,31.8375,8587,32.20125,19078,42.9255,0
2026-04-08,15:23:23.625251,479708,8486,31.8225,8595,32.23125,19078,42.9255,0
2026-04-08,15:23:23.625251,479739,8490,31.8375,8594,32.2275,19077,42.92325,0
2026-04-08,15:23:23.625251,479771,8485,31.81875,8591,32.21625,19078,42.9255,0
2026-04-08,15:23:23.625251,479802,8483,31.81125,8590,32.2125,19078,42.9255,0
2026-04-08,15:23:23.625251,479834,8480,31.8,8590,32.2125,19078,42.9255,0
2026-04-08,15:23:23.625251,479865,8479,31.79625,8583,32.18625,19078,42.9255,0
2026-04-08,15:23:23.625251,479897,8483,31.81125,8582,32.1825,19077,42.92325,0
2026-04-08,15:23:24.461410,480034,8482,31.8075,8586,32.1975,19075,42.91875,0
2026-04-08,15:23:24.461410,480168,8487,31.82625,8588,32.205,19074,42.9165,0
2026-04-08,15:23:24.461410,480200,8483,31.81125,8592,32.22,19074,42.9165,0
2026-04-08,15:23:24.461410,480231,8481,31.80375,8592,32.22,19074,42.9165,0
2026-04-08,15:23:24.461410,480262,8479,31.79625,8586,32.1975,19075,42.91875,0
2026-04-08,15:23:24.461410,480294,8480,31.8,8585,32.19375,19075,42.91875,0
2026-04-08,15:23:24.461410,480326,8490,31.8375,8587,32.20125,19075,42.91875,0
2026-04-08,15:23:24.461410,480357,8484,31.815,8592,32.22,19074,42.9165,0
2026-04-08,15:23:24.461410,480389,8485,31.81875,8588,32.205,19073,42.91425,0
2026-04-08,15:23:24.461410,480420,8488,31.83,8594,32.2275,19074,42.9165,0
2026-04-08,15:23:24.461410,480451,8477,31.78875,8585,32.19375,19073,42.91425,0
2026-04-08,15:23:24.461410,480483,8485,31.81875,8592,32.22,19073,42.91425,0
2026-04-08,15:23:24.461410,480514,8484,31.815,8589,32.20875,19073,42.91425,0
2026-04-08,15:23:24.461410,480545,8485,31.81875,8588,32.205,19073,42.91425,0
2026-04-08,15:23:24.461410,480577,8492,31.845,8586,32.1975,19073,42.91425,0
2026-04-08,15:23:24.461410,480609,8486,31.8225,8581,32.17875,19073,42.91425,0
2026-04-08,15:23:24.461410,480640,8483,31.81125,8588,32.205,19073,42.91425,0
2026-04-08,15:23:24.461410,480671,8482,31.8075,8584,32.19,19072,42.912,0
2026-04-08,15:23:24.461410,480703,8489,31.83375,8574,32.1525,19071,42.90975,0
2026-04-08,15:23:24.461410,480734,8480,31.8,8583,32.18625,19071,42.90975,0
2026-04-08,15:23:25.476689,480898,8484,31.815,8582,32.1825,19070,42.9075,0
2026-04-08,15:23:25.476689,481032,8482,31.8075,8585,32.19375,19070,42.9075,0
2026-04-08,15:23:25.476689,481063,8476,31.785,8579,32.17125,19069,42.90525,0
2026-04-08,15:23:25.476689,481095,8476,31.785,8586,32.1975,19070,42.9075,0
2026-04-08,15:23:25.476689,481126,8476,31.785,8587,32.20125,19069,42.90525,0
2026-04-08,15:23:25.476689,481157,8473,31.77375,8586,32.1975,19069,42.90525,0
2026-04-08,15:23:25.476689,481189,8470,31.7625,8583,32.18625,19069,42.90525,0
2026-04-08,15:23:25.476689,481220,8481,31.80375,8588,32.205,19068,42.903,0
2026-04-08,15:23:25.476689,481252,8473,31.77375,8585,32.19375,19067,42.90075,0
2026-04-08,15:23:25.476689,481283,8483,31.81125,8584,32.19,19068,42.903,0
2026-04-08,15:23:25.476689,481315,8485,31.81875,8584,32.19,19067,42.90075,0
2026-04-08,15:23:25.476689,481346,8481,31.80375,8586,32.1975,19067,42.90075,0
2026-04-08,15:23:25.476689,481377,8481,31.80375,8578,32.1675,19067,42.90075,0
2026-04-08,15:23:25.476689,481409,8478,31.7925,8581,32.17875,19067,42.90075,0
2026-04-08,15:23:25.476689,481440,8478,31.7925,8579,32.17125,19066,42.8985,0
2026-04-08,15:23:25.476689,481472,8479,31.79625,8575,32.15625,19066,42.8985,0
2026-04-08,15:23:25.476689,481503,8478,31.7925,8578,32.1675,19066,42.8985,0
2026-04-08,15:23:25.476689,481535,8469,31.75875,8581,32.17875,19066,42.8985,0
2026-04-08,15:23:25.476689,481566,8479,31.79625,8586,32.1975,19065,42.89625,0
2026-04-08,15:23:25.476689,481597,8480,31.8,8582,32.1825,19065,42.89625,0
2026-04-08,15:23:26.376156,481850,8469,31.75875,8582,32.1825,19064,42.894,0
2026-04-08,15:23:26.376156,481982,8474,31.7775,8582,32.1825,19060,42.885,0
2026-04-08,15:23:26.376156,482015,8467,31.75125,8578,32.1675,19061,42.88725,0
2026-04-08,15:23:26.376156,482046,8465,31.74375,8573,32.14875,19061,42.88725,0
2026-04-08,15:23:26.376156,482077,8475,31.78125,8581,32.17875,19062,42.8895,0
2026-04-08,15:23:26.376156,482108,8470,31.7625,8575,32.15625,19061,42.88725,0
2026-04-08,15:23:26.376156,482140,8474,31.7775,8577,32.16375,19061,42.88725,0
2026-04-08,15:23:26.376156,482172,8474,31.7775,8580,32.175,19059,42.88275,0
2026-04-08,15:23:26.376156,482203,8475,31.78125,8579,32.17125,19060,42.885,0
2026-04-08,15:23:26.376156,482235,8477,31.78875,8577,32.16375,19061,42.88725,0
2026-04-08,15:23:26.376156,482266,8471,31.76625,8579,32.17125,19061,42.88725,0
2026-04-08,15:23:26.376156,482297,8474,31.7775,8576,32.16,19060,42.885,0
2026-04-08,15:23:26.376156,482329,8467,31.75125,8576,32.16,19060,42.885,0
2026-04-08,15:23:26.376156,482360,8479,31.79625,8570,32.1375,19061,42.88725,0
2026-04-08,15:23:26.376156,482392,8474,31.7775,8575,32.15625,19059,42.88275,0
2026-04-08,15:23:26.376156,482423,8474,31.7775,8580,32.175,19060,42.885,0
2026-04-08,15:23:26.376156,482455,8469,31.75875,8579,32.17125,19059,42.88275,0
2026-04-08,15:23:26.376156,482486,8473,31.77375,8578,32.1675,19058,42.8805,0
2026-04-08,15:23:26.376156,482517,8465,31.74375,8579,32.17125,19059,42.88275,0
2026-04-08,15:23:26.376156,482549,8471,31.76625,8577,32.16375,19058,42.8805,0
2026-04-08,15:23:27.298760,482755,8467,31.75125,8573,32.14875,19057,42.87825,0
2026-04-08,15:23:27.298760,482889,8466,31.7475,8569,32.13375,19055,42.87375,0
2026-04-08,15:23:27.298760,482920,8464,31.74,8575,32.15625,19056,42.876,0
2026-04-08,15:23:27.298760,482952,8469,31.75875,8572,32.145,19056,42.876,0
2026-04-08,15:23:27.298760,482983,8464,31.74,8565,32.11875,19054,42.8715,0
2026-04-08,15:23:27.298760,483015,8467,31.75125,8571,32.14125,19055,42.87375,0
2026-04-08,15:23:27.298760,483046,8461,31.72875,8569,32.13375,19055,42.87375,0
2026-04-08,15:23:27.298760,483078,8456,31.71,8570,32.1375,19055,42.87375,0
2026-04-08,15:23:27.298760,483109,8465,31.74375,8565,32.11875,19053,42.86925,0
2026-04-08,15:23:27.298760,483141,8465,31.74375,8566,32.1225,19055,42.87375,0
2026-04-08,15:23:27.298760,483172,8458,31.7175,8578,32.1675,19054,42.8715,0
2026-04-08,15:23:27.298760,483203,8457,31.71375,8576,32.16,19054,42.8715,0
2026-04-08,15:23:27.298760,483234,8462,31.7325,8567,32.12625,19053,42.86925,0
2026-04-08,15:23:27.298760,483266,8465,31.74375,8576,32.16,19053,42.86925,0
2026-04-08,15:23:27.298760,483298,8464,31.74,8583,32.18625,19053,42.86925,0
2026-04-08,15:23:27.298760,483329,8462,31.7325,8570,32.1375,19054,42.8715,0
2026-04-08,15:23:27.298760,483360,8466,31.7475,8568,32.13,19053,42.86925,0
2026-04-08,15:23:27.298760,483392,8466,31.7475,8573,32.14875,19053,42.86925,0
2026-04-08,15:23:27.298760,483423,8467,31.75125,8568,32.13,19051,42.86475,0
2026-04-08,15:23:27.298760,483455,8461,31.72875,8569,32.13375,19052,42.867,0
2026-04-08,15:23:28.237678,483671,8458,31.7175,8564,32.115,19051,42.86475,0
2026-04-08,15:23:28.237678,483804,8450,31.6875,8566,32.1225,19050,42.8625,0
2026-04-08,15:23:28.237678,483836,8465,31.74375,8572,32.145,19051,42.86475,0
2026-04-08,15:23:28.237678,483868,8461,31.72875,8567,32.12625,19049,42.86025,0
2026-04-08,15:23:28.237678,483899,8461,31.72875,8561,32.10375,19049,42.86025,0
2026-04-08,15:23:28.237678,483930,8457,31.71375,8565,32.11875,19048,42.858,0
2026-04-08,15:23:28.237678,483962,8454,31.7025,8565,32.11875,19049,42.86025,0
2026-04-08,15:23:28.237678,483993,8458,31.7175,8572,32.145,19048,42.858,0
2026-04-08,15:23:28.237678,484024,8461,31.72875,8572,32.145,19048,42.858,0
2026-04-08,15:23:28.237678,484056,8463,31.73625,8562,32.1075,19047,42.85575,0
2026-04-08,15:23:28.237678,484088,8463,31.73625,8565,32.11875,19047,42.85575,0
2026-04-08,15:23:28.237678,484119,8458,31.7175,8563,32.11125,19047,42.85575,0
2026-04-08,15:23:28.237678,484150,8458,31.7175,8564,32.115,19048,42.858,0
2026-04-08,15:23:28.237678,484182,8459,31.72125,8562,32.1075,19047,42.85575,0
2026-04-08,15:23:28.237678,484213,8450,31.6875,8569,32.13375,19046,42.8535,0
2026-04-08,15:23:28.237678,484244,8455,31.70625,8558,32.0925,19047,42.85575,0
2026-04-08,15:23:28.237678,484276,8456,31.71,8561,32.10375,19046,42.8535,0
2026-04-08,15:23:28.237678,484307,8459,31.72125,8563,32.11125,19045,42.85125,0
2026-04-08,15:23:28.237678,484339,8461,31.72875,8563,32.11125,19045,42.85125,0
2026-04-08,15:23:28.237678,484370,8452,31.695,8569,32.13375,19046,42.8535,0
2026-04-08,15:23:29.054787,484619,8448,31.68,8555,32.08125,19045,42.85125,0
2026-04-08,15:23:29.054787,484752,8451,31.69125,8560,32.1,19043,42.84675,0
2026-04-08,15:23:29.054787,484785,8455,31.70625,8558,32.0925,19042,42.8445,0
2026-04-08,15:23:29.054787,484816,8451,31.69125,8555,32.08125,19041,42.84225,0
2026-04-08,15:23:29.054787,484848,8449,31.68375,8557,32.08875,19042,42.8445,0
2026-04-08,15:23:29.054787,484880,8457,31.71375,8554,32.0775,19041,42.84225,0
2026-04-08,15:23:29.054787,484911,8456,31.71,8556,32.085,19042,42.8445,0
2026-04-08,15:23:29.054787,484942,8453,31.69875,8556,32.085,19041,42.84225,0
2026-04-08,15:23:29.054787,484973,8458,31.7175,8555,32.08125,19042,42.8445,0
2026-04-08,15:23:29.054787,485005,8445,31.66875,8560,32.1,19041,42.84225,0
2026-04-08,15:23:29.054787,485036,8455,31.70625,8559,32.09625,19040,42.84,0
2026-04-08,15:23:29.054787,485068,8453,31.69875,8556,32.085,19040,42.84,0
2026-04-08,15:23:29.054787,485099,8455,31.70625,8557,32.08875,19041,42.84225,0
2026-04-08,15:23:29.054787,485131,8449,31.68375,8552,32.07,19040,42.84,0
2026-04-08,15:23:29.054787,485162,8439,31.64625,8553,32.07375,19039,42.83775,0
2026-04-08,15:23:29.054787,485194,8448,31.68,8555,32.08125,19040,42.84,0
2026-04-08,15:23:29.054787,485225,8455,31.70625,8554,32.0775,19040,42.84,0
2026-04-08,15:23:29.054787,485256,8451,31.69125,8558,32.0925,19040,42.84,0
2026-04-08,15:23:29.054787,485288,8454,31.7025,8561,32.10375,19039,42.83775,0
2026-04-08,15:23:29.054787,485319,8450,31.6875,8549,32.05875,19039,42.83775,0
2026-04-08,15:23:30.088092,485428,8445,31.66875,8556,32.085,19038,42.8355,0
2026-04-08,15:23:30.088092,485561,8450,31.6875,8556,32.085,19036,42.831,0
2026-04-08,15:23:30.088092,485593,8442,31.6575,8558,32.0925,19037,42.83325,0
2026-04-08,15:23:30.088092,485625,8456,31.71,8555,32.08125,19036,42.831,0
2026-04-08,15:23:30.088092,485656,8452,31.695,8558,32.0925,19036,42.831,0
2026-04-08,15:23:30.088092,485687,8445,31.66875,8551,32.06625,19035,42.82875,0
2026-04-08,15:23:30.088092,485719,8446,31.6725,8552,32.07,19035,42.82875,0
2026-04-08,15:23:30.088092,485750,8447,31.67625,8560,32.1,19036,42.831,0
2026-04-08,15:23:30.088092,485782,8444,31.665,8556,32.085,19035,42.82875,0
2026-04-08,15:23:30.088092,485813,8445,31.66875,8558,32.0925,19036,42.831,0
2026-04-08,15:23:30.088092,485845,8451,31.69125,8553,32.07375,19034,42.8265,0
2026-04-08,15:23:30.088092,485876,8455,31.70625,8547,32.05125,19035,42.82875,0
2026-04-08,15:23:30.088092,485908,8452,31.695,8558,32.0925,19034,42.8265,0
2026-04-08,15:23:30.088092,485939,8450,31.6875,8553,32.07375,19035,42.82875,0
2026-04-08,15:23:30.088092,485970,8453,31.69875,8551,32.06625,19034,42.8265,0
2026-04-08,15:23:30.088092,486002,8453,31.69875,8555,32.08125,19034,42.8265,0
2026-04-08,15:23:30.088092,486033,8448,31.68,8555,32.08125,19034,42.8265,0
2026-04-08,15:23:30.088092,486064,8444,31.665,8555,32.08125,19033,42.82425,0
2026-04-08,15:23:30.088092,486096,8450,31.6875,8557,32.08875,19033,42.82425,0
2026-04-08,15:23:30.088092,486128,8448,31.68,8555,32.08125,19033,42.82425,0
2026-04-08,15:23:30.991979,486488,8442,31.6575,8551,32.06625,19030,42.8175,0
2026-04-08,15:23:30.991979,486622,8443,31.66125,8554,32.0775,19029,42.81525,0
2026-04-08,15:23:30.991979,486654,8442,31.6575,8543,32.03625,19029,42.81525,0
2026-04-08,15:23:30.991979,486686,8445,31.66875,8545,32.04375,19029,42.81525,0
2026-04-08,15:23:30.991979,486717,8439,31.64625,8537,32.01375,19028,42.813,0
2026-04-08,15:23:30.991979,486749,8440,31.65,8546,32.0475,19028,42.813,0
2026-04-08,15:23:30.991979,486780,8442,31.6575,8535,32.00625,19028,42.813,0
2026-04-08,15:23:30.991979,486811,8441,31.65375,8548,32.055,19028,42.813,0
2026-04-08,15:23:30.991979,486843,8445,31.66875,8551,32.06625,19028,42.813,0
2026-04-08,15:23:30.991979,486874,8447,31.67625,8554,32.0775,19026,42.8085,0
2026-04-08,15:23:30.991979,486906,8437,31.63875,8542,32.0325,19029,42.81525,0
2026-04-08,15:23:30.991979,486937,8442,31.6575,8543,32.03625,19027,42.81075,0
2026-04-08,15:23:30.991979,486969,8446,31.6725,8556,32.085,19028,42.813,0
2026-04-08,15:23:30.991979,487000,8435,31.63125,8543,32.03625,19027,42.81075,0
2026-04-08,15:23:30.991979,487032,8432,31.62,8546,32.0475,19027,42.81075,0
2026-04-08,15:23:30.991979,487063,8436,31.635,8556,32.085,19026,42.8085,0
2026-04-08,15:23:30.991979,487094,8444,31.665,8549,32.05875,19026,42.8085,0
2026-04-08,15:23:30.991979,487126,8436,31.635,8542,32.0325,19026,42.8085,0
2026-04-08,15:23:30.991979,487157,8439,31.64625,8550,32.0625,19026,42.8085,0
2026-04-08,15:23:30.991979,487189,8441,31.65375,8549,32.05875,19026,42.8085,0
2026-04-08,15:23:31.915502,487368,8437,31.63875,8542,32.0325,19024,42.804,0
2026-04-08,15:23:31.915502,487502,8438,31.6425,8541,32.02875,19024,42.804,0
2026-04-08,15:23:31.915502,487533,8432,31.62,8543,32.03625,19023,42.80175,0
2026-04-08,15:23:31.915502,487565,8441,31.65375,8537,32.01375,19024,42.804,0
2026-04-08,15:23:31.915502,487597,8437,31.63875,8544,32.04,19022,42.7995,0
2026-04-08,15:23:31.915502,487628,8437,31.63875,8537,32.01375,19022,42.7995,0
2026-04-08,15:23:31.915502,487660,8434,31.6275,8542,32.0325,19021,42.79725,0
2026-04-08,15:23:31.915502,487691,8435,31.63125,8545,32.04375,19023,42.80175,0
2026-04-08,15:23:31.915502,487722,8433,31.62375,8544,32.04,19021,42.79725,0
2026-04-08,15:23:31.915502,487754,8436,31.635,8541,32.02875,19023,42.80175,0
2026-04-08,15:23:31.915502,487785,8430,31.6125,8536,32.01,19022,42.7995,0
2026-04-08,15:23:31.915502,487817,8435,31.63125,8543,32.03625,19021,42.79725,0
2026-04-08,15:23:31.915502,487848,8436,31.635,8541,32.02875,19021,42.79725,0
2026-04-08,15:23:31.915502,487880,8425,31.59375,8542,32.0325,19021,42.79725,0
2026-04-08,15:23:31.915502,487911,8429,31.60875,8549,32.05875,19020,42.795,0
2026-04-08,15:23:31.915502,487942,8431,31.61625,8541,32.02875,19021,42.79725,0
2026-04-08,15:23:31.915502,487974,8427,31.60125,8532,31.995,19019,42.79275,0
2026-04-08,15:23:31.915502,488005,8428,31.605,8539,32.02125,19020,42.795,0
2026-04-08,15:23:31.915502,488036,8430,31.6125,8538,32.0175,19020,42.795,0
2026-04-08,15:23:31.915502,488068,8432,31.62,8540,32.025,19020,42.795,0
2026-04-08,15:23:32.739125,488300,8429,31.60875,8539,32.02125,19017,42.78825,0
2026-04-08,15:23:32.739125,488433,8422,31.5825,8544,32.04,19016,42.786,0
2026-04-08,15:23:32.739125,488466,8427,31.60125,8543,32.03625,19016,42.786,0
2026-04-08,15:23:32.739125,488497,8432,31.62,8539,32.02125,19015,42.78375,0
2026-04-08,15:23:32.739125,488528,8432,31.62,8542,32.0325,19016,42.786,0
2026-04-08,15:23:32.739125,488560,8433,31.62375,8544,32.04,19015,42.78375,0
2026-04-08,15:23:32.739125,488591,8433,31.62375,8538,32.0175,19016,42.786,0
2026-04-08,15:23:32.739125,488623,8431,31.61625,8534,32.0025,19015,42.78375,0
2026-04-08,15:23:32.739125,488654,8432,31.62,8545,32.04375,19015,42.78375,0
2026-04-08,15:23:32.739125,488686,8426,31.5975,8539,32.02125,19015,42.78375,0
2026-04-08,15:23:32.739125,488717,8428,31.605,8539,32.02125,19015,42.78375,0
2026-04-08,15:23:32.739125,488748,8434,31.6275,8536,32.01,19014,42.7815,0
2026-04-08,15:23:32.739125,488780,8429,31.60875,8534,32.0025,19014,42.7815,0
2026-04-08,15:23:32.739125,488811,8434,31.6275,8533,31.99875,19013,42.77925,0
2026-04-08,15:23:32.739125,488843,8431,31.61625,8535,32.00625,19013,42.77925,0
2026-04-08,15:23:32.739125,488874,8425,31.59375,8542,32.0325,19014,42.7815,0
2026-04-08,15:23:32.739125,488906,8433,31.62375,8535,32.00625,19013,42.77925,0
2026-04-08,15:23:32.739125,488937,8427,31.60125,8534,32.0025,19013,42.77925,0
2026-04-08,15:23:32.739125,488968,8428,31.605,8538,32.0175,19012,42.777,0
2026-04-08,15:23:32.739125,489000,8425,31.59375,8539,32.02125,19013,42.77925,0
2026-04-08,15:23:33.662854,489210,8431,31.61625,8534,32.0025,19011,42.77475,0
2026-04-08,15:23:33.662854,489343,8423,31.58625,8538,32.0175,19009,42.77025,0
2026-04-08,15:23:33.662854,489374,8429,31.60875,8529,31.98375,19009,42.77025,0
2026-04-08,15:23:33.662854,489406,8418,31.5675,8527,31.97625,19010,42.7725,0
2026-04-08,15:23:33.662854,489437,8429,31.60875,8527,31.97625,19010,42.7725,0
2026-04-08,15:23:33.662854,489469,8421,31.57875,8532,31.995,19010,42.7725,0
2026-04-08,15:23:33.662854,489500,8425,31.59375,8534,32.0025,19009,42.77025,0
2026-04-08,15:23:33.662854,489532,8420,31.575,8534,32.0025,19009,42.77025,0
2026-04-08,15:23:33.662854,489563,8420,31.575,8530,31.9875,19009,42.77025,0
2026-04-08,15:23:33.662854,489595,8419,31.57125,8530,31.9875,19009,42.77025,0
2026-04-08,15:23:33.662854,489626,8426,31.5975,8528,31.98,19008,42.768,0
2026-04-08,15:23:33.662854,489657,8416,31.56,8531,31.99125,19008,42.768,0
2026-04-08,15:23:33.662854,489689,8423,31.58625,8538,32.0175,19009,42.77025,0
2026-04-08,15:23:33.662854,489720,8421,31.57875,8528,31.98,19007,42.76575,0
2026-04-08,15:23:33.662854,489751,8419,31.57125,8536,32.01,19007,42.76575,0
2026-04-08,15:23:33.662854,489783,8427,31.60125,8531,31.99125,19007,42.76575,0
2026-04-08,15:23:33.662854,489814,8414,31.5525,8524,31.965,19006,42.7635,0
2026-04-08,15:23:33.662854,489846,8420,31.575,8528,31.98,19007,42.76575,0
2026-04-08,15:23:33.662854,489877,8418,31.5675,8527,31.97625,19006,42.7635,0
2026-04-08,15:23:33.662854,489909,8409,31.53375,8534,32.0025,19006,42.7635,0
2026-04-08,15:23:34.583601,490040,8427,31.60125,8527,31.97625,19004,42.759,0
2026-04-08,15:23:34.583601,490173,8421,31.57875,8531,31.99125,19005,42.76125,0
2026-04-08,15:23:34.583601,490206,8424,31.59,8527,31.97625,19005,42.76125,0
2026-04-08,15:23:34.583601,490237,8416,31.56,8522,31.9575,19003,42.75675,0
2026-04-08,15:23:34.583601,490268,8414,31.5525,8522,31.9575,19003,42.75675,0
2026-04-08,15:23:34.583601,490300,8420,31.575,8518,31.9425,19003,42.75675,0
2026-04-08,15:23:34.583601,490331,8424,31.59,8519,31.94625,19004,42.759,0
2026-04-08,15:23:34.583601,490363,8414,31.5525,8524,31.965,19003,42.75675,0
2026-04-08,15:23:34.583601,490394,8417,31.56375,8520,31.95,19003,42.75675,0
2026-04-08,15:23:34.583601,490426,8420,31.575,8525,31.96875,19002,42.7545,0
2026-04-08,15:23:34.583601,490457,8429,31.60875,8528,31.98,19003,42.75675,0
2026-04-08,15:23:34.583601,490488,8417,31.56375,8531,31.99125,19003,42.75675,0
2026-04-08,15:23:34.583601,490520,8414,31.5525,8534,32.0025,19003,42.75675,0
2026-04-08,15:23:34.583601,490551,8418,31.5675,8527,31.97625,19002,42.7545,0
2026-04-08,15:23:34.583601,490583,8417,31.56375,8525,31.96875,19001,42.75225,0
2026-04-08,15:23:34.583601,490614,8419,31.57125,8517,31.93875,19001,42.75225,0
2026-04-08,15:23:34.583601,490646,8410,31.5375,8517,31.93875,19000,42.75,0
2026-04-08,15:23:34.583601,490677,8417,31.56375,8524,31.965,19001,42.75225,0
2026-04-08,15:23:34.583601,490708,8412,31.545,8522,31.9575,19001,42.75225,0
2026-04-08,15:23:34.583601,490740,8418,31.5675,8521,31.95375,19000,42.75,0
2026-04-08,15:23:35.617365,490956,8413,31.54875,8515,31.93125,18999,42.74775,0
2026-04-08,15:23:35.617365,491089,8411,31.54125,8517,31.93875,18996,42.741,0
2026-04-08,15:23:35.617365,491120,8418,31.5675,8531,31.99125,18996,42.741,0
2026-04-08,15:23:35.617365,491152,8407,31.52625,8525,31.96875,18996,42.741,0
2026-04-08,15:23:35.617365,491184,8409,31.53375,8524,31.965,18996,42.741,0
2026-04-08,15:23:35.617365,491216,8415,31.55625,8522,31.9575,18996,42.741,0
2026-04-08,15:23:35.617365,491248,8406,31.5225,8516,31.935,18995,42.73875,0
2026-04-08,15:23:35.617365,491279,8417,31.56375,8527,31.97625,18996,42.741,0
2026-04-08,15:23:35.617365,491310,8412,31.545,8521,31.95375,18996,42.741,0
2026-04-08,15:23:35.617365,491342,8415,31.55625,8522,31.9575,18996,42.741,0
2026-04-08,15:23:35.617365,491373,8416,31.56,8526,31.9725,18994,42.7365,0
2026-04-08,15:23:35.617365,491405,8403,31.51125,8526,31.9725,18995,42.73875,0
2026-04-08,15:23:35.617365,491436,8411,31.54125,8521,31.95375,18995,42.73875,0
2026-04-08,15:23:35.617365,491468,8416,31.56,8517,31.93875,18995,42.73875,0
2026-04-08,15:23:35.617365,491499,8426,31.5975,8520,31.95,18995,42.73875,0
2026-04-08,15:23:35.617365,491530,8418,31.5675,8522,31.9575,18994,42.7365,0
2026-04-08,15:23:35.617365,491562,8416,31.56,8520,31.95,18994,42.7365,0
2026-04-08,15:23:35.617365,491593,8412,31.545,8524,31.965,18994,42.7365,0
2026-04-08,15:23:35.617365,491624,8404,31.515,8516,31.935,18993,42.73425,0
2026-04-08,15:23:35.617365,491656,8411,31.54125,8526,31.9725,18994,42.7365,0
2026-04-08,15:23:36.439878,492016,8403,31.51125,8514,31.9275,18991,42.72975,0
2026-04-08,15:23:36.439878,492150,8407,31.52625,8506,31.8975,18989,42.72525,0
2026-04-08,15:23:36.439878,492182,8404,31.515,8506,31.8975,18989,42.72525,0
2026-04-08,15:23:36.439878,492213,8403,31.51125,8517,31.93875,18989,42.72525,0
2026-04-08,15:23:36.439878,492245,8399,31.49625,8516,31.935,18990,42.7275,0
2026-04-08,15:23:36.439878,492276,8400,31.5,8513,31.92375,18989,42.72525,0
2026-04-08,15:23:36.439878,492308,8402,31.5075,8517,31.93875,18988,42.723,0
2026-04-08,15:23:36.439878,492339,8405,31.51875,8511,31.91625,18988,42.723,0
2026-04-08,15:23:36.439878,492371,8413,31.54875,8502,31.8825,18988,42.723,0
2026-04-08,15:23:36.439878,492402,8409,31.53375,8505,31.89375,18988,42.723,0
2026-04-08,15:23:36.439878,492433,8416,31.56,8513,31.92375,18986,42.7185,0
2026-04-08,15:23:36.439878,492465,8405,31.51875,8511,31.91625,18987,42.72075,0
2026-04-08,15:23:36.439878,492496,8399,31.49625,8515,31.93125,18988,42.723,0
2026-04-08,15:23:36.439878,492528,8403,31.51125,8504,31.89,18987,42.72075,0
2026-04-08,15:23:36.439878,492559,8401,31.50375,8515,31.93125,18986,42.7185,0
2026-04-08,15:23:36.439878,492591,8402,31.5075,8519,31.94625,18986,42.7185,0
2026-04-08,15:23:36.439878,492622,8401,31.50375,8512,31.92,18986,42.7185,0
2026-04-08,15:23:36.439878,492653,8408,31.53,8513,31.92375,18984,42.714,0
2026-04-08,15:23:36.439878,492685,8400,31.5,8507,31.90125,18985,42.71625,0
2026-04-08,15:23:36.439878,492716,8404,31.515,8510,31.9125,18986,42.7185,0
2026-04-08,15:23:37.248135,492820,8406,31.5225,8513,31.92375,18984,42.714,0
2026-04-08,15:23:37.248135,492954,8413,31.54875,8519,31.94625,18983,42.71175,0
2026-04-08,15:23:37.248135,492986,8405,31.51875,8507,31.90125,18984,42.714,0
2026-04-08,15:23:37.248135,493018,8404,31.515,8512,31.92,18983,42.71175,0
2026-04-08,15:23:37.248135,493049,8402,31.5075,8511,31.91625,18983,42.71175,0
2026-04-08,15:23:37.248135,493081,8404,31.515,8510,31.9125,18984,42.714,0
2026-04-08,15:23:37.248135,493112,8401,31.50375,8515,31.93125,18983,42.71175,0
2026-04-08,15:23:37.248135,493143,8400,31.5,8508,31.905,18982,42.7095,0
2026-04-08,15:23:37.248135,493175,8400,31.5,8513,31.92375,18982,42.7095,0
2026-04-08,15:23:37.248135,493206,8398,31.4925,8513,31.92375,18981,42.70725,0
2026-04-08,15:23:37.248135,493238,8404,31.515,8517,31.93875,18982,42.7095,0
2026-04-08,15:23:37.248135,493269,8399,31.49625,8508,31.905,18981,42.70725,0
2026-04-08,15:23:37.248135,493301,8399,31.49625,8515,31.93125,18981,42.70725,0
2026-04-08,15:23:37.248135,493332,8396,31.485,8513,31.92375,18980,42.705,0
2026-04-08,15:23:37.248135,493363,8396,31.485,8506,31.8975,18980,42.705,0
2026-04-08,15:23:37.248135,493395,8400,31.5,8508,31.905,18981,42.70725,0
2026-04-08,15:23:37.248135,493426,8398,31.4925,8497,31.86375,18980,42.705,0
2026-04-08,15:23:37.248135,493457,8399,31.49625,8505,31.89375,18981,42.70725,0
2026-04-08,15:23:37.248135,493489,8399,31.49625,8501,31.87875,18980,42.705,0
2026-04-08,15:23:37.248135,493520,8398,31.4925,8504,31.89,18980,42.705,0
2026-04-08,15:23:38.266561,493714,8386,31.4475,8496,31.86,18978,42.7005,0
2026-04-08,15:23:38.266561,493847,8391,31.46625,8507,31.90125,18978,42.7005,0
2026-04-08,15:23:38.266561,493879,8397,31.48875,8504,31.89,18977,42.69825,0
2026-04-08,15:23:38.266561,493911,8391,31.46625,8510,31.9125,18978,42.7005,0
2026-04-08,15:23:38.266561,493942,8393,31.47375,8504,31.89,18977,42.69825,0
2026-04-08,15:23:38.266561,493973,8395,31.48125,8500,31.875,18976,42.696,0
2026-04-08,15:23:38.266561,494005,8397,31.48875,8507,31.90125,18976,42.696,0
2026-04-08,15:23:38.266561,494036,8392,31.47,8500,31.875,18976,42.696,0
2026-04-08,15:23:38.266561,494067,8398,31.4925,8502,31.8825,18976,42.696,0
2026-04-08,15:23:38.266561,494099,8403,31.51125,8501,31.87875,18976,42.696,0
2026-04-08,15:23:38.266561,494131,8399,31.49625,8506,31.8975,18976,42.696,0
2026-04-08,15:23:38.266561,494162,8388,31.455,8502,31.8825,18974,42.6915,0
2026-04-08,15:23:38.266561,494193,8396,31.485,8501,31.87875,18975,42.69375,0
2026-04-08,15:23:38.266561,494225,8398,31.4925,8501,31.87875,18974,42.6915,0
2026-04-08,15:23:38.266561,494256,8397,31.48875,8501,31.87875,18974,42.6915,0
2026-04-08,15:23:38.266561,494287,8403,31.51125,8497,31.86375,18974,42.6915,0
2026-04-08,15:23:38.266561,494319,8398,31.4925,8502,31.8825,18974,42.6915,0
2026-04-08,15:23:38.266561,494350,8394,31.4775,8502,31.8825,18973,42.68925,0
2026-04-08,15:23:38.266561,494382,8389,31.45875,8500,31.875,18973,42.68925,0
2026-04-08,15:23:38.266561,494413,8392,31.47,8504,31.89,18973,42.68925,0
2026-04-08,15:23:39.095066,494665,8389,31.45875,8499,31.87125,18971,42.68475,0
2026-04-08,15:23:39.095066,494799,8388,31.455,8499,31.87125,18971,42.68475,0
2026-04-08,15:23:39.095066,494831,8392,31.47,8495,31.85625,18970,42.6825,0
2026-04-08,15:23:39.095066,494862,8389,31.45875,8500,31.875,18970,42.6825,0
2026-04-08,15:23:39.095066,494894,8388,31.455,8493,31.84875,18969,42.68025,0
2026-04-08,15:23:39.095066,494925,8394,31.4775,8498,31.8675,18969,42.68025,0
2026-04-08,15:23:39.095066,494957,8391,31.46625,8501,31.87875,18968,42.678,0
2026-04-08,15:23:39.095066,494988,8405,31.51875,8493,31.84875,18970,42.6825,0
2026-04-08,15:23:39.095066,495020,8389,31.45875,8500,31.875,18969,42.68025,0
2026-04-08,15:23:39.095066,495051,8390,31.4625,8496,31.86,18968,42.678,0
2026-04-08,15:23:39.095066,495082,8390,31.4625,8500,31.875,18969,42.68025,0
2026-04-08,15:23:39.095066,495114,8391,31.46625,8489,31.83375,18968,42.678,0
2026-04-08,15:23:39.095066,495145,8385,31.44375,8497,31.86375,18967,42.67575,0
2026-04-08,15:23:39.095066,495177,8391,31.46625,8497,31.86375,18967,42.67575,0
2026-04-08,15:23:39.095066,495208,8390,31.4625,8490,31.8375,18968,42.678,0
2026-04-08,15:23:39.095066,495240,8393,31.47375,8499,31.87125,18967,42.67575,0
2026-04-08,15:23:39.095066,495271,8382,31.4325,8494,31.8525,18967,42.67575,0
2026-04-08,15:23:39.095066,495302,8389,31.45875,8498,31.8675,18967,42.67575,0
2026-04-08,15:23:39.095066,495334,8393,31.47375,8498,31.8675,18964,42.669,0
2026-04-08,15:23:39.095066,495365,8386,31.4475,8486,31.8225,18966,42.6735,0
2026-04-08,15:23:39.909278,495468,8386,31.4475,8500,31.875,18964,42.669,0
2026-04-08,15:23:39.909278,495601,8387,31.45125,8487,31.82625,18964,42.669,0
2026-04-08,15:23:39.909278,495634,8391,31.46625,8492,31.845,18965,42.67125,0
2026-04-08,15:23:39.909278,495665,8385,31.44375,8487,31.82625,18963,42.66675,0
2026-04-08,15:23:39.909278,495696,8391,31.46625,8490,31.8375,18964,42.669,0
2026-04-08,15:23:39.909278,495728,8382,31.4325,8490,31.8375,18963,42.66675,0
2026-04-08,15:23:39.909278,495759,8386,31.4475,8493,31.84875,18963,42.66675,0
2026-04-08,15:23:39.909278,495791,8385,31.44375,8490,31.8375,18963,42.66675,0
2026-04-08,15:23:39.909278,495822,8390,31.4625,8491,31.84125,18962,42.6645,0
2026-04-08,15:23:39.909278,495854,8381,31.42875,8496,31.86,18963,42.66675,0
2026-04-08,15:23:39.909278,495885,8397,31.48875,8479,31.79625,18961,42.66225,0
2026-04-08,15:23:39.909278,495916,8392,31.47,8491,31.84125,18962,42.6645,0
2026-04-08,15:23:39.909278,495948,8381,31.42875,8488,31.83,18962,42.6645,0
2026-04-08,15:23:39.909278,495979,8380,31.425,8485,31.81875,18962,42.6645,0
2026-04-08,15:23:39.909278,496011,8385,31.44375,8476,31.785,18961,42.66225,0
2026-04-08,15:23:39.909278,496042,8388,31.455,8488,31.83,18961,42.66225,0
2026-04-08,15:23:39.909278,496074,8387,31.45125,8483,31.81125,18960,42.66,0
2026-04-08,15:23:39.909278,496105,8381,31.42875,8487,31.82625,18960,42.66,0
2026-04-08,15:23:39.909278,496136,8383,31.43625,8490,31.8375,18960,42.66,0
2026-04-08,15:23:39.909278,496168,8387,31.45125,8491,31.84125,18960,42.66,0
2026-04-08,15:23:40.834403,496282,8379,31.42125,8486,31.8225,18958,42.6555,0
2026-04-08,15:23:40.834403,496416,8376,31.41,8494,31.8525,18958,42.6555,0
2026-04-08,15:23:40.834403,496448,8382,31.4325,8489,31.83375,18959,42.65775,0
2026-04-08,15:23:40.834403,496479,8383,31.43625,8489,31.83375,18958,42.6555,0
2026-04-08,15:23:40.834403,496511,8381,31.42875,8489,31.83375,18959,42.65775,0
2026-04-08,15:23:40.834403,496542,8375,31.40625,8498,31.8675,18956,42.651,0
2026-04-08,15:23:40.834403,496574,8380,31.425,8487,31.82625,18957,42.65325,0
2026-04-08,15:23:40.834403,496605,8373,31.39875,8495,31.85625,18957,42.65325,0
2026-04-08,15:23:40.834403,496636,8385,31.44375,8488,31.83,18955,42.64875,0
2026-04-08,15:23:40.834403,496668,8377,31.41375,8484,31.815,18955,42.64875,0
2026-04-08,15:23:40.834403,496699,8375,31.40625,8485,31.81875,18955,42.64875,0
2026-04-08,15:23:40.834403,496731,8375,31.40625,8489,31.83375,18956,42.651,0
2026-04-08,15:23:40.834403,496762,8375,31.40625,8485,31.81875,18957,42.65325,0
2026-04-08,15:23:40.834403,496794,8378,31.4175,8484,31.815,18954,42.6465,0
2026-04-08,15:23:40.834403,496825,8372,31.395,8486,31.8225,18955,42.64875,0
2026-04-08,15:23:40.834403,496856,8377,31.41375,8487,31.82625,18955,42.64875,0
2026-04-08,15:23:40.834403,496888,8377,31.41375,8488,31.83,18954,42.6465,0
2026-04-08,15:23:40.834403,496919,8371,31.39125,8490,31.8375,18956,42.651,0
2026-04-08,15:23:40.834403,496950,8366,31.3725,8487,31.82625,18953,42.64425,0
2026-04-08,15:23:40.834403,496982,8377,31.41375,8489,31.83375,18953,42.64425,0
2026-04-08,15:23:41.650564,497209,8369,31.38375,8474,31.7775,18952,42.642,0
2026-04-08,15:23:41.650564,497342,8370,31.3875,8486,31.8225,18952,42.642,0
2026-04-08,15:23:41.650564,497375,8369,31.38375,8473,31.77375,18951,42.63975,0
2026-04-08,15:23:41.650564,497406,8378,31.4175,8479,31.79625,18952,42.642,0
2026-04-08,15:23:41.650564,497437,8368,31.38,8481,31.80375,18951,42.63975,0
2026-04-08,15:23:41.650564,497469,8365,31.36875,8483,31.81125,18950,42.6375,0
2026-04-08,15:23:41.650564,497500,8376,31.41,8490,31.8375,18950,42.6375,0
2026-04-08,15:23:41.650564,497532,8373,31.39875,8486,31.8225,18950,42.6375,0
2026-04-08,15:23:41.650564,497563,8374,31.4025,8486,31.8225,18949,42.63525,0
2026-04-08,15:23:41.650564,497595,8374,31.4025,8486,31.8225,18949,42.63525,0
2026-04-08,15:23:41.650564,497626,8364,31.365,8485,31.81875,18950,42.6375,0
2026-04-08,15:23:41.650564,497657,8372,31.395,8488,31.83,18950,42.6375,0
2026-04-08,15:23:41.650564,497689,8380,31.425,8485,31.81875,18949,42.63525,0
2026-04-08,15:23:41.650564,497720,8375,31.40625,8482,31.8075,18949,42.63525,0
2026-04-08,15:23:41.650564,497751,8374,31.4025,8481,31.80375,18950,42.6375,0
2026-04-08,15:23:41.650564,497783,8368,31.38,8481,31.80375,18948,42.633,0
2026-04-08,15:23:41.650564,497815,8375,31.40625,8478,31.7925,18948,42.633,0
2026-04-08,15:23:41.650564,497846,8376,31.41,8482,31.8075,18949,42.63525,0
2026-04-08,15:23:41.650564,497877,8371,31.39125,8483,31.81125,18947,42.63075,0
2026-04-08,15:23:41.650564,497909,8378,31.4175,8480,31.8,18947,42.63075,0
2026-04-08,15:23:42.567426,498025,8372,31.395,8482,31.8075,18947,42.63075,0
2026-04-08,15:23:42.567426,498157,8372,31.395,8474,31.7775,18945,42.62625,0
2026-04-08,15:23:42.567426,498189,8365,31.36875,8472,31.77,18945,42.62625,0
2026-04-08,15:23:42.567426,498221,8371,31.39125,8480,31.8,18945,42.62625,0
2026-04-08,15:23:42.567426,498252,8376,31.41,8471,31.76625,18945,42.62625,0
2026-04-08,15:23:42.567426,498283,8370,31.3875,8477,31.78875,18943,42.62175,0
2026-04-08,15:23:42.567426,498315,8366,31.3725,8480,31.8,18944,42.624,0
2026-04-08,15:23:42.567426,498346,8371,31.39125,8475,31.78125,18944,42.624,0
2026-04-08,15:23:42.567426,498378,8364,31.365,8473,31.77375,18944,42.624,0
2026-04-08,15:23:42.567426,498409,8369,31.38375,8483,31.81125,18943,42.62175,0
2026-04-08,15:23:42.567426,498441,8366,31.3725,8476,31.785,18943,42.62175,0
2026-04-08,15:23:42.567426,498472,8369,31.38375,8476,31.785,18943,42.62175,0
2026-04-08,15:23:42.567426,498504,8369,31.38375,8482,31.8075,18943,42.62175,0
2026-04-08,15:23:42.567426,498535,8362,31.3575,8475,31.78125,18942,42.6195,0
2026-04-08,15:23:42.567426,498566,8365,31.36875,8481,31.80375,18942,42.6195,0
2026-04-08,15:23:42.567426,498598,8373,31.39875,8486,31.8225,18942,42.6195,0
2026-04-08,15:23:42.567426,498629,8372,31.395,8478,31.7925,18942,42.6195,0
2026-04-08,15:23:42.567426,498660,8367,31.37625,8479,31.79625,18943,42.62175,0
2026-04-08,15:23:42.567426,498692,8376,31.41,8479,31.79625,18941,42.61725,0
2026-04-08,15:23:42.567426,498723,8365,31.36875,8477,31.78875,18941,42.61725,0
2026-04-08,15:23:43.394117,498953,8368,31.38,8479,31.79625,18938,42.6105,0
2026-04-08,15:23:43.394117,499086,8361,31.35375,8477,31.78875,18938,42.6105,0
2026-04-08,15:23:43.394117,499118,8359,31.34625,8467,31.75125,18938,42.6105,0
2026-04-08,15:23:43.394117,499150,8367,31.37625,8464,31.74,18938,42.6105,0
2026-04-08,15:23:43.394117,499181,8370,31.3875,8473,31.77375,18937,42.60825,0
2026-04-08,15:23:43.394117,499213,8366,31.3725,8466,31.7475,18938,42.6105,0
2026-04-08,15:23:43.394117,499244,8366,31.3725,8479,31.79625,18937,42.60825,0
2026-04-08,15:23:43.394117,499275,8358,31.3425,8469,31.75875,18937,42.60825,0
2026-04-08,15:23:43.394117,499307,8364,31.365,8465,31.74375,18939,42.61275,0
2026-04-08,15:23:43.394117,499338,8365,31.36875,8480,31.8,18937,42.60825,0
2026-04-08,15:23:43.394117,499370,8356,31.335,8480,31.8,18936,42.606,0
2026-04-08,15:23:43.394117,499401,8362,31.3575,8481,31.80375,18936,42.606,0
2026-04-08,15:23:43.394117,499433,8361,31.35375,8472,31.77,18936,42.606,0
2026-04-08,15:23:43.394117,499464,8362,31.3575,8473,31.77375,18936,42.606,0
2026-04-08,15:23:43.394117,499495,8369,31.38375,8472,31.77,18934,42.6015,0
2026-04-08,15:23:43.394117,499527,8362,31.3575,8471,31.76625,18934,42.6015,0
2026-04-08,15:23:43.394117,499558,8361,31.35375,8471,31.76625,18935,42.60375,0
2026-04-08,15:23:43.394117,499590,8363,31.36125,8462,31.7325,18936,42.606,0
2026-04-08,15:23:43.394117,499621,8366,31.3725,8469,31.75875,18936,42.606,0
2026-04-08,15:23:43.394117,499652,8365,31.36875,8472,31.77,18935,42.60375,0
2026-04-08,15:23:44.218660,499767,8357,31.33875,8465,31.74375,18934,42.6015,0
2026-04-08,15:23:44.218660,499900,8355,31.33125,8464,31.74,18933,42.59925,0
2026-04-08,15:23:44.218660,499932,8361,31.35375,8468,31.755,18932,42.597,0
2026-04-08,15:23:44.218660,499964,8358,31.3425,8473,31.77375,18932,42.597,0
2026-04-08,15:23:44.218660,499995,8353,31.32375,8468,31.755,18932,42.597,0
2026-04-08,15:23:44.218660,500026,8359,31.34625,8476,31.785,18931,42.59475,0
2026-04-08,15:23:44.218660,500058,8362,31.3575,8469,31.75875,18930,42.5925,0
2026-04-08,15:23:44.218660,500090,8355,31.33125,8466,31.7475,18931,42.59475,0
2026-04-08,15:23:44.218660,500121,8366,31.3725,8461,31.72875,18931,42.59475,0
2026-04-08,15:23:44.218660,500152,8357,31.33875,8467,31.75125,18931,42.59475,0
2026-04-08,15:23:44.218660,500184,8353,31.32375,8463,31.73625,18929,42.59025,0
2026-04-08,15:23:44.218660,500215,8352,31.32,8472,31.77,18929,42.59025,0
2026-04-08,15:23:44.218660,500247,8360,31.35,8466,31.7475,18930,42.5925,0
2026-04-08,15:23:44.218660,500278,8353,31.32375,8460,31.725,18930,42.5925,0
2026-04-08,15:23:44.218660,500309,8355,31.33125,8461,31.72875,18930,42.5925,0
2026-04-08,15:23:44.218660,500341,8357,31.33875,8472,31.77,18930,42.5925,0
2026-04-08,15:23:44.218660,500373,8352,31.32,8466,31.7475,18929,42.59025,0
2026-04-08,15:23:44.218660,500404,8350,31.3125,8465,31.74375,18929,42.59025,0
2026-04-08,15:23:44.218660,500435,8350,31.3125,8466,31.7475,18929,42.59025,0
2026-04-08,15:23:44.218660,500467,8352,31.32,8457,31.71375,18929,42.59025,0
2026-04-08,15:23:45.114572,500594,8355,31.33125,8460,31.725,18928,42.588,0
2026-04-08,15:23:45.114572,500726,8351,31.31625,8462,31.7325,18926,42.5835,0
2026-04-08,15:23:45.114572,500758,8352,31.32,8458,31.7175,18926,42.5835,0
2026-04-08,15:23:45.114572,500790,8358,31.3425,8458,31.7175,18926,42.5835,0
2026-04-08,15:23:45.114572,500821,8362,31.3575,8465,31.74375,18926,42.5835,0
2026-04-08,15:23:45.114572,500853,8356,31.335,8466,31.7475,18925,42.58125,0
2026-04-08,15:23:45.114572,500884,8349,31.30875,8458,31.7175,18925,42.58125,0
2026-04-08,15:23:45.114572,500916,8358,31.3425,8463,31.73625,18925,42.58125,0
2026-04-08,15:23:45.114572,500947,8348,31.305,8463,31.73625,18924,42.579,0
2026-04-08,15:23:45.114572,500979,8347,31.30125,8459,31.72125,18924,42.579,0
2026-04-08,15:23:45.114572,501010,8349,31.30875,8459,31.72125,18924,42.579,0
2026-04-08,15:23:45.114572,501041,8347,31.30125,8466,31.7475,18924,42.579,0
2026-04-08,15:23:45.114572,501073,8351,31.31625,8456,31.71,18923,42.57675,0
2026-04-08,15:23:45.114572,501104,8353,31.32375,8459,31.72125,18924,42.579,0
2026-04-08,15:23:45.114572,501136,8356,31.335,8463,31.73625,18922,42.5745,0
2026-04-08,15:23:45.114572,501167,8357,31.33875,8469,31.75875,18923,42.57675,0
2026-04-08,15:23:45.114572,501199,8360,31.35,8456,31.71,18923,42.57675,0
2026-04-08,15:23:45.114572,501230,8351,31.31625,8457,31.71375,18922,42.5745,0
2026-04-08,15:23:45.114572,501261,8349,31.30875,8452,31.695,18921,42.57225,0
2026-04-08,15:23:45.114572,501293,8351,31.31625,8461,31.72875,18921,42.57225,0
2026-04-08,15:23:46.035525,501490,8348,31.305,8465,31.74375,18920,42.57,0
2026-04-08,15:23:46.035525,501623,8342,31.2825,8451,31.69125,18920,42.57,0
2026-04-08,15:23:46.035525,501655,8347,31.30125,8452,31.695,18918,42.5655,0
2026-04-08,15:23:46.035525,501687,8345,31.29375,8461,31.72875,18919,42.56775,0
2026-04-08,15:23:46.035525,501719,8345,31.29375,8452,31.695,18919,42.56775,0
2026-04-08,15:23:46.035525,501750,8350,31.3125,8459,31.72125,18918,42.5655,0
2026-04-08,15:23:46.035525,501782,8349,31.30875,8455,31.70625,18919,42.56775,0
2026-04-08,15:23:46.035525,501813,8348,31.305,8450,31.6875,18918,42.5655,0
2026-04-08,15:23:46.035525,501844,8350,31.3125,8460,31.725,18917,42.56325,0
2026-04-08,15:23:46.035525,501876,8341,31.27875,8456,31.71,18917,42.56325,0
2026-04-08,15:23:46.035525,501907,8341,31.27875,8456,31.71,18918,42.5655,0
2026-04-08,15:23:46.035525,501938,8344,31.29,8458,31.7175,18918,42.5655,0
2026-04-08,15:23:46.035525,501970,8347,31.30125,8449,31.68375,18916,42.561,0
2026-04-08,15:23:46.035525,502001,8353,31.32375,8448,31.68,18916,42.561,0
2026-04-08,15:23:46.035525,502033,8351,31.31625,8450,31.6875,18916,42.561,0
2026-04-08,15:23:46.035525,502064,8347,31.30125,8457,31.71375,18916,42.561,0
2026-04-08,15:23:46.035525,502096,8349,31.30875,8449,31.68375,18916,42.561,0
2026-04-08,15:23:46.035525,502127,8352,31.32,8450,31.6875,18915,42.55875,0
2026-04-08,15:23:46.035525,502158,8348,31.305,8449,31.68375,18916,42.561,0
2026-04-08,15:23:46.035525,502190,8340,31.275,8452,31.695,18916,42.561,0
2026-04-08,15:23:46.984075,502411,8352,31.32,8453,31.69875,18914,42.5565,0
2026-04-08,15:23:46.984075,502544,8344,31.29,8455,31.70625,18911,42.54975,0
2026-04-08,15:23:46.984075,502575,8346,31.2975,8455,31.70625,18913,42.55425,0
2026-04-08,15:23:46.984075,502607,8353,31.32375,8453,31.69875,18911,42.54975,0
2026-04-08,15:23:46.984075,502639,8348,31.305,8454,31.7025,18911,42.54975,0
2026-04-08,15:23:46.984075,502670,8348,31.305,8451,31.69125,18911,42.54975,0
2026-04-08,15:23:46.984075,502702,8345,31.29375,8448,31.68,18911,42.54975,0
2026-04-08,15:23:46.984075,502733,8350,31.3125,8456,31.71,18911,42.54975,0
2026-04-08,15:23:46.984075,502764,8342,31.2825,8443,31.66125,18911,42.54975,0
2026-04-08,15:23:46.984075,502795,8342,31.2825,8458,31.7175,18911,42.54975,0
2026-04-08,15:23:46.984075,502827,8341,31.27875,8457,31.71375,18910,42.5475,0
2026-04-08,15:23:46.984075,502858,8345,31.29375,8454,31.7025,18908,42.543,0
2026-04-08,15:23:46.984075,502890,8332,31.245,8448,31.68,18909,42.54525,0
2026-04-08,15:23:46.984075,502921,8348,31.305,8447,31.67625,18910,42.5475,0
2026-04-08,15:23:46.984075,502953,8338,31.2675,8459,31.72125,18909,42.54525,0
2026-04-08,15:23:46.984075,502984,8335,31.25625,8455,31.70625,18910,42.5475,0
2026-04-08,15:23:46.984075,503016,8345,31.29375,8460,31.725,18909,42.54525,0
2026-04-08,15:23:46.984075,503047,8342,31.2825,8449,31.68375,18909,42.54525,0
2026-04-08,15:23:46.984075,503078,8339,31.27125,8448,31.68,18909,42.54525,0
2026-04-08,15:23:46.984075,503110,8346,31.2975,8443,31.66125,18908,42.543,0
2026-04-08,15:23:47.791796,503359,8339,31.27125,8444,31.665,18906,42.5385,0
2026-04-08,15:23:47.791796,503492,8336,31.26,8437,31.63875,18905,42.53625,0
2026-04-08,15:23:47.791796,503524,8343,31.28625,8447,31.67625,18905,42.53625,0
2026-04-08,15:23:47.791796,503556,8341,31.27875,8454,31.7025,18904,42.534,0
2026-04-08,15:23:47.791796,503587,8332,31.245,8443,31.66125,18905,42.53625,0
2026-04-08,15:23:47.791796,503619,8341,31.27875,8448,31.68,18904,42.534,0
2026-04-08,15:23:47.791796,503650,8340,31.275,8444,31.665,18905,42.53625,0
2026-04-08,15:23:47.791796,503681,8336,31.26,8449,31.68375,18904,42.534,0
2026-04-08,15:23:47.791796,503713,8337,31.26375,8440,31.65,18904,42.534,0
2026-04-08,15:23:47.791796,503744,8338,31.2675,8443,31.66125,18903,42.53175,0
2026-04-08,15:23:47.791796,503776,8332,31.245,8442,31.6575,18903,42.53175,0
2026-04-08,15:23:47.791796,503807,8332,31.245,8448,31.68,18903,42.53175,0
2026-04-08,15:23:47.791796,503839,8342,31.2825,8443,31.66125,18903,42.53175,0
2026-04-08,15:23:47.791796,503870,8334,31.2525,8452,31.695,18903,42.53175,0
2026-04-08,15:23:47.791796,503901,8336,31.26,8440,31.65,18902,42.5295,0
2026-04-08,15:23:47.791796,503933,8335,31.25625,8442,31.6575,18901,42.52725,0
2026-04-08,15:23:47.791796,503964,8333,31.24875,8445,31.66875,18901,42.52725,0
2026-04-08,15:23:47.791796,503996,8339,31.27125,8445,31.66875,18902,42.5295,0
2026-04-08,15:23:47.791796,504027,8340,31.275,8447,31.67625,18901,42.52725,0
2026-04-08,15:23:47.791796,504059,8335,31.25625,8444,31.665,18900,42.525,0
2026-04-08,15:23:48.628493,504165,8336,31.26,8441,31.65375,18900,42.525,0
2026-04-08,15:23:48.628493,504299,8335,31.25625,8440,31.65,18899,42.52275,0
2026-04-08,15:23:48.628493,504330,8332,31.245,8443,31.66125,18899,42.52275,0
2026-04-08,15:23:48.628493,504362,8325,31.21875,8448,31.68,18898,42.5205,0
2026-04-08,15:23:48.628493,504394,8329,31.23375,8435,31.63125,18898,42.5205,0
2026-04-08,15:23:48.628493,504425,8335,31.25625,8443,31.66125,18899,42.52275,0
2026-04-08,15:23:48.628493,504457,8331,31.24125,8438,31.6425,18898,42.5205,0
2026-04-08,15:23:48.628493,504488,8327,31.22625,8438,31.6425,18897,42.51825,0
2026-04-08,15:23:48.628493,504519,8329,31.23375,8445,31.66875,18897,42.51825,0
2026-04-08,15:23:48.628493,504551,8330,31.2375,8435,31.63125,18898,42.5205,0
2026-04-08,15:23:48.628493,504582,8324,31.215,8437,31.63875,18896,42.516,0
2026-04-08,15:23:48.628493,504614,8331,31.24125,8438,31.6425,18897,42.51825,0
2026-04-08,15:23:48.628493,504645,8333,31.24875,8433,31.62375,18897,42.51825,0
2026-04-08,15:23:48.628493,504677,8332,31.245,8435,31.63125,18896,42.516,0
2026-04-08,15:23:48.628493,504708,8331,31.24125,8445,31.66875,18895,42.51375,0
2026-04-08,15:23:48.628493,504739,8328,31.23,8440,31.65,18895,42.51375,0
2026-04-08,15:23:48.628493,504771,8321,31.20375,8431,31.61625,18895,42.51375,0
2026-04-08,15:23:48.628493,504802,8328,31.23,8437,31.63875,18895,42.51375,0
2026-04-08,15:23:48.628493,504833,8330,31.2375,8430,31.6125,18896,42.516,0
2026-04-08,15:23:48.628493,504865,8331,31.24125,8434,31.6275,18895,42.51375,0
2026-04-08,15:23:49.446059,505024,8323,31.21125,8430,31.6125,18894,42.5115,0
2026-04-08,15:23:49.446059,505158,8321,31.20375,8433,31.62375,18892,42.507,0
2026-04-08,15:23:49.446059,505190,8318,31.1925,8432,31.62,18892,42.507,0
2026-04-08,15:23:49.446059,505221,8322,31.2075,8427,31.60125,18892,42.507,0
2026-04-08,15:23:49.446059,505252,8322,31.2075,8430,31.6125,18892,42.507,0
2026-04-08,15:23:49.446059,505284,8323,31.21125,8430,31.6125,18891,42.50475,0
2026-04-08,15:23:49.446059,505315,8324,31.215,8435,31.63125,18891,42.50475,0
2026-04-08,15:23:49.446059,505346,8325,31.21875,8438,31.6425,18890,42.5025,0
2026-04-08,15:23:49.446059,505378,8325,31.21875,8433,31.62375,18890,42.5025,0
2026-04-08,15:23:49.446059,505410,8329,31.23375,8429,31.60875,18890,42.5025,0
2026-04-08,15:23:49.446059,505441,8334,31.2525,8430,31.6125,18891,42.50475,0
2026-04-08,15:23:49.446059,505473,8325,31.21875,8427,31.60125,18890,42.5025,0
2026-04-08,15:23:49.446059,505504,8326,31.2225,8427,31.60125,18890,42.5025,0
2026-04-08,15:23:49.446059,505535,8328,31.23,8425,31.59375,18889,42.50025,0
2026-04-08,15:23:49.446059,505567,8323,31.21125,8433,31.62375,18890,42.5025,0
2026-04-08,15:23:49.446059,505598,8319,31.19625,8426,31.5975,18889,42.50025,0
2026-04-08,15:23:49.446059,505629,8319,31.19625,8430,31.6125,18889,42.50025,0
2026-04-08,15:23:49.446059,505661,8326,31.2225,8435,31.63125,18890,42.5025,0
2026-04-08,15:23:49.446059,505692,8323,31.21125,8435,31.63125,18889,42.50025,0
2026-04-08,15:23:49.446059,505724,8329,31.23375,8437,31.63875,18889,42.50025,0
2026-04-08,15:23:50.254724,505820,8323,31.21125,8442,31.6575,18888,42.498,0
2026-04-08,15:23:50.254724,505954,8319,31.19625,8424,31.59,18887,42.49575,0
2026-04-08,15:23:50.254724,505986,8318,31.1925,8433,31.62375,18886,42.4935,0
2026-04-08,15:23:50.254724,506018,8327,31.22625,8429,31.60875,18886,42.4935,0
2026-04-08,15:23:50.254724,506049,8319,31.19625,8427,31.60125,18887,42.49575,0
2026-04-08,15:23:50.254724,506081,8328,31.23,8432,31.62,18886,42.4935,0
2026-04-08,15:23:50.254724,506112,8333,31.24875,8426,31.5975,18885,42.49125,0
2026-04-08,15:23:50.254724,506143,8319,31.19625,8425,31.59375,18884,42.489,0
2026-04-08,15:23:50.254724,506174,8321,31.20375,8426,31.5975,18886,42.4935,0
2026-04-08,15:23:50.254724,506206,8326,31.2225,8426,31.5975,18884,42.489,0
2026-04-08,15:23:50.254724,506237,8319,31.19625,8435,31.63125,18885,42.49125,0
2026-04-08,15:23:50.254724,506269,8322,31.2075,8428,31.605,18883,42.48675,0
2026-04-08,15:23:50.254724,506300,8321,31.20375,8435,31.63125,18885,42.49125,0
2026-04-08,15:23:50.254724,506332,8319,31.19625,8427,31.60125,18883,42.48675,0
2026-04-08,15:23:50.254724,506363,8315,31.18125,8434,31.6275,18882,42.4845,0
2026-04-08,15:23:50.254724,506395,8315,31.18125,8428,31.605,18883,42.48675,0
2026-04-08,15:23:50.254724,506426,8322,31.2075,8433,31.62375,18882,42.4845,0
2026-04-08,15:23:50.254724,506457,8313,31.17375,8433,31.62375,18882,42.4845,0
2026-04-08,15:23:50.254724,506489,8323,31.21125,8427,31.60125,18881,42.48225,0
2026-04-08,15:23:50.254724,506520,8320,31.2,8427,31.60125,18882,42.4845,0
2026-04-08,15:23:51.070432,506633,8321,31.20375,8428,31.605,18881,42.48225,0
2026-04-08,15:23:51.070432,506766,8321,31.20375,8422,31.5825,18879,42.47775,0
2026-04-08,15:23:51.070432,506798,8321,31.20375,8427,31.60125,18880,42.48,0
2026-04-08,15:23:51.070432,506830,8322,31.2075,8419,31.57125,18880,42.48,0
2026-04-08,15:23:51.070432,506861,8322,31.2075,8422,31.5825,18879,42.47775,0
2026-04-08,15:23:51.070432,506893,8321,31.20375,8424,31.59,18879,42.47775,0
2026-04-08,15:23:51.070432,506924,8324,31.215,8422,31.5825,18879,42.47775,0
2026-04-08,15:23:51.070432,506955,8324,31.215,8428,31.605,18879,42.47775,0
2026-04-08,15:23:51.070432,506987,8319,31.19625,8421,31.57875,18877,42.47325,0
2026-04-08,15:23:51.070432,507018,8313,31.17375,8421,31.57875,18878,42.4755,0
2026-04-08,15:23:51.070432,507050,8320,31.2,8428,31.605,18878,42.4755,0
2026-04-08,15:23:51.070432,507081,8322,31.2075,8422,31.5825,18878,42.4755,0
2026-04-08,15:23:51.070432,507113,8315,31.18125,8430,31.6125,18876,42.471,0
2026-04-08,15:23:51.070432,507144,8314,31.1775,8425,31.59375,18877,42.47325,0
2026-04-08,15:23:51.070432,507175,8312,31.17,8433,31.62375,18875,42.46875,0
2026-04-08,15:23:51.070432,507207,8317,31.18875,8417,31.56375,18876,42.471,0
2026-04-08,15:23:51.070432,507238,8312,31.17,8426,31.5975,18876,42.471,0
2026-04-08,15:23:51.070432,507270,8316,31.185,8421,31.57875,18875,42.46875,0
2026-04-08,15:23:51.070432,507301,8319,31.19625,8422,31.5825,18875,42.46875,0
2026-04-08,15:23:51.070432,507333,8308,31.155,8429,31.60875,18876,42.471,0
2026-04-08,15:23:51.989638,507444,8307,31.15125,8420,31.575,18874,42.4665,0
2026-04-08,15:23:51.989638,507578,8307,31.15125,8411,31.54125,18873,42.46425,0
2026-04-08,15:23:51.989638,507610,8307,31.15125,8413,31.54875,18873,42.46425,0
2026-04-08,15:23:51.989638,507641,8312,31.17,8425,31.59375,18873,42.46425,0
2026-04-08,15:23:51.989638,507673,8310,31.1625,8412,31.545,18872,42.462,0
2026-04-08,15:23:51.989638,507704,8305,31.14375,8420,31.575,18873,42.46425,0
2026-04-08,15:23:51.989638,507736,8312,31.17,8415,31.55625,18872,42.462,0
2026-04-08,15:23:51.989638,507767,8306,31.1475,8423,31.58625,18871,42.45975,0
2026-04-08,15:23:51.989638,507798,8316,31.185,8421,31.57875,18872,42.462,0
2026-04-08,15:23:51.989638,507830,8310,31.1625,8421,31.57875,18872,42.462,0
2026-04-08,15:23:51.989638,507861,8301,31.12875,8422,31.5825,18871,42.45975,0
2026-04-08,15:23:51.989638,507893,8311,31.16625,8416,31.56,18871,42.45975,0
2026-04-08,15:23:51.989638,507924,8317,31.18875,8418,31.5675,18872,42.462,0
2026-04-08,15:23:51.989638,507956,8305,31.14375,8409,31.53375,18871,42.45975,0
2026-04-08,15:23:51.989638,507987,8306,31.1475,8416,31.56,18871,42.45975,0
2026-04-08,15:23:51.989638,508018,8312,31.17,8413,31.54875,18869,42.45525,0
2026-04-08,15:23:51.989638,508050,8305,31.14375,8411,31.54125,18870,42.4575,0
2026-04-08,15:23:51.989638,508081,8306,31.1475,8418,31.5675,18868,42.453,0
2026-04-08,15:23:51.989638,508112,8302,31.1325,8416,31.56,18869,42.45525,0
2026-04-08,15:23:51.989638,508144,8306,31.1475,8415,31.55625,18869,42.45525,0
2026-04-08,15:23:52.898122,508390,4155,15.58125,4287,16.07625,9320,20.97,0
2026-04-08,15:23:52.898122,508523,4160,15.6,4294,16.1025,9323,20.97675,0
2026-04-08,15:23:52.898122,508555,4164,15.615,4294,16.1025,9323,20.97675,0
2026-04-08,15:23:52.898122,508586,4162,15.6075,4301,16.12875,9324,20.979,0
2026-04-08,15:23:52.898122,508617,4171,15.64125,4301,16.12875,9324,20.979,0
2026-04-08,15:23:52.898122,508649,4177,15.66375,4305,16.14375,9325,20.98125,0
2026-04-08,15:23:52.898122,508680,4167,15.62625,4305,16.14375,9325,20.98125,0
2026-04-08,15:23:52.898122,508712,4170,15.6375,4304,16.14,9325,20.98125,0
2026-04-08,15:23:52.898122,508743,4167,15.62625,4314,16.1775,9325,20.98125,0
2026-04-08,15:23:52.898122,508775,4175,15.65625,4310,16.1625,9325,20.98125,0
2026-04-08,15:23:52.898122,508806,4174,15.6525,4315,16.18125,9325,20.98125,0
2026-04-08,15:23:52.898122,508837,4180,15.675,4312,16.17,9325,20.98125,0
2026-04-08,15:23:52.898122,508869,4178,15.6675,4314,16.1775,9326,20.9835,0
2026-04-08,15:23:52.898122,508900,4178,15.6675,4311,16.16625,9326,20.9835,0
2026-04-08,15:23:52.898122,508931,4183,15.68625,4309,16.15875,9326,20.9835,0
2026-04-08,15:23:52.898122,508963,4185,15.69375,4309,16.15875,9326,20.9835,0
2026-04-08,15:23:52.898122,508994,4181,15.67875,4308,16.155,9326,20.9835,0
2026-04-08,15:23:52.898122,509026,4178,15.6675,4314,16.1775,9327,20.98575,0
2026-04-08,15:23:52.898122,509057,4185,15.69375,4317,16.18875,9326,20.9835,0
2026-04-08,15:23:52.898122,509089,4185,15.69375,4318,16.1925,9326,20.9835,0
2026-04-08,15:23:53.818608,509278,4189,15.70875,4323,16.21125,9326,20.9835,0
2026-04-08,15:23:53.818608,509410,4190,15.7125,4324,16.215,9327,20.98575,0
2026-04-08,15:23:53.818608,509442,4187,15.70125,4319,16.19625,9326,20.9835,0
2026-04-08,15:23:53.818608,509474,4187,15.70125,4320,16.2,9327,20.98575,0
2026-04-08,15:23:53.818608,509505,4193,15.72375,4319,16.19625,9326,20.9835,0
2026-04-08,15:23:53.818608,509536,4193,15.72375,4319,16.19625,9326,20.9835,0
2026-04-08,15:23:53.818608,509568,4188,15.705,4324,16.215,9327,20.98575,0
2026-04-08,15:23:53.818608,509599,4189,15.70875,4328,16.23,9326,20.9835,0
2026-04-08,15:23:53.818608,509630,4189,15.70875,4325,16.21875,9328,20.988,0
2026-04-08,15:23:53.818608,509662,4193,15.72375,4330,16.2375,9327,20.98575,0
2026-04-08,15:23:53.818608,509693,4187,15.70125,4331,16.24125,9327,20.98575,0
2026-04-08,15:23:53.818608,509725,4194,15.7275,4328,16.23,9326,20.9835,0
2026-04-08,15:23:53.818608,509756,4190,15.7125,4319,16.19625,9328,20.988,0
2026-04-08,15:23:53.818608,509788,4198,15.7425,4326,16.2225,9326,20.9835,0
2026-04-08,15:23:53.818608,509819,4193,15.72375,4323,16.21125,9326,20.9835,0
2026-04-08,15:23:53.818608,509850,4195,15.73125,4324,16.215,9326,20.9835,0
2026-04-08,15:23:53.818608,509882,4194,15.7275,4321,16.20375,9327,20.98575,0
2026-04-08,15:23:53.818608,509913,4193,15.72375,4331,16.24125,9327,20.98575,0
2026-04-08,15:23:53.818608,509944,4197,15.73875,4332,16.245,9327,20.98575,0
2026-04-08,15:23:53.818608,509976,4193,15.72375,4335,16.25625,9328,20.988,0
2026-04-08,15:23:55.899652,510191,4201,15.75375,4337,16.26375,9326,20.9835,0
2026-04-08,15:23:55.899652,510324,4205,15.76875,4335,16.25625,9327,20.98575,0
2026-04-08,15:23:55.899652,510355,4203,15.76125,4337,16.26375,9326,20.9835,0
2026-04-08,15:23:55.899652,510387,4200,15.75,4331,16.24125,9326,20.9835,0
2026-04-08,15:23:55.899652,510418,4205,15.76875,4340,16.275,9326,20.9835,0
2026-04-08,15:23:55.899652,510449,4197,15.73875,4344,16.29,9327,20.98575,0
2026-04-08,15:23:55.899652,510481,4203,15.76125,4339,16.27125,9326,20.9835,0
2026-04-08,15:23:55.899652,510513,4206,15.7725,4341,16.27875,9326,20.9835,0
2026-04-08,15:23:55.899652,510544,4204,15.765,4349,16.30875,9326,20.9835,0
2026-04-08,15:23:55.899652,510575,4210,15.7875,4338,16.2675,9326,20.9835,0
2026-04-08,15:23:55.899652,510607,4212,15.795,4345,16.29375,9327,20.98575,0
2026-04-08,15:23:55.899652,510638,4201,15.75375,4334,16.2525,9326,20.9835,0
2026-04-08,15:23:55.899652,510669,4202,15.7575,4337,16.26375,9326,20.9835,0
2026-04-08,15:23:55.899652,510701,4201,15.75375,4344,16.29,9328,20.988,0
2026-04-08,15:23:55.899652,510732,4211,15.79125,4343,16.28625,9327,20.98575,0
2026-04-08,15:23:55.899652,510763,4208,15.78,4344,16.29,9328,20.988,0
2026-04-08,15:23:55.899652,510795,4211,15.79125,4344,16.29,9328,20.988,0
2026-04-08,15:23:55.899652,510826,4218,15.8175,4340,16.275,9326,20.9835,0
2026-04-08,15:23:55.899652,510858,4211,15.79125,4340,16.275,9327,20.98575,0
2026-04-08,15:23:55.899652,510889,4210,15.7875,4355,16.33125,9327,20.98575,0
2026-04-08,15:23:56.709490,512284,4223,15.83625,4361,16.35375,9326,20.9835,0
2026-04-08,15:23:56.709490,512417,4220,15.825,4350,16.3125,9325,20.98125,0
2026-04-08,15:23:56.709490,512449,4216,15.81,4352,16.32,9325,20.98125,0
2026-04-08,15:23:56.709490,512480,4217,15.81375,4350,16.3125,9326,20.9835,0
2026-04-08,15:23:56.709490,512511,4220,15.825,4348,16.305,9326,20.9835,0
2026-04-08,15:23:56.709490,512543,4219,15.82125,4359,16.34625,9325,20.98125,0
2026-04-08,15:23:56.709490,512575,4221,15.82875,4364,16.365,9326,20.9835,0
2026-04-08,15:23:56.709490,512606,4221,15.82875,4360,16.35,9326,20.9835,0
2026-04-08,15:23:56.709490,512638,4227,15.85125,4358,16.3425,9325,20.98125,0
2026-04-08,15:23:56.709490,512669,4221,15.82875,4357,16.33875,9325,20.98125,0
2026-04-08,15:23:56.709490,512700,4221,15.82875,4359,16.34625,9326,20.9835,0
2026-04-08,15:23:56.709490,512732,4229,15.85875,4363,16.36125,9326,20.9835,0
2026-04-08,15:23:56.709490,512763,4226,15.8475,4361,16.35375,9326,20.9835,0
2026-04-08,15:23:56.709490,512794,4223,15.83625,4355,16.33125,9326,20.9835,0
2026-04-08,15:23:56.709490,512826,4226,15.8475,4357,16.33875,9325,20.98125,0
2026-04-08,15:23:56.709490,512857,4226,15.8475,4360,16.35,9325,20.98125,0
2026-04-08,15:23:56.709490,512889,4225,15.84375,4358,16.3425,9326,20.9835,0
2026-04-08,15:23:56.709490,512920,4230,15.8625,4363,16.36125,9327,20.98575,0
2026-04-08,15:23:56.709490,512952,4230,15.8625,4352,16.32,9326,20.9835,0
2026-04-08,15:23:56.709490,512983,4227,15.85125,4358,16.3425,9325,20.98125,0
2026-04-08,15:24:01.094457,513099,4224,15.84,4354,16.3275,9326,20.9835,0
2026-04-08,15:24:01.094457,513232,4234,15.8775,4361,16.35375,9325,20.98125,0
2026-04-08,15:24:01.094457,513264,4226,15.8475,4363,16.36125,9325,20.98125,0
2026-04-08,15:24:01.094457,513296,4230,15.8625,4361,16.35375,9326,20.9835,0
2026-04-08,15:24:01.094457,513327,4221,15.82875,4364,16.365,9325,20.98125,0
2026-04-08,15:24:01.094457,513359,4229,15.85875,4363,16.36125,9325,20.98125,0
2026-04-08,15:24:01.094457,513390,4232,15.87,4367,16.37625,9326,20.9835,0
2026-04-08,15:24:01.094457,513421,4233,15.87375,4371,16.39125,9326,20.9835,0
2026-04-08,15:24:01.094457,513453,4229,15.85875,4369,16.38375,9324,20.979,0
2026-04-08,15:24:01.094457,513485,4233,15.87375,4363,16.36125,9324,20.979,0
2026-04-08,15:24:01.094457,513516,4225,15.84375,4367,16.37625,9325,20.98125,0
2026-04-08,15:24:01.094457,513547,4227,15.85125,4377,16.41375,9325,20.98125,0
2026-04-08,15:24:01.094457,513579,4231,15.86625,4369,16.38375,9325,20.98125,0
2026-04-08,15:24:01.094457,513610,4226,15.8475,4373,16.39875,9325,20.98125,0
2026-04-08,15:24:01.094457,513641,4222,15.8325,4366,16.3725,9324,20.979,0
2026-04-08,15:24:01.094457,513673,4228,15.855,4363,16.36125,9325,20.98125,0
2026-04-08,15:24:01.094457,513704,4226,15.8475,4375,16.40625,9324,20.979,0
2026-04-08,15:24:01.094457,513736,4228,15.855,4369,16.38375,9325,20.98125,0
2026-04-08,15:24:01.094457,513767,4229,15.85875,4372,16.395,9324,20.979,0
2026-04-08,15:24:01.094457,513799,4237,15.88875,4377,16.41375,9324,20.979,0
2026-04-08,15:24:01.926099,517490,4246,15.9225,4404,16.515,9321,20.97225,0
2026-04-08,15:24:01.926099,517621,4249,15.93375,4391,16.46625,9322,20.9745,0
2026-04-08,15:24:01.926099,517654,4249,15.93375,4385,16.44375,9323,20.97675,0
2026-04-08,15:24:01.926099,517685,4251,15.94125,4394,16.4775,9323,20.97675,0
2026-04-08,15:24:01.926099,517716,4250,15.9375,4389,16.45875,9322,20.9745,0
2026-04-08,15:24:01.926099,517748,4248,15.93,4397,16.48875,9322,20.9745,0
2026-04-08,15:24:01.926099,517780,4255,15.95625,4391,16.46625,9321,20.97225,0
2026-04-08,15:24:01.926099,517811,4249,15.93375,4399,16.49625,9322,20.9745,0
2026-04-08,15:24:01.926099,517842,4252,15.945,4397,16.48875,9323,20.97675,0
2026-04-08,15:24:01.926099,517874,4252,15.945,4390,16.4625,9321,20.97225,0
2026-04-08,15:24:01.926099,517905,4253,15.94875,4393,16.47375,9322,20.9745,0
2026-04-08,15:24:01.926099,517936,4252,15.945,4389,16.45875,9322,20.9745,0
2026-04-08,15:24:01.926099,517968,4251,15.94125,4388,16.455,9322,20.9745,0
2026-04-08,15:24:01.926099,517999,4247,15.92625,4390,16.4625,9321,20.97225,0
2026-04-08,15:24:01.926099,518031,4251,15.94125,4390,16.4625,9323,20.97675,0
2026-04-08,15:24:01.926099,518062,4250,15.9375,4399,16.49625,9321,20.97225,0
2026-04-08,15:24:01.926099,518094,4255,15.95625,4393,16.47375,9322,20.9745,0
2026-04-08,15:24:01.926099,518125,4253,15.94875,4395,16.48125,9322,20.9745,0
2026-04-08,15:24:01.926099,518156,4250,15.9375,4393,16.47375,9322,20.9745,0
2026-04-08,15:24:01.926099,518188,4246,15.9225,4391,16.46625,9320,20.97,0
2026-04-08,15:24:02.748442,518302,4255,15.95625,4397,16.48875,9321,20.97225,0
2026-04-08,15:24:02.748442,518434,4256,15.96,4398,16.4925,9321,20.97225,0
2026-04-08,15:24:02.748442,518467,4253,15.94875,4400,16.5,9321,20.97225,0
2026-04-08,15:24:02.748442,518498,4250,15.9375,4392,16.47,9322,20.9745,0
2026-04-08,15:24:02.748442,518529,4255,15.95625,4396,16.485,9320,20.97,0
2026-04-08,15:24:02.748442,518561,4247,15.92625,4397,16.48875,9321,20.97225,0
2026-04-08,15:24:02.748442,518593,4252,15.945,4401,16.50375,9321,20.97225,0
2026-04-08,15:24:02.748442,518624,4261,15.97875,4395,16.48125,9321,20.97225,0
2026-04-08,15:24:02.748442,518655,4256,15.96,4393,16.47375,9321,20.97225,0
2026-04-08,15:24:02.748442,518687,4259,15.97125,4392,16.47,9321,20.97225,0
2026-04-08,15:24:02.748442,518718,4252,15.945,4400,16.5,9320,20.97,0
2026-04-08,15:24:02.748442,518749,4258,15.9675,4397,16.48875,9320,20.97,0
2026-04-08,15:24:02.748442,518781,4261,15.97875,4401,16.50375,9320,20.97,0
2026-04-08,15:24:02.748442,518812,4257,15.96375,4391,16.46625,9320,20.97,0
2026-04-08,15:24:02.748442,518844,4259,15.97125,4396,16.485,9320,20.97,0
2026-04-08,15:24:02.748442,518875,4256,15.96,4397,16.48875,9320,20.97,0
2026-04-08,15:24:02.748442,518907,4256,15.96,4391,16.46625,9320,20.97,0
2026-04-08,15:24:02.748442,518938,4257,15.96375,4405,16.51875,9320,20.97,0
2026-04-08,15:24:02.748442,518969,4268,16.005,4397,16.48875,9320,20.97,0
2026-04-08,15:24:02.748442,519001,4258,15.9675,4394,16.4775,9322,20.9745,0
2026-04-08,15:24:03.564966,519133,4253,15.94875,4389,16.45875,9319,20.96775,0
2026-04-08,15:24:03.564966,519266,4257,15.96375,4396,16.485,9321,20.97225,0
2026-04-08,15:24:03.564966,519298,4264,15.99,4398,16.4925,9320,20.97,0
2026-04-08,15:24:03.564966,519329,4255,15.95625,4391,16.46625,9320,20.97,0
2026-04-08,15:24:03.564966,519361,4255,15.95625,4397,16.48875,9320,20.97,0
2026-04-08,15:24:03.564966,519392,4260,15.975,4393,16.47375,9320,20.97,0
2026-04-08,15:24:03.564966,519424,4257,15.96375,4402,16.5075,9320,20.97,0
2026-04-08,15:24:03.564966,519455,4265,15.99375,4402,16.5075,9320,20.97,0
2026-04-08,15:24:03.564966,519486,4255,15.95625,4395,16.48125,9321,20.97225,0
2026-04-08,15:24:03.564966,519518,4267,16.00125,4405,16.51875,9320,20.97,0
2026-04-08,15:24:03.564966,519549,4267,16.00125,4399,16.49625,9319,20.96775,0
2026-04-08,15:24:03.564966,519580,4265,15.99375,4398,16.4925,9322,20.9745,0
2026-04-08,15:24:03.564966,519612,4258,15.9675,4404,16.515,9320,20.97,0
2026-04-08,15:24:03.564966,519643,4259,15.97125,4400,16.5,9320,20.97,0
2026-04-08,15:24:03.564966,519675,4264,15.99,4395,16.48125,9320,20.97,0
2026-04-08,15:24:03.564966,519706,4260,15.975,4410,16.5375,9320,20.97,0
2026-04-08,15:24:03.564966,519738,4261,15.97875,4388,16.455,9319,20.96775,0
2026-04-08,15:24:03.564966,519769,4268,16.005,4401,16.50375,9321,20.97225,0
2026-04-08,15:24:03.564966,519801,4263,15.98625,4403,16.51125,9321,20.97225,0
2026-04-08,15:24:03.564966,519832,4257,15.96375,4404,16.515,9321,20.97225,0
2026-04-08,15:24:04.382788,519944,4256,15.96,4397,16.48875,9319,20.96775,0
2026-04-08,15:24:04.382788,520075,4265,15.99375,4401,16.50375,9320,20.97,0
2026-04-08,15:24:04.382788,520108,4268,16.005,4411,16.54125,9319,20.96775,0
2026-04-08,15:24:04.382788,520139,4265,15.99375,4404,16.515,9319,20.96775,0
2026-04-08,15:24:04.382788,520171,4270,16.0125,4408,16.53,9319,20.96775,0
2026-04-08,15:24:04.382788,520202,4260,15.975,4409,16.53375,9320,20.97,0
2026-04-08,15:24:04.382788,520234,4263,15.98625,4396,16.485,9320,20.97,0
2026-04-08,15:24:04.382788,520265,4267,16.00125,4395,16.48125,9319,20.96775,0
2026-04-08,15:24:04.382788,520296,4268,16.005,4397,16.48875,9321,20.97225,0
2026-04-08,15:24:04.382788,520328,4255,15.95625,4393,16.47375,9319,20.96775,0
2026-04-08,15:24:04.382788,520359,4260,15.975,4400,16.5,9319,20.96775,0
2026-04-08,15:24:04.382788,520391,4266,15.9975,4408,16.53,9320,20.97,0
2026-04-08,15:24:04.382788,520422,4264,15.99,4403,16.51125,9319,20.96775,0
2026-04-08,15:24:04.382788,520454,4265,15.99375,4399,16.49625,9319,20.96775,0
2026-04-08,15:24:04.382788,520485,4260,15.975,4400,16.5,9320,20.97,0
2026-04-08,15:24:04.382788,520517,4261,15.97875,4398,16.4925,9320,20.97,0
2026-04-08,15:24:04.382788,520548,4263,15.98625,4402,16.5075,9318,20.9655,0
2026-04-08,15:24:04.382788,520579,4256,15.96,4393,16.47375,9319,20.96775,0
2026-04-08,15:24:04.382788,520610,4257,15.96375,4399,16.49625,9320,20.97,0
2026-04-08,15:24:04.382788,520642,4260,15.975,4395,16.48125,9319,20.96775,0
2026-04-08,15:24:05.202192,520762,4270,16.0125,4398,16.4925,9319,20.96775,0
2026-04-08,15:24:05.202192,520894,4263,15.98625,4403,16.51125,9317,20.96325,0
2026-04-08,15:24:05.202192,520927,4269,16.00875,4400,16.5,9319,20.96775,0
2026-04-08,15:24:05.202192,520958,4266,15.9975,4396,16.485,9319,20.96775,0
2026-04-08,15:24:05.202192,520989,4270,16.0125,4400,16.5,9319,20.96775,0
2026-04-08,15:24:05.202192,521021,4268,16.005,4407,16.52625,9320,20.97,0
2026-04-08,15:24:05.202192,521052,4271,16.01625,4403,16.51125,9318,20.9655,0
2026-04-08,15:24:05.202192,521084,4268,16.005,4405,16.51875,9319,20.96775,0
2026-04-08,15:24:05.202192,521115,4264,15.99,4412,16.545,9319,20.96775,0
2026-04-08,15:24:05.202192,521147,4269,16.00875,4399,16.49625,9319,20.96775,0
2026-04-08,15:24:05.202192,521178,4274,16.0275,4407,16.52625,9319,20.96775,0
2026-04-08,15:24:05.202192,521210,4271,16.01625,4397,16.48875,9320,20.97,0
2026-04-08,15:24:05.202192,521241,4264,15.99,4403,16.51125,9320,20.97,0
2026-04-08,15:24:05.202192,521273,4262,15.9825,4403,16.51125,9319,20.96775,0
2026-04-08,15:24:05.202192,521304,4266,15.9975,4406,16.5225,9319,20.96775,0
2026-04-08,15:24:05.202192,521335,4264,15.99,4398,16.4925,9319,20.96775,0
2026-04-08,15:24:05.202192,521367,4263,15.98625,4403,16.51125,9319,20.96775,0
2026-04-08,15:24:05.202192,521398,4255,15.95625,4401,16.50375,9319,20.96775,0
2026-04-08,15:24:05.202192,521429,4265,15.99375,4406,16.5225,9318,20.9655,0
2026-04-08,15:24:05.202192,521461,4266,15.9975,4402,16.5075,9319,20.96775,0
2026-04-08,15:24:06.025883,521579,4263,15.98625,4406,16.5225,9318,20.9655,0
2026-04-08,15:24:06.025883,521712,4266,15.9975,4407,16.52625,9319,20.96775,0
2026-04-08,15:24:06.025883,521744,4267,16.00125,4398,16.4925,9319,20.96775,0
2026-04-08,15:24:06.025883,521776,4267,16.00125,4402,16.5075,9318,20.9655,0
2026-04-08,15:24:06.025883,521807,4264,15.99,4400,16.5,9318,20.9655,0
2026-04-08,15:24:06.025883,521838,4264,15.99,4400,16.5,9318,20.9655,0
2026-04-08,15:24:06.025883,521870,4260,15.975,4408,16.53,9318,20.9655,0
2026-04-08,15:24:06.025883,521901,4260,15.975,4401,16.50375,9318,20.9655,0
2026-04-08,15:24:06.025883,521933,4258,15.9675,4405,16.51875,9317,20.96325,0
2026-04-08,15:24:06.025883,521964,4261,15.97875,4404,16.515,9318,20.9655,0
2026-04-08,15:24:06.025883,521996,4264,15.99,4408,16.53,9318,20.9655,0
2026-04-08,15:24:06.025883,522027,4267,16.00125,4404,16.515,9319,20.96775,0
2026-04-08,15:24:06.025883,522059,4259,15.97125,4405,16.51875,9319,20.96775,0
2026-04-08,15:24:06.025883,522090,4268,16.005,4412,16.545,9318,20.9655,0
2026-04-08,15:24:06.025883,522121,4268,16.005,4406,16.5225,9317,20.96325,0
2026-04-08,15:24:06.025883,522153,4269,16.00875,4408,16.53,9318,20.9655,0
2026-04-08,15:24:06.025883,522184,4267,16.00125,4413,16.54875,9317,20.96325,0
2026-04-08,15:24:06.025883,522216,4267,16.00125,4407,16.52625,9318,20.9655,0
2026-04-08,15:24:06.025883,522247,4263,15.98625,4401,16.50375,9318,20.9655,0
2026-04-08,15:24:06.025883,522279,4272,16.02,4414,16.5525,9317,20.96325,0
2026-04-08,15:24:06.842760,522408,4256,15.96,4405,16.51875,9319,20.96775,0
2026-04-08,15:24:06.842760,522539,4270,16.0125,4409,16.53375,9318,20.9655,0
2026-04-08,15:24:06.842760,522571,4268,16.005,4409,16.53375,9319,20.96775,0
2026-04-08,15:24:06.842760,522603,4268,16.005,4413,16.54875,9317,20.96325,0
2026-04-08,15:24:06.842760,522634,4266,15.9975,4411,16.54125,9317,20.96325,0
2026-04-08,15:24:06.842760,522666,4261,15.97875,4407,16.52625,9317,20.96325,0
2026-04-08,15:24:06.842760,522697,4266,15.9975,4407,16.52625,9316,20.961,0
2026-04-08,15:24:06.842760,522729,4271,16.01625,4414,16.5525,9317,20.96325,0
2026-04-08,15:24:06.842760,522760,4270,16.0125,4410,16.5375,9318,20.9655,0
2026-04-08,15:24:06.842760,522792,4271,16.01625,4407,16.52625,9317,20.96325,0
2026-04-08,15:24:06.842760,522823,4266,15.9975,4410,16.5375,9318,20.9655,0
2026-04-08,15:24:06.842760,522854,4262,15.9825,4403,16.51125,9318,20.9655,0
2026-04-08,15:24:06.842760,522886,4269,16.00875,4408,16.53,9317,20.96325,0
2026-04-08,15:24:06.842760,522917,4264,15.99,4408,16.53,9318,20.9655,0
2026-04-08,15:24:06.842760,522949,4273,16.02375,4410,16.5375,9318,20.9655,0
2026-04-08,15:24:06.842760,522980,4267,16.00125,4406,16.5225,9318,20.9655,0
2026-04-08,15:24:06.842760,523012,4266,15.9975,4409,16.53375,9317,20.96325,0
2026-04-08,15:24:06.842760,523043,4269,16.00875,4407,16.52625,9318,20.9655,0
2026-04-08,15:24:06.842760,523075,4270,16.0125,4414,16.5525,9317,20.96325,0
2026-04-08,15:24:06.842760,523106,4275,16.03125,4401,16.50375,9317,20.96325,0
2026-04-08,15:24:07.772255,523217,4262,15.9825,4413,16.54875,9316,20.961,0
2026-04-08,15:24:07.772255,523349,4265,15.99375,4412,16.545,9315,20.95875,0
2026-04-08,15:24:07.772255,523381,4270,16.0125,4411,16.54125,9316,20.961,0
2026-04-08,15:24:07.772255,523413,4271,16.01625,4409,16.53375,9317,20.96325,0
2026-04-08,15:24:07.772255,523444,4263,15.98625,4410,16.5375,9316,20.961,0
2026-04-08,15:24:07.772255,523475,4271,16.01625,4405,16.51875,9317,20.96325,0
2026-04-08,15:24:07.772255,523507,4269,16.00875,4409,16.53375,9317,20.96325,0
2026-04-08,15:24:07.772255,523538,4264,15.99,4405,16.51875,9316,20.961,0
2026-04-08,15:24:07.772255,523570,4269,16.00875,4407,16.52625,9316,20.961,0
2026-04-08,15:24:07.772255,523601,4266,15.9975,4405,16.51875,9318,20.9655,0
2026-04-08,15:24:07.772255,523633,4271,16.01625,4411,16.54125,9315,20.95875,0
2026-04-08,15:24:07.772255,523664,4273,16.02375,4414,16.5525,9317,20.96325,0
2026-04-08,15:24:07.772255,523696,4269,16.00875,4415,16.55625,9317,20.96325,0
2026-04-08,15:24:07.772255,523727,4268,16.005,4410,16.5375,9315,20.95875,0
2026-04-08,15:24:07.772255,523758,4268,16.005,4415,16.55625,9316,20.961,0
2026-04-08,15:24:07.772255,523790,4273,16.02375,4411,16.54125,9316,20.961,0
2026-04-08,15:24:07.772255,523821,4275,16.03125,4410,16.5375,9316,20.961,0
2026-04-08,15:24:07.772255,523852,4268,16.005,4409,16.53375,9315,20.95875,0
2026-04-08,15:24:07.772255,523884,4274,16.0275,4413,16.54875,9316,20.961,0
2026-04-08,15:24:07.772255,523915,4270,16.0125,4410,16.5375,9316,20.961,0
2026-04-08,15:24:08.683386,524151,4282,16.0575,4400,16.5,9316,20.961,0
2026-04-08,15:24:08.683386,524284,4272,16.02,4419,16.57125,9316,20.961,0
2026-04-08,15:24:08.683386,524316,4275,16.03125,4410,16.5375,9317,20.96325,0
2026-04-08,15:24:08.683386,524348,4276,16.035,4410,16.5375,9316,20.961,0
2026-04-08,15:24:08.683386,524379,4275,16.03125,4416,16.56,9316,20.961,0
2026-04-08,15:24:08.683386,524411,4270,16.0125,4410,16.5375,9316,20.961,0
2026-04-08,15:24:08.683386,524442,4274,16.0275,4407,16.52625,9316,20.961,0
2026-04-08,15:24:08.683386,524473,4274,16.0275,4407,16.52625,9316,20.961,0
2026-04-08,15:24:08.683386,524504,4270,16.0125,4408,16.53,9317,20.96325,0
2026-04-08,15:24:08.683386,524536,4279,16.04625,4415,16.55625,9315,20.95875,0
2026-04-08,15:24:08.683386,524568,4278,16.0425,4407,16.52625,9315,20.95875,0
2026-04-08,15:24:08.683386,524599,4280,16.05,4408,16.53,9315,20.95875,0
2026-04-08,15:24:08.683386,524630,4275,16.03125,4408,16.53,9314,20.9565,0
2026-04-08,15:24:08.683386,524662,4270,16.0125,4411,16.54125,9315,20.95875,0
2026-04-08,15:24:08.683386,524693,4273,16.02375,4409,16.53375,9316,20.961,0
2026-04-08,15:24:08.683386,524725,4275,16.03125,4412,16.545,9315,20.95875,0
2026-04-08,15:24:08.683386,524756,4275,16.03125,4415,16.55625,9315,20.95875,0
2026-04-08,15:24:08.683386,524787,4277,16.03875,4405,16.51875,9315,20.95875,0
2026-04-08,15:24:08.683386,524819,4280,16.05,4408,16.53,9315,20.95875,0
2026-04-08,15:24:08.683386,524850,4270,16.0125,4410,16.5375,9315,20.95875,0
2026-04-08,15:24:09.596259,525057,4279,16.04625,4402,16.5075,9315,20.95875,0
2026-04-08,15:24:09.596259,525190,4277,16.03875,4410,16.5375,9314,20.9565,0
2026-04-08,15:24:09.596259,525221,4276,16.035,4417,16.56375,9315,20.95875,0
2026-04-08,15:24:09.596259,525253,4268,16.005,4416,16.56,9315,20.95875,0
2026-04-08,15:24:09.596259,525285,4276,16.035,4410,16.5375,9315,20.95875,0
2026-04-08,15:24:09.596259,525316,4270,16.0125,4412,16.545,9314,20.9565,0
2026-04-08,15:24:09.596259,525348,4271,16.01625,4418,16.5675,9314,20.9565,0
2026-04-08,15:24:09.596259,525379,4267,16.00125,4417,16.56375,9315,20.95875,0
2026-04-08,15:24:09.596259,525410,4271,16.01625,4415,16.55625,9314,20.9565,0
2026-04-08,15:24:09.596259,525442,4273,16.02375,4413,16.54875,9314,20.9565,0
2026-04-08,15:24:09.596259,525474,4278,16.0425,4409,16.53375,9315,20.95875,0
2026-04-08,15:24:09.596259,525505,4280,16.05,4412,16.545,9315,20.95875,0
2026-04-08,15:24:09.596259,525536,4278,16.0425,4415,16.55625,9315,20.95875,0
2026-04-08,15:24:09.596259,525568,4278,16.0425,4415,16.55625,9316,20.961,0
2026-04-08,15:24:09.596259,525599,4275,16.03125,4417,16.56375,9314,20.9565,0
2026-04-08,15:24:09.596259,525630,4269,16.00875,4420,16.575,9314,20.9565,0
2026-04-08,15:24:09.596259,525662,4269,16.00875,4419,16.57125,9315,20.95875,0
2026-04-08,15:24:09.596259,525693,4272,16.02,4416,16.56,9314,20.9565,0
2026-04-08,15:24:09.596259,525725,4282,16.0575,4418,16.5675,9314,20.9565,0
2026-04-08,15:24:09.596259,525756,4276,16.035,4415,16.55625,9315,20.95875,0
2026-04-08,15:24:10.438838,525986,4271,16.01625,4413,16.54875,9313,20.95425,0
2026-04-08,15:24:10.438838,526118,4275,16.03125,4414,16.5525,9315,20.95875,0
2026-04-08,15:24:10.438838,526150,4277,16.03875,4414,16.5525,9314,20.9565,0
2026-04-08,15:24:10.438838,526182,4278,16.0425,4417,16.56375,9313,20.95425,0
2026-04-08,15:24:10.438838,526213,4281,16.05375,4414,16.5525,9313,20.95425,0
2026-04-08,15:24:10.438838,526244,4282,16.0575,4419,16.57125,9313,20.95425,0
2026-04-08,15:24:10.438838,526276,4275,16.03125,4407,16.52625,9313,20.95425,0
2026-04-08,15:24:10.438838,526307,4267,16.00125,4417,16.56375,9313,20.95425,0
2026-04-08,15:24:10.438838,526339,4285,16.06875,4425,16.59375,9313,20.95425,0
2026-04-08,15:24:10.438838,526370,4280,16.05,4419,16.57125,9313,20.95425,0
2026-04-08,15:24:10.438838,526402,4279,16.04625,4421,16.57875,9314,20.9565,0
2026-04-08,15:24:10.438838,526433,4279,16.04625,4425,16.59375,9313,20.95425,0
2026-04-08,15:24:10.438838,526465,4280,16.05,4413,16.54875,9312,20.952,0
2026-04-08,15:24:10.438838,526496,4281,16.05375,4411,16.54125,9313,20.95425,0
2026-04-08,15:24:10.438838,526527,4269,16.00875,4419,16.57125,9314,20.9565,0
2026-04-08,15:24:10.438838,526559,4270,16.0125,4414,16.5525,9315,20.95875,0
2026-04-08,15:24:10.438838,526590,4274,16.0275,4419,16.57125,9314,20.9565,0
2026-04-08,15:24:10.438838,526621,4277,16.03875,4413,16.54875,9313,20.95425,0
2026-04-08,15:24:10.438838,526653,4276,16.035,4412,16.545,9313,20.95425,0
2026-04-08,15:24:10.438838,526684,4275,16.03125,4413,16.54875,9313,20.95425,0
2026-04-08,15:24:11.242676,526816,4275,16.03125,4419,16.57125,9313,20.95425,0
2026-04-08,15:24:11.242676,526948,4282,16.0575,4419,16.57125,9313,20.95425,0
2026-04-08,15:24:11.242676,526981,4275,16.03125,4411,16.54125,9313,20.95425,0
2026-04-08,15:24:11.242676,527012,4278,16.0425,4407,16.52625,9314,20.9565,0
2026-04-08,15:24:11.242676,527044,4288,16.08,4419,16.57125,9313,20.95425,0
2026-04-08,15:24:11.242676,527076,4272,16.02,4419,16.57125,9313,20.95425,0
2026-04-08,15:24:11.242676,527107,4288,16.08,4416,16.56,9312,20.952,0
2026-04-08,15:24:11.242676,527138,4285,16.06875,4417,16.56375,9313,20.95425,0
2026-04-08,15:24:11.242676,527170,4280,16.05,4409,16.53375,9313,20.95425,0
2026-04-08,15:24:11.242676,527201,4279,16.04625,4414,16.5525,9312,20.952,0
2026-04-08,15:24:11.242676,527232,4279,16.04625,4411,16.54125,9313,20.95425,0
2026-04-08,15:24:11.242676,527264,4281,16.05375,4420,16.575,9313,20.95425,0
2026-04-08,15:24:11.242676,527295,4282,16.0575,4413,16.54875,9312,20.952,0
2026-04-08,15:24:11.242676,527327,4287,16.07625,4418,16.5675,9314,20.9565,0
2026-04-08,15:24:11.242676,527358,4277,16.03875,4421,16.57875,9313,20.95425,0
2026-04-08,15:24:11.242676,527390,4288,16.08,4421,16.57875,9313,20.95425,0
2026-04-08,15:24:11.242676,527421,4283,16.06125,4418,16.5675,9313,20.95425,0
2026-04-08,15:24:11.242676,527452,4276,16.035,4414,16.5525,9312,20.952,0
2026-04-08,15:24:11.242676,527484,4279,16.04625,4420,16.575,9313,20.95425,0
2026-04-08,15:24:11.242676,527515,4277,16.03875,4420,16.575,9313,20.95425,0
2026-04-08,15:24:12.159801,527618,4279,16.04625,4421,16.57875,9312,20.952,0
2026-04-08,15:24:12.159801,527750,4274,16.0275,4426,16.5975,9312,20.952,0
2026-04-08,15:24:12.159801,527782,4286,16.0725,4427,16.60125,9312,20.952,0
2026-04-08,15:24:12.159801,527814,4276,16.035,4419,16.57125,9313,20.95425,0
2026-04-08,15:24:12.159801,527845,4272,16.02,4426,16.5975,9311,20.94975,0
2026-04-08,15:24:12.159801,527876,4281,16.05375,4417,16.56375,9313,20.95425,0
2026-04-08,15:24:12.159801,527908,4284,16.065,4421,16.57875,9312,20.952,0
2026-04-08,15:24:12.159801,527940,4287,16.07625,4417,16.56375,9312,20.952,0
2026-04-08,15:24:12.159801,527971,4284,16.065,4418,16.5675,9312,20.952,0
2026-04-08,15:24:12.159801,528003,4284,16.065,4418,16.5675,9311,20.94975,0
2026-04-08,15:24:12.159801,528034,4282,16.0575,4413,16.54875,9311,20.94975,0
2026-04-08,15:24:12.159801,528065,4282,16.0575,4412,16.545,9313,20.95425,0
2026-04-08,15:24:12.159801,528097,4279,16.04625,4423,16.58625,9313,20.95425,0
2026-04-08,15:24:12.159801,528128,4284,16.065,4424,16.59,9312,20.952,0
2026-04-08,15:24:12.159801,528159,4271,16.01625,4419,16.57125,9313,20.95425,0
2026-04-08,15:24:12.159801,528191,4278,16.0425,4413,16.54875,9312,20.952,0
2026-04-08,15:24:12.159801,528222,4280,16.05,4417,16.56375,9312,20.952,0
2026-04-08,15:24:12.159801,528254,4287,16.07625,4421,16.57875,9311,20.94975,0
2026-04-08,15:24:12.159801,528285,4283,16.06125,4422,16.5825,9312,20.952,0
2026-04-08,15:24:12.159801,528317,4280,16.05,4420,16.575,9312,20.952,0
2026-04-08,15:24:13.082261,528567,4277,16.03875,4423,16.58625,9311,20.94975,0
2026-04-08,15:24:13.082261,528699,4280,16.05,4429,16.60875,9311,20.94975,0
2026-04-08,15:24:13.082261,528731,4274,16.0275,4425,16.59375,9311,20.94975,0
2026-04-08,15:24:13.082261,528763,4276,16.035,4421,16.57875,9312,20.952,0
2026-04-08,15:24:13.082261,528794,4278,16.0425,4421,16.57875,9311,20.94975,0
2026-04-08,15:24:13.082261,528826,4275,16.03125,4422,16.5825,9311,20.94975,0
2026-04-08,15:24:13.082261,528857,4282,16.0575,4422,16.5825,9311,20.94975,0
2026-04-08,15:24:13.082261,528888,4282,16.0575,4424,16.59,9312,20.952,0
2026-04-08,15:24:13.082261,528920,4278,16.0425,4424,16.59,9311,20.94975,0
2026-04-08,15:24:13.082261,528952,4282,16.0575,4418,16.5675,9313,20.95425,0
2026-04-08,15:24:13.082261,528983,4283,16.06125,4426,16.5975,9311,20.94975,0
2026-04-08,15:24:13.082261,529015,4278,16.0425,4427,16.60125,9311,20.94975,0
2026-04-08,15:24:13.082261,529046,4281,16.05375,4424,16.59,9311,20.94975,0
2026-04-08,15:24:13.082261,529077,4280,16.05,4425,16.59375,9310,20.9475,0
2026-04-08,15:24:13.082261,529108,4281,16.05375,4423,16.58625,9311,20.94975,0
2026-04-08,15:24:13.082261,529140,4283,16.06125,4419,16.57125,9311,20.94975,0
2026-04-08,15:24:13.082261,529172,4284,16.065,4423,16.58625,9310,20.9475,0
2026-04-08,15:24:13.082261,529203,4285,16.06875,4419,16.57125,9311,20.94975,0
2026-04-08,15:24:13.082261,529235,4286,16.0725,4426,16.5975,9311,20.94975,0
2026-04-08,15:24:13.082261,529266,4292,16.095,4421,16.57875,9311,20.94975,0
2026-04-08,15:24:13.995236,529457,4288,16.08,4426,16.5975,9311,20.94975,0
2026-04-08,15:24:13.995236,529589,4287,16.07625,4422,16.5825,9309,20.94525,0
2026-04-08,15:24:13.995236,529621,4293,16.09875,4423,16.58625,9310,20.9475,0
2026-04-08,15:24:13.995236,529653,4288,16.08,4431,16.61625,9311,20.94975,0
2026-04-08,15:24:13.995236,529684,4294,16.1025,4429,16.60875,9310,20.9475,0
2026-04-08,15:24:13.995236,529715,4290,16.0875,4424,16.59,9309,20.94525,0
2026-04-08,15:24:13.995236,529747,4290,16.0875,4431,16.61625,9311,20.94975,0
2026-04-08,15:24:13.995236,529778,4290,16.0875,4427,16.60125,9310,20.9475,0
2026-04-08,15:24:13.995236,529810,4287,16.07625,4427,16.60125,9311,20.94975,0
2026-04-08,15:24:13.995236,529841,4291,16.09125,4433,16.62375,9310,20.9475,0
2026-04-08,15:24:13.995236,529873,4284,16.065,4423,16.58625,9310,20.9475,0
2026-04-08,15:24:13.995236,529904,4288,16.08,4421,16.57875,9310,20.9475,0
2026-04-08,15:24:13.995236,529936,4290,16.0875,4423,16.58625,9310,20.9475,0
2026-04-08,15:24:13.995236,529967,4283,16.06125,4422,16.5825,9309,20.94525,0
2026-04-08,15:24:13.995236,529998,4281,16.05375,4423,16.58625,9310,20.9475,0
2026-04-08,15:24:13.995236,530030,4277,16.03875,4417,16.56375,9309,20.94525,0
2026-04-08,15:24:13.995236,530061,4288,16.08,4423,16.58625,9309,20.94525,0
2026-04-08,15:24:13.995236,530093,4281,16.05375,4425,16.59375,9310,20.9475,0
2026-04-08,15:24:13.995236,530124,4288,16.08,4423,16.58625,9308,20.943,0
2026-04-08,15:24:13.995236,530156,4276,16.035,4422,16.5825,9310,20.9475,0
2026-04-08,15:24:14.927137,530373,4285,16.06875,4420,16.575,9309,20.94525,0
2026-04-08,15:24:14.927137,530505,4284,16.065,4427,16.60125,9310,20.9475,0
2026-04-08,15:24:14.927137,530537,4285,16.06875,4428,16.605,9308,20.943,0
2026-04-08,15:24:14.927137,530569,4284,16.065,4428,16.605,9308,20.943,0
2026-04-08,15:24:14.927137,530600,4291,16.09125,4425,16.59375,9309,20.94525,0
2026-04-08,15:24:14.927137,530631,4283,16.06125,4429,16.60875,9309,20.94525,0
2026-04-08,15:24:14.927137,530663,4279,16.04625,4430,16.6125,9310,20.9475,0
2026-04-08,15:24:14.927137,530694,4289,16.08375,4422,16.5825,9308,20.943,0
2026-04-08,15:24:14.927137,530726,4289,16.08375,4424,16.59,9309,20.94525,0
2026-04-08,15:24:14.927137,530757,4279,16.04625,4425,16.59375,9309,20.94525,0
2026-04-08,15:24:14.927137,530789,4281,16.05375,4422,16.5825,9308,20.943,0
2026-04-08,15:24:14.927137,530820,4288,16.08,4423,16.58625,9309,20.94525,0
2026-04-08,15:24:14.927137,530851,4288,16.08,4423,16.58625,9309,20.94525,0
2026-04-08,15:24:14.927137,530883,4283,16.06125,4434,16.6275,9310,20.9475,0
2026-04-08,15:24:14.927137,530914,4283,16.06125,4423,16.58625,9309,20.94525,0
2026-04-08,15:24:14.927137,530945,4287,16.07625,4428,16.605,9308,20.943,0
2026-04-08,15:24:14.927137,530977,4285,16.06875,4417,16.56375,9309,20.94525,0
2026-04-08,15:24:14.927137,531008,4285,16.06875,4422,16.5825,9309,20.94525,0
2026-04-08,15:24:14.927137,531040,4286,16.0725,4433,16.62375,9308,20.943,0
2026-04-08,15:24:14.927137,531071,4281,16.05375,4430,16.6125,9308,20.943,0
2026-04-08,15:24:15.754758,531307,4284,16.065,4419,16.57125,9308,20.943,0
2026-04-08,15:24:15.754758,531440,4281,16.05375,4433,16.62375,9307,20.94075,0
2026-04-08,15:24:15.754758,531472,4290,16.0875,4427,16.60125,9308,20.943,0
2026-04-08,15:24:15.754758,531504,4297,16.11375,4428,16.605,9308,20.943,0
2026-04-08,15:24:15.754758,531535,4293,16.09875,4433,16.62375,9308,20.943,0
2026-04-08,15:24:15.754758,531566,4293,16.09875,4433,16.62375,9309,20.94525,0
2026-04-08,15:24:15.754758,531598,4283,16.06125,4420,16.575,9309,20.94525,0
2026-04-08,15:24:15.754758,531629,4284,16.065,4421,16.57875,9308,20.943,0
2026-04-08,15:24:15.754758,531660,4283,16.06125,4429,16.60875,9308,20.943,0
2026-04-08,15:24:15.754758,531692,4280,16.05,4427,16.60125,9309,20.94525,0
2026-04-08,15:24:15.754758,531723,4284,16.065,4435,16.63125,9306,20.9385,0
2026-04-08,15:24:15.754758,531755,4278,16.0425,4428,16.605,9310,20.9475,0
2026-04-08,15:24:15.754758,531786,4288,16.08,4428,16.605,9307,20.94075,0
2026-04-08,15:24:15.754758,531818,4287,16.07625,4429,16.60875,9307,20.94075,0
2026-04-08,15:24:15.754758,531849,4278,16.0425,4427,16.60125,9307,20.94075,0
2026-04-08,15:24:15.754758,531880,4286,16.0725,4436,16.635,9307,20.94075,0
2026-04-08,15:24:15.754758,531912,4285,16.06875,4437,16.63875,9308,20.943,0
2026-04-08,15:24:15.754758,531943,4289,16.08375,4427,16.60125,9308,20.943,0
2026-04-08,15:24:15.754758,531974,4288,16.08,4424,16.59,9308,20.943,0
2026-04-08,15:24:15.754758,532006,4288,16.08,4426,16.5975,9307,20.94075,0
2026-04-08,15:24:16.566280,532147,4287,16.07625,4429,16.60875,9309,20.94525,0
2026-04-08,15:24:16.566280,532279,4288,16.08,4426,16.5975,9307,20.94075,0
2026-04-08,15:24:16.566280,532311,4285,16.06875,4421,16.57875,9307,20.94075,0
2026-04-08,15:24:16.566280,532343,4289,16.08375,4425,16.59375,9307,20.94075,0
2026-04-08,15:24:16.566280,532374,4281,16.05375,4434,16.6275,9306,20.9385,0
2026-04-08,15:24:16.566280,532406,4284,16.065,4430,16.6125,9307,20.94075,0
2026-04-08,15:24:16.566280,532437,4284,16.065,4426,16.5975,9307,20.94075,0
2026-04-08,15:24:16.566280,532468,4287,16.07625,4421,16.57875,9306,20.9385,0
2026-04-08,15:24:16.566280,532500,4290,16.0875,4428,16.605,9306,20.9385,0
2026-04-08,15:24:16.566280,532531,4287,16.07625,4422,16.5825,9308,20.943,0
2026-04-08,15:24:16.566280,532563,4290,16.0875,4429,16.60875,9307,20.94075,0
2026-04-08,15:24:16.566280,532594,4295,16.10625,4433,16.62375,9307,20.94075,0
2026-04-08,15:24:16.566280,532626,4294,16.1025,4428,16.605,9307,20.94075,0
2026-04-08,15:24:16.566280,532657,4287,16.07625,4433,16.62375,9305,20.93625,0
2026-04-08,15:24:16.566280,532688,4294,16.1025,4429,16.60875,9305,20.93625,0
2026-04-08,15:24:16.566280,532720,4297,16.11375,4436,16.635,9307,20.94075,0
2026-04-08,15:24:16.566280,532751,4291,16.09125,4428,16.605,9306,20.9385,0
2026-04-08,15:24:16.566280,532782,4290,16.0875,4426,16.5975,9307,20.94075,0
2026-04-08,15:24:16.566280,532814,4295,16.10625,4424,16.59,9306,20.9385,0
2026-04-08,15:24:16.566280,532845,4296,16.11,4431,16.61625,9306,20.9385,0
2026-04-08,15:24:17.594887,532944,4291,16.09125,4430,16.6125,9307,20.94075,0
2026-04-08,15:24:17.594887,533076,4291,16.09125,4431,16.61625,9305,20.93625,0
2026-04-08,15:24:17.594887,533108,4286,16.0725,4428,16.605,9306,20.9385,0
2026-04-08,15:24:17.594887,533140,4289,16.08375,4425,16.59375,9306,20.9385,0
2026-04-08,15:24:17.594887,533171,4285,16.06875,4426,16.5975,9306,20.9385,0
2026-04-08,15:24:17.594887,533202,4290,16.0875,4433,16.62375,9305,20.93625,0
2026-04-08,15:24:17.594887,533234,4286,16.0725,4427,16.60125,9305,20.93625,0
2026-04-08,15:24:17.594887,533265,4288,16.08,4426,16.5975,9305,20.93625,0
2026-04-08,15:24:17.594887,533297,4289,16.08375,4426,16.5975,9306,20.9385,0
2026-04-08,15:24:17.594887,533328,4293,16.09875,4429,16.60875,9305,20.93625,0
2026-04-08,15:24:17.594887,533360,4290,16.0875,4427,16.60125,9306,20.9385,0
2026-04-08,15:24:17.594887,533391,4291,16.09125,4421,16.57875,9307,20.94075,0
2026-04-08,15:24:17.594887,533423,4286,16.0725,4427,16.60125,9306,20.9385,0
2026-04-08,15:24:17.594887,533454,4291,16.09125,4427,16.60125,9306,20.9385,0
2026-04-08,15:24:17.594887,533485,4289,16.08375,4428,16.605,9306,20.9385,0
2026-04-08,15:24:17.594887,533516,4294,16.1025,4424,16.59,9306,20.9385,0
2026-04-08,15:24:17.594887,533548,4293,16.09875,4436,16.635,9306,20.9385,0
2026-04-08,15:24:17.594887,533580,4292,16.095,4430,16.6125,9306,20.9385,0
2026-04-08,15:24:17.594887,533611,4293,16.09875,4425,16.59375,9305,20.93625,0
2026-04-08,15:24:17.594887,533642,4289,16.08375,4423,16.58625,9305,20.93625,0
2026-04-08,15:24:18.508782,533973,4290,16.0875,4434,16.6275,9306,20.9385,0
2026-04-08,15:24:18.508782,534105,4291,16.09125,4424,16.59,9306,20.9385,0
2026-04-08,15:24:18.508782,534137,4288,16.08,4426,16.5975,9304,20.934,0
2026-04-08,15:24:18.508782,534169,4287,16.07625,4428,16.605,9305,20.93625,0
2026-04-08,15:24:18.508782,534200,4287,16.07625,4427,16.60125,9305,20.93625,0
2026-04-08,15:24:18.508782,534231,4291,16.09125,4423,16.58625,9305,20.93625,0
2026-04-08,15:24:18.508782,534263,4296,16.11,4432,16.62,9304,20.934,0
2026-04-08,15:24:18.508782,534294,4297,16.11375,4428,16.605,9305,20.93625,0
2026-04-08,15:24:18.508782,534325,4288,16.08,4436,16.635,9305,20.93625,0
2026-04-08,15:24:18.508782,534357,4296,16.11,4427,16.60125,9306,20.9385,0
2026-04-08,15:24:18.508782,534389,4287,16.07625,4430,16.6125,9304,20.934,0
2026-04-08,15:24:18.508782,534420,4289,16.08375,4428,16.605,9305,20.93625,0
2026-04-08,15:24:18.508782,534451,4294,16.1025,4433,16.62375,9304,20.934,0
2026-04-08,15:24:18.508782,534483,4294,16.1025,4433,16.62375,9304,20.934,0
2026-04-08,15:24:18.508782,534514,4291,16.09125,4432,16.62,9304,20.934,0
2026-04-08,15:24:18.508782,534546,4289,16.08375,4429,16.60875,9305,20.93625,0
2026-04-08,15:24:18.508782,534577,4289,16.08375,4429,16.60875,9305,20.93625,0
2026-04-08,15:24:18.508782,534608,4290,16.0875,4428,16.605,9304,20.934,0
2026-04-08,15:24:18.508782,534640,4291,16.09125,4435,16.63125,9304,20.934,0
2026-04-08,15:24:18.508782,534671,4297,16.11375,4431,16.61625,9304,20.934,0
2026-04-08,15:24:19.338688,534884,4289,16.08375,4426,16.5975,9304,20.934,0
2026-04-08,15:24:19.338688,535016,4293,16.09875,4426,16.5975,9304,20.934,0
2026-04-08,15:24:19.338688,535048,4292,16.095,4430,16.6125,9304,20.934,0
2026-04-08,15:24:19.338688,535080,4299,16.12125,4432,16.62,9305,20.93625,0
2026-04-08,15:24:19.338688,535111,4295,16.10625,4434,16.6275,9302,20.9295,0
2026-04-08,15:24:19.338688,535142,4295,16.10625,4427,16.60125,9304,20.934,0
2026-04-08,15:24:19.338688,535174,4292,16.095,4429,16.60875,9305,20.93625,0
2026-04-08,15:24:19.338688,535206,4298,16.1175,4432,16.62,9304,20.934,0
2026-04-08,15:24:19.338688,535237,4298,16.1175,4431,16.61625,9304,20.934,0
2026-04-08,15:24:19.338688,535268,4288,16.08,4430,16.6125,9305,20.93625,0
2026-04-08,15:24:19.338688,535300,4289,16.08375,4427,16.60125,9305,20.93625,0
2026-04-08,15:24:19.338688,535331,4292,16.095,4424,16.59,9305,20.93625,0
2026-04-08,15:24:19.338688,535363,4292,16.095,4426,16.5975,9304,20.934,0
2026-04-08,15:24:19.338688,535394,4290,16.0875,4426,16.5975,9303,20.93175,0
2026-04-08,15:24:19.338688,535425,4291,16.09125,4424,16.59,9304,20.934,0
2026-04-08,15:24:19.338688,535456,4292,16.095,4420,16.575,9303,20.93175,0
2026-04-08,15:24:19.338688,535488,4299,16.12125,4424,16.59,9304,20.934,0
2026-04-08,15:24:19.338688,535520,4298,16.1175,4430,16.6125,9304,20.934,0
2026-04-08,15:24:19.338688,535551,4298,16.1175,4433,16.62375,9303,20.93175,0
2026-04-08,15:24:19.338688,535582,4293,16.09875,4433,16.62375,9303,20.93175,0
2026-04-08,15:24:20.156851,535712,4290,16.0875,4434,16.6275,9303,20.93175,0
2026-04-08,15:24:20.156851,535845,4295,16.10625,4433,16.62375,9302,20.9295,0
2026-04-08,15:24:20.156851,535877,4293,16.09875,4431,16.61625,9302,20.9295,0
2026-04-08,15:24:20.156851,535909,4285,16.06875,4432,16.62,9303,20.93175,0
2026-04-08,15:24:20.156851,535940,4285,16.06875,4432,16.62,9302,20.9295,0
2026-04-08,15:24:20.156851,535971,4288,16.08,4441,16.65375,9303,20.93175,0
2026-04-08,15:24:20.156851,536003,4287,16.07625,4427,16.60125,9303,20.93175,0
2026-04-08,15:24:20.156851,536034,4292,16.095,4427,16.60125,9302,20.9295,0
2026-04-08,15:24:20.156851,536065,4287,16.07625,4426,16.5975,9303,20.93175,0
2026-04-08,15:24:20.156851,536097,4288,16.08,4430,16.6125,9303,20.93175,0
2026-04-08,15:24:20.156851,536129,4289,16.08375,4430,16.6125,9303,20.93175,0
2026-04-08,15:24:20.156851,536160,4294,16.1025,4435,16.63125,9304,20.934,0
2026-04-08,15:24:20.156851,536192,4299,16.12125,4437,16.63875,9303,20.93175,0
2026-04-08,15:24:20.156851,536223,4297,16.11375,4429,16.60875,9303,20.93175,0
2026-04-08,15:24:20.156851,536254,4299,16.12125,4437,16.63875,9302,20.9295,0
2026-04-08,15:24:20.156851,536286,4295,16.10625,4428,16.605,9301,20.92725,0
2026-04-08,15:24:20.156851,536317,4288,16.08,4431,16.61625,9301,20.92725,0
2026-04-08,15:24:20.156851,536348,4294,16.1025,4440,16.65,9303,20.93175,0
2026-04-08,15:24:20.156851,536380,4298,16.1175,4430,16.6125,9303,20.93175,0
2026-04-08,15:24:20.156851,536411,4294,16.1025,4437,16.63875,9301,20.92725,0
2026-04-08,15:24:20.986179,536564,4294,16.1025,4428,16.605,9301,20.92725,0
2026-04-08,15:24:20.986179,536697,4293,16.09875,4433,16.62375,9303,20.93175,0
2026-04-08,15:24:20.986179,536729,4298,16.1175,4429,16.60875,9302,20.9295,0
2026-04-08,15:24:20.986179,536760,4290,16.0875,4433,16.62375,9302,20.9295,0
2026-04-08,15:24:20.986179,536792,4288,16.08,4434,16.6275,9302,20.9295,0
2026-04-08,15:24:20.986179,536823,4296,16.11,4428,16.605,9302,20.9295,0
2026-04-08,15:24:20.986179,536855,4292,16.095,4431,16.61625,9302,20.9295,0
2026-04-08,15:24:20.986179,536886,4295,16.10625,4430,16.6125,9302,20.9295,0
2026-04-08,15:24:20.986179,536918,4291,16.09125,4429,16.60875,9303,20.93175,0
2026-04-08,15:24:20.986179,536949,4294,16.1025,4436,16.635,9301,20.92725,0
2026-04-08,15:24:20.986179,536980,4296,16.11,4437,16.63875,9302,20.9295,0
2026-04-08,15:24:20.986179,537012,4293,16.09875,4431,16.61625,9302,20.9295,0
2026-04-08,15:24:20.986179,537043,4295,16.10625,4433,16.62375,9301,20.92725,0
2026-04-08,15:24:20.986179,537075,4296,16.11,4431,16.61625,9303,20.93175,0
2026-04-08,15:24:20.986179,537107,4296,16.11,4435,16.63125,9301,20.92725,0
2026-04-08,15:24:20.986179,537138,4295,16.10625,4430,16.6125,9302,20.9295,0
2026-04-08,15:24:20.986179,537169,4296,16.11,4428,16.605,9302,20.9295,0
2026-04-08,15:24:20.986179,537200,4288,16.08,4434,16.6275,9301,20.92725,0
2026-04-08,15:24:20.986179,537232,4294,16.1025,4435,16.63125,9302,20.9295,0
2026-04-08,15:24:20.986179,537263,4306,16.1475,4437,16.63875,9302,20.9295,0
2026-04-08,15:24:21.992305,537425,4296,16.11,4434,16.6275,9302,20.9295,0
2026-04-08,15:24:21.992305,537557,4297,16.11375,4438,16.6425,9301,20.92725,0
2026-04-08,15:24:21.992305,537589,4295,16.10625,4431,16.61625,9302,20.9295,0
2026-04-08,15:24:21.992305,537622,4288,16.08,4435,16.63125,9301,20.92725,0
2026-04-08,15:24:21.992305,537653,4293,16.09875,4434,16.6275,9302,20.9295,0
2026-04-08,15:24:21.992305,537684,4299,16.12125,4430,16.6125,9302,20.9295,0
2026-04-08,15:24:21.992305,537716,4298,16.1175,4437,16.63875,9300,20.925,0
2026-04-08,15:24:21.992305,537747,4298,16.1175,4440,16.65,9302,20.9295,0
2026-04-08,15:24:21.992305,537779,4296,16.11,4438,16.6425,9301,20.92725,0
2026-04-08,15:24:21.992305,537810,4299,16.12125,4437,16.63875,9300,20.925,0
2026-04-08,15:24:21.992305,537842,4299,16.12125,4435,16.63125,9302,20.9295,0
2026-04-08,15:24:21.992305,537873,4297,16.11375,4438,16.6425,9301,20.92725,0
2026-04-08,15:24:21.992305,537904,4301,16.12875,4433,16.62375,9300,20.925,0
2026-04-08,15:24:21.992305,537936,4298,16.1175,4433,16.62375,9301,20.92725,0
2026-04-08,15:24:21.992305,537967,4289,16.08375,4429,16.60875,9299,20.92275,0
2026-04-08,15:24:21.992305,537998,4293,16.09875,4435,16.63125,9300,20.925,0
2026-04-08,15:24:21.992305,538030,4292,16.095,4429,16.60875,9300,20.925,0
2026-04-08,15:24:21.992305,538061,4290,16.0875,4435,16.63125,9300,20.925,0
2026-04-08,15:24:21.992305,538093,4301,16.12875,4441,16.65375,9300,20.925,0
2026-04-08,15:24:21.992305,538124,4289,16.08375,4434,16.6275,9301,20.92725,0
2026-04-08,15:24:22.825432,538407,4301,16.12875,4438,16.6425,9302,20.9295,0
2026-04-08,15:24:22.825432,538540,4296,16.11,4442,16.6575,9299,20.92275,0
2026-04-08,15:24:22.825432,538571,4289,16.08375,4434,16.6275,9300,20.925,0
2026-04-08,15:24:22.825432,538602,4289,16.08375,4438,16.6425,9299,20.92275,0
2026-04-08,15:24:22.825432,538634,4290,16.0875,4444,16.665,9300,20.925,0
2026-04-08,15:24:22.825432,538665,4297,16.11375,4440,16.65,9301,20.92725,0
2026-04-08,15:24:22.825432,538697,4296,16.11,4437,16.63875,9300,20.925,0
2026-04-08,15:24:22.825432,538728,4296,16.11,4443,16.66125,9299,20.92275,0
2026-04-08,15:24:22.825432,538760,4295,16.10625,4435,16.63125,9302,20.9295,0
2026-04-08,15:24:22.825432,538791,4294,16.1025,4442,16.6575,9301,20.92725,0
2026-04-08,15:24:22.825432,538822,4292,16.095,4434,16.6275,9301,20.92725,0
2026-04-08,15:24:22.825432,538854,4301,16.12875,4430,16.6125,9300,20.925,0
2026-04-08,15:24:22.825432,538885,4300,16.125,4431,16.61625,9300,20.925,0
2026-04-08,15:24:22.825432,538917,4302,16.1325,4433,16.62375,9299,20.92275,0
2026-04-08,15:24:22.825432,538948,4287,16.07625,4437,16.63875,9299,20.92275,0
2026-04-08,15:24:22.825432,538980,4296,16.11,4434,16.6275,9299,20.92275,0
2026-04-08,15:24:22.825432,539011,4299,16.12125,4431,16.61625,9300,20.925,0
2026-04-08,15:24:22.825432,539042,4294,16.1025,4440,16.65,9299,20.92275,0
2026-04-08,15:24:22.825432,539074,4287,16.07625,4439,16.64625,9299,20.92275,0
2026-04-08,15:24:22.825432,539105,4296,16.11,4439,16.64625,9299,20.92275,0
2026-04-08,15:24:23.744097,539268,4297,16.11375,4433,16.62375,9300,20.925,0
2026-04-08,15:24:23.744097,539401,4300,16.125,4431,16.61625,9301,20.92725,0
2026-04-08,15:24:23.744097,539432,4301,16.12875,4440,16.65,9300,20.925,0
2026-04-08,15:24:23.744097,539464,4299,16.12125,4437,16.63875,9299,20.92275,0
2026-04-08,15:24:23.744097,539495,4296,16.11,4436,16.635,9300,20.925,0
2026-04-08,15:24:23.744097,539527,4295,16.10625,4441,16.65375,9299,20.92275,0
2026-04-08,15:24:23.744097,539558,4302,16.1325,4434,16.6275,9298,20.9205,0
2026-04-08,15:24:23.744097,539590,4301,16.12875,4439,16.64625,9298,20.9205,0
2026-04-08,15:24:23.744097,539621,4299,16.12125,4436,16.635,9298,20.9205,0
2026-04-08,15:24:23.744097,539652,4299,16.12125,4432,16.62,9298,20.9205,0
2026-04-08,15:24:23.744097,539684,4299,16.12125,4437,16.63875,9299,20.92275,0
2026-04-08,15:24:23.744097,539715,4294,16.1025,4430,16.6125,9298,20.9205,0
2026-04-08,15:24:23.744097,539746,4296,16.11,4435,16.63125,9298,20.9205,0
2026-04-08,15:24:23.744097,539778,4297,16.11375,4433,16.62375,9299,20.92275,0
2026-04-08,15:24:23.744097,539809,4293,16.09875,4431,16.61625,9299,20.92275,0
2026-04-08,15:24:23.744097,539841,4300,16.125,4437,16.63875,9300,20.925,0
2026-04-08,15:24:23.744097,539872,4297,16.11375,4441,16.65375,9298,20.9205,0
2026-04-08,15:24:23.744097,539904,4294,16.1025,4434,16.6275,9299,20.92275,0
2026-04-08,15:24:23.744097,539935,4299,16.12125,4441,16.65375,9298,20.9205,0
2026-04-08,15:24:23.744097,539966,4296,16.11,4440,16.65,9298,20.9205,0
2026-04-08,15:24:24.645867,540125,4304,16.14,4436,16.635,9299,20.92275,0
2026-04-08,15:24:24.645867,540258,4296,16.11,4444,16.665,9298,20.9205,0
2026-04-08,15:24:24.645867,540290,4301,16.12875,4435,16.63125,9298,20.9205,0
2026-04-08,15:24:24.645867,540321,4295,16.10625,4433,16.62375,9298,20.9205,0
2026-04-08,15:24:24.645867,540353,4305,16.14375,4438,16.6425,9297,20.91825,0
2026-04-08,15:24:24.645867,540384,4297,16.11375,4440,16.65,9298,20.9205,0
2026-04-08,15:24:24.645867,540416,4299,16.12125,4448,16.68,9298,20.9205,0
2026-04-08,15:24:24.645867,540447,4300,16.125,4437,16.63875,9299,20.92275,0
2026-04-08,15:24:24.645867,540478,4300,16.125,4433,16.62375,9299,20.92275,0
2026-04-08,15:24:24.645867,540510,4305,16.14375,4436,16.635,9297,20.91825,0
2026-04-08,15:24:24.645867,540541,4295,16.10625,4436,16.635,9297,20.91825,0
2026-04-08,15:24:24.645867,540572,4299,16.12125,4437,16.63875,9298,20.9205,0
2026-04-08,15:24:24.645867,540604,4300,16.125,4433,16.62375,9297,20.91825,0
2026-04-08,15:24:24.645867,540635,4295,16.10625,4440,16.65,9299,20.92275,0
2026-04-08,15:24:24.645867,540667,4304,16.14,4440,16.65,9297,20.91825,0
2026-04-08,15:24:24.645867,540698,4299,16.12125,4441,16.65375,9297,20.91825,0
2026-04-08,15:24:24.645867,540730,4302,16.1325,4433,16.62375,9299,20.92275,0
2026-04-08,15:24:24.645867,540761,4307,16.15125,4434,16.6275,9297,20.91825,0
2026-04-08,15:24:24.645867,540793,4305,16.14375,4439,16.64625,9297,20.91825,0
2026-04-08,15:24:24.645867,540824,4305,16.14375,4444,16.665,9298,20.9205,0
2026-04-08,15:24:25.565258,541024,4305,16.14375,4432,16.62,9299,20.92275,0
2026-04-08,15:24:25.565258,541155,4302,16.1325,4436,16.635,9299,20.92275,0
2026-04-08,15:24:25.565258,541187,4303,16.13625,4432,16.62,9297,20.91825,0
2026-04-08,15:24:25.565258,541219,4304,16.14,4439,16.64625,9296,20.916,0
2026-04-08,15:24:25.565258,541250,4301,16.12875,4440,16.65,9296,20.916,0
2026-04-08,15:24:25.565258,541282,4302,16.1325,4436,16.635,9296,20.916,0
2026-04-08,15:24:25.565258,541313,4299,16.12125,4439,16.64625,9297,20.91825,0
2026-04-08,15:24:25.565258,541345,4304,16.14,4444,16.665,9296,20.916,0
2026-04-08,15:24:25.565258,541376,4292,16.095,4432,16.62,9298,20.9205,0
2026-04-08,15:24:25.565258,541408,4295,16.10625,4433,16.62375,9297,20.91825,0
2026-04-08,15:24:25.565258,541439,4300,16.125,4438,16.6425,9297,20.91825,0
2026-04-08,15:24:25.565258,541470,4298,16.1175,4444,16.665,9297,20.91825,0
2026-04-08,15:24:25.565258,541502,4300,16.125,4433,16.62375,9296,20.916,0
2026-04-08,15:24:25.565258,541533,4302,16.1325,4433,16.62375,9295,20.91375,0
2026-04-08,15:24:25.565258,541565,4304,16.14,4450,16.6875,9296,20.916,0
2026-04-08,15:24:25.565258,541596,4297,16.11375,4442,16.6575,9296,20.916,0
2026-04-08,15:24:25.565258,541628,4288,16.08,4435,16.63125,9297,20.91825,0
2026-04-08,15:24:25.565258,541659,4298,16.1175,4442,16.6575,9297,20.91825,0
2026-04-08,15:24:25.565258,541690,4298,16.1175,4441,16.65375,9296,20.916,0
2026-04-08,15:24:25.565258,541722,4305,16.14375,4440,16.65,9296,20.916,0
2026-04-08,15:24:26.483381,541945,4303,16.13625,4434,16.6275,9296,20.916,0
2026-04-08,15:24:26.483381,542077,4293,16.09875,4433,16.62375,9297,20.91825,0
2026-04-08,15:24:26.483381,542109,4304,16.14,4439,16.64625,9296,20.916,0
2026-04-08,15:24:26.483381,542140,4301,16.12875,4444,16.665,9296,20.916,0
2026-04-08,15:24:26.483381,542172,4304,16.14,4433,16.62375,9296,20.916,0
2026-04-08,15:24:26.483381,542203,4306,16.1475,4437,16.63875,9297,20.91825,0
2026-04-08,15:24:26.483381,542235,4300,16.125,4436,16.635,9297,20.91825,0
2026-04-08,15:24:26.483381,542266,4305,16.14375,4435,16.63125,9296,20.916,0
2026-04-08,15:24:26.483381,542297,4300,16.125,4442,16.6575,9295,20.91375,0
2026-04-08,15:24:26.483381,542329,4302,16.1325,4433,16.62375,9297,20.91825,0
2026-04-08,15:24:26.483381,542361,4300,16.125,4440,16.65,9295,20.91375,0
2026-04-08,15:24:26.483381,542392,4306,16.1475,4437,16.63875,9296,20.916,0
2026-04-08,15:24:26.483381,542423,4310,16.1625,4440,16.65,9296,20.916,0
2026-04-08,15:24:26.483381,542455,4304,16.14,4438,16.6425,9296,20.916,0
2026-04-08,15:24:26.483381,542486,4306,16.1475,4434,16.6275,9295,20.91375,0
2026-04-08,15:24:26.483381,542517,4299,16.12125,4441,16.65375,9296,20.916,0
2026-04-08,15:24:26.483381,542549,4299,16.12125,4436,16.635,9297,20.91825,0
2026-04-08,15:24:26.483381,542580,4296,16.11,4438,16.6425,9296,20.916,0
2026-04-08,15:24:26.483381,542612,4300,16.125,4436,16.635,9295,20.91375,0
2026-04-08,15:24:26.483381,542643,4303,16.13625,4438,16.6425,9294,20.9115,0
2026-04-08,15:24:27.327882,542858,4302,16.1325,4444,16.665,9294,20.9115,0
2026-04-08,15:24:27.327882,542991,4302,16.1325,4440,16.65,9295,20.91375,0
2026-04-08,15:24:27.327882,543023,4300,16.125,4434,16.6275,9296,20.916,0
2026-04-08,15:24:27.327882,543055,4298,16.1175,4440,16.65,9294,20.9115,0
2026-04-08,15:24:27.327882,543086,4305,16.14375,4435,16.63125,9293,20.90925,0
2026-04-08,15:24:27.327882,543118,4298,16.1175,4436,16.635,9295,20.91375,0
2026-04-08,15:24:27.327882,543149,4300,16.125,4445,16.66875,9295,20.91375,0
2026-04-08,15:24:27.327882,543181,4297,16.11375,4434,16.6275,9294,20.9115,0
2026-04-08,15:24:27.327882,543212,4300,16.125,4438,16.6425,9295,20.91375,0
2026-04-08,15:24:27.327882,543243,4303,16.13625,4445,16.66875,9295,20.91375,0
2026-04-08,15:24:27.327882,543275,4299,16.12125,4442,16.6575,9294,20.9115,0
2026-04-08,15:24:27.327882,543306,4302,16.1325,4447,16.67625,9295,20.91375,0
2026-04-08,15:24:27.327882,543337,4304,16.14,4438,16.6425,9295,20.91375,0
2026-04-08,15:24:27.327882,543369,4301,16.12875,4448,16.68,9294,20.9115,0
2026-04-08,15:24:27.327882,543400,4297,16.11375,4443,16.66125,9294,20.9115,0
2026-04-08,15:24:27.327882,543432,4301,16.12875,4435,16.63125,9294,20.9115,0
2026-04-08,15:24:27.327882,543463,4299,16.12125,4434,16.6275,9295,20.91375,0
2026-04-08,15:24:27.327882,543495,4306,16.1475,4438,16.6425,9294,20.9115,0
2026-04-08,15:24:27.327882,543526,4308,16.155,4437,16.63875,9295,20.91375,0
2026-04-08,15:24:27.327882,543558,4308,16.155,4440,16.65,9295,20.91375,0
2026-04-08,15:24:28.240994,543705,4299,16.12125,4440,16.65,9294,20.9115,0
2026-04-08,15:24:28.240994,543835,4314,16.1775,4437,16.63875,9295,20.91375,0
2026-04-08,15:24:28.240994,543867,4304,16.14,4435,16.63125,9295,20.91375,0
2026-04-08,15:24:28.240994,543899,4313,16.17375,4440,16.65,9293,20.90925,0
2026-04-08,15:24:28.240994,543930,4313,16.17375,4438,16.6425,9294,20.9115,0
2026-04-08,15:24:28.240994,543961,4304,16.14,4439,16.64625,9293,20.90925,0
2026-04-08,15:24:28.240994,543993,4304,16.14,4438,16.6425,9294,20.9115,0
2026-04-08,15:24:28.240994,544024,4300,16.125,4440,16.65,9295,20.91375,0
2026-04-08,15:24:28.240994,544055,4303,16.13625,4438,16.6425,9294,20.9115,0
2026-04-08,15:24:28.240994,544087,4293,16.09875,4433,16.62375,9294,20.9115,0
2026-04-08,15:24:28.240994,544119,4290,16.0875,4434,16.6275,9294,20.9115,0
2026-04-08,15:24:28.240994,544150,4296,16.11,4437,16.63875,9294,20.9115,0
2026-04-08,15:24:28.240994,544182,4301,16.12875,4436,16.635,9295,20.91375,0
2026-04-08,15:24:28.240994,544213,4313,16.17375,4442,16.6575,9293,20.90925,0
2026-04-08,15:24:28.240994,544244,4305,16.14375,4437,16.63875,9293,20.90925,0
2026-04-08,15:24:28.240994,544276,4305,16.14375,4440,16.65,9292,20.907,0
2026-04-08,15:24:28.240994,544307,4304,16.14,4439,16.64625,9292,20.907,0
2026-04-08,15:24:28.240994,544338,4305,16.14375,4445,16.66875,9294,20.9115,0
2026-04-08,15:24:28.240994,544370,4310,16.1625,4436,16.635,9292,20.907,0
2026-04-08,15:24:28.240994,544401,4306,16.1475,4440,16.65,9293,20.90925,0
2026-04-08,15:24:29.063029,544621,4306,16.1475,4442,16.6575,9293,20.90925,0
2026-04-08,15:24:29.063029,544754,4302,16.1325,4437,16.63875,9293,20.90925,0
2026-04-08,15:24:29.063029,544786,4311,16.16625,4441,16.65375,9292,20.907,0
2026-04-08,15:24:29.063029,544817,4299,16.12125,4443,16.66125,9293,20.90925,0
2026-04-08,15:24:29.063029,544849,4300,16.125,4436,16.635,9292,20.907,0
2026-04-08,15:24:29.063029,544880,4304,16.14,4438,16.6425,9293,20.90925,0
2026-04-08,15:24:29.063029,544912,4303,16.13625,4442,16.6575,9293,20.90925,0
2026-04-08,15:24:29.063029,544943,4302,16.1325,4444,16.665,9293,20.90925,0
2026-04-08,15:24:29.063029,544974,4302,16.1325,4441,16.65375,9293,20.90925,0
2026-04-08,15:24:29.063029,545006,4301,16.12875,4440,16.65,9293,20.90925,0
2026-04-08,15:24:29.063029,545037,4300,16.125,4442,16.6575,9292,20.907,0
2026-04-08,15:24:29.063029,545069,4311,16.16625,4439,16.64625,9294,20.9115,0
2026-04-08,15:24:29.063029,545100,4311,16.16625,4439,16.64625,9293,20.90925,0
2026-04-08,15:24:29.063029,545132,4306,16.1475,4445,16.66875,9292,20.907,0
2026-04-08,15:24:29.063029,545163,4306,16.1475,4437,16.63875,9292,20.907,0
2026-04-08,15:24:29.063029,545195,4301,16.12875,4440,16.65,9293,20.90925,0
2026-04-08,15:24:29.063029,545226,4295,16.10625,4442,16.6575,9293,20.90925,0
2026-04-08,15:24:29.063029,545257,4304,16.14,4432,16.62,9291,20.90475,0
2026-04-08,15:24:29.063029,545288,4314,16.1775,4444,16.665,9293,20.90925,0
2026-04-08,15:24:29.063029,545320,4298,16.1175,4443,16.66125,9292,20.907,0
2026-04-08,15:24:29.881226,545453,4304,16.14,4437,16.63875,9291,20.90475,0
2026-04-08,15:24:29.881226,545586,4311,16.16625,4437,16.63875,9293,20.90925,0
2026-04-08,15:24:29.881226,545618,4309,16.15875,4438,16.6425,9291,20.90475,0
2026-04-08,15:24:29.881226,545649,4308,16.155,4434,16.6275,9291,20.90475,0
2026-04-08,15:24:29.881226,545681,4306,16.1475,4438,16.6425,9293,20.90925,0
2026-04-08,15:24:29.881226,545712,4302,16.1325,4439,16.64625,9292,20.907,0
2026-04-08,15:24:29.881226,545744,4311,16.16625,4446,16.6725,9292,20.907,0
2026-04-08,15:24:29.881226,545775,4305,16.14375,4446,16.6725,9292,20.907,0
2026-04-08,15:24:29.881226,545807,4302,16.1325,4445,16.66875,9291,20.90475,0
2026-04-08,15:24:29.881226,545838,4311,16.16625,4442,16.6575,9291,20.90475,0
2026-04-08,15:24:29.881226,545869,4305,16.14375,4444,16.665,9292,20.907,0
2026-04-08,15:24:29.881226,545901,4305,16.14375,4437,16.63875,9292,20.907,0
2026-04-08,15:24:29.881226,545932,4301,16.12875,4438,16.6425,9292,20.907,0
2026-04-08,15:24:29.881226,545964,4305,16.14375,4443,16.66125,9291,20.90475,0
2026-04-08,15:24:29.881226,545995,4303,16.13625,4446,16.6725,9291,20.90475,0
2026-04-08,15:24:29.881226,546027,4298,16.1175,4441,16.65375,9292,20.907,0
2026-04-08,15:24:29.881226,546058,4300,16.125,4441,16.65375,9291,20.90475,0
2026-04-08,15:24:29.881226,546089,4301,16.12875,4440,16.65,9290,20.9025,0
2026-04-08,15:24:29.881226,546121,4299,16.12125,4438,16.6425,9291,20.90475,0
2026-04-08,15:24:29.881226,546152,4301,16.12875,4435,16.63125,9293,20.90925,0
2026-04-08,15:24:30.701857,546259,4300,16.125,4444,16.665,9291,20.90475,0
2026-04-08,15:24:30.701857,546392,4302,16.1325,4434,16.6275,9290,20.9025,0
2026-04-08,15:24:30.701857,546424,4303,16.13625,4445,16.66875,9291,20.90475,0
2026-04-08,15:24:30.701857,546456,4304,16.14,4441,16.65375,9291,20.90475,0
2026-04-08,15:24:30.701857,546487,4306,16.1475,4431,16.61625,9291,20.90475,0
2026-04-08,15:24:30.701857,546518,4304,16.14,4436,16.635,9290,20.9025,0
2026-04-08,15:24:30.701857,546550,4311,16.16625,4440,16.65,9290,20.9025,0
2026-04-08,15:24:30.701857,546581,4312,16.17,4443,16.66125,9291,20.90475,0
2026-04-08,15:24:30.701857,546612,4304,16.14,4444,16.665,9291,20.90475,0
2026-04-08,15:24:30.701857,546644,4303,16.13625,4440,16.65,9290,20.9025,0
2026-04-08,15:24:30.701857,546675,4301,16.12875,4438,16.6425,9290,20.9025,0
2026-04-08,15:24:30.701857,546707,4311,16.16625,4443,16.66125,9291,20.90475,0
2026-04-08,15:24:30.701857,546738,4302,16.1325,4439,16.64625,9290,20.9025,0
2026-04-08,15:24:30.701857,546770,4303,16.13625,4437,16.63875,9290,20.9025,0
2026-04-08,15:24:30.701857,546801,4296,16.11,4442,16.6575,9290,20.9025,0
2026-04-08,15:24:30.701857,546833,4304,16.14,4440,16.65,9290,20.9025,0
2026-04-08,15:24:30.701857,546864,4313,16.17375,4437,16.63875,9290,20.9025,0
2026-04-08,15:24:30.701857,546895,4309,16.15875,4443,16.66125,9290,20.9025,0
2026-04-08,15:24:30.701857,546926,4307,16.15125,4436,16.635,9289,20.90025,0
2026-04-08,15:24:30.701857,546958,4304,16.14,4441,16.65375,9290,20.9025,0
2026-04-08,15:24:31.534551,547083,4307,16.15125,4435,16.63125,9289,20.90025,0
2026-04-08,15:24:31.534551,547214,4308,16.155,4449,16.68375,9290,20.9025,0
2026-04-08,15:24:31.534551,547247,4307,16.15125,4446,16.6725,9289,20.90025,0
2026-04-08,15:24:31.534551,547278,4303,16.13625,4443,16.66125,9289,20.90025,0
2026-04-08,15:24:31.534551,547309,4301,16.12875,4435,16.63125,9291,20.90475,0
2026-04-08,15:24:31.534551,547340,4299,16.12125,4435,16.63125,9289,20.90025,0
2026-04-08,15:24:31.534551,547372,4311,16.16625,4437,16.63875,9290,20.9025,0
2026-04-08,15:24:31.534551,547404,4304,16.14,4442,16.6575,9289,20.90025,0
2026-04-08,15:24:31.534551,547435,4295,16.10625,4439,16.64625,9289,20.90025,0
2026-04-08,15:24:31.534551,547466,4307,16.15125,4445,16.66875,9289,20.90025,0
2026-04-08,15:24:31.534551,547498,4301,16.12875,4445,16.66875,9288,20.898,0
2026-04-08,15:24:31.534551,547529,4309,16.15875,4442,16.6575,9290,20.9025,0
2026-04-08,15:24:31.534551,547561,4300,16.125,4441,16.65375,9289,20.90025,0
2026-04-08,15:24:31.534551,547592,4298,16.1175,4441,16.65375,9288,20.898,0
2026-04-08,15:24:31.534551,547623,4300,16.125,4448,16.68,9290,20.9025,0
2026-04-08,15:24:31.534551,547655,4305,16.14375,4438,16.6425,9290,20.9025,0
2026-04-08,15:24:31.534551,547687,4303,16.13625,4442,16.6575,9290,20.9025,0
2026-04-08,15:24:31.534551,547718,4299,16.12125,4437,16.63875,9290,20.9025,0
2026-04-08,15:24:31.534551,547749,4290,16.0875,4433,16.62375,9289,20.90025,0
2026-04-08,15:24:31.534551,547781,4302,16.1325,4439,16.64625,9289,20.90025,0
2026-04-08,15:24:32.348944,547922,4302,16.1325,4438,16.6425,9289,20.90025,0
2026-04-08,15:24:32.348944,548055,4299,16.12125,4447,16.67625,9288,20.898,0
2026-04-08,15:24:32.348944,548087,4307,16.15125,4440,16.65,9288,20.898,0
2026-04-08,15:24:32.348944,548119,4302,16.1325,4440,16.65,9289,20.90025,0
2026-04-08,15:24:32.348944,548150,4298,16.1175,4438,16.6425,9288,20.898,0
2026-04-08,15:24:32.348944,548182,4303,16.13625,4442,16.6575,9288,20.898,0
2026-04-08,15:24:32.348944,548213,4295,16.10625,4437,16.63875,9288,20.898,0
2026-04-08,15:24:32.348944,548244,4302,16.1325,4434,16.6275,9288,20.898,0
2026-04-08,15:24:32.348944,548276,4302,16.1325,4442,16.6575,9289,20.90025,0
2026-04-08,15:24:32.348944,548307,4301,16.12875,4440,16.65,9290,20.9025,0
2026-04-08,15:24:32.348944,548339,4301,16.12875,4436,16.635,9289,20.90025,0
2026-04-08,15:24:32.348944,548370,4304,16.14,4440,16.65,9288,20.898,0
2026-04-08,15:24:32.348944,548402,4301,16.12875,4438,16.6425,9289,20.90025,0
2026-04-08,15:24:32.348944,548433,4299,16.12125,4434,16.6275,9289,20.90025,0
2026-04-08,15:24:32.348944,548464,4302,16.1325,4432,16.62,9289,20.90025,0
2026-04-08,15:24:32.348944,548496,4299,16.12125,4439,16.64625,9288,20.898,0
2026-04-08,15:24:32.348944,548527,4298,16.1175,4447,16.67625,9289,20.90025,0
2026-04-08,15:24:32.348944,548558,4304,16.14,4442,16.6575,9289,20.90025,0
2026-04-08,15:24:32.348944,548590,4305,16.14375,4435,16.63125,9288,20.898,0
2026-04-08,15:24:32.348944,548622,4302,16.1325,4443,16.66125,9287,20.89575,0
2026-04-08,15:24:33.242508,548729,4307,16.15125,4438,16.6425,9287,20.89575,0
2026-04-08,15:24:33.242508,548861,4312,16.17,4435,16.63125,9287,20.89575,0
2026-04-08,15:24:33.242508,548894,4310,16.1625,4438,16.6425,9287,20.89575,0
2026-04-08,15:24:33.242508,548926,4311,16.16625,4439,16.64625,9287,20.89575,0
2026-04-08,15:24:33.242508,548957,4308,16.155,4434,16.6275,9287,20.89575,0
2026-04-08,15:24:33.242508,548989,4311,16.16625,4443,16.66125,9287,20.89575,0
2026-04-08,15:24:33.242508,549020,4304,16.14,4440,16.65,9287,20.89575,0
2026-04-08,15:24:33.242508,549051,4310,16.1625,4442,16.6575,9287,20.89575,0
2026-04-08,15:24:33.242508,549083,4311,16.16625,4440,16.65,9288,20.898,0
2026-04-08,15:24:33.242508,549114,4316,16.185,4443,16.66125,9288,20.898,0
2026-04-08,15:24:33.242508,549146,4313,16.17375,4436,16.635,9287,20.89575,0
2026-04-08,15:24:33.242508,549177,4315,16.18125,4445,16.66875,9286,20.8935,0
2026-04-08,15:24:33.242508,549208,4300,16.125,4441,16.65375,9287,20.89575,0
2026-04-08,15:24:33.242508,549240,4308,16.155,4443,16.66125,9288,20.898,0
2026-04-08,15:24:33.242508,549271,4312,16.17,4440,16.65,9287,20.89575,0
2026-04-08,15:24:33.242508,549303,4314,16.1775,4446,16.6725,9287,20.89575,0
2026-04-08,15:24:33.242508,549334,4307,16.15125,4448,16.68,9287,20.89575,0
2026-04-08,15:24:33.242508,549365,4305,16.14375,4448,16.68,9287,20.89575,0
2026-04-08,15:24:33.242508,549397,4305,16.14375,4441,16.65375,9287,20.89575,0
2026-04-08,15:24:33.242508,549428,4304,16.14,4443,16.66125,9287,20.89575,0
2026-04-08,15:24:34.088943,549618,4299,16.12125,4443,16.66125,9287,20.89575,0
2026-04-08,15:24:34.088943,549750,4302,16.1325,4441,16.65375,9287,20.89575,0
2026-04-08,15:24:34.088943,549782,4301,16.12875,4446,16.6725,9287,20.89575,0
2026-04-08,15:24:34.088943,549814,4303,16.13625,4451,16.69125,9286,20.8935,0
2026-04-08,15:24:34.088943,549845,4300,16.125,4436,16.635,9286,20.8935,0
2026-04-08,15:24:34.088943,549876,4306,16.1475,4443,16.66125,9287,20.89575,0
2026-04-08,15:24:34.088943,549908,4306,16.1475,4450,16.6875,9286,20.8935,0
2026-04-08,15:24:34.088943,549939,4312,16.17,4444,16.665,9286,20.8935,0
2026-04-08,15:24:34.088943,549971,4306,16.1475,4435,16.63125,9287,20.89575,0
2026-04-08,15:24:34.088943,550002,4302,16.1325,4446,16.6725,9287,20.89575,0
2026-04-08,15:24:34.088943,550034,4311,16.16625,4442,16.6575,9286,20.8935,0
2026-04-08,15:24:34.088943,550065,4302,16.1325,4438,16.6425,9287,20.89575,0
2026-04-08,15:24:34.088943,550096,4307,16.15125,4439,16.64625,9286,20.8935,0
2026-04-08,15:24:34.088943,550128,4311,16.16625,4451,16.69125,9286,20.8935,0
2026-04-08,15:24:34.088943,550159,4305,16.14375,4445,16.66875,9287,20.89575,0
2026-04-08,15:24:34.088943,550191,4307,16.15125,4439,16.64625,9286,20.8935,0
2026-04-08,15:24:34.088943,550222,4306,16.1475,4445,16.66875,9286,20.8935,0
2026-04-08,15:24:34.088943,550254,4308,16.155,4438,16.6425,9285,20.89125,0
2026-04-08,15:24:34.088943,550285,4297,16.11375,4435,16.63125,9286,20.8935,0
2026-04-08,15:24:34.088943,550317,4308,16.155,4437,16.63875,9286,20.8935,0
2026-04-08,15:24:34.901535,550465,4301,16.12875,4444,16.665,9286,20.8935,0
2026-04-08,15:24:34.901535,550597,4301,16.12875,4448,16.68,9286,20.8935,0
2026-04-08,15:24:34.901535,550630,4304,16.14,4443,16.66125,9287,20.89575,0
2026-04-08,15:24:34.901535,550661,4303,16.13625,4444,16.665,9285,20.89125,0
2026-04-08,15:24:34.901535,550693,4300,16.125,4437,16.63875,9286,20.8935,0
2026-04-08,15:24:34.901535,550724,4300,16.125,4440,16.65,9287,20.89575,0
2026-04-08,15:24:34.901535,550756,4301,16.12875,4436,16.635,9286,20.8935,0
2026-04-08,15:24:34.901535,550787,4306,16.1475,4442,16.6575,9286,20.8935,0
2026-04-08,15:24:34.901535,550818,4311,16.16625,4445,16.66875,9284,20.889,0
2026-04-08,15:24:34.901535,550850,4302,16.1325,4442,16.6575,9284,20.889,0
2026-04-08,15:24:34.901535,550881,4302,16.1325,4440,16.65,9285,20.89125,0
2026-04-08,15:24:34.901535,550912,4299,16.12125,4445,16.66875,9285,20.89125,0
2026-04-08,15:24:34.901535,550944,4302,16.1325,4451,16.69125,9286,20.8935,0
2026-04-08,15:24:34.901535,550976,4310,16.1625,4441,16.65375,9285,20.89125,0
2026-04-08,15:24:34.901535,551007,4310,16.1625,4440,16.65,9286,20.8935,0
2026-04-08,15:24:34.901535,551039,4301,16.12875,4437,16.63875,9285,20.89125,0
2026-04-08,15:24:34.901535,551070,4298,16.1175,4435,16.63125,9284,20.889,0
2026-04-08,15:24:34.901535,551101,4299,16.12125,4436,16.635,9284,20.889,0
2026-04-08,15:24:34.901535,551133,4302,16.1325,4437,16.63875,9286,20.8935,0
2026-04-08,15:24:34.901535,551164,4306,16.1475,4439,16.64625,9285,20.89125,0
2026-04-08,15:24:35.713636,551283,4299,16.12125,4446,16.6725,9285,20.89125,0
2026-04-08,15:24:35.713636,551413,4313,16.17375,4443,16.66125,9284,20.889,0
2026-04-08,15:24:35.713636,551446,4318,16.1925,4447,16.67625,9285,20.89125,0
2026-04-08,15:24:35.713636,551477,4310,16.1625,4445,16.66875,9283,20.88675,0
2026-04-08,15:24:35.713636,551508,4313,16.17375,4438,16.6425,9285,20.89125,0
2026-04-08,15:24:35.713636,551540,4299,16.12125,4443,16.66125,9285,20.89125,0
2026-04-08,15:24:35.713636,551572,4307,16.15125,4447,16.67625,9285,20.89125,0
2026-04-08,15:24:35.713636,551603,4311,16.16625,4447,16.67625,9284,20.889,0
2026-04-08,15:24:35.713636,551634,4307,16.15125,4446,16.6725,9285,20.89125,0
2026-04-08,15:24:35.713636,551666,4297,16.11375,4447,16.67625,9284,20.889,0
2026-04-08,15:24:35.713636,551697,4301,16.12875,4442,16.6575,9285,20.89125,0
2026-04-08,15:24:35.713636,551728,4306,16.1475,4444,16.665,9284,20.889,0
2026-04-08,15:24:35.713636,551760,4302,16.1325,4449,16.68375,9283,20.88675,0
2026-04-08,15:24:35.713636,551791,4296,16.11,4445,16.66875,9284,20.889,0
2026-04-08,15:24:35.713636,551823,4304,16.14,4436,16.635,9285,20.89125,0
2026-04-08,15:24:35.713636,551854,4304,16.14,4445,16.66875,9283,20.88675,0
2026-04-08,15:24:35.713636,551886,4303,16.13625,4439,16.64625,9284,20.889,0
2026-04-08,15:24:35.713636,551917,4302,16.1325,4440,16.65,9284,20.889,0
2026-04-08,15:24:35.713636,551948,4307,16.15125,4442,16.6575,9284,20.889,0
2026-04-08,15:24:35.713636,551980,4306,16.1475,4443,16.66125,9284,20.889,0
2026-04-08,15:24:36.535537,552090,4312,16.17,4451,16.69125,9284,20.889,0
2026-04-08,15:24:36.535537,552222,4302,16.1325,4442,16.6575,9282,20.8845,0
2026-04-08,15:24:36.535537,552254,4300,16.125,4447,16.67625,9283,20.88675,0
2026-04-08,15:24:36.535537,552286,4303,16.13625,4436,16.635,9284,20.889,0
2026-04-08,15:24:36.535537,552318,4302,16.1325,4438,16.6425,9284,20.889,0
2026-04-08,15:24:36.535537,552349,4304,16.14,4432,16.62,9282,20.8845,0
2026-04-08,15:24:36.535537,552381,4299,16.12125,4439,16.64625,9282,20.8845,0
2026-04-08,15:24:36.535537,552412,4297,16.11375,4447,16.67625,9283,20.88675,0
2026-04-08,15:24:36.535537,552443,4298,16.1175,4437,16.63875,9283,20.88675,0
2026-04-08,15:24:36.535537,552475,4304,16.14,4443,16.66125,9283,20.88675,0
2026-04-08,15:24:36.535537,552506,4306,16.1475,4441,16.65375,9285,20.89125,0
2026-04-08,15:24:36.535537,552538,4308,16.155,4448,16.68,9283,20.88675,0
2026-04-08,15:24:36.535537,552569,4305,16.14375,4446,16.6725,9283,20.88675,0
2026-04-08,15:24:36.535537,552601,4304,16.14,4442,16.6575,9283,20.88675,0
2026-04-08,15:24:36.535537,552632,4305,16.14375,4444,16.665,9284,20.889,0
2026-04-08,15:24:36.535537,552663,4302,16.1325,4442,16.6575,9282,20.8845,0
2026-04-08,15:24:36.535537,552695,4302,16.1325,4447,16.67625,9283,20.88675,0
2026-04-08,15:24:36.535537,552726,4302,16.1325,4446,16.6725,9284,20.889,0
2026-04-08,15:24:36.535537,552757,4302,16.1325,4440,16.65,9283,20.88675,0
2026-04-08,15:24:36.535537,552789,4308,16.155,4443,16.66125,9284,20.889,0
2026-04-08,15:24:37.360624,552916,4309,16.15875,4448,16.68,9283,20.88675,0
2026-04-08,15:24:37.360624,553048,4310,16.1625,4454,16.7025,9283,20.88675,0
2026-04-08,15:24:37.360624,553081,4312,16.17,4439,16.64625,9282,20.8845,0
2026-04-08,15:24:37.360624,553112,4315,16.18125,4443,16.66125,9284,20.889,0
2026-04-08,15:24:37.360624,553143,4305,16.14375,4439,16.64625,9282,20.8845,0
2026-04-08,15:24:37.360624,553175,4311,16.16625,4439,16.64625,9283,20.88675,0
2026-04-08,15:24:37.360624,553207,4307,16.15125,4443,16.66125,9282,20.8845,0
2026-04-08,15:24:37.360624,553238,4300,16.125,4447,16.67625,9283,20.88675,0
2026-04-08,15:24:37.360624,553269,4301,16.12875,4446,16.6725,9282,20.8845,0
2026-04-08,15:24:37.360624,553301,4303,16.13625,4444,16.665,9281,20.88225,0
2026-04-08,15:24:37.360624,553332,4298,16.1175,4439,16.64625,9284,20.889,0
2026-04-08,15:24:37.360624,553363,4305,16.14375,4440,16.65,9282,20.8845,0
2026-04-08,15:24:37.360624,553395,4311,16.16625,4444,16.665,9282,20.8845,0
2026-04-08,15:24:37.360624,553426,4302,16.1325,4445,16.66875,9281,20.88225,0
2026-04-08,15:24:37.360624,553458,4305,16.14375,4441,16.65375,9280,20.88,0
2026-04-08,15:24:37.360624,553489,4308,16.155,4452,16.695,9282,20.8845,0
2026-04-08,15:24:37.360624,553521,4314,16.1775,4440,16.65,9281,20.88225,0
2026-04-08,15:24:37.360624,553552,4308,16.155,4438,16.6425,9283,20.88675,0
2026-04-08,15:24:37.360624,553583,4302,16.1325,4445,16.66875,9282,20.8845,0
2026-04-08,15:24:37.360624,553615,4308,16.155,4443,16.66125,9281,20.88225,0
2026-04-08,15:24:38.282497,553740,4304,16.14,4448,16.68,9282,20.8845,0
2026-04-08,15:24:38.282497,553872,4309,16.15875,4443,16.66125,9281,20.88225,0
2026-04-08,15:24:38.282497,553904,4303,16.13625,4436,16.635,9281,20.88225,0
2026-04-08,15:24:38.282497,553936,4303,16.13625,4446,16.6725,9280,20.88,0
2026-04-08,15:24:38.282497,553967,4299,16.12125,4442,16.6575,9281,20.88225,0
2026-04-08,15:24:38.282497,553999,4299,16.12125,4442,16.6575,9280,20.88,0
2026-04-08,15:24:38.282497,554030,4303,16.13625,4441,16.65375,9281,20.88225,0
2026-04-08,15:24:38.282497,554062,4297,16.11375,4443,16.66125,9282,20.8845,0
2026-04-08,15:24:38.282497,554093,4296,16.11,4441,16.65375,9280,20.88,0
2026-04-08,15:24:38.282497,554125,4305,16.14375,4439,16.64625,9280,20.88,0
2026-04-08,15:24:38.282497,554156,4305,16.14375,4444,16.665,9280,20.88,0
2026-04-08,15:24:38.282497,554187,4301,16.12875,4446,16.6725,9281,20.88225,0
2026-04-08,15:24:38.282497,554219,4301,16.12875,4442,16.6575,9281,20.88225,0
2026-04-08,15:24:38.282497,554250,4310,16.1625,4439,16.64625,9282,20.8845,0
2026-04-08,15:24:38.282497,554282,4308,16.155,4452,16.695,9281,20.88225,0
2026-04-08,15:24:38.282497,554313,4303,16.13625,4440,16.65,9279,20.87775,0
2026-04-08,15:24:38.282497,554345,4308,16.155,4437,16.63875,9280,20.88,0
2026-04-08,15:24:38.282497,554376,4308,16.155,4442,16.6575,9281,20.88225,0
2026-04-08,15:24:38.282497,554407,4305,16.14375,4449,16.68375,9280,20.88,0
2026-04-08,15:24:38.282497,554439,4308,16.155,4446,16.6725,9280,20.88,0
2026-04-08,15:24:39.092973,554663,4304,16.14,4436,16.635,9280,20.88,0
2026-04-08,15:24:39.092973,554795,4297,16.11375,4444,16.665,9280,20.88,0
2026-04-08,15:24:39.092973,554828,4300,16.125,4442,16.6575,9281,20.88225,0
2026-04-08,15:24:39.092973,554859,4311,16.16625,4449,16.68375,9280,20.88,0
2026-04-08,15:24:39.092973,554890,4306,16.1475,4449,16.68375,9280,20.88,0
2026-04-08,15:24:39.092973,554922,4305,16.14375,4445,16.66875,9282,20.8845,0
2026-04-08,15:24:39.092973,554954,4306,16.1475,4438,16.6425,9281,20.88225,0
2026-04-08,15:24:39.092973,554985,4310,16.1625,4434,16.6275,9280,20.88,0
2026-04-08,15:24:39.092973,555016,4307,16.15125,4435,16.63125,9281,20.88225,0
2026-04-08,15:24:39.092973,555048,4310,16.1625,4440,16.65,9280,20.88,0
2026-04-08,15:24:39.092973,555079,4304,16.14,4444,16.665,9279,20.87775,0
2026-04-08,15:24:39.092973,555110,4316,16.185,4448,16.68,9279,20.87775,0
2026-04-08,15:24:39.092973,555142,4312,16.17,4448,16.68,9279,20.87775,0
2026-04-08,15:24:39.092973,555174,4312,16.17,4442,16.6575,9278,20.8755,0
2026-04-08,15:24:39.092973,555205,4309,16.15875,4437,16.63875,9279,20.87775,0
2026-04-08,15:24:39.092973,555237,4313,16.17375,4443,16.66125,9280,20.88,0
2026-04-08,15:24:39.092973,555268,4316,16.185,4453,16.69875,9280,20.88,0
2026-04-08,15:24:39.092973,555299,4304,16.14,4451,16.69125,9280,20.88,0
2026-04-08,15:24:39.092973,555331,4312,16.17,4443,16.66125,9280,20.88,0
2026-04-08,15:24:39.092973,555362,4308,16.155,4441,16.65375,9280,20.88,0
2026-04-08,15:24:40.000031,555469,4308,16.155,4444,16.665,9280,20.88,0
2026-04-08,15:24:40.000031,555601,4311,16.16625,4442,16.6575,9279,20.87775,0
2026-04-08,15:24:40.000031,555633,4312,16.17,4445,16.66875,9279,20.87775,0
2026-04-08,15:24:40.000031,555665,4304,16.14,4442,16.6575,9279,20.87775,0
2026-04-08,15:24:40.000031,555696,4303,16.13625,4447,16.67625,9279,20.87775,0
2026-04-08,15:24:40.000031,555727,4307,16.15125,4443,16.66125,9278,20.8755,0
2026-04-08,15:24:40.000031,555759,4313,16.17375,4447,16.67625,9279,20.87775,0
2026-04-08,15:24:40.000031,555791,4305,16.14375,4448,16.68,9279,20.87775,0
2026-04-08,15:24:40.000031,555822,4312,16.17,4443,16.66125,9278,20.8755,0
2026-04-08,15:24:40.000031,555853,4305,16.14375,4442,16.6575,9278,20.8755,0
2026-04-08,15:24:40.000031,555885,4308,16.155,4447,16.67625,9278,20.8755,0
2026-04-08,15:24:40.000031,555916,4307,16.15125,4447,16.67625,9278,20.8755,0
2026-04-08,15:24:40.000031,555948,4308,16.155,4445,16.66875,9278,20.8755,0
2026-04-08,15:24:40.000031,555979,4307,16.15125,4441,16.65375,9278,20.8755,0
2026-04-08,15:24:40.000031,556010,4305,16.14375,4446,16.6725,9278,20.8755,0
2026-04-08,15:24:40.000031,556042,4313,16.17375,4446,16.6725,9278,20.8755,0
2026-04-08,15:24:40.000031,556073,4310,16.1625,4448,16.68,9278,20.8755,0
2026-04-08,15:24:40.000031,556105,4303,16.13625,4446,16.6725,9278,20.8755,0
2026-04-08,15:24:40.000031,556136,4312,16.17,4447,16.67625,9280,20.88,0
2026-04-08,15:24:40.000031,556168,4310,16.1625,4440,16.65,9278,20.8755,0
2026-04-08,15:24:43.810651,556376,4315,16.18125,4449,16.68375,9277,20.87325,0
2026-04-08,15:24:43.810651,556507,4309,16.15875,4450,16.6875,9279,20.87775,0
2026-04-08,15:24:43.810651,556539,4315,16.18125,4446,16.6725,9277,20.87325,0
2026-04-08,15:24:43.810651,556571,4306,16.1475,4451,16.69125,9277,20.87325,0
2026-04-08,15:24:43.810651,556602,4304,16.14,4450,16.6875,9278,20.8755,0
2026-04-08,15:24:43.810651,556634,4311,16.16625,4444,16.665,9278,20.8755,0
2026-04-08,15:24:43.810651,556665,4300,16.125,4445,16.66875,9277,20.87325,0
2026-04-08,15:24:43.810651,556697,4307,16.15125,4438,16.6425,9276,20.871,0
2026-04-08,15:24:43.810651,556728,4313,16.17375,4441,16.65375,9276,20.871,0
2026-04-08,15:24:43.810651,556759,4308,16.155,4448,16.68,9277,20.87325,0
2026-04-08,15:24:43.810651,556791,4312,16.17,4446,16.6725,9277,20.87325,0
2026-04-08,15:24:43.810651,556822,4309,16.15875,4447,16.67625,9278,20.8755,0
2026-04-08,15:24:43.810651,556854,4314,16.1775,4447,16.67625,9277,20.87325,0
2026-04-08,15:24:43.810651,556885,4318,16.1925,4449,16.68375,9277,20.87325,0
2026-04-08,15:24:43.810651,556917,4308,16.155,4442,16.6575,9277,20.87325,0
2026-04-08,15:24:43.810651,556948,4306,16.1475,4438,16.6425,9277,20.87325,0
2026-04-08,15:24:43.810651,556980,4311,16.16625,4434,16.6275,9278,20.8755,0
2026-04-08,15:24:43.810651,557011,4316,16.185,4432,16.62,9277,20.87325,0
2026-04-08,15:24:43.810651,557042,4306,16.1475,4445,16.66875,9277,20.87325,0
2026-04-08,15:24:43.810651,557074,4307,16.15125,4440,16.65,9275,20.86875,0
2026-04-08,15:24:44.628730,560194,4313,16.17375,4441,16.65375,9273,20.86425,0
2026-04-08,15:24:44.628730,560325,4308,16.155,4445,16.66875,9272,20.862,0
2026-04-08,15:24:44.628730,560358,4308,16.155,4453,16.69875,9273,20.86425,0
2026-04-08,15:24:44.628730,560389,4307,16.15125,4456,16.71,9274,20.8665,0
2026-04-08,15:24:44.628730,560420,4309,16.15875,4446,16.6725,9273,20.86425,0
2026-04-08,15:24:44.628730,560452,4319,16.19625,4451,16.69125,9274,20.8665,0
2026-04-08,15:24:44.628730,560484,4315,16.18125,4450,16.6875,9275,20.86875,0
2026-04-08,15:24:44.628730,560515,4310,16.1625,4443,16.66125,9272,20.862,0
2026-04-08,15:24:44.628730,560546,4306,16.1475,4436,16.635,9274,20.8665,0
2026-04-08,15:24:44.628730,560578,4304,16.14,4442,16.6575,9272,20.862,0
2026-04-08,15:24:44.628730,560609,4310,16.1625,4447,16.67625,9274,20.8665,0
2026-04-08,15:24:44.628730,560640,4310,16.1625,4444,16.665,9274,20.8665,0
2026-04-08,15:24:44.628730,560672,4313,16.17375,4444,16.665,9271,20.85975,0
2026-04-08,15:24:44.628730,560703,4304,16.14,4446,16.6725,9273,20.86425,0
2026-04-08,15:24:44.628730,560735,4308,16.155,4448,16.68,9273,20.86425,0
2026-04-08,15:24:44.628730,560766,4306,16.1475,4441,16.65375,9271,20.85975,0
2026-04-08,15:24:44.628730,560798,4308,16.155,4447,16.67625,9272,20.862,0
2026-04-08,15:24:44.628730,560829,4302,16.1325,4445,16.66875,9271,20.85975,0
2026-04-08,15:24:44.628730,560860,4305,16.14375,4440,16.65,9273,20.86425,0
2026-04-08,15:24:44.628730,560892,4311,16.16625,4440,16.65,9274,20.8665,0
2026-04-08,15:24:45.448886,561027,4310,16.1625,4450,16.6875,9273,20.86425,0
2026-04-08,15:24:45.448886,561160,4311,16.16625,4450,16.6875,9273,20.86425,0
2026-04-08,15:24:45.448886,561192,4313,16.17375,4444,16.665,9272,20.862,0
2026-04-08,15:24:45.448886,561224,4308,16.155,4443,16.66125,9272,20.862,0
2026-04-08,15:24:45.448886,561255,4314,16.1775,4448,16.68,9272,20.862,0
2026-04-08,15:24:45.448886,561287,4311,16.16625,4448,16.68,9272,20.862,0
2026-04-08,15:24:45.448886,561318,4306,16.1475,4448,16.68,9271,20.85975,0
2026-04-08,15:24:45.448886,561349,4312,16.17,4438,16.6425,9271,20.85975,0
2026-04-08,15:24:45.448886,561381,4307,16.15125,4450,16.6875,9271,20.85975,0
2026-04-08,15:24:45.448886,561412,4314,16.1775,4447,16.67625,9273,20.86425,0
2026-04-08,15:24:45.448886,561444,4314,16.1775,4454,16.7025,9272,20.862,0
2026-04-08,15:24:45.448886,561475,4317,16.18875,4454,16.7025,9272,20.862,0
2026-04-08,15:24:45.448886,561507,4312,16.17,4446,16.6725,9272,20.862,0
2026-04-08,15:24:45.448886,561538,4317,16.18875,4454,16.7025,9272,20.862,0
2026-04-08,15:24:45.448886,561569,4311,16.16625,4451,16.69125,9272,20.862,0
2026-04-08,15:24:45.448886,561601,4305,16.14375,4449,16.68375,9272,20.862,0
2026-04-08,15:24:45.448886,561632,4309,16.15875,4443,16.66125,9271,20.85975,0
2026-04-08,15:24:45.448886,561663,4313,16.17375,4445,16.66875,9272,20.862,0
2026-04-08,15:24:45.448886,561695,4310,16.1625,4445,16.66875,9271,20.85975,0
2026-04-08,15:24:45.448886,561726,4317,16.18875,4452,16.695,9272,20.862,0
2026-04-08,15:24:46.267895,561824,4310,16.1625,4438,16.6425,9273,20.86425,0
2026-04-08,15:24:46.267895,561956,4314,16.1775,4442,16.6575,9271,20.85975,0
2026-04-08,15:24:46.267895,561989,4311,16.16625,4442,16.6575,9271,20.85975,0
2026-04-08,15:24:46.267895,562020,4307,16.15125,4449,16.68375,9270,20.8575,0
2026-04-08,15:24:46.267895,562051,4317,16.18875,4441,16.65375,9270,20.8575,0
2026-04-08,15:24:46.267895,562083,4312,16.17,4446,16.6725,9270,20.8575,0
2026-04-08,15:24:46.267895,562114,4313,16.17375,4445,16.66875,9269,20.85525,0
2026-04-08,15:24:46.267895,562146,4308,16.155,4446,16.6725,9270,20.8575,0
2026-04-08,15:24:46.267895,562177,4312,16.17,4449,16.68375,9269,20.85525,0
2026-04-08,15:24:46.267895,562209,4319,16.19625,4447,16.67625,9271,20.85975,0
2026-04-08,15:24:46.267895,562240,4313,16.17375,4453,16.69875,9271,20.85975,0
2026-04-08,15:24:46.267895,562271,4317,16.18875,4446,16.6725,9270,20.8575,0
2026-04-08,15:24:46.267895,562303,4325,16.21875,4457,16.71375,9270,20.8575,0
2026-04-08,15:24:46.267895,562334,4310,16.1625,4447,16.67625,9271,20.85975,0
2026-04-08,15:24:46.267895,562366,4307,16.15125,4448,16.68,9271,20.85975,0
2026-04-08,15:24:46.267895,562397,4315,16.18125,4444,16.665,9270,20.8575,0
2026-04-08,15:24:46.267895,562429,4313,16.17375,4450,16.6875,9270,20.8575,0
2026-04-08,15:24:46.267895,562460,4313,16.17375,4442,16.6575,9270,20.8575,0
2026-04-08,15:24:46.267895,562491,4310,16.1625,4442,16.6575,9271,20.85975,0
2026-04-08,15:24:46.267895,562523,4319,16.19625,4440,16.65,9271,20.85975,0
2026-04-08,15:24:47.178145,562646,4309,16.15875,4438,16.6425,9269,20.85525,0
2026-04-08,15:24:47.178145,562776,4311,16.16625,4438,16.6425,9271,20.85975,0
2026-04-08,15:24:47.178145,562809,4311,16.16625,4443,16.66125,9268,20.853,0
2026-04-08,15:24:47.178145,562840,4317,16.18875,4446,16.6725,9270,20.8575,0
2026-04-08,15:24:47.178145,562872,4317,16.18875,4447,16.67625,9270,20.8575,0
2026-04-08,15:24:47.178145,562903,4313,16.17375,4453,16.69875,9268,20.853,0
2026-04-08,15:24:47.178145,562935,4311,16.16625,4441,16.65375,9269,20.85525,0
2026-04-08,15:24:47.178145,562966,4311,16.16625,4440,16.65,9270,20.8575,0
2026-04-08,15:24:47.178145,562997,4319,16.19625,4440,16.65,9269,20.85525,0
2026-04-08,15:24:47.178145,563029,4311,16.16625,4443,16.66125,9268,20.853,0
2026-04-08,15:24:47.178145,563060,4315,16.18125,4444,16.665,9269,20.85525,0
2026-04-08,15:24:47.178145,563092,4307,16.15125,4445,16.66875,9269,20.85525,0
2026-04-08,15:24:47.178145,563123,4300,16.125,4443,16.66125,9268,20.853,0
2026-04-08,15:24:47.178145,563155,4315,16.18125,4446,16.6725,9269,20.85525,0
2026-04-08,15:24:47.178145,563186,4310,16.1625,4443,16.66125,9268,20.853,0
2026-04-08,15:24:47.178145,563218,4311,16.16625,4445,16.66875,9268,20.853,0
2026-04-08,15:24:47.178145,563249,4310,16.1625,4451,16.69125,9268,20.853,0
2026-04-08,15:24:47.178145,563280,4310,16.1625,4451,16.69125,9270,20.8575,0
2026-04-08,15:24:47.178145,563312,4312,16.17,4441,16.65375,9269,20.85525,0
2026-04-08,15:24:47.178145,563343,4311,16.16625,4442,16.6575,9268,20.853,0
2026-04-08,15:24:48.088220,563563,4314,16.1775,4438,16.6425,9269,20.85525,0
2026-04-08,15:24:48.088220,563696,4317,16.18875,4445,16.66875,9269,20.85525,0
2026-04-08,15:24:48.088220,563728,4313,16.17375,4453,16.69875,9268,20.853,0
2026-04-08,15:24:48.088220,563759,4313,16.17375,4460,16.725,9269,20.85525,0
2026-04-08,15:24:48.088220,563791,4308,16.155,4449,16.68375,9267,20.85075,0
2026-04-08,15:24:48.088220,563822,4311,16.16625,4441,16.65375,9269,20.85525,0
2026-04-08,15:24:48.088220,563854,4310,16.1625,4433,16.62375,9268,20.853,0
2026-04-08,15:24:48.088220,563885,4315,16.18125,4444,16.665,9268,20.853,0
2026-04-08,15:24:48.088220,563916,4314,16.1775,4447,16.67625,9268,20.853,0
2026-04-08,15:24:48.088220,563948,4310,16.1625,4450,16.6875,9267,20.85075,0
2026-04-08,15:24:48.088220,563979,4307,16.15125,4441,16.65375,9268,20.853,0
2026-04-08,15:24:48.088220,564011,4312,16.17,4433,16.62375,9267,20.85075,0
2026-04-08,15:24:48.088220,564042,4310,16.1625,4445,16.66875,9268,20.853,0
2026-04-08,15:24:48.088220,564074,4308,16.155,4447,16.67625,9268,20.853,0
2026-04-08,15:24:48.088220,564105,4303,16.13625,4449,16.68375,9266,20.8485,0
2026-04-08,15:24:48.088220,564137,4313,16.17375,4452,16.695,9267,20.85075,0
2026-04-08,15:24:48.088220,564168,4317,16.18875,4450,16.6875,9267,20.85075,0
2026-04-08,15:24:48.088220,564199,4313,16.17375,4448,16.68,9268,20.853,0
2026-04-08,15:24:48.088220,564231,4311,16.16625,4446,16.6725,9267,20.85075,0
2026-04-08,15:24:48.088220,564262,4312,16.17,4447,16.67625,9266,20.8485,0
2026-04-08,15:24:49.033831,564465,4315,16.18125,4453,16.69875,9269,20.85525,0
2026-04-08,15:24:49.033831,564597,4309,16.15875,4449,16.68375,9267,20.85075,0
2026-04-08,15:24:49.033831,564628,4308,16.155,4442,16.6575,9266,20.8485,0
2026-04-08,15:24:49.033831,564660,4309,16.15875,4447,16.67625,9266,20.8485,0
2026-04-08,15:24:49.033831,564692,4317,16.18875,4449,16.68375,9267,20.85075,0
2026-04-08,15:24:49.033831,564723,4315,16.18125,4448,16.68,9268,20.853,0
2026-04-08,15:24:49.033831,564755,4304,16.14,4445,16.66875,9266,20.8485,0
2026-04-08,15:24:49.033831,564786,4309,16.15875,4445,16.66875,9267,20.85075,0
2026-04-08,15:24:49.033831,564817,4320,16.2,4454,16.7025,9266,20.8485,0
2026-04-08,15:24:49.033831,564848,4313,16.17375,4449,16.68375,9266,20.8485,0
2026-04-08,15:24:49.033831,564880,4311,16.16625,4451,16.69125,9266,20.8485,0
2026-04-08,15:24:49.033831,564912,4312,16.17,4451,16.69125,9266,20.8485,0
2026-04-08,15:24:49.033831,564943,4311,16.16625,4451,16.69125,9266,20.8485,0
2026-04-08,15:24:49.033831,564974,4313,16.17375,4444,16.665,9266,20.8485,0
2026-04-08,15:24:49.033831,565006,4313,16.17375,4448,16.68,9266,20.8485,0
2026-04-08,15:24:49.033831,565037,4309,16.15875,4442,16.6575,9267,20.85075,0
2026-04-08,15:24:49.033831,565069,4314,16.1775,4445,16.66875,9266,20.8485,0
2026-04-08,15:24:49.033831,565100,4309,16.15875,4450,16.6875,9266,20.8485,0
2026-04-08,15:24:49.033831,565131,4310,16.1625,4447,16.67625,9266,20.8485,0
2026-04-08,15:24:49.033831,565163,4312,16.17,4442,16.6575,9266,20.8485,0
2026-04-08,15:24:49.957979,565422,4314,16.1775,4448,16.68,9266,20.8485,0
2026-04-08,15:24:49.957979,565554,4315,16.18125,4441,16.65375,9265,20.84625,0
2026-04-08,15:24:49.957979,565587,4310,16.1625,4444,16.665,9265,20.84625,0
2026-04-08,15:24:49.957979,565618,4317,16.18875,4446,16.6725,9266,20.8485,0
2026-04-08,15:24:49.957979,565650,4318,16.1925,4437,16.63875,9264,20.844,0
2026-04-08,15:24:49.957979,565681,4310,16.1625,4446,16.6725,9265,20.84625,0
2026-04-08,15:24:49.957979,565714,4316,16.185,4451,16.69125,9264,20.844,0
2026-04-08,15:24:49.957979,565746,4317,16.18875,4445,16.66875,9265,20.84625,0
2026-04-08,15:24:49.957979,565778,4317,16.18875,4447,16.67625,9266,20.8485,0
2026-04-08,15:24:49.957979,565809,4318,16.1925,4450,16.6875,9266,20.8485,0
2026-04-08,15:24:49.957979,565840,4315,16.18125,4454,16.7025,9264,20.844,0
2026-04-08,15:24:49.957979,565871,4314,16.1775,4454,16.7025,9265,20.84625,0
2026-04-08,15:24:49.957979,565903,4311,16.16625,4446,16.6725,9265,20.84625,0
2026-04-08,15:24:49.957979,565934,4319,16.19625,4449,16.68375,9265,20.84625,0
2026-04-08,15:24:49.957979,565966,4306,16.1475,4448,16.68,9265,20.84625,0
2026-04-08,15:24:49.957979,565997,4297,16.11375,4450,16.6875,9264,20.844,0
2026-04-08,15:24:49.957979,566029,4311,16.16625,4454,16.7025,9262,20.8395,0
2026-04-08,15:24:49.957979,566060,4317,16.18875,4443,16.66125,9265,20.84625,0
2026-04-08,15:24:49.957979,566092,4310,16.1625,4446,16.6725,9264,20.844,0
2026-04-08,15:24:49.957979,566123,4314,16.1775,4451,16.69125,9264,20.844,0
2026-04-08,15:24:50.770122,566337,4308,16.155,4440,16.65,9264,20.844,0
2026-04-08,15:24:50.770122,566468,4313,16.17375,4444,16.665,9264,20.844,0
2026-04-08,15:24:50.770122,566500,4312,16.17,4446,16.6725,9264,20.844,0
2026-04-08,15:24:50.770122,566532,4307,16.15125,4453,16.69875,9264,20.844,0
2026-04-08,15:24:50.770122,566563,4311,16.16625,4451,16.69125,9264,20.844,0
2026-04-08,15:24:50.770122,566595,4306,16.1475,4448,16.68,9263,20.84175,0
2026-04-08,15:24:50.770122,566626,4309,16.15875,4445,16.66875,9264,20.844,0
2026-04-08,15:24:50.770122,566657,4302,16.1325,4443,16.66125,9265,20.84625,0
2026-04-08,15:24:50.770122,566688,4309,16.15875,4443,16.66125,9264,20.844,0
2026-04-08,15:24:50.770122,566720,4313,16.17375,4447,16.67625,9266,20.8485,0
2026-04-08,15:24:50.770122,566751,4306,16.1475,4445,16.66875,9263,20.84175,0
2026-04-08,15:24:50.770122,566783,4312,16.17,4448,16.68,9264,20.844,0
2026-04-08,15:24:50.770122,566814,4317,16.18875,4446,16.6725,9263,20.84175,0
2026-04-08,15:24:50.770122,566846,4316,16.185,4446,16.6725,9265,20.84625,0
2026-04-08,15:24:50.770122,566877,4320,16.2,4448,16.68,9264,20.844,0
2026-04-08,15:24:50.770122,566909,4315,16.18125,4448,16.68,9263,20.84175,0
2026-04-08,15:24:50.770122,566940,4317,16.18875,4437,16.63875,9263,20.84175,0
2026-04-08,15:24:50.770122,566971,4316,16.185,4445,16.66875,9262,20.8395,0
2026-04-08,15:24:50.770122,567003,4317,16.18875,4442,16.6575,9263,20.84175,0
2026-04-08,15:24:50.770122,567034,4317,16.18875,4446,16.6725,9264,20.844,0
2026-04-08,15:24:53.537584,567148,4316,16.185,4446,16.6725,9263,20.84175,0
2026-04-08,15:24:53.537584,567280,4313,16.17375,4444,16.665,9263,20.84175,0
2026-04-08,15:24:53.537584,567313,4317,16.18875,4443,16.66125,9262,20.8395,0
2026-04-08,15:24:53.537584,567344,4311,16.16625,4454,16.7025,9264,20.844,0
2026-04-08,15:24:53.537584,567375,4302,16.1325,4452,16.695,9264,20.844,0
2026-04-08,15:24:53.537584,567407,4307,16.15125,4441,16.65375,9263,20.84175,0
2026-04-08,15:24:53.537584,567438,4311,16.16625,4446,16.6725,9262,20.8395,0
2026-04-08,15:24:53.537584,567470,4312,16.17,4449,16.68375,9262,20.8395,0
2026-04-08,15:24:53.537584,567501,4316,16.185,4449,16.68375,9262,20.8395,0
2026-04-08,15:24:53.537584,567533,4320,16.2,4453,16.69875,9262,20.8395,0
2026-04-08,15:24:53.537584,567564,4314,16.1775,4448,16.68,9262,20.8395,0
2026-04-08,15:24:53.537584,567595,4308,16.155,4459,16.72125,9263,20.84175,0
2026-04-08,15:24:53.537584,567627,4310,16.1625,4449,16.68375,9262,20.8395,0
2026-04-08,15:24:53.537584,567658,4312,16.17,4442,16.6575,9263,20.84175,0
2026-04-08,15:24:53.537584,567690,4312,16.17,4448,16.68,9262,20.8395,0
2026-04-08,15:24:53.537584,567721,4314,16.1775,4450,16.6875,9261,20.83725,0
2026-04-08,15:24:53.537584,567753,4313,16.17375,4453,16.69875,9262,20.8395,0
2026-04-08,15:24:53.537584,567784,4314,16.1775,4450,16.6875,9262,20.8395,0
2026-04-08,15:24:53.537584,567815,4320,16.2,4447,16.67625,9262,20.8395,0
2026-04-08,15:24:53.537584,567847,4315,16.18125,4447,16.67625,9261,20.83725,0
2026-04-08,15:24:54.446693,569917,4307,16.15125,4451,16.69125,9260,20.835,0
2026-04-08,15:24:54.446693,570049,4307,16.15125,4452,16.695,9260,20.835,0
2026-04-08,15:24:54.446693,570081,4299,16.12125,4445,16.66875,9258,20.8305,0
2026-04-08,15:24:54.446693,570113,4302,16.1325,4445,16.66875,9259,20.83275,0
2026-04-08,15:24:54.446693,570144,4308,16.155,4448,16.68,9259,20.83275,0
2026-04-08,15:24:54.446693,570175,4303,16.13625,4449,16.68375,9258,20.8305,0
2026-04-08,15:24:54.446693,570207,4304,16.14,4453,16.69875,9258,20.8305,0
2026-04-08,15:24:54.446693,570239,4315,16.18125,4445,16.66875,9258,20.8305,0
2026-04-08,15:24:54.446693,570270,4314,16.1775,4444,16.665,9259,20.83275,0
2026-04-08,15:24:54.446693,570302,4306,16.1475,4439,16.64625,9257,20.82825,0
2026-04-08,15:24:54.446693,570333,4311,16.16625,4453,16.69875,9258,20.8305,0
2026-04-08,15:24:54.446693,570364,4308,16.155,4449,16.68375,9258,20.8305,0
2026-04-08,15:24:54.446693,570396,4304,16.14,4455,16.70625,9258,20.8305,0
2026-04-08,15:24:54.446693,570427,4303,16.13625,4446,16.6725,9258,20.8305,0
2026-04-08,15:24:54.446693,570458,4306,16.1475,4448,16.68,9256,20.826,0
2026-04-08,15:24:54.446693,570490,4309,16.15875,4442,16.6575,9257,20.82825,0
2026-04-08,15:24:54.446693,570521,4311,16.16625,4440,16.65,9258,20.8305,0
2026-04-08,15:24:54.446693,570553,4306,16.1475,4450,16.6875,9258,20.8305,0
2026-04-08,15:24:54.446693,570584,4305,16.14375,4449,16.68375,9257,20.82825,0
2026-04-08,15:24:54.446693,570616,4306,16.1475,4456,16.71,9258,20.8305,0
2026-04-08,15:24:55.367232,570838,4309,16.15875,4443,16.66125,9258,20.8305,0
2026-04-08,15:24:55.367232,570970,4302,16.1325,4442,16.6575,9257,20.82825,0
2026-04-08,15:24:55.367232,571003,4300,16.125,4451,16.69125,9258,20.8305,0
2026-04-08,15:24:55.367232,571034,4312,16.17,4433,16.62375,9257,20.82825,0
2026-04-08,15:24:55.367232,571066,4302,16.1325,4452,16.695,9256,20.826,0
2026-04-08,15:24:55.367232,571098,4311,16.16625,4453,16.69875,9257,20.82825,0
2026-04-08,15:24:55.367232,571130,4314,16.1775,4446,16.6725,9257,20.82825,0
2026-04-08,15:24:55.367232,571162,4312,16.17,4446,16.6725,9257,20.82825,0
2026-04-08,15:24:55.367232,571193,4309,16.15875,4449,16.68375,9257,20.82825,0
2026-04-08,15:24:55.367232,571225,4307,16.15125,4454,16.7025,9258,20.8305,0
2026-04-08,15:24:55.367232,571257,4305,16.14375,4443,16.66125,9256,20.826,0
2026-04-08,15:24:55.367232,571288,4307,16.15125,4445,16.66875,9256,20.826,0
2026-04-08,15:24:55.367232,571319,4318,16.1925,4446,16.6725,9256,20.826,0
2026-04-08,15:24:55.367232,571350,4316,16.185,4437,16.63875,9257,20.82825,0
2026-04-08,15:24:55.367232,571381,4319,16.19625,4436,16.635,9256,20.826,0
2026-04-08,15:24:55.367232,571413,4314,16.1775,4439,16.64625,9256,20.826,0
2026-04-08,15:24:55.367232,571444,4304,16.14,4436,16.635,9259,20.83275,0
2026-04-08,15:24:55.367232,571476,4310,16.1625,4440,16.65,9256,20.826,0
2026-04-08,15:24:55.367232,571507,4312,16.17,4438,16.6425,9257,20.82825,0
2026-04-08,15:24:55.367232,571539,4302,16.1325,4437,16.63875,9256,20.826,0
2026-04-08,15:24:56.200708,571745,4309,16.15875,4446,16.6725,9257,20.82825,0
2026-04-08,15:24:56.200708,571877,4317,16.18875,4442,16.6575,9255,20.82375,0
2026-04-08,15:24:56.200708,571908,4311,16.16625,4447,16.67625,9256,20.826,0
2026-04-08,15:24:56.200708,571941,4321,16.20375,4447,16.67625,9256,20.826,0
2026-04-08,15:24:56.200708,571972,4313,16.17375,4446,16.6725,9255,20.82375,0
2026-04-08,15:24:56.200708,572003,4314,16.1775,4452,16.695,9256,20.826,0
2026-04-08,15:24:56.200708,572035,4306,16.1475,4447,16.67625,9257,20.82825,0
2026-04-08,15:24:56.200708,572066,4320,16.2,4450,16.6875,9255,20.82375,0
2026-04-08,15:24:56.200708,572098,4312,16.17,4451,16.69125,9258,20.8305,0
2026-04-08,15:24:56.200708,572129,4305,16.14375,4446,16.6725,9256,20.826,0
2026-04-08,15:24:56.200708,572161,4315,16.18125,4443,16.66125,9255,20.82375,0
2026-04-08,15:24:56.200708,572192,4317,16.18875,4440,16.65,9256,20.826,0
2026-04-08,15:24:56.200708,572223,4314,16.1775,4444,16.665,9255,20.82375,0
2026-04-08,15:24:56.200708,572255,4311,16.16625,4445,16.66875,9255,20.82375,0
2026-04-08,15:24:56.200708,572286,4312,16.17,4449,16.68375,9255,20.82375,0
2026-04-08,15:24:56.200708,572318,4320,16.2,4448,16.68,9256,20.826,0
2026-04-08,15:24:56.200708,572349,4307,16.15125,4444,16.665,9255,20.82375,0
2026-04-08,15:24:56.200708,572381,4307,16.15125,4447,16.67625,9256,20.826,0
2026-04-08,15:24:56.200708,572412,4312,16.17,4446,16.6725,9255,20.82375,0
2026-04-08,15:24:56.200708,572443,4306,16.1475,4447,16.67625,9256,20.826,0
2026-04-08,15:24:57.133303,572579,4310,16.1625,4438,16.6425,9255,20.82375,0
2026-04-08,15:24:57.133303,572712,4315,16.18125,4448,16.68,9254,20.8215,0
2026-04-08,15:24:57.133303,572744,4312,16.17,4446,16.6725,9254,20.8215,0
2026-04-08,15:24:57.133303,572776,4315,16.18125,4448,16.68,9255,20.82375,0
2026-04-08,15:24:57.133303,572807,4306,16.1475,4443,16.66125,9255,20.82375,0
2026-04-08,15:24:57.133303,572838,4307,16.15125,4447,16.67625,9255,20.82375,0
2026-04-08,15:24:57.133303,572870,4310,16.1625,4444,16.665,9255,20.82375,0
2026-04-08,15:24:57.133303,572902,4310,16.1625,4451,16.69125,9254,20.8215,0
2026-04-08,15:24:57.133303,572933,4317,16.18875,4446,16.6725,9255,20.82375,0
2026-04-08,15:24:57.133303,572965,4314,16.1775,4453,16.69875,9253,20.81925,0
2026-04-08,15:24:57.133303,572996,4312,16.17,4443,16.66125,9255,20.82375,0
2026-04-08,15:24:57.133303,573027,4314,16.1775,4447,16.67625,9254,20.8215,0
2026-04-08,15:24:57.133303,573059,4307,16.15125,4439,16.64625,9255,20.82375,0
2026-04-08,15:24:57.133303,573090,4311,16.16625,4444,16.665,9255,20.82375,0
2026-04-08,15:24:57.133303,573122,4311,16.16625,4451,16.69125,9255,20.82375,0
2026-04-08,15:24:57.133303,573153,4311,16.16625,4454,16.7025,9255,20.82375,0
2026-04-08,15:24:57.133303,573185,4314,16.1775,4446,16.6725,9252,20.817,0
2026-04-08,15:24:57.133303,573216,4316,16.185,4448,16.68,9255,20.82375,0
2026-04-08,15:24:57.133303,573247,4314,16.1775,4448,16.68,9255,20.82375,0
2026-04-08,15:24:57.133303,573279,4314,16.1775,4452,16.695,9255,20.82375,0
2026-04-08,15:24:58.043515,573575,4314,16.1775,4456,16.71,9253,20.81925,0
2026-04-08,15:24:58.043515,573707,4310,16.1625,4445,16.66875,9253,20.81925,0
2026-04-08,15:24:58.043515,573738,4315,16.18125,4451,16.69125,9254,20.8215,0
2026-04-08,15:24:58.043515,573770,4307,16.15125,4446,16.6725,9255,20.82375,0
2026-04-08,15:24:58.043515,573802,4306,16.1475,4445,16.66875,9253,20.81925,0
2026-04-08,15:24:58.043515,573833,4312,16.17,4441,16.65375,9252,20.817,0
2026-04-08,15:24:58.043515,573864,4313,16.17375,4445,16.66875,9254,20.8215,0
2026-04-08,15:24:58.043515,573896,4310,16.1625,4441,16.65375,9252,20.817,0
2026-04-08,15:24:58.043515,573927,4307,16.15125,4456,16.71,9252,20.817,0
2026-04-08,15:24:58.043515,573958,4311,16.16625,4456,16.71,9252,20.817,0
2026-04-08,15:24:58.043515,573990,4310,16.1625,4453,16.69875,9254,20.8215,0
2026-04-08,15:24:58.043515,574021,4306,16.1475,4442,16.6575,9254,20.8215,0
2026-04-08,15:24:58.043515,574053,4306,16.1475,4452,16.695,9252,20.817,0
2026-04-08,15:24:58.043515,574084,4319,16.19625,4446,16.6725,9253,20.81925,0
2026-04-08,15:24:58.043515,574116,4310,16.1625,4449,16.68375,9252,20.817,0
2026-04-08,15:24:58.043515,574147,4314,16.1775,4449,16.68375,9252,20.817,0
2026-04-08,15:24:58.043515,574179,4314,16.1775,4443,16.66125,9253,20.81925,0
2026-04-08,15:24:58.043515,574210,4311,16.16625,4456,16.71,9252,20.817,0
2026-04-08,15:24:58.043515,574241,4308,16.155,4452,16.695,9254,20.8215,0
2026-04-08,15:24:58.043515,574272,4315,16.18125,4452,16.695,9252,20.817,0
2026-04-08,15:25:01.117298,574419,4311,16.16625,4444,16.665,9251,20.81475,0
2026-04-08,15:25:01.117298,574552,4307,16.15125,4446,16.6725,9254,20.8215,0
2026-04-08,15:25:01.117298,574584,4308,16.155,4442,16.6575,9253,20.81925,0
2026-04-08,15:25:01.117298,574615,4308,16.155,4444,16.665,9253,20.81925,0
2026-04-08,15:25:01.117298,574647,4310,16.1625,4446,16.6725,9251,20.81475,0
2026-04-08,15:25:01.117298,574678,4308,16.155,4446,16.6725,9252,20.817,0
2026-04-08,15:25:01.117298,574710,4304,16.14,4451,16.69125,9251,20.81475,0
2026-04-08,15:25:01.117298,574741,4314,16.1775,4446,16.6725,9253,20.81925,0
2026-04-08,15:25:01.117298,574772,4314,16.1775,4450,16.6875,9252,20.817,0
2026-04-08,15:25:01.117298,574804,4317,16.18875,4448,16.68,9251,20.81475,0
2026-04-08,15:25:01.117298,574835,4312,16.17,4452,16.695,9252,20.817,0
2026-04-08,15:25:01.117298,574867,4307,16.15125,4444,16.665,9251,20.81475,0
2026-04-08,15:25:01.117298,574898,4303,16.13625,4444,16.665,9252,20.817,0
2026-04-08,15:25:01.117298,574930,4305,16.14375,4445,16.66875,9251,20.81475,0
2026-04-08,15:25:01.117298,574961,4312,16.17,4443,16.66125,9252,20.817,0
2026-04-08,15:25:01.117298,574993,4305,16.14375,4442,16.6575,9252,20.817,0
2026-04-08,15:25:01.117298,575024,4302,16.1325,4439,16.64625,9251,20.81475,0
2026-04-08,15:25:01.117298,575055,4311,16.16625,4445,16.66875,9251,20.81475,0
2026-04-08,15:25:01.117298,575087,4315,16.18125,4445,16.66875,9251,20.81475,0
2026-04-08,15:25:01.117298,575118,4316,16.185,4444,16.665,9251,20.81475,0
2026-04-08,15:25:01.117298,576626,4320,16.2,4448,16.68,9248,20.808,0
2026-04-08,15:25:01.117298,576758,4308,16.155,4445,16.66875,9248,20.808,0
2026-04-08,15:25:01.117298,576790,4312,16.17,4449,16.68375,9249,20.81025,0
2026-04-08,15:25:01.117298,576821,4309,16.15875,4450,16.6875,9249,20.81025,0
2026-04-08,15:25:01.117298,576853,4311,16.16625,4449,16.68375,9249,20.81025,0
2026-04-08,15:25:01.117298,576884,4312,16.17,4454,16.7025,9248,20.808,0
2026-04-08,15:25:01.117298,576916,4304,16.14,4452,16.695,9249,20.81025,0
2026-04-08,15:25:01.117298,576947,4308,16.155,4445,16.66875,9249,20.81025,0
2026-04-08,15:25:01.117298,576979,4305,16.14375,4449,16.68375,9249,20.81025,0
2026-04-08,15:25:01.117298,577011,4309,16.15875,4444,16.665,9248,20.808,0
2026-04-08,15:25:01.117298,577044,4311,16.16625,4455,16.70625,9248,20.808,0
2026-04-08,15:25:01.117298,577075,4315,16.18125,4451,16.69125,9248,20.808,0
2026-04-08,15:25:01.117298,577107,4309,16.15875,4442,16.6575,9247,20.80575,0
2026-04-08,15:25:01.117298,577139,4316,16.185,4441,16.65375,9247,20.80575,0
2026-04-08,15:25:01.117298,577173,4310,16.1625,4439,16.64625,9250,20.8125,0
2026-04-08,15:25:01.117298,577205,4314,16.1775,4445,16.66875,9248,20.808,0
2026-04-08,15:25:01.117298,577238,4312,16.17,4449,16.68375,9249,20.81025,0
2026-04-08,15:25:01.117298,577270,4306,16.1475,4445,16.66875,9249,20.81025,0
2026-04-08,15:25:01.117298,577301,4309,16.15875,4447,16.67625,9248,20.808,0
2026-04-08,15:25:01.117298,577333,4308,16.155,4447,16.67625,9248,20.808,0
2026-04-08,15:25:01.932678,577493,4306,16.1475,4447,16.67625,9248,20.808,0
2026-04-08,15:25:01.932678,577626,4309,16.15875,4446,16.6725,9247,20.80575,0
2026-04-08,15:25:01.932678,577658,4313,16.17375,4444,16.665,9247,20.80575,0
2026-04-08,15:25:01.932678,577690,4311,16.16625,4448,16.68,9248,20.808,0
2026-04-08,15:25:01.932678,577721,4314,16.1775,4449,16.68375,9246,20.8035,0
2026-04-08,15:25:01.932678,577752,4312,16.17,4443,16.66125,9246,20.8035,0
2026-04-08,15:25:01.932678,577784,4316,16.185,4447,16.67625,9247,20.80575,0
2026-04-08,15:25:01.932678,577815,4316,16.185,4445,16.66875,9247,20.80575,0
2026-04-08,15:25:01.932678,577847,4310,16.1625,4451,16.69125,9247,20.80575,0
2026-04-08,15:25:01.932678,577878,4318,16.1925,4449,16.68375,9247,20.80575,0
2026-04-08,15:25:01.932678,577910,4317,16.18875,4445,16.66875,9246,20.8035,0
2026-04-08,15:25:01.932678,577941,4320,16.2,4441,16.65375,9246,20.8035,0
2026-04-08,15:25:01.932678,577973,4306,16.1475,4450,16.6875,9247,20.80575,0
2026-04-08,15:25:01.932678,578004,4310,16.1625,4453,16.69875,9247,20.80575,0
2026-04-08,15:25:01.932678,578035,4304,16.14,4450,16.6875,9247,20.80575,0
2026-04-08,15:25:01.932678,578066,4307,16.15125,4447,16.67625,9247,20.80575,0
2026-04-08,15:25:01.932678,578098,4307,16.15125,4450,16.6875,9246,20.8035,0
2026-04-08,15:25:01.932678,578130,4310,16.1625,4444,16.665,9247,20.80575,0
2026-04-08,15:25:01.932678,578161,4317,16.18875,4452,16.695,9246,20.8035,0
2026-04-08,15:25:01.932678,578193,4312,16.17,4450,16.6875,9247,20.80575,0
2026-04-08,15:25:02.842722,578309,4317,16.18875,4446,16.6725,9246,20.8035,0
2026-04-08,15:25:02.842722,578441,4311,16.16625,4450,16.6875,9246,20.8035,0
2026-04-08,15:25:02.842722,578474,4310,16.1625,4453,16.69875,9246,20.8035,0
2026-04-08,15:25:02.842722,578505,4314,16.1775,4441,16.65375,9247,20.80575,0
2026-04-08,15:25:02.842722,578536,4308,16.155,4444,16.665,9245,20.80125,0
2026-04-08,15:25:02.842722,578568,4302,16.1325,4448,16.68,9246,20.8035,0
2026-04-08,15:25:02.842722,578600,4314,16.1775,4440,16.65,9246,20.8035,0
2026-04-08,15:25:02.842722,578631,4310,16.1625,4448,16.68,9247,20.80575,0
2026-04-08,15:25:02.842722,578662,4306,16.1475,4446,16.6725,9246,20.8035,0
2026-04-08,15:25:02.842722,578694,4316,16.185,4450,16.6875,9245,20.80125,0
2026-04-08,15:25:02.842722,578725,4318,16.1925,4446,16.6725,9245,20.80125,0
2026-04-08,15:25:02.842722,578756,4316,16.185,4448,16.68,9245,20.80125,0
2026-04-08,15:25:02.842722,578788,4318,16.1925,4442,16.6575,9245,20.80125,0
2026-04-08,15:25:02.842722,578819,4303,16.13625,4436,16.635,9244,20.799,0
2026-04-08,15:25:02.842722,578851,4309,16.15875,4448,16.68,9245,20.80125,0
2026-04-08,15:25:02.842722,578882,4311,16.16625,4443,16.66125,9245,20.80125,0
2026-04-08,15:25:02.842722,578914,4307,16.15125,4448,16.68,9245,20.80125,0
2026-04-08,15:25:02.842722,578945,4307,16.15125,4443,16.66125,9245,20.80125,0
2026-04-08,15:25:02.842722,578976,4311,16.16625,4452,16.695,9246,20.8035,0
2026-04-08,15:25:02.842722,579008,4317,16.18875,4445,16.66875,9246,20.8035,0
2026-04-08,15:25:03.673712,579222,4313,16.17375,4443,16.66125,9245,20.80125,0
2026-04-08,15:25:03.673712,579355,4314,16.1775,4445,16.66875,9244,20.799,0
2026-04-08,15:25:03.673712,579387,4310,16.1625,4441,16.65375,9244,20.799,0
2026-04-08,15:25:03.673712,579419,4308,16.155,4444,16.665,9244,20.799,0
2026-04-08,15:25:03.673712,579450,4312,16.17,4448,16.68,9246,20.8035,0
2026-04-08,15:25:03.673712,579481,4315,16.18125,4449,16.68375,9245,20.80125,0
2026-04-08,15:25:03.673712,579513,4315,16.18125,4446,16.6725,9245,20.80125,0
2026-04-08,15:25:03.673712,579544,4312,16.17,4446,16.6725,9245,20.80125,0
2026-04-08,15:25:03.673712,579576,4311,16.16625,4445,16.66875,9245,20.80125,0
2026-04-08,15:25:03.673712,579607,4309,16.15875,4445,16.66875,9244,20.799,0
2026-04-08,15:25:03.673712,579639,4308,16.155,4444,16.665,9243,20.79675,0
2026-04-08,15:25:03.673712,579670,4309,16.15875,4447,16.67625,9244,20.799,0
2026-04-08,15:25:03.673712,579701,4313,16.17375,4455,16.70625,9245,20.80125,0
2026-04-08,15:25:03.673712,579733,4310,16.1625,4448,16.68,9244,20.799,0
2026-04-08,15:25:03.673712,579764,4319,16.19625,4445,16.66875,9245,20.80125,0
2026-04-08,15:25:03.673712,579795,4317,16.18875,4448,16.68,9244,20.799,0
2026-04-08,15:25:03.673712,579827,4311,16.16625,4444,16.665,9244,20.799,0
2026-04-08,15:25:03.673712,579858,4317,16.18875,4449,16.68375,9244,20.799,0
2026-04-08,15:25:03.673712,579890,4313,16.17375,4449,16.68375,9243,20.79675,0
2026-04-08,15:25:03.673712,579921,4312,16.17,4456,16.71,9244,20.799,0
2026-04-08,15:25:04.700424,580127,4315,16.18125,4445,16.66875,9244,20.799,0
2026-04-08,15:25:04.700424,580260,4313,16.17375,4444,16.665,9243,20.79675,0
2026-04-08,15:25:04.700424,580291,4303,16.13625,4444,16.665,9243,20.79675,0
2026-04-08,15:25:04.700424,580324,4309,16.15875,4435,16.63125,9243,20.79675,0
2026-04-08,15:25:04.700424,580355,4310,16.1625,4440,16.65,9243,20.79675,0
2026-04-08,15:25:04.700424,580386,4319,16.19625,4447,16.67625,9243,20.79675,0
2026-04-08,15:25:04.700424,580418,4306,16.1475,4438,16.6425,9244,20.799,0
2026-04-08,15:25:04.700424,580449,4310,16.1625,4457,16.71375,9243,20.79675,0
2026-04-08,15:25:04.700424,580481,4305,16.14375,4447,16.67625,9243,20.79675,0
2026-04-08,15:25:04.700424,580512,4307,16.15125,4446,16.6725,9243,20.79675,0
2026-04-08,15:25:04.700424,580544,4309,16.15875,4436,16.635,9243,20.79675,0
2026-04-08,15:25:04.700424,580575,4309,16.15875,4449,16.68375,9243,20.79675,0
2026-04-08,15:25:04.700424,580606,4317,16.18875,4456,16.71,9243,20.79675,0
2026-04-08,15:25:04.700424,580638,4314,16.1775,4445,16.66875,9243,20.79675,0
2026-04-08,15:25:04.700424,580669,4314,16.1775,4443,16.66125,9244,20.799,0
2026-04-08,15:25:04.700424,580701,4313,16.17375,4448,16.68,9242,20.7945,0
2026-04-08,15:25:04.700424,580732,4306,16.1475,4447,16.67625,9242,20.7945,0
2026-04-08,15:25:04.700424,580764,4308,16.155,4447,16.67625,9242,20.7945,0
2026-04-08,15:25:04.700424,580795,4312,16.17,4445,16.66875,9243,20.79675,0
2026-04-08,15:25:04.700424,580826,4314,16.1775,4445,16.66875,9243,20.79675,0
2026-04-08,15:25:05.599864,581077,4311,16.16625,4449,16.68375,9241,20.79225,0
2026-04-08,15:25:05.599864,581209,4308,16.155,4453,16.69875,9241,20.79225,0
2026-04-08,15:25:05.599864,581241,4310,16.1625,4447,16.67625,9242,20.7945,0
2026-04-08,15:25:05.599864,581273,4308,16.155,4452,16.695,9241,20.79225,0
2026-04-08,15:25:05.599864,581304,4306,16.1475,4449,16.68375,9241,20.79225,0
2026-04-08,15:25:05.599864,581335,4315,16.18125,4448,16.68,9243,20.79675,0
2026-04-08,15:25:05.599864,581367,4317,16.18875,4450,16.6875,9242,20.7945,0
2026-04-08,15:25:05.599864,581398,4316,16.185,4449,16.68375,9242,20.7945,0
2026-04-08,15:25:05.599864,581429,4316,16.185,4453,16.69875,9242,20.7945,0
2026-04-08,15:25:05.599864,581461,4316,16.185,4453,16.69875,9242,20.7945,0
2026-04-08,15:25:05.599864,581493,4318,16.1925,4443,16.66125,9242,20.7945,0
2026-04-08,15:25:05.599864,581524,4309,16.15875,4441,16.65375,9242,20.7945,0
2026-04-08,15:25:05.599864,581556,4313,16.17375,4439,16.64625,9241,20.79225,0
2026-04-08,15:25:05.599864,581587,4309,16.15875,4442,16.6575,9242,20.7945,0
2026-04-08,15:25:05.599864,581618,4308,16.155,4451,16.69125,9242,20.7945,0
2026-04-08,15:25:05.599864,581649,4315,16.18125,4447,16.67625,9241,20.79225,0
2026-04-08,15:25:05.599864,581681,4314,16.1775,4449,16.68375,9240,20.79,0
2026-04-08,15:25:05.599864,581712,4306,16.1475,4442,16.6575,9241,20.79225,0
2026-04-08,15:25:05.599864,581744,4316,16.185,4448,16.68,9241,20.79225,0
2026-04-08,15:25:05.599864,581775,4309,16.15875,4447,16.67625,9240,20.79,0
2026-04-08,15:25:09.495161,581976,4313,16.17375,4446,16.6725,9242,20.7945,0
2026-04-08,15:25:09.495161,582109,4308,16.155,4450,16.6875,9241,20.79225,0
2026-04-08,15:25:09.495161,582140,4309,16.15875,4447,16.67625,9240,20.79,0
2026-04-08,15:25:09.495161,582173,4311,16.16625,4448,16.68,9241,20.79225,0
2026-04-08,15:25:09.495161,582204,4305,16.14375,4450,16.6875,9240,20.79,0
2026-04-08,15:25:09.495161,582235,4307,16.15125,4450,16.6875,9241,20.79225,0
2026-04-08,15:25:09.495161,582267,4305,16.14375,4445,16.66875,9240,20.79,0
2026-04-08,15:25:09.495161,582298,4306,16.1475,4452,16.695,9240,20.79,0
2026-04-08,15:25:09.495161,582330,4306,16.1475,4449,16.68375,9241,20.79225,0
2026-04-08,15:25:09.495161,582361,4308,16.155,4455,16.70625,9239,20.78775,0
2026-04-08,15:25:09.495161,582393,4303,16.13625,4445,16.66875,9240,20.79,0
2026-04-08,15:25:09.495161,582424,4312,16.17,4451,16.69125,9240,20.79,0
2026-04-08,15:25:09.495161,582455,4319,16.19625,4452,16.695,9239,20.78775,0
2026-04-08,15:25:09.495161,582487,4309,16.15875,4445,16.66875,9240,20.79,0
2026-04-08,15:25:09.495161,582518,4317,16.18875,4455,16.70625,9238,20.7855,0
2026-04-08,15:25:09.495161,582549,4312,16.17,4448,16.68,9240,20.79,0
2026-04-08,15:25:09.495161,582581,4309,16.15875,4445,16.66875,9241,20.79225,0
2026-04-08,15:25:09.495161,582613,4308,16.155,4445,16.66875,9239,20.78775,0
2026-04-08,15:25:09.495161,582644,4302,16.1325,4437,16.63875,9241,20.79225,0
2026-04-08,15:25:09.495161,582676,4305,16.14375,4446,16.6725,9240,20.79,0
2026-04-08,15:25:10.413209,585877,4306,16.1475,4443,16.66125,9234,20.7765,0
2026-04-08,15:25:10.413209,586009,4309,16.15875,4445,16.66875,9235,20.77875,0
2026-04-08,15:25:10.413209,586040,4314,16.1775,4445,16.66875,9235,20.77875,0
2026-04-08,15:25:10.413209,586072,4308,16.155,4445,16.66875,9234,20.7765,0
2026-04-08,15:25:10.413209,586103,4313,16.17375,4442,16.6575,9235,20.77875,0
2026-04-08,15:25:10.413209,586135,4309,16.15875,4440,16.65,9234,20.7765,0
2026-04-08,15:25:10.413209,586166,4316,16.185,4453,16.69875,9234,20.7765,0
2026-04-08,15:25:10.413209,586198,4307,16.15125,4445,16.66875,9235,20.77875,0
2026-04-08,15:25:10.413209,586229,4316,16.185,4441,16.65375,9235,20.77875,0
2026-04-08,15:25:10.413209,586261,4309,16.15875,4446,16.6725,9236,20.781,0
2026-04-08,15:25:10.413209,586292,4314,16.1775,4446,16.6725,9234,20.7765,0
2026-04-08,15:25:10.413209,586323,4313,16.17375,4447,16.67625,9234,20.7765,0
2026-04-08,15:25:10.413209,586355,4313,16.17375,4452,16.695,9234,20.7765,0
2026-04-08,15:25:10.413209,586386,4308,16.155,4441,16.65375,9234,20.7765,0
2026-04-08,15:25:10.413209,586418,4317,16.18875,4451,16.69125,9234,20.7765,0
2026-04-08,15:25:10.413209,586449,4312,16.17,4457,16.71375,9234,20.7765,0
2026-04-08,15:25:10.413209,586481,4313,16.17375,4453,16.69875,9234,20.7765,0
2026-04-08,15:25:10.413209,586512,4314,16.1775,4445,16.66875,9235,20.77875,0
2026-04-08,15:25:10.413209,586543,4314,16.1775,4444,16.665,9234,20.7765,0
2026-04-08,15:25:10.413209,586575,4314,16.1775,4445,16.66875,9234,20.7765,0
2026-04-08,15:25:11.252218,586791,4314,16.1775,4446,16.6725,9234,20.7765,0
2026-04-08,15:25:11.252218,586923,4307,16.15125,4442,16.6575,9233,20.77425,0
2026-04-08,15:25:11.252218,586954,4306,16.1475,4443,16.66125,9234,20.7765,0
2026-04-08,15:25:11.252218,586987,4306,16.1475,4445,16.66875,9233,20.77425,0
2026-04-08,15:25:11.252218,587018,4311,16.16625,4439,16.64625,9232,20.772,0
2026-04-08,15:25:11.252218,587050,4313,16.17375,4448,16.68,9234,20.7765,0
2026-04-08,15:25:11.252218,587081,4308,16.155,4443,16.66125,9233,20.77425,0
2026-04-08,15:25:11.252218,587113,4303,16.13625,4444,16.665,9233,20.77425,0
2026-04-08,15:25:11.252218,587144,4307,16.15125,4445,16.66875,9234,20.7765,0
2026-04-08,15:25:11.252218,587175,4300,16.125,4454,16.7025,9233,20.77425,0
2026-04-08,15:25:11.252218,587207,4302,16.1325,4448,16.68,9232,20.772,0
2026-04-08,15:25:11.252218,587238,4313,16.17375,4442,16.6575,9234,20.7765,0
2026-04-08,15:25:11.252218,587269,4317,16.18875,4439,16.64625,9233,20.77425,0
2026-04-08,15:25:11.252218,587301,4315,16.18125,4441,16.65375,9232,20.772,0
2026-04-08,15:25:11.252218,587333,4311,16.16625,4447,16.67625,9233,20.77425,0
2026-04-08,15:25:11.252218,587364,4312,16.17,4442,16.6575,9233,20.77425,0
2026-04-08,15:25:11.252218,587395,4310,16.1625,4446,16.6725,9233,20.77425,0
2026-04-08,15:25:11.252218,587427,4304,16.14,4454,16.7025,9232,20.772,0
2026-04-08,15:25:11.252218,587458,4308,16.155,4442,16.6575,9232,20.772,0
2026-04-08,15:25:11.252218,587490,4307,16.15125,4443,16.66125,9233,20.77425,0
2026-04-08,15:25:12.069454,587632,4314,16.1775,4447,16.67625,9231,20.76975,0
2026-04-08,15:25:12.069454,587764,4313,16.17375,4461,16.72875,9231,20.76975,0
2026-04-08,15:25:12.069454,587797,4304,16.14,4446,16.6725,9233,20.77425,0
2026-04-08,15:25:12.069454,587828,4304,16.14,4447,16.67625,9232,20.772,0
2026-04-08,15:25:12.069454,587859,4308,16.155,4443,16.66125,9232,20.772,0
2026-04-08,15:25:12.069454,587890,4307,16.15125,4441,16.65375,9233,20.77425,0
2026-04-08,15:25:12.069454,587922,4308,16.155,4449,16.68375,9232,20.772,0
2026-04-08,15:25:12.069454,587954,4306,16.1475,4447,16.67625,9232,20.772,0
2026-04-08,15:25:12.069454,587985,4313,16.17375,4444,16.665,9231,20.76975,0
2026-04-08,15:25:12.069454,588017,4307,16.15125,4455,16.70625,9230,20.7675,0
2026-04-08,15:25:12.069454,588048,4306,16.1475,4445,16.66875,9231,20.76975,0
2026-04-08,15:25:12.069454,588079,4307,16.15125,4450,16.6875,9232,20.772,0
2026-04-08,15:25:12.069454,588111,4308,16.155,4450,16.6875,9230,20.7675,0
2026-04-08,15:25:12.069454,588142,4307,16.15125,4441,16.65375,9230,20.7675,0
2026-04-08,15:25:12.069454,588174,4303,16.13625,4448,16.68,9231,20.76975,0
2026-04-08,15:25:12.069454,588205,4314,16.1775,4440,16.65,9231,20.76975,0
2026-04-08,15:25:12.069454,588237,4305,16.14375,4442,16.6575,9231,20.76975,0
2026-04-08,15:25:12.069454,588268,4305,16.14375,4446,16.6725,9231,20.76975,0
2026-04-08,15:25:12.069454,588299,4303,16.13625,4446,16.6725,9229,20.76525,0
2026-04-08,15:25:12.069454,588331,4308,16.155,4451,16.69125,9231,20.76975,0
2026-04-08,15:25:13.000251,588446,4307,16.15125,4446,16.6725,9231,20.76975,0
2026-04-08,15:25:13.000251,588579,4310,16.1625,4452,16.695,9230,20.7675,0
2026-04-08,15:25:13.000251,588611,4311,16.16625,4456,16.71,9230,20.7675,0
2026-04-08,15:25:13.000251,588643,4301,16.12875,4447,16.67625,9230,20.7675,0
2026-04-08,15:25:13.000251,588674,4297,16.11375,4447,16.67625,9231,20.76975,0
2026-04-08,15:25:13.000251,588705,4310,16.1625,4456,16.71,9230,20.7675,0
2026-04-08,15:25:13.000251,588737,4305,16.14375,4446,16.6725,9229,20.76525,0
2026-04-08,15:25:13.000251,588769,4304,16.14,4449,16.68375,9229,20.76525,0
2026-04-08,15:25:13.000251,588800,4309,16.15875,4448,16.68,9231,20.76975,0
2026-04-08,15:25:13.000251,588832,4316,16.185,4451,16.69125,9232,20.772,0
2026-04-08,15:25:13.000251,588863,4309,16.15875,4451,16.69125,9230,20.7675,0
2026-04-08,15:25:13.000251,588894,4309,16.15875,4447,16.67625,9230,20.7675,0
2026-04-08,15:25:13.000251,588926,4311,16.16625,4456,16.71,9229,20.76525,0
2026-04-08,15:25:13.000251,588957,4311,16.16625,4455,16.70625,9230,20.7675,0
2026-04-08,15:25:13.000251,588988,4306,16.1475,4449,16.68375,9230,20.7675,0
2026-04-08,15:25:13.000251,589020,4307,16.15125,4453,16.69875,9229,20.76525,0
2026-04-08,15:25:13.000251,589051,4304,16.14,4446,16.6725,9230,20.7675,0
2026-04-08,15:25:13.000251,589083,4303,16.13625,4444,16.665,9229,20.76525,0
2026-04-08,15:25:13.000251,589114,4311,16.16625,4449,16.68375,9229,20.76525,0
2026-04-08,15:25:13.000251,589146,4300,16.125,4454,16.7025,9229,20.76525,0
2026-04-08,15:25:13.919691,589447,4308,16.155,4450,16.6875,9228,20.763,0
2026-04-08,15:25:13.919691,589579,4306,16.1475,4447,16.67625,9228,20.763,0
2026-04-08,15:25:13.919691,589610,4310,16.1625,4451,16.69125,9228,20.763,0
2026-04-08,15:25:13.919691,589642,4306,16.1475,4457,16.71375,9228,20.763,0
2026-04-08,15:25:13.919691,589673,4304,16.14,4452,16.695,9228,20.763,0
2026-04-08,15:25:13.919691,589705,4298,16.1175,4443,16.66125,9228,20.763,0
2026-04-08,15:25:13.919691,589736,4316,16.185,4451,16.69125,9228,20.763,0
2026-04-08,15:25:13.919691,589768,4305,16.14375,4442,16.6575,9228,20.763,0
2026-04-08,15:25:13.919691,589799,4308,16.155,4441,16.65375,9229,20.76525,0
2026-04-08,15:25:13.919691,589830,4307,16.15125,4445,16.66875,9229,20.76525,0
2026-04-08,15:25:13.919691,589862,4311,16.16625,4444,16.665,9230,20.7675,0
2026-04-08,15:25:13.919691,589893,4309,16.15875,4445,16.66875,9228,20.763,0
2026-04-08,15:25:13.919691,589924,4307,16.15125,4449,16.68375,9228,20.763,0
2026-04-08,15:25:13.919691,589956,4304,16.14,4447,16.67625,9228,20.763,0
2026-04-08,15:25:13.919691,589988,4301,16.12875,4444,16.665,9228,20.763,0
2026-04-08,15:25:13.919691,590019,4307,16.15125,4443,16.66125,9228,20.763,0
2026-04-08,15:25:13.919691,590051,4309,16.15875,4453,16.69875,9228,20.763,0
2026-04-08,15:25:13.919691,590082,4307,16.15125,4446,16.6725,9227,20.76075,0
2026-04-08,15:25:13.919691,590113,4308,16.155,4446,16.6725,9228,20.763,0
2026-04-08,15:25:13.919691,590144,4311,16.16625,4449,16.68375,9228,20.763,0
2026-04-08,15:25:14.729579,590298,4316,16.185,4446,16.6725,9227,20.76075,0
2026-04-08,15:25:14.729579,590430,4301,16.12875,4448,16.68,9228,20.763,0
2026-04-08,15:25:14.729579,590463,4308,16.155,4444,16.665,9228,20.763,0
2026-04-08,15:25:14.729579,590494,4303,16.13625,4440,16.65,9228,20.763,0
2026-04-08,15:25:14.729579,590526,4307,16.15125,4439,16.64625,9226,20.7585,0
2026-04-08,15:25:14.729579,590557,4305,16.14375,4439,16.64625,9227,20.76075,0
2026-04-08,15:25:14.729579,590589,4305,16.14375,4445,16.66875,9228,20.763,0
2026-04-08,15:25:14.729579,590620,4307,16.15125,4447,16.67625,9227,20.76075,0
2026-04-08,15:25:14.729579,590651,4314,16.1775,4447,16.67625,9228,20.763,0
2026-04-08,15:25:14.729579,590683,4309,16.15875,4452,16.695,9226,20.7585,0
2026-04-08,15:25:14.729579,590714,4308,16.155,4446,16.6725,9226,20.7585,0
2026-04-08,15:25:14.729579,590745,4308,16.155,4449,16.68375,9227,20.76075,0
2026-04-08,15:25:14.729579,590777,4320,16.2,4445,16.66875,9227,20.76075,0
2026-04-08,15:25:14.729579,590808,4317,16.18875,4451,16.69125,9226,20.7585,0
2026-04-08,15:25:14.729579,590840,4313,16.17375,4445,16.66875,9226,20.7585,0
2026-04-08,15:25:14.729579,590871,4305,16.14375,4442,16.6575,9226,20.7585,0
2026-04-08,15:25:14.729579,590903,4310,16.1625,4445,16.66875,9226,20.7585,0
2026-04-08,15:25:14.729579,590934,4306,16.1475,4442,16.6575,9226,20.7585,0
2026-04-08,15:25:14.729579,590965,4314,16.1775,4438,16.6425,9227,20.76075,0
2026-04-08,15:25:14.729579,590997,4309,16.15875,4440,16.65,9226,20.7585,0
2026-04-08,15:25:15.651513,591113,4314,16.1775,4453,16.69875,9225,20.75625,0
2026-04-08,15:25:15.651513,591245,4314,16.1775,4447,16.67625,9225,20.75625,0
2026-04-08,15:25:15.651513,591276,4306,16.1475,4457,16.71375,9227,20.76075,0
2026-04-08,15:25:15.651513,591308,4310,16.1625,4445,16.66875,9227,20.76075,0
2026-04-08,15:25:15.651513,591340,4308,16.155,4451,16.69125,9225,20.75625,0
2026-04-08,15:25:15.651513,591371,4310,16.1625,4441,16.65375,9226,20.7585,0
2026-04-08,15:25:15.651513,591403,4304,16.14,4440,16.65,9225,20.75625,0
2026-04-08,15:25:15.651513,591434,4302,16.1325,4443,16.66125,9225,20.75625,0
2026-04-08,15:25:15.651513,591465,4306,16.1475,4437,16.63875,9225,20.75625,0
2026-04-08,15:25:15.651513,591497,4302,16.1325,4444,16.665,9226,20.7585,0
2026-04-08,15:25:15.651513,591528,4303,16.13625,4444,16.665,9226,20.7585,0
2026-04-08,15:25:15.651513,591560,4305,16.14375,4445,16.66875,9226,20.7585,0
2026-04-08,15:25:15.651513,591591,4300,16.125,4442,16.6575,9224,20.754,0
2026-04-08,15:25:15.651513,591623,4305,16.14375,4443,16.66125,9225,20.75625,0
2026-04-08,15:25:15.651513,591654,4311,16.16625,4440,16.65,9226,20.7585,0
2026-04-08,15:25:15.651513,591686,4310,16.1625,4439,16.64625,9224,20.754,0
2026-04-08,15:25:15.651513,591717,4306,16.1475,4448,16.68,9226,20.7585,0
2026-04-08,15:25:15.651513,591748,4311,16.16625,4447,16.67625,9224,20.754,0
2026-04-08,15:25:15.651513,591779,4309,16.15875,4440,16.65,9225,20.75625,0
2026-04-08,15:25:15.651513,591811,4305,16.14375,4449,16.68375,9225,20.75625,0
2026-04-08,15:25:16.486348,592068,4303,16.13625,4445,16.66875,9226,20.7585,0
2026-04-08,15:25:16.486348,592201,4296,16.11,4446,16.6725,9223,20.75175,0
2026-04-08,15:25:16.486348,592232,4304,16.14,4439,16.64625,9224,20.754,0
2026-04-08,15:25:16.486348,592264,4304,16.14,4444,16.665,9225,20.75625,0
2026-04-08,15:25:16.486348,592295,4312,16.17,4446,16.6725,9224,20.754,0
2026-04-08,15:25:16.486348,592327,4313,16.17375,4447,16.67625,9224,20.754,0
2026-04-08,15:25:16.486348,592358,4306,16.1475,4449,16.68375,9225,20.75625,0
2026-04-08,15:25:16.486348,592389,4319,16.19625,4444,16.665,9224,20.754,0
2026-04-08,15:25:16.486348,592421,4318,16.1925,4453,16.69875,9223,20.75175,0
2026-04-08,15:25:16.486348,592452,4315,16.18125,4449,16.68375,9224,20.754,0
2026-04-08,15:25:16.486348,592484,4313,16.17375,4445,16.66875,9225,20.75625,0
2026-04-08,15:25:16.486348,592515,4312,16.17,4445,16.66875,9224,20.754,0
2026-04-08,15:25:16.486348,592547,4316,16.185,4454,16.7025,9224,20.754,0
2026-04-08,15:25:16.486348,592578,4306,16.1475,4451,16.69125,9223,20.75175,0
2026-04-08,15:25:16.486348,592610,4302,16.1325,4447,16.67625,9223,20.75175,0
2026-04-08,15:25:16.486348,592641,4304,16.14,4444,16.665,9222,20.7495,0
2026-04-08,15:25:16.486348,592672,4304,16.14,4443,16.66125,9223,20.75175,0
2026-04-08,15:25:16.486348,592704,4306,16.1475,4441,16.65375,9224,20.754,0
2026-04-08,15:25:16.486348,592735,4312,16.17,4440,16.65,9222,20.7495,0
2026-04-08,15:25:16.486348,592767,4309,16.15875,4441,16.65375,9222,20.7495,0
2026-04-08,15:25:17.324519,592887,4309,16.15875,4437,16.63875,9224,20.754,0
2026-04-08,15:25:17.324519,593020,4305,16.14375,4443,16.66125,9224,20.754,0
2026-04-08,15:25:17.324519,593051,4316,16.185,4436,16.635,9223,20.75175,0
2026-04-08,15:25:17.324519,593082,4308,16.155,4440,16.65,9223,20.75175,0
2026-04-08,15:25:17.324519,593114,4301,16.12875,4444,16.665,9224,20.754,0
2026-04-08,15:25:17.324519,593145,4307,16.15125,4444,16.665,9222,20.7495,0
2026-04-08,15:25:17.324519,593177,4306,16.1475,4435,16.63125,9223,20.75175,0
2026-04-08,15:25:17.324519,593208,4307,16.15125,4441,16.65375,9222,20.7495,0
2026-04-08,15:25:17.324519,593240,4313,16.17375,4439,16.64625,9222,20.7495,0
2026-04-08,15:25:17.324519,593271,4313,16.17375,4443,16.66125,9222,20.7495,0
2026-04-08,15:25:17.324519,593302,4302,16.1325,4442,16.6575,9222,20.7495,0
2026-04-08,15:25:17.324519,593334,4311,16.16625,4446,16.6725,9223,20.75175,0
2026-04-08,15:25:17.324519,593365,4308,16.155,4445,16.66875,9222,20.7495,0
2026-04-08,15:25:17.324519,593397,4317,16.18875,4433,16.62375,9221,20.74725,0
2026-04-08,15:25:17.324519,593428,4310,16.1625,4439,16.64625,9222,20.7495,0
2026-04-08,15:25:17.324519,593460,4308,16.155,4442,16.6575,9223,20.75175,0
2026-04-08,15:25:17.324519,593491,4307,16.15125,4439,16.64625,9221,20.74725,0
2026-04-08,15:25:17.324519,593522,4305,16.14375,4432,16.62,9222,20.7495,0
2026-04-08,15:25:17.324519,593554,4307,16.15125,4434,16.6275,9221,20.74725,0
2026-04-08,15:25:17.324519,593585,4318,16.1925,4435,16.63125,9223,20.75175,0
2026-04-08,15:25:18.296495,593754,4308,16.155,4440,16.65,9221,20.74725,0
2026-04-08,15:25:18.296495,593886,4312,16.17,4443,16.66125,9221,20.74725,0
2026-04-08,15:25:18.296495,593917,4308,16.155,4448,16.68,9222,20.7495,0
2026-04-08,15:25:18.296495,593949,4306,16.1475,4444,16.665,9221,20.74725,0
2026-04-08,15:25:18.296495,593981,4292,16.095,4440,16.65,9222,20.7495,0
2026-04-08,15:25:18.296495,594012,4308,16.155,4444,16.665,9221,20.74725,0
2026-04-08,15:25:18.296495,594043,4309,16.15875,4437,16.63875,9221,20.74725,0
2026-04-08,15:25:18.296495,594075,4302,16.1325,4441,16.65375,9220,20.745,0
2026-04-08,15:25:18.296495,594106,4304,16.14,4443,16.66125,9221,20.74725,0
2026-04-08,15:25:18.296495,594137,4312,16.17,4446,16.6725,9221,20.74725,0
2026-04-08,15:25:18.296495,594169,4307,16.15125,4441,16.65375,9221,20.74725,0
2026-04-08,15:25:18.296495,594201,4302,16.1325,4446,16.6725,9220,20.745,0
2026-04-08,15:25:18.296495,594232,4309,16.15875,4440,16.65,9221,20.74725,0
2026-04-08,15:25:18.296495,594263,4305,16.14375,4445,16.66875,9220,20.745,0
2026-04-08,15:25:18.296495,594295,4302,16.1325,4442,16.6575,9221,20.74725,0
2026-04-08,15:25:18.296495,594326,4298,16.1175,4449,16.68375,9220,20.745,0
2026-04-08,15:25:18.296495,594358,4302,16.1325,4436,16.635,9220,20.745,0
2026-04-08,15:25:18.296495,594389,4307,16.15125,4442,16.6575,9221,20.74725,0
2026-04-08,15:25:18.296495,594420,4301,16.12875,4441,16.65375,9220,20.745,0
2026-04-08,15:25:18.296495,594452,4288,16.08,4439,16.64625,9220,20.745,0
2026-04-08,15:25:19.224757,594673,4304,16.14,4440,16.65,9220,20.745,0
2026-04-08,15:25:19.224757,594805,4314,16.1775,4440,16.65,9220,20.745,0
2026-04-08,15:25:19.224757,594837,4308,16.155,4445,16.66875,9221,20.74725,0
2026-04-08,15:25:19.224757,594869,4299,16.12125,4439,16.64625,9219,20.74275,0
2026-04-08,15:25:19.224757,594900,4305,16.14375,4439,16.64625,9220,20.745,0
2026-04-08,15:25:19.224757,594931,4309,16.15875,4445,16.66875,9219,20.74275,0
2026-04-08,15:25:19.224757,594963,4304,16.14,4440,16.65,9219,20.74275,0
2026-04-08,15:25:19.224757,594994,4299,16.12125,4444,16.665,9221,20.74725,0
2026-04-08,15:25:19.224757,595026,4300,16.125,4439,16.64625,9220,20.745,0
2026-04-08,15:25:19.224757,595057,4299,16.12125,4444,16.665,9220,20.745,0
2026-04-08,15:25:19.224757,595089,4306,16.1475,4443,16.66125,9219,20.74275,0
2026-04-08,15:25:19.224757,595120,4302,16.1325,4442,16.6575,9220,20.745,0
2026-04-08,15:25:19.224757,595151,4303,16.13625,4445,16.66875,9219,20.74275,0
2026-04-08,15:25:19.224757,595183,4301,16.12875,4442,16.6575,9219,20.74275,0
2026-04-08,15:25:19.224757,595214,4308,16.155,4440,16.65,9218,20.7405,0
2026-04-08,15:25:19.224757,595245,4312,16.17,4450,16.6875,9219,20.74275,0
2026-04-08,15:25:19.224757,595277,4310,16.1625,4441,16.65375,9219,20.74275,0
2026-04-08,15:25:19.224757,595309,4313,16.17375,4446,16.6725,9219,20.74275,0
2026-04-08,15:25:19.224757,595340,4307,16.15125,4445,16.66875,9219,20.74275,0
2026-04-08,15:25:19.224757,595372,4306,16.1475,4451,16.69125,9219,20.74275,0
2026-04-08,15:25:29.887490,602934,4308,16.155,4442,16.6575,9206,20.7135,101
2026-04-08,15:25:29.887490,602966,4309,16.15875,4441,16.65375,9205,20.71125,0
2026-04-08,15:25:29.887490,602997,4297,16.11375,4439,16.64625,9205,20.71125,0
2026-04-08,15:25:29.887490,603029,4300,16.125,4436,16.635,9206,20.7135,0
2026-04-08,15:25:29.887490,603060,4302,16.1325,4438,16.6425,9206,20.7135,0
2026-04-08,15:25:29.887490,603092,4294,16.1025,4431,16.61625,9206,20.7135,0
2026-04-08,15:25:29.887490,603123,4302,16.1325,4440,16.65,9206,20.7135,0
2026-04-08,15:25:29.887490,603155,4300,16.125,4440,16.65,9206,20.7135,0
2026-04-08,15:25:29.887490,603186,4297,16.11375,4439,16.64625,9206,20.7135,0
2026-04-08,15:25:29.887490,603218,4300,16.125,4444,16.665,9205,20.71125,0
2026-04-08,15:25:29.887490,603249,4302,16.1325,4437,16.63875,9207,20.71575,0
2026-04-08,15:25:29.887490,603281,4300,16.125,4435,16.63125,9205,20.71125,0
2026-04-08,15:25:29.887490,603312,4299,16.12125,4439,16.64625,9206,20.7135,0
2026-04-08,15:25:29.887490,603343,4301,16.12875,4432,16.62,9205,20.71125,0
2026-04-08,15:25:29.887490,603375,4300,16.125,4443,16.66125,9205,20.71125,0
2026-04-08,15:25:29.887490,603407,4299,16.12125,4441,16.65375,9206,20.7135,0
2026-04-08,15:25:29.887490,603438,4301,16.12875,4434,16.6275,9205,20.71125,0
2026-04-08,15:25:29.887490,603470,4295,16.10625,4429,16.60875,9204,20.709,0
2026-04-08,15:25:29.887490,603501,4299,16.12125,4434,16.6275,9206,20.7135,0
2026-04-08,15:25:29.887490,603532,4306,16.1475,4442,16.6575,9206,20.7135,0
2026-04-08,15:25:30.927509,606267,4293,16.09875,4440,16.65,9200,20.7,0
2026-04-08,15:25:30.927509,606399,4293,16.09875,4440,16.65,9201,20.70225,0
2026-04-08,15:25:30.927509,606431,4297,16.11375,4430,16.6125,9201,20.70225,0
2026-04-08,15:25:30.927509,606462,4295,16.10625,4436,16.635,9201,20.70225,0
2026-04-08,15:25:30.927509,606494,4290,16.0875,4444,16.665,9200,20.7,0
2026-04-08,15:25:30.927509,606525,4301,16.12875,4436,16.635,9200,20.7,0
2026-04-08,15:25:30.927509,606557,4306,16.1475,4431,16.61625,9200,20.7,0
2026-04-08,15:25:30.927509,606588,4300,16.125,4441,16.65375,9200,20.7,0
2026-04-08,15:25:30.927509,606619,4299,16.12125,4439,16.64625,9200,20.7,0
2026-04-08,15:25:30.927509,606651,4297,16.11375,4448,16.68,9200,20.7,0
2026-04-08,15:25:30.927509,606682,4300,16.125,4441,16.65375,9200,20.7,0
2026-04-08,15:25:30.927509,606714,4294,16.1025,4437,16.63875,9200,20.7,0
2026-04-08,15:25:30.927509,606745,4301,16.12875,4436,16.635,9201,20.70225,0
2026-04-08,15:25:30.927509,606777,4292,16.095,4441,16.65375,9201,20.70225,0
2026-04-08,15:25:30.927509,606808,4303,16.13625,4441,16.65375,9200,20.7,0
2026-04-08,15:25:30.927509,606840,4297,16.11375,4442,16.6575,9200,20.7,0
2026-04-08,15:25:30.927509,606871,4296,16.11,4430,16.6125,9200,20.7,0
2026-04-08,15:25:30.927509,606902,4298,16.1175,4437,16.63875,9199,20.69775,0
2026-04-08,15:25:30.927509,606934,4300,16.125,4444,16.665,9199,20.69775,0
2026-04-08,15:25:30.927509,606965,4294,16.1025,4440,16.65,9199,20.69775,0
2026-04-08,15:25:31.843055,607377,4297,16.11375,4437,16.63875,9199,20.69775,0
2026-04-08,15:25:31.843055,607509,4297,16.11375,4426,16.5975,9199,20.69775,0
2026-04-08,15:25:31.843055,607540,4292,16.095,4433,16.62375,9198,20.6955,0
2026-04-08,15:25:31.843055,607572,4296,16.11,4430,16.6125,9199,20.69775,0
2026-04-08,15:25:31.843055,607604,4293,16.09875,4434,16.6275,9197,20.69325,0
2026-04-08,15:25:31.843055,607635,4300,16.125,4429,16.60875,9198,20.6955,0
2026-04-08,15:25:31.843055,607667,4299,16.12125,4428,16.605,9199,20.69775,0
2026-04-08,15:25:31.843055,607698,4286,16.0725,4430,16.6125,9199,20.69775,0
2026-04-08,15:25:31.843055,607729,4290,16.0875,4433,16.62375,9198,20.6955,0
2026-04-08,15:25:31.843055,607761,4303,16.13625,4442,16.6575,9199,20.69775,0
2026-04-08,15:25:31.843055,607792,4295,16.10625,4432,16.62,9198,20.6955,0
2026-04-08,15:25:31.843055,607824,4301,16.12875,4440,16.65,9198,20.6955,0
2026-04-08,15:25:31.843055,607855,4295,16.10625,4430,16.6125,9196,20.691,0
2026-04-08,15:25:31.843055,607886,4303,16.13625,4442,16.6575,9197,20.69325,0
2026-04-08,15:25:31.843055,607918,4297,16.11375,4435,16.63125,9197,20.69325,0
2026-04-08,15:25:31.843055,607949,4299,16.12125,4433,16.62375,9197,20.69325,0
2026-04-08,15:25:31.843055,607981,4298,16.1175,4435,16.63125,9197,20.69325,0
2026-04-08,15:25:31.843055,608012,4297,16.11375,4443,16.66125,9197,20.69325,0
2026-04-08,15:25:31.843055,608043,4300,16.125,4444,16.665,9197,20.69325,0
2026-04-08,15:25:31.843055,608075,4304,16.14,4438,16.6425,9198,20.6955,0
2026-04-08,15:25:38.179619,608221,4298,16.1175,4436,16.635,9197,20.69325,0
2026-04-08,15:25:38.179619,608353,4300,16.125,4432,16.62,9198,20.6955,0
2026-04-08,15:25:38.179619,608386,4291,16.09125,4435,16.63125,9197,20.69325,0
2026-04-08,15:25:38.179619,608417,4292,16.095,4434,16.6275,9197,20.69325,0
2026-04-08,15:25:38.179619,608448,4288,16.08,4437,16.63875,9197,20.69325,0
2026-04-08,15:25:38.179619,608480,4300,16.125,4438,16.6425,9197,20.69325,0
2026-04-08,15:25:38.179619,608512,4290,16.0875,4433,16.62375,9199,20.69775,0
2026-04-08,15:25:38.179619,608543,4294,16.1025,4438,16.6425,9196,20.691,0
2026-04-08,15:25:38.179619,608574,4293,16.09875,4435,16.63125,9195,20.68875,0
2026-04-08,15:25:38.179619,608606,4294,16.1025,4437,16.63875,9196,20.691,0
2026-04-08,15:25:38.179619,608637,4291,16.09125,4440,16.65,9196,20.691,0
2026-04-08,15:25:38.179619,608668,4293,16.09875,4433,16.62375,9196,20.691,0
2026-04-08,15:25:38.179619,608700,4287,16.07625,4438,16.6425,9197,20.69325,0
2026-04-08,15:25:38.179619,608732,4294,16.1025,4437,16.63875,9197,20.69325,0
2026-04-08,15:25:38.179619,608763,4284,16.065,4445,16.66875,9196,20.691,0
2026-04-08,15:25:38.179619,608794,4284,16.065,4443,16.66125,9195,20.68875,0
2026-04-08,15:25:38.179619,608825,4290,16.0875,4442,16.6575,9198,20.6955,0
2026-04-08,15:25:38.179619,608856,4298,16.1175,4440,16.65,9196,20.691,0
2026-04-08,15:25:38.179619,608888,4297,16.11375,4442,16.6575,9196,20.691,0
2026-04-08,15:25:38.179619,608919,4305,16.14375,4440,16.65,9196,20.691,0
2026-04-08,15:25:38.179619,613501,4297,16.11375,4435,16.63125,9188,20.673,0
2026-04-08,15:25:38.179619,613632,4298,16.1175,4433,16.62375,9188,20.673,0
2026-04-08,15:25:38.179619,613664,4298,16.1175,4431,16.61625,9187,20.67075,0
2026-04-08,15:25:38.179619,613695,4291,16.09125,4432,16.62,9188,20.673,0
2026-04-08,15:25:38.179619,613727,4295,16.10625,4436,16.635,9188,20.673,0
2026-04-08,15:25:38.179619,613758,4300,16.125,4429,16.60875,9187,20.67075,0
2026-04-08,15:25:38.179619,613789,4302,16.1325,4428,16.605,9188,20.673,0
2026-04-08,15:25:38.179619,613821,4301,16.12875,4432,16.62,9186,20.6685,0
2026-04-08,15:25:38.179619,613852,4299,16.12125,4435,16.63125,9187,20.67075,0
2026-04-08,15:25:38.179619,613884,4295,16.10625,4435,16.63125,9188,20.673,0
2026-04-08,15:25:38.179619,613915,4295,16.10625,4442,16.6575,9187,20.67075,0
2026-04-08,15:25:38.179619,613947,4295,16.10625,4436,16.635,9187,20.67075,0
2026-04-08,15:25:38.179619,613978,4294,16.1025,4427,16.60125,9187,20.67075,0
2026-04-08,15:25:38.179619,614010,4301,16.12875,4435,16.63125,9188,20.673,0
2026-04-08,15:25:38.179619,614041,4297,16.11375,4426,16.5975,9186,20.6685,0
2026-04-08,15:25:38.179619,614072,4294,16.1025,4426,16.5975,9185,20.66625,0
2026-04-08,15:25:38.179619,614104,4303,16.13625,4434,16.6275,9186,20.6685,0
2026-04-08,15:25:38.179619,614135,4296,16.11,4442,16.6575,9186,20.6685,0
2026-04-08,15:25:38.179619,614168,4298,16.1175,4435,16.63125,9187,20.67075,0
2026-04-08,15:25:38.179619,614200,4286,16.0725,4432,16.62,9187,20.67075,0
2026-04-08,15:25:39.225952,614561,4291,16.09125,4431,16.61625,9186,20.6685,0
2026-04-08,15:25:39.225952,614692,4293,16.09875,4426,16.5975,9185,20.66625,0
2026-04-08,15:25:39.225952,614723,4298,16.1175,4424,16.59,9185,20.66625,0
2026-04-08,15:25:39.225952,614755,4296,16.11,4426,16.5975,9186,20.6685,0
2026-04-08,15:25:39.225952,614787,4295,16.10625,4436,16.635,9186,20.6685,0
2026-04-08,15:25:39.225952,614818,4299,16.12125,4433,16.62375,9184,20.664,0
2026-04-08,15:25:39.225952,614850,4292,16.095,4441,16.65375,9186,20.6685,0
2026-04-08,15:25:39.225952,614881,4295,16.10625,4442,16.6575,9185,20.66625,0
2026-04-08,15:25:39.225952,614912,4294,16.1025,4435,16.63125,9186,20.6685,0
2026-04-08,15:25:39.225952,614944,4290,16.0875,4436,16.635,9186,20.6685,0
2026-04-08,15:25:39.225952,614975,4301,16.12875,4434,16.6275,9186,20.6685,0
2026-04-08,15:25:39.225952,615007,4291,16.09125,4427,16.60125,9184,20.664,0
2026-04-08,15:25:39.225952,615038,4297,16.11375,4430,16.6125,9185,20.66625,0
2026-04-08,15:25:39.225952,615070,4293,16.09875,4428,16.605,9185,20.66625,0
2026-04-08,15:25:39.225952,615101,4303,16.13625,4426,16.5975,9184,20.664,0
2026-04-08,15:25:39.225952,615132,4297,16.11375,4431,16.61625,9185,20.66625,0
2026-04-08,15:25:39.225952,615164,4301,16.12875,4429,16.60875,9185,20.66625,0
2026-04-08,15:25:39.225952,615195,4304,16.14,4432,16.62,9183,20.66175,0
2026-04-08,15:25:39.225952,615227,4295,16.10625,4428,16.605,9184,20.664,0
2026-04-08,15:25:39.225952,615258,4288,16.08,4427,16.60125,9186,20.6685,0
2026-04-08,15:25:40.045482,615621,4296,16.11,4435,16.63125,9183,20.66175,0
2026-04-08,15:25:40.045482,615754,4299,16.12125,4428,16.605,9183,20.66175,0
2026-04-08,15:25:40.045482,615786,4299,16.12125,4432,16.62,9184,20.664,0
2026-04-08,15:25:40.045482,615817,4291,16.09125,4434,16.6275,9184,20.664,0
2026-04-08,15:25:40.045482,615848,4292,16.095,4429,16.60875,9183,20.66175,0
2026-04-08,15:25:40.045482,615880,4296,16.11,4424,16.59,9183,20.66175,0
2026-04-08,15:25:40.045482,615912,4303,16.13625,4428,16.605,9183,20.66175,0
2026-04-08,15:25:40.045482,615943,4298,16.1175,4425,16.59375,9183,20.66175,0
2026-04-08,15:25:40.045482,615975,4291,16.09125,4435,16.63125,9182,20.6595,0
2026-04-08,15:25:40.045482,616006,4294,16.1025,4436,16.635,9184,20.664,0
2026-04-08,15:25:40.045482,616037,4288,16.08,4432,16.62,9184,20.664,0
2026-04-08,15:25:40.045482,616069,4287,16.07625,4431,16.61625,9182,20.6595,0
2026-04-08,15:25:40.045482,616100,4295,16.10625,4428,16.605,9183,20.66175,0
2026-04-08,15:25:40.045482,616131,4293,16.09875,4430,16.6125,9184,20.664,0
2026-04-08,15:25:40.045482,616163,4296,16.11,4437,16.63875,9182,20.6595,0
2026-04-08,15:25:40.045482,616195,4296,16.11,4438,16.6425,9183,20.66175,0
2026-04-08,15:25:40.045482,616226,4292,16.095,4444,16.665,9183,20.66175,0
2026-04-08,15:25:40.045482,616257,4295,16.10625,4434,16.6275,9183,20.66175,0
2026-04-08,15:25:40.045482,616289,4290,16.0875,4433,16.62375,9182,20.6595,0
2026-04-08,15:25:40.045482,616320,4297,16.11375,4432,16.62,9182,20.6595,0
2026-04-08,15:25:40.950677,616490,4295,16.10625,4431,16.61625,9183,20.66175,0
2026-04-08,15:25:40.950677,616623,4297,16.11375,4438,16.6425,9183,20.66175,0
2026-04-08,15:25:40.950677,616654,4295,16.10625,4431,16.61625,9183,20.66175,0
2026-04-08,15:25:40.950677,616686,4299,16.12125,4437,16.63875,9182,20.6595,0
2026-04-08,15:25:40.950677,616717,4294,16.1025,4436,16.635,9183,20.66175,0
2026-04-08,15:25:40.950677,616748,4289,16.08375,4433,16.62375,9181,20.65725,0
2026-04-08,15:25:40.950677,616780,4297,16.11375,4433,16.62375,9181,20.65725,0
2026-04-08,15:25:40.950677,616812,4298,16.1175,4433,16.62375,9182,20.6595,0
2026-04-08,15:25:40.950677,616843,4297,16.11375,4435,16.63125,9181,20.65725,0
2026-04-08,15:25:40.950677,616875,4293,16.09875,4437,16.63875,9182,20.6595,0
2026-04-08,15:25:40.950677,616906,4296,16.11,4433,16.62375,9182,20.6595,0
2026-04-08,15:25:40.950677,616937,4288,16.08,4432,16.62,9181,20.65725,0
2026-04-08,15:25:40.950677,616968,4289,16.08375,4433,16.62375,9181,20.65725,0
2026-04-08,15:25:40.950677,617000,4297,16.11375,4433,16.62375,9181,20.65725,0
2026-04-08,15:25:40.950677,617031,4286,16.0725,4431,16.61625,9181,20.65725,0
2026-04-08,15:25:40.950677,617063,4291,16.09125,4435,16.63125,9182,20.6595,0
2026-04-08,15:25:40.950677,617094,4301,16.12875,4434,16.6275,9181,20.65725,0
2026-04-08,15:25:40.950677,617126,4299,16.12125,4433,16.62375,9181,20.65725,0
2026-04-08,15:25:40.950677,617157,4295,16.10625,4426,16.5975,9181,20.65725,0
2026-04-08,15:25:40.950677,617189,4297,16.11375,4434,16.6275,9181,20.65725,0
2026-04-08,15:25:41.772481,617331,4299,16.12125,4427,16.60125,9181,20.65725,0
2026-04-08,15:25:41.772481,617464,4299,16.12125,4421,16.57875,9181,20.65725,0
2026-04-08,15:25:41.772481,617496,4297,16.11375,4433,16.62375,9180,20.655,0
2026-04-08,15:25:41.772481,617528,4295,16.10625,4428,16.605,9180,20.655,0
2026-04-08,15:25:41.772481,617559,4296,16.11,4428,16.605,9180,20.655,0
2026-04-08,15:25:41.772481,617590,4306,16.1475,4419,16.57125,9180,20.655,0
2026-04-08,15:25:41.772481,617622,4295,16.10625,4430,16.6125,9180,20.655,0
2026-04-08,15:25:41.772481,617653,4298,16.1175,4426,16.5975,9181,20.65725,0
2026-04-08,15:25:41.772481,617684,4297,16.11375,4430,16.6125,9181,20.65725,0
2026-04-08,15:25:41.772481,617716,4292,16.095,4435,16.63125,9180,20.655,0
2026-04-08,15:25:41.772481,617747,4292,16.095,4431,16.61625,9180,20.655,0
2026-04-08,15:25:41.772481,617779,4295,16.10625,4425,16.59375,9180,20.655,0
2026-04-08,15:25:41.772481,617810,4294,16.1025,4432,16.62,9180,20.655,0
2026-04-08,15:25:41.772481,617842,4298,16.1175,4434,16.6275,9180,20.655,0
2026-04-08,15:25:41.772481,617873,4291,16.09125,4422,16.5825,9180,20.655,0
2026-04-08,15:25:41.772481,617905,4293,16.09875,4429,16.60875,9179,20.65275,0
2026-04-08,15:25:41.772481,617936,4288,16.08,4421,16.57875,9179,20.65275,0
2026-04-08,15:25:41.772481,617967,4293,16.09875,4420,16.575,9179,20.65275,0
2026-04-08,15:25:41.772481,617999,4294,16.1025,4427,16.60125,9180,20.655,0
2026-04-08,15:25:41.772481,618030,4297,16.11375,4426,16.5975,9180,20.655,0
2026-04-08,15:25:42.679419,618156,4292,16.095,4434,16.6275,9178,20.6505,0
2026-04-08,15:25:42.679419,618288,4293,16.09875,4434,16.6275,9177,20.64825,0
2026-04-08,15:25:42.679419,618320,4298,16.1175,4424,16.59,9181,20.65725,0
2026-04-08,15:25:42.679419,618352,4296,16.11,4424,16.59,9179,20.65275,0
2026-04-08,15:25:42.679419,618383,4301,16.12875,4437,16.63875,9179,20.65275,0
2026-04-08,15:25:42.679419,618415,4292,16.095,4434,16.6275,9179,20.65275,0
2026-04-08,15:25:42.679419,618446,4291,16.09125,4429,16.60875,9177,20.64825,0
2026-04-08,15:25:42.679419,618478,4298,16.1175,4424,16.59,9178,20.6505,0
2026-04-08,15:25:42.679419,618509,4295,16.10625,4423,16.58625,9178,20.6505,0
2026-04-08,15:25:42.679419,618541,4290,16.0875,4427,16.60125,9178,20.6505,0
2026-04-08,15:25:42.679419,618572,4296,16.11,4435,16.63125,9178,20.6505,0
2026-04-08,15:25:42.679419,618603,4297,16.11375,4428,16.605,9179,20.65275,0
2026-04-08,15:25:42.679419,618635,4299,16.12125,4432,16.62,9178,20.6505,0
2026-04-08,15:25:42.679419,618666,4288,16.08,4430,16.6125,9178,20.6505,0
2026-04-08,15:25:42.679419,618697,4293,16.09875,4432,16.62,9178,20.6505,0
2026-04-08,15:25:42.679419,618729,4297,16.11375,4428,16.605,9177,20.64825,0
2026-04-08,15:25:42.679419,618761,4288,16.08,4429,16.60875,9177,20.64825,0
2026-04-08,15:25:42.679419,618792,4299,16.12125,4424,16.59,9179,20.65275,0
2026-04-08,15:25:42.679419,618824,4296,16.11,4425,16.59375,9179,20.65275,0
2026-04-08,15:25:42.679419,618855,4296,16.11,4430,16.6125,9178,20.6505,0
2026-04-08,15:25:43.512277,619063,4297,16.11375,4421,16.57875,9179,20.65275,0
2026-04-08,15:25:43.512277,619195,4293,16.09875,4422,16.5825,9178,20.6505,0
2026-04-08,15:25:43.512277,619226,4298,16.1175,4427,16.60125,9176,20.646,0
2026-04-08,15:25:43.512277,619258,4296,16.11,4429,16.60875,9177,20.64825,0
2026-04-08,15:25:43.512277,619290,4289,16.08375,4428,16.605,9178,20.6505,0
2026-04-08,15:25:43.512277,619321,4293,16.09875,4435,16.63125,9177,20.64825,0
2026-04-08,15:25:43.512277,619353,4289,16.08375,4429,16.60875,9177,20.64825,0
2026-04-08,15:25:43.512277,619384,4294,16.1025,4433,16.62375,9176,20.646,0
2026-04-08,15:25:43.512277,619415,4289,16.08375,4432,16.62,9176,20.646,0
2026-04-08,15:25:43.512277,619447,4289,16.08375,4429,16.60875,9175,20.64375,0
2026-04-08,15:25:43.512277,619478,4288,16.08,4429,16.60875,9177,20.64825,0
2026-04-08,15:25:43.512277,619510,4295,16.10625,4427,16.60125,9176,20.646,0
2026-04-08,15:25:43.512277,619541,4285,16.06875,4427,16.60125,9176,20.646,0
2026-04-08,15:25:43.512277,619573,4295,16.10625,4423,16.58625,9176,20.646,0
2026-04-08,15:25:43.512277,619604,4294,16.1025,4427,16.60125,9176,20.646,0
2026-04-08,15:25:43.512277,619635,4295,16.10625,4427,16.60125,9176,20.646,0
2026-04-08,15:25:43.512277,619667,4295,16.10625,4425,16.59375,9176,20.646,0
2026-04-08,15:25:43.512277,619698,4301,16.12875,4434,16.6275,9177,20.64825,0
2026-04-08,15:25:43.512277,619730,4298,16.1175,4439,16.64625,9177,20.64825,0
2026-04-08,15:25:43.512277,619761,4299,16.12125,4433,16.62375,9176,20.646,0
2026-04-08,15:25:44.435645,619893,4301,16.12875,4427,16.60125,9175,20.64375,0
2026-04-08,15:25:44.435645,620024,4298,16.1175,4427,16.60125,9177,20.64825,0
2026-04-08,15:25:44.435645,620056,4292,16.095,4433,16.62375,9176,20.646,0
2026-04-08,15:25:44.435645,620088,4301,16.12875,4431,16.61625,9174,20.6415,0
2026-04-08,15:25:44.435645,620119,4298,16.1175,4428,16.605,9178,20.6505,0
2026-04-08,15:25:44.435645,620150,4295,16.10625,4420,16.575,9176,20.646,0
2026-04-08,15:25:44.435645,620182,4294,16.1025,4429,16.60875,9175,20.64375,0
2026-04-08,15:25:44.435645,620214,4284,16.065,4429,16.60875,9176,20.646,0
2026-04-08,15:25:44.435645,620245,4294,16.1025,4432,16.62,9175,20.64375,0
2026-04-08,15:25:44.435645,620277,4295,16.10625,4423,16.58625,9175,20.64375,0
2026-04-08,15:25:44.435645,620308,4291,16.09125,4431,16.61625,9176,20.646,0
2026-04-08,15:25:44.435645,620339,4300,16.125,4425,16.59375,9175,20.64375,0
2026-04-08,15:25:44.435645,620371,4289,16.08375,4428,16.605,9175,20.64375,0
2026-04-08,15:25:44.435645,620402,4289,16.08375,4431,16.61625,9176,20.646,0
2026-04-08,15:25:44.435645,620433,4290,16.0875,4427,16.60125,9175,20.64375,0
2026-04-08,15:25:44.435645,620465,4298,16.1175,4433,16.62375,9174,20.6415,0
2026-04-08,15:25:44.435645,620497,4297,16.11375,4431,16.61625,9175,20.64375,0
2026-04-08,15:25:44.435645,620528,4297,16.11375,4437,16.63875,9174,20.6415,0
2026-04-08,15:25:44.435645,620559,4296,16.11,4430,16.6125,9175,20.64375,0
2026-04-08,15:25:44.435645,620591,4305,16.14375,4442,16.6575,9175,20.64375,0
2026-04-08,15:25:48.418541,620894,4292,16.095,4432,16.62,9174,20.6415,0
2026-04-08,15:25:48.418541,621026,4294,16.1025,4429,16.60875,9175,20.64375,0
2026-04-08,15:25:48.418541,621057,4295,16.10625,4436,16.635,9175,20.64375,0
2026-04-08,15:25:48.418541,621090,4299,16.12125,4427,16.60125,9174,20.6415,0
2026-04-08,15:25:48.418541,621121,4297,16.11375,4434,16.6275,9174,20.6415,0
2026-04-08,15:25:48.418541,621152,4300,16.125,4433,16.62375,9174,20.6415,0
2026-04-08,15:25:48.418541,621184,4296,16.11,4430,16.6125,9174,20.6415,0
2026-04-08,15:25:48.418541,621217,4302,16.1325,4429,16.60875,9174,20.6415,0
2026-04-08,15:25:48.418541,621249,4297,16.11375,4437,16.63875,9174,20.6415,0
2026-04-08,15:25:48.418541,621281,4300,16.125,4420,16.575,9174,20.6415,0
2026-04-08,15:25:48.418541,621312,4294,16.1025,4435,16.63125,9173,20.63925,0
2026-04-08,15:25:48.418541,621343,4286,16.0725,4431,16.61625,9174,20.6415,0
2026-04-08,15:25:48.418541,621375,4294,16.1025,4428,16.605,9172,20.637,0
2026-04-08,15:25:48.418541,621407,4289,16.08375,4427,16.60125,9173,20.63925,0
2026-04-08,15:25:48.418541,621438,4294,16.1025,4433,16.62375,9173,20.63925,0
2026-04-08,15:25:48.418541,621470,4291,16.09125,4428,16.605,9173,20.63925,0
2026-04-08,15:25:48.418541,621502,4294,16.1025,4428,16.605,9173,20.63925,0
2026-04-08,15:25:48.418541,621534,4290,16.0875,4435,16.63125,9172,20.637,0
2026-04-08,15:25:48.418541,621566,4292,16.095,4442,16.6575,9174,20.6415,0
2026-04-08,15:25:48.418541,621598,4292,16.095,4442,16.6575,9172,20.637,0
2026-04-08,15:25:49.337503,624799,4295,16.10625,4423,16.58625,9167,20.62575,0
2026-04-08,15:25:49.337503,624932,4291,16.09125,4424,16.59,9167,20.62575,0
2026-04-08,15:25:49.337503,624963,4291,16.09125,4427,16.60125,9167,20.62575,0
2026-04-08,15:25:49.337503,624995,4291,16.09125,4437,16.63875,9167,20.62575,0
2026-04-08,15:25:49.337503,625026,4296,16.11,4430,16.6125,9167,20.62575,0
2026-04-08,15:25:49.337503,625058,4296,16.11,4428,16.605,9168,20.628,0
2026-04-08,15:25:49.337503,625090,4291,16.09125,4423,16.58625,9166,20.6235,0
2026-04-08,15:25:49.337503,625121,4296,16.11,4432,16.62,9167,20.62575,0
2026-04-08,15:25:49.337503,625152,4291,16.09125,4420,16.575,9167,20.62575,0
2026-04-08,15:25:49.337503,625184,4289,16.08375,4431,16.61625,9168,20.628,0
2026-04-08,15:25:49.337503,625215,4290,16.0875,4426,16.5975,9167,20.62575,0
2026-04-08,15:25:49.337503,625246,4294,16.1025,4428,16.605,9166,20.6235,0
2026-04-08,15:25:49.337503,625278,4284,16.065,4427,16.60125,9165,20.62125,0
2026-04-08,15:25:49.337503,625309,4285,16.06875,4427,16.60125,9166,20.6235,0
2026-04-08,15:25:49.337503,625341,4294,16.1025,4432,16.62,9166,20.6235,0
2026-04-08,15:25:49.337503,625372,4289,16.08375,4426,16.5975,9165,20.62125,0
2026-04-08,15:25:49.337503,625404,4291,16.09125,4429,16.60875,9166,20.6235,0
2026-04-08,15:25:49.337503,625435,4290,16.0875,4419,16.57125,9165,20.62125,0
2026-04-08,15:25:49.337503,625466,4286,16.0725,4426,16.5975,9166,20.6235,0
2026-04-08,15:25:49.337503,625498,4294,16.1025,4424,16.59,9165,20.62125,0
2026-04-08,15:25:55.501903,625727,4286,16.0725,4424,16.59,9165,20.62125,0
2026-04-08,15:25:55.501903,625859,4287,16.07625,4427,16.60125,9165,20.62125,0
2026-04-08,15:25:55.501903,625891,4294,16.1025,4435,16.63125,9165,20.62125,0
2026-04-08,15:25:55.501903,625923,4294,16.1025,4430,16.6125,9165,20.62125,0
2026-04-08,15:25:55.501903,625954,4282,16.0575,4437,16.63875,9165,20.62125,0
2026-04-08,15:25:55.501903,625985,4293,16.09875,4430,16.6125,9164,20.619,0
2026-04-08,15:25:55.501903,626017,4284,16.065,4425,16.59375,9166,20.6235,0
2026-04-08,15:25:55.501903,626048,4288,16.08,4429,16.60875,9165,20.62125,0
2026-04-08,15:25:55.501903,626079,4289,16.08375,4430,16.6125,9166,20.6235,0
2026-04-08,15:25:55.501903,626111,4288,16.08,4432,16.62,9166,20.6235,0
2026-04-08,15:25:55.501903,626143,4288,16.08,4427,16.60125,9165,20.62125,0
2026-04-08,15:25:55.501903,626174,4290,16.0875,4434,16.6275,9165,20.62125,0
2026-04-08,15:25:55.501903,626206,4284,16.065,4431,16.61625,9165,20.62125,0
2026-04-08,15:25:55.501903,626237,4290,16.0875,4425,16.59375,9164,20.619,0
2026-04-08,15:25:55.501903,626268,4293,16.09875,4426,16.5975,9165,20.62125,0
2026-04-08,15:25:55.501903,626300,4296,16.11,4425,16.59375,9164,20.619,0
2026-04-08,15:25:55.501903,626331,4290,16.0875,4428,16.605,9166,20.6235,0
2026-04-08,15:25:55.501903,626362,4294,16.1025,4430,16.6125,9164,20.619,0
2026-04-08,15:25:55.501903,626394,4292,16.095,4430,16.6125,9166,20.6235,0
2026-04-08,15:25:55.501903,626426,4289,16.08375,4432,16.62,9165,20.62125,0
2026-04-08,15:25:55.501903,631012,4284,16.065,4416,16.56,9155,20.59875,0
2026-04-08,15:25:55.501903,631143,4283,16.06125,4422,16.5825,9155,20.59875,0
2026-04-08,15:25:55.501903,631175,4279,16.04625,4422,16.5825,9155,20.59875,0
2026-04-08,15:25:55.501903,631206,4287,16.07625,4431,16.61625,9155,20.59875,0
2026-04-08,15:25:55.501903,631238,4282,16.0575,4424,16.59,9155,20.59875,0
2026-04-08,15:25:55.501903,631269,4285,16.06875,4428,16.605,9154,20.5965,0
2026-04-08,15:25:55.501903,631300,4290,16.0875,4424,16.59,9156,20.601,0
2026-04-08,15:25:55.501903,631332,4286,16.0725,4421,16.57875,9154,20.5965,0
2026-04-08,15:25:55.501903,631363,4282,16.0575,4434,16.6275,9154,20.5965,0
2026-04-08,15:25:55.501903,631395,4287,16.07625,4429,16.60875,9154,20.5965,0
2026-04-08,15:25:55.501903,631426,4293,16.09875,4426,16.5975,9154,20.5965,0
2026-04-08,15:25:55.501903,631458,4291,16.09125,4417,16.56375,9154,20.5965,0
2026-04-08,15:25:55.501903,631489,4281,16.05375,4425,16.59375,9155,20.59875,0
2026-04-08,15:25:55.501903,631521,4286,16.0725,4428,16.605,9154,20.5965,0
2026-04-08,15:25:55.501903,631552,4289,16.08375,4419,16.57125,9154,20.5965,0
2026-04-08,15:25:55.501903,631583,4293,16.09875,4420,16.575,9154,20.5965,0
2026-04-08,15:25:55.501903,631614,4293,16.09875,4415,16.55625,9155,20.59875,0
2026-04-08,15:25:55.501903,631646,4285,16.06875,4428,16.605,9155,20.59875,0
2026-04-08,15:25:55.501903,631678,4288,16.08,4432,16.62,9154,20.5965,0
2026-04-08,15:25:55.501903,631709,4290,16.0875,4427,16.60125,9154,20.5965,0
2026-04-08,15:25:56.338830,631891,4291,16.09125,4429,16.60875,9153,20.59425,0
2026-04-08,15:25:56.338830,632023,4288,16.08,4417,16.56375,9154,20.5965,0
2026-04-08,15:25:56.338830,632056,4286,16.0725,4435,16.63125,9153,20.59425,0
2026-04-08,15:25:56.338830,632087,4285,16.06875,4425,16.59375,9154,20.5965,0
2026-04-08,15:25:56.338830,632119,4290,16.0875,4424,16.59,9154,20.5965,0
2026-04-08,15:25:56.338830,632150,4281,16.05375,4424,16.59,9152,20.592,0
2026-04-08,15:25:56.338830,632183,4281,16.05375,4422,16.5825,9153,20.59425,0
2026-04-08,15:25:56.338830,632215,4288,16.08,4423,16.58625,9153,20.59425,0
2026-04-08,15:25:56.338830,632247,4282,16.0575,4417,16.56375,9152,20.592,0
2026-04-08,15:25:56.338830,632279,4279,16.04625,4423,16.58625,9153,20.59425,0
2026-04-08,15:25:56.338830,632310,4285,16.06875,4430,16.6125,9154,20.5965,0
2026-04-08,15:25:56.338830,632343,4286,16.0725,4424,16.59,9153,20.59425,0
2026-04-08,15:25:56.338830,632376,4283,16.06125,4430,16.6125,9152,20.592,0
2026-04-08,15:25:56.338830,632408,4289,16.08375,4429,16.60875,9152,20.592,0
2026-04-08,15:25:56.338830,632441,4284,16.065,4428,16.605,9151,20.58975,0
2026-04-08,15:25:56.338830,632473,4286,16.0725,4425,16.59375,9153,20.59425,0
2026-04-08,15:25:56.338830,632504,4284,16.065,4426,16.5975,9151,20.58975,0
2026-04-08,15:25:56.338830,632536,4280,16.05,4427,16.60125,9153,20.59425,0
2026-04-08,15:25:56.338830,632568,4287,16.07625,4424,16.59,9152,20.592,0
2026-04-08,15:25:56.338830,632600,4283,16.06125,4426,16.5975,9152,20.592,0
2026-04-08,15:25:57.133741,632719,4287,16.07625,4429,16.60875,9151,20.58975,0
2026-04-08,15:25:57.133741,632852,4282,16.0575,4431,16.61625,9153,20.59425,0
2026-04-08,15:25:57.133741,632883,4281,16.05375,4424,16.59,9152,20.592,0
2026-04-08,15:25:57.133741,632915,4288,16.08,4433,16.62375,9152,20.592,0
2026-04-08,15:25:57.133741,632946,4290,16.0875,4428,16.605,9152,20.592,0
2026-04-08,15:25:57.133741,632978,4289,16.08375,4426,16.5975,9152,20.592,0
2026-04-08,15:25:57.133741,633009,4294,16.1025,4430,16.6125,9151,20.58975,0
2026-04-08,15:25:57.133741,633040,4286,16.0725,4429,16.60875,9151,20.58975,0
2026-04-08,15:25:57.133741,633072,4285,16.06875,4435,16.63125,9150,20.5875,0
2026-04-08,15:25:57.133741,633104,4284,16.065,4427,16.60125,9151,20.58975,0
2026-04-08,15:25:57.133741,633135,4286,16.0725,4424,16.59,9151,20.58975,0
2026-04-08,15:25:57.133741,633167,4290,16.0875,4423,16.58625,9151,20.58975,0
2026-04-08,15:25:57.133741,633198,4288,16.08,4430,16.6125,9152,20.592,0
2026-04-08,15:25:57.133741,633229,4288,16.08,4430,16.6125,9151,20.58975,0
2026-04-08,15:25:57.133741,633261,4285,16.06875,4429,16.60875,9150,20.5875,0
2026-04-08,15:25:57.133741,633292,4289,16.08375,4430,16.6125,9151,20.58975,0
2026-04-08,15:25:57.133741,633323,4291,16.09125,4427,16.60125,9150,20.5875,0
2026-04-08,15:25:57.133741,633355,4290,16.0875,4423,16.58625,9151,20.58975,0
2026-04-08,15:25:57.133741,633386,4291,16.09125,4425,16.59375,9152,20.592,0
2026-04-08,15:25:57.133741,633418,4285,16.06875,4420,16.575,9150,20.5875,0
2026-04-08,15:25:58.041724,633519,4290,16.0875,4418,16.5675,9151,20.58975,0
2026-04-08,15:25:58.041724,633651,4290,16.0875,4416,16.56,9151,20.58975,0
2026-04-08,15:25:58.041724,633683,4287,16.07625,4422,16.5825,9150,20.5875,0
2026-04-08,15:25:58.041724,633715,4285,16.06875,4425,16.59375,9150,20.5875,0
2026-04-08,15:25:58.041724,633746,4288,16.08,4420,16.575,9149,20.58525,0
2026-04-08,15:25:58.041724,633778,4278,16.0425,4430,16.6125,9149,20.58525,0
2026-04-08,15:25:58.041724,633809,4283,16.06125,4427,16.60125,9150,20.5875,0
2026-04-08,15:25:58.041724,633840,4282,16.0575,4429,16.60875,9150,20.5875,0
2026-04-08,15:25:58.041724,633872,4285,16.06875,4418,16.5675,9150,20.5875,0
2026-04-08,15:25:58.041724,633903,4283,16.06125,4427,16.60125,9150,20.5875,0
2026-04-08,15:25:58.041724,633935,4284,16.065,4429,16.60875,9150,20.5875,0
2026-04-08,15:25:58.041724,633966,4281,16.05375,4420,16.575,9150,20.5875,0
2026-04-08,15:25:58.041724,633998,4291,16.09125,4425,16.59375,9151,20.58975,0
2026-04-08,15:25:58.041724,634029,4284,16.065,4421,16.57875,9148,20.583,0
2026-04-08,15:25:58.041724,634060,4285,16.06875,4424,16.59,9149,20.58525,0
2026-04-08,15:25:58.041724,634092,4280,16.05,4421,16.57875,9149,20.58525,0
2026-04-08,15:25:58.041724,634123,4289,16.08375,4417,16.56375,9150,20.5875,0
2026-04-08,15:25:58.041724,634155,4281,16.05375,4423,16.58625,9150,20.5875,0
2026-04-08,15:25:58.041724,634186,4281,16.05375,4430,16.6125,9150,20.5875,0
2026-04-08,15:25:58.041724,634218,4282,16.0575,4426,16.5975,9150,20.5875,0
2026-04-08,15:25:58.972515,634428,4286,16.0725,4422,16.5825,9149,20.58525,0
2026-04-08,15:25:58.972515,634560,4284,16.065,4426,16.5975,9147,20.58075,0
2026-04-08,15:25:58.972515,634593,4285,16.06875,4427,16.60125,9149,20.58525,0
2026-04-08,15:25:58.972515,634624,4280,16.05,4421,16.57875,9148,20.583,0
2026-04-08,15:25:58.972515,634655,4290,16.0875,4421,16.57875,9150,20.5875,0
2026-04-08,15:25:58.972515,634686,4286,16.0725,4419,16.57125,9147,20.58075,0
2026-04-08,15:25:58.972515,634718,4283,16.06125,4418,16.5675,9146,20.5785,0
2026-04-08,15:25:58.972515,634749,4288,16.08,4420,16.575,9148,20.583,0
2026-04-08,15:25:58.972515,634781,4286,16.0725,4419,16.57125,9148,20.583,0
2026-04-08,15:25:58.972515,634812,4284,16.065,4425,16.59375,9148,20.583,0
2026-04-08,15:25:58.972515,634844,4280,16.05,4417,16.56375,9148,20.583,0
2026-04-08,15:25:58.972515,634875,4279,16.04625,4418,16.5675,9147,20.58075,0
2026-04-08,15:25:58.972515,634907,4276,16.035,4427,16.60125,9147,20.58075,0
2026-04-08,15:25:58.972515,634938,4281,16.05375,4424,16.59,9148,20.583,0
2026-04-08,15:25:58.972515,634969,4277,16.03875,4416,16.56,9147,20.58075,0
2026-04-08,15:25:58.972515,635000,4284,16.065,4421,16.57875,9147,20.58075,0
2026-04-08,15:25:58.972515,635032,4283,16.06125,4418,16.5675,9148,20.583,0
2026-04-08,15:25:58.972515,635063,4282,16.0575,4422,16.5825,9147,20.58075,0
2026-04-08,15:25:58.972515,635095,4282,16.0575,4425,16.59375,9147,20.58075,0
2026-04-08,15:25:58.972515,635126,4285,16.06875,4429,16.60875,9148,20.583,0
2026-04-08,15:25:59.889798,635352,4284,16.065,4426,16.5975,9147,20.58075,0
2026-04-08,15:25:59.889798,635485,4284,16.065,4421,16.57875,9146,20.5785,0
2026-04-08,15:25:59.889798,635517,4284,16.065,4417,16.56375,9148,20.583,0
2026-04-08,15:25:59.889798,635548,4287,16.07625,4416,16.56,9147,20.58075,0
2026-04-08,15:25:59.889798,635580,4287,16.07625,4423,16.58625,9148,20.583,0
2026-04-08,15:25:59.889798,635611,4281,16.05375,4426,16.5975,9148,20.583,0
2026-04-08,15:25:59.889798,635643,4280,16.05,4424,16.59,9147,20.58075,0
2026-04-08,15:25:59.889798,635674,4288,16.08,4416,16.56,9145,20.57625,0
2026-04-08,15:25:59.889798,635705,4283,16.06125,4425,16.59375,9146,20.5785,0
2026-04-08,15:25:59.889798,635737,4286,16.0725,4415,16.55625,9146,20.5785,0
2026-04-08,15:25:59.889798,635769,4287,16.07625,4422,16.5825,9145,20.57625,0
2026-04-08,15:25:59.889798,635800,4286,16.0725,4420,16.575,9147,20.58075,0
2026-04-08,15:25:59.889798,635831,4281,16.05375,4428,16.605,9145,20.57625,0
2026-04-08,15:25:59.889798,635863,4285,16.06875,4416,16.56,9145,20.57625,0
2026-04-08,15:25:59.889798,635894,4278,16.0425,4429,16.60875,9146,20.5785,0
2026-04-08,15:25:59.889798,635926,4281,16.05375,4427,16.60125,9146,20.5785,0
2026-04-08,15:25:59.889798,635957,4287,16.07625,4430,16.6125,9145,20.57625,0
2026-04-08,15:25:59.889798,635988,4279,16.04625,4421,16.57875,9146,20.5785,0
2026-04-08,15:25:59.889798,636020,4280,16.05,4424,16.59,9144,20.574,0
2026-04-08,15:25:59.889798,636051,4273,16.02375,4429,16.60875,9146,20.5785,0
2026-04-08,15:26:00.716067,636291,4280,16.05,4424,16.59,9146,20.5785,0
2026-04-08,15:26:00.716067,636424,4276,16.035,4420,16.575,9144,20.574,0
2026-04-08,15:26:00.716067,636457,4283,16.06125,4418,16.5675,9144,20.574,0
2026-04-08,15:26:00.716067,636488,4276,16.035,4421,16.57875,9145,20.57625,0
2026-04-08,15:26:00.716067,636519,4285,16.06875,4420,16.575,9146,20.5785,0
2026-04-08,15:26:00.716067,636551,4279,16.04625,4420,16.575,9144,20.574,0
2026-04-08,15:26:00.716067,636582,4284,16.065,4417,16.56375,9145,20.57625,0
2026-04-08,15:26:00.716067,636613,4271,16.01625,4420,16.575,9143,20.57175,0
2026-04-08,15:26:00.716067,636645,4273,16.02375,4417,16.56375,9143,20.57175,0
2026-04-08,15:26:00.716067,636677,4278,16.0425,4422,16.5825,9144,20.574,0
2026-04-08,15:26:00.716067,636708,4279,16.04625,4411,16.54125,9144,20.574,0
2026-04-08,15:26:00.716067,636739,4283,16.06125,4420,16.575,9143,20.57175,0
2026-04-08,15:26:00.716067,636771,4283,16.06125,4421,16.57875,9144,20.574,0
2026-04-08,15:26:00.716067,636802,4284,16.065,4417,16.56375,9144,20.574,0
2026-04-08,15:26:00.716067,636833,4283,16.06125,4416,16.56,9143,20.57175,0
2026-04-08,15:26:00.716067,636865,4282,16.0575,4420,16.575,9144,20.574,0
2026-04-08,15:26:00.716067,636896,4284,16.065,4425,16.59375,9143,20.57175,0
2026-04-08,15:26:00.716067,636927,4284,16.065,4418,16.5675,9144,20.574,0
2026-04-08,15:26:00.716067,636959,4281,16.05375,4417,16.56375,9143,20.57175,0
2026-04-08,15:26:00.716067,636991,4284,16.065,4424,16.59,9143,20.57175,0
2026-04-08,15:26:01.556671,637103,4279,16.04625,4420,16.575,9143,20.57175,0
2026-04-08,15:26:01.556671,637235,4286,16.0725,4426,16.5975,9143,20.57175,0
2026-04-08,15:26:01.556671,637267,4281,16.05375,4427,16.60125,9141,20.56725,0
2026-04-08,15:26:01.556671,637299,4281,16.05375,4420,16.575,9142,20.5695,0
2026-04-08,15:26:01.556671,637330,4285,16.06875,4416,16.56,9143,20.57175,0
2026-04-08,15:26:01.556671,637361,4284,16.065,4416,16.56,9142,20.5695,0
2026-04-08,15:26:01.556671,637393,4279,16.04625,4418,16.5675,9143,20.57175,0
2026-04-08,15:26:01.556671,637424,4277,16.03875,4418,16.5675,9142,20.5695,0
2026-04-08,15:26:01.556671,637455,4280,16.05,4425,16.59375,9143,20.57175,0
2026-04-08,15:26:01.556671,637487,4286,16.0725,4421,16.57875,9143,20.57175,0
2026-04-08,15:26:01.556671,637518,4284,16.065,4417,16.56375,9142,20.5695,0
2026-04-08,15:26:01.556671,637550,4283,16.06125,4429,16.60875,9144,20.574,0
2026-04-08,15:26:01.556671,637581,4290,16.0875,4423,16.58625,9144,20.574,0
2026-04-08,15:26:01.556671,637613,4279,16.04625,4423,16.58625,9143,20.57175,0
2026-04-08,15:26:01.556671,637644,4279,16.04625,4420,16.575,9143,20.57175,0
2026-04-08,15:26:01.556671,637676,4279,16.04625,4418,16.5675,9143,20.57175,0
2026-04-08,15:26:01.556671,637707,4276,16.035,4412,16.545,9141,20.56725,0
2026-04-08,15:26:01.556671,637738,4282,16.0575,4412,16.545,9141,20.56725,0
2026-04-08,15:26:01.556671,637770,4286,16.0725,4416,16.56,9142,20.5695,0
2026-04-08,15:26:01.556671,637801,4276,16.035,4417,16.56375,9143,20.57175,0
2026-04-08,15:26:05.428078,637995,4283,16.06125,4415,16.55625,9141,20.56725,0
2026-04-08,15:26:05.428078,638127,4276,16.035,4418,16.5675,9142,20.5695,0
2026-04-08,15:26:05.428078,638159,4283,16.06125,4416,16.56,9141,20.56725,0
2026-04-08,15:26:05.428078,638191,4280,16.05,4420,16.575,9141,20.56725,0
2026-04-08,15:26:05.428078,638222,4286,16.0725,4423,16.58625,9142,20.5695,0
2026-04-08,15:26:05.428078,638253,4284,16.065,4415,16.55625,9141,20.56725,0
2026-04-08,15:26:05.428078,638285,4283,16.06125,4420,16.575,9140,20.565,0
2026-04-08,15:26:05.428078,638316,4288,16.08,4418,16.5675,9141,20.56725,0
2026-04-08,15:26:05.428078,638347,4278,16.0425,4420,16.575,9141,20.56725,0
2026-04-08,15:26:05.428078,638379,4275,16.03125,4424,16.59,9141,20.56725,0
2026-04-08,15:26:05.428078,638411,4288,16.08,4429,16.60875,9140,20.565,0
2026-04-08,15:26:05.428078,638442,4283,16.06125,4431,16.61625,9141,20.56725,0
2026-04-08,15:26:05.428078,638473,4280,16.05,4421,16.57875,9140,20.565,0
2026-04-08,15:26:05.428078,638505,4278,16.0425,4420,16.575,9140,20.565,0
2026-04-08,15:26:05.428078,638536,4281,16.05375,4426,16.5975,9141,20.56725,0
2026-04-08,15:26:05.428078,638567,4287,16.07625,4420,16.575,9139,20.56275,0
2026-04-08,15:26:05.428078,638599,4284,16.065,4420,16.575,9140,20.565,0
2026-04-08,15:26:05.428078,638630,4285,16.06875,4413,16.54875,9141,20.56725,0
2026-04-08,15:26:05.428078,638662,4282,16.0575,4421,16.57875,9141,20.56725,0
2026-04-08,15:26:05.428078,638693,4282,16.0575,4419,16.57125,9141,20.56725,0
2026-04-08,15:26:06.244347,641817,4281,16.05375,4414,16.5525,9135,20.55375,0
2026-04-08,15:26:06.244347,641949,4282,16.0575,4423,16.58625,9134,20.5515,0
2026-04-08,15:26:06.244347,641982,4274,16.0275,4417,16.56375,9134,20.5515,0
2026-04-08,15:26:06.244347,642015,4275,16.03125,4411,16.54125,9132,20.547,0
2026-04-08,15:26:06.244347,642046,4278,16.0425,4421,16.57875,9134,20.5515,0
2026-04-08,15:26:06.244347,642079,4279,16.04625,4416,16.56,9133,20.54925,0
2026-04-08,15:26:06.244347,642110,4275,16.03125,4415,16.55625,9133,20.54925,0
2026-04-08,15:26:06.244347,642141,4282,16.0575,4424,16.59,9132,20.547,0
2026-04-08,15:26:06.244347,642173,4276,16.035,4421,16.57875,9133,20.54925,0
2026-04-08,15:26:06.244347,642205,4281,16.05375,4421,16.57875,9134,20.5515,0
2026-04-08,15:26:06.244347,642237,4275,16.03125,4424,16.59,9133,20.54925,0
2026-04-08,15:26:06.244347,642268,4280,16.05,4415,16.55625,9133,20.54925,0
2026-04-08,15:26:06.244347,642300,4274,16.0275,4414,16.5525,9133,20.54925,0
2026-04-08,15:26:06.244347,642331,4277,16.03875,4418,16.5675,9133,20.54925,0
2026-04-08,15:26:06.244347,642362,4277,16.03875,4415,16.55625,9133,20.54925,0
2026-04-08,15:26:06.244347,642394,4280,16.05,4417,16.56375,9133,20.54925,0
2026-04-08,15:26:06.244347,642427,4280,16.05,4417,16.56375,9132,20.547,0
2026-04-08,15:26:06.244347,642458,4277,16.03875,4416,16.56,9133,20.54925,0
2026-04-08,15:26:06.244347,642490,4279,16.04625,4418,16.5675,9133,20.54925,0
2026-04-08,15:26:06.244347,642522,4275,16.03125,4411,16.54125,9133,20.54925,0
2026-04-08,15:26:07.175719,642705,4278,16.0425,4415,16.55625,9132,20.547,0
2026-04-08,15:26:07.175719,642837,4278,16.0425,4418,16.5675,9132,20.547,0
2026-04-08,15:26:07.175719,642869,4278,16.0425,4416,16.56,9132,20.547,0
2026-04-08,15:26:07.175719,642901,4282,16.0575,4416,16.56,9132,20.547,0
2026-04-08,15:26:07.175719,642933,4273,16.02375,4416,16.56,9133,20.54925,0
2026-04-08,15:26:07.175719,642965,4275,16.03125,4414,16.5525,9132,20.547,0
2026-04-08,15:26:07.175719,642998,4273,16.02375,4425,16.59375,9132,20.547,0
2026-04-08,15:26:07.175719,643030,4282,16.0575,4414,16.5525,9131,20.54475,0
2026-04-08,15:26:07.175719,643061,4271,16.01625,4419,16.57125,9131,20.54475,0
2026-04-08,15:26:07.175719,643093,4280,16.05,4417,16.56375,9132,20.547,0
2026-04-08,15:26:07.175719,643125,4275,16.03125,4420,16.575,9132,20.547,0
2026-04-08,15:26:07.175719,643156,4276,16.035,4417,16.56375,9131,20.54475,0
2026-04-08,15:26:07.175719,643188,4273,16.02375,4414,16.5525,9132,20.547,0
2026-04-08,15:26:07.175719,643220,4280,16.05,4417,16.56375,9131,20.54475,0
2026-04-08,15:26:07.175719,643251,4280,16.05,4419,16.57125,9131,20.54475,0
2026-04-08,15:26:07.175719,643282,4273,16.02375,4422,16.5825,9132,20.547,0
2026-04-08,15:26:07.175719,643314,4277,16.03875,4414,16.5525,9131,20.54475,0
2026-04-08,15:26:07.175719,643345,4286,16.0725,4413,16.54875,9131,20.54475,0
2026-04-08,15:26:07.175719,643376,4283,16.06125,4420,16.575,9131,20.54475,0
2026-04-08,15:26:07.175719,643408,4281,16.05375,4414,16.5525,9132,20.547,0
2026-04-08,15:26:10.150859,643563,4275,16.03125,4418,16.5675,9130,20.5425,0
2026-04-08,15:26:10.150859,643695,4271,16.01625,4415,16.55625,9130,20.5425,0
2026-04-08,15:26:10.150859,643727,4273,16.02375,4417,16.56375,9130,20.5425,0
2026-04-08,15:26:10.150859,643759,4274,16.0275,4422,16.5825,9131,20.54475,0
2026-04-08,15:26:10.150859,643790,4277,16.03875,4417,16.56375,9131,20.54475,0
2026-04-08,15:26:10.150859,643823,4272,16.02,4417,16.56375,9129,20.54025,0
2026-04-08,15:26:10.150859,643855,4272,16.02,4420,16.575,9130,20.5425,0
2026-04-08,15:26:10.150859,643886,4277,16.03875,4413,16.54875,9130,20.5425,0
2026-04-08,15:26:10.150859,643918,4279,16.04625,4413,16.54875,9130,20.5425,0
2026-04-08,15:26:10.150859,643949,4274,16.0275,4415,16.55625,9130,20.5425,0
2026-04-08,15:26:10.150859,643980,4277,16.03875,4416,16.56,9129,20.54025,0
2026-04-08,15:26:10.150859,644012,4283,16.06125,4405,16.51875,9129,20.54025,0
2026-04-08,15:26:10.150859,644043,4280,16.05,4413,16.54875,9131,20.54475,0
2026-04-08,15:26:10.150859,644075,4276,16.035,4414,16.5525,9130,20.5425,0
2026-04-08,15:26:10.150859,644106,4275,16.03125,4414,16.5525,9130,20.5425,0
2026-04-08,15:26:10.150859,644138,4279,16.04625,4417,16.56375,9130,20.5425,0
2026-04-08,15:26:10.150859,644169,4284,16.065,4423,16.58625,9129,20.54025,0
2026-04-08,15:26:10.150859,644200,4288,16.08,4420,16.575,9130,20.5425,0
2026-04-08,15:26:10.150859,644232,4286,16.0725,4417,16.56375,9130,20.5425,0
2026-04-08,15:26:10.150859,644263,4286,16.0725,4427,16.60125,9131,20.54475,0
2026-04-08,15:26:10.150859,645663,4276,16.035,4417,16.56375,9126,20.5335,0
2026-04-08,15:26:10.150859,645794,4274,16.0275,4410,16.5375,9126,20.5335,0
2026-04-08,15:26:10.150859,645825,4267,16.00125,4415,16.55625,9125,20.53125,0
2026-04-08,15:26:10.150859,645857,4274,16.0275,4415,16.55625,9127,20.53575,0
2026-04-08,15:26:10.150859,645889,4284,16.065,4414,16.5525,9126,20.5335,0
2026-04-08,15:26:10.150859,645920,4276,16.035,4415,16.55625,9126,20.5335,0
2026-04-08,15:26:10.150859,645951,4275,16.03125,4413,16.54875,9125,20.53125,0
2026-04-08,15:26:10.150859,645983,4279,16.04625,4409,16.53375,9126,20.5335,0
2026-04-08,15:26:10.150859,646014,4277,16.03875,4411,16.54125,9126,20.5335,0
2026-04-08,15:26:10.150859,646045,4276,16.035,4422,16.5825,9126,20.5335,0
2026-04-08,15:26:10.150859,646077,4282,16.0575,4422,16.5825,9125,20.53125,0
2026-04-08,15:26:10.150859,646109,4288,16.08,4416,16.56,9124,20.529,0
2026-04-08,15:26:10.150859,646140,4282,16.0575,4408,16.53,9125,20.53125,0
2026-04-08,15:26:10.150859,646172,4283,16.06125,4414,16.5525,9126,20.5335,0
2026-04-08,15:26:10.150859,646203,4281,16.05375,4413,16.54875,9125,20.53125,0
2026-04-08,15:26:10.150859,646234,4281,16.05375,4415,16.55625,9127,20.53575,0
2026-04-08,15:26:10.150859,646266,4284,16.065,4414,16.5525,9124,20.529,0
2026-04-08,15:26:10.150859,646297,4282,16.0575,4418,16.5675,9126,20.5335,0
2026-04-08,15:26:10.150859,646329,4274,16.0275,4417,16.56375,9124,20.529,0
2026-04-08,15:26:10.150859,646360,4284,16.065,4416,16.56,9124,20.529,0
2026-04-08,15:26:10.963928,646532,4281,16.05375,4419,16.57125,9126,20.5335,0
2026-04-08,15:26:10.963928,646665,4277,16.03875,4417,16.56375,9125,20.53125,0
2026-04-08,15:26:10.963928,646697,4276,16.035,4412,16.545,9124,20.529,0
2026-04-08,15:26:10.963928,646729,4274,16.0275,4415,16.55625,9124,20.529,0
2026-04-08,15:26:10.963928,646760,4280,16.05,4423,16.58625,9125,20.53125,0
2026-04-08,15:26:10.963928,646792,4276,16.035,4422,16.5825,9125,20.53125,0
2026-04-08,15:26:10.963928,646823,4281,16.05375,4417,16.56375,9124,20.529,0
2026-04-08,15:26:10.963928,646854,4276,16.035,4425,16.59375,9125,20.53125,0
2026-04-08,15:26:10.963928,646886,4274,16.0275,4414,16.5525,9125,20.53125,0
2026-04-08,15:26:10.963928,646917,4284,16.065,4413,16.54875,9124,20.529,0
2026-04-08,15:26:10.963928,646949,4289,16.08375,4417,16.56375,9124,20.529,0
2026-04-08,15:26:10.963928,646980,4278,16.0425,4411,16.54125,9124,20.529,0
2026-04-08,15:26:10.963928,647012,4280,16.05,4415,16.55625,9124,20.529,0
2026-04-08,15:26:10.963928,647043,4284,16.065,4408,16.53,9124,20.529,0
2026-04-08,15:26:10.963928,647074,4273,16.02375,4410,16.5375,9123,20.52675,0
2026-04-08,15:26:10.963928,647106,4273,16.02375,4411,16.54125,9123,20.52675,0
2026-04-08,15:26:10.963928,647138,4276,16.035,4416,16.56,9124,20.529,0
2026-04-08,15:26:10.963928,647169,4274,16.0275,4414,16.5525,9123,20.52675,0
2026-04-08,15:26:10.963928,647201,4284,16.065,4409,16.53375,9123,20.52675,0
2026-04-08,15:26:10.963928,647232,4278,16.0425,4418,16.5675,9123,20.52675,0
2026-04-08,15:26:11.871166,647345,4278,16.0425,4414,16.5525,9122,20.5245,0
2026-04-08,15:26:11.871166,647478,4276,16.035,4413,16.54875,9122,20.5245,0
2026-04-08,15:26:11.871166,647510,4276,16.035,4412,16.545,9123,20.52675,0
2026-04-08,15:26:11.871166,647542,4281,16.05375,4419,16.57125,9123,20.52675,0
2026-04-08,15:26:11.871166,647573,4277,16.03875,4418,16.5675,9123,20.52675,0
2026-04-08,15:26:11.871166,647605,4277,16.03875,4417,16.56375,9122,20.5245,0
2026-04-08,15:26:11.871166,647636,4272,16.02,4415,16.55625,9124,20.529,0
2026-04-08,15:26:11.871166,647668,4272,16.02,4410,16.5375,9124,20.529,0
2026-04-08,15:26:11.871166,647699,4276,16.035,4404,16.515,9122,20.5245,0
2026-04-08,15:26:11.871166,647731,4285,16.06875,4411,16.54125,9122,20.5245,0
2026-04-08,15:26:11.871166,647762,4275,16.03125,4408,16.53,9122,20.5245,0
2026-04-08,15:26:11.871166,647793,4281,16.05375,4408,16.53,9124,20.529,0
2026-04-08,15:26:11.871166,647825,4270,16.0125,4414,16.5525,9122,20.5245,0
2026-04-08,15:26:11.871166,647856,4278,16.0425,4419,16.57125,9121,20.52225,0
2026-04-08,15:26:11.871166,647887,4270,16.0125,4417,16.56375,9121,20.52225,0
2026-04-08,15:26:11.871166,647919,4274,16.0275,4416,16.56,9123,20.52675,0
2026-04-08,15:26:11.871166,647951,4276,16.035,4410,16.5375,9122,20.5245,0
2026-04-08,15:26:11.871166,647982,4277,16.03875,4409,16.53375,9122,20.5245,0
2026-04-08,15:26:11.871166,648013,4278,16.0425,4413,16.54875,9122,20.5245,0
2026-04-08,15:26:11.871166,648045,4276,16.035,4416,16.56,9123,20.52675,0
2026-04-08,15:26:12.706506,648253,4271,16.01625,4414,16.5525,9120,20.52,0
2026-04-08,15:26:12.706506,648384,4271,16.01625,4422,16.5825,9121,20.52225,0
2026-04-08,15:26:12.706506,648417,4271,16.01625,4416,16.56,9122,20.5245,0
2026-04-08,15:26:12.706506,648450,4273,16.02375,4412,16.545,9121,20.52225,0
2026-04-08,15:26:12.706506,648482,4273,16.02375,4410,16.5375,9120,20.52,0
2026-04-08,15:26:12.706506,648514,4278,16.0425,4418,16.5675,9120,20.52,0
2026-04-08,15:26:12.706506,648546,4278,16.0425,4418,16.5675,9120,20.52,0
2026-04-08,15:26:12.706506,648578,4272,16.02,4409,16.53375,9118,20.5155,0
2026-04-08,15:26:12.706506,648609,4275,16.03125,4413,16.54875,9120,20.52,0
2026-04-08,15:26:12.706506,648641,4276,16.035,4414,16.5525,9119,20.51775,0
2026-04-08,15:26:12.706506,648673,4265,15.99375,4420,16.575,9120,20.52,0
2026-04-08,15:26:12.706506,648704,4272,16.02,4407,16.52625,9120,20.52,0
2026-04-08,15:26:12.706506,648736,4271,16.01625,4414,16.5525,9120,20.52,0
2026-04-08,15:26:12.706506,648768,4270,16.0125,4421,16.57875,9121,20.52225,0
2026-04-08,15:26:12.706506,648799,4273,16.02375,4421,16.57875,9120,20.52,0
2026-04-08,15:26:12.706506,648831,4277,16.03875,4419,16.57125,9120,20.52,0
2026-04-08,15:26:12.706506,648862,4275,16.03125,4418,16.5675,9119,20.51775,0
2026-04-08,15:26:12.706506,648893,4271,16.01625,4418,16.5675,9120,20.52,0
2026-04-08,15:26:12.706506,648925,4276,16.035,4415,16.55625,9119,20.51775,0
2026-04-08,15:26:12.706506,648956,4276,16.035,4415,16.55625,9121,20.52225,0
2026-04-08,15:26:13.611863,649093,4277,16.03875,4422,16.5825,9121,20.52225,0
2026-04-08,15:26:13.611863,649225,4275,16.03125,4419,16.57125,9119,20.51775,0
2026-04-08,15:26:13.611863,649257,4280,16.05,4412,16.545,9119,20.51775,0
2026-04-08,15:26:13.611863,649289,4272,16.02,4408,16.53,9120,20.52,0
2026-04-08,15:26:13.611863,649320,4276,16.035,4422,16.5825,9120,20.52,0
2026-04-08,15:26:13.611863,649352,4269,16.00875,4402,16.5075,9118,20.5155,0
2026-04-08,15:26:13.611863,649384,4273,16.02375,4410,16.5375,9118,20.5155,0
2026-04-08,15:26:13.611863,649415,4276,16.035,4412,16.545,9118,20.5155,0
2026-04-08,15:26:13.611863,649446,4275,16.03125,4419,16.57125,9119,20.51775,0
2026-04-08,15:26:13.611863,649478,4281,16.05375,4416,16.56,9119,20.51775,0
2026-04-08,15:26:13.611863,649509,4287,16.07625,4411,16.54125,9118,20.5155,0
2026-04-08,15:26:13.611863,649540,4276,16.035,4420,16.575,9118,20.5155,0
2026-04-08,15:26:13.611863,649572,4271,16.01625,4413,16.54875,9118,20.5155,0
2026-04-08,15:26:13.611863,649603,4268,16.005,4419,16.57125,9119,20.51775,0
2026-04-08,15:26:13.611863,649635,4276,16.035,4420,16.575,9118,20.5155,0
2026-04-08,15:26:13.611863,649666,4276,16.035,4413,16.54875,9119,20.51775,0
2026-04-08,15:26:13.611863,649698,4278,16.0425,4419,16.57125,9118,20.5155,0
2026-04-08,15:26:13.611863,649729,4283,16.06125,4414,16.5525,9117,20.51325,0
2026-04-08,15:26:13.611863,649761,4276,16.035,4415,16.55625,9117,20.51325,0
2026-04-08,15:26:13.611863,649792,4276,16.035,4419,16.57125,9118,20.5155,0
2026-04-08,15:26:14.636989,649994,4276,16.035,4410,16.5375,9119,20.51775,0
2026-04-08,15:26:14.636989,650126,4274,16.0275,4414,16.5525,9117,20.51325,0
2026-04-08,15:26:14.636989,650159,4273,16.02375,4412,16.545,9116,20.511,0
2026-04-08,15:26:14.636989,650190,4280,16.05,4419,16.57125,9117,20.51325,0
2026-04-08,15:26:14.636989,650221,4278,16.0425,4421,16.57875,9118,20.5155,0
2026-04-08,15:26:14.636989,650252,4268,16.005,4413,16.54875,9117,20.51325,0
2026-04-08,15:26:14.636989,650284,4265,15.99375,4409,16.53375,9116,20.511,0
2026-04-08,15:26:14.636989,650316,4278,16.0425,4411,16.54125,9117,20.51325,0
2026-04-08,15:26:14.636989,650347,4275,16.03125,4413,16.54875,9117,20.51325,0
2026-04-08,15:26:14.636989,650379,4279,16.04625,4411,16.54125,9117,20.51325,0
2026-04-08,15:26:14.636989,650410,4273,16.02375,4408,16.53,9117,20.51325,0
2026-04-08,15:26:14.636989,650441,4272,16.02,4417,16.56375,9116,20.511,0
2026-04-08,15:26:14.636989,650473,4276,16.035,4414,16.5525,9116,20.511,0
2026-04-08,15:26:14.636989,650504,4274,16.0275,4409,16.53375,9118,20.5155,0
2026-04-08,15:26:14.636989,650535,4275,16.03125,4416,16.56,9117,20.51325,0
2026-04-08,15:26:14.636989,650567,4269,16.00875,4408,16.53,9116,20.511,0
2026-04-08,15:26:14.636989,650599,4268,16.005,4422,16.5825,9116,20.511,0
2026-04-08,15:26:14.636989,650630,4275,16.03125,4417,16.56375,9116,20.511,0
2026-04-08,15:26:14.636989,650661,4273,16.02375,4415,16.55625,9116,20.511,0
2026-04-08,15:26:14.636989,650693,4272,16.02,4410,16.5375,9116,20.511,0
2026-04-08,15:26:15.572563,651016,4271,16.01625,4416,16.56,9114,20.5065,0
2026-04-08,15:26:15.572563,651148,4272,16.02,4409,16.53375,9115,20.50875,0
2026-04-08,15:26:15.572563,651180,4267,16.00125,4417,16.56375,9114,20.5065,0
2026-04-08,15:26:15.572563,651212,4262,15.9825,4413,16.54875,9115,20.50875,0
2026-04-08,15:26:15.572563,651244,4266,15.9975,4404,16.515,9116,20.511,0
2026-04-08,15:26:15.572563,651275,4263,15.98625,4415,16.55625,9114,20.5065,0
2026-04-08,15:26:15.572563,651307,4267,16.00125,4412,16.545,9114,20.5065,0
2026-04-08,15:26:15.572563,651338,4273,16.02375,4410,16.5375,9114,20.5065,0
2026-04-08,15:26:15.572563,651370,4284,16.065,4414,16.5525,9116,20.511,0
2026-04-08,15:26:15.572563,651401,4277,16.03875,4415,16.55625,9116,20.511,0
2026-04-08,15:26:15.572563,651432,4284,16.065,4414,16.5525,9115,20.50875,0
2026-04-08,15:26:15.572563,651464,4283,16.06125,4409,16.53375,9114,20.5065,0
2026-04-08,15:26:15.572563,651495,4274,16.0275,4410,16.5375,9117,20.51325,0
2026-04-08,15:26:15.572563,651527,4280,16.05,4410,16.5375,9115,20.50875,0
2026-04-08,15:26:15.572563,651558,4273,16.02375,4404,16.515,9112,20.502,0
2026-04-08,15:26:15.572563,651590,4272,16.02,4408,16.53,9114,20.5065,0
2026-04-08,15:26:15.572563,651621,4274,16.0275,4410,16.5375,9114,20.5065,0
2026-04-08,15:26:15.572563,651652,4273,16.02375,4411,16.54125,9115,20.50875,0
2026-04-08,15:26:15.572563,651683,4270,16.0125,4410,16.5375,9114,20.5065,0
2026-04-08,15:26:15.572563,651715,4271,16.01625,4412,16.545,9114,20.5065,0
2026-04-08,15:26:16.394966,651967,4267,16.00125,4413,16.54875,9111,20.49975,0
2026-04-08,15:26:16.394966,652099,4272,16.02,4419,16.57125,9114,20.5065,0
2026-04-08,15:26:16.394966,652132,4275,16.03125,4410,16.5375,9114,20.5065,0
2026-04-08,15:26:16.394966,652163,4272,16.02,4408,16.53,9113,20.50425,0
2026-04-08,15:26:16.394966,652195,4274,16.0275,4412,16.545,9113,20.50425,0
2026-04-08,15:26:16.394966,652226,4267,16.00125,4417,16.56375,9113,20.50425,0
2026-04-08,15:26:16.394966,652258,4276,16.035,4419,16.57125,9112,20.502,0
2026-04-08,15:26:16.394966,652289,4273,16.02375,4409,16.53375,9112,20.502,0
2026-04-08,15:26:16.394966,652321,4268,16.005,4414,16.5525,9112,20.502,0
2026-04-08,15:26:16.394966,652352,4268,16.005,4411,16.54125,9112,20.502,0
2026-04-08,15:26:16.394966,652383,4269,16.00875,4405,16.51875,9114,20.5065,0
2026-04-08,15:26:16.394966,652415,4276,16.035,4410,16.5375,9112,20.502,0
2026-04-08,15:26:16.394966,652446,4277,16.03875,4408,16.53,9112,20.502,0
2026-04-08,15:26:16.394966,652478,4273,16.02375,4411,16.54125,9113,20.50425,0
2026-04-08,15:26:16.394966,652509,4278,16.0425,4414,16.5525,9113,20.50425,0
2026-04-08,15:26:16.394966,652541,4266,15.9975,4410,16.5375,9114,20.5065,0
2026-04-08,15:26:16.394966,652572,4267,16.00125,4408,16.53,9112,20.502,0
2026-04-08,15:26:16.394966,652603,4265,15.99375,4407,16.52625,9112,20.502,0
2026-04-08,15:26:16.394966,652635,4268,16.005,4415,16.55625,9111,20.49975,0
2026-04-08,15:26:16.394966,652666,4271,16.01625,4415,16.55625,9112,20.502,0
2026-04-08,15:26:17.203592,652790,4275,16.03125,4404,16.515,9114,20.5065,0
2026-04-08,15:26:17.203592,652924,4264,15.99,4413,16.54875,9114,20.5065,0
2026-04-08,15:26:17.203592,652955,4269,16.00875,4415,16.55625,9111,20.49975,0
2026-04-08,15:26:17.203592,652987,4267,16.00125,4414,16.5525,9113,20.50425,0
2026-04-08,15:26:17.203592,653018,4266,15.9975,4411,16.54125,9111,20.49975,0
2026-04-08,15:26:17.203592,653050,4273,16.02375,4409,16.53375,9109,20.49525,0
2026-04-08,15:26:17.203592,653081,4274,16.0275,4407,16.52625,9111,20.49975,0
2026-04-08,15:26:17.203592,653113,4265,15.99375,4410,16.5375,9111,20.49975,0
2026-04-08,15:26:17.203592,653144,4259,15.97125,4403,16.51125,9110,20.4975,0
2026-04-08,15:26:17.203592,653176,4271,16.01625,4406,16.5225,9110,20.4975,0
2026-04-08,15:26:17.203592,653207,4265,15.99375,4414,16.5525,9111,20.49975,0
2026-04-08,15:26:17.203592,653239,4268,16.005,4415,16.55625,9110,20.4975,0
2026-04-08,15:26:17.203592,653270,4273,16.02375,4416,16.56,9110,20.4975,0
2026-04-08,15:26:17.203592,653301,4274,16.0275,4410,16.5375,9111,20.49975,0
2026-04-08,15:26:17.203592,653333,4264,15.99,4406,16.5225,9110,20.4975,0
2026-04-08,15:26:17.203592,653364,4271,16.01625,4413,16.54875,9108,20.493,0
2026-04-08,15:26:17.203592,653395,4260,15.975,4413,16.54875,9111,20.49975,0
2026-04-08,15:26:17.203592,653427,4270,16.0125,4417,16.56375,9111,20.49975,0
2026-04-08,15:26:17.203592,653458,4266,15.9975,4405,16.51875,9110,20.4975,0
2026-04-08,15:26:17.203592,653490,4266,15.9975,4408,16.53,9110,20.4975,0
2026-04-08,15:26:18.318301,653590,4270,16.0125,4412,16.545,9111,20.49975,0
2026-04-08,15:26:18.318301,653722,4275,16.03125,4406,16.5225,9110,20.4975,0
2026-04-08,15:26:18.318301,653754,4282,16.0575,4407,16.52625,9109,20.49525,0
2026-04-08,15:26:18.318301,653786,4267,16.00125,4408,16.53,9109,20.49525,0
2026-04-08,15:26:18.318301,653817,4273,16.02375,4419,16.57125,9108,20.493,0
2026-04-08,15:26:18.318301,653849,4275,16.03125,4411,16.54125,9110,20.4975,0
2026-04-08,15:26:18.318301,653880,4278,16.0425,4412,16.545,9109,20.49525,0
2026-04-08,15:26:18.318301,653911,4278,16.0425,4415,16.55625,9110,20.4975,0
2026-04-08,15:26:18.318301,653943,4271,16.01625,4405,16.51875,9109,20.49525,0
2026-04-08,15:26:18.318301,653974,4280,16.05,4412,16.545,9109,20.49525,0
2026-04-08,15:26:18.318301,654006,4285,16.06875,4409,16.53375,9110,20.4975,0
2026-04-08,15:26:18.318301,654037,4281,16.05375,4408,16.53,9110,20.4975,0
2026-04-08,15:26:18.318301,654069,4271,16.01625,4407,16.52625,9108,20.493,0
2026-04-08,15:26:18.318301,654100,4274,16.0275,4402,16.5075,9110,20.4975,0
2026-04-08,15:26:18.318301,654131,4276,16.035,4405,16.51875,9107,20.49075,0
2026-04-08,15:26:18.318301,654163,4274,16.0275,4409,16.53375,9108,20.493,0
2026-04-08,15:26:18.318301,654194,4273,16.02375,4414,16.5525,9107,20.49075,0
2026-04-08,15:26:18.318301,654226,4274,16.0275,4410,16.5375,9109,20.49525,0
2026-04-08,15:26:18.318301,654257,4273,16.02375,4415,16.55625,9110,20.4975,0
2026-04-08,15:26:18.318301,654289,4274,16.0275,4410,16.5375,9109,20.49525,0
2026-04-08,15:26:19.550238,654715,4268,16.005,4412,16.545,9108,20.493,0
2026-04-08,15:26:19.550238,654848,4277,16.03875,4412,16.545,9107,20.49075,0
2026-04-08,15:26:19.550238,654880,4263,15.98625,4414,16.5525,9107,20.49075,0
2026-04-08,15:26:19.550238,654911,4274,16.0275,4411,16.54125,9107,20.49075,0
2026-04-08,15:26:19.550238,654943,4264,15.99,4411,16.54125,9107,20.49075,0
2026-04-08,15:26:19.550238,654975,4273,16.02375,4404,16.515,9107,20.49075,0
2026-04-08,15:26:19.550238,655006,4269,16.00875,4418,16.5675,9107,20.49075,0
2026-04-08,15:26:19.550238,655037,4277,16.03875,4408,16.53,9108,20.493,0
2026-04-08,15:26:19.550238,655068,4277,16.03875,4402,16.5075,9106,20.4885,0
2026-04-08,15:26:19.550238,655100,4275,16.03125,4412,16.545,9106,20.4885,0
2026-04-08,15:26:19.550238,655131,4273,16.02375,4418,16.5675,9106,20.4885,0
2026-04-08,15:26:19.550238,655163,4275,16.03125,4416,16.56,9108,20.493,0
2026-04-08,15:26:19.550238,655194,4277,16.03875,4415,16.55625,9106,20.4885,0
2026-04-08,15:26:19.550238,655226,4273,16.02375,4416,16.56,9106,20.4885,0
2026-04-08,15:26:19.550238,655257,4273,16.02375,4405,16.51875,9106,20.4885,0
2026-04-08,15:26:19.550238,655289,4272,16.02,4415,16.55625,9106,20.4885,0
2026-04-08,15:26:19.550238,655320,4264,15.99,4403,16.51125,9109,20.49525,0
2026-04-08,15:26:19.550238,655351,4275,16.03125,4411,16.54125,9107,20.49075,0
2026-04-08,15:26:19.550238,655383,4267,16.00125,4413,16.54875,9108,20.493,0
2026-04-08,15:26:19.550238,655414,4276,16.035,4411,16.54125,9105,20.48625,0
2026-04-08,15:26:20.391119,655938,4265,15.99375,4413,16.54875,9107,20.49075,0
2026-04-08,15:26:20.391119,656070,4273,16.02375,4411,16.54125,9104,20.484,0
2026-04-08,15:26:20.391119,656103,4273,16.02375,4406,16.5225,9105,20.48625,0
2026-04-08,15:26:20.391119,656134,4270,16.0125,4415,16.55625,9106,20.4885,0
2026-04-08,15:26:20.391119,656165,4271,16.01625,4417,16.56375,9106,20.4885,0
2026-04-08,15:26:20.391119,656197,4279,16.04625,4415,16.55625,9105,20.48625,0
2026-04-08,15:26:20.391119,656228,4279,16.04625,4412,16.545,9105,20.48625,0
2026-04-08,15:26:20.391119,656260,4268,16.005,4417,16.56375,9104,20.484,0
2026-04-08,15:26:20.391119,656291,4269,16.00875,4410,16.5375,9104,20.484,0
2026-04-08,15:26:20.391119,656323,4266,15.9975,4413,16.54875,9105,20.48625,0
2026-04-08,15:26:20.391119,656354,4266,15.9975,4415,16.55625,9104,20.484,0
2026-04-08,15:26:20.391119,656385,4266,15.9975,4417,16.56375,9104,20.484,0
2026-04-08,15:26:20.391119,656417,4265,15.99375,4411,16.54125,9103,20.48175,0
2026-04-08,15:26:20.391119,656448,4268,16.005,4416,16.56,9104,20.484,0
2026-04-08,15:26:20.391119,656480,4266,15.9975,4415,16.55625,9103,20.48175,0
2026-04-08,15:26:20.391119,656511,4268,16.005,4408,16.53,9103,20.48175,0
2026-04-08,15:26:20.391119,656543,4265,15.99375,4413,16.54875,9105,20.48625,0
2026-04-08,15:26:20.391119,656574,4269,16.00875,4413,16.54875,9104,20.484,0
2026-04-08,15:26:20.391119,656605,4273,16.02375,4410,16.5375,9104,20.484,0
2026-04-08,15:26:20.391119,656637,4271,16.01625,4411,16.54125,9103,20.48175,0
2026-04-08,15:26:21.206918,656791,4269,16.00875,4409,16.53375,9103,20.48175,0
2026-04-08,15:26:21.206918,656923,4268,16.005,4407,16.52625,9102,20.4795,0
2026-04-08,15:26:21.206918,656955,4266,15.9975,4412,16.545,9103,20.48175,0
2026-04-08,15:26:21.206918,656986,4273,16.02375,4416,16.56,9103,20.48175,0
2026-04-08,15:26:21.206918,657018,4271,16.01625,4404,16.515,9104,20.484,0
2026-04-08,15:26:21.206918,657050,4275,16.03125,4409,16.53375,9104,20.484,0
2026-04-08,15:26:21.206918,657081,4273,16.02375,4410,16.5375,9103,20.48175,0
2026-04-08,15:26:21.206918,657112,4270,16.0125,4413,16.54875,9102,20.4795,0
2026-04-08,15:26:21.206918,657144,4258,15.9675,4410,16.5375,9102,20.4795,0
2026-04-08,15:26:21.206918,657175,4263,15.98625,4414,16.5525,9102,20.4795,0
2026-04-08,15:26:21.206918,657207,4262,15.9825,4409,16.53375,9103,20.48175,0
2026-04-08,15:26:21.206918,657238,4264,15.99,4405,16.51875,9102,20.4795,0
2026-04-08,15:26:21.206918,657270,4265,15.99375,4414,16.5525,9102,20.4795,0
2026-04-08,15:26:21.206918,657301,4273,16.02375,4408,16.53,9102,20.4795,0
2026-04-08,15:26:21.206918,657333,4271,16.01625,4414,16.5525,9102,20.4795,0
2026-04-08,15:26:21.206918,657364,4267,16.00125,4411,16.54125,9101,20.47725,0
2026-04-08,15:26:21.206918,657395,4267,16.00125,4414,16.5525,9102,20.4795,0
2026-04-08,15:26:21.206918,657427,4265,15.99375,4410,16.5375,9101,20.47725,0
2026-04-08,15:26:21.206918,657458,4274,16.0275,4410,16.5375,9102,20.4795,0
2026-04-08,15:26:21.206918,657489,4275,16.03125,4403,16.51125,9102,20.4795,0
2026-04-08,15:26:22.128607,657657,4274,16.0275,4408,16.53,9103,20.48175,0
2026-04-08,15:26:22.128607,657789,4271,16.01625,4409,16.53375,9102,20.4795,0
2026-04-08,15:26:22.128607,657820,4264,15.99,4403,16.51125,9100,20.475,0
2026-04-08,15:26:22.128607,657852,4271,16.01625,4404,16.515,9101,20.47725,0
2026-04-08,15:26:22.128607,657884,4270,16.0125,4411,16.54125,9101,20.47725,0
2026-04-08,15:26:22.128607,657915,4261,15.97875,4410,16.5375,9101,20.47725,0
2026-04-08,15:26:22.128607,657947,4274,16.0275,4413,16.54875,9101,20.47725,0
2026-04-08,15:26:22.128607,657978,4269,16.00875,4412,16.545,9101,20.47725,0
2026-04-08,15:26:22.128607,658009,4269,16.00875,4406,16.5225,9100,20.475,0
2026-04-08,15:26:22.128607,658040,4274,16.0275,4411,16.54125,9100,20.475,0
2026-04-08,15:26:22.128607,658072,4264,15.99,4403,16.51125,9100,20.475,0
2026-04-08,15:26:22.128607,658104,4264,15.99,4405,16.51875,9101,20.47725,0
2026-04-08,15:26:22.128607,658135,4266,15.9975,4409,16.53375,9100,20.475,0
2026-04-08,15:26:22.128607,658167,4262,15.9825,4412,16.545,9100,20.475,0
2026-04-08,15:26:22.128607,658198,4263,15.98625,4404,16.515,9100,20.475,0
2026-04-08,15:26:22.128607,658229,4266,15.9975,4409,16.53375,9100,20.475,0
2026-04-08,15:26:22.128607,658261,4269,16.00875,4408,16.53,9099,20.47275,0
2026-04-08,15:26:22.128607,658292,4256,15.96,4415,16.55625,9100,20.475,0
2026-04-08,15:26:22.128607,658324,4271,16.01625,4413,16.54875,9099,20.47275,0
2026-04-08,15:26:22.128607,658355,4267,16.00125,4415,16.55625,9099,20.47275,0
2026-04-08,15:26:26.046684,658578,4263,15.98625,4416,16.56,9098,20.4705,0
2026-04-08,15:26:26.046684,658711,4264,15.99,4402,16.5075,9099,20.47275,0
2026-04-08,15:26:26.046684,658742,4265,15.99375,4408,16.53,9099,20.47275,0
2026-04-08,15:26:26.046684,658774,4267,16.00125,4405,16.51875,9099,20.47275,0
2026-04-08,15:26:26.046684,658805,4269,16.00875,4414,16.5525,9100,20.475,0
2026-04-08,15:26:26.046684,658836,4267,16.00125,4411,16.54125,9099,20.47275,0
2026-04-08,15:26:26.046684,658868,4267,16.00125,4407,16.52625,9098,20.4705,0
2026-04-08,15:26:26.046684,658900,4271,16.01625,4413,16.54875,9098,20.4705,0
2026-04-08,15:26:26.046684,658931,4266,15.9975,4420,16.575,9098,20.4705,0
2026-04-08,15:26:26.046684,658962,4271,16.01625,4408,16.53,9099,20.47275,0
2026-04-08,15:26:26.046684,658994,4271,16.01625,4414,16.5525,9099,20.47275,0
2026-04-08,15:26:26.046684,659025,4270,16.0125,4410,16.5375,9098,20.4705,0
2026-04-08,15:26:26.046684,659056,4265,15.99375,4408,16.53,9097,20.46825,0
2026-04-08,15:26:26.046684,659088,4261,15.97875,4410,16.5375,9099,20.47275,0
2026-04-08,15:26:26.046684,659120,4261,15.97875,4410,16.5375,9098,20.4705,0
2026-04-08,15:26:26.046684,659151,4270,16.0125,4412,16.545,9098,20.4705,0
2026-04-08,15:26:26.046684,659182,4260,15.975,4402,16.5075,9097,20.46825,0
2026-04-08,15:26:26.046684,659214,4267,16.00125,4408,16.53,9098,20.4705,0
2026-04-08,15:26:26.046684,659245,4257,15.96375,4410,16.5375,9098,20.4705,0
2026-04-08,15:26:26.046684,659277,4260,15.975,4405,16.51875,9098,20.4705,0
2026-04-08,15:26:27.140534,662470,4265,15.99375,4402,16.5075,9092,20.457,0
2026-04-08,15:26:27.140534,662602,4264,15.99,4402,16.5075,9092,20.457,0
2026-04-08,15:26:27.140534,662634,4271,16.01625,4394,16.4775,9091,20.45475,0
2026-04-08,15:26:27.140534,662665,4263,15.98625,4405,16.51875,9092,20.457,0
2026-04-08,15:26:27.140534,662697,4261,15.97875,4403,16.51125,9091,20.45475,0
2026-04-08,15:26:27.140534,662728,4260,15.975,4411,16.54125,9091,20.45475,0
2026-04-08,15:26:27.140534,662760,4260,15.975,4403,16.51125,9090,20.4525,0
2026-04-08,15:26:27.140534,662791,4266,15.9975,4403,16.51125,9091,20.45475,0
2026-04-08,15:26:27.140534,662822,4262,15.9825,4411,16.54125,9090,20.4525,0
2026-04-08,15:26:27.140534,662854,4265,15.99375,4406,16.5225,9090,20.4525,0
2026-04-08,15:26:27.140534,662885,4255,15.95625,4404,16.515,9090,20.4525,0
2026-04-08,15:26:27.140534,662917,4260,15.975,4404,16.515,9090,20.4525,0
2026-04-08,15:26:27.140534,662948,4265,15.99375,4405,16.51875,9090,20.4525,0
2026-04-08,15:26:27.140534,662980,4260,15.975,4407,16.52625,9090,20.4525,0
2026-04-08,15:26:27.140534,663011,4251,15.94125,4404,16.515,9090,20.4525,0
2026-04-08,15:26:27.140534,663042,4257,15.96375,4408,16.53,9090,20.4525,0
2026-04-08,15:26:27.140534,663074,4263,15.98625,4401,16.50375,9091,20.45475,0
2026-04-08,15:26:27.140534,663105,4260,15.975,4408,16.53,9089,20.45025,0
2026-04-08,15:26:27.140534,663137,4257,15.96375,4404,16.515,9090,20.4525,0
2026-04-08,15:26:27.140534,663168,4262,15.9825,4405,16.51875,9089,20.45025,0
2026-04-08,15:26:27.959981,663529,4265,15.99375,4413,16.54875,9088,20.448,0
2026-04-08,15:26:27.959981,663662,4255,15.95625,4403,16.51125,9088,20.448,0
2026-04-08,15:26:27.959981,663694,4262,15.9825,4404,16.515,9089,20.45025,0
2026-04-08,15:26:27.959981,663726,4266,15.9975,4403,16.51125,9089,20.45025,0
2026-04-08,15:26:27.959981,663757,4261,15.97875,4394,16.4775,9088,20.448,0
2026-04-08,15:26:27.959981,663789,4265,15.99375,4396,16.485,9088,20.448,0
2026-04-08,15:26:27.959981,663820,4262,15.9825,4404,16.515,9089,20.45025,0
2026-04-08,15:26:27.959981,663851,4264,15.99,4398,16.4925,9088,20.448,0
2026-04-08,15:26:27.959981,663883,4261,15.97875,4401,16.50375,9087,20.44575,0
2026-04-08,15:26:27.959981,663914,4265,15.99375,4403,16.51125,9088,20.448,0
2026-04-08,15:26:27.959981,663945,4259,15.97125,4400,16.5,9088,20.448,0
2026-04-08,15:26:27.959981,663977,4264,15.99,4403,16.51125,9088,20.448,0
2026-04-08,15:26:27.959981,664008,4254,15.9525,4406,16.5225,9088,20.448,0
2026-04-08,15:26:27.959981,664040,4263,15.98625,4405,16.51875,9089,20.45025,0
2026-04-08,15:26:27.959981,664071,4264,15.99,4399,16.49625,9087,20.44575,0
2026-04-08,15:26:27.959981,664103,4261,15.97875,4397,16.48875,9087,20.44575,0
2026-04-08,15:26:27.959981,664134,4263,15.98625,4404,16.515,9089,20.45025,0
2026-04-08,15:26:27.959981,664165,4263,15.98625,4408,16.53,9088,20.448,0
2026-04-08,15:26:27.959981,664197,4258,15.9675,4399,16.49625,9088,20.448,0
2026-04-08,15:26:27.959981,664228,4267,16.00125,4399,16.49625,9087,20.44575,0
2026-04-08,15:26:28.858934,664346,4265,15.99375,4403,16.51125,9086,20.4435,0
2026-04-08,15:26:28.858934,664479,4256,15.96,4405,16.51875,9087,20.44575,0
2026-04-08,15:26:28.858934,664511,4261,15.97875,4408,16.53,9087,20.44575,0
2026-04-08,15:26:28.858934,664543,4256,15.96,4409,16.53375,9085,20.44125,0
2026-04-08,15:26:28.858934,664574,4263,15.98625,4404,16.515,9087,20.44575,0
2026-04-08,15:26:28.858934,664606,4268,16.005,4402,16.5075,9085,20.44125,0
2026-04-08,15:26:28.858934,664637,4257,15.96375,4400,16.5,9087,20.44575,0
2026-04-08,15:26:28.858934,664669,4263,15.98625,4407,16.52625,9086,20.4435,0
2026-04-08,15:26:28.858934,664700,4262,15.9825,4409,16.53375,9086,20.4435,0
2026-04-08,15:26:28.858934,664732,4260,15.975,4408,16.53,9088,20.448,0
2026-04-08,15:26:28.858934,664763,4260,15.975,4400,16.5,9087,20.44575,0
2026-04-08,15:26:28.858934,664794,4258,15.9675,4403,16.51125,9086,20.4435,0
2026-04-08,15:26:28.858934,664826,4262,15.9825,4411,16.54125,9086,20.4435,0
2026-04-08,15:26:28.858934,664857,4264,15.99,4407,16.52625,9087,20.44575,0
2026-04-08,15:26:28.858934,664888,4264,15.99,4398,16.4925,9087,20.44575,0
2026-04-08,15:26:28.858934,664920,4266,15.9975,4407,16.52625,9086,20.4435,0
2026-04-08,15:26:28.858934,664951,4269,16.00875,4409,16.53375,9086,20.4435,0
2026-04-08,15:26:28.858934,664983,4263,15.98625,4406,16.5225,9086,20.4435,0
2026-04-08,15:26:28.858934,665014,4265,15.99375,4404,16.515,9086,20.4435,0
2026-04-08,15:26:28.858934,665046,4270,16.0125,4407,16.52625,9085,20.44125,0
2026-04-08,15:26:29.896653,665239,4262,15.9825,4403,16.51125,9086,20.4435,0
2026-04-08,15:26:29.896653,665372,4262,15.9825,4402,16.5075,9084,20.439,0
2026-04-08,15:26:29.896653,665403,4268,16.005,4404,16.515,9086,20.4435,0
2026-04-08,15:26:29.896653,665435,4263,15.98625,4404,16.515,9085,20.44125,0
2026-04-08,15:26:29.896653,665466,4263,15.98625,4405,16.51875,9085,20.44125,0
2026-04-08,15:26:29.896653,665498,4265,15.99375,4404,16.515,9085,20.44125,0
2026-04-08,15:26:29.896653,665529,4257,15.96375,4404,16.515,9084,20.439,0
2026-04-08,15:26:29.896653,665561,4255,15.95625,4403,16.51125,9084,20.439,0
2026-04-08,15:26:29.896653,665592,4262,15.9825,4400,16.5,9085,20.44125,0
2026-04-08,15:26:29.896653,665624,4254,15.9525,4396,16.485,9083,20.43675,0
2026-04-08,15:26:29.896653,665655,4256,15.96,4409,16.53375,9084,20.439,0
2026-04-08,15:26:29.896653,665686,4267,16.00125,4400,16.5,9084,20.439,0
2026-04-08,15:26:29.896653,665717,4268,16.005,4395,16.48125,9085,20.44125,0
2026-04-08,15:26:29.896653,665749,4261,15.97875,4396,16.485,9084,20.439,0
2026-04-08,15:26:29.896653,665780,4270,16.0125,4397,16.48875,9084,20.439,0
2026-04-08,15:26:29.896653,665812,4263,15.98625,4397,16.48875,9084,20.439,0
2026-04-08,15:26:29.896653,665843,4254,15.9525,4400,16.5,9083,20.43675,0
2026-04-08,15:26:29.896653,665875,4251,15.94125,4401,16.50375,9084,20.439,0
2026-04-08,15:26:29.896653,665906,4260,15.975,4401,16.50375,9084,20.439,0
2026-04-08,15:26:29.896653,665938,4256,15.96,4398,16.4925,9085,20.44125,0
2026-04-08,15:26:30.722974,666292,4259,15.97125,4402,16.5075,9081,20.43225,0
2026-04-08,15:26:30.722974,666425,4259,15.97125,4403,16.51125,9082,20.4345,0
2026-04-08,15:26:30.722974,666457,4256,15.96,4403,16.51125,9081,20.43225,0
2026-04-08,15:26:30.722974,666488,4259,15.97125,4398,16.4925,9082,20.4345,0
2026-04-08,15:26:30.722974,666520,4263,15.98625,4408,16.53,9082,20.4345,0
2026-04-08,15:26:30.722974,666551,4260,15.975,4400,16.5,9083,20.43675,0
2026-04-08,15:26:30.722974,666583,4267,16.00125,4404,16.515,9084,20.439,0
2026-04-08,15:26:30.722974,666614,4254,15.9525,4403,16.51125,9082,20.4345,0
2026-04-08,15:26:30.722974,666646,4260,15.975,4411,16.54125,9083,20.43675,0
2026-04-08,15:26:30.722974,666677,4260,15.975,4405,16.51875,9083,20.43675,0
2026-04-08,15:26:30.722974,666708,4253,15.94875,4402,16.5075,9081,20.43225,0
2026-04-08,15:26:30.722974,666740,4258,15.9675,4403,16.51125,9080,20.43,0
2026-04-08,15:26:30.722974,666771,4254,15.9525,4407,16.52625,9082,20.4345,0
2026-04-08,15:26:30.722974,666803,4259,15.97125,4403,16.51125,9082,20.4345,0
2026-04-08,15:26:30.722974,666834,4261,15.97875,4405,16.51875,9082,20.4345,0
2026-04-08,15:26:30.722974,666866,4267,16.00125,4408,16.53,9082,20.4345,0
2026-04-08,15:26:30.722974,666897,4266,15.9975,4402,16.5075,9082,20.4345,0
2026-04-08,15:26:30.722974,666928,4252,15.945,4402,16.5075,9082,20.4345,0
2026-04-08,15:26:30.722974,666960,4259,15.97125,4393,16.47375,9081,20.43225,0
2026-04-08,15:26:30.722974,666991,4256,15.96,4402,16.5075,9081,20.43225,0
2026-04-08,15:26:31.731125,667180,4261,15.97875,4392,16.47,9081,20.43225,0
2026-04-08,15:26:31.731125,667313,4253,15.94875,4400,16.5,9080,20.43,0
2026-04-08,15:26:31.731125,667344,4259,15.97125,4402,16.5075,9082,20.4345,0
2026-04-08,15:26:31.731125,667376,4257,15.96375,4406,16.5225,9081,20.43225,0
2026-04-08,15:26:31.731125,667407,4262,15.9825,4396,16.485,9081,20.43225,0
2026-04-08,15:26:31.731125,667438,4259,15.97125,4407,16.52625,9082,20.4345,0
2026-04-08,15:26:31.731125,667470,4262,15.9825,4408,16.53,9081,20.43225,0
2026-04-08,15:26:31.731125,667502,4259,15.97125,4405,16.51875,9081,20.43225,0
2026-04-08,15:26:31.731125,667533,4260,15.975,4401,16.50375,9082,20.4345,0
2026-04-08,15:26:31.731125,667564,4262,15.9825,4404,16.515,9079,20.42775,0
2026-04-08,15:26:31.731125,667596,4258,15.9675,4403,16.51125,9080,20.43,0
2026-04-08,15:26:31.731125,667627,4261,15.97875,4404,16.515,9081,20.43225,0
2026-04-08,15:26:31.731125,667658,4253,15.94875,4408,16.53,9080,20.43,0
2026-04-08,15:26:31.731125,667690,4257,15.96375,4398,16.4925,9082,20.4345,0
2026-04-08,15:26:31.731125,667721,4269,16.00875,4400,16.5,9080,20.43,0
2026-04-08,15:26:31.731125,667753,4266,15.9975,4398,16.4925,9080,20.43,0
2026-04-08,15:26:31.731125,667784,4260,15.975,4403,16.51125,9080,20.43,0
2026-04-08,15:26:31.731125,667816,4259,15.97125,4401,16.50375,9081,20.43225,0
2026-04-08,15:26:31.731125,667847,4265,15.99375,4405,16.51875,9081,20.43225,0
2026-04-08,15:26:31.731125,667879,4259,15.97125,4404,16.515,9079,20.42775,0
2026-04-08,15:26:32.795545,668117,4259,15.97125,4406,16.5225,9078,20.4255,0
2026-04-08,15:26:32.795545,668250,4253,15.94875,4406,16.5225,9078,20.4255,0
2026-04-08,15:26:32.795545,668282,4259,15.97125,4399,16.49625,9079,20.42775,0
2026-04-08,15:26:32.795545,668313,4265,15.99375,4398,16.4925,9079,20.42775,0
2026-04-08,15:26:32.795545,668345,4258,15.9675,4404,16.515,9078,20.4255,0
2026-04-08,15:26:32.795545,668376,4261,15.97875,4395,16.48125,9079,20.42775,0
2026-04-08,15:26:32.795545,668408,4255,15.95625,4404,16.515,9079,20.42775,0
2026-04-08,15:26:32.795545,668439,4261,15.97875,4409,16.53375,9078,20.4255,0
2026-04-08,15:26:32.795545,668470,4261,15.97875,4404,16.515,9077,20.42325,0
2026-04-08,15:26:32.795545,668502,4255,15.95625,4401,16.50375,9078,20.4255,0
2026-04-08,15:26:32.795545,668533,4264,15.99,4401,16.50375,9079,20.42775,0
2026-04-08,15:26:32.795545,668564,4264,15.99,4402,16.5075,9079,20.42775,0
2026-04-08,15:26:32.795545,668596,4262,15.9825,4399,16.49625,9077,20.42325,0
2026-04-08,15:26:32.795545,668627,4257,15.96375,4397,16.48875,9079,20.42775,0
2026-04-08,15:26:32.795545,668659,4266,15.9975,4391,16.46625,9079,20.42775,0
2026-04-08,15:26:32.795545,668690,4260,15.975,4394,16.4775,9079,20.42775,0
2026-04-08,15:26:32.795545,668722,4258,15.9675,4403,16.51125,9078,20.4255,0
2026-04-08,15:26:32.795545,668753,4256,15.96,4402,16.5075,9077,20.42325,0
2026-04-08,15:26:32.795545,668784,4253,15.94875,4393,16.47375,9077,20.42325,0
2026-04-08,15:26:32.795545,668817,4265,15.99375,4406,16.5225,9078,20.4255,0
2026-04-08,15:26:33.983644,669229,4259,15.97125,4401,16.50375,9076,20.421,0
2026-04-08,15:26:33.983644,669361,4264,15.99,4395,16.48125,9077,20.42325,0
2026-04-08,15:26:33.983644,669392,4262,15.9825,4406,16.5225,9076,20.421,0
2026-04-08,15:26:33.983644,669424,4257,15.96375,4401,16.50375,9076,20.421,0
2026-04-08,15:26:33.983644,669455,4256,15.96,4393,16.47375,9075,20.41875,0
2026-04-08,15:26:33.983644,669487,4250,15.9375,4399,16.49625,9075,20.41875,0
2026-04-08,15:26:33.983644,669518,4255,15.95625,4396,16.485,9076,20.421,0
2026-04-08,15:26:33.983644,669550,4254,15.9525,4400,16.5,9075,20.41875,0
2026-04-08,15:26:33.983644,669581,4263,15.98625,4398,16.4925,9075,20.41875,0
2026-04-08,15:26:33.983644,669613,4258,15.9675,4402,16.5075,9077,20.42325,0
2026-04-08,15:26:33.983644,669644,4262,15.9825,4397,16.48875,9076,20.421,0
2026-04-08,15:26:33.983644,669675,4263,15.98625,4400,16.5,9075,20.41875,0
2026-04-08,15:26:33.983644,669707,4260,15.975,4400,16.5,9075,20.41875,0
2026-04-08,15:26:33.983644,669738,4268,16.005,4400,16.5,9076,20.421,0
2026-04-08,15:26:33.983644,669770,4260,15.975,4403,16.51125,9075,20.41875,0
2026-04-08,15:26:33.983644,669801,4262,15.9825,4394,16.4775,9075,20.41875,0
2026-04-08,15:26:33.983644,669833,4264,15.99,4399,16.49625,9077,20.42325,0
2026-04-08,15:26:33.983644,669864,4258,15.9675,4403,16.51125,9074,20.4165,0
2026-04-08,15:26:33.983644,669895,4260,15.975,4396,16.485,9075,20.41875,0
2026-04-08,15:26:33.983644,669927,4264,15.99,4396,16.485,9074,20.4165,0
2026-04-08,15:26:34.851971,670392,4266,15.9975,4400,16.5,9075,20.41875,0
2026-04-08,15:26:34.851971,670524,4262,15.9825,4398,16.4925,9073,20.41425,0
2026-04-08,15:26:34.851971,670557,4267,16.00125,4397,16.48875,9073,20.41425,0
2026-04-08,15:26:34.851971,670588,4266,15.9975,4391,16.46625,9072,20.412,0
2026-04-08,15:26:34.851971,670620,4263,15.98625,4398,16.4925,9072,20.412,0
2026-04-08,15:26:34.851971,670651,4262,15.9825,4393,16.47375,9075,20.41875,0
2026-04-08,15:26:34.851971,670683,4260,15.975,4397,16.48875,9074,20.4165,0
2026-04-08,15:26:34.851971,670714,4261,15.97875,4400,16.5,9073,20.41425,0
2026-04-08,15:26:34.851971,670746,4257,15.96375,4392,16.47,9074,20.4165,0
2026-04-08,15:26:34.851971,670777,4265,15.99375,4398,16.4925,9072,20.412,0
2026-04-08,15:26:34.851971,670808,4258,15.9675,4397,16.48875,9073,20.41425,0
2026-04-08,15:26:34.851971,670840,4256,15.96,4404,16.515,9073,20.41425,0
2026-04-08,15:26:34.851971,670871,4256,15.96,4389,16.45875,9073,20.41425,0
2026-04-08,15:26:34.851971,670903,4261,15.97875,4400,16.5,9072,20.412,0
2026-04-08,15:26:34.851971,670934,4259,15.97125,4395,16.48125,9073,20.41425,0
2026-04-08,15:26:34.851971,670966,4259,15.97125,4392,16.47,9072,20.412,0
2026-04-08,15:26:34.851971,670997,4251,15.94125,4398,16.4925,9072,20.412,0
2026-04-08,15:26:34.851971,671028,4259,15.97125,4401,16.50375,9074,20.4165,0
2026-04-08,15:26:34.851971,671060,4259,15.97125,4394,16.4775,9072,20.412,0
2026-04-08,15:26:34.851971,671091,4251,15.94125,4398,16.4925,9073,20.41425,0
2026-04-08,15:26:38.909833,671277,4254,15.9525,4393,16.47375,9073,20.41425,0
2026-04-08,15:26:38.909833,671409,4259,15.97125,4391,16.46625,9072,20.412,0
2026-04-08,15:26:38.909833,671440,4251,15.94125,4386,16.4475,9074,20.4165,0
2026-04-08,15:26:38.909833,671472,4260,15.975,4394,16.4775,9071,20.40975,0
2026-04-08,15:26:38.909833,671504,4253,15.94875,4398,16.4925,9072,20.412,0
2026-04-08,15:26:38.909833,671535,4253,15.94875,4395,16.48125,9070,20.4075,0
2026-04-08,15:26:38.909833,671566,4256,15.96,4392,16.47,9070,20.4075,0
2026-04-08,15:26:38.909833,671598,4253,15.94875,4389,16.45875,9071,20.40975,0
2026-04-08,15:26:38.909833,671629,4247,15.92625,4388,16.455,9071,20.40975,0
2026-04-08,15:26:38.909833,671661,4252,15.945,4404,16.515,9072,20.412,0
2026-04-08,15:26:38.909833,671692,4255,15.95625,4389,16.45875,9071,20.40975,0
2026-04-08,15:26:38.909833,671723,4257,15.96375,4391,16.46625,9070,20.4075,0
2026-04-08,15:26:38.909833,671755,4251,15.94125,4393,16.47375,9070,20.4075,0
2026-04-08,15:26:38.909833,671786,4253,15.94875,4392,16.47,9071,20.40975,0
2026-04-08,15:26:38.909833,671818,4253,15.94875,4395,16.48125,9071,20.40975,0
2026-04-08,15:26:38.909833,671849,4252,15.945,4392,16.47,9071,20.40975,0
2026-04-08,15:26:38.909833,671881,4255,15.95625,4395,16.48125,9071,20.40975,0
2026-04-08,15:26:38.909833,671912,4256,15.96,4392,16.47,9070,20.4075,0
2026-04-08,15:26:38.909833,671943,4264,15.99,4401,16.50375,9071,20.40975,0
2026-04-08,15:26:38.909833,671975,4259,15.97125,4393,16.47375,9071,20.40975,0
2026-04-08,15:26:39.764414,675298,4260,15.975,4393,16.47375,9063,20.39175,0
2026-04-08,15:26:39.764414,675431,4258,15.9675,4392,16.47,9063,20.39175,0
2026-04-08,15:26:39.764414,675463,4258,15.9675,4393,16.47375,9063,20.39175,0
2026-04-08,15:26:39.764414,675495,4259,15.97125,4396,16.485,9063,20.39175,0
2026-04-08,15:26:39.764414,675526,4255,15.95625,4392,16.47,9063,20.39175,0
2026-04-08,15:26:39.764414,675558,4250,15.9375,4393,16.47375,9061,20.38725,0
2026-04-08,15:26:39.764414,675589,4254,15.9525,4400,16.5,9063,20.39175,0
2026-04-08,15:26:39.764414,675620,4252,15.945,4399,16.49625,9061,20.38725,0
2026-04-08,15:26:39.764414,675652,4260,15.975,4397,16.48875,9062,20.3895,0
2026-04-08,15:26:39.764414,675683,4260,15.975,4391,16.46625,9063,20.39175,0
2026-04-08,15:26:39.764414,675715,4255,15.95625,4394,16.4775,9063,20.39175,0
2026-04-08,15:26:39.764414,675746,4259,15.97125,4393,16.47375,9061,20.38725,0
2026-04-08,15:26:39.764414,675778,4262,15.9825,4387,16.45125,9062,20.3895,0
2026-04-08,15:26:39.764414,675809,4257,15.96375,4392,16.47,9062,20.3895,0
2026-04-08,15:26:39.764414,675840,4250,15.9375,4387,16.45125,9062,20.3895,0
2026-04-08,15:26:39.764414,675872,4253,15.94875,4393,16.47375,9061,20.38725,0
2026-04-08,15:26:39.764414,675903,4256,15.96,4392,16.47,9063,20.39175,0
2026-04-08,15:26:39.764414,675935,4244,15.915,4389,16.45875,9061,20.38725,0
2026-04-08,15:26:39.764414,675966,4255,15.95625,4383,16.43625,9061,20.38725,0
2026-04-08,15:26:39.764414,675998,4259,15.97125,4391,16.46625,9061,20.38725,0
2026-04-08,15:26:43.716002,676192,4253,15.94875,4391,16.46625,9062,20.3895,0
2026-04-08,15:26:43.716002,676324,4249,15.93375,4382,16.4325,9061,20.38725,0
2026-04-08,15:26:43.716002,676355,4244,15.915,4388,16.455,9061,20.38725,0
2026-04-08,15:26:43.716002,676387,4248,15.93,4394,16.4775,9061,20.38725,0
2026-04-08,15:26:43.716002,676419,4252,15.945,4397,16.48875,9061,20.38725,0
2026-04-08,15:26:43.716002,676450,4254,15.9525,4387,16.45125,9061,20.38725,0
2026-04-08,15:26:43.716002,676482,4248,15.93,4387,16.45125,9061,20.38725,0
2026-04-08,15:26:43.716002,676513,4249,15.93375,4386,16.4475,9061,20.38725,0
2026-04-08,15:26:43.716002,676544,4258,15.9675,4394,16.4775,9062,20.3895,0
2026-04-08,15:26:43.716002,676576,4257,15.96375,4389,16.45875,9060,20.385,0
2026-04-08,15:26:43.716002,676607,4247,15.92625,4395,16.48125,9061,20.38725,0
2026-04-08,15:26:43.716002,676639,4248,15.93,4393,16.47375,9060,20.385,0
2026-04-08,15:26:43.716002,676670,4239,15.89625,4387,16.45125,9060,20.385,0
2026-04-08,15:26:43.716002,676701,4245,15.91875,4392,16.47,9061,20.38725,0
2026-04-08,15:26:43.716002,676733,4249,15.93375,4399,16.49625,9060,20.385,0
2026-04-08,15:26:43.716002,676764,4251,15.94125,4387,16.45125,9060,20.385,0
2026-04-08,15:26:43.716002,676796,4253,15.94875,4391,16.46625,9060,20.385,0
2026-04-08,15:26:43.716002,676827,4246,15.9225,4393,16.47375,9060,20.385,0
2026-04-08,15:26:43.716002,676858,4252,15.945,4396,16.485,9059,20.38275,0
2026-04-08,15:26:43.716002,676890,4248,15.93,4390,16.4625,9059,20.38275,0
2026-04-08,15:26:44.644216,680097,4261,15.97875,4383,16.43625,9052,20.367,0
2026-04-08,15:26:44.644216,680229,4251,15.94125,4389,16.45875,9053,20.36925,0
2026-04-08,15:26:44.644216,680261,4254,15.9525,4388,16.455,9052,20.367,0
2026-04-08,15:26:44.644216,680293,4247,15.92625,4386,16.4475,9050,20.3625,0
2026-04-08,15:26:44.644216,680324,4251,15.94125,4384,16.44,9051,20.36475,0
2026-04-08,15:26:44.644216,680356,4253,15.94875,4386,16.4475,9053,20.36925,0
2026-04-08,15:26:44.644216,680387,4251,15.94125,4382,16.4325,9052,20.367,0
2026-04-08,15:26:44.644216,680419,4258,15.9675,4387,16.45125,9050,20.3625,0
2026-04-08,15:26:44.644216,680450,4253,15.94875,4388,16.455,9051,20.36475,0
2026-04-08,15:26:44.644216,680482,4251,15.94125,4384,16.44,9051,20.36475,0
2026-04-08,15:26:44.644216,680513,4244,15.915,4384,16.44,9051,20.36475,0
2026-04-08,15:26:44.644216,680544,4247,15.92625,4392,16.47,9052,20.367,0
2026-04-08,15:26:44.644216,680576,4239,15.89625,4387,16.45125,9051,20.36475,0
2026-04-08,15:26:44.644216,680607,4247,15.92625,4387,16.45125,9051,20.36475,0
2026-04-08,15:26:44.644216,680639,4249,15.93375,4388,16.455,9052,20.367,0
2026-04-08,15:26:44.644216,680670,4250,15.9375,4374,16.4025,9050,20.3625,0
2026-04-08,15:26:44.644216,680702,4250,15.9375,4390,16.4625,9052,20.367,0
2026-04-08,15:26:44.644216,680733,4247,15.92625,4376,16.41,9051,20.36475,0
2026-04-08,15:26:44.644216,680764,4247,15.92625,4379,16.42125,9050,20.3625,0
2026-04-08,15:26:44.644216,680796,4247,15.92625,4386,16.4475,9050,20.3625,0
2026-04-08,15:26:45.462807,681050,4247,15.92625,4378,16.4175,9050,20.3625,0
2026-04-08,15:26:45.462807,681183,4244,15.915,4385,16.44375,9049,20.36025,0
2026-04-08,15:26:45.462807,681215,4247,15.92625,4384,16.44,9049,20.36025,0
2026-04-08,15:26:45.462807,681247,4248,15.93,4389,16.45875,9049,20.36025,0
2026-04-08,15:26:45.462807,681278,4252,15.945,4387,16.45125,9050,20.3625,0
2026-04-08,15:26:45.462807,681310,4245,15.91875,4384,16.44,9048,20.358,0
2026-04-08,15:26:45.462807,681341,4249,15.93375,4389,16.45875,9049,20.36025,0
2026-04-08,15:26:45.462807,681372,4250,15.9375,4395,16.48125,9049,20.36025,0
2026-04-08,15:26:45.462807,681404,4242,15.9075,4382,16.4325,9048,20.358,0
2026-04-08,15:26:45.462807,681435,4252,15.945,4394,16.4775,9049,20.36025,0
2026-04-08,15:26:45.462807,681466,4248,15.93,4389,16.45875,9049,20.36025,0
2026-04-08,15:26:45.462807,681498,4245,15.91875,4390,16.4625,9049,20.36025,0
2026-04-08,15:26:45.462807,681530,4249,15.93375,4389,16.45875,9049,20.36025,0
2026-04-08,15:26:45.462807,681561,4252,15.945,4384,16.44,9048,20.358,0
2026-04-08,15:26:45.462807,681592,4248,15.93,4393,16.47375,9049,20.36025,0
2026-04-08,15:26:45.462807,681624,4247,15.92625,4390,16.4625,9048,20.358,0
2026-04-08,15:26:45.462807,681655,4249,15.93375,4384,16.44,9048,20.358,0
2026-04-08,15:26:45.462807,681686,4251,15.94125,4390,16.4625,9048,20.358,0
2026-04-08,15:26:45.462807,681718,4252,15.945,4387,16.45125,9048,20.358,0
2026-04-08,15:26:45.462807,681749,4245,15.91875,4381,16.42875,9048,20.358,0
2026-04-08,15:26:46.283538,681852,4242,15.9075,4387,16.45125,9048,20.358,0
2026-04-08,15:26:46.283538,681984,4246,15.9225,4382,16.4325,9047,20.35575,0
2026-04-08,15:26:46.283538,682016,4244,15.915,4387,16.45125,9047,20.35575,0
2026-04-08,15:26:46.283538,682048,4247,15.92625,4390,16.4625,9046,20.3535,0
2026-04-08,15:26:46.283538,682079,4244,15.915,4390,16.4625,9047,20.35575,0
2026-04-08,15:26:46.283538,682111,4252,15.945,4396,16.485,9047,20.35575,0
2026-04-08,15:26:46.283538,682142,4241,15.90375,4385,16.44375,9047,20.35575,0
2026-04-08,15:26:46.283538,682173,4242,15.9075,4385,16.44375,9047,20.35575,0
2026-04-08,15:26:46.283538,682205,4249,15.93375,4385,16.44375,9047,20.35575,0
2026-04-08,15:26:46.283538,682236,4250,15.9375,4391,16.46625,9048,20.358,0
2026-04-08,15:26:46.283538,682268,4253,15.94875,4386,16.4475,9046,20.3535,0
2026-04-08,15:26:46.283538,682299,4243,15.91125,4390,16.4625,9047,20.35575,0
2026-04-08,15:26:46.283538,682331,4250,15.9375,4390,16.4625,9047,20.35575,0
2026-04-08,15:26:46.283538,682362,4242,15.9075,4386,16.4475,9047,20.35575,0
2026-04-08,15:26:46.283538,682393,4246,15.9225,4389,16.45875,9048,20.358,0
2026-04-08,15:26:46.283538,682425,4248,15.93,4389,16.45875,9046,20.3535,0
2026-04-08,15:26:46.283538,682456,4244,15.915,4392,16.47,9048,20.358,0
2026-04-08,15:26:46.283538,682488,4245,15.91875,4395,16.48125,9047,20.35575,0
2026-04-08,15:26:46.283538,682519,4249,15.93375,4394,16.4775,9046,20.3535,0
2026-04-08,15:26:46.283538,682551,4251,15.94125,4391,16.46625,9047,20.35575,0
2026-04-08,15:26:47.202068,682665,4251,15.94125,4381,16.42875,9047,20.35575,0
2026-04-08,15:26:47.202068,682796,4251,15.94125,4389,16.45875,9045,20.35125,0
2026-04-08,15:26:47.202068,682828,4248,15.93,4389,16.45875,9047,20.35575,0
2026-04-08,15:26:47.202068,682859,4244,15.915,4384,16.44,9046,20.3535,0
2026-04-08,15:26:47.202068,682891,4243,15.91125,4384,16.44,9047,20.35575,0
2026-04-08,15:26:47.202068,682922,4246,15.9225,4381,16.42875,9046,20.3535,0
2026-04-08,15:26:47.202068,682954,4245,15.91875,4392,16.47,9046,20.3535,0
2026-04-08,15:26:47.202068,682985,4245,15.91875,4385,16.44375,9045,20.35125,0
2026-04-08,15:26:47.202068,683016,4245,15.91875,4393,16.47375,9045,20.35125,0
2026-04-08,15:26:47.202068,683048,4245,15.91875,4396,16.485,9045,20.35125,0
2026-04-08,15:26:47.202068,683080,4252,15.945,4388,16.455,9046,20.3535,0
2026-04-08,15:26:47.202068,683111,4244,15.915,4392,16.47,9045,20.35125,0
2026-04-08,15:26:47.202068,683143,4248,15.93,4389,16.45875,9046,20.3535,0
2026-04-08,15:26:47.202068,683174,4240,15.9,4389,16.45875,9045,20.35125,0
2026-04-08,15:26:47.202068,683205,4244,15.915,4388,16.455,9046,20.3535,0
2026-04-08,15:26:47.202068,683237,4246,15.9225,4386,16.4475,9045,20.35125,0
2026-04-08,15:26:47.202068,683268,4240,15.9,4386,16.4475,9044,20.349,0
2026-04-08,15:26:47.202068,683300,4241,15.90375,4385,16.44375,9044,20.349,0
2026-04-08,15:26:47.202068,683331,4243,15.91125,4392,16.47,9045,20.35125,0
2026-04-08,15:26:47.202068,683362,4243,15.91125,4382,16.4325,9044,20.349,0
2026-04-08,15:26:48.029852,683606,4246,15.9225,4391,16.46625,9043,20.34675,0
2026-04-08,15:26:48.029852,683738,4248,15.93,4397,16.48875,9043,20.34675,0
2026-04-08,15:26:48.029852,683771,4245,15.91875,4390,16.4625,9043,20.34675,0
2026-04-08,15:26:48.029852,683802,4247,15.92625,4388,16.455,9043,20.34675,0
2026-04-08,15:26:48.029852,683833,4250,15.9375,4385,16.44375,9043,20.34675,0
2026-04-08,15:26:48.029852,683865,4246,15.9225,4394,16.4775,9044,20.349,0
2026-04-08,15:26:48.029852,683896,4248,15.93,4388,16.455,9043,20.34675,0
2026-04-08,15:26:48.029852,683928,4245,15.91875,4391,16.46625,9043,20.34675,0
2026-04-08,15:26:48.029852,683959,4244,15.915,4382,16.4325,9042,20.3445,0
2026-04-08,15:26:48.029852,683991,4240,15.9,4385,16.44375,9043,20.34675,0
2026-04-08,15:26:48.029852,684022,4240,15.9,4389,16.45875,9043,20.34675,0
2026-04-08,15:26:48.029852,684054,4244,15.915,4390,16.4625,9043,20.34675,0
2026-04-08,15:26:48.029852,684085,4237,15.88875,4389,16.45875,9042,20.3445,0
2026-04-08,15:26:48.029852,684116,4242,15.9075,4392,16.47,9041,20.34225,0
2026-04-08,15:26:48.029852,684148,4244,15.915,4390,16.4625,9043,20.34675,0
2026-04-08,15:26:48.029852,684179,4249,15.93375,4392,16.47,9041,20.34225,0
2026-04-08,15:26:48.029852,684211,4252,15.945,4388,16.455,9042,20.3445,0
2026-04-08,15:26:48.029852,684242,4250,15.9375,4384,16.44,9042,20.3445,0
2026-04-08,15:26:48.029852,684274,4245,15.91875,4388,16.455,9043,20.34675,0
2026-04-08,15:26:48.029852,684305,4251,15.94125,4384,16.44,9044,20.349,0
2026-04-08,15:26:48.849511,684423,4246,15.9225,4385,16.44375,9043,20.34675,0
2026-04-08,15:26:48.849511,684556,4248,15.93,4388,16.455,9041,20.34225,0
2026-04-08,15:26:48.849511,684588,4241,15.90375,4388,16.455,9041,20.34225,0
2026-04-08,15:26:48.849511,684620,4249,15.93375,4385,16.44375,9042,20.3445,0
2026-04-08,15:26:48.849511,684651,4236,15.885,4389,16.45875,9041,20.34225,0
2026-04-08,15:26:48.849511,684684,4241,15.90375,4388,16.455,9040,20.34,0
2026-04-08,15:26:48.849511,684715,4242,15.9075,4392,16.47,9042,20.3445,0
2026-04-08,15:26:48.849511,684746,4244,15.915,4392,16.47,9042,20.3445,0
2026-04-08,15:26:48.849511,684778,4244,15.915,4383,16.43625,9041,20.34225,0
2026-04-08,15:26:48.849511,684809,4239,15.89625,4383,16.43625,9041,20.34225,0
2026-04-08,15:26:48.849511,684841,4244,15.915,4386,16.4475,9041,20.34225,0
2026-04-08,15:26:48.849511,684872,4239,15.89625,4386,16.4475,9040,20.34,0
2026-04-08,15:26:48.849511,684904,4238,15.8925,4385,16.44375,9041,20.34225,0
2026-04-08,15:26:48.849511,684935,4248,15.93,4386,16.4475,9040,20.34,0
2026-04-08,15:26:48.849511,684966,4250,15.9375,4390,16.4625,9040,20.34,0
2026-04-08,15:26:48.849511,684998,4239,15.89625,4387,16.45125,9040,20.34,0
2026-04-08,15:26:48.849511,685029,4244,15.915,4383,16.43625,9040,20.34,0
2026-04-08,15:26:48.849511,685060,4250,15.9375,4383,16.43625,9041,20.34225,0
2026-04-08,15:26:48.849511,685092,4254,15.9525,4387,16.45125,9040,20.34,0
2026-04-08,15:26:48.849511,685124,4250,15.9375,4383,16.43625,9041,20.34225,0
2026-04-08,15:26:49.868745,685414,4239,15.89625,4384,16.44,9040,20.34,0
2026-04-08,15:26:49.868745,685546,4243,15.91125,4381,16.42875,9039,20.33775,0
2026-04-08,15:26:49.868745,685578,4245,15.91875,4372,16.395,9038,20.3355,0
2026-04-08,15:26:49.868745,685609,4243,15.91125,4386,16.4475,9040,20.34,0
2026-04-08,15:26:49.868745,685641,4243,15.91125,4387,16.45125,9039,20.33775,0
2026-04-08,15:26:49.868745,685672,4243,15.91125,4386,16.4475,9039,20.33775,0
2026-04-08,15:26:49.868745,685704,4247,15.92625,4382,16.4325,9040,20.34,0
2026-04-08,15:26:49.868745,685735,4241,15.90375,4393,16.47375,9040,20.34,0
2026-04-08,15:26:49.868745,685766,4248,15.93,4387,16.45125,9038,20.3355,0
2026-04-08,15:26:49.868745,685798,4246,15.9225,4384,16.44,9040,20.34,0
2026-04-08,15:26:49.868745,685829,4240,15.9,4387,16.45125,9040,20.34,0
2026-04-08,15:26:49.868745,685860,4244,15.915,4392,16.47,9039,20.33775,0
2026-04-08,15:26:49.868745,685892,4242,15.9075,4389,16.45875,9039,20.33775,0
2026-04-08,15:26:49.868745,685923,4236,15.885,4388,16.455,9038,20.3355,0
2026-04-08,15:26:49.868745,685955,4237,15.88875,4389,16.45875,9040,20.34,0
2026-04-08,15:26:49.868745,685986,4243,15.91125,4386,16.4475,9039,20.33775,0
2026-04-08,15:26:49.868745,686018,4242,15.9075,4390,16.4625,9037,20.33325,0
2026-04-08,15:26:49.868745,686049,4248,15.93,4389,16.45875,9039,20.33775,0
2026-04-08,15:26:49.868745,686080,4252,15.945,4393,16.47375,9040,20.34,0
2026-04-08,15:26:49.868745,686112,4247,15.92625,4387,16.45125,9039,20.33775,0
2026-04-08,15:26:50.690258,686279,4244,15.915,4387,16.45125,9037,20.33325,0
2026-04-08,15:26:50.690258,686412,4247,15.92625,4381,16.42875,9038,20.3355,0
2026-04-08,15:26:50.690258,686443,4239,15.89625,4385,16.44375,9036,20.331,0
2026-04-08,15:26:50.690258,686475,4249,15.93375,4386,16.4475,9037,20.33325,0
2026-04-08,15:26:50.690258,686506,4244,15.915,4386,16.4475,9036,20.331,0
2026-04-08,15:26:50.690258,686538,4242,15.9075,4388,16.455,9038,20.3355,0
2026-04-08,15:26:50.690258,686569,4243,15.91125,4384,16.44,9039,20.33775,0
2026-04-08,15:26:50.690258,686601,4246,15.9225,4389,16.45875,9038,20.3355,0
2026-04-08,15:26:50.690258,686632,4242,15.9075,4387,16.45125,9036,20.331,0
2026-04-08,15:26:50.690258,686664,4245,15.91875,4385,16.44375,9037,20.33325,0
2026-04-08,15:26:50.690258,686695,4235,15.88125,4381,16.42875,9036,20.331,0
2026-04-08,15:26:50.690258,686727,4243,15.91125,4379,16.42125,9037,20.33325,0
2026-04-08,15:26:50.690258,686758,4244,15.915,4381,16.42875,9036,20.331,0
2026-04-08,15:26:50.690258,686789,4247,15.92625,4392,16.47,9037,20.33325,0
2026-04-08,15:26:50.690258,686821,4245,15.91875,4381,16.42875,9036,20.331,0
2026-04-08,15:26:50.690258,686852,4247,15.92625,4377,16.41375,9037,20.33325,0
2026-04-08,15:26:50.690258,686883,4241,15.90375,4384,16.44,9037,20.33325,0
2026-04-08,15:26:50.690258,686915,4243,15.91125,4387,16.45125,9036,20.331,0
2026-04-08,15:26:50.690258,686946,4243,15.91125,4390,16.4625,9036,20.331,0
2026-04-08,15:26:50.690258,686978,4250,15.9375,4383,16.43625,9036,20.331,0
2026-04-08,15:26:51.509361,687072,4245,15.91875,4380,16.425,9036,20.331,0
2026-04-08,15:26:51.509361,687204,4248,15.93,4390,16.4625,9035,20.32875,0
2026-04-08,15:26:51.509361,687236,4241,15.90375,4384,16.44,9035,20.32875,0
2026-04-08,15:26:51.509361,687268,4246,15.9225,4387,16.45125,9036,20.331,0
2026-04-08,15:26:51.509361,687299,4244,15.915,4384,16.44,9035,20.32875,0
2026-04-08,15:26:51.509361,687331,4245,15.91875,4383,16.43625,9036,20.331,0
2026-04-08,15:26:51.509361,687362,4246,15.9225,4380,16.425,9036,20.331,0
2026-04-08,15:26:51.509361,687393,4250,15.9375,4386,16.4475,9034,20.3265,0
2026-04-08,15:26:51.509361,687424,4240,15.9,4386,16.4475,9035,20.32875,0
2026-04-08,15:26:51.509361,687456,4248,15.93,4382,16.4325,9036,20.331,0
2026-04-08,15:26:51.509361,687488,4241,15.90375,4380,16.425,9036,20.331,0
2026-04-08,15:26:51.509361,687519,4246,15.9225,4398,16.4925,9036,20.331,0
2026-04-08,15:26:51.509361,687550,4238,15.8925,4391,16.46625,9034,20.3265,0
2026-04-08,15:26:51.509361,687582,4247,15.92625,4390,16.4625,9035,20.32875,0
2026-04-08,15:26:51.509361,687613,4242,15.9075,4384,16.44,9035,20.32875,0
2026-04-08,15:26:51.509361,687645,4244,15.915,4391,16.46625,9034,20.3265,0
2026-04-08,15:26:51.509361,687676,4246,15.9225,4382,16.4325,9034,20.3265,0
2026-04-08,15:26:51.509361,687707,4244,15.915,4380,16.425,9035,20.32875,0
2026-04-08,15:26:51.509361,687739,4242,15.9075,4387,16.45125,9033,20.32425,0
2026-04-08,15:26:51.509361,687770,4244,15.915,4393,16.47375,9034,20.3265,0
2026-04-08,15:26:55.604555,687969,4235,15.88125,4383,16.43625,9035,20.32875,0
2026-04-08,15:26:55.604555,688101,4245,15.91875,4383,16.43625,9033,20.32425,0
2026-04-08,15:26:55.604555,688132,4233,15.87375,4380,16.425,9033,20.32425,0
2026-04-08,15:26:55.604555,688164,4241,15.90375,4385,16.44375,9034,20.3265,0
2026-04-08,15:26:55.604555,688195,4249,15.93375,4388,16.455,9033,20.32425,0
2026-04-08,15:26:55.604555,688227,4243,15.91125,4378,16.4175,9033,20.32425,0
2026-04-08,15:26:55.604555,688258,4240,15.9,4387,16.45125,9032,20.322,0
2026-04-08,15:26:55.604555,688290,4236,15.885,4384,16.44,9032,20.322,0
2026-04-08,15:26:55.604555,688321,4239,15.89625,4382,16.4325,9033,20.32425,0
2026-04-08,15:26:55.604555,688353,4233,15.87375,4381,16.42875,9034,20.3265,0
2026-04-08,15:26:55.604555,688384,4236,15.885,4382,16.4325,9033,20.32425,0
2026-04-08,15:26:55.604555,688415,4246,15.9225,4386,16.4475,9034,20.3265,0
2026-04-08,15:26:55.604555,688446,4238,15.8925,4381,16.42875,9032,20.322,0
2026-04-08,15:26:55.604555,688478,4237,15.88875,4382,16.4325,9033,20.32425,0
2026-04-08,15:26:55.604555,688509,4238,15.8925,4387,16.45125,9031,20.31975,0
2026-04-08,15:26:55.604555,688541,4236,15.885,4381,16.42875,9034,20.3265,0
2026-04-08,15:26:55.604555,688572,4241,15.90375,4382,16.4325,9031,20.31975,0
2026-04-08,15:26:55.604555,688604,4242,15.9075,4380,16.425,9032,20.322,0
2026-04-08,15:26:55.604555,688635,4249,15.93375,4375,16.40625,9033,20.32425,0
2026-04-08,15:26:55.604555,688667,4241,15.90375,4372,16.395,9033,20.32425,0
2026-04-08,15:26:56.424608,692005,4237,15.88875,4379,16.42125,9024,20.304,0
2026-04-08,15:26:56.424608,692138,4248,15.93,4376,16.41,9024,20.304,0
2026-04-08,15:26:56.424608,692170,4241,15.90375,4374,16.4025,9022,20.2995,0
2026-04-08,15:26:56.424608,692202,4239,15.89625,4381,16.42875,9024,20.304,0
2026-04-08,15:26:56.424608,692233,4238,15.8925,4378,16.4175,9023,20.30175,0
2026-04-08,15:26:56.424608,692265,4246,15.9225,4379,16.42125,9023,20.30175,0
2026-04-08,15:26:56.424608,692296,4244,15.915,4376,16.41,9023,20.30175,0
2026-04-08,15:26:56.424608,692327,4241,15.90375,4379,16.42125,9023,20.30175,0
2026-04-08,15:26:56.424608,692359,4243,15.91125,4373,16.39875,9023,20.30175,0
2026-04-08,15:26:56.424608,692390,4242,15.9075,4374,16.4025,9023,20.30175,0
2026-04-08,15:26:56.424608,692422,4245,15.91875,4383,16.43625,9024,20.304,0
2026-04-08,15:26:56.424608,692453,4244,15.915,4386,16.4475,9022,20.2995,0
2026-04-08,15:26:56.424608,692485,4243,15.91125,4381,16.42875,9024,20.304,0
2026-04-08,15:26:56.424608,692516,4249,15.93375,4379,16.42125,9022,20.2995,0
2026-04-08,15:26:56.424608,692547,4239,15.89625,4377,16.41375,9022,20.2995,0
2026-04-08,15:26:56.424608,692579,4247,15.92625,4372,16.395,9022,20.2995,0
2026-04-08,15:26:56.424608,692610,4241,15.90375,4374,16.4025,9023,20.30175,0
2026-04-08,15:26:56.424608,692641,4234,15.8775,4380,16.425,9021,20.29725,0
2026-04-08,15:26:56.424608,692673,4239,15.89625,4373,16.39875,9022,20.2995,0
2026-04-08,15:26:56.424608,692705,4244,15.915,4375,16.40625,9022,20.2995,0
2026-04-08,15:26:57.247524,692811,4247,15.92625,4376,16.41,9021,20.29725,0
2026-04-08,15:26:57.247524,692942,4244,15.915,4377,16.41375,9022,20.2995,0
2026-04-08,15:26:57.247524,692974,4246,15.9225,4376,16.41,9023,20.30175,0
2026-04-08,15:26:57.247524,693005,4241,15.90375,4373,16.39875,9022,20.2995,0
2026-04-08,15:26:57.247524,693037,4241,15.90375,4377,16.41375,9022,20.2995,0
2026-04-08,15:26:57.247524,693069,4237,15.88875,4376,16.41,9022,20.2995,0
2026-04-08,15:26:57.247524,693101,4244,15.915,4380,16.425,9022,20.2995,0
2026-04-08,15:26:57.247524,693133,4239,15.89625,4378,16.4175,9021,20.29725,0
2026-04-08,15:26:57.247524,693164,4235,15.88125,4381,16.42875,9020,20.295,0
2026-04-08,15:26:57.247524,693196,4242,15.9075,4391,16.46625,9022,20.2995,0
2026-04-08,15:26:57.247524,693228,4233,15.87375,4385,16.44375,9021,20.29725,0
2026-04-08,15:26:57.247524,693259,4231,15.86625,4378,16.4175,9020,20.295,0
2026-04-08,15:26:57.247524,693291,4234,15.8775,4376,16.41,9021,20.29725,0
2026-04-08,15:26:57.247524,693323,4239,15.89625,4385,16.44375,9021,20.29725,0
2026-04-08,15:26:57.247524,693354,4244,15.915,4381,16.42875,9020,20.295,0
2026-04-08,15:26:57.247524,693386,4234,15.8775,4378,16.4175,9021,20.29725,0
2026-04-08,15:26:57.247524,693417,4237,15.88875,4384,16.44,9022,20.2995,0
2026-04-08,15:26:57.247524,693448,4232,15.87,4377,16.41375,9020,20.295,0
2026-04-08,15:26:57.247524,693480,4246,15.9225,4386,16.4475,9020,20.295,0
2026-04-08,15:26:57.247524,693511,4240,15.9,4381,16.42875,9020,20.295,0
2026-04-08,15:26:58.057961,693631,4242,15.9075,4385,16.44375,9018,20.2905,0
2026-04-08,15:26:58.057961,693763,4230,15.8625,4385,16.44375,9019,20.29275,0
2026-04-08,15:26:58.057961,693796,4238,15.8925,4386,16.4475,9020,20.295,0
2026-04-08,15:26:58.057961,693827,4242,15.9075,4374,16.4025,9018,20.2905,0
2026-04-08,15:26:58.057961,693858,4232,15.87,4382,16.4325,9019,20.29275,0
2026-04-08,15:26:58.057961,693890,4238,15.8925,4384,16.44,9019,20.29275,0
2026-04-08,15:26:58.057961,693921,4235,15.88125,4383,16.43625,9020,20.295,0
2026-04-08,15:26:58.057961,693953,4235,15.88125,4375,16.40625,9019,20.29275,0
2026-04-08,15:26:58.057961,693984,4239,15.89625,4380,16.425,9021,20.29725,0
2026-04-08,15:26:58.057961,694016,4233,15.87375,4380,16.425,9019,20.29275,0
2026-04-08,15:26:58.057961,694047,4232,15.87,4382,16.4325,9019,20.29275,0
2026-04-08,15:26:58.057961,694079,4243,15.91125,4380,16.425,9018,20.2905,0
2026-04-08,15:26:58.057961,694110,4241,15.90375,4381,16.42875,9019,20.29275,0
2026-04-08,15:26:58.057961,694142,4237,15.88875,4372,16.395,9020,20.295,0
2026-04-08,15:26:58.057961,694173,4240,15.9,4368,16.38,9019,20.29275,0
2026-04-08,15:26:58.057961,694205,4243,15.91125,4376,16.41,9018,20.2905,0
2026-04-08,15:26:58.057961,694236,4241,15.90375,4372,16.395,9020,20.295,0
2026-04-08,15:26:58.057961,694267,4245,15.91875,4373,16.39875,9018,20.2905,0
2026-04-08,15:26:58.057961,694299,4240,15.9,4374,16.4025,9019,20.29275,0
2026-04-08,15:26:58.057961,694330,4240,15.9,4371,16.39125,9018,20.2905,0
2026-04-08,15:26:58.892188,694473,4244,15.915,4375,16.40625,9018,20.2905,0
2026-04-08,15:26:58.892188,694605,4243,15.91125,4373,16.39875,9018,20.2905,0
2026-04-08,15:26:58.892188,694637,4237,15.88875,4373,16.39875,9017,20.28825,0
2026-04-08,15:26:58.892188,694668,4243,15.91125,4372,16.395,9018,20.2905,0
2026-04-08,15:26:58.892188,694700,4240,15.9,4371,16.39125,9017,20.28825,0
2026-04-08,15:26:58.892188,694732,4240,15.9,4367,16.37625,9017,20.28825,0
2026-04-08,15:26:58.892188,694763,4249,15.93375,4376,16.41,9017,20.28825,0
2026-04-08,15:26:58.892188,694794,4248,15.93,4382,16.4325,9018,20.2905,0
2026-04-08,15:26:58.892188,694826,4244,15.915,4386,16.4475,9017,20.28825,0
2026-04-08,15:26:58.892188,694857,4240,15.9,4378,16.4175,9017,20.28825,0
2026-04-08,15:26:58.892188,694889,4240,15.9,4381,16.42875,9017,20.28825,0
2026-04-08,15:26:58.892188,694920,4248,15.93,4383,16.43625,9017,20.28825,0
2026-04-08,15:26:58.892188,694952,4242,15.9075,4379,16.42125,9016,20.286,0
2026-04-08,15:26:58.892188,694983,4241,15.90375,4379,16.42125,9017,20.28825,0
2026-04-08,15:26:58.892188,695015,4244,15.915,4374,16.4025,9018,20.2905,0
2026-04-08,15:26:58.892188,695046,4246,15.9225,4370,16.3875,9017,20.28825,0
2026-04-08,15:26:58.892188,695077,4246,15.9225,4374,16.4025,9017,20.28825,0
2026-04-08,15:26:58.892188,695108,4248,15.93,4376,16.41,9016,20.286,0
2026-04-08,15:26:58.892188,695140,4239,15.89625,4378,16.4175,9017,20.28825,0
2026-04-08,15:26:58.892188,695172,4244,15.915,4384,16.44,9016,20.286,0
2026-04-08,15:26:59.699525,695277,4243,15.91125,4377,16.41375,9016,20.286,0
2026-04-08,15:26:59.699525,695409,4232,15.87,4373,16.39875,9016,20.286,0
2026-04-08,15:26:59.699525,695442,4239,15.89625,4371,16.39125,9017,20.28825,0
2026-04-08,15:26:59.699525,695473,4242,15.9075,4380,16.425,9016,20.286,0
2026-04-08,15:26:59.699525,695505,4240,15.9,4372,16.395,9016,20.286,0
2026-04-08,15:26:59.699525,695536,4236,15.885,4375,16.40625,9016,20.286,0
2026-04-08,15:26:59.699525,695568,4237,15.88875,4365,16.36875,9015,20.28375,0
2026-04-08,15:26:59.699525,695599,4232,15.87,4367,16.37625,9015,20.28375,0
2026-04-08,15:26:59.699525,695631,4235,15.88125,4375,16.40625,9015,20.28375,0
2026-04-08,15:26:59.699525,695662,4236,15.885,4380,16.425,9014,20.2815,0
2026-04-08,15:26:59.699525,695693,4234,15.8775,4378,16.4175,9016,20.286,0
2026-04-08,15:26:59.699525,695725,4246,15.9225,4376,16.41,9014,20.2815,0
2026-04-08,15:26:59.699525,695756,4241,15.90375,4375,16.40625,9015,20.28375,0
2026-04-08,15:26:59.699525,695788,4238,15.8925,4378,16.4175,9014,20.2815,0
2026-04-08,15:26:59.699525,695819,4240,15.9,4379,16.42125,9014,20.2815,0
2026-04-08,15:26:59.699525,695851,4240,15.9,4373,16.39875,9014,20.2815,0
2026-04-08,15:26:59.699525,695882,4238,15.8925,4365,16.36875,9015,20.28375,0
2026-04-08,15:26:59.699525,695913,4240,15.9,4381,16.42875,9015,20.28375,0
2026-04-08,15:26:59.699525,695945,4237,15.88875,4377,16.41375,9014,20.2815,0
2026-04-08,15:26:59.699525,695976,4228,15.855,4382,16.4325,9014,20.2815,0
2026-04-08,15:27:00.553762,696090,4241,15.90375,4373,16.39875,9015,20.28375,0
2026-04-08,15:27:00.553762,696222,4230,15.8625,4373,16.39875,9015,20.28375,0
2026-04-08,15:27:00.553762,696255,4230,15.8625,4373,16.39875,9014,20.2815,0
2026-04-08,15:27:00.553762,696286,4234,15.8775,4375,16.40625,9014,20.2815,0
2026-04-08,15:27:00.553762,696318,4234,15.8775,4383,16.43625,9014,20.2815,0
2026-04-08,15:27:00.553762,696349,4231,15.86625,4379,16.42125,9013,20.27925,0
2026-04-08,15:27:00.553762,696381,4235,15.88125,4372,16.395,9014,20.2815,0
2026-04-08,15:27:00.553762,696412,4231,15.86625,4365,16.36875,9014,20.2815,0
2026-04-08,15:27:00.553762,696444,4243,15.91125,4377,16.41375,9013,20.27925,0
2026-04-08,15:27:00.553762,696475,4235,15.88125,4377,16.41375,9013,20.27925,0
2026-04-08,15:27:00.553762,696507,4235,15.88125,4376,16.41,9013,20.27925,0
2026-04-08,15:27:00.553762,696538,4243,15.91125,4371,16.39125,9012,20.277,0
2026-04-08,15:27:00.553762,696570,4241,15.90375,4371,16.39125,9013,20.27925,0
2026-04-08,15:27:00.553762,696601,4238,15.8925,4370,16.3875,9013,20.27925,0
2026-04-08,15:27:00.553762,696632,4232,15.87,4375,16.40625,9014,20.2815,0
2026-04-08,15:27:00.553762,696664,4237,15.88875,4372,16.395,9015,20.28375,0
2026-04-08,15:27:00.553762,696695,4231,15.86625,4383,16.43625,9012,20.277,0
2026-04-08,15:27:00.553762,696726,4237,15.88875,4377,16.41375,9012,20.277,0
2026-04-08,15:27:00.553762,696758,4239,15.89625,4374,16.4025,9014,20.2815,0
2026-04-08,15:27:00.553762,696789,4233,15.87375,4376,16.41,9013,20.27925,0
2026-04-08,15:27:01.446866,696980,4238,15.8925,4378,16.4175,9011,20.27475,0
2026-04-08,15:27:01.446866,697112,4238,15.8925,4374,16.4025,9011,20.27475,0
2026-04-08,15:27:01.446866,697143,4235,15.88125,4377,16.41375,9012,20.277,0
2026-04-08,15:27:01.446866,697175,4229,15.85875,4383,16.43625,9012,20.277,0
2026-04-08,15:27:01.446866,697207,4227,15.85125,4382,16.4325,9012,20.277,0
2026-04-08,15:27:01.446866,697238,4234,15.8775,4382,16.4325,9012,20.277,0
2026-04-08,15:27:01.446866,697270,4236,15.885,4371,16.39125,9010,20.2725,0
2026-04-08,15:27:01.446866,697301,4231,15.86625,4377,16.41375,9012,20.277,0
2026-04-08,15:27:01.446866,697332,4232,15.87,4373,16.39875,9012,20.277,0
2026-04-08,15:27:01.446866,697364,4234,15.8775,4369,16.38375,9011,20.27475,0
2026-04-08,15:27:01.446866,697395,4233,15.87375,4366,16.3725,9011,20.27475,0
2026-04-08,15:27:01.446866,697426,4242,15.9075,4367,16.37625,9012,20.277,0
2026-04-08,15:27:01.446866,697458,4232,15.87,4373,16.39875,9011,20.27475,0
2026-04-08,15:27:01.446866,697490,4229,15.85875,4373,16.39875,9009,20.27025,0
2026-04-08,15:27:01.446866,697521,4229,15.85875,4365,16.36875,9011,20.27475,0
2026-04-08,15:27:01.446866,697552,4234,15.8775,4372,16.395,9011,20.27475,0
2026-04-08,15:27:01.446866,697584,4228,15.855,4376,16.41,9011,20.27475,0
2026-04-08,15:27:01.446866,697615,4225,15.84375,4373,16.39875,9010,20.2725,0
2026-04-08,15:27:01.446866,697646,4237,15.88875,4376,16.41,9010,20.2725,0
2026-04-08,15:27:01.446866,697678,4238,15.8925,4370,16.3875,9012,20.277,0
2026-04-08,15:27:02.267384,697848,4235,15.88125,4372,16.395,9009,20.27025,0
2026-04-08,15:27:02.267384,697981,4230,15.8625,4376,16.41,9009,20.27025,0
2026-04-08,15:27:02.267384,698013,4236,15.885,4365,16.36875,9010,20.2725,0
2026-04-08,15:27:02.267384,698044,4243,15.91125,4380,16.425,9010,20.2725,0
2026-04-08,15:27:02.267384,698075,4233,15.87375,4375,16.40625,9009,20.27025,0
2026-04-08,15:27:02.267384,698107,4235,15.88125,4370,16.3875,9009,20.27025,0
2026-04-08,15:27:02.267384,698139,4234,15.8775,4378,16.4175,9009,20.27025,0
2026-04-08,15:27:02.267384,698170,4232,15.87,4374,16.4025,9009,20.27025,0
2026-04-08,15:27:02.267384,698202,4232,15.87,4374,16.4025,9009,20.27025,0
2026-04-08,15:27:02.267384,698233,4232,15.87,4366,16.3725,9010,20.2725,0
2026-04-08,15:27:02.267384,698264,4235,15.88125,4369,16.38375,9009,20.27025,0
2026-04-08,15:27:02.267384,698296,4236,15.885,4382,16.4325,9009,20.27025,0
2026-04-08,15:27:02.267384,698327,4234,15.8775,4373,16.39875,9010,20.2725,0
2026-04-08,15:27:02.267384,698358,4241,15.90375,4368,16.38,9009,20.27025,0
2026-04-08,15:27:02.267384,698390,4234,15.8775,4374,16.4025,9008,20.268,0
2026-04-08,15:27:02.267384,698422,4233,15.87375,4375,16.40625,9009,20.27025,0
2026-04-08,15:27:02.267384,698453,4239,15.89625,4369,16.38375,9009,20.27025,0
2026-04-08,15:27:02.267384,698484,4235,15.88125,4376,16.41,9009,20.27025,0
2026-04-08,15:27:02.267384,698516,4238,15.8925,4374,16.4025,9010,20.2725,0
2026-04-08,15:27:02.267384,698547,4243,15.91125,4378,16.4175,9007,20.26575,0
2026-04-08,15:27:03.083286,698657,4237,15.88875,4370,16.3875,9008,20.268,0
2026-04-08,15:27:03.083286,698789,4236,15.885,4376,16.41,9007,20.26575,0
2026-04-08,15:27:03.083286,698821,4236,15.885,4371,16.39125,9006,20.2635,0
2026-04-08,15:27:03.083286,698853,4231,15.86625,4369,16.38375,9008,20.268,0
2026-04-08,15:27:03.083286,698884,4231,15.86625,4370,16.3875,9008,20.268,0
2026-04-08,15:27:03.083286,698916,4228,15.855,4379,16.42125,9007,20.26575,0
2026-04-08,15:27:03.083286,698947,4230,15.8625,4374,16.4025,9007,20.26575,0
2026-04-08,15:27:03.083286,698979,4233,15.87375,4373,16.39875,9008,20.268,0
2026-04-08,15:27:03.083286,699011,4233,15.87375,4363,16.36125,9006,20.2635,0
2026-04-08,15:27:03.083286,699042,4232,15.87,4370,16.3875,9008,20.268,0
2026-04-08,15:27:03.083286,699073,4239,15.89625,4367,16.37625,9008,20.268,0
2026-04-08,15:27:03.083286,699105,4231,15.86625,4373,16.39875,9007,20.26575,0
2026-04-08,15:27:03.083286,699136,4230,15.8625,4372,16.395,9007,20.26575,0
2026-04-08,15:27:03.083286,699167,4229,15.85875,4372,16.395,9007,20.26575,0
2026-04-08,15:27:03.083286,699199,4229,15.85875,4375,16.40625,9007,20.26575,0
2026-04-08,15:27:03.083286,699230,4236,15.885,4372,16.395,9007,20.26575,0
2026-04-08,15:27:03.083286,699262,4234,15.8775,4371,16.39125,9006,20.2635,0
2026-04-08,15:27:03.083286,699293,4227,15.85125,4374,16.4025,9006,20.2635,0
2026-04-08,15:27:03.083286,699325,4230,15.8625,4381,16.42875,9006,20.2635,0
2026-04-08,15:27:03.083286,699356,4232,15.87,4379,16.42125,9006,20.2635,0
2026-04-08,15:27:04.002002,699541,4229,15.85875,4365,16.36875,9006,20.2635,0
2026-04-08,15:27:04.002002,699673,4234,15.8775,4377,16.41375,9006,20.2635,0
2026-04-08,15:27:04.002002,699704,4235,15.88125,4370,16.3875,9007,20.26575,0
2026-04-08,15:27:04.002002,699736,4232,15.87,4368,16.38,9005,20.26125,0
2026-04-08,15:27:04.002002,699768,4231,15.86625,4365,16.36875,9005,20.26125,0
2026-04-08,15:27:04.002002,699799,4225,15.84375,4367,16.37625,9005,20.26125,0
2026-04-08,15:27:04.002002,699831,4226,15.8475,4370,16.3875,9004,20.259,0
2026-04-08,15:27:04.002002,699862,4226,15.8475,4369,16.38375,9005,20.26125,0
2026-04-08,15:27:04.002002,699893,4231,15.86625,4375,16.40625,9005,20.26125,0
2026-04-08,15:27:04.002002,699925,4231,15.86625,4383,16.43625,9004,20.259,0
2026-04-08,15:27:04.002002,699956,4231,15.86625,4377,16.41375,9005,20.26125,0
2026-04-08,15:27:04.002002,699987,4227,15.85125,4374,16.4025,9004,20.259,0
2026-04-08,15:27:04.002002,700019,4234,15.8775,4376,16.41,9005,20.26125,0
2026-04-08,15:27:04.002002,700050,4230,15.8625,4378,16.4175,9006,20.2635,0
2026-04-08,15:27:04.002002,700082,4235,15.88125,4373,16.39875,9006,20.2635,0
2026-04-08,15:27:04.002002,700113,4233,15.87375,4376,16.41,9004,20.259,0
2026-04-08,15:27:04.002002,700145,4242,15.9075,4368,16.38,9005,20.26125,0
2026-04-08,15:27:04.002002,700176,4234,15.8775,4374,16.4025,9004,20.259,0
2026-04-08,15:27:04.002002,700207,4232,15.87,4374,16.4025,9005,20.26125,0
2026-04-08,15:27:04.002002,700239,4235,15.88125,4372,16.395,9005,20.26125,0
2026-04-08,15:27:05.031861,700570,4229,15.85875,4376,16.41,9002,20.2545,0
2026-04-08,15:27:05.031861,700702,4233,15.87375,4374,16.4025,9002,20.2545,0
2026-04-08,15:27:05.031861,700733,4228,15.855,4370,16.3875,9002,20.2545,0
2026-04-08,15:27:05.031861,700765,4233,15.87375,4379,16.42125,9002,20.2545,0
2026-04-08,15:27:05.031861,700796,4231,15.86625,4372,16.395,9003,20.25675,0
2026-04-08,15:27:05.031861,700828,4236,15.885,4367,16.37625,9003,20.25675,0
2026-04-08,15:27:05.031861,700859,4233,15.87375,4374,16.4025,9003,20.25675,0
2026-04-08,15:27:05.031861,700891,4235,15.88125,4371,16.39125,9004,20.259,0
2026-04-08,15:27:05.031861,700922,4232,15.87,4359,16.34625,9002,20.2545,0
2026-04-08,15:27:05.031861,700954,4230,15.8625,4373,16.39875,9000,20.25,0
2026-04-08,15:27:05.031861,700985,4220,15.825,4375,16.40625,9000,20.25,0
2026-04-08,15:27:05.031861,701016,4225,15.84375,4379,16.42125,9002,20.2545,0
2026-04-08,15:27:05.031861,701047,4225,15.84375,4379,16.42125,9003,20.25675,0
2026-04-08,15:27:05.031861,701079,4230,15.8625,4373,16.39875,9001,20.25225,0
2026-04-08,15:27:05.031861,701111,4234,15.8775,4374,16.4025,9002,20.2545,0
2026-04-08,15:27:05.031861,701142,4239,15.89625,4372,16.395,9001,20.25225,0
2026-04-08,15:27:05.031861,701174,4233,15.87375,4375,16.40625,9003,20.25675,0
2026-04-08,15:27:05.031861,701205,4232,15.87,4363,16.36125,9001,20.25225,0
2026-04-08,15:27:05.031861,701236,4233,15.87375,4368,16.38,9002,20.2545,0
2026-04-08,15:27:05.031861,701268,4226,15.8475,4370,16.3875,9003,20.25675,0
2026-04-08,15:27:06.245044,701594,4232,15.87,4372,16.395,9001,20.25225,0
2026-04-08,15:27:06.245044,701726,4238,15.8925,4371,16.39125,9000,20.25,0
2026-04-08,15:27:06.245044,701757,4234,15.8775,4370,16.3875,9000,20.25,0
2026-04-08,15:27:06.245044,701789,4227,15.85125,4377,16.41375,9000,20.25,0
2026-04-08,15:27:06.245044,701821,4234,15.8775,4371,16.39125,9000,20.25,0
2026-04-08,15:27:06.245044,701852,4237,15.88875,4369,16.38375,9000,20.25,0
2026-04-08,15:27:06.245044,701884,4233,15.87375,4375,16.40625,8999,20.24775,0
2026-04-08,15:27:06.245044,701915,4234,15.8775,4368,16.38,9001,20.25225,0
2026-04-08,15:27:06.245044,701946,4235,15.88125,4366,16.3725,8999,20.24775,0
2026-04-08,15:27:06.245044,701978,4227,15.85125,4368,16.38,9000,20.25,0
2026-04-08,15:27:06.245044,702009,4227,15.85125,4375,16.40625,8999,20.24775,0
2026-04-08,15:27:06.245044,702040,4233,15.87375,4374,16.4025,8999,20.24775,0
2026-04-08,15:27:06.245044,702072,4225,15.84375,4372,16.395,8999,20.24775,0
2026-04-08,15:27:06.245044,702104,4226,15.8475,4367,16.37625,9001,20.25225,0
2026-04-08,15:27:06.245044,702135,4228,15.855,4371,16.39125,8999,20.24775,0
2026-04-08,15:27:06.245044,702166,4226,15.8475,4378,16.4175,8999,20.24775,0
2026-04-08,15:27:06.245044,702198,4228,15.855,4373,16.39875,8999,20.24775,0
2026-04-08,15:27:06.245044,702229,4234,15.8775,4370,16.3875,9001,20.25225,0
2026-04-08,15:27:06.245044,702260,4233,15.87375,4371,16.39125,8999,20.24775,0
2026-04-08,15:27:06.245044,702292,4233,15.87375,4373,16.39875,8998,20.2455,0
2026-04-08,15:27:07.076039,702640,4230,15.8625,4370,16.3875,8997,20.24325,0
2026-04-08,15:27:07.076039,702772,4230,15.8625,4371,16.39125,8997,20.24325,0
2026-04-08,15:27:07.076039,702805,4237,15.88875,4364,16.365,8997,20.24325,0
2026-04-08,15:27:07.076039,702836,4231,15.86625,4371,16.39125,8998,20.2455,0
2026-04-08,15:27:07.076039,702868,4239,15.89625,4373,16.39875,8996,20.241,0
2026-04-08,15:27:07.076039,702899,4227,15.85125,4368,16.38,8998,20.2455,0
2026-04-08,15:27:07.076039,702931,4223,15.83625,4365,16.36875,8997,20.24325,0
2026-04-08,15:27:07.076039,702962,4228,15.855,4370,16.3875,8999,20.24775,0
2026-04-08,15:27:07.076039,702993,4225,15.84375,4369,16.38375,8998,20.2455,0
2026-04-08,15:27:07.076039,703025,4225,15.84375,4371,16.39125,8997,20.24325,0
2026-04-08,15:27:07.076039,703056,4227,15.85125,4375,16.40625,8997,20.24325,0
2026-04-08,15:27:07.076039,703088,4236,15.885,4373,16.39875,8997,20.24325,0
2026-04-08,15:27:07.076039,703119,4234,15.8775,4370,16.3875,8997,20.24325,0
2026-04-08,15:27:07.076039,703151,4231,15.86625,4363,16.36125,8996,20.241,0
2026-04-08,15:27:07.076039,703182,4223,15.83625,4381,16.42875,8997,20.24325,0
2026-04-08,15:27:07.076039,703214,4228,15.855,4374,16.4025,8996,20.241,0
2026-04-08,15:27:07.076039,703245,4224,15.84,4369,16.38375,8996,20.241,0
2026-04-08,15:27:07.076039,703276,4230,15.8625,4376,16.41,8995,20.23875,0
2026-04-08,15:27:07.076039,703308,4229,15.85875,4374,16.4025,8995,20.23875,0
2026-04-08,15:27:07.076039,703339,4235,15.88125,4372,16.395,8998,20.2455,0
2026-04-08,15:27:08.089481,703461,4225,15.84375,4368,16.38,8994,20.2365,0
2026-04-08,15:27:08.089481,703594,4222,15.8325,4368,16.38,8996,20.241,0
2026-04-08,15:27:08.089481,703626,4232,15.87,4367,16.37625,8995,20.23875,0
2026-04-08,15:27:08.089481,703657,4229,15.85875,4362,16.3575,8995,20.23875,0
2026-04-08,15:27:08.089481,703689,4230,15.8625,4364,16.365,8995,20.23875,0
2026-04-08,15:27:08.089481,703720,4230,15.8625,4369,16.38375,8995,20.23875,0
2026-04-08,15:27:08.089481,703752,4224,15.84,4371,16.39125,8995,20.23875,0
2026-04-08,15:27:08.089481,703783,4226,15.8475,4375,16.40625,8997,20.24325,0
2026-04-08,15:27:08.089481,703814,4229,15.85875,4372,16.395,8994,20.2365,0
2026-04-08,15:27:08.089481,703846,4235,15.88125,4368,16.38,8994,20.2365,0
2026-04-08,15:27:08.089481,703878,4233,15.87375,4376,16.41,8994,20.2365,0
2026-04-08,15:27:08.089481,703909,4232,15.87,4371,16.39125,8995,20.23875,0
2026-04-08,15:27:08.089481,703940,4233,15.87375,4374,16.4025,8995,20.23875,0
2026-04-08,15:27:08.089481,703972,4234,15.8775,4367,16.37625,8994,20.2365,0
2026-04-08,15:27:08.089481,704003,4231,15.86625,4369,16.38375,8996,20.241,0
2026-04-08,15:27:08.089481,704035,4236,15.885,4366,16.3725,8995,20.23875,0
2026-04-08,15:27:08.089481,704066,4230,15.8625,4368,16.38,8995,20.23875,0
2026-04-08,15:27:08.089481,704097,4231,15.86625,4372,16.395,8994,20.2365,0
2026-04-08,15:27:08.089481,704129,4234,15.8775,4375,16.40625,8994,20.2365,0
2026-04-08,15:27:08.089481,704160,4231,15.86625,4364,16.365,8994,20.2365,0
2026-04-08,15:27:09.111141,704473,4226,15.8475,4364,16.365,8993,20.23425,0
2026-04-08,15:27:09.111141,704605,4229,15.85875,4374,16.4025,8993,20.23425,0
2026-04-08,15:27:09.111141,704638,4240,15.9,4378,16.4175,8992,20.232,0
2026-04-08,15:27:09.111141,704669,4224,15.84,4366,16.3725,8992,20.232,0
2026-04-08,15:27:09.111141,704701,4234,15.8775,4372,16.395,8993,20.23425,0
2026-04-08,15:27:09.111141,704732,4222,15.8325,4372,16.395,8992,20.232,0
2026-04-08,15:27:09.111141,704764,4235,15.88125,4367,16.37625,8993,20.23425,0
2026-04-08,15:27:09.111141,704795,4224,15.84,4368,16.38,8992,20.232,0
2026-04-08,15:27:09.111141,704826,4235,15.88125,4370,16.3875,8993,20.23425,0
2026-04-08,15:27:09.111141,704858,4233,15.87375,4373,16.39875,8992,20.232,0
2026-04-08,15:27:09.111141,704889,4226,15.8475,4376,16.41,8994,20.2365,0
2026-04-08,15:27:09.111141,704921,4234,15.8775,4384,16.44,8992,20.232,0
2026-04-08,15:27:09.111141,704952,4229,15.85875,4375,16.40625,8993,20.23425,0
2026-04-08,15:27:09.111141,704984,4236,15.885,4371,16.39125,8991,20.22975,0
2026-04-08,15:27:09.111141,705015,4234,15.8775,4374,16.4025,8991,20.22975,0
2026-04-08,15:27:09.111141,705047,4223,15.83625,4373,16.39875,8992,20.232,0
2026-04-08,15:27:09.111141,705078,4228,15.855,4364,16.365,8992,20.232,0
2026-04-08,15:27:09.111141,705109,4234,15.8775,4372,16.395,8991,20.22975,0
2026-04-08,15:27:09.111141,705140,4232,15.87,4368,16.38,8992,20.232,0
2026-04-08,15:27:09.111141,705172,4237,15.88875,4370,16.3875,8991,20.22975,0
2026-04-08,15:27:09.976117,705496,4228,15.855,4373,16.39875,8991,20.22975,0
2026-04-08,15:27:09.976117,705627,4233,15.87375,4372,16.395,8990,20.2275,0
2026-04-08,15:27:09.976117,705660,4226,15.8475,4374,16.4025,8990,20.2275,0
2026-04-08,15:27:09.976117,705691,4225,15.84375,4368,16.38,8990,20.2275,0
2026-04-08,15:27:09.976117,705722,4229,15.85875,4368,16.38,8990,20.2275,0
2026-04-08,15:27:09.976117,705754,4230,15.8625,4366,16.3725,8990,20.2275,0
2026-04-08,15:27:09.976117,705785,4233,15.87375,4370,16.3875,8990,20.2275,0
2026-04-08,15:27:09.976117,705817,4228,15.855,4367,16.37625,8991,20.22975,0
2026-04-08,15:27:09.976117,705848,4225,15.84375,4364,16.365,8991,20.22975,0
2026-04-08,15:27:09.976117,705880,4231,15.86625,4368,16.38,8989,20.22525,0
2026-04-08,15:27:09.976117,705911,4233,15.87375,4372,16.395,8989,20.22525,0
2026-04-08,15:27:09.976117,705942,4224,15.84,4364,16.365,8991,20.22975,0
2026-04-08,15:27:09.976117,705974,4229,15.85875,4381,16.42875,8990,20.2275,0
2026-04-08,15:27:09.976117,706005,4223,15.83625,4377,16.41375,8990,20.2275,0
2026-04-08,15:27:09.976117,706037,4231,15.86625,4368,16.38,8989,20.22525,0
2026-04-08,15:27:09.976117,706068,4222,15.8325,4371,16.39125,8991,20.22975,0
2026-04-08,15:27:09.976117,706100,4228,15.855,4369,16.38375,8990,20.2275,0
2026-04-08,15:27:09.976117,706131,4228,15.855,4371,16.39125,8990,20.2275,0
2026-04-08,15:27:09.976117,706162,4229,15.85875,4363,16.36125,8991,20.22975,0
2026-04-08,15:27:09.976117,706194,4225,15.84375,4365,16.36875,8988,20.223,0
2026-04-08,15:27:11.060461,706402,4234,15.8775,4375,16.40625,8990,20.2275,0
2026-04-08,15:27:11.060461,706533,4224,15.84,4368,16.38,8988,20.223,0
2026-04-08,15:27:11.060461,706565,4229,15.85875,4367,16.37625,8989,20.22525,0
2026-04-08,15:27:11.060461,706597,4228,15.855,4369,16.38375,8988,20.223,0
2026-04-08,15:27:11.060461,706628,4227,15.85125,4366,16.3725,8989,20.22525,0
2026-04-08,15:27:11.060461,706659,4227,15.85125,4367,16.37625,8989,20.22525,0
2026-04-08,15:27:11.060461,706691,4227,15.85125,4361,16.35375,8987,20.22075,0
2026-04-08,15:27:11.060461,706722,4229,15.85875,4364,16.365,8988,20.223,0
2026-04-08,15:27:11.060461,706754,4232,15.87,4360,16.35,8988,20.223,0
2026-04-08,15:27:11.060461,706785,4231,15.86625,4365,16.36875,8987,20.22075,0
2026-04-08,15:27:11.060461,706817,4223,15.83625,4361,16.35375,8988,20.223,0
2026-04-08,15:27:11.060461,706848,4222,15.8325,4360,16.35,8987,20.22075,0
2026-04-08,15:27:11.060461,706879,4225,15.84375,4361,16.35375,8989,20.22525,0
2026-04-08,15:27:11.060461,706911,4228,15.855,4368,16.38,8987,20.22075,0
2026-04-08,15:27:11.060461,706942,4223,15.83625,4371,16.39125,8988,20.223,0
2026-04-08,15:27:11.060461,706973,4228,15.855,4356,16.335,8987,20.22075,0
2026-04-08,15:27:11.060461,707005,4223,15.83625,4358,16.3425,8988,20.223,0
2026-04-08,15:27:11.060461,707036,4223,15.83625,4369,16.38375,8988,20.223,0
2026-04-08,15:27:11.060461,707068,4225,15.84375,4361,16.35375,8986,20.2185,0
2026-04-08,15:27:11.060461,707100,4215,15.80625,4361,16.35375,8987,20.22075,0
2026-04-08,15:27:11.884764,707476,74,0.2775,181,0.67875,9244,20.799,0
2026-04-08,15:27:11.884764,707603,63,0.23625,180,0.675,9247,20.80575,0
2026-04-08,15:27:11.884764,707636,72,0.27,185,0.69375,9247,20.80575,0
2026-04-08,15:27:11.884764,707667,69,0.25875,177,0.66375,9248,20.808,0
2026-04-08,15:27:11.884764,707699,73,0.27375,175,0.65625,9248,20.808,0
2026-04-08,15:27:11.884764,707730,71,0.26625,186,0.6975,9249,20.81025,0
2026-04-08,15:27:11.884764,707762,75,0.28125,188,0.705,9249,20.81025,0
2026-04-08,15:27:11.884764,707793,71,0.26625,198,0.7425,9248,20.808,0
2026-04-08,15:27:11.884764,707825,73,0.27375,180,0.675,9249,20.81025,0
2026-04-08,15:27:11.884764,707856,74,0.2775,184,0.69,9249,20.81025,0
2026-04-08,15:27:11.884764,707887,69,0.25875,182,0.6825,9250,20.8125,0
2026-04-08,15:27:11.884764,707919,70,0.2625,182,0.6825,9250,20.8125,0
2026-04-08,15:27:11.884764,707950,68,0.255,185,0.69375,9251,20.81475,0
2026-04-08,15:27:11.884764,707982,76,0.285,184,0.69,9249,20.81025,0
2026-04-08,15:27:11.884764,708013,70,0.2625,186,0.6975,9251,20.81475,0
2026-04-08,15:27:11.884764,708045,73,0.27375,180,0.675,9252,20.817,0
2026-04-08,15:27:11.884764,708076,74,0.2775,183,0.68625,9253,20.81925,0
2026-04-08,15:27:11.884764,708107,71,0.26625,181,0.67875,9252,20.817,0
2026-04-08,15:27:11.884764,708139,72,0.27,184,0.69,9251,20.81475,0
2026-04-08,15:27:11.884764,708170,72,0.27,177,0.66375,9251,20.81475,0
2026-04-08,15:27:12.795737,708270,69,0.25875,176,0.66,9252,20.817,0
2026-04-08,15:27:12.795737,708396,64,0.24,188,0.705,9252,20.817,0
2026-04-08,15:27:12.795737,708428,62,0.2325,180,0.675,9252,20.817,0
2026-04-08,15:27:12.795737,708459,68,0.255,180,0.675,9252,20.817,0
2026-04-08,15:27:12.795737,708491,61,0.22875,179,0.67125,9252,20.817,0
2026-04-08,15:27:12.795737,708522,65,0.24375,173,0.64875,9252,20.817,0
2026-04-08,15:27:12.795737,708554,71,0.26625,184,0.69,9253,20.81925,0
2026-04-08,15:27:12.795737,708585,72,0.27,182,0.6825,9252,20.817,0
2026-04-08,15:27:12.795737,708616,69,0.25875,181,0.67875,9252,20.817,0
2026-04-08,15:27:12.795737,708648,70,0.2625,177,0.66375,9252,20.817,0
2026-04-08,15:27:12.795737,708679,66,0.2475,185,0.69375,9253,20.81925,0
2026-04-08,15:27:12.795737,708711,74,0.2775,181,0.67875,9252,20.817,0
2026-04-08,15:27:12.795737,708742,76,0.285,176,0.66,9252,20.817,0
2026-04-08,15:27:12.795737,708774,65,0.24375,186,0.6975,9254,20.8215,0
2026-04-08,15:27:12.795737,708805,65,0.24375,184,0.69,9254,20.8215,0
2026-04-08,15:27:12.795737,708837,70,0.2625,187,0.70125,9253,20.81925,0
2026-04-08,15:27:12.795737,708868,71,0.26625,180,0.675,9252,20.817,0
2026-04-08,15:27:12.795737,708899,70,0.2625,182,0.6825,9253,20.81925,0
2026-04-08,15:27:12.795737,708930,67,0.25125,178,0.6675,9253,20.81925,0
2026-04-08,15:27:12.795737,708962,62,0.2325,178,0.6675,9254,20.8215,0
2026-04-08,15:27:13.627140,709197,63,0.23625,182,0.6825,9255,20.82375,0
2026-04-08,15:27:13.627140,709324,75,0.28125,182,0.6825,9256,20.826,0
2026-04-08,15:27:13.627140,709356,70,0.2625,180,0.675,9256,20.826,0
2026-04-08,15:27:13.627140,709388,70,0.2625,176,0.66,9256,20.826,0
2026-04-08,15:27:13.627140,709419,64,0.24,180,0.675,9254,20.8215,0
2026-04-08,15:27:13.627140,709451,64,0.24,182,0.6825,9254,20.8215,0
2026-04-08,15:27:13.627140,709483,62,0.2325,187,0.70125,9255,20.82375,0
2026-04-08,15:27:13.627140,709514,65,0.24375,180,0.675,9254,20.8215,0
2026-04-08,15:27:13.627140,709545,72,0.27,184,0.69,9257,20.82825,0
2026-04-08,15:27:13.627140,709577,68,0.255,175,0.65625,9254,20.8215,0
2026-04-08,15:27:13.627140,709608,64,0.24,185,0.69375,9254,20.8215,0
2026-04-08,15:27:13.627140,709639,65,0.24375,171,0.64125,9254,20.8215,0
2026-04-08,15:27:13.627140,709671,66,0.2475,176,0.66,9255,20.82375,0
2026-04-08,15:27:13.627140,709702,71,0.26625,176,0.66,9256,20.826,0
2026-04-08,15:27:13.627140,709734,73,0.27375,172,0.645,9255,20.82375,0
2026-04-08,15:27:13.627140,709765,71,0.26625,175,0.65625,9255,20.82375,0
2026-04-08,15:27:13.627140,709797,61,0.22875,179,0.67125,9256,20.826,0
2026-04-08,15:27:13.627140,709828,68,0.255,183,0.68625,9255,20.82375,0
2026-04-08,15:27:13.627140,709860,66,0.2475,182,0.6825,9255,20.82375,0
2026-04-08,15:27:13.627140,709891,63,0.23625,172,0.645,9255,20.82375,0
2026-04-08,15:27:14.482243,710012,64,0.24,187,0.70125,9257,20.82825,0
2026-04-08,15:27:14.482243,710138,67,0.25125,180,0.675,9256,20.826,0
2026-04-08,15:27:14.482243,710170,60,0.225,191,0.71625,9256,20.826,0
2026-04-08,15:27:14.482243,710202,60,0.225,180,0.675,9255,20.82375,0
2026-04-08,15:27:14.482243,710233,68,0.255,184,0.69,9256,20.826,0
2026-04-08,15:27:14.482243,710264,69,0.25875,191,0.71625,9257,20.82825,0
2026-04-08,15:27:14.482243,710296,62,0.2325,179,0.67125,9256,20.826,0
2026-04-08,15:27:14.482243,710327,61,0.22875,183,0.68625,9255,20.82375,0
2026-04-08,15:27:14.482243,710359,60,0.225,178,0.6675,9255,20.82375,0
2026-04-08,15:27:14.482243,710390,68,0.255,172,0.645,9257,20.82825,0
2026-04-08,15:27:14.482243,710422,63,0.23625,183,0.68625,9258,20.8305,0
2026-04-08,15:27:14.482243,710453,64,0.24,186,0.6975,9256,20.826,0
2026-04-08,15:27:14.482243,710485,64,0.24,184,0.69,9256,20.826,0
2026-04-08,15:27:14.482243,710516,67,0.25125,183,0.68625,9256,20.826,0
2026-04-08,15:27:14.482243,710547,64,0.24,177,0.66375,9257,20.82825,0
2026-04-08,15:27:14.482243,710579,64,0.24,189,0.70875,9256,20.826,0
2026-04-08,15:27:14.482243,710610,64,0.24,186,0.6975,9257,20.82825,0
2026-04-08,15:27:14.482243,710641,67,0.25125,183,0.68625,9257,20.82825,0
2026-04-08,15:27:14.482243,710673,72,0.27,184,0.69,9258,20.8305,0
2026-04-08,15:27:14.482243,710704,68,0.255,175,0.65625,9258,20.8305,0
2026-04-08,15:27:18.445649,711015,70,0.2625,183,0.68625,9258,20.8305,0
2026-04-08,15:27:18.445649,711142,63,0.23625,178,0.6675,9258,20.8305,0
2026-04-08,15:27:18.445649,711173,65,0.24375,182,0.6825,9257,20.82825,0
2026-04-08,15:27:18.445649,711205,66,0.2475,187,0.70125,9258,20.8305,0
2026-04-08,15:27:18.445649,711237,64,0.24,184,0.69,9258,20.8305,0
2026-04-08,15:27:18.445649,711268,63,0.23625,177,0.66375,9258,20.8305,0
2026-04-08,15:27:18.445649,711300,57,0.21375,180,0.675,9257,20.82825,0
2026-04-08,15:27:18.445649,711331,60,0.225,185,0.69375,9257,20.82825,0
2026-04-08,15:27:18.445649,711362,64,0.24,178,0.6675,9258,20.8305,0
2026-04-08,15:27:18.445649,711394,68,0.255,178,0.6675,9257,20.82825,0
2026-04-08,15:27:18.445649,711425,69,0.25875,176,0.66,9259,20.83275,0
2026-04-08,15:27:18.445649,711456,70,0.2625,182,0.6825,9257,20.82825,0
2026-04-08,15:27:18.445649,711488,70,0.2625,177,0.66375,9258,20.8305,0
2026-04-08,15:27:18.445649,711519,68,0.255,180,0.675,9259,20.83275,0
2026-04-08,15:27:18.445649,711551,58,0.2175,184,0.69,9258,20.8305,0
2026-04-08,15:27:18.445649,711582,75,0.28125,190,0.7125,9258,20.8305,0
2026-04-08,15:27:18.445649,711614,69,0.25875,188,0.705,9259,20.83275,0
2026-04-08,15:27:18.445649,711645,68,0.255,188,0.705,9258,20.8305,0
2026-04-08,15:27:18.445649,711676,67,0.25125,180,0.675,9259,20.83275,0
2026-04-08,15:27:18.445649,711708,66,0.2475,186,0.6975,9259,20.83275,0
2026-04-08,15:27:19.448221,714849,65,0.24375,181,0.67875,9261,20.83725,0
2026-04-08,15:27:19.448221,714977,63,0.23625,177,0.66375,9262,20.8395,0
2026-04-08,15:27:19.448221,715009,67,0.25125,180,0.675,9263,20.84175,0
2026-04-08,15:27:19.448221,715040,64,0.24,178,0.6675,9264,20.844,0
2026-04-08,15:27:19.448221,715072,67,0.25125,182,0.6825,9263,20.84175,0
2026-04-08,15:27:19.448221,715104,64,0.24,177,0.66375,9264,20.844,0
2026-04-08,15:27:19.448221,715135,68,0.255,182,0.6825,9264,20.844,0
2026-04-08,15:27:19.448221,715166,68,0.255,169,0.63375,9262,20.8395,0
2026-04-08,15:27:19.448221,715198,65,0.24375,180,0.675,9263,20.84175,0
2026-04-08,15:27:19.448221,715229,66,0.2475,184,0.69,9263,20.84175,0
2026-04-08,15:27:19.448221,715260,65,0.24375,183,0.68625,9263,20.84175,0
2026-04-08,15:27:19.448221,715292,61,0.22875,179,0.67125,9263,20.84175,0
2026-04-08,15:27:19.448221,715323,58,0.2175,177,0.66375,9263,20.84175,0
2026-04-08,15:27:19.448221,715355,64,0.24,179,0.67125,9264,20.844,0
2026-04-08,15:27:19.448221,715386,65,0.24375,182,0.6825,9262,20.8395,0
2026-04-08,15:27:19.448221,715418,57,0.21375,179,0.67125,9263,20.84175,0
2026-04-08,15:27:19.448221,715449,65,0.24375,181,0.67875,9264,20.844,0
2026-04-08,15:27:19.448221,715480,67,0.25125,179,0.67125,9264,20.844,0
2026-04-08,15:27:19.448221,715512,66,0.2475,177,0.66375,9262,20.8395,0
2026-04-08,15:27:19.448221,715543,66,0.2475,175,0.65625,9264,20.844,0
2026-04-08,15:27:20.491508,716033,65,0.24375,187,0.70125,9264,20.844,0
2026-04-08,15:27:20.491508,716161,58,0.2175,168,0.63,9264,20.844,0
2026-04-08,15:27:20.491508,716192,62,0.2325,179,0.67125,9264,20.844,0
2026-04-08,15:27:20.491508,716224,66,0.2475,173,0.64875,9265,20.84625,0
2026-04-08,15:27:20.491508,716255,73,0.27375,181,0.67875,9264,20.844,0
2026-04-08,15:27:20.491508,716286,69,0.25875,178,0.6675,9265,20.84625,0
2026-04-08,15:27:20.491508,716318,59,0.22125,178,0.6675,9265,20.84625,0
2026-04-08,15:27:20.491508,716349,66,0.2475,177,0.66375,9264,20.844,0
2026-04-08,15:27:20.491508,716381,66,0.2475,180,0.675,9267,20.85075,0
2026-04-08,15:27:20.491508,716412,65,0.24375,178,0.6675,9265,20.84625,0
2026-04-08,15:27:20.491508,716444,63,0.23625,177,0.66375,9264,20.844,0
2026-04-08,15:27:20.491508,716475,65,0.24375,184,0.69,9263,20.84175,0
2026-04-08,15:27:20.491508,716506,61,0.22875,186,0.6975,9265,20.84625,0
2026-04-08,15:27:20.491508,716538,67,0.25125,182,0.6825,9264,20.844,0
2026-04-08,15:27:20.491508,716569,67,0.25125,183,0.68625,9265,20.84625,0
2026-04-08,15:27:20.491508,716600,63,0.23625,179,0.67125,9266,20.8485,0
2026-04-08,15:27:20.491508,716632,64,0.24,174,0.6525,9264,20.844,0
2026-04-08,15:27:20.491508,716663,68,0.255,176,0.66,9265,20.84625,0
2026-04-08,15:27:20.491508,716695,56,0.21,184,0.69,9266,20.8485,0
2026-04-08,15:27:20.491508,716726,69,0.25875,180,0.675,9265,20.84625,0
2026-04-08,15:27:21.300766,716881,66,0.2475,186,0.6975,9264,20.844,0
2026-04-08,15:27:21.300766,717008,69,0.25875,180,0.675,9264,20.844,0
2026-04-08,15:27:21.300766,717041,67,0.25125,173,0.64875,9265,20.84625,0
2026-04-08,15:27:21.300766,717072,62,0.2325,180,0.675,9265,20.84625,0
2026-04-08,15:27:21.300766,717103,72,0.27,180,0.675,9265,20.84625,0
2026-04-08,15:27:21.300766,717135,60,0.225,181,0.67875,9266,20.8485,0
2026-04-08,15:27:21.300766,717167,65,0.24375,175,0.65625,9265,20.84625,0
2026-04-08,15:27:21.300766,717198,63,0.23625,181,0.67875,9266,20.8485,0
2026-04-08,15:27:21.300766,717229,67,0.25125,173,0.64875,9266,20.8485,0
2026-04-08,15:27:21.300766,717261,69,0.25875,176,0.66,9265,20.84625,0
2026-04-08,15:27:21.300766,717292,61,0.22875,180,0.675,9264,20.844,0
2026-04-08,15:27:21.300766,717323,62,0.2325,179,0.67125,9265,20.84625,0
2026-04-08,15:27:21.300766,717355,63,0.23625,181,0.67875,9265,20.84625,0
2026-04-08,15:27:21.300766,717386,64,0.24,178,0.6675,9265,20.84625,0
2026-04-08,15:27:21.300766,717418,58,0.2175,180,0.675,9265,20.84625,0
2026-04-08,15:27:21.300766,717449,73,0.27375,173,0.64875,9265,20.84625,0
2026-04-08,15:27:21.300766,717481,66,0.2475,181,0.67875,9264,20.844,0
2026-04-08,15:27:21.300766,717512,66,0.2475,174,0.6525,9266,20.8485,0
2026-04-08,15:27:21.300766,717544,66,0.2475,180,0.675,9266,20.8485,0
2026-04-08,15:27:21.300766,717575,67,0.25125,174,0.6525,9264,20.844,0
2026-04-08,15:27:22.318980,717686,72,0.27,176,0.66,9264,20.844,0
2026-04-08,15:27:22.318980,717813,70,0.2625,183,0.68625,9264,20.844,0
2026-04-08,15:27:22.318980,717845,72,0.27,177,0.66375,9267,20.85075,0
2026-04-08,15:27:22.318980,717876,69,0.25875,182,0.6825,9266,20.8485,0
2026-04-08,15:27:22.318980,717908,67,0.25125,176,0.66,9265,20.84625,0
2026-04-08,15:27:22.318980,717939,70,0.2625,180,0.675,9265,20.84625,0
2026-04-08,15:27:22.318980,717971,62,0.2325,173,0.64875,9267,20.85075,0
2026-04-08,15:27:22.318980,718002,70,0.2625,184,0.69,9266,20.8485,0
2026-04-08,15:27:22.318980,718034,60,0.225,177,0.66375,9266,20.8485,0
2026-04-08,15:27:22.318980,718065,61,0.22875,175,0.65625,9266,20.8485,0
2026-04-08,15:27:22.318980,718097,68,0.255,175,0.65625,9266,20.8485,0
2026-04-08,15:27:22.318980,718128,66,0.2475,182,0.6825,9267,20.85075,0
2026-04-08,15:27:22.318980,718160,59,0.22125,180,0.675,9266,20.8485,0
2026-04-08,15:27:22.318980,718191,61,0.22875,170,0.6375,9266,20.8485,0
2026-04-08,15:27:22.318980,718222,58,0.2175,182,0.6825,9267,20.85075,0
2026-04-08,15:27:22.318980,718253,60,0.225,171,0.64125,9266,20.8485,0
2026-04-08,15:27:22.318980,718285,62,0.2325,178,0.6675,9265,20.84625,0
2026-04-08,15:27:22.318980,718317,67,0.25125,177,0.66375,9267,20.85075,0
2026-04-08,15:27:22.318980,718348,61,0.22875,177,0.66375,9267,20.85075,0
2026-04-08,15:27:22.318980,718380,64,0.24,177,0.66375,9266,20.8485,0
2026-04-08,15:27:23.363151,718707,58,0.2175,175,0.65625,9267,20.85075,0
2026-04-08,15:27:23.363151,718834,68,0.255,182,0.6825,9268,20.853,0
2026-04-08,15:27:23.363151,718865,66,0.2475,176,0.66,9267,20.85075,0
2026-04-08,15:27:23.363151,718897,71,0.26625,185,0.69375,9266,20.8485,0
2026-04-08,15:27:23.363151,718929,67,0.25125,178,0.6675,9267,20.85075,0
2026-04-08,15:27:23.363151,718960,64,0.24,175,0.65625,9267,20.85075,0
2026-04-08,15:27:23.363151,718992,70,0.2625,182,0.6825,9267,20.85075,0
2026-04-08,15:27:23.363151,719023,62,0.2325,183,0.68625,9269,20.85525,0
2026-04-08,15:27:23.363151,719054,62,0.2325,183,0.68625,9267,20.85075,0
2026-04-08,15:27:23.363151,719086,63,0.23625,177,0.66375,9269,20.85525,0
2026-04-08,15:27:23.363151,719118,68,0.255,179,0.67125,9268,20.853,0
2026-04-08,15:27:23.363151,719149,62,0.2325,178,0.6675,9266,20.8485,0
2026-04-08,15:27:23.363151,719181,63,0.23625,182,0.6825,9266,20.8485,0
2026-04-08,15:27:23.363151,719212,61,0.22875,180,0.675,9269,20.85525,0
2026-04-08,15:27:23.363151,719243,63,0.23625,181,0.67875,9266,20.8485,0
2026-04-08,15:27:23.363151,719274,65,0.24375,173,0.64875,9267,20.85075,0
2026-04-08,15:27:23.363151,719306,66,0.2475,173,0.64875,9268,20.853,0
2026-04-08,15:27:23.363151,719337,69,0.25875,181,0.67875,9268,20.853,0
2026-04-08,15:27:23.363151,719369,69,0.25875,183,0.68625,9266,20.8485,0
2026-04-08,15:27:23.363151,719400,63,0.23625,183,0.68625,9267,20.85075,0
2026-04-08,15:27:24.175429,719750,61,0.22875,181,0.67875,9267,20.85075,0
2026-04-08,15:27:24.175429,719877,64,0.24,176,0.66,9267,20.85075,0
2026-04-08,15:27:24.175429,719910,65,0.24375,178,0.6675,9267,20.85075,0
2026-04-08,15:27:24.175429,719941,59,0.22125,188,0.705,9268,20.853,0
2026-04-08,15:27:24.175429,719972,64,0.24,182,0.6825,9268,20.853,0
2026-04-08,15:27:24.175429,720004,63,0.23625,178,0.6675,9268,20.853,0
2026-04-08,15:27:24.175429,720036,62,0.2325,181,0.67875,9268,20.853,0
2026-04-08,15:27:24.175429,720067,69,0.25875,176,0.66,9268,20.853,0
2026-04-08,15:27:24.175429,720099,66,0.2475,179,0.67125,9268,20.853,0
2026-04-08,15:27:24.175429,720130,58,0.2175,182,0.6825,9268,20.853,0
2026-04-08,15:27:24.175429,720161,59,0.22125,184,0.69,9268,20.853,0
2026-04-08,15:27:24.175429,720192,63,0.23625,173,0.64875,9268,20.853,0
2026-04-08,15:27:24.175429,720224,64,0.24,179,0.67125,9267,20.85075,0
2026-04-08,15:27:24.175429,720256,63,0.23625,178,0.6675,9268,20.853,0
2026-04-08,15:27:24.175429,720287,66,0.2475,182,0.6825,9267,20.85075,0
2026-04-08,15:27:24.175429,720319,69,0.25875,180,0.675,9268,20.853,0
2026-04-08,15:27:24.175429,720350,76,0.285,183,0.68625,9268,20.853,0
2026-04-08,15:27:24.175429,720381,62,0.2325,172,0.645,9269,20.85525,0
2026-04-08,15:27:24.175429,720413,66,0.2475,172,0.645,9269,20.85525,0
2026-04-08,15:27:24.175429,720444,61,0.22875,180,0.675,9270,20.8575,0
2026-04-08,15:27:25.217487,720573,65,0.24375,183,0.68625,9268,20.853,0
2026-04-08,15:27:25.217487,720700,64,0.24,173,0.64875,9269,20.85525,0
2026-04-08,15:27:25.217487,720732,71,0.26625,180,0.675,9269,20.85525,0
2026-04-08,15:27:25.217487,720764,70,0.2625,179,0.67125,9270,20.8575,0
2026-04-08,15:27:25.217487,720795,69,0.25875,175,0.65625,9268,20.853,0
2026-04-08,15:27:25.217487,720827,65,0.24375,176,0.66,9269,20.85525,0
2026-04-08,15:27:25.217487,720858,64,0.24,174,0.6525,9270,20.8575,0
2026-04-08,15:27:25.217487,720890,63,0.23625,175,0.65625,9267,20.85075,0
2026-04-08,15:27:25.217487,720921,65,0.24375,176,0.66,9269,20.85525,0
2026-04-08,15:27:25.217487,720953,72,0.27,178,0.6675,9270,20.8575,0
2026-04-08,15:27:25.217487,720984,72,0.27,180,0.675,9268,20.853,0
2026-04-08,15:27:25.217487,721015,61,0.22875,173,0.64875,9269,20.85525,0
2026-04-08,15:27:25.217487,721047,63,0.23625,176,0.66,9268,20.853,0
2026-04-08,15:27:25.217487,721078,68,0.255,177,0.66375,9269,20.85525,0
2026-04-08,15:27:25.217487,721110,74,0.2775,170,0.6375,9269,20.85525,0
2026-04-08,15:27:25.217487,721141,69,0.25875,182,0.6825,9268,20.853,0
2026-04-08,15:27:25.217487,721173,64,0.24,183,0.68625,9269,20.85525,0
2026-04-08,15:27:25.217487,721204,67,0.25125,175,0.65625,9270,20.8575,0
2026-04-08,15:27:25.217487,721236,69,0.25875,171,0.64125,9269,20.85525,0
2026-04-08,15:27:25.217487,721267,65,0.24375,180,0.675,9270,20.8575,0
2026-04-08,15:27:26.314415,721660,65,0.24375,179,0.67125,9271,20.85975,0
2026-04-08,15:27:26.314415,721787,65,0.24375,173,0.64875,9269,20.85525,0
2026-04-08,15:27:26.314415,721819,61,0.22875,179,0.67125,9269,20.85525,0
2026-04-08,15:27:26.314415,721850,67,0.25125,175,0.65625,9269,20.85525,0
2026-04-08,15:27:26.314415,721882,67,0.25125,184,0.69,9270,20.8575,0
2026-04-08,15:27:26.314415,721913,62,0.2325,180,0.675,9270,20.8575,0
2026-04-08,15:27:26.314415,721945,66,0.2475,178,0.6675,9269,20.85525,0
2026-04-08,15:27:26.314415,721976,73,0.27375,167,0.62625,9269,20.85525,0
2026-04-08,15:27:26.314415,722007,73,0.27375,173,0.64875,9270,20.8575,0
2026-04-08,15:27:26.314415,722039,71,0.26625,181,0.67875,9268,20.853,0
2026-04-08,15:27:26.314415,722070,68,0.255,180,0.675,9269,20.85525,0
2026-04-08,15:27:26.314415,722102,64,0.24,175,0.65625,9270,20.8575,0
2026-04-08,15:27:26.314415,722133,67,0.25125,182,0.6825,9268,20.853,0
2026-04-08,15:27:26.314415,722165,62,0.2325,176,0.66,9269,20.85525,0
2026-04-08,15:27:26.314415,722196,59,0.22125,180,0.675,9270,20.8575,0
2026-04-08,15:27:26.314415,722227,64,0.24,183,0.68625,9271,20.85975,0
2026-04-08,15:27:26.314415,722259,62,0.2325,176,0.66,9271,20.85975,0
2026-04-08,15:27:26.314415,722290,66,0.2475,179,0.67125,9270,20.8575,0
2026-04-08,15:27:26.314415,722322,64,0.24,173,0.64875,9269,20.85525,0
2026-04-08,15:27:26.314415,722353,61,0.22875,180,0.675,9269,20.85525,0
2026-04-08,15:27:27.333841,722720,70,0.2625,175,0.65625,9270,20.8575,0
2026-04-08,15:27:27.333841,722847,60,0.225,177,0.66375,9270,20.8575,0
2026-04-08,15:27:27.333841,722880,66,0.2475,167,0.62625,9269,20.85525,0
2026-04-08,15:27:27.333841,722911,63,0.23625,176,0.66,9271,20.85975,0
2026-04-08,15:27:27.333841,722943,70,0.2625,178,0.6675,9270,20.8575,0
2026-04-08,15:27:27.333841,722974,62,0.2325,173,0.64875,9270,20.8575,0
2026-04-08,15:27:27.333841,723006,68,0.255,177,0.66375,9271,20.85975,0
2026-04-08,15:27:27.333841,723037,60,0.225,178,0.6675,9271,20.85975,0
2026-04-08,15:27:27.333841,723069,61,0.22875,183,0.68625,9271,20.85975,0
2026-04-08,15:27:27.333841,723100,67,0.25125,183,0.68625,9270,20.8575,0
2026-04-08,15:27:27.333841,723131,62,0.2325,177,0.66375,9271,20.85975,0
2026-04-08,15:27:27.333841,723163,60,0.225,175,0.65625,9271,20.85975,0
2026-04-08,15:27:27.333841,723194,55,0.20625,176,0.66,9270,20.8575,0
2026-04-08,15:27:27.333841,723226,54,0.2025,183,0.68625,9270,20.8575,0
2026-04-08,15:27:27.333841,723257,60,0.225,178,0.6675,9270,20.8575,0
2026-04-08,15:27:27.333841,723289,60,0.225,179,0.67125,9270,20.8575,0
2026-04-08,15:27:27.333841,723320,54,0.2025,176,0.66,9270,20.8575,0
2026-04-08,15:27:27.333841,723351,59,0.22125,178,0.6675,9270,20.8575,0
2026-04-08,15:27:27.333841,723383,69,0.25875,188,0.705,9271,20.85975,0
2026-04-08,15:27:27.333841,723414,58,0.2175,181,0.67875,9271,20.85975,0
2026-04-08,15:27:28.369199,723754,65,0.24375,183,0.68625,9271,20.85975,0
2026-04-08,15:27:28.369199,723882,61,0.22875,171,0.64125,9271,20.85975,0
2026-04-08,15:27:28.369199,723914,65,0.24375,174,0.6525,9270,20.8575,0
2026-04-08,15:27:28.369199,723945,64,0.24,181,0.67875,9272,20.862,0
2026-04-08,15:27:28.369199,723977,65,0.24375,178,0.6675,9270,20.8575,0
2026-04-08,15:27:28.369199,724009,65,0.24375,179,0.67125,9271,20.85975,0
2026-04-08,15:27:28.369199,724040,59,0.22125,184,0.69,9272,20.862,0
2026-04-08,15:27:28.369199,724071,57,0.21375,178,0.6675,9270,20.8575,0
2026-04-08,15:27:28.369199,724103,69,0.25875,174,0.6525,9271,20.85975,0
2026-04-08,15:27:28.369199,724134,66,0.2475,177,0.66375,9270,20.8575,0
2026-04-08,15:27:28.369199,724166,65,0.24375,180,0.675,9272,20.862,0
2026-04-08,15:27:28.369199,724197,66,0.2475,177,0.66375,9271,20.85975,0
2026-04-08,15:27:28.369199,724229,60,0.225,176,0.66,9271,20.85975,0
2026-04-08,15:27:28.369199,724260,62,0.2325,174,0.6525,9272,20.862,0
2026-04-08,15:27:28.369199,724291,62,0.2325,174,0.6525,9272,20.862,0
2026-04-08,15:27:28.369199,724323,68,0.255,180,0.675,9271,20.85975,0
2026-04-08,15:27:28.369199,724354,65,0.24375,187,0.70125,9273,20.86425,0
2026-04-08,15:27:28.369199,724385,67,0.25125,181,0.67875,9271,20.85975,0
2026-04-08,15:27:28.369199,724417,58,0.2175,179,0.67125,9271,20.85975,0
2026-04-08,15:27:28.369199,724448,62,0.2325,182,0.6825,9271,20.85975,0
2026-04-08,15:27:29.210653,724755,64,0.24,177,0.66375,9271,20.85975,0
2026-04-08,15:27:29.210653,724881,55,0.20625,172,0.645,9271,20.85975,0
2026-04-08,15:27:29.210653,724913,61,0.22875,179,0.67125,9273,20.86425,0
2026-04-08,15:27:29.210653,724945,58,0.2175,174,0.6525,9271,20.85975,0
2026-04-08,15:27:29.210653,724976,52,0.195,170,0.6375,9273,20.86425,0
2026-04-08,15:27:29.210653,725008,59,0.22125,178,0.6675,9274,20.8665,0
2026-04-08,15:27:29.210653,725040,60,0.225,181,0.67875,9273,20.86425,0
2026-04-08,15:27:29.210653,725071,62,0.2325,180,0.675,9271,20.85975,0
2026-04-08,15:27:29.210653,725102,61,0.22875,174,0.6525,9271,20.85975,0
2026-04-08,15:27:29.210653,725134,61,0.22875,177,0.66375,9272,20.862,0
2026-04-08,15:27:29.210653,725165,63,0.23625,180,0.675,9273,20.86425,0
2026-04-08,15:27:29.210653,725196,63,0.23625,177,0.66375,9272,20.862,0
2026-04-08,15:27:29.210653,725228,68,0.255,173,0.64875,9272,20.862,0
2026-04-08,15:27:29.210653,725259,69,0.25875,174,0.6525,9273,20.86425,0
2026-04-08,15:27:29.210653,725291,70,0.2625,177,0.66375,9273,20.86425,0
2026-04-08,15:27:29.210653,725322,62,0.2325,182,0.6825,9272,20.862,0
2026-04-08,15:27:29.210653,725354,60,0.225,181,0.67875,9272,20.862,0
2026-04-08,15:27:29.210653,725385,64,0.24,182,0.6825,9273,20.86425,0
2026-04-08,15:27:29.210653,725416,63,0.23625,177,0.66375,9272,20.862,0
2026-04-08,15:27:29.210653,725448,64,0.24,175,0.65625,9272,20.862,0
2026-04-08,15:27:30.115231,725653,60,0.225,175,0.65625,9272,20.862,0
2026-04-08,15:27:30.115231,725780,62,0.2325,175,0.65625,9274,20.8665,0
2026-04-08,15:27:30.115231,725812,64,0.24,184,0.69,9273,20.86425,0
2026-04-08,15:27:30.115231,725843,60,0.225,172,0.645,9272,20.862,0
2026-04-08,15:27:30.115231,725875,63,0.23625,178,0.6675,9272,20.862,0
2026-04-08,15:27:30.115231,725906,59,0.22125,177,0.66375,9273,20.86425,0
2026-04-08,15:27:30.115231,725938,66,0.2475,177,0.66375,9273,20.86425,0
2026-04-08,15:27:30.115231,725969,62,0.2325,179,0.67125,9272,20.862,0
2026-04-08,15:27:30.115231,726000,65,0.24375,179,0.67125,9272,20.862,0
2026-04-08,15:27:30.115231,726031,69,0.25875,177,0.66375,9273,20.86425,0
2026-04-08,15:27:30.115231,726063,67,0.25125,178,0.6675,9272,20.862,0
2026-04-08,15:27:30.115231,726095,62,0.2325,182,0.6825,9273,20.86425,0
2026-04-08,15:27:30.115231,726126,67,0.25125,182,0.6825,9273,20.86425,0
2026-04-08,15:27:30.115231,726158,60,0.225,180,0.675,9272,20.862,0
2026-04-08,15:27:30.115231,726189,65,0.24375,183,0.68625,9272,20.862,0
2026-04-08,15:27:30.115231,726220,63,0.23625,181,0.67875,9274,20.8665,0
2026-04-08,15:27:30.115231,726252,64,0.24,180,0.675,9272,20.862,0
2026-04-08,15:27:30.115231,726283,67,0.25125,176,0.66,9274,20.8665,0
2026-04-08,15:27:30.115231,726314,60,0.225,174,0.6525,9272,20.862,0
2026-04-08,15:27:30.115231,726346,62,0.2325,175,0.65625,9273,20.86425,0
2026-04-08,15:27:30.935431,726499,54,0.2025,177,0.66375,9272,20.862,0
2026-04-08,15:27:30.935431,726626,65,0.24375,176,0.66,9273,20.86425,0
2026-04-08,15:27:30.935431,726658,65,0.24375,177,0.66375,9274,20.8665,0
2026-04-08,15:27:30.935431,726690,66,0.2475,178,0.6675,9274,20.8665,0
2026-04-08,15:27:30.935431,726721,57,0.21375,170,0.6375,9273,20.86425,0
2026-04-08,15:27:30.935431,726752,63,0.23625,179,0.67125,9274,20.8665,0
2026-04-08,15:27:30.935431,726784,62,0.2325,172,0.645,9273,20.86425,0
2026-04-08,15:27:30.935431,726815,62,0.2325,183,0.68625,9273,20.86425,0
2026-04-08,15:27:30.935431,726846,54,0.2025,182,0.6825,9273,20.86425,0
2026-04-08,15:27:30.935431,726878,58,0.2175,179,0.67125,9272,20.862,0
2026-04-08,15:27:30.935431,726910,61,0.22875,176,0.66,9274,20.8665,0
2026-04-08,15:27:30.935431,726941,58,0.2175,170,0.6375,9273,20.86425,0
2026-04-08,15:27:30.935431,726973,67,0.25125,174,0.6525,9274,20.8665,0
2026-04-08,15:27:30.935431,727004,67,0.25125,174,0.6525,9273,20.86425,0
2026-04-08,15:27:30.935431,727035,63,0.23625,180,0.675,9273,20.86425,0
2026-04-08,15:27:30.935431,727067,69,0.25875,177,0.66375,9274,20.8665,0
2026-04-08,15:27:30.935431,727098,57,0.21375,180,0.675,9273,20.86425,0
2026-04-08,15:27:30.935431,727129,54,0.2025,174,0.6525,9273,20.86425,0
2026-04-08,15:27:30.935431,727161,65,0.24375,177,0.66375,9274,20.8665,0
2026-04-08,15:27:30.935431,727192,65,0.24375,168,0.63,9272,20.862,0
2026-04-08,15:27:31.750852,727337,64,0.24,172,0.645,9271,20.85975,0
2026-04-08,15:27:31.750852,727464,64,0.24,178,0.6675,9273,20.86425,0
2026-04-08,15:27:31.750852,727497,64,0.24,176,0.66,9273,20.86425,0
2026-04-08,15:27:31.750852,727528,65,0.24375,178,0.6675,9273,20.86425,0
2026-04-08,15:27:31.750852,727559,69,0.25875,183,0.68625,9274,20.8665,0
2026-04-08,15:27:31.750852,727591,60,0.225,173,0.64875,9274,20.8665,0
2026-04-08,15:27:31.750852,727623,68,0.255,181,0.67875,9273,20.86425,0
2026-04-08,15:27:31.750852,727654,58,0.2175,173,0.64875,9274,20.8665,0
2026-04-08,15:27:31.750852,727685,63,0.23625,170,0.6375,9274,20.8665,0
2026-04-08,15:27:31.750852,727717,66,0.2475,173,0.64875,9275,20.86875,0
2026-04-08,15:27:31.750852,727748,64,0.24,180,0.675,9274,20.8665,0
2026-04-08,15:27:31.750852,727780,62,0.2325,179,0.67125,9273,20.86425,0
2026-04-08,15:27:31.750852,727811,66,0.2475,184,0.69,9274,20.8665,0
2026-04-08,15:27:31.750852,727842,71,0.26625,171,0.64125,9273,20.86425,0
2026-04-08,15:27:31.750852,727874,71,0.26625,182,0.6825,9275,20.86875,0
2026-04-08,15:27:31.750852,727905,71,0.26625,167,0.62625,9274,20.8665,0
2026-04-08,15:27:31.750852,727937,68,0.255,174,0.6525,9274,20.8665,0
2026-04-08,15:27:31.750852,727968,66,0.2475,182,0.6825,9274,20.8665,0
2026-04-08,15:27:31.750852,728000,72,0.27,178,0.6675,9275,20.86875,0
2026-04-08,15:27:31.750852,728031,68,0.255,184,0.69,9273,20.86425,0
2026-04-08,15:27:32.616674,728137,66,0.2475,180,0.675,9273,20.86425,0
2026-04-08,15:27:32.616674,728263,64,0.24,174,0.6525,9274,20.8665,0
2026-04-08,15:27:32.616674,728295,60,0.225,187,0.70125,9275,20.86875,0
2026-04-08,15:27:32.616674,728326,66,0.2475,175,0.65625,9274,20.8665,0
2026-04-08,15:27:32.616674,728358,65,0.24375,179,0.67125,9274,20.8665,0
2026-04-08,15:27:32.616674,728389,62,0.2325,176,0.66,9275,20.86875,0
2026-04-08,15:27:32.616674,728421,69,0.25875,181,0.67875,9274,20.8665,0
2026-04-08,15:27:32.616674,728452,57,0.21375,175,0.65625,9274,20.8665,0
2026-04-08,15:27:32.616674,728483,59,0.22125,171,0.64125,9274,20.8665,0
2026-04-08,15:27:32.616674,728515,69,0.25875,178,0.6675,9273,20.86425,0
2026-04-08,15:27:32.616674,728546,63,0.23625,179,0.67125,9273,20.86425,0
2026-04-08,15:27:32.616674,728578,71,0.26625,178,0.6675,9275,20.86875,0
2026-04-08,15:27:32.616674,728609,72,0.27,182,0.6825,9275,20.86875,0
2026-04-08,15:27:32.616674,728641,71,0.26625,177,0.66375,9274,20.8665,0
2026-04-08,15:27:32.616674,728672,74,0.2775,186,0.6975,9274,20.8665,0
2026-04-08,15:27:32.616674,728704,69,0.25875,179,0.67125,9273,20.86425,0
2026-04-08,15:27:32.616674,728735,61,0.22875,182,0.6825,9274,20.8665,0
2026-04-08,15:27:32.616674,728766,69,0.25875,178,0.6675,9275,20.86875,0
2026-04-08,15:27:32.616674,728797,67,0.25125,176,0.66,9274,20.8665,0
2026-04-08,15:27:32.616674,728828,61,0.22875,183,0.68625,9275,20.86875,0
2026-04-08,15:27:36.566462,729140,65,0.24375,179,0.67125,9273,20.86425,0
2026-04-08,15:27:36.566462,729268,61,0.22875,184,0.69,9275,20.86875,0
2026-04-08,15:27:36.566462,729299,63,0.23625,181,0.67875,9275,20.86875,0
2026-04-08,15:27:36.566462,729331,60,0.225,177,0.66375,9275,20.86875,0
2026-04-08,15:27:36.566462,729362,62,0.2325,181,0.67875,9276,20.871,0
2026-04-08,15:27:36.566462,729393,64,0.24,182,0.6825,9275,20.86875,0
2026-04-08,15:27:36.566462,729425,63,0.23625,175,0.65625,9275,20.86875,0
2026-04-08,15:27:36.566462,729456,66,0.2475,180,0.675,9275,20.86875,0
2026-04-08,15:27:36.566462,729488,63,0.23625,177,0.66375,9275,20.86875,0
2026-04-08,15:27:36.566462,729519,62,0.2325,185,0.69375,9274,20.8665,0
2026-04-08,15:27:36.566462,729551,65,0.24375,175,0.65625,9276,20.871,0
2026-04-08,15:27:36.566462,729582,70,0.2625,178,0.6675,9274,20.8665,0
2026-04-08,15:27:36.566462,729613,70,0.2625,176,0.66,9274,20.8665,0
2026-04-08,15:27:36.566462,729645,63,0.23625,169,0.63375,9275,20.86875,0
2026-04-08,15:27:36.566462,729676,68,0.255,177,0.66375,9275,20.86875,0
2026-04-08,15:27:36.566462,729707,75,0.28125,179,0.67125,9276,20.871,0
2026-04-08,15:27:36.566462,729739,67,0.25125,182,0.6825,9275,20.86875,0
2026-04-08,15:27:36.566462,729770,65,0.24375,180,0.675,9276,20.871,0
2026-04-08,15:27:36.566462,729802,64,0.24,177,0.66375,9276,20.871,0
2026-04-08,15:27:36.566462,729833,67,0.25125,173,0.64875,9276,20.871,0
2026-04-08,15:27:37.379660,732950,71,0.26625,180,0.675,9278,20.8755,0
2026-04-08,15:27:37.379660,733078,61,0.22875,173,0.64875,9277,20.87325,0
2026-04-08,15:27:37.379660,733110,60,0.225,180,0.675,9278,20.8755,0
2026-04-08,15:27:37.379660,733142,71,0.26625,174,0.6525,9277,20.87325,0
2026-04-08,15:27:37.379660,733173,64,0.24,175,0.65625,9277,20.87325,0
2026-04-08,15:27:37.379660,733204,60,0.225,172,0.645,9277,20.87325,0
2026-04-08,15:27:37.379660,733236,63,0.23625,180,0.675,9279,20.87775,0
2026-04-08,15:27:37.379660,733267,72,0.27,182,0.6825,9277,20.87325,0
2026-04-08,15:27:37.379660,733299,68,0.255,187,0.70125,9278,20.8755,0
2026-04-08,15:27:37.379660,733330,60,0.225,173,0.64875,9277,20.87325,0
2026-04-08,15:27:37.379660,733362,66,0.2475,183,0.68625,9278,20.8755,0
2026-04-08,15:27:37.379660,733393,64,0.24,183,0.68625,9277,20.87325,0
2026-04-08,15:27:37.379660,733425,62,0.2325,180,0.675,9277,20.87325,0
2026-04-08,15:27:37.379660,733456,65,0.24375,175,0.65625,9277,20.87325,0
2026-04-08,15:27:37.379660,733487,65,0.24375,187,0.70125,9278,20.8755,0
2026-04-08,15:27:37.379660,733519,63,0.23625,183,0.68625,9277,20.87325,0
2026-04-08,15:27:37.379660,733550,62,0.2325,179,0.67125,9277,20.87325,0
2026-04-08,15:27:37.379660,733581,61,0.22875,177,0.66375,9277,20.87325,0
2026-04-08,15:27:37.379660,733613,67,0.25125,178,0.6675,9279,20.87775,0
2026-04-08,15:27:37.379660,733644,61,0.22875,175,0.65625,9277,20.87325,0
2026-04-08,15:27:38.414262,733954,65,0.24375,172,0.645,9279,20.87775,0
2026-04-08,15:27:38.414262,734081,69,0.25875,181,0.67875,9278,20.8755,0
2026-04-08,15:27:38.414262,734112,62,0.2325,178,0.6675,9277,20.87325,0
2026-04-08,15:27:38.414262,734144,71,0.26625,169,0.63375,9278,20.8755,0
2026-04-08,15:27:38.414262,734175,66,0.2475,167,0.62625,9278,20.8755,0
2026-04-08,15:27:38.414262,734207,68,0.255,179,0.67125,9279,20.87775,0
2026-04-08,15:27:38.414262,734238,60,0.225,177,0.66375,9278,20.8755,0
2026-04-08,15:27:38.414262,734270,69,0.25875,177,0.66375,9278,20.8755,0
2026-04-08,15:27:38.414262,734301,67,0.25125,184,0.69,9279,20.87775,0
2026-04-08,15:27:38.414262,734332,56,0.21,183,0.68625,9278,20.8755,0
2026-04-08,15:27:38.414262,734364,72,0.27,173,0.64875,9279,20.87775,0
2026-04-08,15:27:38.414262,734395,66,0.2475,178,0.6675,9279,20.87775,0
2026-04-08,15:27:38.414262,734426,66,0.2475,177,0.66375,9279,20.87775,0
2026-04-08,15:27:38.414262,734458,61,0.22875,176,0.66,9278,20.8755,0
2026-04-08,15:27:38.414262,734489,61,0.22875,187,0.70125,9278,20.8755,0
2026-04-08,15:27:38.414262,734521,69,0.25875,179,0.67125,9278,20.8755,0
2026-04-08,15:27:38.414262,734552,71,0.26625,182,0.6825,9278,20.8755,0
2026-04-08,15:27:38.414262,734584,74,0.2775,183,0.68625,9280,20.88,0
2026-04-08,15:27:38.414262,734615,74,0.2775,181,0.67875,9279,20.87775,0
2026-04-08,15:27:38.414262,734646,72,0.27,186,0.6975,9278,20.8755,0
2026-04-08,15:27:39.225624,734815,67,0.25125,170,0.6375,9278,20.8755,0
2026-04-08,15:27:39.225624,734942,62,0.2325,173,0.64875,9279,20.87775,0
2026-04-08,15:27:39.225624,734975,58,0.2175,177,0.66375,9279,20.87775,0
2026-04-08,15:27:39.225624,735006,64,0.24,173,0.64875,9279,20.87775,0
2026-04-08,15:27:39.225624,735037,64,0.24,177,0.66375,9279,20.87775,0
2026-04-08,15:27:39.225624,735069,67,0.25125,173,0.64875,9277,20.87325,0
2026-04-08,15:27:39.225624,735101,63,0.23625,178,0.6675,9278,20.8755,0
2026-04-08,15:27:39.225624,735132,59,0.22125,173,0.64875,9279,20.87775,0
2026-04-08,15:27:39.225624,735164,67,0.25125,178,0.6675,9278,20.8755,0
2026-04-08,15:27:39.225624,735195,65,0.24375,177,0.66375,9279,20.87775,0
2026-04-08,15:27:39.225624,735226,60,0.225,176,0.66,9279,20.87775,0
2026-04-08,15:27:39.225624,735258,58,0.2175,179,0.67125,9278,20.8755,0
2026-04-08,15:27:39.225624,735289,59,0.22125,180,0.675,9278,20.8755,0
2026-04-08,15:27:39.225624,735320,56,0.21,177,0.66375,9280,20.88,0
2026-04-08,15:27:39.225624,735352,57,0.21375,170,0.6375,9280,20.88,0
2026-04-08,15:27:39.225624,735383,63,0.23625,174,0.6525,9279,20.87775,0
2026-04-08,15:27:39.225624,735415,66,0.2475,172,0.645,9279,20.87775,0
2026-04-08,15:27:39.225624,735446,59,0.22125,174,0.6525,9277,20.87325,0
2026-04-08,15:27:39.225624,735478,63,0.23625,175,0.65625,9278,20.8755,0
2026-04-08,15:27:39.225624,735509,59,0.22125,173,0.64875,9280,20.88,0
2026-04-08,15:27:40.046330,735615,65,0.24375,178,0.6675,9278,20.8755,0
2026-04-08,15:27:40.046330,735742,71,0.26625,172,0.645,9280,20.88,0
2026-04-08,15:27:40.046330,735775,68,0.255,175,0.65625,9278,20.8755,0
2026-04-08,15:27:40.046330,735806,64,0.24,176,0.66,9279,20.87775,0
2026-04-08,15:27:40.046330,735837,69,0.25875,175,0.65625,9279,20.87775,0
2026-04-08,15:27:40.046330,735869,68,0.255,166,0.6225,9279,20.87775,0
2026-04-08,15:27:40.046330,735900,66,0.2475,172,0.645,9278,20.8755,0
2026-04-08,15:27:40.046330,735931,63,0.23625,185,0.69375,9279,20.87775,0
2026-04-08,15:27:40.046330,735962,66,0.2475,174,0.6525,9278,20.8755,0
2026-04-08,15:27:40.046330,735994,66,0.2475,172,0.645,9280,20.88,0
2026-04-08,15:27:40.046330,736025,57,0.21375,178,0.6675,9278,20.8755,0
2026-04-08,15:27:40.046330,736057,58,0.2175,172,0.645,9278,20.8755,0
2026-04-08,15:27:40.046330,736088,73,0.27375,174,0.6525,9279,20.87775,0
2026-04-08,15:27:40.046330,736120,67,0.25125,168,0.63,9279,20.87775,0
2026-04-08,15:27:40.046330,736151,67,0.25125,172,0.645,9280,20.88,0
2026-04-08,15:27:40.046330,736183,73,0.27375,177,0.66375,9279,20.87775,0
2026-04-08,15:27:40.046330,736214,65,0.24375,171,0.64125,9279,20.87775,0
2026-04-08,15:27:40.046330,736245,61,0.22875,178,0.6675,9280,20.88,0
2026-04-08,15:27:40.046330,736276,65,0.24375,177,0.66375,9280,20.88,0
2026-04-08,15:27:40.046330,736308,63,0.23625,181,0.67875,9279,20.87775,0
2026-04-08,15:27:40.966250,736510,67,0.25125,172,0.645,9278,20.8755,0
2026-04-08,15:27:40.966250,736636,61,0.22875,174,0.6525,9279,20.87775,0
2026-04-08,15:27:40.966250,736667,63,0.23625,179,0.67125,9280,20.88,0
2026-04-08,15:27:40.966250,736699,68,0.255,184,0.69,9279,20.87775,0
2026-04-08,15:27:40.966250,736730,69,0.25875,177,0.66375,9280,20.88,0
2026-04-08,15:27:40.966250,736762,65,0.24375,177,0.66375,9277,20.87325,0
2026-04-08,15:27:40.966250,736793,59,0.22125,180,0.675,9279,20.87775,0
2026-04-08,15:27:40.966250,736825,58,0.2175,181,0.67875,9280,20.88,0
2026-04-08,15:27:40.966250,736856,56,0.21,175,0.65625,9280,20.88,0
2026-04-08,15:27:40.966250,736887,67,0.25125,176,0.66,9279,20.87775,0
2026-04-08,15:27:40.966250,736919,65,0.24375,172,0.645,9279,20.87775,0
2026-04-08,15:27:40.966250,736950,66,0.2475,175,0.65625,9279,20.87775,0
2026-04-08,15:27:40.966250,736981,68,0.255,181,0.67875,9279,20.87775,0
2026-04-08,15:27:40.966250,737013,62,0.2325,168,0.63,9278,20.8755,0
2026-04-08,15:27:40.966250,737044,60,0.225,184,0.69,9279,20.87775,0
2026-04-08,15:27:40.966250,737076,59,0.22125,177,0.66375,9280,20.88,0
2026-04-08,15:27:40.966250,737107,59,0.22125,179,0.67125,9280,20.88,0
2026-04-08,15:27:40.966250,737139,65,0.24375,180,0.675,9280,20.88,0
2026-04-08,15:27:40.966250,737170,60,0.225,174,0.6525,9280,20.88,0
2026-04-08,15:27:40.966250,737202,68,0.255,173,0.64875,9280,20.88,0
2026-04-08,15:27:41.792368,737373,69,0.25875,183,0.68625,9281,20.88225,0
2026-04-08,15:27:41.792368,737501,65,0.24375,177,0.66375,9279,20.87775,0
2026-04-08,15:27:41.792368,737533,56,0.21,176,0.66,9280,20.88,0
2026-04-08,15:27:41.792368,737564,59,0.22125,174,0.6525,9281,20.88225,0
2026-04-08,15:27:41.792368,737596,70,0.2625,175,0.65625,9281,20.88225,0
2026-04-08,15:27:41.792368,737628,61,0.22875,181,0.67875,9280,20.88,0
2026-04-08,15:27:41.792368,737659,58,0.2175,175,0.65625,9280,20.88,0
2026-04-08,15:27:41.792368,737690,64,0.24,179,0.67125,9279,20.87775,0
2026-04-08,15:27:41.792368,737722,58,0.2175,182,0.6825,9280,20.88,0
2026-04-08,15:27:41.792368,737753,61,0.22875,173,0.64875,9279,20.87775,0
2026-04-08,15:27:41.792368,737784,70,0.2625,175,0.65625,9280,20.88,0
2026-04-08,15:27:41.792368,737816,70,0.2625,174,0.6525,9279,20.87775,0
2026-04-08,15:27:41.792368,737847,67,0.25125,173,0.64875,9281,20.88225,0
2026-04-08,15:27:41.792368,737879,72,0.27,173,0.64875,9281,20.88225,0
2026-04-08,15:27:41.792368,737910,66,0.2475,177,0.66375,9280,20.88,0
2026-04-08,15:27:41.792368,737942,66,0.2475,169,0.63375,9279,20.87775,0
2026-04-08,15:27:41.792368,737973,67,0.25125,180,0.675,9280,20.88,0
2026-04-08,15:27:41.792368,738004,62,0.2325,171,0.64125,9280,20.88,0
2026-04-08,15:27:41.792368,738036,65,0.24375,175,0.65625,9279,20.87775,0
2026-04-08,15:27:41.792368,738067,66,0.2475,175,0.65625,9280,20.88,0
2026-04-08,15:27:45.883320,738357,65,0.24375,190,0.7125,9281,20.88225,0
2026-04-08,15:27:45.883320,738484,65,0.24375,186,0.6975,9280,20.88,0
2026-04-08,15:27:45.883320,738515,67,0.25125,188,0.705,9281,20.88225,0
2026-04-08,15:27:45.883320,738547,65,0.24375,180,0.675,9280,20.88,0
2026-04-08,15:27:45.883320,738578,64,0.24,181,0.67875,9280,20.88,0
2026-04-08,15:27:45.883320,738610,66,0.2475,169,0.63375,9281,20.88225,0
2026-04-08,15:27:45.883320,738641,65,0.24375,174,0.6525,9281,20.88225,0
2026-04-08,15:27:45.883320,738673,60,0.225,175,0.65625,9281,20.88225,0
2026-04-08,15:27:45.883320,738704,68,0.255,173,0.64875,9281,20.88225,0
2026-04-08,15:27:45.883320,738735,63,0.23625,172,0.645,9281,20.88225,0
2026-04-08,15:27:45.883320,738767,59,0.22125,173,0.64875,9282,20.8845,0
2026-04-08,15:27:45.883320,738798,61,0.22875,179,0.67125,9281,20.88225,0
2026-04-08,15:27:45.883320,738830,65,0.24375,168,0.63,9281,20.88225,0
2026-04-08,15:27:45.883320,738861,66,0.2475,179,0.67125,9280,20.88,0
2026-04-08,15:27:45.883320,738893,68,0.255,181,0.67875,9280,20.88,0
2026-04-08,15:27:45.883320,738924,66,0.2475,184,0.69,9280,20.88,0
2026-04-08,15:27:45.883320,738955,63,0.23625,173,0.64875,9280,20.88,0
2026-04-08,15:27:45.883320,738987,67,0.25125,177,0.66375,9282,20.8845,0
2026-04-08,15:27:45.883320,739018,64,0.24,179,0.67125,9281,20.88225,0
2026-04-08,15:27:45.883320,739050,65,0.24375,181,0.67875,9282,20.8845,0
2026-04-08,15:27:46.798222,742273,65,0.24375,173,0.64875,9283,20.88675,0
2026-04-08,15:27:46.798222,742400,57,0.21375,179,0.67125,9282,20.8845,0
2026-04-08,15:27:46.798222,742432,64,0.24,174,0.6525,9282,20.8845,0
2026-04-08,15:27:46.798222,742464,57,0.21375,174,0.6525,9284,20.889,0
2026-04-08,15:27:46.798222,742495,63,0.23625,182,0.6825,9283,20.88675,0
2026-04-08,15:27:46.798222,742527,63,0.23625,175,0.65625,9282,20.8845,0
2026-04-08,15:27:46.798222,742558,63,0.23625,175,0.65625,9283,20.88675,0
2026-04-08,15:27:46.798222,742590,58,0.2175,177,0.66375,9282,20.8845,0
2026-04-08,15:27:46.798222,742621,65,0.24375,180,0.675,9283,20.88675,0
2026-04-08,15:27:46.798222,742652,63,0.23625,173,0.64875,9282,20.8845,0
2026-04-08,15:27:46.798222,742684,65,0.24375,176,0.66,9283,20.88675,0
2026-04-08,15:27:46.798222,742715,68,0.255,180,0.675,9283,20.88675,0
2026-04-08,15:27:46.798222,742747,60,0.225,179,0.67125,9282,20.8845,0
2026-04-08,15:27:46.798222,742778,63,0.23625,175,0.65625,9283,20.88675,0
2026-04-08,15:27:46.798222,742809,65,0.24375,177,0.66375,9282,20.8845,0
2026-04-08,15:27:46.798222,742841,64,0.24,180,0.675,9282,20.8845,0
2026-04-08,15:27:46.798222,742873,61,0.22875,176,0.66,9283,20.88675,0
2026-04-08,15:27:46.798222,742904,68,0.255,177,0.66375,9285,20.89125,0
2026-04-08,15:27:46.798222,742935,72,0.27,179,0.67125,9281,20.88225,0
2026-04-08,15:27:46.798222,742967,65,0.24375,173,0.64875,9284,20.889,0
2026-04-08,15:27:47.711822,743188,69,0.25875,182,0.6825,9282,20.8845,0
2026-04-08,15:27:47.711822,743315,61,0.22875,178,0.6675,9282,20.8845,0
2026-04-08,15:27:47.711822,743347,64,0.24,181,0.67875,9285,20.89125,0
2026-04-08,15:27:47.711822,743379,66,0.2475,180,0.675,9284,20.889,0
2026-04-08,15:27:47.711822,743410,59,0.22125,178,0.6675,9283,20.88675,0
2026-04-08,15:27:47.711822,743441,65,0.24375,175,0.65625,9283,20.88675,0
2026-04-08,15:27:47.711822,743473,64,0.24,177,0.66375,9283,20.88675,0
2026-04-08,15:27:47.711822,743504,65,0.24375,179,0.67125,9284,20.889,0
2026-04-08,15:27:47.711822,743535,66,0.2475,183,0.68625,9283,20.88675,0
2026-04-08,15:27:47.711822,743567,61,0.22875,183,0.68625,9284,20.889,0
2026-04-08,15:27:47.711822,743599,65,0.24375,178,0.6675,9283,20.88675,0
2026-04-08,15:27:47.711822,743630,67,0.25125,177,0.66375,9283,20.88675,0
2026-04-08,15:27:47.711822,743661,67,0.25125,166,0.6225,9283,20.88675,0
2026-04-08,15:27:47.711822,743693,67,0.25125,179,0.67125,9283,20.88675,0
2026-04-08,15:27:47.711822,743724,70,0.2625,167,0.62625,9284,20.889,0
2026-04-08,15:27:47.711822,743756,68,0.255,170,0.6375,9284,20.889,0
2026-04-08,15:27:47.711822,743787,62,0.2325,177,0.66375,9284,20.889,0
2026-04-08,15:27:47.711822,743818,68,0.255,177,0.66375,9284,20.889,0
2026-04-08,15:27:47.711822,743850,69,0.25875,177,0.66375,9284,20.889,0
2026-04-08,15:27:47.711822,743881,62,0.2325,179,0.67125,9283,20.88675,0
2026-04-08,15:27:48.543446,744100,57,0.21375,178,0.6675,9282,20.8845,0
2026-04-08,15:27:48.543446,744227,65,0.24375,178,0.6675,9284,20.889,0
2026-04-08,15:27:48.543446,744259,68,0.255,184,0.69,9283,20.88675,0
2026-04-08,15:27:48.543446,744291,68,0.255,174,0.6525,9284,20.889,0
2026-04-08,15:27:48.543446,744322,56,0.21,181,0.67875,9283,20.88675,0
2026-04-08,15:27:48.543446,744353,67,0.25125,167,0.62625,9283,20.88675,0
2026-04-08,15:27:48.543446,744385,67,0.25125,180,0.675,9283,20.88675,0
2026-04-08,15:27:48.543446,744417,57,0.21375,171,0.64125,9283,20.88675,0
2026-04-08,15:27:48.543446,744448,60,0.225,168,0.63,9283,20.88675,0
2026-04-08,15:27:48.543446,744479,58,0.2175,170,0.6375,9283,20.88675,0
2026-04-08,15:27:48.543446,744511,66,0.2475,169,0.63375,9284,20.889,0
2026-04-08,15:27:48.543446,744542,67,0.25125,166,0.6225,9283,20.88675,0
2026-04-08,15:27:48.543446,744574,62,0.2325,168,0.63,9285,20.89125,0
2026-04-08,15:27:48.543446,744605,61,0.22875,165,0.61875,9282,20.8845,0
2026-04-08,15:27:48.543446,744636,65,0.24375,168,0.63,9283,20.88675,0
2026-04-08,15:27:48.543446,744668,65,0.24375,172,0.645,9284,20.889,0
2026-04-08,15:27:48.543446,744699,64,0.24,171,0.64125,9284,20.889,0
2026-04-08,15:27:48.543446,744731,65,0.24375,176,0.66,9284,20.889,0
2026-04-08,15:27:48.543446,744762,62,0.2325,164,0.615,9284,20.889,0
2026-04-08,15:27:48.543446,744793,61,0.22875,176,0.66,9284,20.889,0
2026-04-08,15:27:49.363433,744934,63,0.23625,172,0.645,9284,20.889,0
2026-04-08,15:27:49.363433,745060,64,0.24,174,0.6525,9284,20.889,0
2026-04-08,15:27:49.363433,745093,68,0.255,173,0.64875,9284,20.889,0
2026-04-08,15:27:49.363433,745124,64,0.24,178,0.6675,9284,20.889,0
2026-04-08,15:27:49.363433,745155,67,0.25125,177,0.66375,9285,20.89125,0
2026-04-08,15:27:49.363433,745187,65,0.24375,184,0.69,9285,20.89125,0
2026-04-08,15:27:49.363433,745219,63,0.23625,180,0.675,9283,20.88675,0
2026-04-08,15:27:49.363433,745250,64,0.24,180,0.675,9283,20.88675,0
2026-04-08,15:27:49.363433,745281,65,0.24375,171,0.64125,9283,20.88675,0
2026-04-08,15:27:49.363433,745313,70,0.2625,171,0.64125,9283,20.88675,0
2026-04-08,15:27:49.363433,745344,66,0.2475,166,0.6225,9283,20.88675,0
2026-04-08,15:27:49.363433,745375,66,0.2475,177,0.66375,9284,20.889,0
2026-04-08,15:27:49.363433,745407,63,0.23625,174,0.6525,9283,20.88675,0
2026-04-08,15:27:49.363433,745438,72,0.27,177,0.66375,9283,20.88675,0
2026-04-08,15:27:49.363433,745470,66,0.2475,179,0.67125,9284,20.889,0
2026-04-08,15:27:49.363433,745501,65,0.24375,181,0.67875,9284,20.889,0
2026-04-08,15:27:49.363433,745533,60,0.225,172,0.645,9284,20.889,0
2026-04-08,15:27:49.363433,745564,62,0.2325,178,0.6675,9284,20.889,0
2026-04-08,15:27:49.363433,745595,70,0.2625,176,0.66,9284,20.889,0
2026-04-08,15:27:49.363433,745627,65,0.24375,174,0.6525,9285,20.89125,0
2026-04-08,15:27:50.226009,745756,61,0.22875,171,0.64125,9285,20.89125,0
2026-04-08,15:27:50.226009,745883,58,0.2175,170,0.6375,9284,20.889,0
2026-04-08,15:27:50.226009,745915,62,0.2325,178,0.6675,9284,20.889,0
2026-04-08,15:27:50.226009,745946,58,0.2175,176,0.66,9283,20.88675,0
2026-04-08,15:27:50.226009,745978,63,0.23625,173,0.64875,9284,20.889,0
2026-04-08,15:27:50.226009,746010,61,0.22875,173,0.64875,9284,20.889,0
2026-04-08,15:27:50.226009,746041,62,0.2325,179,0.67125,9284,20.889,0
2026-04-08,15:27:50.226009,746072,74,0.2775,171,0.64125,9284,20.889,0
2026-04-08,15:27:50.226009,746104,67,0.25125,174,0.6525,9285,20.89125,0
2026-04-08,15:27:50.226009,746135,63,0.23625,173,0.64875,9285,20.89125,0
2026-04-08,15:27:50.226009,746167,62,0.2325,172,0.645,9283,20.88675,0
2026-04-08,15:27:50.226009,746198,66,0.2475,174,0.6525,9284,20.889,0
2026-04-08,15:27:50.226009,746230,68,0.255,175,0.65625,9286,20.8935,0
2026-04-08,15:27:50.226009,746261,64,0.24,172,0.645,9285,20.89125,0
2026-04-08,15:27:50.226009,746292,69,0.25875,182,0.6825,9284,20.889,0
2026-04-08,15:27:50.226009,746324,62,0.2325,180,0.675,9284,20.889,0
2026-04-08,15:27:50.226009,746355,61,0.22875,175,0.65625,9285,20.89125,0
2026-04-08,15:27:50.226009,746386,56,0.21,174,0.6525,9283,20.88675,0
2026-04-08,15:27:50.226009,746418,64,0.24,164,0.615,9284,20.889,0
2026-04-08,15:27:50.226009,746449,68,0.255,175,0.65625,9286,20.8935,0
2026-04-08,15:27:51.193320,746646,64,0.24,176,0.66,9283,20.88675,0
2026-04-08,15:27:51.193320,746773,67,0.25125,184,0.69,9284,20.889,0
2026-04-08,15:27:51.193320,746805,58,0.2175,180,0.675,9285,20.89125,0
2026-04-08,15:27:51.193320,746837,59,0.22125,174,0.6525,9285,20.89125,0
2026-04-08,15:27:51.193320,746868,62,0.2325,181,0.67875,9285,20.89125,0
2026-04-08,15:27:51.193320,746899,64,0.24,165,0.61875,9285,20.89125,0
2026-04-08,15:27:51.193320,746930,66,0.2475,173,0.64875,9285,20.89125,0
2026-04-08,15:27:51.193320,746962,70,0.2625,170,0.6375,9286,20.8935,0
2026-04-08,15:27:51.193320,746994,61,0.22875,175,0.65625,9285,20.89125,0
2026-04-08,15:27:51.193320,747025,62,0.2325,174,0.6525,9284,20.889,0
2026-04-08,15:27:51.193320,747056,66,0.2475,171,0.64125,9285,20.89125,0
2026-04-08,15:27:51.193320,747088,64,0.24,178,0.6675,9285,20.89125,0
2026-04-08,15:27:51.193320,747119,60,0.225,174,0.6525,9285,20.89125,0
2026-04-08,15:27:51.193320,747151,66,0.2475,180,0.675,9286,20.8935,0
2026-04-08,15:27:51.193320,747182,56,0.21,176,0.66,9285,20.89125,0
2026-04-08,15:27:51.193320,747214,58,0.2175,172,0.645,9284,20.889,0
2026-04-08,15:27:51.193320,747245,54,0.2025,174,0.6525,9285,20.89125,0
2026-04-08,15:27:51.193320,747277,60,0.225,177,0.66375,9286,20.8935,0
2026-04-08,15:27:51.193320,747308,65,0.24375,170,0.6375,9285,20.89125,0
2026-04-08,15:27:51.193320,747340,64,0.24,179,0.67125,9286,20.8935,0
2026-04-08,15:27:52.221330,747588,64,0.24,177,0.66375,9285,20.89125,0
2026-04-08,15:27:52.221330,747716,54,0.2025,181,0.67875,9285,20.89125,0
2026-04-08,15:27:52.221330,747748,63,0.23625,178,0.6675,9286,20.8935,0
2026-04-08,15:27:52.221330,747780,54,0.2025,175,0.65625,9286,20.8935,0
2026-04-08,15:27:52.221330,747811,61,0.22875,175,0.65625,9287,20.89575,0
2026-04-08,15:27:52.221330,747842,62,0.2325,177,0.66375,9286,20.8935,0
2026-04-08,15:27:52.221330,747874,60,0.225,173,0.64875,9284,20.889,0
2026-04-08,15:27:52.221330,747905,55,0.20625,182,0.6825,9284,20.889,0
2026-04-08,15:27:52.221330,747936,61,0.22875,178,0.6675,9286,20.8935,0
2026-04-08,15:27:52.221330,747968,68,0.255,178,0.6675,9284,20.889,0
2026-04-08,15:27:52.221330,747999,65,0.24375,178,0.6675,9284,20.889,0
2026-04-08,15:27:52.221330,748031,54,0.2025,175,0.65625,9285,20.89125,0
2026-04-08,15:27:52.221330,748062,57,0.21375,178,0.6675,9284,20.889,0
2026-04-08,15:27:52.221330,748094,60,0.225,179,0.67125,9285,20.89125,0
2026-04-08,15:27:52.221330,748125,61,0.22875,178,0.6675,9284,20.889,0
2026-04-08,15:27:52.221330,748157,58,0.2175,182,0.6825,9286,20.8935,0
2026-04-08,15:27:52.221330,748188,64,0.24,179,0.67125,9286,20.8935,0
2026-04-08,15:27:52.221330,748219,66,0.2475,172,0.645,9284,20.889,0
2026-04-08,15:27:52.221330,748251,63,0.23625,171,0.64125,9285,20.89125,0
2026-04-08,15:27:52.221330,748282,67,0.25125,174,0.6525,9285,20.89125,0
2026-04-08,15:30:31.765324,905399,60,0.225,164,0.615,9316,20.961,4141
2026-04-08,15:30:31.765324,905430,63,0.23625,170,0.6375,9315,20.95875,0
2026-04-08,15:30:31.765324,905462,66,0.2475,171,0.64125,9314,20.9565,0
2026-04-08,15:30:31.765324,905494,59,0.22125,170,0.6375,9314,20.9565,0
2026-04-08,15:30:31.765324,905525,56,0.21,176,0.66,9316,20.961,0
2026-04-08,15:30:31.765324,905556,61,0.22875,169,0.63375,9317,20.96325,0
2026-04-08,15:30:31.765324,905588,61,0.22875,168,0.63,9315,20.95875,0
2026-04-08,15:30:31.765324,905619,57,0.21375,174,0.6525,9315,20.95875,0
2026-04-08,15:30:31.765324,905650,55,0.20625,176,0.66,9315,20.95875,0
2026-04-08,15:30:31.765324,905682,61,0.22875,170,0.6375,9315,20.95875,0
2026-04-08,15:30:31.765324,905713,65,0.24375,176,0.66,9316,20.961,0
2026-04-08,15:30:31.765324,905745,62,0.2325,174,0.6525,9315,20.95875,0
2026-04-08,15:30:31.765324,905776,55,0.20625,163,0.61125,9315,20.95875,0
2026-04-08,15:30:31.765324,905808,64,0.24,167,0.62625,9315,20.95875,0
2026-04-08,15:30:31.765324,905839,65,0.24375,169,0.63375,9316,20.961,0
2026-04-08,15:30:31.765324,905871,66,0.2475,170,0.6375,9316,20.961,0
2026-04-08,15:30:31.765324,905902,63,0.23625,173,0.64875,9316,20.961,0
2026-04-08,15:30:31.765324,905933,59,0.22125,165,0.61875,9314,20.9565,0
2026-04-08,15:30:31.765324,905965,67,0.25125,167,0.62625,9315,20.95875,0
2026-04-08,15:30:31.765324,905996,68,0.255,173,0.64875,9315,20.95875,0
2026-04-08,15:30:31.765324,906106,63,0.23625,169,0.63375,9315,20.95875,0
2026-04-08,15:30:31.765324,906233,65,0.24375,163,0.61125,9316,20.961,0
2026-04-08,15:30:31.765324,906264,66,0.2475,167,0.62625,9315,20.95875,0
2026-04-08,15:30:31.765324,906296,58,0.2175,172,0.645,9316,20.961,0
2026-04-08,15:30:31.765324,906328,59,0.22125,175,0.65625,9316,20.961,0
2026-04-08,15:30:31.765324,906359,70,0.2625,175,0.65625,9315,20.95875,0
2026-04-08,15:30:31.765324,906391,60,0.225,169,0.63375,9315,20.95875,0
2026-04-08,15:30:31.765324,906422,66,0.2475,173,0.64875,9315,20.95875,0
2026-04-08,15:30:31.765324,906453,75,0.28125,167,0.62625,9314,20.9565,0
2026-04-08,15:30:31.765324,906485,64,0.24,168,0.63,9315,20.95875,0
2026-04-08,15:30:31.765324,906516,68,0.255,169,0.63375,9316,20.961,0
2026-04-08,15:30:31.765324,906547,61,0.22875,176,0.66,9316,20.961,0
2026-04-08,15:30:31.765324,906579,68,0.255,167,0.62625,9315,20.95875,0
2026-04-08,15:30:31.765324,906610,58,0.2175,166,0.6225,9316,20.961,0
2026-04-08,15:30:31.765324,906642,56,0.21,171,0.64125,9314,20.9565,0
2026-04-08,15:30:31.765324,906673,63,0.23625,178,0.6675,9316,20.961,0
2026-04-08,15:30:31.765324,906705,68,0.255,166,0.6225,9314,20.9565,0
2026-04-08,15:30:31.765324,906736,71,0.26625,167,0.62625,9315,20.95875,0
2026-04-08,15:30:31.765324,906767,59,0.22125,176,0.66,9315,20.95875,0
2026-04-08,15:30:31.765324,906799,58,0.2175,182,0.6825,9315,20.95875,0
2026-04-08,15:30:31.765324,906931,58,0.2175,166,0.6225,9315,20.95875,0
2026-04-08,15:30:31.765324,907058,68,0.255,176,0.66,9316,20.961,0
2026-04-08,15:30:31.765324,907090,65,0.24375,173,0.64875,9317,20.96325,0
2026-04-08,15:30:31.765324,907121,64,0.24,170,0.6375,9315,20.95875,0
2026-04-08,15:30:31.765324,907152,57,0.21375,164,0.615,9317,20.96325,0
2026-04-08,15:30:31.765324,907184,59,0.22125,162,0.6075,9317,20.96325,0
2026-04-08,15:30:31.765324,907215,65,0.24375,169,0.63375,9317,20.96325,0
2026-04-08,15:30:31.765324,907247,61,0.22875,170,0.6375,9316,20.961,0
2026-04-08,15:30:31.765324,907278,64,0.24,171,0.64125,9316,20.961,0
2026-04-08,15:30:31.765324,907310,68,0.255,168,0.63,9316,20.961,0
2026-04-08,15:30:31.765324,907341,65,0.24375,167,0.62625,9316,20.961,0
2026-04-08,15:30:31.765324,907372,63,0.23625,173,0.64875,9315,20.95875,0
2026-04-08,15:30:31.765324,907404,62,0.2325,170,0.6375,9315,20.95875,0
2026-04-08,15:30:31.765324,907435,61,0.22875,169,0.63375,9315,20.95875,0
2026-04-08,15:30:31.765324,907467,70,0.2625,176,0.66,9316,20.961,0
2026-04-08,15:30:31.765324,907498,70,0.2625,170,0.6375,9315,20.95875,0
2026-04-08,15:30:31.765324,907530,62,0.2325,174,0.6525,9315,20.95875,0
2026-04-08,15:30:31.765324,907561,61,0.22875,173,0.64875,9315,20.95875,0
2026-04-08,15:30:31.765324,907592,71,0.26625,168,0.63,9315,20.95875,0
2026-04-08,15:30:31.765324,907624,65,0.24375,171,0.64125,9315,20.95875,0
2026-04-08,15:30:32.726013,908160,65,0.24375,174,0.6525,9315,20.95875,0
2026-04-08,15:30:32.726013,908287,65,0.24375,166,0.6225,9317,20.96325,0
2026-04-08,15:30:32.726013,908319,61,0.22875,167,0.62625,9316,20.961,0
2026-04-08,15:30:32.726013,908351,63,0.23625,166,0.6225,9315,20.95875,0
2026-04-08,15:30:32.726013,908382,63,0.23625,167,0.62625,9315,20.95875,0
2026-04-08,15:30:32.726013,908413,64,0.24,169,0.63375,9316,20.961,0
2026-04-08,15:30:32.726013,908445,62,0.2325,164,0.615,9316,20.961,0
2026-04-08,15:30:32.726013,908477,61,0.22875,171,0.64125,9316,20.961,0
2026-04-08,15:30:32.726013,908508,58,0.2175,169,0.63375,9315,20.95875,0
2026-04-08,15:30:32.726013,908540,62,0.2325,170,0.6375,9315,20.95875,0
2026-04-08,15:30:32.726013,908571,59,0.22125,164,0.615,9316,20.961,0
2026-04-08,15:30:32.726013,908602,67,0.25125,166,0.6225,9316,20.961,0
2026-04-08,15:30:32.726013,908634,64,0.24,171,0.64125,9316,20.961,0
2026-04-08,15:30:32.726013,908665,65,0.24375,172,0.645,9316,20.961,0
2026-04-08,15:30:32.726013,908696,64,0.24,176,0.66,9316,20.961,0
2026-04-08,15:30:32.726013,908728,66,0.2475,176,0.66,9315,20.95875,0
2026-04-08,15:30:32.726013,908760,56,0.21,172,0.645,9316,20.961,0
2026-04-08,15:30:32.726013,908791,61,0.22875,168,0.63,9316,20.961,0
2026-04-08,15:30:32.726013,908822,61,0.22875,170,0.6375,9314,20.9565,0
2026-04-08,15:30:32.726013,908854,63,0.23625,180,0.675,9316,20.961,0
2026-04-08,15:30:33.615284,909161,60,0.225,172,0.645,9315,20.95875,0
2026-04-08,15:30:33.615284,909288,65,0.24375,170,0.6375,9315,20.95875,0
2026-04-08,15:30:33.615284,909320,69,0.25875,176,0.66,9315,20.95875,0
2026-04-08,15:30:33.615284,909352,63,0.23625,175,0.65625,9316,20.961,0
2026-04-08,15:30:33.615284,909383,68,0.255,175,0.65625,9315,20.95875,0
2026-04-08,15:30:33.615284,909414,62,0.2325,175,0.65625,9317,20.96325,0
2026-04-08,15:30:33.615284,909446,57,0.21375,168,0.63,9317,20.96325,0
2026-04-08,15:30:33.615284,909477,62,0.2325,175,0.65625,9315,20.95875,0
2026-04-08,15:30:33.615284,909509,66,0.2475,177,0.66375,9314,20.9565,0
2026-04-08,15:30:33.615284,909540,65,0.24375,166,0.6225,9316,20.961,0
2026-04-08,15:30:33.615284,909572,61,0.22875,167,0.62625,9315,20.95875,0
2026-04-08,15:30:33.615284,909603,66,0.2475,167,0.62625,9317,20.96325,0
2026-04-08,15:30:33.615284,909634,66,0.2475,170,0.6375,9315,20.95875,0
2026-04-08,15:30:33.615284,909666,66,0.2475,171,0.64125,9316,20.961,0
2026-04-08,15:30:33.615284,909697,63,0.23625,172,0.645,9315,20.95875,0
2026-04-08,15:30:33.615284,909728,62,0.2325,173,0.64875,9316,20.961,0
2026-04-08,15:30:33.615284,909760,64,0.24,173,0.64875,9315,20.95875,0
2026-04-08,15:30:33.615284,909792,61,0.22875,168,0.63,9316,20.961,0
2026-04-08,15:30:33.615284,909823,56,0.21,169,0.63375,9316,20.961,0
2026-04-08,15:30:33.615284,909854,63,0.23625,170,0.6375,9315,20.95875,0
2026-04-08,15:30:34.627758,910009,63,0.23625,167,0.62625,9314,20.9565,0
2026-04-08,15:30:34.627758,910136,54,0.2025,171,0.64125,9315,20.95875,0
2026-04-08,15:30:34.627758,910169,64,0.24,171,0.64125,9316,20.961,0
2026-04-08,15:30:34.627758,910200,63,0.23625,166,0.6225,9316,20.961,0
2026-04-08,15:30:34.627758,910231,65,0.24375,172,0.645,9315,20.95875,0
2026-04-08,15:30:34.627758,910263,68,0.255,173,0.64875,9316,20.961,0
2026-04-08,15:30:34.627758,910294,74,0.2775,170,0.6375,9315,20.95875,0
2026-04-08,15:30:34.627758,910326,68,0.255,163,0.61125,9317,20.96325,0
2026-04-08,15:30:34.627758,910357,73,0.27375,172,0.645,9315,20.95875,0
2026-04-08,15:30:34.627758,910389,64,0.24,168,0.63,9316,20.961,0
2026-04-08,15:30:34.627758,910420,67,0.25125,179,0.67125,9315,20.95875,0
2026-04-08,15:30:34.627758,910451,60,0.225,176,0.66,9316,20.961,0
2026-04-08,15:30:34.627758,910483,61,0.22875,177,0.66375,9315,20.95875,0
2026-04-08,15:30:34.627758,910514,64,0.24,177,0.66375,9317,20.96325,0
2026-04-08,15:30:34.627758,910546,65,0.24375,172,0.645,9316,20.961,0
2026-04-08,15:30:34.627758,910577,65,0.24375,169,0.63375,9315,20.95875,0
2026-04-08,15:30:34.627758,910609,61,0.22875,176,0.66,9316,20.961,0
2026-04-08,15:30:34.627758,910640,65,0.24375,180,0.675,9317,20.96325,0
2026-04-08,15:30:34.627758,910672,63,0.23625,172,0.645,9316,20.961,0
2026-04-08,15:30:34.627758,910703,64,0.24,166,0.6225,9315,20.95875,0
2026-04-08,15:30:35.461398,911059,69,0.25875,175,0.65625,9316,20.961,0
2026-04-08,15:30:35.461398,911187,55,0.20625,177,0.66375,9316,20.961,0
2026-04-08,15:30:35.461398,911218,67,0.25125,173,0.64875,9316,20.961,0
2026-04-08,15:30:35.461398,911250,63,0.23625,172,0.645,9316,20.961,0
2026-04-08,15:30:35.461398,911281,65,0.24375,173,0.64875,9317,20.96325,0
2026-04-08,15:30:35.461398,911313,64,0.24,164,0.615,9316,20.961,0
2026-04-08,15:30:35.461398,911344,62,0.2325,173,0.64875,9316,20.961,0
2026-04-08,15:30:35.461398,911375,64,0.24,184,0.69,9316,20.961,0
2026-04-08,15:30:35.461398,911407,64,0.24,169,0.63375,9316,20.961,0
2026-04-08,15:30:35.461398,911438,69,0.25875,174,0.6525,9315,20.95875,0
2026-04-08,15:30:35.461398,911470,65,0.24375,174,0.6525,9316,20.961,0
2026-04-08,15:30:35.461398,911501,69,0.25875,173,0.64875,9316,20.961,0
2026-04-08,15:30:35.461398,911533,63,0.23625,165,0.61875,9316,20.961,0
2026-04-08,15:30:35.461398,911564,61,0.22875,175,0.65625,9316,20.961,0
2026-04-08,15:30:35.461398,911596,58,0.2175,171,0.64125,9316,20.961,0
2026-04-08,15:30:35.461398,911627,61,0.22875,171,0.64125,9316,20.961,0
2026-04-08,15:30:35.461398,911658,61,0.22875,171,0.64125,9316,20.961,0
2026-04-08,15:30:35.461398,911689,60,0.225,170,0.6375,9316,20.961,0
2026-04-08,15:30:35.461398,911721,62,0.2325,171,0.64125,9316,20.961,0
2026-04-08,15:30:35.461398,911752,68,0.255,170,0.6375,9316,20.961,0
